player_idx,team_id,A_i,T_j_star
0,0,0.42454802688998333,0.07314921470201208
1,0,0.5275889398014816,0.07314921470201208
2,0,0.6371801791482613,0.07314921470201208
3,0,0.5172549096186969,0.07314921470201208
4,0,0.6813510959767244,0.07314921470201208
5,0,0.7639784028085683,0.07314921470201208
6,0,0.5206275680088928,0.07314921470201208
7,0,0.2955913181566335,0.07314921470201208
8,0,0.6521575303842132,0.07314921470201208
9,0,0.8329942401961031,0.07314921470201208
10,0,0.3419370070961287,0.07314921470201208
11,0,0.5310276909119414,0.07314921470201208
12,0,0.8364346205068861,0.07314921470201208
13,0,0.4582541724849276,0.07314921470201208
14,0,0.7213404387038229,0.07314921470201208
15,0,0.4055754315736055,0.07314921470201208
16,1,0.29247910194748505,0.37879855298551024
17,1,0.404779276270183,0.37879855298551024
18,1,0.6127792309545441,0.37879855298551024
19,1,0.5286550264381275,0.37879855298551024
20,1,0.6926497592046034,0.37879855298551024
21,1,0.32330718717516144,0.37879855298551024
22,1,0.6948418145645816,0.37879855298551024
23,1,0.3863038843541963,0.37879855298551024
24,1,0.6463268067013078,0.37879855298551024
25,1,0.6313480411353045,0.37879855298551024
26,1,0.1925744922823252,0.37879855298551024
27,1,0.6939274462573918,0.37879855298551024
28,1,0.470119018872768,0.37879855298551024
29,1,0.8764280262368688,0.37879855298551024
30,1,0.39650959834079696,0.37879855298551024
31,1,0.8180428135274217,0.37879855298551024
32,2,0.3156536222573811,0.9261985439813103
33,2,0.15889580362574163,0.9261985439813103
34,2,0.719580445940483,0.9261985439813103
35,2,0.15551094837591006,0.9261985439813103
36,2,0.22348542645958458,0.9261985439813103
37,2,0.8282900010025822,0.9261985439813103
38,2,0.464758051250646,0.9261985439813103
39,2,0.6096307263729535,0.9261985439813103
40,2,0.6739276236229873,0.9261985439813103
41,2,0.683622942576353,0.9261985439813103
42,2,0.45494650639810147,0.9261985439813103
43,2,0.09733647038710476,0.9261985439813103
44,2,0.2758610892407972,0.9261985439813103
45,2,0.3426582109703955,0.9261985439813103
46,2,0.8093970752951994,0.9261985439813103
47,2,0.8048636354134415,0.9261985439813103
48,3,0.18679873701584127,0.7230237104792231
49,3,0.43667188660134065,0.7230237104792231
50,3,0.9113551097339426,0.7230237104792231
51,3,0.5086941191855525,0.7230237104792231
52,3,0.6486668556742421,0.7230237104792231
53,3,0.6505753965613839,0.7230237104792231
54,3,0.6253755709493063,0.7230237104792231
55,3,0.4225386951198505,0.7230237104792231
56,3,0.1926230558708774,0.7230237104792231
57,3,0.6631141398677639,0.7230237104792231
58,3,0.7028067938702228,0.7230237104792231
59,3,0.18796733394418452,0.7230237104792231
60,3,0.8933134733119081,0.7230237104792231
61,3,0.041932085260499914,0.7230237104792231
62,3,0.06429479884437699,0.7230237104792231
63,3,0.19673042491623402,0.7230237104792231
64,4,0.37391779415779514,0.7605585801759555
65,4,0.5212155232033323,0.7605585801759555
66,4,0.45759761168725943,0.7605585801759555
67,4,0.5192774386579052,0.7605585801759555
68,4,0.3676782071960843,0.7605585801759555
69,4,0.843041345493028,0.7605585801759555
70,4,0.35235440467169676,0.7605585801759555
71,4,0.42716478390527324,0.7605585801759555
72,4,0.22948346854195367,0.7605585801759555
73,4,0.49162909935838645,0.7605585801759555
74,4,0.760500929832203,0.7605585801759555
75,4,0.8843269255918986,0.7605585801759555
76,4,0.6230198577254884,0.7605585801759555
77,4,0.5555353745575902,0.7605585801759555
78,4,0.40711896189738855,0.7605585801759555
79,4,0.6304252784417221,0.7605585801759555
80,5,0.3471668702632309,0.2342906764552779
81,5,0.6219716795022334,0.2342906764552779
82,5,0.5032663998613672,0.2342906764552779
83,5,0.593552262277861,0.2342906764552779
84,5,0.7969825136557269,0.2342906764552779
85,5,0.20366016146110202,0.2342906764552779
86,5,0.5525566539135004,0.2342906764552779
87,5,0.46969011000193545,0.2342906764552779
88,5,0.5927968550566619,0.2342906764552779
89,5,0.5979593507548298,0.2342906764552779
90,5,0.57906352564571,0.2342906764552779
91,5,0.775730631722991,0.2342906764552779
92,5,0.84391245903013,0.2342906764552779
93,5,0.4271854528961577,0.2342906764552779
94,5,0.3053744585630063,0.2342906764552779
95,5,0.14090043309406217,0.2342906764552779
96,6,0.8854241665649416,0.73452961108271
97,6,0.25555169721669235,0.73452961108271
98,6,0.4269126099708318,0.73452961108271
99,6,0.48318721408188614,0.73452961108271
100,6,0.3205693289088669,0.73452961108271
101,6,0.47294995674667517,0.73452961108271
102,6,0.8587535662752506,0.73452961108271
103,6,0.03561790824082482,0.73452961108271
104,6,0.3241284728992274,0.73452961108271
105,6,0.357208211272609,0.73452961108271
106,6,0.6388478197412629,0.73452961108271
107,6,0.20635376958500834,0.73452961108271
108,6,0.4047767347983332,0.73452961108271
109,6,0.32128559505533627,0.73452961108271
110,6,0.5275111947362828,0.73452961108271
111,6,0.3969240911802861,0.73452961108271
112,7,0.26734014467773615,0.40631912639094736
113,7,0.7031019032153489,0.40631912639094736
114,7,0.7632566728070849,0.40631912639094736
115,7,0.6196628730812765,0.40631912639094736
116,7,0.860429069934956,0.40631912639094736
117,7,0.3132413128289059,0.40631912639094736
118,7,0.6214426454062916,0.40631912639094736
119,7,0.3376700754924937,0.40631912639094736
120,7,0.6733094712896462,0.40631912639094736
121,7,0.5244646914824659,0.40631912639094736
122,7,0.6524566466335914,0.40631912639094736
123,7,0.23409652421992125,0.40631912639094736
124,7,0.7254072740504728,0.40631912639094736
125,7,0.8418081598036476,0.40631912639094736
126,7,0.04436692656879741,0.40631912639094736
127,7,0.11175269906341977,0.40631912639094736
128,8,0.7464113308790192,0.059390610473203265
129,8,0.3819386677646623,0.059390610473203265
130,8,0.4630934707695983,0.059390610473203265
131,8,0.14754746981641825,0.059390610473203265
132,8,0.49275504939035003,0.059390610473203265
133,8,0.6195946381575509,0.059390610473203265
134,8,0.7657846531625672,0.059390610473203265
135,8,0.9197660364238585,0.059390610473203265
136,8,0.12998345202984246,0.059390610473203265
137,8,0.4118006685209452,0.059390610473203265
138,8,0.55442696209652,0.059390610473203265
139,8,0.5718676117902511,0.059390610473203265
140,8,0.6256786954718749,0.059390610473203265
141,8,0.40813000660001336,0.059390610473203265
142,8,0.3571856803577273,0.059390610473203265
143,8,0.3720141849434003,0.059390610473203265
144,9,0.167819641511483,0.3948135675183053
145,9,0.3217754761927586,0.3948135675183053
146,9,0.5085958043395594,0.3948135675183053
147,9,0.8312074994397002,0.3948135675183053
148,9,0.7883078885168314,0.3948135675183053
149,9,0.8181813290907791,0.3948135675183053
150,9,0.3160822862598872,0.3948135675183053
151,9,0.4518413715444419,0.3948135675183053
152,9,0.8009333134454054,0.3948135675183053
153,9,0.9049413198286851,0.3948135675183053
154,9,0.6088946401119867,0.3948135675183053
155,9,0.23004579639268327,0.3948135675183053
156,9,0.46121517800044115,0.3948135675183053
157,9,0.4643088482041174,0.3948135675183053
158,9,0.646022592687674,0.3948135675183053
159,9,0.7981825695631317,0.3948135675183053
160,10,0.4750596465370144,0.13125378743236893
161,10,0.8677166534684521,0.13125378743236893
162,10,0.8247955583959103,0.13125378743236893
163,10,0.8368955979323663,0.13125378743236893
164,10,0.2600811399826733,0.13125378743236893
165,10,0.6572010102602646,0.13125378743236893
166,10,0.17087892026035845,0.13125378743236893
167,10,0.28355958910175116,0.13125378743236893
168,10,0.8257298630227792,0.13125378743236893
169,10,0.2712026644156432,0.13125378743236893
170,10,0.2319337730754032,0.13125378743236893
171,10,0.7599003775935324,0.13125378743236893
172,10,0.4338704064727449,0.13125378743236893
173,10,0.285940511414253,0.13125378743236893
174,10,0.3515535316247323,0.13125378743236893
175,10,0.7989417482771832,0.13125378743236893
176,11,0.12636156766200696,0.8536994629314485
177,11,0.8437195855248895,0.8536994629314485
178,11,0.8210140198011462,0.8536994629314485
179,11,0.4585664576018411,0.8536994629314485
180,11,0.31754651125559713,0.8536994629314485
181,11,0.21994048348133147,0.8536994629314485
182,11,0.9302930046814016,0.8536994629314485
183,11,0.2635040516636053,0.8536994629314485
184,11,0.2019236074406426,0.8536994629314485
185,11,0.5472208792006517,0.8536994629314485
186,11,0.8979040093271963,0.8536994629314485
187,11,0.8330991685889435,0.8536994629314485
188,11,0.2557740726791469,0.8536994629314485
189,11,0.42273450952771763,0.8536994629314485
190,11,0.11415200840288593,0.8536994629314485
191,11,0.21873676681461002,0.8536994629314485
192,12,0.5779542996027075,0.8402940644749076
193,12,0.5470895361826658,0.8402940644749076
194,12,0.09023668966333633,0.8402940644749076
195,12,0.545405792140848,0.8402940644749076
196,12,0.2608292349473687,0.8402940644749076
197,12,0.23438727369010257,0.8402940644749076
198,12,0.4937002740225057,0.8402940644749076
199,12,0.4154720505327986,0.8402940644749076
200,12,0.9027256456708439,0.8402940644749076
201,12,0.49537220216976763,0.8402940644749076
202,12,0.270094183177562,0.8402940644749076
203,12,0.7241478235309357,0.8402940644749076
204,12,0.47572072894753054,0.8402940644749076
205,12,0.6727302822486126,0.8402940644749076
206,12,0.3697598054694097,0.8402940644749076
207,12,0.6619922145529609,0.8402940644749076
208,13,0.12027525519205343,0.28746892829992543
209,13,0.6285698357490497,0.28746892829992543
210,13,0.40515713478828047,0.28746892829992543
211,13,0.19328874585874642,0.28746892829992543
212,13,0.519899411654209,0.28746892829992543
213,13,0.15473293117005535,0.28746892829992543
214,13,0.42294605403890756,0.28746892829992543
215,13,0.6044075225591442,0.28746892829992543
216,13,0.7553419511097997,0.28746892829992543
217,13,0.6332849039729217,0.28746892829992543
218,13,0.31317400739112344,0.28746892829992543
219,13,0.4241585569042222,0.28746892829992543
220,13,0.11902914820426781,0.28746892829992543
221,13,0.4375731114419567,0.28746892829992543
222,13,0.49518710642826946,0.28746892829992543
223,13,0.8267448464862786,0.28746892829992543
224,14,0.47937748159612775,0.6119223027755851
225,14,0.2838990344817634,0.6119223027755851
226,14,0.5996614341687793,0.6119223027755851
227,14,0.4144770999813496,0.6119223027755851
228,14,0.6684255487761862,0.6119223027755851
229,14,0.4306675695813812,0.6119223027755851
230,14,0.5103640041974724,0.6119223027755851
231,14,0.4138907164058184,0.6119223027755851
232,14,0.5007210343053725,0.6119223027755851
233,14,0.45259463357686325,0.6119223027755851
234,14,0.6360820407544401,0.6119223027755851
235,14,0.15317666997168417,0.6119223027755851
236,14,0.4505796256924181,0.6119223027755851
237,14,0.4916717206700276,0.6119223027755851
238,14,0.8858630550081676,0.6119223027755851
239,14,0.7227870065370355,0.6119223027755851
240,15,0.4015467226910172,0.3637597183572606
241,15,0.874911657335114,0.3637597183572606
242,15,0.544210098720818,0.3637597183572606
243,15,0.7046566558506242,0.3637597183572606
244,15,0.7434077444542991,0.3637597183572606
245,15,0.892746423926319,0.3637597183572606
246,15,0.5414886448917712,0.3637597183572606
247,15,0.8358690472882502,0.3637597183572606
248,15,0.29894051999667937,0.3637597183572606
249,15,0.7735241435980845,0.3637597183572606
250,15,0.6088129844207593,0.3637597183572606
251,15,0.5728004741468875,0.3637597183572606
252,15,0.3830999511548869,0.3637597183572606
253,15,0.843818132281868,0.3637597183572606
254,15,0.629036400904758,0.3637597183572606
255,15,0.5776422262968883,0.3637597183572606
256,16,0.48765127753797033,0.15422617434361496
257,16,0.07731642536612754,0.15422617434361496
258,16,0.7716046143560276,0.15422617434361496
259,16,0.24599035445013895,0.15422617434361496
260,16,0.8047332447846338,0.15422617434361496
261,16,0.760432490906593,0.15422617434361496
262,16,0.599089106012921,0.15422617434361496
263,16,0.22383146847560847,0.15422617434361496
264,16,0.19274293108080828,0.15422617434361496
265,16,0.5527453913687409,0.15422617434361496
266,16,0.5423234103127772,0.15422617434361496
267,16,0.12748270386212615,0.15422617434361496
268,16,0.5066406143622445,0.15422617434361496
269,16,0.15634476053501745,0.15422617434361496
270,16,0.33719820568613207,0.15422617434361496
271,16,0.5580723954683906,0.15422617434361496
272,17,0.1405053734195307,0.6494073114086196
273,17,0.25703256530651847,0.6494073114086196
274,17,0.3982077558970217,0.6494073114086196
275,17,0.5969784094803497,0.6494073114086196
276,17,0.4697425498140824,0.6494073114086196
277,17,0.21790973646706546,0.6494073114086196
278,17,0.4935230317114728,0.6494073114086196
279,17,0.5876677647056102,0.6494073114086196
280,17,0.29181670902175333,0.6494073114086196
281,17,0.5071112833110228,0.6494073114086196
282,17,0.9057260947827066,0.6494073114086196
283,17,0.24484177503451932,0.6494073114086196
284,17,0.6969604774228595,0.6494073114086196
285,17,0.9395582128996094,0.6494073114086196
286,17,0.2798409650960937,0.6494073114086196
287,17,0.26482653605254514,0.6494073114086196
288,18,0.7569144817322334,0.7601066433109224
289,18,0.29266923608351664,0.7601066433109224
290,18,0.2550485289661252,0.7601066433109224
291,18,0.3263399911584965,0.7601066433109224
292,18,0.8087225901435202,0.7601066433109224
293,18,0.2419454802582048,0.7601066433109224
294,18,0.1528993913771743,0.7601066433109224
295,18,0.42773011591589366,0.7601066433109224
296,18,0.8546241607610466,0.7601066433109224
297,18,0.5942808569171103,0.7601066433109224
298,18,0.540545681694017,0.7601066433109224
299,18,0.8858497306039471,0.7601066433109224
300,18,0.3646871905132503,0.7601066433109224
301,18,0.6209051459122696,0.7601066433109224
302,18,0.2699649703256335,0.7601066433109224
303,18,0.5512982630814426,0.7601066433109224
304,19,0.7840857883345032,0.7747227410657531
305,19,0.5049786641965721,0.7747227410657531
306,19,0.5427584275418883,0.7747227410657531
307,19,0.29049765087304547,0.7747227410657531
308,19,0.25099593491596295,0.7747227410657531
309,19,0.24990735929412516,0.7747227410657531
310,19,0.8708251250831834,0.7747227410657531
311,19,0.3788184780326499,0.7747227410657531
312,19,0.4156619036213059,0.7747227410657531
313,19,0.6826986067555766,0.7747227410657531
314,19,0.3772606570904063,0.7747227410657531
315,19,0.3838014404080356,0.7747227410657531
316,19,0.431135077105207,0.7747227410657531
317,19,0.5114173417348137,0.7747227410657531
318,19,0.6632419642315316,0.7747227410657531
319,19,0.26301799104792395,0.7747227410657531
320,20,0.9082281614290438,0.14922058589316578
321,20,0.5921026845821029,0.14922058589316578
322,20,0.3550613668330224,0.14922058589316578
323,20,0.8842124935251735,0.14922058589316578
324,20,0.7602726894428304,0.14922058589316578
325,20,0.8111881708009158,0.14922058589316578
326,20,0.973475515285742,0.14922058589316578
327,20,0.7523432280065728,0.14922058589316578
328,20,0.5667526591354218,0.14922058589316578
329,20,0.7080993700732455,0.14922058589316578
330,20,0.7812983230640933,0.14922058589316578
331,20,0.09804379532563604,0.14922058589316578
332,20,0.10812422883655738,0.14922058589316578
333,20,0.2355254260756802,0.14922058589316578
334,20,0.669450532879556,0.14922058589316578
335,20,0.3811493240377567,0.14922058589316578
336,21,0.1368397110942475,0.5125785184951382
337,21,0.3674940432740611,0.5125785184951382
338,21,0.5362524927433157,0.5125785184951382
339,21,0.681782684374937,0.5125785184951382
340,21,0.30142124347419363,0.5125785184951382
341,21,0.5803538931422866,0.5125785184951382
342,21,0.5549692853271866,0.5125785184951382
343,21,0.8991409816135325,0.5125785184951382
344,21,0.5338484342208252,0.5125785184951382
345,21,0.7498162980972818,0.5125785184951382
346,21,0.7426691928850321,0.5125785184951382
347,21,0.14444974737398134,0.5125785184951382
348,21,0.30161475928009857,0.5125785184951382
349,21,0.7708173982045061,0.5125785184951382
350,21,0.5362341337297923,0.5125785184951382
351,21,0.5070806368539267,0.5125785184951382
352,22,0.27074952499007593,0.023899357199450355
353,22,0.8307594812615263,0.023899357199450355
354,22,0.6603015579098336,0.023899357199450355
355,22,0.2510263664566988,0.023899357199450355
356,22,0.1907643304361418,0.023899357199450355
357,22,0.794276194278496,0.023899357199450355
358,22,0.17070696308246863,0.023899357199450355
359,22,0.6213931070244737,0.023899357199450355
360,22,0.6750256601127794,0.023899357199450355
361,22,0.8160785123357385,0.023899357199450355
362,22,0.666849920378606,0.023899357199450355
363,22,0.4602651355822746,0.023899357199450355
364,22,0.7080979103356375,0.023899357199450355
365,22,0.575778764164542,0.023899357199450355
366,22,0.6296328968909383,0.023899357199450355
367,22,0.7096912838106965,0.023899357199450355
368,23,0.07510503587737481,0.09016949762849769
369,23,0.5404405149990237,0.09016949762849769
370,23,0.6479003468582196,0.09016949762849769
371,23,0.5381695778516243,0.09016949762849769
372,23,0.5086937555214479,0.09016949762849769
373,23,0.5086964614589883,0.09016949762849769
374,23,0.31580423806417013,0.09016949762849769
375,23,0.5979621064434044,0.09016949762849769
376,23,0.4264632674944544,0.09016949762849769
377,23,0.08834231914724626,0.09016949762849769
378,23,0.7359122063121699,0.09016949762849769
379,23,0.705201087815005,0.09016949762849769
380,23,0.5530736526772653,0.09016949762849769
381,23,0.44538885030118336,0.09016949762849769
382,23,0.5992548754236103,0.09016949762849769
383,23,0.5266579107578468,0.09016949762849769
384,24,0.2711095734041442,0.0810511530853878
385,24,0.41974756840445004,0.0810511530853878
386,24,0.25424962726941375,0.0810511530853878
387,24,0.4448260407127724,0.0810511530853878
388,24,0.3737054723645079,0.0810511530853878
389,24,0.8461594279924013,0.0810511530853878
390,24,0.45875620189973587,0.0810511530853878
391,24,0.1312385195200759,0.0810511530853878
392,24,0.593258270497548,0.0810511530853878
393,24,0.7360550736274519,0.0810511530853878
394,24,0.7367192736410112,0.0810511530853878
395,24,0.3248077609569906,0.0810511530853878
396,24,0.5379700441598945,0.0810511530853878
397,24,0.14968313198265235,0.0810511530853878
398,24,0.09328997128219654,0.0810511530853878
399,24,0.6131645174029312,0.0810511530853878
400,25,0.4347686316740367,0.05719079355050116
401,25,0.9027543264092143,0.05719079355050116
402,25,0.3337301364671544,0.05719079355050116
403,25,0.5064831172568969,0.05719079355050116
404,25,0.5733591554235316,0.05719079355050116
405,25,0.32935745973297664,0.05719079355050116
406,25,0.5169300913869185,0.05719079355050116
407,25,0.3708656486755563,0.05719079355050116
408,25,0.7464174875126945,0.05719079355050116
409,25,0.5119780630094103,0.05719079355050116
410,25,0.30797149468154295,0.05719079355050116
411,25,0.38325898100786254,0.05719079355050116
412,25,0.2873635650914274,0.05719079355050116
413,25,0.2920992257502185,0.05719079355050116
414,25,0.48946045017331136,0.05719079355050116
415,25,0.45688749533760187,0.05719079355050116
416,26,0.2966050094996261,0.3337693490578346
417,26,0.700088874253488,0.3337693490578346
418,26,0.523207295196748,0.3337693490578346
419,26,0.41644533835128045,0.3337693490578346
420,26,0.4199271465418232,0.3337693490578346
421,26,0.3218697548693414,0.3337693490578346
422,26,0.7825834110691507,0.3337693490578346
423,26,0.9123855622179065,0.3337693490578346
424,26,0.7318871667602828,0.3337693490578346
425,26,0.9260450375349061,0.3337693490578346
426,26,0.45376771298138574,0.3337693490578346
427,26,0.6967553269741988,0.3337693490578346
428,26,0.07226634078691119,0.3337693490578346
429,26,0.626094504210151,0.3337693490578346
430,26,0.5132228683722834,0.3337693490578346
431,26,0.11576315775448634,0.3337693490578346
432,27,0.44137613261901654,0.35767960085317085
433,27,0.9011525321992006,0.35767960085317085
434,27,0.2883891047989979,0.35767960085317085
435,27,0.758547370317414,0.35767960085317085
436,27,0.2839439698312723,0.35767960085317085
437,27,0.7906170862590721,0.35767960085317085
438,27,0.5705167914039545,0.35767960085317085
439,27,0.3308952379223733,0.35767960085317085
440,27,0.8684745732550969,0.35767960085317085
441,27,0.261203750094142,0.35767960085317085
442,27,0.5156703281275677,0.35767960085317085
443,27,0.7084671834670551,0.35767960085317085
444,27,0.1549784312229185,0.35767960085317085
445,27,0.09221767403755608,0.35767960085317085
446,27,0.5588227262084543,0.35767960085317085
447,27,0.4634202067944739,0.35767960085317085
448,28,0.3342687266044986,0.6978703420702284
449,28,0.4170382555986203,0.6978703420702284
450,28,0.1059931363095801,0.6978703420702284
451,28,0.263380937145458,0.6978703420702284
452,28,0.3202410483903626,0.6978703420702284
453,28,0.4951620465289732,0.6978703420702284
454,28,0.4440128920259228,0.6978703420702284
455,28,0.5591547370015238,0.6978703420702284
456,28,0.6426022415421762,0.6978703420702284
457,28,0.813787326567853,0.6978703420702284
458,28,0.2282267540600922,0.6978703420702284
459,28,0.5741913320794411,0.6978703420702284
460,28,0.7446946487479593,0.6978703420702284
461,28,0.8867504872611358,0.6978703420702284
462,28,0.15583579838333828,0.6978703420702284
463,28,0.40977023378765576,0.6978703420702284
464,29,0.6564021916187276,0.32987972136375243
465,29,0.6921763822193352,0.32987972136375243
466,29,0.9417613676462039,0.32987972136375243
467,29,0.7028058695694813,0.32987972136375243
468,29,0.5122539782305882,0.32987972136375243
469,29,0.7448388959092858,0.32987972136375243
470,29,0.12430681265095797,0.32987972136375243
471,29,0.7871822894957285,0.32987972136375243
472,29,0.6974260534539265,0.32987972136375243
473,29,0.2348839901416104,0.32987972136375243
474,29,0.4871684921791853,0.32987972136375243
475,29,0.8939550971206525,0.32987972136375243
476,29,0.484539814903108,0.32987972136375243
477,29,0.45266605792427467,0.32987972136375243
478,29,0.7005164655412413,0.32987972136375243
479,29,0.4563101221559484,0.32987972136375243
480,30,0.4074881757892578,0.14039580417774822
481,30,0.9279632196964752,0.14039580417774822
482,30,0.2541370779497541,0.14039580417774822
483,30,0.7436866737763558,0.14039580417774822
484,30,0.5907100515250243,0.14039580417774822
485,30,0.3490299385904939,0.14039580417774822
486,30,0.4125108671407349,0.14039580417774822
487,30,0.6043097186130209,0.14039580417774822
488,30,0.6918109611969078,0.14039580417774822
489,30,0.6332011809428728,0.14039580417774822
490,30,0.4519662123460313,0.14039580417774822
491,30,0.43363278573433145,0.14039580417774822
492,30,0.6056133792806486,0.14039580417774822
493,30,0.15536226413808846,0.14039580417774822
494,30,0.593457495045519,0.14039580417774822
495,30,0.19337684337890754,0.14039580417774822
496,31,0.3197385697517144,0.9468756309901694
497,31,0.8554234704714564,0.9468756309901694
498,31,0.33543224068329613,0.9468756309901694
499,31,0.4678370347756028,0.9468756309901694
500,31,0.28722032341029274,0.9468756309901694
501,31,0.34755367677097254,0.9468756309901694
502,31,0.8708205408799516,0.9468756309901694
503,31,0.5034065536647373,0.9468756309901694
504,31,0.3000920126118725,0.9468756309901694
505,31,0.6146719091427856,0.9468756309901694
506,31,0.7559749586961347,0.9468756309901694
507,31,0.22219012954143197,0.9468756309901694
508,31,0.5282453782868105,0.9468756309901694
509,31,0.8343067224928379,0.9468756309901694
510,31,0.5247608986678115,0.9468756309901694
511,31,0.16691995679866814,0.9468756309901694
512,32,0.2856516650053596,0.875476403985699
513,32,0.6598712494857859,0.875476403985699
514,32,0.10087917207768603,0.875476403985699
515,32,0.917855416019892,0.875476403985699
516,32,0.7959058576563091,0.875476403985699
517,32,0.6851492649300877,0.875476403985699
518,32,0.33638821705911376,0.875476403985699
519,32,0.5070140017721043,0.875476403985699
520,32,0.602513034769238,0.875476403985699
521,32,0.4046092136936094,0.875476403985699
522,32,0.8345939216972339,0.875476403985699
523,32,0.41441534182671613,0.875476403985699
524,32,0.576590451206734,0.875476403985699
525,32,0.4403592702984529,0.875476403985699
526,32,0.3359779451993458,0.875476403985699
527,32,0.7392794272555048,0.875476403985699
528,33,0.5946183051763257,0.12422575540377634
529,33,0.2932103204985026,0.12422575540377634
530,33,0.5773712064806003,0.12422575540377634
531,33,0.9007138203882238,0.12422575540377634
532,33,0.36810883403199135,0.12422575540377634
533,33,0.6660807829466308,0.12422575540377634
534,33,0.4804549012248659,0.12422575540377634
535,33,0.7145356742714906,0.12422575540377634
536,33,0.6067106643682738,0.12422575540377634
537,33,0.5273706306911884,0.12422575540377634
538,33,0.37977891580415235,0.12422575540377634
539,33,0.4792894470065447,0.12422575540377634
540,33,0.9569126629644814,0.12422575540377634
541,33,0.20579609697246917,0.12422575540377634
542,33,0.8038643829959252,0.12422575540377634
543,33,0.5681052321088771,0.12422575540377634
544,34,0.5692009746773848,0.3627786999691487
545,34,0.33874500021828846,0.3627786999691487
546,34,0.30676342872013285,0.3627786999691487
547,34,0.42401713619620496,0.3627786999691487
548,34,0.31682502173929705,0.3627786999691487
549,34,0.34946067963085076,0.3627786999691487
550,34,0.7441813499955265,0.3627786999691487
551,34,0.2265666685071464,0.3627786999691487
552,34,0.8271639743567287,0.3627786999691487
553,34,0.3128723339686568,0.3627786999691487
554,34,0.16479959985001513,0.3627786999691487
555,34,0.15484371445428108,0.3627786999691487
556,34,0.17760269229549489,0.3627786999691487
557,34,0.19520476635397765,0.3627786999691487
558,34,0.6137349989009295,0.3627786999691487
559,34,0.9732726872063745,0.3627786999691487
560,35,0.43938103038432513,0.1680846509849716
561,35,0.5328086193473822,0.1680846509849716
562,35,0.5881441696474854,0.1680846509849716
563,35,0.32189541067646615,0.1680846509849716
564,35,0.5193704541087678,0.1680846509849716
565,35,0.4598173218834306,0.1680846509849716
566,35,0.5850881700816428,0.1680846509849716
567,35,0.5055996252959843,0.1680846509849716
568,35,0.8753750506404058,0.1680846509849716
569,35,0.3364244487890779,0.1680846509849716
570,35,0.5872856190079355,0.1680846509849716
571,35,0.4188057164702133,0.1680846509849716
572,35,0.644202484299072,0.1680846509849716
573,35,0.7422922322590891,0.1680846509849716
574,35,0.9744374795166356,0.1680846509849716
575,35,0.0640523432989134,0.1680846509849716
576,36,0.27071869015162775,0.9591114274329677
577,36,0.11664231310782082,0.9591114274329677
578,36,0.4375227272246073,0.9591114274329677
579,36,0.05523494428857771,0.9591114274329677
580,36,0.2454500154521175,0.9591114274329677
581,36,0.621390553401853,0.9591114274329677
582,36,0.22970740456234517,0.9591114274329677
583,36,0.448750584404471,0.9591114274329677
584,36,0.14243768338926382,0.9591114274329677
585,36,0.823193505093253,0.9591114274329677
586,36,0.28643357530019997,0.9591114274329677
587,36,0.3417597113585939,0.9591114274329677
588,36,0.5628448382099135,0.9591114274329677
589,36,0.1192656314888585,0.9591114274329677
590,36,0.08515153010371274,0.9591114274329677
591,36,0.392095818738501,0.9591114274329677
592,37,0.3971634759858175,0.35597759210456126
593,37,0.45545047702429,0.35597759210456126
594,37,0.7250110803842401,0.35597759210456126
595,37,0.955265900351283,0.35597759210456126
596,37,0.7197435089097562,0.35597759210456126
597,37,0.8016893099625124,0.35597759210456126
598,37,0.9174324303063754,0.35597759210456126
599,37,0.7176062421252826,0.35597759210456126
600,37,0.815290239705327,0.35597759210456126
601,37,0.3271436361725997,0.35597759210456126
602,37,0.17296965575508239,0.35597759210456126
603,37,0.7151145321511513,0.35597759210456126
604,37,0.707272277394723,0.35597759210456126
605,37,0.7289656262554846,0.35597759210456126
606,37,0.6744744390045286,0.35597759210456126
607,37,0.9323666788825328,0.35597759210456126
608,38,0.25774795900024144,0.09811742691793435
609,38,0.44067223979626857,0.09811742691793435
610,38,0.7013157931379921,0.09811742691793435
611,38,0.7397700236753316,0.09811742691793435
612,38,0.05899615397519374,0.09811742691793435
613,38,0.729073472476654,0.09811742691793435
614,38,0.4599483248098347,0.09811742691793435
615,38,0.6770173895666309,0.09811742691793435
616,38,0.5079375478874893,0.09811742691793435
617,38,0.6985564053297207,0.09811742691793435
618,38,0.2977152840632053,0.09811742691793435
619,38,0.46859136414358843,0.09811742691793435
620,38,0.5900140361722264,0.09811742691793435
621,38,0.33865968810377184,0.09811742691793435
622,38,0.5214503315848926,0.09811742691793435
623,38,0.6395611472455072,0.09811742691793435
624,39,0.20355367398950502,0.7268439883298804
625,39,0.31130034341259305,0.7268439883298804
626,39,0.644550879451086,0.7268439883298804
627,39,0.6512475798871464,0.7268439883298804
628,39,0.11097266785988104,0.7268439883298804
629,39,0.4365960404288686,0.7268439883298804
630,39,0.15938912757349785,0.7268439883298804
631,39,0.6104363212042933,0.7268439883298804
632,39,0.11825930583785578,0.7268439883298804
633,39,0.4042127249695021,0.7268439883298804
634,39,0.25984927212927145,0.7268439883298804
635,39,0.23901891615311233,0.7268439883298804
636,39,0.47113463949455986,0.7268439883298804
637,39,0.46425051112016164,0.7268439883298804
638,39,0.14574525162540508,0.7268439883298804
639,39,0.6027594301717131,0.7268439883298804
640,40,0.43882651693212266,0.7117175161853958
641,40,0.2930297031319177,0.7117175161853958
642,40,0.7726456119210313,0.7117175161853958
643,40,0.37797669912271004,0.7117175161853958
644,40,0.685168817595911,0.7117175161853958
645,40,0.34645809873416405,0.7117175161853958
646,40,0.13686165249877474,0.7117175161853958
647,40,0.5641258346320965,0.7117175161853958
648,40,0.3958443755288984,0.7117175161853958
649,40,0.32265530392469954,0.7117175161853958
650,40,0.2524132158453545,0.7117175161853958
651,40,0.7002813431389254,0.7117175161853958
652,40,0.3078948854094819,0.7117175161853958
653,40,0.5795540835717424,0.7117175161853958
654,40,0.6861991370538191,0.7117175161853958
655,40,0.575214121254213,0.7117175161853958
656,41,0.9696250196268384,0.24103445572369164
657,41,0.4431652075463793,0.24103445572369164
658,41,0.23605244792100874,0.24103445572369164
659,41,0.6862882405141962,0.24103445572369164
660,41,0.576536511118648,0.24103445572369164
661,41,0.1820354917126736,0.24103445572369164
662,41,0.5208771419023656,0.24103445572369164
663,41,0.5094144922664364,0.24103445572369164
664,41,0.6015610125712194,0.24103445572369164
665,41,0.5742290987737376,0.24103445572369164
666,41,0.2481211537228309,0.24103445572369164
667,41,0.2772045322000409,0.24103445572369164
668,41,0.7039112853485473,0.24103445572369164
669,41,0.1398100506640602,0.24103445572369164
670,41,0.9799285130594729,0.24103445572369164
671,41,0.3562176621277141,0.24103445572369164
672,42,0.25011518664649385,0.3214618509201238
673,42,0.7521485832062969,0.3214618509201238
674,42,0.6740158160968144,0.3214618509201238
675,42,0.45821174313972146,0.3214618509201238
676,42,0.5108596089344375,0.3214618509201238
677,42,0.48701942627264455,0.3214618509201238
678,42,0.24803683406152716,0.3214618509201238
679,42,0.9092847248355362,0.3214618509201238
680,42,0.7638704844976685,0.3214618509201238
681,42,0.7010778273758813,0.3214618509201238
682,42,0.7679407045199397,0.3214618509201238
683,42,0.410290579622382,0.3214618509201238
684,42,0.09610593325171854,0.3214618509201238
685,42,0.15285839938445653,0.3214618509201238
686,42,0.5318318176145082,0.3214618509201238
687,42,0.15623599856217588,0.3214618509201238
688,43,0.6282545210324872,0.41501889749172627
689,43,0.21570666604003136,0.41501889749172627
690,43,0.5290519174308459,0.41501889749172627
691,43,0.42927432456720505,0.41501889749172627
692,43,0.2866746739166174,0.41501889749172627
693,43,0.5838866907044192,0.41501889749172627
694,43,0.8245650912127779,0.41501889749172627
695,43,0.8938074687519825,0.41501889749172627
696,43,0.26494661237222034,0.41501889749172627
697,43,0.5003279119349285,0.41501889749172627
698,43,0.4898660070805935,0.41501889749172627
699,43,0.7598436615669296,0.41501889749172627
700,43,0.21389020846662415,0.41501889749172627
701,43,0.6929922576693028,0.41501889749172627
702,43,0.30851906884737407,0.41501889749172627
703,43,0.5288968360662907,0.41501889749172627
704,44,0.5568503413100171,0.26770000177164766
705,44,0.39662511046133775,0.26770000177164766
706,44,0.4331449465878885,0.26770000177164766
707,44,0.30132002950812103,0.26770000177164766
708,44,0.7066692229316749,0.26770000177164766
709,44,0.21542370113593445,0.26770000177164766
710,44,0.10192731415375661,0.26770000177164766
711,44,0.7291447527067608,0.26770000177164766
712,44,0.6410989890764677,0.26770000177164766
713,44,0.3229416104023743,0.26770000177164766
714,44,0.4621809636571581,0.26770000177164766
715,44,0.5296008241403976,0.26770000177164766
716,44,0.35910819723327075,0.26770000177164766
717,44,0.6366244206160031,0.26770000177164766
718,44,0.3755421333043018,0.26770000177164766
719,44,0.2878527067599709,0.26770000177164766
720,45,0.5040620887109849,0.2888877081762501
721,45,0.31066812715455855,0.2888877081762501
722,45,0.021831645496400848,0.2888877081762501
723,45,0.6287661151422448,0.2888877081762501
724,45,0.6714799259225709,0.2888877081762501
725,45,0.6032017622331627,0.2888877081762501
726,45,0.2974689017652789,0.2888877081762501
727,45,0.44659567516344917,0.2888877081762501
728,45,0.18326143838253164,0.2888877081762501
729,45,0.39955221799399365,0.2888877081762501
730,45,0.382042038195117,0.2888877081762501
731,45,0.6899262577196481,0.2888877081762501
732,45,0.05853915960047564,0.2888877081762501
733,45,0.7909343171023446,0.2888877081762501
734,45,0.5511067520377094,0.2888877081762501
735,45,0.41734902177780775,0.2888877081762501
736,46,0.6748434944497047,0.8015903920186569
737,46,0.6834522507327537,0.8015903920186569
738,46,0.3908079075248443,0.8015903920186569
739,46,0.7495852737477722,0.8015903920186569
740,46,0.47717961084837146,0.8015903920186569
741,46,0.4660668358890764,0.8015903920186569
742,46,0.8912492695083221,0.8015903920186569
743,46,0.8434559811824079,0.8015903920186569
744,46,0.8829903585284696,0.8015903920186569
745,46,0.2483395821811966,0.8015903920186569
746,46,0.6923701542482883,0.8015903920186569
747,46,0.6376432843079748,0.8015903920186569
748,46,0.4356789033740921,0.8015903920186569
749,46,0.33901579241379615,0.8015903920186569
750,46,0.1824398963079202,0.8015903920186569
751,46,0.537068834815133,0.8015903920186569
752,47,0.6059716883610289,0.7518506052266137
753,47,0.5093366176305046,0.7518506052266137
754,47,0.4741347375743781,0.7518506052266137
755,47,0.3637335542861458,0.7518506052266137
756,47,0.3167270371057405,0.7518506052266137
757,47,0.34254827944038546,0.7518506052266137
758,47,0.399955636227198,0.7518506052266137
759,47,0.5314710328495422,0.7518506052266137
760,47,0.7423490024255894,0.7518506052266137
761,47,0.4042729654147886,0.7518506052266137
762,47,0.73468204260074,0.7518506052266137
763,47,0.8494521554572422,0.7518506052266137
764,47,0.2771197654299881,0.7518506052266137
765,47,0.18710253845280828,0.7518506052266137
766,47,0.5283400691778916,0.7518506052266137
767,47,0.381811204894839,0.7518506052266137
768,48,0.7028261017139179,0.6926292119704864
769,48,0.6652737669500419,0.6926292119704864
770,48,0.6915153757956697,0.6926292119704864
771,48,0.5667753812777315,0.6926292119704864
772,48,0.6573212878814191,0.6926292119704864
773,48,0.21281114884757152,0.6926292119704864
774,48,0.4982192636743305,0.6926292119704864
775,48,0.5075949216606047,0.6926292119704864
776,48,0.48928988412562063,0.6926292119704864
777,48,0.14696473494917364,0.6926292119704864
778,48,0.37759352487994013,0.6926292119704864
779,48,0.4790282453258997,0.6926292119704864
780,48,0.433075755613004,0.6926292119704864
781,48,0.3325188088973459,0.6926292119704864
782,48,0.38701266445240134,0.6926292119704864
783,48,0.2704217441073983,0.6926292119704864
784,49,0.5573193680226229,0.6867735568448488
785,49,0.640251928029814,0.6867735568448488
786,49,0.6131668216747094,0.6867735568448488
787,49,0.12414440953396057,0.6867735568448488
788,49,0.8516949982475527,0.6867735568448488
789,49,0.8475649553871603,0.6867735568448488
790,49,0.6637396822734497,0.6867735568448488
791,49,0.5927310726921521,0.6867735568448488
792,49,0.7087267587010573,0.6867735568448488
793,49,0.243994693093759,0.6867735568448488
794,49,0.7370629698419615,0.6867735568448488
795,49,0.6674061877835599,0.6867735568448488
796,49,0.7056600709896377,0.6867735568448488
797,49,0.3837829468590336,0.6867735568448488
798,49,0.6513009265614198,0.6867735568448488
799,49,0.19123235532820965,0.6867735568448488
800,50,0.7641475542346832,0.5218819306638737
801,50,0.08331970887534564,0.5218819306638737
802,50,0.5528664114522388,0.5218819306638737
803,50,0.829774467500591,0.5218819306638737
804,50,0.2809677287950902,0.5218819306638737
805,50,0.8228622809464337,0.5218819306638737
806,50,0.5437507439509806,0.5218819306638737
807,50,0.602107696659932,0.5218819306638737
808,50,0.7916744129647515,0.5218819306638737
809,50,0.1152933735612499,0.5218819306638737
810,50,0.5797522357030456,0.5218819306638737
811,50,0.38977630771433147,0.5218819306638737
812,50,0.6747423991630714,0.5218819306638737
813,50,0.1156609573202866,0.5218819306638737
814,50,0.41877694862462583,0.5218819306638737
815,50,0.49020930685823505,0.5218819306638737
816,51,0.24353015794473395,0.350921277961059
817,51,0.4888329217669366,0.350921277961059
818,51,0.45941184998454615,0.350921277961059
819,51,0.5742069659911382,0.350921277961059
820,51,0.7039653739898516,0.350921277961059
821,51,0.5887150504500444,0.350921277961059
822,51,0.7637610203171413,0.350921277961059
823,51,0.6898561067740506,0.350921277961059
824,51,0.5835758310352598,0.350921277961059
825,51,0.5643405733778207,0.350921277961059
826,51,0.5739234039746052,0.350921277961059
827,51,0.35840761436698754,0.350921277961059
828,51,0.10190561191068126,0.350921277961059
829,51,0.6764355522288167,0.350921277961059
830,51,0.7201350723987534,0.350921277961059
831,51,0.7327876479141359,0.350921277961059
832,52,0.011680304082745544,0.7205449454774036
833,52,0.2946529881273306,0.7205449454774036
834,52,0.45215325826340436,0.7205449454774036
835,52,0.44944977104924155,0.7205449454774036
836,52,0.7749530550843966,0.7205449454774036
837,52,0.3880838272760376,0.7205449454774036
838,52,0.26313296660353563,0.7205449454774036
839,52,0.7762070838039622,0.7205449454774036
840,52,0.8197065863135847,0.7205449454774036
841,52,0.42945515847846055,0.7205449454774036
842,52,0.7717980717674312,0.7205449454774036
843,52,0.7118869793134543,0.7205449454774036
844,52,0.11980380446041147,0.7205449454774036
845,52,0.341156274402724,0.7205449454774036
846,52,0.7274390482340137,0.7205449454774036
847,52,0.7516114916171402,0.7205449454774036
848,53,0.49597312316004477,0.11636773753496898
849,53,0.3269104534135279,0.11636773753496898
850,53,0.28818506576331554,0.11636773753496898
851,53,0.7163395346683611,0.11636773753496898
852,53,0.4197301298166548,0.11636773753496898
853,53,0.7668815149690312,0.11636773753496898
854,53,0.750096541137433,0.11636773753496898
855,53,0.7549683064914453,0.11636773753496898
856,53,0.5641408464732368,0.11636773753496898
857,53,0.5889230995307033,0.11636773753496898
858,53,0.7895645843748842,0.11636773753496898
859,53,0.36681924860029375,0.11636773753496898
860,53,0.921661246905096,0.11636773753496898
861,53,0.8791900583336847,0.11636773753496898
862,53,0.03988649235765733,0.11636773753496898
863,53,0.2521464341565063,0.11636773753496898
864,54,0.5226682990840584,0.14107050520669207
865,54,0.7676247821995941,0.14107050520669207
866,54,0.23583466115639068,0.14107050520669207
867,54,0.7060012003582102,0.14107050520669207
868,54,0.3427950585161676,0.14107050520669207
869,54,0.5661964700988729,0.14107050520669207
870,54,0.5059930436217186,0.14107050520669207
871,54,0.3115474068028927,0.14107050520669207
872,54,0.5787337683760279,0.14107050520669207
873,54,0.4080927692016485,0.14107050520669207
874,54,0.25007596605658733,0.14107050520669207
875,54,0.073295706859953,0.14107050520669207
876,54,0.6289831654575013,0.14107050520669207
877,54,0.5116929396621258,0.14107050520669207
878,54,0.563616036133857,0.14107050520669207
879,54,0.2219755477924452,0.14107050520669207
880,55,0.4956301875498364,0.12626520794575957
881,55,0.5165225558271953,0.12626520794575957
882,55,0.35710225195139816,0.12626520794575957
883,55,0.8437105091632189,0.12626520794575957
884,55,0.5999512404160835,0.12626520794575957
885,55,0.4607236362088539,0.12626520794575957
886,55,0.5754262149790318,0.12626520794575957
887,55,0.8040395326108792,0.12626520794575957
888,55,0.789995253886308,0.12626520794575957
889,55,0.7525153277030081,0.12626520794575957
890,55,0.2054821085468131,0.12626520794575957
891,55,0.23826134232329782,0.12626520794575957
892,55,0.19748023052142558,0.12626520794575957
893,55,0.5966188207209425,0.12626520794575957
894,55,0.7299742650777358,0.12626520794575957
895,55,0.43087380366329275,0.12626520794575957
896,56,0.37717263467364737,0.7327180517503236
897,56,0.4046199104465032,0.7327180517503236
898,56,0.22247746286180323,0.7327180517503236
899,56,0.8889532990040454,0.7327180517503236
900,56,0.4130259606982187,0.7327180517503236
901,56,0.7532239952935611,0.7327180517503236
902,56,0.8975566919718424,0.7327180517503236
903,56,0.8349933494871314,0.7327180517503236
904,56,0.24600366704215493,0.7327180517503236
905,56,0.4618795952811172,0.7327180517503236
906,56,0.5628751739489759,0.7327180517503236
907,56,0.7689100493686627,0.7327180517503236
908,56,0.5155384180519352,0.7327180517503236
909,56,0.360739943408546,0.7327180517503236
910,56,0.43086327339898234,0.7327180517503236
911,56,0.0352685414933491,0.7327180517503236
912,57,0.5934547367928595,0.5915408843637119
913,57,0.6846501207754029,0.5915408843637119
914,57,0.47164725219675635,0.5915408843637119
915,57,0.7239786378554302,0.5915408843637119
916,57,0.36150668327791236,0.5915408843637119
917,57,0.7333229145944757,0.5915408843637119
918,57,0.47277203960017466,0.5915408843637119
919,57,0.3508147253140859,0.5915408843637119
920,57,0.3315561644802154,0.5915408843637119
921,57,0.6933357588801057,0.5915408843637119
922,57,0.5290241375669291,0.5915408843637119
923,57,0.4655991866340394,0.5915408843637119
924,57,0.6140992493646871,0.5915408843637119
925,57,0.42217985890536874,0.5915408843637119
926,57,0.5154636014579559,0.5915408843637119
927,57,0.8019470364141638,0.5915408843637119
928,58,0.24854690979173233,0.45016037936884756
929,58,0.2838941590800647,0.45016037936884756
930,58,0.8025278495408898,0.45016037936884756
931,58,0.7206843042993807,0.45016037936884756
932,58,0.3996069299119042,0.45016037936884756
933,58,0.3563139036081655,0.45016037936884756
934,58,0.333335874635116,0.45016037936884756
935,58,0.7321230096079026,0.45016037936884756
936,58,0.3929073365357119,0.45016037936884756
937,58,0.3220786458588286,0.45016037936884756
938,58,0.7533817775795904,0.45016037936884756
939,58,0.1975339940625407,0.45016037936884756
940,58,0.4778000735695165,0.45016037936884756
941,58,0.8021840056641633,0.45016037936884756
942,58,0.6469365427405604,0.45016037936884756
943,58,0.9739783362134355,0.45016037936884756
944,59,0.4559992542657642,0.47623134142880175
945,59,0.4876266840651076,0.47623134142880175
946,59,0.42588568511482433,0.47623134142880175
947,59,0.5871044235912498,0.47623134142880175
948,59,0.5539323429210468,0.47623134142880175
949,59,0.6037238640971894,0.47623134142880175
950,59,0.3271155592323994,0.47623134142880175
951,59,0.6285382223573733,0.47623134142880175
952,59,0.7440906447412503,0.47623134142880175
953,59,0.5386923211536652,0.47623134142880175
954,59,0.3364123953421364,0.47623134142880175
955,59,0.847664639988591,0.47623134142880175
956,59,0.7551066612373083,0.47623134142880175
957,59,0.6888816559711753,0.47623134142880175
958,59,0.19760204731508507,0.47623134142880175
959,59,0.5550410667233331,0.47623134142880175
960,60,0.6891678512391303,0.8275593271711471
961,60,0.36166141034946153,0.8275593271711471
962,60,0.32998383863740466,0.8275593271711471
963,60,0.6873205540537182,0.8275593271711471
964,60,0.5704771977683312,0.8275593271711471
965,60,0.3996801610474457,0.8275593271711471
966,60,0.4415616781000343,0.8275593271711471
967,60,0.16066481464218296,0.8275593271711471
968,60,0.6269172345478989,0.8275593271711471
969,60,0.9375077191387037,0.8275593271711471
970,60,0.5883266510053996,0.8275593271711471
971,60,0.6334190600415679,0.8275593271711471
972,60,0.46416426918014914,0.8275593271711471
973,60,0.32711121515394903,0.8275593271711471
974,60,0.44644605048627606,0.8275593271711471
975,60,0.4536324081364678,0.8275593271711471
976,61,0.7714752355329821,0.1216797789663413
977,61,0.33577896193505746,0.1216797789663413
978,61,0.714251877033493,0.1216797789663413
979,61,0.36078131980065276,0.1216797789663413
980,61,0.6626769324169772,0.1216797789663413
981,61,0.19695881532379428,0.1216797789663413
982,61,0.6381562190199903,0.1216797789663413
983,61,0.4087813795323314,0.1216797789663413
984,61,0.15088248575091082,0.1216797789663413
985,61,0.309765677963089,0.1216797789663413
986,61,0.5705035835009975,0.1216797789663413
987,61,0.6009299945714276,0.1216797789663413
988,61,0.1375169724714392,0.1216797789663413
989,61,0.6125155834180763,0.1216797789663413
990,61,0.4346629646124315,0.1216797789663413
991,61,0.3228356416867202,0.1216797789663413
992,62,0.3234337684682528,0.38324428034558056
993,62,0.6164315354634745,0.38324428034558056
994,62,0.444709227704237,0.38324428034558056
995,62,0.29789180701048845,0.38324428034558056
996,62,0.3995866693936556,0.38324428034558056
997,62,0.3745075638180592,0.38324428034558056
998,62,0.398524138040859,0.38324428034558056
999,62,0.1731558354103183,0.38324428034558056
1000,62,0.12235790368995596,0.38324428034558056
1001,62,0.3402484010966263,0.38324428034558056
1002,62,0.6969606321219766,0.38324428034558056
1003,62,0.5023796670860702,0.38324428034558056
1004,62,0.5807726820436272,0.38324428034558056
1005,62,0.4521570540713154,0.38324428034558056
1006,62,0.559850640825052,0.38324428034558056
1007,62,0.33393778087143666,0.38324428034558056
1008,63,0.3443324644846106,0.7601662055006726
1009,63,0.48792625087107344,0.7601662055006726
1010,63,0.9034877177110797,0.7601662055006726
1011,63,0.25390648295393475,0.7601662055006726
1012,63,0.3440235989336194,0.7601662055006726
1013,63,0.4136048493959675,0.7601662055006726
1014,63,0.8856992226592051,0.7601662055006726
1015,63,0.5002729000178787,0.7601662055006726
1016,63,0.477949421530184,0.7601662055006726
1017,63,0.4043754920883517,0.7601662055006726
1018,63,0.019783178448875054,0.7601662055006726
1019,63,0.7208646547767354,0.7601662055006726
1020,63,0.1871311018031872,0.7601662055006726
1021,63,0.4857450007150398,0.7601662055006726
1022,63,0.19387815895176397,0.7601662055006726
1023,63,0.703836384307063,0.7601662055006726
1024,64,0.6083095691594336,0.6578393705710703
1025,64,0.13381912211903105,0.6578393705710703
1026,64,0.31212082140728253,0.6578393705710703
1027,64,0.5354883000056242,0.6578393705710703
1028,64,0.03987716915105195,0.6578393705710703
1029,64,0.06084362483128286,0.6578393705710703
1030,64,0.4343690687112538,0.6578393705710703
1031,64,0.6356219513412148,0.6578393705710703
1032,64,0.5051861429530925,0.6578393705710703
1033,64,0.7591939736256612,0.6578393705710703
1034,64,0.4824936056920623,0.6578393705710703
1035,64,0.4457930078172828,0.6578393705710703
1036,64,0.7171180935545427,0.6578393705710703
1037,64,0.20347143980246,0.6578393705710703
1038,64,0.6417606615886925,0.6578393705710703
1039,64,0.67549894639424,0.6578393705710703
1040,65,0.4593516254702884,0.4351467214778807
1041,65,0.13145217684046595,0.4351467214778807
1042,65,0.030122122419501202,0.4351467214778807
1043,65,0.30462922074778637,0.4351467214778807
1044,65,0.3768567108942605,0.4351467214778807
1045,65,0.46402351575167183,0.4351467214778807
1046,65,0.42882459039093895,0.4351467214778807
1047,65,0.3128595322368352,0.4351467214778807
1048,65,0.2929870806339116,0.4351467214778807
1049,65,0.20493409465960816,0.4351467214778807
1050,65,0.15675517815167897,0.4351467214778807
1051,65,0.5537587736124701,0.4351467214778807
1052,65,0.7406452596124843,0.4351467214778807
1053,65,0.24703182507845475,0.4351467214778807
1054,65,0.6665115478590898,0.4351467214778807
1055,65,0.36192095830488885,0.4351467214778807
1056,66,0.7504445106355426,0.22434120963101267
1057,66,0.6835986829301496,0.22434120963101267
1058,66,0.5462709607784835,0.22434120963101267
1059,66,0.18569436705756934,0.22434120963101267
1060,66,0.18473240792854298,0.22434120963101267
1061,66,0.4375584986163027,0.22434120963101267
1062,66,0.2246360616063207,0.22434120963101267
1063,66,0.7105223351319485,0.22434120963101267
1064,66,0.3754967571514804,0.22434120963101267
1065,66,0.5976189044780531,0.22434120963101267
1066,66,0.5663621260908126,0.22434120963101267
1067,66,0.8091273529193028,0.22434120963101267
1068,66,0.34814541712241776,0.22434120963101267
1069,66,0.48622250368265396,0.22434120963101267
1070,66,0.5521092806530069,0.22434120963101267
1071,66,0.38624494054706127,0.22434120963101267
1072,67,0.4430486734519136,0.9464412133049587
1073,67,0.345912275929866,0.9464412133049587
1074,67,0.5758673326913026,0.9464412133049587
1075,67,0.5415386972149903,0.9464412133049587
1076,67,0.5748504123895409,0.9464412133049587
1077,67,0.9058835062731716,0.9464412133049587
1078,67,0.5999680162006601,0.9464412133049587
1079,67,0.25219366732803766,0.9464412133049587
1080,67,0.44352402496433563,0.9464412133049587
1081,67,0.18005324216074542,0.9464412133049587
1082,67,0.347517906393472,0.9464412133049587
1083,67,0.8996189931549817,0.9464412133049587
1084,67,0.6074993434407724,0.9464412133049587
1085,67,0.3780650672222083,0.9464412133049587
1086,67,0.8907649612021767,0.9464412133049587
1087,67,0.1664591194583948,0.9464412133049587
1088,68,0.4585789733803136,0.4079193628565091
1089,68,0.8036704933785355,0.4079193628565091
1090,68,0.7528519426028409,0.4079193628565091
1091,68,0.24587950677008968,0.4079193628565091
1092,68,0.2946393582888951,0.4079193628565091
1093,68,0.37284656620961415,0.4079193628565091
1094,68,0.401042774807254,0.4079193628565091
1095,68,0.6018244917047836,0.4079193628565091
1096,68,0.27659597239824846,0.4079193628565091
1097,68,0.3746917052951457,0.4079193628565091
1098,68,0.3840983790916243,0.4079193628565091
1099,68,0.5693599514299705,0.4079193628565091
1100,68,0.3952174761806348,0.4079193628565091
1101,68,0.387668270709502,0.4079193628565091
1102,68,0.8072105343594816,0.4079193628565091
1103,68,0.17842637772512188,0.4079193628565091
1104,69,0.2702710899660181,0.8778350039035832
1105,69,0.5505309858540025,0.8778350039035832
1106,69,0.23497582148772442,0.8778350039035832
1107,69,0.4073541485088842,0.8778350039035832
1108,69,0.6174979906423858,0.8778350039035832
1109,69,0.6558820219190811,0.8778350039035832
1110,69,0.48379067873050596,0.8778350039035832
1111,69,0.5611076295276083,0.8778350039035832
1112,69,0.3280872448417536,0.8778350039035832
1113,69,0.44886246153649545,0.8778350039035832
1114,69,0.6002091756878971,0.8778350039035832
1115,69,0.6313419299012082,0.8778350039035832
1116,69,0.6103095157450504,0.8778350039035832
1117,69,0.11720670483128617,0.8778350039035832
1118,69,0.5448629217373328,0.8778350039035832
1119,69,0.8746479567854638,0.8778350039035832
1120,70,0.6387449913053125,0.7778304800332757
1121,70,0.21325260801640952,0.7778304800332757
1122,70,0.8404512653910234,0.7778304800332757
1123,70,0.5785699082922305,0.7778304800332757
1124,70,0.7605649840590601,0.7778304800332757
1125,70,0.30984509871146365,0.7778304800332757
1126,70,0.8435591191335933,0.7778304800332757
1127,70,0.5116982598762497,0.7778304800332757
1128,70,0.5715942789063886,0.7778304800332757
1129,70,0.293608520338061,0.7778304800332757
1130,70,0.41360079878666045,0.7778304800332757
1131,70,0.7812723750071118,0.7778304800332757
1132,70,0.7044511264015725,0.7778304800332757
1133,70,0.5240561418155854,0.7778304800332757
1134,70,0.4680394239268536,0.7778304800332757
1135,70,0.005530601487247747,0.7778304800332757
1136,71,0.3293525046921505,0.8615300330102996
1137,71,0.3812309031625081,0.8615300330102996
1138,71,0.40203913676337255,0.8615300330102996
1139,71,0.4013517388855139,0.8615300330102996
1140,71,0.3529368550605016,0.8615300330102996
1141,71,0.16794764290794786,0.8615300330102996
1142,71,0.7761457260489746,0.8615300330102996
1143,71,0.4163108512331159,0.8615300330102996
1144,71,0.2794882143899236,0.8615300330102996
1145,71,0.40868982298735973,0.8615300330102996
1146,71,0.3266987202863413,0.8615300330102996
1147,71,0.168078599763065,0.8615300330102996
1148,71,0.16306383468822017,0.8615300330102996
1149,71,0.21001206279795173,0.8615300330102996
1150,71,0.34854726743399295,0.8615300330102996
1151,71,0.4333486298775122,0.8615300330102996
1152,72,0.6506920389727702,0.016921994238677573
1153,72,0.5060380041602375,0.016921994238677573
1154,72,0.3935865999449646,0.016921994238677573
1155,72,0.3769137989510483,0.016921994238677573
1156,72,0.48285092312757905,0.016921994238677573
1157,72,0.2946581144914863,0.016921994238677573
1158,72,0.42477568420698697,0.016921994238677573
1159,72,0.709546163786915,0.016921994238677573
1160,72,0.5748150076450802,0.016921994238677573
1161,72,0.5143876288591538,0.016921994238677573
1162,72,0.3540842836917417,0.016921994238677573
1163,72,0.5492903829262986,0.016921994238677573
1164,72,0.753209867053399,0.016921994238677573
1165,72,0.827991657690658,0.016921994238677573
1166,72,0.6585761021715442,0.016921994238677573
1167,72,0.2871460947860121,0.016921994238677573
1168,73,0.572981211654809,0.47739142797999323
1169,73,0.4431627248671433,0.47739142797999323
1170,73,0.9207152061105965,0.47739142797999323
1171,73,0.5509701908230951,0.47739142797999323
1172,73,0.26617930059137185,0.47739142797999323
1173,73,0.7765319647671018,0.47739142797999323
1174,73,0.596834853739988,0.47739142797999323
1175,73,0.025019357798647,0.47739142797999323
1176,73,0.6095821611424742,0.47739142797999323
1177,73,0.5902552756580565,0.47739142797999323
1178,73,0.8438350496767466,0.47739142797999323
1179,73,0.22311719380699482,0.47739142797999323
1180,73,0.4662852148595827,0.47739142797999323
1181,73,0.33572459495437207,0.47739142797999323
1182,73,0.17435919444710574,0.47739142797999323
1183,73,0.3166463048277639,0.47739142797999323
1184,74,0.7330199275753835,0.25943382681763894
1185,74,0.47777577629275403,0.25943382681763894
1186,74,0.845250661685514,0.25943382681763894
1187,74,0.16543955984834458,0.25943382681763894
1188,74,0.6676028324570729,0.25943382681763894
1189,74,0.8509549607061814,0.25943382681763894
1190,74,0.30971410552881373,0.25943382681763894
1191,74,0.8551369225842697,0.25943382681763894
1192,74,0.3991654746331395,0.25943382681763894
1193,74,0.6678584527115465,0.25943382681763894
1194,74,0.7195976158511366,0.25943382681763894
1195,74,0.5773932162348079,0.25943382681763894
1196,74,0.16544705567418497,0.25943382681763894
1197,74,0.37103612338788255,0.25943382681763894
1198,74,0.46356918067157704,0.25943382681763894
1199,74,0.683189902282311,0.25943382681763894
1200,75,0.20519731562290083,0.27402135522523396
1201,75,0.7128196891771706,0.27402135522523396
1202,75,0.891299682548205,0.27402135522523396
1203,75,0.6522981866995087,0.27402135522523396
1204,75,0.046837563456402435,0.27402135522523396
1205,75,0.8398898105977717,0.27402135522523396
1206,75,0.34029378608345434,0.27402135522523396
1207,75,0.4075908962033342,0.27402135522523396
1208,75,0.8108340840258486,0.27402135522523396
1209,75,0.2716641619565171,0.27402135522523396
1210,75,0.1120780669030477,0.27402135522523396
1211,75,0.5072951779038573,0.27402135522523396
1212,75,0.9187081310045496,0.27402135522523396
1213,75,0.4137191753604517,0.27402135522523396
1214,75,0.567090688490488,0.27402135522523396
1215,75,0.5198359136188222,0.27402135522523396
1216,76,0.5383182043853264,0.2698403223244006
1217,76,0.36798244270838565,0.2698403223244006
1218,76,0.43623111349932175,0.2698403223244006
1219,76,0.5528536539823578,0.2698403223244006
1220,76,0.2170567268904009,0.2698403223244006
1221,76,0.7271031133477198,0.2698403223244006
1222,76,0.28197829561920723,0.2698403223244006
1223,76,0.9296945825170633,0.2698403223244006
1224,76,0.618640578116192,0.2698403223244006
1225,76,0.8184411095646719,0.2698403223244006
1226,76,0.4570212311520882,0.2698403223244006
1227,76,0.3495712535808467,0.2698403223244006
1228,76,0.3758000854611121,0.2698403223244006
1229,76,0.5557801500233949,0.2698403223244006
1230,76,0.4788667729185899,0.2698403223244006
1231,76,0.7184646544722735,0.2698403223244006
1232,77,0.6960592148344757,0.38931367184596566
1233,77,0.6687395332542919,0.38931367184596566
1234,77,0.7313834636505187,0.38931367184596566
1235,77,0.6773791921348176,0.38931367184596566
1236,77,0.4835354787609936,0.38931367184596566
1237,77,0.3050137740373462,0.38931367184596566
1238,77,0.3822541466006572,0.38931367184596566
1239,77,0.5849211339233968,0.38931367184596566
1240,77,0.4117985784440049,0.38931367184596566
1241,77,0.6676703333997014,0.38931367184596566
1242,77,0.25447260007521916,0.38931367184596566
1243,77,0.6441427059372501,0.38931367184596566
1244,77,0.5609595962863312,0.38931367184596566
1245,77,0.31618386137709137,0.38931367184596566
1246,77,0.27717949409847525,0.38931367184596566
1247,77,0.8711178999232023,0.38931367184596566
1248,78,0.5849709281167232,0.41070461615316833
1249,78,0.2610770144259551,0.41070461615316833
1250,78,0.8439235155485223,0.41070461615316833
1251,78,0.8662182927438181,0.41070461615316833
1252,78,0.6496796887930031,0.41070461615316833
1253,78,0.3170443813402688,0.41070461615316833
1254,78,0.42297070817294746,0.41070461615316833
1255,78,0.05748561449100725,0.41070461615316833
1256,78,0.28834194871450214,0.41070461615316833
1257,78,0.39203934351896064,0.41070461615316833
1258,78,0.5604881415640264,0.41070461615316833
1259,78,0.7316364502695765,0.41070461615316833
1260,78,0.346705605932779,0.41070461615316833
1261,78,0.1418263437073478,0.41070461615316833
1262,78,0.1679855719172746,0.41070461615316833
1263,78,0.6287671838951838,0.41070461615316833
1264,79,0.8135574615028923,0.6340402481482471
1265,79,0.39438967921016943,0.6340402481482471
1266,79,0.6269581640189177,0.6340402481482471
1267,79,0.8177686043919451,0.6340402481482471
1268,79,0.4098237652471532,0.6340402481482471
1269,79,0.4824489812256825,0.6340402481482471
1270,79,0.6652592573019199,0.6340402481482471
1271,79,0.6961649782598782,0.6340402481482471
1272,79,0.4607177429489869,0.6340402481482471
1273,79,0.6218314256656159,0.6340402481482471
1274,79,0.324047165870111,0.6340402481482471
1275,79,0.5395334323220269,0.6340402481482471
1276,79,0.5381729730352558,0.6340402481482471
1277,79,0.3014017809803476,0.6340402481482471
1278,79,0.3198726797428486,0.6340402481482471
1279,79,0.4149755207990205,0.6340402481482471
1280,80,0.7871198316703715,0.3003645523480759
1281,80,0.7364585272749081,0.3003645523480759
1282,80,0.7342677743446238,0.3003645523480759
1283,80,0.7352966335966906,0.3003645523480759
1284,80,0.38092251498179475,0.3003645523480759
1285,80,0.8635286015913157,0.3003645523480759
1286,80,0.06259483302281849,0.3003645523480759
1287,80,0.7048408155896076,0.3003645523480759
1288,80,0.4929713579208717,0.3003645523480759
1289,80,0.22763782108827915,0.3003645523480759
1290,80,0.4178483597260495,0.3003645523480759
1291,80,0.5432745653313108,0.3003645523480759
1292,80,0.21160932550675932,0.3003645523480759
1293,80,0.44079255936496475,0.3003645523480759
1294,80,0.2878560884949737,0.3003645523480759
1295,80,0.6690299496248443,0.3003645523480759
1296,81,0.6701415163255946,0.2727771461258405
1297,81,0.14261424804333053,0.2727771461258405
1298,81,0.56270075178089,0.2727771461258405
1299,81,0.592548211591727,0.2727771461258405
1300,81,0.08072131051126116,0.2727771461258405
1301,81,0.6241139656949509,0.2727771461258405
1302,81,0.7907117046500475,0.2727771461258405
1303,81,0.8119374016333243,0.2727771461258405
1304,81,0.5979212368134378,0.2727771461258405
1305,81,0.23605256141937944,0.2727771461258405
1306,81,0.5722513386086404,0.2727771461258405
1307,81,0.578785508069091,0.2727771461258405
1308,81,0.6325212038925971,0.2727771461258405
1309,81,0.8592741721185067,0.2727771461258405
1310,81,0.5044595642635266,0.2727771461258405
1311,81,0.6453366608347623,0.2727771461258405
1312,82,0.47887842871985953,0.36060820265249927
1313,82,0.509705694841746,0.36060820265249927
1314,82,0.612038754306611,0.36060820265249927
1315,82,0.35162701520413336,0.36060820265249927
1316,82,0.7430173456126106,0.36060820265249927
1317,82,0.5727787441511717,0.36060820265249927
1318,82,0.5432358434700258,0.36060820265249927
1319,82,0.2531998047193944,0.36060820265249927
1320,82,0.2069652261477743,0.36060820265249927
1321,82,0.7081348935073407,0.36060820265249927
1322,82,0.8551350851610658,0.36060820265249927
1323,82,0.5936952331072142,0.36060820265249927
1324,82,0.9314180230724877,0.36060820265249927
1325,82,0.7408995061825702,0.36060820265249927
1326,82,0.22378055957112805,0.36060820265249927
1327,82,0.5240474253839703,0.36060820265249927
1328,83,0.3716921202518085,0.6865144929354994
1329,83,0.5807883083036592,0.6865144929354994
1330,83,0.5124429963621933,0.6865144929354994
1331,83,0.7377653889163946,0.6865144929354994
1332,83,0.6984708871977534,0.6865144929354994
1333,83,0.3174774723148411,0.6865144929354994
1334,83,0.5151377395579707,0.6865144929354994
1335,83,0.590680548877512,0.6865144929354994
1336,83,0.5233598220639042,0.6865144929354994
1337,83,0.7122950778964833,0.6865144929354994
1338,83,0.24007513360518457,0.6865144929354994
1339,83,0.2808456734859883,0.6865144929354994
1340,83,0.2999587859807125,0.6865144929354994
1341,83,0.7289814866271014,0.6865144929354994
1342,83,0.7610826803705992,0.6865144929354994
1343,83,0.31957140396553363,0.6865144929354994
1344,84,0.4747913733494845,0.0001711756244947571
1345,84,0.17220050917849225,0.0001711756244947571
1346,84,0.1927927522968439,0.0001711756244947571
1347,84,0.35594134188635856,0.0001711756244947571
1348,84,0.7300067016003627,0.0001711756244947571
1349,84,0.6137318772212799,0.0001711756244947571
1350,84,0.2971024089058384,0.0001711756244947571
1351,84,0.3429826157030715,0.0001711756244947571
1352,84,0.21814772550342978,0.0001711756244947571
1353,84,0.379579744796125,0.0001711756244947571
1354,84,0.4164472033894889,0.0001711756244947571
1355,84,0.5609257442344939,0.0001711756244947571
1356,84,0.4328084276411489,0.0001711756244947571
1357,84,0.07815199551361886,0.0001711756244947571
1358,84,0.21730427489994553,0.0001711756244947571
1359,84,0.7916882838704764,0.0001711756244947571
1360,85,0.5110995303439908,0.7469279572267308
1361,85,0.47691049596007595,0.7469279572267308
1362,85,0.5726553062747047,0.7469279572267308
1363,85,0.35764028926395314,0.7469279572267308
1364,85,0.726408962355452,0.7469279572267308
1365,85,0.53478864163309,0.7469279572267308
1366,85,0.364621054651796,0.7469279572267308
1367,85,0.8892758199825316,0.7469279572267308
1368,85,0.4903073860740353,0.7469279572267308
1369,85,0.7424003036533048,0.7469279572267308
1370,85,0.7154757251442233,0.7469279572267308
1371,85,0.25939372425089685,0.7469279572267308
1372,85,0.36438765283673047,0.7469279572267308
1373,85,0.8603900683075986,0.7469279572267308
1374,85,0.40350626312076954,0.7469279572267308
1375,85,0.5216996457362637,0.7469279572267308
1376,86,0.3605021412426334,0.3389687519924398
1377,86,0.6260070987095434,0.3389687519924398
1378,86,0.35840099535103404,0.3389687519924398
1379,86,0.7412035818244541,0.3389687519924398
1380,86,0.5762458632902596,0.3389687519924398
1381,86,0.6188270258884595,0.3389687519924398
1382,86,0.7003069539707261,0.3389687519924398
1383,86,0.526254083197062,0.3389687519924398
1384,86,0.42019268197464466,0.3389687519924398
1385,86,0.17698467920808922,0.3389687519924398
1386,86,0.7302803471698901,0.3389687519924398
1387,86,0.7290703700536864,0.3389687519924398
1388,86,0.8962193014060021,0.3389687519924398
1389,86,0.6145236356331569,0.3389687519924398
1390,86,0.26401182345565305,0.3389687519924398
1391,86,0.8091615981569247,0.3389687519924398
1392,87,0.4197869370826145,0.5762397732508459
1393,87,0.35479206797926083,0.5762397732508459
1394,87,0.6193866436996178,0.5762397732508459
1395,87,0.29516082187167497,0.5762397732508459
1396,87,0.6278383478089653,0.5762397732508459
1397,87,0.414602431598926,0.5762397732508459
1398,87,0.7724708003043247,0.5762397732508459
1399,87,0.6522279176874509,0.5762397732508459
1400,87,0.1844932113017415,0.5762397732508459
1401,87,0.7057988908328768,0.5762397732508459
1402,87,0.4067995972630557,0.5762397732508459
1403,87,0.9342731904206063,0.5762397732508459
1404,87,0.4173194169509065,0.5762397732508459
1405,87,0.6471501262179482,0.5762397732508459
1406,87,0.4317544449958795,0.5762397732508459
1407,87,0.5252330062136965,0.5762397732508459
1408,88,0.4357661009896731,0.7615222922385597
1409,88,0.8378485847659655,0.7615222922385597
1410,88,0.43185677399270234,0.7615222922385597
1411,88,0.288562240532385,0.7615222922385597
1412,88,0.6866660556123559,0.7615222922385597
1413,88,0.38083274526129357,0.7615222922385597
1414,88,0.8012727226682531,0.7615222922385597
1415,88,0.6495338179935826,0.7615222922385597
1416,88,0.6410341293092582,0.7615222922385597
1417,88,0.6382198383317528,0.7615222922385597
1418,88,0.7968951013279907,0.7615222922385597
1419,88,0.5706781783626829,0.7615222922385597
1420,88,0.4275497932311578,0.7615222922385597
1421,88,0.7895220705371295,0.7615222922385597
1422,88,0.6388721395133277,0.7615222922385597
1423,88,0.5801397683568618,0.7615222922385597
1424,89,0.1863199382778696,0.5108351676332793
1425,89,0.6446588836801713,0.5108351676332793
1426,89,0.4745088316269129,0.5108351676332793
1427,89,0.07400820236144509,0.5108351676332793
1428,89,0.03382602747133074,0.5108351676332793
1429,89,0.3535012560080446,0.5108351676332793
1430,89,0.08393830391773166,0.5108351676332793
1431,89,0.5106430934676865,0.5108351676332793
1432,89,0.2192434687863659,0.5108351676332793
1433,89,0.38372549920868426,0.5108351676332793
1434,89,0.4938881118549718,0.5108351676332793
1435,89,0.22923960129241383,0.5108351676332793
1436,89,0.44545055657675975,0.5108351676332793
1437,89,0.4204804281363103,0.5108351676332793
1438,89,0.7014775445123137,0.5108351676332793
1439,89,0.805821331714007,0.5108351676332793
1440,90,0.7498923069857997,0.647151248530974
1441,90,0.25907270186439685,0.647151248530974
1442,90,0.7337012425220436,0.647151248530974
1443,90,0.7558369767233666,0.647151248530974
1444,90,0.0932809238921645,0.647151248530974
1445,90,0.4298934269064354,0.647151248530974
1446,90,0.6792104810636079,0.647151248530974
1447,90,0.40480558432823743,0.647151248530974
1448,90,0.6856584813555182,0.647151248530974
1449,90,0.5843470890201524,0.647151248530974
1450,90,0.6533591607751741,0.647151248530974
1451,90,0.8928338168607153,0.647151248530974
1452,90,0.7285088115817885,0.647151248530974
1453,90,0.23771054859358,0.647151248530974
1454,90,0.313882967187082,0.647151248530974
1455,90,0.6134583866700174,0.647151248530974
1456,91,0.27755512467987636,0.9199407301330876
1457,91,0.5631495167676469,0.9199407301330876
1458,91,0.5572871875698133,0.9199407301330876
1459,91,0.2166857458658736,0.9199407301330876
1460,91,0.4907316818177566,0.9199407301330876
1461,91,0.3660594149694899,0.9199407301330876
1462,91,0.4303294014011555,0.9199407301330876
1463,91,0.5505699558575723,0.9199407301330876
1464,91,0.7920606569988338,0.9199407301330876
1465,91,0.21858324175901953,0.9199407301330876
1466,91,0.6918975709029229,0.9199407301330876
1467,91,0.5694628108309127,0.9199407301330876
1468,91,0.5108437059435454,0.9199407301330876
1469,91,0.40223128107154993,0.9199407301330876
1470,91,0.5692829844190864,0.9199407301330876
1471,91,0.22622741452898457,0.9199407301330876
1472,92,0.3848922750590175,0.029866272394770244
1473,92,0.6538380975920174,0.029866272394770244
1474,92,0.5838567597206864,0.029866272394770244
1475,92,0.6283327533550298,0.029866272394770244
1476,92,0.9411232805674061,0.029866272394770244
1477,92,0.37582381198244075,0.029866272394770244
1478,92,0.6409214065225729,0.029866272394770244
1479,92,0.3653289338320187,0.029866272394770244
1480,92,0.8925759154947605,0.029866272394770244
1481,92,0.4133705800788312,0.029866272394770244
1482,92,0.46804753453420783,0.029866272394770244
1483,92,0.15156920830447082,0.029866272394770244
1484,92,0.6456221860447855,0.029866272394770244
1485,92,0.20267572207407547,0.029866272394770244
1486,92,0.8691854883332817,0.029866272394770244
1487,92,0.4430564341117782,0.029866272394770244
1488,93,0.26310356862221296,0.34952883617399033
1489,93,0.5349858402599401,0.34952883617399033
1490,93,0.38187153444009453,0.34952883617399033
1491,93,0.05033570565904846,0.34952883617399033
1492,93,0.4886079899862844,0.34952883617399033
1493,93,0.2631775864343453,0.34952883617399033
1494,93,0.4959721390020051,0.34952883617399033
1495,93,0.8181422811029088,0.34952883617399033
1496,93,0.8180786672527861,0.34952883617399033
1497,93,0.7859313120182084,0.34952883617399033
1498,93,0.49412332680910326,0.34952883617399033
1499,93,0.5101705466265687,0.34952883617399033
1500,93,0.20787186069661626,0.34952883617399033
1501,93,0.5844388190814152,0.34952883617399033
1502,93,0.7670337567354835,0.34952883617399033
1503,93,0.6122734497406217,0.34952883617399033
1504,94,0.9305626820088484,0.9268541592993467
1505,94,0.4840039805880875,0.9268541592993467
1506,94,0.7706283539807156,0.9268541592993467
1507,94,0.3724198361022435,0.9268541592993467
1508,94,0.43516918169201163,0.9268541592993467
1509,94,0.36557523955098475,0.9268541592993467
1510,94,0.27054954198352804,0.9268541592993467
1511,94,0.8207839618498661,0.9268541592993467
1512,94,0.17576120424316968,0.9268541592993467
1513,94,0.228594530610872,0.9268541592993467
1514,94,0.8788541062357194,0.9268541592993467
1515,94,0.7758052578955856,0.9268541592993467
1516,94,0.35373022043961366,0.9268541592993467
1517,94,0.6073816518314187,0.9268541592993467
1518,94,0.41489496409694326,0.9268541592993467
1519,94,0.7212552754890237,0.9268541592993467
1520,95,0.33234207852298553,0.8374298297042314
1521,95,0.2532188987489223,0.8374298297042314
1522,95,0.41806635035565937,0.8374298297042314
1523,95,0.8270410662269859,0.8374298297042314
1524,95,0.1613835310968528,0.8374298297042314
1525,95,0.7078514456426329,0.8374298297042314
1526,95,0.42346394830282286,0.8374298297042314
1527,95,0.32439984505829145,0.8374298297042314
1528,95,0.8145527375064583,0.8374298297042314
1529,95,0.23403295347205708,0.8374298297042314
1530,95,0.6386212331744544,0.8374298297042314
1531,95,0.8641663518687237,0.8374298297042314
1532,95,0.633374370599159,0.8374298297042314
1533,95,0.9429953093246952,0.8374298297042314
1534,95,0.2411691876019546,0.8374298297042314
1535,95,0.27101076016719317,0.8374298297042314
1536,96,0.629656950187347,0.6168279813515756
1537,96,0.7570465781172161,0.6168279813515756
1538,96,0.8532771702101051,0.6168279813515756
1539,96,0.8923543953146285,0.6168279813515756
1540,96,0.6277392979309975,0.6168279813515756
1541,96,0.7747628758228927,0.6168279813515756
1542,96,0.1619049305946235,0.6168279813515756
1543,96,0.27492158553272034,0.6168279813515756
1544,96,0.1650426806732508,0.6168279813515756
1545,96,0.5398141248946567,0.6168279813515756
1546,96,0.5564529852377293,0.6168279813515756
1547,96,0.22904437239673878,0.6168279813515756
1548,96,0.6329192989125557,0.6168279813515756
1549,96,0.41474543263716784,0.6168279813515756
1550,96,0.4993538429032272,0.6168279813515756
1551,96,0.631764326894818,0.6168279813515756
1552,97,0.5215645585275409,0.22930295139803325
1553,97,0.5029305653925417,0.22930295139803325
1554,97,0.15366480499871105,0.22930295139803325
1555,97,0.19598657889872056,0.22930295139803325
1556,97,0.13025159650172505,0.22930295139803325
1557,97,0.2873381124113574,0.22930295139803325
1558,97,0.7744450196421088,0.22930295139803325
1559,97,0.3666592342009064,0.22930295139803325
1560,97,0.4255351720901101,0.22930295139803325
1561,97,0.5931500958287419,0.22930295139803325
1562,97,0.4717159476424171,0.22930295139803325
1563,97,0.34899584066533956,0.22930295139803325
1564,97,0.5661477086419465,0.22930295139803325
1565,97,0.5588208700030797,0.22930295139803325
1566,97,0.6839715152269189,0.22930295139803325
1567,97,0.36926592288985904,0.22930295139803325
1568,98,0.529706273233158,0.33053303792794875
1569,98,0.41475170897812114,0.33053303792794875
1570,98,0.2945011385375565,0.33053303792794875
1571,98,0.09708719105763525,0.33053303792794875
1572,98,0.2564826770120122,0.33053303792794875
1573,98,0.6824858631576036,0.33053303792794875
1574,98,0.19936608935838823,0.33053303792794875
1575,98,0.5756584652790456,0.33053303792794875
1576,98,0.43793614290280153,0.33053303792794875
1577,98,0.8062897616874486,0.33053303792794875
1578,98,0.36306649824387155,0.33053303792794875
1579,98,0.34471427334833443,0.33053303792794875
1580,98,0.24165563100599705,0.33053303792794875
1581,98,0.5440953769011714,0.33053303792794875
1582,98,0.5674783677012708,0.33053303792794875
1583,98,0.4476314257466237,0.33053303792794875
1584,99,0.5575073555101531,0.8579563762666257
1585,99,0.6500660942233167,0.8579563762666257
1586,99,0.4337634997863218,0.8579563762666257
1587,99,0.4968149729769111,0.8579563762666257
1588,99,0.6302878387785809,0.8579563762666257
1589,99,0.5725171526350394,0.8579563762666257
1590,99,0.9406392249138215,0.8579563762666257
1591,99,0.8395606530431278,0.8579563762666257
1592,99,0.5486177670279924,0.8579563762666257
1593,99,0.15428952652597355,0.8579563762666257
1594,99,0.615780794859585,0.8579563762666257
1595,99,0.6870387441114585,0.8579563762666257
1596,99,0.2353802607821081,0.8579563762666257
1597,99,0.667515483682065,0.8579563762666257
1598,99,0.4281001975801487,0.8579563762666257
1599,99,0.502546865156181,0.8579563762666257
1600,100,0.45827013875596184,0.698271457281969
1601,100,0.34602702666036395,0.698271457281969
1602,100,0.40748662399001484,0.698271457281969
1603,100,0.5286846836473141,0.698271457281969
1604,100,0.6915008546379935,0.698271457281969
1605,100,0.8058148764443565,0.698271457281969
1606,100,0.695059428215912,0.698271457281969
1607,100,0.47123448526103845,0.698271457281969
1608,100,0.23728106815583788,0.698271457281969
1609,100,0.4300162772423132,0.698271457281969
1610,100,0.2578131441671903,0.698271457281969
1611,100,0.5942388280461214,0.698271457281969
1612,100,0.1479343130641416,0.698271457281969
1613,100,0.42979801736463685,0.698271457281969
1614,100,0.320730207359607,0.698271457281969
1615,100,0.6478478416250312,0.698271457281969
1616,101,0.8444984819815166,0.2856502296610026
1617,101,0.5304059808972209,0.2856502296610026
1618,101,0.3753880674733522,0.2856502296610026
1619,101,0.8188295489205049,0.2856502296610026
1620,101,0.520289336720477,0.2856502296610026
1621,101,0.2979170375473298,0.2856502296610026
1622,101,0.26664814812419907,0.2856502296610026
1623,101,0.39556126376307527,0.2856502296610026
1624,101,0.6398731805501225,0.2856502296610026
1625,101,0.4470904279810165,0.2856502296610026
1626,101,0.2659098408252412,0.2856502296610026
1627,101,0.4190468747302789,0.2856502296610026
1628,101,0.7953060065411787,0.2856502296610026
1629,101,0.6986655855904125,0.2856502296610026
1630,101,0.4930127796871602,0.2856502296610026
1631,101,0.5869173842175792,0.2856502296610026
1632,102,0.6951379547604893,0.13224550180524286
1633,102,0.4149510431003707,0.13224550180524286
1634,102,0.5134780193645031,0.13224550180524286
1635,102,0.5745776042931156,0.13224550180524286
1636,102,0.7946006056824699,0.13224550180524286
1637,102,0.8834155356989576,0.13224550180524286
1638,102,0.09779733670131109,0.13224550180524286
1639,102,0.3310080549558239,0.13224550180524286
1640,102,0.30334941155017753,0.13224550180524286
1641,102,0.7444510141939237,0.13224550180524286
1642,102,0.6717947435865617,0.13224550180524286
1643,102,0.5390254627249297,0.13224550180524286
1644,102,0.651674250764402,0.13224550180524286
1645,102,0.6214178324649952,0.13224550180524286
1646,102,0.7350616782078677,0.13224550180524286
1647,102,0.7033261328371467,0.13224550180524286
1648,103,0.8237016756118332,0.7807703341042288
1649,103,0.6934660075146986,0.7807703341042288
1650,103,0.6514755531722436,0.7807703341042288
1651,103,0.5792389031945491,0.7807703341042288
1652,103,0.5323374609836827,0.7807703341042288
1653,103,0.5059575960245847,0.7807703341042288
1654,103,0.5447292652692188,0.7807703341042288
1655,103,0.7868854606813536,0.7807703341042288
1656,103,0.6549073939197778,0.7807703341042288
1657,103,0.3777242414506732,0.7807703341042288
1658,103,0.04816997456063293,0.7807703341042288
1659,103,0.43672403166195684,0.7807703341042288
1660,103,0.722690156068645,0.7807703341042288
1661,103,0.7947223129633547,0.7807703341042288
1662,103,0.4946171253905296,0.7807703341042288
1663,103,0.24763174580755076,0.7807703341042288
1664,104,0.4006821984405745,0.5762246797205511
1665,104,0.7210800470601272,0.5762246797205511
1666,104,0.45508539618504745,0.5762246797205511
1667,104,0.6027046822532929,0.5762246797205511
1668,104,0.41509882932680836,0.5762246797205511
1669,104,0.27484775124684724,0.5762246797205511
1670,104,0.6603088463521601,0.5762246797205511
1671,104,0.371089516305619,0.5762246797205511
1672,104,0.0459806497191438,0.5762246797205511
1673,104,0.30406894501430415,0.5762246797205511
1674,104,0.3999980762241946,0.5762246797205511
1675,104,0.7122385161217257,0.5762246797205511
1676,104,0.3300504798589938,0.5762246797205511
1677,104,0.6917766298837938,0.5762246797205511
1678,104,0.2583985475492465,0.5762246797205511
1679,104,0.44136173080917546,0.5762246797205511
1680,105,0.7664375043550432,0.963438189908024
1681,105,0.5802855130581708,0.963438189908024
1682,105,0.6210265240083711,0.963438189908024
1683,105,0.5113166897248039,0.963438189908024
1684,105,0.5136721366840841,0.963438189908024
1685,105,0.5875275783495191,0.963438189908024
1686,105,0.39857507803504594,0.963438189908024
1687,105,0.12626675884434013,0.963438189908024
1688,105,0.3178397489184936,0.963438189908024
1689,105,0.3994021862449181,0.963438189908024
1690,105,0.5655757974393671,0.963438189908024
1691,105,0.5824700832083194,0.963438189908024
1692,105,0.23881985262479696,0.963438189908024
1693,105,0.3597820352953062,0.963438189908024
1694,105,0.548838712368386,0.963438189908024
1695,105,0.5549700474480177,0.963438189908024
1696,106,0.653959073373245,0.4064911771303944
1697,106,0.5506941167385001,0.4064911771303944
1698,106,0.7713945633824585,0.4064911771303944
1699,106,0.13943296143912212,0.4064911771303944
1700,106,0.3039085272132117,0.4064911771303944
1701,106,0.5092044308637743,0.4064911771303944
1702,106,0.4463862139229318,0.4064911771303944
1703,106,0.6881842598857665,0.4064911771303944
1704,106,0.2556444292123266,0.4064911771303944
1705,106,0.4427504146215538,0.4064911771303944
1706,106,0.6363097163755912,0.4064911771303944
1707,106,0.7985654392051147,0.4064911771303944
1708,106,0.7756819972003707,0.4064911771303944
1709,106,0.2772623162450606,0.4064911771303944
1710,106,0.48923565888822323,0.4064911771303944
1711,106,0.3441690921877189,0.4064911771303944
1712,107,0.3786950525767135,0.349026963756198
1713,107,0.5309726615094974,0.349026963756198
1714,107,0.7410226343451044,0.349026963756198
1715,107,0.7291795344302986,0.349026963756198
1716,107,0.8015926241429654,0.349026963756198
1717,107,0.650968457870289,0.349026963756198
1718,107,0.41652836576885716,0.349026963756198
1719,107,0.5482501036996705,0.349026963756198
1720,107,0.3984885482201873,0.349026963756198
1721,107,0.8934775906998841,0.349026963756198
1722,107,0.5200270446272561,0.349026963756198
1723,107,0.7478540846711111,0.349026963756198
1724,107,0.7791469457494392,0.349026963756198
1725,107,0.6670984953719894,0.349026963756198
1726,107,0.2971726265096716,0.349026963756198
1727,107,0.38471023883365346,0.349026963756198
1728,108,0.43662305118229194,0.2907561429598794
1729,108,0.2455557815421696,0.2907561429598794
1730,108,0.45480172119560075,0.2907561429598794
1731,108,0.6946960539328993,0.2907561429598794
1732,108,0.585052039749246,0.2907561429598794
1733,108,0.24337867927333304,0.2907561429598794
1734,108,0.3788131023135559,0.2907561429598794
1735,108,0.7747474196691201,0.2907561429598794
1736,108,0.3041106945140909,0.2907561429598794
1737,108,0.8038588074751584,0.2907561429598794
1738,108,0.5066208702856592,0.2907561429598794
1739,108,0.4691075668540919,0.2907561429598794
1740,108,0.3276461297014103,0.2907561429598794
1741,108,0.42342430235413653,0.2907561429598794
1742,108,0.3091425343143886,0.2907561429598794
1743,108,0.7209645534787648,0.2907561429598794
1744,109,0.758114385210981,0.4818801371926721
1745,109,0.3909468684842224,0.4818801371926721
1746,109,0.8416764957162005,0.4818801371926721
1747,109,0.6456279520540732,0.4818801371926721
1748,109,0.0795541630310013,0.4818801371926721
1749,109,0.44522981489517977,0.4818801371926721
1750,109,0.8042399622793043,0.4818801371926721
1751,109,0.398090600343297,0.4818801371926721
1752,109,0.11933092284922092,0.4818801371926721
1753,109,0.7596899530514418,0.4818801371926721
1754,109,0.4571259299544988,0.4818801371926721
1755,109,0.47337966851649566,0.4818801371926721
1756,109,0.1975152936959747,0.4818801371926721
1757,109,0.6474542886842547,0.4818801371926721
1758,109,0.3717509141324829,0.4818801371926721
1759,109,0.41028815704518573,0.4818801371926721
1760,110,0.9370464636513792,0.32272964247161806
1761,110,0.37275048485749906,0.32272964247161806
1762,110,0.5253515413855528,0.32272964247161806
1763,110,0.6151440729114059,0.32272964247161806
1764,110,0.8429205134189258,0.32272964247161806
1765,110,0.21590677129931055,0.32272964247161806
1766,110,0.4217059949171298,0.32272964247161806
1767,110,0.12241000918064203,0.32272964247161806
1768,110,0.4099270234048448,0.32272964247161806
1769,110,0.43118062427463466,0.32272964247161806
1770,110,0.5574966517829207,0.32272964247161806
1771,110,0.5759670805881586,0.32272964247161806
1772,110,0.46637082179848216,0.32272964247161806
1773,110,0.7448011132487803,0.32272964247161806
1774,110,0.36324705682834585,0.32272964247161806
1775,110,0.1364602081003112,0.32272964247161806
1776,111,0.31512420763665433,0.07319059978704145
1777,111,0.48951869087051164,0.07319059978704145
1778,111,0.31624553347438217,0.07319059978704145
1779,111,0.4699316400210206,0.07319059978704145
1780,111,0.37919583237235327,0.07319059978704145
1781,111,0.7956447048551606,0.07319059978704145
1782,111,0.47897077111893216,0.07319059978704145
1783,111,0.6033923990171862,0.07319059978704145
1784,111,0.7691429192624395,0.07319059978704145
1785,111,0.21045975404010125,0.07319059978704145
1786,111,0.46479041192517195,0.07319059978704145
1787,111,0.5154415651785121,0.07319059978704145
1788,111,0.4822563435859623,0.07319059978704145
1789,111,0.6206457479319316,0.07319059978704145
1790,111,0.15365983717923065,0.07319059978704145
1791,111,0.3243633057862863,0.07319059978704145
1792,112,0.6147673287263083,0.3121290578928153
1793,112,0.2228013795782399,0.3121290578928153
1794,112,0.7433925106796578,0.3121290578928153
1795,112,0.7508067191604493,0.3121290578928153
1796,112,0.4019644167544632,0.3121290578928153
1797,112,0.5234653153126795,0.3121290578928153
1798,112,0.42456088475437953,0.3121290578928153
1799,112,0.4777597949601876,0.3121290578928153
1800,112,0.20272854349827454,0.3121290578928153
1801,112,0.5658844739080416,0.3121290578928153
1802,112,0.23549129963707363,0.3121290578928153
1803,112,0.6747130719667158,0.3121290578928153
1804,112,0.422536697233888,0.3121290578928153
1805,112,0.5913472663710498,0.3121290578928153
1806,112,0.14942713636112376,0.3121290578928153
1807,112,0.34202617875208635,0.3121290578928153
1808,113,0.5244769684503062,0.2188859333030625
1809,113,0.5357513931615497,0.2188859333030625
1810,113,0.427311066679566,0.2188859333030625
1811,113,0.7594772416981576,0.2188859333030625
1812,113,0.41063462623129326,0.2188859333030625
1813,113,0.5704843871913127,0.2188859333030625
1814,113,0.26286243867786063,0.2188859333030625
1815,113,0.5983241029725099,0.2188859333030625
1816,113,0.6361270866088894,0.2188859333030625
1817,113,0.5664760380547597,0.2188859333030625
1818,113,0.5829264522403471,0.2188859333030625
1819,113,0.714933323955316,0.2188859333030625
1820,113,0.5305278305254669,0.2188859333030625
1821,113,0.6920656528572285,0.2188859333030625
1822,113,0.41679359757606044,0.2188859333030625
1823,113,0.24028731057859473,0.2188859333030625
1824,114,0.5636963066814269,0.8153849962785588
1825,114,0.8592639419375409,0.8153849962785588
1826,114,0.1966448324319109,0.8153849962785588
1827,114,0.8807572526049903,0.8153849962785588
1828,114,0.3253415701467757,0.8153849962785588
1829,114,0.46847446968151446,0.8153849962785588
1830,114,0.34559368148698144,0.8153849962785588
1831,114,0.6925793330383736,0.8153849962785588
1832,114,0.6835136765160947,0.8153849962785588
1833,114,0.46870518922826787,0.8153849962785588
1834,114,0.7695270694406913,0.8153849962785588
1835,114,0.7955662035946641,0.8153849962785588
1836,114,0.6181645474389821,0.8153849962785588
1837,114,0.44311722270222914,0.8153849962785588
1838,114,0.5558846746548731,0.8153849962785588
1839,114,0.4092389382348324,0.8153849962785588
1840,115,0.34972613528999347,0.23559253312526796
1841,115,0.2700134390389885,0.23559253312526796
1842,115,0.35772933240632476,0.23559253312526796
1843,115,0.33848346757524855,0.23559253312526796
1844,115,0.6099174830207547,0.23559253312526796
1845,115,0.6311034518428662,0.23559253312526796
1846,115,0.4330967338094785,0.23559253312526796
1847,115,0.24331200510048304,0.23559253312526796
1848,115,0.4553194628185466,0.23559253312526796
1849,115,0.9537624690131322,0.23559253312526796
1850,115,0.3298252477536673,0.23559253312526796
1851,115,0.6612982129138851,0.23559253312526796
1852,115,0.4764664438552753,0.23559253312526796
1853,115,0.7339083762004942,0.23559253312526796
1854,115,0.1436623712452638,0.23559253312526796
1855,115,0.39144129804415234,0.23559253312526796
1856,116,0.6390791402228276,0.45887157101893683
1857,116,0.22037864945863725,0.45887157101893683
1858,116,0.4916290666030789,0.45887157101893683
1859,116,0.2044171491406621,0.45887157101893683
1860,116,0.17008096378907306,0.45887157101893683
1861,116,0.6011649472812529,0.45887157101893683
1862,116,0.6242921207741622,0.45887157101893683
1863,116,0.4308834190479819,0.45887157101893683
1864,116,0.5521729924928491,0.45887157101893683
1865,116,0.752737996197246,0.45887157101893683
1866,116,0.5272584548926664,0.45887157101893683
1867,116,0.4931952546290647,0.45887157101893683
1868,116,0.22305131719782237,0.45887157101893683
1869,116,0.5078794679453527,0.45887157101893683
1870,116,0.14774375799593348,0.45887157101893683
1871,116,0.34775481244915657,0.45887157101893683
1872,117,0.31167444078005024,0.6727382423624793
1873,117,0.17288764588476338,0.6727382423624793
1874,117,0.5225137842894801,0.6727382423624793
1875,117,0.5418389236404754,0.6727382423624793
1876,117,0.17852351320425286,0.6727382423624793
1877,117,0.3718504776774744,0.6727382423624793
1878,117,0.5024353713148271,0.6727382423624793
1879,117,0.2941041321568719,0.6727382423624793
1880,117,0.6905089474419366,0.6727382423624793
1881,117,0.7557886159653493,0.6727382423624793
1882,117,0.44969374373764,0.6727382423624793
1883,117,0.5318985789680252,0.6727382423624793
1884,117,0.4661330096872083,0.6727382423624793
1885,117,0.3391498847323924,0.6727382423624793
1886,117,0.18567899579448532,0.6727382423624793
1887,117,0.1086694408356726,0.6727382423624793
1888,118,0.75438441890484,0.14922687273244606
1889,118,0.4391864814628956,0.14922687273244606
1890,118,0.8899150967813628,0.14922687273244606
1891,118,0.3694930382364356,0.14922687273244606
1892,118,0.25716144382476863,0.14922687273244606
1893,118,0.5263369497765666,0.14922687273244606
1894,118,0.23833279700314028,0.14922687273244606
1895,118,0.7548056051088285,0.14922687273244606
1896,118,0.5600423344870514,0.14922687273244606
1897,118,0.1867311396124675,0.14922687273244606
1898,118,0.1762872229535779,0.14922687273244606
1899,118,0.37579098424183044,0.14922687273244606
1900,118,0.39625656933452297,0.14922687273244606
1901,118,0.17620748715564508,0.14922687273244606
1902,118,0.9483468862866714,0.14922687273244606
1903,118,0.18915187383133272,0.14922687273244606
1904,119,0.4698704110734754,0.531282484435957
1905,119,0.3883826550672058,0.531282484435957
1906,119,0.18276249490908777,0.531282484435957
1907,119,0.12853949236708315,0.531282484435957
1908,119,0.7924574147406955,0.531282484435957
1909,119,0.33681471387792117,0.531282484435957
1910,119,0.26271575422767923,0.531282484435957
1911,119,0.3833179516174967,0.531282484435957
1912,119,0.7404662727951531,0.531282484435957
1913,119,0.2861774265739538,0.531282484435957
1914,119,0.46504040754582626,0.531282484435957
1915,119,0.6562159967844121,0.531282484435957
1916,119,0.5230455444584422,0.531282484435957
1917,119,0.43232819322197363,0.531282484435957
1918,119,0.787032301754292,0.531282484435957
1919,119,0.1385501975125814,0.531282484435957
1920,120,0.2853517009728391,0.8471869516385989
1921,120,0.8767090473263371,0.8471869516385989
1922,120,0.6820788984018197,0.8471869516385989
1923,120,0.3743127494022757,0.8471869516385989
1924,120,0.49897587618007655,0.8471869516385989
1925,120,0.6233241274717637,0.8471869516385989
1926,120,0.8213678205545665,0.8471869516385989
1927,120,0.5377138095631944,0.8471869516385989
1928,120,0.4022402933206813,0.8471869516385989
1929,120,0.23195153839608768,0.8471869516385989
1930,120,0.7974806199536846,0.8471869516385989
1931,120,0.5996768996747197,0.8471869516385989
1932,120,0.8502954215395521,0.8471869516385989
1933,120,0.2250580573375207,0.8471869516385989
1934,120,0.5092572959073673,0.8471869516385989
1935,120,0.7098693456860532,0.8471869516385989
1936,121,0.77645210230985,0.5840807517660912
1937,121,0.6847516772276634,0.5840807517660912
1938,121,0.49271588553066237,0.5840807517660912
1939,121,0.8795755956733323,0.5840807517660912
1940,121,0.5774182851651946,0.5840807517660912
1941,121,0.7514408246879617,0.5840807517660912
1942,121,0.808814667877755,0.5840807517660912
1943,121,0.5585282129280759,0.5840807517660912
1944,121,0.7382452051719102,0.5840807517660912
1945,121,0.5507240401187011,0.5840807517660912
1946,121,0.7131353569483431,0.5840807517660912
1947,121,0.125532856496538,0.5840807517660912
1948,121,0.9365006568595694,0.5840807517660912
1949,121,0.2083961601943656,0.5840807517660912
1950,121,0.46651570627624933,0.5840807517660912
1951,121,0.9282316759609668,0.5840807517660912
1952,122,0.3432932485362158,0.4823864389691985
1953,122,0.838249695428253,0.4823864389691985
1954,122,0.4365693674878487,0.4823864389691985
1955,122,0.346480398514398,0.4823864389691985
1956,122,0.5783555629427823,0.4823864389691985
1957,122,0.5323471877930924,0.4823864389691985
1958,122,0.48515419945136773,0.4823864389691985
1959,122,0.47191091714420674,0.4823864389691985
1960,122,0.6991335394865091,0.4823864389691985
1961,122,0.5322997235559507,0.4823864389691985
1962,122,0.3300469569344229,0.4823864389691985
1963,122,0.7362200909418339,0.4823864389691985
1964,122,0.8680854857846854,0.4823864389691985
1965,122,0.819356209912705,0.4823864389691985
1966,122,0.3810587339876788,0.4823864389691985
1967,122,0.6512197519706502,0.4823864389691985
1968,123,0.47412537667239923,0.8388788947055122
1969,123,0.14354489327064537,0.8388788947055122
1970,123,0.2643214307294806,0.8388788947055122
1971,123,0.2920029557958352,0.8388788947055122
1972,123,0.5397129517118924,0.8388788947055122
1973,123,0.8253073634019463,0.8388788947055122
1974,123,0.3051567907798756,0.8388788947055122
1975,123,0.6953077128374872,0.8388788947055122
1976,123,0.1259395258139722,0.8388788947055122
1977,123,0.796621718536946,0.8388788947055122
1978,123,0.45852871616792423,0.8388788947055122
1979,123,0.3579725005956742,0.8388788947055122
1980,123,0.4665659893131959,0.8388788947055122
1981,123,0.6016056674907523,0.8388788947055122
1982,123,0.5487391114025165,0.8388788947055122
1983,123,0.29781174032747093,0.8388788947055122
1984,124,0.5611092511797979,0.9472519273788725
1985,124,0.3140593689402732,0.9472519273788725
1986,124,0.14671047848580787,0.9472519273788725
1987,124,0.5162761320427026,0.9472519273788725
1988,124,0.5455937099285597,0.9472519273788725
1989,124,0.21736734813691777,0.9472519273788725
1990,124,0.5038484992543122,0.9472519273788725
1991,124,0.1272819015119,0.9472519273788725
1992,124,0.8095748263278311,0.9472519273788725
1993,124,0.2655002660810358,0.9472519273788725
1994,124,0.45149301732620856,0.9472519273788725
1995,124,0.46853857994774634,0.9472519273788725
1996,124,0.8567946768967101,0.9472519273788725
1997,124,0.08420332944969539,0.9472519273788725
1998,124,0.9158263653451891,0.9472519273788725
1999,124,0.7580002758982974,0.9472519273788725
2000,125,0.5188059267105936,0.8209853994034504
2001,125,0.5777715397784443,0.8209853994034504
2002,125,0.48319572422340085,0.8209853994034504
2003,125,0.22402381354681267,0.8209853994034504
2004,125,0.6107492885584336,0.8209853994034504
2005,125,0.6010083707429562,0.8209853994034504
2006,125,0.7131954666220905,0.8209853994034504
2007,125,0.8604151721826352,0.8209853994034504
2008,125,0.2579631455291163,0.8209853994034504
2009,125,0.6836895175721075,0.8209853994034504
2010,125,0.649251824526112,0.8209853994034504
2011,125,0.17093184062104097,0.8209853994034504
2012,125,0.2659065105585541,0.8209853994034504
2013,125,0.07760087751064898,0.8209853994034504
2014,125,0.224579855608484,0.8209853994034504
2015,125,0.4160443197103699,0.8209853994034504
2016,126,0.1751944485254374,0.40840944860075457
2017,126,0.790886050755796,0.40840944860075457
2018,126,0.08479284576449715,0.40840944860075457
2019,126,0.39669248590953726,0.40840944860075457
2020,126,0.21060283643613265,0.40840944860075457
2021,126,0.3763961507865268,0.40840944860075457
2022,126,0.5120555848685137,0.40840944860075457
2023,126,0.5247782222516227,0.40840944860075457
2024,126,0.644592050028685,0.40840944860075457
2025,126,0.8407486352301973,0.40840944860075457
2026,126,0.10309598603645616,0.40840944860075457
2027,126,0.6415325233993876,0.40840944860075457
2028,126,0.7969648120813982,0.40840944860075457
2029,126,0.3286420682892442,0.40840944860075457
2030,126,0.3502030428278514,0.40840944860075457
2031,126,0.39509627538297004,0.40840944860075457
2032,127,0.46682647925978066,0.6116930886692934
2033,127,0.227702458441356,0.6116930886692934
2034,127,0.5099840538895151,0.6116930886692934
2035,127,0.41402634520885295,0.6116930886692934
2036,127,0.741746752924052,0.6116930886692934
2037,127,0.4775081793605828,0.6116930886692934
2038,127,0.868120308107571,0.6116930886692934
2039,127,0.30784456026617146,0.6116930886692934
2040,127,0.8376498474862057,0.6116930886692934
2041,127,0.1695569906873075,0.6116930886692934
2042,127,0.4070012278869389,0.6116930886692934
2043,127,0.5534282287113552,0.6116930886692934
2044,127,0.28830789547543484,0.6116930886692934
2045,127,0.5782686482989626,0.6116930886692934
2046,127,0.3424820494336796,0.6116930886692934
2047,127,0.2005853019775321,0.6116930886692934
2048,128,0.4867205931381314,0.5266416950300847
2049,128,0.1530389796258085,0.5266416950300847
2050,128,0.4674229570985834,0.5266416950300847
2051,128,0.36001227551028153,0.5266416950300847
2052,128,0.8435926107731255,0.5266416950300847
2053,128,0.4842225629417022,0.5266416950300847
2054,128,0.7626616698508767,0.5266416950300847
2055,128,0.22096780392694937,0.5266416950300847
2056,128,0.839864560824548,0.5266416950300847
2057,128,0.5520889992111008,0.5266416950300847
2058,128,0.3059919944351682,0.5266416950300847
2059,128,0.4132071943917882,0.5266416950300847
2060,128,0.5474021152100403,0.5266416950300847
2061,128,0.6209265077905234,0.5266416950300847
2062,128,0.234294755338888,0.5266416950300847
2063,128,0.8521563585408465,0.5266416950300847
2064,129,0.28066773731949324,0.30330862268411773
2065,129,0.13424375097899494,0.30330862268411773
2066,129,0.2969650710103315,0.30330862268411773
2067,129,0.9207590273178653,0.30330862268411773
2068,129,0.4293817630823181,0.30330862268411773
2069,129,0.3952175747711823,0.30330862268411773
2070,129,0.5785037925219316,0.30330862268411773
2071,129,0.5023055575163546,0.30330862268411773
2072,129,0.7326746965911253,0.30330862268411773
2073,129,0.24096628602674192,0.30330862268411773
2074,129,0.8309964570445424,0.30330862268411773
2075,129,0.7148291611001661,0.30330862268411773
2076,129,0.017649235384665878,0.30330862268411773
2077,129,0.5772634487627263,0.30330862268411773
2078,129,0.39708865218838924,0.30330862268411773
2079,129,0.6068082697322962,0.30330862268411773
2080,130,0.21314261956346264,0.4353201289591915
2081,130,0.7364695957025197,0.4353201289591915
2082,130,0.7833092581353583,0.4353201289591915
2083,130,0.28371866567652926,0.4353201289591915
2084,130,0.5335091299149147,0.4353201289591915
2085,130,0.6059490335506733,0.4353201289591915
2086,130,0.33666315310613837,0.4353201289591915
2087,130,0.4400142362585982,0.4353201289591915
2088,130,0.493924689299381,0.4353201289591915
2089,130,0.35195097915782253,0.4353201289591915
2090,130,0.7728986789081491,0.4353201289591915
2091,130,0.45495753270096984,0.4353201289591915
2092,130,0.6196965077537877,0.4353201289591915
2093,130,0.5540712409009594,0.4353201289591915
2094,130,0.25567036736027277,0.4353201289591915
2095,130,0.6594201946381533,0.4353201289591915
2096,131,0.42556410804048955,0.8292667794441382
2097,131,0.8259668837774082,0.8292667794441382
2098,131,0.6123771945907844,0.8292667794441382
2099,131,0.8986799647550685,0.8292667794441382
2100,131,0.8397423894280147,0.8292667794441382
2101,131,0.32072584899882145,0.8292667794441382
2102,131,0.36002507660467703,0.8292667794441382
2103,131,0.14355901636004562,0.8292667794441382
2104,131,0.3329283024527879,0.8292667794441382
2105,131,0.5190504676495052,0.8292667794441382
2106,131,0.5003576664065974,0.8292667794441382
2107,131,0.2627815851229731,0.8292667794441382
2108,131,0.5204513176029482,0.8292667794441382
2109,131,0.6169242487195594,0.8292667794441382
2110,131,0.46776600935907914,0.8292667794441382
2111,131,0.2654396523522134,0.8292667794441382
2112,132,0.7207597034483632,0.30047984286702967
2113,132,0.5944414875105777,0.30047984286702967
2114,132,0.44865519837290174,0.30047984286702967
2115,132,0.30520071667736437,0.30047984286702967
2116,132,0.9426959938686006,0.30047984286702967
2117,132,0.6278720984083425,0.30047984286702967
2118,132,0.26578229648597473,0.30047984286702967
2119,132,0.5282955894164559,0.30047984286702967
2120,132,0.5613739826132373,0.30047984286702967
2121,132,0.45874916952779526,0.30047984286702967
2122,132,0.5540565913869028,0.30047984286702967
2123,132,0.23436964407018632,0.30047984286702967
2124,132,0.38372360417778634,0.30047984286702967
2125,132,0.5993085596539423,0.30047984286702967
2126,132,0.766353317501114,0.30047984286702967
2127,132,0.31067250987570877,0.30047984286702967
2128,133,0.6795690966967791,0.8895570571156132
2129,133,0.7223804598953655,0.8895570571156132
2130,133,0.7619434911922517,0.8895570571156132
2131,133,0.4778791315457462,0.8895570571156132
2132,133,0.9499151409557371,0.8895570571156132
2133,133,0.3110272045931475,0.8895570571156132
2134,133,0.48254209316260277,0.8895570571156132
2135,133,0.32990784872202117,0.8895570571156132
2136,133,0.46780930813331123,0.8895570571156132
2137,133,0.45447849898514214,0.8895570571156132
2138,133,0.45394952800805544,0.8895570571156132
2139,133,0.8530762777119206,0.8895570571156132
2140,133,0.5443569379634894,0.8895570571156132
2141,133,0.33877848285502743,0.8895570571156132
2142,133,0.7016070172083064,0.8895570571156132
2143,133,0.41762475091983503,0.8895570571156132
2144,134,0.6860077340574546,0.9914293192081454
2145,134,0.32816880140028953,0.9914293192081454
2146,134,0.39502422429573925,0.9914293192081454
2147,134,0.2986039175313265,0.9914293192081454
2148,134,0.5677887929663222,0.9914293192081454
2149,134,0.47457841033254194,0.9914293192081454
2150,134,0.48161925098652797,0.9914293192081454
2151,134,0.6803685311802664,0.9914293192081454
2152,134,0.4272731157535333,0.9914293192081454
2153,134,0.3892205838419805,0.9914293192081454
2154,134,0.49146924865395464,0.9914293192081454
2155,134,0.7157928394889238,0.9914293192081454
2156,134,0.8523748749933961,0.9914293192081454
2157,134,0.308384500034912,0.9914293192081454
2158,134,0.9326264105612468,0.9914293192081454
2159,134,0.6313135599997646,0.9914293192081454
2160,135,0.3322455366376613,0.3067672957354898
2161,135,0.49466747370463143,0.3067672957354898
2162,135,0.20769623004695825,0.3067672957354898
2163,135,0.4170830484174417,0.3067672957354898
2164,135,0.7079464105339476,0.3067672957354898
2165,135,0.8072645224681532,0.3067672957354898
2166,135,0.1947851588553252,0.3067672957354898
2167,135,0.14757947911206387,0.3067672957354898
2168,135,0.44702501221737023,0.3067672957354898
2169,135,0.440487173647516,0.3067672957354898
2170,135,0.68505694956288,0.3067672957354898
2171,135,0.14959126774416717,0.3067672957354898
2172,135,0.5973661096258784,0.3067672957354898
2173,135,0.7653214980804833,0.3067672957354898
2174,135,0.9411932522814013,0.3067672957354898
2175,135,0.6445030109567772,0.3067672957354898
2176,136,0.22877463827477132,0.12273805462617138
2177,136,0.34891759711710274,0.12273805462617138
2178,136,0.31239578818110997,0.12273805462617138
2179,136,0.5253704591438388,0.12273805462617138
2180,136,0.8937141434093219,0.12273805462617138
2181,136,0.3290822462770424,0.12273805462617138
2182,136,0.4457797600945922,0.12273805462617138
2183,136,0.0194389327268941,0.12273805462617138
2184,136,0.2180487349729534,0.12273805462617138
2185,136,0.34192987747825626,0.12273805462617138
2186,136,0.7442718610225832,0.12273805462617138
2187,136,0.7024126729147773,0.12273805462617138
2188,136,0.7830646651417921,0.12273805462617138
2189,136,0.3028290385504721,0.12273805462617138
2190,136,0.680360648773691,0.12273805462617138
2191,136,0.5702142653992166,0.12273805462617138
2192,137,0.5957246354337629,0.9571743488553465
2193,137,0.1766249463302824,0.9571743488553465
2194,137,0.6413031124330723,0.9571743488553465
2195,137,0.9314525888328524,0.9571743488553465
2196,137,0.3272140690914899,0.9571743488553465
2197,137,0.18259703275948214,0.9571743488553465
2198,137,0.9760608213072217,0.9571743488553465
2199,137,0.6517781952235605,0.9571743488553465
2200,137,0.7168495051231955,0.9571743488553465
2201,137,0.8513904388725524,0.9571743488553465
2202,137,0.8005386359668337,0.9571743488553465
2203,137,0.3448317500212435,0.9571743488553465
2204,137,0.19984113604296683,0.9571743488553465
2205,137,0.7907150727929363,0.9571743488553465
2206,137,0.3560314939108065,0.9571743488553465
2207,137,0.2537819111045953,0.9571743488553465
2208,138,0.8321005079556221,0.17106515967605973
2209,138,0.2696357602059181,0.17106515967605973
2210,138,0.41469044980310404,0.17106515967605973
2211,138,0.8353740906366093,0.17106515967605973
2212,138,0.12873573500743068,0.17106515967605973
2213,138,0.9102023352654535,0.17106515967605973
2214,138,0.12967759339817836,0.17106515967605973
2215,138,0.37383294641043757,0.17106515967605973
2216,138,0.1919415684876565,0.17106515967605973
2217,138,0.4354625796820585,0.17106515967605973
2218,138,0.5472320080339497,0.17106515967605973
2219,138,0.24941653555998497,0.17106515967605973
2220,138,0.4562054136965358,0.17106515967605973
2221,138,0.2636684083829773,0.17106515967605973
2222,138,0.4782725008257193,0.17106515967605973
2223,138,0.2533255921597346,0.17106515967605973
2224,139,0.5143653727567127,0.7714638089361773
2225,139,0.23427350203165223,0.7714638089361773
2226,139,0.5057228934285181,0.7714638089361773
2227,139,0.2218618261368393,0.7714638089361773
2228,139,0.3686512860277973,0.7714638089361773
2229,139,0.5732725446555731,0.7714638089361773
2230,139,0.25588613507109176,0.7714638089361773
2231,139,0.07342072236834743,0.7714638089361773
2232,139,0.06249012364757512,0.7714638089361773
2233,139,0.5833707246865641,0.7714638089361773
2234,139,0.7092007971909343,0.7714638089361773
2235,139,0.8402458337348614,0.7714638089361773
2236,139,0.7043043303601217,0.7714638089361773
2237,139,0.43139616343959275,0.7714638089361773
2238,139,0.01480128510475752,0.7714638089361773
2239,139,0.21855360325840506,0.7714638089361773
2240,140,0.5496712393479747,0.039113478648201805
2241,140,0.26652884570986934,0.039113478648201805
2242,140,0.5984979947675579,0.039113478648201805
2243,140,0.5629851102482554,0.039113478648201805
2244,140,0.5989971671884553,0.039113478648201805
2245,140,0.37657940417519115,0.039113478648201805
2246,140,0.812588693529002,0.039113478648201805
2247,140,0.3721056057734614,0.039113478648201805
2248,140,0.8221824666451677,0.039113478648201805
2249,140,0.23768109367042234,0.039113478648201805
2250,140,0.7917135218263542,0.039113478648201805
2251,140,0.576162438505059,0.039113478648201805
2252,140,0.23235530739078195,0.039113478648201805
2253,140,0.0937531856916565,0.039113478648201805
2254,140,0.6989210134053924,0.039113478648201805
2255,140,0.36207398486935216,0.039113478648201805
2256,141,0.39982940242919435,0.23556509847015417
2257,141,0.5403720363109079,0.23556509847015417
2258,141,0.3499047882715246,0.23556509847015417
2259,141,0.7674966523094507,0.23556509847015417
2260,141,0.5388662827998594,0.23556509847015417
2261,141,0.8337430696575474,0.23556509847015417
2262,141,0.25050679573812873,0.23556509847015417
2263,141,0.43485646035720754,0.23556509847015417
2264,141,0.4258105393626234,0.23556509847015417
2265,141,0.17431601214392622,0.23556509847015417
2266,141,0.8051039179452785,0.23556509847015417
2267,141,0.5106089614483896,0.23556509847015417
2268,141,0.33506527263395985,0.23556509847015417
2269,141,0.23783010355314946,0.23556509847015417
2270,141,0.4849920658509975,0.23556509847015417
2271,141,0.06798130927523484,0.23556509847015417
2272,142,0.46098384441305085,0.2601553110299646
2273,142,0.2643195601628629,0.2601553110299646
2274,142,0.38849822675632967,0.2601553110299646
2275,142,0.28315447505594515,0.2601553110299646
2276,142,0.7490461151621308,0.2601553110299646
2277,142,0.6564999605825177,0.2601553110299646
2278,142,0.6794306971886634,0.2601553110299646
2279,142,0.3549847422310835,0.2601553110299646
2280,142,0.5276426993274582,0.2601553110299646
2281,142,0.19864930763820843,0.2601553110299646
2282,142,0.4361093870129676,0.2601553110299646
2283,142,0.9391507493820604,0.2601553110299646
2284,142,0.5614849781312712,0.2601553110299646
2285,142,0.88253163723444,0.2601553110299646
2286,142,0.11900755586220639,0.2601553110299646
2287,142,0.2673925850823382,0.2601553110299646
2288,143,0.5491532032807085,0.29723503205329516
2289,143,0.3809588158126976,0.29723503205329516
2290,143,0.7823899820826212,0.29723503205329516
2291,143,0.6873399203565453,0.29723503205329516
2292,143,0.5113588539497227,0.29723503205329516
2293,143,0.39255894593124235,0.29723503205329516
2294,143,0.3765458641140832,0.29723503205329516
2295,143,0.42301403600464754,0.29723503205329516
2296,143,0.721436999338754,0.29723503205329516
2297,143,0.12489577032575604,0.29723503205329516
2298,143,0.2780352033686452,0.29723503205329516
2299,143,0.14807530211784903,0.29723503205329516
2300,143,0.34298310223019457,0.29723503205329516
2301,143,0.21187887481642384,0.29723503205329516
2302,143,0.5313194046483933,0.29723503205329516
2303,143,0.39305399889678383,0.29723503205329516
2304,144,0.3267406802673554,0.9193037603731687
2305,144,0.12301334445472535,0.9193037603731687
2306,144,0.28286471458838697,0.9193037603731687
2307,144,0.8577481124661814,0.9193037603731687
2308,144,0.38702557986720965,0.9193037603731687
2309,144,0.7776777723398562,0.9193037603731687
2310,144,0.4790296679174043,0.9193037603731687
2311,144,0.7523489984279835,0.9193037603731687
2312,144,0.37653326138215093,0.9193037603731687
2313,144,0.6500494217467768,0.9193037603731687
2314,144,0.17410844423795419,0.9193037603731687
2315,144,0.693246652553053,0.9193037603731687
2316,144,0.6962445105620497,0.9193037603731687
2317,144,0.8441601524144468,0.9193037603731687
2318,144,0.26903953820726856,0.9193037603731687
2319,144,0.6649905248055568,0.9193037603731687
2320,145,0.468128310475451,0.17530970920991185
2321,145,0.3055787739805395,0.17530970920991185
2322,145,0.6153538985840674,0.17530970920991185
2323,145,0.3217382584004895,0.17530970920991185
2324,145,0.5216075092166239,0.17530970920991185
2325,145,0.0767005049262174,0.17530970920991185
2326,145,0.7323391792200173,0.17530970920991185
2327,145,0.4610707136288308,0.17530970920991185
2328,145,0.4190661767024024,0.17530970920991185
2329,145,0.5765096782190398,0.17530970920991185
2330,145,0.7507832378493712,0.17530970920991185
2331,145,0.16390107224798287,0.17530970920991185
2332,145,0.6372511219681369,0.17530970920991185
2333,145,0.30082214869263163,0.17530970920991185
2334,145,0.5371073793583009,0.17530970920991185
2335,145,0.41885007704355637,0.17530970920991185
2336,146,0.14040175438165467,0.17363896408860913
2337,146,0.35543352075380436,0.17363896408860913
2338,146,0.29051307375252716,0.17363896408860913
2339,146,0.6461042838188514,0.17363896408860913
2340,146,0.32566019156941567,0.17363896408860913
2341,146,0.7717019599493435,0.17363896408860913
2342,146,0.5021845410359065,0.17363896408860913
2343,146,0.4117836756880331,0.17363896408860913
2344,146,0.8246457763512177,0.17363896408860913
2345,146,0.1698114191208938,0.17363896408860913
2346,146,0.576068514705712,0.17363896408860913
2347,146,0.2552562979636709,0.17363896408860913
2348,146,0.5122382853450682,0.17363896408860913
2349,146,0.7020983855289525,0.17363896408860913
2350,146,0.4870190772398195,0.17363896408860913
2351,146,0.5777018419480229,0.17363896408860913
2352,147,0.15357498249249818,0.6916749367101237
2353,147,0.5254237532280421,0.6916749367101237
2354,147,0.7436104888204953,0.6916749367101237
2355,147,0.42904965855154087,0.6916749367101237
2356,147,0.5559195562668802,0.6916749367101237
2357,147,0.4763369549240717,0.6916749367101237
2358,147,0.8106349743869891,0.6916749367101237
2359,147,0.14072714292262276,0.6916749367101237
2360,147,0.6878898275762508,0.6916749367101237
2361,147,0.8468911691629334,0.6916749367101237
2362,147,0.42236133117642227,0.6916749367101237
2363,147,0.49284965882758525,0.6916749367101237
2364,147,0.45035701496069486,0.6916749367101237
2365,147,0.706508620850521,0.6916749367101237
2366,147,0.665104918576162,0.6916749367101237
2367,147,0.6414101669869255,0.6916749367101237
2368,148,0.6959432003810244,0.9523171069997972
2369,148,0.2287778738764574,0.9523171069997972
2370,148,0.21780613368519025,0.9523171069997972
2371,148,0.761362557339023,0.9523171069997972
2372,148,0.6307977890131152,0.9523171069997972
2373,148,0.037515428539321154,0.9523171069997972
2374,148,0.5525911207345606,0.9523171069997972
2375,148,0.2835768361333988,0.9523171069997972
2376,148,0.1500855713209643,0.9523171069997972
2377,148,0.371775614220703,0.9523171069997972
2378,148,0.8664856597391659,0.9523171069997972
2379,148,0.17463915701550098,0.9523171069997972
2380,148,0.3972318416379667,0.9523171069997972
2381,148,0.35866577686707257,0.9523171069997972
2382,148,0.5743461118145342,0.9523171069997972
2383,148,0.0984941300168158,0.9523171069997972
2384,149,0.392655105918411,0.3892843584315542
2385,149,0.6929132545550388,0.3892843584315542
2386,149,0.3667050525862051,0.3892843584315542
2387,149,0.7405504384590016,0.3892843584315542
2388,149,0.5175217185808605,0.3892843584315542
2389,149,0.424588744742494,0.3892843584315542
2390,149,0.26149475170492464,0.3892843584315542
2391,149,0.7467495698794819,0.3892843584315542
2392,149,0.6048685918462829,0.3892843584315542
2393,149,0.6629768614479811,0.3892843584315542
2394,149,0.30242007425190803,0.3892843584315542
2395,149,0.1549352672397889,0.3892843584315542
2396,149,0.34270600965601894,0.3892843584315542
2397,149,0.42104056891725417,0.3892843584315542
2398,149,0.4405684825220289,0.3892843584315542
2399,149,0.630677025173508,0.3892843584315542
2400,150,0.38767921681252226,0.7731286561517726
2401,150,0.9229188135254316,0.7731286561517726
2402,150,0.8947043840110926,0.7731286561517726
2403,150,0.4032558695659208,0.7731286561517726
2404,150,0.29989233731886183,0.7731286561517726
2405,150,0.07273949023768954,0.7731286561517726
2406,150,0.6038320011264152,0.7731286561517726
2407,150,0.3918569608722151,0.7731286561517726
2408,150,0.722122739927996,0.7731286561517726
2409,150,0.589166507135841,0.7731286561517726
2410,150,0.29700664697710555,0.7731286561517726
2411,150,0.3182089450921339,0.7731286561517726
2412,150,0.47202281901163584,0.7731286561517726
2413,150,0.2166267823369224,0.7731286561517726
2414,150,0.06639509688724096,0.7731286561517726
2415,150,0.7940089273482119,0.7731286561517726
2416,151,0.8158436981756462,0.031035892505590468
2417,151,0.2534193015224612,0.031035892505590468
2418,151,0.6467105770304342,0.031035892505590468
2419,151,0.7900399920985477,0.031035892505590468
2420,151,0.33929972665687613,0.031035892505590468
2421,151,0.3476382412566768,0.031035892505590468
2422,151,0.6767611087547305,0.031035892505590468
2423,151,0.003988706884776067,0.031035892505590468
2424,151,0.8866469865051746,0.031035892505590468
2425,151,0.05745020700596361,0.031035892505590468
2426,151,0.5491060343310955,0.031035892505590468
2427,151,0.9141880962502537,0.031035892505590468
2428,151,0.5944601837227795,0.031035892505590468
2429,151,0.49322042730377313,0.031035892505590468
2430,151,0.47353151940108706,0.031035892505590468
2431,151,0.15459960223470853,0.031035892505590468
2432,152,0.7648704293493734,0.8240637188070686
2433,152,0.5388116440497257,0.8240637188070686
2434,152,0.9074864404933698,0.8240637188070686
2435,152,0.17348037748908837,0.8240637188070686
2436,152,0.5823617089065998,0.8240637188070686
2437,152,0.5691939340290352,0.8240637188070686
2438,152,0.5415549540870531,0.8240637188070686
2439,152,0.287308120744651,0.8240637188070686
2440,152,0.7676510005678798,0.8240637188070686
2441,152,0.32829621819248145,0.8240637188070686
2442,152,0.35585935101100896,0.8240637188070686
2443,152,0.663378403001565,0.8240637188070686
2444,152,0.5601989208954208,0.8240637188070686
2445,152,0.6656388226681311,0.8240637188070686
2446,152,0.5430403407608091,0.8240637188070686
2447,152,0.08464156371571979,0.8240637188070686
2448,153,0.31747685883278176,0.7233969011224191
2449,153,0.21582231888853948,0.7233969011224191
2450,153,0.811634200033206,0.7233969011224191
2451,153,0.036580797969461426,0.7233969011224191
2452,153,0.5873962930399546,0.7233969011224191
2453,153,0.07615105184865995,0.7233969011224191
2454,153,0.29808218350420584,0.7233969011224191
2455,153,0.2368142545594646,0.7233969011224191
2456,153,0.6050550040964351,0.7233969011224191
2457,153,0.4801227524249296,0.7233969011224191
2458,153,0.8406405794164196,0.7233969011224191
2459,153,0.30263421952538877,0.7233969011224191
2460,153,0.4671283289351956,0.7233969011224191
2461,153,0.2244084813138514,0.7233969011224191
2462,153,0.8832485712218093,0.7233969011224191
2463,153,0.7102141460291846,0.7233969011224191
2464,154,0.8202754726258817,0.8966156518554624
2465,154,0.4047721157637656,0.8966156518554624
2466,154,0.5305962193526005,0.8966156518554624
2467,154,0.8411082693609231,0.8966156518554624
2468,154,0.9316116805786745,0.8966156518554624
2469,154,0.7155425271777749,0.8966156518554624
2470,154,0.9870725877100675,0.8966156518554624
2471,154,0.7564529438650749,0.8966156518554624
2472,154,0.38644432649563903,0.8966156518554624
2473,154,0.38978913649236413,0.8966156518554624
2474,154,0.24592075367096466,0.8966156518554624
2475,154,0.49595736821689074,0.8966156518554624
2476,154,0.47848884094936844,0.8966156518554624
2477,154,0.41581589779345945,0.8966156518554624
2478,154,0.5252039198965337,0.8966156518554624
2479,154,0.5502669898041361,0.8966156518554624
2480,155,0.5224200910363643,0.6374542835383026
2481,155,0.3069925857614353,0.6374542835383026
2482,155,0.7399389592929411,0.6374542835383026
2483,155,0.11745504770899604,0.6374542835383026
2484,155,0.9360627401144065,0.6374542835383026
2485,155,0.5769175230726288,0.6374542835383026
2486,155,0.29918782709131353,0.6374542835383026
2487,155,0.29336230871668173,0.6374542835383026
2488,155,0.3004741806181463,0.6374542835383026
2489,155,0.592841749608342,0.6374542835383026
2490,155,0.4599754853911855,0.6374542835383026
2491,155,0.5758175932780982,0.6374542835383026
2492,155,0.1531607073151829,0.6374542835383026
2493,155,0.6585407555578985,0.6374542835383026
2494,155,0.7977230720642624,0.6374542835383026
2495,155,0.7331444495317595,0.6374542835383026
2496,156,0.8045660301698624,0.9413366441604656
2497,156,0.27717623966928673,0.9413366441604656
2498,156,0.228956379702904,0.9413366441604656
2499,156,0.7981308129094842,0.9413366441604656
2500,156,0.7896273309606797,0.9413366441604656
2501,156,0.05718856724076916,0.9413366441604656
2502,156,0.5689928927764117,0.9413366441604656
2503,156,0.8715955212846233,0.9413366441604656
2504,156,0.6820438094411563,0.9413366441604656
2505,156,0.5777932565609162,0.9413366441604656
2506,156,0.586789848974667,0.9413366441604656
2507,156,0.6108809391146527,0.9413366441604656
2508,156,0.5672512181979604,0.9413366441604656
2509,156,0.15156575269031128,0.9413366441604656
2510,156,0.41144598134530647,0.9413366441604656
2511,156,0.4481443332676363,0.9413366441604656
2512,157,0.6466781423684829,0.3898574094947437
2513,157,0.8627559093082846,0.3898574094947437
2514,157,0.39474520520304357,0.3898574094947437
2515,157,0.7282843166725935,0.3898574094947437
2516,157,0.5918195144541502,0.3898574094947437
2517,157,0.40190059854513455,0.3898574094947437
2518,157,0.5344329475471316,0.3898574094947437
2519,157,0.771942974841353,0.3898574094947437
2520,157,0.5396891667448536,0.3898574094947437
2521,157,0.6220775398916156,0.3898574094947437
2522,157,0.7753050650498743,0.3898574094947437
2523,157,0.28213917160950674,0.3898574094947437
2524,157,0.5271787816469388,0.3898574094947437
2525,157,0.6505656867643812,0.3898574094947437
2526,157,0.12299158454088535,0.3898574094947437
2527,157,0.20882174371642592,0.3898574094947437
2528,158,0.6571078666306596,0.7325314447207496
2529,158,0.24856385371783238,0.7325314447207496
2530,158,0.7782141714442962,0.7325314447207496
2531,158,0.7062405426075784,0.7325314447207496
2532,158,0.18239129984349542,0.7325314447207496
2533,158,0.09692363346542777,0.7325314447207496
2534,158,0.7665623542005767,0.7325314447207496
2535,158,0.12855865020489354,0.7325314447207496
2536,158,0.8222090399779977,0.7325314447207496
2537,158,0.5291422615243463,0.7325314447207496
2538,158,0.4112790268074674,0.7325314447207496
2539,158,0.20139959780658226,0.7325314447207496
2540,158,0.3461337085041031,0.7325314447207496
2541,158,0.17913761307804119,0.7325314447207496
2542,158,0.6661653869942652,0.7325314447207496
2543,158,0.940165170349519,0.7325314447207496
2544,159,0.3677081296836928,0.7255642082109406
2545,159,0.2718368494840413,0.7255642082109406
2546,159,0.2754070201734168,0.7255642082109406
2547,159,0.2582577202760414,0.7255642082109406
2548,159,0.23773584978087844,0.7255642082109406
2549,159,0.46754188219193227,0.7255642082109406
2550,159,0.24523591666942657,0.7255642082109406
2551,159,0.8241739334578905,0.7255642082109406
2552,159,0.521663134553889,0.7255642082109406
2553,159,0.20403046722182508,0.7255642082109406
2554,159,0.7518268889994018,0.7255642082109406
2555,159,0.43024860436306567,0.7255642082109406
2556,159,0.6096753498090295,0.7255642082109406
2557,159,0.23617186084794334,0.7255642082109406
2558,159,0.2685297803129927,0.7255642082109406
2559,159,0.7151631108387366,0.7255642082109406
2560,160,0.5200818785755917,0.26860786068493503
2561,160,0.14911185461307638,0.26860786068493503
2562,160,0.6238705940427928,0.26860786068493503
2563,160,0.46085000561144296,0.26860786068493503
2564,160,0.8207834665486934,0.26860786068493503
2565,160,0.6873761580784739,0.26860786068493503
2566,160,0.6708629542895728,0.26860786068493503
2567,160,0.34117736883286276,0.26860786068493503
2568,160,0.7643036273982972,0.26860786068493503
2569,160,0.11921000480205624,0.26860786068493503
2570,160,0.7459952870543517,0.26860786068493503
2571,160,0.22407505845666312,0.26860786068493503
2572,160,0.5956124075861481,0.26860786068493503
2573,160,0.26896592953227305,0.26860786068493503
2574,160,0.8327580435296454,0.26860786068493503
2575,160,0.7572348288783651,0.26860786068493503
2576,161,0.8993053279269421,0.9205795390951387
2577,161,0.8316403787516616,0.9205795390951387
2578,161,0.14486130575841547,0.9205795390951387
2579,161,0.5575212329315198,0.9205795390951387
2580,161,0.5133087813279257,0.9205795390951387
2581,161,0.8338006301323551,0.9205795390951387
2582,161,0.5290000440118127,0.9205795390951387
2583,161,0.5415978488811045,0.9205795390951387
2584,161,0.27603022198402893,0.9205795390951387
2585,161,0.8394541916455034,0.9205795390951387
2586,161,0.038927154541127405,0.9205795390951387
2587,161,0.5010835920296441,0.9205795390951387
2588,161,0.2484167559065043,0.9205795390951387
2589,161,0.5037378107479553,0.9205795390951387
2590,161,0.23054929041047803,0.9205795390951387
2591,161,0.21426852148498357,0.9205795390951387
2592,162,0.3722249683995289,0.7791767912046089
2593,162,0.628070029033716,0.7791767912046089
2594,162,0.5975158696837781,0.7791767912046089
2595,162,0.4828963812950287,0.7791767912046089
2596,162,0.4066624083889496,0.7791767912046089
2597,162,0.7399081932526438,0.7791767912046089
2598,162,0.4261839319061946,0.7791767912046089
2599,162,0.7621443463326673,0.7791767912046089
2600,162,0.3410898152295251,0.7791767912046089
2601,162,0.6837290915062864,0.7791767912046089
2602,162,0.3036209256449614,0.7791767912046089
2603,162,0.7983749471777695,0.7791767912046089
2604,162,0.665189027010454,0.7791767912046089
2605,162,0.7191120196392252,0.7791767912046089
2606,162,0.2651422686178349,0.7791767912046089
2607,162,0.32972946205653375,0.7791767912046089
2608,163,0.30581385662867216,0.8663517835245634
2609,163,0.16626178007435682,0.8663517835245634
2610,163,0.23009739075911215,0.8663517835245634
2611,163,0.48465485806641795,0.8663517835245634
2612,163,0.36957469566469076,0.8663517835245634
2613,163,0.41523355486177504,0.8663517835245634
2614,163,0.33655129012687335,0.8663517835245634
2615,163,0.38842136303759733,0.8663517835245634
2616,163,0.5673265955405188,0.8663517835245634
2617,163,0.29338796933694533,0.8663517835245634
2618,163,0.4767405521150859,0.8663517835245634
2619,163,0.1879048310078702,0.8663517835245634
2620,163,0.28852230660407335,0.8663517835245634
2621,163,0.6498891866138742,0.8663517835245634
2622,163,0.38278856554204366,0.8663517835245634
2623,163,0.14162515360355127,0.8663517835245634
2624,164,0.7580586061992333,0.36259100079846707
2625,164,0.7267771904189624,0.36259100079846707
2626,164,0.7077621618669478,0.36259100079846707
2627,164,0.8339803341366576,0.36259100079846707
2628,164,0.827149748348458,0.36259100079846707
2629,164,0.8079113526551363,0.36259100079846707
2630,164,0.4747174042321611,0.36259100079846707
2631,164,0.6406427395924619,0.36259100079846707
2632,164,0.3208550139114334,0.36259100079846707
2633,164,0.626057633323494,0.36259100079846707
2634,164,0.6278315261068295,0.36259100079846707
2635,164,0.10229330666750774,0.36259100079846707
2636,164,0.22637447727493581,0.36259100079846707
2637,164,0.10956570509409594,0.36259100079846707
2638,164,0.22268579714117426,0.36259100079846707
2639,164,0.6302813836670185,0.36259100079846707
2640,165,0.7145656493005939,0.8412547834955745
2641,165,0.6004854410917817,0.8412547834955745
2642,165,0.277645116573655,0.8412547834955745
2643,165,0.5468890627296347,0.8412547834955745
2644,165,0.08031181187748539,0.8412547834955745
2645,165,0.5486683271640416,0.8412547834955745
2646,165,0.5462303641794042,0.8412547834955745
2647,165,0.7602821692782259,0.8412547834955745
2648,165,0.13587622423032267,0.8412547834955745
2649,165,0.649193275126744,0.8412547834955745
2650,165,0.43118039667821173,0.8412547834955745
2651,165,0.7250765298508407,0.8412547834955745
2652,165,0.42177360253633867,0.8412547834955745
2653,165,0.723921285873959,0.8412547834955745
2654,165,0.12333708644614175,0.8412547834955745
2655,165,0.629905745421253,0.8412547834955745
2656,166,0.46362968930264015,0.31497646062973417
2657,166,0.5927779885510522,0.31497646062973417
2658,166,0.9598169641259775,0.31497646062973417
2659,166,0.5647273382605992,0.31497646062973417
2660,166,0.568247894209341,0.31497646062973417
2661,166,0.7690178643416263,0.31497646062973417
2662,166,0.5625979294069859,0.31497646062973417
2663,166,0.2997520110997619,0.31497646062973417
2664,166,0.29015258573903807,0.31497646062973417
2665,166,0.9073470429454275,0.31497646062973417
2666,166,0.42176593730971657,0.31497646062973417
2667,166,0.35001718944237276,0.31497646062973417
2668,166,0.787031580252271,0.31497646062973417
2669,166,0.9201790008561437,0.31497646062973417
2670,166,0.33577709679243634,0.31497646062973417
2671,166,0.6648501526711671,0.31497646062973417
2672,167,0.7940996874701354,0.9644010500004486
2673,167,0.2608069534384483,0.9644010500004486
2674,167,0.44221701025573434,0.9644010500004486
2675,167,0.3377316195322641,0.9644010500004486
2676,167,0.24893592685408225,0.9644010500004486
2677,167,0.881105762702871,0.9644010500004486
2678,167,0.012621599208395446,0.9644010500004486
2679,167,0.8612213587242205,0.9644010500004486
2680,167,0.76891682528817,0.9644010500004486
2681,167,0.1695811913248536,0.9644010500004486
2682,167,0.5017337378778394,0.9644010500004486
2683,167,0.2903459300854489,0.9644010500004486
2684,167,0.6418149283025888,0.9644010500004486
2685,167,0.9073759078894715,0.9644010500004486
2686,167,0.346844446040422,0.9644010500004486
2687,167,0.678076190316147,0.9644010500004486
2688,168,0.4998250338686565,0.02394713636581347
2689,168,0.34532951927160155,0.02394713636581347
2690,168,0.34170219400114127,0.02394713636581347
2691,168,0.665743102558225,0.02394713636581347
2692,168,0.8307600560930309,0.02394713636581347
2693,168,0.1679536215273622,0.02394713636581347
2694,168,0.6839973409350465,0.02394713636581347
2695,168,0.211221157162119,0.02394713636581347
2696,168,0.4807805800270336,0.02394713636581347
2697,168,0.33234806908200926,0.02394713636581347
2698,168,0.9553488097003359,0.02394713636581347
2699,168,0.32381557413547013,0.02394713636581347
2700,168,0.7068956123644168,0.02394713636581347
2701,168,0.8922582097701922,0.02394713636581347
2702,168,0.8611735243719043,0.02394713636581347
2703,168,0.8263572882970754,0.02394713636581347
2704,169,0.7311819866735925,0.6191875473523993
2705,169,0.6484181435543441,0.6191875473523993
2706,169,0.6132529632839305,0.6191875473523993
2707,169,0.6500480737718723,0.6191875473523993
2708,169,0.3156058320691589,0.6191875473523993
2709,169,0.07817488967564905,0.6191875473523993
2710,169,0.8224744478070245,0.6191875473523993
2711,169,0.5385232588093047,0.6191875473523993
2712,169,0.7478799822855936,0.6191875473523993
2713,169,0.6881617797314251,0.6191875473523993
2714,169,0.40229413474996756,0.6191875473523993
2715,169,0.5919378002053887,0.6191875473523993
2716,169,0.15936273798975015,0.6191875473523993
2717,169,0.7554523003971201,0.6191875473523993
2718,169,0.6759259427488609,0.6191875473523993
2719,169,0.5610603083654792,0.6191875473523993
2720,170,0.43414646685674163,0.11223951134664445
2721,170,0.49626762082866277,0.11223951134664445
2722,170,0.2316450754276067,0.11223951134664445
2723,170,0.8177058349559587,0.11223951134664445
2724,170,0.9825476344114833,0.11223951134664445
2725,170,0.5670427412904356,0.11223951134664445
2726,170,0.5048012737560386,0.11223951134664445
2727,170,0.6796432445675424,0.11223951134664445
2728,170,0.7626435156353545,0.11223951134664445
2729,170,0.11922855511223265,0.11223951134664445
2730,170,0.4890618892052133,0.11223951134664445
2731,170,0.6870973432600135,0.11223951134664445
2732,170,0.26615515565900966,0.11223951134664445
2733,170,0.40161803855695166,0.11223951134664445
2734,170,0.3910570623683774,0.11223951134664445
2735,170,0.41236566730664664,0.11223951134664445
2736,171,0.2825615929722588,0.7187331733278222
2737,171,0.2332488307354473,0.7187331733278222
2738,171,0.5175284339714419,0.7187331733278222
2739,171,0.634157257066893,0.7187331733278222
2740,171,0.8912379696162352,0.7187331733278222
2741,171,0.44259209264425925,0.7187331733278222
2742,171,0.5735441975659266,0.7187331733278222
2743,171,0.49005278548557557,0.7187331733278222
2744,171,0.22528426263827694,0.7187331733278222
2745,171,0.6438201119493937,0.7187331733278222
2746,171,0.5901549363572196,0.7187331733278222
2747,171,0.4815202645721424,0.7187331733278222
2748,171,0.1700596066818354,0.7187331733278222
2749,171,0.20987490751779722,0.7187331733278222
2750,171,0.3535669098758697,0.7187331733278222
2751,171,0.8422621251289789,0.7187331733278222
2752,172,0.8275438475451504,0.36368830367403804
2753,172,0.48176556128001463,0.36368830367403804
2754,172,0.14962580829949054,0.36368830367403804
2755,172,0.44910939986361625,0.36368830367403804
2756,172,0.4672229366617877,0.36368830367403804
2757,172,0.6621142893288806,0.36368830367403804
2758,172,0.7048280845274313,0.36368830367403804
2759,172,0.28016134291803035,0.36368830367403804
2760,172,0.17562899223089648,0.36368830367403804
2761,172,0.7188683643977996,0.36368830367403804
2762,172,0.618575775540314,0.36368830367403804
2763,172,0.7024273491049663,0.36368830367403804
2764,172,0.0893811716195884,0.36368830367403804
2765,172,0.3710146334735858,0.36368830367403804
2766,172,0.22908413395866192,0.36368830367403804
2767,172,0.3247906360841987,0.36368830367403804
2768,173,0.24657278700460972,0.8706405934280971
2769,173,0.5602708343753225,0.8706405934280971
2770,173,0.07791332621258804,0.8706405934280971
2771,173,0.6698650928898158,0.8706405934280971
2772,173,0.4432198784860244,0.8706405934280971
2773,173,0.3313368490141374,0.8706405934280971
2774,173,0.8444284525548126,0.8706405934280971
2775,173,0.2898033694591644,0.8706405934280971
2776,173,0.37729833954170844,0.8706405934280971
2777,173,0.3498678677850862,0.8706405934280971
2778,173,0.9800084864385671,0.8706405934280971
2779,173,0.3327590582563635,0.8706405934280971
2780,173,0.5723438637824563,0.8706405934280971
2781,173,0.2502663266343199,0.8706405934280971
2782,173,0.27823105866490966,0.8706405934280971
2783,173,0.1278281008825172,0.8706405934280971
2784,174,0.24632122063215747,0.8727025109053593
2785,174,0.11248007941242058,0.8727025109053593
2786,174,0.3644225635651328,0.8727025109053593
2787,174,0.07272989631224841,0.8727025109053593
2788,174,0.4980317304675146,0.8727025109053593
2789,174,0.8714452150867503,0.8727025109053593
2790,174,0.5409645738527343,0.8727025109053593
2791,174,0.15906691083865887,0.8727025109053593
2792,174,0.417279434239568,0.8727025109053593
2793,174,0.21549467222124233,0.8727025109053593
2794,174,0.18488768324142899,0.8727025109053593
2795,174,0.6167790507304381,0.8727025109053593
2796,174,0.2534497511557002,0.8727025109053593
2797,174,0.3575235642518065,0.8727025109053593
2798,174,0.8875995079848611,0.8727025109053593
2799,174,0.08875397710189162,0.8727025109053593
2800,175,0.7496200530022502,0.3680898735038748
2801,175,0.5965554287680394,0.3680898735038748
2802,175,0.7699346090505407,0.3680898735038748
2803,175,0.5367632785453652,0.3680898735038748
2804,175,0.884093496768168,0.3680898735038748
2805,175,0.2614260044155476,0.3680898735038748
2806,175,0.7019852329513165,0.3680898735038748
2807,175,0.4678107914032798,0.3680898735038748
2808,175,0.022336368034710955,0.3680898735038748
2809,175,0.2452547867513864,0.3680898735038748
2810,175,0.5576284704981681,0.3680898735038748
2811,175,0.810723418219872,0.3680898735038748
2812,175,0.9306400379900313,0.3680898735038748
2813,175,0.6522694063050009,0.3680898735038748
2814,175,0.5336327393291054,0.3680898735038748
2815,175,0.1628214348920096,0.3680898735038748
2816,176,0.0783494981905525,0.8099817769615278
2817,176,0.5574548206328983,0.8099817769615278
2818,176,0.45953510756581906,0.8099817769615278
2819,176,0.4727843508043339,0.8099817769615278
2820,176,0.6132856932845119,0.8099817769615278
2821,176,0.7094110229977622,0.8099817769615278
2822,176,0.0748351683004641,0.8099817769615278
2823,176,0.5648923334809254,0.8099817769615278
2824,176,0.738980576765674,0.8099817769615278
2825,176,0.17255852756893206,0.8099817769615278
2826,176,0.0407648823820205,0.8099817769615278
2827,176,0.6489020318194876,0.8099817769615278
2828,176,0.7625004874339091,0.8099817769615278
2829,176,0.41451639163306436,0.8099817769615278
2830,176,0.3634477554231741,0.8099817769615278
2831,176,0.6171810915905052,0.8099817769615278
2832,177,0.35465591817611913,0.6811368771594715
2833,177,0.4487130841353723,0.6811368771594715
2834,177,0.08311373587423058,0.6811368771594715
2835,177,0.22433586792375193,0.6811368771594715
2836,177,0.7452564523542506,0.6811368771594715
2837,177,0.4232739250823987,0.6811368771594715
2838,177,0.6898943515372804,0.6811368771594715
2839,177,0.41403256204780237,0.6811368771594715
2840,177,0.1686176731809496,0.6811368771594715
2841,177,0.40041376757273733,0.6811368771594715
2842,177,0.5524223504955366,0.6811368771594715
2843,177,0.5739729863785282,0.6811368771594715
2844,177,0.9355051961492689,0.6811368771594715
2845,177,0.8783748195123708,0.6811368771594715
2846,177,0.7936799758980527,0.6811368771594715
2847,177,0.825977516338561,0.6811368771594715
2848,178,0.8657333293010758,0.4265669286537124
2849,178,0.8015683823244466,0.4265669286537124
2850,178,0.3497591650576907,0.4265669286537124
2851,178,0.3578368510784036,0.4265669286537124
2852,178,0.5502012826543,0.4265669286537124
2853,178,0.5890265160998253,0.4265669286537124
2854,178,0.792142930772126,0.4265669286537124
2855,178,0.5224218416440436,0.4265669286537124
2856,178,0.3915197956463137,0.4265669286537124
2857,178,0.25313269989360476,0.4265669286537124
2858,178,0.5336475605698634,0.4265669286537124
2859,178,0.29152715948017244,0.4265669286537124
2860,178,0.325129038866286,0.4265669286537124
2861,178,0.4112609534933096,0.4265669286537124
2862,178,0.25238612591161685,0.4265669286537124
2863,178,0.3625731932341591,0.4265669286537124
2864,179,0.47440178309908515,0.3432364439538024
2865,179,0.3354735806849071,0.3432364439538024
2866,179,0.8419697393299223,0.3432364439538024
2867,179,0.689613970369263,0.3432364439538024
2868,179,0.5692528240740389,0.3432364439538024
2869,179,0.5028926742484855,0.3432364439538024
2870,179,0.16846747217804203,0.3432364439538024
2871,179,0.5739089580816567,0.3432364439538024
2872,179,0.7525791480149934,0.3432364439538024
2873,179,0.24758613003365396,0.3432364439538024
2874,179,0.18212472300754304,0.3432364439538024
2875,179,0.3885504281997916,0.3432364439538024
2876,179,0.23333055893491814,0.3432364439538024
2877,179,0.6201219932762698,0.3432364439538024
2878,179,0.4194127099310704,0.3432364439538024
2879,179,0.6596511361405631,0.3432364439538024
2880,180,0.05354689782630131,0.2103049314692208
2881,180,0.8103923698211999,0.2103049314692208
2882,180,0.5479919300015967,0.2103049314692208
2883,180,0.4917882289658448,0.2103049314692208
2884,180,0.6860440729066927,0.2103049314692208
2885,180,0.18925532657105437,0.2103049314692208
2886,180,0.6540650191787777,0.2103049314692208
2887,180,0.4650783617938006,0.2103049314692208
2888,180,0.561948962995019,0.2103049314692208
2889,180,0.28762095793557707,0.2103049314692208
2890,180,0.3180166916291072,0.2103049314692208
2891,180,0.15659825056018253,0.2103049314692208
2892,180,0.387890473759111,0.2103049314692208
2893,180,0.11451048790691945,0.2103049314692208
2894,180,0.7029785938340865,0.2103049314692208
2895,180,0.3011111774957311,0.2103049314692208
2896,181,0.712654661331726,0.06320845285650911
2897,181,0.5111720971158513,0.06320845285650911
2898,181,0.7657036661488709,0.06320845285650911
2899,181,0.1290872991142091,0.06320845285650911
2900,181,0.4753205038990123,0.06320845285650911
2901,181,0.30540065427202756,0.06320845285650911
2902,181,0.4586395576339609,0.06320845285650911
2903,181,0.36865419685894657,0.06320845285650911
2904,181,0.47930905500812937,0.06320845285650911
2905,181,0.33122475517500927,0.06320845285650911
2906,181,0.4877344200209055,0.06320845285650911
2907,181,0.8660449472420724,0.06320845285650911
2908,181,0.5489000692976784,0.06320845285650911
2909,181,0.6362847974028235,0.06320845285650911
2910,181,0.26732549557617385,0.06320845285650911
2911,181,0.753593012124596,0.06320845285650911
2912,182,0.6237937090799252,0.5173593686025637
2913,182,0.7302020815753608,0.5173593686025637
2914,182,0.6341493223287152,0.5173593686025637
2915,182,0.2572688154641994,0.5173593686025637
2916,182,0.46854647847846753,0.5173593686025637
2917,182,0.6355030405956196,0.5173593686025637
2918,182,0.574110750552812,0.5173593686025637
2919,182,0.8641836118302364,0.5173593686025637
2920,182,0.24546765330016454,0.5173593686025637
2921,182,0.3257195991187355,0.5173593686025637
2922,182,0.13507083260692948,0.5173593686025637
2923,182,0.5480376866268457,0.5173593686025637
2924,182,0.1419845503228063,0.5173593686025637
2925,182,0.3113524984966751,0.5173593686025637
2926,182,0.636642930528888,0.5173593686025637
2927,182,0.2768669424722018,0.5173593686025637
2928,183,0.13819891316870606,0.5400405370755103
2929,183,0.3279462755778735,0.5400405370755103
2930,183,0.7270400357472887,0.5400405370755103
2931,183,0.2793503045259776,0.5400405370755103
2932,183,0.41566562823736597,0.5400405370755103
2933,183,0.3220854432641884,0.5400405370755103
2934,183,0.8188252394447694,0.5400405370755103
2935,183,0.5790843131087531,0.5400405370755103
2936,183,0.8452841308773709,0.5400405370755103
2937,183,0.6646249094259703,0.5400405370755103
2938,183,0.2604663481039313,0.5400405370755103
2939,183,0.32935376173590314,0.5400405370755103
2940,183,0.9569756743168408,0.5400405370755103
2941,183,0.5016840855440582,0.5400405370755103
2942,183,0.5927357262783582,0.5400405370755103
2943,183,0.7814603985689486,0.5400405370755103
2944,184,0.8412995488152128,0.4440186584603416
2945,184,0.3529976138281639,0.4440186584603416
2946,184,0.447899888176469,0.4440186584603416
2947,184,0.6429383982431963,0.4440186584603416
2948,184,0.1363841190473593,0.4440186584603416
2949,184,0.43218698261091854,0.4440186584603416
2950,184,0.46199247767577234,0.4440186584603416
2951,184,0.6113369083075397,0.4440186584603416
2952,184,0.4744144773261202,0.4440186584603416
2953,184,0.6481046109785387,0.4440186584603416
2954,184,0.5845559800364493,0.4440186584603416
2955,184,0.8169245567913489,0.4440186584603416
2956,184,0.23711077540349024,0.4440186584603416
2957,184,0.33907245891829696,0.4440186584603416
2958,184,0.5491401063578459,0.4440186584603416
2959,184,0.801600827960226,0.4440186584603416
2960,185,0.07784920425881442,0.9505971797134382
2961,185,0.5846765684966461,0.9505971797134382
2962,185,0.46111688115006216,0.9505971797134382
2963,185,0.49485686099475,0.9505971797134382
2964,185,0.3024632318973843,0.9505971797134382
2965,185,0.5997941162734065,0.9505971797134382
2966,185,0.37034740987936937,0.9505971797134382
2967,185,0.3414598220163483,0.9505971797134382
2968,185,0.2772869807017285,0.9505971797134382
2969,185,0.5400377236341041,0.9505971797134382
2970,185,0.47389621005856636,0.9505971797134382
2971,185,0.17706772168905197,0.9505971797134382
2972,185,0.20212406920298676,0.9505971797134382
2973,185,0.24031530362604872,0.9505971797134382
2974,185,0.460259721611735,0.9505971797134382
2975,185,0.5668225362118205,0.9505971797134382
2976,186,0.8509120406378475,0.013690117263167267
2977,186,0.8611504527447148,0.013690117263167267
2978,186,0.3648366590957166,0.013690117263167267
2979,186,0.29000756727838134,0.013690117263167267
2980,186,0.7114842179809571,0.013690117263167267
2981,186,0.6738704686850403,0.013690117263167267
2982,186,0.7126894889969076,0.013690117263167267
2983,186,0.8246496727557407,0.013690117263167267
2984,186,0.36442076714157395,0.013690117263167267
2985,186,0.3925182557784178,0.013690117263167267
2986,186,0.8533615003718463,0.013690117263167267
2987,186,0.2667015626311695,0.013690117263167267
2988,186,0.5319717384555059,0.013690117263167267
2989,186,0.8891385619625389,0.013690117263167267
2990,186,0.5126533519632712,0.013690117263167267
2991,186,0.5485452007880021,0.013690117263167267
2992,187,0.444997787984742,0.8503049599765884
2993,187,0.5781990761919831,0.8503049599765884
2994,187,0.5613618935839938,0.8503049599765884
2995,187,0.2728293382353849,0.8503049599765884
2996,187,0.5394366881284403,0.8503049599765884
2997,187,0.5173928897061559,0.8503049599765884
2998,187,0.2666830292009866,0.8503049599765884
2999,187,0.7736140580369822,0.8503049599765884
3000,187,0.05884658177515258,0.8503049599765884
3001,187,0.2873283640261075,0.8503049599765884
3002,187,0.648625074476795,0.8503049599765884
3003,187,0.5325873116073545,0.8503049599765884
3004,187,0.15982734648891728,0.8503049599765884
3005,187,0.21312232871178513,0.8503049599765884
3006,187,0.6767740397267512,0.8503049599765884
3007,187,0.460747001387952,0.8503049599765884
3008,188,0.5972696453340728,0.8008214470330771
3009,188,0.9149171316018543,0.8008214470330771
3010,188,0.5664537997109137,0.8008214470330771
3011,188,0.37879537886902925,0.8008214470330771
3012,188,0.444882838603439,0.8008214470330771
3013,188,0.48887229657697706,0.8008214470330771
3014,188,0.6073972167958609,0.8008214470330771
3015,188,0.5658927577473329,0.8008214470330771
3016,188,0.9317826170179921,0.8008214470330771
3017,188,0.38830811803250737,0.8008214470330771
3018,188,0.9664703852113936,0.8008214470330771
3019,188,0.5748223910740036,0.8008214470330771
3020,188,0.22208302987679782,0.8008214470330771
3021,188,0.2363357939038277,0.8008214470330771
3022,188,0.6316747042606505,0.8008214470330771
3023,188,0.3316788276511783,0.8008214470330771
3024,189,0.8335971521393123,0.758752394254019
3025,189,0.26101051533863284,0.758752394254019
3026,189,0.14543691413559395,0.758752394254019
3027,189,0.23000610992623846,0.758752394254019
3028,189,0.7960792283947126,0.758752394254019
3029,189,0.18106989647026503,0.758752394254019
3030,189,0.6769533391843706,0.758752394254019
3031,189,0.7547552649676273,0.758752394254019
3032,189,0.8700558349675732,0.758752394254019
3033,189,0.7304919929615052,0.758752394254019
3034,189,0.42687990998657244,0.758752394254019
3035,189,0.6193173649260985,0.758752394254019
3036,189,0.7157956896751736,0.758752394254019
3037,189,0.7763096059826083,0.758752394254019
3038,189,0.1262694151359281,0.758752394254019
3039,189,0.20880847568876107,0.758752394254019
3040,190,0.3980026724742137,0.5249153123806438
3041,190,0.43084791594257726,0.5249153123806438
3042,190,0.8394730522660265,0.5249153123806438
3043,190,0.5425732790108571,0.5249153123806438
3044,190,0.5265834165793586,0.5249153123806438
3045,190,0.5784859533679269,0.5249153123806438
3046,190,0.6366045155709356,0.5249153123806438
3047,190,0.537342573116331,0.5249153123806438
3048,190,0.7402368824961306,0.5249153123806438
3049,190,0.30668025690953393,0.5249153123806438
3050,190,0.666619587146079,0.5249153123806438
3051,190,0.12011620983317443,0.5249153123806438
3052,190,0.2975734013524984,0.5249153123806438
3053,190,0.9565029190755708,0.5249153123806438
3054,190,0.6486223085627831,0.5249153123806438
3055,190,0.8515116491584506,0.5249153123806438
3056,191,0.5888943046411277,0.19035537820796056
3057,191,0.5757038493416841,0.19035537820796056
3058,191,0.7208870426845365,0.19035537820796056
3059,191,0.45665607446339995,0.19035537820796056
3060,191,0.3583613528458943,0.19035537820796056
3061,191,0.2775896305912151,0.19035537820796056
3062,191,0.6168303022794336,0.19035537820796056
3063,191,0.1267394858961378,0.19035537820796056
3064,191,0.5983896021182535,0.19035537820796056
3065,191,0.8435483319946377,0.19035537820796056
3066,191,0.2665851062817595,0.19035537820796056
3067,191,0.5077947588438739,0.19035537820796056
3068,191,0.5711498621119776,0.19035537820796056
3069,191,0.24818234804034917,0.19035537820796056
3070,191,0.5222040609120802,0.19035537820796056
3071,191,0.6375024966765882,0.19035537820796056
3072,192,0.42906246470139464,0.8628793687734381
3073,192,0.6599401377223111,0.8628793687734381
3074,192,0.7941252050100212,0.8628793687734381
3075,192,0.23810890598502354,0.8628793687734381
3076,192,0.6677073349911385,0.8628793687734381
3077,192,0.4725853762711224,0.8628793687734381
3078,192,0.5345411311346134,0.8628793687734381
3079,192,0.2476321469159227,0.8628793687734381
3080,192,0.6393896602394237,0.8628793687734381
3081,192,0.3951540128327686,0.8628793687734381
3082,192,0.5114407582845074,0.8628793687734381
3083,192,0.44246778135295495,0.8628793687734381
3084,192,0.6123193156725154,0.8628793687734381
3085,192,0.8477690176231906,0.8628793687734381
3086,192,0.6938155982633893,0.8628793687734381
3087,192,0.7081835456241667,0.8628793687734381
3088,193,0.4706169486712754,0.7445946545633017
3089,193,0.48971007532365673,0.7445946545633017
3090,193,0.09175713512294346,0.7445946545633017
3091,193,0.4738013700308443,0.7445946545633017
3092,193,0.6549200454798321,0.7445946545633017
3093,193,0.8448001226737761,0.7445946545633017
3094,193,0.7881723470366463,0.7445946545633017
3095,193,0.12493064183280833,0.7445946545633017
3096,193,0.2095078966585303,0.7445946545633017
3097,193,0.47409320168581603,0.7445946545633017
3098,193,0.8392416392112327,0.7445946545633017
3099,193,0.14644515446968942,0.7445946545633017
3100,193,0.5672196511689415,0.7445946545633017
3101,193,0.49361514717606825,0.7445946545633017
3102,193,0.6368591442861747,0.7445946545633017
3103,193,0.601531164217702,0.7445946545633017
3104,194,0.24505430761025604,0.8328212143804856
3105,194,0.3170711540699955,0.8328212143804856
3106,194,0.601828843217411,0.8328212143804856
3107,194,0.48421937856715275,0.8328212143804856
3108,194,0.6631430913644691,0.8328212143804856
3109,194,0.45310510716779673,0.8328212143804856
3110,194,0.8650783930998406,0.8328212143804856
3111,194,0.5028824631747256,0.8328212143804856
3112,194,0.7051937282018971,0.8328212143804856
3113,194,0.5560628816302773,0.8328212143804856
3114,194,0.36981072388707725,0.8328212143804856
3115,194,0.5437485809067842,0.8328212143804856
3116,194,0.5443233219331061,0.8328212143804856
3117,194,0.34750280661920285,0.8328212143804856
3118,194,0.6875416667701164,0.8328212143804856
3119,194,0.5275194982229616,0.8328212143804856
3120,195,0.6226700693943478,0.23578757327313637
3121,195,0.654767056175505,0.23578757327313637
3122,195,0.6332930185213269,0.23578757327313637
3123,195,0.4265681590430462,0.23578757327313637
3124,195,0.3718976508753468,0.23578757327313637
3125,195,0.1952938510713683,0.23578757327313637
3126,195,0.30333475104744284,0.23578757327313637
3127,195,0.4661799165521109,0.23578757327313637
3128,195,0.6035140423960491,0.23578757327313637
3129,195,0.8292602885367717,0.23578757327313637
3130,195,0.0432881144823915,0.23578757327313637
3131,195,0.08340163279092552,0.23578757327313637
3132,195,0.12382777404095291,0.23578757327313637
3133,195,0.8048290317012097,0.23578757327313637
3134,195,0.6762830995021446,0.23578757327313637
3135,195,0.49736928240800793,0.23578757327313637
3136,196,0.42401843609990025,0.5543749931039361
3137,196,0.7397427957086343,0.5543749931039361
3138,196,0.305907635916015,0.5543749931039361
3139,196,0.14098596361149732,0.5543749931039361
3140,196,0.8408786201984045,0.5543749931039361
3141,196,0.5404333251904773,0.5543749931039361
3142,196,0.30995703239387673,0.5543749931039361
3143,196,0.4208202741802343,0.5543749931039361
3144,196,0.7578798950621274,0.5543749931039361
3145,196,0.6460768826921192,0.5543749931039361
3146,196,0.3376144688216984,0.5543749931039361
3147,196,0.29260684614139126,0.5543749931039361
3148,196,0.7893367429427754,0.5543749931039361
3149,196,0.6387543742075237,0.5543749931039361
3150,196,0.6497969081045806,0.5543749931039361
3151,196,0.2967809084073878,0.5543749931039361
3152,197,0.12490573015397699,0.41595923895505993
3153,197,0.3635653055928538,0.41595923895505993
3154,197,0.46990723420557123,0.41595923895505993
3155,197,0.7145124726570069,0.41595923895505993
3156,197,0.5412282279085473,0.41595923895505993
3157,197,0.06265275299662616,0.41595923895505993
3158,197,0.6578548117606271,0.41595923895505993
3159,197,0.4370637423931018,0.41595923895505993
3160,197,0.26985690079243513,0.41595923895505993
3161,197,0.637776865908246,0.41595923895505993
3162,197,0.9354881762996999,0.41595923895505993
3163,197,0.7413213997795697,0.41595923895505993
3164,197,0.7757887428359677,0.41595923895505993
3165,197,0.2749814819808273,0.41595923895505993
3166,197,0.5278681909975612,0.41595923895505993
3167,197,0.07718164472797935,0.41595923895505993
3168,198,0.4566778520582137,0.6396714352382278
3169,198,0.5503700327728849,0.6396714352382278
3170,198,0.6588683387305159,0.6396714352382278
3171,198,0.6031837612455017,0.6396714352382278
3172,198,0.6152753811589335,0.6396714352382278
3173,198,0.3169031271390625,0.6396714352382278
3174,198,0.3590097525495339,0.6396714352382278
3175,198,0.5200050608012168,0.6396714352382278
3176,198,0.4647588990662261,0.6396714352382278
3177,198,0.9566706584160742,0.6396714352382278
3178,198,0.6998920738045383,0.6396714352382278
3179,198,0.3279853098054197,0.6396714352382278
3180,198,0.6612365390606071,0.6396714352382278
3181,198,0.07600119297234448,0.6396714352382278
3182,198,0.5337035635195049,0.6396714352382278
3183,198,0.2527385606619291,0.6396714352382278
3184,199,0.5558018079908956,0.7526076935359698
3185,199,0.5263474983834474,0.7526076935359698
3186,199,0.747972591932609,0.7526076935359698
3187,199,0.5913170899273656,0.7526076935359698
3188,199,0.047817445271406814,0.7526076935359698
3189,199,0.208282206662127,0.7526076935359698
3190,199,0.46494892417595973,0.7526076935359698
3191,199,0.6479651383224607,0.7526076935359698
3192,199,0.36542665957518766,0.7526076935359698
3193,199,0.46971237507365743,0.7526076935359698
3194,199,0.41824410363213455,0.7526076935359698
3195,199,0.44644916953299146,0.7526076935359698
3196,199,0.5280687618589178,0.7526076935359698
3197,199,0.025743825067012036,0.7526076935359698
3198,199,0.7752298854473492,0.7526076935359698
3199,199,0.266887814739642,0.7526076935359698
3200,200,0.42323475212349837,0.17371536844498714
3201,200,0.785699249607121,0.17371536844498714
3202,200,0.22926287778394216,0.17371536844498714
3203,200,0.18644376309351957,0.17371536844498714
3204,200,0.6439269920510734,0.17371536844498714
3205,200,0.3178165528595809,0.17371536844498714
3206,200,0.5264964926835923,0.17371536844498714
3207,200,0.38123374616262207,0.17371536844498714
3208,200,0.7397155613995999,0.17371536844498714
3209,200,0.19344025524021097,0.17371536844498714
3210,200,0.6796140028644962,0.17371536844498714
3211,200,0.6039817411965045,0.17371536844498714
3212,200,0.39668285814720544,0.17371536844498714
3213,200,0.027430953940913553,0.17371536844498714
3214,200,0.23125998418903415,0.17371536844498714
3215,200,0.06915218280253067,0.17371536844498714
3216,201,0.6380050473483021,0.1740382321149514
3217,201,0.6207095282876972,0.1740382321149514
3218,201,0.9035135927996436,0.1740382321149514
3219,201,0.573286863966316,0.1740382321149514
3220,201,0.18800426082056235,0.1740382321149514
3221,201,0.6108991298404068,0.1740382321149514
3222,201,0.5153381234272165,0.1740382321149514
3223,201,0.5728925379535023,0.1740382321149514
3224,201,0.48688131506754556,0.1740382321149514
3225,201,0.7455975178623448,0.1740382321149514
3226,201,0.29799977458844784,0.1740382321149514
3227,201,0.5838064081937441,0.1740382321149514
3228,201,0.36662600139466545,0.1740382321149514
3229,201,0.41670780007583985,0.1740382321149514
3230,201,0.4127609837659289,0.1740382321149514
3231,201,0.48657329194623183,0.1740382321149514
3232,202,0.5334529037796668,0.043606875938773215
3233,202,0.5883877684232165,0.043606875938773215
3234,202,0.47659145555021915,0.043606875938773215
3235,202,0.49184262093791853,0.043606875938773215
3236,202,0.4863641275263155,0.043606875938773215
3237,202,0.19452584112538387,0.043606875938773215
3238,202,0.3670793181094045,0.043606875938773215
3239,202,0.5324285940363657,0.043606875938773215
3240,202,0.8779898624195795,0.043606875938773215
3241,202,0.20601323288920087,0.043606875938773215
3242,202,0.5084349829892166,0.043606875938773215
3243,202,0.7437653882522417,0.043606875938773215
3244,202,0.3351650743639254,0.043606875938773215
3245,202,0.3402042481588321,0.043606875938773215
3246,202,0.6425794598877341,0.043606875938773215
3247,202,0.628289628716063,0.043606875938773215
3248,203,0.9031676101783317,0.15718503833113262
3249,203,0.5300497808144753,0.15718503833113262
3250,203,0.6109708377469683,0.15718503833113262
3251,203,0.38725609683634377,0.15718503833113262
3252,203,0.5160906594292256,0.15718503833113262
3253,203,0.08344602583458752,0.15718503833113262
3254,203,0.7154655740034774,0.15718503833113262
3255,203,0.41717305141223526,0.15718503833113262
3256,203,0.7827473009095148,0.15718503833113262
3257,203,0.35214688215761053,0.15718503833113262
3258,203,0.3608264480803155,0.15718503833113262
3259,203,0.7115268615575657,0.15718503833113262
3260,203,0.6279047021913345,0.15718503833113262
3261,203,0.809645967262684,0.15718503833113262
3262,203,0.45426350010004246,0.15718503833113262
3263,203,0.7444866132947998,0.15718503833113262
3264,204,0.3879250399042154,0.2401732296296688
3265,204,0.8953505014261234,0.2401732296296688
3266,204,0.7827972358534924,0.2401732296296688
3267,204,0.45717733271000793,0.2401732296296688
3268,204,0.5436018395534254,0.2401732296296688
3269,204,0.4083743685602341,0.2401732296296688
3270,204,0.23190710247844093,0.2401732296296688
3271,204,0.6649563710110695,0.2401732296296688
3272,204,0.3945374967066581,0.2401732296296688
3273,204,0.5680346617935419,0.2401732296296688
3274,204,0.315223532970858,0.2401732296296688
3275,204,0.13079252844952638,0.2401732296296688
3276,204,0.5837821580081558,0.2401732296296688
3277,204,0.4819146766738161,0.2401732296296688
3278,204,0.47781375738490184,0.2401732296296688
3279,204,0.7137873265297743,0.2401732296296688
3280,205,0.6421064391330995,0.07251857909945669
3281,205,0.10794348603649909,0.07251857909945669
3282,205,0.22836713653579177,0.07251857909945669
3283,205,0.28085225179071177,0.07251857909945669
3284,205,0.10628343820309252,0.07251857909945669
3285,205,0.3955874582522551,0.07251857909945669
3286,205,0.6905803075899388,0.07251857909945669
3287,205,0.4151088511092313,0.07251857909945669
3288,205,0.32545199142598913,0.07251857909945669
3289,205,0.3920573643198861,0.07251857909945669
3290,205,0.5445361529569647,0.07251857909945669
3291,205,0.7854460802061555,0.07251857909945669
3292,205,0.4535477178691329,0.07251857909945669
3293,205,0.5685897450078587,0.07251857909945669
3294,205,0.7706933634114745,0.07251857909945669
3295,205,0.4332661154884459,0.07251857909945669
3296,206,0.8707418820818317,0.35569095490512004
3297,206,0.4270297512782423,0.35569095490512004
3298,206,0.17468931570607696,0.35569095490512004
3299,206,0.5158609134673889,0.35569095490512004
3300,206,0.2680085979633043,0.35569095490512004
3301,206,0.23747347726475557,0.35569095490512004
3302,206,0.6476625756522593,0.35569095490512004
3303,206,0.46599359004918256,0.35569095490512004
3304,206,0.9308682004918859,0.35569095490512004
3305,206,0.1848611393131008,0.35569095490512004
3306,206,0.2461128412144049,0.35569095490512004
3307,206,0.5987273030680444,0.35569095490512004
3308,206,0.18685592850469013,0.35569095490512004
3309,206,0.5394103119203162,0.35569095490512004
3310,206,0.2283123872353293,0.35569095490512004
3311,206,0.7943341852037126,0.35569095490512004
3312,207,0.3970745524041855,0.6751662952455647
3313,207,0.3605682301129268,0.6751662952455647
3314,207,0.4187866442828718,0.6751662952455647
3315,207,0.38713213458274814,0.6751662952455647
3316,207,0.17382332369922235,0.6751662952455647
3317,207,0.3345506593464296,0.6751662952455647
3318,207,0.12044073998134486,0.6751662952455647
3319,207,0.20656375229227503,0.6751662952455647
3320,207,0.5840796533608296,0.6751662952455647
3321,207,0.4178832908420429,0.6751662952455647
3322,207,0.7751764555596292,0.6751662952455647
3323,207,0.18666377474518403,0.6751662952455647
3324,207,0.8392294463718613,0.6751662952455647
3325,207,0.4514282624157059,0.6751662952455647
3326,207,0.7539443367505428,0.6751662952455647
3327,207,0.46671867924377924,0.6751662952455647
3328,208,0.7844863742232642,0.7930731277441504
3329,208,0.683884585695114,0.7930731277441504
3330,208,0.4195467278599808,0.7930731277441504
3331,208,0.3975133881525082,0.7930731277441504
3332,208,0.10455844489608795,0.7930731277441504
3333,208,0.5864857644162937,0.7930731277441504
3334,208,0.33001967963276063,0.7930731277441504
3335,208,0.7061939970976676,0.7930731277441504
3336,208,0.8120387685748518,0.7930731277441504
3337,208,0.5666686249085389,0.7930731277441504
3338,208,0.1903444085250563,0.7930731277441504
3339,208,0.312416245997794,0.7930731277441504
3340,208,0.48306328379191854,0.7930731277441504
3341,208,0.7235493727559474,0.7930731277441504
3342,208,0.49089338105608593,0.7930731277441504
3343,208,0.6339718593614397,0.7930731277441504
3344,209,0.27122796528370835,0.34581626285830025
3345,209,0.289884934930199,0.34581626285830025
3346,209,0.7422220925304319,0.34581626285830025
3347,209,0.4145634894299676,0.34581626285830025
3348,209,0.5722795899509722,0.34581626285830025
3349,209,0.754920194467433,0.34581626285830025
3350,209,0.3617969233823651,0.34581626285830025
3351,209,0.3483264221378505,0.34581626285830025
3352,209,0.2615946953403267,0.34581626285830025
3353,209,0.4676095854535993,0.34581626285830025
3354,209,0.34156812518224605,0.34581626285830025
3355,209,0.6966273432516042,0.34581626285830025
3356,209,0.5655087857599149,0.34581626285830025
3357,209,0.6327562757605478,0.34581626285830025
3358,209,0.48528731601558756,0.34581626285830025
3359,209,0.18166452222978652,0.34581626285830025
3360,210,0.6743347713800808,0.08382489796229442
3361,210,0.5883489623647539,0.08382489796229442
3362,210,0.389193898172693,0.08382489796229442
3363,210,0.5772724033168378,0.08382489796229442
3364,210,0.27508059402383717,0.08382489796229442
3365,210,0.6783810439569709,0.08382489796229442
3366,210,0.852802591778653,0.08382489796229442
3367,210,0.486851577060029,0.08382489796229442
3368,210,0.4713950600922603,0.08382489796229442
3369,210,0.3467841524932184,0.08382489796229442
3370,210,0.6232477397271124,0.08382489796229442
3371,210,0.5917244461980413,0.08382489796229442
3372,210,0.5280900874910088,0.08382489796229442
3373,210,0.8973394714308673,0.08382489796229442
3374,210,0.5197568844014798,0.08382489796229442
3375,210,0.2856099829585986,0.08382489796229442
3376,211,0.7351646053172184,0.7593723261584083
3377,211,0.5445619829543754,0.7593723261584083
3378,211,0.6698423185787239,0.7593723261584083
3379,211,0.5288779370694774,0.7593723261584083
3380,211,0.8157521519122642,0.7593723261584083
3381,211,0.6154260398275881,0.7593723261584083
3382,211,0.40869972195644794,0.7593723261584083
3383,211,0.821964545532651,0.7593723261584083
3384,211,0.5585141854486083,0.7593723261584083
3385,211,0.5328112684407476,0.7593723261584083
3386,211,0.3899563415554385,0.7593723261584083
3387,211,0.15275387765098505,0.7593723261584083
3388,211,0.3442731129317225,0.7593723261584083
3389,211,0.2988627619999125,0.7593723261584083
3390,211,0.4111482917569771,0.7593723261584083
3391,211,0.5394808861336162,0.7593723261584083
3392,212,0.7930891960392884,0.39118368836963113
3393,212,0.7949201235219086,0.39118368836963113
3394,212,0.31875634095120436,0.39118368836963113
3395,212,0.23457087356511896,0.39118368836963113
3396,212,0.7336718314172588,0.39118368836963113
3397,212,0.5339446281842564,0.39118368836963113
3398,212,0.10090334227220306,0.39118368836963113
3399,212,0.3769193566575387,0.39118368836963113
3400,212,0.9263983386398282,0.39118368836963113
3401,212,0.4185035231693301,0.39118368836963113
3402,212,0.672846698696719,0.39118368836963113
3403,212,0.053279239937912164,0.39118368836963113
3404,212,0.4418432692047516,0.39118368836963113
3405,212,0.09427012823248888,0.39118368836963113
3406,212,0.5538724817416846,0.39118368836963113
3407,212,0.8799540853109397,0.39118368836963113
3408,213,0.7072994795223045,0.25142759505407275
3409,213,0.45589812075001784,0.25142759505407275
3410,213,0.21591047311987777,0.25142759505407275
3411,213,0.2322507030510897,0.25142759505407275
3412,213,0.661772637208693,0.25142759505407275
3413,213,0.7734540683448734,0.25142759505407275
3414,213,0.7775921081642927,0.25142759505407275
3415,213,0.2633310764343509,0.25142759505407275
3416,213,0.8386033010703912,0.25142759505407275
3417,213,0.4427944475012928,0.25142759505407275
3418,213,0.5257576464100499,0.25142759505407275
3419,213,0.5171886778022515,0.25142759505407275
3420,213,0.44461455135558253,0.25142759505407275
3421,213,0.3175916621782879,0.25142759505407275
3422,213,0.41522019883976846,0.25142759505407275
3423,213,0.7705832991690472,0.25142759505407275
3424,214,0.1476660133527458,0.4706909754473476
3425,214,0.5995446696510686,0.4706909754473476
3426,214,0.5987099073787886,0.4706909754473476
3427,214,0.8771160005612766,0.4706909754473476
3428,214,0.49672894122961364,0.4706909754473476
3429,214,0.2540562416708335,0.4706909754473476
3430,214,0.05313671844402097,0.4706909754473476
3431,214,0.7489677606212185,0.4706909754473476
3432,214,0.5606282943273823,0.4706909754473476
3433,214,0.4138677295820657,0.4706909754473476
3434,214,0.20754692430509744,0.4706909754473476
3435,214,0.8059740905430568,0.4706909754473476
3436,214,0.5261760635251683,0.4706909754473476
3437,214,0.13413603024670195,0.4706909754473476
3438,214,0.5811171268947718,0.4706909754473476
3439,214,0.2255483974732614,0.4706909754473476
3440,215,0.18606196839258266,0.9698642760741001
3441,215,0.6402096095629902,0.9698642760741001
3442,215,0.4955685353371282,0.9698642760741001
3443,215,0.4801824153571405,0.9698642760741001
3444,215,0.5805952812945676,0.9698642760741001
3445,215,0.3714154901646924,0.9698642760741001
3446,215,0.6411383943005676,0.9698642760741001
3447,215,0.3428705127642367,0.9698642760741001
3448,215,0.6077001547022493,0.9698642760741001
3449,215,0.7631306408276719,0.9698642760741001
3450,215,0.4733657627414896,0.9698642760741001
3451,215,0.7007479223637151,0.9698642760741001
3452,215,0.4011215337527902,0.9698642760741001
3453,215,0.6624862546013821,0.9698642760741001
3454,215,0.589131027829518,0.9698642760741001
3455,215,0.2240088594580139,0.9698642760741001
3456,216,0.6914782450032828,0.37263983664795264
3457,216,0.7061311105542704,0.37263983664795264
3458,216,0.19756816462892807,0.37263983664795264
3459,216,0.26405714817399656,0.37263983664795264
3460,216,0.4326765714427939,0.37263983664795264
3461,216,0.38366997293190774,0.37263983664795264
3462,216,0.6865356664924251,0.37263983664795264
3463,216,0.41757152872573516,0.37263983664795264
3464,216,0.4292146505306408,0.37263983664795264
3465,216,0.27954825297604263,0.37263983664795264
3466,216,0.26849233937418193,0.37263983664795264
3467,216,0.20905497295103814,0.37263983664795264
3468,216,0.3538698440382063,0.37263983664795264
3469,216,0.35117000907375356,0.37263983664795264
3470,216,0.472596406941936,0.37263983664795264
3471,216,0.5573445339258509,0.37263983664795264
3472,217,0.7933814831896826,0.959453074386708
3473,217,0.04922153792923485,0.959453074386708
3474,217,0.06350257098267952,0.959453074386708
3475,217,0.45150369621310626,0.959453074386708
3476,217,0.3628781701347806,0.959453074386708
3477,217,0.8543843241169155,0.959453074386708
3478,217,0.5407575738446506,0.959453074386708
3479,217,0.3414363551837505,0.959453074386708
3480,217,0.48603115054592366,0.959453074386708
3481,217,0.7079643217628891,0.959453074386708
3482,217,0.4388042634808369,0.959453074386708
3483,217,0.6792655008527957,0.959453074386708
3484,217,0.4129593403029204,0.959453074386708
3485,217,0.6230979741646794,0.959453074386708
3486,217,0.598534507066693,0.959453074386708
3487,217,0.6577941538399812,0.959453074386708
3488,218,0.09978965140451249,0.2531691596797929
3489,218,0.6982307125434306,0.2531691596797929
3490,218,0.27732106027805975,0.2531691596797929
3491,218,0.29434677059435965,0.2531691596797929
3492,218,0.3917274534944755,0.2531691596797929
3493,218,0.39489815944688245,0.2531691596797929
3494,218,0.6197826968609531,0.2531691596797929
3495,218,0.16867613757370012,0.2531691596797929
3496,218,0.9126720320913592,0.2531691596797929
3497,218,0.4926922672066619,0.2531691596797929
3498,218,0.7490890831747093,0.2531691596797929
3499,218,0.19994280455414865,0.2531691596797929
3500,218,0.17586897527620834,0.2531691596797929
3501,218,0.5251674398966746,0.2531691596797929
3502,218,0.9738624954507865,0.2531691596797929
3503,218,0.855071096802885,0.2531691596797929
3504,219,0.9110043899711856,0.10554476001890012
3505,219,0.5266273525887517,0.10554476001890012
3506,219,0.11016919690735562,0.10554476001890012
3507,219,0.2973084691147398,0.10554476001890012
3508,219,0.3129283371929405,0.10554476001890012
3509,219,0.40875182598158527,0.10554476001890012
3510,219,0.6399158604430614,0.10554476001890012
3511,219,0.3338084335561427,0.10554476001890012
3512,219,0.4314425962510832,0.10554476001890012
3513,219,0.7280554749584132,0.10554476001890012
3514,219,0.7460401301467289,0.10554476001890012
3515,219,0.6012593857000631,0.10554476001890012
3516,219,0.8339462896532112,0.10554476001890012
3517,219,0.10929675517587663,0.10554476001890012
3518,219,0.4747944763213748,0.10554476001890012
3519,219,0.6053746350162941,0.10554476001890012
3520,220,0.4979609004135004,0.1571788030023924
3521,220,0.2157377931179075,0.1571788030023924
3522,220,0.5853153082958675,0.1571788030023924
3523,220,0.38185190495920485,0.1571788030023924
3524,220,0.22746304171542317,0.1571788030023924
3525,220,0.8265164383030164,0.1571788030023924
3526,220,0.2641312990773172,0.1571788030023924
3527,220,0.3656349835270534,0.1571788030023924
3528,220,0.48524260828381727,0.1571788030023924
3529,220,0.5068268098552967,0.1571788030023924
3530,220,0.8526748341586377,0.1571788030023924
3531,220,0.3719133343119535,0.1571788030023924
3532,220,0.4778115615012461,0.1571788030023924
3533,220,0.4231025965249463,0.1571788030023924
3534,220,0.6459639544999839,0.1571788030023924
3535,220,0.5919195708367093,0.1571788030023924
3536,221,0.3236387586847036,0.7737817398421739
3537,221,0.569008794489814,0.7737817398421739
3538,221,0.7848072504517511,0.7737817398421739
3539,221,0.5047357457885651,0.7737817398421739
3540,221,0.05631398464071049,0.7737817398421739
3541,221,0.5867811485795829,0.7737817398421739
3542,221,0.5820738648616169,0.7737817398421739
3543,221,0.6559981409212953,0.7737817398421739
3544,221,0.7217040411754488,0.7737817398421739
3545,221,0.6241336623968365,0.7737817398421739
3546,221,0.5434530253717885,0.7737817398421739
3547,221,0.23864943040591502,0.7737817398421739
3548,221,0.29154732768777314,0.7737817398421739
3549,221,0.4740845337922474,0.7737817398421739
3550,221,0.11719548916748558,0.7737817398421739
3551,221,0.7283383177332653,0.7737817398421739
3552,222,0.27160522132378184,0.5376131164488933
3553,222,0.0768594993250966,0.5376131164488933
3554,222,0.7639013231276445,0.5376131164488933
3555,222,0.23090483956796515,0.5376131164488933
3556,222,0.3328749957035956,0.5376131164488933
3557,222,0.7141169043875575,0.5376131164488933
3558,222,0.7699176480013419,0.5376131164488933
3559,222,0.6228933528732097,0.5376131164488933
3560,222,0.515996243245731,0.5376131164488933
3561,222,0.21784381989581014,0.5376131164488933
3562,222,0.7962446775039745,0.5376131164488933
3563,222,0.3320946620677519,0.5376131164488933
3564,222,0.6197670370688364,0.5376131164488933
3565,222,0.5878364206993082,0.5376131164488933
3566,222,0.5216037665128472,0.5376131164488933
3567,222,0.461412558335459,0.5376131164488933
3568,223,0.14729197701585095,0.5819222503830604
3569,223,0.09052603081296677,0.5819222503830604
3570,223,0.7737344383191185,0.5819222503830604
3571,223,0.22248352485378312,0.5819222503830604
3572,223,0.6605868824939867,0.5819222503830604
3573,223,0.5964523509950057,0.5819222503830604
3574,223,0.792943486949723,0.5819222503830604
3575,223,0.4921536508551252,0.5819222503830604
3576,223,0.4167784417420108,0.5819222503830604
3577,223,0.35179405839132066,0.5819222503830604
3578,223,0.29787983493539716,0.5819222503830604
3579,223,0.3392782658740087,0.5819222503830604
3580,223,0.5931012090033329,0.5819222503830604
3581,223,0.6272878850119823,0.5819222503830604
3582,223,0.14719742438182934,0.5819222503830604
3583,223,0.5786747480788131,0.5819222503830604
3584,224,0.34576163760698764,0.9677083968521879
3585,224,0.8523290996323037,0.9677083968521879
3586,224,0.4636736929390295,0.9677083968521879
3587,224,0.1372029822549584,0.9677083968521879
3588,224,0.6115009047888919,0.9677083968521879
3589,224,0.1513549365373744,0.9677083968521879
3590,224,0.2604800973771508,0.9677083968521879
3591,224,0.4238872147007393,0.9677083968521879
3592,224,0.2561740643583518,0.9677083968521879
3593,224,0.5697658400991568,0.9677083968521879
3594,224,0.40767109025116316,0.9677083968521879
3595,224,0.2615286262642565,0.9677083968521879
3596,224,0.5742266495870122,0.9677083968521879
3597,224,0.22816315710029986,0.9677083968521879
3598,224,0.48691985294486184,0.9677083968521879
3599,224,0.04873440131431452,0.9677083968521879
3600,225,0.09001381045344937,0.5048373705189647
3601,225,0.6140836706553217,0.5048373705189647
3602,225,0.731299873155248,0.5048373705189647
3603,225,0.5727624312423454,0.5048373705189647
3604,225,0.22605384061683179,0.5048373705189647
3605,225,0.3314032371314091,0.5048373705189647
3606,225,0.27031203101065066,0.5048373705189647
3607,225,0.32946708825785637,0.5048373705189647
3608,225,0.3534574340851759,0.5048373705189647
3609,225,0.8786610018409856,0.5048373705189647
3610,225,0.7104712701540599,0.5048373705189647
3611,225,0.5077246566896778,0.5048373705189647
3612,225,0.44798308119977914,0.5048373705189647
3613,225,0.6052935319227066,0.5048373705189647
3614,225,0.21694733648939046,0.5048373705189647
3615,225,0.44354375842104443,0.5048373705189647
3616,226,0.7752388182395618,0.11702088894450602
3617,226,0.3759827935648711,0.11702088894450602
3618,226,0.15352008468514833,0.11702088894450602
3619,226,0.39849460310035373,0.11702088894450602
3620,226,0.5910854275769069,0.11702088894450602
3621,226,0.37705178676635964,0.11702088894450602
3622,226,0.6658914450715224,0.11702088894450602
3623,226,0.2019875540186833,0.11702088894450602
3624,226,0.4812234770952957,0.11702088894450602
3625,226,0.6835494455637844,0.11702088894450602
3626,226,0.32961704130816216,0.11702088894450602
3627,226,0.5875648880162535,0.11702088894450602
3628,226,0.6156520934309995,0.11702088894450602
3629,226,0.19362106341418822,0.11702088894450602
3630,226,0.38738466845659447,0.11702088894450602
3631,226,0.5203215652921278,0.11702088894450602
3632,227,0.4573071462563701,0.718515234359992
3633,227,0.9476207563198334,0.718515234359992
3634,227,0.5074145482546925,0.718515234359992
3635,227,0.44789310544466965,0.718515234359992
3636,227,0.4092970148645014,0.718515234359992
3637,227,0.29217249528494477,0.718515234359992
3638,227,0.6467064015062471,0.718515234359992
3639,227,0.7095301791171292,0.718515234359992
3640,227,0.3609828345901195,0.718515234359992
3641,227,0.2439976721759797,0.718515234359992
3642,227,0.6765301075603501,0.718515234359992
3643,227,0.44922500887022343,0.718515234359992
3644,227,0.732139947493788,0.718515234359992
3645,227,0.9369490179208296,0.718515234359992
3646,227,0.7358893919673801,0.718515234359992
3647,227,0.5968449785980801,0.718515234359992
3648,228,0.6004848985188825,0.207851364069643
3649,228,0.7502261612993206,0.207851364069643
3650,228,0.8673990437594605,0.207851364069643
3651,228,0.37502843511094686,0.207851364069643
3652,228,0.6020474037956068,0.207851364069643
3653,228,0.15198504576769306,0.207851364069643
3654,228,0.5507361295585003,0.207851364069643
3655,228,0.9168349305685392,0.207851364069643
3656,228,0.9542024509834364,0.207851364069643
3657,228,0.4501531308226781,0.207851364069643
3658,228,0.6198306636703151,0.207851364069643
3659,228,0.4887799294642802,0.207851364069643
3660,228,0.31327350353362476,0.207851364069643
3661,228,0.34809363902656104,0.207851364069643
3662,228,0.18820733409850304,0.207851364069643
3663,228,0.187080175106767,0.207851364069643
3664,229,0.40466492050791875,0.5815380148024186
3665,229,0.6793636492314086,0.5815380148024186
3666,229,0.4670681015337863,0.5815380148024186
3667,229,0.12479333610130303,0.5815380148024186
3668,229,0.42266905071514027,0.5815380148024186
3669,229,0.6879223942219114,0.5815380148024186
3670,229,0.2662953913184606,0.5815380148024186
3671,229,0.5216231230623591,0.5815380148024186
3672,229,0.5755137635599633,0.5815380148024186
3673,229,0.21161298717494445,0.5815380148024186
3674,229,0.15557545047573537,0.5815380148024186
3675,229,0.5967779743830571,0.5815380148024186
3676,229,0.3579601856012009,0.5815380148024186
3677,229,0.6065777449372218,0.5815380148024186
3678,229,0.599272246995144,0.5815380148024186
3679,229,0.5829753107255792,0.5815380148024186
3680,230,0.23027608412625197,0.854378765461995
3681,230,0.21583615083278265,0.854378765461995
3682,230,0.684462808277122,0.854378765461995
3683,230,0.8119248103546455,0.854378765461995
3684,230,0.6814987579715196,0.854378765461995
3685,230,0.7248491292236714,0.854378765461995
3686,230,0.7761822647991956,0.854378765461995
3687,230,0.3059137744928509,0.854378765461995
3688,230,0.7932972263693596,0.854378765461995
3689,230,0.44719045500838783,0.854378765461995
3690,230,0.516296661033978,0.854378765461995
3691,230,0.3735597643712833,0.854378765461995
3692,230,0.5472123004254399,0.854378765461995
3693,230,0.6203346404277474,0.854378765461995
3694,230,0.748303890754904,0.854378765461995
3695,230,0.34929862952673935,0.854378765461995
3696,231,0.7110811726201078,0.47708107543259803
3697,231,0.6364615834815275,0.47708107543259803
3698,231,0.9243286589041189,0.47708107543259803
3699,231,0.5788500105323302,0.47708107543259803
3700,231,0.869595146510316,0.47708107543259803
3701,231,0.1592529157862009,0.47708107543259803
3702,231,0.1736476209321821,0.47708107543259803
3703,231,0.8295038308300328,0.47708107543259803
3704,231,0.31184358727693307,0.47708107543259803
3705,231,0.6037199917930213,0.47708107543259803
3706,231,0.7032856447872929,0.47708107543259803
3707,231,0.6959202625214448,0.47708107543259803
3708,231,0.70297254425547,0.47708107543259803
3709,231,0.863617189424638,0.47708107543259803
3710,231,0.3857118722198053,0.47708107543259803
3711,231,0.6948808433277437,0.47708107543259803
3712,232,0.28680419096787835,0.3142851009015948
3713,232,0.47360288559811214,0.3142851009015948
3714,232,0.594505931699182,0.3142851009015948
3715,232,0.4174995220416829,0.3142851009015948
3716,232,0.35972658305791033,0.3142851009015948
3717,232,0.6667396871056309,0.3142851009015948
3718,232,0.3636716768756786,0.3142851009015948
3719,232,0.791074697504413,0.3142851009015948
3720,232,0.6579119672702581,0.3142851009015948
3721,232,0.6941499337463813,0.3142851009015948
3722,232,0.3789129138360864,0.3142851009015948
3723,232,0.156047980857062,0.3142851009015948
3724,232,0.49293173994216744,0.3142851009015948
3725,232,0.5602919928766037,0.3142851009015948
3726,232,0.359374862728856,0.3142851009015948
3727,232,0.5847413929555417,0.3142851009015948
3728,233,0.7241235501204633,0.5755465872070433
3729,233,0.7372906397073146,0.5755465872070433
3730,233,0.9614892291241085,0.5755465872070433
3731,233,0.42500475601617677,0.5755465872070433
3732,233,0.5600123338916445,0.5755465872070433
3733,233,0.4698361484910508,0.5755465872070433
3734,233,0.24202854707938984,0.5755465872070433
3735,233,0.4615560725454865,0.5755465872070433
3736,233,0.06003334426436107,0.5755465872070433
3737,233,0.8039112381783512,0.5755465872070433
3738,233,0.326411746272866,0.5755465872070433
3739,233,0.5621093760636979,0.5755465872070433
3740,233,0.2899928520938978,0.5755465872070433
3741,233,0.49808529598373036,0.5755465872070433
3742,233,0.5005837863709542,0.5755465872070433
3743,233,0.518296475938724,0.5755465872070433
3744,234,0.2089310121799921,0.12695129128211402
3745,234,0.19772860686674262,0.12695129128211402
3746,234,0.7277234734113064,0.12695129128211402
3747,234,0.32343997735335406,0.12695129128211402
3748,234,0.494930348790926,0.12695129128211402
3749,234,0.7495672314013418,0.12695129128211402
3750,234,0.7753468762132721,0.12695129128211402
3751,234,0.5523592910342424,0.12695129128211402
3752,234,0.3171105824089227,0.12695129128211402
3753,234,0.7770494476877771,0.12695129128211402
3754,234,0.37510383200756947,0.12695129128211402
3755,234,0.03103067308627657,0.12695129128211402
3756,234,0.557781766015271,0.12695129128211402
3757,234,0.6056175484818979,0.12695129128211402
3758,234,0.8353728964936146,0.12695129128211402
3759,234,0.25365553353246933,0.12695129128211402
3760,235,0.42949110501638593,0.30756405627775874
3761,235,0.8400801655010688,0.30756405627775874
3762,235,0.1682456350879089,0.30756405627775874
3763,235,0.42066225385623385,0.30756405627775874
3764,235,0.6020205938565023,0.30756405627775874
3765,235,0.7639355436162896,0.30756405627775874
3766,235,0.5038496559850412,0.30756405627775874
3767,235,0.46412357840278506,0.30756405627775874
3768,235,0.6171078973625871,0.30756405627775874
3769,235,0.8914554630296809,0.30756405627775874
3770,235,0.4866879137364559,0.30756405627775874
3771,235,0.9150318542134337,0.30756405627775874
3772,235,0.4323701821522,0.30756405627775874
3773,235,0.4945380418554523,0.30756405627775874
3774,235,0.2233930240260061,0.30756405627775874
3775,235,0.5287324850194505,0.30756405627775874
3776,236,0.8032250462979492,0.5041427868603767
3777,236,0.595381414502854,0.5041427868603767
3778,236,0.8718946821186083,0.5041427868603767
3779,236,0.6407071397410651,0.5041427868603767
3780,236,0.4264089902072771,0.5041427868603767
3781,236,0.7683221770678513,0.5041427868603767
3782,236,0.6274945897335128,0.5041427868603767
3783,236,0.13411790478825514,0.5041427868603767
3784,236,0.23473139289356829,0.5041427868603767
3785,236,0.27039733189319076,0.5041427868603767
3786,236,0.12942383352707357,0.5041427868603767
3787,236,0.4927325772234484,0.5041427868603767
3788,236,0.3678373864086572,0.5041427868603767
3789,236,0.34778985668809725,0.5041427868603767
3790,236,0.5091965046890219,0.5041427868603767
3791,236,0.764370189842393,0.5041427868603767
3792,237,0.781324790279572,0.25415116362123913
3793,237,0.5883109676364227,0.25415116362123913
3794,237,0.8821375924637588,0.25415116362123913
3795,237,0.6733567702155734,0.25415116362123913
3796,237,0.7275480759265652,0.25415116362123913
3797,237,0.5350759154938138,0.25415116362123913
3798,237,0.931281272580282,0.25415116362123913
3799,237,0.48372064485591326,0.25415116362123913
3800,237,0.603656090843621,0.25415116362123913
3801,237,0.08278274089783405,0.25415116362123913
3802,237,0.5876299519228596,0.25415116362123913
3803,237,0.31507289657837595,0.25415116362123913
3804,237,0.8254688446106284,0.25415116362123913
3805,237,0.474487095569016,0.25415116362123913
3806,237,0.2630523589573477,0.25415116362123913
3807,237,0.435815515345033,0.25415116362123913
3808,238,0.8696159094632342,0.03925812152232944
3809,238,0.6039200030025978,0.03925812152232944
3810,238,0.967003538303188,0.03925812152232944
3811,238,0.9479079503917609,0.03925812152232944
3812,238,0.4979209298778174,0.03925812152232944
3813,238,0.64627650413467,0.03925812152232944
3814,238,0.1497913040732705,0.03925812152232944
3815,238,0.04571675971269008,0.03925812152232944
3816,238,0.6378906075001838,0.03925812152232944
3817,238,0.43820268351246516,0.03925812152232944
3818,238,0.2140766436740322,0.03925812152232944
3819,238,0.3069373522706659,0.03925812152232944
3820,238,0.34477017415905853,0.03925812152232944
3821,238,0.5329518720470316,0.03925812152232944
3822,238,0.48333204571498617,0.03925812152232944
3823,238,0.4480211367239172,0.03925812152232944
3824,239,0.7115933972557407,0.5851409794218585
3825,239,0.8798076000732065,0.5851409794218585
3826,239,0.6104250867061404,0.5851409794218585
3827,239,0.3043246585788043,0.5851409794218585
3828,239,0.26024645884869896,0.5851409794218585
3829,239,0.21790638072970764,0.5851409794218585
3830,239,0.14594023652573201,0.5851409794218585
3831,239,0.2367864395194133,0.5851409794218585
3832,239,0.1592080383318947,0.5851409794218585
3833,239,0.6736158757660085,0.5851409794218585
3834,239,0.4333113602693537,0.5851409794218585
3835,239,0.4443688659247706,0.5851409794218585
3836,239,0.2960573916631245,0.5851409794218585
3837,239,0.17349593113034104,0.5851409794218585
3838,239,0.09146771686960771,0.5851409794218585
3839,239,0.3445083736760447,0.5851409794218585
3840,240,0.6920611118800085,0.4012473648112821
3841,240,0.6507861318437851,0.4012473648112821
3842,240,0.2717631199082257,0.4012473648112821
3843,240,0.37928614515890796,0.4012473648112821
3844,240,0.5572216150156452,0.4012473648112821
3845,240,0.7145449125276803,0.4012473648112821
3846,240,0.6035911702962924,0.4012473648112821
3847,240,0.9378706490293509,0.4012473648112821
3848,240,0.45853217907033955,0.4012473648112821
3849,240,0.19844263074070348,0.4012473648112821
3850,240,0.4469673397327924,0.4012473648112821
3851,240,0.5089153249378602,0.4012473648112821
3852,240,0.8382992226193811,0.4012473648112821
3853,240,0.35858571710785286,0.4012473648112821
3854,240,0.9203503138463948,0.4012473648112821
3855,240,0.4509517986677029,0.4012473648112821
3856,241,0.6124286777897094,0.39061025943482974
3857,241,0.6423245942243035,0.39061025943482974
3858,241,0.3933270779137933,0.39061025943482974
3859,241,0.0946470884810458,0.39061025943482974
3860,241,0.19772992812202334,0.39061025943482974
3861,241,0.10465587870107193,0.39061025943482974
3862,241,0.16423993963164876,0.39061025943482974
3863,241,0.17785987327194738,0.39061025943482974
3864,241,0.5627070193288286,0.39061025943482974
3865,241,0.8058191282732722,0.39061025943482974
3866,241,0.18822664816219234,0.39061025943482974
3867,241,0.7359214654912054,0.39061025943482974
3868,241,0.2908011027437508,0.39061025943482974
3869,241,0.17530722722766282,0.39061025943482974
3870,241,0.5788288656968771,0.39061025943482974
3871,241,0.8241199663716849,0.39061025943482974
3872,242,0.22551900131839153,0.996812795897975
3873,242,0.4882960817012369,0.996812795897975
3874,242,0.14008522210370913,0.996812795897975
3875,242,0.6553091159620735,0.996812795897975
3876,242,0.21377797756396041,0.996812795897975
3877,242,0.6974831122495032,0.996812795897975
3878,242,0.49656604744422417,0.996812795897975
3879,242,0.1297735606714794,0.996812795897975
3880,242,0.6160458888158388,0.996812795897975
3881,242,0.830876276169688,0.996812795897975
3882,242,0.2600284121452355,0.996812795897975
3883,242,0.36143549134711167,0.996812795897975
3884,242,0.0919582010310425,0.996812795897975
3885,242,0.4027201757173436,0.996812795897975
3886,242,0.6972207539420573,0.996812795897975
3887,242,0.3721207596030103,0.996812795897975
3888,243,0.6394977098576433,0.11178403188695996
3889,243,0.4934273698440413,0.11178403188695996
3890,243,0.38678644507441984,0.11178403188695996
3891,243,0.5462018844894946,0.11178403188695996
3892,243,0.44790087603756595,0.11178403188695996
3893,243,0.5751902485879963,0.11178403188695996
3894,243,0.4459827292577692,0.11178403188695996
3895,243,0.6756565142688175,0.11178403188695996
3896,243,0.8064577798827067,0.11178403188695996
3897,243,0.3794047135914589,0.11178403188695996
3898,243,0.16054121137090352,0.11178403188695996
3899,243,0.3383919058008406,0.11178403188695996
3900,243,0.40676544201897114,0.11178403188695996
3901,243,0.5682675883045092,0.11178403188695996
3902,243,0.355674917302871,0.11178403188695996
3903,243,0.799161498115109,0.11178403188695996
3904,244,0.7543900847861663,0.1541756378062098
3905,244,0.5844989694184621,0.1541756378062098
3906,244,0.7592383137755226,0.1541756378062098
3907,244,0.7742889475601293,0.1541756378062098
3908,244,0.3511572039337924,0.1541756378062098
3909,244,0.3061242648167856,0.1541756378062098
3910,244,0.5677836804797043,0.1541756378062098
3911,244,0.2808983731105901,0.1541756378062098
3912,244,0.4455636273051693,0.1541756378062098
3913,244,0.45356297487180114,0.1541756378062098
3914,244,0.43430484994098445,0.1541756378062098
3915,244,0.16516282069401356,0.1541756378062098
3916,244,0.37067939768380986,0.1541756378062098
3917,244,0.3377319303773502,0.1541756378062098
3918,244,0.4142049464761935,0.1541756378062098
3919,244,0.616745325568975,0.1541756378062098
3920,245,0.44825100369840926,0.8762618174844566
3921,245,0.5538616469468672,0.8762618174844566
3922,245,0.16772421169772742,0.8762618174844566
3923,245,0.6816800932512125,0.8762618174844566
3924,245,0.3248128739822526,0.8762618174844566
3925,245,0.23216107006545014,0.8762618174844566
3926,245,0.3262020813722757,0.8762618174844566
3927,245,0.29309557905399397,0.8762618174844566
3928,245,0.36998548518203084,0.8762618174844566
3929,245,0.8280691504943896,0.8762618174844566
3930,245,0.2330946173026552,0.8762618174844566
3931,245,0.5012196841114146,0.8762618174844566
3932,245,0.6855063778294932,0.8762618174844566
3933,245,0.6189751828189036,0.8762618174844566
3934,245,0.14809420031573317,0.8762618174844566
3935,245,0.42601745523917023,0.8762618174844566
3936,246,0.15723554847242455,0.13026165905404785
3937,246,0.9270152123075872,0.13026165905404785
3938,246,0.6372757367500049,0.13026165905404785
3939,246,0.34933181249039263,0.13026165905404785
3940,246,0.41966211892634603,0.13026165905404785
3941,246,0.1275656832363508,0.13026165905404785
3942,246,0.8644804787275877,0.13026165905404785
3943,246,0.380973673533843,0.13026165905404785
3944,246,0.4392572678781873,0.13026165905404785
3945,246,0.10309147039489668,0.13026165905404785
3946,246,0.6038475361053846,0.13026165905404785
3947,246,0.1482612705590765,0.13026165905404785
3948,246,0.7647332915992001,0.13026165905404785
3949,246,0.33171365402771086,0.13026165905404785
3950,246,0.40203520100081375,0.13026165905404785
3951,246,0.3638725710193558,0.13026165905404785
3952,247,0.4218177081856549,0.9176228320811173
3953,247,0.5824710769001459,0.9176228320811173
3954,247,0.4418524830172541,0.9176228320811173
3955,247,0.7732247512236334,0.9176228320811173
3956,247,0.8622291930585374,0.9176228320811173
3957,247,0.1342054758524807,0.9176228320811173
3958,247,0.3000756844891463,0.9176228320811173
3959,247,0.4244343388051907,0.9176228320811173
3960,247,0.3790743182894182,0.9176228320811173
3961,247,0.9452164792672467,0.9176228320811173
3962,247,0.6926325751972129,0.9176228320811173
3963,247,0.5183040615126064,0.9176228320811173
3964,247,0.5020742454175399,0.9176228320811173
3965,247,0.41983592703131967,0.9176228320811173
3966,247,0.3108418676311017,0.9176228320811173
3967,247,0.5079474760443451,0.9176228320811173
3968,248,0.5527407972130565,0.6719608612842088
3969,248,0.45943982064568295,0.6719608612842088
3970,248,0.4516430669974986,0.6719608612842088
3971,248,0.8845809483796643,0.6719608612842088
3972,248,0.13863526502917448,0.6719608612842088
3973,248,0.02991273000184691,0.6719608612842088
3974,248,0.7270857756950707,0.6719608612842088
3975,248,0.8444857675520844,0.6719608612842088
3976,248,0.29190216955063286,0.6719608612842088
3977,248,0.4665135512116751,0.6719608612842088
3978,248,0.4170302188103578,0.6719608612842088
3979,248,0.3500228687950319,0.6719608612842088
3980,248,0.22815637984416257,0.6719608612842088
3981,248,0.3754329220337237,0.6719608612842088
3982,248,0.38476502688866304,0.6719608612842088
3983,248,0.7763919641207583,0.6719608612842088
3984,249,0.47915956765565404,0.528162904923863
3985,249,0.46980381717180403,0.528162904923863
3986,249,0.5738186991355533,0.528162904923863
3987,249,0.23086892141708124,0.528162904923863
3988,249,0.4471938165192909,0.528162904923863
3989,249,0.37739395830096045,0.528162904923863
3990,249,0.620920181530921,0.528162904923863
3991,249,0.5679317274131872,0.528162904923863
3992,249,0.18758209480097743,0.528162904923863
3993,249,0.7026276391473213,0.528162904923863
3994,249,0.25621344775513266,0.528162904923863
3995,249,0.45240640806903065,0.528162904923863
3996,249,0.7261796185887032,0.528162904923863
3997,249,0.9020848457104685,0.528162904923863
3998,249,0.5970132315333113,0.528162904923863
3999,249,0.8253509855737702,0.528162904923863
4000,250,0.7557735596116184,0.2784006815294713
4001,250,0.6339582621597343,0.2784006815294713
4002,250,0.5616822411319212,0.2784006815294713
4003,250,0.7552104797838239,0.2784006815294713
4004,250,0.9773328784482527,0.2784006815294713
4005,250,0.44482099524669666,0.2784006815294713
4006,250,0.2839654159500438,0.2784006815294713
4007,250,0.29532601268442144,0.2784006815294713
4008,250,0.5460822450747221,0.2784006815294713
4009,250,0.6893701419378129,0.2784006815294713
4010,250,0.1669297841631481,0.2784006815294713
4011,250,0.6772107685752367,0.2784006815294713
4012,250,0.3924594486404697,0.2784006815294713
4013,250,0.8229908149854935,0.2784006815294713
4014,250,0.6900422051596654,0.2784006815294713
4015,250,0.3970935209072314,0.2784006815294713
4016,251,0.31789587333759434,0.35947348207133867
4017,251,0.43431399619894845,0.35947348207133867
4018,251,0.46694063036911354,0.35947348207133867
4019,251,0.7770533630604398,0.35947348207133867
4020,251,0.47575343327283903,0.35947348207133867
4021,251,0.22209995220719944,0.35947348207133867
4022,251,0.6305101135620816,0.35947348207133867
4023,251,0.6319384164339502,0.35947348207133867
4024,251,0.7867180189912985,0.35947348207133867
4025,251,0.4907125684837151,0.35947348207133867
4026,251,0.711225486417584,0.35947348207133867
4027,251,0.5064644774262922,0.35947348207133867
4028,251,0.31774447601602196,0.35947348207133867
4029,251,0.17939219435383338,0.35947348207133867
4030,251,0.3773810635651916,0.35947348207133867
4031,251,0.13590210792731133,0.35947348207133867
4032,252,0.5177395781592197,0.8259545699134301
4033,252,0.4759553281703717,0.8259545699134301
4034,252,0.3548229389658608,0.8259545699134301
4035,252,0.8554816573024662,0.8259545699134301
4036,252,0.20584312972161786,0.8259545699134301
4037,252,0.424441171807603,0.8259545699134301
4038,252,0.5985758314776897,0.8259545699134301
4039,252,0.1775791747987434,0.8259545699134301
4040,252,0.8738415870353368,0.8259545699134301
4041,252,0.9082296195835637,0.8259545699134301
4042,252,0.6384579493785727,0.8259545699134301
4043,252,0.1755025231223328,0.8259545699134301
4044,252,0.7559051659151964,0.8259545699134301
4045,252,0.4284821569678678,0.8259545699134301
4046,252,0.5623043153901034,0.8259545699134301
4047,252,0.976626898772575,0.8259545699134301
4048,253,0.48478131333546326,0.05750454825193074
4049,253,0.8101837664202232,0.05750454825193074
4050,253,0.24245202903204136,0.05750454825193074
4051,253,0.6579482967588098,0.05750454825193074
4052,253,0.10901977367262906,0.05750454825193074
4053,253,0.43021534083803414,0.05750454825193074
4054,253,0.6782421713883299,0.05750454825193074
4055,253,0.7498483862631664,0.05750454825193074
4056,253,0.2600685335137705,0.05750454825193074
4057,253,0.5273224216565982,0.05750454825193074
4058,253,0.7298643179322528,0.05750454825193074
4059,253,0.6985692525024615,0.05750454825193074
4060,253,0.672241868456381,0.05750454825193074
4061,253,0.779178566068381,0.05750454825193074
4062,253,0.7896662698703795,0.05750454825193074
4063,253,0.4458825510287208,0.05750454825193074
4064,254,0.39190012620359715,0.768548607006254
4065,254,0.38565435667674125,0.768548607006254
4066,254,0.35504421912095746,0.768548607006254
4067,254,0.46860182623854113,0.768548607006254
4068,254,0.3659275807298976,0.768548607006254
4069,254,0.7216469520336147,0.768548607006254
4070,254,0.8653619512191362,0.768548607006254
4071,254,0.5790537298639016,0.768548607006254
4072,254,0.6647082966616263,0.768548607006254
4073,254,0.08508570088754709,0.768548607006254
4074,254,0.7007975869989281,0.768548607006254
4075,254,0.2720257406675262,0.768548607006254
4076,254,0.4570003543648899,0.768548607006254
4077,254,0.6740538541940315,0.768548607006254
4078,254,0.6753586342568837,0.768548607006254
4079,254,0.5859037978800051,0.768548607006254
4080,255,0.7178395816898039,0.8278206853570748
4081,255,0.23723432772388864,0.8278206853570748
4082,255,0.7375331538411304,0.8278206853570748
4083,255,0.7497535921267633,0.8278206853570748
4084,255,0.41423347474612043,0.8278206853570748
4085,255,0.44304990549428414,0.8278206853570748
4086,255,0.6164949417540404,0.8278206853570748
4087,255,0.5096726708882321,0.8278206853570748
4088,255,0.26116328694541596,0.8278206853570748
4089,255,0.7298962722529505,0.8278206853570748
4090,255,0.28542705241879684,0.8278206853570748
4091,255,0.4562620113931059,0.8278206853570748
4092,255,0.15934038413569093,0.8278206853570748
4093,255,0.6214409143979824,0.8278206853570748
4094,255,0.48484467798934017,0.8278206853570748
4095,255,0.6208104445860758,0.8278206853570748
4096,256,0.8199701614703276,0.7059669088836537
4097,256,0.8500537356940462,0.7059669088836537
4098,256,0.6541179407930322,0.7059669088836537
4099,256,0.08873950353267414,0.7059669088836537
4100,256,0.7466796672607398,0.7059669088836537
4101,256,0.8039369018805974,0.7059669088836537
4102,256,0.29948801766600175,0.7059669088836537
4103,256,0.3482789173432119,0.7059669088836537
4104,256,0.7430799668682374,0.7059669088836537
4105,256,0.35884743956057275,0.7059669088836537
4106,256,0.6225197840939684,0.7059669088836537
4107,256,0.8385722207090326,0.7059669088836537
4108,256,0.6427304813388494,0.7059669088836537
4109,256,0.6910961072975087,0.7059669088836537
4110,256,0.7747660605868714,0.7059669088836537
4111,256,0.49370817608650647,0.7059669088836537
4112,257,0.6862804864397816,0.05450466474017679
4113,257,0.6236413200160077,0.05450466474017679
4114,257,0.03476922843791063,0.05450466474017679
4115,257,0.5097700128431272,0.05450466474017679
4116,257,0.4497122102758225,0.05450466474017679
4117,257,0.25176470902018894,0.05450466474017679
4118,257,0.11826469059254925,0.05450466474017679
4119,257,0.44156803023609165,0.05450466474017679
4120,257,0.4025369367506514,0.05450466474017679
4121,257,0.5187399167935219,0.05450466474017679
4122,257,0.6176937809098092,0.05450466474017679
4123,257,0.8763183187324165,0.05450466474017679
4124,257,0.3696318033562332,0.05450466474017679
4125,257,0.2781500281035827,0.05450466474017679
4126,257,0.9554408741036622,0.05450466474017679
4127,257,0.07336754402675143,0.05450466474017679
4128,258,0.43375578291988964,0.7426549203646741
4129,258,0.22830557169494448,0.7426549203646741
4130,258,0.7512833610546644,0.7426549203646741
4131,258,0.5580735693244991,0.7426549203646741
4132,258,0.15024039307391426,0.7426549203646741
4133,258,0.5485120073099431,0.7426549203646741
4134,258,0.45136880919497413,0.7426549203646741
4135,258,0.6993025033460204,0.7426549203646741
4136,258,0.845639932626241,0.7426549203646741
4137,258,0.6323972406855674,0.7426549203646741
4138,258,0.2990406191724855,0.7426549203646741
4139,258,0.86705649039532,0.7426549203646741
4140,258,0.6756727795872266,0.7426549203646741
4141,258,0.4787039610144279,0.7426549203646741
4142,258,0.6224976362483081,0.7426549203646741
4143,258,0.44377194475534976,0.7426549203646741
4144,259,0.5071295808299501,0.723163899106161
4145,259,0.3125189989224304,0.723163899106161
4146,259,0.3424985288651411,0.723163899106161
4147,259,0.27386445061003234,0.723163899106161
4148,259,0.5212541763008935,0.723163899106161
4149,259,0.49978444102182984,0.723163899106161
4150,259,0.35709434630417713,0.723163899106161
4151,259,0.5100065263064493,0.723163899106161
4152,259,0.8800879868063337,0.723163899106161
4153,259,0.49192297657020384,0.723163899106161
4154,259,0.6530695944624831,0.723163899106161
4155,259,0.8562521768009353,0.723163899106161
4156,259,0.8329906084836693,0.723163899106161
4157,259,0.8144446706393853,0.723163899106161
4158,259,0.38759485422313966,0.723163899106161
4159,259,0.5387020225354126,0.723163899106161
4160,260,0.6243622701903935,0.01309387603292167
4161,260,0.30783199231104086,0.01309387603292167
4162,260,0.2791550226241256,0.01309387603292167
4163,260,0.17662919466409033,0.01309387603292167
4164,260,0.6916704156457835,0.01309387603292167
4165,260,0.45224272085792805,0.01309387603292167
4166,260,0.7827486613429537,0.01309387603292167
4167,260,0.5499175849728818,0.01309387603292167
4168,260,0.21079720044558484,0.01309387603292167
4169,260,0.9400486457048377,0.01309387603292167
4170,260,0.8505054712576914,0.01309387603292167
4171,260,0.8159891405709512,0.01309387603292167
4172,260,0.8752617642342546,0.01309387603292167
4173,260,0.19895487218880611,0.01309387603292167
4174,260,0.7766614565015904,0.01309387603292167
4175,260,0.7901945695856575,0.01309387603292167
4176,261,0.4824480511053919,0.8922833652878921
4177,261,0.67726404244603,0.8922833652878921
4178,261,0.2934418205644879,0.8922833652878921
4179,261,0.6984427599762951,0.8922833652878921
4180,261,0.9429548253214357,0.8922833652878921
4181,261,0.3873234269380607,0.8922833652878921
4182,261,0.23076261687371288,0.8922833652878921
4183,261,0.28998737979312816,0.8922833652878921
4184,261,0.5677826855064977,0.8922833652878921
4185,261,0.4479213914608544,0.8922833652878921
4186,261,0.5384697714984341,0.8922833652878921
4187,261,0.2531562266796191,0.8922833652878921
4188,261,0.8469488517064008,0.8922833652878921
4189,261,0.4629210104219661,0.8922833652878921
4190,261,0.6297744620074816,0.8922833652878921
4191,261,0.10109612973800479,0.8922833652878921
4192,262,0.39294242153168174,0.13219582532671925
4193,262,0.6729723209264942,0.13219582532671925
4194,262,0.3611149262307266,0.13219582532671925
4195,262,0.40710443024709186,0.13219582532671925
4196,262,0.1918929349570522,0.13219582532671925
4197,262,0.6359147787754976,0.13219582532671925
4198,262,0.373716942893504,0.13219582532671925
4199,262,0.17775773247831952,0.13219582532671925
4200,262,0.48579987416754233,0.13219582532671925
4201,262,0.7359980485529873,0.13219582532671925
4202,262,0.468059914917836,0.13219582532671925
4203,262,0.4462448095254856,0.13219582532671925
4204,262,0.5789674158810244,0.13219582532671925
4205,262,0.37738884139134204,0.13219582532671925
4206,262,0.5466006309164575,0.13219582532671925
4207,262,0.7346761144712562,0.13219582532671925
4208,263,0.6595203713296367,0.960782172022048
4209,263,0.40372704332838266,0.960782172022048
4210,263,0.5076234106740954,0.960782172022048
4211,263,0.39999868848645054,0.960782172022048
4212,263,0.5209182912437137,0.960782172022048
4213,263,0.17264935732975142,0.960782172022048
4214,263,0.2925193801605117,0.960782172022048
4215,263,0.3857803489594145,0.960782172022048
4216,263,0.8100268204315358,0.960782172022048
4217,263,0.3493398742898778,0.960782172022048
4218,263,0.8055911578410239,0.960782172022048
4219,263,0.6275838506287092,0.960782172022048
4220,263,0.24507706151525208,0.960782172022048
4221,263,0.4901117859738536,0.960782172022048
4222,263,0.624325935108086,0.960782172022048
4223,263,0.5645160138998812,0.960782172022048
4224,264,0.3924444151221003,0.07077058109418988
4225,264,0.37623606142047306,0.07077058109418988
4226,264,0.45925672676523926,0.07077058109418988
4227,264,0.08939362238037689,0.07077058109418988
4228,264,0.22645971637457907,0.07077058109418988
4229,264,0.7888377987770369,0.07077058109418988
4230,264,0.4135247918040384,0.07077058109418988
4231,264,0.6450190282938283,0.07077058109418988
4232,264,0.5882380571841137,0.07077058109418988
4233,264,0.11133553476345338,0.07077058109418988
4234,264,0.40802098119272573,0.07077058109418988
4235,264,0.6985628690316795,0.07077058109418988
4236,264,0.10202287124385387,0.07077058109418988
4237,264,0.2368953783955859,0.07077058109418988
4238,264,0.6828658287903837,0.07077058109418988
4239,264,0.3407881367897585,0.07077058109418988
4240,265,0.629338677099802,0.2380494288559516
4241,265,0.24820303982210107,0.2380494288559516
4242,265,0.1932838915490156,0.2380494288559516
4243,265,0.8218400682055587,0.2380494288559516
4244,265,0.8114314677095941,0.2380494288559516
4245,265,0.38748253092689466,0.2380494288559516
4246,265,0.43467142802693653,0.2380494288559516
4247,265,0.505738481113799,0.2380494288559516
4248,265,0.493300600151145,0.2380494288559516
4249,265,0.8191583891425611,0.2380494288559516
4250,265,0.2878967057520662,0.2380494288559516
4251,265,0.7287820835150899,0.2380494288559516
4252,265,0.4861695138430895,0.2380494288559516
4253,265,0.3522070570514379,0.2380494288559516
4254,265,0.7289082606624755,0.2380494288559516
4255,265,0.4837362358802531,0.2380494288559516
4256,266,0.37619840328627285,0.6902421913196527
4257,266,0.7007240029138468,0.6902421913196527
4258,266,0.5234764437930991,0.6902421913196527
4259,266,0.681783968162027,0.6902421913196527
4260,266,0.6361853096392024,0.6902421913196527
4261,266,0.70368679612053,0.6902421913196527
4262,266,0.4857079020223973,0.6902421913196527
4263,266,0.9790575940811641,0.6902421913196527
4264,266,0.3307137626308743,0.6902421913196527
4265,266,0.5341766555306916,0.6902421913196527
4266,266,0.7100865636624974,0.6902421913196527
4267,266,0.6902174548937292,0.6902421913196527
4268,266,0.4483658206627133,0.6902421913196527
4269,266,0.5550610551144982,0.6902421913196527
4270,266,0.9263514197037089,0.6902421913196527
4271,266,0.3968159542391678,0.6902421913196527
4272,267,0.7458234151024546,0.13724131447688948
4273,267,0.6172219967563395,0.13724131447688948
4274,267,0.7942380526131807,0.13724131447688948
4275,267,0.5837365085701814,0.13724131447688948
4276,267,0.7486076273894637,0.13724131447688948
4277,267,0.617979082675006,0.13724131447688948
4278,267,0.9525301446714877,0.13724131447688948
4279,267,0.28103013558157225,0.13724131447688948
4280,267,0.8815510462635304,0.13724131447688948
4281,267,0.7894377818795045,0.13724131447688948
4282,267,0.23131610184289975,0.13724131447688948
4283,267,0.769388099646317,0.13724131447688948
4284,267,0.2571972225222639,0.13724131447688948
4285,267,0.5037268222418468,0.13724131447688948
4286,267,0.5335076390133635,0.13724131447688948
4287,267,0.29824321263113185,0.13724131447688948
4288,268,0.5459217209341015,0.18496755698090106
4289,268,0.2408964077349663,0.18496755698090106
4290,268,0.4821169163298971,0.18496755698090106
4291,268,0.8539497464857806,0.18496755698090106
4292,268,0.3679446329518756,0.18496755698090106
4293,268,0.49403313574308866,0.18496755698090106
4294,268,0.7738350396972928,0.18496755698090106
4295,268,0.8208688627215608,0.18496755698090106
4296,268,0.1287175938428441,0.18496755698090106
4297,268,0.2360332304913347,0.18496755698090106
4298,268,0.1334156683451713,0.18496755698090106
4299,268,0.3018430688156529,0.18496755698090106
4300,268,0.539703547349206,0.18496755698090106
4301,268,0.5740470098337211,0.18496755698090106
4302,268,0.1658286935435746,0.18496755698090106
4303,268,0.44869670573460263,0.18496755698090106
4304,269,0.40664526973346404,0.011171643657057806
4305,269,0.8102026202639411,0.011171643657057806
4306,269,0.26531144724727174,0.011171643657057806
4307,269,0.3993799061931721,0.011171643657057806
4308,269,0.659468880901186,0.011171643657057806
4309,269,0.3606338562354854,0.011171643657057806
4310,269,0.15696098577890572,0.011171643657057806
4311,269,0.2324657053718229,0.011171643657057806
4312,269,0.3213712242540023,0.011171643657057806
4313,269,0.7339592931364581,0.011171643657057806
4314,269,0.40356483031305185,0.011171643657057806
4315,269,0.06503830764374231,0.011171643657057806
4316,269,0.5654179715856921,0.011171643657057806
4317,269,0.4881909092580026,0.011171643657057806
4318,269,0.9494887955346633,0.011171643657057806
4319,269,0.5792644855688049,0.011171643657057806
4320,270,0.7539874554601701,0.826480075803284
4321,270,0.5296726764175372,0.826480075803284
4322,270,0.357353830556502,0.826480075803284
4323,270,0.4232098464166908,0.826480075803284
4324,270,0.3904855845287676,0.826480075803284
4325,270,0.1932570866787858,0.826480075803284
4326,270,0.613397030679861,0.826480075803284
4327,270,0.1774723250568234,0.826480075803284
4328,270,0.8757287202702525,0.826480075803284
4329,270,0.22489180510329193,0.826480075803284
4330,270,0.5832923970870094,0.826480075803284
4331,270,0.5302919319114495,0.826480075803284
4332,270,0.5225473804301398,0.826480075803284
4333,270,0.1796541181871303,0.826480075803284
4334,270,0.43107613296531605,0.826480075803284
4335,270,0.18819413360168843,0.826480075803284
4336,271,0.5773884234846968,0.03761730072921454
4337,271,0.4469946658481074,0.03761730072921454
4338,271,0.4872944395140492,0.03761730072921454
4339,271,0.3167717389752456,0.03761730072921454
4340,271,0.4072627970397762,0.03761730072921454
4341,271,0.9455288050545347,0.03761730072921454
4342,271,0.6218541143760208,0.03761730072921454
4343,271,0.16744954645681928,0.03761730072921454
4344,271,0.523578974047483,0.03761730072921454
4345,271,0.6664141622225818,0.03761730072921454
4346,271,0.8657579851682423,0.03761730072921454
4347,271,0.4655530820941832,0.03761730072921454
4348,271,0.18372341009131346,0.03761730072921454
4349,271,0.666444035556206,0.03761730072921454
4350,271,0.5021097690449858,0.03761730072921454
4351,271,0.43614336533586473,0.03761730072921454
4352,272,0.11100895685311842,0.6325730157274954
4353,272,0.678988259397234,0.6325730157274954
4354,272,0.3887162619899806,0.6325730157274954
4355,272,0.7705216690641454,0.6325730157274954
4356,272,0.451277043403046,0.6325730157274954
4357,272,0.4822145727132061,0.6325730157274954
4358,272,0.24364471886593358,0.6325730157274954
4359,272,0.3068979256334821,0.6325730157274954
4360,272,0.6680289351766111,0.6325730157274954
4361,272,0.45394843876467206,0.6325730157274954
4362,272,0.587348416576369,0.6325730157274954
4363,272,0.11047157144258253,0.6325730157274954
4364,272,0.45261845697122755,0.6325730157274954
4365,272,0.37410954023573334,0.6325730157274954
4366,272,0.2459019768424011,0.6325730157274954
4367,272,0.3545677325630035,0.6325730157274954
4368,273,0.2857951142053446,0.5823073282289144
4369,273,0.44373096285008934,0.5823073282289144
4370,273,0.4173240215519166,0.5823073282289144
4371,273,0.4470606267978957,0.5823073282289144
4372,273,0.5477774181791032,0.5823073282289144
4373,273,0.31017372581799146,0.5823073282289144
4374,273,0.5796263233178321,0.5823073282289144
4375,273,0.3983464923203737,0.5823073282289144
4376,273,0.3146401742430435,0.5823073282289144
4377,273,0.4959263451846825,0.5823073282289144
4378,273,0.5515047472499937,0.5823073282289144
4379,273,0.7088880854168185,0.5823073282289144
4380,273,0.4600100121604726,0.5823073282289144
4381,273,0.3808253892205432,0.5823073282289144
4382,273,0.1760597349344457,0.5823073282289144
4383,273,0.42158817204208243,0.5823073282289144
4384,274,0.8330993018874758,0.5112402605537932
4385,274,0.5331445858029593,0.5112402605537932
4386,274,0.5538150577841969,0.5112402605537932
4387,274,0.6185391081648554,0.5112402605537932
4388,274,0.4608801961579526,0.5112402605537932
4389,274,0.4655868357150526,0.5112402605537932
4390,274,0.1322875815728927,0.5112402605537932
4391,274,0.3266508797092372,0.5112402605537932
4392,274,0.6364792198087679,0.5112402605537932
4393,274,0.7864385255747693,0.5112402605537932
4394,274,0.405922705095428,0.5112402605537932
4395,274,0.3277246366151013,0.5112402605537932
4396,274,0.4299685991387659,0.5112402605537932
4397,274,0.6592478469028666,0.5112402605537932
4398,274,0.5986086441871793,0.5112402605537932
4399,274,0.4962436536615352,0.5112402605537932
4400,275,0.4219003881341322,0.37515772483462484
4401,275,0.15263223009122717,0.37515772483462484
4402,275,0.44962368307034367,0.37515772483462484
4403,275,0.5154469459323318,0.37515772483462484
4404,275,0.3857475139709801,0.37515772483462484
4405,275,0.41340983947022114,0.37515772483462484
4406,275,0.8716754164553487,0.37515772483462484
4407,275,0.27432801821113717,0.37515772483462484
4408,275,0.6429544372967314,0.37515772483462484
4409,275,0.5025494150071809,0.37515772483462484
4410,275,0.7774006547312545,0.37515772483462484
4411,275,0.5996951102079228,0.37515772483462484
4412,275,0.17047811693258863,0.37515772483462484
4413,275,0.8005827658483193,0.37515772483462484
4414,275,0.5713129131790726,0.37515772483462484
4415,275,0.8386253858247009,0.37515772483462484
4416,276,0.321020793703965,0.29956256445540974
4417,276,0.3219940044825992,0.29956256445540974
4418,276,0.9432662735540809,0.29956256445540974
4419,276,0.6385680327542473,0.29956256445540974
4420,276,0.9726438224940603,0.29956256445540974
4421,276,0.39728025623447666,0.29956256445540974
4422,276,0.836144337984331,0.29956256445540974
4423,276,0.6128614316970074,0.29956256445540974
4424,276,0.4414610602387621,0.29956256445540974
4425,276,0.37767808931261654,0.29956256445540974
4426,276,0.2651532472100729,0.29956256445540974
4427,276,0.7426474260672888,0.29956256445540974
4428,276,0.7917549272576455,0.29956256445540974
4429,276,0.5982478235266445,0.29956256445540974
4430,276,0.5960166615883259,0.29956256445540974
4431,276,0.6980415430285295,0.29956256445540974
4432,277,0.3243553271932603,0.9569475247611086
4433,277,0.8917168047265509,0.9569475247611086
4434,277,0.8967841497205212,0.9569475247611086
4435,277,0.7755958673364172,0.9569475247611086
4436,277,0.15080535105749399,0.9569475247611086
4437,277,0.49277776076550267,0.9569475247611086
4438,277,0.4913024352842411,0.9569475247611086
4439,277,0.09325966176098822,0.9569475247611086
4440,277,0.12637208884985607,0.9569475247611086
4441,277,0.27338967247525575,0.9569475247611086
4442,277,0.46497428532360846,0.9569475247611086
4443,277,0.3935032711408422,0.9569475247611086
4444,277,0.7902278930558173,0.9569475247611086
4445,277,0.04952904926988473,0.9569475247611086
4446,277,0.8039725647333762,0.9569475247611086
4447,277,0.19799152966305175,0.9569475247611086
4448,278,0.27338985134370525,0.7853582753981895
4449,278,0.7104250950422489,0.7853582753981895
4450,278,0.31541199261517955,0.7853582753981895
4451,278,0.40713814779672464,0.7853582753981895
4452,278,0.3749055316655345,0.7853582753981895
4453,278,0.3878109578749226,0.7853582753981895
4454,278,0.5338312438997187,0.7853582753981895
4455,278,0.7270932885643145,0.7853582753981895
4456,278,0.2743538692812907,0.7853582753981895
4457,278,0.7817518793002719,0.7853582753981895
4458,278,0.6436204680064146,0.7853582753981895
4459,278,0.1508551716032288,0.7853582753981895
4460,278,0.385982784286441,0.7853582753981895
4461,278,0.832677180191085,0.7853582753981895
4462,278,0.4856567078607568,0.7853582753981895
4463,278,0.5724863140551044,0.7853582753981895
4464,279,0.5428439203383314,0.9227325986658982
4465,279,0.8642724842296596,0.9227325986658982
4466,279,0.3825832932215291,0.9227325986658982
4467,279,0.49245186213539616,0.9227325986658982
4468,279,0.7591021814958251,0.9227325986658982
4469,279,0.8679630162255321,0.9227325986658982
4470,279,0.35113098119587266,0.9227325986658982
4471,279,0.3178827833324092,0.9227325986658982
4472,279,0.5408232408149999,0.9227325986658982
4473,279,0.20705120938685034,0.9227325986658982
4474,279,0.09933131736575886,0.9227325986658982
4475,279,0.4007402220770939,0.9227325986658982
4476,279,0.750990291877889,0.9227325986658982
4477,279,0.1500425593521526,0.9227325986658982
4478,279,0.4155750874849907,0.9227325986658982
4479,279,0.31949740023417617,0.9227325986658982
4480,280,0.8255669756364179,0.7338979527594727
4481,280,0.4437945500729362,0.7338979527594727
4482,280,0.33006798153355593,0.7338979527594727
4483,280,0.5392075173178174,0.7338979527594727
4484,280,0.65044693177261,0.7338979527594727
4485,280,0.2835753344103096,0.7338979527594727
4486,280,0.09424228227302,0.7338979527594727
4487,280,0.3658963914288234,0.7338979527594727
4488,280,0.8485849979269156,0.7338979527594727
4489,280,0.8652331603237157,0.7338979527594727
4490,280,0.37605815988687963,0.7338979527594727
4491,280,0.5281380635337841,0.7338979527594727
4492,280,0.5724669812060372,0.7338979527594727
4493,280,0.2878450419784674,0.7338979527594727
4494,280,0.32667898050377997,0.7338979527594727
4495,280,0.49737490882129126,0.7338979527594727
4496,281,0.6465414851367224,0.8290089211880176
4497,281,0.496275266949149,0.8290089211880176
4498,281,0.8245354420013873,0.8290089211880176
4499,281,0.548375427832286,0.8290089211880176
4500,281,0.28150440109903857,0.8290089211880176
4501,281,0.24179607345220971,0.8290089211880176
4502,281,0.6973699241210043,0.8290089211880176
4503,281,0.6733556943972067,0.8290089211880176
4504,281,0.22278292709653702,0.8290089211880176
4505,281,0.67652571069293,0.8290089211880176
4506,281,0.6237439639371514,0.8290089211880176
4507,281,0.5591774205397414,0.8290089211880176
4508,281,0.8721006420738013,0.8290089211880176
4509,281,0.8214956243868485,0.8290089211880176
4510,281,0.33614199233414493,0.8290089211880176
4511,281,0.6417104764311937,0.8290089211880176
4512,282,0.8949714147759544,0.9641754218689419
4513,282,0.6729939032843293,0.9641754218689419
4514,282,0.6871552937108718,0.9641754218689419
4515,282,0.7728327984651654,0.9641754218689419
4516,282,0.10213102712821913,0.9641754218689419
4517,282,0.5765304492121984,0.9641754218689419
4518,282,0.5613541735757215,0.9641754218689419
4519,282,0.5959860379357665,0.9641754218689419
4520,282,0.4558542050831264,0.9641754218689419
4521,282,0.5507881473304271,0.9641754218689419
4522,282,0.5022835134191372,0.9641754218689419
4523,282,0.7712305025990216,0.9641754218689419
4524,282,0.08155072897409266,0.9641754218689419
4525,282,0.17836714409002316,0.9641754218689419
4526,282,0.40035375998125333,0.9641754218689419
4527,282,0.2724860674253191,0.9641754218689419
4528,283,0.47606555544939533,0.4536445566132734
4529,283,0.6145556324604116,0.4536445566132734
4530,283,0.6818317336368416,0.4536445566132734
4531,283,0.8680136130645478,0.4536445566132734
4532,283,0.37512580968526765,0.4536445566132734
4533,283,0.48061411715608704,0.4536445566132734
4534,283,0.6441633105419604,0.4536445566132734
4535,283,0.36275865659704176,0.4536445566132734
4536,283,0.6720653404929925,0.4536445566132734
4537,283,0.7129941464691427,0.4536445566132734
4538,283,0.7314353459478359,0.4536445566132734
4539,283,0.4190639694189602,0.4536445566132734
4540,283,0.516884639300189,0.4536445566132734
4541,283,0.6277099245741634,0.4536445566132734
4542,283,0.29893969139333365,0.4536445566132734
4543,283,0.3246548367583008,0.4536445566132734
4544,284,0.7717714021397625,0.9068962734212147
4545,284,0.6194496921438762,0.9068962734212147
4546,284,0.46405409109838747,0.9068962734212147
4547,284,0.880493818078651,0.9068962734212147
4548,284,0.7669252067529488,0.9068962734212147
4549,284,0.4012493333392368,0.9068962734212147
4550,284,0.15915905386022441,0.9068962734212147
4551,284,0.7127861921644973,0.9068962734212147
4552,284,0.20543934925712168,0.9068962734212147
4553,284,0.8036436008092799,0.9068962734212147
4554,284,0.44944024960647255,0.9068962734212147
4555,284,0.8109955420342053,0.9068962734212147
4556,284,0.4988272562695711,0.9068962734212147
4557,284,0.34315318424550795,0.9068962734212147
4558,284,0.17895196089077625,0.9068962734212147
4559,284,0.28377456421822117,0.9068962734212147
4560,285,0.26035600890363775,0.04307416268999342
4561,285,0.5489900838388515,0.04307416268999342
4562,285,0.7001037635101529,0.04307416268999342
4563,285,0.2993629726695631,0.04307416268999342
4564,285,0.48979719119674436,0.04307416268999342
4565,285,0.3336817255449888,0.04307416268999342
4566,285,0.4611520673049078,0.04307416268999342
4567,285,0.5194614776550786,0.04307416268999342
4568,285,0.3020507617828135,0.04307416268999342
4569,285,0.20998442785802346,0.04307416268999342
4570,285,0.35503140463139005,0.04307416268999342
4571,285,0.15437931263900445,0.04307416268999342
4572,285,0.3003162081515408,0.04307416268999342
4573,285,0.5679088302021548,0.04307416268999342
4574,285,0.2676698265898167,0.04307416268999342
4575,285,0.6943109623258357,0.04307416268999342
4576,286,0.729709590492529,0.10787213524592076
4577,286,0.5129907306653456,0.10787213524592076
4578,286,0.33954337088231773,0.10787213524592076
4579,286,0.8162933281129758,0.10787213524592076
4580,286,0.9202459404414879,0.10787213524592076
4581,286,0.26011636787491565,0.10787213524592076
4582,286,0.43434818721526236,0.10787213524592076
4583,286,0.37174031241883265,0.10787213524592076
4584,286,0.35706925095306263,0.10787213524592076
4585,286,0.8839843194910754,0.10787213524592076
4586,286,0.6991971358201434,0.10787213524592076
4587,286,0.4844742300966628,0.10787213524592076
4588,286,0.28931941550527823,0.10787213524592076
4589,286,0.819401204006988,0.10787213524592076
4590,286,0.529760177798036,0.10787213524592076
4591,286,0.28193783444873455,0.10787213524592076
4592,287,0.6908472167749531,0.49037433514535433
4593,287,0.9594136735978744,0.49037433514535433
4594,287,0.02640551169536081,0.49037433514535433
4595,287,0.2704839565099987,0.49037433514535433
4596,287,0.7588594008151792,0.49037433514535433
4597,287,0.5456609385474901,0.49037433514535433
4598,287,0.3420375184784356,0.49037433514535433
4599,287,0.7727586095897336,0.49037433514535433
4600,287,0.4595223113924978,0.49037433514535433
4601,287,0.4371474942027417,0.49037433514535433
4602,287,0.85372206073845,0.49037433514535433
4603,287,0.3509915326584076,0.49037433514535433
4604,287,0.6114913495369763,0.49037433514535433
4605,287,0.18808657865033532,0.49037433514535433
4606,287,0.2599727325791919,0.49037433514535433
4607,287,0.48582474594262964,0.49037433514535433
4608,288,0.7495353719290312,0.4539732505280023
4609,288,0.8981649223717015,0.4539732505280023
4610,288,0.5205725304800751,0.4539732505280023
4611,288,0.35456022720833397,0.4539732505280023
4612,288,0.6329485838416623,0.4539732505280023
4613,288,0.12953449309012374,0.4539732505280023
4614,288,0.9149241395077387,0.4539732505280023
4615,288,0.4928675807490127,0.4539732505280023
4616,288,0.10865433559497371,0.4539732505280023
4617,288,0.34474840797939055,0.4539732505280023
4618,288,0.3582451905409193,0.4539732505280023
4619,288,0.6420871065904433,0.4539732505280023
4620,288,0.7457881375321185,0.4539732505280023
4621,288,0.7859124567745023,0.4539732505280023
4622,288,0.5400665948440475,0.4539732505280023
4623,288,0.32017066693759066,0.4539732505280023
4624,289,0.2554901969448655,0.4382130800392191
4625,289,0.5673465181412601,0.4382130800392191
4626,289,0.509522332351572,0.4382130800392191
4627,289,0.7335850023035387,0.4382130800392191
4628,289,0.2938000903123331,0.4382130800392191
4629,289,0.9106032773059313,0.4382130800392191
4630,289,0.6368182849902265,0.4382130800392191
4631,289,0.36129872391578827,0.4382130800392191
4632,289,0.82627732931993,0.4382130800392191
4633,289,0.74141570532212,0.4382130800392191
4634,289,0.7420515787927349,0.4382130800392191
4635,289,0.23150666872795445,0.4382130800392191
4636,289,0.49525114206870374,0.4382130800392191
4637,289,0.9941340690499976,0.4382130800392191
4638,289,0.38407819310739705,0.4382130800392191
4639,289,0.21628172416873045,0.4382130800392191
4640,290,0.6957107034839821,0.5371916517753879
4641,290,0.47026930309336157,0.5371916517753879
4642,290,0.3126454705831978,0.5371916517753879
4643,290,0.3808630074066623,0.5371916517753879
4644,290,0.26760185255331975,0.5371916517753879
4645,290,0.3717280150336234,0.5371916517753879
4646,290,0.22522711048184968,0.5371916517753879
4647,290,0.6912630188398174,0.5371916517753879
4648,290,0.5192490418088126,0.5371916517753879
4649,290,0.1621257285540391,0.5371916517753879
4650,290,0.8096326786347146,0.5371916517753879
4651,290,0.4460195501625966,0.5371916517753879
4652,290,0.19108443960549318,0.5371916517753879
4653,290,0.8217815884956744,0.5371916517753879
4654,290,0.6924205597655637,0.5371916517753879
4655,290,0.3065018359171669,0.5371916517753879
4656,291,0.20233223003023967,0.5383727928389844
4657,291,0.43924783154021585,0.5383727928389844
4658,291,0.7162633928268938,0.5383727928389844
4659,291,0.6190151118729835,0.5383727928389844
4660,291,0.3015828185359293,0.5383727928389844
4661,291,0.20758648839481345,0.5383727928389844
4662,291,0.5109982171407887,0.5383727928389844
4663,291,0.5283437164534243,0.5383727928389844
4664,291,0.6015095288659709,0.5383727928389844
4665,291,0.8708406880094715,0.5383727928389844
4666,291,0.4137053531387095,0.5383727928389844
4667,291,0.25525549368599043,0.5383727928389844
4668,291,0.21533557754278046,0.5383727928389844
4669,291,0.8935078283608042,0.5383727928389844
4670,291,0.2369265142474995,0.5383727928389844
4671,291,0.7789073591153627,0.5383727928389844
4672,292,0.6484577980370488,0.8705647383026276
4673,292,0.35901212503560326,0.8705647383026276
4674,292,0.4416906619245246,0.8705647383026276
4675,292,0.3926880912520873,0.8705647383026276
4676,292,0.5993348087840882,0.8705647383026276
4677,292,0.7464363734354712,0.8705647383026276
4678,292,0.8145801825583726,0.8705647383026276
4679,292,0.3196714414060835,0.8705647383026276
4680,292,0.9329608195446002,0.8705647383026276
4681,292,0.4191459341858306,0.8705647383026276
4682,292,0.7997966490516915,0.8705647383026276
4683,292,0.33808806505716316,0.8705647383026276
4684,292,0.6383430902323886,0.8705647383026276
4685,292,0.81745168128245,0.8705647383026276
4686,292,0.6165669728371281,0.8705647383026276
4687,292,0.865774627538204,0.8705647383026276
4688,293,0.1551474563909843,0.34591281267867235
4689,293,0.36596276411592055,0.34591281267867235
4690,293,0.4605104195217779,0.34591281267867235
4691,293,0.8380091177049565,0.34591281267867235
4692,293,0.6283207762463645,0.34591281267867235
4693,293,0.3612601926431421,0.34591281267867235
4694,293,0.3529207266728975,0.34591281267867235
4695,293,0.9411992450599738,0.34591281267867235
4696,293,0.48110749065628117,0.34591281267867235
4697,293,0.40839729355065335,0.34591281267867235
4698,293,0.14108968232280458,0.34591281267867235
4699,293,0.5281268876125729,0.34591281267867235
4700,293,0.42804666568160865,0.34591281267867235
4701,293,0.6403226986898669,0.34591281267867235
4702,293,0.6010257276492498,0.34591281267867235
4703,293,0.3476856035629847,0.34591281267867235
4704,294,0.9360562086419896,0.3162409556935577
4705,294,0.5365434309560132,0.3162409556935577
4706,294,0.6349129209921168,0.3162409556935577
4707,294,0.5688144339541801,0.3162409556935577
4708,294,0.1644716079894659,0.3162409556935577
4709,294,0.17265926514960395,0.3162409556935577
4710,294,0.7296214449404977,0.3162409556935577
4711,294,0.4031712231551664,0.3162409556935577
4712,294,0.33802359875902155,0.3162409556935577
4713,294,0.6238836933360521,0.3162409556935577
4714,294,0.6694418009856384,0.3162409556935577
4715,294,0.6261833368486841,0.3162409556935577
4716,294,0.7675710763884651,0.3162409556935577
4717,294,0.34437988529890673,0.3162409556935577
4718,294,0.3703278272614383,0.3162409556935577
4719,294,0.46063813842828694,0.3162409556935577
4720,295,0.3965529976820565,0.7018952392952498
4721,295,0.14070576526815942,0.7018952392952498
4722,295,0.07183158971241546,0.7018952392952498
4723,295,0.7906582021265138,0.7018952392952498
4724,295,0.6166034059587767,0.7018952392952498
4725,295,0.41014314493000675,0.7018952392952498
4726,295,0.7983040875335664,0.7018952392952498
4727,295,0.33619449317716205,0.7018952392952498
4728,295,0.6136129233254702,0.7018952392952498
4729,295,0.5754256600532747,0.7018952392952498
4730,295,0.3765862719078815,0.7018952392952498
4731,295,0.5735383672329295,0.7018952392952498
4732,295,0.8525988009100296,0.7018952392952498
4733,295,0.180512414109787,0.7018952392952498
4734,295,0.15808348922071933,0.7018952392952498
4735,295,0.20343215341877519,0.7018952392952498
4736,296,0.5971776588201013,0.648476937660066
4737,296,0.3457864256052537,0.648476937660066
4738,296,0.8387000361264997,0.648476937660066
4739,296,0.6637142676856306,0.648476937660066
4740,296,0.7262052777340275,0.648476937660066
4741,296,0.43655513056657635,0.648476937660066
4742,296,0.6133979191434146,0.648476937660066
4743,296,0.5697493156176584,0.648476937660066
4744,296,0.8265722639961216,0.648476937660066
4745,296,0.718325540105098,0.648476937660066
4746,296,0.48307471285606635,0.648476937660066
4747,296,0.8995058338353338,0.648476937660066
4748,296,0.13342370352519245,0.648476937660066
4749,296,0.8769851680473775,0.648476937660066
4750,296,0.5433513516963986,0.648476937660066
4751,296,0.1746672650302193,0.648476937660066
4752,297,0.4102674337095353,0.829846984023332
4753,297,0.7061439188209572,0.829846984023332
4754,297,0.33853483860837164,0.829846984023332
4755,297,0.612686857448759,0.829846984023332
4756,297,0.2743869934417212,0.829846984023332
4757,297,0.33348704437894366,0.829846984023332
4758,297,0.6854604880067288,0.829846984023332
4759,297,0.4949128477604286,0.829846984023332
4760,297,0.27160820771865907,0.829846984023332
4761,297,0.3858532666743938,0.829846984023332
4762,297,0.8012978893187209,0.829846984023332
4763,297,0.6868621490356912,0.829846984023332
4764,297,0.6046923271428056,0.829846984023332
4765,297,0.7309855490917149,0.829846984023332
4766,297,0.7088972082583078,0.829846984023332
4767,297,0.3418730575231204,0.829846984023332
4768,298,0.7279148821061432,0.30927812694474066
4769,298,0.5814535219191065,0.30927812694474066
4770,298,0.8631775322278107,0.30927812694474066
4771,298,0.8342925964395708,0.30927812694474066
4772,298,0.46452372195642766,0.30927812694474066
4773,298,0.08724301902642585,0.30927812694474066
4774,298,0.5564607722233295,0.30927812694474066
4775,298,0.37843068354168374,0.30927812694474066
4776,298,0.6670373635042305,0.30927812694474066
4777,298,0.258925221648789,0.30927812694474066
4778,298,0.7480219172507325,0.30927812694474066
4779,298,0.8559004677775122,0.30927812694474066
4780,298,0.44556349805551826,0.30927812694474066
4781,298,0.8663528686651589,0.30927812694474066
4782,298,0.48587326134072434,0.30927812694474066
4783,298,0.9240083782779559,0.30927812694474066
4784,299,0.5927535346066372,0.006394216253686746
4785,299,0.7858102693830921,0.006394216253686746
4786,299,0.6193780276993689,0.006394216253686746
4787,299,0.6641045551193951,0.006394216253686746
4788,299,0.5436251469314923,0.006394216253686746
4789,299,0.6424073739556683,0.006394216253686746
4790,299,0.9442707161630557,0.006394216253686746
4791,299,0.3385604418215049,0.006394216253686746
4792,299,0.2815153560085206,0.006394216253686746
4793,299,0.9427898751596511,0.006394216253686746
4794,299,0.6278415294627722,0.006394216253686746
4795,299,0.604428652862753,0.006394216253686746
4796,299,0.04295381164819121,0.006394216253686746
4797,299,0.4059815467061884,0.006394216253686746
4798,299,0.7333525395654017,0.006394216253686746
4799,299,0.22523400417201295,0.006394216253686746
4800,300,0.9071745773848003,0.9440636840859176
4801,300,0.38643600749724166,0.9440636840859176
4802,300,0.469349773054179,0.9440636840859176
4803,300,0.07651131962793878,0.9440636840859176
4804,300,0.32795887200799895,0.9440636840859176
4805,300,0.3929769796500272,0.9440636840859176
4806,300,0.162471503609394,0.9440636840859176
4807,300,0.5223188447093221,0.9440636840859176
4808,300,0.35468791695546487,0.9440636840859176
4809,300,0.44331251514923425,0.9440636840859176
4810,300,0.6815926041082195,0.9440636840859176
4811,300,0.7090713993860184,0.9440636840859176
4812,300,0.7234442328031432,0.9440636840859176
4813,300,0.6287718496218287,0.9440636840859176
4814,300,0.743360155624626,0.9440636840859176
4815,300,0.18051258993439598,0.9440636840859176
4816,301,0.7705984663981283,0.04422539373850798
4817,301,0.3389979242314098,0.04422539373850798
4818,301,0.784596772692925,0.04422539373850798
4819,301,0.29338645273013686,0.04422539373850798
4820,301,0.9465534652839491,0.04422539373850798
4821,301,0.44952153599016903,0.04422539373850798
4822,301,0.7580337159417925,0.04422539373850798
4823,301,0.4470395810228664,0.04422539373850798
4824,301,0.27198839826644083,0.04422539373850798
4825,301,0.4936332755311654,0.04422539373850798
4826,301,0.2806657615406364,0.04422539373850798
4827,301,0.29014653155836806,0.04422539373850798
4828,301,0.4891126201169976,0.04422539373850798
4829,301,0.8685842242914161,0.04422539373850798
4830,301,0.2591743899716471,0.04422539373850798
4831,301,0.8092288471376878,0.04422539373850798
4832,302,0.7848282179154816,0.6800129433604662
4833,302,0.8577676417683479,0.6800129433604662
4834,302,0.7654067275187204,0.6800129433604662
4835,302,0.222640473719442,0.6800129433604662
4836,302,0.03240134879515086,0.6800129433604662
4837,302,0.8449198139031756,0.6800129433604662
4838,302,0.2045862945862879,0.6800129433604662
4839,302,0.7392823309766303,0.6800129433604662
4840,302,0.19096854291523882,0.6800129433604662
4841,302,0.2536119200931274,0.6800129433604662
4842,302,0.2294172728016527,0.6800129433604662
4843,302,0.1845254121402019,0.6800129433604662
4844,302,0.3343963550406424,0.6800129433604662
4845,302,0.3012729691880151,0.6800129433604662
4846,302,0.5961104433587369,0.6800129433604662
4847,302,0.7756944007335608,0.6800129433604662
4848,303,0.31369366054336706,0.3218319917857779
4849,303,0.7712789540534056,0.3218319917857779
4850,303,0.7341267515932992,0.3218319917857779
4851,303,0.263927866319845,0.3218319917857779
4852,303,0.36081874820319604,0.3218319917857779
4853,303,0.7639105045514192,0.3218319917857779
4854,303,0.8793400860077814,0.3218319917857779
4855,303,0.717094732724624,0.3218319917857779
4856,303,0.12213662933287181,0.3218319917857779
4857,303,0.32050373217340555,0.3218319917857779
4858,303,0.9413023621955494,0.3218319917857779
4859,303,0.22862133857750538,0.3218319917857779
4860,303,0.9382150546548906,0.3218319917857779
4861,303,0.46773663627131096,0.3218319917857779
4862,303,0.652301264906589,0.3218319917857779
4863,303,0.9275631722012064,0.3218319917857779
4864,304,0.6815709318398465,0.4235330553909131
4865,304,0.19032576358104697,0.4235330553909131
4866,304,0.37358505715960544,0.4235330553909131
4867,304,0.6411298401070398,0.4235330553909131
4868,304,0.8989775696414459,0.4235330553909131
4869,304,0.2799126512927545,0.4235330553909131
4870,304,0.8904255240811771,0.4235330553909131
4871,304,0.33865840503334116,0.4235330553909131
4872,304,0.5025701545686506,0.4235330553909131
4873,304,0.5340474623504889,0.4235330553909131
4874,304,0.6639852738163361,0.4235330553909131
4875,304,0.6256270745484455,0.4235330553909131
4876,304,0.05732444851400862,0.4235330553909131
4877,304,0.5182899354023257,0.4235330553909131
4878,304,0.655606843541822,0.4235330553909131
4879,304,0.7068302379116029,0.4235330553909131
4880,305,0.27174220160403934,0.8380327774092649
4881,305,0.4006020547836286,0.8380327774092649
4882,305,0.4158866735525334,0.8380327774092649
4883,305,0.6866437912948631,0.8380327774092649
4884,305,0.5633511525626953,0.8380327774092649
4885,305,0.9208786098885029,0.8380327774092649
4886,305,0.7933353391225129,0.8380327774092649
4887,305,0.10435989693077388,0.8380327774092649
4888,305,0.18777014882209236,0.8380327774092649
4889,305,0.2546808947043571,0.8380327774092649
4890,305,0.7264921869251856,0.8380327774092649
4891,305,0.673187240566946,0.8380327774092649
4892,305,0.4761622227248266,0.8380327774092649
4893,305,0.7114096768801159,0.8380327774092649
4894,305,0.553181068623719,0.8380327774092649
4895,305,0.7019608259731683,0.8380327774092649
4896,306,0.7176383624584803,0.4195794877385256
4897,306,0.3908024711204442,0.4195794877385256
4898,306,0.7017040071490622,0.4195794877385256
4899,306,0.48000673135759886,0.4195794877385256
4900,306,0.8248719200514503,0.4195794877385256
4901,306,0.25855006617703347,0.4195794877385256
4902,306,0.6834325830239991,0.4195794877385256
4903,306,0.31382042181008835,0.4195794877385256
4904,306,0.2884744055696259,0.4195794877385256
4905,306,0.38108312319113863,0.4195794877385256
4906,306,0.24902532669063351,0.4195794877385256
4907,306,0.5319042920365642,0.4195794877385256
4908,306,0.28492933880441673,0.4195794877385256
4909,306,0.44173707964329817,0.4195794877385256
4910,306,0.7400983425231435,0.4195794877385256
4911,306,0.3825971884293579,0.4195794877385256
4912,307,0.28352837063196495,0.14437152810335563
4913,307,0.18113846582622678,0.14437152810335563
4914,307,0.2996545559002374,0.14437152810335563
4915,307,0.5165496138025149,0.14437152810335563
4916,307,0.15959336791952614,0.14437152810335563
4917,307,0.834515410588037,0.14437152810335563
4918,307,0.906829594765781,0.14437152810335563
4919,307,0.2897974884362649,0.14437152810335563
4920,307,0.5524944788411494,0.14437152810335563
4921,307,0.3052391815149145,0.14437152810335563
4922,307,0.5800735539277228,0.14437152810335563
4923,307,0.61919528188468,0.14437152810335563
4924,307,0.29020331486916917,0.14437152810335563
4925,307,0.345247908828173,0.14437152810335563
4926,307,0.7010393050434202,0.14437152810335563
4927,307,0.96031806034746,0.14437152810335563
4928,308,0.4477674353131713,0.7544350849353898
4929,308,0.3177263576168141,0.7544350849353898
4930,308,0.8749866054959256,0.7544350849353898
4931,308,0.6834094622654014,0.7544350849353898
4932,308,0.4677209482607477,0.7544350849353898
4933,308,0.1537890214482103,0.7544350849353898
4934,308,0.42928306116664783,0.7544350849353898
4935,308,0.5664573347154724,0.7544350849353898
4936,308,0.7287695536273152,0.7544350849353898
4937,308,0.4161068705121331,0.7544350849353898
4938,308,0.5707872685981575,0.7544350849353898
4939,308,0.6055265705424158,0.7544350849353898
4940,308,0.15141583018919644,0.7544350849353898
4941,308,0.7429141985274755,0.7544350849353898
4942,308,0.3424881968484403,0.7544350849353898
4943,308,0.26958715991260107,0.7544350849353898
4944,309,0.47527785944635664,0.020211517060039652
4945,309,0.5093995700309005,0.020211517060039652
4946,309,0.6294271176195962,0.020211517060039652
4947,309,0.5267723820277995,0.020211517060039652
4948,309,0.48466967688787627,0.020211517060039652
4949,309,0.7876634165707631,0.020211517060039652
4950,309,0.785117931352616,0.020211517060039652
4951,309,0.3302229092383136,0.020211517060039652
4952,309,0.21439912716451562,0.020211517060039652
4953,309,0.7108395158630962,0.020211517060039652
4954,309,0.2722726854875323,0.020211517060039652
4955,309,0.2201473388663987,0.020211517060039652
4956,309,0.4773514543220478,0.020211517060039652
4957,309,0.8302130659132861,0.020211517060039652
4958,309,0.5069280449698302,0.020211517060039652
4959,309,0.42252021548573576,0.020211517060039652
4960,310,0.8798992710688937,0.27473298843389526
4961,310,0.7247098106137128,0.27473298843389526
4962,310,0.5048972049535818,0.27473298843389526
4963,310,0.32245037708316976,0.27473298843389526
4964,310,0.16323609238141715,0.27473298843389526
4965,310,0.5519072678423964,0.27473298843389526
4966,310,0.2766238652725587,0.27473298843389526
4967,310,0.4919689933403244,0.27473298843389526
4968,310,0.6498807580215799,0.27473298843389526
4969,310,0.461699857884487,0.27473298843389526
4970,310,0.6060584147553302,0.27473298843389526
4971,310,0.3274577470779821,0.27473298843389526
4972,310,0.17108949211047772,0.27473298843389526
4973,310,0.3942847322046278,0.27473298843389526
4974,310,0.17930295497246793,0.27473298843389526
4975,310,0.23863704425442797,0.27473298843389526
4976,311,0.3817672785355082,0.5380736118916079
4977,311,0.15177132590862055,0.5380736118916079
4978,311,0.07927057475053982,0.5380736118916079
4979,311,0.7958704999064332,0.5380736118916079
4980,311,0.28082629139837706,0.5380736118916079
4981,311,0.5026427134813263,0.5380736118916079
4982,311,0.6598901580255082,0.5380736118916079
4983,311,0.7837486754693992,0.5380736118916079
4984,311,0.15874070638857798,0.5380736118916079
4985,311,0.6374706540570765,0.5380736118916079
4986,311,0.8494716342671544,0.5380736118916079
4987,311,0.7761122454621515,0.5380736118916079
4988,311,0.214482561381224,0.5380736118916079
4989,311,0.6832850753456478,0.5380736118916079
4990,311,0.7743641191814981,0.5380736118916079
4991,311,0.651780048142926,0.5380736118916079
4992,312,0.3480861753019136,0.4377636955146402
4993,312,0.468182515206262,0.4377636955146402
4994,312,0.7250459328165411,0.4377636955146402
4995,312,0.7402995270043523,0.4377636955146402
4996,312,0.6274605190613504,0.4377636955146402
4997,312,0.24271623311269508,0.4377636955146402
4998,312,0.7059324175852215,0.4377636955146402
4999,312,0.16933826137057936,0.4377636955146402
5000,312,0.07568274479628509,0.4377636955146402
5001,312,0.33460801554095343,0.4377636955146402
5002,312,0.1774680063531512,0.4377636955146402
5003,312,0.583742636317047,0.4377636955146402
5004,312,0.5677027620540654,0.4377636955146402
5005,312,0.6030259780008271,0.4377636955146402
5006,312,0.14826130565276985,0.4377636955146402
5007,312,0.34158533255057816,0.4377636955146402
5008,313,0.2743377845698824,0.6202283390131521
5009,313,0.3509366186983358,0.6202283390131521
5010,313,0.1939050500731674,0.6202283390131521
5011,313,0.2494634978925486,0.6202283390131521
5012,313,0.8019643976308725,0.6202283390131521
5013,313,0.4808746361817195,0.6202283390131521
5014,313,0.5317848393001636,0.6202283390131521
5015,313,0.38696281081524225,0.6202283390131521
5016,313,0.6376506856886023,0.6202283390131521
5017,313,0.8690753317514233,0.6202283390131521
5018,313,0.14853452024119854,0.6202283390131521
5019,313,0.5376355094635435,0.6202283390131521
5020,313,0.7401016179952437,0.6202283390131521
5021,313,0.3635497744805585,0.6202283390131521
5022,313,0.7028177328041985,0.6202283390131521
5023,313,0.8564458911224185,0.6202283390131521
5024,314,0.6760099318754419,0.3813476927138095
5025,314,0.7922440396680608,0.3813476927138095
5026,314,0.3824364611361655,0.3813476927138095
5027,314,0.4046486810488119,0.3813476927138095
5028,314,0.15718247493058857,0.3813476927138095
5029,314,0.4114318930510639,0.3813476927138095
5030,314,0.3326694974347382,0.3813476927138095
5031,314,0.4579139049096633,0.3813476927138095
5032,314,0.5729281204384439,0.3813476927138095
5033,314,0.3034952636072772,0.3813476927138095
5034,314,0.8906772942765563,0.3813476927138095
5035,314,0.32915442282952134,0.3813476927138095
5036,314,0.8854049352853756,0.3813476927138095
5037,314,0.6356432831997091,0.3813476927138095
5038,314,0.47988607931864424,0.3813476927138095
5039,314,0.6300343172073124,0.3813476927138095
5040,315,0.22639332712759008,0.3905847122961462
5041,315,0.2334493059131466,0.3905847122961462
5042,315,0.6049275681467894,0.3905847122961462
5043,315,0.2158526657327996,0.3905847122961462
5044,315,0.48273558822776724,0.3905847122961462
5045,315,0.3628813130047934,0.3905847122961462
5046,315,0.4891002614060554,0.3905847122961462
5047,315,0.14906833073104467,0.3905847122961462
5048,315,0.36327136738444477,0.3905847122961462
5049,315,0.7746570663462659,0.3905847122961462
5050,315,0.6070189831315581,0.3905847122961462
5051,315,0.5341956795517633,0.3905847122961462
5052,315,0.45743163828523,0.3905847122961462
5053,315,0.1324260248754965,0.3905847122961462
5054,315,0.4588763090413258,0.3905847122961462
5055,315,0.40094053465500856,0.3905847122961462
5056,316,0.29550967706353276,0.34865726010413156
5057,316,0.3734785761590285,0.34865726010413156
5058,316,0.5703570199103728,0.34865726010413156
5059,316,0.6988213949362087,0.34865726010413156
5060,316,0.1568379990522224,0.34865726010413156
5061,316,0.4621473829702825,0.34865726010413156
5062,316,0.6430901206849661,0.34865726010413156
5063,316,0.8781928051150262,0.34865726010413156
5064,316,0.3066901685917334,0.34865726010413156
5065,316,0.4902434079112689,0.34865726010413156
5066,316,0.19309064005034077,0.34865726010413156
5067,316,0.6508132807591339,0.34865726010413156
5068,316,0.77077833162765,0.34865726010413156
5069,316,0.7453094473560572,0.34865726010413156
5070,316,0.7168263553154478,0.34865726010413156
5071,316,0.5190949779091085,0.34865726010413156
5072,317,0.4809105892292745,0.8872704689328854
5073,317,0.6348474507176575,0.8872704689328854
5074,317,0.6759816452399592,0.8872704689328854
5075,317,0.6260391206528174,0.8872704689328854
5076,317,0.7977352353660824,0.8872704689328854
5077,317,0.7331919102853721,0.8872704689328854
5078,317,0.6264747285081911,0.8872704689328854
5079,317,0.7445543419923135,0.8872704689328854
5080,317,0.23562246947633533,0.8872704689328854
5081,317,0.6939236317763015,0.8872704689328854
5082,317,0.675476899507627,0.8872704689328854
5083,317,0.8111403016003421,0.8872704689328854
5084,317,0.5044999527805496,0.8872704689328854
5085,317,0.3947335983722735,0.8872704689328854
5086,317,0.7334081280783246,0.8872704689328854
5087,317,0.25583943594337377,0.8872704689328854
5088,318,0.35693141460698585,0.017296511094167966
5089,318,0.7032560686571234,0.017296511094167966
5090,318,0.47430982676623423,0.017296511094167966
5091,318,0.5358799966495579,0.017296511094167966
5092,318,0.8310117409258942,0.017296511094167966
5093,318,0.5330301699696173,0.017296511094167966
5094,318,0.6255562859583308,0.017296511094167966
5095,318,0.4004590945040636,0.017296511094167966
5096,318,0.09647276888852405,0.017296511094167966
5097,318,0.06019247291261088,0.017296511094167966
5098,318,0.7515457884905743,0.017296511094167966
5099,318,0.3037738869858338,0.017296511094167966
5100,318,0.12447769619424126,0.017296511094167966
5101,318,0.45961712655183556,0.017296511094167966
5102,318,0.7603294324821432,0.017296511094167966
5103,318,0.41494102291422696,0.017296511094167966
5104,319,0.5246721513353699,0.9396419673418005
5105,319,0.8811164853245939,0.9396419673418005
5106,319,0.2202938887819465,0.9396419673418005
5107,319,0.1923931071816893,0.9396419673418005
5108,319,0.6085884355585109,0.9396419673418005
5109,319,0.3307912739057692,0.9396419673418005
5110,319,0.14980915445241388,0.9396419673418005
5111,319,0.7029976217901681,0.9396419673418005
5112,319,0.5010761919204858,0.9396419673418005
5113,319,0.6589256238999459,0.9396419673418005
5114,319,0.3440240824755793,0.9396419673418005
5115,319,0.191503936156009,0.9396419673418005
5116,319,0.2052238667523489,0.9396419673418005
5117,319,0.7608006578998388,0.9396419673418005
5118,319,0.6447373064111305,0.9396419673418005
5119,319,0.5398213842675247,0.9396419673418005
5120,320,0.5021417359382213,0.35822167520172743
5121,320,0.2235123237863047,0.35822167520172743
5122,320,0.558412686761671,0.35822167520172743
5123,320,0.9586451856451979,0.35822167520172743
5124,320,0.2976084922118715,0.35822167520172743
5125,320,0.8256548834151709,0.35822167520172743
5126,320,0.7116593058728969,0.35822167520172743
5127,320,0.7662814136154551,0.35822167520172743
5128,320,0.9408918244265704,0.35822167520172743
5129,320,0.2851040236189885,0.35822167520172743
5130,320,0.1975046483203666,0.35822167520172743
5131,320,0.6157847583810017,0.35822167520172743
5132,320,0.6724619149468936,0.35822167520172743
5133,320,0.2700783647226664,0.35822167520172743
5134,320,0.7827819156787648,0.35822167520172743
5135,320,0.6031615208219938,0.35822167520172743
5136,321,0.7120868566740509,0.36488275569030726
5137,321,0.22596833387602475,0.36488275569030726
5138,321,0.8068671715920077,0.36488275569030726
5139,321,0.9289926490237649,0.36488275569030726
5140,321,0.5194778500124567,0.36488275569030726
5141,321,0.5385529288109893,0.36488275569030726
5142,321,0.49841771289814607,0.36488275569030726
5143,321,0.6366111410437232,0.36488275569030726
5144,321,0.10563245541049482,0.36488275569030726
5145,321,0.5011239328263065,0.36488275569030726
5146,321,0.7334853396286859,0.36488275569030726
5147,321,0.29745816420131643,0.36488275569030726
5148,321,0.7909849899406103,0.36488275569030726
5149,321,0.9660921844690447,0.36488275569030726
5150,321,0.8238658892529386,0.36488275569030726
5151,321,0.5265517213864029,0.36488275569030726
5152,322,0.6325522306647958,0.725892848049817
5153,322,0.3571671408128786,0.725892848049817
5154,322,0.9746756141044987,0.725892848049817
5155,322,0.17132297107195107,0.725892848049817
5156,322,0.8841406164622914,0.725892848049817
5157,322,0.786932517356714,0.725892848049817
5158,322,0.29799394883921043,0.725892848049817
5159,322,0.710365646753699,0.725892848049817
5160,322,0.4842270547543609,0.725892848049817
5161,322,0.5061014163360253,0.725892848049817
5162,322,0.4526153863443343,0.725892848049817
5163,322,0.4589899869064299,0.725892848049817
5164,322,0.671198922973166,0.725892848049817
5165,322,0.8485509643304033,0.725892848049817
5166,322,0.10584886785804012,0.725892848049817
5167,322,0.21119196656150568,0.725892848049817
5168,323,0.1321147499224773,0.38827673872586066
5169,323,0.7472299829235542,0.38827673872586066
5170,323,0.5377854579394097,0.38827673872586066
5171,323,0.2548360704081585,0.38827673872586066
5172,323,0.4743647226003269,0.38827673872586066
5173,323,0.6202222513293819,0.38827673872586066
5174,323,0.2555450581902565,0.38827673872586066
5175,323,0.49909461257865073,0.38827673872586066
5176,323,0.5719102786148952,0.38827673872586066
5177,323,0.051314134098143296,0.38827673872586066
5178,323,0.6960807425202504,0.38827673872586066
5179,323,0.8357792155000389,0.38827673872586066
5180,323,0.6568930065741013,0.38827673872586066
5181,323,0.5038483116714458,0.38827673872586066
5182,323,0.47907103876477214,0.38827673872586066
5183,323,0.3623075905017476,0.38827673872586066
5184,324,0.6605936439264983,0.6166448221012272
5185,324,0.7115426963048002,0.6166448221012272
5186,324,0.30921943666254964,0.6166448221012272
5187,324,0.5335518663174084,0.6166448221012272
5188,324,0.4483303454439201,0.6166448221012272
5189,324,0.7968731210490533,0.6166448221012272
5190,324,0.6729885905703151,0.6166448221012272
5191,324,0.5904025855168226,0.6166448221012272
5192,324,0.27333088711908454,0.6166448221012272
5193,324,0.3213087025020486,0.6166448221012272
5194,324,0.4707981562699713,0.6166448221012272
5195,324,0.6276716680684515,0.6166448221012272
5196,324,0.8261466823503271,0.6166448221012272
5197,324,0.9290726039072319,0.6166448221012272
5198,324,0.309702699442308,0.6166448221012272
5199,324,0.8749251167047567,0.6166448221012272
5200,325,0.5519001604584965,0.9036306790861411
5201,325,0.9292648108095224,0.9036306790861411
5202,325,0.42741447225799134,0.9036306790861411
5203,325,0.6102573779133723,0.9036306790861411
5204,325,0.6419738834077616,0.9036306790861411
5205,325,0.6823579292192496,0.9036306790861411
5206,325,0.7161350054648186,0.9036306790861411
5207,325,0.12496948703665603,0.9036306790861411
5208,325,0.28802285945373435,0.9036306790861411
5209,325,0.4528898056788271,0.9036306790861411
5210,325,0.3388196558666346,0.9036306790861411
5211,325,0.28596102733294276,0.9036306790861411
5212,325,0.21489715868616263,0.9036306790861411
5213,325,0.7127695311873701,0.9036306790861411
5214,325,0.6056436803938828,0.9036306790861411
5215,325,0.1370374020388238,0.9036306790861411
5216,326,0.5557441852117649,0.8461980475259694
5217,326,0.37602028640495383,0.8461980475259694
5218,326,0.6046698474688184,0.8461980475259694
5219,326,0.9505400726434304,0.8461980475259694
5220,326,0.2405731907804639,0.8461980475259694
5221,326,0.5973031706405015,0.8461980475259694
5222,326,0.37065905978207103,0.8461980475259694
5223,326,0.37019758135209924,0.8461980475259694
5224,326,0.21930206077421788,0.8461980475259694
5225,326,0.5396895221772059,0.8461980475259694
5226,326,0.35470654368083976,0.8461980475259694
5227,326,0.49435907155931647,0.8461980475259694
5228,326,0.29696953519633923,0.8461980475259694
5229,326,0.9371730475082439,0.8461980475259694
5230,326,0.7016030674299957,0.8461980475259694
5231,326,0.6069224329878126,0.8461980475259694
5232,327,0.6708524385966275,0.515366677609178
5233,327,0.46535837453344875,0.515366677609178
5234,327,0.9658234970681596,0.515366677609178
5235,327,0.6185730238853887,0.515366677609178
5236,327,0.32028773811668904,0.515366677609178
5237,327,0.4323953459534622,0.515366677609178
5238,327,0.8907606722185296,0.515366677609178
5239,327,0.2478230727117674,0.515366677609178
5240,327,0.06798678726251589,0.515366677609178
5241,327,0.3881153029105825,0.515366677609178
5242,327,0.8206311779328409,0.515366677609178
5243,327,0.7992229913578751,0.515366677609178
5244,327,0.7215460195427597,0.515366677609178
5245,327,0.20716867983319026,0.515366677609178
5246,327,0.20754511035921616,0.515366677609178
5247,327,0.2908521361050791,0.515366677609178
5248,328,0.6807637074694871,0.7166521279125396
5249,328,0.5583609901360724,0.7166521279125396
5250,328,0.09136550445606978,0.7166521279125396
5251,328,0.5655799400072309,0.7166521279125396
5252,328,0.806081742475446,0.7166521279125396
5253,328,0.9443579526191693,0.7166521279125396
5254,328,0.389021808568252,0.7166521279125396
5255,328,0.2066208211922217,0.7166521279125396
5256,328,0.37206061548554803,0.7166521279125396
5257,328,0.4213608874807474,0.7166521279125396
5258,328,0.9368684856121025,0.7166521279125396
5259,328,0.23088915627546985,0.7166521279125396
5260,328,0.8442519144719309,0.7166521279125396
5261,328,0.39576509026557777,0.7166521279125396
5262,328,0.5518436477207839,0.7166521279125396
5263,328,0.5097057281389558,0.7166521279125396
5264,329,0.8510294957419161,0.3924347451053921
5265,329,0.6231779765425147,0.3924347451053921
5266,329,0.5255656462664778,0.3924347451053921
5267,329,0.422214549631344,0.3924347451053921
5268,329,0.6826523981855865,0.3924347451053921
5269,329,0.6516411908337745,0.3924347451053921
5270,329,0.3750342357118399,0.3924347451053921
5271,329,0.3848333443679166,0.3924347451053921
5272,329,0.5511051849504155,0.3924347451053921
5273,329,0.6700534145412441,0.3924347451053921
5274,329,0.5689460947384813,0.3924347451053921
5275,329,0.23563062406665386,0.3924347451053921
5276,329,0.15047843725889265,0.3924347451053921
5277,329,0.6182464239848297,0.3924347451053921
5278,329,0.48002613057300464,0.3924347451053921
5279,329,0.5101873681962119,0.3924347451053921
5280,330,0.09094065764428773,0.776044156830853
5281,330,0.5532346214279321,0.776044156830853
5282,330,0.27081121198723945,0.776044156830853
5283,330,0.8305000918342279,0.776044156830853
5284,330,0.32496838978641357,0.776044156830853
5285,330,0.22730694568399762,0.776044156830853
5286,330,0.7748758202737752,0.776044156830853
5287,330,0.11146754070874622,0.776044156830853
5288,330,0.22424878314910707,0.776044156830853
5289,330,0.8944628335846727,0.776044156830853
5290,330,0.4192839238413462,0.776044156830853
5291,330,0.7579505863925732,0.776044156830853
5292,330,0.10773442784175354,0.776044156830853
5293,330,0.3008759993642696,0.776044156830853
5294,330,0.3508916007639746,0.776044156830853
5295,330,0.3880655138412539,0.776044156830853
5296,331,0.4563188053468288,0.17018343674961434
5297,331,0.7371571271348843,0.17018343674961434
5298,331,0.091486580991411,0.17018343674961434
5299,331,0.07813792216484061,0.17018343674961434
5300,331,0.34634830321322163,0.17018343674961434
5301,331,0.3845994465190742,0.17018343674961434
5302,331,0.9590368205838424,0.17018343674961434
5303,331,0.7238564744684147,0.17018343674961434
5304,331,0.9270661257057028,0.17018343674961434
5305,331,0.5153299935211008,0.17018343674961434
5306,331,0.9153481604974151,0.17018343674961434
5307,331,0.9204357273246654,0.17018343674961434
5308,331,0.601736215716275,0.17018343674961434
5309,331,0.2254335405101195,0.17018343674961434
5310,331,0.11004705960614605,0.17018343674961434
5311,331,0.6408471710641961,0.17018343674961434
5312,332,0.3943279441336108,0.04563178143557589
5313,332,0.46091119789931384,0.04563178143557589
5314,332,0.3051788855794055,0.04563178143557589
5315,332,0.8476994722769393,0.04563178143557589
5316,332,0.5545047802274355,0.04563178143557589
5317,332,0.30450459314975664,0.04563178143557589
5318,332,0.4026798763318951,0.04563178143557589
5319,332,0.481514122839296,0.04563178143557589
5320,332,0.4749847247085233,0.04563178143557589
5321,332,0.8420454958116488,0.04563178143557589
5322,332,0.3884516931796829,0.04563178143557589
5323,332,0.42259244894274295,0.04563178143557589
5324,332,0.21175492921035496,0.04563178143557589
5325,332,0.2012242856885374,0.04563178143557589
5326,332,0.6612252937478084,0.04563178143557589
5327,332,0.9473908884383335,0.04563178143557589
5328,333,0.7045953672868162,0.5407326759187577
5329,333,0.7439545594459598,0.5407326759187577
5330,333,0.5660598315883133,0.5407326759187577
5331,333,0.29146185913167444,0.5407326759187577
5332,333,0.34547661767799737,0.5407326759187577
5333,333,0.461974610502248,0.5407326759187577
5334,333,0.8280655290963906,0.5407326759187577
5335,333,0.41568077725334424,0.5407326759187577
5336,333,0.6868995860161033,0.5407326759187577
5337,333,0.5564433244585516,0.5407326759187577
5338,333,0.10934370341526675,0.5407326759187577
5339,333,0.3895695736810725,0.5407326759187577
5340,333,0.36766579556511464,0.5407326759187577
5341,333,0.6097587501403491,0.5407326759187577
5342,333,0.46950211077638904,0.5407326759187577
5343,333,0.7490643878832701,0.5407326759187577
5344,334,0.38313253755448917,0.21533868480646745
5345,334,0.24281518565970722,0.21533868480646745
5346,334,0.6519167575792384,0.21533868480646745
5347,334,0.7831421331911926,0.21533868480646745
5348,334,0.884976326466024,0.21533868480646745
5349,334,0.8409432160657492,0.21533868480646745
5350,334,0.13407475022346094,0.21533868480646745
5351,334,0.6284601216696212,0.21533868480646745
5352,334,0.7734247069246184,0.21533868480646745
5353,334,0.36700343499856825,0.21533868480646745
5354,334,0.8654946244009767,0.21533868480646745
5355,334,0.560058476977671,0.21533868480646745
5356,334,0.2863350673972326,0.21533868480646745
5357,334,0.6879747387186015,0.21533868480646745
5358,334,0.5148739355900368,0.21533868480646745
5359,334,0.4204065074780392,0.21533868480646745
5360,335,0.528531071424452,0.7287259428631626
5361,335,0.6377871489337446,0.7287259428631626
5362,335,0.6287946532227107,0.7287259428631626
5363,335,0.8306494611731671,0.7287259428631626
5364,335,0.5685433603021398,0.7287259428631626
5365,335,0.5991646248745427,0.7287259428631626
5366,335,0.41721518082832704,0.7287259428631626
5367,335,0.5191515375918734,0.7287259428631626
5368,335,0.5043711924404528,0.7287259428631626
5369,335,0.6952001256987093,0.7287259428631626
5370,335,0.16300198868062116,0.7287259428631626
5371,335,0.7041836336615632,0.7287259428631626
5372,335,0.38124643531733887,0.7287259428631626
5373,335,0.8556370686187452,0.7287259428631626
5374,335,0.9232133990424983,0.7287259428631626
5375,335,0.8074833058566645,0.7287259428631626
5376,336,0.7443891087767478,0.10132350869529805
5377,336,0.24171628424186248,0.10132350869529805
5378,336,0.3387189830161442,0.10132350869529805
5379,336,0.23792772665978726,0.10132350869529805
5380,336,0.20548863101894937,0.10132350869529805
5381,336,0.9542651724399542,0.10132350869529805
5382,336,0.5931107996386162,0.10132350869529805
5383,336,0.17608967438752127,0.10132350869529805
5384,336,0.3113679155815543,0.10132350869529805
5385,336,0.6169906988821389,0.10132350869529805
5386,336,0.6569741999063258,0.10132350869529805
5387,336,0.8528074930633672,0.10132350869529805
5388,336,0.38620681378877375,0.10132350869529805
5389,336,0.6018478239084942,0.10132350869529805
5390,336,0.686275438460471,0.10132350869529805
5391,336,0.31203491665599786,0.10132350869529805
5392,337,0.6123815577809286,0.00849513816858416
5393,337,0.3524621588379822,0.00849513816858416
5394,337,0.6685792456378373,0.00849513816858416
5395,337,0.8473389418034187,0.00849513816858416
5396,337,0.3461592908701354,0.00849513816858416
5397,337,0.8725700981125164,0.00849513816858416
5398,337,0.16107574396512694,0.00849513816858416
5399,337,0.9257216153974367,0.00849513816858416
5400,337,0.3817121512361127,0.00849513816858416
5401,337,0.4336173831725271,0.00849513816858416
5402,337,0.5551370073876114,0.00849513816858416
5403,337,0.7438446086654343,0.00849513816858416
5404,337,0.7304494159152612,0.00849513816858416
5405,337,0.3652541538964306,0.00849513816858416
5406,337,0.5360262463543632,0.00849513816858416
5407,337,0.7518465976040833,0.00849513816858416
5408,338,0.5674612440907193,0.6757033497418591
5409,338,0.49153923341298905,0.6757033497418591
5410,338,0.4412102758660114,0.6757033497418591
5411,338,0.1734456946886017,0.6757033497418591
5412,338,0.5630980112040299,0.6757033497418591
5413,338,0.22163022377609692,0.6757033497418591
5414,338,0.6481723565301118,0.6757033497418591
5415,338,0.2559701755201933,0.6757033497418591
5416,338,0.7053149054234432,0.6757033497418591
5417,338,0.14558050017565125,0.6757033497418591
5418,338,0.7724947445057372,0.6757033497418591
5419,338,0.8222831435153438,0.6757033497418591
5420,338,0.5590080920151576,0.6757033497418591
5421,338,0.1799541514897672,0.6757033497418591
5422,338,0.6298283250818368,0.6757033497418591
5423,338,0.24156682017116662,0.6757033497418591
5424,339,0.6146414923544812,0.5007994379181666
5425,339,0.3752923834543194,0.5007994379181666
5426,339,0.6364192993601333,0.5007994379181666
5427,339,0.22941049312365394,0.5007994379181666
5428,339,0.1363495226400026,0.5007994379181666
5429,339,0.3304715703147773,0.5007994379181666
5430,339,0.4540205678472699,0.5007994379181666
5431,339,0.3928495911674476,0.5007994379181666
5432,339,0.5218049722013665,0.5007994379181666
5433,339,0.7288554340318655,0.5007994379181666
5434,339,0.3087959838750568,0.5007994379181666
5435,339,0.20705503801094569,0.5007994379181666
5436,339,0.6108995632479841,0.5007994379181666
5437,339,0.39003885002305205,0.5007994379181666
5438,339,0.12074154279616787,0.5007994379181666
5439,339,0.11688041936804315,0.5007994379181666
5440,340,0.5156767564677769,0.9520154068301836
5441,340,0.40421849887244493,0.9520154068301836
5442,340,0.6521855212394009,0.9520154068301836
5443,340,0.41946567454214356,0.9520154068301836
5444,340,0.6508975020197637,0.9520154068301836
5445,340,0.5687854666324397,0.9520154068301836
5446,340,0.9146176190187333,0.9520154068301836
5447,340,0.2136061897536204,0.9520154068301836
5448,340,0.5150763274133694,0.9520154068301836
5449,340,0.40388633554129527,0.9520154068301836
5450,340,0.5834919438647794,0.9520154068301836
5451,340,0.424722662787597,0.9520154068301836
5452,340,0.9035662755834202,0.9520154068301836
5453,340,0.7217979069485225,0.9520154068301836
5454,340,0.642098942739877,0.9520154068301836
5455,340,0.2549730295438533,0.9520154068301836
5456,341,0.11995291916025792,0.24748560786359575
5457,341,0.6683322815881766,0.24748560786359575
5458,341,0.9225522617480286,0.24748560786359575
5459,341,0.6623491131985774,0.24748560786359575
5460,341,0.5981345964133252,0.24748560786359575
5461,341,0.39422444414128843,0.24748560786359575
5462,341,0.45753369497151786,0.24748560786359575
5463,341,0.5918268634009104,0.24748560786359575
5464,341,0.46224348682451477,0.24748560786359575
5465,341,0.4473540204810753,0.24748560786359575
5466,341,0.4193071324670322,0.24748560786359575
5467,341,0.15939178553585767,0.24748560786359575
5468,341,0.20331585435843028,0.24748560786359575
5469,341,0.44785585918954757,0.24748560786359575
5470,341,0.4249609510474394,0.24748560786359575
5471,341,0.4074986906474941,0.24748560786359575
5472,342,0.819960639029621,0.12325611750061172
5473,342,0.775855067193663,0.12325611750061172
5474,342,0.7602120606924004,0.12325611750061172
5475,342,0.4928533098509007,0.12325611750061172
5476,342,0.6467121208659571,0.12325611750061172
5477,342,0.510480596318736,0.12325611750061172
5478,342,0.6157537575755256,0.12325611750061172
5479,342,0.7188836482948834,0.12325611750061172
5480,342,0.43550220208746854,0.12325611750061172
5481,342,0.30360589441751945,0.12325611750061172
5482,342,0.4825515511345705,0.12325611750061172
5483,342,0.6583106091620613,0.12325611750061172
5484,342,0.6687892253361689,0.12325611750061172
5485,342,0.3985997654368734,0.12325611750061172
5486,342,0.32050626062981713,0.12325611750061172
5487,342,0.5391984631723087,0.12325611750061172
5488,343,0.8022181344478058,0.023106181818359217
5489,343,0.49259253798116115,0.023106181818359217
5490,343,0.22473909380119453,0.023106181818359217
5491,343,0.7916029185595556,0.023106181818359217
5492,343,0.38427177583618305,0.023106181818359217
5493,343,0.9594668296512289,0.023106181818359217
5494,343,0.4925432353546744,0.023106181818359217
5495,343,0.18333654242484043,0.023106181818359217
5496,343,0.6427026941610567,0.023106181818359217
5497,343,0.21292808230504506,0.023106181818359217
5498,343,0.3508297344630908,0.023106181818359217
5499,343,0.32158005099795,0.023106181818359217
5500,343,0.3887802982369942,0.023106181818359217
5501,343,0.5210681832732407,0.023106181818359217
5502,343,0.7916775638743916,0.023106181818359217
5503,343,0.3647281487869084,0.023106181818359217
5504,344,0.7983755446600659,0.44424734894538775
5505,344,0.0357913384783139,0.44424734894538775
5506,344,0.7428717017650602,0.44424734894538775
5507,344,0.4117448130555883,0.44424734894538775
5508,344,0.24543580484201857,0.44424734894538775
5509,344,0.6012498676932179,0.44424734894538775
5510,344,0.5163962214610225,0.44424734894538775
5511,344,0.38450156275046954,0.44424734894538775
5512,344,0.045301514050539594,0.44424734894538775
5513,344,0.9680896832752763,0.44424734894538775
5514,344,0.39456386663467574,0.44424734894538775
5515,344,0.5506470167990818,0.44424734894538775
5516,344,0.5400348596651551,0.44424734894538775
5517,344,0.35719090989314883,0.44424734894538775
5518,344,0.2583729700304832,0.44424734894538775
5519,344,0.7112053957095013,0.44424734894538775
5520,345,0.5243918491218095,0.10081688539591105
5521,345,0.9519937186641629,0.10081688539591105
5522,345,0.4336592828439054,0.10081688539591105
5523,345,0.6108386361468063,0.10081688539591105
5524,345,0.40617398755915524,0.10081688539591105
5525,345,0.6679116416835403,0.10081688539591105
5526,345,0.1331470492820624,0.10081688539591105
5527,345,0.9636394581346615,0.10081688539591105
5528,345,0.29855502015461954,0.10081688539591105
5529,345,0.47408683528048,0.10081688539591105
5530,345,0.8883556567133207,0.10081688539591105
5531,345,0.4768668378833488,0.10081688539591105
5532,345,0.3085284068223958,0.10081688539591105
5533,345,0.5971495889964166,0.10081688539591105
5534,345,0.4948707779313578,0.10081688539591105
5535,345,0.45298637453561613,0.10081688539591105
5536,346,0.21973310963321527,0.775643438329605
5537,346,0.6788611393070737,0.775643438329605
5538,346,0.5528109744676988,0.775643438329605
5539,346,0.5030065791925052,0.775643438329605
5540,346,0.5596452351760991,0.775643438329605
5541,346,0.5554856489210626,0.775643438329605
5542,346,0.5050176834204158,0.775643438329605
5543,346,0.46016328641487503,0.775643438329605
5544,346,0.3323328415544382,0.775643438329605
5545,346,0.22972140840640307,0.775643438329605
5546,346,0.6956778513838784,0.775643438329605
5547,346,0.5074135762614335,0.775643438329605
5548,346,0.2555100139756263,0.775643438329605
5549,346,0.7068296303752312,0.775643438329605
5550,346,0.1582065460649652,0.775643438329605
5551,346,0.16000763725035877,0.775643438329605
5552,347,0.5848601188618523,0.07198579438560071
5553,347,0.387794841296845,0.07198579438560071
5554,347,0.5879203353854372,0.07198579438560071
5555,347,0.05698593557212347,0.07198579438560071
5556,347,0.719277920629514,0.07198579438560071
5557,347,0.5716538843033592,0.07198579438560071
5558,347,0.6629492056127669,0.07198579438560071
5559,347,0.7633704627978134,0.07198579438560071
5560,347,0.39327898336809886,0.07198579438560071
5561,347,0.2647568658541325,0.07198579438560071
5562,347,0.5486949183776025,0.07198579438560071
5563,347,0.38922659790687164,0.07198579438560071
5564,347,0.7686851994037418,0.07198579438560071
5565,347,0.40791871681975306,0.07198579438560071
5566,347,0.3046947999365456,0.07198579438560071
5567,347,0.9253594978334992,0.07198579438560071
5568,348,0.715141122718599,0.9207548104503314
5569,348,0.4792933053870795,0.9207548104503314
5570,348,0.3013937901977897,0.9207548104503314
5571,348,0.5003586913501329,0.9207548104503314
5572,348,0.4183580849076766,0.9207548104503314
5573,348,0.5215700014594921,0.9207548104503314
5574,348,0.43371499984834216,0.9207548104503314
5575,348,0.29237761111763183,0.9207548104503314
5576,348,0.3755070180801582,0.9207548104503314
5577,348,0.16154251852241708,0.9207548104503314
5578,348,0.5179242735816826,0.9207548104503314
5579,348,0.39267022587140527,0.9207548104503314
5580,348,0.8992307853688366,0.9207548104503314
5581,348,0.7089907482609543,0.9207548104503314
5582,348,0.4502511060841908,0.9207548104503314
5583,348,0.07305742522267575,0.9207548104503314
5584,349,0.20722527190846074,0.5408539232420617
5585,349,0.6878978547099931,0.5408539232420617
5586,349,0.5129239355710682,0.5408539232420617
5587,349,0.3996795830198117,0.5408539232420617
5588,349,0.7164720850262245,0.5408539232420617
5589,349,0.6627039197282046,0.5408539232420617
5590,349,0.5121833897481173,0.5408539232420617
5591,349,0.4345851668213125,0.5408539232420617
5592,349,0.4576875859148899,0.5408539232420617
5593,349,0.35504358496502203,0.5408539232420617
5594,349,0.3335188552793769,0.5408539232420617
5595,349,0.4308932203134118,0.5408539232420617
5596,349,0.48182861213427725,0.5408539232420617
5597,349,0.5018714441757378,0.5408539232420617
5598,349,0.0679375656417303,0.5408539232420617
5599,349,0.8938061206952113,0.5408539232420617
