team_id,season,A_hat_min,A_hat_max,T_j_hat,roster_n,perf_span
2,2009,-1.4006044934425756,1.1016456202199445,0.13570491916034666,11,2.5022501136625204
2,2010,-2.2847356079363896,1.7566485455915208,0.169709578659441,14,4.04138415352791
2,2011,-1.4588291644887021,1.0266218152994948,-0.12145229604515423,13,2.485450979788197
2,2012,-2.3117423016199945,0.8620795430691399,-0.28718900867536784,12,3.1738218446891344
2,2013,-1.1478598106431561,1.5440365554840938,0.025082367603754107,12,2.69189636612725
2,2014,-1.6649690029981894,2.3284681855241924,-0.18423759016115215,12,3.993437188522382
2,2015,-1.8534197644041885,2.236929543659583,-0.3456082384274874,13,4.090349308063772
2,2016,-2.636164014037249,1.750735666746872,-0.5564918474775273,13,4.386899680784121
2,2017,-1.8280130511217296,1.6910023718786225,0.28285815091772193,12,3.519015423000352
2,2018,-1.0843737281456327,1.9928542560267006,0.3794073299956183,10,3.0772279841723336
2,2019,-1.2005040240055331,1.7241267827155973,0.2647593859454643,13,2.9246308067211304
2,2020,-2.1740439137964644,1.5483901022526712,0.07965189644235345,12,3.7224340160491356
2,2021,-1.2149741307755126,2.380155519288679,0.3214623789879581,13,3.595129650064192
5,2009,-1.716761536600828,1.5341729905406414,0.006457609835335226,11,3.250934527141469
5,2010,-1.3213828855754675,1.5508160315342165,0.07270537312728263,9,2.8721989171096842
5,2011,-1.6675912911587092,1.7576539723528877,-0.15838923626193072,10,3.425245263511597
5,2012,-1.840015798161001,1.300086683262592,-0.35688678448882033,11,3.140102481423593
5,2013,-0.909744655846938,1.9382033588607743,0.3358054245590607,11,2.847948014707712
5,2014,-0.8405567007198862,1.5568659886201106,0.07733516509149706,11,2.397422689339997
5,2015,-1.7613309876889796,1.3810907134783894,0.11301479205529923,12,3.142421701167369
5,2016,-0.7795461515923724,4.14246630927213,0.6165102659860828,12,4.922012460864503
5,2017,-0.49346588465425767,1.8404643054290737,0.118221590477367,11,2.3339301900833314
5,2018,-1.340485737321879,2.3837843055822105,0.12972879598957326,10,3.72427004290409
5,2019,-1.7825005711787265,1.0786006238761134,-0.28943810709585777,12,2.86110119505484
5,2020,-1.2997794814157928,1.1097935795788818,-0.015016442432833177,12,2.4095730609946746
5,2021,-1.6342653034379604,1.1863778905081614,0.014940705149195427,12,2.820643193946122
6,2009,-0.5469692609722011,1.8461636604890956,0.3685450230312878,13,2.3931329214612966
6,2010,-1.5972490125498493,1.3935295907500023,-0.19597341855283265,13,2.9907786032998516
6,2011,-1.4432499013043731,1.2467573658007793,0.034521608997121506,13,2.6900072671051527
6,2012,-1.4873072291335465,1.4739308741765174,0.032385982064121424,11,2.961238103310064
6,2013,-1.4884569794544436,2.4515717504790113,0.08072114655639427,11,3.940028729933455
6,2014,-0.9175146885093705,1.8856709741870064,-0.023174265993544052,11,2.803185662696377
6,2015,-1.3322550384328016,1.5319666635911666,0.2135608110255365,11,2.8642217020239684
6,2016,-1.1148740716461918,1.8436752153458726,0.060870905722105816,12,2.9585492869920644
6,2017,-1.285389035515902,1.1559978716934978,-0.062177187730072414,12,2.4413869072093997
6,2018,-1.0080057835912608,2.1849854212386646,-0.09420282280497079,12,3.1929912048299256
6,2019,-1.331860968277839,1.6602784354358944,0.11592690263617511,10,2.9921394037137334
6,2020,-0.8127279905151368,1.1895056159011266,0.030067311780170025,11,2.0022336064162634
6,2021,-2.6382498483683343,2.011905657718401,0.07349792393966288,9,4.650155506086735
8,2009,-2.2411215170407526,1.7905037144383578,0.04816021218282649,12,4.031625231479111
8,2010,-1.8317858055048262,1.9933238658392405,0.02547766716099888,13,3.825109671344067
8,2011,-0.5562861356522056,3.064350246694783,0.4354377228254981,13,3.6206363823469885
8,2012,-1.5942521136428585,5.199259632984508,0.6438985900440231,12,6.793511746627367
8,2013,-1.5112264930657024,2.2853428464495873,0.3307850559124371,13,3.7965693395152895
8,2014,-1.0258127041526282,1.3893462540801227,0.33369290913697014,14,2.415158958232751
8,2015,-1.4357652437905306,2.582949811934612,0.14852673844484135,13,4.018715055725143
8,2016,-1.178603434889653,2.298333305982714,0.1831551610406034,10,3.476936740872367
8,2017,-2.0007030426253043,1.9932141396105554,0.13452948562948677,12,3.99391718223586
8,2018,-1.3146006198169,1.9870822336575888,0.1520164083124841,11,3.301682853474489
8,2019,-0.9999543258178867,2.207448049802433,0.06585949926424423,11,3.20740237562032
8,2020,-1.4797748235433157,2.8176490240186403,0.01363732985774194,9,4.297423847561956
8,2021,-1.066557678940967,2.0368139190221335,0.3827629766197115,11,3.1033715979631005
9,2009,-1.0980405308053005,2.1729531081544033,-0.039977997700678766,10,3.2709936389597036
9,2010,-0.8037236307740736,0.9885418158117604,0.11461296018248479,13,1.792265446585834
9,2011,-1.6079449692529928,1.1606776105438383,-0.1242431821996092,13,2.768622579796831
9,2012,-2.2898759339864054,1.0547564712134272,-0.10796638668879185,10,3.3446324051998326
9,2013,-1.5418582071503866,1.7020708756059035,-0.05084161459084596,10,3.2439290827562903
9,2014,-1.0110552333041036,1.7554777927778986,0.14910917104621038,13,2.7665330260820022
9,2015,-0.5056710628663487,1.9076253659560918,0.3657107195413461,13,2.4132964288224406
9,2016,-1.9738030468947525,1.0871757536413202,0.13013534992986,9,3.0609788005360725
9,2017,-1.9573861551244078,1.663754314579376,-0.20765603009086456,11,3.621140469703784
9,2018,-1.1867343767200165,1.540264793327123,0.3019467086085121,10,2.726999170047139
9,2019,-1.7365754490918892,1.543236546509918,-0.0007806949266482452,11,3.2798119956018073
9,2020,-1.7086563640137975,2.103705671497723,-0.07919314439790485,12,3.81236203551152
9,2021,-2.0894049638063965,2.0600332101385264,-0.13883549648071344,13,4.149438173944922
12,2009,-1.3288929048954292,1.7655439224727372,-0.15228849915860881,10,3.0944368273681664
12,2010,-1.7434788016603302,2.129639215573474,-0.10934549518243437,12,3.873118017233804
12,2011,-1.6675912911587092,2.920418426963198,0.05961254074692016,13,4.588009718121907
12,2012,-1.7065124831903018,1.0557561302076204,-0.036062672988550246,11,2.7622686133979224
12,2013,-0.5928243541011214,1.855251264370999,0.4295212636656414,10,2.4480756184721204
12,2014,-2.5384534661263918,3.0948293715690043,0.1424114083968987,13,5.633282837695396
12,2015,-2.518835441314084,1.5858436406048915,0.2159976440269632,13,4.104679081918976
12,2016,-1.7589432253384616,3.019379628487145,0.49511003917617386,12,4.778322853825607
12,2017,-2.563822580136962,1.6865057551684177,-0.1465679800574409,11,4.25032833530538
12,2018,-1.2128431675828935,2.2049213581211604,0.11378393730483745,11,3.4177645257040536
12,2019,-1.0893672651461666,0.9621444104651539,0.10161121176969848,11,2.0515116756113203
12,2020,-0.5157556823454118,1.752187814344948,0.3442266878881066,11,2.2679434966903598
12,2021,-0.8206466592346443,1.3082575730397055,0.24590286712338116,11,2.12890423227435
13,2009,-1.8841768913083903,0.9861200821083271,-0.27190629897322094,13,2.8702969734167176
13,2010,-1.4806156230218603,1.5567014187135062,0.07663384908233208,11,3.0373170417353665
13,2011,-2.264054510215872,1.8779425322860006,-0.4493791500752436,13,4.141997042501872
13,2012,-1.1523477795383423,1.4191477686207203,0.042775871499360796,12,2.5714955481590627
13,2013,-0.9188310224636907,1.4733285457567742,0.043936134965014154,11,2.392159568220465
13,2014,-1.4649107081998691,1.4800478016535994,-0.06768095311719226,13,2.9449585098534685
13,2015,-2.165333362955702,1.3957604727197321,-0.370581800109932,11,3.5610938356754342
13,2016,-2.636164014037249,1.1591605144424681,-0.05813151521826004,12,3.7953245284797172
13,2017,-1.5311369107066382,1.143796321709703,-0.29082613107445343,14,2.674933232416341
13,2018,-1.5601084647138495,1.3053657854561176,-0.2162196789890691,12,2.8654742501699673
13,2019,-1.1201134330438218,1.4916835802177746,-0.2280730612580439,11,2.6117970132615964
13,2020,-1.112841730215606,1.440223993975518,-0.08021240962291447,14,2.553065724191124
13,2021,-1.0691991783853827,2.231782225913649,-0.1873844244151639,12,3.3009814042990318
16,2009,-1.7896504221277645,2.205301978993797,-0.5372602246886885,14,3.9949524011215614
16,2010,-1.8717277426283367,0.97112378216248,-0.21254483237300525,12,2.8428515247908166
16,2011,-1.5067103862020064,1.3143525961900964,-0.18710681954634364,11,2.8210629823921027
16,2012,-1.7978056679784244,1.9257584952580256,0.04932619107801794,11,3.72356416323645
16,2013,-1.740475770736929,1.3438925561976138,-0.04192329967175715,11,3.084368326934543
16,2014,-2.5384534661263918,1.54567659120277,-0.10668025208126816,14,4.084130057329162
16,2015,-0.8380331064780031,1.8773797546356352,0.11318475996115032,11,2.7154128611136383
16,2016,-1.845604150028463,1.3545953829841393,-0.09397190068478756,12,3.2001995330126025
16,2017,-1.319850426265056,1.2206719587281478,-0.03581440221115606,12,2.5405223849932037
16,2018,-1.4286554453989475,1.3594665027321637,-0.3102181463523412,12,2.7881219481311112
16,2019,-1.5406188698808747,2.8933226792906623,0.24351851886879486,12,4.4339415491715375
16,2020,-1.9971768831996548,1.1542720256162282,-0.499037169492555,13,3.1514489088158832
16,2021,-1.4863531770655019,1.8724663436152569,-0.058465007220530975,13,3.3588195206807585
21,2009,-1.667720675120835,1.7746710811801136,-0.09120870639827633,13,3.4423917563009487
21,2010,-1.1423118908727985,0.8800346905922755,0.11671549277229669,11,2.022346581465074
21,2011,-1.044164666308551,1.4659781050689051,0.29815025247669263,12,2.5101427713774562
21,2012,-1.507388894759428,2.3785215526372725,0.1607975256338333,10,3.8859104473967006
21,2013,-0.8093190281157765,1.8440712739486735,0.2950276092722077,11,2.65339030206445
21,2014,-1.7023323520275082,2.0534725130731806,-0.019725807537463516,11,3.755804865100689
21,2015,-1.2692466992100357,1.0258094826229494,-0.0692373899649092,12,2.295056181832985
21,2016,-1.3878492624788061,0.9734465278323253,-0.1143445009259481,11,2.3612957903111313
21,2017,-1.4920240646313905,0.9782422970356007,-0.11594396606626832,11,2.470266361666991
21,2018,-0.7436552062876667,1.3023512848570873,0.35185464051321835,12,2.046006491144754
21,2019,-1.2299394704734532,1.5603568831449448,-0.08695200816205628,12,2.7902963536183982
21,2020,-1.0796198371696935,1.7702561648026705,0.16727050888844125,13,2.8498760019723637
21,2021,-0.9122905175102926,4.097573734891812,0.48177601484960086,12,5.009864252402105
23,2009,-2.4523744588007226,2.0709238235892173,-0.07439483067395063,14,4.5232982823899395
23,2010,-1.8436732867915855,2.712355298493189,-0.17454105522471544,12,4.556028585284775
23,2011,-2.0572805942760555,3.210445289299945,-0.19016150966315204,11,5.267725883576
23,2012,-2.5167394981848905,1.8120434635463245,-0.09302232655379562,13,4.328782961731215
23,2013,-0.9492929795121912,2.661721392232057,0.046048362095221194,14,3.611014371744248
23,2014,-1.4904502816041918,1.4101841248458784,-0.11719473124923394,10,2.90063440645007
23,2015,-1.9436456189004456,1.1562829401444876,-0.5599135506333074,15,3.0999285590449333
23,2016,-0.8856386008749368,1.1647453321346237,0.19204430959476726,11,2.0503839330095603
23,2017,-1.9841407032867262,1.7034113655626615,0.03946978004011849,13,3.6875520688493877
23,2018,-2.2005206100941415,1.5712315045294853,-0.5035359294876716,13,3.771752114623627
23,2019,-1.5164287838564257,0.887338177084767,-0.32787023887614847,13,2.4037669609411925
23,2020,-1.5912525506823862,1.7948522527959467,-0.0011068519631672405,14,3.386104803478333
23,2021,-1.5626241952067477,2.3590148593162352,-0.21702680327348478,14,3.921639054522983
24,2009,-2.177745634512762,1.7375424896990568,-0.17332983915877384,14,3.915288124211819
24,2010,-2.30683647277569,2.5584115470242637,-0.17466964313260436,12,4.865248019799953
24,2011,-1.1485070843035565,1.7841077290349971,-0.00710693805513802,14,2.932614813338554
24,2012,-2.5167394981848905,1.348194337317248,0.07159830616644575,16,3.8649338355021383
24,2013,-1.367324759316226,1.6491827984854623,0.06172367016383218,13,3.016507557801688
24,2014,-1.7097893965233733,1.8270062151043036,-0.24721615933602506,12,3.536795611627677
24,2015,-1.7702428047904513,2.04126263853391,-0.20821282296648705,12,3.811505443324361
24,2016,-1.59590172107188,1.093042617196116,-0.10789851576615783,11,2.688944338267996
24,2017,-1.6974848301190275,1.9937746607322955,-0.2408039548728574,12,3.6912594908513228
24,2018,-2.6117326192330657,1.9838207501270635,-0.13449716146135457,12,4.595553369360129
24,2019,-1.227626685393831,1.5763534896794114,0.0664939602467751,12,2.8039801750732423
24,2020,-2.025475608095144,1.9608204501559803,-0.30563440816762066,12,3.986296058251124
24,2021,-1.2886312797734054,2.0904783937823845,-0.09712908608860264,12,3.37910967355579
25,2009,-1.3538591616488802,2.735058888860756,0.2842283028952796,13,4.088918050509636
25,2010,-1.432530399528848,1.9313012853595328,0.23509569711853812,13,3.363831684888381
25,2011,-1.6079449692529928,1.1506974188863857,0.05880826955427449,12,2.7586423881393785
25,2012,-1.0851294823288808,1.274115395805336,0.1706741061467001,12,2.359244878134217
25,2013,-1.7088877424423419,1.7987783068661896,-0.20943474567320183,11,3.5076660493085314
25,2014,-2.2631188555199317,1.2794725737439223,-0.1195044071204367,13,3.542591429263854
25,2015,-1.2268481498519768,1.649286625462101,-0.07485185683392656,10,2.876134775314078
25,2016,-1.561279988411268,1.7050875434854575,-0.20748033236918306,11,3.2663675318967256
25,2017,-1.4375835051136472,0.9714979925607902,-0.13904093601694806,13,2.4090814976744372
25,2018,-2.4354989010306696,1.0191865685667785,-0.45774429629234104,12,3.454685469597448
25,2019,-1.339849807284861,0.8292853912731745,-0.15437717597666167,10,2.1691351985580356
25,2020,-1.6173048371887726,1.7639954510737466,-0.3379750270254662,12,3.381300288262519
25,2021,-1.508275086034933,2.2642142332826594,-0.2109276607261643,13,3.772489319317592
26,2009,-0.7259733434635428,1.6584935970689585,0.5259071504968476,12,2.3844669405325014
26,2010,-1.4629342432928154,1.4639684719765564,-0.08024264389772108,12,2.926902715269372
26,2011,-1.8149527923375377,1.6784259469050578,0.06831266169324077,9,3.4933787392425955
26,2012,-1.9760159606355356,2.3800423520009857,0.14102895580264221,12,4.356058312636521
26,2013,-0.7145766160144305,2.4058554860656076,0.6439696204929464,9,3.120432102080038
26,2014,-0.9048014431947269,2.1873606113006976,0.44629412925848794,11,3.0921620544954243
26,2015,-1.539906608937026,1.515012892905781,-0.2135921847753979,11,3.054919501842807
26,2016,-1.283660935435021,1.468818079828373,-0.011252621483890916,10,2.7524790152633942
26,2017,-2.055198481739336,1.7165306983151971,0.35591338615365486,11,3.7717291800545327
26,2018,-0.9527048582243022,1.7134309929681037,0.33776998638222766,10,2.666135851192406
26,2019,-1.5498439026868083,1.8481038203608076,0.13252171901771842,11,3.397947723047616
26,2020,-1.4650105964481916,1.2255541874240854,0.07330365754446871,11,2.690564783872277
26,2021,-2.484368105033212,1.440322229569002,-0.008692697702398722,12,3.9246903346022135
27,2009,-1.7359514389190862,1.8217514713554377,-0.2583111097735237,13,3.557702910274524
27,2010,-1.3760990228457273,1.9461943458637432,-0.20457224894817047,13,3.3222933687094702
27,2011,-1.3809328485670578,1.2837774885485298,-0.14501316329424602,10,2.6647103371155874
27,2012,-1.2395495852354048,1.5453445905041971,-0.3523977118412699,11,2.784894175739602
27,2013,-1.5056588664623003,1.590015760050794,-0.24545297023369278,13,3.0956746265130946
27,2014,-1.558262252367393,2.0279580180024763,-0.11966737609773896,11,3.5862202703698696
27,2015,-2.518835441314084,1.488625795633423,-0.2660145373196965,13,4.007461236947507
27,2016,-1.3310385580700812,1.5394330091374393,-0.03000078800506122,12,2.8704715672075203
27,2017,-2.260604367630685,0.5418669903818759,-0.3066018520133629,12,2.8024713580125606
27,2018,-1.6242160948230873,0.8466859385441086,-0.27278960386040935,15,2.470902033367196
27,2019,-2.7193730617502085,1.181193302199085,-0.13609829021347297,13,3.9005663639492933
27,2020,-0.7410600128386384,1.3364780888937653,-0.04992167641165834,12,2.0775381017324035
27,2021,-1.3449946606074465,1.5255829777794438,-0.018143856122395344,11,2.8705776383868904
28,2021,-1.4033488581039744,2.7513080270597037,0.1568512867826186,14,4.1546568851636785
30,2009,-1.2631122457972064,1.0416309392649343,-0.08178484120396792,12,2.304743185062141
30,2010,-1.9645976653982729,0.7126476773397761,-0.47159567813882153,11,2.6772453427380487
30,2011,-0.8383150091792343,1.591700816211611,0.23300135995198742,8,2.4300158253908455
30,2012,-2.0955818913807724,0.5724435409247064,-0.650494722905624,11,2.6680254323054786
30,2013,-1.660884296165158,1.1671985666970863,-0.15570480316647842,13,2.828082862862244
30,2014,-1.1473523985644938,1.6558458027684892,0.1291485778119956,12,2.8031982013329833
30,2015,-2.029371025125555,1.2118739927895557,0.01858657379859314,11,3.2412450179151104
30,2016,-0.7617429666100243,1.215258337144064,0.4142628297889496,11,1.9770013037540881
30,2017,-0.5072120953117784,1.7541436445230376,0.33141504554673584,11,2.261355739834816
30,2018,-1.3780965918162926,1.4470822117122426,0.1702334011886911,12,2.8251788035285355
30,2019,-1.6751505983007442,1.8196748718567113,0.11766468979950324,10,3.4948254701574557
30,2020,-1.3512277279765235,1.7875302050957147,0.048225918530218105,10,3.138757933072238
30,2021,-1.462153667164182,1.3346219701765238,0.22385523869053897,11,2.7967756373407058
36,2009,-1.1715425472056122,1.9771227071341257,0.1620329024050702,12,3.148665254339738
36,2010,-1.4670162408351997,1.390284870449904,0.13929646162900194,13,2.8573011112851034
36,2011,-0.979240495111659,2.404625777131558,0.1828711866328472,12,3.383866272243217
36,2012,-1.5158708326033397,1.5092212192475913,0.09809000029376169,11,3.025092051850931
36,2013,-0.841816946438508,1.5712703032680346,0.3539038771700864,10,2.4130872497065425
36,2014,-0.6145244308556296,1.5227749273298963,0.26503232996050446,10,2.1372993581855257
36,2015,-1.2333733381926946,1.8979865065767765,0.07670641344492775,11,3.131359844769471
36,2016,-1.4107962248236305,1.9686508036038108,0.24233921261797053,11,3.3794470284274416
36,2017,-0.7932858855631316,1.8483706282437116,0.2178572396213952,10,2.641656513806843
36,2018,-0.5576982484603107,1.4022088263756032,0.0989690492026772,10,1.9599070748359138
36,2019,-1.3538513787778321,1.5277513395397986,-0.0478895710630402,12,2.8816027183176307
36,2020,-0.7948540811812714,1.0696672673194485,0.43960619902053927,10,1.86452134850072
36,2021,-0.821229317734126,1.5294825894516024,0.23793390294024228,9,2.3507119071857283
38,2009,-1.7182181958527092,1.491762911292329,-0.11514823504540946,12,3.209981107145038
38,2010,-1.2584609118529797,2.2519900183860413,0.08563505175505134,11,3.510450930239021
38,2011,-1.2123316096742625,2.950023963299083,0.2908067770593104,11,4.162355572973345
38,2012,-1.2079112431936314,1.2200694589191372,-0.07699414428970437,11,2.4279807021127686
38,2013,-1.2018979394670666,1.4823944890945788,-0.06269202121100924,11,2.6842924285616454
38,2014,-1.0204582235792696,1.321782882955992,0.05981060015031533,12,2.3422411065352615
38,2015,-0.9086427283727626,2.2981491226985336,0.23116997593916466,11,3.206791851071296
38,2016,-0.7235529144710189,1.735557374552786,0.33382583080735173,10,2.459110289023805
38,2017,-1.2804338667383008,1.777279416223624,0.08150178501836113,11,3.0577132829619247
38,2018,-1.4089374925017122,1.0243183662855935,0.04170786687190567,11,2.4332558587873057
38,2019,-1.5853758163752247,1.56326083897924,0.05160084153000682,11,3.1486366553544647
38,2020,-2.0757844523537923,1.3510853886775902,-0.14584759485830892,11,3.4268698410313823
38,2021,-2.6382498483683343,1.791286312362522,0.07456614986221433,13,4.429536160730857
41,2009,-1.9031168102248015,1.3419402165983991,0.3699298239937334,11,3.2450570268232006
41,2010,-1.9839455659753429,1.7699026192151832,-0.2971294034814721,11,3.753848185190526
41,2011,-1.2145330588110343,2.719795775370771,0.009878101229907373,11,3.9343288341818052
41,2012,-0.6208082830975524,1.5353555614029764,0.13769948261314696,9,2.156163844500529
41,2013,-2.5089451803954064,1.3776617482916378,-0.2768849647782571,11,3.886606928687044
41,2014,-0.9825943966676635,1.6503978747240302,-0.02130435766172582,13,2.632992271391694
41,2015,-1.696737584666684,1.6115572637154334,-0.1350313621011441,11,3.3082948483821175
41,2016,-1.3664769597201076,1.2631344944754899,0.04619747061001953,11,2.6296114541955973
41,2017,-1.034661767066513,1.4523884609839157,0.1352186165323394,10,2.4870502280504287
41,2018,-1.8382309300167612,1.1873056015617691,-0.33975985983301543,12,3.0255365315785303
41,2019,-1.992957435002755,1.9762854422632599,-0.14751947079184827,13,3.969242877266015
41,2020,-0.992453247204332,1.6082167745773972,0.19193917540574512,10,2.6006700217817293
41,2021,-1.2607986789424594,2.232026337797072,0.16116750869497876,11,3.4928250167395314
42,2009,-0.9600184682970136,1.2442422669521782,-0.02784261963115775,12,2.204260735249192
42,2010,-1.7357715335733104,1.1390394628850142,-0.34067271808735483,13,2.874810996458325
42,2011,-1.7019083530770664,0.7821836289760689,-0.5046936688480198,13,2.484091982053135
42,2012,-2.5167394981848905,1.17935227808256,-0.27778793360246073,12,3.6960917762674503
42,2013,-1.2831765073903414,1.861017473339169,-0.06776857844636758,11,3.1441939807295105
42,2014,-2.057967577028843,1.7072465714927152,-0.1736885021209428,12,3.765214148521558
42,2015,-1.557588410507055,1.4256059062006279,-0.2676348577007852,12,2.983194316707683
42,2016,-2.636164014037249,1.8182879364759694,-0.347525976230231,14,4.454451950513219
42,2017,-1.7563304131391135,1.9635911292289463,-0.11334488315198206,12,3.71992154236806
42,2018,-1.9204710521460808,1.2585330101337173,-0.42174424004123123,12,3.179004062279798
42,2019,-1.3074666322974118,2.137475605456603,0.2778522800636823,12,3.444942237754015
42,2020,-1.9328615993462692,1.8252628228328909,-0.19407952170375387,10,3.75812442217916
42,2021,-1.564422900312369,0.9575070550524449,-0.15144835638896204,11,2.521929955364814
43,2009,-1.2318019064097867,1.3985094242038911,-0.1806619543132277,13,2.6303113306136776
43,2010,-1.4015106676253937,2.1838769365948933,-0.037494251759150186,14,3.585387604220287
43,2011,-1.292990091900379,1.7517321927161436,-0.09731279651099584,12,3.0447222846165225
43,2012,-1.240631949568413,2.139136763730623,0.008029730363076873,16,3.379768713299036
43,2013,-1.2617968212332764,2.373829607596933,0.36031007881331595,14,3.6356264288302094
43,2014,-1.077903644300069,1.9716288057708422,-0.035037171570141565,15,3.0495324500709113
43,2015,-1.9128318784140006,1.359587361246451,0.08950929601331326,14,3.2724192396604517
43,2016,-1.5322290687997548,1.517625101941119,-0.03571850604539693,15,3.0498541707408737
43,2017,-1.4962417902711116,1.518995468660005,0.15948077308844588,12,3.0152372589311165
43,2018,-0.9829475517843578,1.0775129375479764,0.10826804813493755,13,2.060460489332334
43,2019,-1.6297496216290284,1.9040439924536565,-0.032592394860870816,16,3.533793614082685
43,2020,-0.7375385189492046,1.989091144617867,0.3783856661113231,15,2.7266296635670715
44,2009,-1.5724957013732759,1.642048342162021,-0.23323242007340192,11,3.2145440435352968
44,2010,-1.3614873270974193,2.1648087445815656,-0.19989609382562423,12,3.526296071678985
44,2011,-2.2288534022059414,2.5605128687770615,-0.35449765252767323,12,4.7893662709830025
44,2012,-1.405222035403369,2.054623304994962,-0.059322538159074206,12,3.4598453403983314
44,2013,-1.2828330586167342,1.1037941864254515,-0.3391183803629605,12,2.3866272450421855
44,2014,-1.7497938688490364,1.916961141869057,-0.2243957988654619,12,3.6667550107180933
44,2015,-1.2815781670597466,0.6409721126421001,-0.32827402573885567,11,1.9225502797018468
44,2016,-1.3075144840131645,1.2278467251676823,-0.43170175517670833,11,2.535361209180847
44,2017,-1.3319985918302113,0.8148946449329825,-0.4070833491697127,11,2.146893236763194
44,2018,-1.9309051890077713,1.4050506097021804,-0.5750862972228258,11,3.3359557987099517
44,2019,-1.212953770216555,1.9521484852605533,-0.07399883837273455,10,3.165102255477108
44,2020,-2.335531202602247,1.6291025784080795,0.007819126583867112,12,3.9646337810103267
45,2009,-1.7511944818952911,1.6613759298437631,-0.12340317402244648,13,3.412570411739054
45,2010,-1.5581026858474538,2.516538468255978,0.20424049507159162,12,4.074641154103432
45,2011,-1.7435047917659845,1.2526557109254122,-0.030809796387611933,12,2.9961605026913967
45,2012,-1.1549724067180813,0.7779595669383341,-0.16540397973980198,11,1.9329319736564154
45,2013,-0.8385222266085537,2.1048575576448054,0.28904236620732554,11,2.9433797842533593
45,2014,-1.3390633733411188,1.8598404417665515,0.3412275898490395,12,3.1989038151076703
45,2015,-1.5761632323583985,0.7996772942778824,-0.08262032083990759,12,2.375840526636281
45,2016,-2.4369172190431647,1.8685012093467253,-0.03587812762534468,11,4.30541842838989
45,2017,-2.0860241846725254,1.9171286242186778,-0.15418970867560286,12,4.003152808891203
45,2018,-2.3758904375210355,1.072319633436836,-0.11305478277444032,11,3.448210070957871
45,2019,-2.1677083640787935,0.8075943866499643,-0.31698847557345383,12,2.975302750728758
45,2020,-1.3592957892439472,1.1508608282405788,-0.3143456535958163,14,2.510156617484526
45,2021,-2.0207993532361543,1.7123498463299531,-0.2256856120137276,12,3.7331491995661077
46,2009,-0.8345610211771002,1.3773395853907284,0.02089760307461298,10,2.211900606567829
46,2010,-1.5619298200549785,1.4888747380454348,-0.03726291641811624,10,3.0508045581004133
46,2011,-1.4112390140320137,1.8541350196222788,0.14452765734625841,12,3.2653740336542922
46,2012,-1.7769670062333094,1.1326674189355839,0.1600129491893966,12,2.9096344251688935
46,2013,-1.3113019469404754,1.3641496509569584,-0.11045865209206727,11,2.6754515978974336
46,2014,-1.6735788657508044,2.192199109930552,-0.039446393119551885,12,3.865777975681356
46,2015,-2.0946329472840257,1.929964717642217,0.0523112320006748,12,4.024597664926243
46,2016,-1.522193296570323,1.3924424162540998,-0.08629773807502987,12,2.914635712824423
46,2017,-1.1603822467100757,1.7933418106859966,-0.049769279533156095,12,2.953724057396072
46,2018,-1.423786815053951,1.7739693394608493,0.1646622033758913,10,3.1977561545148
46,2019,-1.2815452291175555,2.1126333825034562,0.2563595787269064,11,3.3941786116210118
46,2020,-1.7058664798637329,2.2626843643660615,0.25395788430097493,14,3.968550844229794
46,2021,-1.5550033656802993,1.1298252952954553,-0.20705006240433035,13,2.6848286609757546
47,2009,-1.6735763003721775,1.4685310445876305,-0.11912026104482287,12,3.142107344959808
47,2010,-2.1311164818402686,0.771572596295417,-0.47081938429144704,15,2.9026890781356856
47,2011,-1.7708962610572694,0.9716496095161241,-0.5023895621675298,13,2.7425458705733936
47,2012,-1.5536394614932094,2.0834068686226224,-0.15017874145400878,14,3.637046330115832
47,2013,-2.3823689290177574,0.9505666419602808,-0.5190006346569038,10,3.332935570978038
47,2014,-1.4779683816885258,2.8428806385923915,-0.4036712615388369,12,4.320849020280917
47,2015,-1.9625043016025319,1.8498823138873428,-0.2826577746499207,15,3.8123866154898747
47,2016,-2.1693572371939656,3.187143461308205,-0.2832503847956021,14,5.35650069850217
47,2017,-2.02219615474407,1.5443527308165816,-0.4369592150700088,14,3.5665488855606515
47,2018,-1.6248237972996473,2.3967114122041995,-0.17704976452482016,13,4.021535209503847
47,2019,-1.9564708053487734,2.3081086000230404,0.2890460292796376,14,4.264579405371814
47,2020,-2.0927806835222547,1.890445194834215,-0.17417769678062472,14,3.9832258783564694
48,2009,-1.8445893558683508,1.1667067598981558,-0.14461688717962926,9,3.0112961157665064
48,2010,-0.7252861960021681,1.3719589452380425,-0.13042150224574534,10,2.0972451412402107
48,2011,-1.5055669540416887,1.2456322321458235,-0.30712489525116893,12,2.7511991861875122
48,2012,-1.3939375941568561,1.9911272377010847,-0.023245311971709464,9,3.3850648318579406
48,2013,-2.037800244711935,1.9559660560014065,-0.17468261217059536,10,3.9937663007133413
48,2014,-1.461320264193426,1.8137469038459972,0.08169409798339541,10,3.275067168039423
48,2015,-1.7908311611304855,1.0556627317310792,-0.15952750285121056,11,2.846493892861565
48,2016,-2.2809849446999686,1.4134845201160207,-0.6022201642339767,12,3.694469464815989
48,2017,-2.563822580136962,1.1941598558316922,-0.4291909354963881,12,3.7579824359686542
48,2018,-2.2298928964612075,1.126219824183724,-0.07420470258228405,12,3.3561127206449317
48,2019,-1.1281769269700725,1.4085688640734553,0.014590249766111608,10,2.536745791043528
48,2020,-1.446923899120691,1.9601325405543124,0.03316834044527926,10,3.4070564396750034
48,2021,-1.239100943142705,1.0247457468357883,-0.032537642423031095,9,2.263846689978493
50,2009,-1.6918638684648317,1.337503316373134,-0.09319426181590774,12,3.029367184837966
50,2010,-2.0859617690180756,0.9157369929043373,-0.16356566710030446,12,3.001698761922413
50,2011,-2.3780056923641064,1.1555750386683952,-0.28557655159256384,13,3.533580731032502
50,2012,-1.8763987927859413,1.9746586386123197,-0.027618893202195526,14,3.851057431398261
50,2013,-1.48588760576844,1.366054934026339,-0.053744752840749775,12,2.851942539794779
50,2014,-1.6956964701695807,2.106243461816576,0.033733043546037504,14,3.8019399319861567
50,2015,-1.6531160657425361,1.95811877990179,-0.5810449189171343,11,3.611234845644326
50,2016,-1.3833918333715687,1.281368694972833,-0.2811364373858874,12,2.6647605283444014
50,2017,-1.6252900176175331,1.403282366820163,-0.036048627640853,13,3.0285723844376964
50,2018,-2.341441579518155,1.4703608526769731,-0.554498077732101,13,3.811802432195128
50,2019,-2.7193730617502085,0.979830395227217,-0.5849433085185014,13,3.6992034569774255
50,2020,-2.119154145680213,0.9665409268009415,-0.2119669631537762,11,3.0856950724811547
50,2021,-2.6382498483683343,1.0170570828141716,-0.3834354270518757,13,3.6553069311825057
52,2009,-1.1710393919920692,2.3853013904625713,0.06603795280583122,12,3.5563407824546402
52,2010,-0.6673392999657718,1.6631336928023495,0.3413568912495679,12,2.3304729927681214
52,2011,-1.5137665662439672,1.3424177392976167,0.22464682199494201,12,2.856184305541584
52,2012,-0.8152627666962537,1.5277543717471145,0.31776919688465477,12,2.3430171384433685
52,2013,-1.3865116571494895,1.3344447397954318,0.051020153818355375,12,2.7209563969449215
52,2014,-0.8208286756608565,1.4063459282661677,0.08822281787296139,11,2.227174603927024
52,2015,-1.4217600257191052,1.9228142020594703,0.08602422289966245,12,3.3445742277785753
52,2016,-1.3572924129410338,1.8765461530876781,0.3997449235428146,12,3.233838566028712
52,2017,-0.7065160353616708,2.8193025141374726,0.6741655247250105,13,3.525818549499143
52,2018,-1.882765875759518,1.4992291284684618,0.26225920253830154,12,3.3819950042279796
52,2019,-0.6567114055537359,2.399672398167467,0.36464624497737286,12,3.0563838037212028
52,2020,-0.5216005136491277,2.228511091059259,0.4989533159812559,13,2.750111604708387
52,2021,-0.37101251485062275,1.4184297331764237,0.5387117188336539,13,1.7894422480270464
55,2009,-0.9318119696792038,1.2941051811770117,0.35330512253143276,10,2.2259171508562154
55,2010,-1.9216023307825616,2.1745060523583257,0.01130215040851612,10,4.096108383140887
55,2011,-1.6736205222538718,1.1756511827558929,-0.21970326358058312,12,2.8492717050097647
55,2012,-0.7868258296797306,1.4012951561038642,0.051659572450611924,11,2.188120985783595
55,2013,-1.8807519328174447,1.8700607872420907,-0.1890215816706799,13,3.7508127200595354
55,2014,-1.3283408565473809,1.3157914262992123,-0.01785505103954476,14,2.644132282846593
55,2015,-1.5088295031472783,1.4301697103366202,-0.22787123879952143,12,2.9389992134838985
55,2016,-2.340894667238787,1.135091019053907,-0.07114077828211401,12,3.475985686292694
55,2017,-1.1304273937436522,0.9927218673050848,-0.025098740432025885,12,2.123149261048737
55,2018,-1.0909571716416993,0.9370548042310628,-0.023793044224783788,13,2.028011975872762
55,2019,-1.7911753164617958,3.690445330241473,0.31863773638460463,12,5.481620646703268
55,2020,-1.219580725357121,2.146564976497031,0.14708946687799357,12,3.366145701854152
55,2021,-1.3257946896332657,1.9638656433000878,0.055367487965810515,14,3.2896603329333534
56,2009,-1.311608573296886,1.8665998392047725,-0.23444656054746185,11,3.1782084125016583
56,2010,-1.6532374110785373,1.3495104657062955,-0.35918182038542246,12,3.0027478767848326
56,2011,-2.502639797838737,1.0761395165042402,-0.24314327949997747,11,3.5787793143429774
56,2012,-1.7191722802995921,2.042291595469687,0.05377257116504356,12,3.7614638757692793
56,2013,-1.631640817398598,2.2844424261233884,-0.0007827549472393477,13,3.916083243521986
56,2014,-1.5038071849363372,1.724134209188439,-0.1563125678711064,12,3.2279413941247763
56,2015,-1.3807311890383174,1.5978569439321657,-0.00669678252945616,11,2.978588132970483
56,2016,-2.2757617230920673,1.60926649486168,0.14077894490333367,11,3.885028217953747
56,2017,-0.724298757598881,1.8610060387293421,0.22497560415591292,10,2.585304796328223
56,2018,-0.9235991080311661,1.586641698463366,0.1782567811796795,12,2.510240806494532
56,2019,-1.0791966798928136,1.2159759119267572,0.05334001812806217,13,2.295172591819571
56,2020,-2.0656415402048713,1.4349205369764553,-0.5217948177620917,12,3.5005620771813266
56,2021,-1.2400021662700642,1.4780867858461992,0.04110435150103959,13,2.7180889521162634
57,2009,-1.2407767045891316,1.790640876448269,0.30495663942421625,11,3.0314175810374007
57,2010,-2.0941594996197237,1.0415152666970682,0.011385688745231892,10,3.135674766316792
57,2011,-1.311603892906843,1.4465398801618379,0.12219678500463906,11,2.7581437730686806
57,2012,-1.8028331772805675,1.76242353909192,0.2383240282476588,10,3.5652567163724873
57,2013,-1.35725755983581,1.4106639483998593,0.09650228722679732,12,2.7679215082356694
57,2014,-2.0760991200136565,1.4982785634581375,-0.2017751044154554,12,3.574377683471794
57,2015,-2.518835441314084,1.4628094515000205,-0.04426043104969541,11,3.9816448928141046
57,2016,-1.403089509168199,1.151791239874783,0.09688839243061952,12,2.554880749042982
57,2017,-0.717196349017653,1.6471355678417774,0.28269964542036113,12,2.36433191685943
57,2018,-0.9599148876072172,2.0717174317562757,0.3014735690309965,11,3.031632319363493
57,2019,-0.954997175232148,0.7107239081996966,0.026979342684581242,11,1.6657210834318446
57,2020,-1.1543670330513787,1.2880967017577143,0.08425921372475324,10,2.4424637348090927
57,2021,-1.1136807245851739,3.94788876637492,0.24425945067188742,13,5.0615694909600935
58,2009,-2.4523744588007226,1.5286790405673887,-0.48338302142192613,13,3.9810534993681115
58,2010,-1.6773711001304297,2.3026102596694784,-0.34509063716068245,13,3.979981359799908
58,2011,-1.5241321137449604,1.4321951161294328,-0.12654156282259427,11,2.9563272298743932
58,2012,-0.8277736250160234,0.5613865887809159,-0.06011054846813626,10,1.3891602137969392
58,2013,-1.5038359842706677,0.913951159570054,-0.20357134399031476,12,2.4177871438407217
58,2014,-1.5174209517941013,1.3346883225584592,-0.23946543659094044,12,2.8521092743525607
58,2015,-1.4928573162181287,1.3927008963803726,-0.12139355102208133,11,2.885558212598501
58,2016,-1.770791281541756,0.8819749156601919,-0.2967276561382586,10,2.652766197201948
58,2017,-1.4764193352868649,1.9730084107588441,-0.11378050980714112,11,3.449427746045709
58,2018,-2.3687437047418833,0.617328150135538,-0.3265778422011108,10,2.986071854877421
58,2019,-1.153039366576012,1.2256540407105194,-0.05886546576795724,11,2.3786934072865313
58,2020,-0.9895707694966173,0.8507616973193536,-0.27244126753664494,11,1.8403324668159708
58,2021,-0.7103453487995022,0.7285448912578812,-0.11268230886629597,12,1.4388902400573835
59,2009,-1.3317228332427975,1.7342956481354346,-0.08029167322978474,12,3.066018481378232
59,2010,-1.1607687697127664,1.717432639583159,0.2591981987899627,13,2.8782014092959254
59,2011,-1.5202297899798807,2.01773367078198,-0.08068971769942071,11,3.5379634607618606
59,2012,-1.4105162362263342,1.1950807599989188,-0.17675608588472025,11,2.6055969962252528
59,2013,-2.20425264713903,1.3691221796524629,-0.10133005550112047,12,3.5733748267914924
59,2014,-2.043407398571342,1.0178546982004844,-0.16510854999617683,14,3.0612620967718263
59,2015,-1.5719548742827036,1.239449812811873,-0.19519406086179006,12,2.8114046870945764
59,2016,-1.395112608155899,1.5708970617547238,-0.049699924731515854,11,2.9660096699106226
59,2017,-1.6661765846975873,1.5319642104110425,-0.21846310952824047,12,3.19814079510863
59,2018,-2.1014558988015826,1.4021770438566745,-0.2937020526393469,11,3.503632942658257
59,2019,-1.169576826404397,0.5858180399507047,-0.09134313582590022,12,1.7553948663551018
59,2020,-1.6858909093492696,1.164478723765901,-0.17032438825455434,11,2.8503696331151707
59,2021,-0.9834411511966625,1.4174838682416817,0.06050177706855058,9,2.4009250194383442
61,2009,-0.660153884713707,1.5483911295917903,0.1506956847502761,12,2.208545014305497
61,2010,-1.504304869411527,2.2580514673031087,-0.17091341957703443,11,3.7623563367146358
61,2011,-1.5503915007474771,1.8909451946186147,-0.24029430760936646,11,3.4413366953660915
61,2012,-2.0913703153127314,1.4284619119062283,-0.33259722934123825,12,3.5198322272189597
61,2013,-1.2900722496191386,2.1061927807471053,-0.21608467258437422,12,3.396265030366244
61,2014,-1.6869360024361417,1.2828571901693306,-0.07441134374288284,14,2.969793192605472
61,2015,-2.518835441314084,1.0622773259672942,-0.2572316687983188,12,3.581112767281378
61,2016,-1.5383377997220178,2.0839594893651405,-0.254780666043016,11,3.6222972890871583
61,2017,-2.0007030426253043,2.379858680297921,-0.147899779855477,12,4.380561722923225
61,2018,-1.7238561704348345,1.8974197568420348,-0.19738030452952002,13,3.6212759272768693
61,2019,-2.023224752783899,1.4391163962159401,-0.14377381577308965,14,3.4623411489998395
61,2020,-1.2093146559956838,2.1947558041336266,0.25537454440107277,13,3.4040704601293106
61,2021,-2.3122033822919357,2.301354112689106,0.26256805426460006,12,4.613557494981041
62,2009,-1.7033867561971936,1.4643299348336762,-0.05939429883620456,12,3.16771669103087
62,2010,-0.525113862464266,1.599693968548389,0.2822501387964887,12,2.124807831012655
62,2011,-1.3741958698927532,1.6160956937559878,-0.006462286426503483,11,2.990291563648741
62,2012,-1.327783573196223,2.1971142434063196,0.3963990455634193,10,3.5248978166025426
62,2013,-1.4737043969330812,1.9862977887759719,0.13492701745300736,12,3.460002185709053
62,2014,-1.2571577618662626,2.0866483177044084,0.20314086242634227,13,3.3438060795706708
62,2015,-0.8220254651938499,1.861141529565382,0.2859455232125691,12,2.683166994759232
62,2016,-2.0526555429831452,2.523279308967461,-0.00816513057878284,13,4.575934851950606
62,2017,-1.557396172669319,1.5301247521142718,-0.21059950508315933,11,3.0875209247835906
62,2018,-0.848472747585008,1.8718047707332697,0.017871732305372864,11,2.7202775183182775
62,2019,-1.1332123577763384,2.090378891107931,0.32204258945471265,13,3.2235912488842695
62,2020,-0.7070879541405718,0.9326708495669404,0.12229488870959948,12,1.6397588037075121
62,2021,-1.5156125844916435,2.0845113792795904,-0.12899296774925756,12,3.600123963771234
66,2009,-1.3456612862970008,2.701989189165435,-0.12632233974453835,13,4.047650475462436
66,2010,-0.8991732736209521,1.4085469939279143,0.1631188375172856,13,2.3077202675488664
66,2011,-0.6551873494315953,1.4274182804085438,0.23175653307609306,10,2.082605629840139
66,2012,-1.193368707027062,1.2855959628588471,0.41382200489375276,10,2.478964669885909
66,2013,-1.7379807401860898,2.129675589472778,0.29388402828354837,12,3.8676563296588675
66,2014,-1.1178864896640746,1.9870020003280826,0.38291069435258596,12,3.104888489992157
66,2015,-0.920391260910965,1.7110114369569305,0.3444968824487891,13,2.6314026978678955
66,2016,-1.6472707104613464,2.411535771707893,0.3007903814534025,10,4.058806482169239
66,2017,-0.9026199444775725,1.4542586072527948,0.21521780899683035,10,2.356878551730367
66,2018,-1.3742890732131547,1.4525066217769875,-0.03459279869924098,10,2.8267956949901425
66,2019,-1.0026461914876326,2.0403386321124666,0.3145454021161458,12,3.042984823600099
66,2020,-1.8961100085729063,1.333659520039725,-0.07676104572562488,12,3.229769528612631
66,2021,-1.5872702821859004,1.5529292701046449,-0.25013837087165364,12,3.1401995522905453
68,2009,-0.5397808610809969,1.8873841097691573,0.3725944141561236,11,2.4271649708501544
68,2010,-0.7370808621197213,1.4004329579352421,0.5426919119363913,11,2.1375138200549637
68,2011,-0.9083127813040901,1.398694980710685,0.2987605661721791,12,2.3070077620147753
68,2012,-0.6746849170860816,1.0552709477287538,0.25359548237190094,12,1.7299558648148354
68,2013,-1.8944083077647917,2.156628330705766,0.057275531831526595,12,4.051036638470558
68,2014,-2.5384534661263918,1.7583916983553303,0.0950747771296885,13,4.296845164481722
68,2015,-1.8439678371753547,2.755033403383941,0.19873676367101092,14,4.5990012405592955
68,2016,-0.40822257910339715,1.5732132176133276,0.28565506736035373,11,1.9814357967167247
68,2017,-1.1582063702241425,1.6564038821561353,0.12255187214615199,12,2.8146102523802776
68,2018,-1.1281086743661979,2.553235701590437,0.08342775471943022,13,3.681344375956635
68,2019,-1.4796890579248747,1.6452421787351936,0.19374071493873968,9,3.1249312366600686
68,2020,-1.305787581775762,1.776306412735538,0.21507786467099094,10,3.0820939945113
68,2021,-1.4725615979712983,1.6771184472807483,0.2704075902037086,11,3.1496800452520466
70,2009,-1.4225163677208703,1.4251761497095075,-0.08809415307763556,11,2.847692517430378
70,2010,-1.4929925888321918,1.3573498316059234,0.011155131122246078,12,2.850342420438115
70,2011,-1.525455375128066,1.2004577927600573,-0.010170166027398037,10,2.725913167888123
70,2012,-1.2747856795800463,1.1760259355404474,0.17495526937311423,12,2.450811615120494
70,2013,-1.1886108696177742,1.7770432257045752,-0.14909966359613233,11,2.9656540953223494
70,2014,-1.6553983185957621,2.2286881024967253,-0.1783517161424461,11,3.8840864210924875
70,2015,-2.1242284701233323,2.004148805564499,0.09138989880508043,13,4.128377275687831
70,2016,-1.2437006172035916,1.9139927162033037,0.20578863972391453,14,3.157693333406895
70,2017,-1.3164058831174676,2.380585534725354,0.023781482666282657,14,3.696991417842822
70,2018,-1.1798336588385971,2.3441703513494265,-0.019235233003163908,11,3.5240040101880235
70,2019,-1.9849748456978378,1.7140825078828978,-0.23673407797291887,12,3.6990573535807356
70,2020,-2.390214728970343,2.749955294526834,-0.23315164990586584,13,5.140170023497177
70,2021,-1.462153667164182,1.6507366667514447,-0.3376050504333557,12,3.112890333915627
71,2009,-1.1986341740078588,1.3397605395864596,0.05445684958105639,11,2.538394713594318
71,2010,-1.5375928771013418,1.2242449665218818,-0.060715525901340196,12,2.7618378436232236
71,2011,-2.074409794413082,1.7829458886180138,-0.2802011078990569,11,3.8573556830310958
71,2012,-2.5167394981848905,1.4992888190117775,-0.5087320350327939,12,4.0160283171966675
71,2013,-1.4912721193191085,1.4284803535307469,0.08038064784967372,13,2.919752472849855
71,2014,-1.9641226768144784,1.5996518783040368,-0.5444606845619517,14,3.563774555118515
71,2015,-1.422900267427964,1.3012882843092277,-0.26425135212179435,12,2.7241885517371918
71,2016,-1.7983056966262279,0.3304584930041777,-0.6401645948236836,12,2.1287641896304055
71,2017,-0.8043761281692082,0.6700924781442706,-0.06929689734769262,12,1.4744686063134789
71,2018,-1.4496117238404536,0.994779248302535,-0.18752802931449283,12,2.4443909721429886
71,2019,-1.9380843121189546,0.9469292377633606,-0.3214967965568704,12,2.885013549882315
71,2020,-1.2939834926697402,1.4821921375242326,0.024675163658458787,16,2.776175630193973
71,2021,-1.3716847301484778,1.355472503124915,0.010753649249623597,13,2.7271572332733927
77,2009,-1.3739890231150134,1.286204724666515,-0.2341864279822866,12,2.6601937477815283
77,2010,-0.9218840235840366,1.6631336928023495,-0.10256114730736253,12,2.5850177163863863
77,2011,-2.011434793909309,1.5728267191382381,0.026412565979007867,13,3.5842615130475473
77,2012,-2.2331600429367846,2.0476928050374665,-0.24114113811986446,12,4.280852847974251
77,2013,-2.0505338916222993,1.091313290393384,-0.3269677311986108,14,3.1418471820156832
77,2014,-1.8670896210859815,0.966218822385128,-0.4755411525797886,10,2.8333084434711093
77,2015,-1.1504402992816374,0.8531461265337777,-0.14684823617127493,12,2.0035864258154152
77,2016,-1.2987912563689068,1.3789299891683722,0.1546574663275282,11,2.677721245537279
77,2017,-1.4375835051136472,1.0991302721035976,0.027930659521787228,10,2.536713777217245
77,2018,-1.3046198378322218,1.1787523480489777,-0.08016515269462555,10,2.4833721858811995
77,2019,-1.9499459834190243,1.032324411720921,-0.407940586842958,11,2.9822703951399454
77,2020,-1.6715169538467987,0.8141640838830716,-0.20230008592708842,10,2.4856810377298704
77,2021,-1.0874055853776885,0.9491040869146418,0.1697990940256666,10,2.0365096722923304
79,2009,-1.5369450445075206,0.8042337260962539,-0.14764934722995177,11,2.3411787706037743
79,2010,-1.8755533502424393,1.144177641609694,0.10069775956045932,11,3.0197309918521333
79,2011,-2.4407843528994757,1.1795350907720044,-0.27434739045256523,12,3.6203194436714803
79,2012,-1.766087998998727,1.098023310996215,-0.18991331080239007,13,2.864111309994942
79,2013,-2.0625973465900125,1.8297530450035435,-0.3156116013141636,12,3.8923503915935562
79,2014,-1.5858866889067622,2.0679342526275666,-0.14539803538164345,12,3.653820941534329
79,2015,-1.681843973272713,1.405407142831579,-0.3341574249198076,12,3.087251116104292
79,2016,-0.8856386008749368,1.9543151963137084,0.01815522950056661,12,2.8399537971886453
79,2017,-0.46816252914421175,0.5471906493842653,-0.018357945419174026,10,1.015353178528477
79,2018,-1.3333996343011925,0.973255163705093,-0.19171756009461507,11,2.3066547980062855
79,2019,-1.099246088155888,1.7229741238713778,-0.0042399932828419695,10,2.8222202120272657
79,2020,-2.327328673647033,1.3812671450987648,-0.3886040463953763,12,3.7085958187457977
79,2021,-1.723508374098438,1.3319446568208315,-0.09931141157435987,11,3.05545303091927
82,2009,-1.0105731312889294,1.5081710504508639,0.03539961740658024,12,2.5187441817397933
82,2010,-1.573918903745898,1.209946329285595,-0.32642816279683806,14,2.7838652330314932
82,2011,-2.074409794413082,1.1708933476375574,-0.4464642853213022,13,3.2453031420506395
82,2012,-1.3433072695720376,2.5417048386732186,-0.08229431184317372,14,3.885012108245256
82,2013,-0.965283795616752,0.7712036350997036,-0.1519446553104098,12,1.7364874307164557
82,2014,-2.0795624484489577,1.3064212846583072,-0.2694200760050099,15,3.385983733107265
82,2015,-1.200153531033378,1.450390467455917,-0.11891613201706959,14,2.6505439984892947
82,2016,-1.3486398876896064,1.767153994389185,-0.13315768829552535,13,3.1157938820787914
82,2017,-1.847124986940307,2.898244742757681,0.19744377352007683,12,4.745369729697988
82,2018,-1.6494965178479828,1.361608543847577,0.04551679691498434,11,3.0111050616955595
82,2019,-1.4663061056108513,1.3379330334522093,-0.04999209389717885,11,2.8042391390630605
82,2020,-0.5822406384251766,0.7419945650176042,0.0903611606346035,11,1.3242352034427807
82,2021,-1.5759694266355515,1.621679924249032,-0.17399248626353034,12,3.197649350884584
84,2009,-2.4523744588007226,1.3114628143091758,-0.6081377124629541,13,3.7638372731098984
84,2010,-2.5450346827103725,2.8910910220503236,-0.3814830364108351,14,5.436125704760697
84,2011,-1.4134460934734832,2.07283308491692,-0.0009633506845555052,14,3.486279178390403
84,2012,-2.3395023386548246,2.1560965985375606,0.2627751155657634,13,4.495598937192385
84,2013,-1.6162495127846188,2.22998393750457,0.1428372651255708,13,3.846233450289189
84,2014,-1.7786153159256175,1.6248702488241111,-0.13302319563089157,14,3.4034855647497286
84,2015,-1.7810919734357216,1.9247821907904727,0.20073908409494803,12,3.705874164226194
84,2016,-1.8041241571638043,2.639191567530263,0.37194023233296564,12,4.4433157246940675
84,2017,-2.023227824125771,2.983947678311219,0.6317025800350896,13,5.00717550243699
84,2018,-1.5914170141754735,1.8899567439719998,-0.0032564729881778276,12,3.4813737581474733
84,2019,-2.250059595031348,1.6335542954644164,-0.11204292213543429,13,3.8836138904957647
84,2020,-0.7630732975107042,1.4343741029590094,0.13167965301546214,11,2.1974474004697138
84,2021,-1.5027087078953596,1.9542468073175019,-0.17002391551835458,10,3.4569555152128615
85,2009,-1.3084899006944544,2.0895637890386265,0.1063993664764377,10,3.398053689733081
85,2010,-1.401203681312619,2.829978233418578,0.36085236092770084,11,4.231181914731197
85,2011,-1.5344676161807336,1.9315042376325036,-0.14193378628186404,12,3.465971853813237
85,2012,-1.1155233663707191,2.742219344746296,0.11913497535643337,11,3.857742711117015
85,2013,-2.2827956112673404,1.922471552695046,-0.041017438850078435,12,4.205267163962386
85,2014,-0.8874221663550286,1.353075536504055,0.194049782150627,12,2.2404977028590833
85,2015,-1.7475581794412505,0.9582341818831172,-0.05448706930807331,13,2.7057923613243675
85,2016,-1.0367578951132363,1.7155289082755316,-0.06486540584576111,11,2.7522868033887677
85,2017,-1.1927489235868396,1.5528537162688243,0.03163680786876608,12,2.745602639855664
85,2018,-0.881728079997418,1.034883412910891,0.002077127995529411,11,1.916611492908309
85,2019,-2.0510706851425513,2.046466010764972,0.29266624098670846,12,4.0975366959075235
85,2020,-2.704645005586894,2.49276892046083,-0.36879719977899456,12,5.197413926047724
85,2021,-2.6382498483683343,2.582469785269611,-0.4757661748562993,13,5.220719633637945
87,2009,-0.848435859875874,3.1534510266648654,0.587664212386743,9,4.001886886540739
87,2010,-1.0285776104535356,3.0119601589677014,0.46428270841300573,10,4.0405377694212365
87,2011,-0.7918087109820944,1.8393345505391125,0.31222607160095095,12,2.631143261521207
87,2012,-0.18574607022925396,1.2024335051746426,0.2741319792060505,10,1.3881795754038966
87,2013,-1.943571257575241,1.3227645963194203,0.08739191348672239,11,3.2663358538946614
87,2014,-0.8968902953839201,1.8230531056349617,0.23539900108614212,10,2.719943401018882
87,2015,-0.9444756696561349,1.9484297613033468,0.3524118718039447,13,2.8929054309594817
87,2016,-1.2029853132026076,1.229785067425435,0.15927054665898813,11,2.4327703806280425
87,2017,-1.1139515870034993,1.7940211764195149,0.08900652076931863,11,2.907972763423014
87,2018,-1.288578271735354,2.270200542205957,-0.042718145561710386,12,3.558778813941311
87,2019,-0.95404602920168,1.2676581623295646,0.09103525330642581,12,2.2217041915312445
87,2020,-1.7547577363676639,1.5024507192509422,0.21168071417586862,10,3.2572084556186063
87,2021,-1.248317997854336,1.035398897415423,-0.004915584436369169,10,2.283716895269759
91,2021,-1.462153667164182,1.8005647710150798,0.1723260676457605,12,3.2627184381792618
93,2009,-1.1576957157289083,1.1611627028829696,0.243654321602099,11,2.318858418611878
93,2010,-1.3540436330369605,1.737766965492207,0.4286495416166361,12,3.0918105985291673
93,2011,-1.2179497875617709,0.981528109343449,0.11838062737510112,11,2.1994778969052198
93,2012,-0.8789544090514435,2.272489071562801,0.32399411286188246,10,3.151443480614245
93,2013,-1.1986365180654088,2.559924472475044,-0.07703923376226149,12,3.758560990540453
93,2014,-1.555805632784037,1.6707760704362755,0.10664195214299813,10,3.2265817032203126
93,2015,-1.539906608937026,2.8081834446406475,0.4113707784738507,11,4.348090053577673
93,2016,-1.561279988411268,1.081192949170917,-0.10179813847319963,11,2.642472937582185
93,2017,-1.4041596357903745,2.1585435828232673,0.31100115688950347,11,3.562703218613642
93,2018,-1.2632100540008069,2.103086618597991,0.2554024191343173,12,3.3662966725987977
93,2019,-1.5102733672297761,2.872883776474595,0.3878486116319304,12,4.383157143704372
93,2020,-2.1440098897328554,1.8920061639344727,0.11133057741113483,12,4.036016053667328
93,2021,-1.2790820917880639,1.8482808187218684,0.44992388128413996,14,3.127362910509932
94,2013,-1.4789117177675746,1.88388817676847,-0.13819945131440306,12,3.3627998945360447
94,2014,-1.3177595857164037,1.51064974680029,0.08253833925164257,12,2.828409332516694
94,2015,-0.7431040709556995,2.0589879191395366,0.23928449496793602,15,2.802091990095236
94,2016,-2.089277413551394,2.414338360424287,-0.11040818264616137,12,4.503615773975682
94,2017,-1.2100604596543916,1.823679937278428,0.04420968891743706,12,3.03374039693282
94,2018,-0.7830719340526352,1.8394275776503106,0.4296105666847336,11,2.6224995117029457
94,2019,-1.8150189282673697,2.386161215750541,0.2908708997021883,11,4.20118014401791
94,2020,-1.1861768404630635,1.99026579681325,0.11900604446474561,12,3.1764426372763133
94,2021,-1.9820222690008,1.434140131388393,-0.46539382019130365,13,3.416162400389193
96,2009,-1.4637106913640645,3.2355725729353737,0.07394467134728257,13,4.699283264299439
96,2010,-1.39735239847963,2.874219104344085,0.18335651564651959,13,4.271571502823715
96,2011,-1.760374458567601,1.6516567027851485,-0.04076528533506486,10,3.4120311613527496
96,2012,-2.5167394981848905,1.248823760027666,0.01701590804257711,10,3.7655632582125564
96,2013,-0.6346749548537197,1.2620125681856598,0.403098852260079,9,1.8966875230393794
96,2014,-1.8168757174816634,1.4297442700295981,0.16501643033611538,12,3.2466199875112616
96,2015,-2.0946329472840257,1.6099315515512915,0.20277899550423406,13,3.7045644988353175
96,2016,-1.4962870008152784,2.0479940123159732,0.07158931956692714,11,3.5442810131312514
96,2017,-1.1622806201079479,2.3165467449640693,0.336875829933567,12,3.478827365072017
96,2018,-1.7525932429963844,1.2436374030110058,0.0048837954520167814,11,2.9962306460073904
96,2019,-0.6346775871437375,1.6125185639659287,0.2975074749308687,10,2.2471961511096663
96,2020,-0.6809571206187448,1.432863204613097,0.1733564560739889,9,2.113820325231842
96,2021,-1.3093537696061621,0.9649095396709124,0.1231074601070437,11,2.2742633092770745
97,2009,-0.6101438362479433,1.450245675817665,0.4016290320800142,13,2.0603895120656084
97,2010,-1.422856449240313,1.854414073507473,0.3021721497286761,14,3.277270522747786
97,2011,-0.6617374081123116,1.5542429765500603,0.39806016830504565,13,2.215980384662372
97,2012,-1.2717565239249125,2.0469585450552406,0.11785113092452251,16,3.3187150689801532
97,2013,-1.2010922504981558,2.729283898087052,0.2083741835824678,11,3.930376148585208
97,2014,-1.4561590009341638,2.5374828747462317,0.32214110910509863,14,3.9936418756803955
97,2015,-1.344941747142853,1.6221889051698206,-0.2591169578168266,14,2.9671306523126737
97,2016,-1.570626806025407,1.2453853779051614,0.17683315189043766,13,2.8160121839305683
97,2017,-0.9924146815402424,1.2344135717859297,0.4015010132999756,13,2.226828253326172
97,2018,-0.3808674684861972,1.5579571534356267,0.44836975367801774,11,1.938824621921824
97,2019,-1.3080038874075537,1.7272421516102408,0.09712997157718622,11,3.035246039017794
97,2020,-0.8953822663670694,1.9125153720982455,0.16210335895316993,12,2.807897638465315
97,2021,-1.75617771246522,1.0450920487268587,-0.2705826697704375,12,2.8012697611920787
98,2009,-1.8486645433401194,1.7393286487523607,0.07447857774692308,12,3.58799319209248
98,2010,-1.3257448713438655,1.6120813901531483,0.12521715707955436,11,2.9378262614970136
98,2011,-1.9332885432841727,1.6978562186263237,-0.013599223938017806,13,3.6311447619104964
98,2012,-1.5316740220598903,0.8176562942928407,-0.02865725498959727,12,2.349330316352731
98,2013,-1.3957387691146508,1.4003896578376942,0.01098429720652594,14,2.796128426952345
98,2014,-1.0096347280887377,1.7344582511244113,-0.09409202935975937,15,2.744092979213149
98,2015,-2.149963707374903,1.8144585107983937,-0.09163563975681469,14,3.964422218173297
98,2016,-0.9886106840021316,1.5729245302127826,0.38073676005398266,10,2.5615352142149144
98,2017,-2.242039987273158,1.0760028085951043,-0.22893936920824132,12,3.318042795868262
98,2018,-2.1723554039887354,1.031436790501171,-0.0026676512461041245,10,3.2037921944899064
98,2019,-2.2842803686462654,1.1756407896441123,-0.3220397654246402,13,3.4599211582903777
98,2020,-1.369199561080645,1.9178157513631808,0.17813610927954424,10,3.2870153124438257
98,2021,-1.221150351343659,2.140763776313169,0.1906852107069338,11,3.361914127656828
99,2009,-1.7658023980808213,3.0032895505756994,0.10615896714653356,12,4.769091948656521
99,2010,-1.7531750421569032,1.2448628516753288,-0.34447744020851406,11,2.9980378938322323
99,2011,-1.9061765787815743,0.9327518281559262,-0.28976743136724864,12,2.8389284069375007
99,2012,-1.4661909109461437,1.1440134695633883,0.08288025107735043,11,2.610204380509532
99,2013,-0.8792196377465307,1.4352906480363998,0.1940553237576588,11,2.3145102857829305
99,2014,-1.1883278273398918,1.6202347464075617,0.11970061002689913,11,2.8085625737474533
99,2015,-1.7702428047904513,1.5658063476207331,-0.12270865923421015,11,3.336049152411184
99,2016,-1.6890198291378336,1.8493989328669331,0.1744921991895898,12,3.538418762004767
99,2017,-2.055198481739336,1.5598260841535074,-0.3253555157984912,19,3.6150245658928433
99,2018,-0.9411838321061857,1.5379105679901037,0.15588611954444653,14,2.4790944000962893
99,2019,-1.382768308534894,1.4620323486463493,0.21502948646173478,11,2.8448006571812434
99,2020,-1.2049018565514846,1.408880984376022,0.2070883279137852,11,2.613782840927507
99,2021,-1.093300880256967,2.939261047484218,0.07741225728810329,12,4.032561927741185
103,2009,-1.8702807551468932,1.7156978880220042,0.16181293179110562,11,3.5859786431688976
103,2010,-1.9871795090112796,1.473576558770245,0.1536235163249556,10,3.4607560677815243
103,2011,-2.09529906287287,1.942321245470973,-0.28911026758286623,12,4.037620308343843
103,2012,-2.5167394981848905,0.693262995242125,-0.596954890889144,13,3.2100024934270155
103,2013,-1.2082383027416512,1.4883378411246377,0.029198963255005157,10,2.696576143866289
103,2014,-1.053315263461242,1.630175833768201,-0.2062441803810927,12,2.6834910972294432
103,2015,-2.518835441314084,1.8852602192969887,-0.6276098550633779,12,4.404095660611073
103,2016,-1.2025107507188872,1.2745842494104702,-0.39923538346767523,12,2.4770950001293572
103,2017,-1.115800912249843,1.7580810879277147,0.029543319072909035,12,2.8738820001775576
103,2018,-1.367461798476493,2.0021640309268878,0.14094217756578406,11,3.3696258294033807
103,2019,-2.1804195322279045,1.3667148387042174,-0.2954938425638832,12,3.547134370932122
103,2020,-1.5089242353549404,0.7774246592877984,-0.25808323784141957,12,2.286348894642739
103,2021,-1.0275094262843865,1.4023259888974655,0.11775910637248234,12,2.429835415181852
104,2009,-1.7528482082559174,1.748286149322168,-0.15692869892124042,11,3.5011343575780853
104,2010,-2.235610537452084,2.15944590984787,-0.39111202394231376,12,4.395056447299954
104,2011,-2.502639797838737,2.2338885921763394,-0.40850536294933276,11,4.736528390015076
104,2012,-1.5351183069414462,2.434731249613366,-0.18492711346129334,11,3.9698495565548124
104,2013,-1.364323128060102,0.9663139133312351,0.023146666181670283,10,2.330637041391337
104,2014,-0.6665605231838593,0.9461712616865627,0.18180073632049626,10,1.6127317848704221
104,2015,-1.8431146543635484,2.500666738848666,-0.25321836469248343,12,4.343781393212215
104,2016,-1.0139276973478248,2.2142501515999915,0.257045935102333,13,3.2281778489478166
104,2017,-1.3374733651115747,1.6284987927759123,-0.01731215500220136,16,2.965972157887487
104,2018,-1.2993014762926667,2.3012718137648442,0.16488033170172087,13,3.600573290057511
104,2019,-1.4960162008052293,2.379812701961396,-0.03489536170079665,12,3.8758289027666253
104,2020,-1.1004497726578675,2.1425312653145885,0.08523257923800057,10,3.2429810379724557
104,2021,-1.2142198776130362,1.6183227032442893,-0.07718848166040154,12,2.8325425808573255
107,2009,-1.9374454132607966,1.2878085767400744,-0.09019103909824826,12,3.225253990000871
107,2010,-1.059798785470588,1.5752346144626583,-0.03002205306408736,11,2.6350333999332465
107,2011,-2.502639797838737,1.8686235117773724,-0.17093358515448834,12,4.3712633096161095
107,2012,-0.9056414383457658,1.5726051462451849,-0.04395734514322941,12,2.4782465845909507
107,2013,-2.1051066640952882,1.9509377205622864,-0.3496583884162268,12,4.056044384657575
107,2014,-1.3430983273959054,1.4258960502593412,-0.10365283405713098,11,2.768994377655247
107,2015,-1.5848116012479,1.5141083135390465,0.10774081175219763,12,3.0989199147869466
107,2016,-1.4239722225571103,0.9314697291089021,-0.33082761044719433,12,2.3554419516660126
107,2017,-1.4948498987589005,0.7641532174588666,-0.4299738037822005,9,2.259003116217767
107,2018,-1.0080057835912608,0.659939550880356,-0.18755416629113986,11,1.6679453344716169
107,2019,-1.660443239660611,0.7491553548538601,-0.28351641396280997,11,2.4095985945144713
107,2020,-1.826408715726873,1.8356883874552603,-0.22540330240777137,12,3.662097103182133
107,2021,-2.2160614756283823,1.4780867858461992,-0.26778754078056577,10,3.6941482614745818
108,2009,-0.3611641454153345,1.7473340233874757,0.1792444231337627,11,2.10849816880281
108,2010,-1.4929925888321918,1.7488305836220088,0.24612421734874146,12,3.2418231724542004
108,2011,-2.011434793909309,1.31891483500478,-0.21904800490398912,12,3.330349628914089
108,2012,-0.4765995323711774,1.460884913838214,0.28300993685288434,10,1.9374844462093914
108,2013,-1.6747869336115557,1.1786052715700486,0.12130089718439097,9,2.8533922051816045
108,2014,-1.7678628892718329,1.6774227220843558,0.18753135658953907,13,3.445285611356189
108,2015,-1.72962149893258,1.5913984328800754,-0.3213987139942654,14,3.321019931812655
108,2016,-1.5625084272976977,1.49882194133381,-0.0911972538543631,11,3.0613303686315074
108,2017,-1.671331237665656,1.5413499598996787,-0.1329223160965334,14,3.2126811975653347
108,2018,-1.6590236079607064,1.9812797978795016,-0.12693721927550652,13,3.640303405840208
108,2019,-1.0599314945528657,2.920488365205274,0.06488387709095446,14,3.9804198597581397
108,2020,-1.5726960097673113,2.844434568891786,0.2637147026754573,15,4.417130578659097
111,2009,-2.1472313207029887,1.7219836703762792,-0.15629711092318013,12,3.869214991079268
111,2010,-2.2213294230555474,1.0478216782315817,-0.39493809579945827,14,3.269151101287129
111,2011,-1.6282434557654093,1.2500387280028007,-0.2468775066338513,12,2.87828218376821
111,2012,-1.6660011324405721,1.0065204003521855,-0.2543792700840223,11,2.6725215327927576
111,2013,-1.7157947131297067,1.3985560313395329,0.04217518248570799,11,3.1143507444692395
111,2014,-1.0835916860477635,1.63606981178752,-0.15379144233172617,12,2.7196614978352835
111,2015,-1.306828315513917,1.610498134348535,0.08283454937681181,10,2.9173264498624523
111,2016,-1.6423539660132274,1.3166353060066822,-0.07489473899581042,13,2.9589892720199096
111,2017,-1.2219207035134378,1.8565428374654633,-0.04530141547593834,11,3.078463540978901
111,2018,-2.6117326192330657,1.5817580464027492,-0.05073430953615385,12,4.193490665635815
111,2019,-1.6414660027056003,1.4442004588261894,0.062230278298525524,11,3.0856664615317895
111,2020,-1.6858909093492696,2.4203581820076208,-0.22839672052758972,12,4.10624909135689
111,2021,-1.49192825403011,1.801424406660634,-0.3278506597980859,11,3.293352660690744
113,2009,-1.5369450445075206,2.170873374536168,0.02406610037690322,10,3.7078184190436887
113,2010,-1.8436732867915855,2.79368639070129,-0.08878214576430665,12,4.637359677492876
113,2011,-1.7208922596702003,2.5508596014172253,0.04721910804062351,12,4.271751861087425
113,2012,-1.1734683943780722,1.6150417204184218,0.5995071169758485,12,2.7885101147964937
113,2013,-1.0551265217149808,1.5228196790598725,0.41733078087599,10,2.5779462007748535
113,2014,-1.5610548199279597,2.323606125932134,0.33736309808101894,11,3.8846609458600936
113,2015,-1.6501613921057732,1.0497741840141024,-0.013754127289989603,11,2.6999355761198753
113,2016,-1.7572082158671427,1.8654937948493355,-0.0661835637000274,10,3.6227020107164782
113,2017,-1.7339622090671512,1.8174111721346733,0.06334985357257646,12,3.5513733812018247
113,2018,-1.6094033469569378,2.268549223518925,-0.1276179276649905,11,3.8779525704758626
113,2019,-1.3659674107989475,2.177670215116245,-0.09347665577135841,14,3.543637625915192
113,2020,-2.1740439137964644,2.1719906053339493,-0.14947939520279607,13,4.346034519130414
113,2021,-1.8378510583821752,2.1559560645116,0.030068023290604026,11,3.993807122893775
116,2009,-1.2197883970358598,1.1033461082960307,0.013389014899092565,10,2.3231345053318906
116,2010,-1.1901319860490793,1.0453828672344723,-0.07133355793655685,12,2.2355148532835516
116,2011,-1.659156457757901,1.3633255108650966,-0.23355814840379774,11,3.022481968622998
116,2012,-1.6660011324405721,1.182122961573015,-0.13718634046430475,11,2.8481240940135875
116,2013,-1.236853854050034,1.4215248884796488,0.17645897356016724,11,2.658378742529683
116,2014,-2.5384534661263918,1.79117074765425,-0.07139930156309335,13,4.329624213780642
116,2015,-1.6618607058998247,2.7836957340616477,-0.008441294879491452,14,4.445556439961472
116,2016,-2.636164014037249,0.9725242972391038,-0.4288626066197765,12,3.608688311276353
116,2017,-1.5395657835606402,0.9182962473544781,-0.23161254301093345,11,2.4578620309151185
116,2018,-1.4928534315759927,2.239472051404579,-0.12211156643621286,10,3.7323254829805714
116,2019,-1.6201915212770883,1.2810284883660492,-0.2837137754351953,13,2.9012200096431373
116,2020,-1.9087433679012498,0.37988417593497176,-0.4442053205873329,12,2.2886275438362214
116,2021,-1.5027087078953596,1.215341894300591,-0.26595477694309577,11,2.7180506021959507
119,2009,-0.9243420633590328,1.1258186167759907,0.17891482559289135,11,2.0501606801350234
119,2010,-1.6098861548186565,1.1629379685811994,-0.04491642177704203,13,2.7728241233998556
119,2011,-1.4008396848581446,1.0839364213285168,0.1240791318459924,9,2.4847761061866613
119,2012,-1.7676616918691388,0.7057543114526789,-0.7769808166142397,11,2.4734160033218178
119,2013,-1.7922740106233657,1.518584108511687,-0.1832680564544925,10,3.3108581191350526
119,2014,-2.2518478480682047,1.6675442822783912,-0.1510846750221576,12,3.919392130346596
119,2015,-1.643496961569519,1.3921046255971874,-0.15131155898726323,11,3.035601587166706
119,2016,-1.3463031832860717,1.5550296350324113,0.05171308493105607,10,2.901332818318483
119,2017,-0.7870702472054437,1.4797390021241656,0.12926965064324944,12,2.2668092493296093
119,2018,-2.2416418110080336,2.659315727726282,-0.26080664123423475,12,4.900957538734316
119,2019,-0.9885688094365087,2.0542153425902,0.0728806071590144,12,3.0427841520267087
119,2020,-1.094148466819195,2.640669696894468,0.2530350973103894,13,3.734818163713663
119,2021,-1.1667092158471968,1.5627850705008195,-0.18437742626348466,12,2.7294942863480163
120,2009,-1.48309625543145,1.7215297384353072,0.0652588412296922,11,3.204625993866757
120,2010,-1.2060720177745063,2.3169027082837896,0.22219849335694766,12,3.5229747260582958
120,2011,-0.7281617211436776,1.919588913593524,0.4915734658780009,11,2.6477506347372017
120,2012,-1.7065124831903018,3.100576026825441,-0.20416154371624998,12,4.807088510015743
120,2013,-1.2797217306585058,1.3763751539805242,0.4292179434210229,10,2.6560968846390303
120,2014,-1.899198326718349,1.4373221202940372,-0.2976949109774681,12,3.3365204470123864
120,2015,-1.3280915984226918,1.8049634737392835,0.015202846218166598,11,3.133055072161975
120,2016,-1.615024189692567,1.8563214388514182,0.05530296163042847,12,3.471345628543985
120,2017,-0.40004583695374385,1.9763286910507758,0.2968144887767546,11,2.3763745280045194
120,2018,-0.7661739591690842,1.0689519215841912,0.1330294200604832,13,1.8351258807532753
120,2019,-2.083759388346187,1.1909068013797006,-0.3649598799332796,11,3.2746661897258873
120,2020,-1.4561718484329425,1.4876506309923332,-0.22688713046727768,14,2.9438224794252754
120,2021,-2.100166628209572,1.0639173914385769,-0.1800102574360899,12,3.164084019648149
127,2009,-1.9530493237317033,1.3444312982554187,0.34088747794376706,14,3.297480621987122
127,2010,-1.891338624378299,1.4705495509823905,0.10718694722990953,13,3.3618881753606895
127,2011,-1.2237366794999556,1.7423737189691448,0.02502153619496357,11,2.9661103984691004
127,2012,-1.7875351846897605,1.6435026321026223,0.16794078139157528,12,3.431037816792383
127,2013,-1.3524985200814315,1.1771808411598315,-0.025698217160350926,11,2.529679361241263
127,2014,-1.3248833919485836,2.240448141185202,0.08285245389139663,15,3.5653315331337856
127,2015,-1.7810919734357216,1.3569948326351138,-0.21163603397350206,13,3.1380868060708353
127,2016,-1.3607482650533773,2.196272337791106,0.20994792277531527,15,3.5570206028444833
127,2017,-1.3600576614011537,2.9456610793791107,0.1354153647454949,11,4.305718740780264
127,2018,-1.9360050199457886,2.657309476719994,0.03187895348312425,12,4.593314496665783
127,2019,-0.6272186411978182,2.460442321914366,0.28809771787509486,13,3.0876609631121843
127,2020,-0.6174186113615586,2.1292392265610176,0.32581880405813934,13,2.746657837922576
127,2021,-1.3285063738455283,1.2519144433069391,-0.10839879917079803,13,2.5804208171524676
130,2009,-1.344627940664411,2.9028876148145097,0.22827929896548904,12,4.247515555478921
130,2010,-1.4376219523122877,1.851804009833134,-0.15572490631365846,10,3.2894259621454216
130,2011,-2.2375450338133316,1.268296196014276,-0.18142665124583773,11,3.505841229827608
130,2012,-1.3566417267153656,1.1073180839445207,-0.12541056709338047,12,2.4639598106598863
130,2013,-0.9882842845342715,1.9652221841575006,0.2732972390806874,14,2.953506468691772
130,2014,-1.5174209517941013,1.4787236394432755,0.022559156098152313,12,2.9961445912373765
130,2015,-1.923463519868388,1.0194737336963267,-0.2908403442928984,13,2.9429372535647147
130,2016,-1.5964580110681184,1.5247421860962225,0.20507407431974123,13,3.121200197164341
130,2017,-1.917619832172765,1.41274402176254,-0.15500030906995307,12,3.330363853935305
130,2018,-1.1678627993626305,1.6281759907661397,0.15067755873158198,12,2.79603879012877
130,2019,-2.0767746227043844,1.457516792047649,-0.27950802862593693,13,3.5342914147520332
130,2020,-0.4678595647458024,3.2610321345433384,0.5861626132477026,12,3.7288916992891408
130,2021,-1.3716847301484778,2.015513806955988,0.20476711290527325,13,3.387198537104466
135,2009,-2.4523744588007226,1.849040861372155,-0.039142673089995,13,4.301415320172877
135,2010,-0.9220496343032619,1.5319213158375875,0.32536235151196313,12,2.4539709501408495
135,2011,-2.502639797838737,1.254206824072454,0.10066492297034606,12,3.7568466219111913
135,2012,-1.0294346629675508,1.6311391009665124,0.22985923617766338,12,2.660573763934063
135,2013,-1.120526918602522,1.615186516888678,0.15656344758726476,13,2.7357134354912
135,2014,-1.1677522825022209,1.0960135002684401,0.07943894599132899,12,2.263765782770661
135,2015,-1.5207119259492405,1.6329336491928717,0.056393556205835034,13,3.153645575142112
135,2016,-1.623463361794589,0.9434497643264839,-0.19670712837442172,12,2.566913126121073
135,2017,-1.6177817571173776,0.9146636941684383,0.019871953529729747,10,2.532445451285816
135,2018,-1.653408046715402,1.6218544149930918,0.02855039378964844,11,3.2752624617084938
135,2019,-1.7911753164617958,1.226931390024108,-0.28052491680200176,11,3.018106706485904
135,2020,-1.8556832587222067,2.3325280258102485,-0.23114860832976075,11,4.188211284532455
135,2021,-1.3767918475606546,1.8313692935078132,-0.038283544871264306,12,3.2081611410684676
139,2009,-1.6751230693064945,0.8461976455946169,-0.16879543005846356,10,2.5213207149011114
139,2010,-1.813179313055986,1.516468307060619,-0.2865965202596083,12,3.3296476201166048
139,2011,-1.161965589866215,0.9106052294657516,0.05276925980675068,10,2.0725708193319665
139,2012,-1.9300233838784642,1.518663013390101,-0.12240770865106675,12,3.448686397268565
139,2013,-0.5518816014025255,1.51033951224023,0.14729129130960564,11,2.0622211136427557
139,2014,-0.9504563599959764,1.3221669860753036,0.052934702651210516,11,2.27262334607128
139,2015,-1.334030470457063,1.0692805160943162,-0.16788156289358439,12,2.403310986551379
139,2016,-1.1272185411202666,0.8586460799766366,-0.18149527897727732,12,1.985864621096903
139,2017,-1.975488734975529,0.2855200984332597,-0.3927446048332873,10,2.2610088334087886
139,2018,-1.8034025609458657,0.3407351953376209,-0.17097937291083776,9,2.1441377562834867
139,2019,-1.968471515000032,0.8801011390091659,-0.16810993624025544,10,2.848572654009198
139,2020,-1.8339150088025995,1.9671563233134544,0.024219220728817995,12,3.801071332116054
139,2021,-1.148381738223522,1.992628865123016,0.27693883920770357,12,3.1410106033465377
140,2009,-1.7528482082559174,1.8748029571018303,-0.07307428616643272,11,3.6276511653577477
140,2010,-1.1302816782498346,1.2034928203974606,-0.0180753181553974,11,2.333774498647295
140,2011,-1.3097133597244115,1.8832998355991033,-0.06711405623564379,10,3.193013195323515
140,2012,-0.784626759065572,1.936734334233997,0.12240137186119802,12,2.721361093299569
140,2013,-1.4263142643567917,0.9804719995103028,-0.21763612719613196,14,2.4067862638670947
140,2014,-2.5384534661263918,1.7804931037391487,-0.2914751707016998,12,4.31894656986554
140,2015,-1.362659737815652,2.0562082793465475,-0.11973090634299513,14,3.4188680171621995
140,2016,-1.5772041961983194,1.1575189442101963,-0.08966907621802213,13,2.7347231404085157
140,2017,-1.2045685240743405,1.9587636133958894,0.12638606254623536,14,3.16333213747023
140,2018,-0.878276137193458,1.0956780625593592,0.03365325154283197,12,1.9739541997528172
140,2019,-1.0137289451181368,1.1606200448935655,-0.028426987216135544,11,2.174348990011702
140,2020,-1.1342212613866487,1.010422606300715,0.1216284388403922,12,2.1446438676873636
140,2021,-1.206480584293714,2.3729425758928375,0.41016710360394554,17,3.5794231601865514
142,2009,-1.5369450445075206,4.202093206638323,0.8125035977243268,14,5.7390382511458435
142,2010,-1.664255255277477,2.34220242821516,0.4798918558038945,13,4.006457683492637
142,2011,-1.05408626584277,2.128450471092047,0.5364179950860116,11,3.182536736934817
142,2012,-1.6660011324405721,2.006290896110776,0.1594682097379137,11,3.6722920285513485
142,2013,-1.3144932307753383,1.9147820783119964,0.3811275675929889,11,3.2292753090873347
142,2014,-1.897805613996327,1.8642071979906039,-0.22164885397993583,12,3.762012811986931
142,2015,-1.127451260895492,0.9126114849163259,-0.07412273086611659,11,2.040062745811818
142,2016,-1.5932978104511908,1.1448491556353682,-0.0361074921777103,13,2.7381469660865587
142,2017,-1.8782857518619007,0.9525460874358325,-0.06821887766584843,12,2.8308318392977334
142,2018,-1.287388060388589,1.9271169156022305,0.07886728676268329,12,3.2145049759908195
142,2019,-1.87041170935227,0.9547430133497588,-0.2068984829952961,11,2.825154722702029
142,2020,-1.2897087608124158,1.225945047191737,-0.056446121218034204,14,2.515653808004153
142,2021,-1.5282264863329547,1.7442559215924025,0.017842029657401438,11,3.272482407925357
145,2009,-2.4523744588007226,2.255548243278602,0.015295697257653266,12,4.707922702079324
145,2010,-1.0813239434015995,1.8492712358649246,0.2930853391450787,11,2.930595179266524
145,2011,-0.9599799059800508,2.409410241455546,0.407291797130904,11,3.3693901474355967
145,2012,-1.3146091987635713,2.0902489940517834,0.08536163341731279,13,3.4048581928153547
145,2013,-1.26281490152647,2.890525352358027,0.2358776544801244,12,4.1533402538844975
145,2014,-0.810962423600741,2.4552044840555167,0.3884383265599142,11,3.266166907656258
145,2015,-1.3543580067217664,2.3801595153817714,0.10830740027432662,12,3.7345175221035376
145,2016,-1.9826345264566525,2.870136115698307,-0.06032573217570002,13,4.85277064215496
145,2017,-2.563822580136962,2.1093051655480144,-0.15029950354405514,11,4.673127745684976
145,2018,-1.1063756452570221,1.4251083858149556,0.2716371053190214,9,2.5314840310719777
145,2019,-1.3903626537236176,1.7005766313465394,0.08424290882914383,11,3.090939285070157
145,2020,-2.3381866975877483,2.121698569319528,-0.4218996880638726,12,4.459885266907277
145,2021,-0.9340340443941644,1.1900361410140312,-0.10133196236644441,12,2.1240701854081956
147,2009,-1.3519781423044421,0.8182737645188082,0.07994232605359,11,2.17025190682325
147,2010,-1.1835684435739033,1.181505173524015,0.011185830007797515,10,2.3650736170979183
147,2011,-1.860294792700254,1.3285404332544877,-0.12678698885594492,12,3.1888352259547417
147,2012,-1.4696768941918834,1.2954653697303415,0.21884117546131876,11,2.765142263922225
147,2013,-1.0123671494008504,1.1624663931048391,0.2488633475592457,13,2.1748335425056897
147,2014,-1.2548697338229409,1.550960071225188,0.12515913977586282,11,2.8058298050481287
147,2015,-2.518835441314084,1.6744305916267246,-0.4337669950867782,12,4.193266032940809
147,2016,-1.7807589255809708,2.106650707299209,0.010412801768324239,11,3.88740963288018
147,2017,-1.2804338667383008,2.6945111206272334,0.09335667904684267,11,3.974944987365534
147,2018,-1.9000195264926196,1.7723246601093552,0.17430658933513624,12,3.6723441866019746
147,2019,-1.7276001284283429,2.4052144899681718,-0.08853431680595975,12,4.132814618396514
147,2020,-1.4918425100659125,1.5453977715655463,-0.36282874346634747,12,3.0372402816314588
147,2021,-1.7201078481717842,1.9181089777794775,0.1989524540568088,13,3.638216825951262
149,2009,-1.244007631933696,2.1712001243052956,-0.12640655184660943,11,3.4152077562389915
149,2010,-1.4494168808017347,2.0930003548170895,0.0634710660545143,11,3.5424172356188244
149,2011,-1.2322014992447166,1.529210567747661,-0.002303728565824984,12,2.761412066992378
149,2012,-1.2326061159293158,1.4743787608625287,0.03951792960899382,14,2.7069848767918447
149,2013,-0.7365932200939885,1.4114460128226143,0.1908480839701987,11,2.1480392329166027
149,2014,-1.937846104754456,1.711147790578905,-0.23486868450263407,12,3.648993895333361
149,2015,-1.554738863973042,2.185715582819898,0.027411059085107162,11,3.74045444679294
149,2016,-1.3270103930825283,2.4360051433046945,-0.10745981166862575,11,3.763015536387223
149,2017,-1.7754552276206417,1.7709824927945017,-0.057745809547568784,12,3.5464377204151436
149,2018,-1.6094033469569378,1.3475248921414238,-0.04863361618853107,12,2.9569282390983616
149,2019,-1.9422772749971189,1.7155855015500334,0.18881776245878498,12,3.6578627765471525
149,2020,-1.0820917285951988,1.937759551309208,0.20791303237626146,10,3.019851279904407
149,2021,-1.79387310288843,0.9887320810794367,0.039687235179853404,13,2.782605183967867
150,2009,-1.480536541866214,2.124772612665288,0.19808824760754054,12,3.605309154531502
150,2010,-1.1678159416334815,1.6230558987498476,0.04473725735942222,12,2.7908718403833292
150,2011,-1.1150221012784531,2.788756680133718,0.6385591895534928,10,3.9037787814121714
150,2012,-0.8793351122334828,1.4543775854931942,0.5781982525748621,10,2.333712697726677
150,2013,-2.1697208267033075,2.084092528887001,0.2687881026527154,10,4.253813355590308
150,2014,-1.343365744652892,2.5619512653005203,0.1445444327941959,12,3.9053170099534125
150,2015,-0.5505358690146125,2.3578231514724153,0.644118945891945,10,2.908359020487028
150,2016,-1.1233642742673497,2.144046788676295,0.30165587668558247,9,3.2674110629436446
150,2017,-1.205710754373553,1.7679980326239464,0.19806752198182445,12,2.9737087869974994
150,2018,-1.5022360662733265,2.3658453053439126,0.0633612561007237,12,3.8680813716172393
150,2019,-1.8839950909906371,3.5754952835693907,0.2158171083274394,11,5.459490374560028
150,2020,-1.0357458450836632,3.365651422772007,0.6067631451373707,11,4.40139726785567
150,2021,-0.9676781924389323,1.9716271476015135,0.24063747848553738,11,2.9393053400404456
151,2009,-1.8420881826052546,1.080815859402553,0.12382481531916983,11,2.922904042007808
151,2010,-1.1572344737646876,1.207670510623822,-0.055389636571495766,11,2.3649049843885095
151,2011,-1.876353417828716,1.8325414616392313,-0.08241356031565884,12,3.7088948794679473
151,2012,-1.544467080191384,1.5800538614445114,0.03603147849070712,11,3.1245209416358954
151,2013,-1.7532473627644922,2.091385087834715,0.1880238749510936,11,3.844632450599207
151,2014,-0.7011483454850885,1.6273591923493533,0.4520584894667994,11,2.328507537834442
151,2015,-2.0602381504707776,1.8720324793479257,-0.1697098717777584,12,3.9322706298187033
151,2016,-2.066225507426264,0.9701647322088454,-0.21930835185101227,12,3.036390239635109
151,2017,-1.616265666054846,0.6532486988930511,-0.2996369350106905,11,2.2695143649478973
151,2018,-1.6479544728137117,0.9005616902303908,-0.4131676222314002,11,2.5485161630441024
151,2019,-1.9803848568475106,1.7259997015120006,-0.38290229676509974,13,3.7063845583595114
151,2020,-1.9664173996176009,2.162522904069676,-0.3758940409669181,14,4.128940303687277
151,2021,-2.107109637501943,1.644715105372125,-0.450416556531668,12,3.751824742874068
152,2009,-1.5656804969741234,2.0812604284392857,0.18465484284950737,12,3.646940925413409
152,2010,-1.4260997389324233,1.7906539466057652,-0.14078055947148435,12,3.2167536855381886
152,2011,-1.1545794283104407,1.7299943855050477,0.3497189449111208,10,2.8845738138154884
152,2012,-1.0817591222306187,1.8017293634613951,0.18511674462701724,11,2.8834884856920135
152,2013,-1.3462810649184531,2.202504176439307,0.6464450987406786,9,3.54878524135776
152,2014,-1.11832439563709,3.2083595870782933,0.02662096479448027,9,4.326683982715384
152,2015,-0.94909934005748,1.203068606624805,0.2932451863990403,10,2.152167946682285
152,2016,-1.268252136667847,2.324114569320957,0.02596960993114658,8,3.5923667059888036
152,2017,-2.0860241846725254,1.540783025423773,0.08497254430848775,11,3.6268072100962985
152,2018,-1.0080057835912608,1.9280793518903638,0.4868038859872615,11,2.9360851354816244
152,2019,-0.4882393510258871,1.4275391136711093,0.4773156003908247,10,1.9157784646969964
152,2020,-1.3463062106033947,1.458637312584362,0.12354783423050504,10,2.804943523187757
152,2021,-1.762433543216306,1.4471368863408267,-0.03082116461452551,12,3.209570429557133
153,2009,-1.5616863800289584,3.184322109675204,0.5050876112783514,17,4.746008489704162
153,2010,-1.459055747094186,1.9675543837968867,0.3135369275789978,14,3.426610130891073
153,2011,-0.9120712136863028,2.157909504573331,0.48148143598124343,12,3.069980718259634
153,2012,-1.3409222447171334,2.4452628510709,0.25668679653562393,15,3.786185095788033
153,2013,-1.681568707975652,2.7123251889326148,0.19058204981804028,13,4.393893896908267
153,2014,-2.2871223856753664,1.7990038716119916,-0.04533268383018932,13,4.086126257287358
153,2015,-2.518835441314084,1.902936318490764,0.09443124793439464,13,4.421771759804848
153,2016,-1.8192521545615032,2.304658829179126,0.053400489672936584,13,4.123910983740629
153,2017,-2.563822580136962,1.9384940971242113,0.23215725659005707,15,4.502316677261174
153,2018,-1.3516615340859335,1.734410566788085,0.08238388220156997,15,3.086072100874018
153,2019,-2.1005745648912666,1.9922206879883761,0.5244320020714209,16,4.092795252879643
153,2020,-1.4622619613946692,2.1061382266463315,0.11089053023734632,14,3.568400188041001
153,2021,-1.462153667164182,1.8352118819652687,0.26132890501248185,12,3.2973655491294505
154,2009,-0.664959738011284,2.4028192864314373,0.5171399816364403,11,3.0677790244427214
154,2010,-0.8282694747897595,1.7151935077571459,0.4036479264909439,11,2.5434629825469055
154,2011,-1.9459407933853854,1.363124420341887,-0.2726457511059795,13,3.3090652137272727
154,2012,-1.5626403964155615,1.5347806656735077,-0.1311865196607764,10,3.097421062089069
154,2013,-0.8797373067455297,1.4686855155517762,0.08367359201432459,10,2.348422822297306
154,2014,-1.281798063871265,0.8620668391176312,0.11835797950601826,10,2.143864902988896
154,2015,-1.539906608937026,1.398824136123398,0.05979204454015431,14,2.9387307450604236
154,2016,-2.4505022277927617,1.7360403042836434,0.04371988772623817,12,4.186542532076405
154,2017,-1.671331237665656,3.1101752301348924,0.10965572537571999,11,4.781506467800549
154,2018,-1.6733818111447756,1.637249827781442,-0.2069698399594949,12,3.3106316389262176
154,2019,-2.003334801099147,0.9130931145227146,-0.28242482835911753,12,2.9164279156218615
154,2020,-1.0360592828074877,1.6620496224811587,0.16958811165686943,11,2.698108905288646
154,2021,-1.6403500582557202,4.606502627849245,0.20031326900882565,13,6.246852686104965
155,2010,-1.6302154706423895,2.052435613003967,-0.22744053811953435,12,3.6826510836463564
155,2011,-0.90213016003535,1.662915397896902,-0.09919334059206426,14,2.565045557932252
155,2012,-2.0609868022504343,1.4314385527832165,-0.15591534631016296,14,3.492425355033651
155,2013,-1.0886490393301846,2.564652895658691,0.29009374571524443,12,3.6533019349888756
155,2014,-1.2440297321094989,2.819399244896975,0.08556823999057832,13,4.063428977006474
155,2015,-0.91447985491835,1.3181720423748877,0.03116289197713908,13,2.2326518972932377
155,2016,-1.2824243611917276,1.980538572084483,-0.13641304895950265,13,3.262962933276211
155,2017,-0.9512529954444884,1.5738597307210525,0.26784914522400793,12,2.525112726165541
155,2018,-1.50146019455797,1.3750602165618702,0.03202916136883177,10,2.87652041111984
155,2019,-1.4882897364203138,1.7727537621456004,0.07508343378433185,15,3.2610434985659142
155,2020,-1.5973035966329543,1.9123834494610934,6.746327361837847e-05,13,3.5096870460940477
155,2021,-1.5270914931202395,1.7120261108862032,-0.04039323622798355,11,3.2391176040064424
156,2009,-1.2690144842265834,2.7552098508106058,0.30470284988205903,12,4.024224335037189
156,2010,-1.6973460890819105,2.0373070075556123,0.12238459748569422,13,3.7346530966375227
156,2011,-1.5316531621642862,1.775695143793506,0.26094549981232373,11,3.307348305957792
156,2012,-0.811152919518745,3.5838999911723075,0.5288259408384712,14,4.395052910691053
156,2013,-1.7650321240530833,3.7061934615028993,0.3386432162240574,14,5.471225585555983
156,2014,-1.3283408565473809,3.9214575813679975,0.4921864321138442,12,5.249798437915379
156,2015,-1.5241537311746365,1.2123697417775303,0.00795744967271726,14,2.736523472952167
156,2016,-1.206568259954694,1.6906063467979,0.3563323911872636,13,2.897174606752594
156,2017,-1.2250855664300029,2.089076318155475,0.5112933618473885,14,3.3141618845854777
156,2018,-0.40950588697855067,2.41143476826569,0.6603537700368355,13,2.820940655244241
156,2019,-1.1572841733380017,1.7403761500926511,0.47584955461200656,12,2.897660323430653
156,2020,-1.643442822006035,1.8099608940537082,0.09508775723987901,12,3.4534037160597433
156,2021,-2.406343559116811,1.2506648723536837,0.021797243851707924,13,3.657008431470495
158,2009,-2.4523744588007226,1.6464607436970895,-0.3155457620842785,14,4.098835202497812
158,2010,-0.6724512002083788,1.8684101989249216,0.21035197965006888,16,2.5408613991333002
158,2011,-1.5748081237498173,1.9877153795916025,0.06250984342884423,14,3.5625235033414198
158,2012,-2.1358118717322108,1.5016046268984165,-0.3958154182166476,12,3.6374164986306274
158,2013,-1.9870615593306382,0.7661748584477521,-0.5046855256575254,10,2.7532364177783903
158,2014,-2.3871893899290155,2.1256713922435977,-0.21359429643578087,11,4.512860782172613
158,2015,-1.8118312845973201,1.8872457121472974,-0.3794583767219944,11,3.6990769967446173
158,2016,-1.1195736598852382,1.9175129848226016,-0.08948139746370393,13,3.0370866447078395
158,2017,-0.987087875104321,1.30834450943157,-0.06908502784153323,11,2.295432384535891
158,2018,-1.716250629788403,1.836103526492252,-0.1198121062508271,12,3.5523541562806553
158,2019,-1.3499009785377964,1.956102063133401,-0.18055514961944966,12,3.3060030416711976
158,2020,-1.2940624107963372,1.0023835323831414,-0.016937400943196845,11,2.296445943179479
158,2021,-1.1789465599845868,2.34540855158371,0.08825315894114705,12,3.5243551115682967
159,2009,-1.5196727914076489,2.218613703251829,-0.3045270836347188,13,3.7382864946594783
159,2010,-1.657842489582334,0.5765738126770963,-0.4835358216859641,14,2.2344163022594303
159,2011,-1.0290247860504522,0.6211730464934848,-0.14389917419884812,13,1.650197832543937
159,2012,-1.2593588947263068,0.66848945412796,-0.19817271804259032,11,1.9278483488542668
159,2013,-1.930721850238419,0.9844221475991127,-0.45035311467848377,13,2.9151439978375318
159,2014,-1.1770767803500046,2.467899507373871,0.03681153658077416,15,3.6449762877238756
159,2015,-2.518835441314084,0.8685309115057936,-0.27114494385787025,14,3.387366352819878
159,2016,-2.02348011943044,1.8624980692508442,-0.2358759185511443,17,3.885978188681284
159,2017,-1.110663599446502,1.552431738311083,-0.21726856105256023,13,2.663095337757585
159,2018,-1.4836357956827466,1.173182393988731,-0.04231650961370679,12,2.6568181896714775
159,2019,-1.389587720541095,1.8489453785838659,-0.0009522365910638121,14,3.238533099124961
159,2020,-1.8556832587222067,2.282425365339545,-0.019594343093468986,13,4.138108624061752
160,2009,-0.9851793701390154,1.1050827769694809,-0.12934703743743997,13,2.090262147108496
160,2010,-1.5430898313978196,1.8735421115779858,-0.20365879995497937,11,3.4166319429758056
160,2011,-2.3420535465541166,1.208686898516943,-0.4212644616221215,13,3.5507404450710593
160,2012,-1.3779558589995824,0.7702041876454303,-0.2940844113433737,11,2.1481600466450126
160,2013,-2.1114166409124775,1.2756255880152816,-0.5024885799167406,12,3.387042228927759
160,2014,-1.6611940266046146,0.8779290913352646,-0.3041544418461706,11,2.539123117939879
160,2015,-1.2810409298585943,1.1464791596707118,0.1118902753690197,12,2.427520089529306
160,2016,-1.4103388273659172,1.323866036470177,0.21014428386825615,11,2.7342048638360943
160,2017,-1.6075818560605626,1.3493983075801637,-0.2802216829055496,11,2.9569801636407265
160,2018,-0.5644217652222513,1.6839642619503397,0.009816274762801287,13,2.248386027172591
160,2019,-1.580221283441702,0.6391439708200788,-0.4359756876225346,13,2.2193652542617808
160,2020,-0.8770190227531928,0.761639856065867,-0.03666951693791753,11,1.6386588788190597
160,2021,-0.931841207275764,0.942563379064891,-0.023090721078111814,12,1.8744045863406549
161,2009,-1.877569942849177,1.2964367931135279,-0.3483179051870937,12,3.174006735962705
161,2010,-2.1791069978831787,1.349930321342433,-0.5020139669150557,12,3.529037319225612
161,2011,-2.0208810439848746,1.0914089749121039,-0.19535587858493964,12,3.1122900188969784
161,2012,-2.1649303995688194,1.453372875288595,-0.3154538370286946,11,3.618303274857414
161,2013,-1.5319165119273783,2.3649679473646414,0.31292488203543534,12,3.8968844592920195
161,2014,-1.7216274546605592,2.029270100478561,-0.014163205872810133,12,3.75089755513912
161,2015,-1.1254695850109722,1.073018473838609,0.04422681189079566,12,2.1984880588495814
161,2016,-1.5549571412017034,1.1336219062957795,0.039660404075258816,12,2.688579047497483
161,2017,-1.9869684197591666,1.4307885160322413,-0.31807076696750863,13,3.4177569357914077
161,2018,-1.5360621806928307,1.314249934532091,-0.1351625504282212,13,2.850312115224922
161,2019,-1.2305806386143388,2.2928947628072205,0.024458443850200278,12,3.5234754014215595
161,2020,-1.943506887708209,0.9951104671308078,-0.22127282802447282,12,2.9386173548390166
161,2021,-2.1972137804167775,1.3336539214877947,0.09546424729702054,11,3.5308677019045724
163,2009,-1.1848568082409043,0.8372441918428346,-0.2586921063692686,12,2.022101000083739
163,2010,-1.8805870444715216,0.8857733840131058,-0.29407511676266423,14,2.7663604284846275
163,2011,-2.1395752297169857,1.313488610926987,-0.21396971791837463,13,3.4530638406439724
163,2012,-1.8361488055894357,1.6820387319534034,-0.18608394452723967,14,3.518187537542839
163,2013,-1.2331013722614044,1.5369348022314333,0.08457549482721423,10,2.7700361744928377
163,2014,-1.5774816879312947,1.6167049400258855,-0.016765659093415472,13,3.1941866279571802
163,2015,-2.1925258305217317,2.2222512566689234,0.16870275751217914,14,4.4147770871906555
163,2016,-0.6597643540152834,1.6788719835070511,0.2315228262723474,14,2.3386363375223347
163,2017,-1.3190320235322457,0.998078108942799,-0.08396729996267137,18,2.3171101324750447
163,2018,-1.466213450917491,1.035841574613896,-0.14461295799017077,16,2.502055025531387
163,2019,-1.7911753164617958,1.692514224838454,-0.07106300363471571,15,3.48368954130025
163,2020,-1.2897087608124158,3.436780397264033,0.15520990729415746,15,4.726489158076449
164,2009,-1.2226931560188095,1.6432919495706901,-0.04577287065008062,10,2.8659851055894996
164,2010,-1.2161394062326707,1.9710484519862075,0.0729784925637993,11,3.187187858218878
164,2011,-0.9120712136863028,1.4614707601882282,0.07402212906607533,10,2.373541973874531
164,2012,-1.7216569133771162,1.4241808725424667,-0.28209161151216666,14,3.145837785919583
164,2013,-0.6211384175541002,1.8784218218362256,0.18971971479494582,11,2.499560239390326
164,2014,-2.305074605707582,1.45653883201503,-0.07303557995154525,12,3.7616134377226125
164,2015,-2.518835441314084,1.0298692936900615,-0.5537776595931704,14,3.5487047350041454
164,2016,-1.8391768340609118,1.245295649770162,-0.34117598367428875,13,3.0844724838310738
164,2017,-2.26632546597986,0.8511815841043783,-0.5167016685619572,12,3.1175070500842383
164,2018,-1.8586012323294558,1.0667357659790595,-0.4261297301262432,12,2.9253369983085156
164,2019,-2.1972618300254765,1.2274555393904845,-0.19436759464634334,11,3.424717369415961
164,2020,-1.8556832587222067,0.9462799379252343,-0.00027616865452653185,10,2.801963196647441
164,2021,-1.4466787174114957,1.224473628287958,-0.19304031995035775,12,2.6711523456994537
166,2009,-1.046921063915277,1.8946508538236266,0.3509222210850447,10,2.9415719177389037
166,2010,-1.5792255473467967,2.8391538112116286,0.05627689356749502,15,4.4183793585584255
166,2011,-1.8067660422720473,2.6506822207155922,0.10268136771760662,11,4.45744826298764
166,2012,-0.8152627666962537,2.1951532315101043,0.4979391918169678,12,3.010415998206358
166,2013,-0.575415314473628,1.4717487659914739,0.3050761686528023,13,2.0471640804651017
166,2014,-0.9703347621661977,1.5561219366179337,0.40134627066396633,11,2.5264566987841315
166,2015,-1.0960444675486702,1.10386717646224,0.02868212825341489,12,2.1999116440109105
166,2016,-1.1418130515816167,2.169199865231844,-0.023504919604195016,12,3.3110129168134605
166,2017,-1.1096693841846028,1.4620385063921628,0.3259335146456733,13,2.5717078905767656
166,2018,-1.4358840228358158,2.4322469444790618,0.12401298166966335,13,3.868130967314878
166,2019,-1.6624823881722413,1.9949842364701673,0.5752830970310693,15,3.6574666246424083
166,2020,-1.5682395176577852,2.7725275548304404,0.4870120655832323,15,4.340767072488226
166,2021,-1.9661948876802475,1.6891809722161755,0.10786289747609365,15,3.6553758598964228
167,2009,-0.7493689003670003,1.3838705294197353,0.27972950648455297,10,2.1332394297867356
167,2010,-0.5718265449101486,1.4303413996888799,0.383998654428061,10,2.0021679445990284
167,2011,-0.4255443526514404,1.3575981548522023,0.3425248663481479,12,1.7831425075036427
167,2012,-0.8106202653825059,1.2598272014595644,0.42942134818555044,11,2.0704474668420705
167,2013,-2.2353771532243587,1.0315840514106402,-0.18790865598474993,11,3.266961204634999
167,2014,-1.7786153159256175,2.5274737184785026,-0.21153449393078363,11,4.3060890344041205
167,2015,-1.1024899240566985,2.342811119479845,0.22481386613268647,12,3.4453010435365434
167,2016,-1.7248679158172937,2.6229902575413,-0.24386013339970541,13,4.347858173358594
167,2017,-1.26864764386015,2.0244754115080226,0.13523801601035285,13,3.2931230553681727
167,2018,-0.866179600847428,1.9447878521114321,0.5599857209776323,10,2.81096745295886
167,2019,-1.227626685393831,1.7316755855401729,0.1262286254907258,12,2.9593022709340038
167,2020,-1.5726960097673113,1.6349609461283794,0.07812168405494567,14,3.2076569558956907
167,2021,-1.7716526622179063,1.656522903024408,-0.28537895773498384,15,3.4281755652423143
171,2009,-1.4893902697390426,1.0809943320381932,-0.10476378747616691,14,2.570384601777236
171,2010,-2.0991360468944547,1.4191819029175539,-0.2312382376023708,14,3.5183179498120083
171,2011,-2.502639797838737,1.4976999871160699,-0.12930228925461673,16,4.000339784954807
171,2012,-1.9570432049320496,1.1873179931176192,-0.03318038126212976,15,3.144361198049669
171,2013,-1.9789071277515013,0.9882131050901537,-0.2877136065918859,14,2.967120232841655
171,2014,-2.235925313731639,1.9773326135221123,-0.24837513438933395,13,4.213257927253752
171,2015,-1.1048271278805557,2.0556365946213435,-0.062028375813499396,12,3.160463722501899
171,2016,-1.5669951181998723,1.6164540737524111,-0.01773612573279009,14,3.1834491919522834
171,2017,-2.317457782475612,1.5077455189346674,-0.312216843691298,16,3.825203301410279
171,2018,-1.3752142646494312,1.5373427997748714,0.10078761444538398,14,2.912557064424303
171,2019,-1.6316413289903497,1.4246278955610516,0.05885208540842091,13,3.0562692245514014
171,2020,-2.098243757826403,2.425123853560154,-0.48992165194408954,14,4.523367611386557
172,2009,-1.2128992341382454,3.2790097002523684,0.3648985176256408,15,4.491908934390613
172,2010,-2.1442567421853513,1.835048209031111,0.0634294228286642,17,3.9793049512164624
172,2011,-1.475224095902577,1.4910704515005277,0.02558642325730573,16,2.9662945474031046
172,2012,-1.2760793814744262,0.9028951092187422,-0.10675700645238191,14,2.1789744906931685
172,2013,-1.5027712499527388,0.9051485564413423,-0.07203884913214029,15,2.407919806394081
172,2014,-2.0279372089602465,1.662110123538908,-0.5006364031135091,15,3.6900473324991543
172,2015,-2.0015153266432812,2.0390849732642047,-0.2789102021574823,15,4.040600299907486
172,2016,-1.522193296570323,2.389469862110282,-0.19284270402752096,14,3.911663158680605
172,2017,-1.9295040206410718,1.8392003820402798,-0.1638069688844297,14,3.768704402681352
172,2018,-1.7448532486158739,2.601620871243389,0.0045363888738275526,14,4.346474119859263
172,2019,-1.4968687142971773,3.019673597368048,-0.28403467092643614,15,4.5165423116652255
172,2020,-2.1740439137964644,2.449765600377276,-0.08213726827350436,14,4.6238095141737405
179,2009,-0.9912949995347252,1.656131029220757,0.227299930715315,10,2.6474260287554823
179,2010,-2.3659636880077035,1.9890510612930838,-0.11537827639534544,12,4.355014749300787
179,2011,-1.9861149483459364,2.6318338609660112,-0.25140651900044375,10,4.617948809311947
179,2012,-1.2476822675165704,2.7097300876247985,0.16431742143525582,11,3.957412355141369
179,2013,-0.5866738428068436,2.4049325603033096,0.5438711759419687,11,2.9916064031101532
179,2014,-1.3715591640323455,1.264138529954475,0.09314873558877579,10,2.6356976939868204
179,2015,-1.7998481632970358,1.418555751029547,-0.18794014804383916,11,3.218403914326583
179,2016,-1.4467044384269598,1.6749219688113572,0.021086023830113727,9,3.121626407238317
179,2017,-1.4375835051136472,1.7816751153893275,-0.11154878310480773,11,3.2192586205029747
179,2018,-1.0978411042599927,2.0017281408323995,0.4772111570018465,10,3.0995692450923924
179,2019,-1.7033728270426216,1.0513076307903522,-0.3653834940709348,11,2.7546804578329738
179,2020,-2.4924045688707217,0.9492863529187184,-0.23975110382752252,11,3.4416909217894402
179,2021,-1.2835061459686146,0.7950006199953026,-0.08133012941746962,9,2.078506765963917
183,2009,-2.4523744588007226,1.3997886689055796,0.19173470884173577,13,3.8521631277063024
183,2010,-1.312068152305371,2.1098107829405714,0.6343307384060506,11,3.4218789352459424
183,2011,-1.2048138978861374,2.5076512422414314,0.7421143316671195,12,3.712465140127569
183,2012,-0.9376427636246709,1.9608308478378373,0.5556183964755234,11,2.8984736114625083
183,2013,-1.7379807401860898,1.3043694635511742,0.13215285140443814,10,3.0423502037372643
183,2014,-1.585215867232664,1.6969406674001462,0.078603604476032,11,3.28215653463281
183,2015,-1.5655714097858628,1.8029268098944071,-0.02210880228061575,9,3.36849821968027
183,2016,-1.4896210533695358,1.1310631640155484,-0.29253737720458134,9,2.620684217385084
183,2017,-1.6878588551188283,1.4884115876569748,0.15802937592054855,9,3.1762704427758033
183,2018,-1.2266958066333251,1.3447937389684759,-0.23666671853825147,9,2.5714895456018008
183,2019,-1.1512574169796819,1.234653477989588,0.08310880119776999,10,2.38591089496927
183,2020,-1.5973035966329543,1.6955056653968879,-0.13594132490547903,11,3.2928092620298424
183,2021,-2.3153999162730767,1.400763335258744,-0.0031321957142501455,11,3.716163251531821
189,2009,-1.152791629580909,1.2959801896905985,-0.00922612674402545,10,2.4487718192715073
189,2010,-1.6591044983919045,0.6677400193637633,-0.1596733547759208,11,2.326844517755668
189,2011,-1.70735550576252,1.6425650194937766,-0.09145047194881582,12,3.3499205252562967
189,2012,-1.373956618826851,1.484030113693796,-0.10672338527766621,12,2.857986732520647
189,2013,-1.263355756682229,1.2567563605902838,-0.11847064500405025,11,2.5201121172725127
189,2014,-1.3825676008445535,0.8516935541175413,-0.27724252518828035,10,2.2342611549620948
189,2015,-1.804389135579249,1.8468359658562492,-0.28470473511032746,14,3.6512251014354984
189,2016,-1.3597392336063965,1.3158335211547463,0.02142561416945327,13,2.6755727547611428
189,2017,-1.0255448191295076,1.0776397515327947,0.07163231561594227,12,2.103184570662302
189,2018,-1.5450335771777368,1.355675232006242,0.050641653304721784,11,2.9007088091839788
189,2019,-1.1281769269700725,2.0029919053746754,0.10648860951752656,14,3.131168832344748
189,2020,-0.9401362768093092,2.223115629060855,0.2525911252797762,12,3.163251905870164
189,2021,-1.564422900312369,1.9280890646153368,0.04046198017187125,12,3.492511964927706
193,2009,-0.901928761240945,1.73331178460424,0.0130240992472581,12,2.635240545845185
193,2010,-1.0087192440311248,0.9746582017954564,0.005500930614210332,10,1.9833774458265812
193,2011,-1.3997455437330397,0.8935592018143437,-0.11021108015946077,11,2.2933047455473834
193,2012,-1.4485478281920245,1.2705212677809128,-0.24524366141964388,10,2.7190690959729373
193,2013,-1.7871912363696631,1.3921348870637362,0.018181482239648755,12,3.179326123433399
193,2014,-0.7242309380531665,1.0918843626106407,0.033373075421108296,12,1.816115300663807
193,2015,-1.0482667953432145,1.232615186162624,-0.07842281144364997,14,2.2808819815058383
193,2016,-1.133797375920935,1.1607502623993158,-0.1946297439275903,14,2.2945476383202505
193,2017,-1.2985416439996578,2.0235114688935925,-0.24076567814891228,13,3.3220531128932502
193,2018,-1.2171875447619311,1.0853099965034134,-0.006174879192516514,11,2.3024975412653443
193,2019,-1.5219029330163518,1.7881872388066458,-0.10113171973111372,12,3.3100901718229974
193,2020,-1.3954983865899468,1.41153316102977,0.08751404758872368,12,2.807031547619717
193,2021,-1.560161682264528,1.3326555376327824,0.02193967004913826,12,2.89281721989731
194,2009,-1.6976692928185408,1.4682832989209116,-0.19914529719143023,11,3.1659525917394524
194,2010,-1.2425063760040536,2.5779529048703327,0.48679366703998583,11,3.8204592808743865
194,2011,-0.5521615340605694,2.021727111221142,0.5014521453823424,10,2.5738886452817114
194,2012,-2.0689824635826177,2.3846649776528115,0.269593201970428,13,4.453647441235429
194,2013,-1.7012681477951699,2.2399366235829903,0.07097151806450969,11,3.9412047713781604
194,2014,-1.1443513792496105,1.8327138442279118,0.2937892615003747,9,2.9770652234775223
194,2015,-0.5165170996636863,2.301647445391127,0.5313768832767433,10,2.818164545054813
194,2016,-1.3302164835828256,0.7623030776024939,-0.05476338882732752,11,2.09251956118532
194,2017,-1.015243851979904,1.0731502808609885,0.10287674974021721,10,2.0883941328408926
194,2018,-1.3751546934997187,2.178064863217125,0.15073542678574664,11,3.5532195567168436
194,2019,-1.9599385428778708,2.1859831529985922,0.04748225278735066,12,4.1459216958764635
194,2020,-1.8961100085729063,1.3221243729844079,0.001379877326658264,13,3.2182343815573144
194,2021,-1.206480584293714,1.8829723564246785,0.07769540965485451,12,3.0894529407183926
195,2009,-1.7359514389190862,1.9988785871239825,-0.0026516919085604273,10,3.7348300260430687
195,2010,-1.192409133438426,1.5826296021403672,0.3497437820701425,12,2.775038735578793
195,2011,-1.2065556411291591,1.2733763578657722,0.08507108991883079,12,2.4799319989949313
195,2012,-1.7769670062333094,1.3534809469791622,0.09054920767514366,11,3.130447953212472
195,2013,-0.17456156178252755,3.036068293417756,0.8212053348176447,13,3.2106298552002834
195,2014,-1.1034888513891186,1.3424860410868913,0.13353525532244465,11,2.44597489247601
195,2015,-1.2038077098209028,1.3625971210621917,0.03257996652695584,9,2.5664048308830942
195,2016,-1.0328790561876546,2.211174429237508,0.08224001597595536,11,3.2440534854251624
195,2017,-1.5783633894915614,2.8092763402867695,0.2292105400215089,11,4.387639729778331
195,2018,-1.4286554453989475,1.2078182028141327,0.014427557834673836,11,2.63647364821308
195,2019,-1.7219068280074366,1.7139543585139063,0.024669827465376312,11,3.435861186521343
195,2020,-1.459501110185353,1.3407989349522695,-0.07401737593279283,14,2.8003000451376225
195,2021,-2.02842219885507,1.716533115267163,0.150537503150446,13,3.744955314122233
197,2009,-1.7033867561971936,2.036434846811204,0.2634147452400272,11,3.739821603008398
197,2010,-1.9216023307825616,2.958530719428152,-0.10422947294554986,12,4.880133050210714
197,2011,-1.4494254650891523,1.4694380045419326,-0.0792568530184804,12,2.918863469631085
197,2012,-1.6826822768669316,1.561426855602623,-0.11464802081297824,12,3.2441091324695543
197,2013,-1.3745962269664118,1.3786395239873777,0.13941689507280833,12,2.7532357509537895
197,2014,-1.7097893965233733,1.948450758592234,-0.08819188521362549,13,3.658240155115607
197,2015,-1.592416201478324,2.0774115408445955,-0.03871257700500577,13,3.6698277423229193
197,2016,-1.2746442482443396,1.607533957265326,0.03166136317869454,13,2.882178205509666
197,2017,-2.0860241846725254,2.6048318272695026,0.2652002426035204,14,4.690856011942028
197,2018,-1.882765875759518,1.405508021430941,0.2304892405096059,13,3.288273897190459
197,2019,-1.8400278293717123,1.0245465023247005,-0.11080642010710749,13,2.8645743316964127
197,2020,-2.098243757826403,0.7723916707612002,-0.19643697582229228,12,2.8706354285876032
197,2021,-2.6382498483683343,2.0464512583528087,0.0024974623826553174,11,4.684701106721143
198,2009,-1.7843583997218995,1.5911935894170404,-0.0468353464888225,11,3.37555198913894
198,2010,-1.5023026958576624,1.1488020024619057,-0.21950022295297972,13,2.651104698319568
198,2011,-1.4074942153075527,2.14679925597527,0.17807515880327635,11,3.554293471282823
198,2012,-1.0745006378028916,2.1074351672318077,0.44884652167427436,9,3.1819358050346995
198,2013,-1.4134258010706175,1.8943199596863534,0.10159217880799944,11,3.307745760756971
198,2014,-1.211246076294194,3.004294468820328,0.2135194305144956,13,4.215540545114522
198,2015,-1.6138701207166257,1.9992116697594842,-0.06636643517667207,12,3.6130817904761097
198,2016,-1.060330951776937,2.658482112595239,0.15302290348181496,13,3.718813064372176
198,2017,-1.2616086496412542,1.8422561994510387,0.06307763509061329,10,3.103864849092293
198,2018,-2.6117326192330657,2.2328588634348856,0.13033270654945758,12,4.844591482667951
198,2019,-1.0137578308402042,2.6099919829679514,0.3411857246574547,11,3.6237498138081556
198,2020,-0.7334409495422383,2.0143794184021013,0.42609164304701536,11,2.74782036794434
198,2021,-1.0871664789541622,3.41024479782445,0.5104495012810453,14,4.497411276778612
201,2009,-1.5369450445075206,3.1627831330784377,0.38459098971792144,14,4.699728177585959
201,2010,-2.019013635771282,1.435104864572596,-0.030298681218149968,11,3.4541185003438777
201,2011,-0.7945860341750433,0.9053754273934589,0.011066993381591051,10,1.6999614615685021
201,2012,-1.1477352314698954,3.125912927670282,0.1704305751893134,12,4.273648159140177
201,2013,-1.414673071711215,2.2066055469349193,0.0912453047055599,11,3.6212786186461345
201,2014,-1.3283408565473809,2.0679096149268266,0.3693329029341047,11,3.3962504714742074
201,2015,-1.9967400640463198,2.0408741861455755,-0.09028668656712488,11,4.037614250191895
201,2016,-1.4571159694330802,3.0873008801124167,0.03371918169256218,12,4.544416849545497
201,2017,-0.640975378877644,1.337927706892963,0.10710449079622693,12,1.978903085770607
201,2018,-1.6935684003541698,3.5880233738040963,0.1816385761542534,12,5.281591774158266
201,2019,-1.2451766427627293,0.96283615931825,0.006775938714534282,11,2.2080128020809795
201,2020,-1.3154348743537698,1.423003402736106,0.11162386704409712,9,2.738438277089876
201,2021,-1.5027087078953596,1.7264040770053128,-0.01810444159046617,12,3.229112784900672
202,2009,-1.4362478089352682,1.7646345732626068,0.008320868711619123,10,3.200882382197875
202,2010,-1.4472516282287928,1.812416751185831,-0.02015830789633707,11,3.2596683794146237
202,2011,-1.6387965150662944,2.4503819285302892,-0.17031531262252178,12,4.089178443596584
202,2012,-1.8077908600646255,1.6156493316187852,-0.16497258087788344,11,3.4234401916834107
202,2013,-2.5089451803954064,3.2778232061168766,0.2950331086759635,12,5.786768386512283
202,2014,-0.5961987492987851,1.3935456721618555,0.3631509443142001,11,1.9897444214606406
202,2015,-1.7810919734357216,1.0438873790746528,-0.3106551347134177,11,2.8249793525103746
202,2016,-0.6725777096093096,1.0673882475779675,0.16494099457337363,9,1.7399659571872772
202,2017,-0.8744639676019897,0.8257354488636883,-0.1355861223440227,13,1.700199416465678
202,2018,-1.3780965918162926,1.3465103668255287,-0.014172397280896394,11,2.7246069586418216
202,2019,-1.112876964135648,1.159853377179296,-0.06041641059656089,12,2.272730341314944
202,2020,-1.1088522483224448,1.6276325147771442,-0.10928961776756811,10,2.7364847630995888
202,2021,-0.9102313978277624,1.2685895981351434,0.031066671457081235,12,2.178820995962906
204,2009,-1.9770553398407906,1.0909135189005874,-0.341153946003766,11,3.067968858741378
204,2010,-1.5195146584257593,0.8470040684604883,-0.33548723114771567,12,2.3665187268862473
204,2011,-2.502639797838737,1.5631037865668729,0.031292615257752766,13,4.06574358440561
204,2012,-1.2079112431936314,1.8339420465010372,0.2735410731692653,11,3.041853289694669
204,2013,-1.5816804322621052,2.316521250874706,0.16690671032955973,11,3.8982016831368114
204,2014,-1.441788913695413,2.6094138875033313,-0.024957893236778404,13,4.051202801198745
204,2015,-1.7702428047904513,1.5274037325110899,-0.4364528358407212,12,3.2976465373015413
204,2016,-1.1699119585679618,1.3602393272829463,-0.02935436704097862,12,2.5301512858509083
204,2017,-2.055198481739336,2.0004094607469987,-0.3774498181744838,13,4.0556079424863345
204,2018,-1.986903981970025,1.2666961112924329,-0.3674916864810369,12,3.253600093262458
204,2019,-1.361243231987715,2.0542153425902,0.10825254712898172,10,3.415458574577915
204,2020,-2.0220626965499595,1.833729940269189,-0.13472607327153935,12,3.8557926368191486
204,2021,-1.5779813213736817,1.19624752080088,-0.09160415217569783,13,2.774228842174562
213,2009,-1.3390143603360174,1.2267247695295516,-0.10288961245772085,11,2.5657391298655687
213,2010,-1.4929925888321918,1.6704777911889337,-0.1971764365147647,12,3.1634703800211255
213,2011,-1.7318257916725575,1.9307321039323548,-0.280934435603588,11,3.6625578956049125
213,2012,-2.5167394981848905,1.7942411093747022,-0.32140553636690544,11,4.310980607559593
213,2013,-1.548876254851729,1.7313592407558354,-0.26051540950455676,13,3.280235495607564
213,2014,-1.5926549265343752,1.6747225451918215,-0.2159819253875436,12,3.2673774717261965
213,2015,-1.2068689649324598,2.2176999400841906,-0.06184066769908083,11,3.4245689050166503
213,2016,-1.3638057196325477,1.4891593481855792,-0.19837857005315823,10,2.852965067818127
213,2017,-1.5694853787650265,1.0344989961630193,-0.27732467938971594,11,2.6039843749280456
213,2018,-1.5346026549960325,1.8328467226641378,-0.28614063184132904,12,3.3674493776601704
213,2019,-1.4410765695811998,1.7902520854857833,-0.14260904041699723,11,3.2313286550669833
213,2020,-2.0757844523537923,2.117598769438898,0.17720103307512444,11,4.19338322179269
213,2021,-1.462153667164182,1.5161506648944183,-0.10630338869638752,11,2.9783043320586002
218,2009,-1.5161398305463114,2.1270784802075884,0.05022592312527423,11,3.6432183107539
218,2010,-1.2380093165277855,0.9895599908581579,0.04349172910114098,10,2.2275693073859433
218,2011,-2.502639797838737,1.5658493753324227,0.04236321318205798,10,4.06848917317116
218,2012,-1.0321176442389233,1.8488915891872697,0.40035391542019194,9,2.8810092334261928
218,2013,-1.2202252092612056,2.694386125137015,0.3419248798776565,10,3.914611334398221
218,2014,-1.5081106249156913,1.4556456680953134,0.029111793073491522,10,2.963756293011005
218,2015,-2.029371025125555,1.1617450215937768,-0.21580626013756518,12,3.1911160467193316
218,2016,-1.9554041311407946,1.0683504706675782,-0.14414409372944406,11,3.0237546018083727
218,2017,-0.6263095951392254,0.6373664174702913,0.08028634940568884,10,1.2636760126095168
218,2018,-1.7525932429963844,1.1036683674746866,-0.08996365536063756,11,2.856261610471071
218,2019,-1.0486171202310655,1.7200641542863717,-0.04128886525624723,10,2.768681274517437
218,2020,-0.8604993086700289,1.4500230027180894,0.07885208731647798,11,2.310522311388118
218,2021,-1.979635986894009,1.3643758290999413,-0.21220131814105117,11,3.3440118159939503
219,2009,-1.7798140727893907,1.3872051633774223,-0.30224681801635506,13,3.167019236166813
219,2010,-1.6386599556768628,1.4646733940534338,-0.311771628785857,16,3.1033333497302964
219,2011,-2.025469222593007,1.053684430610324,-0.419145960436309,14,3.079153653203331
219,2012,-1.6552322923678595,1.5511278265020012,-0.384686351232582,14,3.2063601188698607
219,2013,-2.5089451803954064,1.619445047822225,-0.17026648068222355,13,4.128390228217631
219,2014,-1.7958843647938167,1.7645646073472088,-0.23747967550203142,17,3.5604489721410255
219,2015,-1.7356923754124376,1.5630011445975283,-0.21167433278596173,12,3.298693520009966
219,2016,-1.6430554789883032,1.070195348399005,0.008957422625158888,13,2.7132508273873084
219,2017,-1.2527903974601542,1.96928969683188,0.2771669506546847,16,3.2220800942920342
219,2018,-1.7448532486158739,1.546077695393835,-0.0059440445065905775,16,3.290930944009709
219,2019,-1.3876110793798773,1.8183801657124097,-0.0388995372321344,13,3.205991245092287
219,2020,-1.1520690482857157,1.5401637287365404,0.1405964172353172,11,2.692232777022256
221,2009,-1.008449712544435,2.4433981797682414,0.29280360533493277,11,3.451847892312676
221,2010,-1.5430898313978196,1.2662715945169525,-0.11833075528758681,12,2.809361425914772
221,2011,-0.7534110057907981,1.7876684746708558,0.3110663495850864,12,2.541079480461654
221,2012,-2.3515475825063823,1.107271965340119,-0.07050358993547486,12,3.4588195478465016
221,2013,-0.5600453099231635,1.1138391794231302,0.3660205842748758,10,1.6738844893462936
221,2014,-1.1178864896640746,1.7511017177009973,0.12443953832880826,11,2.8689882073650717
221,2015,-0.7898584514285376,1.1227918894897484,-0.024787840317172398,13,1.912650340918286
221,2016,-1.8192521545615032,1.6601872469092656,-0.1069908543807288,13,3.479439401470769
221,2017,-1.765216690574975,2.0930784629858787,-0.2947589542728945,11,3.858295153560854
221,2018,-1.6470848985462658,1.107054246023293,-0.3853052853345371,12,2.754139144569559
221,2019,-1.153039366576012,1.3502132468026042,-0.025203822171151167,12,2.503252613378616
221,2020,-2.2801641321545505,0.5738339984343396,-0.31938331943165194,12,2.85399813058889
221,2021,-1.9258069693696651,1.6758147464416573,-0.05626863387676321,13,3.6016217158113224
222,2009,-2.4523744588007226,1.7529509906796419,0.0484339228160601,11,4.205325449480364
222,2010,-1.0950291001367003,2.521600041406945,0.5449758531702021,11,3.616629141543645
222,2011,-1.289977444387961,1.3957701243550362,0.23706337526506083,9,2.6857475687429972
222,2012,-0.9112896721770941,1.9332765687853903,0.15554387982745924,10,2.8445662409624846
222,2013,-2.5089451803954064,1.8242840204581119,-0.11021526021218062,10,4.333229200853518
222,2014,-1.9101257649988284,1.7097513057751685,0.047455307587542066,11,3.619877070773997
222,2015,-1.7475581794412505,1.7021268130863,0.09384530467225782,12,3.4496849925275503
222,2016,-2.636164014037249,1.3986240490111137,-0.20203506914559036,12,4.034788063048363
222,2017,-1.6541679426181308,1.8798225475304053,-0.07315489912255466,10,3.533990490148536
222,2018,-2.120795832812105,2.1540593923439952,0.018278277690962807,11,4.2748552251561005
222,2019,-2.0767746227043844,1.6884664680080363,-0.04375942053971286,10,3.7652410907124207
222,2020,-1.542658257084948,1.3261058192035793,-0.16458323700599564,10,2.868764076288527
222,2021,-1.748231116646273,1.1151615141521105,0.035832468192706614,10,2.8633926307983835
225,2009,-1.7359514389190862,1.5648497670296397,-0.3147237710714511,13,3.300801205948726
225,2010,-1.444436799883968,1.5574490988967788,-0.033777865753247954,11,3.001885898780747
225,2011,-1.5998846554819501,1.4816617660461529,0.07322670259742717,11,3.081546421528103
225,2012,-1.5970223460288706,0.7671105935881783,-0.36591373192405485,13,2.3641329396170487
225,2013,-1.5638170865243466,0.7699271767202326,-0.3245693627397045,10,2.3337442632445793
225,2014,-2.5384534661263918,1.7460301411849553,-0.18977582345784808,11,4.284483607311347
225,2015,-1.1553274247888958,2.3599830812487137,-0.0067757140837530205,12,3.5153105060376095
225,2016,-1.1223063723514266,1.2029289794124696,-0.010025393593856454,14,2.3252353517638964
225,2017,-1.5399688755703123,1.3742129898095565,0.00014782898446851468,13,2.914181865379869
225,2018,-0.9343652656281167,2.0269828262574454,0.31380067476637263,11,2.9613480918855624
225,2019,-1.3768013230294687,1.8557783827586074,0.014152312630062492,15,3.2325797057880763
225,2020,-1.8433794652893853,1.5837250498413422,-0.2952689632185731,13,3.4271045151307273
227,2009,-1.3481967116635614,3.1287919702771863,0.59584875695702,12,4.476988681940748
227,2010,-0.905995377255649,1.5508006560843508,0.38962119233046516,12,2.45679603334
227,2011,-1.8346009924947146,1.780583145907959,-0.19685116957568316,12,3.6151841384026735
227,2012,-1.8942480110549014,1.5451412931672923,0.046518638541637236,14,3.4393893042221935
227,2013,-1.4993488896451108,1.6529115445514795,-0.21774259022962916,9,3.1522604341965903
227,2014,-1.1468239651105292,1.341290802556798,-0.11801352030585721,11,2.4881147676673274
227,2015,-2.072306500229812,1.8522244781591428,-0.04783043275173083,11,3.9245309783889546
227,2016,-0.9609300164948211,1.1513364253502993,0.14116635345347003,9,2.1122664418451205
227,2017,-1.8782857518619007,1.5389054788765424,-0.06689029119369132,12,3.4171912307384433
227,2018,-0.7813922089897017,1.5059443911985948,0.3065490173038528,12,2.2873366001882967
227,2019,-0.883484265546034,1.0636177488790368,-0.07808986866058255,9,1.9471020144250708
227,2020,-1.0176056368173239,1.7740047327748998,0.06975227928897992,9,2.791610369592224
227,2021,-0.6646637908682156,1.0147295207382805,0.10942997578811102,11,1.679393311606496
228,2009,-1.8420881826052546,1.7417755421145642,0.41155367104361656,12,3.583863724719819
228,2010,-0.24313061405384045,1.6118145662717065,0.4058692770112176,12,1.854945180325547
228,2011,-2.502639797838737,1.3152417819984443,-0.17699323730204108,12,3.8178815798371817
228,2012,-1.0110078773984865,0.7574838173442294,0.02700113833241824,11,1.7684916947427158
228,2013,-1.8022277768701997,0.9760013681620918,-0.3038532230138166,12,2.7782291450322916
228,2014,-1.5174209517941013,1.5995924995503494,-0.15998903161131217,13,3.1170134513444507
228,2015,-0.9040464912298735,1.085557357646956,0.04351533696512774,11,1.9896038488768295
228,2016,-1.3102861269300177,1.833731066113058,-0.1092485699607618,10,3.1440171930430756
228,2017,-1.7251339072472596,1.4606598028087026,-0.0179738514321366,11,3.185793710055962
228,2018,-1.3025678554438374,1.0068320262977877,-0.03155332205538538,12,2.309399881741625
228,2019,-1.9072000346228475,1.8607502387713035,-0.2948307840558481,10,3.767950273394151
228,2020,-2.704645005586894,2.311947134977165,-0.07081258120613931,13,5.016592140564059
228,2021,-0.962572988422595,1.0849535117920022,-0.10054939960115765,12,2.0475265002145973
231,2009,-1.2298332410027044,1.0811430178146133,-0.17793075129654207,11,2.310976258817318
231,2010,-0.9098606853682861,1.565681372527318,0.11368295842044392,10,2.475542057895604
231,2011,-1.8383966675250787,1.6022567265744831,0.0019512985941470338,13,3.440653394099562
231,2012,-0.9193615540658117,1.0128055501112094,0.15555332395394686,11,1.932167104177021
231,2013,-1.9172747960487215,1.2505991023033138,-0.3690434025699208,12,3.1678738983520356
231,2014,-1.4472736798170738,2.147850230548193,-0.2268734529773195,11,3.595123910365267
231,2015,-1.4208995744127562,2.0613529402415427,-0.16622750071356476,12,3.4822525146542986
231,2016,-0.8934187138223247,1.9676535723976343,0.04093202936610865,11,2.861072286219959
231,2017,-1.3625009001120927,1.9092890712751482,0.08483510141351726,11,3.271789971387241
231,2018,-2.3352279923982717,1.66172771338892,0.1848592473355839,13,3.9969557057871916
231,2019,-1.6953613556578309,1.6585841510406427,0.10917593813355182,13,3.353945506698474
231,2020,-1.3014024487857585,1.5034915150490809,-0.002548460099756169,12,2.8048939638348394
231,2021,-1.4669345459495646,1.720888535189443,0.38721658615389914,12,3.1878230811390074
232,2009,-0.020420412395288176,1.9760153328426422,0.622680700892278,9,1.9964357452379304
232,2010,-2.1943539847509785,2.031783153797679,0.006278043895910629,10,4.2261371385486575
232,2011,-2.502639797838737,3.1220724937003155,0.13355031945020876,11,5.624712291539053
232,2012,-1.3696765331363714,1.367407938762367,0.14759791764547237,10,2.737084471898738
232,2013,-1.7012681477951699,1.877576634588637,0.08830921670989593,12,3.5788447823838068
232,2014,-1.053315263461242,0.6547232628150819,-0.17546513600017952,11,1.7080385262763238
232,2015,-1.5207119259492405,0.7071592942733135,-0.3601688879054609,11,2.227871220222554
232,2016,-1.073764282799484,2.4030995046565087,-0.08460260211161241,10,3.4768637874559927
232,2017,-1.3342588193316915,1.56929915532555,-0.30774442384956086,11,2.9035579746572413
232,2018,-1.8731742080822344,1.8165761656697554,-0.3184686189006085,11,3.68975037375199
232,2019,-2.356165248376482,2.4455599086163993,-0.1547474601393012,11,4.801725156992881
232,2020,-1.2713329654257342,2.8352593676013425,-0.1789020584499883,11,4.106592333027077
232,2021,-1.075722064768532,2.5613332685342343,0.2826493159787136,11,3.637055333302766
233,2010,-0.24967011424888783,1.2964087799036377,0.6191707808256897,10,1.5460788941525254
233,2011,-2.131507128203169,2.328048720409139,0.3402206183038734,11,4.4595558486123075
233,2012,-2.3317963751969955,2.3962501455509546,-0.12828666389039256,11,4.7280465207479505
233,2013,-2.123462960290748,1.4704174302234512,0.08358737583329905,10,3.593880390514199
233,2014,-1.1381803036135363,0.8947231582164219,0.1102753315002364,11,2.0329034618299584
233,2015,-0.8163505154409395,1.2777560656085203,0.15059834368320077,12,2.0941065810494597
233,2016,-1.841944150658052,2.0596898720648267,0.2238194579766849,13,3.9016340227228787
233,2017,-1.0636903708953807,2.1231410141569316,0.17835310889474465,13,3.1868313850523124
233,2018,-1.29959248098068,2.2996808149199617,0.39304893960894643,15,3.599273295900642
233,2019,-1.9768148655194782,1.8086480595563776,-0.20223677907772153,11,3.785462925075856
233,2020,-2.704645005586894,2.4532652927830294,-0.010551146515072421,12,5.157910298369924
233,2021,-1.70521354461304,2.8706021528109678,-0.17366019870322258,13,4.575815697424008
235,2009,-0.8747195107635021,2.404866687187835,0.35136079821497507,13,3.2795861979513368
235,2010,-0.7916311929134048,3.541780289013386,0.6219937102866592,11,4.333411481926791
235,2011,-0.40594191693562326,1.431723358634472,0.5108286648085093,11,1.8376652755700953
235,2012,-0.6115382799991667,1.8264312848625595,0.38813283918732056,13,2.437969564861726
235,2013,-0.5135078057359985,1.0276491453307357,0.4430173789467606,11,1.5411569510667342
235,2014,-0.3602507688841722,1.7149669562734084,0.4431355730472985,11,2.0752177251575805
235,2015,-0.7513250495221735,1.2968553341321711,0.16783407042899276,13,2.0481803836543446
235,2016,-1.7495930037534941,1.4149152891006704,-0.1293532467291461,15,3.1645082928541646
235,2017,-1.7608558322036727,1.820756717372284,-0.1002284754781733,11,3.581612549575957
235,2018,-1.1798336588385971,1.7573949778680045,-0.12939703332802405,11,2.9372286367066014
235,2019,-1.992957435002755,2.069676357664987,0.06744243935236828,11,4.062633792667742
235,2020,-1.1610781931056449,4.55459311977782,0.3936332937251402,13,5.715671312883465
235,2021,-1.2149193029424838,1.3117159440461335,0.1657704298153924,11,2.5266352469886173
236,2009,-2.2577556069431126,1.8161282735125925,-0.03593708883039312,13,4.073883880455705
236,2010,-1.5011479539010149,1.975842595441299,0.14019945133899625,15,3.4769905493423137
236,2011,-1.4904597897417335,1.5655452347049894,0.1232216231023872,12,3.0560050244467227
236,2012,-1.7769670062333094,1.2187100208854575,0.08602904366431728,14,2.995677027118767
236,2013,-1.0627781988659302,2.1194877918909603,0.340691191227681,13,3.1822659907568904
236,2014,-1.215043460829824,2.270134251039429,0.41458893493252,12,3.4851777118692526
236,2015,-1.8118312845973201,1.557099633599071,0.2012444296752765,13,3.368930918196391
236,2016,-1.0477242872788546,1.9811638873474007,0.47045805468276464,14,3.028888174626255
236,2017,-1.299773660490541,1.1492468703305292,0.22123206498011774,12,2.44902053082107
236,2018,-1.7448532486158739,1.5070716725648077,-0.256386695523866,11,3.2519249211806818
236,2019,-1.0593270942151627,1.510793448346091,0.10763068644001063,11,2.570120542561254
236,2020,-1.140768103467734,1.800675456113791,0.029324768288440606,13,2.9414435595815247
236,2021,-1.206480584293714,1.7947280654011633,0.2908094676054686,12,3.0012086496948776
238,2009,-1.4441768629443472,2.1671642125762367,0.05267513565254045,12,3.611341075520584
238,2010,-2.5450346827103725,2.324102547594924,-0.08266086897372929,14,4.869137230305297
238,2011,-1.4483701401064373,2.2129282398837744,0.24087633007311385,11,3.6612983799902117
238,2012,-1.4696768941918834,2.5139648565988444,-0.09733784597508653,13,3.983641750790728
238,2013,-1.7012681477951699,1.0874161624721224,-0.24616221617819584,10,2.7886843102672922
238,2014,-2.5384534661263918,1.2366072895670497,-0.08682975829523287,11,3.7750607556934415
238,2015,-2.518835441314084,1.6732833232182593,0.026097647414460842,11,4.192118764532344
238,2016,-2.3027306020063327,1.8716146804192761,0.09191006921490136,13,4.174345282425609
238,2017,-1.108375160106832,1.365526843175638,-0.07895499267229941,10,2.47390200328247
238,2018,-0.9789790535343957,1.3320965319368896,0.003493119206381588,11,2.3110755854712854
238,2019,-1.0454587914191202,2.148656839798374,0.16433655190495638,10,3.1941156312174943
238,2020,-2.704645005586894,2.7517558425254647,-0.3603865998570195,13,5.4564008481123585
238,2021,-2.6382498483683343,2.736509699734642,-0.3443937510295605,15,5.374759548102976
239,2009,-1.157376750776193,2.068325222507798,0.36665191710324,12,3.225701973283991
239,2010,-1.1749333511480906,2.5018997914990933,0.2285118274190278,13,3.676833142647184
239,2011,-0.9896599251083726,2.116777473157163,0.09832071482761462,10,3.1064373982655358
239,2012,-1.0583308711946304,1.2971701171415064,0.2924865976924415,11,2.3555009883361366
239,2013,-1.5132461665218355,2.3371170152060126,0.325926479068385,12,3.850363181727848
239,2014,-0.8262065005107294,1.3049980293474701,0.4434724631871772,10,2.1312045298581994
239,2015,-1.3230968675380803,1.9675457743494378,0.32216465889939006,11,3.2906426418875183
239,2016,-1.0959244699183013,1.7971492609758428,0.32494761953562656,11,2.893073730894144
239,2017,-1.0760476152715324,2.920472046063528,0.5233376149278135,11,3.99651966133506
239,2018,-1.466213450917491,1.37268187925589,0.06393589805485508,11,2.838895330173381
239,2019,-1.2511329919303558,1.3874011350294595,0.14070378287161825,12,2.638534126959815
239,2020,-2.350910944393274,1.7684794564882949,-0.04557074556173842,10,4.119390400881569
239,2021,-2.6382498483683343,2.8501989972510438,0.5724094549850894,13,5.488448845619378
242,2009,-1.7658023980808213,0.6707489921344267,-0.12828354694815985,12,2.4365513902152482
242,2010,-2.2581141116526866,0.5758557393205936,-0.12941353852733314,12,2.83396985097328
242,2011,-2.131507128203169,2.185351818610543,-0.10198752079799805,13,4.316858946813712
242,2012,-2.0527003895970806,1.8443687908579538,0.042940912146081214,14,3.897069180455034
242,2013,-2.0329926433274097,1.795606277439945,-0.4690833041986152,10,3.8285989207673548
242,2014,-2.0318946993258753,0.9932089349016067,-0.37745548032692283,12,3.0251036342274817
242,2015,-2.518835441314084,1.375619834578852,-0.46378821284603333,11,3.894455275892936
242,2016,-1.4047490980038235,2.5789769341536726,0.12552402045057354,9,3.983726032157496
242,2017,-1.3958709467794503,2.303998120172723,0.15571244395911782,13,3.699869066952173
242,2018,-0.6126271454413423,1.0800147994473264,0.07180412135119146,11,1.6926419448886687
242,2019,-1.2451766427627293,1.248417299977182,0.07166731800125276,10,2.4935939427399116
242,2020,-1.5573994017156951,1.1569181401519104,0.09835173591519937,12,2.7143175418676053
242,2021,-1.4063534833844227,2.020787884386921,0.13197177994989018,12,3.427141367771344
245,2009,-1.3305647524458837,1.251553200183876,0.30793392491950083,11,2.5821179526297597
245,2010,-1.3106386258933072,1.9536090319970327,0.24463876737190451,13,3.2642476578903397
245,2011,-1.2339719985742954,1.515704268753047,0.08300895959814304,11,2.7496762673273425
245,2012,-2.162265179124758,1.3744638094804265,-0.2520276423776977,13,3.5367289886051845
245,2013,-2.221466914554644,1.6680711150670107,-0.4139469314372455,11,3.8895380296216544
245,2014,-1.8577651232381982,1.3857688535084007,-0.15017118852215613,12,3.243533976746599
245,2015,-1.2905049872203118,1.532964165340735,0.13611745746474513,13,2.8234691525610467
245,2016,-1.208718028005946,2.0319037543955836,0.3849832779829928,13,3.2406217824015293
245,2017,-2.3960848455590216,1.6887008238303818,-0.37153942427208336,12,4.084785669389404
245,2018,-1.6494965178479828,1.4842298293609344,0.0041383188015959305,12,3.133726347208917
245,2019,-2.3324132387825594,1.0296951897718576,-0.032658814623234673,11,3.362108428554417
245,2020,-1.723772867775104,0.9714812188750276,-0.42368353955857574,11,2.6952540866501318
245,2021,-2.6382498483683343,1.5852033525357967,-0.6449205023749637,13,4.223453200904131
248,2009,-0.848347697472811,2.4171166105568247,0.22211371394176121,10,3.2654643080296357
248,2010,-2.019013635771282,3.2869753483778665,0.06604301959801119,12,5.305988984149149
248,2011,-1.70735550576252,1.5110140732200745,-0.017584514345407906,11,3.2183695789825943
248,2012,-1.5303761755827823,1.777722539757675,0.11513195605003497,11,3.3080987153404573
248,2013,-1.2759002760218627,2.1521528092670277,0.1928554314389453,13,3.4280530852888904
248,2014,-2.5384534661263918,1.4361405360253594,-0.1960916068987934,13,3.9745940021517514
248,2015,-1.2135969981446733,0.9259643941968323,-0.10674650201613871,12,2.1395613923415056
248,2016,-1.3562099484992145,2.3008250497509533,0.09083600669796116,13,3.6570349982501678
248,2017,-1.5588217058243723,2.4559216404759363,0.028084214387215256,11,4.014743346300309
248,2018,-2.1662529426658974,2.2379491782987073,-0.04142731873209579,13,4.404202120964605
248,2019,-0.8247013754913867,1.5772474594374322,0.34528507255840696,11,2.401948834928819
248,2020,-1.4682929470460877,2.2699302733193663,0.0905631565080563,10,3.738223220365454
248,2021,-1.2172255693899587,2.3785354245806287,0.5502872371666694,14,3.5957609939705875
249,2009,-0.838771919781599,2.9338082935781666,0.5666637531747306,11,3.772580213359766
249,2010,-1.4472516282287928,1.4820013202827829,0.06108208074554201,13,2.929252948511576
249,2011,-1.0007539944573918,3.064350246694783,0.5981459008090023,11,4.0651042411521745
249,2012,-1.3416865068253347,1.7495372176039243,0.21816626893248592,14,3.091223724429259
249,2013,-1.1989324323974617,1.1937337313256167,-0.017183432992725785,11,2.3926661637230784
249,2014,-1.8481779634792095,1.3227216004800864,-0.07243140944136353,12,3.1708995639592956
249,2015,-1.344802429116011,1.1240334339722942,0.015639430496139802,11,2.468835863088305
249,2016,-1.9359538487723242,2.4138365718128156,0.15658339946538824,12,4.34979042058514
249,2017,-1.3190320235322457,1.332575141953786,-0.004725262381098593,14,2.6516071654860314
249,2018,-1.9435131043823137,2.058460913130432,0.02533266959019045,13,4.001974017512746
249,2019,-0.9919355777885743,1.0003893616963813,-0.028253614514240577,11,1.9923249394849556
249,2020,-1.1207611494960599,1.3689294061205208,-0.1622346219770426,12,2.4896905556165807
249,2021,-1.5198489515251403,1.264712964634215,0.10730480215002829,12,2.7845619161593556
250,2009,-1.3916387882705044,2.4565314298845684,0.06159926958945499,13,3.8481702181550728
250,2010,-1.424874755415619,3.081998288918837,0.030051117894659963,12,4.506873044334456
250,2011,-0.9162679645679715,1.074359029283174,0.16945084942628577,11,1.9906269938511456
250,2012,-1.2727352841248025,2.4171985946439998,0.4661424430903982,12,3.6899338787688025
250,2013,-1.8304964730112077,1.0618374900477443,-0.07649801579232206,11,2.892333963058952
250,2014,-1.979939954013002,2.8131652296842335,-0.17192589035252379,13,4.793105183697236
250,2015,-1.2711810471080296,1.50051102443004,0.25406082010607356,13,2.7716920715380695
250,2016,-0.6794889015204928,2.3016143365717032,0.4126695052551902,13,2.981103238092196
250,2017,-2.047306038833166,2.5224184038392985,0.3791440870682202,13,4.569724442672465
250,2018,-1.538244067992101,2.4828131556440955,0.16608546868396787,11,4.0210572236361966
250,2019,-1.239560656404682,1.5761302970236533,-0.18169494868780267,11,2.8156909534283354
250,2020,-1.643442822006035,1.2536501589223936,-0.2762791624221016,13,2.897092980928429
250,2021,-1.7149593883575978,1.9795414494519856,0.03410871390382439,16,3.694500837809583
251,2009,-1.1804495841429912,2.576174013506418,0.32823427442314296,12,3.7566235976494093
251,2010,-1.3540436330369605,2.4524208613873397,0.39910574831683693,14,3.8064644944243002
251,2011,-1.5352055522948023,2.3276838916638387,0.2899092776794693,9,3.862889443958641
251,2012,-0.6828124822091144,2.2893341478313993,0.38596804382810973,9,2.9721466300405135
251,2013,-0.7122060188906431,1.6902798653087294,0.07301394363184908,11,2.4024858841993724
251,2014,-0.5910014889829498,1.7667248675015135,0.404239167084958,10,2.3577263564844633
251,2015,-1.0747418446160126,1.3579820537950602,0.08426438435502266,11,2.432723898411073
251,2016,-0.8919949023025413,1.7887752247897069,0.3256506838869017,12,2.680770127092248
251,2017,-1.5391541378743705,1.0005108844691193,-0.08779889532746113,10,2.53966502234349
251,2018,-1.631677330785296,2.17815947836967,0.03857885046132126,11,3.809836809154966
251,2019,-1.181312537969048,1.457516792047649,-0.05734340167331178,11,2.638829330016697
251,2020,-1.4993289452234495,0.9779715634373252,-0.295447905877293,12,2.4773005086607744
251,2021,-1.773927195514889,1.1855040348848722,0.1157503026840826,12,2.959431230399761
252,2009,-2.040431222368782,1.799942820496732,0.1138692999707689,12,3.840374042865514
252,2010,-1.7698457714317128,3.4234911907741497,0.38173410792574514,13,5.193336962205862
252,2011,-1.3294311520899373,4.23834134452158,0.25371012522393155,12,5.567772496611518
252,2012,-1.2291354851664626,2.151028526252962,0.4795070970928008,12,3.3801640114194242
252,2013,-1.1175952922051553,2.84722882526932,0.14637735492589765,13,3.964824117474475
252,2014,-1.4970816586799123,2.9427849485218442,0.45331163065353025,10,4.439866607201757
252,2015,-2.104979349577442,3.333273631882813,0.12310812682809696,15,5.438252981460255
252,2016,-1.323796586359607,1.7799341873494938,0.2898656200838549,13,3.103730773709101
252,2017,-1.7909134110033147,3.029214797571225,0.024685176772284285,15,4.820128208574539
252,2018,-1.1724905872468308,1.5894661441610825,0.05448471993885942,11,2.7619567314079134
252,2019,-2.0510706851425513,2.601655476202409,-0.06330384064641352,14,4.65272616134496
252,2020,-1.4722811794929933,3.8329801253783957,0.10664490312691986,13,5.305261304871389
252,2021,-1.5156125844916435,1.4971438998934885,0.26548129322355885,14,3.012756484385132
253,2009,-1.5741198430574985,1.6153162429716796,-0.029871982963740967,12,3.189436086029178
253,2010,-1.3041645207002106,1.5963373693815124,-0.20892229767790899,11,2.900501890081723
253,2011,-1.0446185956990057,1.1937218715155091,0.24903096203743413,12,2.238340467214515
253,2012,-1.9794310566621631,1.2683252646605934,-0.1925946208309073,11,3.2477563213227567
253,2013,-2.3458565488126664,1.9069931516910938,-0.10782803063500736,13,4.25284970050376
253,2014,-1.6694896241414638,0.4021201751506046,-0.2679095399859123,14,2.0716097992920686
253,2015,-0.7687623717730354,1.5142674997854015,0.32085212120395645,13,2.283029871558437
253,2016,-1.563770067235112,1.0770717108525043,0.028391541022819933,13,2.6408417780876166
253,2017,-1.9331286981239055,3.0673727949796126,0.40908105710783765,18,5.000501493103518
253,2018,-1.4423484682442496,2.1570586321247234,-0.060081435978490055,13,3.599407100368973
253,2019,-1.4003552131824641,2.1072552137495375,0.19296061512115342,14,3.5076104269320014
253,2020,-1.943506887708209,1.3783075531350317,0.051214293537681484,12,3.321814440843241
253,2021,-1.3716847301484778,2.6828682397626484,0.5055303709700031,15,4.054552969911127
254,2009,-2.350028313103346,2.2273007070661257,0.12664462870050647,10,4.577329020169472
254,2010,-1.9292051643426569,1.1483297052255967,0.12570043292993527,13,3.077534869568254
254,2011,-1.876353417828716,1.6601144727496382,-0.07141493843917189,11,3.536467890578354
254,2012,-1.6660011324405721,1.7540354302504428,-0.5119108057064933,12,3.420036562691015
254,2013,-1.3325681657002322,1.3467970259497561,-0.022960280373146652,12,2.679365191649988
254,2014,-0.5780710386083941,1.060150640331471,0.32403610172766445,13,1.6382216789398654
254,2015,-1.2135969981446733,1.187929699652436,0.2421112105839455,13,2.4015266977971095
254,2016,-1.4301381490730563,3.610809029012571,0.7103821831587359,14,5.040947178085627
254,2017,-1.6363315771765852,1.7240532875567653,0.06577184917427882,14,3.3603848647333505
254,2018,-1.5587806564379412,1.9191216521939842,-0.09708650740366176,13,3.4779023086319256
254,2019,-0.8542209886706621,1.6329461659071591,0.30917465300750935,12,2.487167154577821
254,2020,-0.9991414962605139,1.9903707157102377,0.14001609905834067,11,2.9895122119707516
254,2021,-2.040717111143644,1.4030738175689415,-0.0824970128546111,11,3.4437909287125854
256,2009,-0.8577554790641772,2.1882339238814543,0.23523400045276452,12,3.0459894029456316
256,2010,-0.8617673325052835,2.7986711909565756,0.003538937422572941,11,3.660438523461859
256,2011,-1.1375170217009523,2.070057491332764,0.26861690984762776,10,3.207574513033716
256,2012,-1.382421677192466,1.6631888884201416,-0.08302874396053861,10,3.0456105656126073
256,2013,-2.166294318080155,1.885739256089012,-0.0014009209780288339,12,4.052033574169167
256,2014,-1.7530438397169377,1.1995638744799597,-0.31252183535460404,11,2.9526077141968976
256,2015,-1.176036179636201,1.5626804471913442,0.2563225674097828,11,2.7387166268275456
256,2016,-1.3232699541655149,2.070804319132524,0.16725714576073178,12,3.3940742732980387
256,2017,-2.563822580136962,1.100420044234668,-0.29300739644791135,12,3.66424262437163
256,2018,-1.2505447186111636,1.5382622624716047,-0.181367914090536,12,2.788806981082768
256,2019,-1.479779943848909,1.3086080628569945,-0.15948765097501064,10,2.7883880067059037
256,2020,-1.5336632857735326,1.8226205423606867,-0.09158575299243303,12,3.3562838281342193
256,2021,-1.4201502321211765,2.309740537071207,0.29261292601657646,12,3.7298907691923837
257,2009,-0.974276646550234,1.2716173081879498,0.09202934029760196,11,2.2458939547381838
257,2010,-1.5400989512446477,1.4818587473956475,-0.018237686425484973,12,3.0219576986402954
257,2011,-1.334987224938698,2.182988919610317,0.0076799561777538125,13,3.5179761445490154
257,2012,-1.0295073918103488,1.8203580526684968,0.29278747196449956,10,2.8498654444788456
257,2013,-1.8304964730112077,1.6465531523328105,0.042001405831402536,11,3.4770496253440184
257,2014,-1.1545746863702295,1.7760057966367389,0.06968224478391954,10,2.9305804830069686
257,2015,-1.6105673275757595,1.7910201560884786,-0.034929212133711376,9,3.401587483664238
257,2016,-1.2241106408183038,2.362214480986044,0.25312406985028574,11,3.586325121804348
257,2017,-2.236849945452774,1.9564358813017235,-0.28420143526861247,11,4.193285826754497
257,2018,-1.865813160795017,1.458889012518304,-0.3857256578647441,11,3.3247021733133213
257,2019,-1.7911753164617958,1.8482191216700132,-0.23066452135431859,12,3.6393944381318093
257,2020,-1.6903986708370464,1.8826544090120254,0.10733284223604382,10,3.573053079849072
257,2021,-0.7549585778126655,1.330194451682803,0.2119260795300754,11,2.0851530294954683
258,2009,-1.6907987275820082,1.542226621751432,0.03906550892653476,13,3.23302534933344
258,2010,-1.5063095773622954,1.9734133886926881,0.19674682674797764,12,3.4797229660549833
258,2011,-1.1680873899026194,1.4372033048949266,-0.06073313804874398,11,2.605290694797546
258,2012,-1.3179718009997148,2.379902747090215,-0.12292443841745226,12,3.6978745480899295
258,2013,-2.5089451803954064,1.7350820716787072,-0.2888340831192123,12,4.244027252074114
258,2014,-2.5384534661263918,1.0052119042165097,-0.39115895459837463,15,3.5436653703429015
258,2015,-1.0664811397196465,1.3824447715351154,-0.06856032304880948,12,2.448925911254762
258,2016,-1.103168207212487,1.766156784596227,-0.010709458823935048,11,2.869324991808714
258,2017,-1.6541679426181308,0.85018988660038,-0.14978701333135938,12,2.504357829218511
258,2018,-1.423786815053951,1.3975844698714461,-0.02140441548521655,13,2.821371284925397
258,2019,-1.3093140728331694,1.2335195443676377,-0.0634098373273264,13,2.542833617200807
258,2020,-1.5618118848075075,0.8463421995730147,-0.6727270276238391,10,2.4081540843805223
258,2021,-1.3147410667952693,1.3075876353166034,-0.08878145160732329,13,2.6223287021118726
259,2009,-1.2774659323575108,1.8289281427694093,0.03274598205974631,10,3.10639407512692
259,2010,-1.6927474167837453,2.216370417318441,-0.04492050072541111,11,3.9091178341021866
259,2011,-1.70735550576252,1.5890978848934003,0.2048186898446085,11,3.2964533906559206
259,2012,-0.9150407231724393,1.3199237198777216,0.17779341668450802,10,2.2349644430501607
259,2013,-1.3256044117020367,3.316927617790091,-0.1483310551083665,12,4.642532029492127
259,2014,-1.5971298097903026,0.9460674692126159,-0.05288119912600246,11,2.5431972790029187
259,2015,-0.693479254881711,1.5471054448608166,0.1790489595966316,11,2.2405846997425276
259,2016,-1.851357860829109,1.6267059937854247,-0.05661849282566984,12,3.4780638546145335
259,2017,-1.9573861551244078,1.8494090942585226,0.3713010296465175,10,3.8067952493829305
259,2018,-1.215896299322606,1.3541622631302417,0.4373867682824476,10,2.5700585624528474
259,2019,-1.4719760918377263,1.4416048306998475,0.1779739626034204,9,2.913580922537574
259,2020,-1.9664173996176009,1.6411260874639853,-0.08873336000927441,10,3.6075434870815863
259,2021,-1.3961272148860542,1.4414428395475538,0.16533867770494162,12,2.837570054433608
261,2009,-2.4523744588007226,1.5984006994466964,-0.10314851728003657,14,4.0507751582474185
261,2010,-1.1136848951210112,1.7843860019272928,0.11343871978360104,11,2.898070897048304
261,2011,-1.5573018657481394,1.5463535012901248,-0.1162133659713961,14,3.1036553670382645
261,2012,-1.3566417267153656,1.7027665179063327,0.22256343965257147,11,3.0594082446216984
261,2013,-1.5582042787919892,1.42333094431981,0.07102892394634178,10,2.9815352231117993
261,2014,-1.55545368155433,1.2793202831160857,0.17513300636232138,13,2.8347739646704158
261,2015,-1.6977983560946162,1.5400111492917032,0.050188806525166045,13,3.2378095053863194
261,2016,-2.636164014037249,0.9681003709863931,0.01909775933298784,12,3.604264385023642
261,2017,-1.5530952051160385,1.9139437041679326,0.02440442011863908,12,3.4670389092839713
261,2018,-2.0944013819292575,2.290655101093778,-0.09659101199405433,14,4.385056483023035
261,2019,-1.1704645869178758,2.8828649617412796,0.001971573387439252,13,4.053329548659155
261,2020,-1.8961100085729063,1.8641315186359808,-0.15707263143436812,13,3.760241527208887
261,2021,-1.827001022647222,3.085418233491874,0.2822853867930744,12,4.912419256139096
264,2009,-1.3337029176644426,2.036271883791021,0.45239548212387143,12,3.369974801455464
264,2010,-0.7332736416499332,2.4888328232816095,0.47878986601773404,11,3.2221064649315427
264,2011,-1.4588291644887021,2.0198338590287577,0.5313159290082119,12,3.47866302351746
264,2012,-1.4285857745584367,1.9715309240323773,0.03818408689270858,12,3.4001166985908142
264,2013,-2.3393330035493567,1.5737803602400797,-0.19957436732142844,10,3.9131133637894364
264,2014,-2.1933157148028006,1.757934246511992,0.027179297844938555,11,3.951249961314793
264,2015,-1.6581347287893278,1.241049128503436,0.17185822754714086,11,2.8991838572927637
264,2016,-1.0023402950857574,2.425987804472159,0.19911670003349513,11,3.428328099557916
264,2017,-1.7191432738694759,3.539666600634551,0.22440978947321635,17,5.258809874504027
264,2018,-1.244213612096643,1.9965773174257735,0.060336096543164845,11,3.2407909295224164
264,2019,-1.4218400879700714,1.2603245671902397,-0.1460709467473658,9,2.682164655160311
264,2020,-1.2675310767250414,1.7666084235840567,0.013862084239934895,12,3.034139500309098
264,2021,-0.9737202804345886,1.6484798055631409,-0.0035104129555778877,11,2.6222000859977292
265,2009,-1.6284879859368406,1.1862408787684715,-0.5450388984597804,12,2.8147288647053124
265,2010,-1.1893831254982203,2.1006559246609506,-0.059228291560881975,13,3.290039050159171
265,2011,-1.7294467360979706,2.688967966338197,-0.04603402533776194,12,4.418414702436167
265,2012,-1.3409222447171334,2.7728254701735655,0.29305185350827123,12,4.113747714890699
265,2013,-2.2308924314674563,1.9675565692549764,-0.44479078881843903,13,4.198449000722433
265,2014,-1.7523865931676408,2.090573231634234,-0.29380526583534156,12,3.842959824801875
265,2015,-1.870373030057944,1.9131309142238406,-0.1799465080622152,12,3.783503944281785
265,2016,-1.7711985157688124,1.3349353028587374,-0.11991174060212514,13,3.1061338186275496
265,2017,-1.292262334142897,1.2100014679739488,-0.17285719942848862,11,2.502263802116846
265,2018,-1.3780965918162926,1.6124417051824058,-0.041188563002136525,12,2.9905382969986984
265,2019,-1.1939002455805563,2.5174587334415133,0.00990154639203305,12,3.7113589790220693
265,2020,-1.6202048179860162,1.9773631302118002,0.01226137846183786,14,3.5975679481978164
265,2021,-2.1932404825073037,1.4947521163490918,-0.29259825595118605,14,3.6879925988563955
269,2009,-1.244007631933696,2.204667349475543,-0.011782002935137656,12,3.448674981409239
269,2010,-2.404762403526615,2.1810030917943433,-0.13848070084307526,13,4.585765495320958
269,2011,-1.3399140290437614,1.8947301561841334,0.29821704347546674,13,3.2346441852278947
269,2012,-1.934041987401111,2.2154926612678802,0.18087499554623104,11,4.1495346486689915
269,2013,-1.7666599425571146,2.030608420943606,0.08820008387887046,12,3.797268363500721
269,2014,-1.206042241749502,2.0453819158642204,0.2367462645683369,11,3.251424157613722
269,2015,-1.0766275318861547,1.3283689958849316,0.272244684290593,9,2.404996527771086
269,2016,-1.5846933038209428,1.5037416152842809,0.0017168436511529883,10,3.0884349191052234
269,2017,-1.168148319701371,2.1825887933093138,0.5087025420846101,10,3.350737113010685
269,2018,-1.1708842903361316,2.5842824318192803,0.23259792455206912,10,3.755166722155412
269,2019,-1.6943694166464398,3.5221252096843423,-0.036920957538581115,10,5.216494626330782
269,2020,-1.358394986286905,4.400891525803944,0.1352180253641333,10,5.759286512090849
269,2021,-1.59283102063131,0.9603408330994151,-0.18663292900440967,11,2.553171853730725
270,2009,-2.0600475669607787,1.479552708246217,-0.20923154732870863,13,3.539600275206996
270,2010,-1.3161462491250622,1.370723201452523,0.10813492595527949,13,2.686869450577585
270,2011,-1.7847247920957268,2.043735405196971,-0.22076787562559005,13,3.8284601972926975
270,2012,-1.2455212505209665,1.194930657070792,-0.0814467188908335,14,2.4404519075917586
270,2013,-1.3996056416432743,0.9260448997451135,-0.31361989900052567,13,2.325650541388388
270,2014,-0.9183026995825919,1.1307115051639782,0.07354566768518664,13,2.04901420474657
270,2015,-2.1417665577318097,1.3009064732552214,-0.41028209869005816,13,3.442673030987031
270,2016,-1.5988156210521751,1.5921582399779983,0.042201944242547425,15,3.1909738610301734
270,2017,-1.7482701464993893,0.6382864609318974,-0.22570335946676146,11,2.3865566074312867
270,2018,-1.4089374925017122,1.1056239433828097,-0.12111288693349194,10,2.514561435884522
270,2019,-1.1856713185588077,1.3037662452820835,-0.01455462795865094,11,2.489437563840891
270,2020,-1.5469698962259573,1.20658347456574,-0.05093121328003593,13,2.753553370791697
270,2021,-1.745550337333857,1.5289057566389717,0.05035119930740364,11,3.2744560939728284
275,2009,-1.453152878439493,0.9648819343278784,-0.14022038772074966,10,2.418034812767371
275,2010,-1.5603936143452786,1.9493622219616813,-0.04618544623112709,11,3.50975583630696
275,2011,-1.6545436582418338,2.0501707609698445,-0.18845123336368777,12,3.7047144192116783
275,2012,-1.0583308711946304,0.9727964353230303,-0.13654852227118955,11,2.0311273065176607
275,2013,-0.7068158014061288,1.1333675916191215,0.1337984781983051,13,1.8401833930252502
275,2014,-1.4245998141275296,1.656486321440383,0.027503607540255645,13,3.0810861355679124
275,2015,-2.518835441314084,2.218254194536455,-0.03880706237861536,12,4.737089635850539
275,2016,-1.9554041311407946,0.9736454592482454,-0.3224713340153914,10,2.92904959038904
275,2017,-1.9725470657497217,1.4048816189958289,-0.2870045133472828,14,3.3774286847455506
275,2018,-2.054883023524106,2.040179047574529,-0.4261147547760737,14,4.095062071098635
275,2019,-1.102512473183296,2.0542153425902,-0.04044214318022399,12,3.156727815773496
275,2020,-1.453543483891566,2.1861128839596717,0.06972301965170898,10,3.639656367851238
275,2021,-0.9163835438602941,2.0233366165791282,0.06730146192512204,10,2.939720160439422
276,2009,-1.793265280509617,1.8225081834175323,0.2041213816341273,13,3.615773463927149
276,2010,-0.6445715453820463,1.9300878573389122,0.6083265297452976,13,2.5746594027209584
276,2011,-1.2723175466173793,1.7038389639908311,0.12193500783943373,11,2.9761565106082104
276,2012,-2.081478008734309,1.6044844189156133,0.1362537439289822,11,3.6859624276499225
276,2013,-2.0442542849267773,1.7313592407558354,-0.20714716482478523,13,3.775613525682613
276,2014,-1.738763664691311,3.792768229171023,0.4381026085277344,11,5.531531893862335
276,2015,-0.9356873774698465,1.630971565501706,0.3110596678493021,12,2.5666589429715527
276,2016,-2.264840441548274,2.731651276670575,0.04966805189725001,15,4.996491718218849
276,2017,-1.2498769926097615,1.8651354734303338,0.1440480331389451,14,3.1150124660400955
276,2018,-1.5934933585081104,2.129720633968792,0.06013164281867428,12,3.7232139924769023
276,2019,-2.7193730617502085,1.991404968848879,-0.08515417581601052,12,4.710778030599087
276,2020,-1.8042310316394985,1.475192166476488,0.15673421094980988,12,3.2794231981159863
276,2021,-2.6382498483683343,1.6320149350146558,0.13512408600355572,11,4.27026478338299
277,2009,-2.223517105227422,1.8091072973917701,0.05879113868483115,14,4.032624402619192
277,2010,-1.4076918785177448,1.8314604278228586,0.33399347831850623,14,3.2391523063406034
277,2011,-1.3875522623631307,2.334964157290604,0.42976391827584076,11,3.7225164196537346
277,2012,-1.7833443553018575,1.901719840107735,-0.2334777257909434,12,3.6850641954095926
277,2013,-1.1231263287225317,1.2781495442052633,0.1612309722620378,13,2.401275872927795
277,2014,-1.5014673187576593,1.9442245484880314,0.2497375552489176,11,3.4456918672456904
277,2015,-1.09403317128946,1.4176835705823267,0.3566464487767756,14,2.511716741871787
277,2016,-1.721222731424414,2.2674345174512767,0.23014874517515224,11,3.9886572488756906
277,2017,-0.6551437266763968,2.186596082461379,0.5260780412726266,15,2.8417398091377755
277,2018,-1.5526677277714964,2.08022598863984,0.20974228573089712,12,3.6328937164113366
277,2019,-0.6986333319826665,2.0542153425902,0.4764705117676795,15,2.752848674572866
277,2020,-1.2869613117934362,1.392978959862635,0.097644153886909,12,2.679940271656071
277,2021,-2.1932404825073037,1.883071447362167,-0.10258343048103233,13,4.076311929869471
278,2009,-1.3961097500008741,1.7641761537934073,-0.1303143355292742,11,3.160285903794281
278,2010,-1.80241673409048,1.6948421735650936,-0.19912500037914968,11,3.4972589076555733
278,2011,-1.1973850698831379,1.5869274441783636,0.1395214584782561,11,2.7843125140615017
278,2012,-2.1764441518871633,1.5699985556892666,-0.10410522673376575,9,3.74644270757643
278,2013,-1.7613432989803115,0.9283780048567629,-0.3233772046515082,11,2.689721303837074
278,2014,-1.4818626055238224,1.3201299015456796,0.09858017818504491,10,2.801992507069502
278,2015,-1.7219909773902176,1.3077334481323204,0.08373082315166941,11,3.029724425522538
278,2016,-1.6954776303985115,1.9764613607284498,0.07274155596332851,11,3.6719389911269613
278,2017,-1.800886432540523,0.9601516281073679,0.007762563052465779,11,2.761038060647891
278,2018,-0.9530432971800363,1.6011970644243065,0.3007345714973194,9,2.554240361604343
278,2019,-1.163608419849792,2.4610552634146665,0.22035834754430267,10,3.6246636832644583
278,2020,-1.2679405108928081,1.493923982175283,-0.09375366646046243,13,2.7618644930680913
278,2021,-1.8149825215254276,1.7184002240018499,-0.2443175868718581,13,3.5333827455272777
279,2009,-0.6746432301509775,1.503507240930323,0.1600664615006238,10,2.1781504710813007
279,2010,-0.6061175131055345,2.224222809537379,0.4071542851085484,11,2.830340322642914
279,2011,-1.8255734410711468,1.2287947056953408,-0.1915403108606591,10,3.0543681467664876
279,2012,-1.886562930966877,1.709944763370215,-0.4078147394127612,15,3.5965076943370917
279,2013,-1.8022277768701997,1.0867183659186537,0.024719035094492508,14,2.8889461427888534
279,2014,-1.6934610404720825,1.0455790331624644,0.15636842355215977,12,2.7390400736345466
279,2015,-1.1613874604178969,1.0628967031278438,0.04252540177626937,13,2.2242841635457404
279,2016,-0.9224792579068659,3.4906749320308443,0.3330637063262482,13,4.4131541899377105
279,2017,-1.7201822398058444,1.0451479669377493,-0.24610394424655996,14,2.7653302067435934
279,2018,-2.0389730350752786,1.0824890888849126,-0.08376652366900396,10,3.121462123960191
279,2019,-1.513672897767322,1.872377183846985,-0.17098685710738556,11,3.386050081614307
279,2020,-0.9135864678976809,1.7834432807036933,0.05369746358009809,12,2.6970297486013743
279,2021,-1.199530248060342,0.7220249550721014,-0.08035611493677343,12,1.9215552031324434
282,2009,-1.7359514389190862,1.1347968291299684,-0.22839323723072633,12,2.870748268049055
282,2010,-0.8577973623397054,1.9937116755920963,0.14781978393866033,11,2.8515090379318018
282,2011,-1.1506565013091679,1.0959707744268568,0.01692894828684361,13,2.2466272757360244
282,2012,-1.5536394614932094,1.243142892171873,0.0022756704778284106,11,2.7967823536650824
282,2013,-0.6583655876592974,1.0484637721809165,0.09827413898295527,10,1.706829359840214
282,2014,-0.8654363342084219,0.9918962444462736,0.07279389455060849,11,1.8573325786546955
282,2015,-2.518835441314084,0.8404284034233874,-0.1704198329619864,11,3.3592638447374714
282,2016,-1.724077957341028,1.2879017942499777,-0.3159018358834338,11,3.0119797515910056
282,2017,-1.7973543207460951,1.4021478769094258,-0.17122257096051227,13,3.199502197655521
282,2018,-2.6117326192330657,1.5358367832888433,-0.4682706335158577,13,4.147569402521909
282,2019,-1.2727429172641214,1.592255174428225,-0.024256749866321828,13,2.864998091692346
282,2020,-0.8906241789529475,1.2639749722490299,-0.1268848981879325,11,2.1545991512019773
282,2021,-1.6403500582557202,1.514886730213379,-0.206942200210507,11,3.1552367884690993
288,2009,-0.07737211244450476,2.8917540138298627,0.8248708952931558,10,2.9691261262743676
288,2010,-1.568739619591421,3.2878062934749828,0.09342540372915618,11,4.8565459130664035
288,2011,-0.9935159905856744,2.1785594176910306,0.17472156776832606,12,3.172075408276705
288,2012,-0.5366903323273279,2.117996022689092,0.537497151938534,11,2.65468635501642
288,2013,-1.645179464975709,1.498375481351921,0.008516436202316858,13,3.14355494632763
288,2014,-2.0846612375342626,1.792087518923528,-0.13111216925902378,12,3.8767487564577907
288,2015,-1.7108306907806394,2.2724688594310387,-0.021291168332986325,14,3.983299550211678
288,2016,-1.761977891351027,1.69576150371449,0.21475828943561476,13,3.457739395065517
288,2017,-0.8392689965075111,2.586633470370462,0.5496204948320637,11,3.4259024668779734
288,2018,-1.882765875759518,3.1044422934483418,0.16737936171126486,12,4.98720816920786
288,2019,-1.300806696309427,3.0865810418652977,0.3402087958307743,14,4.387387738174724
288,2020,-1.2897087608124158,2.5875840657773876,-0.14674203639299851,14,3.8772928265898035
288,2021,-1.7080042813142025,1.4780867858461992,0.0025916122326589573,15,3.186091067160402
290,2009,-2.216978323696756,1.4697198281860202,0.13304088160525276,13,3.6866981518827764
290,2010,-1.4929925888321918,1.2776216429723508,0.0754003769537387,12,2.770614231804543
290,2011,-1.5861231441655357,1.0761395165042402,-0.21341248623000003,10,2.662262660669776
290,2012,-1.5666763486227075,2.1291366835394014,-0.11195296994830112,11,3.6958130321621088
290,2013,-1.498011676014978,1.3751041561918993,-0.3075213987243194,11,2.873115832206877
290,2014,-2.5384534661263918,2.141278891229939,-0.40412340356356213,13,4.679732357356331
290,2015,-0.7987460600336638,1.742702033210515,0.33949822424580306,12,2.5414480932441785
290,2016,-0.9143357387956303,2.091943211224302,0.3707491089207733,12,3.0062789500199325
290,2017,-1.385603240112571,2.5193818420578205,0.20436743055871814,10,3.9049850821703913
290,2018,-1.1406136873135806,2.0832357981530873,0.1638722558335448,11,3.223849485466668
290,2019,-0.75026784495979,3.008933023458282,0.8449751458771043,11,3.759200868418072
290,2020,-1.2361706326317596,3.083730541217789,0.36290740227727314,12,4.319901173849549
290,2021,-1.3201578027668301,2.6166479825438365,0.22888689977640778,16,3.936805785310667
292,2009,-1.4012089589399077,2.4299157507630214,0.23650033761491246,10,3.8311247097029293
292,2010,-1.6364528743610345,0.7388589850023977,-0.25929577592833336,13,2.375311859363432
292,2011,-2.29387767116873,2.256429022011423,-0.159449074205097,13,4.550306693180153
292,2012,-0.9534168602786645,1.0178758547290037,-0.01165760795144689,10,1.9712927150076682
292,2013,-1.448869075107596,1.220915011858956,0.01293958130122433,11,2.669784086966552
292,2014,-2.5384534661263918,1.367728310277695,-0.44791235445789834,13,3.906181776404087
292,2015,-1.670430453253967,1.6949899029921003,-0.2368413565229071,11,3.3654203562460676
292,2016,-1.811397232835775,0.8785579372747988,-0.31626175554478514,11,2.689955170110574
292,2017,-1.3732269865408862,2.8567648037551843,0.01300052364173937,12,4.22999179029607
292,2018,-1.9144600819974984,2.881605723711766,0.1746123057618372,14,4.796065805709264
292,2019,-1.716919496838723,0.9302474910742642,-0.21049606708436616,12,2.6471669879129873
292,2020,-1.8640888205723523,2.035391414407608,-0.019680110642278356,12,3.8994802349799604
292,2021,-1.3210221254196837,3.7106761467761165,0.19204135383526436,15,5.031698272195801
294,2009,-1.0509180874343256,1.3829591217725203,0.22758747561529244,12,2.433877209206846
294,2010,-0.9419229206102879,1.891061971831737,0.03496876933950028,12,2.832984892442025
294,2011,-1.7242047492387111,1.7294087564239904,0.08132615328510424,12,3.4536135056627018
294,2012,-1.5622525512522407,1.6496672724917987,-0.016463658242655867,12,3.211919823744039
294,2013,-1.5228278731509317,2.0191627082547883,0.06130202485377839,12,3.54199058140572
294,2014,-1.7161454008923323,2.5344659735035147,0.45450406855745484,13,4.250611374395847
294,2015,-2.171535153804095,1.204719784060874,-0.35148751765107783,13,3.376254937864969
294,2016,-1.9482382376366212,1.5763805791411718,-0.14918698124329827,12,3.524618816777793
294,2017,-1.1511411970152319,1.558212434448371,0.3731386064438476,11,2.709353631463603
294,2018,-1.701816684117148,2.0818547695289795,-0.042133920663659945,12,3.783671453646128
294,2019,-0.9700773110143537,1.730603910034433,0.1811425607109282,13,2.7006812210487867
294,2020,-1.9971768831996548,1.3866047564354345,-0.20438062373062485,11,3.3837816396350893
294,2021,-1.649259877810297,2.1589376100182545,-0.060153168447890336,12,3.8081974878285516
295,2009,-1.4074452737050676,1.6906875366715703,0.08703954286890928,11,3.098132810376638
295,2010,-1.282584170056556,1.6033019149514576,0.07980975084823307,11,2.8858860850080132
295,2011,-1.2301849305167896,1.8108003319527821,0.03615396246181554,11,3.0409852624695715
295,2012,-2.5167394981848905,1.632827507893471,-0.2035190038022817,12,4.149567006078362
295,2013,-1.9031874059452292,1.29708180291641,-0.08114174617094187,10,3.200269208861639
295,2014,-1.8239058403158008,1.7473132155239581,-0.2535460566478472,10,3.5712190558397587
295,2015,-1.933728552996762,1.9144744432440874,-0.13044804074553604,12,3.8482029962408495
295,2016,-1.4739250327974471,2.4994109165004477,-0.3205184325854234,12,3.973335949297895
295,2017,-2.563822580136962,3.743116239993602,-0.19222876895438015,17,6.306938820130564
295,2018,-1.6591643746585893,1.8536708054044988,0.10385726424872796,11,3.512835180063088
295,2019,-1.8070523831575187,1.3466872105206744,-0.1560463575212338,10,3.153739593678193
295,2020,-1.6965029311850781,0.9520275788001613,-0.17013661377772304,11,2.6485305099852394
295,2021,-1.3053408430036282,1.3851099830199987,-0.015553561729860211,10,2.6904508260236266
299,2009,-1.8797892653045885,1.7179150952016427,0.021111503405232084,12,3.5977043605062313
299,2010,-1.913809426383464,1.498850843307859,-0.24482306407391163,11,3.412660269691323
299,2011,-1.884085348446124,1.5611638779083747,-0.06760973741810039,13,3.4452492263544987
299,2012,-0.982621133727923,1.8705761576169604,0.2483222752816025,11,2.8531972913448835
299,2013,-1.9256228790730134,1.5477079424384093,0.07933028772499494,12,3.4733308215114227
299,2014,-1.812385900378985,1.9002473678840799,-0.19829876941622487,14,3.712633268263065
299,2015,-1.1430435687841645,1.7113292242233125,-0.11173319295130903,13,2.854372793007477
299,2016,-1.9458159637760555,1.978807248972651,0.0694479442744568,10,3.924623212748706
299,2017,-2.053702528508755,1.5176678277475308,-0.07300693083785673,14,3.5713703562562857
299,2018,-2.2298928964612075,2.170318641434475,-0.09725802147921332,14,4.400211537895682
299,2019,-1.8680324546066962,2.349944965688362,0.00892932724153987,14,4.217977420295059
299,2020,-1.7058664798637329,1.6885836145520454,-0.0938817219629044,12,3.3944500944157783
299,2021,-2.3543645632500905,1.2570047671287945,-0.089055775515449,14,3.611369330378885
300,2009,-2.050478618379317,1.421587937980694,-0.20025496023034678,11,3.4720665563600113
300,2010,-1.342700861135309,1.659020136228046,-0.22905237627033223,14,3.001720997363355
300,2011,-1.1804796622620262,2.1374663066958415,0.33079904376979574,11,3.3179459689578676
300,2012,-1.09884222194436,0.6987185886139234,0.15761725329696052,11,1.7975608105582834
300,2013,-0.5957492593553668,1.0834810721078416,0.28628240791301374,12,1.6792303314632084
300,2014,-0.6908708211441519,0.9821763513026538,0.12552982045296962,14,1.6730471724468057
300,2015,-1.1691002330366251,1.9794191933670737,0.3103718630113063,13,3.148519426403699
300,2016,-2.237670424049081,1.6438059381752346,-0.10915519767027071,12,3.8814763622243156
300,2017,-1.4171064310223143,2.5740415762194,0.170239837149664,13,3.9911480072417143
300,2018,-1.8155561760066377,1.7985161787818975,0.08187652449223301,13,3.614072354788535
300,2019,-1.573871496494609,1.7679613082083006,0.06830633354747986,13,3.3418328047029098
300,2020,-1.2020578429945277,2.0030285109367023,0.12613159368154875,12,3.2050863539312298
300,2021,-1.0127860220605842,2.124357459676204,0.130599452359419,15,3.1371434817367883
301,2009,-1.6000781075622243,1.7403574137805982,0.005344443911209166,13,3.3404355213428225
301,2010,-1.7117340142920114,1.10204457606732,-0.1998811902926779,13,2.8137785903593313
301,2011,-1.4588291644887021,1.404467893966899,-0.22765585870693777,11,2.8632970584556015
301,2012,-0.5233776370266551,1.431131349386783,0.19844693577028105,10,1.9545089864134382
301,2013,-1.038791480606212,1.5716490930665232,0.015242550214260705,12,2.610440573672735
301,2014,-1.187312695280654,1.6574224268401963,-0.020791851770508206,10,2.8447351221208503
301,2015,-0.8552962490393449,2.1144228872629287,0.09788030274715019,14,2.9697191363022735
301,2016,-1.5284869164430177,1.4984102951461171,-0.3032645738955816,13,3.0268972115891346
301,2017,-1.181238044007594,1.0626672414381122,-0.14184364838237412,9,2.243905285445706
301,2018,-1.1537991322859704,1.8542360505531508,0.09342103658050563,10,3.008035182839121
301,2019,-1.4968687142971773,1.812284680270864,0.04284797925030426,11,3.3091533945680416
301,2020,-0.897405565220738,0.7345452009126702,-0.05711180150561999,11,1.631950766133408
301,2021,-1.9223652163310243,1.020716048711251,-0.1027330800083897,12,2.9430812650422755
302,2009,-1.2298332410027044,1.423351029003607,0.2809584629520463,12,2.6531842700063115
302,2010,-1.8317858055048262,1.9881905401801592,-0.09555564091009706,12,3.819976345684985
302,2011,-1.8792754382642216,1.6830148117045456,0.1254531496509974,11,3.5622902499687674
302,2012,-1.7191722802995921,1.22135332099469,-0.03914713272118814,12,2.940525601294282
302,2013,-1.6688848705446888,2.5651520133691714,-0.007971167833170907,11,4.23403688391386
302,2014,-1.9075715873519683,2.3625026026686022,0.05340846913560608,11,4.270074190020571
302,2015,-2.149963707374903,2.8041337557226242,0.09844717532509355,11,4.954097463097527
302,2016,-1.7840564055137957,1.658458332920957,-0.31580135537392184,11,3.4425147384347525
302,2017,-1.6171901118246823,1.6633051204092615,-0.3079290826772816,12,3.280495232233944
302,2018,-1.6197366384237017,2.568920848157405,0.043875694862036504,11,4.188657486581107
302,2019,-1.0145200602000626,1.6142654179076126,-0.14643520271932303,13,2.628785478107675
302,2020,-1.7540700766650437,2.146564976497031,0.19363065106201072,13,3.9006350531620746
302,2021,-2.2462177879669505,1.1283326927430035,-0.3354925228443947,14,3.374550480709954
304,2009,-1.65506496893245,0.7538060112404543,-0.14965108419693163,13,2.408870980172904
304,2010,-1.1845857284350265,1.3957250000440162,-0.05885129493691239,11,2.5803107284790427
304,2011,-1.5202297899798807,1.094896221506038,-0.18961100836658895,10,2.615126011485919
304,2012,-1.7433409838718739,1.7369523305367012,-0.21373057164122256,12,3.4802933144085753
304,2013,-1.4443581129574352,0.6767986198867959,-0.40414967487802106,12,2.121156732844231
304,2014,-1.4402000053319952,1.382637467157694,-0.052682500913440046,10,2.822837472489689
304,2015,-2.518835441314084,2.0037242144773213,-0.1549296486234394,11,4.522559655791405
304,2016,-0.9983456160663162,2.006935019820246,0.09202654875965185,13,3.005280635886562
304,2017,-1.2830016712869177,1.1387333566010285,-0.20389576603591408,12,2.421735027887946
304,2018,-1.2532036882141815,1.4349673797931661,-0.0953547678473478,13,2.688171068007348
304,2019,-1.375928956727506,1.3999045182021612,0.0942668868447409,12,2.775833474929667
304,2020,-1.709525009261986,1.8363131753172448,0.10283405128086322,11,3.545838184579231
304,2021,-1.6614920029614957,0.7792787079188251,-0.13555021548666576,13,2.440770710880321
305,2009,-1.374562886761498,2.246477101270742,-0.2033219187922205,11,3.62103998803224
305,2010,-1.573918903745898,1.339428433147525,-0.20906535125074813,13,2.9133473368934233
305,2011,-1.8145151932249057,2.050025789428083,0.1891414657925539,11,3.864540982652989
305,2012,-1.7245539754270234,2.108883173852057,0.19815253595953888,11,3.83343714927908
305,2013,-1.2828330586167342,2.0214404285207093,0.02891026348048133,12,3.3042734871374435
305,2014,-1.4304560373241586,1.6394927487218165,-0.09153586448180277,14,3.069948786045975
305,2015,-2.518835441314084,1.136893369026258,0.04343082781641309,12,3.6557288103403422
305,2016,-2.0526555429831452,1.2712112042314436,-0.45428750665522283,14,3.3238667472145886
305,2017,-2.3563574873695092,2.7970754169740175,0.13662672155077452,18,5.153432904343527
305,2018,-1.5132895811222407,1.4133899248876272,-0.14875093869929687,12,2.926679506009868
305,2019,-1.4960162008052293,1.776363345772676,0.19043001622024602,9,3.2723795465779055
305,2020,-1.8461443626900194,1.3552047424915106,-0.11875143994709321,12,3.2013491051815297
305,2021,-0.7384021710385495,1.255582102915684,0.03635271386772646,12,1.9939842739542335
309,2009,-1.4564677333608653,1.6611306647067163,-0.09222228437772877,14,3.1175983980675817
309,2010,-1.3163723832905996,1.807413751391357,0.11329249336356073,12,3.1237861346819566
309,2011,-0.8967772849925293,1.6144112019948509,0.22073508236668823,13,2.51118848698738
309,2012,-0.9216050624142936,0.9467408050429665,0.25835819636671187,13,1.8683458674572602
309,2013,-1.4912721193191085,1.718948593669539,-0.054583829714372985,13,3.2102207129886473
309,2014,-1.4672062379744804,2.6208779976868235,0.41481188848255857,15,4.088084235661304
309,2015,-1.5431697050449495,2.459187517019726,0.4386405225907678,15,4.002357222064676
309,2016,-1.2515676420444597,2.3691449958588295,0.2517605980457381,14,3.6207126379032895
309,2017,-0.6061318389890522,1.1565626789288197,0.4122358977841539,13,1.762694517917872
309,2018,-0.6354934433603947,2.0223104068325037,0.5692175977522742,13,2.6578038501928987
309,2019,-0.8629775711733831,2.6503117755237273,0.46120005259728963,12,3.5132893466971105
309,2020,-1.3641790894847567,1.172204437200014,-0.05263770172598393,13,2.5363835266847707
309,2021,-1.8251463156839822,1.5676748683777868,0.15499210368878472,12,3.392821184061769
311,2009,-1.9031168102248015,1.4700415750512368,-0.07021412656716607,11,3.3731583852760383
311,2010,-0.993419527493391,1.6631336928023495,0.06515362452893257,12,2.6565532202957405
311,2011,-1.207462522171755,1.0843383236390465,0.08910194008323419,11,2.2918008458108012
311,2012,-1.9678760364143626,2.0914266495968334,0.07802739024194937,12,4.059302686011196
311,2013,-1.5666553090284638,1.8206288075169144,-0.11942931513228791,13,3.387284116545378
311,2014,-1.4074636040967776,1.2250793512076483,0.231350456162521,13,2.6325429553044257
311,2015,-2.004650600065528,1.1735938148972431,-0.12993551508845624,12,3.178244414962771
311,2016,-1.0388503223248973,2.1022644432129187,0.1445718463254891,14,3.141114765537816
311,2017,-1.3190320235322457,1.8450564528926974,-0.002384616054842802,13,3.164088476424943
311,2018,-2.0036175051889953,1.4767901696562011,-0.22268255513418544,13,3.480407674845196
311,2019,-1.7156243371941344,0.6333951173329607,-0.3517911969126097,12,2.3490194545270953
311,2020,-2.098243757826403,1.0595238839680943,-0.5330081328525369,14,3.1577676417944973
314,2009,-1.3509219549720035,1.864669052146555,0.09688110091598204,9,3.2155910071185585
314,2010,-0.5280476617674555,1.1998491010027839,0.15374716027522797,11,1.7278967627702393
314,2011,-1.8346009924947146,2.3633218707164882,0.6353859663876181,9,4.197922863211203
314,2012,-1.5714746473578702,2.1166777507742465,0.2731031687346125,13,3.6881523981321167
314,2013,-1.364323128060102,2.725074241539273,0.079660691095525,13,4.089397369599375
314,2014,-2.0279372089602465,1.4421935661015244,0.08015753273807319,12,3.470130775061771
314,2015,-2.518835441314084,2.2424048746935674,0.0983300175121628,11,4.761240316007651
314,2016,-2.636164014037249,3.5886172952894815,-0.22615982808675358,13,6.224781309326731
314,2017,-2.563822580136962,3.960954587399426,0.000992586042656285,12,6.524777167536389
314,2018,-0.8552698944825177,1.1436005818738753,0.3113681379153403,11,1.998870476356393
314,2019,-2.414490590670073,1.421999021182021,-0.08724530369092838,10,3.836489611852094
314,2020,-2.1077187773226607,1.6058474228846784,-0.3585062382190104,11,3.713566200207339
314,2021,-1.79387310288843,1.7631149263795731,-0.347370674399684,14,3.556988029268003
315,2009,-0.497510092643971,1.514818013793839,0.5677919821022395,9,2.01232810643781
315,2010,-0.17951758387888528,1.6585744637931266,0.4088409322611972,9,1.8380920476720117
315,2011,-0.7945860341750433,1.5120164842767827,0.08269253427205829,9,2.306602518451826
315,2012,-1.6366653267252511,1.5327474339585287,-0.12359713762273894,12,3.16941276068378
315,2013,-0.7994681224194727,1.8481387547286614,0.32214555258116795,10,2.6476068771481343
315,2014,-1.5696598246204045,3.025433858351017,0.21394880742549108,9,4.595093682971422
315,2015,-2.2984705093504174,1.2964004043830888,-0.3068106176302161,12,3.594870913733506
315,2016,-2.182324092106279,1.2378509896621637,-0.43230482819820537,11,3.4201750817684426
315,2017,-1.2434043542475584,1.3191807979284966,0.05591977150955821,11,2.562585152176055
315,2018,-0.9899863809436003,2.3426377837317953,0.32553020925866855,11,3.3326241646753956
315,2019,-0.9454043979750568,1.3545495180526321,0.17720313643061383,11,2.2999539160276887
315,2020,-1.8243507513686772,1.357591310055963,-0.13055443703966005,11,3.18194206142464
315,2021,-1.6347647982364333,1.0127617750219475,-0.011842755558926171,11,2.647526573258381
322,2009,-1.121351322681159,1.1262999750904186,-0.06764347236340963,15,2.2476512977715775
322,2010,-1.7799131598898774,1.785892396872149,-0.27524348629027057,15,3.5658055567620264
322,2011,-2.502639797838737,1.8489003090623357,-0.19105053712675035,13,4.351540106901073
322,2012,-2.1376976520611843,1.7513067461566836,-0.03752336344566024,12,3.889004398217868
322,2013,-1.9031874059452292,1.7836011843429147,-0.28832951965568954,12,3.6867885902881437
322,2014,-2.5384534661263918,2.1622642381239134,-0.18923958862765414,14,4.700717704250305
322,2015,-1.9739882012754768,2.902586567590251,-0.10799575472285917,14,4.876574768865728
322,2016,-1.7609013074560929,1.5480186808385221,-0.22041121298243047,11,3.308919988294615
322,2017,-1.7754552276206417,2.032597984230918,-0.2780991319427247,10,3.8080532118515595
322,2018,-2.0177597171435084,2.3094508114367316,-0.29856539812475097,12,4.32721052858024
322,2019,-1.5356390950868481,2.7330939330278334,-0.009180093351003782,12,4.268733028114681
322,2020,-1.8408757863931715,2.0938344332135097,0.16491019366577267,13,3.934710219606681
322,2021,-2.228478780708969,2.25274792365041,0.035232427360808415,10,4.481226704359379
324,2009,-2.4523744588007226,1.3779749325839914,-0.24178071371080123,12,3.830349391384714
324,2010,-1.1641158720930715,2.5911486327559174,0.300102966160156,10,3.7552645048489888
324,2011,-0.9438825853693513,2.723922797928345,0.5065757212455398,12,3.6678053832976962
324,2012,-1.2119260537917642,1.9804296405982067,0.05959643162819119,12,3.192355694389971
324,2013,-0.9413174853031292,2.462755664721605,0.07695891858216514,11,3.4040731500247343
324,2014,-1.993902791815837,1.5025039690322715,0.030483326899358103,12,3.4964067608481084
324,2015,-2.518835441314084,4.87049832566113,0.3334932246194132,13,7.389333766975214
324,2016,-1.0960842789600236,0.9636518647809691,0.07898163716125031,13,2.0597361437409925
324,2017,-2.563822580136962,2.336839340910435,0.04569366740547501,18,4.900661921047397
324,2018,-1.6443370749451138,1.4019951597384477,0.02790090792568474,11,3.0463322346835615
324,2019,-2.1804195322279045,2.0126488074469977,-0.0945288767941241,15,4.193068339674902
324,2020,-1.3272734398772248,1.9823313052285652,0.2447158320776032,13,3.3096047451057897
324,2021,-1.462153667164182,2.2221194638615027,0.09049217396423191,14,3.6842731310256847
325,2009,-2.177745634512762,1.3501784928787324,-0.1735869820232616,13,3.5279241273914943
325,2010,-1.4851996844330944,1.4699594469417294,0.1936240307936307,13,2.955159131374824
325,2011,-1.4449116893773681,2.566137129868826,0.1271842046195768,10,4.011048819246194
325,2012,-1.223950805142054,0.9413297209848046,0.030050783933253448,12,2.1652805261268586
325,2013,-1.3524985200814315,1.7627689031347331,-0.030973179976561127,12,3.1152674232161646
325,2014,-1.3527382881921188,1.1528292354161176,0.05593592886361697,11,2.5055675236082364
325,2015,-1.471753335796851,1.6799916890038067,-0.08987458078558651,12,3.1517450248006575
325,2016,-2.0243798020950607,1.383933084961041,-0.4464742154311153,15,3.408312887056102
325,2017,-2.1376780652632754,1.61517863496511,-0.29645359787130926,14,3.7528567002283855
325,2018,-1.745870712665894,1.058122839901499,-0.21462052301035128,12,2.803993552567393
325,2019,-1.377759618346186,1.9908371914591265,0.10056153895985864,11,3.3685968098053127
325,2020,-1.5336632857735326,1.7742133331353267,-0.22998789728678734,14,3.3078766189088595
325,2021,-1.9967428404387968,1.924436541363438,-0.08914776933459422,14,3.9211793818022347
326,2009,-2.0600475669607787,3.1500535566736745,0.5267247656685707,14,5.210101123634454
326,2010,-0.9064558462275426,2.253644764698522,0.43465615392595464,11,3.1601006109260643
326,2011,-1.3703706362386991,1.9871335615634815,0.48049272275578986,14,3.3575041978021805
326,2012,-0.8392272277031362,1.9297542264560932,0.3691170949683062,15,2.7689814541592295
326,2013,-1.467466901516154,3.1416910076151403,0.05068597090172935,12,4.609157909131294
326,2014,-1.5799331465491393,1.8990109981981682,-0.27076510310985585,12,3.4789441447473077
326,2015,-1.5986078087621054,1.0154143453703732,-0.004845275780497272,13,2.6140221541324786
326,2016,-1.5186902439996723,1.4690765962396002,-0.13879099434194034,14,2.9877668402392725
326,2017,-1.4534460272970742,2.3165467449640693,-0.09759275590649998,13,3.7699927722611433
326,2018,-1.2472564070902714,1.1258294582608337,-0.14973050146816524,13,2.373085865351105
326,2019,-1.6094303033983304,1.4080185531238822,-0.06468595054802655,12,3.0174488565222126
326,2020,-0.7254703809943723,2.010937340676293,0.1372699058954804,13,2.7364077216706653
326,2021,-1.820821296893108,1.1431021494066718,-0.30937978249088605,12,2.9639234462997797
328,2009,-1.2753937832808915,1.8664459560291238,0.11022901876750686,12,3.141839739310015
328,2010,-1.2939575980984819,1.6325447222638356,0.23948101088006693,12,2.9265023203623173
328,2011,-0.6857978586185923,1.7188541634238423,0.17246416018637398,12,2.4046520220424346
328,2012,-2.111625990687596,1.586668287432866,-0.11617455009818181,13,3.698294278120462
328,2013,-0.6745815123111703,1.6051318765098779,0.29251901920247136,11,2.2797133888210483
328,2014,-1.2487281848645513,1.7068191376824238,-0.07065352517188592,13,2.955547322546975
328,2015,-1.8785297899479583,1.7339016831791798,-0.39057604994305767,12,3.6124314731271383
328,2016,-1.2222781034061507,1.3262076120523725,-0.08228113839152171,12,2.548485715458523
328,2017,-1.522582680587105,1.2094369960558,0.02527700933478392,11,2.732019676642905
328,2018,-2.0338130388216045,1.2487850727500416,-0.04348206695787315,13,3.2825981115716463
328,2019,-0.9189895040787184,2.2172582771766045,0.3502520166406043,12,3.1362477812553227
328,2020,-0.835371434508684,2.146564976497031,0.4757165220474,11,2.981936411005715
328,2021,-0.6980657023054332,1.6741028160468916,0.27324657395292556,12,2.372168518352325
331,2009,-1.2753937832808915,1.6482905598953637,-0.1113111556583004,11,2.923684343176255
331,2010,-1.2778021605389276,0.9566528706359801,0.15278155370592603,11,2.2344550311749076
331,2011,-1.6422867909562842,1.025911034899427,-0.20206039093998832,12,2.668197825855711
331,2012,-1.9090692369389488,2.637273607167959,0.1621665438545768,10,4.546342844106908
331,2013,-1.4993488896451108,2.791435346043646,0.4323062918954809,14,4.290784235688757
331,2014,-1.162279207678522,2.2369455819078787,0.1558654148688243,10,3.399224789586401
331,2015,-1.4799721906282266,2.711261858110806,0.40617033367808036,12,4.191234048739032
331,2016,-1.8430457038666221,1.9411882673976992,0.09450476171510139,13,3.7842339712643214
331,2018,-1.0597389073216419,2.226873183741598,0.21804305791900613,12,3.2866120910632395
331,2019,-1.4663061056108513,1.9246689467487255,-0.01098691404821054,13,3.3909750523595767
331,2020,-0.838541844228966,2.455710710649438,0.6330527233292021,14,3.294252554878404
331,2021,-1.0258599225239318,2.5961041432871843,0.3138433870938862,12,3.621964065811116
333,2009,-0.7615626674755919,1.3995622974459976,0.2901274896541483,11,2.1611249649215893
333,2010,-1.80241673409048,1.8592132228441614,-0.09877508173144066,11,3.6616299569346413
333,2011,-1.9377540433198948,2.1394547487896896,-0.3088186195092784,14,4.077208792109584
333,2012,-2.1468532522091004,1.5466555908307351,-0.12619966041957395,12,3.6935088430398357
333,2013,-1.7615533939334969,1.303576316852082,-0.08653525456446062,11,3.0651297107855786
333,2014,-1.422570936801484,1.810879841678689,0.1163006035536704,10,3.233450778480173
333,2015,-1.514145323874472,1.766387308969196,0.11525957880266802,11,3.280532632843668
333,2016,-1.2340018671758946,1.7692131591892344,-0.2264076449978204,11,3.0032150263651287
333,2017,-1.847124986940307,1.9411337199562972,0.03438878288463318,13,3.7882587068966043
333,2018,-1.466213450917491,2.522793014635327,-0.021547737191876772,12,3.9890064655528175
333,2019,-1.1833555026116416,1.2329528214133558,0.11114462934217985,11,2.4163083240249974
333,2020,-0.6713292167998659,1.6427854783575462,0.48370507902522886,9,2.314114695157412
333,2021,-1.3716847301484778,1.6472513050604949,0.26764400540596867,14,3.0189360352089727
338,2009,-1.2466869375365053,0.5196822653953668,-0.3269118399902466,14,1.766369202931872
338,2010,-1.4329661630553587,1.7181938397716745,-0.22219147872523573,11,3.1511600028270332
338,2011,-1.7532372918438401,1.6997398736614973,-0.32930578365350466,12,3.452977165505337
338,2012,-1.8652731820743766,1.2271778677626008,-0.26540131662702304,9,3.0924510498369777
338,2013,-1.3449400451774185,1.7313592407558354,-0.2710338015061484,11,3.0762992859332536
338,2014,-1.5774816879312947,1.0719175045525873,-0.09098874601611498,13,2.649399192483882
338,2015,-1.6638536704007878,1.2315002445425696,-0.1634011645518855,13,2.8953539149433576
338,2016,-1.905812351592046,1.8302379372040805,-0.06725629595159534,10,3.736050288796126
338,2017,-1.7272913057627315,2.366291654855471,-0.11727812175407827,12,4.093582960618202
338,2018,-1.2038808169520923,1.7494313650149622,0.12146574798817844,10,2.9533121819670543
338,2019,-1.6364756922470605,1.8036678849038246,-0.23144455617125817,11,3.4401435771508853
338,2020,-2.2107891417597907,0.7843807101862703,-0.5617452074892022,14,2.995169851946061
338,2021,-0.9231095841122786,1.4939391733977312,-0.1544648211723005,14,2.4170487575100097
339,2009,-1.6799808904908333,2.04226237133905,-0.19076163773612545,12,3.7222432618298837
339,2010,-1.0046069911749334,1.088247302704983,-0.00463385311673375,11,2.0928542938799164
339,2011,-1.0629009932179991,1.5821939405468335,0.08442733986199973,11,2.645094933764833
339,2012,-1.4217297204941837,2.290188735478097,0.038183027362126566,12,3.711918455972281
339,2013,-1.038004460424312,2.6732288222604375,0.17202939947990248,11,3.7112332826847494
339,2014,-0.7750121633072372,2.3677219382051256,0.07548142372902238,11,3.142734101512363
339,2015,-0.9829298594811136,2.1351615720961177,0.2792934622342203,11,3.1180914315772315
339,2016,-1.4896210533695358,1.885679585598521,-0.03675495084509229,12,3.3753006389680564
339,2017,-1.156971749047232,1.9068367275481803,-0.19452750732282612,11,3.0638084765954123
339,2018,-1.1420099127149697,2.25053361169459,-0.22389605692519154,12,3.3925435244095596
339,2019,-0.9361996670894064,0.7447777226197974,0.04705213308847145,10,1.6809773897092037
339,2020,-2.2692800071947468,2.0544218710878397,-0.12180462574130507,11,4.323701878282586
339,2021,-1.4739293485779905,1.1277602637853879,-0.2447276119504953,11,2.601689612363378
344,2009,-1.7359514389190862,1.4661099853079835,0.18055387913084037,13,3.20206142422707
344,2010,-1.3398313293415736,1.2964813986982708,0.15968686163468007,11,2.6363127280398446
344,2011,-1.4134460934734832,2.1966917564902912,0.034262416372511935,13,3.6101378499637744
344,2012,-2.3276865280194867,1.3841298023389177,0.05214868641320922,10,3.7118163303584044
344,2013,-2.5089451803954064,0.8177573514211415,-0.11770525394983258,10,3.3267025318165477
344,2014,-1.5959619144350465,1.4276906117688166,-0.10978926780706037,12,3.023652526203863
344,2015,-2.518835441314084,1.3453079669482308,-0.26446124413121314,12,3.864143408262315
344,2016,-2.2730920764924734,1.878615283684964,-0.02642165869759041,10,4.151707360177437
344,2017,-1.491919600838456,1.5057194771287097,0.007838190817077787,11,2.9976390779671656
344,2018,-2.6117326192330657,4.444665457590875,0.10462817152048884,13,7.056398076823941
344,2019,-1.6546756480370293,1.8221372546523023,0.18067862495365639,9,3.4768129026893315
344,2020,-1.6016632084792297,2.0382565501057495,0.32636461783793175,12,3.639919758584979
344,2021,-1.3255598193471643,3.0788843658185177,0.28537927740003804,12,4.404444185165682
349,2009,-1.774363146967603,1.2390649326023842,-0.1602528471888335,15,3.0134280795699873
349,2010,-1.3841606480861732,2.2145488592488443,-0.2325333979707981,14,3.5987095073350175
349,2011,-1.7765106615952346,1.6559683031574186,-0.2026028831167741,15,3.4324789647526535
349,2012,-1.968806313468211,2.3676558012390108,-0.25415499074488745,15,4.3364621147072215
349,2013,-1.530413390898966,3.0302367571275513,0.11165080367072863,15,4.560650148026517
349,2014,-1.5859708379153505,2.3165082287174505,-0.1720857169210177,15,3.902479066632801
349,2015,-2.269304562472873,2.234639314483735,-0.05581924298569843,18,4.503943876956608
349,2016,-2.514236870831914,2.5218118905024425,-0.14141697555384014,16,5.0360487613343565
349,2017,-1.85992315824739,1.7751395279286075,0.02896196047928255,14,3.6350626861759974
349,2018,-1.555898225661059,1.2945032456590164,-0.02259274243813597,12,2.850401471320075
349,2019,-1.1001382285598496,1.6202527603774353,0.212469536939987,13,2.720390988937285
349,2020,-1.7613541757372417,1.8206982171371147,-0.3403653174968317,13,3.582052392874356
349,2021,-1.0374522683960157,1.4780867858461992,0.1719095835360897,14,2.5155390542422147
350,2009,-1.7541655834923482,1.5823291301507068,-0.12353186494052465,13,3.336494713643055
350,2010,-1.4520039358239512,1.1300990319040713,0.08708959204543808,14,2.5821029677280225
350,2011,-2.0321899349204116,1.532444417302388,-0.25774398292462486,10,3.5646343522227992
350,2012,-0.9751330636146494,1.4740595224799464,-0.0398911680403558,12,2.449192586094596
350,2013,-1.6094866668178702,1.752206361803777,-0.015755034710747885,13,3.361693028621647
350,2014,-1.5711595051800114,1.9994688197948993,0.059742793104514365,13,3.5706283249749107
350,2015,-1.3723422142058177,1.416172403409191,0.12629812685195874,10,2.7885146176150086
350,2016,-0.7140184623296121,1.5027525363484213,0.3070212031278683,13,2.2167709986780335
350,2017,-1.0136620555262195,1.4339034442994252,0.36285305761053244,12,2.447565499825645
350,2018,-2.6117326192330657,2.1977454175908178,-0.15093023352241428,12,4.809478036823883
350,2019,-1.0392832881555396,1.6727298339362868,0.21103301835639612,10,2.712013122091826
350,2020,-0.9328987512605909,1.8938977899301597,0.17480147382113337,13,2.8267965411907507
350,2021,-1.6503290561568464,1.659689872649782,0.06637588014603081,11,3.3100189288066284
356,2009,-1.5040159288854629,1.4360616981736731,0.14343255236989846,12,2.940077627059136
356,2010,-1.5810489755444623,1.1307546154812398,0.23557601728701077,11,2.711803591025702
356,2011,-0.6558979080655982,1.1548285955355284,0.19489975954660235,11,1.8107265036011266
356,2012,-1.819412968886269,1.21219782456357,-0.26958267279725595,12,3.031610793449839
356,2013,-1.6067527503632275,1.889497220035543,0.18026273552090125,11,3.496249970398771
356,2014,-1.322335334911753,1.4173793119149427,-0.18587231586578276,11,2.7397146468266955
356,2015,-1.0094032539678637,2.3830600452554807,0.44166020239733383,11,3.392463299223344
356,2016,-1.7787183600073635,2.2844161921616877,0.0326382241769733,12,4.063134552169052
356,2017,-1.5355173377243703,1.4438848055660563,-0.032835992483178957,12,2.9794021432904265
356,2018,-1.8098692014121631,2.205545708360188,-0.04563308524748668,12,4.0154149097723515
356,2019,-2.356165248376482,1.2927670762365968,-0.17894854360176093,13,3.648932324613079
356,2020,-1.6149329125964003,1.4979688109003233,-0.13145367681353434,13,3.112901723496724
356,2021,-1.141400163199413,2.751839698942453,0.28750190369687423,11,3.8932398621418662
357,2009,-1.48309625543145,2.571532649401512,-0.03149183283534994,12,4.054628904832962
357,2010,-0.9564088702678187,2.5228670168318303,-0.12711270225735505,12,3.479275887099649
357,2011,-1.2179497875617709,1.2271880286084471,-0.1814401436989549,11,2.445137816170218
357,2012,-2.5167394981848905,1.255142576474385,-0.5083112360856556,13,3.771882074659276
357,2013,-1.393581659185556,1.3878279273131107,-0.26452431740790355,12,2.7814095864986665
357,2014,-2.211723061540059,1.478478838888396,-0.1857724949432908,13,3.690201900428455
357,2015,-1.5761632323583985,1.6627882676350143,-0.10710192419949054,13,3.238951499993413
357,2016,-1.3937125167357347,2.509441721511126,-0.05323493266218032,12,3.903154238246861
357,2017,-2.0606093764031406,2.703435277286489,-0.44538609739725493,12,4.76404465368963
357,2018,-1.6584684162291956,1.6375926567560142,-0.36769812928170953,15,3.29606107298521
357,2019,-1.8943083992716194,1.2725263323223357,-0.11206963244082097,12,3.166834731593955
357,2020,-1.8696006644085132,1.235287963287896,-0.31061226573214196,14,3.1048886276964094
357,2021,-1.3032217507852424,0.9411733118182165,-0.0228417384036102,16,2.244395062603459
399,2009,-1.322969452062888,2.394660169070455,0.007484338768861443,11,3.717629621133343
399,2010,-1.5198620332730883,1.4825490941132469,-0.14255641598465543,12,3.002411127386335
399,2011,-2.0851155444987235,1.584095290152921,-0.5131653126195835,12,3.6692108346516443
399,2012,-1.2910994797396862,3.258223398345507,-0.01547769963721953,12,4.549322878085193
399,2013,-1.4705032813379595,1.37862595262467,-0.06249942043969146,12,2.8491292339626293
399,2014,-1.2672341767590367,1.2408907660289519,-0.13399629337779415,13,2.5081249427879886
399,2015,-1.1713052823875958,1.0551113073642582,0.08776102566986516,10,2.226416589751854
399,2016,-0.6263015026286683,1.6633720884666758,0.5191795933411233,11,2.2896735910953443
399,2017,-1.1560237363578183,1.604786517347812,0.10307427456434311,12,2.76081025370563
399,2018,-1.3539076501022385,1.4512806808862388,0.036489356815817,10,2.8051883309884773
399,2019,-1.811353528315892,1.5424129272874425,-0.4268574746963362,12,3.3537664556033344
399,2020,-1.9328615993462692,1.7050106698753145,-0.47554731965168595,13,3.6378722692215835
399,2021,-1.5904550687500896,1.4172542247494329,-0.058391128409970273,11,3.0077092934995227
526,2009,-2.0600475669607787,1.4264037811426387,-0.19833081030787447,12,3.4864513481034174
526,2010,-1.3728964593940434,2.4282552156228445,0.1046691938134623,12,3.8011516750168877
526,2011,-1.7919602176855218,1.81142154101972,-0.27903168022123215,15,3.603381758705242
526,2012,-1.0115870049449427,1.411533283530678,0.35553050891038135,11,2.4231202884756207
526,2013,-2.1948485566064257,1.5324121152004415,-0.09796365313361093,12,3.7272606718068673
526,2014,-2.0028298520504357,1.4771373898458147,-0.2797453781231219,12,3.4799672418962504
526,2015,-1.6794241457069015,1.1019035959938839,-0.25331568420948486,13,2.7813277417007853
526,2016,-0.9669323507121959,1.612062293515192,0.035880706888665924,13,2.5789946442273877
526,2017,-1.3509497301118536,2.0576412104759503,0.34657902202109075,12,3.408590940587804
526,2018,-1.50571411189389,1.8532689672234122,0.022006558800388754,15,3.3589830791173023
526,2019,-0.902519627587015,1.3198171265378296,0.17454211169720632,12,2.2223367541248447
526,2020,-1.5708964088200623,0.6449999820424829,-0.3575580312087463,12,2.2158963908625453
526,2021,-1.4534739905501293,1.267408139213172,0.11200320210173813,11,2.720882129763301
2000,2014,-2.3099706657163686,2.094740116405401,0.17810000489382424,12,4.40471078212177
2000,2015,-1.7916311658339839,2.0723980298344578,-0.20491018015406554,14,3.864029195668442
2000,2016,-1.1863545705990655,1.8600892555574555,0.098664675529264,11,3.046443826156521
2000,2017,-1.70093294056686,2.4352386072222987,-0.09245600365151789,12,4.136171547789159
2000,2018,-1.882765875759518,2.183725075578213,-0.05304591560873574,13,4.066490951337731
2000,2019,-1.4937219849601036,2.289566563720529,0.22890035982913232,14,3.7832885486806327
2000,2020,-1.5837214869993201,2.086041243515178,0.4669373120845067,13,3.669762730514498
2000,2021,-2.2266161849468813,2.6117913302047304,0.3597351825893575,15,4.838407515151612
2005,2009,-2.2875971642279462,2.079001141950628,-0.3884483888686792,14,4.366598306178574
2005,2010,-1.7161530329881696,1.3038024273411113,-0.25222649881881853,14,3.019955460329281
2005,2011,-1.5573018657481394,1.575754326281503,-0.12105929578287404,11,3.1330561920296427
2005,2012,-1.8269516340678758,1.4913323299281054,-0.19352829762892343,16,3.318283963995981
2005,2013,-0.6051350321234203,2.2323234761661084,0.25071739228580003,14,2.8374585082895285
2005,2014,-1.638015343250671,1.153463683818341,-0.289158827193116,16,2.7914790270690117
2005,2015,-1.4241193276881268,1.2064555827459198,-0.10199504575803366,15,2.6305749104340466
2005,2016,-0.9566845424603667,0.9156266793355585,-0.00587537957501974,14,1.8723112217959252
2005,2017,-1.8707523801226142,1.0495277855628398,0.047172071425789976,16,2.920280165685454
2005,2018,-1.5658238133797147,1.907861190302929,0.07212101634211482,15,3.4736850036826437
2005,2019,-1.2332559170027229,1.3619262779806331,0.011550982087062843,12,2.595182194983356
2005,2020,-1.7058664798637329,1.8329091586898805,0.33756179047145063,15,3.5387756385536133
2005,2021,-1.2841917450082903,0.815325027653936,-0.4227248762401474,12,2.099516772662226
2006,2009,-2.0691714481663586,2.3773048648841018,0.11191898634613673,14,4.446476313050461
2006,2010,-1.2946075082723063,1.7713619263631912,0.05026652042407712,12,3.0659694346354973
2006,2011,-2.502639797838737,2.234654615057576,0.020564795130179243,12,4.737294412896313
2006,2012,-1.015436499812564,2.036508093122728,0.468429391185098,12,3.051944592935292
2006,2013,-1.8022277768701997,1.4607015117461817,0.1813462675401255,12,3.262929288616381
2006,2014,-1.5401105632237075,1.1914777012751083,0.050134390185397476,11,2.731588264498816
2006,2015,-1.3684557964868067,1.826026467236212,0.23132284494377656,13,3.194482263723019
2006,2016,-0.3976510894951699,1.7378522414234374,0.38962077880970886,10,2.135503330918607
2006,2017,-0.899142513070628,1.817624230316194,0.301418383790736,12,2.716766743386822
2006,2018,-1.882765875759518,1.2741091247359808,-0.36910048255665995,12,3.156875000495499
2006,2019,-1.8197352470860546,1.07779953261148,-0.3287248745080511,12,2.8975347796975344
2006,2020,-2.025475608095144,2.2209349408450163,-0.001214262253433951,10,4.24641054894016
2006,2021,-0.7301563043834723,2.5527953652224076,0.3374957928996459,11,3.28295166960588
2010,2009,-1.1259937594532967,1.3286951428692435,-0.13964006651253916,12,2.4546889023225402
2010,2010,-2.282024159240827,1.6274107014991857,-0.49029705042464783,14,3.9094348607400127
2010,2011,-2.154702920055392,1.2235214165619697,-0.30292032987795775,14,3.378224336617362
2010,2012,-1.4855414791008683,1.9376592509177806,-0.24407763647379557,15,3.4232007300186487
2010,2013,-1.2552899602289522,1.0994536487034923,-0.09278487274537077,13,2.3547436089324445
2010,2014,-1.1301327567025428,0.5762567094631007,-0.1503147316895728,14,1.7063894661656436
2010,2015,-1.3143098409818192,2.0713470534820138,-0.12419829353848187,13,3.3856568944638328
2010,2016,-1.615024189692567,1.9087452041526067,-0.34847000283642365,14,3.523769393845174
2010,2017,-1.5783633894915614,1.0330459710168454,-0.4126511159294566,13,2.6114093605084068
2010,2018,-1.6184879022947878,0.616186243688664,-0.3261848875216849,12,2.234674145983452
2010,2019,-1.7972025745480844,0.961482147922931,-0.32601333602561416,13,2.758684722471015
2010,2020,-2.4262968918607672,0.9195776564670324,-0.3495972953756743,13,3.3458745483277994
2010,2021,-1.9137746007465766,1.9293183184558467,-0.46249048365755,13,3.843092919202423
2011,2009,-2.317311102593529,1.5815333581625743,-0.0969548001224416,12,3.898844460756103
2011,2010,-2.0838655456678823,1.5859195941690887,-0.527964137686025,14,3.669785139836971
2011,2011,-1.3622651851920027,2.567297564147147,0.06806392490110298,17,3.9295627493391496
2011,2012,-1.1118504538364749,1.1499589401838162,-0.2773497789635097,12,2.261809394020291
2011,2013,-1.943571257575241,2.4860556239699094,-0.3526400376118688,17,4.4296268815451505
2011,2014,-1.3283408565473809,0.7890773824256626,0.02389300774932551,11,2.1174182389730434
2011,2015,-1.34862166467944,1.2245087044778828,0.1402298904486668,15,2.573130369157323
2011,2016,-1.1233642742673497,1.1495250908503536,-0.07464413206062559,12,2.2728893651177033
2011,2017,-1.7339622090671512,1.178621661380201,-0.33210400966098463,14,2.912583870447352
2011,2018,-1.0080057835912608,1.5483106762287586,-0.18345549903290456,14,2.556316459820019
2011,2019,-1.5523008967184542,1.8650182411986598,-0.18360445701998218,13,3.417319137917114
2011,2020,-1.3872905707968624,0.8932513329001924,-0.27967763013336105,13,2.280541903697055
2011,2021,-2.6382498483683343,0.8948686590273022,-0.3655104260510961,11,3.5331185073956366
2016,2009,-1.870807536779159,1.8573128139109483,-0.16887336771531183,14,3.7281203506901073
2016,2010,-1.8687219080743993,1.4104238425757372,-0.1277010181313729,14,3.2791457506501365
2016,2011,-1.2669177924377988,2.2129282398837744,-0.038818346417078646,13,3.479846032321573
2016,2012,-1.5920238832454143,1.9931988262428215,-0.09898696429012983,14,3.585222709488236
2016,2013,-1.9031874059452292,1.3849977410083332,-0.5943398229449911,15,3.2881851469535626
2016,2014,-1.774171817971227,1.8550803834246758,-0.27830441988996285,14,3.6292522013959028
2016,2015,-1.684338731746756,1.5172659581952108,-0.2983810299980456,15,3.201604689941967
2016,2016,-1.1437288861488675,0.8484756365389791,-0.2245661436227411,13,1.9922045226878464
2016,2017,-2.563822580136962,2.3328690503991893,-0.4547838036898483,14,4.896691630536152
2016,2018,-1.6141991807955796,1.659061671334784,-0.13844118301912628,14,3.2732608521303637
2016,2019,-1.9599385428778708,1.523398335482946,-0.3042732010087675,14,3.4833368783608165
2016,2020,-2.1386705076771024,2.1297204973925727,-0.023696488140848904,14,4.268391005069676
2016,2021,-2.6382498483683343,2.7129877761105594,-0.408638114638418,16,5.351237624478894
2026,2009,-0.6784562157923645,1.5582784056572097,0.40936303509316263,13,2.2367346214495742
2026,2010,-1.4472516282287928,2.4399754589024987,0.034240272945098,14,3.8872270871312917
2026,2011,-1.7570607740172834,2.1349379394302432,-0.08675128986279074,13,3.891998713447527
2026,2012,-2.1300402410283823,1.2643199051231908,0.1245116178519891,12,3.3943601461515733
2026,2013,-1.3524985200814315,1.7313592407558354,0.23049599382021027,12,3.083857760837267
2026,2014,-0.9346853216629891,1.4036198935565383,0.3735826635035075,12,2.3383052152195276
2026,2015,-1.2462279592239087,1.7364596499989122,-0.21192067362292075,15,2.982687609222821
2026,2016,-1.9554041311407946,2.204473280941372,-0.18118614104352782,13,4.159877412082166
2026,2017,-1.1421765346157284,1.6962464291546726,0.09854023787683519,14,2.838422963770401
2026,2018,-1.381601239621454,3.4022430144237017,0.5129539378250839,14,4.783844254045156
2026,2019,-1.2358779753940554,3.4551597656031454,0.5332499629639889,15,4.691037740997201
2026,2020,-1.2783892708542197,1.9390329965513042,-0.20949797973049905,10,3.217422267405524
2026,2021,-1.7865939930136034,2.066134876448275,0.16745821525345939,16,3.8527288694618784
2029,2009,-1.8344596041528112,1.0826900920162836,-0.26880678816816705,17,2.917149696169095
2029,2010,-2.0349536674967093,1.1256774057124097,-0.17751722426628458,17,3.160631073209119
2029,2011,-2.3494198883561634,3.4619923927328924,-0.39875952224827294,15,5.811412281089056
2029,2012,-1.8361488055894357,1.2894790456394996,-0.46381227199908714,14,3.125627851228935
2029,2013,-1.834989510808454,1.0840228261658824,-0.4132015958667369,13,2.9190123369743364
2029,2014,-1.9003081446687102,1.0896068608360256,-0.3417361720022301,12,2.989915005504736
2029,2015,-1.933728552996762,2.049499109778854,-0.1930620122991479,18,3.983227662775616
2029,2016,-2.136013895990874,0.585097261498026,-0.6437339292952281,15,2.7211111574889
2029,2017,-1.8682043279166791,0.765856659082911,-0.5551387501866787,15,2.6340609869995903
2029,2018,-2.3687437047418833,1.7535204928572734,-0.7647282071596235,16,4.122264197599157
2029,2019,-2.3016840763704227,2.0146720231829627,-0.7471691905882595,17,4.316356099553385
2029,2020,-2.0431163716663585,1.3224812295404669,-0.6095135044127483,19,3.3655976012068254
2029,2021,-2.331442148923773,1.1985229394943928,-0.6901684293372143,14,3.529965088418166
2031,2009,-1.320856556155048,1.5395212998122032,0.04372243211084125,12,2.8603778559672515
2031,2010,-1.78536533226152,1.0853635482724946,-0.005002305019617387,12,2.8707288805340143
2031,2011,-1.1252401991912682,2.029396188415597,0.10607953717081733,13,3.1546363876068653
2031,2012,-0.6521074636767956,0.8974078906574399,-0.05775005934222825,11,1.5495153543342355
2031,2013,-1.1234991814053967,1.4737381182885185,0.14274567472092423,12,2.5972372996939153
2031,2014,-0.9648354262200555,1.7561987591063353,0.1802779961996638,12,2.7210341853263906
2031,2015,-2.083755960257614,1.5124392153282558,-0.0008188508706903167,12,3.5961951755858697
2031,2016,-1.9797169841013822,1.8737030294339607,-0.06331132378223069,12,3.853420013535343
2031,2017,-1.8841955521056513,0.6015168528018403,-0.28513767299674153,12,2.4857124049074915
2031,2018,-1.7676658636321159,0.7835449156842687,-0.3024974858680858,15,2.5512107793163845
2031,2019,-1.0994385937373514,1.925846283403288,0.06576827682812063,11,3.0252848771406393
2031,2020,-0.8499901124363471,1.9406173829179965,0.43373938716148536,12,2.790607495354344
2031,2021,-1.5038263664981872,1.2084577486705748,-0.09814281877524451,12,2.712284115168762
2032,2009,-1.0481341057669311,1.2672032967924234,0.25082707866392867,12,2.3153374025593543
2032,2010,-0.7153962585744064,1.8937182613235946,0.21886707674579808,11,2.609114519898001
2032,2011,-0.6469764496608971,2.931802864682081,0.525437417532696,12,3.578779314342978
2032,2012,-0.994365580537163,0.803405639017454,-0.10193169582247114,11,1.797771219554617
2032,2013,-0.4972658736166777,1.2306082311074222,0.3015779658152289,10,1.7278741047241
2032,2014,-1.1468239651105292,1.7186202092655685,0.3456711280014438,10,2.8654441743760977
2032,2015,-2.518835441314084,1.2536679704642997,-0.3330953523999797,12,3.7725034117783838
2032,2016,-2.007770275978983,1.4441449614919701,-0.08796550026719048,12,3.451915237470953
2032,2017,-0.8476487515300061,2.234935217788467,0.19354381276954935,13,3.082583969318473
2032,2018,-1.3859541461310494,1.8551695724322868,-0.00974974463347556,11,3.241123718563336
2032,2019,-1.5067276203250242,2.6163149584447356,-0.1491702378462857,12,4.12304257876976
2032,2020,-1.00672151185752,0.791563738768648,0.012613646752739478,11,1.798285250626168
2032,2021,-1.102124223938421,1.2450865990038673,0.16015328958885888,13,2.347210822942288
2046,2009,-0.8936703209501352,2.4664522949613468,0.0892670554922319,12,3.360122615911482
2046,2010,-0.9378950016100364,1.4804939670272181,0.325913654923079,11,2.4183889686372546
2046,2011,-1.0955138611679716,2.2944473681954674,0.5441240653968564,12,3.389961229363439
2046,2012,-1.8077908600646255,1.285726379694959,0.01214598334732672,13,3.0935172397595845
2046,2013,-1.2101131955382693,1.7036448327744549,-0.012151415831469756,14,2.9137580283127242
2046,2014,-1.427125559370157,1.420906833850555,0.316360726742482,12,2.848032393220712
2046,2015,-1.0929447050785932,1.3806657460429757,-0.12966813083251935,12,2.473610451121569
2046,2016,-2.636164014037249,1.9164527790839725,-0.13110179953692808,13,4.552616793121222
2046,2017,-2.026299385239471,1.872914392724709,-0.23077067600558845,12,3.89921377796418
2046,2018,-1.4406723323374335,1.5862582152410702,-0.12020712587836811,13,3.0269305475785035
2046,2019,-0.9214943855502612,2.444364394868022,0.27261205159293644,12,3.365858780418283
2046,2020,-0.7093892871491504,2.3413362381949367,0.35602972683875406,12,3.0507255253440873
2046,2021,-0.9024452435790731,2.1696313403942407,0.09199483194227209,11,3.0720765839733137
2050,2009,-1.192312794420668,1.3047004290276278,-0.2452126947987651,11,2.497013223448296
2050,2010,-1.7681420595387929,1.0078825616671505,-0.34190196210561474,11,2.776024621205943
2050,2011,-2.502639797838737,1.6505115052259527,-0.061317812630215844,12,4.15315130306469
2050,2012,-1.49329484766541,1.4958339701920549,-0.11269840408992766,12,2.989128817857465
2050,2013,-1.4662473719155928,1.7620543089544485,-0.2708387646599805,11,3.2283016808700413
2050,2014,-1.3108536801083777,0.6848529257235555,-0.1576128293137683,11,1.9957066058319333
2050,2015,-1.419051197532451,2.8801053917957518,0.22784156085674298,12,4.299156589328202
2050,2016,-1.496584774329704,1.0163317589731737,0.12424091493887067,11,2.512916533302878
2050,2017,-2.563822580136962,1.6418693815626786,-0.017348344784562274,11,4.205691961699641
2050,2018,-1.1442701552471006,1.4354479051305649,0.15543447302804664,11,2.5797180603776653
2050,2019,-1.1111587864911405,1.6353408634013888,0.12736950296849175,11,2.746499649892529
2050,2020,-1.7613541757372417,1.5833312751872874,-0.13049251872265788,12,3.344685450924529
2050,2021,-1.206480584293714,1.9015210770554514,0.051699004874285734,13,3.1080016613491654
2057,2009,-0.8931008272936316,1.9515832640152229,0.3722157657539715,12,2.8446840913088547
2057,2010,-1.282584170056556,2.0302893228806407,0.26621408491749793,12,3.3128734929371966
2057,2011,-0.3763588780516285,2.3347864428619265,0.6812497253593621,12,2.711145320913555
2057,2012,-2.5167394981848905,3.6085767351742013,0.6268810215864902,15,6.125316233359092
2057,2013,-1.125583454346065,2.1522134248775875,0.1895452556596389,13,3.2777968792236525
2057,2014,-1.962269142685763,1.9918420596504938,0.34523483013171147,12,3.954111202336257
2057,2015,-1.700199049326252,2.3751217529695388,0.2887586474448323,15,4.07532080229579
2057,2016,-2.483470208527764,2.8843731613261894,0.4166606675584681,13,5.367843369853953
2057,2017,-1.8164406863141507,2.4907814981973413,0.08021761428549658,12,4.307222184511492
2057,2018,-1.6298590463911444,1.3083359730249413,0.18879626117858928,12,2.938195019416086
2057,2019,-2.1432503232953315,2.761331008092961,0.22769779065606682,13,4.904581331388293
2057,2020,-1.1092024909029146,2.5325241549982,0.4343606503268561,13,3.6417266459011146
2057,2021,-0.9061809269585827,2.3062255169899513,0.4378655848355763,13,3.212406443948534
2065,2009,-1.5161398305463114,0.8859133069178684,-0.5112319921396072,14,2.40205313746418
2065,2010,-1.7698457714317128,1.3636199294206612,-0.5013794834138217,12,3.133465700852374
2065,2011,-1.1733789096542027,1.4469139499722066,-0.20965373052777805,10,2.6202928596264092
2065,2012,-1.1400259602584002,0.969503035564554,-0.03168606146229182,12,2.109528995822954
2065,2013,-2.1480682083825346,1.6503812049352389,-0.1692546742840808,12,3.7984494133177735
2065,2014,-1.7030632271272448,1.0707777473272861,0.054857775086345734,11,2.773840974454531
2065,2015,-1.7234557650077245,1.433228300535575,-0.34223136000835974,13,3.1566840655432995
2065,2016,-0.7527937328251552,1.1773165448202818,0.07756211503500235,9,1.9301102776454369
2065,2017,-1.411118357136598,1.5213537010839713,-0.1123447657715283,10,2.9324720582205694
2065,2018,-1.396788046777153,2.2353522198335827,0.1010706521130774,12,3.632140266610736
2065,2019,-1.2046767411421944,2.6076748677311166,0.3439647445804423,12,3.812351608873311
2065,2020,-1.0816299012867572,1.992395167744364,0.2280379875325326,10,3.074025069031121
2066,2009,-1.874208512931332,2.190160427971945,-0.20947538319015355,13,4.064368940903277
2066,2010,-1.2625452730303046,1.188152311803884,-0.18145868063279585,10,2.4506975848341885
2066,2011,-1.2890744940130907,1.1384333252830565,-0.11372597628551802,11,2.4275078192961472
2066,2012,-2.2791030831725108,1.1359378224259833,-0.6778649645162554,14,3.4150409055984943
2066,2013,-2.184155905583822,1.4058586939039768,-0.4955470065140303,13,3.590014599487799
2066,2014,-2.5384534661263918,1.2609349534909555,-0.7511420266713696,14,3.7993884196173475
2066,2015,-1.8262599408568458,1.3416317001234854,-0.27179727480176835,13,3.167891640980331
2066,2016,-1.6207933412425368,1.271181599539863,-0.3748170144839367,11,2.8919749407824
2066,2017,-1.5735089107199092,1.0590216120623142,0.11155006594244907,14,2.6325305227822233
2066,2018,-2.6117326192330657,0.8630088579908446,-0.041671335559453626,14,3.47474147722391
2066,2019,-1.4817760680323249,1.6198694012058699,-0.17267164839187898,12,3.1016454692381945
2066,2020,-0.8410704392985567,1.9089212442665684,-0.03416217301372277,11,2.749991683565125
2066,2021,-0.8989526789819118,0.91059183239138,-0.17136774210978178,13,1.8095445113732918
2083,2009,-1.8938073585540232,1.4023367727495701,-0.36810653192847254,11,3.2961441313035933
2083,2010,-0.7319682589888569,1.011163944483477,0.21879859198809243,10,1.7431322034723338
2083,2011,-1.8346009924947146,1.9822075844364133,0.023365244793489694,13,3.8168085769311277
2083,2012,-1.3449677868766785,4.057147873475751,0.5612247799976742,13,5.402115660352429
2083,2013,-1.2268373869134561,2.4976793168675058,0.03170976732743161,13,3.724516703780962
2083,2014,-1.2548697338229409,1.1460552548691925,-0.23890454489475774,13,2.4009249886921333
2083,2015,-0.8068753761213479,2.0514414288907132,0.21831049444821593,12,2.858316805012061
2083,2016,-0.7007113008177899,2.869111560690603,0.5388392107307187,14,3.569822861508393
2083,2017,-1.2693140575140098,1.7310144895415003,0.16404332341286704,12,3.00032854705551
2083,2018,-1.4325217106729151,2.546705899722604,-0.04300789417138371,14,3.9792276103955193
2083,2019,-0.9562637767300074,2.0445129271342233,0.2943347753470898,12,3.0007767038642306
2083,2020,-1.5160985599763321,0.789895043784949,-0.24561809018540776,13,2.305993603761281
2083,2021,-0.9295818115245656,4.053548744151549,0.2603221263733268,12,4.983130555676115
2084,2009,-1.720030927366161,1.3838469304717274,-0.20122288548704673,15,3.1038778578378885
2084,2010,-1.9395428301186137,3.17807430798693,0.3899483932630922,13,5.117617138105544
2084,2011,-1.2543714115644684,2.0542415483005705,0.22090564643998284,13,3.308612959865039
2084,2012,-1.1246221724214605,2.4120543885144503,0.29037953762786567,12,3.536676560935911
2084,2013,-1.448869075107596,2.576091132310008,-0.07785208493614808,12,4.024960207417604
2084,2014,-2.5384534661263918,2.137831908683331,-0.13915317075517242,11,4.676285374809723
2084,2015,-1.1504402992816374,2.4380413305003232,0.3380518244877317,9,3.5884816297819606
2084,2016,-0.9454856235471527,1.3985282996886872,0.3400467323481246,10,2.34401392323584
2084,2017,-1.2264136785467756,1.9654410381222687,0.18709495045189675,12,3.1918547166690443
2084,2018,-1.466213450917491,2.1184515828619546,0.21926357229741014,13,3.5846650337794452
2084,2019,-0.6974391197843667,1.9699507635197602,0.5042006989103864,11,2.6673898833041267
2084,2020,-1.7776178107346494,1.5170102265493217,0.26196808345726713,11,3.294628037283971
2084,2021,-1.3383540691426923,2.049355294096465,0.1898256183610486,12,3.3877093632391575
2086,2009,-2.4523744588007226,1.9546759309554025,-0.06604364057272225,11,4.407050389756125
2086,2010,-1.7885100309328044,1.3404734864474595,-0.008268254908588577,12,3.128983517380264
2086,2011,-2.502639797838737,1.9199167532192511,-0.030015892134396545,14,4.422556551057989
2086,2012,-1.8538264859165905,1.422076084803609,-0.213243476464649,14,3.2759025707201994
2086,2013,-1.5097570988281035,1.804667506453628,0.11533492253505817,12,3.314424605281731
2086,2014,-2.5384534661263918,1.6777164704252285,-0.094971874572772,12,4.21616993655162
2086,2015,-0.8956116121174317,1.646061772799218,0.14832135464585353,11,2.5416733849166495
2086,2016,-1.1657226669809069,1.933156166986428,0.1319384165603079,12,3.0988788339673348
2086,2017,-1.2045685240743405,1.8258584819805233,0.19908691643112192,13,3.0304270060548637
2086,2018,-1.1977959416553798,2.158359610077827,-0.036549066799026496,12,3.356155551733207
2086,2019,-1.3474913502388888,1.420553165022889,-0.08356034023049431,12,2.768044515261778
2086,2020,-1.5875900755017796,1.6483392826183811,-0.14506011894264803,11,3.2359293581201607
2086,2021,-2.1991739407187842,0.9411733118182165,-0.510654766224674,12,3.140347252537001
2097,2009,-0.7309978224136496,1.598887629986214,0.5072658410606369,12,2.3298854523998638
2097,2010,-1.4929925888321918,1.9471205156897113,-0.05517034365052335,12,3.4401131045219033
2097,2011,-1.760374458567601,1.4161382064827706,0.02326177596171518,14,3.176512665050372
2097,2012,-0.8480886843455522,1.886443097680271,0.24603919676989783,11,2.7345317820258233
2097,2013,-2.0100858367305543,2.977162965568464,0.09520049254697506,13,4.9872488022990185
2097,2014,-1.5097823045547074,1.7764750956710025,0.20338897052397176,10,3.28625740022571
2097,2015,-1.7329782690088718,1.7231894989865013,0.2646760645734539,11,3.456167767995373
2097,2016,-2.0583874533078412,3.119351359541869,0.3240886287147304,12,5.177738812849711
2097,2017,-1.9068497863733618,3.2597278889204,-0.23056923297399592,12,5.166577675293762
2097,2018,-1.1449092939509273,4.699375013839867,0.4704572728469536,12,5.844284307790794
2097,2019,-0.8976765523056601,4.37669473092947,0.09128068702106544,12,5.274371283235131
2097,2020,-1.8449369074960718,1.3380299794830435,0.0471428559305372,13,3.1829668869791155
2097,2021,-2.295221795517123,1.1549613845256048,-0.07858208540756086,13,3.450183180042728
2099,2009,-1.5706230497156317,1.2588258694149614,-0.17504923524103722,11,2.829448919130593
2099,2010,-1.444436799883968,1.1349360070483392,-0.14545446119123343,11,2.579372806932307
2099,2011,-1.3314029313264901,1.6904202712658138,-0.09697813601305545,12,3.021823202592304
2099,2012,-1.8077908600646255,1.6112474242541754,-0.3329134620736686,11,3.419038284318801
2099,2013,-0.8500326646250852,1.6775937578164704,0.2693707603223217,10,2.5276264224415557
2099,2014,-1.1895664747149253,2.5227854426543503,0.07826443233729555,10,3.7123519173692756
2099,2015,-1.4181104069047508,0.9391185384570091,0.06835258720319524,11,2.3572289453617596
2099,2016,-1.9912335986616605,1.2855140843662545,-0.05984224537875959,12,3.276747683027915
2099,2017,-1.4338293748635693,1.8660511149547432,0.3490029640643657,12,3.2998804898183125
2099,2018,-1.7636078503840342,1.6352015692257114,0.004561291039562182,12,3.3988094196097456
2099,2019,-1.664158782896013,1.613400719605655,-0.15930258666988523,11,3.277559502501668
2099,2020,-2.003667416432565,1.3615795425028683,0.060422484647338896,12,3.3652469589354332
2099,2021,-1.7027187951377585,1.9592170417933523,0.019725269974328937,13,3.661935836931111
2110,2009,-1.8282180399644485,1.092096081270493,-0.21528766425419407,12,2.9203141212349415
2110,2010,-2.1242178451591003,1.4416511467227324,-0.18005417122927472,11,3.5658689918818327
2110,2011,-1.3001699482194968,1.7713415792566771,-0.041166771647499184,12,3.071511527476174
2110,2012,-1.4855414791008683,2.32516299098583,0.02963182088814035,16,3.8107044700866983
2110,2013,-1.2408167553782128,2.063932136532403,0.24648718909744602,13,3.3047488919106156
2110,2014,-1.4672062379744804,3.104860145852649,0.1210157545331578,15,4.57206638382713
2110,2015,-1.4369767317072233,1.4369178772484248,-0.04711401098121232,10,2.873894608955648
2110,2016,-0.5996372657667279,2.0928851724770583,0.1522106760815579,10,2.6925224382437865
2110,2017,-1.477379938860054,1.9093364418818688,-0.0656385032982304,11,3.3867163807419227
2110,2018,-2.6117326192330657,2.9930315402776095,0.04440870847159232,13,5.604764159510675
2110,2019,-0.960682596993216,0.8883389293707918,0.09620877181435107,11,1.849021526364008
2110,2020,-0.9653087437177793,1.2832732866016932,0.05322753059599228,11,2.2485820303194726
2110,2021,-2.2854209940070884,1.3797089291794369,0.047868592522032724,13,3.6651299231865253
2113,2009,-1.725415806273768,1.245383726493865,-0.24785628767029608,13,2.970799532767633
2113,2010,-0.7307345447647676,1.5985582190093153,0.1546769921452973,11,2.329292763774083
2113,2011,-1.6977737673037703,0.8082542812785672,-0.26718441452467273,13,2.5060280485823374
2115,2009,-1.468629416575192,1.5288798807197126,-0.13803292132862696,11,2.9975092972949047
2115,2010,-1.663435162700724,1.077530973879867,-0.19474905079365404,11,2.740966136580591
2115,2011,-1.6323659199091796,2.1145079671986444,0.09842787371829145,11,3.746873887107824
2115,2012,-1.8274838777901883,2.154843461590011,-0.0685949206253024,11,3.9823273393801992
2115,2013,-1.2042361277334859,2.2895858907940547,0.21561033183590522,8,3.4938220185275406
2115,2014,-1.8849926569537256,1.80368788912341,0.04962749798302904,11,3.6886805460771357
2115,2015,-1.5290296219106143,1.43101864433633,-0.4378062632376751,10,2.960048266246944
2115,2016,-1.8445827548553249,0.5859941323868063,-0.1993210456306158,12,2.430576887242131
2115,2017,-1.2136658937409015,0.5172457465339639,-0.23883888795969763,11,1.7309116402748654
2115,2018,-1.4447796203253074,1.3975844698714461,-0.11873187454029284,12,2.8423640901967535
2115,2019,-2.0374318611301505,1.9926059320179288,-0.3054793529082323,14,4.030037793148079
2115,2020,-2.0162976432641746,1.1661001237961615,-0.17658814419020588,15,3.182397767060336
2115,2021,-1.1618250127046421,1.3014782833881502,0.309121115574924,11,2.4633032960927923
2116,2009,-1.2558588343096078,4.3119917289189145,0.0859067690260326,14,5.5678505632285225
2116,2010,-1.813179313055986,1.034077595431891,-0.13246930442257604,13,2.8472569084878767
2116,2011,-1.157283870409803,1.5197518528357719,0.1408980265694637,14,2.6770357232455746
2116,2012,-1.4379046140888345,1.2468956682415873,-0.1759468783508833,12,2.684800282330422
2116,2013,-1.3256044117020367,1.3993631562454807,0.07676503666009868,10,2.7249675679475174
2116,2014,-1.8403115759846547,1.852625823068845,0.1464306020216297,13,3.6929373990534997
2116,2015,-1.5894872211775601,1.3608054588603204,0.03739738669307534,10,2.9502926800378804
2116,2016,-1.845604150028463,1.7096170988715145,0.037116835019806255,11,3.5552212488999775
2116,2017,-1.9941929901685225,1.1988397841454765,-0.19740474510827882,9,3.1930327743139992
2116,2018,-2.6117326192330657,1.5232325837750065,-0.27839312906600444,12,4.134965203008072
2116,2019,-1.7365754490918892,1.195749852981298,-0.06114491508051649,10,2.9323253020731874
2116,2020,-0.6216254617333323,1.3677857090685837,0.0656808601549146,11,1.989411170801916
2116,2021,-2.1237077690915176,1.177224972049788,-0.15120632886982618,10,3.3009327411413056
2117,2009,-1.65634888115446,1.8591557877926486,-0.21715383176422232,12,3.5155046689471083
2117,2010,-1.7434788016603302,1.1817258707515843,-0.34440885267215465,12,2.9252046724119145
2117,2011,-1.3496439517951837,1.5026800743183746,-0.49642369807364806,12,2.8523240261135583
2117,2012,-2.5167394981848905,1.7326513276765176,-0.6796248764760874,13,4.249390825861408
2117,2013,-0.8367124509273112,2.1045695549770125,0.033558449838058564,12,2.9412820059043234
2117,2014,-1.510280864281288,1.7526695375781276,0.09711884735570532,14,3.2629504018594155
2117,2015,-0.49383588133520395,1.8567965837203777,0.6829933012193015,11,2.3506324650555817
2117,2016,-0.5134796547695634,1.5521047967514867,0.39862512363113534,9,2.06558445152105
2117,2017,-1.3509497301118536,3.848766826675178,0.3210222585069485,11,5.199716556787031
2117,2018,-1.8753274396016248,1.3533640608004405,-0.03985203771745793,11,3.228691500402065
2117,2019,-0.8316358291246835,1.5662351677552342,0.35213414909967555,11,2.3978709968799174
2117,2020,-0.7502006962581181,1.9260554318568524,0.44719236010196933,12,2.6762561281149706
2117,2021,-1.5027087078953596,2.2891122193531523,0.21949991210095982,13,3.791820927248512
2127,2009,-1.041387782833051,2.0221813852013946,0.05647057811010131,10,3.0635691680344452
2127,2010,-1.4567152752501855,1.1658884142953758,-0.22452980965358352,13,2.6226036895455613
2127,2011,-1.230495588443382,1.651408611026377,-0.03034125004248245,12,2.881904199469759
2127,2012,-1.8942480110549014,1.3375882505475558,0.15954908200961704,11,3.2318362616024574
2127,2013,-1.631640817398598,2.0539402827177264,0.2608253396232952,12,3.685581100116324
2127,2014,-1.838316884869964,1.8598404417665515,0.5732294765401297,14,3.6981573266365153
2127,2015,-1.2462279592239087,2.5669919283410487,-0.07952267609399427,13,3.8132198875649577
2127,2016,-1.372595310531599,1.0634138323241742,-0.03904498407921505,12,2.4360091428557733
2127,2017,-1.2097565166547322,3.3489325637354415,0.3036102167474258,12,4.558689080390174
2127,2018,-1.0696875849620995,1.597837289412266,-0.0943444356312079,15,2.6675248743743656
2127,2019,-1.0176771953881185,2.1206361666469435,0.20258766422367724,13,3.138313362035062
2127,2020,-1.3817230196750505,2.273949046048469,-0.12121464074255095,12,3.6556720657235195
2127,2021,-1.5156125844916435,2.1997821697669293,-0.14048291041586755,10,3.715394754258573
2130,2009,-1.9978164048068567,3.4910467197389132,0.018705830513027624,14,5.4888631245457695
2130,2010,-1.2029701737630718,1.0470494889431667,-0.2620029819341468,12,2.2500196627062383
2130,2011,-1.895773150542205,2.775795769038811,-0.14399795987976913,14,4.671568919581016
2130,2012,-1.8361488055894357,1.2506698711762305,-0.20673742121653105,9,3.0868186767656662
2130,2013,-2.007980944985133,0.919113899147679,-0.23997991846093655,13,2.927094844132812
2130,2014,-2.0279372089602465,1.443997004713247,-0.3432620588759259,14,3.4719342136734936
2130,2015,-1.933728552996762,1.3895470879516238,-0.3158628123663843,17,3.3232756409483857
2130,2016,-1.642822914493239,1.670727437942188,0.023881510351038495,14,3.313550352435427
2130,2017,-1.5889597248748453,1.7356925416311844,-0.4426322768747519,13,3.3246522665060296
2130,2018,-1.865813160795017,1.5865758478090324,-0.24073898740411032,16,3.452389008604049
2130,2019,-1.8400278293717123,0.8281224305164647,-0.4318753015763635,12,2.668150259888177
2130,2020,-1.4430300257260589,1.6383095954260996,-0.17485883986115225,13,3.0813396211521584
2132,2009,-0.9693788076457354,1.3016243893290615,0.1477560012096568,11,2.271003196974797
2132,2010,-0.9120141190785698,1.1283456284142745,0.10233491697873293,12,2.040359747492844
2132,2011,-1.01148175019583,1.4290469211130616,0.11578162866506245,11,2.4405286713088916
2132,2012,-1.6953369381558936,1.000800494869143,-0.10377679696196491,12,2.6961374330250365
2132,2013,-1.7968329875303124,1.829970971480283,0.026751993061315427,12,3.626803959010595
2132,2014,-1.0419783306164698,2.4449671956451353,-0.07975909286051594,11,3.4869455262616054
2132,2015,-1.1377110421464516,0.8512177057024919,0.004311239135408459,11,1.9889287478489435
2132,2016,-0.31219062070107567,0.8336059457978773,0.19778181441803094,10,1.145796566498953
2132,2017,-0.8276427925729305,2.222693488712126,0.4055906747847086,11,3.0503362812850563
2132,2018,-1.3558019648147848,1.2827591594436316,0.12179938495790092,12,2.638561124258416
2132,2019,-1.7243245093219102,2.1119942515335812,-0.07334231487667955,11,3.8363187608554914
2132,2020,-1.2897087608124158,1.3560281900330124,-0.08177626845524326,12,2.6457369508454285
2132,2021,-2.6382498483683343,1.8009367179414566,-0.021992589002676238,12,4.439186566309791
2142,2009,-1.332528767529427,0.9021765646636238,-0.39958326258895144,12,2.234705332193051
2142,2010,-2.162473921300125,2.0380355801102903,-0.28708752064557436,13,4.200509501410416
2142,2011,-0.7245897455922896,1.1225994236014765,0.01592914782903904,11,1.847189169193766
2142,2012,-1.0294346629675508,0.7345717787533652,0.04646943882309511,11,1.764006441720916
2142,2013,-1.4809925934496508,2.3408485826050898,-0.1901612024486752,12,3.8218411760547406
2142,2014,-1.3029183227326957,1.5920871600360562,-0.03450154151868945,13,2.895005482768752
2142,2015,-2.518835441314084,1.5235647959135323,-0.46846150134734416,12,4.042400237227616
2142,2016,-1.629012406464412,0.9231256616056355,-0.06709661999146153,11,2.5521380680700476
2142,2017,-1.2256008616623766,1.3780141824446401,-0.04012763930280119,11,2.6036150441070167
2142,2018,-1.527800502977468,1.0774488848098691,0.04028819468809243,13,2.605249387787337
2142,2019,-1.5275671567998865,1.690663907822553,0.26817636234133485,10,3.2182310646224392
2142,2020,-1.3402421981257897,1.4362563526470278,0.16910999509784708,11,2.7764985507728177
2142,2021,-0.7011502557967891,2.9749364710151203,0.7652708069240824,12,3.6760867268119095
2154,2009,-1.138417583974704,1.6298789130609301,-0.059372322250620745,12,2.7682964970356343
2154,2010,-1.2502136440910732,0.9205157441824573,-0.027968242409774722,11,2.1707293882735303
2154,2011,-0.9518354282901136,1.9582772246887814,0.25283622095587305,11,2.9101126529788948
2154,2012,-1.7815335030972081,1.8149596240515522,0.0031943694791130624,11,3.5964931271487606
2154,2013,-2.5089451803954064,1.667691006204015,-0.2695334765240856,13,4.1766361865994215
2154,2014,-1.449352117505282,1.6663585058050314,-0.13269739731603675,13,3.1157106233103136
2154,2015,-1.6788305026407009,1.4003773116753098,0.06820439270505299,13,3.0792078143160104
2154,2016,-1.8149298695907323,1.1620670922519838,-0.16382478267075948,13,2.9769969618427163
2154,2017,-1.7709673679288978,1.156746838183303,-0.27919506039159553,13,2.927714206112201
2154,2018,-1.2686113943830541,0.699332617274593,-0.3760284171870313,14,1.967944011657647
2154,2019,-0.9827450221783396,1.096272264151618,-0.13859073191494473,12,2.0790172863299574
2154,2020,-1.4088612866881611,1.302454439614428,-0.11750888169784601,11,2.711315726302589
2154,2021,-1.8799773104867097,1.177153559323988,0.0005601674815533484,12,3.0571308698106976
2166,2009,-1.6284879859368406,4.556057196827408,0.15092560987782674,14,6.184545182764248
2166,2010,-1.7034010076078279,2.392390144240634,-0.01966914770375171,11,4.095791151848462
2166,2011,-1.4958437259550152,1.880271866803819,0.25345127024749553,12,3.3761155927588344
2166,2012,-1.6279083697953043,3.271169326751702,0.23915919598526678,11,4.899077696547007
2166,2013,-2.1697208267033075,2.4372652580542624,0.05095697938688933,14,4.60698608475757
2166,2014,-2.5384534661263918,3.2605599301918105,0.16310174561401233,12,5.799013396318202
2166,2015,-1.8662162197293788,2.1214720194618173,0.17782117645261952,13,3.987688239191196
2166,2016,-1.4809351218493259,2.7529269606662603,0.2769043458640641,10,4.233862082515586
2166,2017,-1.1149852402780716,2.2492936094680243,-0.1294994821560587,11,3.364278849746096
2166,2018,-1.9144600819974984,1.9031770666500871,-0.09924350008464096,12,3.8176371486475853
2166,2019,-1.6751505983007442,1.2210890644741854,-0.12637722921240938,11,2.8962396627749296
2166,2020,-1.5642486292014934,1.3700548978177074,-0.043740944695607624,11,2.9343035270192006
2166,2021,-1.5482094853010713,1.456307226935011,0.001366937742491182,11,3.0045167122360823
2168,2009,-1.1061547318989549,1.7255853598751372,0.1992836036960166,12,2.8317400917740922
2168,2010,-2.5450346827103725,1.8429699481661415,0.10872609636198913,13,4.388004630876514
2168,2011,-1.2979796570544344,2.21719958774403,0.22366956817360564,12,3.515179244798464
2168,2012,-0.9329180725970639,1.047406497249201,0.36074302228945965,10,1.9803245698462648
2168,2013,-1.1953201205398964,1.4121965423896128,0.2505693037366553,10,2.607516662929509
2168,2014,-0.8537498174781126,1.286972610416603,0.221589806142529,12,2.1407224278947155
2168,2015,-1.1430435687841645,1.5241809215403008,0.11180852623195178,10,2.6672244903244655
2168,2016,-1.2632029056746512,1.337142695475133,0.03960389895780129,12,2.600345601149784
2168,2017,-0.9089948826380818,1.705525842243705,0.4495330707198351,11,2.6145207248817868
2168,2018,-1.2171875447619311,1.3362799272245882,-0.08289055497645355,10,2.5534674719865196
2168,2019,-1.153039366576012,1.825925175486864,-0.030434558439586822,10,2.978964542062876
2168,2020,-1.066297774795393,2.6695165112629584,0.4585589291532978,11,3.7358142860583516
2168,2021,-2.6382498483683343,1.167674515069366,-0.3494193354756055,12,3.8059243634377005
2169,2009,-2.0600475669607787,0.7324845300900754,-0.4744253614648897,13,2.792532097050854
2169,2010,-2.1242178451591003,1.0619667820148178,-0.340730951549255,15,3.186184627173918
2169,2011,-1.8916286953899362,0.9010426053132253,-0.5059763338840806,15,2.7926713007031614
2169,2012,-2.084160668145407,1.2585420026120235,-0.3932940004397423,12,3.34270267075743
2169,2013,-1.8213282472357457,0.7293467719078894,-0.33879387758841667,15,2.550675019143635
2169,2014,-1.8445478738617282,1.0607534973246373,-0.3899804972569655,16,2.9053013711863658
2169,2015,-1.5902329668204236,2.6800663576661767,0.21402374753009376,15,4.270299324486601
2169,2016,-1.953731502435889,0.9412337150421181,-0.39186218930569955,16,2.894965217478007
2169,2017,-1.89144104280961,2.063551010719702,-0.041038449246481874,13,3.954992053529312
2169,2018,-1.9596147794389582,1.1016939097899323,-0.17098153865307317,15,3.0613086892288903
2169,2019,-2.537769155063345,1.2754963626390265,-0.4809157533815996,12,3.813265517702372
2169,2020,-1.1671552278004529,2.049540776855353,0.05066267465188642,12,3.2166960046558057
2169,2021,-1.3340639840627395,1.5165572216799796,0.01582333482711576,14,2.850621205742719
2172,2009,-1.5919866865061625,1.10531712856604,-0.2941991987625588,9,2.6973038150722024
2172,2010,-1.2554346966661512,1.1919799129602553,-0.09088805578446682,10,2.4474146096264064
2172,2011,-1.6839647912896902,0.7116342159693076,-0.28392882997597757,10,2.3955990072589977
2172,2012,-1.1712895280296425,1.5902733019600948,0.1372597596113372,11,2.761562829989737
2172,2013,-2.2519570336589676,1.141591011621094,-0.09702204936995629,12,3.3935480452800615
2172,2014,-1.4412244955006468,0.6659077697465758,-0.04456237311199864,10,2.1071322652472224
2172,2015,-1.7108306907806394,0.8236083382253024,-0.1886667863312557,11,2.534439029005942
2172,2016,-1.2343625983688098,1.6476420783355643,0.006227610689907111,11,2.882004676704374
2172,2017,-1.7754552276206417,2.2751218594459703,0.058671430795533254,12,4.050577087066612
2172,2018,-1.2128431675828935,2.143503928309495,0.039925012682023836,12,3.3563470958923887
2172,2019,-1.4852919685826598,2.283037795600618,0.02596824637654443,13,3.768329764183278
2172,2020,-1.2692024384243796,2.185374656353702,-0.20458186642736806,13,3.454577094778082
2172,2021,-1.5156125844916435,2.2052430269132826,-0.033050346640574456,13,3.720855611404926
2174,2009,-1.8813640320633787,1.1315316981571635,-0.20685712932020822,13,3.012895730220542
2174,2010,-1.2248249962750086,1.2783400864811474,0.03751108781608399,11,2.503165082756156
2174,2011,-1.4320647892745988,1.2600293626957768,0.20517603963014408,10,2.692094151970376
2174,2012,-1.5242114048165192,1.448685611565486,0.36755383460358493,10,2.972897016382005
2174,2013,-1.4027788096603,1.8226240710124022,0.24738059194896814,11,3.225402880672702
2174,2014,-1.4245998141275296,1.7785274451500435,-0.04432298697066396,10,3.203127259277573
2174,2015,-1.2277843725269495,2.14657778477466,0.14475722235993033,11,3.3743621573016096
2174,2016,-1.2445791430060102,2.420909401764987,0.4386456986316789,11,3.665488544770997
2174,2017,-1.5025588363649922,1.985216310014028,-0.062140563339878316,13,3.48777514637902
2174,2018,-2.130614568540524,1.766696201884242,0.03042244969653174,15,3.897310770424766
2174,2019,-1.5058766410678837,3.117849122523446,-0.12966766765105067,14,4.62372576359133
2174,2020,-2.098243757826403,2.9063533032468025,-0.2422544003134298,12,5.004597061073206
2174,2021,-2.32160856881337,2.490141182910765,-0.10999368197460166,10,4.811749751724135
2181,2009,-1.1163423406430764,1.5312524429587062,-0.07107380240452993,10,2.6475947836017824
2181,2010,-0.8939829755714097,0.982175537492109,-0.043302199090497075,12,1.8761585130635186
2181,2011,-1.4422607417371143,1.3239208109305567,-0.288504149404258,13,2.766181552667671
2181,2012,-1.6799476630265446,1.7717236533872864,-0.24239892770850283,11,3.4516713164138313
2181,2013,-0.5859046265853194,1.0799158240985216,0.35688189338635123,11,1.665820450683841
2181,2014,-1.3715591640323455,1.9663595155628557,0.21851215365333918,11,3.337918679595201
2181,2015,-2.518835441314084,0.7336890809466237,-0.3488904269928783,11,3.2525245222607078
2181,2016,-1.7494467531744304,1.5081693218397052,-0.16316504130805998,11,3.257616075014136
2181,2017,-0.9929602576184091,1.4982444976432074,0.07135881567367795,12,2.4912047552616166
2181,2018,-1.1607416727000042,1.9844862659837468,0.06756093856919607,10,3.145227938683751
2181,2019,-0.9544900249342124,1.6650080806812357,0.2496312932497716,11,2.619498105615448
2181,2020,-1.643442822006035,1.7339484753034802,-0.12972693232612054,13,3.377391297309515
2181,2021,-1.932592139645843,2.0043230032883987,0.22016817211775258,15,3.9369151429342417
2182,2009,-1.667720675120835,0.8413861965272559,-0.2346004266998562,10,2.509106871648091
2182,2010,-1.6845114737526585,1.9199702603219053,-0.060484510390787595,12,3.6044817340745636
2182,2011,-1.481357451539422,1.8520814869971562,-0.021084403894774506,8,3.3334389385365784
2182,2012,-1.7638736877916885,1.2208594522116039,-0.007709731300949245,9,2.9847331400032924
2182,2013,-2.076261055788137,2.7259985494209413,0.09785716968001693,10,4.802259605209079
2182,2014,-1.8281699778952332,1.6918130715968451,-0.18702804790767003,11,3.5199830494920783
2182,2015,-2.156956536454319,2.246743597546437,-0.3731403832325039,10,4.403700134000756
2182,2016,-1.584080558651819,0.9494166880941325,-0.29228370403628046,10,2.5334972467459513
2182,2017,-1.3605250420857362,1.4792946748028524,-0.00930512992787765,12,2.839819716888589
2182,2018,-1.0215393433857065,2.2677270156895593,0.08833874601484124,11,3.289266359075266
2182,2019,-1.564063102189099,2.2928947628072205,0.28512541009378206,14,3.8569578649963194
2182,2020,-1.976963508274305,1.0799964101926283,-0.2694749219111951,12,3.056959918466933
2182,2021,-1.2447461325540603,1.083055871018935,0.03942985373972849,11,2.3278020035729954
2184,2009,-2.040431222368782,2.079001141950628,0.2271717638022084,12,4.11943236431941
2184,2010,-1.813179313055986,1.1874277025269984,-0.3691096139748149,14,3.0006070155829843
2184,2011,-1.0971126083773037,1.8582650198801274,0.4249765068348346,11,2.9553776282574313
2184,2012,-1.7065124831903018,1.9172834055697858,0.06661736618291712,11,3.6237958887600876
2184,2013,-1.7379807401860898,1.3206491266652702,-0.07907200045515202,13,3.0586298668513603
2184,2014,-1.6505991058374436,2.2958229282632283,0.10604843927833275,11,3.9464220341006717
2184,2015,-1.9128318784140006,1.5691207965542764,0.34088782992999983,12,3.481952674968277
2184,2016,-0.9329500985279723,1.6129221902411488,0.32045163448457076,12,2.545872288769121
2184,2017,-1.0549855418282148,0.9092967506366911,0.047058850571346414,13,1.964282292464906
2184,2018,-1.3142189981636445,1.2265313994726064,0.002355343875300887,11,2.540750397636251
2184,2019,-1.8400278293717123,1.1307330908259103,-0.11866485350090497,13,2.9707609201976224
2184,2020,-1.9971768831996548,1.415033312531995,-0.13361433521061888,10,3.4122101957316495
2184,2021,-1.8950224005240435,1.624822988566792,-0.24286831008303741,14,3.519845389090835
2193,2009,-1.0744458630701883,2.7326177437559735,0.25051399519503026,10,3.807063606826162
2193,2010,-1.4301080048685526,1.361556025317976,0.11609794471524273,13,2.7916640301865288
2193,2011,-1.5202297899798807,1.8612539327227051,-0.2296946687468309,11,3.381483722702586
2193,2012,-1.7769670062333094,1.081916136379954,-0.16502197151462622,10,2.8588831426132635
2193,2013,-1.259500047091173,1.8727027214608774,0.08778756060457711,12,3.1322027685520504
2193,2014,-1.2106666260077672,2.6736744165603477,0.17528438747249572,12,3.884341042568115
2193,2015,-1.8848921275012782,3.7219380924113383,-0.017634323234795597,12,5.6068302199126165
2193,2016,-1.5547842863859023,2.040254501745195,0.188266611687343,13,3.5950387881310975
2193,2017,-0.9060407640979705,2.1805863521234166,0.2679675682262916,12,3.086627116221387
2193,2018,-1.187218811069858,1.2639405669012957,0.2745806608242837,13,2.4511593779711536
2193,2019,-0.6889404939318057,2.2928947628072205,0.6638539139887681,13,2.9818352567390263
2193,2020,-2.098243757826403,2.356473100721816,0.25368124359042876,12,4.454716858548219
2193,2021,-1.4933085328914444,1.6493705921021058,-0.19013333871560095,11,3.14267912499355
2197,2009,-1.2966966009373588,1.7489009326243707,-0.06719340047498566,13,3.04559753356173
2197,2010,-1.616335455011013,1.3143904572626213,0.3131077525830665,13,2.930725912273634
2197,2011,-1.5316531621642862,0.9090369804259689,-0.3273369763088208,13,2.440690142590255
2197,2012,-1.8109700019396038,1.5227376341262613,0.019248040442918366,14,3.3337076360658653
2197,2013,-1.4385770740853843,1.3050852513279325,-0.14225043741548804,10,2.743662325413317
2197,2014,-1.4583529550971919,2.1408513231753616,-0.08772235118405265,15,3.5992042782725537
2197,2015,-1.5186832196171982,2.164788309806436,-0.1605813706051996,13,3.6834715294236346
2197,2016,-1.8820915283673298,2.4307576460021867,-0.17436504895075927,14,4.312849174369516
2197,2017,-1.7115335503895885,1.3642154539875282,-0.15078299900221065,13,3.0757490043771165
2197,2018,-1.9750172502437635,1.0331010981346722,-0.2862863194350725,14,3.008118348378436
2197,2019,-2.0767746227043844,1.2456745315201023,-0.27443059277252807,14,3.3224491542244867
2197,2020,-1.121089415580224,1.42053355060692,0.355629254224994,11,2.541622966187144
2197,2021,-1.932592139645843,1.5338637050089978,-0.241001194252165,14,3.466455844654841
2198,2009,-1.736642966930555,2.048823482088446,0.27266379847767147,12,3.785466449019001
2198,2010,-2.064101154080347,1.0238158049840707,-0.08815068908257641,12,3.087916959064418
2198,2011,-1.8922242227802373,1.1537282279263104,-0.1711336484319086,12,3.0459524507065474
2198,2012,-1.7433409838718739,1.7565545970285061,-0.20039470516210398,11,3.4998955809003798
2198,2013,-0.5815340798721148,1.236727518647465,0.3305862385036431,12,1.8182615985195798
2198,2014,-1.449352117505282,1.6849082977026282,0.12500159093032598,11,3.13426041520791
2198,2015,-1.774620539506964,2.029472888177879,0.006349789921833632,12,3.804093427684843
2198,2016,-1.6459678207333148,2.13888030742217,0.25491524071817834,13,3.7848481281554847
2198,2017,-1.7754552276206417,1.5873791386989744,-0.1894548326480572,11,3.362834366319616
2198,2018,-2.4844527116424464,1.5938975476807067,-0.022747532632382154,13,4.0783502593231535
2198,2019,-1.2974531115211507,2.9633649413779244,0.24262812242985268,12,4.260818052899075
2198,2020,-0.8753904128950271,2.592372673473493,0.1551900882020468,11,3.46776308636852
2198,2021,-2.6382498483683343,3.755209179241473,0.7252392838830521,15,6.393459027609808
2199,2009,-1.2434820265283602,1.662698717831576,-0.3331218160515605,13,2.9061807443599363
2199,2010,-1.8309212614112438,1.7288863236697358,-0.25196781546985714,10,3.5598075850809794
2199,2011,-1.3759870507307628,2.6453912021061785,-0.18353415753692484,13,4.021378252836941
2199,2012,-1.4417993248617447,1.074039318268401,-0.433359417868827,12,2.5158386431301456
2199,2013,-1.6775129409539866,1.465322215613184,-0.2899017431777799,14,3.1428351565671706
2199,2014,-2.155105518507048,1.4759286395595774,-0.2486927057549018,13,3.631034158066625
2199,2015,-1.59990812427164,2.554280099535187,0.025861616888380734,13,4.154188223806827
2199,2016,-1.4801566657225147,2.5635245766976067,0.06210321188729181,12,4.043681242420122
2199,2017,-1.6509761719601699,2.4169093695563113,0.06290706813327678,12,4.067885541516481
2199,2018,-2.6117326192330657,1.6897022905712284,-0.34983527366030076,12,4.3014349098042945
2199,2019,-1.385576301713918,0.7427088376863663,-0.3065178179796688,16,2.128285139400284
2199,2020,-1.7868485224899349,0.7253883609402303,-0.22634148257012257,12,2.512236883430165
2199,2021,-2.0431168410120164,1.145453522475328,-0.2925093225879945,12,3.1885703634873446
2210,2009,-1.777057677764754,2.2881064915640743,-0.0754378420006167,11,4.0651641693288285
2210,2010,-1.9261863921937954,1.1897147505571681,-0.21277705083887444,12,3.1159011427509635
2210,2011,-0.9062235350680954,1.8917608227789078,0.23898037783802187,11,2.797984357847003
2210,2012,-1.33749819913336,1.6599856508855266,-0.07556318581494074,12,2.9974838500188867
2210,2013,-1.3136915851715665,2.3371170152060126,0.07109480548594327,12,3.6508086003775793
2210,2014,-1.023074892818739,1.9285637840773788,0.29209147748615316,12,2.951638676896118
2210,2015,-1.2377680804255884,3.734871429438326,0.46047303423869496,11,4.972639509863914
2210,2016,-1.8810354044378204,1.3534055322396488,0.16078384267576165,12,3.234440936677469
2210,2017,-1.968828351822758,1.3214327935080623,-0.1694176101806928,11,3.2902611453308204
2210,2018,-1.986903981970025,1.0224006688726754,-0.13157705420431365,13,3.0093046508427004
2210,2019,-1.3204147375116917,1.5259903962082697,-0.1490136076831384,12,2.846405133719961
2210,2020,-1.7058664798637329,1.9976431152979004,-0.14276648658835098,11,3.7035095951616332
2210,2021,-2.3153999162730767,2.735856312967307,-0.034811177134417594,12,5.0512562292403835
2217,2009,-1.9933174797856565,1.4378900263638756,-0.05802271215776579,13,3.431207506149532
2217,2010,-1.9588221726886994,1.877794832265462,0.10012110027913265,10,3.8366170049541615
2217,2011,-0.44252012866405716,0.83467723144234,0.11084732569021574,10,1.277197360106397
2217,2012,-1.1161336521424152,1.8615374468590906,-0.019362560598140163,11,2.9776710990015056
2217,2013,-0.7684223185197135,1.2365959764037027,-0.021124107591348872,11,2.005018294923416
2217,2014,-0.8904711622918178,1.333457744109314,-0.16270043420319694,12,2.223928906401132
2217,2015,-1.762505413198476,1.9251906866198627,-0.16662455287796968,13,3.687696099818339
2217,2016,-1.3532539344910433,1.520475741530516,0.16235240700204764,12,2.873729676021559
2217,2017,-1.3124458301110566,1.8329814911451945,0.015194385390378358,11,3.145427321256251
2217,2018,-1.3539076501022385,2.2593381014715024,0.0640717955807527,11,3.613245751573741
2217,2019,-1.8839950909906371,0.8525211585311573,-0.16429545227948142,12,2.7365162495217943
2217,2020,-1.2819343858411274,0.6785038360854162,-0.4905774135626976,10,1.9604382219265437
2217,2021,-1.6503290561568464,0.7188777236279567,-0.40379608058924915,12,2.369206779784803
2226,2009,-1.716761536600828,1.9709189295907998,-0.020966087473562014,11,3.687680466191628
2226,2010,-1.9292051643426569,1.8011064264257177,-0.1251490803369819,11,3.7303115907683746
2226,2011,-2.025469222593007,1.1598536525122631,-0.034530808374063096,11,3.1853228751052702
2226,2012,-1.7433409838718739,1.8217837915083568,-0.01145927526454149,12,3.5651247753802306
2226,2013,-2.1051066640952882,2.3518915950706507,-0.5144953430949692,13,4.456998259165939
2226,2014,-1.286865222751326,2.0305129561573385,-0.18830042261343855,11,3.3173781789086645
2226,2015,-1.9714773845011055,1.1687200973409129,-0.23910296042769882,11,3.1401974818420184
2226,2016,-1.6607468683945676,0.7972336562231316,-0.16180854312831583,12,2.457980524617699
2226,2017,-1.3085580576837916,1.6064196770989012,0.04279960362801924,11,2.914977734782693
2226,2018,-1.6422252122959544,1.737185285257037,-0.24670706146796947,12,3.3794104975529917
2226,2019,-1.2430585444595865,2.5966685703561554,0.17104982381386602,12,3.8397271148157417
2226,2020,-1.1028303888610693,1.311468382997696,0.11657313431444646,13,2.4142987718587654
2226,2021,-0.8967228108160317,1.6264936094706326,0.39136162876089026,13,2.5232164202866643
2229,2009,-1.890633681848076,1.8975156601659269,-0.27823725966880286,15,3.7881493420140027
2229,2010,-2.3292311762738223,1.8735421115779858,-0.3951437107368555,14,4.202773287851808
2229,2011,-1.591677790551434,1.6431581478787507,0.051236188379650494,14,3.2348359384301846
2229,2012,-2.1427885681873877,1.4212695407322058,-0.5437405787707152,14,3.5640581089195935
2229,2013,-0.9188310224636907,1.5659264193967521,0.21197598051727204,11,2.484757441860443
2229,2014,-1.975125182356852,1.4154135312129092,-0.37644240506598486,14,3.3905387135697613
2229,2015,-1.6943666441396756,1.57865713304781,-0.3517417215592595,12,3.2730237771874857
2229,2016,-1.146766701180917,1.567620257427129,-0.058423959251220944,11,2.714386958608046
2229,2017,-1.2185925738591137,1.6978562004611302,-0.15080252782095108,12,2.916448774320244
2229,2018,-1.6948409772341129,1.1971186154162203,-0.14383516699157736,14,2.891959592650333
2229,2019,-1.1555138273898733,2.1520573681987942,0.45620564828408183,13,3.3075711955886673
2229,2020,-1.0985011601672159,1.876434455106594,0.03538694201718951,13,2.97493561527381
2229,2021,-2.070479278131847,1.8156856177170315,0.046826075725545833,15,3.8861648958488786
2230,2009,-1.9420023074691146,1.7754640203691978,-0.23908679858739723,12,3.7174663278383124
2230,2010,-2.5450346827103725,1.7789548407522413,-0.49218392590848475,13,4.323989523462614
2230,2011,-1.4441276062725044,1.4176931914169737,-0.21553179051499924,10,2.861820797689478
2230,2012,-0.8616666775550348,1.7786098130813086,-0.09316760027968561,11,2.640276490636343
2230,2013,-1.9031874059452292,1.3893992067920253,0.026324896213375346,13,3.2925866127372547
2230,2014,-1.1825884268511233,1.7496830877001135,-0.030091043133385075,10,2.932271514551237
2230,2015,-2.518835441314084,1.813874117662761,-0.3100281930545643,11,4.332709558976845
2230,2016,-1.3083214155961076,1.1163172916846726,-0.004562321214859893,11,2.4246387072807805
2230,2017,-1.483867302717345,0.9671519399051751,-0.45699932633386525,12,2.45101924262252
2230,2018,-2.3488265806032618,0.6747400674685049,-0.6242485455764649,13,3.0235666480717667
2230,2019,-2.0420395719451507,0.8174219832838212,-0.346086921721624,13,2.8594615552289717
2230,2020,-1.7900726319153342,0.7540880371951636,-0.2865769020620817,11,2.544160669110498
2230,2021,-2.6382498483683343,0.6469034270144187,-0.8536666396674957,10,3.2851532753827533
2239,2009,-1.3757046363081498,3.0691103242519593,0.12312392252164737,11,4.444814960560109
2239,2010,-1.674379156742223,1.2617765934037375,-0.01558589197670738,13,2.9361557501459608
2239,2011,-1.1036056505214127,1.4887189970437804,0.09834429711203314,11,2.592324647565193
2239,2012,-1.2586052953235747,2.1358760109963657,0.2678758532141232,11,3.3944813063199404
2239,2013,-1.2213134713547154,2.1050966271685128,0.3617538039441205,10,3.326410098523228
2239,2014,-1.0754815052920652,1.5570954077656665,-0.1756059114543555,11,2.632576913057732
2239,2015,-1.3961823380209237,2.2917083054185383,0.06279722074055497,11,3.687890643439462
2239,2016,-2.007770275978983,1.6381425367649414,0.01335606143566572,12,3.6459128127439246
2239,2017,-1.6471163562807756,1.7207825965821706,-0.13497430984252884,14,3.367898952862946
2239,2018,-1.5425813954718626,2.132435560277116,-0.23830414880328404,14,3.6750169557489785
2239,2019,-1.2671005895066458,2.1178483030783672,-0.17492483533032846,12,3.384948892585013
2239,2020,-2.704645005586894,1.5538566601375836,-0.42481805293939773,12,4.258501665724477
2239,2021,-1.6403500582557202,2.045857356082687,0.38814008414248197,12,3.6862074143384076
2241,2009,-2.177745634512762,1.3285346482587137,-0.04694983337292054,15,3.506280282771476
2241,2010,-1.1984208025463012,2.089182711282323,-0.0029082476887040687,14,3.287603513828624
2241,2011,-2.502639797838737,1.325140532918281,-0.32270644180378394,14,3.827780330757018
2241,2012,-1.9678760364143626,1.392058398478194,0.16425403016356657,14,3.3599344348925566
2241,2013,-1.9949688869225286,1.7820805855064479,-0.0995866838391668,12,3.7770494724289767
2241,2014,-1.281798063871265,1.4782817057682955,0.21508682250210567,14,2.7600797696395603
2241,2015,-1.3268614911469776,2.3334985934169588,0.22118342450510256,11,3.660360084563936
2241,2016,-1.2868661491940065,1.6121415357976425,0.16204157771443786,12,2.8990076849916493
2241,2017,-1.3641331306556048,1.3297073593737874,0.14804734463772487,12,2.693840490029392
2241,2018,-2.0433619974059893,1.6900106683090113,-0.11524121699790313,12,3.7333726657150006
2241,2019,-1.477418332138952,1.8183943585434434,0.18848818861547165,11,3.2958126906823955
2241,2020,-1.457766322452296,0.9730881131265358,0.07979791243078732,10,2.4308544355788317
2241,2021,-1.723508374098438,1.580483219533128,0.04671728927216955,11,3.303991593631566
2244,2009,-1.9031168102248015,0.9303710958411283,-0.013314150236813546,12,2.8334879060659297
2244,2010,-0.8225201663087918,0.9856729790006538,0.08367327694040855,12,1.8081931453094455
2244,2011,-1.4517284118808786,1.4803218294179759,0.10929723718453754,12,2.9320502412988545
2244,2012,-1.0898110291020637,2.2077166435967985,0.2230316853070697,11,3.2975276726988625
2244,2013,-0.6008081908773476,1.8556678394215071,0.15368460504978532,12,2.456476030298855
2244,2014,-1.8849926569537256,1.5754877595044432,-0.15263010706071647,12,3.460480416458169
2244,2015,-1.2226611540000163,0.998057030559051,-0.13520204634795943,13,2.2207181845590673
2244,2016,-1.4168925819838973,0.8894555900159696,-0.14713984248454495,12,2.306348171999867
2244,2017,-1.6363315771765852,1.258564583578531,-0.04258063306153773,12,2.894896160755116
2244,2018,-0.5898814628064336,1.2101706493456925,0.0925894958906677,8,1.8000521121521262
2244,2019,-1.5172437867547277,1.0291178326837662,0.043327737543952166,12,2.546361619438494
2244,2020,-1.3732793333143707,1.0059855509340412,-0.04626928412189246,10,2.379264884248412
2244,2021,-1.2145544711212026,2.7555705688782957,0.16582700111675822,12,3.9701250399994983
2247,2009,-1.0673928880381627,0.8934555835807693,-0.19746168322401805,12,1.9608484716189318
2247,2010,-1.4995270117755344,1.1011866416380616,-0.15010646240177417,11,2.600713653413596
2247,2011,-1.1701155850514582,1.1419364183666614,-0.10503011958214409,13,2.3120520034181196
2247,2012,-0.6673082683059377,0.7789136303741804,0.13333722897522557,11,1.446221898680118
2247,2013,-2.0718003947097117,1.796720387902675,-0.31034277778251546,12,3.8685207826123866
2247,2014,-1.8342931114144672,1.9183027301280142,-0.11190983592559657,13,3.7525958415424814
2247,2015,-1.002537164781109,2.352829170515407,0.2968061851638069,11,3.355366335296516
2247,2016,-0.9452727136993535,1.1414137912629116,-0.18487969341389457,11,2.086686504962265
2247,2017,-1.0477315176055766,1.3229186241366382,0.11172731952692282,12,2.370650141742215
2247,2018,-2.6117326192330657,2.2532114202036437,-0.1961801643506055,11,4.864944039436709
2247,2019,-0.9923897568145561,1.581378435158623,0.1950269566495373,10,2.573768191973179
2247,2020,-1.1848986686068987,1.4072166990261867,0.27754860610924315,10,2.5921153676330855
2247,2021,-1.5349018845582532,1.253344268460923,0.23881792773365867,11,2.788246153019176
2250,2009,-1.1887448991935419,1.8318352000914633,0.5787090769526309,11,3.020580099285005
2250,2010,-1.7434788016603302,1.7390325212184103,0.20398432950383322,14,3.4825113228787403
2250,2011,-1.4320647892745988,1.984691571391313,0.4254972356319933,12,3.4167563606659117
2250,2012,-1.4088011614015923,1.3812924786369023,0.31561767385070266,12,2.790093640038495
2250,2013,-1.5078615059246243,3.221738427835029,0.5957191592533557,12,4.729599933759653
2250,2014,-1.6308690089421336,1.8126131962569636,0.3399754863309465,13,3.443482205199097
2250,2015,-1.050442192748497,2.6411491381173238,0.4114363501235019,13,3.691591330865821
2250,2016,-1.8192521545615032,2.3369305151120385,0.15889076243923167,12,4.156182669673542
2250,2017,-2.2919717689244377,3.0204461668536413,0.4302981395562146,14,5.312417935778079
2250,2018,-2.2005206100941415,1.8686530573641433,0.2483684680155904,11,4.069173667458285
2250,2019,-1.4889713993911498,2.732646102831059,0.42078590197883003,13,4.221617502222209
2250,2020,-1.0345563232301327,3.0013289289995666,0.7250744783979276,12,4.035885252229699
2250,2021,-2.2266161849468813,2.9172055869311917,0.38754917432132424,14,5.143821771878073
2253,2014,-1.0866198577070552,1.9276455893702458,0.18959743165883533,13,3.014265447077301
2253,2015,-1.6911232578407993,1.6085401762756748,0.1391768950952803,12,3.299663434116474
2253,2016,-1.3063074986116163,1.7571801488849434,0.23133120641688085,13,3.0634876474965598
2253,2017,-1.197667234164972,1.7972020471221608,0.10551848859527309,11,2.9948692812871327
2253,2018,-1.047464791849583,1.9735084716212656,0.24309882989794623,13,3.0209732634708484
2253,2019,-0.9894350296595428,2.1856912944046605,0.2770043952366146,11,3.175126324064203
2253,2020,-2.232999590662068,1.2775108928802004,-0.31890682057740644,10,3.5105104835422685
2253,2021,-0.4610139426680851,2.32556785759625,0.41104183180131576,13,2.786581800264335
2261,2009,-2.036969514499606,1.3753713902811635,-0.29628002799032543,12,3.41234090478077
2261,2010,-1.8160606334089557,1.5230120820172859,-0.2841219228722979,13,3.3390727154262416
2261,2011,-1.6214328309904662,1.4663698797643787,-0.18843950218142666,10,3.087802710754845
2261,2012,-2.5167394981848905,1.5162419054615242,-0.566329839969683,14,4.032981403646414
2261,2013,-0.9173463220361168,0.8556441972572092,-0.10370946759642291,12,1.772990519293326
2261,2014,-2.043407398571342,1.437171541858212,0.004075209565074662,14,3.480578940429554
2261,2015,-1.641175108838101,1.4495104705800117,-0.13969983072544478,15,3.0906855794181127
2261,2016,-2.0473987099105857,1.4756256786573378,-0.35021697711338723,13,3.5230243885679235
2261,2017,-2.025186500777985,1.3985232186703505,-0.21295498317640774,12,3.4237097194483352
2261,2018,-1.2752935895315618,1.8241075644570326,0.17405169816475144,14,3.0994011539885946
2261,2019,-1.9237749943601405,2.8760213463178235,-0.10027912779108275,14,4.799796340677964
2261,2020,-1.6294796353799714,2.856134678507889,-0.03746909136315683,12,4.485614313887861
2261,2021,-1.6809622590161175,2.359822124446563,-0.26365177945788515,12,4.040784383462681
2272,2009,-1.389295138976359,1.709968659313681,-0.1762510960019515,13,3.09926379829004
2272,2010,-0.9925065441716983,2.8018145473528504,0.2574628335051202,10,3.794321091524549
2272,2011,-1.673121413719504,2.4666672664534546,-0.15579252819066872,13,4.139788680172959
2272,2012,-1.1930381948414581,2.794082844183487,0.1067790885036748,11,3.987121039024945
2272,2013,-1.5546516163995856,2.8867395602119825,0.15604425934834557,15,4.441391176611568
2272,2014,-1.2107950883568501,2.7468913139466413,0.18335635947590578,12,3.9576864023034917
2272,2015,-1.6802956275337357,3.844201969136794,0.3594810110543232,13,5.52449759667053
2272,2016,-1.6909767386107664,2.7672650323746115,0.20618218425203683,13,4.458241770985378
2272,2017,-2.563822580136962,1.5942745534590919,-0.4190063386164282,12,4.158097133596054
2272,2018,-1.1198937023569682,1.7796544940442525,0.1370376124053078,13,2.899548196401221
2272,2019,-1.7685363470645175,1.9752487124158828,-0.08133700241065253,13,3.7437850594804
2272,2020,-1.2503474304306952,1.1469391666495716,-0.023149525579638442,11,2.397286597080267
2272,2021,-2.117194578214596,2.4624281548975007,-0.23807235683540662,12,4.579622733112096
2275,2009,-1.501736220880859,2.1663830405877054,-0.12380831742320113,12,3.668119261468564
2275,2010,-1.80241673409048,2.231805094898663,-0.14099169207187195,10,4.034221828989143
2275,2011,-1.9807344811637198,2.5202083626426344,-0.2968472633252031,11,4.500942843806354
2275,2012,-0.909789251778956,2.374238290435423,0.06892311316697385,10,3.2840275422143788
2275,2013,-1.4823451626430006,0.8605824399837052,-0.3136881984224961,14,2.342927602626706
2275,2014,-2.057967577028843,1.89787354473696,-0.1253312934888641,9,3.955841121765803
2275,2015,-1.3666805192571352,1.71167268919383,0.43939722584011404,10,3.0783532084509653
2275,2016,-0.9720843002903596,1.2285836585026246,0.23278081286734917,9,2.2006679587929843
2275,2017,-1.1421765346157284,2.488697469138904,0.10165177529754724,10,3.6308740037546325
2275,2018,-0.915483081535003,2.5582663598854762,0.18991913114627365,10,3.4737494414204795
2275,2019,-1.3637158285000268,3.275617977463068,0.34017490727575345,12,4.639333805963094
2275,2020,-2.212493268274032,1.4330392180911544,-0.2623366188664665,12,3.6455324863651866
2275,2021,-1.5759694266355515,1.641586138139767,-0.1389993119745329,11,3.2175555647753185
2277,2009,-1.473373557403826,1.9294421325454005,-0.08476501584706574,13,3.4028156899492266
2277,2010,-1.2137642582854362,2.1513742225579695,0.04223215299098152,12,3.365138480843406
2277,2011,-1.3892417889320332,2.633725667294707,0.010328377386329293,13,4.02296745622674
2277,2012,-2.5167394981848905,1.83801196361648,0.1593942504679245,13,4.354751461801371
2277,2013,-1.8515336422324233,1.6107590012464144,-0.20957023474596545,14,3.462292643478838
2277,2014,-1.0475477364606007,1.6159993604018152,0.11178630311832254,13,2.663547096862416
2277,2015,-1.8662162197293788,1.4744495262588917,0.30086484179981493,15,3.3406657459882707
2277,2016,-0.765373496153862,2.306495976068103,0.3374046174511135,15,3.071869472221965
2277,2017,-0.7710338484671956,1.5136171078478031,0.36314327006158914,13,2.284650956314999
2277,2018,-1.2238920883891962,2.5201932548207093,0.3863511387491728,13,3.7440853432099055
2277,2019,-0.45974412444972806,2.902925542544455,0.6168635672651447,11,3.362669666994183
2277,2020,-1.00672151185752,2.1490863954066377,0.43623655897863334,13,3.1558079072641574
2277,2021,-0.7990356075490748,1.6305436982245152,0.13943166440612034,12,2.42957930577359
2287,2009,-1.7697256669992205,1.5139191559157346,-0.07543196345681745,12,3.283644822914955
2287,2010,-1.3346584944358102,1.3729151841462996,0.16954729187485323,11,2.7075736785821096
2287,2011,-1.6675912911587092,1.212473966574449,-0.1808684700798047,12,2.8800652577331585
2287,2012,-1.1118504538364749,1.5614562040079123,0.04365460000676897,12,2.673306657844387
2287,2013,-1.574957422432578,2.6816177368277843,0.3485309254597273,12,4.256575159260362
2287,2014,-0.9407497762176731,1.459755201497388,0.0217553689321597,11,2.400504977715061
2287,2015,-1.34862166467944,1.607602988351608,0.10146248567616482,12,2.956224653031048
2287,2016,-1.3564523028413384,1.4810717577205097,-0.23789072759325525,11,2.837524060561848
2287,2017,-1.60337504407647,1.4852189479541813,-0.2908827619446029,12,3.0885939920306513
2287,2018,-1.1537991322859704,2.145691680911059,-0.1463792967384482,12,3.2994908131970293
2287,2019,-1.8416208460970356,2.137475605456603,-0.1129892380568756,10,3.9790964515536382
2287,2020,-1.6338824419737752,1.4118109808304324,-0.22995632816152,12,3.0456934228042076
2287,2021,-1.2635919742336108,1.5240793739379823,0.18205249285299685,13,2.7876713481715933
2294,2009,-1.393749381936517,1.5972370179878495,-0.014116946237226903,11,2.9909863999243664
2294,2010,-0.8163680056325323,0.8053811785049548,-0.12002079628272058,10,1.6217491841374871
2294,2011,-0.9770704106348398,1.2600293626957768,0.015064323984669042,11,2.2370997733306166
2294,2012,-1.5714746473578702,1.4513327353227812,0.14471761099092492,13,3.0228073826806514
2294,2013,-1.2660973328165943,1.5567812911201486,0.062384527500395956,14,2.822878623936743
2294,2014,-1.968574853475811,2.0495361669815932,0.1467029756420132,15,4.018111020457404
2294,2015,-1.8118312845973201,1.9055569263265268,0.08856155364898541,13,3.717388210923847
2294,2016,-0.5369787404618032,2.2653071428172256,0.2959501767404689,13,2.802285883279029
2294,2017,-1.0621704801058756,2.703001329530893,0.38334141310254366,12,3.7651718096367683
2294,2018,-2.0699330125973208,1.8742165713733814,-0.1289330234525786,14,3.9441495839707024
2294,2019,-1.040900002718275,1.8922655383586247,0.24981153182261784,13,2.9331655410768995
2294,2020,-1.5851350097213726,3.634726262625702,0.23368230904945453,13,5.2198612723470745
2294,2021,-1.4604878085505784,3.669244440366551,0.54110972544113,13,5.129732248917129
2296,2009,-2.4523744588007226,1.8919002178012274,-0.0856112413514592,13,4.34427467660195
2296,2010,-1.2161394062326707,1.9576651323157037,-0.18815905570989686,15,3.1738045385483744
2296,2011,-2.0208810439848746,2.6503494047753597,-0.3196521917461709,15,4.671230448760234
2296,2012,-1.852100149947142,1.6052350972247393,-0.4893875152763068,13,3.4573352471718812
2296,2013,-2.5089451803954064,3.391719405664454,-0.1847874977347325,15,5.900664586059861
2296,2014,-2.1195683320413496,1.2551277414867354,-0.33892009448579247,11,3.374696073528085
2296,2015,-1.933728552996762,1.6920439414218864,-0.3526592368120859,17,3.6257724944186487
2296,2016,-2.636164014037249,0.8442604663338351,-0.5454449697833164,13,3.4804244803710844
2296,2017,-1.9798467634582062,0.7496054231925005,-0.5683227593181167,14,2.7294521866507067
2296,2018,-2.6117326192330657,1.5431741965707724,-0.46144442209966846,16,4.154906815803838
2296,2019,-1.750818892753604,1.04883271016693,-0.5996223746166768,14,2.799651602920534
2296,2020,-1.9750685043750535,2.4138156382617217,-0.2010042448988525,13,4.388884142636775
2296,2021,-1.5313357954703086,2.816615831237639,-0.4255700459859506,13,4.347951626707948
2305,2009,-0.9266587683120526,1.9787806149423681,0.3394608427058966,13,2.9054393832544205
2305,2010,-0.9287485592435484,2.066656687714528,0.6545832300723061,14,2.9954052469580765
2305,2011,-1.7435047917659845,2.572840902614222,0.5279092654362579,14,4.316345694380207
2305,2012,-1.3128644523202893,2.2166389712548904,0.35850262486322504,11,3.5295034235751794
2305,2013,-2.5089451803954064,1.6850754813310105,-0.09786721515436696,15,4.194020661726417
2305,2014,-2.283195337543319,1.709326401862301,0.3151970460406281,13,3.9925217394056203
2305,2015,-0.9477150930546082,1.5496915464179701,0.2724902124963035,12,2.4974066394725782
2305,2016,-1.8192521545615032,1.9172316548666908,0.21391508375650253,15,3.736483809428194
2305,2017,-0.7088405742162082,1.995629159070329,0.3893748335831723,11,2.7044697332865373
2305,2018,-1.6094033469569378,1.804189740700441,0.4252274050991282,11,3.413593087657379
2305,2019,-1.0068482216930872,2.774145115527409,0.3634865413057255,11,3.780993337220496
2305,2020,-0.8613335674403261,1.706388330558184,0.33246312796291455,12,2.56772189799851
2305,2021,-2.1237077690915176,2.1559266507617663,0.12051368124702859,12,4.279634419853284
2306,2009,-1.6799808904908333,1.7016749842104464,0.250989294347786,12,3.3816558747012797
2306,2010,-1.7345726252042184,2.6070892701861967,0.06666864863803763,13,4.341661895390415
2306,2011,-1.2843992708519587,2.662778830438907,0.3602583945356606,14,3.9471781012908655
2306,2012,-1.1914686771761533,1.5840546519006253,0.2595611656036023,13,2.775523329076779
2306,2013,-1.8166505810237754,1.4525347826613473,0.011675098450500708,13,3.2691853636851227
2306,2014,-2.011468942600048,1.7859195357515443,-0.19306156068230101,13,3.7973884783515923
2306,2015,-2.257787752680202,1.2868969710497622,-0.14246456397444135,12,3.544684723729964
2306,2016,-1.268129799604182,1.107479310489397,-0.036143212886523814,10,2.375609110093579
2306,2017,-1.1513310735452214,0.9473933596416082,0.04076221331655405,14,2.0987244331868293
2306,2018,-2.6117326192330657,1.3346496679187438,-0.40486602526420784,15,3.9463822871518097
2306,2019,-1.8839950909906371,0.8263179310926508,-0.503183694271844,13,2.710313022083288
2306,2020,-1.228189793648308,2.483454558586193,0.17200559577370764,17,3.711644352234501
2306,2021,-1.5126890499502978,1.3453017331296016,-0.08601100294538232,13,2.8579907830798996
2309,2009,-1.2539941346350763,1.4438747012075344,0.10914656096596165,12,2.697868835842611
2309,2010,-1.6683329378118885,1.5356134389989338,0.019419949604254406,11,3.2039463768108223
2309,2011,-1.2255067876222236,1.4444851799286142,0.04731497011750616,11,2.669991967550838
2309,2012,-1.8361488055894357,1.3839864128342714,0.14754162431344003,12,3.220135218423707
2309,2013,-1.1749168231792855,1.683216046454555,0.050040400684038235,12,2.8581328696338404
2309,2014,-0.616509909736198,0.8797217622299054,0.11713049235718481,12,1.4962316719661035
2309,2015,-1.5500684999305594,2.1824541316383685,-0.05987035167994739,11,3.732522631568928
2309,2016,-1.815834113308467,1.8228132189345296,0.1117363134258766,11,3.6386473322429964
2309,2017,-0.8946408891414952,2.026585789587222,0.13131333954998678,12,2.9212266787287176
2309,2018,-2.065007561627905,1.3322360609406916,-0.16020283158517737,12,3.3972436225685967
2309,2019,-0.932390619951473,2.282581454526238,0.22629083930958982,11,3.214972074477711
2309,2020,-1.5820509601459856,1.474133370647065,0.037112954429572444,12,3.0561843307930507
2309,2021,-0.9197792146671214,2.3504658213547738,0.3518437588537977,11,3.2702450360218953
2320,2009,-1.7658023980808213,1.3040869419492842,0.06394315339216024,11,3.0698893400301053
2320,2010,-1.5068962288393923,1.456030118300676,0.002893522362643138,12,2.962926347140068
2320,2011,-1.525455375128066,3.1462177473496884,0.5388693946732223,15,4.671673122477754
2320,2012,-1.4070807602575188,2.1157355332990124,-0.0006832571105253963,12,3.5228162935565313
2320,2013,-1.6922939585440562,0.8889773356610574,-0.24195937922398658,13,2.5812712942051137
2320,2014,-1.4765796512208096,0.8933910712552346,-0.21289298814329508,12,2.3699707224760442
2320,2015,-1.7967886429650484,1.8359003065790285,-0.1009149500489003,14,3.632688949544077
2320,2016,-1.7711985157688124,1.7043758387630348,0.18529828942924853,14,3.4755743545318474
2320,2017,-0.319565153265685,1.3469760976999032,0.4368365287932299,13,1.6665412509655884
2320,2018,-1.1611254312153527,1.4474177896230274,0.10274491575876989,11,2.60854322083838
2320,2019,-1.3434564040285615,1.752152175925506,0.28096863142202444,13,3.0956085799540674
2320,2020,-1.7288269057424261,1.3956272306144162,-0.130085912493377,11,3.1244541363568423
2320,2021,-1.7981811475082254,0.9925701571952542,-0.2819592353176784,11,2.7907513047034795
2325,2009,-1.0176381208319574,1.700978208610063,0.1844853705327298,10,2.7186163294420203
2325,2010,-1.1615272715829021,1.6442290729662639,0.07989213141502204,11,2.805756344549166
2325,2011,-0.8778847848413974,2.0023493650067983,0.5913971721324321,9,2.880234149848196
2325,2012,-1.2813438515594777,1.7116327363181203,0.11578729522713274,10,2.992976587877598
2325,2013,-1.9618091260533108,2.5794201249860835,0.293674836476313,11,4.541229251039394
2325,2014,-1.0216513815612285,1.7431281715825515,-0.05470948074111235,10,2.76477955314378
2325,2015,-1.549571632669945,2.053214209711974,-0.15082210581273103,10,3.602785842381919
2325,2016,-1.482876683012667,1.5251989624374898,-0.29683552787351564,10,3.0080756454501567
2325,2017,-0.8470340760899605,1.6825158582842774,0.07549829354872054,11,2.529549934374238
2325,2018,-2.2472492474962915,2.1185026846315633,0.03654281972535216,11,4.365751932127855
2325,2019,-0.8099377000140452,1.187070686406061,-0.028472390755090986,12,1.9970083864201063
2325,2020,-0.9809953983161659,1.3458591035738479,0.1237772570303977,10,2.326854501890014
2325,2021,-1.733560478211294,0.6208118585829313,-0.14168536572178364,12,2.3543723367942255
2329,2009,-2.4523744588007226,1.3494599454577798,-0.4720898312672294,13,3.8018344042585026
2329,2010,-1.748894719775533,2.5031673038837865,0.14335431614969998,14,4.252062023659319
2329,2011,-1.2880237881223329,2.7758647681965476,-0.009834993719671815,13,4.06388855631888
2329,2012,-2.5167394981848905,3.130082842126742,-0.07868799972585754,14,5.646822340311632
2329,2013,-1.056091872749961,4.033890136112155,0.3402014450551403,12,5.0899820088621155
2329,2014,-0.8234095274614769,1.4972864246467374,-0.06299186355536027,11,2.320695952108214
2329,2015,-0.893220289366727,3.469905650874978,0.5385257062223984,15,4.363125940241705
2329,2016,-0.8544220983082562,2.223705149973554,-0.0030056483970974193,9,3.07812724828181
2329,2017,-1.0552993598478297,2.5181505807036815,0.08373968089256902,10,3.5734499405515114
2329,2018,-1.0080057835912608,1.3774371478156444,0.05836164275375679,11,2.385442931406905
2329,2019,-0.8416886320612633,1.27939782173644,0.24824050623286897,11,2.1210864537977034
2329,2020,-2.475195884812654,1.0121209835796234,-0.16574969184178046,11,3.4873168683922775
2329,2021,-0.8434490410330875,1.5008289771954513,0.02166006152410222,10,2.3442780182285388
2335,2009,-1.7807278776616886,2.1090017065459064,0.11970236881188606,12,3.889729584207595
2335,2010,-1.1984208025463012,1.7988810597543727,0.16026901379515757,13,2.9973018623006737
2335,2011,-2.502639797838737,1.0366940531196984,-0.34720250812707926,12,3.5393338509584353
2335,2012,-1.6934443055290986,1.235026834656561,-0.17477517501785686,14,2.9284711401856596
2335,2013,-1.7076278094691875,1.5209029551472257,-0.13991353350888633,13,3.228530764616413
2335,2014,-1.1090079460611852,2.4335309514917185,0.30250874982992565,13,3.5425388975529035
2335,2015,-1.077709160225666,0.8164175830008722,0.04245651531814701,13,1.8941267432265383
2335,2016,-2.007770275978983,1.1105745895733141,-0.3564836805287727,12,3.118344865552297
2335,2017,-1.3738341235085538,1.0682984368132282,-0.09026911273254459,14,2.442132560321782
2335,2018,-1.695317284580606,1.6144192223044573,0.06106657443907198,12,3.3097365068850633
2335,2019,-0.6309281348512799,1.6090592810743285,0.2867835212492042,11,2.2399874159256083
2335,2020,-1.7950431339461577,2.7725275548304404,0.11636711347808085,14,4.567570688776598
2335,2021,-2.0207993532361543,1.5908631319890636,0.09312055201469649,16,3.611662485225218
2344,2009,-0.8822267910301556,1.8447589094697203,0.5733712997188806,12,2.726985700499876
2344,2010,-1.3248222912977616,2.359993410955291,0.6238045551679707,11,3.6848157022530525
2344,2011,-1.1605975549601206,2.152161677753832,0.2337849575024378,11,3.312759232713953
2344,2012,-1.8481375305267542,2.329646831789852,0.267552098833894,11,4.177784362316606
2344,2013,-1.852197694291174,1.3773729036437423,0.01028935664304871,13,3.2295705979349165
2344,2014,-1.6927497673865148,2.0738316134240145,0.129251454887994,10,3.7665813808105293
2344,2015,-1.8889291856778023,1.5443776853594813,0.1571294390714841,12,3.4333068710372836
2344,2016,-2.200709931161052,1.6063145038252966,0.20009443960352594,11,3.8070244349863485
2344,2017,-2.2134370901297085,1.3398919700405627,-0.6061941282335779,11,3.553329060170271
2344,2018,-1.7082245428151472,1.6784920366239915,-0.39224357756922384,12,3.3867165794391387
2344,2019,-1.3270764438175895,2.578629745679853,0.14405892029578712,12,3.905706189497442
2344,2020,-1.8327383466447829,1.09301937432729,-0.06372742997812404,12,2.925757720972073
2344,2021,-2.063877294757004,1.1614455062912354,-0.2588827482157009,14,3.2253228010482395
2348,2009,-1.677780339014167,1.2019006828087262,-0.292275827197823,12,2.8796810218228934
2348,2010,-2.2587647251925,1.9673862420178232,-0.07101193547040001,12,4.226150967210323
2348,2011,-1.2381377734375518,1.3597995490200245,-0.06892439115012078,13,2.597937322457576
2348,2012,-1.4533165410044926,1.7369523305367012,0.09528962633242989,13,3.1902688715411935
2348,2013,-0.4357088775353682,2.373829607596933,0.6492072724281606,13,2.8095384851323013
2348,2014,-1.0258127041526282,2.015675685101761,0.587498491860671,11,3.041488389254389
2348,2015,-1.2416666420838003,1.5763798926737307,0.19543027360303147,12,2.818046534757531
2348,2016,-1.1255727410407363,1.9419024478062619,0.17320043827941398,13,3.0674751888469984
2348,2017,-2.3448316488824283,1.841095292088897,-0.10740252456729345,12,4.185926940971325
2348,2018,-0.7523391866048863,2.2691751414159054,0.2941687876737761,13,3.0215143280207917
2348,2019,-1.3428979962940966,1.4401852988783632,0.15627494354255356,10,2.78308329517246
2348,2020,-1.718598784016011,1.7663761064277577,0.09803850535662849,14,3.4849748904437687
2348,2021,-1.2333119859729433,1.7608022140202744,0.26558439046417026,14,2.9941141999932177
2349,2014,-1.5831014059324358,1.5085481361361415,-0.20775633305061456,11,3.091649542068577
2349,2015,-0.9738167729617943,1.254523854024114,-0.048980823680855594,11,2.2283406269859083
2349,2016,-1.9554041311407946,1.2732751280656824,0.25709485416644273,12,3.2286792592064772
2349,2017,-0.9316557956305174,1.6933611234511685,0.2271504737941406,11,2.625016919081686
2349,2018,-0.6070740746808098,2.0569307940244865,0.1911694090315822,11,2.6640048687052964
2349,2019,-1.2537976744527148,1.884829947597476,0.1848396828510131,11,3.1386276220501905
2349,2020,-2.5444635439143113,2.1656730788361016,0.03414683418711065,11,4.710136622750413
2349,2021,-0.9302773344703636,2.532352449095272,0.1214338195166277,11,3.4626297835656357
2350,2009,-1.2753937832808915,1.0966749627667687,0.04710126849381303,14,2.37206874604766
2350,2010,-1.1950458304155644,2.264300603589881,0.1574037708611697,12,3.459346434005446
2350,2011,-1.7019083530770664,2.9251754955814455,0.24929584065185242,13,4.627083848658512
2350,2012,-1.91621829883596,1.4799316762332815,-0.4959358746223373,11,3.3961499750692417
2350,2013,-2.150609595509386,2.791435346043646,0.07783647878042928,12,4.942044941553032
2350,2014,-2.485066145115553,1.1800497098799687,-0.24624091661665112,13,3.6651158549955216
2350,2015,-2.2537088825452978,1.2234745191081602,-0.12843415667283922,12,3.477183401653458
2350,2016,-1.4141170047401985,1.1440555709877709,-0.14791504408092168,12,2.558172575727969
2350,2017,-1.1725860756963964,2.0839378902533716,-0.07498996544532388,12,3.256523965949768
2350,2018,-1.2642486388728715,2.04353000089384,0.08880001253435425,12,3.3077786397667115
2350,2019,-1.3692672504216081,1.6667972857661222,-0.2724964019151851,11,3.0360645361877303
2350,2020,-1.120954896756744,1.3832627065887213,-0.06574514282665198,11,2.5042176033454653
2350,2021,-2.6382498483683343,1.6851072247599128,0.05933823501491025,14,4.323357073128247
2351,2009,-2.152779377759311,1.7570018436042631,-0.42621762437760163,11,3.9097812213635743
2351,2010,-2.5450346827103725,1.4944932080427529,0.0673664442916086,13,4.039527890753125
2351,2011,-1.6675912911587092,1.7113520862194094,-0.02799876396031599,13,3.3789433773781186
2351,2012,-0.9455560299183566,1.601556304158295,0.197848653415357,13,2.5471123340766515
2351,2013,-1.5427998692470224,2.070849861601539,-0.16303982542788906,12,3.6136497308485613
2351,2014,-1.7678628892718329,1.6845441345644419,-0.07896563492234493,13,3.4524070238362747
2351,2015,-1.6350802454181288,2.8780863413720015,-0.3247940563869788,13,4.51316658679013
2351,2016,-0.9263484942042928,2.315541839886012,-0.008746986883663635,12,3.2418903340903045
2351,2017,-1.1089800842215578,0.9711149037265391,0.02893340421973453,12,2.080094987948097
2351,2018,-1.2181197272983424,1.4663156199703804,-0.014016008768889804,11,2.684435347268723
2351,2019,-1.6685831614237034,1.1549444212896025,-0.1811427278003618,13,2.823527582713306
2351,2020,-1.125181290489802,1.1103096796911296,-0.2690337750819147,12,2.2354909701809316
2351,2021,-1.4207418297978385,1.5095893621284535,-0.08426130480699606,10,2.930331191926292
2352,2009,-2.381349762864181,2.75845204939136,-0.013469582727708271,12,5.139801812255541
2352,2010,-1.2060720177745063,1.9132695752628956,0.014999478086735093,12,3.1193415930374018
2352,2011,-1.8067660422720473,2.402372920482345,-0.07013662175669147,13,4.209138962754393
2352,2012,-2.5167394981848905,1.4987455881282918,-0.18168384434078305,11,4.015485086313182
2352,2013,-1.9789071277515013,1.4510378606127823,-0.28258674962418984,13,3.4299449883642836
2352,2014,-1.8033100558071427,2.465727867853845,-0.390279059703687,13,4.269037923660988
2352,2015,-2.518835441314084,0.5913487637941927,-0.624688852236371,13,3.110184205108277
2352,2016,-1.5917104950728254,1.2673621842886829,-0.2882640320360523,12,2.859072679361508
2352,2017,-1.9256204376237505,1.1925159818525646,-0.4732407399080178,13,3.118136419476315
2352,2018,-1.3834954365752283,1.3328484565920407,-0.3736426943589965,14,2.716343893167269
2352,2019,-1.8491876755423216,2.6352112996974206,-0.02781320968539192,12,4.484398975239742
2352,2020,-2.704645005586894,2.651345861817922,-0.10604258805026852,13,5.355990867404816
2352,2021,-1.245658350226104,2.356699815334007,0.006684944502024272,12,3.602358165560111
2363,2009,-1.5140071776345703,1.8405598703215502,0.08162730771502248,11,3.3545670479561203
2363,2010,-1.6060219047034012,2.2035900044763213,-0.05870192160594117,12,3.8096119091797225
2363,2011,-1.3892417889320332,1.1932365901841742,-0.4037703868754716,12,2.5824783791162074
2363,2012,-2.1386335578540825,2.5312436009235766,-0.21022979919161905,14,4.669877158777659
2363,2013,-1.711895477171489,1.5208476737483272,-0.32695222184073114,13,3.2327431509198163
2363,2014,-1.8495640588660511,2.445420145949151,0.06448633766216345,12,4.2949842048152025
2363,2015,-1.2955011461139152,1.835588589651973,0.1802386175749806,12,3.1310897357658884
2363,2016,-1.6750912381834306,1.6389151140497031,-0.3778972298505318,11,3.314006352233134
2363,2017,-2.0007030426253043,1.5591489133291339,-0.2041123904386923,12,3.5598519559544384
2363,2018,-1.9360050199457886,0.9913541040150418,-0.1693476701533661,10,2.92735912396083
2363,2019,-2.186153080414312,1.6637829576672962,-0.41085281181193206,14,3.8499360380816086
2363,2020,-1.616232509606526,1.600516459556305,-0.22487617287493494,13,3.216748969162831
2363,2021,-2.03585912141011,0.8856420740059769,-0.5223562745242863,12,2.921501195416087
2368,2009,-0.8886239295689923,1.0386699177411496,0.0020353566482905483,10,1.9272938473101418
2368,2010,-1.5208243902575407,0.45452136563159395,-0.3849135871487617,11,1.9753457558891347
2368,2011,-1.6712062197590554,0.833762862222215,-0.19645893162958133,13,2.50496908198127
2368,2012,-1.285030753167864,2.3645462069054606,0.32184746776094075,11,3.6495769600733245
2368,2013,-0.9166676018406544,1.5290694885541247,0.04608034274154276,12,2.445737090394779
2368,2014,-1.8849926569537256,1.6027706740172507,-0.469991391080345,12,3.487763330970976
2368,2015,-2.2360337786273785,2.3666657459692955,-0.3515604716928396,13,4.602699524596674
2368,2016,-1.529474150932852,1.9164593752056434,-0.1445653943944171,13,3.4459335261384956
2368,2017,-1.168219357226715,1.4162170056943295,-0.05784817701984171,11,2.5844363629210445
2368,2018,-1.0080057835912608,1.6120746845148977,0.05799966856987274,11,2.6200804681061585
2368,2019,-1.2649203448027404,1.6514607150439258,-0.0748548750065255,10,2.916381059846666
2368,2020,-2.704645005586894,1.2675613329543018,-0.47405556088875883,12,3.972206338541196
2368,2021,-1.2326714854658105,1.020716048711251,-0.14530533155804687,11,2.2533875341770617
2377,2009,-1.0497934520337107,1.1641368075427916,0.03877893234796393,11,2.213930259576502
2377,2010,-1.3921118401041472,1.359121528791925,0.0872494169877963,14,2.751233368896072
2377,2011,-1.7897935116484691,1.7956824474303414,0.10034851943225732,13,3.585475959078811
2377,2012,-1.5830022674899071,1.5652786692878478,-0.12904597745556995,11,3.1482809367777547
2377,2013,-1.0564652129292351,2.5295341906195987,0.17576164801880087,13,3.5859994035488336
2377,2014,-2.5384534661263918,1.939797307233474,-0.28708357746752033,14,4.478250773359866
2377,2015,-1.0471125028424526,1.6377274580646946,-0.02034015242808253,12,2.684839960907147
2377,2016,-0.9110970856504211,0.9511445862692869,0.13192300986749447,11,1.862241671919708
2377,2017,-1.0065537356602798,1.2726767724741053,0.11048889656520335,11,2.2792305081343853
2377,2018,-1.0843737281456327,2.149331424078542,0.4294828378889688,13,3.233705152224175
2377,2019,-1.5259759606651064,1.4937475590570481,-0.1863362552583769,12,3.0197235197221546
2377,2020,-0.9795547359578501,2.25984196085026,0.32096474671630665,12,3.23939669680811
2377,2021,-0.3797288632240771,1.7408316773918078,0.5353697116713763,14,2.1205605406158847
2378,2009,-1.9530493237317033,1.6770646238125797,-0.3198462213602217,9,3.6301139475442827
2378,2010,-1.3935458237392295,1.2769723595200055,-0.1005230248513402,10,2.670518183259235
2378,2011,-1.926744275990442,1.1050185550433207,-0.137511274251393,11,3.0317628310337628
2378,2012,-1.6309381629196569,2.1048111853956937,-0.09205781341409677,14,3.7357493483153505
2378,2013,-2.5089451803954064,1.7313592407558354,-0.18247515624747748,13,4.240304421151242
2378,2014,-1.7958843647938167,1.9697977894638756,-0.13713710746328808,13,3.7656821542576924
2378,2015,-1.8118312845973201,1.1171859360864174,-0.2767754358824048,12,2.9290172206837375
2378,2016,-1.8825552875836091,2.5379689198301554,-0.1978646900181226,14,4.420524207413765
2378,2017,-1.0621704801058756,1.7376578256431423,0.33613447888443027,14,2.799828305749018
2378,2018,-0.9499761941436956,2.0170796450976636,0.135849138063622,12,2.9670558392413593
2378,2019,-1.580221283441702,0.5977926509198569,-0.24075215527990917,13,2.1780139343615588
2378,2020,-1.2713329654257342,1.2761325634436953,0.004665885079179182,13,2.5474655288694295
2378,2021,-1.462153667164182,1.2794615572401737,-0.18545142145448876,11,2.741615224404356
2379,2009,-1.3650116012138733,1.6121321406610947,-0.24101628473895093,11,2.977143741874968
2379,2010,-0.8912408853298863,1.2314050319549341,-0.09732720811422861,12,2.1226459172848204
2379,2011,-1.6675912911587092,2.1216562803435695,-0.23394390144800795,13,3.789247571502279
2379,2012,-0.9897732006950883,0.9488175764634494,-0.2487590212782404,11,1.9385907771585378
2379,2013,-1.8411807046235573,1.167619346614341,-0.34066160231949943,12,3.0088000512378983
2379,2014,-1.8670896210859815,1.3541521144965862,-0.23836352847316028,13,3.2212417355825678
2379,2015,-1.6480385327479814,2.546268965014973,-0.08055378286937663,12,4.194307497762955
2379,2016,-1.825045855692537,1.5435775162084615,-0.48984722744022086,15,3.3686233719009984
2379,2017,-1.7101764022530481,1.9761917456379567,-0.06534456511901554,12,3.686368147891005
2379,2018,-2.0389730350752786,0.778344395899807,-0.5656601494373121,11,2.8173174309750855
2379,2019,-1.153039366576012,0.46773246650313294,-0.2787856781115048,11,1.6207718330791447
2379,2020,-1.6229562933654782,1.2462397745080258,-0.2855720993551941,13,2.869196067873504
2382,2009,-1.8420881826052546,2.579467524383024,-0.1784503797817959,12,4.421555706988278
2382,2010,-2.2213294230555474,1.9237410744330867,-0.25837324251802735,14,4.145070497488634
2382,2011,-1.6059434148266265,1.9911614232572428,-0.0861490464232589,14,3.5971048380838693
2382,2012,-2.5167394981848905,1.3616265809436194,-0.0746548736516939,15,3.8783660791285097
2382,2013,-1.445980584357493,1.4293209054841927,0.10142175410446765,14,2.8753014898416858
2382,2014,-1.198150722854283,1.2935697975404759,0.37972097236317165,13,2.4917205203947588
2382,2015,-1.493916663791795,1.347498554144747,-0.11440798467317344,14,2.841415217936542
2382,2016,-1.6399300390668274,1.5793106454369523,-0.08343706030830998,15,3.21924068450378
2382,2017,-1.2498769926097615,1.745918946952256,-0.171949794302132,13,2.9957959395620177
2382,2018,-0.7570825371983254,2.089359032555527,0.24889393224836903,13,2.8464415697538525
2382,2019,-0.9080357141485487,1.6356012431785656,0.06006160009097391,12,2.5436369573271143
2382,2020,-1.9136868563340799,1.445284621944083,0.08401344625503931,13,3.358971478278163
2382,2021,-1.8311250181301908,2.031746099220084,0.18143561079229764,15,3.862871117350275
2390,2009,-0.6931862605148539,2.482945480587774,0.3351766958568208,11,3.176131741102628
2390,2010,-0.6591518181287452,1.533832429867601,0.441031059682402,12,2.192984247996346
2390,2011,-0.735341371002699,1.3376902328822478,0.2135875418140156,11,2.073031603884947
2390,2012,-0.8089375743858871,1.1209673108700622,0.24258376279237634,11,1.9299048852559493
2390,2013,-1.35725755983581,1.2575143340942354,0.07441051429850992,11,2.6147718939300457
2390,2014,-1.9615131606300789,1.0553007695680507,-0.26999975973643564,9,3.0168139301981296
2390,2015,-1.484195211972478,1.132359734218501,0.16378188407016583,11,2.6165549461909787
2390,2016,-0.7719292577977268,1.317339904815959,0.35453495645906097,10,2.089269162613686
2390,2017,-2.169638903878802,0.8208789120691321,-0.1810047044693615,10,2.990517815947934
2390,2018,-0.826939850534928,0.9559785296222536,0.24797096698092744,10,1.7829183801571817
2390,2019,-1.3044637377258763,1.2759128853607857,0.08032754073721025,9,2.580376623086662
2390,2020,-1.4918425100659125,1.6487266119673187,0.00025350901655387466,11,3.1405691220332312
2390,2021,-1.9521937426659124,1.8391689467422112,-0.17553556103645232,12,3.791362689408124
2393,2009,-1.2846613476550632,2.248222637414371,0.004782710501742203,14,3.532883985069434
2393,2010,-1.2798337332098155,1.854414073507473,0.3575391928206566,13,3.1342478067172888
2393,2011,-2.1814672952694956,1.2106800922314198,-0.03667256841315041,12,3.3921473875009154
2393,2012,-1.4032076058493954,1.9957148003735534,0.20085170020516102,13,3.398922406222949
2393,2013,-2.091866057003481,1.5379749456866465,0.07816849845627336,14,3.6298410026901275
2393,2014,-1.987784244913471,1.7498830940692283,-0.05755261378943112,15,3.7376673389826993
2393,2015,-1.0018198997496364,1.3214567999853224,0.06833836516476836,12,2.3232766997349588
2393,2016,-0.8775343165547408,1.5691211739043978,-0.008960160319865018,12,2.4466554904591384
2393,2017,-1.4245634002000827,2.0159353797567237,0.13466311676141762,11,3.4404987799568065
2393,2018,-1.5335969314066424,2.5125142681307118,-0.0027141159697340045,12,4.046111199537354
2393,2019,-1.6414660027056003,1.516658595287265,-0.503368157820595,11,3.1581245979928654
2393,2020,-2.232999590662068,1.2928933170283794,-0.0802840365401112,11,3.5258929076904475
2393,2021,-0.7843272421190407,0.8149687262310921,-0.13647351384512116,12,1.5992959683501327
2400,2009,-2.256211012880751,1.2256901521987502,-0.1677619186419106,16,3.4819011650795013
2400,2010,-1.4929925888321918,0.8088438722095411,0.08078678964224595,14,2.301836461041733
2400,2011,-1.0618870926513648,1.259877611570125,0.1808805740371636,13,2.32176470422149
2400,2012,-0.849679489457086,1.0132177164292953,0.25991293591550885,9,1.8628972058863813
2400,2013,-2.032506481389649,2.3662463508079887,-0.30744966913962507,13,4.398752832197638
2400,2014,-1.2886650332824952,1.7926239900180214,0.08643225793469317,16,3.0812890233005166
2400,2015,-1.8173982464612313,1.4492949752820539,-0.2927100916053472,15,3.266693221743285
2400,2016,-2.15562762611034,2.6093689846677703,-0.44768139582506805,16,4.764996610778111
2400,2017,-1.5054664082657374,2.2840483039932473,-0.2384042594835616,16,3.7895147122589847
2400,2018,-1.2824403223107141,1.3057042865794675,-0.3665754593564935,15,2.5881446088901816
2400,2019,-2.115485372044494,1.1311972722196912,-0.478009121549226,16,3.246682644264185
2400,2020,-2.221059200410806,2.1662853422778596,-0.3401428709867589,12,4.387344542688666
2400,2021,-2.259736134877343,0.5576636875125148,-0.6218273542936482,12,2.8173998223898575
2405,2009,-1.332434217910103,1.2881478531402506,0.002078719318051975,11,2.620582071050354
2405,2010,-1.901747797281676,1.784815669925609,0.017567666024541486,11,3.686563467207285
2405,2011,-1.3564947886700711,1.1954321603156728,0.002083739629294127,12,2.551926948985744
2405,2012,-2.0689824635826177,0.6415810441706261,-0.009312868521079395,12,2.710563507753244
2405,2013,-1.193585441589307,1.5073431581289773,0.08212498394626143,12,2.700928599718284
2405,2014,-1.3818856622809654,1.5204659118365405,-0.06810530412927757,14,2.902351574117506
2405,2015,-0.9591414228601316,1.335893988862388,0.04743381749129857,10,2.2950354117225196
2405,2016,-1.4484231306707374,2.1452542175226483,0.39505844682523583,12,3.5936773481933857
2405,2017,-1.3249595976113158,2.1171085754286905,0.20631787059103465,13,3.4420681730400062
2405,2018,-1.1268003640091724,1.6476279012349528,0.15412223767004868,13,2.7744282652441252
2405,2019,-1.778102108781677,1.1816387831641288,-0.2589372325626219,13,2.959740891945806
2405,2020,-1.206477217002152,1.909475766846313,-0.015734335387742698,12,3.115952983848465
2405,2021,-1.8898250057838737,1.9491103808060715,0.1254243191788461,13,3.838935386589945
2413,2009,-1.5696389521608491,1.284036679993732,-0.012959827463777163,12,2.853675632154581
2413,2010,-2.0774604187645145,2.105458044712558,-0.07040597973872302,13,4.182918463477073
2413,2011,-1.8292135827741987,1.6436582465950242,-0.1675423517838237,12,3.4728718293692227
2413,2012,-1.7297128162187811,1.478812720878135,-0.03576898294312465,13,3.208525537096916
2413,2013,-2.0173156822909144,1.6748218484738189,0.22822129853407278,15,3.6921375307647333
2413,2014,-0.6808740631044053,1.779798696399983,0.5055611146968398,11,2.4606727595043885
2413,2015,-1.046397032284129,3.1371978124200295,0.4539635737180164,14,4.183594844704158
2413,2016,-0.7768488859326462,1.798500365973942,0.4333721802191849,14,2.575349251906588
2413,2017,-1.3024348161108494,3.1299416324809077,0.5382400563847903,14,4.432376448591757
2413,2018,-1.285342003288716,1.204764908372224,0.0052223561747494806,12,2.49010691166094
2413,2019,-1.2607766048684172,1.374394605902418,0.02495183691304569,11,2.635171210770835
2413,2020,-1.145327511345632,0.9836796568587731,0.01973584713288093,11,2.129007168204405
2413,2021,-1.3383540691426923,1.7496691511048554,-0.1767363068138151,12,3.088023220247548
2415,2009,-1.2087722356099577,1.9468684057366088,-0.07568151295403015,15,3.1556406413465665
2415,2010,-1.8436732867915855,2.919405817955413,-0.052126272566766794,13,4.763079104746998
2415,2011,-1.1904207159129787,1.2930352325250267,-0.05334694199810849,13,2.4834559484380057
2415,2012,-0.8429495182441459,1.3440410371206504,0.1957384238905407,11,2.186990555364796
2415,2013,-1.225827057682974,1.1244218017010812,-0.06130121373785797,11,2.350248859384055
2415,2014,-1.8342931114144672,2.0149830840202707,-0.1718227874523179,13,3.849276195434738
2415,2015,-1.4357652437905306,1.345187276583479,-0.10493115314263861,15,2.7809525203740098
2415,2016,-1.5489072226486666,1.0200146741041987,-0.04302984135855443,12,2.5689218967528653
2415,2017,-1.7785961334075593,2.5648037453724344,-0.18389089924126342,12,4.3433998787799935
2415,2018,-1.9599717131224799,3.738284042123213,0.0612196539559011,14,5.698255755245693
2415,2019,-0.8056934007005625,1.3181012428554644,0.26799623766680264,12,2.123794643556027
2415,2020,-2.3003775070799,1.2121773875626134,-0.2148159265536391,14,3.5125548946425136
2415,2021,-1.9661948876802475,3.040491931679453,-0.15441373181771562,15,5.0066868193597
2426,2009,-1.3249508643554107,2.1051161528491757,-0.0853196078491727,13,3.4300670172045864
2426,2010,-2.2479875032624155,2.540170696494293,-0.09961009390850414,13,4.788158199756708
2426,2011,-1.053585036246924,1.4477480690319342,0.20159166036379278,10,2.5013331052788583
2426,2012,-1.8434933094663652,1.4633230316130899,-0.5070256405332255,15,3.306816341079455
2426,2013,-1.943571257575241,0.7160750835787775,-0.38380737802127457,16,2.6596463411540183
2426,2014,-1.6195242032273305,0.8220911232574134,-0.3320017131609777,16,2.4416153264847438
2426,2015,-1.0685705044591831,1.3723453309917157,-0.1910032114546571,18,2.440915835450899
2426,2016,-2.1520680973108814,0.9138525581100977,-0.33700608039770275,14,3.065920655420979
2426,2017,-1.3334226658051325,1.031021509682175,-0.23591831019160012,15,2.3644441754873076
2426,2018,-1.8385071806200528,1.3173981280893556,-0.13320192388229082,13,3.1559053087094084
2426,2019,-1.3385830274368673,1.170714117941679,-0.2815974739947317,14,2.509297145378546
2426,2020,-1.5855590665379884,1.2712986841440774,-0.3798964850047289,13,2.8568577506820656
2426,2021,-1.2269344309233514,1.6973998032428752,0.185313083700887,13,2.924334234166227
2427,2009,-1.8938073585540232,1.3054962159884937,-0.11490982613038424,11,3.199303574542517
2427,2010,-0.48065019660979175,0.8059939725085608,0.3322693100455318,11,1.2866441691183526
2427,2011,-0.9339070540756788,1.331546810649096,0.18115596624734298,14,2.265453864724775
2427,2012,-1.2079112431936314,1.7369523305367012,0.49317974612856913,15,2.9448635737303324
2427,2013,-1.5798897173341795,1.8698809822816471,0.1103922782681972,11,3.4497706996158266
2427,2014,-2.038355908086086,2.0402944182149527,-0.09044850762729115,13,4.078650326301039
2427,2015,-1.2711810471080296,2.4875939931792797,0.163578702258065,16,3.7587750402873095
2427,2016,-0.7587889332544794,1.7107064308795636,0.3420417328979623,12,2.469495364134043
2427,2017,-0.987087875104321,2.073632434664923,0.40133311121688825,13,3.060720309769244
2427,2018,-0.9161623965280739,1.5067876590688447,0.12856506193200723,11,2.4229500555969183
2427,2019,-1.4663061056108513,1.2427053138523307,-0.506289612316064,11,2.709011419463182
2427,2020,-1.9328615993462692,1.5484705951442181,-0.2178031369691692,12,3.4813321944904874
2427,2021,-1.2326714854658105,2.1184058178351264,0.1287854315883483,11,3.351077303300937
2428,2009,-1.2337642417030197,1.8265198034923416,-0.20192168010200953,12,3.0602840451953615
2428,2010,-2.5450346827103725,0.9910896542692353,-0.5807686256882258,12,3.536124336979608
2428,2011,-2.2242902956120614,1.8061392771413654,-0.641526560363579,15,4.030429572753427
2428,2012,-1.9495805876886785,1.4949390056624734,-0.06465362476107726,13,3.444519593351152
2428,2013,-1.257401584725216,1.3474282569493847,-0.09317364998505819,11,2.6048298416746007
2428,2014,-0.9393760891826989,2.5163765168003702,0.1768076022536843,12,3.455752605983069
2428,2015,-1.593302727066684,1.6661949220534797,0.008706012020636651,11,3.2594976491201635
2428,2016,-1.2746442482443396,1.1753166389932574,-0.17467602581529998,14,2.449960887237597
2428,2017,-1.1965434078761847,1.7363629790429673,0.10926365436410967,12,2.932906386919152
2428,2018,-1.55501338644583,1.5753374442652424,-0.1608805336921591,14,3.1303508307110723
2428,2019,-1.6912155592768898,1.4368186262706526,-0.11336587133969118,12,3.128034185547542
2428,2020,-1.9664173996176009,1.707575116155081,-0.0016519758718262316,12,3.6739925157726816
2428,2021,-1.6809622590161175,1.7525092281271681,-0.18034262446734467,14,3.4334714871432856
2429,2009,-1.468629416575192,2.3604277094140325,0.08795743626948405,11,3.8290571259892245
2429,2010,-1.0755155674519616,2.634249471766824,0.6182199831290563,14,3.7097650392187855
2429,2011,-1.7216591800804375,1.7991252365735286,0.09523154064847826,11,3.5207844166539664
2429,2012,-1.3013989756930073,1.988329252048638,-0.0791479444634916,11,3.2897282277416453
2429,2013,-0.5270070745682578,1.6015540033736544,0.2951812473424102,12,2.128561077941912
2429,2014,-2.1908679293324202,1.4431687033702019,0.052738622055042345,9,3.634036632702622
2429,2015,0.20776265824463694,1.1832954156755175,0.46999386419314393,10,0.9755327574308806
2429,2016,-2.182324092106279,1.2091694676598626,0.10236148192546808,12,3.3914935597661415
2429,2017,-1.6656825582829262,1.976432104286118,0.059329521053277136,12,3.6421146625690444
2429,2018,-1.2226778797007938,1.7973404259698427,-0.03196212322605651,11,3.0200183056706367
2429,2019,-1.8839950909906371,2.1717804845186586,-0.5686567525603016,10,4.055775575509296
2429,2020,-2.1692637237803347,0.8202292077169273,-0.30014076707057086,12,2.989492931497262
2429,2021,-1.494823005530964,1.3328043164033334,-0.49731339910561806,12,2.8276273219342976
2430,2009,-1.039997648176925,1.0029438094017724,-0.1031306449980947,12,2.0429414575786975
2430,2010,-1.422856449240313,1.082949920262201,-0.23435209611118,12,2.505806369502514
2430,2011,-2.209640321810657,1.7665792556057793,0.1682918969786072,11,3.9762195774164364
2430,2012,-1.923201103479552,3.05633565210047,-0.010447760980638635,12,4.979536755580022
2430,2013,-1.8828599638495855,2.8383851036204955,0.04655748437507499,12,4.721245067470081
2430,2014,-2.307276293070024,1.6002435909409811,0.12798241949202332,11,3.9075198840110055
2430,2015,-0.8121315294730325,2.026191280436543,0.2279514071934576,12,2.8383228099095756
2430,2016,-1.4123260223132854,1.1140116724679878,0.012356925232664372,11,2.5263376947812732
2430,2017,-1.1973191691086733,1.5071905609602236,0.059548648254120394,13,2.7045097300688967
2430,2018,-1.6034013752666616,1.663309189227301,0.002312329397655503,12,3.2667105644939625
2430,2019,-1.3523909277800006,2.3278756947831942,0.06388910926470014,11,3.680266622563195
2430,2020,-1.3499188137815423,2.6153906107788205,0.07581347779550283,12,3.965309424560363
2430,2021,-1.3737542809952423,2.4910555325209165,0.021147970132172702,12,3.8648098135161586
2433,2009,-1.967735357116086,1.6670579055186867,-0.13020603770533618,12,3.6347932626347728
2433,2010,-1.6676559480474882,1.3161333020179422,-0.12841615362176576,13,2.9837892500654304
2433,2011,-1.9766249904812392,1.0193935442894997,-0.4323000636728429,11,2.996018534770739
2433,2012,-1.2145889383721584,1.2997530494709995,-0.11561637769072253,10,2.514341987843158
2433,2013,-1.0955103733449927,1.8449922224227937,-0.19831733996094503,10,2.9405025957677866
2433,2014,-1.6934610404720825,1.5310030700387132,-0.261312283325518,12,3.2244641105107954
2433,2015,-1.5619877104192152,0.9327305086261102,-0.07888373126988062,11,2.4947182190453256
2433,2016,-1.7078550828148107,1.506435202309561,-0.10172688705803756,12,3.2142902851243718
2433,2017,-1.4256866134760768,0.5103142661530927,-0.2080106778771419,11,1.9360008796291694
2433,2018,-1.4603389936440778,1.0858292531779667,-0.3749659453077409,12,2.5461682468220443
2433,2019,-1.6112186107426136,2.3547187642533256,0.013327282113479267,10,3.9659373749959395
2433,2020,-2.0679236954383784,0.9293442569486512,-0.39425169451910147,12,2.9972679523870296
2433,2021,-1.5104863869396952,1.82111483869741,-0.11587358688988422,13,3.3316012256371055
2437,2012,-1.4226635511079402,2.2561036954594154,0.26473131261049376,12,3.6787672465673555
2437,2013,-0.9596031803593759,2.4790807257142458,0.17367738139338915,12,3.4386839060736216
2437,2014,-0.973754288318466,2.023998129448527,0.7376093407890386,11,2.997752417766993
2437,2015,-1.9793871830099636,1.659239374258352,0.32053921630469656,12,3.6386265572683154
2437,2016,-2.3444097785101974,2.803345593087138,0.10980089436540941,13,5.147755371597335
2437,2017,-0.8290288948932253,2.3365972133451662,0.3817199969502607,12,3.1656261082383916
2437,2018,-0.8779738779986821,1.836738877197295,0.14090600410167553,11,2.7147127551959773
2437,2019,-1.5849091508421487,1.6942326704164492,0.058277648341701835,11,3.279141821258598
2437,2020,-1.9971768831996548,1.3129255737941727,-0.06868584001843654,11,3.3101024569938273
2437,2021,-1.7027187951377585,1.5887951060817982,-0.20703154620396516,14,3.291513901219557
2439,2009,-0.8679773956009498,1.2455151813076832,0.12720635558447901,11,2.113492576908633
2439,2010,-1.3156821235718243,2.308243768642371,0.34116467055300387,11,3.6239258922141957
2439,2011,-0.5838049314250556,1.2948426968252,0.4069795885761892,10,1.8786476282502558
2439,2012,-0.008782466221870984,2.3041112410329134,0.8083952681447076,11,2.3128937072547844
2439,2013,-1.4785908350689363,2.5258583849294367,0.2618326903816861,11,4.0044492199983726
2439,2014,-1.2048599780189104,1.5264118267814057,-0.00395439949730229,12,2.731271804800316
2439,2015,-0.7990956006516846,2.1945256034643443,0.5868983774159617,10,2.993621204116029
2439,2016,-1.2746442482443396,1.7266005605623216,0.11742522858790903,13,3.0012448088066614
2439,2017,-1.0686431184680785,1.0313702460367102,-0.10551090172812337,13,2.1000133645047887
2439,2018,-1.0597389073216419,2.1115724446434827,0.22469601746679047,11,3.171311351965125
2439,2019,-0.890078235269395,1.480403859739692,0.18367031727356845,14,2.370482095009087
2439,2020,-2.61889129378238,2.301301846615225,-0.22932008232584025,11,4.920193140397605
2439,2021,-1.141400163199413,1.8781399625729311,-0.08073642007033253,10,3.019540125772344
2440,2009,-1.756132369056597,1.7667834562377782,0.004742468933782634,12,3.5229158252943753
2440,2010,-2.1020695905511384,2.393364686131837,-0.15174045488310667,12,4.495434276682976
2440,2011,-1.4669207197859893,1.3466871791567507,-0.08521836620583505,14,2.81360789894274
2440,2012,-1.5365409463490456,1.6256887615761768,-0.00988470813529155,11,3.1622297079252224
2440,2013,-1.7168003984220976,1.7685186758000035,-0.13727956840326175,11,3.485319074222101
2440,2014,-2.167168915460104,1.7108922084086418,-0.3406333601715702,11,3.8780611238687457
2440,2015,-1.855390782404514,1.0088966396231727,-0.3600117880817267,12,2.8642874220276866
2440,2016,-2.2310837531401853,1.6428981070261814,0.03619801539051307,12,3.8739818601663667
2440,2017,-2.309510530938149,1.8167024673125929,-0.08588341546356332,11,4.126212998250741
2440,2018,-0.7496873671120442,1.9225742805381754,0.34974744736031127,9,2.6722616476502195
2440,2019,-0.9415173803900949,1.9863736469212798,0.2810759603441,9,2.9278910273113747
2440,2020,-1.5163848877155783,2.863721648924171,0.26499761167445457,9,4.380106536639749
2440,2021,-1.9612207966883124,1.7750478082923087,0.036883423587910406,12,3.736268604980621
2443,2009,-1.4745294026238933,1.4783464787733283,-0.27749417623800815,11,2.9528758813972216
2443,2010,-1.1244428107220013,1.7396458450843986,-0.17230882753822394,10,2.8640886558064
2443,2013,-2.5089451803954064,2.240195771293985,0.10117743496258776,16,4.749140951689391
2443,2014,-0.9048014431947269,2.3625026026686022,0.3284157011710999,16,3.2673040458633293
2443,2015,-2.0946329472840257,1.3014677212957997,0.13067334279974693,12,3.3961006685798254
2443,2016,-1.4052009381148927,1.5717958663438583,-0.052553413794080926,13,2.976996804458751
2443,2017,-1.9573861551244078,2.150770300257667,-0.20756538881229442,14,4.108156455382074
2443,2018,-0.9077728563636482,1.9350264389203085,-0.017220661819393145,15,2.8427992952839567
2443,2019,-1.9362062141631102,0.9110665404981547,0.013920285674902314,14,2.847272754661265
2443,2020,-0.9247917592482823,2.0118091436613668,0.44796664123453533,12,2.936600902909649
2443,2021,-2.6382498483683343,1.264647108516557,-0.08607065751031803,13,3.9028969568848915
2447,2009,-1.0792303373609196,1.8154272915217162,-0.0724514567924293,12,2.894657628882636
2447,2010,-1.5914595828404945,2.477471140604271,-0.2934479395651918,13,4.068930723444765
2447,2011,-1.4842879604240689,2.7139102259058028,-0.11891210198323901,10,4.198198186329872
2447,2012,-1.5039557294416546,1.9022287001598308,-0.1227039757061766,13,3.4061844296014856
2447,2013,-2.5089451803954064,2.780354411145167,-0.29754924117703513,14,5.289299591540573
2447,2014,-1.8462280326807712,1.9701919018212133,-0.1399500368856536,13,3.8164199345019845
2447,2015,-2.1889001681795945,1.9445125393500098,-0.1045867348112118,13,4.1334127075296045
2447,2016,-1.9738030468947525,1.2868590399423212,-0.20274413783246326,12,3.2606620868370735
2447,2017,-2.2771435428583,3.9697417174753564,0.015259260419579423,12,6.246885260333656
2447,2018,-2.6117326192330657,3.2667299659574653,0.16987545211289296,14,5.878462585190531
2447,2019,-1.4908760459273094,1.441873009823687,0.12037444006891046,11,2.932749055750996
2447,2020,-0.6589540492864435,1.6865364437132109,0.4046737159949146,12,2.3454904929996543
2447,2021,-0.5868296241040422,1.6384635378285832,0.26337081284129543,14,2.2252931619326253
2448,2009,-1.5616863800289584,1.1509971477907606,-0.1411149110223849,11,2.7126835278197188
2448,2010,-2.162473921300125,1.5509158694553438,-0.3919838887822108,13,3.7133897907554685
2448,2011,-1.401476931887052,1.8952217607372546,-0.015552348976511567,12,3.2966986926243065
2448,2012,-0.7886771927667439,1.4244622261778437,0.29063643442852294,15,2.2131394189445874
2448,2013,-1.6043469038831413,0.8788504847551487,-0.2507127285634383,14,2.48319738863829
2448,2014,-1.7689796872093033,1.527492574919025,-0.4925626877729743,13,3.2964722621283284
2448,2015,-1.5007494556419438,1.3520621994117559,-0.2178862317807832,14,2.8528116550536997
2448,2016,-1.8054061908415755,1.1400469599612864,-0.3584328775289546,17,2.945453150802862
2448,2017,-2.0201209577119137,0.5020504574265063,-0.5129858676924213,14,2.52217141513842
2448,2018,-1.0080057835912608,1.6719708283699166,0.3085036910441869,14,2.6799766119611776
2448,2019,-1.9599385428778708,1.9339259796161046,0.040124582060664674,13,3.8938645224939754
2448,2020,-1.4622619613946692,1.282145942924724,-0.06327140943170936,13,2.7444079043193934
2448,2021,-0.6634341422342591,2.428010624511092,0.4426862452197312,15,3.0914447667453513
2449,2009,-1.3909256287306908,3.0981711719269245,0.1463346248755385,12,4.489096800657615
2449,2010,-1.3073381016772188,1.3380391401876328,0.036556032789189015,11,2.6453772418648516
2449,2011,-0.9661505455474856,1.6726027355614033,0.5734182466519854,11,2.638753281108889
2449,2012,-1.4605180508725315,1.8139627257318738,0.1964701288171007,12,3.2744807766044053
2449,2013,-1.5181413750570967,1.7199298487850772,0.2835069784747457,12,3.238071223842174
2449,2014,-1.7216274546605592,2.7804135852790286,0.35391973354280526,12,4.502041039939588
2449,2015,-1.1792486180612678,1.6464258690676081,0.06358946348433137,10,2.825674487128876
2449,2016,-1.7671088443822005,1.0677886215402803,-0.10065671142874115,11,2.834897465922481
2449,2017,-0.7836382357452708,1.393813127384847,0.072168338919146,12,2.177451363130118
2449,2018,-1.242697515636403,2.0173453176147005,0.036462225247200025,11,3.2600428332511036
2449,2019,-1.3983102242699559,1.6657106788413116,0.13763235283292313,12,3.0640209031112677
2449,2020,-1.4371809891410232,2.8320620391828033,0.3252379525325692,12,4.269243028323826
2449,2021,-1.521955167903376,1.6707232293192937,-0.07645124049633487,11,3.1926783972226698
2450,2009,-1.8948572967123816,2.4424372354664077,-0.11301549789366665,12,4.337294532178789
2450,2010,-2.153577159406863,2.550092115496303,-0.07220919844344362,13,4.7036692749031666
2450,2011,-1.9459407933853854,1.6805555784821653,-0.12970070366544997,14,3.6264963718675505
2450,2012,-1.9678760364143626,1.8142921819680025,-0.3882061497837789,17,3.782168218382365
2450,2013,-1.2042361277334859,1.156332592424106,-0.07381023651998077,15,2.360568720157592
2450,2014,-1.2350077031489997,1.667172451031784,0.08505200952789803,13,2.9021801541807837
2450,2015,-2.0946329472840257,2.241047089101118,-0.23683402834263975,13,4.335680036385144
2450,2016,-2.324959496141727,1.7598922866861517,0.014560054048756784,12,4.0848517828278785
2450,2017,-0.9692043056710588,1.7961916476924271,-0.1371551468478974,12,2.7653959533634858
2450,2018,-0.8818242305331493,0.8127158035961579,0.24163711974423072,10,1.6945400341293073
2450,2019,-1.5750196771480558,1.3003664807166404,0.12366154962173964,12,2.875386157864696
2450,2020,-1.1068258448211565,1.6742103203467547,0.12993752815013193,13,2.781036165167911
2450,2021,-1.7844911390497646,2.0761869805611313,0.044135904414860094,14,3.860678119610896
2453,2019,-2.0084130866356795,0.8514582642416851,-0.3100756969730585,12,2.8598713508773645
2453,2020,-1.5200472192640748,0.9232922436046457,-0.19191108205598306,12,2.4433394628687206
2453,2021,-2.6382498483683343,1.8234170403943981,0.07661641630850989,13,4.461666888762732
2454,2009,-2.295443702064745,1.078567567758771,-0.49340386324275787,13,3.374011269823516
2454,2010,-1.8755533502424393,0.7788539000344007,-0.4127805494366517,12,2.65440725027684
2454,2011,-1.6954262413813765,1.6271647877976776,-0.1304024568796949,11,3.322591029179054
2454,2012,-1.7433409838718739,2.1472763011529317,0.16958640479398623,10,3.8906172850248053
2454,2013,-1.5275097357372556,2.5194786488755683,0.18597986846591127,11,4.046988384612824
2454,2014,-0.997272312417274,1.8860207626468666,0.4380285683660382,11,2.883293075064141
2454,2015,-0.8286536291630697,1.6077349132540004,0.44745739795379386,9,2.4363885424170704
2454,2016,-0.8374590023475336,1.8969885009726692,0.44406839750533555,10,2.7344475033202027
2454,2017,-0.9813333688815743,2.8065993178768984,0.04327534894746123,12,3.787932686758473
2454,2018,-1.4053894242812655,1.947643216852248,0.26466638820649135,11,3.353032641133513
2454,2019,-0.8737705682116204,1.5626558959189911,0.23082787616922953,11,2.4364264641306113
2454,2020,-1.0214860639769061,1.3371306079624496,0.30074271093800936,11,2.3586166719393558
2454,2021,-1.7681299094286766,1.7691408912957118,0.09577864953173511,12,3.5372708007243885
2458,2009,-1.1817037792594123,1.7059729211060495,0.297657397346601,12,2.8876767003654615
2458,2010,-1.4502266500566559,1.8028580333955453,0.22673342720673412,11,3.253084683452201
2458,2011,-2.502639797838737,2.54793187521672,-0.12969303048766392,11,5.050571673055457
2458,2012,-2.5167394981848905,1.198790279415945,-0.04905535756227047,12,3.7155297776008354
2458,2013,-1.1355672302249638,1.0888888739147382,0.15649549423381423,12,2.224456104139702
2458,2014,-1.1438724709408241,1.527196364699018,0.119474263745891,12,2.671068835639842
2458,2015,-1.5890765502892985,2.960446773240839,0.3578410604048591,13,4.5495233235301376
2458,2016,-2.076968395943733,1.8463310715519499,0.24035344404978554,13,3.9232994674956827
2458,2017,-2.259139545348046,1.9924892663253353,-0.0077627846318776466,12,4.251628811673381
2458,2018,-1.695317284580606,2.8642515839368348,0.15801647724392115,13,4.559568868517441
2458,2019,-1.1197131177425186,3.091951952229419,0.13307431314323862,12,4.211665069971938
2458,2020,-1.4127466951406311,4.9360107161952875,0.5236471135588124,11,6.348757411335919
2458,2021,-2.4374529393822595,1.405445551124766,-0.38207340976182425,14,3.8428984905070256
2459,2009,-1.5817727735579608,1.9735364621638942,-0.07794117146033719,12,3.5553092357218548
2459,2010,-2.5450346827103725,2.713842399996274,-0.28668877757039224,14,5.258877082706647
2459,2011,-1.5037779477430098,3.136783202664551,-0.05755468741515637,14,4.64056115040756
2459,2012,-1.3284065428594936,1.3260212661432313,-0.17599437675622223,13,2.654427809002725
2459,2013,-1.3930755958819219,1.8454875171015215,-0.24958476931765722,13,3.238563112983443
2459,2014,-1.6078921872412664,1.2039764668843937,-0.038857347741766204,13,2.81186865412566
2459,2015,-1.3600383844514852,1.489051758775105,0.1580704075671939,11,2.84909014322659
2459,2016,-1.6558697826663542,2.115262107403313,0.10447140774767642,13,3.7711318900696673
2459,2017,-1.2626337458867243,1.4875096480719066,0.07901610383620192,11,2.7501433939586306
2459,2018,-1.0171830473145331,2.720537737416527,-0.059040821801021486,11,3.73772078473106
2459,2019,-2.1432503232953315,2.4842152852319197,-0.28812919057021313,13,4.627465608527251
2459,2020,-1.643442822006035,2.603459013271207,-0.05762298915816613,13,4.246901835277242
2459,2021,-2.0329062256897266,1.328789602221838,-0.4091731158144845,12,3.3616958279115643
2460,2009,-1.501736220880859,1.8931243157557276,-0.08712593039676303,11,3.3948605366365863
2460,2010,-1.5548774178838496,2.0833415334830696,-0.09663698447498197,11,3.638218951366919
2460,2011,-1.1665621871506922,1.2460784280256814,-0.1957264711851658,11,2.4126406151763735
2460,2012,-1.9176279730128352,1.251078048376692,-0.07976716847808003,12,3.168706021389527
2460,2013,-1.5195408154601167,1.1603690206891117,-0.005861155341368755,12,2.6799098361492284
2460,2014,-1.3933702724827015,1.7240228819158343,0.07128040272866368,11,3.1173931543985356
2460,2015,-2.019773683631662,1.7431425796087994,-0.04483633459217116,12,3.7629162632404616
2460,2016,-1.7863563749852986,0.7895953966674915,0.08593432129393024,10,2.57595177165279
2460,2017,-2.0480682373692756,1.7132043833444361,-0.3545524147202304,12,3.7612726207137115
2460,2018,-1.2752935895315618,1.6170530955767664,-0.2560462197304294,14,2.892346685108328
2460,2019,-1.0371144975700044,1.4616238617170667,-0.19670361285126764,11,2.498738359287071
2460,2020,-2.290517324189486,2.090416712815504,0.1268421687187065,12,4.380934037004989
2460,2021,-1.4033488581039744,2.422200692776138,-0.04279179059171136,14,3.8255495508801123
2463,2009,-1.6284879859368406,1.6670579055186867,0.3002562947830928,15,3.2955458914555273
2463,2010,-1.9081227123625009,2.2070466120863066,0.07353934910838683,13,4.115169324448807
2463,2011,-1.5638278672517232,2.411530550825025,-0.1220864942709731,13,3.9753584180767483
2463,2012,-2.0747974900060235,1.58732497977765,-0.19220592373505443,14,3.6621224697836734
2463,2013,-1.1186814357556552,1.9370091087562424,0.18265950040614495,13,3.0556905445118976
2463,2014,-2.1340841535195443,1.5963481800033799,0.018503346604795374,10,3.7304323335229244
2463,2015,-1.096700643320593,1.5253338581142724,0.04131476214695224,9,2.6220345014348654
2463,2016,-1.1726411387549684,1.8580927204645745,0.22645539347236204,10,3.030733859219543
2463,2017,-1.6082257892080887,1.381944229067354,0.2442640638031265,11,2.9901700182754425
2463,2018,-1.442775718573438,1.4543966553445873,-0.3037084105063298,12,2.8971723739180253
2463,2019,-2.0193356560857634,3.14619929946292,-0.3262069222254787,13,5.165534955548683
2463,2020,-1.4025564367760244,3.3451410497831624,0.09643074803330286,11,4.747697486559186
2463,2021,-1.8541857275655662,2.686608867724386,-0.01818457459050939,13,4.540794595289952
2464,2009,-2.4523744588007226,1.1788695161386236,-0.09957709990303319,12,3.631243974939346
2464,2010,-1.6378846137375698,2.0686877434994306,0.04522058036101647,12,3.7065723572370004
2464,2011,-1.5904019333983703,2.472625375421678,0.09012162099169224,12,4.063027308820049
2464,2012,-0.7844668077552831,0.9204854155451159,0.01135701776647082,12,1.704952223300399
2464,2013,-1.2467150271224787,1.849251112554659,-0.013883812266128226,12,3.0959661396771376
2464,2014,-2.0795624484489577,1.7191003728303351,-0.39942640657961154,12,3.798662821279293
2464,2015,-2.004650600065528,1.6030613590841838,-0.15140566683818643,12,3.6077119591497118
2464,2016,-0.8925576736542346,1.1434394986955567,-0.17692239714598196,13,2.0359971723497914
2464,2017,-1.2026127628425958,1.0388056776527517,-0.09155016767559843,14,2.241418440495347
2464,2018,-1.6047413503416998,0.9719377926035014,-0.10034211434139398,13,2.5766791429452014
2464,2019,-1.1605337861701468,1.1334477516667807,0.06399271160273093,11,2.2939815378369275
2464,2020,-1.9328615993462692,0.8805795307434808,-0.08119251144047802,12,2.81344113008975
2464,2021,-1.5710514617201221,1.7931125486687398,-0.34341759754240214,11,3.364164010388862
2466,2009,-1.4273513822329822,2.107638907050174,0.41181208062279756,15,3.534990289283156
2466,2010,-1.3713278568870961,3.031524108615927,0.29880822142808355,13,4.402851965503023
2466,2011,-1.3283528353199476,3.4336249304998856,0.282482849836259,13,4.761977765819833
2466,2012,-1.2563863637488635,1.3584036432031639,0.07897170442639107,12,2.6147900069520276
2466,2013,-1.4912721193191085,3.3633920495996352,0.48591902543434784,14,4.8546641689187435
2466,2014,-1.772679080377174,2.5155227789590353,0.19656866200187478,14,4.288201859336209
2466,2015,-1.3169283748955851,3.4595188353037876,0.5324682169299285,12,4.776447210199373
2466,2016,-1.522193296570323,4.1714348149272995,0.37887202438590584,13,5.693628111497622
2466,2017,-2.114930137423043,2.5835273671176546,0.057044225049352644,14,4.6984575045406975
2466,2018,-2.4746619495200908,1.63846466881631,-0.4075108940679064,16,4.113126618336401
2466,2019,-1.2433292788291612,1.3951751524387255,-0.16020172379492723,14,2.6385044312678865
2466,2020,-1.0227396580247783,2.276762891457372,0.2592766109483243,15,3.2995025494821504
2466,2021,-2.2841563744574067,1.445546575299049,0.04457990523641179,14,3.7297029497564558
2473,2009,-0.5919856491080863,1.8797370982754469,0.2951187841930335,11,2.471722747383533
2473,2010,-2.1078223839558037,2.1204597537028187,0.21956233340248665,12,4.228282137658622
2473,2011,-1.1108922867053572,2.580633123922816,0.5709355772072244,10,3.6915254106281736
2473,2012,-1.9703937587160623,3.724658792556137,-0.029271160063248865,11,5.695052551272199
2473,2013,-2.5089451803954064,2.2609530033304672,-0.17463768372563954,10,4.769898183725873
2473,2014,-0.625167313143361,1.940278529108969,0.2127984492512487,10,2.56544584225233
2473,2015,-2.518835441314084,1.4697351786540764,0.06313107827792659,12,3.9885706199681605
2473,2016,-1.1945548502565213,2.7823882109457307,0.37892607674351536,11,3.976943061202252
2473,2017,-1.1119490027588397,1.608052133970174,0.331749308050672,11,2.720001136729014
2473,2018,-1.8599856650259696,2.872843750897578,-0.39523709487649666,13,4.732829415923548
2473,2019,-1.8400278293717123,2.6086976282052423,0.11858079606581629,12,4.448725457576955
2473,2020,-1.7613541757372417,1.7690701600103682,-0.5102635356618057,14,3.53042433574761
2473,2021,-1.917890937380791,1.3022633617717092,-0.2813503042961282,13,3.2201542991525
2483,2009,-1.7658023980808213,1.4736380042968964,-0.05875553444286031,13,3.239440402377718
2483,2010,-0.4409504949540114,1.1955594288564912,0.23137260766544634,13,1.6365099238105025
2483,2011,-2.2195725074387274,2.2970524986212486,-0.03124744488050939,12,4.516625006059976
2483,2012,-1.3013989756930073,1.5089991789469697,0.23028042917752337,12,2.810398154639977
2483,2013,-1.448869075107596,1.4819295689234093,0.34578724309393516,13,2.9307986440310057
2483,2014,-1.0939058574247589,2.595653331259045,0.3810384631477181,12,3.6895591886838037
2483,2015,-2.518835441314084,2.262266798510327,0.19278161678102523,12,4.781102239824412
2483,2016,-2.636164014037249,1.5318899541791482,-0.2351125416592433,12,4.168053968216397
2483,2017,-1.800886432540523,2.4546783997637682,0.2631797007136975,11,4.255564832304291
2483,2018,-0.9424258758140868,1.1302966639311454,0.23355379228342077,11,2.0727225397452322
2483,2019,-1.2616665355925671,3.1719118812930382,0.1965483566552426,11,4.433578416885606
2483,2020,-1.0680922405465334,2.045052873347698,0.2960147025346374,10,3.113145113894231
2483,2021,-1.0008120712222217,2.175006142917844,0.25052331291063723,12,3.1758182141400657
2492,2009,-1.6947777021442796,1.8196294745675534,-0.2544517391259936,13,3.514407176711833
2492,2010,-2.5450346827103725,2.364495088721137,-0.4614574343598012,13,4.90952977143151
2492,2011,-1.673121413719504,2.820266366158744,-0.20872461877761417,14,4.493387779878248
2492,2012,-2.5167394981848905,1.7369523305367012,-0.3640392135149473,12,4.253691828721592
2492,2013,-1.3326963512404386,1.3270730099143644,-0.2982676339871716,12,2.659769361154803
2492,2014,-1.4912406309137862,1.6713421314282821,0.012462640262651484,13,3.162582762342068
2492,2015,-2.518835441314084,1.632052244409731,-0.5618784932939291,13,4.150887685723815
2492,2016,-1.9610302458754758,1.6175782128187053,-0.2782623138180481,14,3.5786084586941813
2492,2017,-1.994446158875175,2.3597546591630767,-0.4256972448402381,13,4.354200818038252
2492,2018,-1.758686430061893,1.4095169612080665,-0.10961001425544,14,3.1682033912699596
2492,2019,-0.9390593535740727,1.91848778686443,0.18567965969177241,10,2.8575471404385024
2492,2020,-2.080408427009918,1.917088653693061,-0.031815491939076304,11,3.9974970807029786
2492,2021,-1.02956656603162,1.5410002278538455,0.2126819729535139,12,2.5705667938854653
2501,2009,-1.7318653760680502,1.8128416595643686,-0.01708619592191122,13,3.5447070356324186
2501,2010,-1.3952619025156394,1.5104179049813236,0.29235443934496164,12,2.9056798074969628
2501,2011,-1.4588291644887021,1.189693414912257,0.14287150893734066,12,2.648522579400959
2501,2012,-1.4036238794540068,1.187069434401815,-0.09075343819081957,13,2.5906933138558217
2501,2013,-1.6435769311808672,1.2575143340942354,-0.2750833290179732,13,2.9010912652751024
2501,2014,-1.7605239313970276,1.9365295370498048,-0.046857861490023536,13,3.6970534684468324
2501,2015,-1.4869915369166444,2.4415969485535363,0.1593062438862144,13,3.928588485470181
2501,2016,-2.01894172021113,2.147179358656782,-0.0371331992759731,13,4.166121078867912
2501,2017,-1.757191891268912,1.5786465925161584,-0.22458498792688195,13,3.3358384837850705
2501,2018,-0.9711161832556746,1.0356815113859061,0.10537390890400851,12,2.006797694641581
2501,2019,-1.051886701329929,1.2206185615337406,-0.1351421758211459,14,2.2725052628636693
2501,2020,-1.124326602332282,1.2802774796963303,0.006569105475142889,12,2.4046040820286123
2501,2021,-1.9223652163310243,2.2632839472859656,-0.379208536400502,14,4.18564916361699
2502,2009,-1.680945177092968,1.5220452929546398,0.2516780699470432,11,3.2029904700476077
2502,2010,-0.9792045894963363,2.0882406000598905,0.4319331007741674,10,3.067445189556227
2502,2011,-1.993463879131403,1.5710035545632541,0.1620633532716922,11,3.564467433694657
2502,2012,-1.0596737888990413,2.663876221571555,0.38426559484350725,12,3.7235500104705963
2502,2013,-1.9339886487138822,1.1683105925888666,0.07987138406169773,12,3.102299241302749
2502,2014,-2.5384534661263918,2.058353001784287,-0.04395929426328445,12,4.596806467910678
2502,2015,-0.7068446555565493,2.1613087212532687,0.2935599492685085,12,2.868153376809818
2502,2016,-1.6064431827653007,2.7318565840613673,0.15658603896279719,13,4.338299766826668
2502,2017,-1.0880610335546874,1.9411337199562972,0.6144389202992225,13,3.0291947535109847
2502,2018,-0.6070740746808098,4.2613823906603825,1.100093368578133,14,4.868456465341192
2502,2019,-0.7412207970895538,1.65839540856529,0.45038125381079636,12,2.399616205654844
2502,2020,-0.6840255725519375,1.69190299604966,0.37352475747800656,12,2.375928568601598
2502,2021,-1.26613763696349,2.1299953025770084,-0.005142853330383268,15,3.3961329395404984
2504,2009,-1.392403558040173,1.4284322502684768,0.027906526134205523,12,2.82083580830865
2504,2010,-1.0014270689851816,1.854414073507473,-0.16730654308801535,13,2.855841142492655
2504,2011,-2.502639797838737,1.2638377322914593,-0.45829918307273526,14,3.7664775301301967
2504,2012,-1.8722407362573767,1.6346298466842917,-0.10600082947820895,15,3.5068705829416684
2504,2013,-1.9618091260533108,1.8672363990026704,-0.3265133243868313,14,3.829045525055981
2504,2014,-1.7774354430215789,1.4093706436775695,-0.20491987173783907,13,3.186806086699148
2504,2015,-2.0693493549246185,1.300268583488256,-0.1581164191395718,13,3.3696179384128744
2504,2016,-2.128037020104967,1.3474763930291314,-0.4431970902171338,14,3.4755134131340983
2504,2017,-1.8129965301214188,1.3581393752383464,-0.30748087095915266,16,3.1711359053597654
2504,2018,-2.1535249519068356,2.161801717841602,-0.25572350255387705,13,4.315326669748437
2504,2019,-1.6453156707736167,1.4378700853035387,-0.04481303832088853,12,3.0831857560771554
2504,2020,-1.7216366671119931,1.957283662167167,-0.08362123576465638,14,3.67892032927916
2504,2021,-2.02842219885507,1.4845286272142972,0.02559868261674214,13,3.5129508260693676
2506,2009,-2.3554466384637953,1.603682022990696,-0.14833725555972044,11,3.9591286614544914
2506,2010,-1.896013689472092,1.3768637352844775,-0.24672672431272893,9,3.2728774247565697
2506,2011,-1.9550670065731448,1.570351898008747,-0.17671030249634714,10,3.5254189045818918
2506,2012,-2.5167394981848905,2.2138668164296087,-0.19336702562725755,13,4.7306063146145
2506,2013,-1.688241098882263,1.178276055388282,-0.0641706113613502,12,2.8665171542705448
2506,2014,-2.0659094925511163,1.8988801142127645,-0.3571554638524196,9,3.9647896067638806
2506,2015,-1.539906608937026,1.8200778541274285,-0.3198510721102735,12,3.359984463064454
2506,2016,-1.4914467587209175,3.0423696432941543,-0.1191009225203633,12,4.533816402015072
2506,2017,-1.339649672502924,0.6166625335971032,-0.27774359762414597,11,1.9563122061000273
2506,2018,-1.4320528395363108,2.000140795401604,-0.17459328758857162,12,3.432193634937915
2506,2019,-1.716919496838723,2.7105837481870063,0.24461642333850175,14,4.427503245025729
2506,2020,-2.3187533024665816,1.1880903908349099,-0.2049054588522778,11,3.5068436933014917
2506,2021,-1.2269344309233514,1.4602671467370456,-0.2588712304750731,13,2.687201577660397
2507,2009,-2.4523744588007226,1.9208217061954467,0.2950858326209542,10,4.37319616499617
2507,2010,-1.0939421394301232,2.9018825132242667,0.23219810652682274,12,3.99582465265439
2507,2011,-1.471715715517715,3.1310778670915895,0.08403693719493259,11,4.602793582609305
2507,2012,-2.5167394981848905,0.9712878013668145,-0.342078129255742,11,3.488027299551705
2507,2013,-1.9010162311264112,1.9102306431369054,-0.23811315775245587,10,3.8112468742633165
2507,2014,-2.127471825137294,1.9196169684117348,-0.4024443496160285,10,4.047088793549029
2507,2015,-1.2116998492447177,1.9965419414402379,0.011669387171614188,10,3.208241790684956
2507,2016,-1.9554041311407946,2.3962312471739393,-0.1793737093848853,12,4.351635378314734
2507,2017,-1.3812715513624814,1.2177176782361463,-0.15531117987446696,11,2.5989892295986277
2507,2018,-1.0080057835912608,1.322876698024778,0.1648300429681296,11,2.3308824816160385
2507,2019,-1.3270764438175895,1.4313785576684384,-0.10445014001056245,12,2.758455001486028
2507,2020,-1.1953796778274504,1.3570543323539612,0.06586762362713043,12,2.5524340101814116
2507,2021,-1.1010900280512375,1.664302014536857,-0.1453833672486686,11,2.7653920425880942
2509,2009,-2.1866046288446315,1.6546624219750976,-0.11352854377224929,12,3.841267050819729
2509,2010,-1.4827785879207531,1.8424482110698903,-0.059005720006762484,12,3.325226798990643
2509,2011,-1.5452593443202336,2.342446300770237,-0.02241981715223655,11,3.8877056450904703
2509,2012,-1.2342193488215967,1.8048303916333224,0.12758066363143966,13,3.039049740454919
2509,2013,-1.943571257575241,1.3645135656435143,-0.2220141319219778,14,3.3080848232187554
2509,2014,-0.8606486858181954,0.9923428415001093,0.25981569822049394,12,1.8529915273183049
2509,2015,-1.0179715803723537,1.894238891740557,0.32397585848862087,11,2.9122104721129105
2509,2016,-0.5938843653478847,2.9515131047768524,0.42935188305366706,13,3.545397470124737
2509,2017,-2.248475639130434,2.533978042439245,0.01561778678835705,12,4.782453681569679
2509,2018,-1.0830966722166295,2.426871253137885,0.21488250500916553,12,3.5099679253545144
2509,2019,-1.2689365850467769,3.0070610280056,0.28944078572179943,10,4.275997613052377
2509,2020,-1.0732646576294675,1.8197619088416768,0.17545909379460245,11,2.8930265664711445
2509,2021,-2.0619627195782995,2.455936313461885,0.12311538857460444,10,4.517899033040184
2514,2009,-1.6156147597983426,1.647571470493524,-0.1906064489305259,11,3.2631862302918666
2514,2010,-2.153577159406863,1.7496567808970038,-0.32936602172479645,12,3.903233940303867
2514,2011,-1.1841421557123772,1.4573047780380075,0.18272905103457737,12,2.6414469337503848
2514,2012,-1.1371637699508608,1.8669021827379715,0.07849246422932216,12,3.0040659526888325
2514,2013,-0.400908125308789,1.6571415437695243,0.3828732421759525,12,2.058049669078313
2514,2014,-2.5384534661263918,1.4270186420207605,0.006356020627351596,12,3.9654721081471522
2514,2015,-1.5761632323583985,1.796076525452147,-0.1435781463068717,11,3.3722397578105454
2514,2016,-1.1650966808816916,0.829522662526521,-0.21570066528032958,12,1.9946193434082127
2514,2017,-1.2751451769852844,1.8046198926807442,0.10784923304816357,11,3.0797650696660286
2514,2018,-1.3547575318381375,1.8256254402384762,-0.0021325573484858615,9,3.1803829720766137
2514,2019,-1.3065006317299153,2.7447344199476174,5.9000977001658996e-05,9,4.051235051677533
2514,2020,-1.3523165592537643,1.41652852288246,0.047265197338324086,10,2.7688450821362243
2514,2021,-1.623262733082559,1.042705026458124,-0.07271334514605064,12,2.665967759540683
2515,2009,-0.8679773956009498,1.805731866297756,0.18516474177436001,13,2.673709261898706
2515,2010,-1.1745247316039327,2.5804017517095206,-0.02499848050498509,11,3.7549264833134535
2515,2011,-1.524655060285551,0.9105069845351683,-0.29859837595024263,13,2.4351620448207196
2515,2012,-1.0652427604220724,1.42045740280444,-0.1124019190453669,13,2.4857001632265128
2515,2013,-1.2828330586167342,1.9661331578591248,-0.05383598644740182,14,3.248966216475859
2515,2014,-1.9101257649988284,2.861522284143827,0.05147143102741181,14,4.771648049142655
2515,2015,-1.173246884982178,2.4745795668872774,0.30235276274362843,11,3.6478264518694554
2515,2016,-0.8755781099946937,1.632129784607651,0.11270851129895465,14,2.5077078946023446
2515,2017,-1.4984612929527452,0.6737090548363999,-0.08523164901588236,11,2.172170347789145
2515,2018,-1.0642769006313244,1.2605138001584713,-0.08022793148110943,13,2.3247907007897957
2515,2019,-2.242014221316168,1.1458085940030327,-0.06274443346931877,13,3.3878228153192005
2515,2020,-1.087575011558919,2.4437417469227016,-0.039108024158986635,14,3.5313167584816205
2515,2021,-1.3593879814278969,1.8379850708048475,0.10548679170649031,13,3.197373052232744
2520,2009,-0.9856068745354784,1.4247383546763683,0.14454814966344004,11,2.410345229211847
2520,2010,-1.6140239801633098,1.3951196606150214,-0.19159193905669197,11,3.009143640778331
2520,2011,-0.7478277185836057,1.573192199051876,0.23976652577493168,11,2.321019917635482
2520,2012,-1.2156102329288743,1.5257761404583245,0.22986948725447262,11,2.741386373387199
2520,2013,-1.6162495127846188,0.9060650916727075,-0.16055486823739143,12,2.5223146044573266
2520,2014,-2.035791305224341,1.64312871838416,0.052699092544719404,11,3.678920023608501
2520,2015,-1.6065720132924528,1.3887559974690276,0.01958395675797812,12,2.9953280107614804
2520,2016,-0.9460015461563959,0.9709792615699399,-0.14725837592387506,12,1.9169808077263357
2520,2017,-1.0723167780790583,1.18217770634186,0.15364544656992293,10,2.2544944844209183
2520,2018,-0.8481842089053079,2.055830559127411,0.38412111428657914,11,2.904014768032719
2520,2019,-1.0267771732831028,1.3081445721105067,0.39416504547799514,11,2.3349217453936095
2520,2020,-1.643442822006035,1.6873484976104458,-0.20280788403427008,12,3.330791319616481
2520,2021,-1.564422900312369,1.1614455062912354,0.07587792283453978,11,2.7258684066036043
2523,2009,-0.41346349060222704,1.7643673314474915,0.29811430322535293,10,2.1778308220497187
2523,2010,-1.4472516282287928,1.7349148164784727,0.024743098350927226,13,3.1821664447072653
2523,2011,-1.2904726107225672,1.780004472754976,0.06222833428354413,11,3.0704770834775434
2523,2012,-0.9197903474702999,2.0707274192867526,0.11268606555310551,11,2.9905177667570526
2523,2013,-1.660884296165158,1.7364990036905643,-0.06005596511587195,12,3.397383299855722
2523,2014,-1.1587622957879904,2.73378715333489,0.21231424968323429,11,3.8925494491228805
2523,2015,-1.8163344957865988,2.0937672173066963,-0.11881207516793157,11,3.910101713093295
2523,2016,-1.6490621838373896,1.9441581196506061,-0.2953606734190123,11,3.5932203034879957
2523,2017,-2.317457782475612,1.2415509908616964,-0.49339522837636834,12,3.5590087733373084
2523,2018,-1.0080057835912608,1.704811833021217,-0.12401581347428892,12,2.7128176166124778
2523,2019,-1.345396136158808,1.4258256702434164,0.02442479501906123,11,2.7712218064022247
2523,2020,-1.5336632857735326,1.2494234044678119,0.047595605835427365,10,2.7830866902413445
2523,2021,-0.9972312236730932,2.3972687527096386,0.22973046784584594,11,3.3944999763827317
2529,2009,-2.0709455361785554,1.766896624569631,0.12512205317019157,10,3.8378421607481865
2529,2010,-2.0260648562396346,2.1530659776853276,0.11986841782257611,10,4.179130833924962
2529,2011,-2.1942412016216815,1.8979332849829984,-0.12201088057618419,10,4.09217448660468
2529,2012,-0.9484021926350198,3.026426378430123,0.21858477710446217,10,3.9748285710651428
2529,2013,-1.3610647916393126,3.073453489721686,0.09305870594278014,12,4.434518281360999
2529,2014,-1.1038015479711054,1.6105040524302168,0.19869173593197267,11,2.714305600401322
2529,2015,-1.1932026474701511,1.362701213545938,0.1544944677058765,11,2.5559038610160894
2529,2016,-1.8338398663378561,2.398798956443813,-0.10081798793108482,11,4.232638822781669
2529,2017,-1.77049694238469,2.022352884020479,-0.15797014130187234,11,3.792849826405169
2529,2018,-2.6117326192330657,1.0276474815999572,-0.22032867641716322,11,3.639380100833023
2529,2019,-0.9373591060666984,2.01058323513946,0.34751769367470803,10,2.9479423412061583
2529,2020,-0.8120551240414134,1.331402643441945,0.11378274191435822,10,2.1434577674833584
2529,2021,-2.070479278131847,1.6639858596494363,-0.24779871749761748,11,3.7344651377812834
2534,2009,-0.945265057220451,1.6913756880707493,0.21453015986886736,12,2.6366407452912
2534,2010,-1.342700861135309,2.506776040160508,0.2511998606011344,12,3.849476901295817
2534,2011,-2.249594795814486,2.8572064310842338,-0.14544826516090179,11,5.106801226898719
2534,2012,-1.4272380488665537,1.3347851030939324,-0.3323012357732281,10,2.762023151960486
2534,2013,-1.406155385883545,0.9912650399388836,0.18641238746709027,13,2.3974204258224283
2534,2014,-2.5384534661263918,1.7774002823987511,0.3015338623072851,12,4.315853748525143
2534,2015,-1.5761632323583985,2.4696402395544155,0.3919153566558539,14,4.045803471912814
2534,2016,-0.7783893803385127,2.299554988960475,0.3878348122281073,13,3.0779443692989874
2534,2017,-0.5559956149268575,1.61562103521231,0.36079809622379916,13,2.1716166501391676
2534,2018,-0.9925853332485512,1.6371850927262972,0.0075093507926247815,14,2.6297704259748484
2534,2019,-1.064378968735963,1.6368277201147292,0.15484980612683105,12,2.701206688850692
2534,2020,-0.96954070542549,2.3595369964879804,0.29653302309328206,12,3.3290777019134703
2534,2021,-1.1650346319126066,2.8065866286733834,0.15595030580312125,15,3.97162126058599
2535,2009,-2.1472313207029887,1.2838548948843227,-0.4315848358310721,11,3.431086215587311
2535,2010,-1.6337115950197192,0.711680550532319,-0.516165610534582,11,2.3453921455520383
2535,2011,-1.3140671058489162,0.47787972148606184,-0.08324762860176749,11,1.7919468273349781
2535,2012,-2.5167394981848905,2.000658292964186,-0.12431974043015892,12,4.517397791149076
2535,2013,-1.3790437029030098,1.5617470639097857,-0.033136258193792546,10,2.9407907668127953
2535,2014,-1.2891901544727657,1.820012668847397,0.004454605279258751,14,3.109202823320163
2535,2015,-1.5467047258285336,1.5289763089486432,0.11843447682947926,12,3.075681034777177
2535,2016,-2.636164014037249,1.303552755065638,-0.13432726801231862,11,3.939716769102887
2535,2017,-1.8782857518619007,1.5681584418641608,-0.14287364225877444,13,3.4464441937260615
2535,2018,-2.6117326192330657,1.512136386703003,-0.008678726435784509,13,4.1238690059360685
2535,2019,-1.4663061056108513,1.1356674026282934,0.046411965543651276,10,2.6019735082391446
2535,2020,-1.5463034166005334,1.776677998390925,0.1832018880821123,9,3.3229814149914585
2535,2021,-1.3607660653362377,2.498938271131404,0.288011706646299,16,3.8597043364676416
2539,2009,-1.3288929048954292,2.530304861342407,-0.06647513287053111,11,3.859197766237836
2539,2010,-2.0055259166189976,2.675224821090219,-0.20591983451900586,12,4.680750737709216
2539,2011,-1.6339651767957548,1.5358414194384702,-0.04170637635417446,12,3.169806596234225
2539,2012,-1.2670673225152704,1.7124776940078084,0.34911315090601513,13,2.979545016523079
2539,2013,-2.5089451803954064,1.4000854578533946,-0.06949089873781472,11,3.909030638248801
2539,2014,-1.897805613996327,1.5049980049743918,-0.021672822309169115,12,3.4028036189707187
2539,2015,-1.5271932474775838,2.0019366575486663,-0.11482189498783213,14,3.52912990502625
2539,2016,-1.231283746149024,2.130461807088024,0.020914596536549996,12,3.361745553237048
2539,2017,-1.180721961687277,2.9495105661981027,0.27611294313696544,12,4.130232527885379
2539,2018,-1.695317284580606,1.7043081816062178,-0.12653060172000383,13,3.3996254661868237
2539,2019,-1.9719296142284868,1.627309062527237,0.3302446044332219,11,3.599238676755724
2539,2020,-1.9993537081916155,1.5580240740422495,0.21141756986995724,11,3.557377782233865
2539,2021,-1.1316943655290095,2.9669745046046474,0.3551270373001744,11,4.098668870133657
2540,2009,-0.9608558441333503,1.7577943012085413,0.1975183457689187,12,2.7186501453418916
2540,2010,-2.2371199235265147,2.2950311804991483,-0.20157088719171798,13,4.5321511040256635
2540,2011,-2.1933625731424304,2.893312891510899,-0.3593947098329016,12,5.08667546465333
2540,2012,-1.4920406262799693,2.376235495546883,0.05527941303189534,11,3.8682761218268524
2540,2013,-1.7655151844792796,2.6136420017772166,-0.21460669642450483,12,4.379157186256496
2540,2014,-1.0180838827410834,3.044439914993288,0.14116088908178276,11,4.0625237977343716
2540,2015,-1.179990360488318,1.978612488308024,0.16443206332276744,13,3.158602848796342
2540,2016,-1.7025504603506827,1.728263235198911,-0.26832430876140817,14,3.4308136955495936
2540,2017,-2.563822580136962,1.075745009727115,-0.3735470236962709,15,3.639567589864077
2540,2018,-1.7631999019622695,2.0486701510080767,-0.34831846383644344,14,3.811870052970346
2540,2019,-1.3345218802771222,1.5840892118597052,0.054758026299787065,13,2.9186110921368273
2540,2020,-1.08303268011502,1.7651897339295903,0.09098352960054538,10,2.8482224140446104
2540,2021,-1.0672807947309038,1.6729429578800235,0.17032436325659395,13,2.740223752610927
2541,2009,-1.793265280509617,2.3045367665926615,-0.29035582820521366,11,4.097802047102278
2541,2010,-1.390581411552015,2.7817607293310482,0.1216791360020392,11,4.172342140883063
2541,2011,-1.4882641715029112,2.673808853264499,0.14929424565579363,11,4.16207302476741
2541,2012,-1.6155336022692992,2.1957600414957033,0.019514767577498624,11,3.8112936437650022
2541,2013,-1.3132779453614807,2.525771504572492,0.09615906855480372,12,3.839049449933973
2541,2014,-2.074347777793532,1.7618498267513838,-0.0995518107541527,12,3.8361976045449158
2541,2015,-1.395946486528635,1.6012922305870592,-0.35357554976080663,12,2.9972387171156942
2541,2016,-1.8721457281966236,2.07395841897606,-0.4894101312910822,12,3.9461041471726834
2541,2017,-1.3733757304204843,2.3165467449640693,-0.034626654258249956,12,3.6899224753845536
2541,2018,-0.9898160652285941,1.3938892467478474,-0.07143605541101065,11,2.3837053119764415
2541,2019,-2.2231089207049184,0.8500453489175692,-0.5137030561365781,11,3.0731542696224876
2541,2020,-1.273445125815008,1.8876919292074654,0.30043827768711107,12,3.1611370550224733
2541,2021,-2.6382498483683343,1.6040970909752152,-0.385020756062235,13,4.24234693934355
2542,2009,-1.667720675120835,0.43982663189791366,-0.7393571903277246,15,2.107547307018749
2542,2010,-1.277709843752873,0.857960682325186,-0.455914163747797,12,2.135670526078059
2542,2011,-1.9384178338657452,1.7119505709547032,-0.678015208788683,12,3.6503684048204486
2542,2012,-1.4533165410044926,2.312385442644927,-0.17311299659168508,13,3.7657019836494197
2542,2013,-1.4463629850241735,1.64071140277398,-0.32746959290012734,13,3.0870743877981535
2542,2014,-1.281798063871265,2.0685582940442195,-0.20258632965476636,16,3.3503563579154845
2542,2015,-1.72839601144441,0.760713252027545,-0.25432130945174863,12,2.489109263471955
2542,2016,-1.4936299448404018,1.0868113455407398,-0.34848507449328997,13,2.580441290381142
2542,2017,-2.309510530938149,2.2770295844369355,0.2861357614387534,13,4.586540115375085
2542,2018,-1.1770888046014194,1.642055024085136,0.5071719613876722,16,2.8191438286865553
2542,2019,-1.2005040240055331,0.867627925391461,0.19218460352426606,13,2.068131949396994
2545,2009,-1.2552744554942274,3.0402020269584895,0.2403904667298621,12,4.295476482452717
2545,2010,-1.2804037719345285,2.3202997130878975,0.3339572795113348,12,3.600703485022426
2545,2011,-0.9843697856932315,1.711899135875758,0.1722776369767304,12,2.6962689215689895
2545,2012,-1.3433072695720376,1.5958345921430939,0.008558647114526047,13,2.9391418617151315
2545,2013,-1.753822475258884,2.1196655064290257,-0.11093258686743107,11,3.8734879816879095
2545,2014,-1.4173197248987786,2.318349845292071,0.24823179780974733,11,3.7356695701908498
2545,2015,-2.518835441314084,1.2172599189506519,-0.0674658975684174,12,3.736095360264736
2545,2016,-1.2209000469630404,1.2943772102879834,0.18610450854320507,11,2.515277257251024
2545,2017,-1.266233161749104,3.5218201410416516,0.3010143552956962,12,4.788053302790756
2545,2018,-1.101730079180717,2.4984085261284648,0.09451222068041835,11,3.6001386053091817
2545,2019,-1.1984806638309178,2.323457371493546,-0.037866814279409196,14,3.521938035324464
2545,2020,-1.3616546715636602,1.3067938577559057,0.06972836050471391,11,2.6684485293195657
2545,2021,-1.6403500582557202,1.4512527791042533,-0.3201067007257597,14,3.0916028373599733
2546,2009,-1.414887789268427,2.1078827710731627,0.10436071470923457,8,3.5227705603415895
2546,2010,-1.6455788467229202,0.6822824173069029,-0.1578776822006241,14,2.3278612640298233
2546,2011,-1.5166046607995896,1.2313169393483803,-0.04879311169052091,11,2.74792160014797
2546,2012,-1.5395400240191195,1.6237720601494305,-0.03484628753082045,13,3.16331208416855
2546,2013,-1.9320330142523803,1.7022495994207012,0.08902221286494928,10,3.6342826136730815
2546,2014,-0.8841223036639465,2.4129943401669887,0.5968445172846661,13,3.297116643830935
2546,2015,-0.8220254651938499,4.753207313486919,0.44330524039287145,14,5.5752327786807685
2546,2016,-2.141065917385282,1.30341092639658,-0.2807679953964214,13,3.444476843781862
2546,2017,-1.4666102853977532,1.4215703897659837,-0.04290887921169018,12,2.8881806751637367
2546,2018,-2.077157007352464,2.336815614584267,0.17236009017275106,11,4.413972621936731
2546,2019,-2.480693641533188,4.349209767753858,0.3971268775791728,12,6.829903409287046
2546,2020,-1.6670250927522765,2.7664418075410886,0.2822131808639705,13,4.433466900293365
2546,2021,-1.3804803212472267,1.3034543225764916,0.07264205523926426,12,2.6839346438237186
2547,2009,-0.8278095827310965,0.9637401847812264,-0.02936700891607196,9,1.7915497675123229
2547,2010,-2.1442567421853513,3.5113863043798976,0.37962505733001656,12,5.655643046565249
2547,2011,-1.4218801155205592,2.1421588867340633,0.16728844607137353,11,3.5640390022546224
2547,2012,-1.4533165410044926,2.7882449878253075,0.2641183773779536,13,4.2415615288298
2547,2013,-1.8648483062964836,1.3399465249572593,-0.0034593015252541307,13,3.204794831253743
2547,2014,-1.0625684609856354,2.2901152018539066,0.08575989061032724,12,3.3526836628395422
2547,2015,-1.7316555554851096,1.71951675012044,-0.12000127136619536,12,3.4511723056055494
2547,2016,-0.9451044323199409,0.6172349612004593,-0.09628807262766749,11,1.5623393935204002
2547,2017,-1.1927489235868396,2.0054902385290583,0.09516710594218196,12,3.1982391621158976
2547,2018,-0.951308370209985,1.2585330101337173,0.08080867182274207,10,2.2098413803437023
2547,2019,-1.153039366576012,0.9833833491841085,-0.04162597681514616,13,2.1364227157601205
2547,2020,-1.446923899120691,2.1697765075117865,0.13365156149993693,13,3.6167004066324777
2547,2021,-0.9372842970400147,2.0732800537338414,0.13310040991360708,13,3.010564350773856
2550,2009,-0.9385194556586075,2.6996720842642303,0.26098335431885666,9,3.638191539922838
2550,2010,-1.7434788016603302,2.88325351765515,0.2331530853373412,13,4.62673231931548
2550,2011,-1.9396857483915273,2.314947740699886,0.16834903081103428,12,4.254633489091413
2550,2012,-1.2277419743298628,1.5809288850816618,-0.09653581296282403,10,2.8086708594115244
2550,2013,-1.8151859239023966,1.806866067374274,-0.048052349828786,12,3.6220519912766704
2550,2014,-1.403354649103028,1.3958002588237182,-0.016677177479535076,12,2.799154907926746
2550,2015,-1.849042029687676,1.5927993881166065,-0.181149932963815,12,3.4418414178042824
2550,2016,-1.825488122954448,1.9962778902979235,-0.11492036776731741,12,3.8217660132523714
2550,2017,-2.1326841842295994,1.4748563959020586,-0.5070953803583648,13,3.607540580131658
2550,2018,-1.1183837439390774,2.0167015922571268,0.003446875823208665,12,3.1350853361962043
2550,2019,-1.4817760680323249,2.6357890729636426,-0.09358191015416174,11,4.117565140995968
2550,2020,-0.8404560065368395,2.9583048121175297,0.22030711442895176,10,3.7987608186543693
2550,2021,-1.4256855685221925,1.4222866020664404,0.027543876945413985,9,2.847972170588633
2561,2009,-1.3352402583073235,2.1799833360954226,0.30064581350387826,11,3.5152235944027463
2561,2010,-1.9438677719228405,1.729930016223186,0.030940623062918712,13,3.6737977881460266
2561,2011,-1.2779019880413627,1.6870249895627851,-0.1300875600550707,12,2.964926977604148
2561,2012,-1.6660011324405721,0.9473002572538838,-0.16981043488837677,8,2.613301389694456
2561,2013,-1.169901678979225,0.5300588313908966,-0.2672521442789227,11,1.6999605103701216
2561,2014,-1.1266554216175457,0.984861214827858,0.046931059472772006,11,2.111516636445404
2561,2015,-0.8905834440269909,1.5841067140586131,0.3714651191207423,11,2.474690158085604
2561,2016,-2.264840441548274,1.389330465915536,-0.19927279448085555,12,3.65417090746381
2561,2017,-2.563822580136962,2.0147724287078224,-0.24949000183011227,13,4.578595008844784
2561,2018,-1.208032981909823,1.9617094874338896,-0.0295440818745222,13,3.1697424693437126
2561,2019,-2.388997593088231,1.270976080130463,-0.6537472513739974,12,3.659973673218694
2561,2020,-2.40676369089753,2.0155823069807655,-0.1311524237829445,11,4.4223459978782955
2561,2021,-2.6382498483683343,1.6700403076489494,-0.29138269806485523,11,4.308290156017284
2565,2009,-1.344627940664411,0.9349571935574124,-0.21195053246638115,11,2.2795851342218234
2565,2010,-2.084766266638668,2.310544212111999,-0.18523295609213955,14,4.395310478750667
2565,2011,-1.6505494848999331,1.2930352325250267,-0.1367565674702794,15,2.94358471742496
2565,2012,-1.8954137254502759,1.9470812993787554,-0.286776818082153,12,3.8424950248290313
2565,2013,-1.8518520013308073,1.791269350316842,-0.20948226549572785,13,3.6431213516476495
2565,2014,-1.3317786764609574,1.6325729754012626,0.25740575987615966,11,2.96435165186222
2565,2015,-1.3553086005459236,1.3279099022766743,0.2351122825360252,12,2.683218502822598
2565,2016,-1.192856841818617,0.8828409190890406,-0.144387525393424,12,2.0756977609076577
2565,2017,-1.6194241891017864,1.7884233369022886,-0.10174553136292795,11,3.4078475260040753
2565,2018,-1.4980334278151457,2.0026715888405935,-0.0349113345409219,12,3.500705016655739
2565,2019,-1.5757008398769856,1.2145144185555674,-0.010157145684279778,12,2.790215258432553
2565,2020,-2.2253924065503767,1.100016601627432,-0.2623799681707698,12,3.3254090081778087
2565,2021,-1.75617771246522,1.3513002365377436,-0.17294176943157707,13,3.1074779490029636
2567,2009,-1.6310546104628965,0.7752220328309795,-0.037627728366831634,11,2.406276643293876
2567,2010,-1.451386404328535,1.5273863258503264,-0.07949520086312165,12,2.9787727301788616
2567,2011,-1.5927451156917822,2.034871807258699,-0.2327901906589227,10,3.627616922950481
2567,2012,-2.2016512145758838,1.2679766356873186,-0.3583321891260353,12,3.469627850263202
2567,2013,-1.8628035543152173,1.1665310456604,-0.20109270722114034,9,3.029334599975617
2567,2014,-1.2700900942850373,1.5103161578059805,0.26005197240128514,11,2.7804062520910175
2567,2015,-0.8978990820122343,1.8848637707583933,0.5551336354752204,11,2.7827628527706274
2567,2016,-1.5284869164430177,1.1821000432917133,0.29958259143244537,9,2.710586959734731
2567,2017,-1.6998583582012685,1.8233262853304275,-0.18980292639619564,11,3.523184643531696
2567,2018,-2.189699241432591,1.3574912989804009,-0.17000801052295758,11,3.5471905404129918
2567,2019,-1.7911753164617958,1.912741881276096,-0.24759917931374784,10,3.7039171977378915
2567,2020,-1.2726613361765786,1.1802777708265104,-0.017135065505266955,10,2.452939107003089
2567,2021,-1.2269344309233514,1.868789924008935,0.07138813564839573,12,3.0957243549322864
2569,2009,-1.3362720940836412,2.0864701267115975,0.07704485291023512,12,3.4227422207952385
2569,2010,-1.0344101376545234,1.7436177874159804,0.03114625757463496,11,2.7780279250705036
2569,2011,-0.9369238478136845,1.2619231421122092,0.023077059056155032,11,2.198846989925894
2569,2012,-2.2233814410316772,1.8667259795485462,-0.1478486590706228,10,4.090107420580224
2569,2013,-2.5089451803954064,0.7953096996628459,-0.676716081076348,14,3.3042548800582523
2569,2014,-1.449352117505282,1.0395740192570815,-0.2648701553958878,15,2.4889261367623634
2569,2015,-1.7108306907806394,1.2688576282665964,-0.29151405115113377,13,2.979688319047236
2569,2016,-1.9258058753626877,2.479667696902372,-0.21939246769101928,11,4.405473572265059
2569,2017,-1.9798467634582062,1.7931696286665897,-0.46031552345318627,14,3.773016392124796
2569,2018,-1.7369725270648086,1.526917279197398,-0.02053462789322921,14,3.2638898062622066
2569,2019,-1.824325235936382,1.3671079207533228,-0.1784816966747672,13,3.1914331566897047
2569,2020,-1.3700326524371675,1.1934915090549534,-0.03967571001202947,14,2.563524161492121
2569,2021,-1.6389080065359043,1.4780867858461992,-0.23305456813785105,16,3.1169947923821035
2571,2009,-1.365302029327545,1.347839899427515,-0.06179148174068166,11,2.7131419287550598
2571,2010,-1.7799131598898774,1.6631336928023495,0.15249532475893135,14,3.443046852692227
2571,2011,-1.8067660422720473,2.3848249041802223,0.20433437133817267,12,4.191590946452269
2571,2012,-0.6025781752601742,2.546156331623469,0.4515338959142362,10,3.148734506883643
2571,2013,-0.7553277587667574,2.453831490856445,0.3575781513806805,10,3.209159249623202
2571,2014,-2.211723061540059,1.5576769733496727,-0.15592917033978915,11,3.7694000348897316
2571,2015,-0.9413990313530625,1.8803015338124487,0.4005993554490896,14,2.821700565165511
2571,2016,-2.2562050096299258,3.357608552654483,0.07128887486825297,11,5.613813562284409
2571,2017,-1.3716573153561848,3.492052621169506,-0.015855153224544113,13,4.863709936525691
2571,2018,-0.8991700302742521,3.5383390990997268,0.4719037841063147,10,4.437509129373979
2571,2019,-0.906013083072951,3.6276752147215126,0.3104645997641316,10,4.5336882977944635
2571,2020,-1.371564576625815,2.6063017364270773,0.3038964952712302,12,3.9778663130528926
2571,2021,-1.462153667164182,2.468483570018117,0.36386897937657997,11,3.930637237182299
2572,2009,-1.7642934484968216,1.31945768806265,-0.40171370415380947,10,3.0837511365594716
2572,2010,-1.1247778559748285,1.5131395724870444,-0.025474623137705897,11,2.637917428461873
2572,2011,-0.6873169572299805,2.45988363698643,0.3290026657427489,11,3.1472005942164105
2572,2012,-1.886562930966877,2.535106426433689,0.19971681977820535,11,4.421669357400566
2572,2013,-1.0847207946652184,2.5794201249860835,0.6815680523027342,11,3.664140919651302
2572,2014,-1.3219040873474925,1.214810358710281,0.16603433716511432,12,2.5367144460577737
2572,2015,-1.9160610270617808,1.2749128908138367,-0.24502890766454558,12,3.190973917875618
2572,2016,-1.5391121164199406,1.626440175791322,-0.12053521578942825,11,3.1655522922112627
2572,2017,-2.0931555040078154,0.7712842257646065,-0.32419446525002993,14,2.864439729772422
2572,2018,-2.6117326192330657,1.1545955553802638,-0.4077537051166947,12,3.7663281746133297
2572,2019,-2.1715842284652433,1.263886136573576,-0.009380316120156303,13,3.435470365038819
2572,2020,-2.704645005586894,1.246560311004908,-0.488679572627551,14,3.9512053165918015
2572,2021,-1.5884458745418089,0.819865892069651,-0.34895424152084564,13,2.40831176661146
2579,2009,-2.1090884284407716,2.5119660155704597,0.1581706351361043,11,4.621054444011231
2579,2010,-2.04256681697751,3.0312870129927414,0.14593376277085182,12,5.073853829970251
2579,2011,-0.972092669692055,1.1606520162071625,-0.019115141899556723,11,2.1327446858992176
2579,2012,-1.4290374780551685,1.1970100241045485,-0.0425252173144864,11,2.626047502159717
2579,2013,-1.414673071711215,1.913458203627361,0.17056680846638494,13,3.328131275338576
2579,2014,-1.6195242032273305,1.4702650546728828,-0.15397142062598093,14,3.0897892579002133
2579,2015,-1.4241193276881268,0.8077373082225454,-0.09101835427467075,12,2.231856635910672
2579,2016,-1.4237157554479427,1.6903378201200105,0.07772175360689006,13,3.1140535755679535
2579,2017,-2.1258407176278955,2.3486544378923657,-0.26756040583030066,14,4.474495155520261
2579,2018,-2.6117326192330657,1.8357354561073096,-0.28917432487096356,13,4.4474680753403755
2579,2019,-2.7193730617502085,2.02354392176792,-0.18818714884873874,12,4.742916983518128
2579,2020,-2.4620845064826975,1.2462923548218412,-0.2714897720456831,14,3.7083768613045387
2579,2021,-1.1681296218631438,1.749121296740983,0.05066125255037106,14,2.917250918604127
2582,2009,-1.7118023483612783,1.2800548650293893,-0.26473368621285426,15,2.9918572133906673
2582,2010,-2.0349536674967093,1.2154562060456768,-0.24212767329275448,16,3.2504098735423863
2582,2011,-1.3097133597244115,0.7893783534959888,-0.4301888546444039,14,2.0990917132204006
2582,2012,-1.4010170513070959,1.118574223277615,-0.20581767006630625,11,2.5195912745847107
2582,2013,-1.6474230122884874,2.532251037566556,0.025634694387390966,10,4.179674049855043
2582,2014,-2.0375695911709286,1.5386712223222738,0.0006329516607319249,12,3.5762408134932024
2582,2015,-2.2910757129757977,2.204508516418489,-0.13740499464209016,13,4.495584229394287
2582,2016,-1.570626806025407,1.553127573017857,0.02414477473098523,11,3.1237543790432643
2582,2017,-1.5783633894915614,1.5745699593639406,-0.23438844001367176,14,3.152933348855502
2582,2018,-1.592414715223444,1.2888326500946512,-0.06970981797968402,15,2.881247365318095
2582,2019,-2.3215740280551747,1.1266265510464408,-0.2973111415357644,15,3.4482005791016155
2582,2020,-0.6580407943952379,2.5197349751188716,0.31546845274232727,16,3.1777757695141093
2582,2021,-2.3333360236117024,1.284583781673721,-0.19326998952576993,17,3.6179198052854233
2597,2009,-2.4523744588007226,1.631391824442328,-0.08878589578893492,12,4.083766283243051
2597,2010,-1.9070069245501382,1.2238676828323365,-0.17452562395166538,10,3.1308746073824745
2597,2011,-1.9438712803576776,1.833665503912151,-0.038719877872426256,12,3.7775367842698286
2597,2012,-1.7696753418861164,1.5144123992881875,0.11391903130889415,13,3.2840877411743037
2597,2013,-1.389975958147162,2.0627657987215637,0.16915082487801625,12,3.4527417568687255
2597,2014,-1.1241610787827243,1.5158654229010973,-0.0003282001816070891,13,2.6400265016838214
2597,2015,-1.287279813484882,1.5225531842425548,0.13471037580347564,11,2.8098329977274368
2597,2016,-2.0608739721529212,1.9930031896586435,-0.17709684987308716,13,4.053877161811565
2597,2017,-1.2986862640632233,0.8990172960216807,-0.32371110609752957,11,2.197703560084904
2597,2018,-1.3533338248425983,1.371662161105684,-0.05274300505734259,13,2.7249959859482824
2597,2019,-2.162454414577161,1.2389586020233425,-0.18922560524849366,12,3.4014130166005034
2597,2020,-1.3238036100840898,1.20658347456574,-0.1065914438275109,13,2.5303870846498295
2597,2021,-1.0946236105378844,1.8459296340100513,0.16203486763068206,11,2.9405532445479357
2598,2009,-1.5915975468533834,1.634277276624898,-0.22321245522802202,11,3.2258748234782813
2598,2010,-1.8856903289434022,1.883138046138387,-0.28896148077182726,11,3.7688283750817893
2598,2011,-1.3408331798491329,1.62471152819185,-0.04335993801245863,11,2.9655447080409827
2598,2012,-0.9477548072629919,4.370190129269115,0.5565779251465703,12,5.317944936532108
2598,2013,-1.3360950213535736,2.1191156922475423,-0.05626147259722207,13,3.455210713601116
2598,2014,-1.193092976653256,0.9365320681376599,-0.14996516634566748,11,2.1296250447909157
2598,2015,-1.3350145277418277,1.285133966757756,-0.06779875242508863,12,2.620148494499584
2598,2016,-1.7113581353854614,1.1180265166417296,-0.06418052837632933,12,2.829384652027191
2598,2017,-1.949510357396972,1.4505633253142398,-0.10687881639479425,13,3.400073682711212
2598,2018,-1.1125368637874677,2.0957658607791134,0.4415677523398221,14,3.208302724566581
2598,2019,-1.755475403181472,1.3232878175399674,0.0660630364322382,12,3.0787632207214397
2598,2020,-0.8520996129440204,2.24763185112378,0.38213168780896184,12,3.0997314640678004
2598,2021,-1.2980472232752303,1.145796019657547,-0.003084777851771562,12,2.443843242932777
2599,2009,-1.5696389521608491,1.2488414218314372,-0.08924725856813748,12,2.818480373992286
2599,2010,-1.349532303303349,1.488638764984561,0.006118742115263924,13,2.83817106828791
2599,2011,-1.4251578537354752,1.9573624123300581,-0.04390563098691837,11,3.3825202660655336
2599,2012,-1.0184241674710166,1.5788505103541286,0.178017227668912,8,2.597274677825145
2599,2013,-2.5089451803954064,1.8076398493903023,-0.1983213938674682,11,4.316585029785709
2599,2014,-1.6049380244511549,1.793883390266973,0.1665440300285945,12,3.398821414718128
2599,2015,-1.620524277485725,1.7379443683440683,-0.1455163247702208,11,3.3584686458297934
2599,2016,-1.379376537920717,0.9136222827817363,-0.0723114023220354,12,2.2929988207024534
2599,2017,-1.456199027014859,1.5058575369067457,0.10801536889222621,11,2.962056563921605
2599,2018,-2.6117326192330657,2.062191987344627,-0.25857230684614313,10,4.6739246065776925
2599,2019,-1.5082302788645845,1.9656630123975174,0.13099339524121748,11,3.473893291262102
2599,2020,-1.2637466278807739,2.0045669875780674,0.2079799739425697,11,3.2683136154588412
2599,2021,-1.564422900312369,2.309366446770303,0.07430849803942051,12,3.873789347082672
2603,2009,-1.2466869375365053,1.5590823153498699,0.048989354148720785,10,2.805769252886375
2603,2010,-0.916066279286093,1.5260598043491664,0.11021673890218454,11,2.4421260836352596
2603,2011,-1.4627680725390797,1.6879811610987887,-0.18341072672713715,11,3.1507492336378684
2603,2012,-1.13648551246402,1.4472490664543338,0.17891998389278074,9,2.583734578918354
2603,2013,-2.0505338916222993,1.2447669301319224,0.024669058624845253,10,3.2953008217542217
2603,2014,-1.9550063150793686,1.456097784096444,-0.16977220240902827,11,3.4111040991758124
2603,2015,-1.3969776058626897,1.3794330919613074,-0.35503415460809534,11,2.776410697823997
2603,2016,-1.5634514712913203,1.6692713712546148,-0.12209704686172121,11,3.232722842545935
2603,2017,-0.8630300683631742,2.5777036319259974,0.2900123355163275,15,3.4407337002891714
2603,2018,-1.1416496865614114,1.4857013289726437,0.0049129881194393595,11,2.627351015534055
2603,2019,-1.2537976744527148,1.747222058465586,-0.09236173206825113,10,3.0010197329183006
2603,2020,-1.599831773365726,2.3434560636661437,-0.11682094357270217,11,3.9432878370318694
2603,2021,-1.5571917424130022,1.7839446162522326,-0.053838577916657394,12,3.341136358665235
2608,2009,-0.8205220246258842,2.0663648463545563,0.23670052469160996,11,2.8868868709804403
2608,2010,-0.7029047512610281,2.987710368103011,0.4424815497260532,12,3.6906151193640393
2608,2011,-0.8967772849925293,3.175690047585454,0.7845064385029631,10,4.072467332577983
2608,2012,-0.7121429647878516,1.311583147664542,0.4346282422678398,12,2.0237261124523935
2608,2013,-1.0660638148647754,1.598849727594859,0.46720477747359807,12,2.6649135424596344
2608,2014,-1.2040347345237943,2.907053276979157,0.4034894702070641,12,4.111088011502951
2608,2015,-1.3441208424616142,2.168046047033005,0.18474508164821357,10,3.512166889494619
2608,2016,-2.0157246270936446,1.7774069359790587,0.27910238445473784,11,3.7931315630727034
2608,2017,-0.7065160353616708,2.3032684707676534,0.4484604195528991,11,3.009784506129324
2608,2018,-1.1798336588385971,2.576795378431597,0.3088101223773346,12,3.7566290372701943
2608,2019,-1.0057772242946774,2.0466080303920475,-0.07155890609392282,12,3.052385254686725
2608,2020,-1.392838224717261,2.1775421300203996,0.16773773255450733,13,3.5703803547376607
2608,2021,-1.3433757415789944,1.4780867858461992,-0.020464476696542295,12,2.8214625274251937
2612,2009,-1.863884121040807,1.357555579733842,-0.5227027604168067,11,3.221439700774649
2612,2010,-1.9368611645710045,0.9111585878997325,-0.417266179506084,11,2.848019752470737
2612,2011,-2.0030381271754725,1.1460787877653678,-0.42072388223245655,11,3.1491169149408402
2612,2012,-1.891196582196421,0.886213964792383,-0.24040268162902742,11,2.777410546988804
2612,2013,-1.5902125558126374,1.0951083353556008,-0.2351596942263219,11,2.6853208911682382
2612,2014,-1.2611123782374356,1.498552013618203,-0.24404975241999174,12,2.7596643918556385
2612,2015,-1.4025130886034038,1.1348794707696315,-0.1014827129844893,12,2.5373925593730355
2612,2016,-1.1044542775202257,0.6801790948314003,-0.21723100817438853,10,1.784633372351626
2612,2017,-1.0985741673793563,1.3873772151348578,0.03586571746478775,10,2.485951382514214
2612,2018,-1.8003232083428669,1.0677691823358562,-0.24829325964648494,10,2.868092390678723
2612,2019,-2.2465176066032813,1.1882747631443027,-0.6673725911024719,13,3.434792369747584
2612,2020,-1.143773632427604,1.115682855304197,0.003995051061675029,13,2.259456487731801
2612,2021,-2.221405632245344,1.2777087855715001,-0.42702352552374045,12,3.499114417816844
2617,2009,-1.405061145838161,1.7645068431692534,0.011466503404747504,13,3.1695679890074144
2617,2010,-1.6184654991112408,4.268190306214986,0.39760093905922095,12,5.886655805326227
2617,2011,-0.7439363512939835,1.9734127163539203,0.3945907529916996,12,2.7173490676479037
2617,2012,-1.3879957205388662,1.8915279420784012,-0.0473328778425423,11,3.2795236626172675
2617,2013,-2.5089451803954064,1.7313592407558354,-0.18933102798666862,14,4.240304421151242
2617,2014,-2.5384534661263918,1.840850248434181,-0.14426422879006692,15,4.379303714560573
2617,2015,-1.3684557964868067,2.70523345891289,0.46151324475606115,15,4.073689255399697
2617,2016,-1.781576804461947,2.3696631488181192,0.43562395372715734,13,4.151239953280067
2617,2017,-1.641865533041504,0.9726839240814933,0.018896109872114337,13,2.6145494571229975
2617,2018,-1.2180657217609683,2.5213360530408817,0.3945088329340633,12,3.73940177480185
2617,2019,-2.7193730617502085,1.537380842789482,-0.4823031885574048,14,4.256753904539691
2617,2020,-1.052818982275512,2.3480316176671825,0.5446541027421576,12,3.400850599942695
2617,2021,-0.9502556890141731,1.9232812637562566,0.2700162614483552,11,2.8735369527704298
2619,2009,-1.8923307838932502,2.417996096931079,-0.1291797980462341,14,4.310326880824329
2619,2010,-1.8158965978443067,2.504767367904894,0.09102592501326058,12,4.3206639657492
2619,2011,-0.6520535039650772,0.6761444583593974,-0.08241769256274513,12,1.3281979623244746
2619,2012,-1.3520381641301689,1.2425441703397413,0.16305591503869277,11,2.5945823344699104
2619,2013,-1.236853854050034,1.3484554970398368,0.13724920027606635,12,2.5853093510898706
2619,2014,-1.6757989325651166,1.4527636423218888,-0.1198064819603447,13,3.128562574887005
2619,2015,-1.151737356288303,1.7011720685005123,-0.08226092433469126,12,2.852909424788815
2619,2016,-1.6373198190450708,2.29088265222991,0.004248621400735786,11,3.9282024712749806
2619,2017,-1.2143649497036209,1.1634383909331416,-0.08459137492660065,11,2.3778033406367625
2619,2018,-1.0458619964497584,1.6877324171092727,-0.1231545092329147,13,2.733594413559031
2619,2019,-1.6483756633405016,1.6583682177945527,-0.11648031099864987,11,3.3067438811350542
2619,2020,-1.980530574437602,1.98184700339232,-0.19589423137330367,10,3.9623775778299217
2619,2021,-1.8898250057838737,0.6419559070213722,-0.34773682980335224,12,2.531780912805246
2623,2009,-1.3730472017738031,0.7963597012420844,-0.3144378971806951,12,2.1694069030158873
2623,2010,-1.1341327492294306,1.4399425060586661,0.15946946066798576,13,2.574075255288097
2623,2011,-1.6839647912896902,1.8070401676396046,-0.15165771164275374,11,3.491004958929295
2623,2012,-1.6660011324405721,1.9543934463818944,-0.14076979616177573,12,3.6203945788224665
2623,2013,-1.147095585281139,0.8818013381950837,-0.3277094321319622,11,2.0288969234762226
2623,2014,-1.0187771657248432,1.8512917655607348,0.18418575393598977,14,2.8700689312855783
2623,2015,-1.1734170833829283,2.560431263519512,0.16712564780001804,12,3.73384834690244
2623,2016,-1.8703091457787375,1.2646981720837063,-0.2891424507351506,13,3.135007317862444
2623,2017,-1.9288958532781806,1.287079131753189,-0.05362929497821121,17,3.2159749850313695
2623,2018,-1.3146006198169,1.5312283728415967,-0.004105495151260796,12,2.8458289926584968
2623,2019,-1.939686955707942,0.9859324537156328,-0.1310389456696586,12,2.925619409423575
2623,2020,-1.3945188530179327,2.6520658518953972,-0.0556956295374329,12,4.04658470491333
2623,2021,-1.7806797162403065,2.195519994034393,-0.28608380591207455,12,3.9761997102746998
2627,2021,-0.8695611554600804,1.5344749589176314,0.5248825281165632,13,2.404036114377712
2628,2009,-1.3777399289782681,1.3386973547396033,-0.18326180088838662,10,2.7164372837178714
2628,2010,-1.4076918785177448,1.1920700686777912,0.02632998438788244,10,2.599761947195536
2628,2011,-2.502639797838737,1.6264310171825707,-0.012467674085368358,11,4.129070815021308
2628,2012,-1.1511631546469627,1.3710433560230157,0.2839422641018995,11,2.5222065106699785
2628,2013,-2.0806316025013416,1.1493566731468416,-0.44964257053038703,12,3.229988275648183
2628,2014,-1.6121559273507056,1.4399874584807584,-0.27936308816548183,11,3.0521433858314637
2628,2015,-1.4025130886034038,1.6085401762756748,0.24668932658235343,15,3.0110532648790787
2628,2016,-1.9046011548052382,0.9945553614105097,-0.06026629920585704,11,2.899156516215748
2628,2017,-2.0007030426253043,5.9505448270393,0.300091097657628,19,7.951247869664604
2628,2018,-1.173095310789682,1.9205388727981212,0.6012407534357497,11,3.0936341835878034
2628,2019,-2.3980738422272965,1.4767651323877315,-0.07622448962082568,12,3.8748389746150282
2628,2020,-2.704645005586894,1.2085380463675222,-0.41956053077842076,10,3.913183051954416
2628,2021,-1.304788685172077,1.0698956978655465,-0.299342575372527,13,2.374684383037623
2630,2009,-1.7033867561971936,3.8019462111148767,0.15569966986818792,11,5.505332967312071
2630,2010,-1.5190762771101634,1.8932099179185655,-0.13438650456784518,12,3.412286195028729
2630,2011,-2.011434793909309,1.8203505054195994,-0.19693597721868694,12,3.8317852993289083
2630,2012,-2.1764441518871633,2.114347545415759,-0.3686770663201871,13,4.2907916973029225
2630,2013,-2.5089451803954064,2.425615632128205,-0.3266974205814766,13,4.934560812523611
2630,2014,-2.0787678319681313,2.2002960188314153,-0.0361003724722672,13,4.279063850799547
2630,2015,-1.682379819282983,3.2136306942272475,0.31633090031327443,13,4.89601051351023
2630,2016,-1.3141904655080339,1.1790836813165086,0.05270879080427961,13,2.4932741468245423
2630,2017,-1.1140605015913245,1.7895034835141346,0.3574995697869259,13,2.903563985105459
2630,2018,-2.6117326192330657,0.7973873008438247,-0.18949473463156338,13,3.4091199200768902
2630,2019,-0.5101090068488624,1.9266397390912513,0.34030893916834065,12,2.436748745940114
2630,2020,-1.9328615993462692,2.382181003234236,-0.08398946446878265,13,4.3150426025805055
2630,2021,-1.8240294152269982,1.8366526947499042,-0.18954504854642984,15,3.6606821099769027
2633,2009,-1.6623463341367264,1.9548991131057243,0.34629510453211015,11,3.6172454472424507
2633,2010,-1.4278218396538973,1.3932711917674658,0.2446234315300299,13,2.821093031421363
2633,2011,-1.0999336448854091,2.336542049837413,-0.015561469656314917,14,3.436475694722822
2633,2012,-1.7299294489415902,1.328561205664833,0.13183678997298967,12,3.058490654606423
2633,2013,-2.076261055788137,1.455815993172,-0.15724086364186707,12,3.532077048960137
2633,2014,-1.5174209517941013,2.207504551794313,-0.13838976353646873,13,3.7249255035884143
2633,2015,-1.1709022827138982,1.2267046522731797,-0.026740564433035196,11,2.3976069349870777
2633,2016,-1.7284841701753095,2.6839053191174385,0.05877729236419088,12,4.412389489292748
2633,2017,-1.6271484979393536,1.3295886693908119,0.15442499418678038,12,2.9567371673301652
2633,2018,-1.5124037399624737,1.616564052692447,-0.10552524258516037,12,3.1289677926549206
2633,2019,-1.4058856863420774,2.2037689166465886,0.14211355841258078,10,3.609654602988666
2633,2020,-0.8278080858653751,1.167493154631057,-0.01691990815763894,11,1.995301240496432
2633,2021,-2.070479278131847,1.338334616166076,-0.10891966516667768,12,3.408813894297923
2634,2009,-1.2583360923313287,1.9999413288980332,0.220054315329667,12,3.258277421229362
2634,2010,-1.5222159803288078,1.7015995828893031,-0.04111979419579329,13,3.223815563218111
2634,2011,-1.0744366508205074,1.6368295437207656,0.06205526380289868,10,2.711266194541273
2634,2012,-1.7815335030972081,2.357627208268451,-0.392483089107576,15,4.139160711365659
2634,2013,-1.8807519328174447,1.7830702702820702,-0.2835330162085275,14,3.6638222030995147
2634,2014,-1.9587704902474137,2.5991801042240734,-0.19355346085414235,13,4.557950594471487
2634,2015,-0.9570949160292916,1.1315717773422058,-0.17634698988544698,10,2.0886666933714975
2634,2016,-1.0825279622735609,1.4816030825071602,0.011448897197763689,12,2.564131044780721
2634,2017,-1.1667158794751284,1.0031895791061596,-0.16530311671486825,12,2.169905458581288
2634,2018,-2.0859205419734574,1.1694119526053357,-0.5651233494356162,13,3.255332494578793
2634,2019,-1.8594251506741792,1.6015474766613684,0.1969078537491685,13,3.460972627335548
2634,2020,-1.5073912600084893,1.578063806721571,0.1125801253616614,12,3.08545506673006
2634,2021,-1.7716526622179063,1.366532947520602,-0.24484050900886262,13,3.1381856097385086
2635,2009,-0.7308206349060442,1.3961340232110022,0.3181430183892866,13,2.1269546581170466
2635,2010,-1.1749333511480906,1.5750264785593113,0.08135600389131627,11,2.749959829707402
2635,2011,-1.5482986473472766,2.170078441668654,0.16812812338135344,13,3.7183770890159304
2635,2012,-1.4973097874499015,2.5337762425339423,0.2269059256906166,10,4.031086029983844
2635,2013,-1.6221895029683406,2.227094204397734,-0.0753459657261878,12,3.849283707366075
2635,2014,-0.8792756303364198,1.2381529277050658,0.19873284568696784,14,2.1174285580414853
2635,2015,-1.0244857464354689,1.5152470999521586,0.2784726819599561,12,2.5397328463876274
2635,2016,-1.373175283926721,1.791259749909767,0.2204514702179902,13,3.1644350338364884
2635,2017,-1.124739317607171,1.5571885807438037,0.148156067460684,12,2.681927898350975
2635,2018,-1.2863385401902518,1.1318829417112062,-0.0660659508323331,13,2.4182214819014582
2635,2019,-0.8629775711733831,1.0836030715111593,-0.09040161006726116,12,1.9465806426845425
2635,2020,-1.6746546509348839,1.146697270265993,-0.268988311722966,14,2.821351921200877
2635,2021,-1.8664367294531095,1.4930552826978887,-0.33719484441427167,14,3.359492012150998
2636,2009,-1.1325563226595525,1.1848112394559065,0.2503360421659566,12,2.317367562115459
2636,2010,-1.0702687263373338,2.6049050856224776,0.2814317476009385,11,3.6751738119598114
2636,2011,-1.4486950806697698,2.129412640747414,-0.09217686531192947,13,3.578107721417184
2636,2012,-1.3308617762382648,2.1366681124782816,0.2170387448259902,11,3.4675298887165464
2636,2013,-1.834989510808454,1.6632114911301903,-0.3522772990831044,10,3.4982010019386443
2636,2014,-1.4765796512208096,1.106177031227716,-0.02715627101835305,11,2.5827566824485255
2636,2015,-1.6571741253155279,1.5248062430719467,-0.08473238183563302,13,3.1819803683874746
2636,2016,-1.8595750434204525,2.0822062087967996,0.20740173658091063,15,3.941781252217252
2636,2017,-1.7909134110033147,3.2291529936017462,0.03440305939919701,13,5.0200664046050605
2636,2018,-1.5131165979666323,3.1281476102087824,0.43607644769686754,13,4.641264208175414
2636,2019,-0.9661106539832067,3.475879674419768,0.05706476766240728,12,4.441990328402975
2636,2020,-1.5726960097673113,3.871927440713305,0.06443328387295467,12,5.444623450480616
2636,2021,-1.3744622852322934,2.307312621689175,0.24950464422061594,13,3.6817749069214685
2638,2009,-1.9165133382388482,3.147093485513684,-0.11014221451706466,13,5.063606823752532
2638,2010,-1.176524641893227,1.9844847323869577,0.24897316808379993,11,3.1610093742801846
2638,2011,-1.5067103862020064,2.74373825460123,0.13630007533627697,10,4.250448640803237
2638,2012,-1.240631949568413,1.1573738818544408,-0.16528932283397035,12,2.3980058314228536
2638,2013,-0.5643469745171299,0.9941714067587489,0.056117504577997294,12,1.5585183812758787
2638,2014,-1.5774816879312947,1.3823113889096035,-0.1926711149192859,14,2.9597930768408984
2638,2015,-0.7208910957562201,1.921752368532486,0.24314759833346894,9,2.6426434642887062
2638,2016,-1.4522337829129799,1.6272810919858034,-0.10390538741681879,14,3.0795148748987833
2638,2017,-2.563822580136962,1.1156914165230605,-0.29385149772732255,13,3.6795139966600225
2638,2018,-1.878727278842767,1.0133048766665407,-0.01036566139261742,11,2.8920321555093076
2638,2019,-1.6096458681212575,1.175791083433717,-0.21501896878115906,9,2.7854369515549746
2638,2020,-1.7399157477861131,2.066586859174289,-0.10250900624481091,11,3.806502606960402
2638,2021,-1.7746827223093413,1.7564155974123061,0.027269280543059608,11,3.5310983197216474
2640,2009,-2.4523744588007226,1.5496179477639664,-0.3383972276119062,14,4.001992406564689
2640,2010,-1.5290708499391255,1.922505076953448,-0.07921026435488218,14,3.4515759268925734
2640,2011,-0.9369238478136845,1.340316997609143,-0.11047128376286615,12,2.2772408454228277
2640,2012,-1.3641262284667817,1.1737164559826563,-0.09567865311117418,12,2.537842684449438
2640,2013,-1.9789071277515013,1.5389679330810966,0.10293027904194703,10,3.5178750608325977
2640,2014,-1.1381803036135363,2.9871342584954155,0.1988985600657323,10,4.125314562108952
2640,2015,-1.945588827759951,1.4219324494833887,-0.21674201243509084,13,3.3675212772433394
2640,2016,-1.7910827800968225,1.456388550068248,-0.1782363182097141,11,3.2474713301650704
2640,2017,-1.0226533195787417,1.4991417388014059,0.037237566604135554,11,2.521795058380148
2640,2018,-2.065007561627905,2.352559603299883,-0.13671822871230652,13,4.417567164927788
2640,2019,-1.551919375906087,1.9262450798803263,0.25580290250668514,13,3.4781644557864135
2640,2020,-1.8091157367422874,1.4775866957981114,0.04874308896308075,15,3.286702432540399
2640,2021,-2.233364277789856,1.7202242349176424,0.05056525206755086,12,3.9535885127074986
2641,2009,-1.5718850984881771,1.821261256054707,0.29574775239356726,15,3.393146354542884
2641,2010,-0.694454613960802,1.4054907310362648,0.40706324015210976,11,2.099945344997067
2641,2011,-1.0038347858489431,1.1168223763299214,0.32869454093607603,12,2.1206571621788646
2641,2012,-1.077520458391871,1.5874982933113482,-0.1423370660052518,12,2.665018751703219
2641,2013,-1.0312633366608828,1.533624837696969,0.09662560881444555,13,2.5648881743578515
2641,2014,-1.968574853475811,1.3288968641683134,-0.11365756254771738,12,3.2974717176441244
2641,2015,-1.7984915835271924,2.329193061886585,0.007736385647750379,15,4.127684645413777
2641,2016,-1.9258058753626877,1.2935869134699831,-0.06015871729310861,13,3.2193927888326708
2641,2017,-1.0667862140199056,1.4156351059475403,0.02616516597620139,11,2.482421319967446
2641,2018,-2.1693252162973953,2.1632395677907463,-0.12091646621351392,13,4.332564784088142
2641,2019,-1.4066362505565961,2.046478570459989,-0.21134861716848408,13,3.453114821016585
2641,2020,-1.1430096852672358,1.3889235125492447,0.08937860969676856,11,2.5319331978164805
2641,2021,-0.9376037271904988,1.694736082383806,0.23958540012813487,16,2.632339809574305
2643,2009,-1.5369450445075206,2.212145485179173,-0.3070195448083303,13,3.7490905296866934
2643,2010,-1.8569065206768456,1.5489738397716022,-0.3026768070740248,12,3.4058803604484478
2643,2011,-1.5174702113061198,1.484631380033157,-0.3667174211478683,12,3.002101591339277
2643,2012,-0.5615337804216327,1.4721310493711546,-0.057694314267056616,11,2.0336648297927873
2643,2013,-0.9201206527620945,1.660093620232285,0.037730415756010105,13,2.5802142729943793
2643,2014,-1.6308690089421336,1.0716963137564455,-0.1971701746453661,12,2.702565322698579
2643,2015,-1.9594475370986224,1.5465950152007373,-0.1357313251182922,11,3.50604255229936
2643,2016,-1.8192521545615032,2.40373373475703,0.5022855561687742,13,4.222985889318533
2643,2017,-1.1725860756963964,2.526349505669958,0.9433670278272975,14,3.6989355813663547
2643,2018,-0.8611857211733494,2.306226114905375,0.6705983017612126,13,3.1674118360787245
2643,2019,-1.1858289608389179,2.3377704389224045,0.42932946144422596,13,3.5235993997613226
2643,2020,-2.430786377566027,3.3593674720180124,0.18640083665279772,15,5.790153849584039
2643,2021,-1.5973371362681075,2.28606798195197,0.3113078784269865,13,3.8834051182200775
2649,2009,-1.6751230693064945,1.4471593807329528,-0.40485830856284716,12,3.1222824500394473
2649,2010,-1.545646314826095,0.6408103021410669,-0.21190397455618284,11,2.186456616967162
2649,2011,-1.5137665662439672,1.2009641616339202,-0.33364601596244486,11,2.714730727877887
2649,2012,-1.8077908600646255,1.7332111767735334,-0.07311642791418001,12,3.541002036838159
2649,2013,-1.9618091260533108,2.063842831243527,-0.36444673072768596,12,4.025651957296838
2649,2014,-1.1284561844294192,1.6759733697094208,0.45087261894411257,9,2.80442955413884
2649,2015,-1.1148555556354036,1.6381944637527919,0.41973117836910045,10,2.7530500193881955
2649,2016,-1.0846647460406778,2.377257328127705,0.07155498102583358,11,3.461922074168383
2649,2017,-1.4834673192812637,1.9493469493092481,0.11847585897791695,11,3.432814268590512
2649,2018,-1.4089374925017122,1.7996227060374002,0.43176457796984197,11,3.2085601985391126
2649,2019,-1.50807500414883,2.210466575939103,0.11593644936389054,10,3.718541580087933
2649,2020,-1.2781109227404939,2.061851097499544,0.1096725956620126,10,3.339962020240038
2649,2021,-2.287923326307523,1.7230590148092109,-0.09519983084923798,11,4.010982341116733
2653,2009,-0.42250923580275274,2.029775220615993,0.6886025071228361,11,2.4522844564187456
2653,2010,-2.5450346827103725,1.7093773013244673,0.10333500739756203,11,4.2544119840348396
2653,2011,-1.420169511401664,1.5224141552232688,0.01621423346278209,11,2.942583666624933
2653,2012,-0.5402766282738479,1.3202054959660046,0.3469229905869259,10,1.8604821242398524
2653,2013,-1.252558685239483,0.5039026977910022,-0.15994759812078954,12,1.7564613830304852
2653,2014,-1.194575195334277,0.9791856321280515,0.0769934695489225,9,2.1737608274623286
2653,2015,-1.4326422040052837,2.151571327933112,-0.031842661786745406,10,3.5842135319383956
2653,2016,-1.9665641292210643,1.272110354988128,-0.29326003072713863,11,3.2386744842091924
2653,2017,-1.3902012786563556,2.088837205205257,0.26689962589244676,12,3.4790384838616126
2653,2018,-1.1082387108188738,2.0113564686973215,0.10034535388656382,10,3.119595179516195
2653,2019,-0.6072853620939335,2.566425602790443,0.14314617799342988,13,3.1737109648843767
2653,2020,-1.2564161432883103,1.5641456989869555,0.060896498678534854,14,2.820561842275266
2653,2021,-1.3518946501762927,0.777755338899051,-0.3082272641773093,13,2.129649989075344
2655,2009,-1.7984963057341499,0.8840253073422699,-0.11420837833349413,12,2.68252161307642
2655,2010,-1.5475429196258752,0.9617722968835627,-0.22400540498669302,13,2.509315216509438
2655,2011,-1.0655795770405492,1.425638297356589,-0.1591203582249122,12,2.4912178743971385
2655,2012,-1.6305537005345587,1.322362483682745,-0.13302389265505546,14,2.9529161842173037
2655,2013,-1.7138881014295486,1.6770833441650994,-0.04341741203882327,13,3.390971445594648
2655,2014,-1.8849926569537256,1.2820610870346576,-0.7282624769843219,14,3.167053743988383
2655,2015,-0.967987613677311,1.0952160183981972,-0.07501064739658657,12,2.063203632075508
2655,2016,-1.3547336462321578,0.9228086090464228,-0.2464139956285405,12,2.2775422552785805
2655,2017,-1.7819706602860657,1.473797131815782,-0.01959076214051957,10,3.2557677921018477
2655,2018,-1.8357357632773537,1.5056009366143563,-0.3026609508481013,11,3.34133669989171
2655,2019,-1.8839950909906371,1.4411046511682863,-0.3526471080870361,11,3.3250997421589235
2655,2020,-1.8412940765719579,1.25055689501077,-0.30970362446907407,11,3.091850971582728
2655,2021,-1.8756031560435513,1.1065762592925412,-0.18659299720442296,10,2.9821794153360925
2670,2009,-0.6742998633284241,2.7396132640562443,0.261446873698307,10,3.413913127384668
2670,2010,-1.9216023307825616,1.9538148239482869,0.21398852603099686,14,3.8754171547308482
2670,2011,-1.2971120241105276,1.5954697409684688,0.15970636622808798,12,2.8925817650789964
2670,2012,-1.819412968886269,1.0326987165099477,-0.16250424373476913,12,2.852111685396217
2670,2013,-1.2877375071038488,2.1276892017277604,0.1612569522138054,12,3.4154267088316095
2670,2014,-1.090913698971752,2.028834545406523,0.2290191984844395,12,3.119748244378275
2670,2015,-0.8220254651938499,2.147829766488211,0.1932711027202595,13,2.969855231682061
2670,2016,-2.2591277712022895,1.8750295423774057,0.032930796566235564,12,4.134157313579696
2670,2017,-1.522582680587105,1.2697219636923982,0.033412725379767146,12,2.792304644279503
2670,2018,-1.4041069899847187,2.3552112473483415,0.0024241503390200667,12,3.7593182373330603
2670,2019,-1.5852506511163533,1.5046600183884828,0.05817732414264687,12,3.089910669504836
2670,2020,-1.0345563232301327,1.2886940169875218,0.17987394897014505,13,2.3232503402176548
2670,2021,-1.550915643104118,2.3808864654128334,0.0774503220621151,12,3.931802108516951
2674,2009,-1.2753937832808915,2.6007959080977523,0.02530916537242922,12,3.8761896913786438
2674,2010,-1.6748964802870643,2.144541514853114,-0.020131409517829962,12,3.8194379951401785
2674,2011,-1.4895294772342913,1.9808421172218165,0.33031309942303805,11,3.4703715944561075
2674,2012,-2.5167394981848905,2.4272185496218968,-0.06572406963236377,13,4.943958047806787
2674,2013,-1.217481904917871,2.051689536335763,0.408284617781743,11,3.2691714412536337
2674,2014,-0.7302126773852361,1.5764421660225756,0.27045690839426173,12,2.3066548434078116
2674,2015,-1.100191035049626,2.135551884906,0.16136931638892105,11,3.235742919955626
2674,2016,-1.0421896540845743,2.0407597008365395,0.11014465001434015,13,3.082949354921114
2674,2017,-1.2557691252892556,2.588804081059009,-0.057800249912714735,11,3.8445732063482643
2674,2018,-1.695317284580606,1.2212487645636085,0.0023997159566073595,12,2.9165660491442145
2674,2019,-1.4013753352617895,1.949621631144523,-0.11634842904122608,11,3.3509969664063126
2674,2020,-1.4109890103645137,2.1642862915000776,0.14893729242539647,12,3.5752753018645915
2674,2021,-1.133352584246892,1.3526582457454792,0.04862061583014024,13,2.486010829992371
2678,2009,-2.035216751021542,2.9002068562260153,0.5654885438474659,11,4.935423607247557
2678,2010,-1.1962627674819357,3.11636368827401,0.4601365353571245,12,4.312626455755946
2678,2011,-1.559843096748383,2.5727463755270854,0.3885038572701653,11,4.132589472275468
2678,2012,-1.2563863637488635,2.5950723740748964,0.27383362174788994,13,3.85145873782376
2678,2013,-1.548876254851729,3.0832186700733604,0.2400014274177977,13,4.63209492492509
2678,2014,-1.0617058747757344,2.990830303796166,0.2913368803828849,14,4.0525361785719
2678,2015,-0.5895179757546344,2.7021183313635597,0.6567752442779056,13,3.291636307118194
2678,2016,-2.2730920764924734,2.166825673591889,-0.3254404399418513,11,4.439917750084362
2678,2017,-1.6541679426181308,2.3189152813994496,-0.39681966915812206,12,3.9730832240175804
2678,2018,-1.363629644799678,1.3214298435979523,-0.11749506227639249,11,2.6850594883976306
2678,2019,-1.5259759606651064,2.5623715275683723,-0.025006919818035208,11,4.088347488233479
2678,2020,-0.6107931635439442,1.6436956490858927,0.3710828651578052,13,2.254488812629837
2678,2021,-1.564422900312369,1.8275870661096978,0.04305900301341032,13,3.3920099664220666
2681,2009,-0.8125045008222527,1.3757849100617587,0.030615320485214106,11,2.1882894108840114
2681,2010,-0.9612163882066784,1.0871698337617675,-0.13912140686197114,11,2.048386221968446
2681,2011,-1.8067660422720473,1.3087226585265304,-0.20121955743165956,11,3.1154887007985774
2681,2012,-1.6660011324405721,2.1542082047437234,0.14244447606763502,12,3.820209337184296
2681,2013,-1.2828330586167342,1.8554657116187987,0.09308795079412603,12,3.138298770235533
2681,2014,-0.9893006857601581,1.493483235837541,0.05655364061635424,12,2.482783921597699
2681,2015,-2.0627037273032687,1.8835111770162476,0.04034400672933706,12,3.9462149043195165
2681,2016,-1.2574098208292395,0.9741879112555591,0.10627207609707905,11,2.231597732084799
2681,2017,-1.5126661101152015,1.8159960449537071,-0.12302129529667195,13,3.3286621550689084
2681,2018,-1.375379331844009,1.6275644176212265,0.08627700384937276,12,3.002943749465236
2681,2019,-2.149034688139256,1.2563178588203918,-0.23283329874414707,13,3.405352546959648
2681,2020,-1.6265983429015771,1.6092282012599504,-0.020253967101205052,11,3.2358265441615277
2681,2021,-2.2266161849468813,1.7250669838990715,-0.43645285128045813,12,3.951683168845953
2692,2009,-1.908298486154763,1.6670579055186867,0.10284640986849727,11,3.5753563916734494
2692,2010,-1.0836205606703893,2.344682619909871,0.3737995907873056,10,3.4283031805802606
2692,2011,-1.9807344811637198,2.6834509278582797,0.2148732242196532,11,4.664185409021999
2692,2012,-1.1246221724214605,3.4454989099401105,0.27523703708645725,11,4.570121082361571
2692,2013,-0.7196837772506628,1.624379083341469,0.37413815760644853,11,2.344062860592132
2692,2014,-2.5384534661263918,2.1880349108992014,0.01906613035888319,11,4.726488377025593
2692,2015,-1.7734667179537746,1.4370410710608996,0.15393098656705964,9,3.2105077890146743
2692,2016,-1.8935168690592985,1.7933484677650189,0.08807141467872293,12,3.6868653368243174
2692,2017,-1.1338483846419656,3.2632404602010583,0.6463630887792726,11,4.397088844843024
2692,2018,-1.1657494067691434,2.7550078219235132,0.25092710917363475,11,3.920757228692657
2692,2019,-1.182277595552597,2.5592948243486586,0.22618323611013763,10,3.7415724199012557
2692,2020,-1.4952977878309295,2.85454612870471,-0.03873940063657015,11,4.349843916535639
2692,2021,-1.4393168481116743,1.9961872474140037,0.6139029373473672,12,3.435504095525678
2710,2009,-1.9530493237317033,1.6164091469409891,-0.48054476120710266,10,3.5694584706726924
2710,2010,-1.8436732867915855,1.0290261293689256,-0.2912616745496658,12,2.8726994161605113
2710,2011,-1.7765106615952346,1.430169298138169,-0.3496248914536913,12,3.2066799597334037
2710,2012,-1.8451039462814813,0.8315480457084107,-0.4572798144877311,12,2.676651991989892
2710,2013,-0.6789190617932915,0.8533164060730025,-0.040061270779754535,9,1.5322354678662942
2710,2014,-1.1316975574907915,1.07097665783781,-0.28623290200021334,10,2.202674215328601
2710,2015,-1.1287933704811242,1.6183304555183968,0.03710217252646624,10,2.747123825999521
2710,2016,-1.311442079752256,1.6949932650712605,-0.012420493803614393,12,3.006435344823516
2710,2017,-1.0896397258381516,1.9446026288116056,-0.11796679303823392,13,3.0342423546497574
2710,2018,-2.2005206100941415,1.2131987641693134,-0.24061651043503365,14,3.413719374263455
2710,2019,-2.421023786478933,1.4495910048487912,-0.3000256485018456,12,3.870614791327724
2710,2020,-0.6974098676510062,1.6129318784677993,0.22387348355051317,10,2.3103417461188056
2710,2021,-2.6382498483683343,1.2955891025559,-0.04055069075916485,14,3.933838950924234
2711,2009,-1.458028715689141,1.8695252807026275,-0.32943080296400346,12,3.327553996391768
2711,2010,-1.8436732867915855,2.657791672468993,-0.25611295629805053,13,4.501464959260579
2711,2011,-0.9131372784209895,1.3882348657190156,0.29708251117268125,12,2.301372144140005
2711,2012,-1.3146091987635713,2.5876906962810193,0.2567520704614688,13,3.9022998950445906
2711,2013,-1.6003085187201402,1.3989453186388165,-0.01535004078461372,13,2.999253837358957
2711,2014,-1.9518638708187923,2.055282837215321,0.18619501059483368,13,4.007146708034114
2711,2015,-1.7108306907806394,1.4237078454710892,-0.1009507373435847,14,3.1345385362517284
2711,2016,-1.2843555161886542,1.9940731462525867,0.041583445233132774,10,3.278428662441241
2711,2017,-2.315517902179066,2.2499597252379204,-0.020096681829375285,12,4.565477627416986
2711,2018,-1.3929002241452941,1.993254437395545,-0.08495507727975951,13,3.3861546615408393
2711,2019,-1.44236215103494,1.4533523953838425,-0.1385811935292979,12,2.8957145464187826
2711,2020,-1.1046786364957533,1.7627070992738854,-0.17306560736628032,14,2.8673857357696386
2711,2021,-1.8965675719332833,1.311110167527091,-0.39878684161391376,15,3.207677739460374
2717,2009,-1.65506496893245,1.7648808376529206,0.2696910760311843,13,3.4199458065853703
2717,2010,-0.5812227741377688,1.861802586066899,0.40454409225650195,11,2.443025360204668
2717,2011,-1.1665621871506922,1.5665907181117904,-0.1017503630589563,12,2.7331529052624823
2717,2012,-1.621225428980345,1.4460655751533615,-0.11851381084301617,11,3.0672910041337067
2717,2013,-1.5195408154601167,1.5591641373588305,-0.0846238605841294,11,3.0787049528189474
2717,2014,-1.2462993236945663,1.459543795617621,0.14236951602980008,11,2.7058431193121875
2717,2015,-1.3876287905672615,1.8022780995683767,-0.12960393588750757,10,3.189906890135638
2717,2016,-1.8287511296716865,1.4875444139872824,-0.3157475624345821,12,3.3162955436589687
2717,2017,-1.70093294056686,0.4879220102487944,-0.3638805310392287,15,2.1888549508156543
2717,2018,-2.0931144883041237,6.114428104112047,0.2098185729030175,16,8.207542592416171
2717,2019,-1.9362062141631102,1.4623792947878094,-0.27448300392732644,12,3.3985855089509194
2717,2020,-1.2771872011241459,2.149541178940028,0.5189963413461417,13,3.4267283800641737
2717,2021,-2.6382498483683343,1.428887543206185,-0.06785046688059874,15,4.067137391574519
2724,2009,-0.6904991094991422,0.7837157078089576,-0.017930108481611307,11,1.4742148173080998
2724,2010,-1.7305504809982326,1.4378258868595266,-0.09642302058100184,13,3.1683763678577592
2724,2011,-2.502639797838737,1.5726429695683979,0.08118419696947095,14,4.075282767407135
2724,2012,-1.3013989756930073,1.9969308948408815,0.18990955650797403,13,3.298329870533889
2724,2013,-1.0306739143059827,2.20346667886154,0.2564627368628806,12,3.2341405931675227
2724,2014,-2.057967577028843,2.352571587331632,-0.03861090188056218,12,4.410539164360475
2724,2015,-1.0110599983425232,1.98336702865827,0.14409096701210328,15,2.9944270270007936
2724,2016,-1.5322290687997548,1.8951439564922783,0.1469101342343003,16,3.427373025292033
2724,2017,-1.4375835051136472,2.145038256381839,0.3313228975058611,16,3.582621761495486
2724,2018,-1.7525932429963844,2.109327861168416,0.31991597905470825,13,3.8619211041648005
2724,2019,-2.2130833825019836,1.8261653702370952,-0.3105593933640218,13,4.039248752739079
2724,2020,-1.6984681204139316,1.4058343384098497,-0.05944212060250961,12,3.1043024588237813
2724,2021,-1.558554993492391,1.334236312069885,-0.10394312689372026,13,2.892791305562276
2729,2009,-1.112927125617111,1.1204665562076972,-0.06520770631186809,11,2.233393681824808
2729,2010,-1.1629401672233508,1.3759520475216818,0.010553032063614954,10,2.5388922147450326
2729,2011,-2.025469222593007,1.3672984396408396,-0.24987848170550245,11,3.3927676622338465
2729,2012,-1.240631949568413,1.035943917163383,-0.3001363100937481,12,2.276575866731796
2729,2013,-1.8394234296873158,1.886966742449459,-0.41002309110677154,11,3.7263901721367745
2729,2014,-2.5384534661263918,1.7572338110293029,-0.1559985793483546,12,4.295687277155695
2729,2015,-1.3341257733022092,2.1018165184513466,0.03738629441733905,11,3.435942291753556
2729,2016,-1.9449309021731565,1.882226230758459,0.05746732990373019,12,3.8271571329316156
2729,2017,-1.7047043113691769,2.5730506670282027,0.3328835241762181,11,4.27775497839738
2729,2018,-1.5487436503638579,2.550826239321733,0.3216093324629234,10,4.099569889685591
2729,2019,-1.7536181822593746,3.017241484288621,-0.21217280403862723,11,4.770859666547995
2729,2020,-1.8369216731561364,3.232714046852846,-0.09140585785608447,12,5.069635720008982
2729,2021,-2.0379507558787147,1.0610722902231584,-0.5116350101188204,11,3.0990230461018733
2736,2009,-2.4523744588007226,1.1649259131815277,-0.5236154556563872,14,3.6173003719822505
2736,2010,-2.1294131147584987,0.8394309615102454,-0.40710172779851217,13,2.968844076268744
2737,2009,-1.5535892156764881,0.7463824773899935,-0.16625181542413578,12,2.2999716930664817
2737,2010,-1.535074272587319,1.471853312097226,-0.056802247086310854,14,3.006927584684545
2737,2011,-1.8067660422720473,0.9212737449752597,-0.16680919904022676,11,2.7280397872473072
2737,2012,-1.4696768941918834,1.3609353733016434,-0.28627419823539585,12,2.830612267493527
2737,2013,-1.5927575215317034,0.9002032246497782,-0.13425512231524594,10,2.4929607461814816
2737,2014,-2.177026027424696,1.6327910340818106,0.10174586226339598,13,3.8098170615065063
2737,2015,-1.9714773845011055,2.236402346206232,0.19144246733216774,12,4.2078797307073375
2737,2016,-2.109124104698058,2.0920473430869886,0.19683026221864078,14,4.201171447785047
2737,2017,-2.248475639130434,2.451147678307603,0.12631648994939929,14,4.6996233174380375
2737,2018,-1.5182825040227443,2.30291413515311,0.2564444799933634,16,3.821196639175854
2737,2019,-1.1082869752853206,4.115537608100832,1.1402654122045637,12,5.223824583386152
2737,2020,-1.140768103467734,3.102489165675027,0.596766612716778,12,4.243257269142761
2737,2021,-0.8373525708994759,2.6751846845718545,0.7255028683500635,12,3.5125372554713303
2739,2009,-1.6234642879315733,2.789471003357499,0.3553127034061273,10,4.412935291289072
2739,2010,-1.2872085309087675,1.8742157778067225,-0.04595393990348528,11,3.16142430871549
2739,2011,-1.1108922867053572,1.617385896360791,-0.03568438300466531,12,2.7282781830661484
2739,2012,-1.679398587019223,1.1398617473973265,-0.24984149971676534,13,2.8192603344165494
2739,2013,-1.5427998692470224,1.3875507741760051,-0.16890843023779387,11,2.9303506434230275
2739,2014,-1.9815266401269607,2.2878848717863978,0.0849364137255351,12,4.269411511913359
2739,2015,-2.311907395445763,1.987398664818372,-0.18729345743977013,13,4.299306060264135
2739,2016,-0.7703776683210397,1.6988963646117257,0.4947386003192267,12,2.4692740329327654
2739,2017,-0.6188861737407667,2.110450067383789,0.5305704356780825,11,2.729336241124556
2739,2018,-1.0917594094371579,1.660141518184485,0.29040179507891656,12,2.7519009276216426
2739,2019,-1.3538513787778321,1.570231630045278,0.4614961325669477,12,2.9240830088231102
2739,2020,-1.1679486685321192,1.9978492370885392,0.48130914975023953,11,3.1657979056206584
2739,2021,-1.462153667164182,1.7468510334409626,-0.030153237473473312,12,3.2090047006051448
2747,2009,-1.7658023980808213,2.4173325285734246,-0.0310835844913368,11,4.183134926654246
2747,2010,-0.7003581345404122,2.2485442127829502,0.21426361834728078,11,2.9489023473233624
2747,2011,-1.719781822826211,2.844806977332898,0.03950313573754161,13,4.564588800159109
2747,2012,-2.3276865280194867,0.7898014764159318,-0.516631008974241,10,3.1174880044354185
2747,2013,-2.0849147382802826,1.7915664029222833,-0.5277431351907003,13,3.876481141202566
2747,2014,-1.9550063150793686,1.6508126124805504,-0.29210121916531145,14,3.605818927559919
2747,2015,-1.2629727945145688,1.4507658789671978,0.048205098336603996,10,2.7137386734817666
2747,2016,-1.2109135358029692,1.2931731602054803,0.07487633867173726,13,2.5040866960084496
2747,2017,-2.563822580136962,2.207573443075021,-0.21715730381650708,13,4.771396023211983
2747,2018,-1.7039627122660064,2.6568537918211574,-0.0728441270136198,13,4.360816504087164
2747,2019,-2.23742423246584,2.674825310458682,-0.010398725357021021,14,4.912249542924522
2747,2020,-2.0757844523537923,1.9361971323330762,-0.09358389688592451,11,4.011981584686868
2747,2021,-1.5257264337157577,1.6128032575114022,0.1063979863219375,13,3.13852969122716
2750,2009,-1.7273543626805066,0.8036415261285076,-0.09319191652774415,12,2.5309958888090143
2750,2010,-1.2083223751945666,1.0114071033639689,-0.010083377420162775,12,2.2197294785585355
2750,2011,-1.549237959503272,1.7661857578617512,-0.2018110758873905,11,3.3154237173650234
2750,2012,-1.91621829883596,1.1231065585057398,-0.40067788139472466,12,3.0393248573416995
2750,2013,-1.8944083077647917,1.4234041710632872,0.007331660616461677,12,3.317812478828079
2750,2014,-1.6553983185957621,1.4867708692220611,-0.06852226660662544,14,3.1421691878178235
2750,2015,-2.019773683631662,1.4755383254472956,-0.09701820739077542,13,3.495312009078958
2750,2016,-1.3092005874776622,1.5687156347371327,-0.010582973515953543,15,2.877916222214795
2750,2017,-1.6563493686073845,2.403300221209389,0.0848829674307178,11,4.0596495898167735
2750,2018,-1.8098692014121631,1.1088476424668003,-0.15854179832348347,11,2.9187168438789635
2750,2019,-2.0767746227043844,3.0354529590379506,0.16711927527523196,11,5.112227581742335
2750,2020,-1.8961100085729063,3.4775379715815946,0.6226243537728716,12,5.373647980154501
2750,2021,-1.1563686600511023,2.2353950093515436,0.4977530019371866,11,3.391763669402646
2751,2009,-1.2109016914715858,1.5366961218376929,0.033927586545191624,10,2.7475978133092784
2751,2010,-0.8553508114752769,2.239411527665557,0.33018767534664994,12,3.094762339140834
2751,2011,-0.9130293875321778,1.5931188351495302,0.1037517994679658,11,2.5061482226817082
2751,2012,-1.5714746473578702,1.7121927739085196,-0.328211165592761,13,3.28366742126639
2751,2013,-1.0306739143059827,1.5228196790598725,-0.15686499110065363,12,2.553493593365855
2751,2014,-1.9101257649988284,1.2213900849246202,-0.3151221581823551,11,3.1315158499234483
2751,2015,-2.1459101718371096,1.3860230065041996,-0.2553538396299497,12,3.5319331783413093
2751,2016,-1.2720005205437708,2.8026536103834943,0.019737943873477257,11,4.074654130927265
2751,2017,-1.5783633894915614,2.241863515521034,0.0405607395007962,13,3.8202269050125954
2751,2018,-2.6117326192330657,2.262181434924074,-0.23990803251107,13,4.87391405415714
2751,2019,-1.622054540837212,2.1109041483747504,-0.3642057937084494,14,3.732958689211962
2751,2020,-2.098243757826403,1.1495371580932796,-0.36587837906989673,12,3.247780915919683
2751,2021,-0.259922015266604,1.6710400655750055,0.42343626547058943,11,1.9309620808416095
2752,2009,-1.793265280509617,1.3961474598961336,0.23389746889342952,12,3.189412740405751
2752,2010,-1.0147916370693826,2.723430694130315,0.4449667504277936,11,3.7382223311996974
2752,2011,-1.6236413697544971,1.7882039131962606,-0.09816986413661143,11,3.4118452829507575
2752,2012,-1.8361488055894357,1.5425173391677112,0.021839362604881486,11,3.3786661447571467
2752,2013,-2.0702929988970022,1.25288130996445,-0.005975259596776894,10,3.3231743088614523
2752,2014,-1.102819870216747,1.3959251557673675,0.059905952639828536,11,2.498745025984115
2752,2015,-1.2194764505913824,1.6549531728690656,0.24073076804998908,12,2.874429623460448
2752,2016,-1.1092259589423974,1.6532256905846607,0.504556953617501,11,2.7624516495270584
2752,2017,-2.1000770786567733,1.589184009011512,-0.06413633684368066,11,3.689261087668285
2752,2018,-1.6590236079607064,2.7340234995729498,0.5565410827399424,10,4.393047107533656
2752,2019,-2.108120888023693,1.3481741257178623,-0.14788777826823943,10,3.4562950137415553
2752,2020,-1.5726960097673113,1.5025157577004122,-0.2563167054520094,11,3.0752117674677235
2752,2021,-0.9267980577988509,2.5613332685342343,0.5446451180921034,12,3.488131326333085
2754,2009,-2.0276907099018144,1.0933208074240615,-0.14499738952973773,12,3.1210115173258757
2754,2010,-1.3389552729061032,1.2458680521924383,-0.06977503130269964,11,2.5848233250985415
2754,2011,-1.4063470656051809,1.522190271625249,0.16909000485867298,12,2.9285373372304297
2754,2012,-1.7227170234901936,1.5910889406732174,-0.4090472876058037,14,3.3138059641634108
2754,2013,-1.5397327412751227,1.6394393522671655,0.05160697353031674,12,3.179172093542288
2754,2014,-2.158534391026005,2.231027183014855,-0.024301576347640606,14,4.38956157404086
2754,2015,-1.0433485055573588,1.3648258989218154,0.15338858144865622,11,2.4081744044791744
2754,2016,-1.9738030468947525,2.301036886174017,0.05184119140366387,12,4.27483993306877
2754,2017,-2.563822580136962,2.427532608100828,-0.0833186505177423,12,4.99135518823779
2754,2018,-0.9278194418091708,2.07448216023974,0.16522490681174193,13,3.0023016020489104
2754,2019,-0.849830294327938,1.5474805735140642,0.19475180533561448,14,2.3973108678420023
2754,2020,-1.240917855820192,1.7855283954604388,0.10203573206088955,12,3.026446251280631
2754,2021,-1.1641563239536703,1.488102203447695,-0.033867195296495886,15,2.652258527401365
2755,2009,-1.6799808904908333,0.5966542203018323,-0.41234245550645476,12,2.2766351107926655
2755,2010,-1.4660171505276232,1.2928148757572302,-0.322634272102758,13,2.7588320262848534
2755,2011,-1.8014540288707748,1.3942532333347273,-0.18229563077695582,13,3.1957072622055023
2755,2012,-1.3790255160517702,2.922968282780791,-0.3855624910063096,11,4.3019937988325605
2755,2013,-1.4257077484374423,0.92326843918398,-0.4741530049067825,14,2.3489761876214224
2755,2014,-1.0201895042939897,1.2337975686430884,-0.13442419851855178,12,2.253987072937078
2755,2015,-1.834637870297861,1.0931857949814638,-0.5001431809097585,13,2.927823665279325
2755,2016,-1.9313773117444488,3.8131401397186386,0.02407934820096577,14,5.7445174514630875
2755,2017,-1.5038328624679598,1.5867718926125127,-0.13206587520252905,15,3.0906047550804727
2755,2018,-1.3114135633072779,1.1950937077954606,-0.021035828014638852,12,2.5065072711027385
2755,2019,-1.0486171202310655,0.8184991953673282,0.042400360323857515,13,1.8671163155983936
2755,2020,-1.5973035966329543,1.7635747147535632,0.20668312141423403,13,3.3608783113865175
2755,2021,-1.7027187951377585,1.3905051553309964,-0.017972261417870648,13,3.093223950468755
2771,2020,-1.5291595099280966,0.6241786860667468,-0.20177185312431417,10,2.153338195994843
2771,2021,-1.180661794285811,1.64014728325622,0.006541042661944596,10,2.820809077542031
2803,2009,-1.6284879859368406,1.6215895571266403,-0.23054342927511692,11,3.250077543063481
2803,2010,-1.5692275231711903,1.2986466681516415,-0.3229447889597898,14,2.867874191322832
2803,2011,-2.502639797838737,1.487937208194191,-0.30644913212986047,14,3.990577006032928
2803,2012,-1.6270784621124006,1.906404814009778,-0.28546512437596694,11,3.533483276122179
2803,2013,-1.8296199242936573,1.998691721235788,0.12709364411433083,11,3.8283116455294453
2803,2014,-1.9040254960558423,1.706941598057824,-0.1235822531188619,13,3.6109670941136662
2803,2015,-1.6977983560946162,1.6192007219208064,0.04934897153193907,11,3.3169990780154226
2803,2016,-1.9692971899754161,0.8408115442091392,-0.5673106704867794,14,2.8101087341845554
2803,2017,-1.7754552276206417,1.913690218596779,-0.15434570247414298,13,3.6891454462174207
2803,2018,-1.2922105392746188,1.4219819369451043,-0.08244134315688963,12,2.714192476219723
2803,2019,-1.8839950909906371,1.6249751481563834,-0.31355790525840915,12,3.5089702391470206
2803,2020,-1.6092104935034268,1.4718933895846973,-0.10717863081688318,12,3.081103883088124
2803,2021,-0.9448202203686844,1.6570579438555268,0.6347107088461829,11,2.6018781642242113
2856,2019,-0.8304610896505404,2.2173329363063545,0.13891073040973714,12,3.047794025956895
2856,2020,-0.8548430342074156,2.0099449325351815,0.4634851033553477,12,2.864787966742597
2856,2021,-1.7716526622179063,3.5362551029534663,0.38790441967243483,12,5.307907765171373
2870,2009,-2.040431222368782,1.3637058957662433,-0.18288311088608267,12,3.4041371181350253
2870,2010,-2.1791069978831787,1.8470668800764152,0.09623947674494653,12,4.026173877959594
2870,2011,-1.3760988107493233,1.988112246901464,0.3474310901415399,12,3.3642110576507873
2870,2012,-1.180610531126329,3.0988411904600377,0.1989398708212807,11,4.2794517215863666
2870,2013,-1.3238819360561949,2.401731177814032,0.23789509608286394,10,3.7256131138702266
2870,2014,-0.6665605231838593,2.109371625157055,0.41640752809060927,12,2.7759321483409143
2870,2015,-0.6523444675818266,2.4239369817500203,0.2840159185715811,11,3.076281449331847
2870,2016,-1.2998575772405045,1.8400653529531386,0.5214575805585051,11,3.1399229301936433
2870,2017,-1.0896397258381516,1.9556971562712544,0.48146404152607225,12,3.045336882109406
2870,2018,-1.4013727432769867,3.218580340751273,0.5906905875768079,12,4.61995308402826
2870,2019,-1.9362062141631102,2.0225602470707007,0.2035856924816038,11,3.958766461233811
2870,2020,-1.3437139609946478,1.2034493818006113,-0.10650917066216005,11,2.547163342795259
2870,2021,-1.8933889336057044,1.2986567274317198,-0.011982093902389539,11,3.192045661037424
2885,2009,-1.6027415336598445,0.6656489329769516,-0.65976787025521,10,2.268390466636796
2885,2010,-1.7389629938797666,1.4184169457656917,-0.5229426510607988,12,3.157379939645458
2885,2011,-1.2363777180370552,1.5707675518199364,-0.08653775713838942,13,2.8071452698569916
2885,2012,-1.7769670062333094,1.907100003685565,-0.23712681427690818,15,3.6840670099188744
2885,2013,-0.9114351426593573,1.76310483535269,0.1666818442187887,11,2.674539978012047
2885,2014,-1.0386316936608804,1.6247779888472693,0.1927465206288932,12,2.6634096825081497
2885,2015,-1.4609221310190725,1.5574578512773345,0.1428227361099707,11,3.0183799822964072
2885,2016,-2.636164014037249,1.44839528334148,-0.13907224118256067,12,4.084559297378729
2885,2017,-1.3110397888188925,2.1905376376843018,0.10730921291045545,13,3.5015774265031943
2885,2018,-0.8328547298692891,1.3027404096990811,0.33687493300096677,13,2.13559513956837
2885,2019,-1.1223269411804397,1.2332972446811994,-0.0955885953798397,12,2.355624185861639
2885,2020,-1.0290626104592222,1.74731943449323,-0.13145844118136377,11,2.7763820449524523
2885,2021,-1.4407701002331974,1.4004200568987553,-0.010869227121514719,12,2.841190157131953
2908,2009,-1.4114426248060332,1.1506038973562336,-0.2327196418419003,11,2.562046522162267
2908,2010,-1.2654631424045768,1.3402563238371792,-0.21048205560592648,11,2.605719466241756
2908,2011,-1.127989921977266,1.4264639835923996,-0.22129122553073388,11,2.5544539055696656
2908,2012,-1.388209013013856,2.191802545885149,0.21854264327490078,12,3.580011558899005
2908,2013,-1.8401274483526238,2.2080308032508427,0.1631769408663274,11,4.048158251603466
2908,2014,-1.2160701349861898,1.63366503049891,0.19581879409911496,11,2.8497351654850998
2908,2015,-1.1866292617155532,2.531703068632373,0.3447032725218075,13,3.718332330347926
2908,2016,-0.9109375695500098,1.727993092388238,0.25645416092590007,12,2.638930661938248
2908,2017,-1.5126661101152015,3.0423452599790948,0.039782228071126635,11,4.555011370094296
2908,2018,-0.809792354466993,2.0689559635658337,0.16537648487515483,10,2.8787483180328266
2908,2019,-1.3772904202020446,1.8607314066469474,-0.08891442060352528,13,3.2380218268489918
2908,2020,-0.95552783867975,1.2930196042662283,0.01518110853686997,13,2.2485474429459784
2908,2021,-1.5368264405739693,0.8312338861839155,-0.17545851652421438,12,2.3680603267578846
2916,2014,-1.4730282337796539,2.5799380309268805,0.15586729384380751,13,4.0529662647065345
2916,2015,-1.8362107382772084,2.4288721526065986,-0.044647095722696865,11,4.265082890883807
2916,2016,-1.5988156210521751,1.740593589242241,-0.09376536317942784,11,3.3394092102944164
2916,2017,-1.5654534437625824,1.5426609268276552,-0.057643284093923,12,3.1081143705902377
2916,2018,-2.2776228618076897,1.3072845354321552,-0.11978587974696807,13,3.584907397239845
2916,2019,-1.5305659495154338,1.8361413399458724,-0.1160915388126075,11,3.3667072894613064
2916,2020,-1.8038898364996927,0.9388158247073871,-0.07992691563627079,12,2.7427056612070797
2916,2021,-1.480530169995497,1.9530487051786456,-0.13175214653018402,14,3.4335788751741427
2934,2009,-1.225309499216218,1.4592527120663723,-0.08791962627268715,13,2.68456221128259
2934,2010,-1.260435915448594,1.2221964164261436,-0.09922499126051738,11,2.4826323318747376
2934,2011,-1.1523485955476278,2.9114109597570494,0.03314147486697869,13,4.063759555304677
2934,2012,-1.09884222194436,1.892196557862307,0.4117097164974366,12,2.991038779806667
2934,2013,-1.660884296165158,1.6901022247662556,-0.2025153370240721,13,3.3509865209314134
2934,2014,-0.7881120129853225,4.525987714118645,0.41986637141934974,13,5.314099727103967
2934,2015,-0.7195671308478565,1.4911312418584608,0.06734584839238522,10,2.210698372706317
2934,2016,-1.4973056576635553,1.659561569025757,0.07675367292482489,10,3.1568672266893123
2934,2017,-1.798988581427099,2.175177823413025,-0.15816552501558723,12,3.974166404840124
2934,2018,-1.5658238133797147,2.428551721355463,0.10034348270887414,11,3.9943755347351777
2934,2019,-1.4817760680323249,1.3355638036155948,-0.27450614782551114,14,2.8173398716479197
2934,2020,-0.9768585358371542,1.2093994117762727,0.001942831665792031,11,2.186257947613427
2934,2021,-1.061540877670565,1.846474889297305,0.08106531268226042,13,2.9080157669678703
3084,2009,-1.5369450445075206,2.6196501788710678,-0.06687152252801519,11,4.156595223378588
3084,2010,-2.5450346827103725,1.0271725556669862,-0.4287146361721048,11,3.5722072383773584
3084,2011,-1.4731279402880177,2.165901792491749,0.07151202366233525,10,3.6390297327797665
3084,2012,-1.4475054865936707,1.6140590903779228,-0.13442262669798202,12,3.061564576971594
3084,2013,-2.003478428205192,1.298503586267651,-0.04936342838180409,10,3.301982014472843
3084,2014,-1.658794684547803,0.9155970470423231,-0.22350543656402463,10,2.574391731590126
3084,2015,-1.7275769032269284,0.8160568479704305,-0.4014639851131205,13,2.543633751197359
3084,2016,-1.4259242222213295,1.5040708127976954,0.2014874816143038,13,2.929995035019025
3084,2017,-0.7720785971453248,0.98383050618648,0.2261247757033976,12,1.7559091033318048
3084,2018,-1.466213450917491,2.254583488917702,0.07931865267607549,14,3.7207969398351928
3084,2019,-2.566092700142948,2.192982447367537,0.31165587895172525,11,4.759075147510485
3084,2020,-2.2457467640384143,1.340564571950172,-0.10421136049818362,10,3.5863113359885865
3084,2021,-1.582778916518454,1.5629597061392821,0.021428617074976303,12,3.145738622657736
3101,2021,-1.7094354283404398,1.5406926662144809,0.08407151467459471,15,3.2501280945549205
3246,2021,-2.6382498483683343,3.372456240346313,-0.9509797214060483,18,6.010706088714647
111946,2021,-2.110514382443394,0.5608596010483956,-0.9546807222691278,12,2.67137398349179
112358,2009,-0.8821872347327864,1.5045744943970396,0.20601954388988353,12,2.3867617291298258
112358,2010,-0.9556835365939794,1.570513718987237,0.09716231020647882,11,2.5261972555812164
112358,2011,-1.5748081237498173,2.25156970019289,0.6203136016281822,13,3.826377823942707
112358,2012,-0.3827803867860987,2.9976618996826936,0.7342676392106764,12,3.380442286468792
112358,2013,-1.0955103733449927,2.9719723246734473,0.6400353695027113,12,4.0674826980184395
112358,2014,-0.5007056996788608,1.9309718796300492,0.4911212090868671,11,2.43167757930891
112358,2015,-1.007309313161002,1.0775479671923243,0.10008109956335982,12,2.0848572803533263
112358,2016,-1.876246005222602,1.4683589162709947,-0.15419429869601112,11,3.3446049214935964
112358,2017,-1.557396172669319,3.2632404602010583,0.0612330764145453,14,4.820636632870377
112358,2018,-1.1593779594043905,2.3859925022548496,0.18759489502400709,11,3.54537046165924
112358,2019,-1.8839950909906371,2.356766720330085,0.18999603192977957,12,4.240761811320722
112358,2020,-2.241574961842519,1.979281873666551,0.009771971165939025,11,4.220856835509069
112358,2021,-2.6382498483683343,1.6432909317009632,-0.1076774198920441,9,4.281540780069298
