team_id,eligible_n,k_j,omitted_n,all_a_min,all_a_max,all_a_mean,all_width,high_a_min,high_a_max,high_a_mean,high_width,high_minutes_sum,eligible_minutes_sum,high_minute_share_of_team_minutes,width_change_high_minus_all,random_width_mean,random_width_median,random_width_p025,random_width_p975,omit_original_min_player,omit_original_max_player,high_equals_all
2,13,10,3,-1.8496253701866177,2.243036137500527,-0.3409615059424713,4.092661507687144,-1.4387830981697567,2.243036137500527,0.03957117565453187,3.6818192356702837,6745.0,7061.0,0.9552471321342586,-0.41084227201686074,3.894823925861047,4.092661507687144,2.7529808567332457,4.092661507687144,True,False,False
5,12,10,2,-1.7574845373708654,1.38671351728778,0.11792077574809413,3.1441980546586454,-0.5440738665382604,1.38671351728778,0.2858335787829209,1.9307873838260403,7308.0,7391.0,0.9887701258287106,-1.2134106708326051,2.8848853758647035,3.1441980546586454,1.9307873838260403,3.1441980546586454,True,False,False
6,11,10,1,-1.3281660393313075,1.5376747548146026,0.2185236315431807,2.8658407941459103,-1.3281660393313075,1.5376747548146026,0.15236388378717108,2.8658407941459103,6635.0,6660.0,0.9962462462462462,0.0,2.7811375669465828,2.8658407941459103,2.2946881849021725,2.8658407941459103,False,False,False
8,13,10,3,-1.454311474557746,2.4469285140207453,0.08181870063887346,3.9012399885784914,-0.9547937401456,2.4469285140207453,0.4972295665009404,3.401722254166345,7044.0,7250.0,0.9715862068965517,-0.4995177344121462,3.740963057899783,3.9012399885784914,3.192732629678698,3.9012399885784914,True,False,False
9,13,10,3,-0.5011148109673437,1.9135458101706069,0.37075954761841134,2.4146606211379504,-0.3400026824075741,1.1996781203455582,0.28461170916297485,1.5396808027531323,6606.0,6917.0,0.9550383114066792,-0.8749798183848181,2.1897427898833337,2.4146606211379504,1.5396808027531323,2.4146606211379504,True,True,False
12,13,10,3,-2.515417194403665,1.5915821874976548,0.2209618420417167,4.1069993819013195,-0.5321824330633275,1.5915821874976548,0.6066774175843344,2.123764620560982,7506.0,7613.0,0.9859450939182977,-1.9832347613403374,3.845491477814841,4.1069993819013195,2.5935211730792056,4.1069993819013195,True,False,False
13,11,10,1,-2.1617152877883585,1.4013915690756116,-0.36594918472239774,3.5631068568639703,-1.7828772050684114,1.4013915690756116,-0.18637257441580163,3.184268774144023,5774.0,5822.0,0.9917554105118516,-0.37883808271994734,3.4983885439198548,3.5631068568639703,3.184268774144023,3.5631068568639703,True,False,False
16,11,10,1,-0.8336647327610759,1.88328310155947,0.05635377966992994,2.7169478343205458,-0.8336647327610759,1.88328310155947,0.14375396190194234,2.7169478343205458,6539.0,6564.0,0.9961913467397928,0.0,2.6278549748334545,2.7169478343205458,1.9172051872357363,2.7169478343205458,False,False,False
21,12,10,2,-1.265122082647233,1.031231452453062,-0.06443443009597095,2.2963535351002946,-1.1713499492655006,1.031231452453062,0.09700031337950818,2.2025814017185628,6930.0,7234.0,0.9579762233895494,-0.09377213338173185,2.2401318548321503,2.2963535351002946,2.0251705469309496,2.2963535351002946,True,False,False
23,15,10,5,-1.9399022277075737,1.161778664232885,-0.5553879610201709,3.1016808919404584,-1.668649537668767,1.161778664232885,-0.26943744053602553,2.830428201901652,5519.0,6024.0,0.9161686586985391,-0.2712526900388066,2.942345681256415,3.0792693726124716,2.361430519957901,3.1016808919404584,True,False,False
24,12,10,2,-1.7664013921594863,2.0472586254534733,-0.20348842336701303,3.8136600176129596,-1.7664013921594863,2.0472586254534733,0.023337288685264225,3.8136600176129596,7379.0,7505.0,0.9832111925383078,0.0,3.652839251742318,3.8136600176129596,2.9192586502731017,3.8136600176129596,False,False,False
25,10,10,0,-1.2226995661649815,1.6550610355133977,-0.07005207072038237,2.8777606016783794,-1.2226995661649815,1.6550610355133977,-0.07005207072038237,2.8777606016783794,6606.0,6606.0,1.0,0.0,2.8777606016783803,2.8777606016783794,2.8777606016783794,2.8777606016783794,False,False,True
26,11,10,1,-1.5359349914689704,1.5207114004728488,-0.20887082603072915,3.056646391941819,-1.5359349914689704,1.5207114004728488,-0.11969695183955811,3.056646391941819,7203.0,7227.0,0.9966791199667911,0.0,3.0510354554515713,3.056646391941819,2.9914337128610127,3.056646391941819,False,False,False
27,13,10,3,-2.515417194403665,1.4943093870572035,-0.2613228119717575,4.0097265814608685,-0.8651750173493583,1.4943093870572035,-0.008021411870808667,2.3594844044065617,6129.0,6269.0,0.9776678896155687,-1.6502421770543068,3.6035693627592638,4.0097265814608685,2.3594844044065617,4.0097265814608685,True,False,False
30,11,10,1,-2.0256760929363176,1.2174011414828725,0.02343917894734571,3.2430772344191903,-1.029869186619378,1.2174011414828725,0.22835070613571204,2.2472703281022506,6374.0,6478.0,0.9839456622414325,-0.9958069063169397,3.1608716421857057,3.2430772344191903,2.2472703281022506,3.2430772344191903,True,False,False
36,11,10,1,-1.229228443075278,1.903901502120445,0.08159187267562294,3.133129945195723,-1.0847128530383807,1.903901502120445,0.212673904250713,2.988614355158826,6782.0,6815.0,0.9951577402787968,-0.14451559003689685,3.0014124440405796,3.133129945195723,1.9749220826848781,3.133129945195723,True,False,False
38,11,10,1,-0.9043142689831596,2.304290322847384,0.2361427505955424,3.2086045918305435,-0.9043142689831596,2.304290322847384,0.30846791723111033,3.2086045918305435,6766.0,6879.0,0.9835731937781654,0.0,3.1123180311401892,3.2086045918305435,2.3687050612335163,3.2086045918305435,False,False,False
41,11,10,1,-1.6928546208796966,1.617310346048863,-0.13026559436083257,3.3101649669285598,-1.6928546208796966,1.617310346048863,-0.14641580711956997,3.3101649669285598,6989.0,7009.0,0.9971465258952775,0.0,3.250111129244638,3.3101649669285598,2.740002671401727,3.3101649669285598,False,False,False
42,12,10,2,-1.5536267882379058,1.4312538736339768,-0.2629440482903109,2.9848806618718826,-1.5536267882379058,1.4312538736339768,-0.0528603390527807,2.9848806618718826,5983.0,6068.0,0.9859920896506262,0.0,2.878989688326426,2.9848806618718826,2.395965278290942,2.9848806618718826,False,False,False
43,14,10,4,-1.9090710687774255,1.3651980096042684,0.09440199247927197,3.274269078381694,-0.742062429729663,1.2639792738921591,0.19761456721346188,2.006041703621822,6351.0,6497.0,0.9775280898876404,-1.268227374759872,2.9118956943934267,3.274269078381694,1.9216507981385438,3.274269078381694,True,True,False
44,11,10,1,-1.2774605212500925,0.646176540948271,-0.3236174945405681,1.9236370621983636,-1.2774605212500925,0.646176540948271,-0.359102897317279,1.9236370621983636,6642.0,6682.0,0.9940137683328345,0.0,1.9037369202818133,1.9236370621983636,1.5916585797688787,1.9236370621983636,False,False,False
45,12,10,2,-1.5722121100961814,0.8049714357194284,-0.0778249260969276,2.37718354581561,-1.5722121100961814,0.8049714357194284,0.07356687096726536,2.37718354581561,6973.0,7075.0,0.9855830388692579,0.0,2.2907189257251606,2.37718354581561,1.8045233160574945,2.37718354581561,False,False,False
46,12,10,2,-2.0909749064652976,1.9358977898835008,0.057182901081654296,4.026872696348798,-0.558234475124425,1.9358977898835008,0.33241589118158044,2.494132265007926,6589.0,6678.0,0.9866726564839773,-1.5327404313408723,3.722012185893971,4.026872696348798,2.494132265007926,4.026872696348798,True,False,False
47,15,10,5,-1.9587715708779367,1.8557701170110388,-0.2779754574195259,3.8145416878889753,-1.364127082455109,1.8557701170110388,-0.09149313473762614,3.219897199466148,6075.0,6497.0,0.9350469447437278,-0.5946444884228272,3.5642139725863693,3.7224256058937346,3.1183322972137324,3.8145416878889753,True,False,False
48,11,10,1,-1.787001386720658,1.0611015770566925,-0.15477558233106303,2.8481029637773503,-1.787001386720658,1.0611015770566925,-0.06551100943331344,2.8481029637773503,5924.0,6057.0,0.978041934951296,0.0,2.7971847482069228,2.8481029637773503,2.3304496692559753,2.8481029637773503,False,False,False
50,11,10,1,-1.649208443509037,1.9640677671193385,-0.5765312744798513,3.6132762106283756,-1.481519313528154,1.9640677671193385,-0.46926355757693267,3.4455870806474924,5594.0,5790.0,0.9661485319516407,-0.16768912998088314,3.5187129874165635,3.6132762106283756,2.3446525620631107,3.6132762106283756,True,False,False
52,12,10,2,-1.4177216221492657,1.9287432322451268,0.09091494931755588,3.3464648543943927,-1.272101401452891,1.1248445904371105,0.05799577817148092,2.396945991890002,6360.0,6646.0,0.9569665964489918,-0.9495188625043909,3.19617405043817,3.3464648543943927,2.4661155967207797,3.3464648543943927,True,True,False
55,12,10,2,-1.5048403183599326,1.435820257604944,-0.2231579517428309,2.9406605759648765,-1.5048403183599326,1.435820257604944,-0.08893005310947887,2.9406605759648765,5983.0,6265.0,0.9549880287310455,0.0,2.8716973888247828,2.9406605759648765,2.61440242449505,2.9406605759648765,False,False,False
56,11,10,1,-1.3766695926178003,1.6036022817254945,-0.0018584695994302266,2.9802718743432948,-0.9582916410203044,1.6036022817254945,0.13562264270240676,2.561893922745799,6117.0,6199.0,0.986772060009679,-0.4183779515974959,2.906990430287724,2.9802718743432948,2.3864814008133566,2.9802718743432948,True,False,False
57,11,10,1,-2.515417194403665,1.46847844941682,-0.03944335216288181,3.983895643820485,-1.045976517120368,1.46847844941682,0.20815403206119645,2.514454966537188,6616.0,6640.0,0.9963855421686747,-1.469440677283297,3.780306639268945,3.983895643820485,2.514454966537188,3.983895643820485,True,False,False
58,11,10,1,-1.4888591026457525,1.398330263213728,-0.11662007407669565,2.8871893658594807,-1.4888591026457525,1.398330263213728,-0.062433863017034595,2.8871893658594807,6443.0,6475.0,0.9950579150579151,0.0,2.7957719714988376,2.8871893658594807,2.1282706744080233,2.8871893658594807,False,False,False
59,12,10,2,-1.568001373112666,1.244992549611698,-0.19046230199430056,2.812993922724364,-1.568001373112666,1.244992549611698,0.007914718307799417,2.812993922724364,6129.0,6275.0,0.9767330677290836,0.0,2.7891395650194646,2.812993922724364,2.732370820713644,2.812993922724364,False,False,False
61,12,10,2,-2.515417194403665,1.067719910402003,-0.2525349786555035,3.583137104805668,-1.2960249859619457,1.067719910402003,0.015501339303534211,2.363744896363949,6554.0,6742.0,0.9721150993770394,-1.219392208441719,3.3380079423792677,3.583137104805668,2.360743315543169,3.583137104805668,True,False,False
62,12,10,2,-0.8176480426501941,1.8670356973176927,0.29094926148360095,2.6846837399678867,-0.8176480426501941,1.8670356973176927,0.5005417997978353,2.6846837399678867,6976.0,7048.0,0.9897843359818388,0.0,2.6433722894791014,2.6846837399678867,2.401234528336547,2.6846837399678867,True,False,False
66,13,10,3,-0.9160694427518448,1.716820738914796,0.34953371873189215,2.6328901816666406,-0.9160694427518448,1.716820738914796,0.5830832229876259,2.6328901816666406,6692.0,6792.0,0.9852767962308598,0.0,2.473289719834508,2.6328901816666406,1.8386972905588168,2.6328901816666406,False,False,False
68,14,10,4,-1.8401680999562624,2.7614328718571226,0.20369120442591876,4.601600971813385,-0.7203236963713328,2.7614328718571226,0.32592806141087527,3.4817565682284553,6348.0,6906.0,0.9192006950477846,-1.1198444035849295,3.7724136591627833,3.4817565682284553,2.0303574548268917,4.601600971813385,True,False,False
70,13,10,3,-2.1205871591121603,2.0101238127133505,0.09628365834138819,4.130710971825511,-0.883741245638164,2.0101238127133505,0.42266119491663173,2.8938650583515146,5870.0,6101.0,0.962137354532044,-1.2368459134739966,3.768136469068905,4.130710971825511,2.433235894221738,4.130710971825511,True,False,False
71,12,10,2,-1.4188625084159,1.306865977265541,-0.25955863007752383,2.725728485681441,-1.4188625084159,1.306865977265541,-0.14732090926757097,2.725728485681441,6303.0,6689.0,0.9422933173867544,0.0,2.548062698333868,2.725728485681441,1.853381450123471,2.725728485681441,False,False,False
77,12,10,2,-1.146248523634737,0.8584704929278872,-0.1420891482936637,2.0047190165626243,-0.8765983604194119,0.8584704929278872,0.013755756163571919,1.735068853347299,6297.0,6522.0,0.9655013799448022,-0.2696501632153252,1.9491275884676094,2.0047190165626243,1.7253420509153783,2.0047190165626243,True,False,False
79,12,10,2,-1.6779525903997108,1.4110436922735692,-0.3295042194994293,3.08899628267328,-1.6779525903997108,1.4110436922735692,-0.3004053825032539,3.08899628267328,6416.0,6600.0,0.9721212121212122,0.0,2.907874976841721,3.08899628267328,2.210071254890013,3.08899628267328,False,False,False
82,14,10,4,-1.1959898573667918,1.4560524451482644,-0.1317165046502012,2.6520423025150563,-1.1959898573667918,1.4560524451482644,0.09210313256590279,2.6520423025150563,6437.0,6826.0,0.943012012891884,0.0,2.5896987205686126,2.6520423025150563,1.962597331323761,2.6520423025150563,False,False,False
84,12,10,2,-1.7772566936412866,1.9307123334441507,0.20569465672495538,3.7079690270854373,-0.4436545211070365,1.9307123334441507,0.5375075767313012,2.3743668545511873,6712.0,6784.0,0.9893867924528302,-1.33360217253425,3.5192266112289925,3.7079690270854373,2.6274998777137055,3.7079690270854373,True,False,False
85,13,10,3,-1.7437039436066328,0.963617952632136,-0.04967577135275206,2.707321896238769,-0.610540661186292,0.9419603828426418,0.03571101791471872,1.5525010440289337,6019.0,6376.0,0.94400878293601,-1.154820852209835,2.3700526424035955,2.6856643264492748,1.4610245938434472,2.707321896238769,True,True,False
87,13,10,3,-0.9401674659726096,1.95437327149596,0.3574531822857109,2.89454073746857,-0.9401674659726096,1.95437327149596,0.5210790222679528,2.89454073746857,7610.0,7725.0,0.9851132686084142,0.0,2.7164963314105135,2.89454073746857,2.1890899398414527,2.89454073746857,False,False,False
93,11,10,1,-1.5359349914689704,2.8146129578596737,0.4164454173467957,4.350547949328644,-1.5359349914689704,2.8146129578596737,0.2851893905834739,4.350547949328644,7026.0,7050.0,0.9965957446808511,0.0,4.109054963888727,4.350547949328644,3.323619333767651,4.350547949328644,False,False,False
94,15,10,5,-0.79909318853267,1.8803571985084224,0.17299487306012123,2.6794503870410926,-0.79909318853267,1.8803571985084224,0.3433885966850441,2.6794503870410926,5503.0,6051.0,0.9094364567840026,0.0,2.448499289135936,2.6190392341003155,1.6344887170412457,2.6794503870410926,False,False,False
96,13,10,3,-2.0909749064652976,1.61568371489938,0.20773572125883716,3.7066586213646775,-1.00513175265978,1.61568371489938,0.46871459904078777,2.6208154675591597,7585.0,7842.0,0.9672277480234635,-1.0858431538055178,3.3439387535847516,3.7066586213646775,2.2769154172938277,3.7066586213646775,True,False,False
97,14,10,4,-1.5722121100961814,1.6279479973756388,-0.2768785973054816,3.2001601074718202,-1.3408599196056663,1.6279479973756388,-0.06408347040713569,2.968807916981305,6967.0,7223.0,0.9645576630209054,-0.23135219049051514,2.9968985619353776,2.968807916981305,2.5926499963402017,3.2001601074718202,True,False,False
98,14,10,4,-2.1463369440224755,1.8203262894943473,-0.08684534120866652,3.966663233516823,-0.7809852536588402,1.8203262894943473,0.13367777946810286,2.6013115431531872,6228.0,6475.0,0.9618532818532819,-1.3653516903636356,3.3652728612439735,3.7000295100714227,2.3713406086991413,3.966663233516823,True,False,False
99,11,10,1,-1.7664013921594863,1.5715335677983917,-0.11793592569543443,3.3379349599578783,-1.6508125337884716,1.5715335677983917,0.04691062095097074,3.2223461015868633,6659.0,6727.0,0.9898914820871116,-0.11558885837101496,3.2943337587632398,3.3379349599578783,3.0046088718453636,3.3379349599578783,True,False,False
103,12,10,2,-2.515417194403665,1.8911680209033088,-0.6231225329325071,4.406585215306974,-1.891237359200183,1.8911680209033088,-0.3032073644918434,3.7824053801034916,6435.0,6490.0,0.9915254237288136,-0.6241798352034822,4.176347545248612,4.406585215306974,3.397721565418608,4.406585215306974,True,False,False
104,12,10,2,-1.923172141466408,2.3656691168875636,-0.3261627037316568,4.288841258353972,-1.923172141466408,2.3656691168875636,-0.06385214884817494,4.288841258353972,5853.0,6042.0,0.9687189672293942,0.0,4.052614084029561,4.288841258353972,3.2242688536419974,4.288841258353972,False,False,False
107,12,10,2,-1.5808653677503783,1.3585670950863789,0.029822221096502163,2.9394324628367574,-0.7991940301311348,1.3585670950863789,0.16389707749045285,2.1577611252175135,5760.0,6065.0,0.9497114591920858,-0.7816713376192439,2.6115529271918763,2.9394324628367574,1.9176356726117745,2.9394324628367574,True,False,False
108,14,10,4,-1.7257571238206555,1.5971401197952768,-0.31673829630804506,3.322897243615932,-1.0267935178662015,1.5971401197952768,0.01810568080762933,2.6239336376614784,5921.0,6074.0,0.9748106684227856,-0.6989636059544537,2.874425079439553,3.1479157507026514,1.9424973949856803,3.322897243615932,True,False,False
111,10,10,0,-1.302724943151186,1.616250617975512,0.08772347273062372,2.918975561126698,-1.302724943151186,1.616250617975512,0.08772347273062375,2.918975561126698,7062.0,7062.0,1.0,0.0,2.9189755611266968,2.918975561126698,2.918975561126698,2.918975561126698,False,False,True
113,11,10,1,-1.6462520996493286,1.055209700651433,-0.008919803747829746,2.7014618003007618,-1.6462520996493286,1.055209700651433,0.11712302509731554,2.7014618003007618,6340.0,6449.0,0.9830981547526748,0.0,2.661116927634539,2.7014618003007618,2.3245577928507157,2.7014618003007618,False,False,False
116,14,10,4,-1.6579580268514071,2.7901114048259315,-0.0036039680903780197,4.448069431677339,-1.3821455943667136,1.4334330610675,0.09182960853106878,2.8155786554342135,5842.0,6106.0,0.9567638388470358,-1.632490776243125,3.922111948185982,4.172256999192645,2.3992678216603753,4.448069431677339,True,True,False
119,11,10,1,-1.6395839018324303,1.397733655369579,-0.14655499414437523,3.0373175572020092,-1.607016725753284,1.397733655369579,0.0027478966244302238,3.0047503811228626,6374.0,6500.0,0.9806153846153847,-0.03256717607914661,3.006205383835943,3.0373175572020092,2.7555062820125777,3.0373175572020092,True,False,False
120,11,10,1,-1.3240002458047382,1.8108258850645165,0.02005353860762947,3.1348261308692544,-0.7866183192500004,1.8108258850645165,0.15445891704886622,2.5974442043145167,6976.0,7033.0,0.9918953504905446,-0.5373819265547377,3.07320071441783,3.1348261308692544,2.5974442043145167,3.1348261308692544,True,False,False
127,13,10,3,-1.7772566936412866,1.3626040154839425,-0.2069135694525763,3.1398607091252293,-1.5635017729060066,1.3626040154839425,0.1486959279676933,2.926105788389949,7823.0,8026.0,0.9747072015948168,-0.21375492073528024,3.0697606064861747,3.1398607091252293,2.696406978646942,3.1398607091252293,True,False,False
130,13,10,3,-1.9197087201042016,1.0248921220434952,-0.2861626525194075,2.944600842147697,-0.5195533580839944,1.0248921220434952,0.19078910622933062,1.5444454801274896,6395.0,6545.0,0.9770817417876242,-1.4001553620202072,2.872200770284637,2.944600842147697,2.409538070183692,2.944600842147697,True,False,False
135,13,10,3,-1.516729458078094,1.6386988152058912,0.061267532949994034,3.1554282732839853,-1.0440172628839903,1.6386988152058912,0.33100261838894934,2.6827160780898813,6489.0,6641.0,0.9771118807408523,-0.472712195194104,2.9689254697320164,3.1554282732839853,2.2878223115351535,3.1554282732839853,True,False,False
139,12,10,2,-1.3299424749748077,1.0747270593042677,-0.16313436477072588,2.4046695342790754,-1.3299424749748077,1.0747270593042677,-0.010093313540150894,2.4046695342790754,5906.0,6448.0,0.9159429280397022,0.0,2.295108419351278,2.4046695342790754,1.9002351443236911,2.4046695342790754,False,False,False
140,14,10,4,-1.3585879259344094,2.0622127147634037,-0.11495648953499352,3.420800640697813,-1.3585879259344094,2.0622127147634037,-0.0015028644851504459,3.420800640697813,6195.0,6725.0,0.9211895910780669,0.0,2.975216381338969,3.420800640697813,1.7142132999871873,3.420800640697813,False,False,False
142,11,10,1,-1.123246489965819,0.9179694659895008,-0.06932253259100354,2.0412159559553196,-0.8613406311144379,0.9179694659895008,0.03606986314647802,1.7793100971039388,6199.0,6449.0,0.961234299891456,-0.26190585885138074,1.9970655859048145,2.0412159559553196,1.7793100971039388,2.0412159559553196,True,False,False
145,12,10,2,-1.350281502023832,2.386347074505074,0.11321072296467811,3.736628576528906,-0.8494965260164209,2.386347074505074,0.34623914598066363,3.235843600521495,6686.0,6843.0,0.9770568464123922,-0.5007849760074112,3.5571851621836164,3.736628576528906,2.785119264670322,3.736628576528906,True,False,False
147,12,10,2,-2.515417194403665,1.680219215102039,-0.4291700971338748,4.195636409505704,-1.4878200762370908,1.680219215102039,-0.08573672775615454,3.16803929133913,5917.0,5999.0,0.9863310551758626,-1.0275971181665744,3.9612270801973244,4.195636409505704,3.4574759087433256,4.195636409505704,True,False,False
149,11,10,1,-1.5507756309073748,2.1917932263458333,0.029872027551456733,3.7425688572532083,-1.2236363180695025,2.1917932263458333,0.18793679339733993,3.4154295444153355,6806.0,6850.0,0.9935766423357664,-0.3271393128378728,3.6558501306846427,3.7425688572532083,3.033469138698595,3.7425688572532083,True,False,False
150,10,10,0,-0.5460049783696388,2.363998084257885,0.649325153045375,2.910003062627524,-0.5460049783696388,2.363998084257885,0.649325153045375,2.910003062627524,7820.0,7820.0,1.0,0.0,2.9100030626275246,2.910003062627524,2.910003062627524,2.910003062627524,False,False,True
151,12,10,2,-2.056560666902727,1.8779328035548783,-0.20246724528272161,3.934493470457605,-1.1180763287629485,1.8779328035548783,0.08307895989625536,2.996009132317827,6318.0,6588.0,0.9590163934426229,-0.9384843381397783,3.715904331202081,3.934493470457605,2.900099091051472,3.934493470457605,True,False,False
152,10,10,0,-0.944793750050234,1.2085907777944338,0.29825305103611066,2.153384527844668,-0.944793750050234,1.2085907777944338,0.29825305103611066,2.153384527844668,7199.0,7199.0,1.0,0.0,2.1533845278446684,2.153384527844668,2.153384527844668,2.153384527844668,False,False,True
153,13,10,3,-2.515417194403665,1.9088541120725413,0.09932672668971818,4.424271306476206,-0.59767130870207,1.9088541120725413,0.6356191537146205,2.5065254207746115,7408.0,7613.0,0.9730723761986076,-1.9177458857015948,4.224133786432005,4.424271306476206,2.676567767906457,4.424271306476206,True,False,False
154,14,10,4,-1.5359349914689704,1.404456964312144,0.0646679423875871,2.9403919557811147,-0.8838563104065968,1.404456964312144,0.22839833732657028,2.2883132747187407,6230.0,6448.0,0.9661910669975186,-0.652078681062374,2.678748221292237,2.8608953926058516,2.0152445753965367,2.9403919557811147,True,False,False
155,13,10,3,-0.910154695149582,1.3237592794107165,0.03602260628845105,2.2339139745602985,-0.910154695149582,1.3237592794107165,0.19331939745217097,2.2339139745602985,5698.0,6034.0,0.9443155452436195,0.0,2.0139845564139436,2.2339139745602985,1.4488530438693243,2.2339139745602985,False,False,False
156,14,10,4,-1.5201732088930098,1.2178971707086794,0.01280404637208088,2.738070379601689,-0.7315293175612502,1.2178971707086794,0.3705967551745518,1.9494264882699297,6470.0,6701.0,0.9655275332039994,-0.7886438913317595,2.4057774139843193,2.1999957102051466,1.816373058007511,2.738070379601689,True,False,False
158,11,10,1,-1.8080133811730523,1.8931546361163976,-0.3748307791008055,3.70116801728945,-1.252774232573281,1.8931546361163976,-0.23151251889358085,3.1459288686896785,6239.0,6275.0,0.9942629482071713,-0.5552391485997714,3.569442249704957,3.70116801728945,2.998229312514406,3.70116801728945,True,False,False
159,14,10,4,-2.515417194403665,0.8738639746373549,-0.26645611863487706,3.38928116904102,-0.9963605849400332,0.8738639746373549,-0.005855211252093739,1.870224559577388,5556.0,5839.0,0.9515327967117657,-1.5190566094636317,2.9048544571678665,3.2558076206156557,1.8409988633197472,3.38928116904102,True,False,False
160,12,10,2,-1.27692298035858,1.1519693418613854,0.11679562339310696,2.4288923222199656,-1.27692298035858,1.1519693418613854,0.11043772294064194,2.4288923222199656,6325.0,6495.0,0.9738260200153964,0.0,2.356586920898282,2.4288923222199656,2.1447840430258265,2.4288923222199656,False,False,False
161,12,10,2,-1.12126369387618,1.0784671300476802,0.049093910997006364,2.1997308239238604,-1.12126369387618,1.0784671300476802,0.21972621059503233,2.1997308239238604,5687.0,5877.0,0.9676705802280074,0.0,2.1528337822056924,2.1997308239238604,1.9228516947727323,2.1997308239238604,False,False,False
163,14,10,4,-2.1889231267587665,2.228349553142798,0.1736402205929329,4.417272679901565,-0.66023898222272,2.228349553142798,0.5297730091177071,2.888588535365518,5798.0,5961.0,0.9726555946988761,-1.5286841445360468,3.6719707396399444,3.4700248897937676,2.240230568331318,4.417272679901565,True,False,False
164,14,10,4,-2.515417194403665,1.0352935584570886,-0.5492486014730963,3.5507107528607538,-1.2335445127106082,1.0352935584570886,-0.20191568528325682,2.2688380711676968,6253.0,6389.0,0.9787134136797621,-1.281872681693057,3.3383348760256575,3.5507107528607538,2.2688380711676968,3.5507107528607538,True,False,False
166,12,10,2,-1.091821942933363,1.109333270878471,0.033540440234384024,2.201155213811834,-1.091821942933363,1.109333270878471,0.070906862434728,2.201155213811834,6591.0,6850.0,0.9621897810218978,0.0,2.1772882802126903,2.201155213811834,2.057219128152111,2.201155213811834,False,False,False
167,12,10,2,-1.098271042940024,2.3489775662383017,0.2297830477964873,3.4472486091783257,-1.098271042940024,0.9054609471891494,-0.10532214569118883,2.0037319901291735,5932.0,6275.0,0.9453386454183267,-1.4435166190491522,3.2816981984570255,3.4472486091783257,2.4425301103770405,3.4472486091783257,False,True,False
171,12,10,2,-1.3835710932346843,2.061640706875285,-0.0808014679284506,3.4452118001099694,-1.082924472611674,2.061640706875285,0.10501605426934824,3.144565179486959,5390.0,5581.0,0.9657767425192618,-0.3006466206230103,3.2173379091700793,3.4452118001099694,1.994486343062527,3.4452118001099694,True,False,False
172,15,10,5,-1.997804648137363,2.0450797291894354,-0.27422576649292624,4.042884377326798,-1.997804648137363,2.0450797291894354,-0.349599191034531,4.042884377326798,5550.0,6023.0,0.9214677071226963,0.0,3.5981736562934468,3.6488427135846346,2.3664183845969657,4.042884377326798,False,False,False
179,11,10,1,-1.7960234860335504,1.4241997331391734,-0.1832042886721573,3.220223219172724,-1.5048403183599326,1.4241997331391734,-0.021922368936017955,2.929040051499106,6189.0,6248.0,0.9905569782330346,-0.29118316767361785,3.1010241215747283,3.220223219172724,2.5666111014753126,3.220223219172724,True,False,False
183,9,9,0,-1.561614300160142,1.8087880699308336,-0.017279201483363777,3.3704023700909755,-1.561614300160142,1.8087880699308336,-0.01727920148336379,3.3704023700909755,6229.0,6229.0,1.0,0.0,3.370402370090976,3.3704023700909755,3.3704023700909755,3.3704023700909755,False,False,True
189,14,10,4,-1.8005670252443091,1.8527220469351415,-0.280023574989228,3.653289072179451,-1.8005670252443091,1.8527220469351415,0.12219300089419709,3.653289072179451,6331.0,6606.0,0.9583711777172268,0.0,3.4339952287965883,3.653289072179451,2.4437901131726827,3.653289072179451,False,False,False
193,14,10,4,-1.0440172628839903,1.2381540594730562,-0.07362504392540944,2.282171322357047,-0.6712400892651519,1.2381540594730562,0.16607069064700783,1.9093941487382082,6272.0,6498.0,0.9652200677131425,-0.37277717361883855,1.9781032815979425,2.005867715306972,1.2265837723968576,2.282171322357047,True,False,False
194,10,10,0,-0.5119669788308345,2.307790623077787,0.5365193594050004,2.8197576019086217,-0.5119669788308345,2.307790623077787,0.5365193594050005,2.8197576019086217,7037.0,7037.0,1.0,0.0,2.8197576019086217,2.8197576019086217,2.8197576019086217,2.8197576019086217,False,False,True
195,9,9,0,-1.199646101794725,1.3682094707821637,0.037440481884582905,2.567855572576889,-1.199646101794725,1.3682094707821637,0.037440481884582946,2.567855572576889,5982.0,5982.0,1.0,0.0,2.567855572576889,2.567855572576889,2.567855572576889,2.567855572576889,False,False,True
197,13,10,3,-1.5884742667221723,2.083427962077224,-0.03389236201780899,3.6719022287993965,-1.5884742667221723,2.083427962077224,0.0008636839839913424,3.6719022287993965,6103.0,6412.0,0.9518091079226451,0.0,3.4791479485138748,3.6719022287993965,2.853075073259181,3.6719022287993965,False,False,False
198,12,10,2,-1.6099403134684804,2.005183886035799,-0.061561852409521396,3.6151241995042795,-1.287863518503484,2.005183886035799,0.19897166097936408,3.293047404539283,6617.0,6850.0,0.965985401459854,-0.3220767949649965,3.4886603660984985,3.6151241995042795,2.7861201982273682,3.6151241995042795,True,False,False
201,11,10,1,-1.993026686171828,2.046869953480111,-0.08549562548042021,4.039896639651939,-1.993026686171828,2.046869953480111,0.06814026026698479,4.039896639651939,6971.0,7009.0,0.9945783992010272,0.0,3.9139013656037895,4.039896639651939,2.789731391865252,4.039896639651939,False,False,False
202,11,10,1,-1.7772566936412866,1.0493195680088612,-0.30598864387840347,2.826576261650148,-1.7772566936412866,1.0493195680088612,-0.17681709432606488,2.826576261650148,6799.0,6836.0,0.9945874780573435,0.0,2.8036669438818205,2.826576261650148,2.64702370741065,2.826576261650148,False,False,False
204,12,10,2,-1.7664013921594863,1.5331092443930734,-0.43185745614445353,3.2995106365525597,-1.7664013921594863,1.5331092443930734,-0.1878496118606367,3.2995106365525597,6128.0,6216.0,0.9858429858429858,0.0,3.1211131608477176,3.2995106365525597,2.3899707183311274,3.2995106365525597,False,False,False
213,11,10,1,-1.2027090873777857,2.2237956637820746,-0.05703352659838239,3.42650475115986,-1.2027090873777857,2.2237956637820746,0.0071505276488527,3.42650475115986,6630.0,6873.0,0.9646442601484068,0.0,3.1754570069936445,3.42650475115986,1.7292995740820347,3.42650475115986,False,False,False
218,12,10,2,-2.0256760929363176,1.1672438332968786,-0.21108615296918806,3.192919926233196,-0.8666221527969289,1.1672438332968786,0.11591748758329903,2.0338659860938075,7334.0,7406.0,0.9902781528490413,-1.1590539401393887,3.0872556680898766,3.192919926233196,2.3225251962533893,3.192919926233196,True,False,False
219,12,10,2,-1.7318314320559094,1.568726779045244,-0.20695188991465407,3.300558211101153,-1.2164123274036784,1.568726779045244,-0.020833013788646812,2.7851391064489226,5430.0,5594.0,0.9706828745084018,-0.5154191046522305,3.0797101022714175,3.300558211101153,2.5186685218320726,3.300558211101153,True,False,False
221,13,10,3,-0.785462845460555,1.128268681699991,-0.01995975393110467,1.913731527160546,-0.785462845460555,1.128268681699991,0.0725575935978319,1.913731527160546,6653.0,6869.0,0.9685543747270345,0.0,1.8279529350569341,1.913731527160546,1.1192837559413558,1.913731527160546,False,False,False
222,12,10,2,-1.7437039436066328,1.7079310927288522,0.09874045220457617,3.4516350363354853,-1.7437039436066328,1.7079310927288522,0.4014907951878115,3.4516350363354853,7196.0,7250.0,0.992551724137931,0.0,3.2167339230683423,3.4516350363354853,2.5395633710910195,3.4516350363354853,False,False,False
225,12,10,2,-1.151138411744626,2.366159235002966,-0.0019374457722905376,3.517297646747592,-0.9746335464082206,2.366159235002966,0.21452746523924482,3.340792781411187,6101.0,6191.0,0.9854627685349702,-0.1765048653364052,3.213505537952136,3.517297646747592,2.033275873759724,3.517297646747592,True,False,False
227,11,10,1,-2.0686358386790675,1.8581136052654472,-0.04301537192155971,3.926749443944515,-0.9294460112955224,1.8581136052654472,0.15954667475419101,2.7875596165609697,6574.0,6612.0,0.9942528735632183,-1.1391898273835452,3.6486194135494014,3.926749443944515,2.7875596165609697,3.926749443944515,True,False,False
228,11,10,1,-0.8997154336715101,1.091013101857622,0.048382033887580694,1.990728535529132,-0.8997154336715101,1.091013101857622,-0.021732110928193,1.990728535529132,6186.0,6238.0,0.9916639948701507,0.0,1.924009205187992,1.990728535529132,1.4555403236006395,1.990728535529132,False,False,False
231,12,10,2,-1.4168606844455367,2.0673602838410723,-0.16147936757962,3.4842209682866088,-1.109979154872646,2.0673602838410723,-0.09326627247846363,3.1773394387137186,6521.0,6635.0,0.9828183873398644,-0.30688152957289017,3.264497146980235,3.4842209682866088,2.2139745931460872,3.4842209682866088,True,False,False
232,11,10,1,-1.516729458078094,0.7124011369822442,-0.35553038628918077,2.229130595060338,-1.516729458078094,0.7124011369822442,-0.3338646806784308,2.229130595060338,6560.0,6643.0,0.9875056450398916,0.0,2.192675559149021,2.229130595060338,2.049651126432433,2.229130595060338,False,False,False
233,12,10,2,-0.811969884952022,1.2833204562321678,0.15552557267007058,2.0952903411841897,-0.811969884952022,1.2833204562321678,0.17889501498031615,2.0952903411841897,6470.0,6751.0,0.9583765368093615,0.0,2.0393658196895954,2.0952903411841897,1.8304718276338023,2.0952903411841897,False,False,False
235,13,10,3,-0.7469076613271328,1.3024305212228589,0.17277104245683267,2.0493381825499917,-0.3638664260524922,1.3024305212228589,0.26119612353656096,1.666296947275351,6127.0,6450.0,0.949922480620155,-0.3830412352746406,1.8267720977173088,2.0493381825499917,1.1898034132912967,2.0493381825499917,True,False,False
236,13,10,3,-1.8080133811730523,1.5628219320305985,0.20620028796789422,3.370835313203651,-1.254217253101087,1.5628219320305985,0.46537233113748117,2.8170391851316854,6361.0,6525.0,0.9748659003831418,-0.5537961280719657,3.175148484317426,3.370835313203651,2.4336764153340353,3.370835313203651,True,False,False
238,11,10,1,-2.515417194403665,1.679071298163734,0.030954498435699525,4.194488492567399,-2.515417194403665,1.679071298163734,0.06220098985733728,4.194488492567399,7039.0,7077.0,0.9946304931468136,0.0,3.920040102674207,4.194488492567399,2.387185847152414,4.194488492567399,False,False,False
239,11,10,1,-1.3190026914901454,1.9735000904744633,0.32718887118512985,3.2925027819646084,-1.3190026914901454,1.9735000904744633,0.16342706269795454,3.2925027819646084,6799.0,6835.0,0.9947329919531821,0.0,3.23138235631658,3.2925027819646084,2.6882530330183867,3.2925027819646084,False,False,False
242,11,10,1,-2.515417194403665,1.3812395458005005,-0.45920828533823566,3.8966567402041656,-1.4991469275089817,1.3812395458005005,-0.2535873944316928,2.880386473309482,6484.0,6548.0,0.9902260232131949,-1.0162702668946837,3.787952824154443,3.8966567402041656,2.880386473309482,3.8966567402041656,True,False,False
245,13,10,3,-1.286392387578762,1.5386728204336588,0.14103650067159015,2.825065208012421,-1.286392387578762,1.5386728204336588,0.15982841464049252,2.825065208012421,6267.0,6633.0,0.9448213478064225,0.0,2.570534627115377,2.825065208012421,1.8835519713897932,2.825065208012421,False,False,False
248,12,10,2,-1.209440923824072,0.9313299234253074,-0.1019647453619447,2.1407708472493794,-1.1037054270813045,0.9313299234253074,0.1160937106710608,2.035035350506612,6435.0,6499.0,0.9901523311278658,-0.1057354967427675,2.121613909649296,2.1407708472493794,2.0321475962640974,2.1407708472493794,True,False,False
249,11,10,1,-1.3407205228248928,1.1295109280049165,0.020490369678706887,2.470231450829809,-1.3407205228248928,1.1295109280049165,0.13260036344082154,2.470231450829809,6171.0,6201.0,0.9951620706337687,0.0,2.4074484878113798,2.470231450829809,2.1395881964538224,2.470231450829809,False,False,False
250,13,10,3,-1.2670575239967012,1.5062013343561969,0.25904653453782867,2.7732588583528983,-0.4925433114633593,1.5062013343561969,0.4884488079934859,1.9987446458195561,5682.0,6214.0,0.9143868683617637,-0.7745142125333422,2.564967960168516,2.7732588583528983,1.9987446458195561,2.7732588583528983,True,False,False
251,11,10,1,-1.0705072780177325,1.3635917947019474,0.08915411596838624,2.43409907271968,-0.860210500493596,1.3635917947019474,0.2051202553669981,2.2238022951955436,6785.0,6832.0,0.9931206088992974,-0.21029677752413622,2.3884237942090145,2.43409907271968,2.0762229346747665,2.43409907271968,True,False,False
252,15,10,5,-2.1013271573906236,3.339999968977195,0.12801981609836283,5.441327126367819,-1.2639903012192886,3.339999968977195,0.6965015550369835,4.603990270196483,6265.0,7100.0,0.8823943661971831,-0.8373368561713352,4.522685102085709,4.71405975043735,3.0194772696908174,5.441327126367819,True,False,False
253,13,10,3,-0.7643548405772153,1.519965585995377,0.3258755915361523,2.284320426572592,-0.7342754503765863,1.519965585995377,0.5136020656994137,2.254241036371963,5272.0,5823.0,0.9053752361325778,-0.030079390200628886,2.2614192764589736,2.284320426572592,2.130234661332767,2.284320426572592,True,False,False
254,13,10,3,-1.209440923824072,1.1934433130749476,0.24709017012007786,2.4028842368990198,-1.209440923824072,1.1934433130749476,0.36948877358835874,2.4028842368990198,6580.0,7025.0,0.9366548042704627,0.0,2.2637386646849142,2.4028842368990198,1.6005197307912957,2.4028842368990198,False,False,False
256,11,10,1,-1.1718588728721415,1.5684059003546842,0.26130956036590597,2.7402647732268255,-0.5150245382590921,1.5684059003546842,0.40462640368971065,2.0834304386137763,6480.0,6619.0,0.9789998489197764,-0.6568343346130492,2.657851173694226,2.7402647732268255,2.0834304386137763,2.7402647732268255,True,False,False
257,9,9,0,-1.6066356533190824,1.7968746855113626,-0.03010685847957643,3.4035103388304453,-1.6066356533190824,1.7968746855113626,-0.03010685847957648,3.4035103388304453,7119.0,7119.0,1.0,0.0,3.4035103388304453,3.4035103388304453,3.4035103388304453,3.4035103388304453,False,False,True
258,12,10,2,-1.062241903496033,1.3880683407687504,-0.06375698044633171,2.4503102442647835,-1.062241903496033,1.3880683407687504,0.049293028622141445,2.4503102442647835,6718.0,6802.0,0.9876506909732432,0.0,2.4071578527925044,2.4503102442647835,2.2636259598233783,2.4503102442647835,False,False,False
259,11,10,1,-0.6890291675173555,1.5528220937603123,0.18399227119612094,2.241851261277668,-0.6890291675173555,1.2985368331155418,0.04710928893970179,1.9875660006328975,6385.0,6650.0,0.9601503759398496,-0.2542852606447705,2.217155755615835,2.241851261277668,1.9875660006328975,2.241851261277668,False,True,False
261,13,10,3,-1.6939159919423084,1.5457237879157169,0.0550592758378579,3.239639779858025,-0.7266400844231135,1.5457237879157169,0.21175971916770148,2.2723638723388304,6519.0,6850.0,0.9516788321167883,-0.9672759075191948,2.8943455902969397,3.239639779858025,2.150222235419951,3.239639779858025,True,False,False
264,11,10,1,-1.6542299435142234,1.2465927693671588,0.17679747435737025,2.900822712881382,-1.6542299435142234,1.2465927693671588,0.09340534817698358,2.900822712881382,6132.0,6197.0,0.9895110537356786,0.0,2.7840150104218524,2.900822712881382,1.9643720383847958,2.900822712881382,False,False,False
265,12,10,2,-1.866588219211256,1.919054470624057,-0.17520613003211016,3.785642689835313,-1.866588219211256,1.919054470624057,0.09116008888390806,3.785642689835313,6127.0,6275.0,0.9764143426294821,0.0,3.6180598600465435,3.785642689835313,2.8958254620425583,3.785642689835313,False,False,False
269,9,9,0,-1.0723940312323863,1.3339619970720076,0.2772406777280643,2.406356028304394,-1.0723940312323863,1.3339619970720076,0.2772406777280643,2.406356028304394,6437.0,6437.0,1.0,0.0,2.4063560283043945,2.406356028304394,2.406356028304394,2.406356028304394,False,False,True
270,13,10,3,-2.1381351606806716,1.3064839503807322,-0.4056719251549211,3.444619111061404,-1.637260736600146,1.3064839503807322,-0.04432022337147161,2.943744686980878,5877.0,6000.0,0.9795,-0.5008744240805258,3.2703666911721787,3.444619111061404,2.7746484065775676,3.444619111061404,True,False,False
275,12,10,2,-2.515417194403665,2.2243502315442396,-0.03398690080227151,4.739767425947905,-0.8112170988935524,2.2243502315442396,0.34102993279275934,3.035567330437792,7970.0,8034.0,0.9920338561115261,-1.7042000955101129,4.339750800591001,4.739767425947905,3.2010290911285093,4.739767425947905,True,False,False
276,12,10,2,-0.9313742059255464,1.636735622384715,0.31607760268678753,2.5681098283102615,-0.9313742059255464,1.636735622384715,0.1168682276719819,2.5681098283102615,6234.0,6425.0,0.970272373540856,0.0,2.551253027794889,2.5681098283102615,2.5044176459452188,2.5681098283102615,False,False,False
277,14,10,4,-1.089809509725178,1.4233270596643046,0.36169015298742524,2.5131365693894825,-0.9719906928096006,1.4233270596643046,0.5035269035237631,2.3953177524739053,6596.0,7024.0,0.9390660592255126,-0.11781881691557716,2.3763816631504513,2.4387176234170997,1.5133597515630115,2.5131365693894825,True,False,False
278,11,10,1,-1.7181222888840797,1.3133147844218171,0.08862025315264721,3.031437073305897,-1.7181222888840797,1.3133147844218171,-0.028258035814715043,3.031437073305897,6448.0,6475.0,0.9958301158301158,0.0,2.9978357789138643,3.031437073305897,2.478233789930676,3.031437073305897,False,False,False
279,13,10,3,-1.1572018730008884,1.0683396376851286,0.04739153910647276,2.225541510686017,-0.7583743066787515,1.0683396376851286,0.08500617275044922,1.8267139443638802,6149.0,6261.0,0.9821114837885322,-0.39882756632213656,2.0778072337839517,2.225541510686017,1.7156667408617317,2.225541510686017,True,False,False
282,11,10,1,-2.515417194403665,0.8457455807213168,-0.1656740696767553,3.3611627751249817,-1.0213803408606108,0.8457455807213168,0.06930024279593572,1.8671259215819276,6265.0,6306.0,0.9934982556295592,-1.4940368535430542,3.1956931436127807,3.3611627751249817,1.8671259215819276,3.3611627751249817,True,False,False
288,14,10,4,-1.7069556935686792,2.2785955429969316,-0.016461105342223965,3.9855512365656107,-1.3746236932254436,2.2785955429969316,0.4371318987325343,3.653219236222375,5740.0,6274.0,0.9148868345553076,-0.33233200034323573,3.7905334026565147,3.932825486511155,2.8783830378253663,3.9855512365656107,True,False,False
290,12,10,2,-0.7943554780682105,1.748529249282605,0.34453223487888374,2.5428847273508155,-0.7943554780682105,1.748529249282605,0.16490556917786722,2.5428847273508155,6167.0,6223.0,0.9910011248593926,0.0,2.4881669393065766,2.5428847273508155,2.2580847330867426,2.5428847273508155,False,False,False
292,11,10,1,-1.6665326185269296,1.7007901482699592,-0.23213314010964076,3.367322766796889,-1.6639524222476691,1.7007901482699592,-0.08869319226791188,3.3647425705176284,6175.0,6195.0,0.9967715899919289,-0.002580196279260427,3.342425521536211,3.367322766796889,3.121704569353156,3.367322766796889,True,False,False
294,13,10,3,-2.167920584395645,1.210242888610896,-0.3468441086150345,3.378163473006541,-2.167920584395645,1.210242888610896,-0.03254496264803706,3.378163473006541,6110.0,6486.0,0.9420289855072463,0.0,3.264584853921301,3.378163473006541,2.730873470659012,3.378163473006541,False,False,False
295,12,10,2,-1.9299795558679855,1.920398759116677,-0.12567968213752245,3.8503783149846624,-1.4843427685156492,1.920398759116677,0.1118202187742662,3.404741527632326,6905.0,7033.0,0.9818000853121001,-0.4456367873523366,3.6026895097554097,3.8503783149846624,2.6586795544852944,3.8503783149846624,True,False,False
299,13,10,3,-1.1388476119008508,1.7171387058205052,-0.10695425518226001,2.855986317721356,-0.810314266616702,1.7171387058205052,0.1529883343444337,2.5274529724372075,6344.0,6650.0,0.953984962406015,-0.32853334528414857,2.6318234649323617,2.855986317721356,1.7977556437518745,2.855986317721356,True,False,False
300,13,10,3,-1.1649190055088587,1.985380221318624,0.31538940904530155,3.1502992268274825,-0.7038645721623074,1.175385309408228,0.16875122838760354,1.8792498815705354,6427.0,6831.0,0.9408578539013321,-1.2710493452569471,2.9368492710470777,3.1502992268274825,2.2076021159604915,3.1502992268274825,True,True,False
301,14,10,4,-0.8509376338610466,2.1204602303324966,0.10277773119005258,2.971397864193543,-0.8509376338610466,2.1204602303324966,0.186919392456744,2.971397864193543,5770.0,6246.0,0.9237912263848863,0.0,2.7229713588512316,2.971397864193543,1.8082300680440269,2.971397864193543,False,False,False
302,11,10,1,-2.1463369440224755,2.8105609797266022,0.10334492421069232,4.956897923749078,-1.1682958137824746,2.8105609797266022,0.32831311103400906,3.9788567935090766,6435.0,6458.0,0.9964385258593992,-0.9780411302400012,4.748859243339656,4.956897923749078,3.8012788740602224,4.956897923749078,True,False,False
304,11,10,1,-2.515417194403665,2.0096989816126,-0.15017512902042307,4.525116176016265,-1.5625875684195742,2.0096989816126,0.08634907751790113,3.572286550032174,5985.0,6024.0,0.9935258964143426,-0.9528296259840912,4.424296973757294,4.525116176016265,3.572286550032174,4.525116176016265,True,False,False
305,12,10,2,-2.515417194403665,1.14237813254487,0.04829747696739056,3.657795326948535,-0.9820916515896666,1.14237813254487,0.4195596485954791,2.124469784134537,6319.0,6401.0,0.9871895016403687,-1.5333255428139982,3.5100492388120643,3.657795326948535,2.2429877004873098,3.657795326948535,True,False,False
309,15,10,5,-1.5391999321454195,2.465419749226392,0.44373057655111176,4.004619681371811,-0.6267505542951389,2.465419749226392,0.7503976039750576,3.092170303521531,6816.0,7250.0,0.9401379310344827,-0.9124493778502805,3.4531529710774187,3.204101784818285,2.3574320709471914,4.004619681371811,True,False,False
311,12,10,2,-2.0009416938723104,1.179099324506404,-0.1251668667590663,3.1800410183787147,-2.0009416938723104,1.179099324506404,-0.12278488254038622,3.1800410183787147,5803.0,6035.0,0.9615575807787904,0.0,2.9241351266704783,3.1800410183787147,1.8408611065499634,3.1800410183787147,False,False,False
314,11,10,1,-2.515417194403665,2.248514563638964,0.10322770017059348,4.763931758042629,-1.5026192702807155,2.248514563638964,0.36509218962801937,3.7511338339196794,6990.0,7012.0,0.9968625213918996,-1.0127979241229497,4.639551790962923,4.763931758042629,3.7511338339196794,4.763931758042629,True,False,False
315,12,10,2,-2.2949276941759416,1.301975334310313,-0.30214195356003726,3.5969030284862544,-1.9657796992316785,1.301975334310313,-0.11304983065319374,3.2677550335419916,5883.0,6048.0,0.972718253968254,-0.32914799494426283,3.492148199084826,3.5969030284862544,3.2677550335419916,3.5969030284862544,True,False,False
322,14,10,4,-1.970261962189248,2.909069445167402,-0.1032147042483629,4.87933140735665,-1.970261962189248,2.909069445167402,0.2261324167721271,4.87933140735665,6386.0,6608.0,0.9664043583535109,0.0,4.088170363104561,4.211794388318588,2.2602334119589025,4.87933140735665,False,False,False
324,13,10,3,-2.515417194403665,4.878093627748547,0.33852384073607755,7.393510822152212,-1.0952907422790512,2.4787159849545977,0.4220654778519267,3.574006727233649,6685.0,6800.0,0.9830882352941176,-3.819504094918563,6.613751977326696,7.060614910043689,3.6300985152623553,7.393510822152212,True,True,False
325,13,10,3,-2.515417194403665,1.5652742385942915,-0.3425417822096039,4.0806914329979564,-1.521228051484966,1.5652742385942915,-0.015752992959705326,3.086502290079258,6583.0,6861.0,0.9594811252004081,-0.9941891429186986,3.784916974105365,4.0806914329979564,2.472955493837473,4.0806914329979564,True,False,False
326,13,10,3,-1.5946693740082645,1.020830439019595,-5.9162275829066205e-06,2.6154998130278595,-1.5946693740082645,1.020830439019595,-0.12288850431323808,2.6154998130278595,6193.0,6312.0,0.9811470215462611,0.0,2.4467927107354175,2.6154998130278595,1.5328427617053884,2.6154998130278595,False,False,False
328,12,10,2,-1.8747495899683932,1.7397239245744158,-0.3859547369391223,3.614473514542809,-1.7552220518274844,1.7397239245744158,-0.14202964142817645,3.4949459764019,6140.0,6265.0,0.9800478850758181,-0.11952753814090888,3.4686123472696346,3.614473514542809,2.9825417304263118,3.614473514542809,True,False,False
331,12,10,2,-1.4759666933301117,2.717636583330326,0.411242032834734,4.193603276660438,-1.2306189174010385,2.717636583330326,0.4877761842953845,3.9482555007313644,6729.0,6843.0,0.9833406400701447,-0.24534777592907364,4.014212306007908,4.193603276660438,3.2815949826150588,4.193603276660438,True,False,False
333,11,10,1,-1.5101591440233206,1.7722279138943065,0.12016683143233865,3.282387057917627,-0.5958888697385751,1.7722279138943065,0.2831994289779046,2.368116783632882,6769.0,6845.0,0.9888970051132213,-0.9142702742847453,3.15894811167487,3.282387057917627,2.368116783632882,3.282387057917627,True,False,False
338,13,10,3,-1.6918724566128025,1.1495783662628176,-0.2173509503408805,2.84145082287562,-1.6918724566128025,1.1495783662628176,-0.1145639465838569,2.84145082287562,6175.0,6378.0,0.9681718407024146,0.0,2.692700993899187,2.84145082287562,2.3300746656529454,2.84145082287562,False,False,False
339,11,10,1,-0.9786433932475062,2.1412106383647695,0.2842934402168929,3.1198540316122756,-0.9786433932475062,2.1412106383647695,0.18640734490454813,3.1198540316122756,7111.0,7275.0,0.9774570446735396,0.0,2.9916064821790456,3.1198540316122756,2.2688796244515688,3.1198540316122756,False,False,False
344,12,10,2,-2.515417194403665,1.3509105434257191,-0.25976864073505507,3.8663277378293843,-1.545263393401682,1.3509105434257191,-0.04444020107820403,2.896173936827401,6290.0,6388.0,0.9846587351283657,-0.9701538010019832,3.5402991144391787,3.8663277378293843,2.424825627850022,3.8663277378293843,True,False,False
349,18,10,8,-2.2657452603222725,2.24074461370003,-0.05100869808378254,4.506489874022303,-1.9548330405228025,2.24074461370003,0.3317762609863772,4.1955776542228325,5428.0,6050.0,0.8971900826446281,-0.31091221979947026,4.1139244377531945,4.1955776542228325,3.1682569787250845,4.506489874022303,True,False,False
350,10,10,0,-1.3682758756513198,1.4218150382560153,0.13121161937087109,2.790090913907335,-1.3682758756513198,1.4218150382560153,0.1312116193708711,2.790090913907335,6462.0,6462.0,1.0,0.0,2.7900909139073335,2.790090913907335,2.790090913907335,2.790090913907335,False,False,True
356,11,10,1,-1.00513175265978,2.38924924399525,0.44675196332742184,3.3943809966550305,-1.00513175265978,2.146972431770915,0.2525022352606391,3.152104184430695,6587.0,6632.0,0.9932147165259348,-0.24227681222433528,3.343436421821017,3.3943809966550305,3.0633994866499883,3.3943809966550305,False,True,False
357,13,10,3,-1.5722121100961814,1.668570309917594,-0.10232036845895374,3.240782420013775,-1.3378486516478278,1.668570309917594,0.06016185625871675,3.006418961565422,6517.0,6813.0,0.9565536474387201,-0.23436345844835316,3.0258790682640733,3.240782420013775,2.527161517674214,3.240782420013775,True,False,False
399,10,10,0,-1.167125301333882,1.0605498409797662,0.09265273387058658,2.2276751423136485,-1.167125301333882,1.0605498409797662,0.09265273387058656,2.2276751423136485,6586.0,6586.0,1.0,0.0,2.227675142313649,2.2276751423136485,2.2276751423136485,2.2276751423136485,False,False,True
526,13,10,3,-1.6755313949496515,1.107368580434003,-0.24861678043223157,2.7828999753836543,-1.6755313949496515,1.107368580434003,0.05092894489399833,2.7828999753836543,6443.0,6609.0,0.9748827356634892,0.0,2.7208565808256306,2.7828999753836543,2.35404161529897,2.7828999753836543,False,False,False
2000,14,10,4,-1.7878018436521776,2.0784116170210436,-0.20018391363103757,3.8662134606732215,-1.542847070111515,2.0784116170210436,0.1063718415148702,3.6212586871325585,5674.0,6201.0,0.9150137074665377,-0.24495477354066297,3.3762319152863154,3.8662134606732215,2.099513991138985,3.8662134606732215,True,False,False
2005,15,10,5,-1.4200822577885226,1.2119796685111788,-0.09721060319255358,2.632061926299701,-0.9476573921087932,1.2119796685111788,0.2565650882728563,2.159637060619972,5773.0,6194.0,0.9320309977397482,-0.47242486567972897,2.357011654257889,2.632061926299701,1.6915336949993416,2.632061926299701,True,False,False
2006,13,10,3,-1.3643872610114816,1.831900785086283,0.23629570601420552,3.1962880460977647,-0.5248565884396081,1.831900785086283,0.39386158590583575,2.356757373525891,6636.0,6995.0,0.9486776268763403,-0.8395306725718736,2.893242705533378,3.1962880460977647,1.8247812719518712,3.1962880460977647,True,False,False
2010,13,10,3,-1.310210697788547,2.0773600465708975,-0.1194264020627227,3.3875707443594445,-1.074649794979848,2.0773600465708975,-0.07008657243464332,3.152009841550745,5533.0,5826.0,0.9497082046000687,-0.23556090280869935,3.0761215777364375,3.3875707443594445,2.1247271441191486,3.3875707443594445,True,False,False
2011,15,10,5,-1.344541917332306,1.2300429953425418,0.1451512583386331,2.574584912674848,-0.5861340674110846,1.2300429953425418,0.4141435501458847,1.8161770627536264,5610.0,5807.0,0.9660754262097468,-0.7584078499212215,2.25242468730967,2.4904479735151996,1.4409826855548922,2.574584912674848,True,False,False
2016,15,10,5,-1.680448759115073,1.522965739378863,-0.2937076008362131,3.203414498493936,-1.4743323371963482,1.522965739378863,0.05830503155755995,2.997298076575211,5930.0,6384.0,0.9288847117794486,-0.20611642191872503,3.036317711631383,3.149278474173471,2.341311020299467,3.203414498493936,True,False,False
2026,15,10,5,-1.242090330588562,1.7422833373659887,-0.20719837000358082,2.984373667954551,-0.9210654529092888,1.7422833373659887,0.027824248586960608,2.6633487902752773,5443.0,5800.0,0.9384482758620689,-0.3210248776792737,2.493222831296827,2.724992269769993,1.5000414227919332,2.984373667954551,True,False,False
2029,14,10,4,-1.9299795558679855,1.648118990187344,-0.47093042921012895,3.5780985460553296,-1.9299795558679855,1.648118990187344,-0.29107285125979343,3.5780985460553296,6038.0,6410.0,0.9419656786271451,0.0,3.0559168907912935,2.9584949885514793,2.0663741424796163,3.5780985460553296,False,False,False
2031,12,10,2,-2.0800917708771345,1.5181362680424793,0.004022784746554671,3.598228038919614,-1.64429110125505,1.5181362680424793,0.36251208911873734,3.1624273692975295,6172.0,6375.0,0.968156862745098,-0.4358006696220844,3.510075432084692,3.598228038919614,3.084971285398209,3.598228038919614,True,False,False
2032,12,10,2,-2.515417194403665,1.259218744528498,-0.32844154660943864,3.774635938932163,-1.1278174069128477,1.259218744528498,-0.05429345087304249,2.387036151441346,5803.0,5849.0,0.9921354077620106,-1.3875997874908172,3.510746368827398,3.774635938932163,2.387036151441346,3.774635938932163,True,False,False
2046,12,10,2,-1.0887204282242775,1.3862883096260503,-0.12489933135570185,2.475008737850328,-1.0887204282242775,1.3862883096260503,-0.013350384730582598,2.475008737850328,5834.0,6000.0,0.9723333333333334,0.0,2.343820757466842,2.475008737850328,1.788402303807862,2.475008737850328,False,False,False
2050,12,10,2,-1.4150112627116007,2.8865755611755604,0.23281245402097409,4.3015868238871615,-0.8602561487752813,0.9125868859084612,0.13221851497877296,1.7728430346837425,5997.0,6127.0,0.9787824383874654,-2.528743789203419,3.8017670051844914,4.3015868238871615,2.0090710529521654,4.3015868238871615,True,True,False
2057,15,10,5,-1.6963180422419029,2.381306464337925,0.29376397592352144,4.077624506579828,-1.6963180422419029,2.381306464337925,0.23067833660896878,4.077624506579828,6023.0,6600.0,0.9125757575757576,0.0,3.805087357233374,4.077624506579828,3.0537215144833225,4.077624506579828,False,False,False
2065,13,10,3,-1.7195879045192255,1.4388805767689758,-0.33758271863575956,3.1584684812882013,-1.7195879045192255,1.4388805767689758,-0.09641007760817837,3.1584684812882013,5968.0,6400.0,0.9325,0.0,3.0484722751318225,3.1584684812882013,2.762880822573714,3.1584684812882013,False,False,False
2066,13,10,3,-1.822450193687963,1.3472321984746018,-0.26710881832952216,3.1696823921625645,-1.1847332646509443,1.3472321984746018,-0.0947044192133151,2.5319654631255464,6227.0,6425.0,0.9691828793774319,-0.6377169290370182,2.8330828570179802,3.1696823921625645,1.8431871848012453,3.1696823921625645,True,False,False
2083,12,10,2,-0.8024893895095382,2.057443169694225,0.2232759998749947,2.859932559203763,-0.8024893895095382,2.057443169694225,0.31566471367006554,2.859932559203763,6338.0,6875.0,0.9218909090909091,0.0,2.714104021033984,2.859932559203763,1.986910705497433,2.859932559203763,False,False,False
2084,9,9,0,-1.146248523634737,2.444261609154658,0.3430850174974936,3.5905101327893947,-1.146248523634737,2.444261609154658,0.34308501749749354,3.5905101327893947,6572.0,6572.0,1.0,0.0,3.5905101327893956,3.5905101327893947,3.5905101327893947,3.5905101327893947,False,False,True
2086,11,10,1,-0.8912757864762377,1.651834359900309,0.15324729649248225,2.543110146376547,-0.8912757864762377,1.651834359900309,0.11451529826647225,2.543110146376547,6848.0,6873.0,0.9963625782045686,0.0,2.5232616788651008,2.543110146376547,2.405415642106976,2.543110146376547,False,False,False
2097,11,10,1,-1.7291157914176531,1.7290056849800122,0.26966777960868094,3.4581214763976655,-1.7291157914176531,1.0910865066584416,0.12373398907154778,2.8202022980760946,6357.0,6381.0,0.996238834038552,-0.637919178321571,3.363288668260015,3.4581214763976655,2.5590236303752225,3.4581214763976655,False,True,False
2099,11,10,1,-1.414069940272172,0.9444915034825552,0.07323332416876464,2.358561443754727,-1.414069940272172,0.9444915034825552,0.15338583373616857,2.358561443754727,6556.0,6651.0,0.9857164336190046,0.0,2.3096871391135876,2.358561443754727,1.875639433715154,2.358561443754727,False,False,False
2110,10,10,0,-1.4329469298628614,1.4425722391320337,-0.04229854517092259,2.875519168994895,-1.4329469298628614,1.4425722391320337,-0.042298545170922575,2.875519168994895,5787.0,5787.0,1.0,0.0,2.875519168994896,2.875519168994895,2.875519168994895,2.875519168994895,False,False,True
2115,10,10,0,-1.525051855880807,1.4366696714915113,-0.44382270580761063,2.961721527372318,-1.525051855880807,1.4366696714915113,-0.4438227058076107,2.961721527372318,6215.0,6215.0,1.0,0.0,2.961721527372319,2.961721527372318,2.961721527372318,2.961721527372318,False,False,True
2116,10,10,0,-1.5855436307224355,1.3664167957864315,0.04226062525017866,2.951960426508867,-1.5855436307224355,1.3664167957864315,0.042260625250178666,2.951960426508867,6133.0,6133.0,1.0,0.0,2.9519604265088684,2.951960426508867,2.951960426508867,2.951960426508867,False,False,True
2117,11,10,1,-0.4892729392246258,1.8626882953543011,0.6882214833345202,2.351961234578927,-0.4892729392246258,1.8626882953543011,0.7256238258160935,2.351961234578927,6282.0,6378.0,0.9849482596425212,0.0,2.280131223424381,2.351961234578927,1.9483271747484698,2.351961234578927,False,False,False
2127,13,10,3,-1.242090330588562,2.573285100408954,-0.07472553030911655,3.815375430997516,-1.091821942933363,2.573285100408954,0.14283315217317524,3.665107043342317,6112.0,6300.0,0.9701587301587301,-0.15026838765519868,3.495343383556153,3.815375430997516,2.3033312091138143,3.815375430997516,True,False,False
2130,17,10,7,-1.9299795558679855,1.3951746719947793,-0.3111992653362632,3.3251542278627646,-1.5625875684195742,1.2638634516228968,-0.16121334915502952,2.8264510200424713,5374.0,6416.0,0.8375935162094763,-0.4987032078202933,2.9835681050991645,3.014254115472699,2.1462411803362396,3.3251542278627646,True,True,False
2132,11,10,1,-1.133512070883398,0.8565409819955895,0.009155774698669501,1.9900530528789875,-0.6528856355180007,0.8565409819955895,0.12342255925687624,1.5094266175135902,6839.0,6882.0,0.9937518163324615,-0.4806264353653973,1.9358445919656762,1.9900530528789875,1.5094266175135902,1.9900530528789875,True,False,False
2142,12,10,2,-2.515417194403665,1.5292681377148978,-0.4638842155640299,4.044685332118563,-1.5537901357933008,1.5292681377148978,-0.1900054980620068,3.0830582735081986,6613.0,6695.0,0.9877520537714712,-0.9616270586103646,3.822737178028889,4.044685332118563,3.0177021328563884,4.044685332118563,True,False,False
2154,13,10,3,-1.6749374163078874,1.4060110178457772,0.07308504589898392,3.0809484341536644,-1.3496954176715283,1.4060110178457772,0.33967169429760274,2.7557064355173058,5797.0,6187.0,0.9369646032002586,-0.3252419986363586,2.950810024098475,2.9782231279419586,2.6913757565738514,3.0809484341536644,True,False,False
2166,13,10,3,-1.8624290591138688,2.1275133472768406,0.18005429967146006,3.9899424063907096,-0.6453496881405598,2.1275133472768406,0.6477850590803635,2.7728630354174006,6272.0,6385.0,0.9823022709475333,-1.217079370973309,3.8065876624976074,3.9899424063907096,3.3712844584818926,3.9899424063907096,True,False,False
2168,10,10,0,-1.1388476119008508,1.52988461162621,0.11671382804474764,2.6687322235270607,-1.1388476119008508,1.52988461162621,0.11671382804474759,2.6687322235270607,7210.0,7210.0,1.0,0.0,2.668732223527061,2.6687322235270607,2.6687322235270607,2.6687322235270607,False,False,True
2169,15,10,5,-1.586289797921666,2.6864234486400744,0.21898682973727368,4.27271324656174,-1.586289797921666,2.6864234486400744,0.18735020142666756,4.27271324656174,6818.0,7225.0,0.9436678200692041,0.0,3.7767632932614945,4.111124772786118,1.3756587175474495,4.27271324656174,False,False,False
2172,11,10,1,-1.7069556935686792,0.8289160074481294,-0.18393133771490255,2.5358717010168084,-0.9970870586891788,0.8289160074481294,-0.03162890212952487,1.8260030661373081,5946.0,6072.0,0.9792490118577075,-0.7098686348795002,2.476064131752157,2.5358717010168084,1.8260030661373081,2.5358717010168084,True,False,False
2174,11,10,1,-1.2236363180695025,2.1526333044194583,0.14968114946779018,3.3762696224889606,-1.2236363180695025,2.1526333044194583,0.2797143639390618,3.3762696224889606,6359.0,6670.0,0.9533733133433283,0.0,3.325369077996267,3.3762696224889606,2.896458306691849,3.3762696224889606,False,False,False
2181,11,10,1,-2.515417194403665,0.7389459204585495,-0.3442455498690045,3.2543631148622145,-1.6023312640488572,0.7389459204585495,-0.12712838541553845,2.3412771845074065,6227.0,6250.0,0.99632,-0.913085930354808,3.159328822736873,3.2543631148622145,2.3412771845074065,3.2543631148622145,True,False,False
2182,10,10,0,-2.153333726020223,2.2528557390924777,-0.3685092141651946,4.406189465112701,-2.153333726020223,2.2528557390924777,-0.36850921416519467,4.406189465112701,6024.0,6024.0,1.0,0.0,4.406189465112701,4.406189465112701,4.406189465112701,4.406189465112701,False,False,True
2184,12,10,2,-1.9090710687774255,1.5748498903292731,0.34592262608174834,3.4839209591066984,-0.4631687692071618,1.5748498903292731,0.6427779523943824,2.038018659536435,5988.0,6182.0,0.9686185700420575,-1.4459022995702635,3.1838759500389266,3.4839209591066984,2.0209384869835834,3.4839209591066984,True,False,False
2193,12,10,2,-1.8811155240347217,3.728884134413925,-0.012802193096408019,5.609999658448647,-1.8811155240347217,3.728884134413925,0.2173099946881801,5.609999658448647,5933.0,6050.0,0.9806611570247934,0.0,5.091535500167924,5.609999658448647,2.721748714025585,5.609999658448647,False,False,False
2197,13,10,3,-1.514699604955481,2.17085412352784,-0.15583004581721094,3.685553728483321,-1.514699604955481,2.17085412352784,0.07475110323963974,3.685553728483321,6329.0,6651.0,0.9515862276349422,0.0,3.5535607058461385,3.685553728483321,2.9504837907766435,3.685553728483321,False,False,False
2198,12,10,2,-1.7707816015293358,2.035462210567281,0.011195477840555168,3.806243812096617,-1.7707816015293358,2.035462210567281,0.10721798975856241,3.806243812096617,6476.0,6650.0,0.9738345864661654,0.0,3.716476020760058,3.806243812096617,3.3879829765158265,3.806243812096617,False,False,False
2199,13,10,3,-1.5959704245623647,2.560566085838855,0.03071833448588164,4.156536510401219,-1.5959704245623647,2.560566085838855,0.06479461467099816,4.156536510401219,6455.0,7074.0,0.9124964659315804,0.0,3.6287298351491484,4.156536510401219,2.4683391631096896,4.156536510401219,False,False,False
2210,11,10,1,-1.233625669575546,3.1570358126231186,0.3604550590795592,4.390661482198665,-1.233625669575546,2.214082585481004,0.0807969837252033,3.44770825505655,6413.0,6627.0,0.9677078617775766,-0.9429532271421146,4.286857637594402,4.390661482198665,3.44770825505655,4.390661482198665,False,True,False
2217,13,10,3,-1.758659626761614,1.931121060188759,-0.16187664419034858,3.689780686950373,-1.758659626761614,1.488159363452194,-0.3244451952784173,3.246818990213808,6095.0,6319.0,0.9645513530621934,-0.4429616967365648,3.319978557456941,3.689780686950373,2.4408812641881057,3.689780686950373,False,True,False
2226,11,10,1,-1.967749726096094,1.1742228519267126,-0.23439602245773966,3.1419725780228065,-1.4374685266236835,1.1742228519267126,-0.0610606520939042,2.611691378550396,5587.0,5618.0,0.9944820220719117,-0.5302811994724106,3.0317597193290533,3.1419725780228065,2.611691378550396,3.1419725780228065,True,False,False
2229,12,10,2,-1.6904823401033893,1.5843916175393418,-0.3470984562200343,3.274873957642731,-1.6904823401033893,1.5843916175393418,-0.3146899363949885,3.274873957642731,6509.0,6665.0,0.9765941485371343,0.0,3.1315942067034355,3.274873957642731,2.6502386390506993,3.274873957642731,False,False,False
2230,11,10,1,-2.515417194403665,1.8197415660119676,-0.30536134782090135,4.3351587604156325,-2.201015499634504,1.8197415660119676,-0.08435576316262501,4.020757065646471,6178.0,6201.0,0.9962909208192227,-0.31440169476916147,4.234836146819574,4.3351587604156325,3.2919185900196406,4.3351587604156325,True,False,False
2239,11,10,1,-1.3921294758522196,2.2978458646912268,0.06767481735910862,3.6899753405434463,-1.3921294758522196,2.2978458646912268,0.10156625709670879,3.6899753405434463,6083.0,6257.0,0.9721911459165734,0.0,3.6207883281021305,3.6899753405434463,3.0455106997296273,3.6899753405434463,False,False,False
2241,11,10,1,-1.322769443171888,2.339659775974822,0.22615055394667702,3.66242921914671,-1.322769443171888,2.339659775974822,0.2981919535729647,3.66242921914671,7080.0,7101.0,0.9970426700464723,0.0,3.55797818320685,3.66242921914671,2.950099772544868,3.66242921914671,False,False,False
2244,13,10,3,-1.2185102034808748,1.003463312435794,-0.13043637509232966,2.2219735159166687,-0.8014346946798335,1.003463312435794,0.06951054621027583,1.8048980071156273,6103.0,6271.0,0.973210014351778,-0.4170755088010414,2.156175790680138,2.217611077600738,1.7330711917586208,2.2219735159166687,True,False,False
2247,11,10,1,-0.9982617821984358,2.359001280294816,0.29259239841616824,3.3572630624932516,-0.9982617821984358,2.359001280294816,0.2338395273474574,3.3572630624932516,7026.0,7046.0,0.9971615100766392,0.0,3.296972850214351,3.3572630624932516,2.996233986582978,3.3572630624932516,False,False,False
2250,13,10,3,-1.046193890001623,2.647484229899073,0.41651102606290064,3.693678119900696,-0.5249292233823544,2.647484229899073,0.6925968565003146,3.172413453281427,7425.0,7609.0,0.9758181101327376,-0.5212646666192686,3.2680082897740648,3.693678119900696,2.319789394790254,3.693678119900696,True,False,False
2253,12,10,2,-1.6872371203775818,1.614291553104778,0.1440976677462399,3.30152867348236,-1.0909191047474995,1.238693123650976,0.18021175802276823,2.3296122283984753,6258.0,6373.0,0.9819551231758983,-0.9719164450838846,3.083957139723984,3.30152867348236,2.3582704401557786,3.30152867348236,True,True,False
2261,15,10,5,-1.7836201462340655,1.4551719508262264,-0.18822653831327604,3.238792097060292,-1.62185448295447,1.4551719508262264,0.15794227523534504,3.0770264337806967,6412.0,7007.0,0.9150849150849151,-0.16176566327959518,2.983948176347245,2.995012327997986,2.3325104458211046,3.238792097060292,True,False,False
2272,13,10,3,-1.6764033694092173,3.8512171246718503,0.3645263175911647,5.527620494081067,-0.7692938579483547,2.7485203263596087,0.3230390056015463,3.5178141843079636,6442.0,6836.0,0.9423639555295494,-2.009806309773104,5.084885132784234,5.527620494081067,3.026907618050983,5.527620494081067,True,True,False
2275,10,10,0,-1.362610980250074,1.7174823649454865,0.44448770755095957,3.0800933451955608,-1.362610980250074,1.7174823649454865,0.4444877075509595,3.0800933451955608,6832.0,6832.0,1.0,0.0,3.0800933451955608,3.0800933451955608,3.0800933451955608,3.0800933451955608,False,False,True
2277,15,10,5,-1.8624290591138688,1.4801251040969756,0.3058770136886677,3.3425541632108446,-0.3293264806073899,1.4801251040969756,0.5667672320163297,1.8094515847043655,4941.0,5618.0,0.8794944820220719,-1.5331025785064791,2.798782457981645,3.227962066577599,1.5795003131607337,3.3425541632108446,True,False,False
2287,12,10,2,-1.344541917332306,1.6133538354055252,0.10636193906153435,2.9578957527378313,-0.5796586847538538,1.6133538354055252,0.3051322720426261,2.193012520159379,6772.0,7061.0,0.9590709531227871,-0.7648832325784523,2.790122205726172,2.9578957527378313,2.158863344674331,2.9578957527378313,True,False,False
2294,13,10,3,-1.8080133811730523,1.911476201289965,0.09345371437352629,3.7194895824630176,-1.062126800502694,1.911476201289965,0.22282756548821267,2.973603001792659,6753.0,6834.0,0.9881474978050921,-0.7458865806703585,3.3320812176257832,3.7194895824630176,2.682961336490669,3.7194895824630176,True,False,False
2296,17,10,7,-1.9299795558679855,1.697842521401571,-0.34801649012744557,3.6278220772695566,-1.275895468565954,1.697842521401571,0.09932935914538843,2.973737989967525,5765.0,6445.0,0.8944918541505043,-0.6540840873020315,3.293690320504837,3.5058559025746234,2.4937183872297184,3.6278220772695566,True,False,False
2305,12,10,2,-0.9434087205578588,1.5554096571933589,0.2774863447263772,2.498818377751218,-0.5551064212450182,1.5554096571933589,0.3916496193448495,2.110516078438377,7026.0,7186.0,0.9777344837183413,-0.38830229931284066,2.3808683990119524,2.498818377751218,2.110516078438377,2.498818377751218,True,False,False
2306,12,10,2,-2.2542219402877466,1.292466528860006,-0.1377029980871447,3.5466884691477523,-1.1006095679424397,1.292466528860006,0.13237850395962347,2.393076096802446,6269.0,6405.0,0.9787665886026542,-1.1536123723453064,3.3518264513160183,3.5466884691477523,2.393076096802446,3.5466884691477523,True,False,False
2309,11,10,1,-1.546102626793552,2.1885299315256255,-0.05506209679565383,3.7346325583191775,-1.546102626793552,2.1885299315256255,-0.06738276230168519,3.7346325583191775,6982.0,7074.0,0.9869946282160023,0.0,3.6109097564071946,3.7346325583191775,2.560258142614208,3.7346325583191775,False,False,False
2320,14,10,4,-1.7929622362106987,1.8417802059298196,-0.09612989692507816,3.634742442140518,-1.1203970871936455,1.8417802059298196,0.43324959113211686,2.962177293123465,5657.0,6025.0,0.9389211618257262,-0.672565149017053,3.5177942521793404,3.634742442140518,2.5895361933465066,3.634742442140518,True,False,False
2325,10,10,0,-1.545605478662966,2.059216952636048,-0.14606526429091887,3.604822431299014,-1.545605478662966,2.059216952636048,-0.14606526429091896,3.604822431299014,6687.0,6687.0,1.0,0.0,3.604822431299013,3.604822431299014,3.604822431299014,3.604822431299014,False,False,True
2329,15,10,5,-0.8888831119545357,3.4767092235497623,0.5436722234494662,4.365592335504298,-0.8888831119545357,1.983867104989194,0.055291374189442875,2.8727502169437296,5910.0,6060.0,0.9752475247524752,-1.492842118560568,3.9986659599364534,4.270885803272489,2.8230292875220298,4.365592335504298,False,True,False
2335,13,10,3,-1.0734762709966077,0.8217211874213389,0.04732261370809603,1.8951974584179467,-1.0734762709966077,0.8217211874213389,0.040220568361076584,1.8951974584179467,5988.0,6408.0,0.9344569288389513,0.0,1.8455359837278673,1.8951974584179467,1.4776769299045358,1.8951974584179467,False,False,False
2344,12,10,2,-1.8851548642863671,1.5500927923064405,0.16206035996707857,3.4352476565928076,-1.8851548642863671,1.5500927923064405,0.1028027780571497,3.4352476565928076,6817.0,6900.0,0.9879710144927536,0.0,3.159425815868342,3.4352476565928076,2.2902788365244153,3.4352476565928076,False,False,False
2348,12,10,2,-1.2375264350193322,1.5821130898829452,0.20038284525960223,2.8196395249022776,-1.2375264350193322,1.5821130898829452,0.3713689638584331,2.8196395249022776,6972.0,7250.0,0.9616551724137931,0.0,2.7643178836905657,2.8196395249022776,2.5695380477084866,2.8196395249022776,False,False,False
2349,11,10,1,-0.969525155267118,1.2600751119036289,-0.04416641314562815,2.229600267170747,-0.969525155267118,1.2600751119036289,0.0008432897714290052,2.229600267170747,5853.0,5874.0,0.9964249233912156,0.0,2.2103130823289585,2.229600267170747,2.1103523887969575,2.229600267170747,False,False,False
2350,12,10,2,-2.250140764442185,1.2290082253667518,-0.12366465965300706,3.479148989808937,-1.2408528895158557,1.2290082253667518,0.07135278638868678,2.4698611148826073,7257.0,7408.0,0.9796166306695464,-1.0092878749263297,3.2741551261271398,3.479148989808937,2.4698611148826073,3.479148989808937,True,False,False
2351,13,10,3,-1.631162427865399,2.8845553694195476,-0.320135558025689,4.515717797284946,-1.5504792740522302,2.8845553694195476,-0.05637017991670694,4.435034643471778,6002.0,6235.0,0.9626303127506014,-0.08068315381316804,4.029843263595788,4.515717797284946,2.1506170718380773,4.515717797284946,True,False,False
2352,13,10,3,-2.515417194403665,0.5965251409292104,-0.6201998789160471,3.1119423353328752,-1.5625875684195742,0.5965251409292104,-0.40469349650940406,2.1591127093487845,6029.0,6133.0,0.9830425566606881,-0.9528296259840907,2.862897735581813,3.103448987076237,2.241108647140734,3.1119423353328752,True,False,False
2363,12,10,2,-1.291391370709574,1.8414683127948888,0.18518260166635805,3.1328596835044626,-1.291391370709574,1.8414683127948888,0.3688425993557273,3.1328596835044626,6510.0,6682.0,0.9742592038311882,0.0,3.0648842368672886,3.1328596835044626,2.6483424313757054,3.1328596835044626,False,False,False
2368,13,10,3,-2.23245566911142,2.372845677311642,-0.34691710389638136,4.605301346423062,-1.1150833032515055,2.372845677311642,-0.07756126791914694,3.4879289805631477,6123.0,6401.0,0.9565692860490549,-1.117372365859914,4.034427881286464,4.605301346423062,2.3905382180262444,4.605301346423062,True,False,False
2377,12,10,2,-1.0428623178827976,1.6434953339301577,-0.015509551845429745,2.6863576518129553,-1.0428623178827976,1.6434953339301577,0.052519232174181675,2.6863576518129553,6090.0,6233.0,0.9770575966629231,0.0,2.513780709652285,2.6863576518129553,1.6169730426145645,2.6863576518129553,False,False,False
2378,12,10,2,-1.8080133811730523,1.1226595593537725,-0.27208979347353285,2.930672940526825,-1.079493036204212,1.1113961638313037,-0.2579723699863114,2.1908892000355156,5977.0,6022.0,0.9925273995350382,-0.7397837404913092,2.7973790681315736,2.930672940526825,2.2021525955579846,2.930672940526825,True,True,False
2379,12,10,2,-1.6441280402779834,2.5525504227708744,-0.0757572199502931,4.196678463048858,-1.6441280402779834,2.5525504227708744,0.1215358949157975,4.196678463048858,6416.0,6626.0,0.9683066706912165,0.0,4.039230320517076,4.196678463048858,2.955828508275355,4.196678463048858,False,False,False
2382,14,10,4,-1.4899190490492198,1.3531023689210968,-0.10963055891494457,2.8430214179703164,-1.4899190490492198,1.3531023689210968,0.04393813664540632,2.8430214179703164,6868.0,7147.0,0.9609626416678326,0.0,2.6735033901769474,2.8430214179703164,2.0304863278018024,2.8430214179703164,False,False,False
2390,11,10,1,-1.4801921018710609,1.1378419349563076,0.1687165654711993,2.6180340368273685,-0.1189637197615889,1.1378419349563076,0.3336074322054253,1.2568056547178965,7385.0,7713.0,0.9574743938804615,-1.361228382109472,2.4881157902354176,2.6180340368273685,1.2568056547178965,2.6180340368273685,True,False,False
2393,12,10,2,-0.9975441117101648,1.3270458938345278,0.0732190940908796,2.3245900055446924,-0.8468081998367997,1.3270458938345278,0.20248118779272412,2.1738540936713275,6943.0,7363.0,0.9429580334102947,-0.15073591187336488,2.264108385473106,2.3245900055446924,2.0078981474344886,2.3245900055446924,True,False,False
2400,15,10,5,-1.8135834899386472,1.4549563337127196,-0.28803345676580155,3.2685398236513667,-1.8135834899386472,1.4549563337127196,-0.004289438938780377,3.2685398236513667,5875.0,6475.0,0.9073359073359073,0.0,3.116519778898132,3.247918569923418,2.650336610275124,3.2685398236513667,False,False,False
2405,10,10,0,-0.9548415094585556,1.3414912437903104,0.052302729459097155,2.296332753248866,-0.9548415094585556,1.3414912437903104,0.05230272945909713,2.296332753248866,6642.0,6642.0,1.0,0.0,2.2963327532488655,2.296332753248866,2.296332753248866,2.296332753248866,False,False,True
2413,14,10,4,-1.0421464428820582,3.143813311441238,0.4590622895187991,4.185959754323296,-1.0421464428820582,1.7005958932840035,0.2672938821273457,2.742742336166062,6446.0,6849.0,0.941159293327493,-1.443217418157234,3.5508854791685844,3.7002660999755133,2.0774454519610663,4.185959754323296,False,True,False
2415,15,10,5,-1.4317347571142156,1.3507897848369124,-0.1001483703049415,2.782524541951128,-1.193034186756489,0.96051686280748,-0.020182283732750984,2.153551049563969,5746.0,6214.0,0.9246861924686193,-0.6289734923871588,2.6369272012137497,2.782524541951128,2.1637120788363977,2.782524541951128,True,True,False
2426,18,10,8,-1.0643324493152284,1.3779631911963997,-0.18626908357667696,2.4422956405116283,-1.047719563214917,1.3779631911963997,0.009579035979332651,2.4256827544113166,5510.0,6400.0,0.8609375,-0.01661288610031164,2.073140734326216,1.89662907527052,1.2435962202824837,2.4422956405116283,True,False,False
2427,16,10,6,-1.2670575239967012,2.4938422830471696,0.16851326880413767,3.760899807043871,-0.8097145419410658,2.4938422830471696,0.4309429999282554,3.3035568249882354,5585.0,6223.0,0.8974771010766511,-0.4573429820556356,3.0044704489760137,3.153863789364353,1.531546850757756,3.760899807043871,True,False,False
2428,11,10,1,-1.5893612934472263,1.6719788900554713,0.013553031868599246,3.2613401835026976,-0.8526535921708843,1.6719788900554713,0.17384446440018178,2.5246324822263557,6561.0,6616.0,0.9916868198307134,-0.7367077012763419,3.064832674000021,3.2613401835026976,2.4694824025505033,3.2613401835026976,True,False,False
2429,10,10,0,0.2127222011726019,1.1888064094220894,0.4751016416238286,0.9760842082494875,0.2127222011726019,1.1888064094220894,0.47510164162382873,0.9760842082494875,6583.0,6583.0,1.0,0.0,0.9760842082494874,0.9760842082494875,0.9760842082494875,0.9760842082494875,False,False,True
2430,12,10,2,-0.8077485140685414,2.032178747793132,0.232922362451813,2.839927261861673,-0.8077485140685414,1.6856952474352809,0.14213717863019312,2.4934437615038223,6582.0,6642.0,0.99096657633243,-0.3464835003578508,2.7643964731555997,2.839927261861673,2.4934437615038223,2.839927261861673,False,True,False
2433,11,10,1,-1.5580285749938132,0.9380998626152736,-0.07408622430118451,2.496128437609087,-1.5580285749938132,0.9380998626152736,-0.11771061063898232,2.496128437609087,7641.0,7700.0,0.9923376623376623,0.0,2.4156296643766733,2.496128437609087,2.2408248057664597,2.496128437609087,False,False,False
2437,12,10,2,-1.9756639958693247,1.6650194104164393,0.3255625097574781,3.6406834062857643,-0.7846816513540104,1.6650194104164393,0.5684901219509242,2.4497010617704498,5580.0,5850.0,0.9538461538461539,-1.1909823445153145,3.3732219761677253,3.6406834062857643,2.3407646788824197,3.6406834062857643,True,False,False
2439,10,10,0,-0.7947052162751472,2.2006082271337544,0.592072238828988,2.9953134434089015,-0.7947052162751472,2.2006082271337544,0.592072238828988,2.9953134434089015,6644.0,6644.0,1.0,0.0,2.995313443408902,2.9953134434089015,2.9953134434089015,2.9953134434089015,False,False,True
2440,12,10,2,-1.8515975023673552,1.014309048932589,-0.35537319765979064,2.865906551299944,-1.8515975023673552,1.014309048932589,-0.15074419542085557,2.865906551299944,6052.0,6209.0,0.9747141246577549,0.0,2.7200525832124014,2.865906551299944,2.273951442578949,2.865906551299944,False,False,False
2443,12,10,2,-2.23245566911142,1.1984528250570523,0.005977779852311886,3.430908494168472,-1.127304051460576,1.1984528250570523,0.2697394782050989,2.3257568765176284,5780.0,5850.0,0.9880341880341881,-1.1051516176508436,3.218361652327484,3.430908494168472,2.3253039655396455,3.430908494168472,True,False,False
2447,13,10,3,-2.1852954148960455,1.9504538352087255,-0.09980375728013378,4.135749250104771,-0.8431784058344569,1.9504538352087255,0.2894529657500766,2.7936322410431824,5422.0,5844.0,0.9277891854893908,-1.3421170090615888,3.6545583927394514,4.135749250104771,2.7936322410431824,4.135749250104771,True,False,False
2448,14,10,4,-1.8363095337022768,1.3576685939332749,-0.2538088785324021,3.1939781276355514,-0.6380763054455002,1.3576685939332749,-0.15312390259531328,1.9957448993787752,6191.0,6420.0,0.9643302180685358,-1.1982332282567763,2.9410585474596185,3.1939781276355514,1.9957448993787752,3.1939781276355514,True,False,False
2449,10,10,0,-1.1750731272298724,1.652198661985658,0.0684675079432125,2.8272717892155304,-1.1750731272298724,1.652198661985658,0.06846750794321252,2.8272717892155304,6661.0,6661.0,1.0,0.0,2.8272717892155317,2.8272717892155304,2.8272717892155304,2.8272717892155304,False,False,True
2450,13,10,3,-2.0909749064652976,2.247156010515162,-0.2321258077868872,4.338130916980459,-1.465776002143116,2.247156010515162,0.11625157681802067,3.7129320126582783,6654.0,6900.0,0.9643478260869566,-0.6251989043221808,4.07395616883018,4.338130916980459,3.4039507568974683,4.338130916980459,True,False,False
2454,9,9,0,-0.8242799533992312,1.613485834882651,0.45255243593245964,2.437765788281882,-0.8242799533992312,1.613485834882651,0.45255243593245964,2.437765788281882,6987.0,6987.0,1.0,0.0,2.437765788281883,2.437765788281882,2.437765788281882,2.437765788281882,False,False,True
2458,13,10,3,-1.5851327276894345,2.966962358133585,0.3628854399076046,4.552095085823019,-1.302724943151186,1.7358625878546226,0.4446047950272741,3.038587531005809,5832.0,6098.0,0.9563791407018695,-1.5135075548172106,4.186912010047973,4.552095085823019,3.038587531005809,4.552095085823019,True,True,False
2459,11,10,1,-1.3559650907671483,1.4947355909880558,0.1630018603750622,2.850700681755204,-1.3166107322876646,1.4947355909880558,0.3148985554892832,2.8113463232757203,5870.0,6075.0,0.9662551440329218,-0.039354358479483764,2.8060151439894114,2.850700681755204,2.380430945566064,2.850700681755204,True,False,False
2460,12,10,2,-2.0160733262408796,1.7489700447137078,-0.04001958125309294,3.7650433709545874,-0.9128318966958692,1.7489700447137078,0.23534863938539585,2.661801941409577,6989.0,7083.0,0.9867287872370465,-1.1032414295450104,3.5339402153258432,3.7650433709545874,2.566618087363902,3.7650433709545874,True,False,False
2463,9,9,0,-1.092478489629444,1.5310381999341316,0.04618021512472409,2.6235166895635755,-1.092478489629444,1.5310381999341316,0.04618021512472411,2.6235166895635755,6631.0,6631.0,1.0,0.0,2.6235166895635764,2.6235166895635755,2.6235166895635755,2.6235166895635755,False,False,True
2464,12,10,2,-2.0009416938723104,1.6088096388381736,-0.14664915519274468,3.609751332710484,-1.2236363180695025,1.6088096388381736,0.02099152983328325,2.832445956907676,7584.0,7637.0,0.9930601021343459,-0.7773053758028081,3.4323379015334394,3.609751332710484,2.674837427239447,3.609751332710484,True,False,False
2466,12,10,2,-1.3128307119116234,3.4663165365017754,0.5376113099691321,4.779147248413398,-0.4380412076630624,3.4663165365017754,0.741173032906401,3.904357744164838,6174.0,6368.0,0.969535175879397,-0.8747895042485605,4.386259333943582,4.779147248413398,2.8667615339907457,4.779147248413398,True,False,False
2473,12,10,2,-2.515417194403665,1.475408091557717,0.06800886362003758,3.9908252859613818,-0.9817181707608238,1.475408091557717,0.4001539500341833,2.457126262318541,6703.0,6747.0,0.9934785830739588,-1.533699023642841,3.5699494893046273,3.9908252859613818,2.2934825924804105,3.9908252859613818,True,False,False
2483,12,10,2,-2.515417194403665,2.268387715037847,0.19773269120035664,4.783804909441512,-1.0025535938312653,2.268387715037847,0.5281415243519771,3.270941308869112,7238.0,7281.0,0.9940942178272215,-1.5128636005724,4.194703518665376,4.783804909441512,2.975711408476624,4.783804909441512,True,False,False
2492,13,10,3,-2.515417194403665,1.6378169121807535,-0.5573540144269263,4.153234106584419,-1.5684543209156734,1.6378169121807535,-0.13981493310784207,3.2062712330964267,6153.0,6395.0,0.962157935887412,-0.9469628734879922,3.7844598391741475,4.153234106584419,3.1403822460179804,4.153234106584419,True,False,False
2501,13,10,3,-1.4829900075265543,2.4478192371337,0.16423839528974193,3.9308092446602547,-0.7518065797013063,2.4478192371337,0.5576381148513719,3.1996258168350065,6388.0,6700.0,0.9534328358208956,-0.7311834278252483,3.685192535665146,3.9308092446602547,2.319980722474431,3.9308092446602547,True,False,False
2502,12,10,2,-0.7024021234086506,2.167372568026929,0.2985679918352699,2.8697746914355795,-0.7024021234086506,2.167372568026929,0.3229521267908681,2.8697746914355795,5650.0,5789.0,0.9759889445500086,0.0,2.603597826654345,2.8697746914355795,1.7217724373876064,2.8697746914355795,False,False,False
2504,13,10,3,-2.0656770217537392,1.3058457000263528,-0.15336370095962046,3.3715227217800923,-2.0656770217537392,1.3058457000263528,-0.015279225310528877,3.3715227217800923,6390.0,6600.0,0.9681818181818181,0.0,3.2650155711308044,3.3715227217800923,2.7790508383063037,3.3715227217800923,False,False,False
2506,12,10,2,-1.5359349914689704,1.8259488093353495,-0.31995344161237016,3.36188380080432,-1.306787563758397,1.8259488093353495,-0.11385873023706121,3.1327363730937465,6210.0,6376.0,0.9739648682559598,-0.2291474277105734,3.2647861040175865,3.36188380080432,3.040198163924885,3.36188380080432,True,False,False
2507,10,10,0,-1.2075427025005554,2.0025126485679814,0.016518082161329228,3.2100553510685366,-1.2075427025005554,2.0025126485679814,0.016518082161329228,3.2100553510685366,6820.0,6820.0,1.0,0.0,3.210055351068537,3.2100553510685366,3.2100553510685366,3.2100553510685366,False,False,True
2509,11,10,1,-1.0137049225824133,1.900151768826128,0.3290010946123492,2.913856691408541,-1.0137049225824133,1.900151768826128,0.35069293574258004,2.913856691408541,6794.0,6836.0,0.9938560561732007,0.0,2.868323843942246,2.913856691408541,2.6325237353608513,2.913856691408541,False,False,False
2514,11,10,1,-1.5722121100961814,1.8019339131481165,-0.13881720990729254,3.3741460232442977,-1.3334260128031474,1.8019339131481165,0.004522280111596388,3.135359925951264,5988.0,6132.0,0.9765166340508806,-0.2387860972930338,3.341571326744246,3.3741460232442977,3.135359925951264,3.3741460232442977,True,False,False
2515,11,10,1,-1.169068001480886,2.4808204999381074,0.30736577572696644,3.6498885014189932,-1.169068001480886,2.4808204999381074,0.3972859915068777,3.6498885014189932,6675.0,6878.0,0.9704856062808956,0.0,3.5213173547925534,3.6498885014189932,2.661499296462464,3.6498885014189932,False,False,False
2520,12,10,2,-1.602638080557713,1.3943831343232076,0.02443712570906864,2.9970212148809203,-0.6752545008902258,1.3943831343232076,0.28493531638570085,2.069637635213433,6444.0,6662.0,0.967277093965776,-0.9273835796674872,2.7816852773846277,2.9970212148809203,2.3478527091136794,2.9970212148809203,True,False,False
2523,11,10,1,-1.812519137945222,2.0997928841039717,-0.11403713896147841,3.9123120220491936,-1.5941471120568205,2.0997928841039717,0.05581106093689599,3.6939399961607924,6864.0,7021.0,0.9776385130323316,-0.2183720258884012,3.8732165005712087,3.9123120220491936,3.6939399961607924,3.9123120220491936,True,False,False
2529,11,10,1,-1.189035044596266,1.3683136221074863,0.15942389910036955,2.5573486667037524,-1.1263333429690072,1.3683136221074863,0.29426979347003307,2.4946469650764937,6527.0,6559.0,0.9951212075011434,-0.06270170162725863,2.531126940654148,2.5573486667037524,2.3954541288113207,2.5573486667037524,True,False,False
2534,14,10,4,-1.5722121100961814,2.475878380493878,0.3969789977348179,4.048090490590059,-1.3748454074327212,2.475878380493878,0.541574711768025,3.850723787926599,6797.0,7073.0,0.9609783684433763,-0.19736670266346046,3.5705813502935935,3.850723787926599,2.568932360448451,4.048090490590059,True,False,False
2535,12,10,2,-1.5427369512115725,1.534682709779314,0.12334352417091397,3.077419660990887,-1.5427369512115725,1.534682709779314,0.3068011208810247,3.077419660990887,6179.0,6400.0,0.96546875,0.0,2.9975639649521626,3.077419660990887,2.7258186186446887,3.077419660990887,False,False,False
2539,14,10,4,-1.5232144433789097,2.00791041421072,-0.11004470320553088,3.5311248575896297,-1.26880348157769,2.00791041421072,0.04386533257054555,3.2767138957884097,6140.0,6425.0,0.9556420233463035,-0.25441096180122,3.2079109556011,3.5311248575896297,2.544109618012194,3.5311248575896297,True,False,False
2540,13,10,3,-1.175815288950345,1.9845730602439644,0.16936711225823617,3.160388349194309,-1.175815288950345,1.9845730602439644,0.06413638067000035,3.160388349194309,6536.0,6709.0,0.9742137427336414,0.0,2.9757257588090344,3.160388349194309,2.3346746169982215,3.160388349194309,False,False,False
2541,12,10,2,-1.3918934910373977,1.607039510285079,-0.3489333210511106,2.9989330013224764,-1.3918934910373977,1.607039510285079,-0.20984397844728014,2.9989330013224764,6232.0,6398.0,0.9740543919974992,0.0,2.9558037215725053,2.9989330013224764,2.8164804341091507,2.9989330013224764,False,False,False
2542,12,10,2,-1.7245309435868308,0.7659853678089259,-0.24962297413604503,2.4905163113957567,-1.7245309435868308,0.7407349472500308,-0.22180491025913152,2.4652658908368617,5964.0,6214.0,0.9597682652075957,-0.025250420558895037,2.4550802215857517,2.4905163113957567,2.309397322659077,2.4905163113957567,False,True,False
2545,12,10,2,-2.515417194403665,1.1840019689502017,-0.13898497933407675,3.6994191633538667,-0.7426461925727318,1.1840019689502017,0.17570167905451248,1.9266481615229334,6283.0,6476.0,0.9701976528721433,-1.7727710018309333,3.417609721032288,3.6994191633538667,2.0934213171005833,3.6994191633538667,True,False,False
2546,14,10,4,-0.8176480426501941,4.76073631311121,0.4483979312328395,5.578384355761404,-0.6478711274748471,2.1379735145039604,0.2695918545944761,2.7858446419788074,5814.0,6025.0,0.9649792531120331,-2.7925397137825967,4.852323022226058,5.578384355761404,2.1776649120907363,5.578384355761404,True,True,False
2547,12,10,2,-1.7277923301881373,1.7253308599762167,-0.1152270073905945,3.453123190164354,-1.7277923301881373,1.7253308599762167,-0.1149300245834611,3.453123190164354,6630.0,6825.0,0.9714285714285714,0.0,3.323840161925241,3.453123190164354,2.81839347998282,3.453123190164354,False,False,False
2550,12,10,2,-1.8452451608167688,1.59854186696617,-0.17641023520778795,3.443787027782939,-1.6825493086378114,1.59854186696617,0.14479102428425397,3.281091175603981,6116.0,6250.0,0.97856,-0.16269585217895788,3.3548900966139907,3.443787027782939,3.0055536626113866,3.443787027782939,True,False,False
2561,11,10,1,-0.886244776054375,1.58984427909858,0.37651720005460254,2.476089055152955,-0.886244776054375,1.2496846069481402,0.2551844921502048,2.135929383002515,6066.0,6188.0,0.980284421460892,-0.3401596721504401,2.439331270743026,2.476089055152955,2.135929383002515,2.476089055152955,False,True,False
2565,12,10,2,-1.351232633201285,1.3335026439465334,0.24008728570619034,2.6847352771478183,-1.351232633201285,1.3335026439465334,0.12421861630741338,2.6847352771478183,5330.0,5626.0,0.9473871311766797,0.0,2.499269681685446,2.6847352771478183,1.947418388386311,2.6847352771478183,False,False,False
2567,11,10,1,-0.9689995561786044,1.890771348259608,0.48624335047161593,2.8597709044382125,-0.9689995561786044,1.890771348259608,0.5163097671801827,2.8597709044382125,6775.0,6797.0,0.9967632779167279,0.0,2.8050097488474894,2.8597709044382125,2.4196824293957526,2.8597709044382125,False,False,False
2569,13,10,3,-1.7069556935686792,1.2744169887664278,-0.28683674021180317,2.981372682335107,-1.6633769137838936,1.2744169887664278,-0.13791205552928176,2.9377939025503217,6205.0,6622.0,0.9370280881908789,-0.043578779784785304,2.879425423186264,2.981372682335107,2.1946167560980374,2.981372682335107,True,False,False
2571,14,10,4,-0.9370890885021972,1.886206532364593,0.4056679054336817,2.82329562086679,-0.732202330417525,1.622788896206647,0.3301353852831671,2.354991226624172,6663.0,7043.0,0.9460457191537697,-0.46830439424261794,2.6336716720213205,2.618408862782118,1.9189893165902223,2.82329562086679,True,True,False
2572,12,10,2,-1.912302042803853,1.2804756742427938,-0.24032531952413336,3.192777717046647,-1.912302042803853,1.2804756742427938,-0.25723927868948904,3.192777717046647,5498.0,5831.0,0.9428914422912021,0.0,3.146917015995058,3.192777717046647,2.8926743478133807,3.192777717046647,False,False,False
2579,12,10,2,-1.4200822577885226,0.8130360058425015,-0.08622770678633396,2.233118263631024,-0.8555870181083725,0.8130360058425015,0.09554064843719952,1.668623023950874,6521.0,6600.0,0.988030303030303,-0.5644952396801499,2.150866900763343,2.233118263631024,1.668623023950874,2.233118263631024,True,False,False
2582,13,10,3,-2.287528717658233,2.2105967832459363,-0.13264056867282403,4.49812550090417,-2.287528717658233,2.2105967832459363,0.0452425577159997,4.49812550090417,6742.0,7036.0,0.958214894826606,0.0,3.974342398889883,4.49812550090417,2.5576824622793657,4.49812550090417,False,False,False
2597,11,10,1,-1.2831653907116296,1.528255954198352,0.13962862361280273,2.8114213449099816,-1.2831653907116296,1.528255954198352,0.20033238116446794,2.8114213449099816,6782.0,7068.0,0.9595359366157329,0.0,2.730371657652309,2.8114213449099816,2.2904762763351583,2.8114213449099816,False,False,False
2598,12,10,2,-1.3309270885291506,1.2907025279739308,-0.06299497932067165,2.6216296165030815,-1.0814905459632336,1.2907025279739308,0.00586739029535579,2.372193073937164,6333.0,6404.0,0.9889131792629606,-0.2494365425659173,2.4145687580250543,2.6216296165030815,1.7638177764072456,2.6216296165030815,True,False,False
2599,11,10,1,-1.616598231710651,1.7437688949952594,-0.14075648398746435,3.3603671267059108,-1.302724943151186,1.7437688949952594,0.006827690784854262,3.0464938381464455,6511.0,6596.0,0.9871134020618557,-0.3138732885594653,3.303432931342696,3.3603671267059108,3.0067634347230587,3.3603671267059108,True,False,False
2603,11,10,1,-1.3929251932443456,1.3850549587475838,-0.3503927504210317,2.7779801519919296,-1.3929251932443456,1.3850549587475838,-0.2644879330807276,2.7779801519919296,6257.0,6283.0,0.9958618494349832,0.0,2.7074538697426647,2.7779801519919296,2.1028214269739234,2.7779801519919296,False,False,False
2608,10,10,0,-1.3400385508820314,2.1741137022936563,0.18969161316127753,3.5141522531756877,-1.3400385508820314,2.1741137022936563,0.18969161316127758,3.5141522531756877,6274.0,6274.0,1.0,0.0,3.514152253175687,3.5141522531756877,3.5141522531756877,3.5141522531756877,False,False,True
2612,12,10,2,-1.3984638050921712,1.140363095868407,-0.09669798080666647,2.5388269009605784,-1.2369765680832805,1.140363095868407,-0.08992708239567802,2.3773396639516875,6631.0,6872.0,0.964930151338766,-0.1614872370088909,2.518072731535523,2.5388269009605784,2.3773396639516875,2.5388269009605784,True,False,False
2617,15,10,5,-1.3643872610114816,2.711604776388644,0.46661622824774673,4.075992037400125,-1.3643872610114816,2.711604776388644,0.8519059705222093,4.075992037400125,6359.0,6825.0,0.9317216117216117,0.0,3.780787133750544,3.9006398209849102,3.2240358928809107,4.075992037400125,False,False,False
2619,12,10,2,-1.1475463138439967,1.7069758084434188,-0.07746532643144266,2.8545221222874155,-1.1475463138439967,1.7069758084434188,0.036169890660454986,2.8545221222874155,6705.0,7023.0,0.954720205040581,0.0,2.722332089737045,2.8545221222874155,2.3267562890592837,2.8545221222874155,False,False,False
2623,12,10,2,-1.1692382960916778,2.566720726963633,0.1720622193695077,3.735959023055311,-1.1692382960916778,2.566720726963633,0.06176175774607602,3.735959023055311,6209.0,6290.0,0.9871224165341812,0.0,3.573661804271936,3.735959023055311,3.186480644082649,3.735959023055311,False,False,False
2628,15,10,5,-1.3984638050921712,1.614291553104778,0.2516708740436947,3.012755358196949,-0.3282400983947295,1.033000795754063,0.3786492178294686,1.3612408941487926,6312.0,6651.0,0.9490302210193956,-1.6515144640481563,2.5525847466048104,2.431464600846234,1.737464228287359,3.012755358196949,True,True,False
2630,13,10,3,-1.7183424752705805,3.220289399358061,0.3182861428853593,4.9386318746286415,-1.7183424752705805,2.1474699125248824,0.210795219600396,3.865812387795463,6664.0,6861.0,0.9712869844046057,-1.0728194868331786,4.67745091491338,4.9386318746286415,3.865812387795463,4.9386318746286415,False,True,False
2633,11,10,1,-1.1667220738518425,1.2322401844669484,-0.021913581886181466,2.398962258318791,-1.1667220738518425,1.2322401844669484,-0.020154555265147627,2.398962258318791,6361.0,6409.0,0.9925105320642846,0.0,2.258641838812579,2.398962258318791,1.535864117864269,2.398962258318791,False,False,False
2634,10,10,0,-0.9527938457748488,1.1370535326624072,-0.1716045771135764,2.089847378437256,-0.9527938457748488,1.1370535326624072,-0.17160457711357635,2.089847378437256,6200.0,6200.0,1.0,0.0,2.0898473784372564,2.089847378437256,2.089847378437256,2.089847378437256,False,False,True
2635,12,10,2,-1.0202227709844152,1.5209457399121846,0.27473881556030283,2.5411685108965996,-1.0202227709844152,1.5209457399121846,0.2341364876138347,2.5411685108965996,5760.0,6025.0,0.9560165975103735,0.0,2.4413673579511674,2.5411685108965996,1.853036128028817,2.5411685108965996,False,False,False
2636,13,10,3,-1.6532687970288558,1.530510286640676,-0.07993818100208988,3.1837790836695317,-1.6532687970288558,1.530510286640676,0.08161646935369944,3.1837790836695317,5896.0,6016.0,0.9800531914893617,0.0,3.040143066573373,3.1837790836695317,2.5333899061321326,3.1837790836695317,False,False,False
2638,9,9,0,-0.7164565038039609,1.9276807984830775,0.24812714372063344,2.6441373022870382,-0.7164565038039609,1.9276807984830775,0.2481271437206335,2.6441373022870382,6623.0,6623.0,1.0,0.0,2.6441373022870387,2.6441373022870382,2.6441373022870382,2.6441373022870382,False,False,True
2640,13,10,3,-1.9418465350274925,1.3949916004219878,-0.21452910653474164,3.3368381354494803,-1.1300847268270482,1.3949916004219878,0.207422331014189,2.525076327249036,6924.0,7150.0,0.9683916083916084,-0.8117618082004441,3.1990689901527163,3.3368381354494803,2.6718940144999492,3.3368381354494803,True,False,False
2641,15,10,5,-1.7946661394139842,2.3353518106062516,0.012582857383665423,4.130017950020235,-0.6059215866622906,1.1072112504206202,0.11208144511232535,1.7131328370829109,5960.0,6450.0,0.924031007751938,-2.4168851129373246,3.4974444583855204,3.4461398506815053,2.137080437039998,4.130017950020235,True,True,False
2643,11,10,1,-1.9557130784409824,1.5523113755636857,-0.13096595305426714,3.5080244540046683,-1.9557130784409824,1.5523113755636857,-0.22264260842694666,3.5080244540046683,6014.0,6050.0,0.9940495867768595,0.0,3.4114038547630896,3.5080244540046683,2.787678969027256,3.5080244540046683,False,False,False
2649,10,10,0,-1.1106436645840083,1.643962603608026,0.4248105432231372,2.7546062681920342,-1.1106436645840083,1.643962603608026,0.4248105432231372,2.7546062681920342,6635.0,6635.0,1.0,0.0,2.7546062681920347,2.7546062681920342,2.7546062681920342,2.7546062681920342,False,False,True
2653,10,10,0,-1.42860995193172,2.1576296703364917,-0.027018563362173474,3.5862396222682116,-1.42860995193172,2.1576296703364917,-0.027018563362173464,3.5862396222682116,5842.0,5842.0,1.0,0.0,3.586239622268212,3.5862396222682116,3.5862396222682116,3.5862396222682116,False,False,True
2655,12,10,2,-0.9636927008655464,1.100677222473063,-0.07021095104444208,2.0643699233386092,-0.9636927008655464,1.100677222473063,-0.10508445928625024,2.0643699233386092,6154.0,6318.0,0.9740424184868629,0.0,2.0031896797662965,2.0643699233386092,1.6384675005379798,2.0643699233386092,False,False,False
2670,13,10,3,-0.8176480426501941,2.153885993855365,0.1982224538370363,2.971534036505559,-0.6107177305251175,2.153885993855365,0.39347118443562557,2.7646037243804824,6932.0,7364.0,0.9413362303096143,-0.20693031212507673,2.7937336095179357,2.971534036505559,1.826494582574947,2.971534036505559,True,False,False
2674,11,10,1,-1.0959708544130582,2.1416011718113417,0.1663026340095866,3.2375720262243997,-1.0959708544130582,2.1416011718113417,0.1816153814833736,3.2375720262243997,6731.0,6825.0,0.9862271062271062,0.0,3.1234825269310718,3.2375720262243997,1.9246444134631993,3.2375720262243997,False,False,False
2678,13,10,3,-0.5850091209813514,2.7084878879147074,0.6584007589080462,3.293497008896059,-0.5850091209813514,2.7084878879147074,0.7769727257983339,3.293497008896059,5648.0,6053.0,0.9330910292416983,0.0,3.044493543782014,3.293497008896059,1.853776180486025,3.293497008896059,False,False,False
2681,12,10,2,-2.059027637480689,1.889417989920968,0.04520891095683305,3.9484456274016573,-0.4917050198452029,1.889417989920968,0.3928513357138921,2.3811230097661706,5749.0,6092.0,0.9436966513460275,-1.5673226176354866,3.6959095090191116,3.9484456274016573,2.7315622421028083,3.9484456274016573,True,False,False
2692,9,9,0,-1.7696271277419338,1.4426955025837167,0.1588600994359749,3.2123226303256507,-1.7696271277419338,1.4426955025837167,0.1588600994359749,3.2123226303256507,6022.0,6022.0,1.0,0.0,3.212322630325652,3.2123226303256507,3.2123226303256507,3.2123226303256507,False,False,True
2710,10,10,0,-1.1245893582214432,1.467457464304477,-0.050187780810511194,2.59204682252592,-1.1245893582214432,1.467457464304477,-0.050187780810511215,2.59204682252592,5595.0,5595.0,1.0,0.0,2.5920468225259197,2.59204682252592,2.59204682252592,2.59204682252592,False,False,True
2711,14,10,4,-1.7069556935686792,1.4293547399654365,-0.0961657044496655,3.1363104335341156,-0.9275755416845916,1.4293547399654365,0.2097197092446322,2.356930281650028,6652.0,6856.0,0.9702450408401401,-0.7793801518840877,2.8817430999774896,3.1363104335341156,2.278391502353143,3.1363104335341156,True,False,False
2717,10,10,0,-1.3835710932346843,1.808138992900725,-0.12483510012246216,3.1917100861354095,-1.3835710932346843,1.808138992900725,-0.12483510012246217,3.1917100861354095,6506.0,6506.0,1.0,0.0,3.191710086135409,3.1917100861354095,3.1917100861354095,3.1917100861354095,False,False,True
2724,15,10,5,-1.0067894335617216,1.9893302882488773,0.14901451749800543,2.996119721810599,-1.0067894335617216,1.9893302882488773,0.2624983066525176,2.996119721810599,6462.0,7038.0,0.9181585677749361,0.0,2.7402576097421325,2.976710681510588,1.9926512165408485,2.996119721810599,False,False,False
2729,11,10,1,-1.3300378316929085,2.1078467353712824,0.04224952670418189,3.4378845670641907,-1.3300378316929085,2.1078467353712824,0.06402878366945612,3.4378845670641907,6461.0,6617.0,0.9764243614931237,0.0,3.283548447644439,3.4378845670641907,2.2802503277951818,3.4378845670641907,False,False,False
2737,12,10,2,-1.967749726096094,2.242508642032102,0.19639278475481783,4.210258368128196,-0.7282917715052748,2.242508642032102,0.351815808412687,2.970800413537377,6418.0,6472.0,0.9916563658838071,-1.239457954590819,3.736087396945989,4.210258368128196,2.900020740884631,4.210258368128196,True,False,False
2739,13,10,3,-2.3083721758971443,1.9933642034191343,-0.18255723250572217,4.301736379316279,-1.106630025927381,1.9933642034191343,0.08137172394787648,3.0999942293465153,6429.0,6625.0,0.9704150943396227,-1.2017421499697636,3.8320285503801004,4.301736379316279,2.592816331567052,4.301736379316279,True,False,False
2747,10,10,0,-1.2588446314282344,1.4564280688728035,0.05307444629535245,2.715272700301038,-1.2588446314282344,1.4564280688728035,0.05307444629535243,2.715272700301038,6957.0,6957.0,1.0,0.0,2.715272700301039,2.715272700301038,2.715272700301038,2.715272700301038,False,False,True
2750,13,10,3,-2.0160733262408796,1.4812145187636392,-0.09223095150962682,3.497287845004519,-1.1769269917764476,1.4812145187636392,0.11058679272901491,2.6581415105400867,5757.0,6243.0,0.9221528111484864,-0.8391463344644321,3.17390679149364,3.497287845004519,2.60647230319495,3.497287845004519,True,False,False
2751,12,10,2,-2.14228111709521,1.3916485984485925,-0.25065608798466377,3.5339297155438025,-2.14228111709521,1.3916485984485925,-0.3742343908778696,3.5339297155438025,6945.0,7149.0,0.9714645404951742,0.0,3.281455731082531,3.5339297155438025,2.618580275896498,3.5339297155438025,False,False,False
2752,12,10,2,-1.215323699817674,1.6607307861159315,0.24570894724721473,2.8760544859336052,-1.215323699817674,1.6607307861159315,0.3318484933507303,2.8760544859336052,7357.0,7503.0,0.9805411168865787,0.0,2.7582234181395084,2.8760544859336052,2.3358670828658794,2.8760544859336052,False,False,False
2754,11,10,1,-1.0390961928789078,1.370439508529132,0.15831738770588244,2.40953570140804,-0.911661318154458,1.370439508529132,0.27805874576436146,2.28210082668359,6350.0,6442.0,0.9857187208941323,-0.12743487472445025,2.383607672299857,2.40953570140804,2.28210082668359,2.40953570140804,True,False,False
2755,13,10,3,-1.8308328590192011,1.098645851408179,-0.5030465257463953,2.92947871042738,-1.49034902730723,1.098645851408179,-0.40686336553288827,2.588994878715409,5343.0,5801.0,0.9210480951560076,-0.34048383171197116,2.8100539054221554,2.92947871042738,2.403832412318326,2.92947871042738,True,False,False
2803,11,10,1,-1.6939159919423084,1.6249581249613083,0.05421896610127553,3.3188741169036167,-1.2858350789276138,1.6249581249613083,0.22903246190563395,2.910793203888922,6222.0,6253.0,0.9950423796577643,-0.4080809130146945,3.28469284268975,3.3188741169036167,2.910793203888922,3.3188741169036167,True,False,False
2870,11,10,1,-0.6478711274748471,2.4301492874740713,0.28901856607241505,3.0780204149489183,-0.0900326918987068,2.4301492874740713,0.3827075354271413,2.520181979372778,6133.0,6183.0,0.9919133106906033,-0.5578384355761403,2.93368829946706,3.0780204149489183,1.3232966650901166,3.0780204149489183,True,False,False
2885,11,10,1,-1.4569058650708164,1.5631803522027612,0.14774556968814848,3.020086217273578,-1.4569058650708164,1.5631803522027612,0.2548959881204419,3.020086217273578,6552.0,6600.0,0.9927272727272727,0.0,2.964105942578245,3.020086217273578,2.4869389668375472,3.020086217273578,False,False,False
2908,13,10,3,-1.182457943026973,2.5379762925535596,0.3497402254734426,3.720434235580533,-1.182457943026973,2.5379762925535596,0.5304873576105041,3.720434235580533,6942.0,7200.0,0.9641666666666666,0.0,3.379177932105431,3.720434235580533,2.2766672442868456,3.720434235580533,False,False,False
2916,11,10,1,-1.832406616112039,2.435087248092437,-0.03983023541034818,4.267493864204476,-1.3334260128031474,2.435087248092437,0.1394274026598209,3.7685132608955847,5845.0,5932.0,0.9853337828725557,-0.49898060330889127,4.096705623783583,4.267493864204476,3.2138541000507077,4.267493864204476,True,False,False
2934,10,10,0,-0.7151317904824589,1.4968162495651505,0.07222601626692492,2.2119480400476093,-0.7151317904824589,1.4968162495651505,0.07222601626692493,2.2119480400476093,6711.0,6711.0,1.0,0.0,2.2119480400476097,2.2119480400476093,2.2119480400476093,2.2119480400476093,False,False,True
3084,13,10,3,-1.723711372342461,0.8213602484739848,-0.39684882685972195,2.545071620816446,-1.723711372342461,0.8213602484739848,-0.3167037857605869,2.545071620816446,5707.0,5995.0,0.9519599666388657,0.0,2.4187317297090964,2.545071620816446,1.9219698164164245,2.545071620816446,False,False,False
112358,12,10,2,-1.0030366281864926,1.082999183841113,0.10497977207643476,2.086035812027606,-1.0030366281864926,1.082999183841113,0.14214020069234537,2.086035812027606,5952.0,6145.0,0.9685923515052889,0.0,1.9074416049619827,2.086035812027606,1.4155703259903158,2.086035812027606,False,False,False
