athlete_id,team_id,athlete_display_name,team_short_display_name_x,points,minutes,excluded_source_points,excluded_source_rows,captured_game_records,played_appearances,minutes_per_played_appearance,points_per_minute,ability_standardized,qualifies_five_minutes,team_short_display_name_y,eligible_players,eligible_minutes,team_ability_sum,qualifying_players,qualifying_minutes,qualifying_ability_sum,below_five_players,qualifying_minute_share,below_five_minute_share,full_peer_count,restricted_peer_count,full_peer_mean,restricted_peer_mean,restricted_minus_full,viability,team_congestion,peer_mean_loo,score_fitted_logit,score_algebraic_equivalent,score_ability_only,score_rank,ability_only_rank,season_softmax_mass,draft_year,overall_pick,draft_name_first,draft_name_last,match_tier,match_score,drafted_2015,ever_drafted_in_lookup,peer_bin,selected_by_fitted_top_45,selected_by_ability_only_top_45,selected_by_fitted_top_105,selected_by_ability_only_top_105
45802,252,Tyler Haws,BYU,776.0,1125.0,0.0,0,35,35,32.142857142857146,0.6897777777777778,3.339999968977195,True,BYU,15,7100.0,1.920297241475442,14,7059.0,4.021624398866066,1,0.994225352112676,0.0057746478873239,14,13,-0.1014073376786966,0.05243264845299,0.1538399861316867,0.9999999999898076,0.06681474681497108,-0.10140733767869665,3.034775025372724,3.034775025372724,3.121796595053008,6,7,0.0031763495895477216,,,,,,,False,False,6,True,True,True,True
51066,2,KT Harrell,Auburn,648.0,1156.0,0.0,0,35,35,33.02857142857143,0.5605536332179931,2.243036137500527,True,Auburn,13,7061.0,-4.432499577252127,12,7040.0,-3.129774634100941,1,0.9970259170089224,0.0029740829910777,12,11,-0.5562946428960545,-0.4884373428728608,0.0678573000231936,0.9789430439256355,0.07540139996581043,-0.5562946428960545,1.9982927075531578,1.998292707553158,2.096497796906957,59,63,0.0011266518747083487,,,,,,,False,False,1,False,False,True,True
51085,302,Corey Hawkins,UC Davis,586.0,934.0,0.0,0,32,28,33.357142857142854,0.6274089935760171,2.8105609797266022,True,UC Davis,11,6458.0,1.1367941663176158,9,6410.0,3.4216714922888967,2,0.992567358315268,0.0074326416847321,10,8,-0.1673766813408986,0.0763888140702868,0.2437654954111854,0.9999996774563954,0.09095141363132632,-0.16737668134089864,2.508488138650095,2.508488138650095,2.626946041375625,17,16,0.0018765701510503065,,,,,,,False,False,5,True,True,True,True
51123,113,Cady Lalanne,UMass,370.0,929.0,0.0,0,32,32,29.03125,0.3982777179763186,0.8655009226511478,True,UMass,11,6449.0,-0.0981178412261267,11,6449.0,-0.0981178412261267,0,1.0,0.0,10,10,-0.0963618763877274,-0.0963618763877274,0.0,9.080251096197436e-11,4.5452492349637405e-10,-0.0963618763877275,0.8089574420558329,0.8089574420558328,0.80895744264782,794,823,0.00034297937194944063,2015,55,cady,lalanne,high,100.0,True,True,6,False,False,False,False
51361,24,Anthony Brown,Stanford,547.0,1320.0,0.0,0,37,37,35.67567567567568,0.4143939393939393,1.0023090404794732,True,Stanford,12,7505.0,-2.4418610804041565,11,7471.0,-1.174803556407456,1,0.9954696868754164,0.0045303131245836,11,10,-0.3131063746257845,-0.2177112596886929,0.0953951149370916,1.3212596639317247e-09,0.041821304308684,-0.31310637462578456,0.8823584921975914,0.8823584921975914,0.9368278379708666,722,702,0.00036910138242019234,2015,34,anthony,brown,high,100.0,True,True,2,False,False,False,False
51374,87,Jerian Grant,Notre Dame,628.0,1408.0,0.0,0,38,38,37.05263157894737,0.4460227272727273,1.2708009423192743,True,Notre Dame,13,7725.0,4.646891369714242,10,7610.0,5.210790222679528,3,0.9851132686084142,0.0148867313915858,12,9,0.2813408689495806,0.4377765867066949,0.1564357177571142,2.5305275500031043e-07,0.010813473066448958,0.28134086894958066,1.1736952712970046,1.1736952712970046,1.1877790693325456,435,449,0.0004939370769646113,2015,19,jerian,grant,high,100.0,True,True,14,False,False,False,False
51401,2247,Ryan Harrow,Georgia St,530.0,923.0,0.0,0,35,28,32.964285714285715,0.5742145178764897,2.359001280294816,True,Georgia St,11,7046.0,3.2185163825778513,11,7046.0,3.2185163825778513,0,1.0,0.0,10,10,0.0859515102283035,0.0859515102283035,0.0,0.9977820483789454,0.1159286500500717,0.0859515102283035,2.0538978767648732,2.0538978767648732,2.2048868960933588,51,50,0.0011910740475126846,,,,,,,False,False,11,False,False,True,True
51555,2483,Joe Young,Oregon,745.0,1322.0,0.0,0,36,36,36.72222222222222,0.5635400907715582,2.268387715037847,True,Oregon,12,7281.0,2.372792294404279,10,7223.0,4.250626829955164,2,0.992034061255322,0.0079659387446778,11,9,0.0094913253969483,0.2202487905463685,0.2107574651494201,0.9870730784235183,0.08225610078271194,0.009491325396948434,2.0130602856195137,2.0130602856195132,2.1201931469579525,56,58,0.0011434132520852735,2015,43,joe,young,high,100.0,True,True,9,False,False,True,True
51634,2174,Juwan Howard Jr.,Detroit Mercy,573.0,1042.0,0.0,0,33,33,31.575757575757574,0.5499040307101728,2.1526333044194583,True,Detroit Mercy,11,6670.0,1.6464926441456915,11,6670.0,1.6464926441456915,0,1.0,0.0,10,10,-0.0506140660273766,-0.0506140660273766,0.0,0.8879378608206314,0.08078170965574318,-0.050614066027376635,1.9067884434975637,1.9067884434975637,2.012001012740205,75,81,0.0010281345335968254,,,,,,,False,False,7,False,False,True,True
52074,2169,Amere May,Delaware St,671.0,1095.0,0.0,0,36,32,34.21875,0.6127853881278539,2.6864234486400744,True,Delaware St,15,7225.0,3.2848024460591048,14,7193.0,3.1474553408479715,1,0.9955709342560554,0.0044290657439446,14,13,0.0427413569585021,0.0354639917082997,-0.0072773652502023,0.9999963375193234,0.13332731917503748,0.042741356958502195,2.3372688807925117,2.3372688807925113,2.51091845890146,23,23,0.0015812670641976313,,,,,,,False,False,10,True,True,True,True
52087,356,Rayvonte Rice,Illinois,396.0,721.0,0.0,0,33,24,30.041666666666668,0.5492371705963939,2.146972431770915,True,Illinois,11,6632.0,4.914271596601641,10,6587.0,2.525022352606391,1,0.9932147165259348,0.0067852834740651,10,9,0.2767299164830726,0.0420055467594973,-0.2347243697235753,0.8764302937247896,0.1704742155731701,0.27672991648307255,1.7846791348350861,1.7846791348350861,2.0067099668948774,127,83,0.0009099521339273343,,,,,,,False,False,14,False,False,False,True
52152,2582,Tre Lynch,Southern,368.0,661.0,0.0,0,35,30,22.033333333333335,0.556732223903177,2.2105967832459363,True,Southern,13,7036.0,-1.7243273927467124,13,7036.0,-1.7243273927467124,0,1.0,0.0,12,12,-0.3279103479993874,-0.3279103479993874,0.0,0.9609968488615871,0.07392292767826357,-0.3279103479993874,1.9698982352574546,1.9698982352574543,2.066177717087103,66,70,0.001095111100196027,,,,,,,False,False,2,False,False,True,True
52287,2198,Corey Walden,E Kentucky,594.0,1108.0,0.0,0,33,32,34.625,0.5361010830324909,2.035462210567281,True,E Kentucky,12,6650.0,0.134345734086662,12,6650.0,0.134345734086662,0,1.0,0.0,11,11,-0.1728287705891471,-0.1728287705891471,0.0,0.44436548893175376,0.037049022571206146,-0.17282877058914717,1.8542309676177895,1.8542309676177895,1.9024847477031195,91,109,0.0009754938258528922,,,,,,,False,False,5,False,False,True,False
52289,2870,Steve Forbes,Purdue FW,395.0,678.0,0.0,0,31,28,24.214285714285715,0.5825958702064897,2.4301492874740713,True,Purdue FW,11,6183.0,3.1792042267965654,11,6183.0,3.1792042267965654,0,1.0,0.0,10,10,0.0749054939322494,0.0749054939322494,0.0,0.9994480401903882,0.09085891274478088,0.0749054939322494,2.153049352171831,2.153049352171831,2.271386778913724,38,41,0.0013152239251292362,,,,,,,False,False,10,True,True,True,True
52441,2608,Brad Waldow,Saint Mary's,590.0,1068.0,0.0,0,31,31,34.45161290322581,0.552434456928839,2.1741137022936563,True,Saint Mary's,10,6274.0,1.896916131612776,9,6209.0,3.2369546824948072,1,0.9896397832323875,0.0103602167676123,9,8,-0.0307997300756533,0.1328551225251438,0.1636548526007972,0.923456869287147,0.09234568832318604,-0.030799730075653384,1.911804239932438,1.9118042399324382,2.032078088658439,74,75,0.0010333044017895206,,,,,,,False,False,8,False,False,True,True
53149,213,D.J. Newbill,Penn State,704.0,1261.0,0.0,0,34,34,37.088235294117645,0.5582870737509913,2.2237956637820746,True,Penn State,11,6873.0,-0.627368792582206,11,6873.0,-0.627368792582206,0,1.0,0.0,10,10,-0.285116445636428,-0.285116445636428,0.0,0.9696065003622806,0.08814604548750088,-0.2851164456364281,1.9637102046536894,1.9637102046536892,2.078514310110739,67,68,0.0010883554428578021,,,,,,,False,False,3,False,False,True,True
56115,183,Michael Gbinije,Syracuse,381.0,1050.0,0.0,0,31,30,35.0,0.3628571428571429,0.5648211237776323,True,Syracuse,9,6229.0,-0.1555128133502747,9,6229.0,-0.1555128133502747,0,1.0,0.0,8,8,-0.0900417421409883,-0.0900417421409883,0.0,2.5250658919649316e-13,0.0010419603903435697,-0.09004174214098828,0.5265640798192159,0.5265640798192158,0.5279211608983896,1155,1191,0.00025859857167700887,2016,49,michael,gbinije,high,100.0,False,True,7,False,False,False,False
56119,258,Malcolm Brogdon,Virginia,476.0,1105.0,0.0,0,34,34,32.5,0.4307692307692308,1.1413163632191956,True,Virginia,12,6802.0,-0.7650837653559805,10,6718.0,0.4929302862214144,2,0.9876506909732432,0.0123493090267567,11,9,-0.1733091025977433,-0.0720428974441979,0.1012662051535453,2.007114148008184e-08,2.1642743565615e-07,-0.1733091025977433,1.0667534814924386,1.0667534814924384,1.06675376337415,538,557,0.0004438409798127216,2016,36,malcolm,brogdon,high,100.0,False,True,5,False,False,False,False
56153,288,Malcolm Smith,Lipscomb,362.0,641.0,0.0,0,31,25,25.64,0.5647425897035881,2.2785955429969316,True,Lipscomb,14,6274.0,-0.2304554747911357,12,6184.0,3.130730162291767,2,0.9856550844756136,0.0143449155243863,13,11,-0.1930039244452359,0.0774667835722577,0.2704707080174937,0.9893892793974773,0.10309999515985216,-0.19300392444523595,1.9954535070681239,1.9954535070681239,2.1297340939224867,60,57,0.0011234576208684938,,,,,,,False,False,4,False,False,True,True
56170,87,Pat Connaughton,Notre Dame,475.0,1351.0,0.0,0,38,38,35.55263157894737,0.3515914137675796,0.4691880871762708,True,Notre Dame,13,7725.0,4.646891369714242,10,7610.0,5.210790222679528,3,0.9851132686084142,0.0148867313915858,12,9,0.3481419402114976,0.5268446817225843,0.1787027415110866,3.884874582686198e-14,0.010813473066448958,0.34814194021149764,0.42445206621324,0.42445206621324,0.438535864248781,1311,1338,0.00023349599605030505,2015,41,pat,connaughton,high,100.0,True,True,15,False,False,False,False
56181,222,Darrun Hilliard,Villanova,501.0,1007.0,0.0,0,36,35,28.771428571428572,0.4975173783515392,1.7079310927288522,True,Villanova,12,7250.0,1.184885426454914,9,7163.0,5.758611895484748,3,0.988,0.012,11,8,-0.0475496060249034,0.5063351003444869,0.5538847063693904,0.0013131517084653864,0.00010942933399133306,-0.047549606024903476,1.5962088289992742,1.5962088289992742,1.596351353110596,181,189,0.0007536451939555565,2015,38,darrun,hilliard,high,100.0,True,True,7,False,False,False,False
56188,331,Tyler Harvey,E Washington,704.0,1142.0,0.0,0,34,31,36.83870967741935,0.6164623467600701,2.717636583330326,True,E Washington,12,6843.0,4.934904394016807,10,6729.0,4.877761842953845,2,0.9833406400701448,0.0166593599298553,11,9,0.2015698009714983,0.2400139177359465,0.0384441167644482,0.9999980118023295,0.13779512150519727,0.20156980097149838,2.3606238480080837,2.360623848008084,2.540092428512842,22,20,0.0016186321362607866,2015,51,tyler,harvey,high,100.0,True,True,13,True,True,True,True
56258,2729,Marcus Thornton,William & Mary,659.0,1210.0,0.0,0,33,33,36.666666666666664,0.5446280991735537,2.1078467353712824,True,William & Mary,11,6617.0,0.4647447937460014,11,6617.0,0.4647447937460014,0,1.0,0.0,10,10,-0.1643101941625281,-0.1643101941625281,0.0,0.7673255034511011,0.06975686399441605,-0.1643101941625281,1.8792868929414333,1.879286892941433,1.9701403660164516,83,89,0.0010002445070588,2015,45,marcus,thornton,high,100.0,True,True,5,False,False,True,True
56286,38,Askia Booker,Colorado,532.0,937.0,0.0,0,34,31,30.225806451612904,0.567769477054429,2.304290322847384,True,Colorado,11,6879.0,2.597570256550967,11,6879.0,2.597570256550967,0,1.0,0.0,10,10,0.0293279933703582,0.0293279933703582,0.0,0.9935559282803168,0.09032428383943271,0.02932799337035825,2.0361091150539155,2.0361091150539155,2.1537502247586624,53,55,0.0011700736543735913,,,,,,,False,False,9,False,False,True,True
56311,2450,Jeff Short,Norfolk St,648.0,1155.0,0.0,0,34,34,33.970588235294116,0.561038961038961,2.247156010515162,True,Norfolk St,13,6900.0,-3.0176355012295337,11,6715.0,-0.2396101791720013,2,0.9731884057971014,0.0268115942028985,12,10,-0.4387326259787246,-0.2486766189687163,0.1900560070100082,0.9805425884372143,0.07554510198690982,-0.43873262597872476,2.0019562659060277,2.0019562659060277,2.1003485171670166,58,61,0.0011307869996053726,,,,,,,False,False,1,False,False,True,True
56330,172,Shonn Miller,Cornell,505.0,940.0,0.0,0,30,30,31.333333333333332,0.5372340425531915,2.0450797291894354,True,Cornell,15,6023.0,-4.113386497393893,13,5952.0,-3.4067846489501044,2,0.9882118545575296,0.0117881454424705,14,12,-0.439890444755952,-0.4543220315116283,-0.0144315867556762,0.4911943958988658,0.03274629349137838,-0.43989044475595207,1.8688241763082722,1.8688241763082722,1.911473950447542,86,107,0.0009898337893823111,,,,,,,False,False,1,False,False,True,False
56355,2250,Kyle Wiltjer,Gonzaga,638.0,1049.0,0.0,0,38,38,27.605263157894736,0.6081982840800763,2.647484229899073,True,Gonzaga,13,7609.0,5.414643338817708,11,7526.0,6.5117508158389255,2,0.9890918648968328,0.0109081351031673,12,10,0.2305965924098862,0.3864266585939852,0.1558300661840989,0.9999921519284993,0.07692252705144231,0.23059659240988625,2.3743369012390634,2.3743369012390634,2.474523153030572,20,25,0.0016409814130914806,,,,,,,False,False,13,True,True,True,True
56362,309,Shawn Long,Louisiana,558.0,951.0,0.0,0,36,34,27.970588235294116,0.5867507886435331,2.465419749226392,True,Louisiana,15,7250.0,6.655958648266679,13,7144.0,6.945699041867288,2,0.9853793103448276,0.0146206896551723,14,12,0.2993242070743062,0.3733566077200747,0.0740324006457684,0.9997231639973336,0.06668189846605752,0.2993242070743061,2.21750446505401,2.21750446505401,2.304353008981702,32,36,0.001402788511115764,,,,,,,False,False,14,True,True,True,True
56372,2197,Chris Olivier,E Illinois,350.0,634.0,0.0,0,33,27,23.48148148148148,0.5520504731861199,2.17085412352784,True,E Illinois,13,6651.0,-2.025790595623742,12,6570.0,-1.0823818750658831,1,0.9878213802435724,0.0121786197564276,12,11,-0.3497203932626318,-0.2957487271448839,0.0539716661177478,0.9188237911811411,0.08526697006797695,-0.3497203932626318,1.9179771497425562,1.9179771497425562,2.0290314593210295,73,76,0.0010397026241761233,,,,,,,False,False,2,False,False,True,True
56380,2546,Jarekious Bradley,SE Missouri St,421.0,768.0,0.0,0,30,26,29.53846153846154,0.5481770833333334,2.1379735145039604,True,SE Missouri St,14,6025.0,6.277571037259753,13,6004.0,1.5168347241485425,1,0.9965145228215768,0.0034854771784232,13,12,0.3184305786735225,-0.0517615658629515,-0.370192144536474,0.856057293411923,0.13257552096024655,0.31843057867352254,1.8256285389399336,1.8256285389399336,1.9982989520613217,107,86,0.0009479875811841138,,,,,,,False,False,15,False,False,False,True
56395,2084,Justin Moss,Buffalo,579.0,991.0,0.0,0,33,33,30.03030303030303,0.5842583249243188,2.444261609154658,True,Buffalo,9,6572.0,3.087765157477442,9,6572.0,3.087765157477442,0,1.0,0.0,8,8,0.080437943540348,0.080437943540348,0.0,0.999581198353106,0.1110646022375969,0.080437943540348,2.1399232029522985,2.1399232029522985,2.2845771376502357,39,39,0.00129807290928082,,,,,,,False,False,10,True,True,True,True
56440,2751,Larry Nance Jr.,Wyoming,498.0,1082.0,0.0,0,35,31,34.903225806451616,0.4602587800369686,1.3916485984485925,True,Wyoming,12,7149.0,-3.007873055815965,11,7086.0,-3.1873275308622535,1,0.9911875786823332,0.0088124213176667,11,10,-0.3999565140240506,-0.4578976129310845,-0.0579410989070339,2.694225345579497e-06,2.2451928611431377e-07,-0.39995651402405064,1.3007314131179732,1.3007314131179735,1.3007317055387582,341,359,0.0005608448324860983,2015,27,larry,nance jr.,high,100.0,True,True,1,False,False,False,False
56466,24,Chasson Randle,Stanford,724.0,1347.0,0.0,0,37,37,36.4054054054054,0.5374907201187825,2.0472586254534733,True,Stanford,12,7505.0,-2.4418610804041565,11,7471.0,-1.174803556407456,1,0.9954696868754164,0.0045303131245836,11,10,-0.4081017914416027,-0.3222062181860929,0.0858955732555097,0.5018549971651389,0.041821304308684,-0.4081017914416027,1.859041152878227,1.859041152878227,1.913510498651502,90,105,0.0009801974354230764,,,,,,,False,False,1,False,False,True,True
56489,2633,Josh Richardson,Tennessee,513.0,1162.0,0.0,0,32,32,36.3125,0.4414802065404475,1.2322401844669484,True,Tennessee,11,6409.0,-0.2410494007479961,11,6409.0,-0.2410494007479961,0,1.0,0.0,10,10,-0.1473289585214944,-0.1473289585214944,0.0,1.1897033315909991e-07,1.0815485644491698e-08,-0.14732895852149447,1.1517374852808073,1.1517374852808073,1.1517374993672267,454,477,0.0004832095200386826,2015,40,josh,richardson,high,100.0,True,True,5,False,False,False,False
56527,2466,Jalan West,N'Western St,643.0,1104.0,0.0,0,32,32,34.5,0.582427536231884,2.4287203263276833,True,N'Western St,12,6368.0,6.451335719629585,12,6368.0,6.451335719629585,0,1.0,0.0,11,11,0.365692308481991,0.365692308481991,0.0,0.9994323939058122,0.16661936619830295,0.365692308481991,2.0530410139629414,2.0530410139629414,2.2700511723021397,52,42,0.001190053897593701,,,,,,,False,False,15,False,True,True,True
56554,198,Obi Emegano,Oral Roberts,622.0,1168.0,0.0,0,34,34,34.35294117647059,0.5325342465753424,2.005183886035799,True,Oral Roberts,12,6850.0,-0.738742228914257,12,6850.0,-0.738742228914257,0,1.0,0.0,11,11,-0.2494478286318233,-0.2494478286318233,0.0,0.306596240750027,0.025549690436291215,-0.2494478286318233,1.840907818550654,1.840907818550654,1.8741845167737057,99,114,0.0009625833711267613,,,,,,,False,False,3,False,False,True,False
56589,2501,Kevin Bailey,Portland,366.0,674.0,0.0,0,33,25,26.96,0.543026706231454,2.0942527576866192,True,Portland,13,6700.0,2.135099138766645,11,6536.0,4.093391140987165,2,0.9755223880597016,0.0244776119402985,12,10,0.0034038650900021,0.1999138383300545,0.1965099732400524,0.7165078529688137,0.13200901614369256,0.003403865090002197,1.7855019077574992,1.7855019077574992,1.9574344876801102,125,91,0.000910701125986762,,,,,,,False,False,9,False,False,False,True
56594,301,Johnny Dee,San Diego,527.0,965.0,0.0,0,31,31,31.129032258064516,0.5461139896373057,2.1204602303324966,True,San Diego,14,6246.0,1.4388882366607358,13,6224.0,0.4815958024777558,1,0.9964777457572846,0.0035222542427153,13,12,-0.0524286148978277,-0.1365720356545617,-0.0841434207567339,0.8084772813939912,0.057749319033937506,-0.052428614897827755,1.9067153376250747,1.9067153376250745,1.9819298169108763,76,88,0.00102805937367206,,,,,,,False,False,7,False,False,True,True
56769,275,Frank Kaminsky,Wisconsin,732.0,1311.0,0.0,0,40,39,33.61538461538461,0.5583524027459954,2.2243502315442396,True,Wisconsin,12,8034.0,-0.4078428096272574,9,7931.0,3.5314266929353377,3,0.9871794871794872,0.0128205128205127,11,8,-0.2392902764701361,0.1633845576738872,0.4026748341440234,0.9699247450186015,0.0808270952552587,-0.23929027647013615,1.9737609669302483,1.9737609669302483,2.079032647765749,65,67,0.0010993494009674308,2015,9,frank,kaminsky,high,100.0,True,True,4,False,False,True,True
56834,149,Martin Breunig,Montana,534.0,963.0,0.0,0,33,32,30.09375,0.5545171339563862,2.1917932263458333,True,Montana,11,6850.0,0.3285923030660238,10,6806.0,1.8793679339733984,1,0.9935766423357664,0.0064233576642336,10,9,-0.1863200923279809,-0.0347139213747149,0.1516061709532659,0.944606136254999,0.08587474034318522,-0.18632009232798094,1.9367567150070175,1.9367567150070173,2.048602603179661,68,72,0.0010594122775733409,,,,,,,False,False,5,False,False,True,True
56899,2182,Damion Lee,Drexel,578.0,1029.0,0.0,0,30,27,38.111111111111114,0.5617103984450923,2.2528557390924777,True,Drexel,10,6024.0,-3.685092141651947,10,6024.0,-3.685092141651947,0,1.0,0.0,9,9,-0.6597719867493805,-0.6597719867493805,0.0,0.9825606856574239,0.09825606856574315,-0.6597719867493805,1.9777041717556187,1.9777041717556185,2.10567588046961,63,59,0.0011036929188924516,,,,,,,False,False,1,False,False,True,True
56933,127,Branden Dawson,Michigan St,415.0,1055.0,0.0,0,39,35,30.142857142857142,0.3933649289099526,0.8237970140214081,True,Michigan St,13,8026.0,-2.6898764028834923,11,7971.0,0.8069681952770198,2,0.9931472713680538,0.0068527286319461,12,10,-0.2928061180754084,-0.0016828818744388,0.2911232362009696,4.014284389372062e-11,1.2240329655040132e-07,-0.2928061180754083,0.7699779056302228,0.7699779056302228,0.7699780650520198,837,866,0.0003298674043920515,2015,56,branden,dawson,high,100.0,True,True,3,False,False,False,False
56985,2294,Aaron White,Iowa,558.0,1070.0,0.0,0,34,34,31.470588235294116,0.5214953271028038,1.911476201289965,True,Iowa,13,6834.0,1.2148982868558416,10,6753.0,2.2282756548821268,3,0.988147497805092,0.0118525021949078,12,9,-0.0580481595361769,0.0351999392880179,0.0932480988241949,0.06597923038421302,0.005075327434792361,-0.05804815953617696,1.7799885263926989,1.7799885263926987,1.786598788065023,129,139,0.0009056938994285132,2015,49,aaron,white,high,100.0,True,True,7,False,False,False,False
56994,2617,Thomas Walkup,SF Austin,529.0,943.0,0.0,0,34,34,27.735294117647054,0.5609756097560976,2.2466182312463148,True,SF Austin,15,6825.0,6.999243423716201,12,6700.0,8.852863833092501,3,0.9816849816849816,0.0183150183150183,14,11,0.3394732280335632,0.600567781986017,0.2610945539524538,0.9803407534911945,0.16830070735330432,0.3394732280335632,1.8806458827263848,1.8806458827263848,2.0998458712071453,81,62,0.0010016047531973026,,,,,,,False,False,15,False,False,True,True
56996,183,Rakeem Christmas,Syracuse,542.0,1064.0,0.0,0,31,31,34.32258064516129,0.5093984962406015,1.8087880699308336,True,Syracuse,9,6229.0,-0.1555128133502747,9,6229.0,-0.1555128133502747,0,1.0,0.0,8,8,-0.2455376104101385,-0.2455376104101385,0.0,0.009377643512723171,0.0010419603903435697,-0.24553761041013844,1.6892622274029614,1.6892622274029612,1.690619308482135,162,165,0.0008271409291609273,2015,36,rakeem,christmas,high,100.0,True,True,3,False,False,False,False
57000,2670,Treveon Graham,VCU,533.0,969.0,0.0,0,36,33,29.363636363636363,0.5500515995872033,2.153885993855365,True,VCU,13,7364.0,2.5768918998814714,12,7329.0,3.3945399425316656,1,0.9952471482889734,0.0047528517110265,12,11,0.0352504921688422,0.1127867226069364,0.0775362304380942,0.8903544045638063,0.06848881150845225,0.035250492168842205,1.923969940798393,1.9239699407983932,2.0131718635342155,71,79,0.0010459520518168036,,,,,,,False,False,10,False,False,True,True
57027,2599,Sir'Dominic Pointer,St John's,452.0,1143.0,0.0,0,33,33,34.63636363636363,0.3954505686789151,0.8415016883284823,True,St John's,11,6596.0,-1.548321323862108,10,6511.0,0.0682769078485434,1,0.9871134020618556,0.0128865979381442,10,9,-0.238982301219059,-0.0859138644977709,0.153068436721288,5.6767612188706755e-11,0.00024065744708844658,-0.238982301219059,0.7862126471338975,0.7862126471338975,0.7865260867531313,817,845,0.00033526642369117874,2015,53,sir'dominic,pointer,high,100.0,True,True,4,False,False,False,False
57030,197,Le'Bryan Nash,Oklahoma St,532.0,982.0,0.0,0,32,31,31.677419354838708,0.5417515274949084,2.083427962077224,True,Oklahoma St,13,6412.0,-0.4406007062315167,11,6282.0,-0.5149841430094004,2,0.9797255146600125,0.0202744853399875,12,10,-0.2103357223590617,-0.2598412105086624,-0.0495054881496007,0.6715796520040946,0.051660837492258076,-0.21033572235906173,1.8800322250602082,1.8800322250602084,1.9473168797790827,82,92,0.0010009902993134753,,,,,,,False,False,4,False,False,True,True
57041,26,Norman Powell,UCLA,591.0,1243.0,0.0,0,36,36,34.52777777777778,0.4754625905068383,1.5207114004728488,True,UCLA,11,7227.0,-2.2975790863380205,9,7177.0,0.3389654730733893,2,0.993081499930815,0.006918500069185,10,8,-0.3818290486810869,-0.1477182409249324,0.2341108077561544,3.368793455103791e-05,3.91774216378097e-06,-0.3818290486810869,1.4213576866789825,1.4213576866789825,1.4213627892661949,272,279,0.0006327469314649752,2015,46,norman,powell,high,100.0,True,True,2,False,False,False,False
57136,66,Abdel Nader,Iowa State,186.0,524.0,0.0,0,34,32,16.375,0.3549618320610687,0.4977990482122277,True,Iowa State,13,6792.0,4.543938343514599,11,6731.0,5.274379441341984,2,0.9910188457008244,0.0089811542991754,12,10,0.3371782746085309,0.4776580393129756,0.1404797647044446,6.801029048719176e-14,0.00012031839060566787,0.33717827460853095,0.46512095477519816,0.4651209547751981,0.46527766112687985,1245,1290,0.00024318775954028352,2016,58,abdel,nader,high,100.0,False,True,15,False,False,False,False
57159,2739,Keifer Sykes,Green Bay,614.0,1156.0,0.0,0,33,33,35.03030303030303,0.5311418685121108,1.9933642034191343,True,Green Bay,13,6625.0,-2.3732440225743883,10,6429.0,0.8137172394787643,3,0.9704150943396228,0.0295849056603773,12,9,-0.3638840188327936,-0.1310718848822633,0.2328121339505302,0.25972093492234205,0.019978534555111723,-0.3638840188327936,1.8371163637658883,1.8371163637658883,1.8631370181838744,102,117,0.000958940689693209,,,,,,,False,False,2,False,False,True,False
57183,68,Derrick Marks,Boise St,621.0,999.0,0.0,0,34,32,31.21875,0.6216216216216216,2.7614328718571226,True,Boise St,14,6906.0,2.851676861962863,13,6818.0,4.691844961919125,1,0.9872574572835215,0.0127425427164784,13,12,0.0069418453927492,0.1608676741718335,0.1539258287790842,0.9999991563063493,0.07142855447010397,0.006941845392749275,2.487996756213646,2.487996756213646,2.5810274900903374,18,18,0.0018385079399192295,,,,,,,False,False,9,True,True,True,True
57185,2507,LaDontae Henton,Providence,669.0,1257.0,0.0,0,34,34,36.97058823529411,0.5322195704057279,2.0025126485679814,True,Providence,10,6820.0,0.1651808216132919,9,6730.0,0.6998673389712411,1,0.9868035190615836,0.0131964809384164,9,8,-0.2041479807727432,-0.1628306636995925,0.0413173170731507,0.29559502174399704,0.029559706461760833,-0.20414798077274324,1.833188326455225,1.833188326455225,1.8716877921901527,104,115,0.0009551813231850889,,,,,,,False,False,4,False,False,True,False
57193,2630,Myles Taylor,UT Martin,78.0,142.0,0.0,0,34,7,20.285714285714285,0.5492957746478874,2.1474699125248824,True,UT Martin,13,6861.0,4.13771985750967,11,6781.0,1.2612824584519973,2,0.9883398921440024,0.0116601078559976,12,10,0.1658541620820656,-0.0886187454072885,-0.2544729074893541,0.8774809386054795,0.14442161065638473,0.16585416208206563,1.8190758244195728,1.8190758244195728,2.0071749470560345,109,82,0.0009417959971914714,,,,,,,False,False,12,False,False,False,True
57204,2239,Lanerryl Johnson,Fullerton,385.0,679.0,0.0,0,31,31,21.903225806451612,0.5670103092783505,2.2978458646912268,True,Fullerton,11,6257.0,0.7444229909501947,11,6257.0,0.7444229909501947,0,1.0,0.0,10,10,-0.1553422873741032,-0.1553422873741032,0.0,0.9926959590602645,0.09028616718562808,-0.15534228737410322,2.0301353199137275,2.0301353199137275,2.147726785322819,54,56,0.0011631047103101198,,,,,,,False,False,5,False,False,True,True
57324,70,Connor Hill,Idaho,491.0,921.0,0.0,0,30,30,30.7,0.5331161780673181,2.0101238127133505,True,Idaho,13,6101.0,1.2516875584380476,13,6101.0,1.2516875584380476,0,1.0,0.0,12,12,-0.0632030211896085,-0.0632030211896085,0.0,0.3275262519113978,0.025194882009774298,-0.06320302118960863,1.8459871314250835,1.8459871314250833,1.8788017163021578,96,111,0.0009674850713325037,,,,,,,False,False,7,False,False,True,False
57338,2908,Ty Greene,SC Upstate,709.0,1191.0,0.0,0,35,35,34.02857142857143,0.5952980688497062,2.5379762925535596,True,SC Upstate,13,7200.0,4.5466229311547535,13,7200.0,4.5466229311547535,0,1.0,0.0,12,12,0.1673872198834328,0.1673872198834328,0.0,0.9999330775509822,0.07691997080556438,0.16738721988343283,2.271986485328819,2.271986485328819,2.372169407787517,29,30,0.0014813355352628036,,,,,,,False,False,12,True,True,True,True
57359,2368,Chavaughn Lewis,Marist,596.0,1035.0,0.0,0,32,30,34.5,0.5758454106280193,2.372845677311642,True,Marist,13,6401.0,-4.509922350652958,12,6369.0,-3.851440165979651,1,0.9950007811279488,0.0049992188720512,12,11,-0.5735640023303833,-0.5658441675719357,0.0077198347584476,0.9983076069572172,0.0767929141648265,-0.5735640023303833,2.11780939377476,2.1178093937747597,2.2178268337787252,42,46,0.0012696826381285848,,,,,,,False,False,1,True,False,True,True
57442,2127,Saah Nimley,Charleston So,663.0,1106.0,0.0,0,31,31,35.67741935483871,0.5994575045207957,2.573285100408954,True,Charleston So,13,6300.0,-0.971431894018515,12,6273.0,-0.3424248682298175,1,0.9957142857142856,0.0042857142857143,12,11,-0.2953930828689557,-0.2650645426035247,0.030328540265431,0.9999664682701156,0.07692141948355759,-0.2953930828689557,2.304986669532932,2.3049866695329317,2.4051714787941543,25,26,0.0015310354232911743,,,,,,,False,False,3,True,True,True,True
57467,322,Dan Trist,Lafayette,570.0,892.0,0.0,0,33,33,27.03030303030303,0.6390134529147982,2.909069445167402,True,Lafayette,14,6608.0,-1.44500585947708,9,6277.0,4.23158612991052,5,0.949909200968523,0.0500907990314769,13,8,-0.3349288695880371,0.1653145855928897,0.5002434551809267,0.9999999530915321,0.07142856839287155,-0.33492886958803714,2.6259881620760774,2.6259881620760774,2.7190189140862073,12,12,0.002110544025628583,,,,,,,False,False,2,True,True,True,True
58169,2515,Javonte Green,Radford,525.0,892.0,0.0,0,34,34,26.235294117647054,0.5885650224215246,2.4808204999381074,True,Radford,11,6878.0,3.381023532996631,11,6878.0,3.381023532996631,0,1.0,0.0,10,10,0.0900203033058523,0.0900203033058523,0.0,0.9997951928669915,0.09089223431229275,0.09002030330585234,2.200366797456597,2.2003667974565975,2.3187476232271074,33,33,0.0013789528153930217,,,,,,,False,False,11,True,True,True,True
58448,2272,John Brown,High Point,617.0,995.0,0.0,0,33,32,31.09375,0.6201005025125628,2.7485203263596087,True,High Point,13,6836.0,4.7388421286851425,12,6816.0,0.8876250040132917,1,0.9970743124634288,0.002925687536571,12,11,0.1658601501937945,-0.1691723020314833,-0.3350324522252779,0.9999989137161466,0.15384607030149017,0.1658601501937944,2.3685846986252796,2.3685846986252796,2.5689585257364396,21,19,0.0016315692517996398,,,,,,,False,False,12,True,True,True,True
58449,2272,Quincy Drye,High Point,15.0,20.0,0.0,0,33,5,4.0,0.75,3.8512171246718503,False,High Point,13,6836.0,4.7388421286851425,12,6816.0,0.8876250040132917,1,0.9970743124634288,0.002925687536571,12,12,0.0739687503344409,0.0739687503344409,-1.3877787807814457e-17,0.9999999999999996,0.15384607030149017,0.07396875033444095,3.399241926865066,3.399241926865066,3.599615753976226,3,3,0.004573137495803531,,,,,,,False,False,10,True,True,True,True
58496,2439,Barry Cheaney,UNLV,15.0,27.0,0.0,0,33,7,3.857142857142857,0.5555555555555556,2.2006082271337544,False,UNLV,10,6644.0,5.920722388289879,9,6617.0,3.720114161156125,1,0.9959361830222756,0.0040638169777242,9,9,0.413346017906236,0.4133460179062361,5.551115123125783e-17,0.9529714172985356,0.18779882095095682,0.41334601790623615,1.8122467889117118,1.8122467889117118,2.056841716862512,112,71,0.0009353863496506757,,,,,,,False,False,16,False,False,False,True
61155,103,Olivier Hanlan,Boston College,625.0,1204.0,0.0,0,32,32,37.625,0.5191029900332226,1.8911680209033088,True,Boston College,12,6490.0,-7.4774703951900845,11,6461.0,-5.547490839322099,1,0.9955315870570108,0.0044684129429891,11,10,-0.8516944014630358,-0.7438658860225408,0.1078285154404949,0.045319595257085045,0.0037766372464493134,-0.8516944014630358,1.7626985404006124,1.7626985404006121,1.7676173482531536,136,144,0.0008901690634449091,2015,42,olivier,hanlan,high,100.0,True,True,1,False,False,False,False
61212,66,Georges Niang,Iowa State,521.0,1045.0,0.0,0,34,34,30.735294117647054,0.4985645933014354,1.716820738914796,True,Iowa State,13,6792.0,4.543938343514599,11,6731.0,5.274379441341984,2,0.9910188457008244,0.0089811542991754,12,10,0.2355931337166502,0.3557558702427187,0.1201627365260685,0.0015623197133474238,0.00012031839060566787,0.23559313371665022,1.604503529229654,1.604503529229654,1.6046602355813355,180,187,0.0007599224529195213,2016,50,georges,niang,high,100.0,False,True,13,False,False,False,False
61231,2692,Joel Bolomboy,Weber St,399.0,997.0,0.0,0,30,30,33.233333333333334,0.4002006018054162,0.8818239868883854,True,Weber St,9,6022.0,1.429740894923774,9,6022.0,1.429740894923774,0,1.0,0.0,8,8,0.0684896135044235,0.0684896135044235,0.0,1.2498170577628224e-10,8.130253216045744e-07,0.06848961350442358,0.8242130564423522,0.8242130564423522,0.8242141153513962,778,802,0.0003482518481658996,2016,52,joel,bolomboy,high,100.0,False,True,10,False,False,False,False
61263,356,Mike La Tulip,Illinois,26.0,45.0,0.0,0,33,14,3.2142857142857144,0.5777777777777777,2.38924924399525,False,Illinois,11,6632.0,4.914271596601641,10,6587.0,2.525022352606391,1,0.9932147165259348,0.0067852834740651,10,10,0.2525022352606391,0.2525022352606391,0.0,0.9987717967326699,0.1704742155731701,0.25250223526063903,2.0111279176157155,2.0111279176157155,2.233158749675507,57,43,0.0011412058903063282,,,,,,,False,False,14,False,True,True,True
61278,275,Sam Dekker,Wisconsin,556.0,1239.0,0.0,0,40,40,30.975,0.4487489911218725,1.2939437756323715,True,Wisconsin,12,8034.0,-0.4078428096272574,9,7931.0,3.5314266929353377,3,0.9871794871794872,0.0128205128205127,11,8,-0.154707871387239,0.2796853646628707,0.4343932360501097,3.9804181345910413e-07,0.0808270952552587,-0.15470787138723907,1.1041382923616432,1.1041382923616432,1.2094099731971437,501,430,0.0004607479538249599,2015,18,sam,dekker,high,100.0,True,True,5,False,False,False,False
61303,2309,Jimmy Hall,Kent State,476.0,859.0,0.0,0,35,30,28.633333333333333,0.5541327124563445,2.1885299315256255,True,Kent State,11,7074.0,-0.605683064752192,10,6982.0,-0.6738276230168524,1,0.9869946282160024,0.0130053717839977,10,9,-0.2794212996277817,-0.3180397282824975,-0.0386184286547158,0.9411676238219081,0.08556069322620391,-0.2794212996277817,1.9341156369561727,1.9341156369561732,2.0455525005590016,69,73,0.0010566179786652568,,,,,,,False,False,3,False,False,True,True
61411,314,A.J. English,Iona,685.0,1272.0,0.0,0,35,34,37.411764705882355,0.5385220125786163,2.056013108077182,True,Iona,11,7012.0,1.1355047018765283,9,6964.0,4.207374684814469,2,0.9931545921277808,0.0068454078722191,10,8,-0.0920508406200653,0.2689201970921608,0.3609710377122262,0.5445727775050188,0.13869238637349673,-0.09205084062006541,1.741055842132389,1.741055842132389,1.9216930478431158,145,103,0.0008711103875113635,,,,,,,False,False,6,False,False,False,True
61414,314,David Laury,Iona,674.0,1201.0,0.0,0,35,34,35.3235294117647,0.5611990008326395,2.248514563638964,True,Iona,11,7012.0,1.1355047018765283,9,6964.0,4.207374684814469,2,0.9931545921277808,0.0068454078722191,10,8,-0.1113009861762435,0.2448575151469381,0.3561585013231816,0.98104346574138,0.13869238637349673,-0.11130098617624362,1.9209811098261929,1.9209811098261933,2.10161831553692,72,60,0.0010428305450806334,,,,,,,False,False,6,False,False,True,True
61436,2050,Mading Thok,Ball State,14.0,22.0,0.0,0,30,4,5.5,0.6363636363636364,2.8865755611755604,True,Ball State,12,6127.0,2.793749448251689,12,6127.0,2.793749448251689,0,1.0,0.0,11,11,-0.0084387375385337,-0.0084387375385337,0.0,0.9999999271461082,0.08333332729063948,-0.008438737538533747,2.5894586893675093,2.589458689367509,2.6979945634552243,14,13,0.002034838131759308,,,,,,,False,False,8,True,True,True,True
61438,189,Richaun Holmes,Bowling Green,459.0,892.0,0.0,0,33,31,28.774193548387096,0.5145739910313901,1.8527220469351415,True,Bowling Green,14,6606.0,-3.920330049849191,12,6498.0,-1.09030752442599,2,0.983651226158038,0.0163487738419618,13,11,-0.4440809305218717,-0.2675481428510119,0.1765327876708597,0.021878820611901016,0.0015627849459549606,-0.4440809305218718,1.729647644391391,1.7296476443913908,1.731683063300428,150,155,0.0008612290591985816,2015,37,richaun,holmes,high,100.0,True,True,1,False,False,False,False
61474,2623,Marcus Marshall,Missouri St,273.0,456.0,0.0,0,19,14,32.57142857142857,0.5986842105263158,2.566720726963633,True,Missouri St,12,6290.0,2.0647466324340913,12,6290.0,2.0647466324340913,0,1.0,0.0,11,11,-0.0456340085935947,-0.0456340085935947,0.0,0.9999618712858268,0.15745637801021165,-0.045634008593594656,2.193959955890382,2.1939599558903815,2.399035958177208,34,27,0.0013701463241982013,,,,,,,False,False,8,True,True,True,True
61534,104,Eric Fanning,Boston Univ,368.0,640.0,0.0,0,30,30,21.333333333333332,0.575,2.3656691168875636,True,Boston Univ,12,6042.0,-3.9139524447798806,12,6042.0,-3.9139524447798806,0,1.0,0.0,11,11,-0.570874687424313,-0.570874687424313,0.0,0.9980528819361282,0.08317194643364642,-0.570874687424313,2.1027934338499064,2.102793433849906,2.211119120573883,46,48,0.0012507595641392333,,,,,,,False,False,1,False,False,True,True
61539,2057,Craig Bradshaw,Belmont,548.0,950.0,0.0,0,33,30,31.666666666666668,0.5768421052631579,2.381306464337925,True,Belmont,15,6600.0,4.406459638852821,12,6361.0,5.108564815691101,3,0.9637878787878787,0.0362121212121212,14,11,0.1446537981796354,0.2479325773957432,0.1032787792161078,0.9985655169942755,0.06691626757756963,0.14465379817963545,2.138581081183346,2.1385810811833457,2.2257348746096977,40,45,0.0012963319059521594,,,,,,,False,False,12,True,True,True,True
61564,2325,Jordan Price,La Salle,568.0,1054.0,0.0,0,33,33,31.939393939393938,0.538899430740038,2.059216952636048,True,La Salle,10,6687.0,-1.460652642909189,9,6650.0,-0.3218050310083384,1,0.9944668760281142,0.0055331239718857,9,8,-0.3910966217272486,-0.2976277479555483,0.0934688737717002,0.5600764605978241,0.05600764839107605,-0.3910966217272485,1.8517415099347743,1.8517415099347743,1.924687584108938,94,101,0.0009730683955091037,,,,,,,False,False,1,False,False,True,True
61572,239,Taurean Prince,Baylor,459.0,868.0,0.0,0,34,33,26.303030303030305,0.5288018433179723,1.9735000904744633,True,Baylor,11,6835.0,3.5990775830364288,10,6799.0,1.6342706269795455,1,0.994732991953182,0.0052670080468179,10,9,0.1625577492561965,-0.0376921626105464,-0.2002499118667429,0.19213347848842469,0.03265720583982086,0.16255774925619654,1.8020368910743885,1.8020368910743885,1.844570634731658,115,123,0.0009258847383613736,2016,12,taurean,prince,high,100.0,False,True,12,False,False,False,False
61652,153,Marcus Paige,North Carolina,534.0,1251.0,0.0,0,38,38,32.921052631578945,0.4268585131894484,1.1081188848783232,True,North Carolina,13,7613.0,1.291247446966336,10,7408.0,6.356191537146206,3,0.9730723761986076,0.0269276238013923,12,9,0.0152607135073343,0.5831191835853203,0.567858470077986,1.0480652887259915e-08,0.0048557557091053905,0.015260713507334397,1.0294008032399733,1.0294008032399733,1.0357250879814919,578,591,0.0004275681395571859,2016,55,marcus,paige,high,100.0,False,True,9,False,False,False,False
61653,153,Brice Johnson,North Carolina,492.0,944.0,0.0,0,38,38,24.842105263157897,0.5211864406779662,1.9088541120725413,True,North Carolina,13,7613.0,1.291247446966336,10,7408.0,6.356191537146206,3,0.9730723761986076,0.0269276238013923,12,9,-0.0514672220921837,0.4941486027859627,0.5456158248781465,0.06288613563022136,0.0048557557091053905,-0.051467222092183774,1.777823716117843,1.777823716117843,1.7841480008593615,130,140,0.0009037353646621228,2016,25,brice,johnson,high,100.0,False,True,7,False,False,False,False
61654,153,J.P. Tokoto,North Carolina,316.0,1096.0,0.0,0,38,38,28.842105263157897,0.2883211678832116,-0.0679032712554134,True,North Carolina,13,7613.0,1.291247446966336,10,7408.0,6.356191537146206,3,0.9730723761986076,0.0269276238013923,12,9,0.1132625598518124,0.7137883120446243,0.6005257521928119,1.056858308513474e-18,0.0048557557091053905,0.11326255985181244,-0.06979141137835651,-0.06979141137835651,-0.06346712663683791,2175,2220,0.00014244008452742396,2015,58,j.p.,tokoto,high,100.0,True,True,11,False,False,False,False
61662,201,Isaiah Cousins,Oklahoma,409.0,1079.0,0.0,0,35,35,30.82857142857143,0.3790546802594995,0.702319520458103,True,Oklahoma,11,7009.0,-0.9404518802846222,9,6906.0,2.6744292888416754,2,0.9853046083606792,0.0146953916393208,10,8,-0.1642771400742725,0.2465137210479465,0.4107908611222191,3.724178705479412e-12,0.04545029104273529,-0.16427714007427255,0.5972408898303359,0.5972408898303359,0.6564367389131365,1054,1009,0.00027753685995795624,2016,59,isaiah,cousins,high,100.0,False,True,5,False,False,False,False
61663,201,Buddy Hield,Oklahoma,610.0,1135.0,0.0,0,35,35,32.42857142857143,0.5374449339207048,2.046869953480111,True,Oklahoma,11,7009.0,-0.9404518802846222,9,6906.0,2.6744292888416754,2,0.9853046083606792,0.0146953916393208,10,8,-0.2987321833764733,0.0784449169201955,0.3771771002966689,0.4999532014427182,0.04545029104273529,-0.29873218337647334,1.853951369672203,1.853951369672203,1.9131472187550036,92,106,0.0009752211179093177,2016,6,buddy,hield,high,100.0,False,True,3,False,False,True,False
61695,2653,Musa Abdul-Aleem,Troy,447.0,812.0,0.0,0,29,28,29.0,0.5504926108374384,2.1576296703364917,True,Troy,10,5842.0,-0.270185633621735,10,5842.0,-0.270185633621735,0,1.0,0.0,9,9,-0.2697572559953585,-0.2697572559953585,0.0,0.8973055869006066,0.08973055872693628,-0.2697572559953585,1.8998031403527096,1.8998031403527098,2.0166709643127523,77,78,0.0010209777275369137,,,,,,,False,False,3,False,False,True,True
61766,258,Justin Anderson,Virginia,317.0,724.0,0.0,0,34,26,27.846153846153847,0.4378453038674033,1.2013840563273452,True,Virginia,12,6802.0,-0.7650837653559805,10,6718.0,0.4929302862214144,2,0.9876506909732432,0.0123493090267567,11,9,-0.1787698019712114,-0.0787170855673256,0.1000527164038857,6.503644649568343e-08,2.1642743565615e-07,-0.17876980197121142,1.1228969310611325,1.1228969310611325,1.1228972129428438,479,504,0.00046947253299957484,2015,21,justin,anderson,high,100.0,True,True,5,False,False,False,False
61793,97,Montrezl Harrell,Louisville,549.0,1229.0,0.0,0,36,35,35.114285714285714,0.4467046379170057,1.2765895765998156,True,Louisville,14,7223.0,-3.876300362276742,12,7090.0,-2.1110911238547567,2,0.9815865983663298,0.0184134016336702,13,11,-0.3963761491443506,-0.3079709727685975,0.0884051763757531,2.834101174483033e-07,1.9651456686954938e-05,-0.39637614914435054,1.1931639354392711,1.1931639354392711,1.1931895300974704,423,442,0.0005036475906766759,2015,32,montrezl,harrell,high,100.0,True,True,1,False,False,False,False
61796,120,Jake Layman,Maryland,437.0,1049.0,0.0,0,35,35,29.97142857142857,0.4165872259294566,1.0209275115842604,True,Maryland,11,7033.0,0.2205889246839241,10,6976.0,1.5445891704886625,1,0.9918953504905446,0.0081046495094554,10,9,-0.0800338586900336,0.0581846287671557,0.1382184874571894,1.9021645434785773e-09,0.0008950169861993948,-0.08003385869003365,0.9530642603075924,0.9530642603075924,0.9542299578031659,652,677,0.000396143739337999,2016,47,jake,layman,high,100.0,False,True,7,False,False,False,False
61804,2507,Kris Dunn,Providence,515.0,1123.0,0.0,0,34,33,34.03030303030303,0.4585930543187889,1.3775085097505535,True,Providence,10,6820.0,0.1651808216132919,9,6730.0,0.6998673389712411,1,0.9868035190615836,0.0131964809384164,9,8,-0.1347030764596957,-0.084705146347414,0.0499979301122816,2.042872409547679e-06,0.029559706461760833,-0.1347030764596957,1.2490159280788924,1.2490159280788926,1.2875153938138202,387,372,0.0005325776940668228,2016,5,kris,dunn,high,100.0,False,True,5,False,False,False,False
61810,130,Caris LeVert,Michigan,269.0,645.0,0.0,0,32,18,35.833333333333336,0.4170542635658915,1.0248921220434952,True,Michigan,13,6545.0,-3.7201144827522974,11,6464.0,0.0076076185249565,2,0.987624140565317,0.012375859434683,12,10,-0.395417217066316,-0.1017284503518538,0.2936887667144621,2.05564392317787e-09,1.6108813134586262e-10,-0.395417217066316,0.9579355586554283,0.9579355586554283,0.9579355588652344,648,672,0.00039807818147805725,2016,20,caris,levert,high,100.0,False,True,1,False,False,False,False
61835,228,Jaron Blossomgame,Clemson,407.0,958.0,0.0,0,31,31,30.903225806451612,0.4248434237995824,1.091013101857622,True,Clemson,11,6238.0,0.5322023727633879,10,6186.0,-0.2173211092819296,1,0.9916639948701508,0.0083360051298493,10,9,-0.0558810729094234,-0.1453704679043946,-0.0894893949949712,7.498709301022441e-09,6.825541660864356e-10,-0.05588107290942342,1.0197368308991768,1.0197368308991768,1.019736831788156,591,609,0.00042345603452058453,2017,59,jaron,blossomgame,high,100.0,False,True,7,False,False,False,False
61842,96,Willie Cauley-Stein,Kentucky,349.0,1012.0,0.0,0,39,39,25.94871794871795,0.3448616600790514,0.4120602461198594,True,Kentucky,13,7842.0,2.7005643763648832,11,7747.0,4.477341224311394,2,0.9878857434327978,0.0121142565672022,12,10,0.1907086775204186,0.4065280978191535,0.2158194202987349,1.2699348812803816e-14,1.7194047305158937e-05,0.19070867752041865,0.38511781110915455,0.38511781110915455,0.38514020516221886,1375,1416,0.00022448989035042349,2015,6,willie,cauley-stein,high,100.0,True,True,13,False,False,False,False
61963,2413,Jared Ravenscraft,Morehead St,18.0,27.0,0.0,0,34,6,4.5,0.6666666666666666,3.143813311441238,False,Morehead St,14,6849.0,6.426872053263189,13,6822.0,3.283058741821951,1,0.9960578186596584,0.0039421813403416,13,13,0.2525429801401501,0.2525429801401501,0.0,0.9999999995258761,0.07151022140489814,0.25254298014015003,2.845289781537264,2.845289781537264,2.9384268809274916,8,10,0.0026280637695755026,,,,,,,False,False,14,True,True,True,True
62034,2617,"Clide Geffrard, Jr.",SF Austin,282.0,524.0,0.0,0,34,33,15.87878787878788,0.5381679389312977,2.05300743149785,True,SF Austin,15,6825.0,6.999243423716201,12,6700.0,8.852863833092501,3,0.9816849816849816,0.0183150183150183,14,11,0.3533025708727393,0.6181687637813319,0.2648661929085925,0.5299484987132478,0.16830070735330432,0.35330257087273936,1.699683744692193,1.6996837446921929,1.9188837331729536,159,104,0.0008358060661672299,,,,,,,False,False,15,False,False,False,True
62202,2083,Chris Hass,Bucknell,543.0,1008.0,0.0,0,34,34,29.647058823529413,0.5386904761904762,2.057443169694225,True,Bucknell,12,6875.0,2.6793119984999363,12,6875.0,2.6793119984999363,0,1.0,0.0,11,11,0.0565335298914283,0.0565335298914283,0.0,0.5515054781259752,0.04595891690637158,0.0565335298914283,1.8631713840680626,1.8631713840680626,1.9230296830312197,89,102,0.0009842542494659697,,,,,,,False,False,10,False,False,True,True
62208,25,Tyrone Wallace,California,564.0,1148.0,0.0,0,33,33,34.78787878787879,0.4912891986062718,1.6550610355133977,True,California,10,6606.0,-0.7005207072038235,10,6606.0,-0.7005207072038235,0,1.0,0.0,9,9,-0.2617313047463578,-0.2617313047463578,0.0,0.0004669592712754733,4.670089421394466e-05,-0.26173130474635786,1.5468744906746748,1.546874490674675,1.5469353153475756,194,204,0.0007173668488432245,2016,60,tyrone,wallace,high,100.0,False,True,3,False,False,False,False
62237,324,Ron Trapps,Coast Car,27.0,31.0,0.0,0,34,8,3.875,0.8709677419354839,4.878093627748547,False,Coast Car,13,6800.0,4.400809929569009,11,6718.0,1.7052375841156031,2,0.9879411764705882,0.0120588235294117,12,11,-0.0397736415149615,0.1550215985559639,0.1947952400709254,1.0,0.1538297383257788,-0.03977364151496151,4.359053497716595,4.359053497716595,4.5594060535631,1,1,0.011941396751041545,,,,,,,False,False,8,True,True,True,True
62243,171,Maodo Lo,Columbia,516.0,957.0,0.0,0,28,28,34.17857142857143,0.5391849529780565,2.061640706875285,True,Columbia,12,5581.0,-0.9696176151414074,11,5521.0,0.4139534780932772,1,0.9892492384877262,0.0107507615122738,11,10,-0.2755689383651539,-0.1647687228782008,0.1108002154869531,0.5717294814364225,0.047644123454175895,-0.27556893836515384,1.8648998301198447,1.8648998301198447,1.9269529936303678,88,100,0.0009859569509273127,,,,,,,False,False,3,False,False,True,True
62353,2199,Ray Lee,E Michigan,586.0,980.0,0.0,0,35,35,28.0,0.5979591836734693,2.560566085838855,True,E Michigan,13,7074.0,0.3993383483164615,13,7074.0,0.3993383483164615,0,1.0,0.0,12,12,-0.1801023114601994,-0.1801023114601994,0.0,0.9999569903955537,0.07691976919043808,-0.18010231146019942,2.293100742055053,2.293100742055053,2.3932834019240445,26,28,0.0015129453687943942,,,,,,,False,False,5,True,True,True,True
62361,331,Venky Jois,E Washington,505.0,933.0,0.0,0,34,30,31.1,0.5412647374062165,2.0792956760974217,True,E Washington,12,6843.0,4.934904394016807,10,6729.0,4.877761842953845,2,0.9833406400701448,0.0166593599298553,11,9,0.2596007925381259,0.3109406852062693,0.0513398926681433,0.6535000231864316,0.13779512150519727,0.259600792538126,1.7639859769924826,1.7639859769924826,1.9434545574972408,134,93,0.0008913158377113176,,,,,,,False,False,14,False,False,False,True
62365,339,D.J. Balentine,Evansville,723.0,1318.0,0.0,0,36,36,36.611111111111114,0.5485584218512898,2.1412106383647695,True,Evansville,11,7275.0,3.1272278423858215,11,7275.0,3.1272278423858215,0,1.0,0.0,10,10,0.0986017204021052,0.0986017204021052,0.0,0.8636897427160761,0.07851730279826928,0.0986017204021052,1.899061256982582,1.899061256982582,2.001324593480574,79,85,0.0010202205620385581,,,,,,,False,False,11,False,False,True,True
62372,145,Stefan Moody,Ole Miss,563.0,975.0,0.0,0,34,34,28.676470588235293,0.5774358974358974,2.386347074505074,True,Ole Miss,12,6843.0,1.358528675576137,12,6843.0,1.358528675576137,0,1.0,0.0,11,11,-0.093438036266267,-0.093438036266267,0.0,0.9987001059168646,0.08322553171907142,-0.09343803626626696,2.1220507021013835,2.122050702101383,2.230446179939923,41,44,0.0012750791898038848,,,,,,,False,False,6,True,True,True,True
62402,304,Chris Hansen,Idaho St,532.0,998.0,0.0,0,30,30,33.266666666666666,0.533066132264529,2.0096989816126,True,Idaho St,11,6024.0,-1.6519264192246532,11,6024.0,-1.6519264192246532,0,1.0,0.0,10,10,-0.3661625400837253,-0.3661625400837253,0.0,0.325697497228072,0.030779197081098674,-0.3661625400837253,1.8383168719529557,1.8383168719529557,1.8784046395667942,100,112,0.0009600925971409126,,,,,,,False,False,2,False,False,True,False
62437,2329,John Ross Glover,Lehigh,24.0,34.0,0.0,0,30,7,4.857142857142857,0.7058823529411765,3.4767092235497623,False,Lehigh,15,6060.0,8.155083351741991,10,5875.0,1.1496422649512543,5,0.9694719471947196,0.0305280528052804,14,10,0.3341695805851592,0.1149642264951254,-0.2192053540900337,0.9999999999992982,0.14837388082162054,0.3341695805851592,3.056327905717704,3.056327905717704,3.2495745858916028,5,5,0.003245552150595226,,,,,,,False,False,15,True,True,True,True
62592,231,Stephen Croone,Furman,535.0,991.0,0.0,0,33,31,31.967741935483872,0.5398587285570131,2.0673602838410723,True,Furman,12,6635.0,-1.9377524109554396,11,6606.0,-2.349523409230173,1,0.9956292388847024,0.0043707611152976,11,10,-0.3641011540724102,-0.4416883693071245,-0.0775872152347142,0.5988933914592842,0.04990778266810398,-0.3641011540724102,1.8672974861178722,1.867297486117872,1.932298908619225,87,98,0.0009883237728029776,,,,,,,False,False,2,False,False,True,True
62615,127,Denzel Valentine,Michigan St,567.0,1295.0,0.0,0,39,39,33.205128205128204,0.4378378378378378,1.2013206783539336,True,Michigan St,13,8026.0,-2.6898764028834923,11,7971.0,0.8069681952770198,2,0.9931472713680538,0.0068527286319461,12,10,-0.3242664234364521,-0.0394352483076913,0.2848311751287607,6.495582174845998e-08,1.2240329655040132e-07,-0.3242664234364521,1.1228378160529526,1.1228378160529524,1.1228379754747495,480,505,0.0004694447809472357,2016,14,denzel,valentine,high,100.0,False,True,2,False,False,False,False
62686,2166,Jordan Barham,Davidson,367.0,671.0,0.0,0,32,31,21.64516129032258,0.5469448584202683,2.1275133472768406,True,Davidson,13,6385.0,2.3407058957289806,10,6272.0,6.4778505908036355,3,0.9823022709475332,0.0176977290524666,12,9,0.0177660457043449,0.4833708048363105,0.4656047591319656,0.8289483213343274,0.1102715917299511,0.017766045704344924,1.8449010576822307,1.8449010576822307,1.988522151241977,97,87,0.000966434881594907,,,,,,,False,False,9,False,False,True,True
62703,2241,Jerome Hill,Gardner-Webb,644.0,1126.0,0.0,0,35,34,33.11764705882353,0.5719360568383659,2.339659775974822,True,Gardner-Webb,11,7101.0,2.487656093413447,10,7080.0,2.981919535729647,1,0.9970426700464724,0.0029573299535277,10,9,0.0147996317438625,0.0713621955283138,0.0565625637844513,0.996764697959004,0.09091646472515577,0.014799631743862517,2.0683965948590948,2.0683965948590943,2.1868089790603684,50,52,0.0012084688911064927,,,,,,,False,False,9,False,False,True,True
62778,2737,Keon Moore,Winthrop,593.0,1058.0,0.0,0,32,32,33.0625,0.5604914933837429,2.242508642032102,True,Winthrop,12,6472.0,2.3567134170578146,10,6418.0,3.5181580841268696,2,0.9916563658838072,0.0083436341161928,11,9,0.0103822522750647,0.1417388268994186,0.1313565746243538,0.9787291673329065,0.08156076397477038,0.01038225227506473,1.9897775294892595,1.9897775294892595,2.0960047629032057,62,64,0.001117098963471298,,,,,,,False,False,9,False,False,True,True
63095,349,Tanner Plomb,Army,474.0,846.0,0.0,0,30,30,28.2,0.5602836879432624,2.24074461370003,True,Army,18,6050.0,-0.918156565508086,17,6009.0,-0.4731895561696291,1,0.9932231404958678,0.0067768595041322,17,16,-0.1858177164240068,-0.1696208856168537,0.0161968308071531,0.9779983823943171,0.0900841259674578,-0.18581771642400682,1.9770276584157296,1.9770276584157294,2.0943559791631494,64,65,0.0011029465084164691,,,,,,,False,False,5,False,False,True,True
63101,349,Kyle Benjamin Wilson,Army,508.0,939.0,0.0,0,30,29,32.37931034482759,0.5410010649627263,2.077057401393796,True,Army,18,6050.0,-0.918156565508086,17,6009.0,-0.4731895561696291,1,0.9932231404958678,0.0067768595041322,17,16,-0.1761890568765813,-0.159390434847714,0.0167986220288672,0.6435146300836501,0.0900841259674578,-0.1761890568765813,1.8240341893206373,1.824034189320637,1.9413625100680572,108,96,0.0009464773617737351,,,,,,,False,False,5,False,False,False,True
66116,2567,Sterling Brown,SMU,177.0,814.0,0.0,0,34,34,23.941176470588236,0.2174447174447174,-0.6695625269567097,True,SMU,11,6797.0,5.348676855187775,10,6775.0,5.163097671801827,1,0.996763277916728,0.003236722083272,10,9,0.6018239382144485,0.6480733554176151,0.0462494172031666,8.124924635567636e-24,0.004090419472405195,0.6018239382144485,-0.6311472587504914,-0.6311472587504915,-0.625819771330308,3103,3147,8.125282618839186e-05,2017,46,sterling,brown,high,100.0,False,True,16,False,False,False,False
66130,2390,Davon Reed,Miami,247.0,824.0,0.0,0,37,30,27.466666666666665,0.299757281553398,0.0291761337705295,True,Miami,11,7713.0,1.8558822201831924,11,7713.0,1.8558822201831924,0,1.0,0.0,10,10,0.1826706086412662,0.1826706086412662,0.0,7.066540229359807e-18,2.1135866020110768e-09,0.18267060864126627,0.027270043926135322,0.027270043926135322,0.027270046678935154,2011,2077,0.0001569587304061741,2017,32,davon,reed,high,100.0,False,True,12,False,False,False,False
66138,258,Devon Hall,Virginia,42.0,244.0,0.0,0,34,23,10.608695652173912,0.1721311475409836,-1.0542224326486287,True,Virginia,12,6802.0,-0.7650837653559805,10,6718.0,0.4929302862214144,2,0.9876506909732432,0.0123493090267567,11,9,0.0262853333902407,0.171905857652227,0.1456205242619862,4.366668313825585e-27,2.1642743565615e-07,0.02628533339024074,-0.9853499918335974,-0.9853499918335975,-0.9853497099518861,3586,3620,5.701776416957484e-05,2018,53,devon,hall,high,100.0,False,True,9,False,False,False,False
66146,66,Monte Morris,Iowa State,406.0,1153.0,0.0,0,34,34,33.911764705882355,0.3521248915871639,0.4737166981024459,True,Iowa State,13,6792.0,4.543938343514599,11,6731.0,5.274379441341984,2,0.9910188457008244,0.0089811542991754,12,10,0.3391851371176794,0.4800662743239538,0.1408811372062743,4.244933600242134e-14,0.00012031839060566787,0.33918513711767945,0.442611913077029,0.44261191307702896,0.4427686194287107,1285,1330,0.0002377749828614411,2017,51,monte,morris,high,100.0,False,True,15,False,False,False,False
66173,222,Josh Hart,Villanova,365.0,917.0,0.0,0,36,36,25.47222222222222,0.3980370774263904,0.8634581621395021,True,Villanova,12,7250.0,1.184885426454914,9,7163.0,5.758611895484748,3,0.988,0.012,11,8,0.0292206603923101,0.6118942166681557,0.5826735562758455,8.724369997602738e-11,0.00010942933399133306,0.029220660392310173,0.8069056122882957,0.8069056122882957,0.8070481363996175,797,824,0.00034227635814339165,2017,30,josh,hart,high,100.0,False,True,9,False,False,False,False
66207,2483,Jordan Bell,Oregon,177.0,831.0,0.0,0,36,35,23.742857142857144,0.2129963898916967,-0.7073236934387773,True,Oregon,12,7281.0,2.372792294404279,10,7223.0,4.250626829955164,2,0.992034061255322,0.0079659387446778,11,9,0.2800105443493688,0.5508833914882156,0.2708728471388468,3.880105571306665e-24,0.08225610078271194,0.2800105443493688,-0.7682468488495475,-0.7682468488495475,-0.6611139875111086,3321,3200,7.084298961368322e-05,2017,38,jordan,bell,high,100.0,False,True,14,False,False,False,False
66236,254,Delon Wright,Utah,509.0,1165.0,0.0,0,35,35,33.285714285714285,0.4369098712446352,1.1934433130749476,True,Utah,13,7025.0,3.212172211561012,12,6985.0,4.24204139818039,1,0.994306049822064,0.0056939501779359,12,11,0.168227408207172,0.2771452804641311,0.1089178722569591,5.567487530913599e-08,4.3259770918059094e-09,0.16822740820717205,1.1154752356086262,1.1154752356086262,1.115475241242911,487,512,0.0004660011485495206,2015,20,delon,wright,high,100.0,True,True,12,False,False,False,False
66253,99,Jarell Martin,LSU,558.0,1159.0,0.0,0,33,33,35.121212121212125,0.4814495254529767,1.5715335677983917,True,LSU,11,6727.0,-1.297295182649779,11,6727.0,-1.297295182649779,0,1.0,0.0,10,10,-0.2868828750448171,-0.2868828750448171,0.0,9.108477658426194e-05,8.29258987253642e-06,-0.286882875044817,1.4688539259841684,1.4688539259841684,1.4688647265068349,239,248,0.0006635251706315363,2015,25,jarell,martin,high,100.0,True,True,3,False,False,False,False
66256,99,Jordan Mickey,LSU,478.0,1081.0,0.0,0,33,31,34.87096774193548,0.4421831637372803,1.2382074796858773,True,LSU,11,6727.0,-1.297295182649779,11,6727.0,-1.297295182649779,0,1.0,0.0,10,10,-0.2535502662335656,-0.2535502662335656,0.0,1.3370929857745224e-07,8.29258987253642e-06,-0.2535502662335656,1.1573041485658646,1.1573041485658648,1.157314949088531,451,471,0.00048590688542988217,2015,33,jordan,mickey,high,100.0,True,True,3,False,False,False,False
66270,2579,Sindarius Thornwell,South Carolina,367.0,1011.0,0.0,0,33,33,30.636363636363637,0.3630069238377844,0.5660925914198949,True,South Carolina,12,6600.0,-1.0347324814360075,11,6569.0,0.3853497763525151,1,0.9953030303030304,0.0046969696969696,11,10,-0.1455295520778093,-0.0180742815067379,0.1274552705710713,2.5886920421930995e-13,2.9582654204456553e-12,-0.1455295520778093,0.5291095631080704,0.5291095631080704,0.5291095631119234,1150,1188,0.00025925766852385486,2017,48,sindarius,thornwell,high,100.0,False,True,5,False,False,False,False
66275,238,Damian Jones,Vanderbilt,504.0,1020.0,0.0,0,35,35,29.142857142857142,0.4941176470588235,1.679071298163734,True,Vanderbilt,11,7077.0,0.340499482792695,10,7025.0,2.85591667719636,1,0.9926522537798502,0.0073477462201497,10,9,-0.1338571815371038,0.1307605976702918,0.2646177792073957,0.0007468757115754438,6.789780788667178e-05,-0.13385718153710388,1.5692885469038615,1.5692885469038613,1.5693769790854053,188,198,0.0007336275025736634,2016,30,damian,jones,high,100.0,False,True,6,False,False,False,False
66284,87,Demetrius Jackson,Notre Dame,470.0,1318.0,0.0,0,38,38,34.68421052631579,0.3566009104704097,0.5117129320156495,True,Notre Dame,13,7725.0,4.646891369714242,10,7610.0,5.210790222679528,3,0.9851132686084142,0.0148867313915858,12,9,0.3445982031415494,0.5221196989626532,0.1775214958211038,8.929863290670624e-14,0.010813473066448958,0.3445982031415494,0.4641987479670674,0.4641987479670674,0.4782825460026084,1247,1267,0.0002429635935123871,2016,45,demetrius,jackson,high,100.0,False,True,15,False,False,False,False
66321,12,Rondae Hollis-Jefferson,Arizona,427.0,1090.0,0.0,0,38,38,28.68421052631579,0.391743119266055,0.8100297221042801,True,Arizona,13,7613.0,2.8725039465423174,10,7486.0,6.923588637254585,3,0.9833180086693812,0.0166819913306186,12,9,0.1718728520365031,0.6792843239055893,0.5074114718690862,3.066083726013296e-11,1.0386687375389167e-05,0.17187285203650313,0.7570966672237424,0.7570966672237424,0.7571101951630412,852,882,0.00032564555342414977,2015,23,rondae,hollis-jefferson,high,100.0,True,True,12,False,False,False,False
66327,25,Jabari Bird,California,241.0,648.0,0.0,0,33,23,28.17391304347826,0.3719135802469135,0.6416998239033294,True,California,10,6606.0,-0.7005207072038235,10,6606.0,-0.7005207072038235,0,1.0,0.0,9,9,-0.1491356145674614,-0.1491356145674614,0.0,1.1369821484823882e-12,4.670089421394466e-05,-0.1491356145674614,0.5997165238044357,0.5997165238044356,0.5997773484773365,1049,1091,0.00027822479081869106,2017,56,jabari,bird,high,100.0,False,True,5,False,False,False,False
66332,8,Bobby Portis,Arkansas,629.0,1076.0,0.0,0,36,36,29.88888888888889,0.5845724907063197,2.4469285140207453,True,Arkansas,13,7250.0,1.0636431083053546,10,7044.0,4.972295665009406,3,0.9715862068965516,0.0284137931034482,12,9,-0.1152737838096158,0.2805963501098512,0.395870133919467,0.999602489573617,0.08947535699682453,-0.11527378380961593,2.1705343712606706,2.17053437126067,2.287069812682455,36,38,0.0013384228664924313,2015,22,bobby,portis,high,100.0,True,True,6,True,True,True,True
66439,2623,Ron Mvouika,Missouri St,11.0,20.0,0.0,0,31,2,10.0,0.55,2.1534479729183804,True,Missouri St,12,6290.0,2.0647466324340913,12,6290.0,2.0647466324340913,0,1.0,0.0,11,11,-0.0080637582258444,-0.0080637582258444,0.0,0.889514664833093,0.15745637801021165,-0.008063758225844425,1.8076864563724369,1.807686456372437,2.012762458659263,114,80,0.0009311303885183914,,,,,,,False,False,8,False,False,False,True
66476,2539,Kruize Pinkins,San Francisco,446.0,837.0,0.0,0,32,32,26.15625,0.5328554360812425,2.00791041421072,True,San Francisco,14,6425.0,-1.5406258448774317,12,6310.0,0.487489692144454,2,0.982101167315175,0.0178988326848249,13,11,-0.2729643276221655,-0.1382200656423877,0.1347442619797777,0.318056833004855,0.022718366449700426,-0.2729643276221655,1.8471438246318663,1.8471438246318663,1.8767329199029996,95,113,0.0009686048022098829,,,,,,,False,False,3,False,False,True,False
66502,2193,Jalen Riley,ETSU,587.0,798.0,0.0,0,30,29,27.517241379310345,0.7355889724310777,3.728884134413925,True,ETSU,12,6050.0,-0.1536263171568961,12,6050.0,-0.1536263171568961,0,1.0,0.0,11,11,-0.3529554955973474,-0.3529554955973474,0.0,0.999999999999995,0.08333336264625495,-0.3529554955973474,3.3767389009070365,3.3767389009070365,3.4852748210429865,4,4,0.004471377314156579,,,,,,,False,False,2,True,True,True,True
66550,2502,DaShaun Wiggins,Portland St,454.0,823.0,0.0,0,29,29,28.379310344827587,0.551640340218712,2.167372568026929,True,Portland St,12,5789.0,3.582815902023238,12,5789.0,3.582815902023238,0,1.0,0.0,11,11,0.1286766667269372,0.1286766667269372,0.0,0.9135940663729261,0.07613283901941946,0.1286766667269372,1.926619617119601,1.9266196171196008,2.0257773550667832,70,77,0.001048727161148744,,,,,,,False,False,11,False,False,True,True
66564,324,Josh Cameron,Coast Car,423.0,719.0,0.0,0,34,33,21.78787878787879,0.588317107093185,2.4787159849545977,True,Coast Car,13,6800.0,4.400809929569009,11,6718.0,1.7052375841156031,2,0.9879411764705882,0.0120588235294117,12,10,0.1601744953845343,-0.0773478400838994,-0.2375223354684337,0.9997865824926314,0.1538297383257788,0.1601744953845343,2.1164280411019263,2.116428041101926,2.3167805969484307,43,34,0.0012679299694282465,,,,,,,False,False,12,True,True,True,True
66587,97,Terry Rozier,Louisville,615.0,1260.0,0.0,0,36,36,35.0,0.4880952380952381,1.6279479973756388,True,Louisville,14,7223.0,-3.876300362276742,12,7090.0,-2.1110911238547567,2,0.9815865983663298,0.0184134016336702,13,11,-0.4234037199732601,-0.3399126473845814,0.0834910725886786,0.00027472455023322303,1.9651456686954938e-05,-0.42340371997326004,1.5215679868791459,1.5215679868791459,1.5215935815373451,208,219,0.0006994405841858456,2015,16,terry,rozier,high,100.0,True,True,1,False,False,False,False
66615,96,Andrew Harrison,Kentucky,364.0,994.0,0.0,0,39,39,25.487179487179485,0.3661971830985915,0.5931742102153662,True,Kentucky,13,7842.0,2.7005643763648832,11,7747.0,4.477341224311394,2,0.9878857434327978,0.0121142565672022,12,10,0.1756158471791264,0.3884167014096028,0.2128008542304764,4.3982343729685724e-13,1.7194047305158937e-05,0.1756158471791264,0.5543995361634958,0.5543995361634958,0.55442193021656,1112,1148,0.0002658978996979767,2015,44,andrew,harrison,high,100.0,True,True,12,False,False,False,False
66620,96,Dakari Johnson,Kentucky,248.0,635.0,0.0,0,39,39,16.28205128205128,0.3905511811023622,0.7999115428787033,True,Kentucky,13,7842.0,2.7005643763648832,11,7747.0,4.477341224311394,2,0.9878857434327978,0.0121142565672022,12,10,0.1583877361238483,0.3677429681432691,0.2093552320194207,2.515231190836598e-11,1.7194047305158937e-05,0.15838773612384835,0.7476306460956268,0.7476306460956268,0.747653040148691,870,900,0.0003225775296334697,2015,48,dakari,johnson,high,100.0,True,True,12,False,False,False,False
66633,2427,Andrew Rowsey,UNC Asheville,596.0,1010.0,0.0,0,31,31,32.58064516129032,0.5900990099009901,2.4938422830471696,True,UNC Asheville,16,6223.0,2.6962123008662022,14,6164.0,4.1018102068117095,2,0.9905190422625744,0.0094809577374256,15,13,0.0134913345212688,0.12368984028958,0.1101985057683111,0.9998412630964577,0.06249008725308063,0.013491334521268843,2.249529687857257,2.249529687857257,2.330918688660931,30,32,0.0014484402272300588,,,,,,,False,False,9,True,True,True,True
66639,2678,QJ Peterson,VMI,352.0,572.0,0.0,0,30,18,31.77777777777778,0.6153846153846154,2.7084878879147074,True,VMI,13,6053.0,8.5592098658046,12,5996.0,8.989647400160143,1,0.990583181893276,0.0094168181067239,12,11,0.4875601648241578,0.5710145011132215,0.0834543362890636,0.999997621929487,0.09116779165120331,0.4875601648241578,2.412801700513595,2.412801700513595,2.531541420589809,19,22,0.0017053310988288507,,,,,,,False,False,16,True,True,True,True
66722,140,Martez Harrison,Kansas City,577.0,1070.0,0.0,0,33,33,32.42424242424242,0.5392523364485982,2.0622127147634037,True,Kansas City,14,6725.0,-1.6093908534899095,14,6725.0,-1.6093908534899095,0,1.0,0.0,13,13,-0.2824310437117933,-0.2824310437117933,0.0,0.5744685329981614,0.04103346664281881,-0.2824310437117933,1.874044390139339,1.8740443901393393,1.9274876320417622,85,99,0.0009950144437171383,,,,,,,False,False,3,False,False,True,True
66754,2458,Drew Bender,N Colorado,31.0,48.0,0.0,0,30,9,5.333333333333333,0.6458333333333334,2.966962358133585,True,N Colorado,13,6098.0,4.7175107187988585,13,6098.0,4.7175107187988585,0,1.0,0.0,12,12,0.1458790300554394,0.1458790300554394,0.0,0.9999999848938956,0.07709752110872856,0.14587903005543945,2.67271549326166,2.67271549326166,2.7731296626653084,11,11,0.0022115045538498627,,,,,,,False,False,12,True,True,True,True
66810,2473,Kay Felder,Oakland,598.0,1272.0,0.0,0,33,33,38.54545454545455,0.470125786163522,1.475408091557717,True,Oakland,12,6747.0,0.8161063634404511,10,6703.0,4.001539500341834,2,0.9934785830739588,0.0065214169260412,11,9,-0.0599365207379332,0.2806812676426797,0.3406177883806129,1.3880266423972755e-05,1.1566941765413209e-06,-0.05993652073793332,1.379017654959057,1.3790176549590567,1.3790191614729281,294,305,0.000606515641707802,2016,54,kay,felder,high,100.0,False,True,7,False,False,False,False
66821,2674,Alec Peters,Valparaiso,570.0,1039.0,0.0,0,34,34,30.558823529411764,0.548604427333975,2.1416011718113417,True,Valparaiso,11,6825.0,1.8293289741054528,11,6825.0,1.8293289741054528,0,1.0,0.0,10,10,-0.0312272197705889,-0.0312272197705889,0.0,0.8645871288880229,0.07859882990325802,-0.03122721977058891,1.899320093346669,1.8993200933466692,2.001689613239582,78,84,0.0010204846663978335,2017,54,alec,peters,high,100.0,False,True,8,False,False,True,True
66829,225,Leland King II,Brown,249.0,433.0,0.0,0,31,17,25.470588235294116,0.5750577367205543,2.366159235002966,True,Brown,12,6191.0,-0.0232493492674864,11,6157.0,0.9941362406478216,1,0.9945081570020998,0.0054918429979001,11,10,-0.2172189622064047,-0.1372022994355144,0.0800166627708903,0.9980714350097399,0.08317261959463322,-0.2172189622064048,2.103250655630811,2.103250655630811,2.2115772191002447,45,47,0.0012513315694113022,,,,,,,False,False,4,True,False,True,True
66902,93,Cameron Payne,Murray St,707.0,1126.0,0.0,0,35,35,32.17142857142857,0.627886323268206,2.8146129578596737,True,Murray St,11,7050.0,4.580899590814751,10,7026.0,2.8518939058347392,1,0.9965957446808512,0.0034042553191488,10,9,0.1766286632955077,0.004142327552785,-0.1724863357427227,0.9999997020482091,0.09165511300512451,0.17662866329550786,2.5113588800390865,2.5113588800390865,2.6307333023506376,16,15,0.0018819650386107686,2015,14,cameron,payne,high,100.0,True,True,12,True,True,True,True
66915,150,Semi Ojeleye,Duke,18.0,63.0,0.0,0,9,6,10.5,0.2857142857142857,-0.0900326918987068,True,Duke,10,7820.0,6.49325153045375,10,7820.0,6.49325153045375,0,1.0,0.0,9,9,0.7314760247058286,0.7314760247058286,0.0,6.8535130216296065e-19,0.09980203329352064,0.7314760247058286,-0.2141360448946067,-0.2141360448946067,-0.0841508244381539,2423,2258,0.00012329462524175011,2017,37,semi,ojeleye,high,100.0,False,True,16,False,False,False,False
67147,300,Mamadou N'Diaye,UC Irvine,158.0,298.0,0.0,0,34,15,19.866666666666667,0.5302013422818792,1.985380221318624,True,UC Irvine,13,6831.0,4.10006231758892,11,6725.0,3.672892505194659,2,0.9844825062216368,0.0155174937783633,12,10,0.1762235080225246,0.1687512283876035,-0.0074722796349211,0.23082038608777256,0.017765893567922526,0.17622350802252465,1.8325357893190233,1.832535789319023,1.855674632445,105,120,0.0009545582352160332,,,,,,,False,False,12,False,False,True,False
67236,2166,Jack Gibbs,Davidson,405.0,750.0,0.0,0,32,25,30.0,0.54,2.0685595153307066,True,Davidson,13,6385.0,2.3407058957289806,10,6272.0,6.4778505908036355,3,0.9823022709475332,0.0176977290524666,12,9,0.0226788650331895,0.4899212306081032,0.4672423655749137,0.6045184640214826,0.1102715917299511,0.022678865033189426,1.7897987003336682,1.7897987003336682,1.9334197938934146,121,97,0.0009146226387540983,,,,,,,False,False,9,False,False,False,True
67242,2210,Luke Eddy,Elon,143.0,214.0,0.0,0,33,11,19.454545454545453,0.6682242990654206,3.1570358126231186,True,Elon,11,6627.0,3.965005649875151,11,6627.0,3.965005649875151,0,1.0,0.0,10,10,0.0807969837252032,0.0807969837252032,0.0,0.9999999996339853,0.17849774175905522,0.08079698372520325,2.7183046335000074,2.7183046335000074,2.950785551451767,10,9,0.0023146586325662522,,,,,,,False,False,10,True,True,True,True
67249,2306,Wes Iwundu,Kansas St,179.0,780.0,0.0,0,32,31,25.161290322580644,0.2294871794871794,-0.5673359241224389,True,Kansas St,12,6405.0,-1.652435977045736,11,6334.0,-0.930436900691512,1,0.9889149102263856,0.0110850897736143,11,10,-0.0986454593566633,-0.0363100976569073,0.062335361699756,6.008435375688326e-23,3.265336615215897e-08,-0.09864545935666337,-0.530271710979999,-0.530271710979999,-0.5302716684512563,2942,3006,8.987691761065158e-05,2017,33,wes,iwundu,high,100.0,False,True,6,False,False,False,False
67254,2641,Stan Mays,Texas Tech,20.0,35.0,0.0,0,32,9,3.888888888888889,0.5714285714285714,2.3353518106062516,False,Texas Tech,15,6450.0,0.1887428607549815,13,6375.0,-1.116739763231892,2,0.9883720930232558,0.0116279069767442,14,13,-0.1533292107036621,-0.0859030587101455,0.0674261519935166,0.9964810781919115,0.0664320725660002,-0.15332921070366215,2.096259291551172,2.096259291551172,2.18278245458608,47,53,0.0012426135657048864,,,,,,,False,False,5,False,False,True,True
67291,2000,Harrison Hawkins,Abilene Chrstn,401.0,741.0,0.0,0,31,31,23.903225806451612,0.5411605937921727,2.0784116170210436,True,Abilene Chrstn,14,6201.0,-2.8025747908345267,12,6078.0,0.1501460583265095,2,0.9801644895984518,0.0198355104015481,13,11,-0.3754604929119669,-0.1752968689722303,0.2001636239397365,0.6495716128232545,0.046397972389155905,-0.3754604929119669,1.8821981160597965,1.8821981160597967,1.942628254311583,80,94,0.0010031606847541235,,,,,,,False,False,2,False,False,True,True
67317,2916,Denzel Livingston,Incarnate Word,624.0,1070.0,0.0,0,29,29,36.89655172413793,0.5831775700934579,2.435087248092437,True,Incarnate Word,11,5932.0,-0.4381325895138301,10,5845.0,1.394274026598209,1,0.9853337828725556,0.0146662171274443,10,9,-0.2873219837606267,-0.1156459134993586,0.171676070261268,0.9994988634193868,0.0908637344607784,-0.28732198376062673,2.157658434134056,2.1576584341340563,2.276002140826329,37,40,0.0013212998915561698,,,,,,,False,False,3,True,True,True,True
67363,2466,Zeek Woodley,N'Western St,711.0,1009.0,0.0,0,32,32,31.53125,0.7046580773042617,3.4663165365017754,True,N'Western St,12,6368.0,6.451335719629585,12,6368.0,6.451335719629585,0,1.0,0.0,11,11,0.2713653802843463,0.2713653802843463,0.0,0.9999999999991399,0.16661936619830295,0.2713653802843463,3.022850698408331,3.022850698408331,3.2398608567475295,7,6,0.0031386986854635836,,,,,,,False,False,14,True,True,True,True
67384,2534,Aurimas Majauskas,Sam Houston,274.0,466.0,0.0,0,35,33,14.12121212121212,0.5879828326180258,2.475878380493878,True,Sam Houston,14,7073.0,5.5577059682874514,12,6988.0,6.037575825311173,2,0.9879824685423442,0.0120175314576558,13,11,0.2370636605995056,0.3237906768015722,0.0867270162020666,0.9997743970209986,0.07141374820959433,0.2370636605995056,2.22111692443602,2.2211169244360205,2.3141283741861964,31,35,0.0014078651917642081,,,,,,,False,False,13,True,True,True,True
67430,2305,Frank Mason III,Kansas,452.0,1207.0,0.0,0,36,36,33.52777777777778,0.3744821872410936,0.6635043324918147,True,Kansas,12,7186.0,3.3298361367165263,11,7159.0,4.273244857274385,1,0.99624269412747,0.0037573058725298,11,10,0.2423938003840647,0.360974052478257,0.1185802520941923,1.7421893981780484e-12,5.544708385028529e-06,0.2423938003840647,0.6201501392450033,0.6201501392450033,0.6201573608427805,1025,1061,0.00028396841081711064,2017,34,frank,mason iii,high,100.0,False,True,13,False,False,False,False
67529,2169,Larry Haley,Delaware St,19.0,32.0,0.0,0,36,5,6.4,0.59375,2.5248349748644516,True,Delaware St,15,7225.0,3.2848024460591048,14,7193.0,3.1474553408479715,1,0.9955709342560554,0.0044290657439446,14,13,0.054283390799618,0.0478938743064246,-0.0063895164931934,0.9999134501043031,0.13332731917503748,0.054283390799618116,2.1862370389009,2.1862370389008996,2.3598866170098485,35,31,0.0013596055530140148,,,,,,,False,False,10,True,True,True,True
67555,2379,Mike Myers,MD-Eastern,520.0,871.0,0.0,0,33,33,26.39393939393939,0.5970149253731343,2.5525504227708744,True,MD-Eastern,12,6626.0,-0.9090866394035166,12,6626.0,-0.9090866394035166,0,1.0,0.0,11,11,-0.3146942783794901,-0.3146942783794901,0.0,0.9999496850945737,0.08333006075941062,-0.3146942783794901,2.2772597852889183,2.277259785288918,2.385791404946459,28,29,0.0014891676943945026,,,,,,,False,False,2,True,True,True,True
67645,2603,DeAndre' Bembry,Saint Joseph's,550.0,1197.0,0.0,0,31,31,38.61290322580645,0.4594820384294068,1.3850549587475838,True,Saint Joseph's,11,6283.0,-3.854320254631348,11,6283.0,-3.854320254631348,0,1.0,0.0,10,10,-0.5239375213378932,-0.5239375213378932,0.0,2.368029422623124e-06,2.1527579574067393e-07,-0.5239375213378932,1.2945685502591322,1.2945685502591322,1.2945688306409124,350,366,0.0005573990515422382,2016,21,deandre',bembry,high,100.0,False,True,1,False,False,False,False
67735,167,Cullen Neal,New Mexico,51.0,89.0,0.0,0,31,3,29.666666666666668,0.5730337078651685,2.3489775662383017,True,New Mexico,12,6275.0,2.757396573557848,12,6275.0,2.757396573557848,0,1.0,0.0,11,11,0.0371290006654132,0.0371290006654132,0.0,0.9973025931100205,0.08310943291074104,0.03712900066541325,2.0872737676054545,2.087273767605454,2.195518034805317,48,51,0.0012314980459280217,,,,,,,False,False,10,False,False,True,True
67749,2724,Darius Carter,Wichita St,398.0,750.0,0.0,0,35,35,21.428571428571427,0.5306666666666666,1.9893302882488773,True,Wichita St,15,7038.0,2.2352177624700813,13,6952.0,2.031341970195281,2,0.9877806194941744,0.0122193805058254,14,12,0.0175633910158002,0.0035009734955336,-0.0140624175202666,0.24483114026358457,0.016322113668390266,0.017563391015800258,1.8381082200829648,1.8381082200829648,1.8593666401119557,101,119,0.0009598922929228065,,,,,,,False,False,9,False,False,True,False
67755,116,Liam McManimon,Mount St Mary,15.0,24.0,0.0,0,30,10,2.4,0.625,2.7901114048259315,False,Mount St Mary,14,6106.0,-0.0504555532652916,12,6056.0,-1.6311260342671512,2,0.9918113331149688,0.0081886668850311,13,12,-0.2185051506224017,-0.1359271695222626,0.0825779811001391,0.9999995187032388,0.0714289730431277,-0.21850515062240178,2.5148011653641253,2.514801165364125,2.6078324444031242,15,17,0.001888454462061029,,,,,,,False,False,4,True,True,True,True
67797,2546,Caleb Woods,SE Missouri St,18.0,21.0,0.0,0,30,5,4.2,0.8571428571428571,4.76073631311121,False,SE Missouri St,14,6025.0,6.277571037259753,13,6004.0,1.5168347241485425,1,0.9965145228215768,0.0034854771784232,13,13,0.1166795941652724,0.1166795941652725,1.3877787807814457e-17,1.0,0.13257552096024655,0.11667959416527249,4.277045320488926,4.277045320488926,4.449715733610314,2,2,0.01100118401484813,,,,,,,False,False,11,True,True,True,True
67814,264,Nigel Williams-Goss,Washington,468.0,1104.0,0.0,0,31,30,36.8,0.4239130434782608,1.0831152468129308,True,Washington,11,6197.0,1.944772217931073,11,6197.0,1.944772217931073,0,1.0,0.0,10,10,0.0861656971118141,0.0861656971118141,0.0,6.424709860998466e-09,2.199923033663577e-08,0.08616569711181417,1.01235491774175,1.01235491774175,1.0123549463942203,599,618,0.0004203416281291972,2017,55,nigel,williams-goss,high,100.0,False,True,11,False,False,False,False
68089,2351,Evan Payne,LMU,486.0,764.0,0.0,0,31,27,28.296296296296298,0.6361256544502618,2.8845553694195476,True,LMU,13,6235.0,-4.161762254333958,13,6235.0,-4.161762254333958,0,1.0,0.0,12,12,-0.5871931353127922,-0.5871931353127922,0.0,0.9999999242077674,0.07692307109297722,-0.587193135312792,2.5959193911700607,2.5959193911700607,2.696106351537903,13,14,0.0020480271735013574,,,,,,,False,False,1,True,True,True,True
3129951,2210,Elijah Bryant,Elon,468.0,840.0,0.0,0,33,33,25.454545454545453,0.5571428571428572,2.214082585481004,True,Elon,11,6627.0,3.965005649875151,11,6627.0,3.965005649875151,0,1.0,0.0,10,10,0.1750923064394147,0.1750923064394147,0.0,0.9634751543035022,0.17849774175905522,0.1750923064394147,1.8369548726831089,1.8369548726831089,2.0694357906348686,103,69,0.0009587858418265199,,,,,,,False,False,12,False,False,True,True
3130564,2329,Tyler Jenkins,Lehigh,14.0,23.0,0.0,0,30,5,4.6,0.6086956521739131,2.651706310932986,False,Lehigh,15,6060.0,8.155083351741991,10,5875.0,1.1496422649512543,5,0.9694719471947196,0.0305280528052804,14,10,0.3930983600577861,0.1149642264951254,-0.2781341335626606,0.9999927743840475,0.14837388082162054,0.3930983600577861,2.2852227238501253,2.2852227238501253,2.478469404024024,27,24,0.0015010731836832482,,,,,,,False,False,15,True,True,True,True
3130725,2617,Jared Johnson,SF Austin,258.0,419.0,0.0,0,34,31,13.516129032258064,0.6157517899761337,2.711604776388644,True,SF Austin,15,6825.0,6.999243423716201,12,6700.0,8.852863833092501,3,0.9816849816849816,0.0183150183150183,14,11,0.3062599033805397,0.5582962778821688,0.2520363745016291,0.9999977626663669,0.16830070735330432,0.3062599033805397,2.315254693161585,2.315254693161585,2.5344546816423454,24,21,0.0015468371184496053,,,,,,,False,False,14,True,True,True,True
3133601,2305,Devonte' Graham,Kansas,164.0,517.0,0.0,0,36,29,17.82758620689655,0.3172147001934235,0.1773694679519365,True,Kansas,12,7186.0,3.3298361367165263,11,7159.0,4.273244857274385,1,0.99624269412747,0.0037573058725298,11,10,0.2865878789785991,0.4095875389322448,0.1229996599536457,1.2849116533250966e-16,5.544708385028529e-06,0.2865878789785991,0.16577463656441954,0.16577463656441957,0.16578185816219676,1761,1819,0.00018027572776697868,2018,34,devonte',graham,high,100.0,False,True,14,False,False,False,False
3133602,2305,Svi Mykhailiuk,Kansas,72.0,291.0,0.0,0,36,25,11.64,0.2474226804123711,-0.4150842231622577,True,Kansas,12,7186.0,3.3298361367165263,11,7159.0,4.273244857274385,1,0.99624269412747,0.0037573058725298,11,10,0.3404473054435258,0.4688329080436643,0.1283856026001384,1.1828361162459238e-21,5.544708385028529e-06,0.3404473054435258,-0.38797384631752924,-0.3879738463175293,-0.387966624719752,2715,2766,0.00010362089688765712,2018,47,svi,mykhailiuk,high,100.0,False,True,15,False,False,False,False
3133603,2305,Kelly Oubre Jr.,Kansas,333.0,756.0,0.0,0,36,36,21.0,0.4404761904761904,1.223717246958146,True,Kansas,12,7186.0,3.3298361367165263,11,7159.0,4.273244857274385,1,0.99624269412747,0.0037573058725298,11,10,0.1914653536143982,0.3049527610316239,0.1134874074172256,1.0069140221497041e-07,5.544708385028529e-06,0.1914653536143982,1.1437641467688626,1.1437641467688628,1.14377136836664,462,485,0.0004793720460331751,2015,15,kelly,oubre jr.,high,100.0,True,True,13,False,False,False,False
3133628,251,Myles Turner,Texas,345.0,755.0,0.0,0,34,34,22.205882352941178,0.4569536423841059,1.3635917947019474,True,Texas,11,6832.0,0.980695275652249,11,6832.0,0.980695275652249,0,1.0,0.0,10,10,-0.0382896519049698,-0.0382896519049698,0.0,1.5557765033563262e-06,1.4156783429995342e-07,-0.03828965190496984,1.2745076782768752,1.2745076782768752,1.2745078626591522,364,381,0.0005463285537099147,2015,11,myles,turner,high,100.0,True,True,8,False,False,False,False
3133635,277,Jevon Carter,West Virginia,285.0,832.0,0.0,0,35,35,23.771428571428572,0.3425480769230769,0.39242059555871,True,West Virginia,14,7024.0,5.0636621418239525,13,7003.0,4.749464083305167,1,0.997010250569476,0.0029897494305238,13,12,0.359326272789634,0.3630869573122047,0.0037606845225706,8.646520233085486e-15,4.414950807621331e-07,0.359326272789634,0.36678304487028374,0.36678304487028374,0.3667836198869794,1402,1446,0.00022041142380526226,2018,32,jevon,carter,high,100.0,False,True,15,False,False,False,False
3133817,2230,Eric Paschall,Fordham,430.0,842.0,0.0,0,31,27,31.185185185185187,0.5106888361045131,1.8197415660119676,True,Fordham,11,6201.0,-3.358974826029915,9,6070.0,1.357457868008254,2,0.9788743751007902,0.0211256248992097,10,8,-0.5178716392041883,-0.0577854622504642,0.4600861769537241,0.011593844180786407,0.0010539858360713056,-0.5178716392041883,1.6994844654202996,1.6994844654202999,1.7008572088077694,160,163,0.0008356395239376786,2019,41,eric,paschall,high,100.0,False,True,1,False,False,False,False
3133969,2523,Marcquise Reed,Robert Morris,529.0,973.0,0.0,0,35,35,27.8,0.5436793422404933,2.0997928841039717,True,Robert Morris,11,7021.0,-1.254408528576262,11,7021.0,-1.254408528576262,0,1.0,0.0,10,10,-0.3354201412680234,-0.3354201412680234,0.0,0.7380074746578388,0.0906684562808188,-0.33542014126802344,1.8445233052696388,1.8445233052696388,1.962612675688043,98,90,0.0009660698774317134,,,,,,,False,False,2,False,False,True,True
3134881,12,Stanley Johnson,Arizona,523.0,1081.0,0.0,0,38,38,28.44736842105263,0.4838112858464385,1.5915821874976548,True,Arizona,13,7613.0,2.8725039465423174,10,7486.0,6.923588637254585,3,0.9833180086693812,0.0166819913306186,12,9,0.1067434799203885,0.5924451610841034,0.4857016811637148,0.00013484758739987945,1.0386687375389167e-05,0.10674347992038856,1.4875900348831057,1.4875900348831057,1.4876035628224047,233,242,0.0006760742437843299,2015,8,stanley,johnson,high,100.0,True,True,11,False,False,False,False
3134907,254,Kyle Kuzma,Utah,103.0,252.0,0.0,0,35,31,8.129032258064516,0.4087301587301587,0.9542300800131504,True,Utah,13,7025.0,3.212172211561012,12,6985.0,4.24204139818039,1,0.994306049822064,0.0056939501779359,12,11,0.1881618442956551,0.2988919380152036,0.1107300937195484,5.155959787144312e-10,4.3259770918059094e-09,0.18816184429565516,0.8918898872852176,0.8918898872852176,0.8918898929195024,714,737,0.000372636252885788,2017,27,kyle,kuzma,high,100.0,False,True,13,False,False,False,False
3134908,254,Jakob Poeltl,Utah,311.0,792.0,0.0,0,35,34,23.294117647058822,0.3926767676767677,0.8179553194557381,True,Utah,13,7025.0,3.212172211561012,12,6985.0,4.24204139818039,1,0.994306049822064,0.0056939501779359,12,11,0.1995180743421062,0.311280552611332,0.1117624782692258,3.580575391135812e-11,4.3259770918059094e-09,0.1995180743421062,0.7645180048147905,0.7645180048147905,0.7645180104490753,845,874,0.00032807126890460847,2016,9,jakob,poeltl,high,100.0,False,True,13,False,False,False,False
3135045,150,Grayson Allen,Duke,153.0,322.0,0.0,0,39,34,9.470588235294118,0.4751552795031056,1.51810268476219,True,Duke,10,7820.0,6.49325153045375,10,7820.0,6.49325153045375,0,1.0,0.0,9,9,0.5527943161879512,0.5527943161879512,0.0,3.2011101827813064e-05,0.09980203329352064,0.5527943161879512,1.2889392814149399,1.28893928141494,1.4189245018713927,352,282,0.0005542701174957226,2018,21,grayson,allen,high,100.0,False,True,16,False,False,False,False
3135046,150,Tyus Jones,Duke,461.0,1322.0,0.0,0,39,39,33.8974358974359,0.348714069591528,0.4447627562708816,True,Duke,10,7820.0,6.49325153045375,10,7820.0,6.49325153045375,0,1.0,0.0,9,9,0.672054308242541,0.672054308242541,0.0,2.408562299239631e-14,0.09980203329352064,0.672054308242541,0.2857210283546857,0.28572102835468577,0.41570624881113855,1542,1369,0.0002032494193438903,2015,24,tyus,jones,high,100.0,True,True,16,False,False,False,False
3135047,150,Justise Winslow,Duke,492.0,1135.0,0.0,0,39,39,29.102564102564106,0.4334801762114537,1.1643291609386597,True,Duke,10,7820.0,6.49325153045375,10,7820.0,6.49325153045375,0,1.0,0.0,9,9,0.5921024855016768,0.5921024855016768,0.0,3.149085366447858e-08,0.09980203329352064,0.5921024855016768,0.9582779064597772,0.9582779064597771,1.08826312691623,647,535,0.000398214485999891,2015,10,justise,winslow,high,100.0,True,True,16,False,False,False,False
3135048,150,Jahlil Okafor,Duke,657.0,1143.0,0.0,0,39,38,30.07894736842105,0.5748031496062992,2.363998084257885,True,Duke,10,7820.0,6.49325153045375,10,7820.0,6.49325153045375,0,1.0,0.0,9,9,0.4588059384662071,0.4588059384662071,0.0,0.9979882768653014,0.09980203329352064,0.45880593846620715,2.0795720366377877,2.0795720366377877,2.2095572570942403,49,49,0.0012220498098802605,2015,3,jahlil,okafor,high,100.0,True,True,16,False,False,True,True
3136193,96,Devin Booker,Kentucky,381.0,817.0,0.0,0,39,38,21.5,0.4663402692778458,1.4432734225980022,True,Kentucky,13,7842.0,2.7005643763648832,11,7747.0,4.477341224311394,2,0.9878857434327978,0.0121142565672022,12,10,0.10477424614724,0.3034067801713392,0.1986325340240991,7.40032721512705e-06,1.7194047305158937e-05,0.10477424614724008,1.348961467697297,1.3489614676972972,1.3489838617503613,309,329,0.000588557325169096,2015,13,devin,booker,high,100.0,True,True,11,False,False,False,False
3136194,96,Tyler Ulis,Kentucky,209.0,882.0,0.0,0,39,37,23.83783783783784,0.2369614512471655,-0.5038879839928068,True,Kentucky,13,7842.0,2.7005643763648832,11,7747.0,4.477341224311394,2,0.9878857434327978,0.0121142565672022,12,10,0.2670376966964742,0.4981229208304201,0.2310852241339459,2.080073935433905e-22,1.7194047305158937e-05,0.2670376966964742,-0.4709911986421787,-0.4709911986421787,-0.4709688045891144,2850,2907,9.536595649113837e-05,2016,34,tyler,ulis,high,100.0,False,True,14,False,False,False,False
3136195,96,Karl-Anthony Towns,Kentucky,401.0,824.0,0.0,0,39,39,21.128205128205128,0.4866504854368932,1.61568371489938,True,Kentucky,13,7842.0,2.7005643763648832,11,7747.0,4.477341224311394,2,0.9878857434327978,0.0121142565672022,12,10,0.0904067217887919,0.2861657509412014,0.1957590291524094,0.00021610987952997985,1.7194047305158937e-05,0.09040672178879194,1.5101081349002181,1.5101081349002181,1.5101305289532825,213,226,0.0006914708518203291,2015,1,karl-anthony,towns,high,100.0,True,True,11,False,False,False,False
3136196,96,Trey Lyles,Kentucky,313.0,828.0,0.0,0,39,36,23.0,0.3780193236714976,0.6935305380772311,True,Kentucky,13,7842.0,2.7005643763648832,11,7747.0,4.477341224311394,2,0.9878857434327978,0.0121142565672022,12,10,0.1672528198573043,0.3783810686234163,0.2111282487661119,3.1356154291322095e-12,1.7194047305158937e-05,0.16725281985730434,0.6481995497925774,0.6481995497925773,0.6482219438456417,987,1025,0.00029204631800832124,2015,12,trey,lyles,high,100.0,True,True,12,False,False,False,False
3136469,2507,Ben Bentil,Providence,216.0,730.0,0.0,0,34,34,21.470588235294116,0.2958904109589041,-0.0036491342752423,True,Providence,10,6820.0,0.1651808216132919,9,6730.0,0.6998673389712411,1,0.9868035190615836,0.0131964809384164,9,8,0.0187588839876149,0.0879395591558104,0.0691806751681955,3.716951911976057e-18,0.029559706461760833,0.01875888398761494,-0.0419102007831772,-0.04191020078317719,-0.003410735048249463,2125,2130,0.00014646736841167075,2016,51,ben,bentil,high,100.0,False,True,9,False,False,False,False
3136477,2550,Isaiah Whitehead,Seton Hall,265.0,612.0,0.0,0,31,22,27.818181818181817,0.4330065359477124,1.1603085017946178,True,Seton Hall,12,6250.0,-2.116922822493455,11,6212.0,-0.271677661676686,1,0.99392,0.0060799999999999,11,10,-0.2979301203898247,-0.1431986163471303,0.1547315040426943,2.91077211395436e-08,1.2879350891282254e-05,-0.29793012038982475,1.08448836438917,1.08448836438917,1.0845051388496665,519,541,0.00045178266186061836,2016,42,isaiah,whitehead,high,100.0,False,True,3,False,False,False,False
3136485,2752,Edmond Sumner,Xavier,8.0,40.0,0.0,0,37,6,6.666666666666667,0.2,-0.8176480426501941,True,Xavier,12,7503.0,2.948507366966577,11,7397.0,2.500836890857109,1,0.9858723177395708,0.0141276822604291,11,10,0.3423777645106156,0.3318484933507303,-0.0105292711598852,4.477848367190329e-25,4.369218911569459e-05,0.3423777645106156,-0.764287714188788,-0.7642877141887879,-0.7642308081454239,3311,3360,7.112402250577341e-05,2017,52,edmond,sumner,high,100.0,False,True,15,False,False,False,False
3136491,130,D.J. Wilson,Michigan,2.0,24.0,0.0,0,32,5,4.8,0.0833333333333333,-1.8080133811730523,False,Michigan,13,6545.0,-3.7201144827522974,11,6464.0,0.0076076185249565,2,0.987624140565317,0.012375859434683,12,11,-0.1593417584649371,0.0006916016840869,0.160033360149024,1.7092661252746276e-33,1.6108813134586262e-10,-0.1593417584649371,-1.6898952306234591,-1.689895230623459,-1.689895230413653,4143,4154,2.818578104692178e-05,2017,17,d.j.,wilson,high,100.0,False,True,5,False,False,False,False
3136696,238,Wade Baldwin IV,Vanderbilt,328.0,1009.0,0.0,0,35,35,28.82857142857143,0.3250743310208127,0.2440886617664956,True,Vanderbilt,11,7077.0,0.340499482792695,10,7025.0,2.85591667719636,1,0.9926522537798502,0.0073477462201497,10,9,0.0096410821026199,0.2902031128255405,0.2805620307229206,4.74238503585856e-16,6.789780788667178e-05,0.009641082102619939,0.22805383137273882,0.22805383137273885,0.2281422635542827,1634,1692,0.00019186014489185602,2016,17,wade,baldwin,high,100.0,False,True,9,False,False,False,False
3136776,194,D'Angelo Russell,Ohio State,675.0,1188.0,0.0,0,35,35,33.94285714285714,0.5681818181818182,2.307790623077787,True,Ohio State,10,7037.0,5.365193594050005,10,7037.0,5.365193594050005,0,1.0,0.0,9,9,0.3397114412191354,0.3397114412191354,0.0,0.9939800536845564,0.09939800538900959,0.3397114412191354,2.0275628469855915,2.0275628469855915,2.1570218491426236,55,54,0.0011601165001230672,2015,2,d'angelo,russell,high,100.0,True,True,15,False,False,True,True
3136779,194,Keita Bates-Diop,Ohio State,125.0,327.0,0.0,0,35,33,9.909090909090908,0.382262996941896,0.7295544259202472,True,Ohio State,10,7037.0,5.365193594050005,10,7037.0,5.365193594050005,0,1.0,0.0,9,9,0.5150710186810843,0.5150710186810843,0.0,6.3464586199772895e-12,0.09939800538900959,0.5150710186810843,0.5524333762555107,0.5524333762555108,0.681892378412543,1117,981,0.00026537561552332864,2018,48,keita,bates-diop,high,100.0,False,True,16,False,False,False,False
3137171,2430,Garrett Collins,UNC Greensboro,15.0,28.0,0.0,0,33,8,3.5,0.5357142857142857,2.032178747793132,False,UNC Greensboro,12,6642.0,2.7950683494217565,11,6614.0,0.7628896016286245,1,0.9957844022884672,0.0042155977115326,11,11,0.0693536001480567,0.0693536001480567,-1.3877787807814457e-17,0.42856009518037613,0.03578419480384617,0.06935360014805679,1.8528093649897839,1.852809364989784,1.8994157947080508,93,110,0.0009741080465136146,,,,,,,False,False,10,False,False,True,False
3137730,2439,Patrick McCaw,UNLV,307.0,947.0,0.0,0,33,32,29.59375,0.324181626187962,0.2365106281323199,True,UNLV,10,6644.0,5.920722388289879,9,6617.0,3.720114161156125,1,0.9959361830222756,0.0040638169777242,9,8,0.6315790844619511,0.4354504416279756,-0.1961286428339754,4.088672684898449e-16,0.18779882095095682,0.6315790844619511,-0.023535622425289893,-0.023535622425289886,0.2210593055255102,2093,1705,0.00014918352222019924,2016,38,patrick,mccaw,high,100.0,False,True,16,False,False,False,False
3137733,2439,Rashad Vaughn,UNLV,410.0,742.0,0.0,0,33,23,32.26086956521739,0.5525606469002695,2.1751849094974336,True,UNLV,10,6644.0,5.920722388289879,9,6617.0,3.720114161156125,1,0.9959361830222756,0.0040638169777242,9,8,0.4161708309769383,0.1931161564573364,-0.2230546745196019,0.9249257427645909,0.18779882095095682,0.41617083097693847,1.7884843855676416,1.7884843855676418,2.0330793135184417,123,74,0.0009134213263388959,2015,17,rashad,vaughn,high,100.0,True,True,16,False,False,False,True
3138156,153,Justin Jackson,North Carolina,408.0,1031.0,0.0,0,38,38,27.13157894736842,0.3957322987390883,0.8438932513549001,True,North Carolina,13,7613.0,1.291247446966336,10,7408.0,6.356191537146206,3,0.9730723761986076,0.0269276238013923,12,9,0.0372795163009529,0.6124775873101451,0.5751980710091922,5.948798865905634e-11,0.0048557557091053905,0.03727951630095299,0.7824371233834906,0.7824371233834905,0.7887614081250092,823,843,0.0003340030038823588,2017,15,justin,jackson,high,100.0,False,True,10,False,False,False,False
3138161,152,Cody Martin,NC State,65.0,216.0,0.0,0,36,19,11.36842105263158,0.3009259259259259,0.0390965755957703,True,NC State,10,7199.0,2.9825305103611064,10,7199.0,2.9825305103611064,0,1.0,0.0,9,9,0.3270482149739262,0.3270482149739262,0.0,8.580886094464244e-18,7.52206232641345e-09,0.3270482149739262,0.03654237274996874,0.03654237274996874,0.03654238254693277,1989,2056,0.00015842087161757167,2019,36,cody,martin,high,100.0,False,True,15,False,False,False,False
3138196,221,Cameron Johnson,Pitt,36.0,115.0,0.0,0,34,8,14.375,0.3130434782608696,0.1419606083408982,True,Pitt,13,6869.0,-0.2594768011043605,12,6849.0,0.1337289536074658,1,0.997088368030281,0.0029116319697189,12,11,-0.0334531174537715,-0.0007483322484938,0.0327047852052777,6.4252857066524e-17,1.5292268663763906e-09,-0.03345311745377157,0.13268626982462645,0.13268626982462645,0.1326862718163383,1828,1883,0.00017440830539821665,2019,11,cameron,johnson,high,100.0,False,True,8,False,False,False,False
3138201,258,Marial Shayok,Virginia,130.0,496.0,0.0,0,34,34,14.588235294117649,0.2620967741935484,-0.2905181044041569,True,Virginia,12,6802.0,-0.7650837653559805,10,6718.0,0.4929302862214144,2,0.9876506909732432,0.0123493090267567,11,9,-0.0431423328138021,0.087049821180619,0.1301921539944212,1.3544282269587521e-20,2.1642743565615e-07,-0.04314233281380215,-0.271538736239207,-0.271538736239207,-0.2715384543574957,2519,2572,0.00011641648243794467,2019,54,marial,shayok,high,100.0,False,True,8,False,False,False,False
3138261,163,Aaron Young,Princeton,38.0,68.0,0.0,0,30,12,5.666666666666667,0.5588235294117647,2.228349553142798,True,Princeton,14,5961.0,2.430963088301061,10,5798.0,5.297730091177071,4,0.972655594698876,0.0273444053011239,13,9,0.0155856565506356,0.3410422820038081,0.3254566254531725,0.9721260196578396,0.06943759494544796,0.015585656550635613,1.9923330449749084,1.9923330449749086,2.0827706922761875,61,66,0.0011199573779771073,,,,,,,False,False,9,False,False,True,True
3138566,2630,CJ Davis,UT Martin,25.0,37.0,0.0,0,34,12,3.0833333333333335,0.6756756756756757,3.220289399358061,False,UT Martin,13,6861.0,4.13771985750967,11,6781.0,1.2612824584519973,2,0.9883398921440024,0.0116601078559976,12,11,0.0764525381793007,0.1146620416774543,0.0382095034981535,0.9999999998938712,0.14442161065638473,0.07645253817930076,2.8218076364584608,2.8218076364584608,3.0099067590949224,9,8,0.0025670701283171085,,,,,,,False,False,10,True,True,True,True
3143565,250,Kevin Hervey,UT Arlington,220.0,673.0,0.0,0,31,31,21.70967741935484,0.3268945022288261,0.2595398144058713,True,UT Arlington,13,6214.0,3.3676049489917723,12,6180.0,4.634662472988474,1,0.994528484068233,0.0054715159317669,12,11,0.2590054278821584,0.3977384235075094,0.1387329956253509,6.417029216779713e-16,3.302300019490051e-06,0.25900542788215836,0.24257968593512771,0.24257968593512771,0.24258398695166897,1608,1667,0.00019466741710568675,2018,57,kevin,hervey,high,100.0,False,True,14,False,False,False,False
3146550,2501,D'Marques Tyson,Portland,145.0,248.0,0.0,0,33,25,9.92,0.5846774193548387,2.4478192371337,True,Portland,13,6700.0,2.135099138766645,11,6536.0,4.093391140987165,2,0.9755223880597016,0.0244776119402985,12,10,-0.0260600081972545,0.1645571903853465,0.190617198582601,0.9996093568415431,0.13200901614369256,-0.026060008197254552,2.1159697646182227,2.1159697646182227,2.2879023445408335,44,37,0.0012673490400635751,,,,,,,False,False,8,True,True,True,True
3147351,41,Daniel Hamilton,UConn,380.0,1100.0,0.0,0,35,35,31.428571428571427,0.3454545454545454,0.4170931586250574,True,UConn,11,7009.0,-1.432921537969158,10,6989.0,-1.4641580711956992,1,0.9971465258952776,0.0028534741047224,10,9,-0.1850014696594215,-0.2090279144245285,-0.0240264447651069,1.4013996111255018e-14,2.0281781712707885e-05,-0.18500146965942157,0.38981790010866846,0.3898179001086684,0.38984431572145883,1366,1409,0.00022554749628863054,2016,56,daniel,hamilton,high,100.0,False,True,5,False,False,False,False
3147366,97,Chinanu Onuaku,Louisville,104.0,623.0,0.0,0,36,35,17.8,0.1669341894060995,-1.098338608670431,True,Louisville,14,7223.0,-3.876300362276742,12,7090.0,-2.1110911238547567,2,0.9815865983663298,0.0184134016336702,13,11,-0.2136893656620239,-0.0920684104713023,0.1216209551907216,1.8414326291577653e-27,1.9651456686954938e-05,-0.2136893656620239,-1.026609355319911,-1.0266093553199112,-1.0265837606617116,3637,3664,5.471311854885897e-05,2016,37,chinanu,onuaku,high,100.0,False,True,4,False,False,False,False
3149010,68,Chandler Hutchison,Boise St,90.0,358.0,0.0,0,34,29,12.344827586206897,0.2513966480446927,-0.3813498248811457,True,Boise St,14,6906.0,2.851676861962863,13,6818.0,4.691844961919125,1,0.9872574572835215,0.0127425427164784,13,12,0.2486943605264622,0.4227662322333559,0.1740718717068936,2.28913928492659e-21,0.07142855447010397,0.24869436052646224,-0.449466840432281,-0.449466840432281,-0.3564361065555896,2819,2711,9.744089828583045e-05,2018,22,chandler,hutchison,high,100.0,False,True,14,False,False,False,False
3149673,166,Pascal Siakam,New Mexico St,436.0,1048.0,0.0,0,34,34,30.823529411764707,0.416030534351145,1.0162018426407688,True,New Mexico St,12,6850.0,0.4024852828126082,11,6807.0,1.1411673184045013,1,0.9937226277372264,0.0062773722627736,11,10,-0.0557924145298327,0.0124965475763732,0.068288962106206,1.7341200508603355e-09,1.0944174063061971e-09,-0.055792414529832766,0.9498130170501687,0.9498130170501687,0.9498130184755714,657,683,0.0003948578711443508,2016,27,pascal,siakam,high,100.0,False,True,7,False,False,False,False
3153165,183,Chris McCullough,Syracuse,149.0,450.0,0.0,0,31,16,28.125,0.3311111111111111,0.2953339568326369,True,Syracuse,9,6229.0,-0.1555128133502747,9,6229.0,-0.1555128133502747,0,1.0,0.0,8,8,-0.0563558462728639,-0.0563558462728639,0.0,1.2929740383261747e-15,0.0010419603903435697,-0.056355846272863865,0.27468260437207875,0.27468260437207875,0.27603968545125246,1560,1604,0.00020101820328885907,2015,29,chris,mccullough,high,100.0,True,True,7,False,False,False,False
3155526,2483,Dillon Brooks,Oregon,413.0,1020.0,0.0,0,36,36,28.333333333333332,0.4049019607843137,0.9217330981168422,True,Oregon,12,7281.0,2.372792294404279,10,7223.0,4.250626829955164,2,0.992034061255322,0.0079659387446778,11,9,0.1319144723897669,0.369877081315369,0.2379626089256021,2.7294812278779695e-10,0.08225610078271194,0.13191447238976703,0.7543830889536147,0.7543830889536147,0.8615159502920536,856,764,0.000324763086589532,2017,45,dillon,brooks,high,100.0,False,True,11,False,False,False,False
3155535,26,Kevon Looney,UCLA,416.0,1114.0,0.0,0,36,36,30.944444444444443,0.3734290843806104,0.6545647047410561,True,UCLA,11,7227.0,-2.2975790863380205,9,7177.0,0.3389654730733893,2,0.993081499930815,0.006918500069185,10,8,-0.2952143791079076,-0.0394499039584583,0.2557644751494493,1.4625379288606062e-12,3.91774216378097e-06,-0.29521437910790765,0.6117966595332407,0.6117966595332406,0.611801762120453,1033,1069,0.0002816061666743849,2015,30,kevon,looney,high,100.0,True,True,3,False,False,False,False
3155536,26,Thomas Welsh,UCLA,138.0,565.0,0.0,0,36,36,15.694444444444445,0.2442477876106194,-0.4420353984569484,True,UCLA,11,7227.0,-2.2975790863380205,9,7177.0,0.3389654730733893,2,0.993081499930815,0.006918500069185,10,8,-0.1855543687881072,0.0976251089412922,0.2831794777293994,6.979677995030527e-22,3.91774216378097e-06,-0.18555436878810722,-0.41316217283065315,-0.41316217283065315,-0.4131570702434408,2756,2804,0.00010104345687393039,2018,58,thomas,welsh,high,100.0,False,True,5,False,False,False,False
3155942,2250,Domantas Sabonis,Gonzaga,369.0,822.0,0.0,0,38,38,21.63157894736842,0.4489051094890511,1.2952690403714613,True,Gonzaga,13,7609.0,5.414643338817708,11,7526.0,6.5117508158389255,2,0.9890918648968328,0.0109081351031673,12,10,0.3432811915371872,0.5216481775467464,0.1783669860095592,4.085014932821249e-07,0.07692252705144231,0.3432811915371872,1.1104624061327195,1.1104624061327195,1.2106486579242282,493,429,0.0004636710094306927,2016,11,domantas,sabonis,high,100.0,False,True,15,False,False,False,False
3156069,2010,Ladarius Tabb,Alabama A&M,501.0,926.0,0.0,0,29,28,33.07142857142857,0.541036717062635,2.0773600465708975,True,Alabama A&M,13,5826.0,-1.5525432268153958,13,5826.0,-1.5525432268153958,0,1.0,0.0,12,12,-0.3024919394488577,-0.3024919394488577,0.0,0.644872337410083,0.04960632510899513,-0.30249193944885777,1.8770365883724391,1.8770365883724391,1.9416453833291831,84,95,0.0009979961829302525,,,,,,,False,False,3,False,False,True,True
