season,repetition,rho,fraction,K,ability_cutoff,adjacent_ability_gap,lost_count,lost_fraction,mean_penalty_ability_only_winners,mean_penalty_other_players,max_lost_ability_above_cutoff,max_gained_ability_below_cutoff,mean_lost_minus_gained_ability,mean_lost_minus_gained_penalty
2014,1,0,0.027,115,1.9425681672525088,0.005565556977569885,1,0.008695652173913044,0.04136395239550922,0.010327872074634616,0.035149158212521625,0.005565556977569885,0.04071471519009151,0.06682413166130363
2014,1,0,0.1,425,1.3609301270701994,0.0008889230969184592,5,0.011764705882352941,0.01920648485909748,0.010274442517612347,0.05357299771689639,0.013249818897348886,0.027858724706981475,0.09347339509608042
2014,1,1,0.027,115,1.9425681672525088,0.005565556977569885,6,0.05217391304347826,0.06956240665208893,0.009543255031444035,0.13156681923988245,0.0195962093580877,0.060966824893109006,0.10254711593009491
2014,1,1,0.1,425,1.3609301270701994,0.0008889230969184592,15,0.03529411764705882,0.03889874440221728,0.008085269013603477,0.10418602586278758,0.02503020299217229,0.05523481121191032,0.11751171817906325
2014,2,0,0.027,115,1.9425681672525088,0.005565556977569885,3,0.02608695652173913,0.04552611355933629,0.010212060670366502,0.035149158212521625,0.0195962093580877,0.03873474526869525,0.0810729556122209
2014,2,0,0.1,425,1.3609301270701994,0.0008889230969184592,5,0.011764705882352941,0.018932917946502235,0.010304854743051263,0.07413243737778807,0.009977073919956725,0.03900315197443738,0.08703551879833712
2014,2,1,0.027,115,1.9425681672525088,0.005565556977569885,6,0.05217391304347826,0.06216126212162231,0.009749190579714944,0.05054420396173476,0.0195962093580877,0.04215320726243088,0.08700930950596837
2014,2,1,0.1,425,1.3609301270701994,0.0008889230969184592,13,0.03058823529411765,0.03624142441966416,0.008380681253358923,0.11136026951062661,0.021318828065746587,0.0572829013687195,0.11402937852077775
2014,3,0,0.027,115,1.9425681672525088,0.005565556977569885,3,0.02608695652173913,0.04679566073901676,0.010176735742792525,0.05054420396173476,0.009681215009188504,0.04152027627899946,0.0883849172338835
2014,3,0,0.1,425,1.3609301270701994,0.0008889230969184592,4,0.009411764705882352,0.019283518312859647,0.010265878767194111,0.07140293520859631,0.007605425943722377,0.028675338420944385,0.09174235056523204
2014,3,1,0.027,115,1.9425681672525088,0.005565556977569885,6,0.05217391304347826,0.08290119743327973,0.009172105517813034,0.1322164203785161,0.03633374001137368,0.09199207382741248,0.18033812600154528
2014,3,1,0.1,425,1.3609301270701994,0.0008889230969184592,12,0.02823529411764706,0.040136812506436886,0.007947633924852931,0.20068973498838494,0.021318828065746587,0.06386990517344415,0.13596275727108711
2014,4,0,0.027,115,1.9425681672525088,0.005565556977569885,1,0.008695652173913044,0.043429771934015336,0.01027039100835632,0.05054420396173476,0.005565556977569885,0.05610976093930464,0.06727448946483465
2014,4,0,0.1,425,1.3609301270701994,0.0008889230969184592,5,0.011764705882352941,0.018771931012446105,0.010322751537969875,0.045024743843906645,0.009977073919956725,0.032792317667038606,0.07882141997529354
2014,4,1,0.027,115,1.9425681672525088,0.005565556977569885,6,0.05217391304347826,0.08627794370762101,0.009078148145069445,0.25118760118716965,0.018252714188859764,0.09547614800844406,0.20826149634760963
2014,4,1,0.1,425,1.3609301270701994,0.0008889230969184592,11,0.02588235294117647,0.038673971566976224,0.008110256838604115,0.14729059083582463,0.020744488597494337,0.04781525575249157,0.10280082215526512
2014,5,0,0.027,115,1.9425681672525088,0.005565556977569885,3,0.02608695652173913,0.05067887175120451,0.010068686077561072,0.011563597344285581,0.00889657516862763,0.013676513530959555,0.054477850819816424
2014,5,0,0.1,425,1.3609301270701994,0.0008889230969184592,3,0.007058823529411765,0.021190058967567826,0.010053930093835236,0.07183668258753317,0.009977073919956725,0.0636366054113644,0.07979477909357212
2014,5,1,0.027,115,1.9425681672525088,0.005565556977569885,5,0.043478260869565216,0.06508924209371186,0.009667720050610106,0.06302874354940524,0.03633374001137368,0.04444880831486775,0.14441448041277338
2014,5,1,0.1,425,1.3609301270701994,0.0008889230969184592,10,0.023529411764705882,0.03316319435607963,0.008722885746433323,0.10096508468866117,0.01703068541426833,0.05226513458564863,0.10913792612936045
2014,6,0,0.027,115,1.9425681672525088,0.005565556977569885,3,0.02608695652173913,0.05223451654914786,0.010025400533945421,0.15843545712766938,0.00889657516862763,0.06414608732454141,0.11250588982423088
2014,6,0,0.1,425,1.3609301270701994,0.0008889230969184592,7,0.01647058823529412,0.021165469831931853,0.010056663649327072,0.19022954274050585,0.016411604974276184,0.08688636809230932,0.11309435761395652
2014,6,1,0.027,115,1.9425681672525088,0.005565556977569885,5,0.043478260869565216,0.0739172565086985,0.009422082098100195,0.05054420396173476,0.018252714188859764,0.0376982338950822,0.07074265575712456
2014,6,1,0.1,425,1.3609301270701994,0.0008889230969184592,13,0.03058823529411765,0.04329610506137757,0.0075964177763178055,0.19022954274050585,0.03285783010972376,0.08693963854594444,0.18377906385262416
2014,7,0,0.027,115,1.9425681672525088,0.005565556977569885,2,0.017391304347826087,0.04764187724746091,0.010153189916886143,0.10391237076660698,0.007977075355471097,0.07667658254866971,0.11727956647488379
2014,7,0,0.1,425,1.3609301270701994,0.0008889230969184592,5,0.011764705882352941,0.020297406669988617,0.010153165570285972,0.05743943985346456,0.009977073919956725,0.04411658643651206,0.07357680449214181
2014,7,1,0.027,115,1.9425681672525088,0.005565556977569885,4,0.034782608695652174,0.06045540103034861,0.009796655865341966,0.09155843580894274,0.018252714188859764,0.050031772708056366,0.09046502649739267
2014,7,1,0.1,425,1.3609301270701994,0.0008889230969184592,12,0.02823529411764706,0.036156139165324536,0.008390162350166232,0.106761478068651,0.03398240413795439,0.059521445309748566,0.11657774229914537
2014,8,0,0.027,115,1.9425681672525088,0.005565556977569885,3,0.02608695652173913,0.04475244805662133,0.010233587777265178,0.06302874354940524,0.00889657516862763,0.04129650806636609,0.08525048764491182
2014,8,0,0.1,425,1.3609301270701994,0.0008889230969184592,6,0.01411764705882353,0.020935071401605106,0.010082276867451286,0.07337425219990945,0.013249818897348886,0.050988636465659765,0.07996836472592625
2014,8,1,0.027,115,1.9425681672525088,0.005565556977569885,6,0.05217391304347826,0.05967519680927487,0.009818364910931968,0.06302874354940524,0.02203832619279167,0.04101190658373066,0.11017592147549378
2014,8,1,0.1,425,1.3609301270701994,0.0008889230969184592,10,0.023529411764705882,0.030685667112995533,0.008998310564197053,0.08164719312313706,0.021318828065746587,0.055857296632086495,0.09458024867807757
2014,9,0,0.027,115,1.9425681672525088,0.005565556977569885,2,0.017391304347826087,0.046643267526349196,0.010180976057202583,0.04352119369222196,0.007977075355471097,0.034500996092562186,0.0753600375091269
2014,9,0,0.1,425,1.3609301270701994,0.0008889230969184592,4,0.009411764705882352,0.02179398719684948,0.009986791852285484,0.09207109868640462,0.007605425943722377,0.04980951882443918,0.09537538488329589
2014,9,1,0.027,115,1.9425681672525088,0.005565556977569885,7,0.06086956521739131,0.08786314776876608,0.009034040120140415,0.17308776285196315,0.0377029370733315,0.07233979164737314,0.1728911987588678
2014,9,1,0.1,425,1.3609301270701994,0.0008889230969184592,11,0.02588235294117647,0.042713631850049734,0.007661170879852811,0.2004035108223987,0.020744488597494337,0.06121702311875743,0.11748057564894718
2014,10,0,0.027,115,1.9425681672525088,0.005565556977569885,2,0.017391304347826087,0.04127642705613735,0.010330307451849173,0.05054420396173476,0.007977075355471097,0.03979257706413186,0.09123344936732054
2014,10,0,0.1,425,1.3609301270701994,0.0008889230969184592,5,0.011764705882352941,0.018765245312324146,0.010323494782163397,0.08757595197498835,0.009977073919956725,0.05260650553294122,0.08737886844111378
2014,10,1,0.027,115,1.9425681672525088,0.005565556977569885,5,0.043478260869565216,0.06423963466045508,0.009691360228404573,0.05054420396173476,0.03633374001137368,0.03947160349772516,0.1434049214599243
2014,10,1,0.1,425,1.3609301270701994,0.0008889230969184592,12,0.02823529411764706,0.036759956073265,0.008323036484125244,0.16729532684001502,0.022989826255369383,0.0702061328655077,0.12007090278134112
2014,11,0,0.027,115,1.9425681672525088,0.005565556977569885,2,0.017391304347826087,0.04653258101299938,0.010184055890020204,0.0175850194502849,0.00889657516862763,0.0176597832659926,0.08669834622389803
2014,11,0,0.1,425,1.3609301270701994,0.0008889230969184592,9,0.021176470588235293,0.02121829584619865,0.010050791021531258,0.10397431949437141,0.016411604974276184,0.06413230275172177,0.09473094178257406
2014,11,1,0.027,115,1.9425681672525088,0.005565556977569885,5,0.043478260869565216,0.0637555142920598,0.009704830792732048,0.13749723516296974,0.0169366078696489,0.07601875298371064,0.13168785013161657
2014,11,1,0.1,425,1.3609301270701994,0.0008889230969184592,15,0.03529411764705882,0.03750111603823369,0.008240642294977533,0.20068973498838494,0.02965944483588534,0.07443677500726253,0.12767383546012712
2014,12,0,0.027,115,1.9425681672525088,0.005565556977569885,3,0.02608695652173913,0.042815437701687054,0.010287484750605957,0.035149158212521625,0.009681215009188504,0.03180474520612031,0.0669165638285201
2014,12,0,0.1,425,1.3609301270701994,0.0008889230969184592,7,0.01647058823529412,0.0186597674365558,0.010335220677324671,0.11181504404272946,0.014446756318747811,0.06308859818806134,0.10535826870356998
2014,12,1,0.027,115,1.9425681672525088,0.005565556977569885,4,0.034782608695652174,0.06307888057663498,0.009723658007170437,0.0928723832562901,0.0195962093580877,0.05226741893637876,0.15927313308475638
2014,12,1,0.1,425,1.3609301270701994,0.0008889230969184592,13,0.03058823529411765,0.03362724606628902,0.008671297471037299,0.1755351648880954,0.02503020299217229,0.09665885884843228,0.15858436424825587
2014,13,0,0.027,115,1.9425681672525088,0.005565556977569885,4,0.034782608695652174,0.05049312097768448,0.010073854560250355,0.03371021187255274,0.0195962093580877,0.031784737079394,0.08402389673543054
2014,13,0,0.1,425,1.3609301270701994,0.0008889230969184592,4,0.009411764705882352,0.020842314885900423,0.010092588538697553,0.08013158704672341,0.007605425943722377,0.044991322114711574,0.07781279799994874
2014,13,1,0.027,115,1.9425681672525088,0.005565556977569885,4,0.034782608695652174,0.07822243981487352,0.009302291127809817,0.15033215688442025,0.018252714188859764,0.07799032406187223,0.2530896696202752
2014,13,1,0.1,425,1.3609301270701994,0.0008889230969184592,14,0.03294117647058824,0.03978901717977566,0.007986298066582206,0.32071152282709026,0.022989826255369383,0.09840289654900558,0.17303997467114823
2014,14,0,0.027,115,1.9425681672525088,0.005565556977569885,2,0.017391304347826087,0.043190803128754465,0.010277040273443424,0.07856505948072812,0.007977075355471097,0.06271161557225957,0.0808247468006449
2014,14,0,0.1,425,1.3609301270701994,0.0008889230969184592,4,0.009411764705882352,0.01902630069108595,0.010294473454417186,0.13037683295141966,0.009977073919956725,0.06738598631079418,0.1114693042012329
2014,14,1,0.027,115,1.9425681672525088,0.005565556977569885,6,0.05217391304347826,0.06034500333603956,0.009799727661820442,0.03589816199769169,0.02203832619279167,0.02971187965670441,0.0666076995473664
2014,14,1,0.1,425,1.3609301270701994,0.0008889230969184592,11,0.02588235294117647,0.034481345109594386,0.008576347930518133,0.10418602586278758,0.02503020299217229,0.058962025893083414,0.11688222320018239
2014,15,0,0.027,115,1.9425681672525088,0.005565556977569885,4,0.034782608695652174,0.04357703304747919,0.010266293493706346,0.03371021187255274,0.009681215009188504,0.022333099471889106,0.0713088360764637
2014,15,0,0.1,425,1.3609301270701994,0.0008889230969184592,5,0.011764705882352941,0.019085665797699408,0.010287873880702637,0.06174990392623725,0.013249818897348886,0.04340430701135878,0.06180804600057517
2014,15,1,0.027,115,1.9425681672525088,0.005565556977569885,6,0.05217391304347826,0.07695300913154045,0.009337612813893365,0.1219966224932576,0.03633374001137368,0.04979808866510882,0.15798051474857008
2014,15,1,0.1,425,1.3609301270701994,0.0008889230969184592,12,0.02823529411764706,0.0385618412145643,0.008122722284530107,0.09718452900640062,0.022989826255369383,0.05740029875665975,0.12235369157415478
2014,16,0,0.027,115,1.9425681672525088,0.005565556977569885,2,0.017391304347826087,0.04574956855716751,0.010205843074249737,0.0175850194502849,0.007977075355471097,0.015563825891663052,0.07988348228502672
2014,16,0,0.1,425,1.3609301270701994,0.0008889230969184592,7,0.01647058823529412,0.019853948282429507,0.010202464501678237,0.06425618024807633,0.013249818897348886,0.0449836627908915,0.08349481822743499
2014,16,1,0.027,115,1.9425681672525088,0.005565556977569885,8,0.06956521739130435,0.07991235039650214,0.009255269662315675,0.07856505948072812,0.02203832619279167,0.0446797165428352,0.13473045683160112
2014,16,1,0.1,425,1.3609301270701994,0.0008889230969184592,9,0.021176470588235293,0.03626150220378857,0.008378449221380669,0.08164719312313706,0.020744488597494337,0.04915799948345212,0.12374740207139479
2014,17,0,0.027,115,1.9425681672525088,0.005565556977569885,1,0.008695652173913044,0.0415696021038634,0.010322149907574194,0.003754320811421241,0.005565556977569885,0.009319877788991127,0.057701263442564536
2014,17,0,0.1,425,1.3609301270701994,0.0008889230969184592,5,0.011764705882352941,0.019726027653007634,0.010216685340680143,0.05829615019467105,0.013249818897348886,0.03363466168131324,0.08327825168471396
2014,17,1,0.027,115,1.9425681672525088,0.005565556977569885,6,0.05217391304347826,0.0781068046160855,0.009305508656931673,0.10206016302104226,0.02203832619279167,0.07369428683978474,0.18723578377986325
2014,17,1,0.1,425,1.3609301270701994,0.0008889230969184592,9,0.021176470588235293,0.03836605852994596,0.008144487296552812,0.08053779491504165,0.01703068541426833,0.046487358347958585,0.1192651495791575
2014,18,0,0.027,115,1.9425681672525088,0.005565556977569885,2,0.017391304347826087,0.04903883036295487,0.01011431994149737,0.09155843580894274,0.00889657516862763,0.06180279370271258,0.09166054957448488
2014,18,0,0.1,425,1.3609301270701994,0.0008889230969184592,7,0.01647058823529412,0.020674343235680417,0.010111261819195465,0.05978132909762568,0.016411604974276184,0.03915218038742818,0.08737102554769893
2014,18,1,0.027,115,1.9425681672525088,0.005565556977569885,6,0.05217391304347826,0.0688752302143943,0.009562375595280205,0.09411700550856228,0.0195962093580877,0.05027220952332789,0.09428901160173145
2014,18,1,0.1,425,1.3609301270701994,0.0008889230969184592,7,0.01647058823529412,0.035518270380750346,0.008461073737412906,0.16549203163816162,0.02105862096758382,0.053962046547778364,0.10788357401687877
2014,19,0,0.027,115,1.9425681672525088,0.005565556977569885,1,0.008695652173913044,0.046564615577008334,0.010183164533896073,0.05054420396173476,0.005565556977569885,0.05610976093930464,0.09189957092799993
2014,19,0,0.1,425,1.3609301270701994,0.0008889230969184592,6,0.01411764705882353,0.0193550707938021,0.010257924332352222,0.15064952497675543,0.013249818897348886,0.05358003552332735,0.08996938188546245
2014,19,1,0.027,115,1.9425681672525088,0.005565556977569885,7,0.06086956521739131,0.10498363678346222,0.00855766551653769,0.38236302100268693,0.03633374001137368,0.1863509932299674,0.3147487168058961
2014,19,1,0.1,425,1.3609301270701994,0.0008889230969184592,7,0.01647058823529412,0.039827363369278015,0.007982035149883672,0.11833615109931839,0.02105862096758382,0.06218736477004261,0.13083442967479075
2014,20,0,0.027,115,1.9425681672525088,0.005565556977569885,2,0.017391304347826087,0.041866416448628874,0.010313891100497487,0.011563597344285581,0.00889657516862763,0.016865839242218517,0.07254620628916278
2014,20,0,0.1,425,1.3609301270701994,0.0008889230969184592,4,0.009411764705882352,0.019395815073055742,0.010253394821841419,0.057480487798715396,0.009977073919956725,0.03837049456169872,0.0620097330052524
2014,20,1,0.027,115,1.9425681672525088,0.005565556977569885,4,0.034782608695652174,0.06573001444985857,0.009649890672202927,0.05054420396173476,0.03757186705170246,0.04857939761503194,0.11153672444944107
2014,20,1,0.1,425,1.3609301270701994,0.0008889230969184592,10,0.023529411764705882,0.03369689906715689,0.008663554199949453,0.15515291178921164,0.01703068541426833,0.08486095413687655,0.14057661343148084
2014,21,0,0.027,115,1.9425681672525088,0.005565556977569885,5,0.043478260869565216,0.044797581743628884,0.010232331940341425,0.03371021187255274,0.0195962093580877,0.031296610204827324,0.08177908797952838
2014,21,0,0.1,425,1.3609301270701994,0.0008889230969184592,4,0.009411764705882352,0.020120257475458803,0.010172859111399018,0.04014017874340925,0.007605425943722377,0.02644776904670687,0.060445810086712966
2014,21,1,0.027,115,1.9425681672525088,0.005565556977569885,4,0.034782608695652174,0.0729535128707382,0.009448898095769065,0.2496188689895038,0.03633374001137368,0.08316731679310796,0.20868912871021997
2014,21,1,0.1,425,1.3609301270701994,0.0008889230969184592,16,0.03764705882352941,0.038929815816573156,0.008081814828120544,0.26953576485254516,0.02965944483588534,0.08702992302414225,0.16982846598609722
2014,22,0,0.027,115,1.9425681672525088,0.005565556977569885,3,0.02608695652173913,0.04796391636380359,0.010144229234965165,0.04086107325715127,0.0169366078696489,0.04835478178723451,0.09685701594571193
2014,22,0,0.1,425,1.3609301270701994,0.0008889230969184592,5,0.011764705882352941,0.019444592552691476,0.010247972266558868,0.11086469470193738,0.009977073919956725,0.051302533216571744,0.10116513484726347
2014,22,1,0.027,115,1.9425681672525088,0.005565556977569885,7,0.06086956521739131,0.07660444311565698,0.009347311602140787,0.16995515319439525,0.0377029370733315,0.1047645377508244,0.1651110590785306
2014,22,1,0.1,425,1.3609301270701994,0.0008889230969184592,15,0.03529411764705882,0.041556062118809,0.007789857025753232,0.12615745132137968,0.02965944483588534,0.06754585494830079,0.16230920504252075
2014,23,0,0.027,115,1.9425681672525088,0.005565556977569885,2,0.017391304347826087,0.04251985960727061,0.010295709159233562,0.003754320811421241,0.00889657516862763,0.009108226478809378,0.044343684012242666
2014,23,0,0.1,425,1.3609301270701994,0.0008889230969184592,4,0.009411764705882352,0.018859131963341175,0.010313057474634693,0.05743943985346456,0.007605425943722377,0.03261384013893798,0.05998774221614438
2014,23,1,0.027,115,1.9425681672525088,0.005565556977569885,7,0.06086956521739131,0.07542924554189917,0.009380011268480532,0.22309917470451746,0.0195962093580877,0.0864541377868957,0.15156974432471354
2014,23,1,0.1,425,1.3609301270701994,0.0008889230969184592,8,0.018823529411764704,0.03835446340156566,0.008145776318148843,0.2038854197652833,0.01703068541426833,0.05467332529515412,0.09354107035612202
2014,24,0,0.027,115,1.9425681672525088,0.005565556977569885,3,0.02608695652173913,0.04252786975479458,0.010295486278283828,0.10900709969675093,0.009681215009188504,0.05223036710041118,0.08938028234628081
2014,24,0,0.1,425,1.3609301270701994,0.0008889230969184592,8,0.018823529411764704,0.019510542924572508,0.010240640613917112,0.08840543065118944,0.016411604974276184,0.04948243393153762,0.08941802363659775
2014,24,1,0.027,115,1.9425681672525088,0.005565556977569885,3,0.02608695652173913,0.0690584931408239,0.009557276336499802,0.21162106106508638,0.00889657516862763,0.08427700044524866,0.2123426261740506
2014,24,1,0.1,425,1.3609301270701994,0.0008889230969184592,8,0.018823529411764704,0.0342541234913679,0.008601607984859292,0.16013190045081815,0.01703068541426833,0.07491651742211691,0.12081395689873117
2014,25,0,0.027,115,1.9425681672525088,0.005565556977569885,3,0.02608695652173913,0.04197985063385311,0.01031073481419195,0.05539114286047764,0.00889657516862763,0.04664605055605553,0.0639076976305444
2014,25,0,0.1,425,1.3609301270701994,0.0008889230969184592,8,0.018823529411764704,0.01961711993783908,0.010228792528476806,0.05372985230680549,0.014446756318747811,0.03310319353526103,0.09891239738512299
2014,25,1,0.027,115,1.9425681672525088,0.005565556977569885,6,0.05217391304347826,0.06272879138531187,0.009733399177507275,0.1189220940456499,0.03871093726952202,0.0732470563968377,0.1706702986179584
2014,25,1,0.1,425,1.3609301270701994,0.0008889230969184592,9,0.021176470588235293,0.0364551536639349,0.008356921135960269,0.10397431949437141,0.021318828065746587,0.051536855480809995,0.12511007350318493
2014,26,0,0.027,115,1.9425681672525088,0.005565556977569885,1,0.008695652173913044,0.04020401261970211,0.010360147195422864,0.0032724149355027876,0.005565556977569885,0.008837971913072673,0.08312737252017471
2014,26,0,0.1,425,1.3609301270701994,0.0008889230969184592,4,0.009411764705882352,0.01758428081284846,0.010454781706640815,0.07183668258753317,0.007605425943722377,0.04944920872658587,0.08211838887004398
2014,26,1,0.027,115,1.9425681672525088,0.005565556977569885,6,0.05217391304347826,0.06470714327108837,0.009678351883322833,0.07925864501337676,0.03633374001137368,0.04526775587002407,0.1340000865572793
2014,26,1,0.1,425,1.3609301270701994,0.0008889230969184592,12,0.02823529411764706,0.03969678928615551,0.007996550971313717,0.08164719312313706,0.02965944483588534,0.04620749504319033,0.12347825708313329
2014,27,0,0.027,115,1.9425681672525088,0.005565556977569885,2,0.017391304347826087,0.04114434116097524,0.010333982718711901,0.05054420396173476,0.007977075355471097,0.05380401499349885,0.06386437309353321
2014,27,0,0.1,425,1.3609301270701994,0.0008889230969184592,3,0.007058823529411765,0.01587510841721645,0.01064478910087142,0.06814192575779288,0.002645271755158385,0.029327481091737218,0.06481594243186713
2014,27,1,0.027,115,1.9425681672525088,0.005565556977569885,4,0.034782608695652174,0.08599577329226535,0.009085999487379124,0.23344270892110774,0.03871093726952202,0.11255137214309152,0.22750313702852287
2014,27,1,0.1,425,1.3609301270701994,0.0008889230969184592,9,0.021176470588235293,0.040423027256900904,0.007915815648905455,0.1483530734341485,0.02105862096758382,0.06879260396727549,0.13083166358869244
2014,28,0,0.027,115,1.9425681672525088,0.005565556977569885,3,0.02608695652173913,0.04094370097872068,0.01033956549658736,0.035149158212521625,0.009681215009188504,0.023736986405721527,0.05939675012178091
2014,28,0,0.1,425,1.3609301270701994,0.0008889230969184592,3,0.007058823529411765,0.017030332305979046,0.010516363740493681,0.06174990392623725,0.007605425943722377,0.04818816244137025,0.07381776822983069
2014,28,1,0.027,115,1.9425681672525088,0.005565556977569885,4,0.034782608695652174,0.06272280997780182,0.009733565609122,0.06302874354940524,0.0169366078696489,0.04445824506666751,0.08511632487404637
2014,28,1,0.1,425,1.3609301270701994,0.0008889230969184592,8,0.018823529411764704,0.028950313567822242,0.009191228496893534,0.29509967527693814,0.020744488597494337,0.07489447768774804,0.10234908732936056
2014,29,0,0.027,115,1.9425681672525088,0.005565556977569885,4,0.034782608695652174,0.04785125483834372,0.010147364022148296,0.04086107325715127,0.009681215009188504,0.030002891794723263,0.05155207840212492
2014,29,0,0.1,425,1.3609301270701994,0.0008889230969184592,7,0.01647058823529412,0.02099368685703342,0.010075760631888368,0.07413243737778807,0.01703068541426833,0.03849241014550708,0.10472890011589395
2014,29,1,0.027,115,1.9425681672525088,0.005565556977569885,7,0.06086956521739131,0.07138662305554011,0.009492496530017257,0.16995515319439525,0.03871093726952202,0.06881400491503853,0.12258534342339099
2014,29,1,0.1,425,1.3609301270701994,0.0008889230969184592,9,0.021176470588235293,0.03838457089253906,0.00814242929129462,0.08757595197498835,0.020744488597494337,0.06003532541404022,0.12399205912499399
2014,30,0,0.027,115,1.9425681672525088,0.005565556977569885,2,0.017391304347826087,0.042494343350905586,0.010296419144590925,0.06302874354940524,0.00889657516862763,0.05540320751317629,0.07734754472570658
2014,30,0,0.1,425,1.3609301270701994,0.0008889230969184592,8,0.018823529411764704,0.01936628959459904,0.01025667714680718,0.05734356252285977,0.016411604974276184,0.04740502491530618,0.08444648241427442
2014,30,1,0.027,115,1.9425681672525088,0.005565556977569885,4,0.034782608695652174,0.06861863269908969,0.009569515376131895,0.0928723832562901,0.009681215009188504,0.05097142803294297,0.12578068934014813
2014,30,1,0.1,425,1.3609301270701994,0.0008889230969184592,7,0.01647058823529412,0.03421993042102179,0.00860540920246251,0.29509967527693814,0.022290948539582356,0.0829422267901605,0.20427045389441112
2014,31,0,0.027,115,1.9425681672525088,0.005565556977569885,2,0.017391304347826087,0.041641728335695294,0.010320143007825664,0.09243620909383088,0.009681215009188504,0.05668345719699652,0.0785222966391883
2014,31,0,0.1,425,1.3609301270701994,0.0008889230969184592,4,0.009411764705882352,0.019192113279720452,0.010276040195152299,0.045024743843906645,0.013249818897348886,0.028879938466737087,0.07027957301662834
2014,31,1,0.027,115,1.9425681672525088,0.005565556977569885,8,0.06956521739130435,0.06131643752061493,0.009772697676041065,0.07925864501337676,0.0377029370733315,0.039679848173002075,0.09072210046809376
2014,31,1,0.1,425,1.3609301270701994,0.0008889230969184592,9,0.021176470588235293,0.032016496383760445,0.008850363287169824,0.08659942866311865,0.020744488597494337,0.05025705666051139,0.10086379678050798
2014,32,0,0.027,115,1.9425681672525088,0.005565556977569885,1,0.008695652173913044,0.04079639860375104,0.010343664159331491,0.009565538726910239,0.007977075355471097,0.017542614082381336,0.08343597350068803
2014,32,0,0.1,425,1.3609301270701994,0.0008889230969184592,3,0.007058823529411765,0.017550993369706332,0.010458482246357112,0.012741790126958197,0.002645271755158385,0.010860769214792176,0.041889533409512736
2014,32,1,0.027,115,1.9425681672525088,0.005565556977569885,3,0.02608695652173913,0.05394093825452704,0.009977919649329259,0.09411700550856228,0.009681215009188504,0.06232434317558555,0.10936205890918373
2014,32,1,0.1,425,1.3609301270701994,0.0008889230969184592,11,0.02588235294117647,0.03324146883180219,0.008714184032548393,0.10060944939761818,0.022989826255369383,0.06380698933704188,0.13088302344950262
2014,33,0,0.027,115,1.9425681672525088,0.005565556977569885,2,0.017391304347826087,0.039067391273777397,0.010391773484990088,0.05539114286047764,0.00889657516862763,0.05178174343961395,0.08049982851692078
2014,33,0,0.1,425,1.3609301270701994,0.0008889230969184592,9,0.021176470588235293,0.018605019939592123,0.010341306914889296,0.08172105866709445,0.01703068541426833,0.03856423033568457,0.07377631520929744
2014,33,1,0.027,115,1.9425681672525088,0.005565556977569885,5,0.043478260869565216,0.05665793702929091,0.009902319635030238,0.0928723832562901,0.0377029370733315,0.07477294076884577,0.11505846069301172
2014,33,1,0.1,425,1.3609301270701994,0.0008889230969184592,14,0.03294117647058824,0.0368212670294783,0.008316220591791828,0.11086469470193738,0.02503020299217229,0.06117477161936691,0.09917563999341983
2014,34,0,0.027,115,1.9425681672525088,0.005565556977569885,0,0.0,0.042456278291482866,0.01029747829819209,,,,
2014,34,0,0.1,425,1.3609301270701994,0.0008889230969184592,3,0.007058823529411765,0.01911251922090792,0.010284888606084897,0.05978132909762568,0.002645271755158385,0.02778547420161126,0.06052917654749836
2014,34,1,0.027,115,1.9425681672525088,0.005565556977569885,4,0.034782608695652174,0.0797691494974221,0.009259254202212653,0.10391237076660698,0.009681215009188504,0.040202228274934804,0.17868736306989683
2014,34,1,0.1,425,1.3609301270701994,0.0008889230969184592,12,0.02823529411764706,0.039841361028848575,0.007980479040723984,0.23670607875097072,0.02503020299217229,0.08988342663348847,0.14247514527261787
2014,35,0,0.027,115,1.9425681672525088,0.005565556977569885,3,0.02608695652173913,0.04720110410288075,0.01016545435231482,0.03371021187255274,0.009681215009188504,0.03594487266527224,0.08543178500562047
2014,35,0,0.1,425,1.3609301270701994,0.0008889230969184592,10,0.023529411764705882,0.022361486966336646,0.009923703334882385,0.08053779491504165,0.021318828065746587,0.0508058522393211,0.0962813711753482
2014,35,1,0.027,115,1.9425681672525088,0.005565556977569885,5,0.043478260869565216,0.06707685113293291,0.009612415177754937,0.07925864501337676,0.018252714188859764,0.05262388719706257,0.13486977718695814
2014,35,1,0.1,425,1.3609301270701994,0.0008889230969184592,8,0.018823529411764704,0.03657762167805947,0.008343306460050525,0.16498302935210485,0.020744488597494337,0.0838547655926658,0.13004030732062363
2014,36,0,0.027,115,1.9425681672525088,0.005565556977569885,1,0.008695652173913044,0.044773091413002154,0.010233013379495084,0.07856505948072812,0.005565556977569885,0.084130616458298,0.1672935261546192
2014,36,0,0.1,425,1.3609301270701994,0.0008889230969184592,5,0.011764705882352941,0.020693115019077658,0.010109174974323941,0.04919729553633778,0.009977073919956725,0.026560621413287633,0.07167896539163514
2014,36,1,0.027,115,1.9425681672525088,0.005565556977569885,6,0.05217391304347826,0.07485733505966366,0.009395924577325698,0.13159149196022257,0.02203832619279167,0.060192120161555174,0.14517594682288404
2014,36,1,0.1,425,1.3609301270701994,0.0008889230969184592,12,0.02823529411764706,0.04183521615843925,0.007758823683654656,0.15304831393213436,0.021318828065746587,0.05938916918605619,0.11646909561020789
2014,37,0,0.027,115,1.9425681672525088,0.005565556977569885,4,0.034782608695652174,0.044308025477187124,0.010245953757578493,0.04352119369222196,0.009681215009188504,0.03403670115351143,0.07389536831644836
2014,37,0,0.1,425,1.3609301270701994,0.0008889230969184592,2,0.004705882352941176,0.017854229144204602,0.010424771756123849,0.05774470445780211,0.001567163533350291,0.03010039554403532,0.07326951453586884
2014,37,1,0.027,115,1.9425681672525088,0.005565556977569885,5,0.043478260869565216,0.06548163394036491,0.009656801816309332,0.11316725559457375,0.0195962093580877,0.047377080438724795,0.11074428132395105
2014,37,1,0.1,425,1.3609301270701994,0.0008889230969184592,12,0.02823529411764706,0.03791028503352194,0.008195155289223545,0.07337425219990945,0.022290948539582356,0.04170526574256139,0.11270593721811524
2014,38,0,0.027,115,1.9425681672525088,0.005565556977569885,3,0.02608695652173913,0.049469229241478424,0.010102344168201889,0.10900709969675093,0.00889657516862763,0.058906705471752696,0.11314601664070137
2014,38,0,0.1,425,1.3609301270701994,0.0008889230969184592,4,0.009411764705882352,0.02004492884114304,0.010181233338337075,0.09207109868640462,0.009977073919956725,0.04755558729935028,0.07162506832851744
2014,38,1,0.027,115,1.9425681672525088,0.005565556977569885,5,0.043478260869565216,0.0922105980121809,0.008913073079735694,0.04086107325715127,0.0195962093580877,0.029488153806114692,0.1384000805669428
2014,38,1,0.1,425,1.3609301270701994,0.0008889230969184592,13,0.03058823529411765,0.04622095447878824,0.007271264492927918,0.3070848332811018,0.02965944483588534,0.11376014249358302,0.1732745663533123
2014,39,0,0.027,115,1.9425681672525088,0.005565556977569885,3,0.02608695652173913,0.044434554125946414,0.01024243312012209,0.06302874354940524,0.00889657516862763,0.0421096747694083,0.06476118083850578
2014,39,0,0.1,425,1.3609301270701994,0.0008889230969184592,5,0.011764705882352941,0.018469851012552142,0.010356333541620133,0.05978132909762568,0.009977073919956725,0.04808265481144125,0.09748732741815491
2014,39,1,0.027,115,1.9425681672525088,0.005565556977569885,7,0.06086956521739131,0.07859113938175658,0.009292032127037607,0.21162106106508638,0.03633374001137368,0.09347869398800301,0.19044983162778484
2014,39,1,0.1,425,1.3609301270701994,0.0008889230969184592,9,0.021176470588235293,0.04064051685356459,0.007891637495993586,0.3155068362029467,0.01703068541426833,0.08005977718062951,0.1602496663286626
2014,40,0,0.027,115,1.9425681672525088,0.005565556977569885,2,0.017391304347826087,0.04846205638344539,0.010130368576301042,0.04352119369222196,0.007977075355471097,0.03238488750960844,0.09981616166855754
2014,40,0,0.1,425,1.3609301270701994,0.0008889230969184592,2,0.004705882352941176,0.018964381042198195,0.010301357014651898,0.14949313667555675,0.001567163533350291,0.07733002661048127,0.08350277593658566
2014,40,1,0.027,115,1.9425681672525088,0.005565556977569885,4,0.034782608695652174,0.0699411846271985,0.00953271560073085,0.06302874354940524,0.02203832619279167,0.04385447170250645,0.09540414591919624
2014,40,1,0.1,425,1.3609301270701994,0.0008889230969184592,12,0.02823529411764706,0.03809887613504531,0.008174189760019402,0.20166458981111446,0.026858311236186205,0.08017945685769234,0.15375592716985265
2014,41,0,0.027,115,1.9425681672525088,0.005565556977569885,1,0.008695652173913044,0.03996827928615927,0.01036670643407697,0.05539114286047764,0.005565556977569885,0.06095669983804752,0.08164250124071039
2014,41,0,0.1,425,1.3609301270701994,0.0008889230969184592,4,0.009411764705882352,0.017355789472329106,0.010480182915042786,0.05734356252285977,0.009977073919956725,0.035755173868342816,0.07887789912155578
2014,41,1,0.027,115,1.9425681672525088,0.005565556977569885,4,0.034782608695652174,0.05742901881644228,0.009880864419563892,0.07925864501337676,0.0195962093580877,0.04912109164198064,0.09783076142136203
2014,41,1,0.1,425,1.3609301270701994,0.0008889230969184592,8,0.018823529411764704,0.03527797426778023,0.00848778727338264,0.06425618024807633,0.02503020299217229,0.057234209647709644,0.11089930428076065
2014,42,0,0.027,115,1.9425681672525088,0.005565556977569885,5,0.043478260869565216,0.04486908794735842,0.01023034229276608,0.13749723516296974,0.0169366078696489,0.05733057384701001,0.09894523539870617
2014,42,0,0.1,425,1.3609301270701994,0.0008889230969184592,7,0.01647058823529412,0.01956586960158817,0.010234489989346968,0.05978132909762568,0.01703068541426833,0.04756058178495537,0.09918011947542117
2014,42,1,0.027,115,1.9425681672525088,0.005565556977569885,5,0.043478260869565216,0.06800493157433977,0.00958659150227422,0.0928723832562901,0.0195962093580877,0.05839519040085461,0.15208829043693764
2014,42,1,0.1,425,1.3609301270701994,0.0008889230969184592,14,0.03294117647058824,0.0402641739268835,0.007933475252687141,0.12907163367253016,0.026858311236186205,0.07359039045656601,0.12429291538200375
2014,43,0,0.027,115,1.9425681672525088,0.005565556977569885,2,0.017391304347826087,0.044935138851026034,0.010228504437958004,0.03371021187255274,0.007977075355471097,0.027479396599773942,0.06863462901189514
2014,43,0,0.1,425,1.3609301270701994,0.0008889230969184592,9,0.021176470588235293,0.021378201942577956,0.010033014382514466,0.08164719312313706,0.021318828065746587,0.039374089783168476,0.08087349510131005
2014,43,1,0.027,115,1.9425681672525088,0.005565556977569885,6,0.05217391304347826,0.07320649557563749,0.009441858896382802,0.05539114286047764,0.02203832619279167,0.03927910142467983,0.11522172355053295
2014,43,1,0.1,425,1.3609301270701994,0.0008889230969184592,16,0.03764705882352941,0.03960584340143297,0.008006661356091922,0.12615745132137968,0.03563773506735912,0.08252214021595328,0.14446528235539047
2014,44,0,0.027,115,1.9425681672525088,0.005565556977569885,2,0.017391304347826087,0.042855952803370415,0.01028635742500867,0.05054420396173476,0.007977075355471097,0.0368261875108431,0.1207209413807156
2014,44,0,0.1,425,1.3609301270701994,0.0008889230969184592,6,0.01411764705882353,0.02088786072016262,0.010087525242971311,0.05743943985346456,0.013249818897348886,0.03370728655731203,0.09754564277488739
2014,44,1,0.027,115,1.9425681672525088,0.005565556977569885,7,0.06086956521739131,0.06538929724607116,0.009659371068630596,0.04086107325715127,0.03633374001137368,0.03861414204383817,0.10437352695619
2014,44,1,0.1,425,1.3609301270701994,0.0008889230969184592,12,0.02823529411764706,0.03318472869728949,0.008720491790112582,0.16013190045081815,0.022290948539582356,0.08005996813767968,0.13531767328760047
2014,45,0,0.027,115,1.9425681672525088,0.005565556977569885,3,0.02608695652173913,0.04488201703195461,0.010229982543255179,0.0928723832562901,0.0195962093580877,0.04707393534759463,0.09389575783789034
2014,45,0,0.1,425,1.3609301270701994,0.0008889230969184592,6,0.01411764705882353,0.018903379824164023,0.010308138473627708,0.07394381494827917,0.013249818897348886,0.046848517750924135,0.08915142554781245
2014,45,1,0.027,115,1.9425681672525088,0.005565556977569885,9,0.0782608695652174,0.09209769791812517,0.00891621450504816,0.2641413948816842,0.05093085234150485,0.11485673370840432,0.25266511286088567
2014,45,1,0.1,425,1.3609301270701994,0.0008889230969184592,10,0.023529411764705882,0.04339180979104316,0.007585778354369629,0.2038854197652833,0.02105862096758382,0.10179534449236405,0.17290310244622173
2014,46,0,0.027,115,1.9425681672525088,0.005565556977569885,1,0.008695652173913044,0.0411256090001245,0.010334503937801625,0.03589816199769169,0.005565556977569885,0.041463718975261576,0.09997195389175567
2014,46,0,0.1,425,1.3609301270701994,0.0008889230969184592,8,0.018823529411764704,0.01857080113828382,0.010345110992983993,0.12159292095210006,0.016411604974276184,0.0546159702122293,0.1008136300863218
2014,46,1,0.027,115,1.9425681672525088,0.005565556977569885,4,0.034782608695652174,0.06880749547061049,0.009564260302644139,0.1219966224932576,0.018252714188859764,0.05670005780933063,0.12526718764687828
2014,46,1,0.1,425,1.3609301270701994,0.0008889230969184592,10,0.023529411764705882,0.03428820428754718,0.008597819248689742,0.08840543065118944,0.022989826255369383,0.05121133549689061,0.1285816052924753
2014,47,0,0.027,115,1.9425681672525088,0.005565556977569885,3,0.02608695652173913,0.04603965446812916,0.01019777148466334,0.07925864501337676,0.009681215009188504,0.04980587384610313,0.11574578412154435
2014,47,0,0.1,425,1.3609301270701994,0.0008889230969184592,6,0.01411764705882353,0.020674340764898446,0.010111262093870414,0.07390601688951381,0.013249818897348886,0.0309191951579586,0.07470527081222836
2014,47,1,0.027,115,1.9425681672525088,0.005565556977569885,4,0.034782608695652174,0.08395036762266715,0.009142912541336005,0.3043505887654261,0.0195962093580877,0.09865878796236371,0.15860885611717285
2014,47,1,0.1,425,1.3609301270701994,0.0008889230969184592,12,0.02823529411764706,0.04444739363298836,0.007468429902152338,0.2720282461189234,0.02503020299217229,0.1111755793582887,0.24010355300967418
2014,48,0,0.027,115,1.9425681672525088,0.005565556977569885,4,0.034782608695652174,0.0451338718652921,0.010222974726697276,0.06302874354940524,0.009681215009188504,0.03653271641341993,0.0832408042091203
2014,48,0,0.1,425,1.3609301270701994,0.0008889230969184592,6,0.01411764705882353,0.019535662422502414,0.01023784809845276,0.08095646570826864,0.014446756318747811,0.03579898873002252,0.09263733145626832
2014,48,1,0.027,115,1.9425681672525088,0.005565556977569885,6,0.05217391304347826,0.07200951963409008,0.009475164541985985,0.11316725559457375,0.0377029370733315,0.05305853673120975,0.16658333547174398
2014,48,1,0.1,425,1.3609301270701994,0.0008889230969184592,10,0.023529411764705882,0.037411630661925856,0.008250590316146991,0.16013190045081815,0.026858311236186205,0.0747435165361725,0.12961033716082507
2014,49,0,0.027,115,1.9425681672525088,0.005565556977569885,3,0.02608695652173913,0.04420022563007045,0.01024895326941455,0.05054420396173476,0.009681215009188504,0.04307580371868247,0.06020829115729981
2014,49,0,0.1,425,1.3609301270701994,0.0008889230969184592,8,0.018823529411764704,0.022271048367383334,0.009933757325087762,0.11181504404272946,0.01703068541426833,0.05361838863998347,0.08756561488975825
2014,49,1,0.027,115,1.9425681672525088,0.005565556977569885,8,0.06956521739130435,0.08860990926122164,0.009013261612607777,0.13749723516296974,0.0377029370733315,0.05402973544394207,0.18339302090806053
2014,49,1,0.1,425,1.3609301270701994,0.0008889230969184592,12,0.02823529411764706,0.04429777610967574,0.007485062768332789,0.2899840590556493,0.022290948539582356,0.08333351118586219,0.16781417058471665
2014,50,0,0.027,115,1.9425681672525088,0.005565556977569885,3,0.02608695652173913,0.042677398724624026,0.010291325660928302,0.015498317833487985,0.00889657516862763,0.018403004352006924,0.04863967466822727
2014,50,0,0.1,425,1.3609301270701994,0.0008889230969184592,5,0.011764705882352941,0.018509800476682086,0.010351892390101635,0.09776144326925085,0.013249818897348886,0.06184470291453992,0.10038507622822974
2014,50,1,0.027,115,1.9425681672525088,0.005565556977569885,7,0.06086956521739131,0.06466393780413937,0.009679554067861699,0.0928723832562901,0.03633374001137368,0.06759584628993531,0.1549015755058192
2014,50,1,0.1,425,1.3609301270701994,0.0008889230969184592,13,0.03058823529411765,0.03516591824975043,0.008500244455611953,0.10052340987221697,0.022290948539582356,0.05517126618078638,0.11702150704551208
2014,51,0,0.027,115,1.9425681672525088,0.005565556977569885,3,0.02608695652173913,0.04161340376132977,0.010320931134138765,0.0175850194502849,0.009681215009188504,0.019879400939019742,0.06755496480427395
2014,51,0,0.1,425,1.3609301270701994,0.0008889230969184592,3,0.007058823529411765,0.019953293336509005,0.010191420387635914,0.06294940262886017,0.007605425943722377,0.039125309349313575,0.0732208691419007
2014,51,1,0.027,115,1.9425681672525088,0.005565556977569885,7,0.06086956521739131,0.07960110067542255,0.009263930131206109,0.04086107325715127,0.02203832619279167,0.0353744946917689,0.16634847981285097
2014,51,1,0.1,425,1.3609301270701994,0.0008889230969184592,12,0.02823529411764706,0.04315354728583374,0.007612265815712554,0.32929447001854806,0.02105862096758382,0.12920091840748893,0.21788028475808607
2014,52,0,0.027,115,1.9425681672525088,0.005565556977569885,3,0.02608695652173913,0.04572300974592935,0.010206582068513562,0.035149158212521625,0.009681215009188504,0.03326305547375252,0.07257689859397932
2014,52,0,0.1,425,1.3609301270701994,0.0008889230969184592,5,0.011764705882352941,0.02060590234195914,0.010118870341254459,0.05734356252285977,0.009977073919956725,0.0338361880645881,0.0835776316931108
2014,52,1,0.027,115,1.9425681672525088,0.005565556977569885,7,0.06086956521739131,0.060549739986074616,0.009794030900447583,0.1219966224932576,0.02203832619279167,0.04718050418538455,0.09991787571175305
2014,52,1,0.1,425,1.3609301270701994,0.0008889230969184592,11,0.02588235294117647,0.03331846346066361,0.008705624598264817,0.12293627670707252,0.022290948539582356,0.06231588351499595,0.09532547701925691
2014,53,0,0.027,115,1.9425681672525088,0.005565556977569885,2,0.017391304347826087,0.051264879123578584,0.010052380525220637,0.04086107325715127,0.007977075355471097,0.0359943625202388,0.08359912695193204
2014,53,0,0.1,425,1.3609301270701994,0.0008889230969184592,5,0.011764705882352941,0.020371243476563668,0.010144957188702295,0.08164719312313706,0.009977073919956725,0.06671721053530844,0.09933029774987223
2014,53,1,0.027,115,1.9425681672525088,0.005565556977569885,8,0.06956521739130435,0.0746425797823591,0.009401900105244892,0.13749723516296974,0.03633374001137368,0.06561055639740077,0.16012126622348602
2014,53,1,0.1,425,1.3609301270701994,0.0008889230969184592,10,0.023529411764705882,0.03719723394473054,0.008274424636002604,0.1379620006456701,0.022290948539582356,0.06359721672757956,0.1326204522948981
2014,54,0,0.027,115,1.9425681672525088,0.005565556977569885,1,0.008695652173913044,0.04413313680562133,0.010250820004186301,0.07856505948072812,0.005565556977569885,0.084130616458298,0.08466625923211056
2014,54,0,0.1,425,1.3609301270701994,0.0008889230969184592,6,0.01411764705882353,0.02067001339691892,0.010111743164074781,0.05978132909762568,0.013249818897348886,0.031701506083022135,0.07371901102920309
2014,54,1,0.027,115,1.9425681672525088,0.005565556977569885,4,0.034782608695652174,0.05980582794641301,0.00981473012245607,0.11316725559457375,0.0195962093580877,0.04946288711625324,0.09513570035456809
2014,54,1,0.1,425,1.3609301270701994,0.0008889230969184592,12,0.02823529411764706,0.03631814301579089,0.008372152505424354,0.12615745132137968,0.02503020299217229,0.05771752655192586,0.11928448429622238
2014,55,0,0.027,115,1.9425681672525088,0.005565556977569885,0,0.0,0.04119315055893397,0.010332624605775715,,,,
2014,55,0,0.1,425,1.3609301270701994,0.0008889230969184592,5,0.011764705882352941,0.019093093798631902,0.010287048115493035,0.05978132909762568,0.009977073919956725,0.04566757443974723,0.07264955282008373
2014,55,1,0.027,115,1.9425681672525088,0.005565556977569885,3,0.02608695652173913,0.060393837513170366,0.00979836885940814,0.1219966224932576,0.0169366078696489,0.056686960715410795,0.10522317752481869
2014,55,1,0.1,425,1.3609301270701994,0.0008889230969184592,15,0.03529411764705882,0.03506109318485747,0.008511897778285118,0.14303798309911087,0.03285783010972376,0.06666357036228487,0.11190760521072074
2014,56,0,0.027,115,1.9425681672525088,0.005565556977569885,1,0.008695652173913044,0.03987978420707154,0.010369168794129012,0.0,0.005565556977569885,0.005565556977569885,0.04602551523721739
2014,56,0,0.1,425,1.3609301270701994,0.0008889230969184592,4,0.009411764705882352,0.0178696674896204,0.01042305548701537,0.05734356252285977,0.007605425943722377,0.0373887468809615,0.0824732069181336
2014,56,1,0.027,115,1.9425681672525088,0.005565556977569885,6,0.05217391304347826,0.07822303764849722,0.009302274493194108,0.05539114286047764,0.0195962093580877,0.03971355696357359,0.08784954523047206
2014,56,1,0.1,425,1.3609301270701994,0.0008889230969184592,6,0.01411764705882353,0.04000947083656901,0.007961790401361916,0.3011967760058012,0.020591857719333362,0.0973245054700036,0.12442677596432376
2014,57,0,0.027,115,1.9425681672525088,0.005565556977569885,4,0.034782608695652174,0.04331352633301684,0.010273625521812603,0.05054420396173476,0.009681215009188504,0.03232500633541835,0.08183534103521825
2014,57,0,0.1,425,1.3609301270701994,0.0008889230969184592,5,0.011764705882352941,0.020097594665321593,0.01017537851875144,0.06830735613310823,0.01703068541426833,0.05028227890312009,0.10728662364596485
2014,57,1,0.027,115,1.9425681672525088,0.005565556977569885,7,0.06086956521739131,0.061398249071135294,0.009770421283999001,0.10206016302104226,0.02203832619279167,0.04483253826131306,0.07989600866854395
2014,57,1,0.1,425,1.3609301270701994,0.0008889230969184592,6,0.01411764705882353,0.032975573806819626,0.008743743380081112,0.06830735613310823,0.014446756318747811,0.04748213780939148,0.115240359802485
2014,58,0,0.027,115,1.9425681672525088,0.005565556977569885,3,0.02608695652173913,0.042775801005122044,0.010288587634734914,0.011563597344285581,0.0169366078696489,0.019045619836016936,0.05971769926139463
2014,58,0,0.1,425,1.3609301270701994,0.0008889230969184592,8,0.018823529411764704,0.0196783937755201,0.010221980762582367,0.05734356252285977,0.01703068541426833,0.03725312193503538,0.07993157892315214
2014,58,1,0.027,115,1.9425681672525088,0.005565556977569885,8,0.06956521739130435,0.0700463094771657,0.00952979052022124,0.13156681923988245,0.03871093726952202,0.06751438587004532,0.1483774866433915
2014,58,1,0.1,425,1.3609301270701994,0.0008889230969184592,11,0.02588235294117647,0.036921172713688236,0.00830511415292465,0.040265253213407126,0.02503020299217229,0.035577236383876,0.09585246868082811
2014,59,0,0.027,115,1.9425681672525088,0.005565556977569885,4,0.034782608695652174,0.04547299642062326,0.010213538645433524,0.04352119369222196,0.0169366078696489,0.03457504390920518,0.09028920082828702
2014,59,0,0.1,425,1.3609301270701994,0.0008889230969184592,4,0.009411764705882352,0.019744860852253576,0.010214591668255472,0.07337425219990945,0.009977073919956725,0.04941327389787453,0.06685672386956704
2014,59,1,0.027,115,1.9425681672525088,0.005565556977569885,7,0.06086956521739131,0.07269706749208484,0.00945603364344512,0.13045266654513377,0.0377029370733315,0.07306322171349655,0.14173788789216785
2014,59,1,0.1,425,1.3609301270701994,0.0008889230969184592,12,0.02823529411764706,0.04041183507759665,0.007917059874959418,0.06528243982031579,0.022989826255369383,0.042640211636003844,0.07575780193848816
2014,60,0,0.027,115,1.9425681672525088,0.005565556977569885,2,0.017391304347826087,0.04214759443738148,0.01030606737228395,0.011563597344285581,0.00889657516862763,0.017795634108696667,0.08109943288408462
2014,60,0,0.1,425,1.3609301270701994,0.0008889230969184592,4,0.009411764705882352,0.01991231355574235,0.010195976078670661,0.05357299771689639,0.009977073919956725,0.04856925805539247,0.07585947240184118
2014,60,1,0.027,115,1.9425681672525088,0.005565556977569885,4,0.034782608695652174,0.06508967043257552,0.009667708132156363,0.04352119369222196,0.009681215009188504,0.028160909730834627,0.07524067194893992
2014,60,1,0.1,425,1.3609301270701994,0.0008889230969184592,8,0.018823529411764704,0.03551643230215559,0.00846127807521117,0.12615745132137968,0.01703068541426833,0.07194756574559746,0.12525929158309684
2014,61,0,0.027,115,1.9425681672525088,0.005565556977569885,4,0.034782608695652174,0.0515470397016336,0.010044529456632123,0.05054420396173476,0.009681215009188504,0.028463857819340577,0.06216520905000909
2014,61,0,0.1,425,1.3609301270701994,0.0008889230969184592,5,0.011764705882352941,0.021313395040810555,0.01004021891645408,0.030094514962651253,0.013249818897348886,0.03115798485791621,0.0705813639792547
2014,61,1,0.027,115,1.9425681672525088,0.005565556977569885,7,0.06086956521739131,0.07299508812142945,0.0094477412717116,0.21162106106508638,0.02203832619279167,0.1070179563450353,0.14566054388109065
2014,61,1,0.1,425,1.3609301270701994,0.0008889230969184592,15,0.03529411764705882,0.03901547245947741,0.0080722924443292,0.20143484457316618,0.022989826255369383,0.08580471854174831,0.14054664839379838
2014,62,0,0.027,115,1.9425681672525088,0.005565556977569885,1,0.008695652173913044,0.04320421740212931,0.010276667023639864,0.0333155393307496,0.007977075355471097,0.0412926146862207,0.06437040319793576
2014,62,0,0.1,425,1.3609301270701994,0.0008889230969184592,4,0.009411764705882352,0.02002029552571817,0.010183971805262414,0.050454640979465504,0.007605425943722377,0.03405769499843969,0.10528247342289045
2014,62,1,0.027,115,1.9425681672525088,0.005565556977569885,6,0.05217391304347826,0.07530662014568107,0.009383423298619673,0.3518547451123304,0.02203832619279167,0.089169561837392,0.19611376993114438
2014,62,1,0.1,425,1.3609301270701994,0.0008889230969184592,14,0.03294117647058824,0.041348282756397285,0.007812955699314566,0.21786423982780945,0.026858311236186205,0.06961538039827642,0.1392429317641328
2014,63,0,0.027,115,1.9425681672525088,0.005565556977569885,2,0.017391304347826087,0.042138924331592574,0.01030630861645664,0.06302874354940524,0.007977075355471097,0.046034846857967215,0.0673464413430665
2014,63,0,0.1,425,1.3609301270701994,0.0008889230969184592,5,0.011764705882352941,0.01851270421664467,0.010351569583540266,0.07337425219990945,0.014446756318747811,0.05651777268379932,0.08104831966335446
2014,63,1,0.027,115,1.9425681672525088,0.005565556977569885,6,0.05217391304347826,0.0662916104944258,0.009634264360776546,0.11710919674018827,0.0377029370733315,0.05467665116149645,0.13112539587767214
2014,63,1,0.1,425,1.3609301270701994,0.0008889230969184592,11,0.02588235294117647,0.03636950813489504,0.008366442284231767,0.09238420377110645,0.02503020299217229,0.06123637871658394,0.12905738791837482
2014,64,0,0.027,115,1.9425681672525088,0.005565556977569885,3,0.02608695652173913,0.04112291932683552,0.010334578777489075,0.04086107325715127,0.009681215009188504,0.026108093316956404,0.04794921297514621
2014,64,0,0.1,425,1.3609301270701994,0.0008889230969184592,4,0.009411764705882352,0.019545126590560912,0.010236795974093656,0.024891738039448885,0.009977073919956725,0.02362793848930811,0.07550544802441
2014,64,1,0.027,115,1.9425681672525088,0.005565556977569885,6,0.05217391304347826,0.07133413319681378,0.009493957051128684,0.07856505948072812,0.03633374001137368,0.04572698640923889,0.11914760432151378
2014,64,1,0.1,425,1.3609301270701994,0.0008889230969184592,13,0.03058823529411765,0.03992158010674614,0.007971561146895456,0.2933371520410317,0.022989826255369383,0.13147761701517124,0.20194475562376743
2014,65,0,0.027,115,1.9425681672525088,0.005565556977569885,2,0.017391304347826087,0.03965628489058904,0.010375387623404475,0.03589816199769169,0.00889657516862763,0.03397265679708705,0.0871966338632312
2014,65,0,0.1,425,1.3609301270701994,0.0008889230969184592,6,0.01411764705882353,0.01948875716079007,0.010243062520693869,0.07183668258753317,0.013249818897348886,0.04567623655009623,0.07708917464434309
2014,65,1,0.027,115,1.9425681672525088,0.005565556977569885,6,0.05217391304347826,0.05473596835066542,0.009955798076366299,0.10900709969675093,0.02203832619279167,0.05441309370084957,0.10449339862946848
2014,65,1,0.1,425,1.3609301270701994,0.0008889230969184592,10,0.023529411764705882,0.030993936665313263,0.008964040472715222,0.05774470445780211,0.02503020299217229,0.046158541894439686,0.09430303446055689
2014,66,0,0.027,115,1.9425681672525088,0.005565556977569885,2,0.017391304347826087,0.04101750548468666,0.010337511899155447,0.007705948993953937,0.007977075355471097,0.01250145106920808,0.015007137387538774
2014,66,0,0.1,425,1.3609301270701994,0.0008889230969184592,10,0.023529411764705882,0.018783286818782136,0.01032148912162334,0.07207586008279177,0.01703068541426833,0.04467028501267434,0.08767675776812724
2014,66,1,0.027,115,1.9425681672525088,0.005565556977569885,7,0.06086956521739131,0.06703075170500776,0.009613697886250314,0.035149158212521625,0.03633374001137368,0.029745142565438032,0.09890921920534684
2014,66,1,0.1,425,1.3609301270701994,0.0008889230969184592,9,0.021176470588235293,0.03517150342757773,0.008499623555644232,0.11733960903696539,0.022290948539582356,0.06756804222517654,0.13666819135882888
2014,67,0,0.027,115,1.9425681672525088,0.005565556977569885,3,0.02608695652173913,0.04933010408665061,0.010106215301230006,0.06302874354940524,0.009681215009188504,0.03769512419561272,0.05827294768516238
2014,67,0,0.1,425,1.3609301270701994,0.0008889230969184592,4,0.009411764705882352,0.017655631299329892,0.010446849727369404,0.15481884863729456,0.007605425943722377,0.050141563926348054,0.08900801042957945
2014,67,1,0.027,115,1.9425681672525088,0.005565556977569885,7,0.06086956521739131,0.06573619565534394,0.009649718681244588,0.18941069814459333,0.03633374001137368,0.0792323666438004,0.13004797198723625
2014,67,1,0.1,425,1.3609301270701994,0.0008889230969184592,14,0.03294117647058824,0.040461395270756324,0.007911550306010201,0.17093739571729394,0.0294344944649636,0.059690136636699975,0.11657277509162811
2014,68,0,0.027,115,1.9425681672525088,0.005565556977569885,4,0.034782608695652174,0.047968753700768606,0.010144094636912664,0.07856505948072812,0.009681215009188504,0.03599074710328831,0.08691175987022129
2014,68,0,0.1,425,1.3609301270701994,0.0008889230969184592,5,0.011764705882352941,0.019646064646200778,0.010225574767280435,0.15304831393213436,0.009977073919956725,0.06658442049943103,0.08940162197103083
2014,68,1,0.027,115,1.9425681672525088,0.005565556977569885,7,0.06086956521739131,0.06993366437064977,0.009532924850550135,0.11710919674018827,0.0195962093580877,0.04937277042767341,0.1245156811236259
2014,68,1,0.1,425,1.3609301270701994,0.0008889230969184592,15,0.03529411764705882,0.03728172699413003,0.008265031608015477,0.10418602586278758,0.02503020299217229,0.06080591815175951,0.11511983159570376
2014,69,0,0.027,115,1.9425681672525088,0.005565556977569885,3,0.02608695652173913,0.04253596176714085,0.010295261119459772,0.011563597344285581,0.009681215009188504,0.017352977469126563,0.06879085017331812
2014,69,0,0.1,425,1.3609301270701994,0.0008889230969184592,4,0.009411764705882352,0.017037083308691494,0.010515613236660882,0.050700837617405625,0.007605425943722377,0.03177957413514165,0.062329244805538704
2014,69,1,0.027,115,1.9425681672525088,0.005565556977569885,6,0.05217391304347826,0.061987064812490646,0.0097540375892843,0.13159149196022257,0.0195962093580877,0.05560947167549202,0.11506413849185576
2014,69,1,0.1,425,1.3609301270701994,0.0008889230969184592,11,0.02588235294117647,0.03453569882989407,0.008570305468805507,0.07337425219990945,0.03398240413795439,0.049092875117123125,0.10956403455367525
2014,70,0,0.027,115,1.9425681672525088,0.005565556977569885,1,0.008695652173913044,0.0485532177896205,0.010127832026165516,0.03371021187255274,0.005565556977569885,0.03927576885012263,0.07063309784561304
2014,70,0,0.1,425,1.3609301270701994,0.0008889230969184592,7,0.01647058823529412,0.021743643122038706,0.009992388564761178,0.10007065124124792,0.013249818897348886,0.06113322800252985,0.09271174895894005
2014,70,1,0.027,115,1.9425681672525088,0.005565556977569885,4,0.034782608695652174,0.06873921575444142,0.009566160173769095,0.09155843580894274,0.02203832619279167,0.0623041007370182,0.14398078948963722
2014,70,1,0.1,425,1.3609301270701994,0.0008889230969184592,10,0.023529411764705882,0.03696088612754156,0.008300699242935724,0.22452669300399286,0.02105862096758382,0.08410295003150492,0.12623085065427522
2014,71,0,0.027,115,1.9425681672525088,0.005565556977569885,2,0.017391304347826087,0.04063616234384262,0.010348122705155222,0.05054420396173476,0.007977075355471097,0.04961799725364879,0.07132898889366837
2014,71,0,0.1,425,1.3609301270701994,0.0008889230969184592,5,0.011764705882352941,0.01756087767585013,0.010457383415566866,0.05049953235262716,0.013249818897348886,0.03488956473529603,0.07221986599529602
2014,71,1,0.027,115,1.9425681672525088,0.005565556977569885,4,0.034782608695652174,0.09730886755735352,0.008771214623966316,0.4216998860414729,0.0195962093580877,0.20441511034902016,0.464828252063563
2014,71,1,0.1,425,1.3609301270701994,0.0008889230969184592,11,0.02588235294117647,0.04426423232229215,0.007488791805643283,0.1755351648880954,0.021318828065746587,0.06345984961767126,0.15076194549834523
2014,72,0,0.027,115,1.9425681672525088,0.005565556977569885,3,0.02608695652173913,0.044597099339354816,0.010237910328072253,0.04352119369222196,0.009681215009188504,0.028304023835099112,0.09310285165075645
2014,72,0,0.1,425,1.3609301270701994,0.0008889230969184592,4,0.009411764705882352,0.020209427691731282,0.010162946126330797,0.0668079819718217,0.007605425943722377,0.04270220532117586,0.06953920428520217
2014,72,1,0.027,115,1.9425681672525088,0.005565556977569885,8,0.06956521739130435,0.08488654055454449,0.009116863693727516,0.22309917470451746,0.03757186705170246,0.0933490121644418,0.2377702061140616
2014,72,1,0.1,425,1.3609301270701994,0.0008889230969184592,11,0.02588235294117647,0.039831091786628116,0.007981620664564867,0.12450746956872405,0.022989826255369383,0.07433314522740697,0.14754259862258085
2014,73,0,0.027,115,1.9425681672525088,0.005565556977569885,1,0.008695652173913044,0.03694941766718258,0.010450705729064223,0.015498317833487985,0.007977075355471097,0.02347539318895908,0.07745097341517841
2014,73,0,0.1,425,1.3609301270701994,0.0008889230969184592,7,0.01647058823529412,0.018979353346527273,0.010299692554976285,0.06294940262886017,0.016411604974276184,0.043314756340420146,0.07884167861550317
2014,73,1,0.027,115,1.9425681672525088,0.005565556977569885,7,0.06086956521739131,0.06902561901608695,0.009558191053253916,0.11316725559457375,0.02203832619279167,0.04873315793000321,0.09941821662008118
2014,73,1,0.1,425,1.3609301270701994,0.0008889230969184592,6,0.01411764705882353,0.038265849345168086,0.008155627475347108,0.15435291845172605,0.021318828065746587,0.07681843874605332,0.13063778944210913
2014,74,0,0.027,115,1.9425681672525088,0.005565556977569885,2,0.017391304347826087,0.04443224335514675,0.010242497416914242,0.015498317833487985,0.00889657516862763,0.01498022498984275,0.0710395564144538
2014,74,0,0.1,425,1.3609301270701994,0.0008889230969184592,5,0.011764705882352941,0.0188252648318485,0.010316822457863672,0.05774470445780211,0.013249818897348886,0.03170882864204727,0.06409637969816791
2014,74,1,0.027,115,1.9425681672525088,0.005565556977569885,7,0.06086956521739131,0.06405508034482343,0.00969649541986299,0.04086107325715127,0.02203832619279167,0.030024866772474068,0.11285378061891434
2014,74,1,0.1,425,1.3609301270701994,0.0008889230969184592,13,0.03058823529411765,0.034571798366107076,0.008566292310843035,0.11567343289038567,0.03398240413795439,0.052256811257195945,0.1024164795700871
2014,75,0,0.027,115,1.9425681672525088,0.005565556977569885,1,0.008695652173913044,0.04393785241708465,0.010256253758041059,0.0175850194502849,0.005565556977569885,0.023150576427854785,0.02608819094780735
2014,75,0,0.1,425,1.3609301270701994,0.0008889230969184592,9,0.021176470588235293,0.018284419085493907,0.010376947867803694,0.05829615019467105,0.016411604974276184,0.04721004323226485,0.08811308142711914
2014,75,1,0.027,115,1.9425681672525088,0.005565556977569885,3,0.02608695652173913,0.05414200850250572,0.009972324904950465,0.06302874354940524,0.02203832619279167,0.03803600663624196,0.11733303386106707
2014,75,1,0.1,425,1.3609301270701994,0.0008889230969184592,13,0.03058823529411765,0.03399581036244206,0.008630324458778591,0.09238420377110645,0.02105862096758382,0.0404001982081601,0.08946656829648673
2014,76,0,0.027,115,1.9425681672525088,0.005565556977569885,0,0.0,0.04107222622847655,0.010335989304058464,,,,
2014,76,0,0.1,425,1.3609301270701994,0.0008889230969184592,7,0.01647058823529412,0.01984407232128697,0.010203562404761045,0.05978132909762568,0.013249818897348886,0.03242529053434429,0.06669186419160811
2014,76,1,0.027,115,1.9425681672525088,0.005565556977569885,6,0.05217391304347826,0.059301747855609446,0.009828756062558274,0.13749723516296974,0.02203832619279167,0.08017196127611848,0.1153520078384533
2014,76,1,0.1,425,1.3609301270701994,0.0008889230969184592,11,0.02588235294117647,0.036051985622757535,0.00840174102021357,0.1312400931887625,0.022290948539582356,0.06595174392856373,0.1341714238321964
2014,77,0,0.027,115,1.9425681672525088,0.005565556977569885,3,0.02608695652173913,0.046836570808582556,0.010175597427283193,0.04086107325715127,0.0169366078696489,0.03686837656799358,0.06371638338148052
2014,77,0,0.1,425,1.3609301270701994,0.0008889230969184592,5,0.011764705882352941,0.021635121089610836,0.010004452876501133,0.061615229252427905,0.013249818897348886,0.03575390897615405,0.07794946145944018
2014,77,1,0.027,115,1.9425681672525088,0.005565556977569885,5,0.043478260869565216,0.0648714823581857,0.009673779177052281,0.11316725559457375,0.02203832619279167,0.05539234886594491,0.10871910125824898
2014,77,1,0.1,425,1.3609301270701994,0.0008889230969184592,8,0.018823529411764704,0.03614165902228768,0.00839177209664561,0.14949313667555675,0.01703068541426833,0.061351042743521766,0.10632966673682773
2014,78,0,0.027,115,1.9425681672525088,0.005565556977569885,0,0.0,0.04998353086373362,0.010088033815780079,,,,
2014,78,0,0.1,425,1.3609301270701994,0.0008889230969184592,7,0.01647058823529412,0.022841897254787413,0.00987029648879513,0.16013190045081815,0.01703068541426833,0.07581314869414935,0.10270150523069628
2014,78,1,0.027,115,1.9425681672525088,0.005565556977569885,5,0.043478260869565216,0.06687234849502101,0.009618105427781517,0.03371021187255274,0.02203832619279167,0.028118370359569322,0.1147245256135148
2014,78,1,0.1,425,1.3609301270701994,0.0008889230969184592,11,0.02588235294117647,0.033722622252568835,0.00866069457300724,0.14729059083582463,0.020744488597494337,0.057762816860878585,0.1343227244370999
2014,79,0,0.027,115,1.9425681672525088,0.005565556977569885,2,0.017391304347826087,0.045302588015528604,0.010218280229412688,0.1189220940456499,0.00889657516862763,0.06789787228487443,0.1436624141870765
2014,79,0,0.1,425,1.3609301270701994,0.0008889230969184592,6,0.01411764705882353,0.019906090263238682,0.010196667917361233,0.06814192575779288,0.013249818897348886,0.044827383048327896,0.08713463266361775
2014,79,1,0.027,115,1.9425681672525088,0.005565556977569885,5,0.043478260869565216,0.06989332684437313,0.009534047235142878,0.1189220940456499,0.0195962093580877,0.04264349786095489,0.14619578777494874
2014,79,1,0.1,425,1.3609301270701994,0.0008889230969184592,13,0.03058823529411765,0.04102342823442038,0.007849069529249221,0.12293627670707252,0.02503020299217229,0.05776489191400236,0.10397679682037478
2014,80,0,0.027,115,1.9425681672525088,0.005565556977569885,2,0.017391304347826087,0.044538979550445466,0.010239527501003437,0.0032724149355027876,0.007977075355471097,0.008407523634271996,0.06737843786684344
2014,80,0,0.1,425,1.3609301270701994,0.0008889230969184592,2,0.004705882352941176,0.018550445668403838,0.010347373895076327,0.14584264943438763,0.002645271755158385,0.1058351569876621,0.12254761255455414
2014,80,1,0.027,115,1.9425681672525088,0.005565556977569885,5,0.043478260869565216,0.06250667934052553,0.009739579406191143,0.04352119369222196,0.0169366078696489,0.03145011357907879,0.08006343148210594
2014,80,1,0.1,425,1.3609301270701994,0.0008889230969184592,11,0.02588235294117647,0.03481855219782264,0.00853886087519587,0.22588277584442396,0.022290948539582356,0.058689798978991625,0.12759821339417282
2014,81,0,0.027,115,1.9425681672525088,0.005565556977569885,0,0.0,0.040946877181490364,0.010339477119302453,,,,
2014,81,0,0.1,425,1.3609301270701994,0.0008889230969184592,4,0.009411764705882352,0.01769929295998189,0.010441995893789205,0.050700837617405625,0.009977073919956725,0.0371711754662738,0.05812808802562165
2014,81,1,0.027,115,1.9425681672525088,0.005565556977569885,7,0.06086956521739131,0.06682645860588352,0.009619382305896885,0.05054420396173476,0.0195962093580877,0.03502657774296836,0.09691120540529206
2014,81,1,0.1,425,1.3609301270701994,0.0008889230969184592,10,0.023529411764705882,0.03491193821740326,0.008528479222482881,0.06174990392623725,0.020591857719333362,0.034260830311675816,0.11101137803036841
2014,82,0,0.027,115,1.9425681672525088,0.005565556977569885,3,0.02608695652173913,0.04513685853202608,0.010222891623219316,0.05539114286047764,0.009681215009188504,0.03522563512682697,0.06781332738030559
2014,82,0,0.1,425,1.3609301270701994,0.0008889230969184592,6,0.01411764705882353,0.018807927880587563,0.010318749793538771,0.10418602586278758,0.013249818897348886,0.06220450047603121,0.12178761410386735
2014,82,1,0.027,115,1.9425681672525088,0.005565556977569885,4,0.034782608695652174,0.056353262367898935,0.009910797154038243,0.09155843580894274,0.018252714188859764,0.05326046251610572,0.07898680468178715
2014,82,1,0.1,425,1.3609301270701994,0.0008889230969184592,7,0.01647058823529412,0.03352953421005834,0.008682160023717926,0.11733960903696539,0.02105862096758382,0.06288622164947921,0.1145682417210512
2014,83,0,0.027,115,1.9425681672525088,0.005565556977569885,1,0.008695652173913044,0.04022278307095456,0.010359624910909427,0.07856505948072812,0.005565556977569885,0.084130616458298,0.10165286970738016
2014,83,0,0.1,425,1.3609301270701994,0.0008889230969184592,6,0.01411764705882353,0.01848180466151158,0.01035500466356422,0.05774470445780211,0.016411604974276184,0.03757246191105246,0.06933482292483831
2014,83,1,0.027,115,1.9425681672525088,0.005565556977569885,8,0.06956521739130435,0.09451656244225633,0.008848910023975068,0.29491623980861714,0.03871093726952202,0.11506732512939122,0.2016616005270743
2014,83,1,0.1,425,1.3609301270701994,0.0008889230969184592,12,0.02823529411764706,0.04823106983325363,0.0070478014990362665,0.2004035108223987,0.021318828065746587,0.08108269101470023,0.22455785796193642
2014,84,0,0.027,115,1.9425681672525088,0.005565556977569885,4,0.034782608695652174,0.0449938475448595,0.010226870878850615,0.05539114286047764,0.0169366078696489,0.032007808264495896,0.0633715338375174
2014,84,0,0.1,425,1.3609301270701994,0.0008889230969184592,4,0.009411764705882352,0.020516071615643724,0.010128856754721383,0.026632135983670535,0.009977073919956725,0.025951230699981176,0.0688358046959839
2014,84,1,0.027,115,1.9425681672525088,0.005565556977569885,6,0.05217391304347826,0.06335614741288488,0.009715943106089201,0.05539114286047764,0.018252714188859764,0.040254072440967015,0.1595931274144848
2014,84,1,0.1,425,1.3609301270701994,0.0008889230969184592,12,0.02823529411764706,0.03569450541080607,0.0084414818232686,0.11733960903696539,0.022989826255369383,0.07342775793675993,0.12058829484838375
2014,85,0,0.027,115,1.9425681672525088,0.005565556977569885,3,0.02608695652173913,0.04271417781260342,0.010290302289256967,0.0175850194502849,0.009681215009188504,0.018349408714667614,0.08359617152930457
2014,85,0,0.1,425,1.3609301270701994,0.0008889230969184592,7,0.01647058823529412,0.01951274637131584,0.01024039565841988,0.047349711511828874,0.013249818897348886,0.030481845382620998,0.06806200263434546
2014,85,1,0.027,115,1.9425681672525088,0.005565556977569885,5,0.043478260869565216,0.05866864672612852,0.009846371990429145,0.09155843580894274,0.0195962093580877,0.060712136832648644,0.13488369475640383
2014,85,1,0.1,425,1.3609301270701994,0.0008889230969184592,13,0.03058823529411765,0.037048022965744075,0.008291012306959769,0.14729059083582463,0.033042352337060654,0.07677504334742813,0.124075233782741
2014,86,0,0.027,115,1.9425681672525088,0.005565556977569885,2,0.017391304347826087,0.045306952233562195,0.010218158795811463,0.0333155393307496,0.009681215009188504,0.03191574783421336,0.04153829088894156
2014,86,0,0.1,425,1.3609301270701994,0.0008889230969184592,5,0.011764705882352941,0.019948649710796,0.010191936615971786,0.07183668258753317,0.013249818897348886,0.04679816215623589,0.09539271918843806
2014,86,1,0.027,115,1.9425681672525088,0.005565556977569885,4,0.034782608695652174,0.05656434569990451,0.009904923797352872,0.11710919674018827,0.009681215009188504,0.05339811400308592,0.12967966970298778
2014,86,1,0.1,425,1.3609301270701994,0.0008889230969184592,8,0.018823529411764704,0.027349438298383634,0.009369196582039076,0.10096508468866117,0.020744488597494337,0.05364581352621833,0.11251020844715962
2014,87,0,0.027,115,1.9425681672525088,0.005565556977569885,2,0.017391304347826087,0.0466746539306844,0.010180102736007677,0.007705948993953937,0.00889657516862763,0.012961200975786236,0.05927956118820188
2014,87,0,0.1,425,1.3609301270701994,0.0008889230969184592,3,0.007058823529411765,0.01930878209086124,0.010263070212224015,0.07337425219990945,0.002645271755158385,0.05574269784061503,0.0716575496522939
2014,87,1,0.027,115,1.9425681672525088,0.005565556977569885,4,0.034782608695652174,0.059505192090044824,0.009823095262422763,0.13749723516296974,0.0169366078696489,0.08965523710056478,0.15314218545909042
2014,87,1,0.1,425,1.3609301270701994,0.0008889230969184592,9,0.021176470588235293,0.03362384001352304,0.008671676119330667,0.061615229252427905,0.02105862096758382,0.0354803764306979,0.10306528184093597
2014,88,0,0.027,115,1.9425681672525088,0.005565556977569885,1,0.008695652173913044,0.04594012663956461,0.010200540829034238,0.0333155393307496,0.007977075355471097,0.0412926146862207,0.07252878825854993
2014,88,0,0.1,425,1.3609301270701994,0.0008889230969184592,7,0.01647058823529412,0.02134167654750948,0.010037074882881745,0.08095646570826864,0.01703068541426833,0.05593730383536433,0.08080482953562564
2014,88,1,0.027,115,1.9425681672525088,0.005565556977569885,4,0.034782608695652174,0.07612743572259147,0.009360584249177455,0.1219966224932576,0.009681215009188504,0.07440969651805762,0.12453342991360937
2014,88,1,0.1,425,1.3609301270701994,0.0008889230969184592,13,0.03058823529411765,0.0420746465291918,0.007732206391588259,0.3597605341983656,0.026858311236186205,0.12083993310460661,0.19721280887525897
2014,89,0,0.027,115,1.9425681672525088,0.005565556977569885,2,0.017391304347826087,0.04900709321698393,0.010115203022016763,0.03371021187255274,0.007977075355471097,0.029595505182727688,0.1499664111804154
2014,89,0,0.1,425,1.3609301270701994,0.0008889230969184592,7,0.01647058823529412,0.021463111926713158,0.010023575004210134,0.05372985230680549,0.014446756318747811,0.04443398769239293,0.07906447392071138
2014,89,1,0.027,115,1.9425681672525088,0.005565556977569885,3,0.02608695652173913,0.05712471211491218,0.009889331700153286,0.21162106106508638,0.009681215009188504,0.10636644141386786,0.14279199762305356
2014,89,1,0.1,425,1.3609301270701994,0.0008889230969184592,10,0.023529411764705882,0.031264965826044336,0.008933910367219354,0.2004035108223987,0.020591857719333362,0.058132827423138966,0.11237229136505893
2014,90,0,0.027,115,1.9425681672525088,0.005565556977569885,1,0.008695652173913044,0.041355024841327685,0.010328120482263671,0.0333155393307496,0.005565556977569885,0.038881096308319485,0.04723818450299004
2014,90,0,0.1,425,1.3609301270701994,0.0008889230969184592,9,0.021176470588235293,0.020888386451175134,0.010087466797854825,0.057480487798715396,0.020591857719333362,0.03380370220709783,0.06402401732774643
2014,90,1,0.027,115,1.9425681672525088,0.005565556977569885,5,0.043478260869565216,0.0844546140858141,0.00912888197195253,0.11316725559457375,0.0195962093580877,0.05460184159736059,0.28450971227430255
2014,90,1,0.1,425,1.3609301270701994,0.0008889230969184592,8,0.018823529411764704,0.03835856638829813,0.008145320192236913,0.23702513963891425,0.014446756318747811,0.0848109284312768,0.13317182767512759
2014,91,0,0.027,115,1.9425681672525088,0.005565556977569885,3,0.02608695652173913,0.05236140847323944,0.010021869788416623,0.15426264961879665,0.00889657516862763,0.09610672562700873,0.12145218246244474
2014,91,0,0.1,425,1.3609301270701994,0.0008889230969184592,7,0.01647058823529412,0.02260574464437222,0.009896549394739796,0.07394381494827917,0.013249818897348886,0.04476865338315816,0.09550844812352471
2014,91,1,0.027,115,1.9425681672525088,0.005565556977569885,9,0.0782608695652174,0.07977829425183129,0.009258999751025366,0.1189220940456499,0.03871093726952202,0.06022640996086448,0.1555541908417413
2014,91,1,0.1,425,1.3609301270701994,0.0008889230969184592,16,0.03764705882352941,0.039873506422803955,0.00797690546174647,0.22103884721448663,0.02965944483588534,0.06943653954283269,0.15080292094389722
2014,92,0,0.027,115,1.9425681672525088,0.005565556977569885,2,0.017391304347826087,0.03752093901336109,0.010434803247861578,0.04352119369222196,0.00889657516862763,0.028991662919209737,0.043486895423445956
2014,92,0,0.1,425,1.3609301270701994,0.0008889230969184592,4,0.009411764705882352,0.01723618852818245,0.010493478860965444,0.0668079819718217,0.007605425943722377,0.052901685105277485,0.08745193804701246
2014,92,1,0.027,115,1.9425681672525088,0.005565556977569885,6,0.05217391304347826,0.05963632992223742,0.00981944637524586,0.09243620909383088,0.02203832619279167,0.041934740066761345,0.09613126912145045
2014,92,1,0.1,425,1.3609301270701994,0.0008889230969184592,9,0.021176470588235293,0.03141936292641836,0.008916746159095117,0.1483530734341485,0.021318828065746587,0.06758878870988938,0.13344190680084209
2014,93,0,0.027,115,1.9425681672525088,0.005565556977569885,0,0.0,0.0439707817491045,0.010255337505153984,,,,
2014,93,0,0.1,425,1.3609301270701994,0.0008889230969184592,6,0.01411764705882353,0.019659227866560058,0.010224111422092704,0.07394381494827917,0.013249818897348886,0.04861106013757732,0.08270093538986209
2014,93,1,0.027,115,1.9425681672525088,0.005565556977569885,6,0.05217391304347826,0.07692519952284647,0.009338386611376988,0.20158849933137324,0.02203832619279167,0.0913036027281302,0.14886390840034416
2014,93,1,0.1,425,1.3609301270701994,0.0008889230969184592,10,0.023529411764705882,0.038533617929134505,0.008125859845688274,0.12615745132137968,0.022989826255369383,0.04908667386555998,0.11168036846777296
2014,94,0,0.027,115,1.9425681672525088,0.005565556977569885,1,0.008695652173913044,0.04287946881838236,0.01028570309601608,0.05054420396173476,0.005565556977569885,0.05610976093930464,0.0773806644582931
2014,94,0,0.1,425,1.3609301270701994,0.0008889230969184592,7,0.01647058823529412,0.01999703679620282,0.0101865574605185,0.14276414426173334,0.014446756318747811,0.06358520556169878,0.0995509560380502
2014,94,1,0.027,115,1.9425681672525088,0.005565556977569885,3,0.02608695652173913,0.05788581112907291,0.009868154253594252,0.03371021187255274,0.0195962093580877,0.04335140253097558,0.06986175295810312
2014,94,1,0.1,425,1.3609301270701994,0.0008889230969184592,10,0.023529411764705882,0.03461459839634566,0.008561534264060037,0.08013158704672341,0.02965944483588534,0.04424361184699688,0.12628616357846584
2014,95,0,0.027,115,1.9425681672525088,0.005565556977569885,0,0.0,0.04150390465535181,0.010323977927554556,,,,
2014,95,0,0.1,425,1.3609301270701994,0.0008889230969184592,5,0.011764705882352941,0.01982611415793726,0.010205558800111196,0.08164719312313706,0.013249818897348886,0.049412335739323465,0.0872422403074793
2014,95,1,0.027,115,1.9425681672525088,0.005565556977569885,6,0.05217391304347826,0.07556991440022541,0.009376097182173363,0.25118760118716965,0.02203832619279167,0.10843618998529103,0.21308877106117213
2014,95,1,0.1,425,1.3609301270701994,0.0008889230969184592,9,0.021176470588235293,0.03815836613231225,0.008167576302305971,0.2911562625376134,0.021318828065746587,0.10063113349823438,0.13168501427422952
2014,96,0,0.027,115,1.9425681672525088,0.005565556977569885,2,0.017391304347826087,0.042949136661710116,0.010283764600496436,0.1189220940456499,0.007977075355471097,0.09392793461958426,0.11730626756121644
2014,96,0,0.1,425,1.3609301270701994,0.0008889230969184592,3,0.007058823529411765,0.01913292377405559,0.010282620247443057,0.06830735613310823,0.002645271755158385,0.05494347312193515,0.07356914509491576
2014,96,1,0.027,115,1.9425681672525088,0.005565556977569885,5,0.043478260869565216,0.05959870409458804,0.009820493307299978,0.05539114286047764,0.0195962093580877,0.04463737752845098,0.08426967058382653
2014,96,1,0.1,425,1.3609301270701994,0.0008889230969184592,13,0.03058823529411765,0.03546808063773299,0.0084666532929406,0.10060944939761818,0.026858311236186205,0.05655684571433328,0.1028679863584877
2014,97,0,0.027,115,1.9425681672525088,0.005565556977569885,2,0.017391304347826087,0.04069432165363498,0.010346504432562402,0.035149158212521625,0.007977075355471097,0.032095054189525296,0.07218756112909418
2014,97,0,0.1,425,1.3609301270701994,0.0008889230969184592,7,0.01647058823529412,0.018944520728808742,0.010303564870574084,0.07394381494827917,0.016411604974276184,0.053427301067729305,0.08441197182673317
2014,97,1,0.027,115,1.9425681672525088,0.005565556977569885,3,0.02608695652173913,0.0594059518124964,0.009825856605737078,0.04086107325715127,0.009681215009188504,0.033864124892930114,0.10759301274938035
2014,97,1,0.1,425,1.3609301270701994,0.0008889230969184592,7,0.01647058823529412,0.035076405538126194,0.008510195515627728,0.12907163367253016,0.014446756318747811,0.07566948723524747,0.15359919731809737
2014,98,0,0.027,115,1.9425681672525088,0.005565556977569885,2,0.017391304347826087,0.04264958840867532,0.010292099478091163,0.05054420396173476,0.007977075355471097,0.05380401499349885,0.07400170653383888
2014,98,0,0.1,425,1.3609301270701994,0.0008889230969184592,7,0.01647058823529412,0.019012354131066608,0.01029602388287866,0.07207586008279177,0.016411604974276184,0.035007572859106606,0.0987134046884878
2014,98,1,0.027,115,1.9425681672525088,0.005565556977569885,4,0.034782608695652174,0.058578587456093095,0.009848877873819918,0.04086107325715127,0.0169366078696489,0.027143290031092393,0.09990894148427787
2014,98,1,0.1,425,1.3609301270701994,0.0008889230969184592,10,0.023529411764705882,0.030458763098494306,0.00902353531077383,0.06814192575779288,0.022989826255369383,0.0425839303687241,0.10849576782013574
2014,99,0,0.027,115,1.9425681672525088,0.005565556977569885,1,0.008695652173913044,0.04230559002334224,0.010301671172819762,0.0333155393307496,0.005565556977569885,0.038881096308319485,0.09373730850060653
2014,99,0,0.1,425,1.3609301270701994,0.0008889230969184592,4,0.009411764705882352,0.019585998942888313,0.010232252225796731,0.05829615019467105,0.007605425943722377,0.04294107839204808,0.057982332012478356
2014,99,1,0.027,115,1.9425681672525088,0.005565556977569885,6,0.05217391304347826,0.0762894829983965,0.009356075312154084,0.10206016302104226,0.02203832619279167,0.05691449190799247,0.1815293185653164
2014,99,1,0.1,425,1.3609301270701994,0.0008889230969184592,12,0.02823529411764706,0.039612390086908006,0.008005933566050885,0.16729532684001502,0.02503020299217229,0.10159014576728076,0.1543568194064767
2014,100,0,0.027,115,1.9425681672525088,0.005565556977569885,3,0.02608695652173913,0.047470517720150214,0.010157957965674126,0.05054420396173476,0.0195962093580877,0.04530505660069806,0.0879619599564853
2014,100,0,0.1,425,1.3609301270701994,0.0008889230969184592,5,0.011764705882352941,0.02100031490865226,0.010075023796435057,0.09207109868640462,0.009977073919956725,0.05185629930897595,0.1214299094013201
2014,100,1,0.027,115,1.9425681672525088,0.005565556977569885,9,0.0782608695652174,0.10145400189930895,0.008655876988029979,0.16995515319439525,0.07088066288687522,0.11125740392099548,0.20933841652213322
2014,100,1,0.1,425,1.3609301270701994,0.0008889230969184592,12,0.02823529411764706,0.046654746842543095,0.007223040126044367,0.09207109868640462,0.02105862096758382,0.06438474354770118,0.1653483981326099
2015,1,0,0.027,115,2.0025126485679814,0.0045404441834389075,2,0.017391304347826087,0.04045936156739399,0.010580204791962238,0.05912805830730372,0.009262737634121443,0.04027120213511637,0.07186444140436223
2015,1,0,0.1,427,1.2990511595359513,0.0005143264204094944,5,0.0117096018735363,0.019232612269880867,0.010512893603447497,0.0635528559479912,0.008814928331888572,0.039831620137233514,0.07341338825735015
2015,1,1,0.027,115,2.0025126485679814,0.0045404441834389075,7,0.06086956521739131,0.06750377202251309,0.009831142363653303,0.13546086593597906,0.029012558093518104,0.06565724782669191,0.12174579507652195
2015,1,1,0.1,427,1.2990511595359513,0.0005143264204094944,14,0.03278688524590164,0.03864950871944889,0.008353775170123139,0.16467809548258106,0.02359624476121258,0.06595545003310344,0.1475067004175659
2015,2,0,0.027,115,2.0025126485679814,0.0045404441834389075,2,0.017391304347826087,0.04197846417104607,0.010538129454915036,0.0648476352730909,0.00914844514884705,0.054101311915264017,0.07765629072816455
2015,2,0,0.1,427,1.2990511595359513,0.0005143264204094944,6,0.01405152224824356,0.017997542685906052,0.010650230768123865,0.04565064300489463,0.010291464704777598,0.03375710290928069,0.0725952820794574
2015,2,1,0.027,115,2.0025126485679814,0.0045404441834389075,7,0.06086956521739131,0.06143090579191,0.009999345546822705,0.15012065585147694,0.029012558093518104,0.0636329016287247,0.13083489681635974
2015,2,1,0.1,427,1.2990511595359513,0.0005143264204094944,8,0.01873536299765808,0.03520388770009163,0.008736921049098541,0.05861743439732359,0.02246158293613565,0.038153473599786825,0.0930016768362352
2015,3,0,0.027,115,2.0025126485679814,0.0045404441834389075,1,0.008695652173913044,0.04601686649146346,0.01042627582609808,0.05350045950920057,0.0045404441834389075,0.05804090369263948,0.06679877523746415
2015,3,0,0.1,427,1.2990511595359513,0.0005143264204094944,7,0.01639344262295082,0.01911016139276033,0.010526509885877307,0.10234040953966028,0.009123703457698973,0.05028798948396784,0.08857018233016646
2015,3,1,0.027,115,2.0025126485679814,0.0045404441834389075,5,0.043478260869565216,0.06570697985754431,0.009880909005987457,0.11794758176451525,0.018645543578787338,0.04672371663171093,0.10065726998534724
2015,3,1,0.1,427,1.2990511595359513,0.0005143264204094944,11,0.02576112412177986,0.03410173293080151,0.00885947836328783,0.20715017482024556,0.017949396500950288,0.052158630151009744,0.12375113582426626
2015,4,0,0.027,115,2.0025126485679814,0.0045404441834389075,1,0.008695652173913044,0.05346909435744878,0.010219867780677001,0.05670430406806659,0.0045404441834389075,0.0612447482515055,0.08186694371926866
2015,4,0,0.1,427,1.2990511595359513,0.0005143264204094944,5,0.0117096018735363,0.022704023397383782,0.010126879918175688,0.08766235775182873,0.008814928331888572,0.049300779904274394,0.08525980247550503
2015,4,1,0.027,115,2.0025126485679814,0.0045404441834389075,10,0.08695652173913043,0.08913508236176215,0.009232009249729016,0.15137334528738355,0.039008461964561425,0.0819224767686122,0.19110067806485043
2015,4,1,0.1,427,1.2990511595359513,0.0005143264204094944,17,0.03981264637002342,0.046025724690979326,0.0075335553212055595,0.13982941723302456,0.024018015133840054,0.08600777486427802,0.16184742315874856
2015,5,0,0.027,115,2.0025126485679814,0.0045404441834389075,2,0.017391304347826087,0.0487030936899212,0.010351874061208235,0.0660468667627252,0.009262737634121443,0.05639980528979249,0.07566068992874585
2015,5,0,0.1,427,1.2990511595359513,0.0005143264204094944,3,0.00702576112412178,0.018908569248400228,0.010548926512346516,0.0784573502146022,0.008348631562020481,0.04233283126891019,0.07912535545469175
2015,5,1,0.027,115,2.0025126485679814,0.0045404441834389075,5,0.043478260869565216,0.07042712087512465,0.009750172922889737,0.2503430905244963,0.02983515609331211,0.13172503188749163,0.2121782432475354
2015,5,1,0.1,427,1.2990511595359513,0.0005143264204094944,12,0.02810304449648712,0.037558056212048954,0.00847514241508662,0.18840200385312,0.024018015133840054,0.07966927826857484,0.14853250071238536
2015,6,0,0.027,115,2.0025126485679814,0.0045404441834389075,4,0.034782608695652174,0.042429064273677784,0.010525648960742914,0.07484739800291607,0.017939588324016986,0.06008346298521117,0.08126707950551866
2015,6,0,0.1,427,1.2990511595359513,0.0005143264204094944,5,0.0117096018735363,0.019150542530410413,0.010522019587497988,0.06344447179254553,0.009123703457698973,0.03967682363202507,0.0791465605142543
2015,6,1,0.027,115,2.0025126485679814,0.0045404441834389075,6,0.05217391304347826,0.06502130119254211,0.009899900587508474,0.22183758297625822,0.02983515609331211,0.09078229763670409,0.2020272261100418
2015,6,1,0.1,427,1.2990511595359513,0.0005143264204094944,6,0.01405152224824356,0.03256205901877829,0.00903068689465083,0.050622045885616807,0.017949396500950288,0.035236925295414556,0.06321071272175448
2015,7,0,0.027,115,2.0025126485679814,0.0045404441834389075,2,0.017391304347826087,0.04652102605886979,0.010412311868908355,0.0648476352730909,0.00914844514884705,0.0688322914563404,0.08884577059851126
2015,7,0,0.1,427,1.2990511595359513,0.0005143264204094944,6,0.01405152224824356,0.02065634946614032,0.010354576993342605,0.08600379921163248,0.009123703457698973,0.03869647561988243,0.07342220896537
2015,7,1,0.027,115,2.0025126485679814,0.0045404441834389075,6,0.05217391304347826,0.06630249891683666,0.009864414619711296,0.15093532435039902,0.029012558093518104,0.07105254918814041,0.11999443027184568
2015,7,1,0.1,427,1.2990511595359513,0.0005143264204094944,9,0.02107728337236534,0.034785566790496845,0.008783437462743588,0.08600379921163248,0.015730703303783455,0.0446597753491631,0.11817070498428431
2015,8,0,0.027,115,2.0025126485679814,0.0045404441834389075,4,0.034782608695652174,0.05009629248618445,0.010313285944259709,0.03494137258013863,0.013182360319104136,0.022136023630863644,0.07242711578311628
2015,8,0,0.1,427,1.2990511595359513,0.0005143264204094944,6,0.01405152224824356,0.023340621522024107,0.010056091532961777,0.09259743891264116,0.008348631562020481,0.03670799513944978,0.08951426400004911
2015,8,1,0.027,115,2.0025126485679814,0.0045404441834389075,4,0.034782608695652174,0.06459972051223908,0.00991157731637043,0.0660468667627252,0.018645543578787338,0.035956165184748645,0.13851112442014174
2015,8,1,0.1,427,1.2990511595359513,0.0005143264204094944,7,0.01639344262295082,0.034586566500663364,0.008805565880389133,0.12777765013197007,0.010291464704777598,0.05173482408027885,0.11330563327870434
2015,9,0,0.027,115,2.0025126485679814,0.0045404441834389075,3,0.02608695652173913,0.04425922829489484,0.010474958001581072,0.0660468667627252,0.009262737634121443,0.034598663639707095,0.10300511282311489
2015,9,0,0.1,427,1.2990511595359513,0.0005143264204094944,6,0.01405152224824356,0.01925759717801298,0.010510115333715098,0.0713883489931808,0.008814928331888572,0.043760238283805375,0.08553044490362431
2015,9,1,0.027,115,2.0025126485679814,0.0045404441834389075,10,0.08695652173913043,0.08644819849753478,0.009306429202615853,0.30527797450980554,0.052058813359255884,0.12447324255626269,0.25467876896652425
2015,9,1,0.1,427,1.2990511595359513,0.0005143264204094944,8,0.01873536299765808,0.0385689987427307,0.008362727711805082,0.04244008425435908,0.018575485293157445,0.028247621745894902,0.07901560554615643
2015,10,0,0.027,115,2.0025126485679814,0.0045404441834389075,4,0.034782608695652174,0.04803171728413714,0.010370469505973447,0.0648476352730909,0.017132427249357374,0.0624913147895545,0.1075396790541795
2015,10,0,0.1,427,1.2990511595359513,0.0005143264204094944,4,0.00936768149882904,0.019884797836859678,0.010440371927119385,0.16414218350286114,0.006584630675945391,0.060477271368750696,0.1033617513746003
2015,10,1,0.027,115,2.0025126485679814,0.0045404441834389075,6,0.05217391304347826,0.07244739903159628,0.009694216278382455,0.07484739800291607,0.02983515609331211,0.06456221160770403,0.12546625677898662
2015,10,1,0.1,427,1.2990511595359513,0.0005143264204094944,10,0.0234192037470726,0.03791944770659033,0.008434956433792563,0.16467809548258106,0.015730703303783455,0.07175887336214193,0.15431845236094133
2015,11,0,0.027,115,2.0025126485679814,0.0045404441834389075,4,0.034782608695652174,0.04900653881852588,0.010343469391220385,0.08091531350924264,0.017132427249357374,0.06772709391031717,0.09609392762789801
2015,11,0,0.1,427,1.2990511595359513,0.0005143264204094944,7,0.01639344262295082,0.021803643511047716,0.010227000285744829,0.0713883489931808,0.010291464704777598,0.040503888869064086,0.08050424321219526
2015,11,1,0.027,115,2.0025126485679814,0.0045404441834389075,5,0.043478260869565216,0.0861472270259017,0.009314765358501644,0.15511702176851028,0.018645543578787338,0.09004795248076691,0.2229339075273752
2015,11,1,0.1,427,1.2990511595359513,0.0005143264204094944,10,0.0234192037470726,0.045568207450874004,0.0075844302851443566,0.16467809548258106,0.018575485293157445,0.05502712305542978,0.10325047081758296
2015,12,0,0.027,115,2.0025126485679814,0.0045404441834389075,1,0.008695652173913044,0.045895899480627916,0.010429626309298003,0.02966609922515051,0.0045404441834389075,0.03420654340858942,0.09017133881013681
2015,12,0,0.1,427,1.2990511595359513,0.0005143264204094944,4,0.00936768149882904,0.020785619832087206,0.010340202397962572,0.09111404347645613,0.008814928331888572,0.04595431856201415,0.0804593079802156
2015,12,1,0.027,115,2.0025126485679814,0.0045404441834389075,6,0.05217391304347826,0.06632859108457008,0.009863691932021185,0.1648599194589475,0.017939588324016986,0.09711975443144838,0.15655602550540304
2015,12,1,0.1,427,1.2990511595359513,0.0005143264204094944,5,0.0117096018735363,0.038362143169932146,0.008385729620551171,0.15700128561231308,0.017949396500950288,0.08549340183746557,0.11995627785265187
2015,13,0,0.027,115,2.0025126485679814,0.0045404441834389075,2,0.017391304347826087,0.040725463562787945,0.010572834433226616,0.0648476352730909,0.00914844514884705,0.06762041433672161,0.07291995166161415
2015,13,0,0.1,427,1.2990511595359513,0.0005143264204094944,5,0.0117096018735363,0.019227375876879085,0.010513475879440145,0.054865991917131485,0.008081999474539137,0.02926632617548819,0.06646886616873961
2015,13,1,0.027,115,2.0025126485679814,0.0045404441834389075,5,0.043478260869565216,0.07718587278966092,0.009562972424293477,0.2658750664698655,0.03844488144864289,0.10194253595867853,0.17749659175594945
2015,13,1,0.1,427,1.2990511595359513,0.0005143264204094944,12,0.02810304449648712,0.03725810278446005,0.008508496611331533,0.20715017482024556,0.018575485293157445,0.08147034602719616,0.16176713566618625
2015,14,0,0.027,115,2.0025126485679814,0.0045404441834389075,1,0.008695652173913044,0.044809164229883236,0.010459726153670747,0.0660468667627252,0.0045404441834389075,0.0705873109461641,0.0768695964147011
2015,14,0,0.1,427,1.2990511595359513,0.0005143264204094944,4,0.00936768149882904,0.01962503609198689,0.010469256891978938,0.05951593555042756,0.006584630675945391,0.027323638512521953,0.06744182419102131
2015,14,1,0.027,115,2.0025126485679814,0.0045404441834389075,7,0.06086956521739131,0.08054812462811241,0.009469846470193784,0.20808413467795495,0.02983515609331211,0.1327503993228445,0.2149520398658154
2015,14,1,0.1,427,1.2990511595359513,0.0005143264204094944,15,0.0351288056206089,0.042015000049118574,0.007979539545704137,0.20946502521633703,0.029967458390083745,0.09138929649746919,0.21254487187417076
2015,15,0,0.027,115,2.0025126485679814,0.0045404441834389075,4,0.034782608695652174,0.04827057879210659,0.01036385364050705,0.07454475282581452,0.013182360319104136,0.052491641537424805,0.09950185338148508
2015,15,0,0.1,427,1.2990511595359513,0.0005143264204094944,6,0.01405152224824356,0.020742307263994987,0.010345018665299912,0.054051209385145516,0.008348631562020481,0.030551402764956714,0.04675048383786754
2015,15,1,0.027,115,2.0025126485679814,0.0045404441834389075,6,0.05217391304347826,0.08448903917024835,0.009360693008646184,0.2503430905244963,0.018645543578787338,0.10402292802912405,0.24283501377015151
2015,15,1,0.1,427,1.2990511595359513,0.0005143264204094944,9,0.02107728337236534,0.03994601496118322,0.008209606377096949,0.20656384758176194,0.02222660494685913,0.08605799809925996,0.19922969191888013
2015,16,0,0.027,115,2.0025126485679814,0.0045404441834389075,0,0.0,0.0439040920695073,0.01048479438547307,,,,
2015,16,0,0.1,427,1.2990511595359513,0.0005143264204094944,3,0.00702576112412178,0.019797145468936808,0.01045011868782331,0.04409790004554481,0.009123703457698973,0.026170610453450927,0.07374030351796396
2015,16,1,0.027,115,2.0025126485679814,0.0045404441834389075,5,0.043478260869565216,0.07113436752683512,0.009730583962160762,0.0972802355359903,0.017939588324016986,0.05434137362731084,0.0993527529382637
2015,16,1,0.1,427,1.2990511595359513,0.0005143264204094944,13,0.03044496487119438,0.03921476200960245,0.00829092018186908,0.1593254637238748,0.02246158293613565,0.05988490610752395,0.12817903823230198
2015,17,0,0.027,115,2.0025126485679814,0.0045404441834389075,2,0.017391304347826087,0.043358579957111364,0.010499903704578446,0.05912805830730372,0.013182360319104136,0.04348546095163375,0.06616706540629169
2015,17,0,0.1,427,1.2990511595359513,0.0005143264204094944,7,0.01639344262295082,0.01819962213934948,0.010627759953899817,0.05861743439732359,0.010291464704777598,0.036798713287519824,0.05872298663519163
2015,17,1,0.027,115,2.0025126485679814,0.0045404441834389075,6,0.05217391304347826,0.06157906286772248,0.009995241966929056,0.13546086593597906,0.031332685184696674,0.09005735588380404,0.13239716540818605
2015,17,1,0.1,427,1.2990511595359513,0.0005143264204094944,13,0.03044496487119438,0.03371359626113886,0.008902638352336258,0.05861743439732359,0.024018015133840054,0.030760272155838875,0.07644272639656986
2015,18,0,0.027,115,2.0025126485679814,0.0045404441834389075,3,0.02608695652173913,0.04560000563779448,0.010437821827584574,0.05493052112624364,0.013182360319104136,0.042091122725012475,0.07793326717844394
2015,18,0,0.1,427,1.2990511595359513,0.0005143264204094944,8,0.01873536299765808,0.022839620850333555,0.010111801763902369,0.0713883489931808,0.009123703457698973,0.03054143420565225,0.07325033484860441
2015,18,1,0.027,115,2.0025126485679814,0.0045404441834389075,7,0.06086956521739131,0.0677272866728296,0.009824951567702822,0.09174010911863784,0.03770569251109812,0.06272921601331571,0.11543929441044867
2015,18,1,0.1,427,1.2990511595359513,0.0005143264204094944,12,0.02810304449648712,0.03826634670303907,0.008396381988093707,0.13982941723302456,0.024634170769523456,0.053143137449451094,0.11112981831529085
2015,19,0,0.027,115,2.0025126485679814,0.0045404441834389075,2,0.017391304347826087,0.04317881039390227,0.01050488287118949,0.08091531350924264,0.00914844514884705,0.08457447783367167,0.12098892284186821
2015,19,0,0.1,427,1.2990511595359513,0.0005143264204094944,5,0.0117096018735363,0.02138733436436796,0.010273292995544895,0.06926246257153501,0.008081999474539137,0.03844415955580249,0.08256641916853406
2015,19,1,0.027,115,2.0025126485679814,0.0045404441834389075,5,0.043478260869565216,0.0692577782041047,0.00978256078588764,0.07454475282581452,0.017939588324016986,0.05681488460633366,0.13714379281833042
2015,19,1,0.1,427,1.2990511595359513,0.0005143264204094944,13,0.03044496487119438,0.03774630357681524,0.008454209700306617,0.19568443145210446,0.022496644439478297,0.05239891219874471,0.10698980349531059
2015,20,0,0.027,115,2.0025126485679814,0.0045404441834389075,2,0.017391304347826087,0.046874289967800166,0.010402527343492412,0.07678302752944033,0.00914844514884705,0.07508599152857443,0.08878998743083896
2015,20,0,0.1,427,1.2990511595359513,0.0005143264204094944,5,0.0117096018735363,0.018240861184616108,0.010623174257980846,0.04721383510932853,0.008348631562020481,0.03072218526037962,0.07000650227656316
2015,20,1,0.027,115,2.0025126485679814,0.0045404441834389075,4,0.034782608695652174,0.06091833453611841,0.01001354248671096,0.07678302752944033,0.017132427249357374,0.05422657154087629,0.1007313953281968
2015,20,1,0.1,427,1.2990511595359513,0.0005143264204094944,14,0.03278688524590164,0.03208610814650436,0.009083611640083375,0.14422226306205088,0.030284100031277683,0.0602532852969937,0.10713519498134703
2015,21,0,0.027,115,2.0025126485679814,0.0045404441834389075,1,0.008695652173913044,0.04848468969767624,0.010357923304731396,0.002671237467817722,0.0045404441834389075,0.0072116816512566295,0.019226043199446582
2015,21,0,0.1,427,1.2990511595359513,0.0005143264204094944,8,0.01873536299765808,0.021772045319971633,0.010230513938762927,0.027994734298576462,0.010291464704777598,0.022918980709342618,0.05264979522469055
2015,21,1,0.027,115,2.0025126485679814,0.0045404441834389075,7,0.06086956521739131,0.08595166975837314,0.009320181804977026,0.15093532435039902,0.029012558093518104,0.08112062405930187,0.17066582930549373
2015,21,1,0.1,427,1.2990511595359513,0.0005143264204094944,13,0.03044496487119438,0.042136867608574484,0.00796598812698339,0.26967561950929264,0.024018015133840054,0.08180009086330808,0.18747790314422952
2015,22,0,0.027,115,2.0025126485679814,0.0045404441834389075,2,0.017391304347826087,0.04031196455480355,0.010584287320008457,0.007186333044618465,0.009262737634121443,0.010494757431089408,0.07434777214897044
2015,22,0,0.1,427,1.2990511595359513,0.0005143264204094944,1,0.00234192037470726,0.018966043056112377,0.010542535544666025,0.07942009858948862,0.0005143264204094944,0.07993442500989811,0.09090795001275352
2015,22,1,0.027,115,2.0025126485679814,0.0045404441834389075,8,0.06956521739130435,0.08972813755801681,0.009215583106287473,0.24410558267833338,0.039008461964561425,0.0983918519152498,0.19157733463750842
2015,22,1,0.1,427,1.2990511595359513,0.0005143264204094944,8,0.01873536299765808,0.04319298863503759,0.007848549669092831,0.08766235775182873,0.018575485293157445,0.06129618610125909,0.11117179603311629
2015,23,0,0.027,115,2.0025126485679814,0.0045404441834389075,1,0.008695652173913044,0.042435340215425194,0.010525475132876593,0.11794758176451525,0.0045404441834389075,0.12248802594795416,0.17297519005076997
2015,23,0,0.1,427,1.2990511595359513,0.0005143264204094944,9,0.02107728337236534,0.019622994711978096,0.01046948388918304,0.054051209385145516,0.015730703303783455,0.029508675382690752,0.08241386633267672
2015,23,1,0.027,115,2.0025126485679814,0.0045404441834389075,10,0.08695652173913043,0.08880166124743467,0.009241244179437025,0.13869798979678816,0.039008461964561425,0.07255504265194723,0.1434774071522086
2015,23,1,0.1,427,1.2990511595359513,0.0005143264204094944,8,0.01873536299765808,0.041779777912159234,0.008005695757287897,0.08239632440271771,0.018575485293157445,0.048682705997389775,0.12156347852606485
2015,24,0,0.027,115,2.0025126485679814,0.0045404441834389075,2,0.017391304347826087,0.04467652173909924,0.010463400018420305,0.05670430406806659,0.00914844514884705,0.03789547952154537,0.06672615227233702
2015,24,0,0.1,427,1.2990511595359513,0.0005143264204094944,4,0.00936768149882904,0.01807806718810176,0.010641276611239082,0.03491083753605628,0.008348631562020481,0.019226815637570338,0.06421657219035541
2015,24,1,0.027,115,2.0025126485679814,0.0045404441834389075,6,0.05217391304347826,0.08254783400554767,0.009414459529344783,0.29533321612324537,0.02983515609331211,0.11920032318560803,0.18367233111541853
2015,24,1,0.1,427,1.2990511595359513,0.0005143264204094944,8,0.01873536299765808,0.03752217776805415,0.008479132023312082,0.15737690933685222,0.010291464704777598,0.08078280251339698,0.15399735422822786
2015,25,0,0.027,115,2.0025126485679814,0.0045404441834389075,2,0.017391304347826087,0.043103846757632354,0.010506959176143981,0.0972802355359903,0.009262737634121443,0.08021869760222522,0.12695686009538773
2015,25,0,0.1,427,1.2990511595359513,0.0005143264204094944,7,0.01639344262295082,0.019530368789700474,0.01047978369876964,0.05185938388976785,0.009123703457698973,0.033009009704071834,0.06714250936092883
2015,25,1,0.027,115,2.0025126485679814,0.0045404441834389075,3,0.02608695652173913,0.073237784010975,0.009672324594223361,0.0648476352730909,0.013182360319104136,0.03476766120394581,0.11442098799289178
2015,25,1,0.1,427,1.2990511595359513,0.0005143264204094944,10,0.0234192037470726,0.037267495586540994,0.008507452151308468,0.13578660311053903,0.015730703303783455,0.03810246647414117,0.10695433887381421
2015,26,0,0.027,115,2.0025126485679814,0.0045404441834389075,4,0.034782608695652174,0.04377087029719805,0.010488484294869881,0.05912805830730372,0.013182360319104136,0.058715027580076296,0.08811316595798417
2015,26,0,0.1,427,1.2990511595359513,0.0005143264204094944,4,0.00936768149882904,0.01932419039839585,0.010502710306344398,0.06454063516599606,0.006584630675945391,0.05519260360677736,0.0812539672265236
2015,26,1,0.027,115,2.0025126485679814,0.0045404441834389075,6,0.05217391304347826,0.07149645633926976,0.00972055500902252,0.1444597832029335,0.03844488144864289,0.06958787160177149,0.12360902244998508
2015,26,1,0.1,427,1.2990511595359513,0.0005143264204094944,11,0.02576112412177986,0.040973523132672704,0.008095349609069342,0.13578660311053903,0.024018015133840054,0.06422023347901917,0.1347235097774691
2015,27,0,0.027,115,2.0025126485679814,0.0045404441834389075,3,0.02608695652173913,0.04868785132564942,0.010352296236519228,0.09174010911863784,0.013182360319104136,0.05589698571094681,0.12698588706431252
2015,27,0,0.1,427,1.2990511595359513,0.0005143264204094944,8,0.01873536299765808,0.0218047085735926,0.010226881853008718,0.05173862530096107,0.009123703457698973,0.03705975770474623,0.07690499569254719
2015,27,1,0.027,115,2.0025126485679814,0.0045404441834389075,3,0.02608695652173913,0.05254115507621525,0.010245569374449126,0.07589896845306221,0.017132427249357374,0.03800697018819976,0.08060754963211383
2015,27,1,0.1,427,1.2990511595359513,0.0005143264204094944,9,0.02107728337236534,0.0316511696953002,0.009131975889735503,0.16258930469548272,0.015730703303783455,0.05524593102729036,0.09359743316567848
2015,28,0,0.027,115,2.0025126485679814,0.0045404441834389075,1,0.008695652173913044,0.03896647364955017,0.01062155404787554,0.007186333044618465,0.0045404441834389075,0.011726777228057372,0.1267007291869116
2015,28,0,0.1,427,1.2990511595359513,0.0005143264204094944,7,0.01639344262295082,0.017377432525762765,0.010719185726035632,0.04721383510932853,0.008814928331888572,0.03396331550683063,0.058023843413954515
2015,28,1,0.027,115,2.0025126485679814,0.0045404441834389075,3,0.02608695652173913,0.06093108293087206,0.010013189388108678,0.044357304912129525,0.013182360319104136,0.04794726086454659,0.09949844882650591
2015,28,1,0.1,427,1.2990511595359513,0.0005143264204094944,13,0.03044496487119438,0.03693096549563557,0.008544873596312796,0.12427590012835332,0.02545565474732059,0.06149821606028216,0.09840984120282019
2015,29,0,0.027,115,2.0025126485679814,0.0045404441834389075,3,0.02608695652173913,0.04619783016131944,0.010421263585723938,0.0648476352730909,0.009262737634121443,0.031956088450018516,0.06407594392069968
2015,29,0,0.1,427,1.2990511595359513,0.0005143264204094944,6,0.01405152224824356,0.022222152253678955,0.01018046298545745,0.054051209385145516,0.010291464704777598,0.028822859502517506,0.07575424138285093
2015,29,1,0.027,115,2.0025126485679814,0.0045404441834389075,5,0.043478260869565216,0.0553026418950242,0.010169083106587123,0.08091531350924264,0.018645543578787338,0.0728076206969468,0.10001551958990212
2015,29,1,0.1,427,1.2990511595359513,0.0005143264204094944,6,0.01405152224824356,0.029043155136627995,0.009421981675296192,0.08766235775182873,0.015730703303783455,0.03793087060776901,0.08858722822016055
2015,30,0,0.027,115,2.0025126485679814,0.0045404441834389075,4,0.034782608695652174,0.0420612782099438,0.010535835713471576,0.08091531350924264,0.017132427249357374,0.05255642336003796,0.08024994492537565
2015,30,0,0.1,427,1.2990511595359513,0.0005143264204094944,6,0.01405152224824356,0.019861532578616455,0.010442958975366744,0.04721383510932853,0.015730703303783455,0.02926301424149247,0.07187017172233723
2015,30,1,0.027,115,2.0025126485679814,0.0045404441834389075,6,0.05217391304347826,0.07124649993297731,0.009727478175381773,0.08091531350924264,0.018645543578787338,0.07164811522232628,0.13533925389448792
2015,30,1,0.1,427,1.2990511595359513,0.0005143264204094944,11,0.02576112412177986,0.03623944510995069,0.008621769222533484,0.10540580477619277,0.024634170769523456,0.05461318569501361,0.11413624246760898
2015,31,0,0.027,115,2.0025126485679814,0.0045404441834389075,1,0.008695652173913044,0.04707555811966618,0.010396952719825603,0.03294956199929944,0.0045404441834389075,0.037490006182738345,0.07041249393402646
2015,31,0,0.1,427,1.2990511595359513,0.0005143264204094944,4,0.00936768149882904,0.020415460076713972,0.010381363391593922,0.11858759606842462,0.006584630675945391,0.053594732678281076,0.11211992781675566
2015,31,1,0.027,115,2.0025126485679814,0.0045404441834389075,4,0.034782608695652174,0.06508267348334336,0.009898200728779633,0.1892805777778519,0.029012558093518104,0.08588992351950564,0.12272880821129688
2015,31,1,0.1,427,1.2990511595359513,0.0005143264204094944,14,0.03278688524590164,0.038008806022205056,0.008425019975259363,0.18840200385312,0.02545565474732059,0.0546585364333132,0.11014507119506568
2015,32,0,0.027,115,2.0025126485679814,0.0045404441834389075,6,0.05217391304347826,0.04501105160062325,0.010454134379192159,0.07454475282581452,0.017939588324016986,0.05320563482946361,0.07037653959537722
2015,32,0,0.1,427,1.2990511595359513,0.0005143264204094944,3,0.00702576112412178,0.02019239676553456,0.01040616756708184,0.058180258636731486,0.0051073839035797874,0.053548739421728664,0.0770020771282222
2015,32,1,0.027,115,2.0025126485679814,0.0045404441834389075,6,0.05217391304347826,0.07458530859329852,0.00963500153859542,0.04474597688549187,0.018645543578787338,0.042481569553108445,0.1423987343398881
2015,32,1,0.1,427,1.2990511595359513,0.0005143264204094944,9,0.02107728337236534,0.03811918460777215,0.008412746106499691,0.15796789910918796,0.015730703303783455,0.0530717304997923,0.10871822728457409
2015,33,0,0.027,115,2.0025126485679814,0.0045404441834389075,2,0.017391304347826087,0.04316450005224288,0.010505279231808669,0.05493052112624364,0.009262737634121443,0.035702470205810855,0.10646844330264048
2015,33,0,0.1,427,1.2990511595359513,0.0005143264204094944,7,0.01639344262295082,0.020028031524859463,0.010424444639417326,0.06648184792777934,0.009123703457698973,0.03390942921352735,0.06650385295067245
2015,33,1,0.027,115,2.0025126485679814,0.0045404441834389075,7,0.06086956521739131,0.06591354194076195,0.009875187753682537,0.15012065585147694,0.02983515609331211,0.06613659501618252,0.11339695680567137
2015,33,1,0.1,427,1.2990511595359513,0.0005143264204094944,11,0.02576112412177986,0.03678315425232103,0.00856130989862928,0.14259626169000494,0.022496644439478297,0.05421477365169647,0.11388097631219743
2015,34,0,0.027,115,2.0025126485679814,0.0045404441834389075,3,0.02608695652173913,0.04659894718900069,0.010410153648781896,0.044357304912129525,0.013182360319104136,0.028744416542462847,0.08500769309131585
2015,34,0,0.1,427,1.2990511595359513,0.0005143264204094944,3,0.00702576112412178,0.02072279114073202,0.010347188817548163,0.054051209385145516,0.006584630675945391,0.027003501188054946,0.060301361510235
2015,34,1,0.027,115,2.0025126485679814,0.0045404441834389075,6,0.05217391304347826,0.0836690350902115,0.009383405067703082,0.24464336194718062,0.017939588324016986,0.12211204906956641,0.2072761956097119
2015,34,1,0.1,427,1.2990511595359513,0.0005143264204094944,7,0.01639344262295082,0.03839388439125735,0.008382200062867355,0.1933801354456266,0.010291464704777598,0.09143409210490638,0.17355746237219413
2015,35,0,0.027,115,2.0025126485679814,0.0045404441834389075,2,0.017391304347826087,0.040851052972059064,0.010569355921168288,0.007611164145369109,0.009262737634121443,0.013011173464168913,0.0764796144465948
2015,35,0,0.1,427,1.2990511595359513,0.0005143264204094944,6,0.01405152224824356,0.017672691455850046,0.010686353548132695,0.054865991917131485,0.008814928331888572,0.03321138090000186,0.05791081142743465
2015,35,1,0.027,115,2.0025126485679814,0.0045404441834389075,6,0.05217391304347826,0.08565522468594197,0.009328392590942725,0.2503430905244963,0.02983515609331211,0.0875390262884026,0.22400416600489698
2015,35,1,0.1,427,1.2990511595359513,0.0005143264204094944,11,0.02576112412177986,0.043474097126585225,0.007817290990475425,0.30455112218954317,0.018575485293157445,0.11719257380420034,0.20866061495184604
2015,36,0,0.027,115,2.0025126485679814,0.0045404441834389075,2,0.017391304347826087,0.049578515828678914,0.01032762706073686,0.044357304912129525,0.009262737634121443,0.02908024336484516,0.06953313352337812
2015,36,0,0.1,427,1.2990511595359513,0.0005143264204094944,1,0.00234192037470726,0.0198320904026154,0.010446232884000196,0.010834397856017475,0.0005143264204094944,0.011348724276426969,0.05898681290006072
2015,36,1,0.027,115,2.0025126485679814,0.0045404441834389075,4,0.034782608695652174,0.0798214267052974,0.00948997418241048,0.1726722609294522,0.018645543578787338,0.12632134541610052,0.2442295745555364
2015,36,1,0.1,427,1.2990511595359513,0.0005143264204094944,7,0.01639344262295082,0.03735580485845173,0.008497632344249642,0.15737690933685222,0.015730703303783455,0.08943091953613469,0.12718120039542222
2015,37,0,0.027,115,2.0025126485679814,0.0045404441834389075,3,0.02608695652173913,0.039524345865703185,0.01060610238485589,0.0648476352730909,0.009262737634121443,0.03166186509470581,0.06210205535828119
2015,37,0,0.1,427,1.2990511595359513,0.0005143264204094944,10,0.0234192037470726,0.01891683446677829,0.01054800743728208,0.050622045885616807,0.02246158293613565,0.03345439168158659,0.07552533857093313
2015,37,1,0.027,115,2.0025126485679814,0.0045404441834389075,10,0.08695652173913043,0.1044177999722401,0.008808716252328977,0.15093532435039902,0.039008461964561425,0.08680824393462117,0.2301198742908156
2015,37,1,0.1,427,1.2990511595359513,0.0005143264204094944,9,0.02107728337236534,0.047337154607721366,0.007387727046609505,0.30798835074912767,0.010291464704777598,0.10645302372757137,0.16798034549914834
2015,38,0,0.027,115,2.0025126485679814,0.0045404441834389075,4,0.034782608695652174,0.04566237543677453,0.010436094340377759,0.04256708062145398,0.013182360319104136,0.029815448512908738,0.07001313005130931
2015,38,0,0.1,427,1.2990511595359513,0.0005143264204094944,7,0.01639344262295082,0.018855700324526277,0.010554805426537707,0.054865991917131485,0.009123703457698973,0.034723772612902604,0.07665163162493148
2015,38,1,0.027,115,2.0025126485679814,0.0045404441834389075,5,0.043478260869565216,0.06121325040819501,0.010005374055764713,0.0648476352730909,0.02983515609331211,0.03957918161988516,0.11878629985049244
2015,38,1,0.1,427,1.2990511595359513,0.0005143264204094944,10,0.0234192037470726,0.034463565997736666,0.008819243280063534,0.09259743891264116,0.02359624476121258,0.06428708943369421,0.11288604955512113
2015,39,0,0.027,115,2.0025126485679814,0.0045404441834389075,2,0.017391304347826087,0.04358626283707047,0.01049359745910752,0.04256708062145398,0.009262737634121443,0.03182475043612021,0.06408691746401675
2015,39,0,0.1,427,1.2990511595359513,0.0005143264204094944,7,0.01639344262295082,0.020120372513556566,0.010414176513851268,0.0784573502146022,0.009123703457698973,0.0344390980454623,0.06929382482305012
2015,39,1,0.027,115,2.0025126485679814,0.0045404441834389075,5,0.043478260869565216,0.06689473132128065,0.009848011265541967,0.0660468667627252,0.031332685184696674,0.06433706563616148,0.14598542700785036
2015,39,1,0.1,427,1.2990511595359513,0.0005143264204094944,14,0.03278688524590164,0.03728652271406261,0.00850533637436791,0.2314591271047246,0.023745023101447327,0.06291577683440264,0.11221351757247694
2015,40,0,0.027,115,2.0025126485679814,0.0045404441834389075,2,0.017391304347826087,0.04415554192418643,0.010477829854334318,0.05670430406806659,0.00914844514884705,0.05002964631275164,0.0814151999007576
2015,40,0,0.1,427,1.2990511595359513,0.0005143264204094944,6,0.01405152224824356,0.019003674724325122,0.010538350981560076,0.09111404347645613,0.009123703457698973,0.045498064523105564,0.0846578954751655
2015,40,1,0.027,115,2.0025126485679814,0.0045404441834389075,4,0.034782608695652174,0.06607433522992931,0.00987073418233036,0.07454475282581452,0.017939588324016986,0.05785054981385129,0.1128139877617148
2015,40,1,0.1,427,1.2990511595359513,0.0005143264204094944,12,0.02810304449648712,0.03546840848240518,0.008707506889190236,0.09259743891264116,0.02246158293613565,0.047322122249199516,0.11318808687885046
2015,41,0,0.027,115,2.0025126485679814,0.0045404441834389075,1,0.008695652173913044,0.044833485061497654,0.01045905252755426,0.04256708062145398,0.0045404441834389075,0.047107524804892886,0.05013511473575724
2015,41,0,0.1,427,1.2990511595359513,0.0005143264204094944,8,0.01873536299765808,0.01958653674014154,0.010473537939697157,0.05173862530096107,0.015730703303783455,0.028647770550453533,0.07525424422839036
2015,41,1,0.027,115,2.0025126485679814,0.0045404441834389075,8,0.06956521739130435,0.09084227189270079,0.0091847243759193,0.1444597832029335,0.039008461964561425,0.0724748898110752,0.1710941230369552
2015,41,1,0.1,427,1.2990511595359513,0.0005143264204094944,15,0.0351288056206089,0.04560066452615339,0.007580821125992193,0.2314591271047246,0.02359624476121258,0.07622295714855443,0.1594815240781982
2015,42,0,0.027,115,2.0025126485679814,0.0045404441834389075,1,0.008695652173913044,0.05096368343440997,0.010289261387649415,0.07484739800291607,0.0045404441834389075,0.07938784218635497,0.08540197748194017
2015,42,0,0.1,427,1.2990511595359513,0.0005143264204094944,3,0.00702576112412178,0.021121538121763508,0.01030284898398034,0.04565064300489463,0.006584630675945391,0.03251019822944157,0.08663797551321156
2015,42,1,0.027,115,2.0025126485679814,0.0045404441834389075,3,0.02608695652173913,0.06280300870203964,0.009961341733078749,0.05970006619542234,0.009262737634121443,0.04322674518059255,0.12741016008091788
2015,42,1,0.1,427,1.2990511595359513,0.0005143264204094944,9,0.02107728337236534,0.03199096770860743,0.009094191058568268,0.1343819015315486,0.015730703303783455,0.055271302034764824,0.10310128123088895
2015,43,0,0.027,115,2.0025126485679814,0.0045404441834389075,2,0.017391304347826087,0.04456996798357481,0.01046635129055068,0.05350045950920057,0.00914844514884705,0.03718784094305283,0.06128721886987743
2015,43,0,0.1,427,1.2990511595359513,0.0005143264204094944,5,0.0117096018735363,0.020236216314070944,0.01040129492457532,0.0899422515780417,0.008348631562020481,0.05414519309927712,0.07183348490450141
2015,43,1,0.027,115,2.0025126485679814,0.0045404441834389075,5,0.043478260869565216,0.08300754420288062,0.009401726708368557,0.22583690457481653,0.02983515609331211,0.09982924266222737,0.15639686843586673
2015,43,1,0.1,427,1.2990511595359513,0.0005143264204094944,11,0.02576112412177986,0.04365587556643906,0.007797077606668762,0.30841818748814065,0.018575485293157445,0.1255000442407126,0.2295791421203856
2015,44,0,0.027,115,2.0025126485679814,0.0045404441834389075,1,0.008695652173913044,0.043931304533128004,0.010484040668393015,0.04474597688549187,0.0045404441834389075,0.049286421068930775,0.05261220409270636
2015,44,0,0.1,427,1.2990511595359513,0.0005143264204094944,6,0.01405152224824356,0.019133007103865972,0.010523969490397593,0.08239632440271771,0.009123703457698973,0.0466730013597636,0.07084260186200048
2015,44,1,0.027,115,2.0025126485679814,0.0045404441834389075,5,0.043478260869565216,0.05806054195259993,0.010092696183027102,0.11794758176451525,0.018645543578787338,0.06510024969419392,0.10375265865153738
2015,44,1,0.1,427,1.2990511595359513,0.0005143264204094944,10,0.0234192037470726,0.033268255301988174,0.00895215933920015,0.1220689279758147,0.022496644439478297,0.046653795529705056,0.10560241264776789
2015,45,0,0.027,115,2.0025126485679814,0.0045404441834389075,1,0.008695652173913044,0.04466101441461877,0.010463829532465404,0.07454475282581452,0.0045404441834389075,0.07908519700925343,0.09329247798490739
2015,45,0,0.1,427,1.2990511595359513,0.0005143264204094944,7,0.01639344262295082,0.020764881930107504,0.010342508409458754,0.058180258636731486,0.015730703303783455,0.031789778349426756,0.07641582641977561
2015,45,1,0.027,115,2.0025126485679814,0.0045404441834389075,4,0.034782608695652174,0.07007467600339724,0.009759934763026694,0.24600191507098268,0.017132427249357374,0.15669020071119655,0.2254246246822171
2015,45,1,0.1,427,1.2990511595359513,0.0005143264204094944,12,0.02810304449648712,0.03436602971317287,0.008830089111706435,0.31719945843956077,0.017949396500950288,0.08403258111906586,0.13235331907658593
2015,46,0,0.027,115,2.0025126485679814,0.0045404441834389075,1,0.008695652173913044,0.04263509881258569,0.010519942320093971,0.0660468667627252,0.0045404441834389075,0.0705873109461641,0.07970120483068412
2015,46,0,0.1,427,1.2990511595359513,0.0005143264204094944,3,0.00702576112412178,0.019943074227002356,0.010433891713944664,0.04721383510932853,0.008348631562020481,0.036460136103104945,0.054997729307322565
2015,46,1,0.027,115,2.0025126485679814,0.0045404441834389075,3,0.02608695652173913,0.04959717516364441,0.010327110243896535,0.04474597688549187,0.013182360319104136,0.027245761876767194,0.05856615207954954
2015,46,1,0.1,427,1.2990511595359513,0.0005143264204094944,11,0.02576112412177986,0.03154284351321047,0.009144021535504336,0.08600379921163248,0.018575485293157445,0.041345211682498384,0.08555875693337317
2015,47,0,0.027,115,2.0025126485679814,0.0045404441834389075,3,0.02608695652173913,0.04589277356481649,0.010429712889336133,0.05912805830730372,0.009262737634121443,0.040880137139459816,0.089252127738656
2015,47,0,0.1,427,1.2990511595359513,0.0005143264204094944,8,0.01873536299765808,0.019560293861396096,0.010476456093140987,0.0899422515780417,0.009123703457698973,0.03943388520243429,0.07281080596156522
2015,47,1,0.027,115,2.0025126485679814,0.0045404441834389075,4,0.034782608695652174,0.05433975384423168,0.01019575269373576,0.08091531350924264,0.013182360319104136,0.06190549787688049,0.0901207128131435
2015,47,1,0.1,427,1.2990511595359513,0.0005143264204094944,14,0.03278688524590164,0.03291439361086754,0.008991508022040906,0.08218838626454916,0.024634170769523456,0.04474566924170165,0.08561967539947281
2015,48,0,0.027,115,2.0025126485679814,0.0045404441834389075,2,0.017391304347826087,0.04306399755456833,0.010508062899253892,0.02966609922515051,0.00914844514884705,0.024376377100087776,0.07277444391714151
2015,48,0,0.1,427,1.2990511595359513,0.0005143264204094944,5,0.0117096018735363,0.018420370443175814,0.010603213202406626,0.06915831124621241,0.009123703457698973,0.05015804849409755,0.08156480802140925
2015,48,1,0.027,115,2.0025126485679814,0.0045404441834389075,5,0.043478260869565216,0.05718909689778344,0.010116833028235168,0.15093532435039902,0.018645543578787338,0.059607401278203964,0.11930047991809489
2015,48,1,0.1,427,1.2990511595359513,0.0005143264204094944,7,0.01639344262295082,0.032213393974265626,0.009069457721215129,0.16467809548258106,0.010291464704777598,0.0801250227463206,0.1441545876082093
2015,49,0,0.027,115,2.0025126485679814,0.0045404441834389075,2,0.017391304347826087,0.04472731660341288,0.010461993127910655,0.05049478292986853,0.017939588324016986,0.043507248607864035,0.09165682816198797
2015,49,0,0.1,427,1.2990511595359513,0.0005143264204094944,6,0.01405152224824356,0.01912886454465752,0.010524430134351241,0.06648184792777934,0.008814928331888572,0.03201163152292685,0.06129666773249975
2015,49,1,0.027,115,2.0025126485679814,0.0045404441834389075,8,0.06956521739130435,0.09523464005828766,0.009063066779810799,0.11794758176451525,0.039008461964561425,0.06950479347538341,0.19226747434933605
2015,49,1,0.1,427,1.2990511595359513,0.0005143264204094944,14,0.03278688524590164,0.04513597513856863,0.007632493617788729,0.325906965425357,0.024634170769523456,0.0682040987081276,0.1425316499025554
2015,50,0,0.027,115,2.0025126485679814,0.0045404441834389075,1,0.008695652173913044,0.04276345646209146,0.010516387134715076,0.05912805830730372,0.0045404441834389075,0.06366850249074263,0.07301971929522336
2015,50,0,0.1,427,1.2990511595359513,0.0005143264204094944,3,0.00702576112412178,0.018341283353978156,0.01061200752196064,0.02645343342082329,0.006584630675945391,0.025435418147432998,0.06855864481985921
2015,50,1,0.027,115,2.0025126485679814,0.0045404441834389075,5,0.043478260869565216,0.07375170631279375,0.009658090233744279,0.15093532435039902,0.031332685184696674,0.08937211349781604,0.1638460730958992
2015,50,1,0.1,427,1.2990511595359513,0.0005143264204094944,11,0.02576112412177986,0.03987037927401971,0.008218016907935183,0.22520400844641264,0.02222660494685913,0.07480022296469557,0.15542908145677692
2015,51,0,0.027,115,2.0025126485679814,0.0045404441834389075,0,0.0,0.043674611533081956,0.010491150421525312,,,,
2015,51,0,0.1,427,1.2990511595359513,0.0005143264204094944,6,0.01405152224824356,0.020369411794015968,0.010386483864696016,0.050622045885616807,0.008814928331888572,0.018867844170912473,0.0568167910575149
2015,51,1,0.027,115,2.0025126485679814,0.0045404441834389075,5,0.043478260869565216,0.07498880925165766,0.009623825581054164,0.07678302752944033,0.017939588324016986,0.07098590054216825,0.12539590882473933
2015,51,1,0.1,427,1.2990511595359513,0.0005143264204094944,13,0.03044496487119438,0.04400836694826114,0.007757881299367192,0.18629321199796078,0.024634170769523456,0.07651472002177795,0.12843253058703258
2015,52,0,0.027,115,2.0025126485679814,0.0045404441834389075,2,0.017391304347826087,0.04366589874222986,0.01049139174400797,0.05493052112624364,0.009262737634121443,0.039369734775975385,0.0790257283437673
2015,52,0,0.1,427,1.2990511595359513,0.0005143264204094944,7,0.01639344262295082,0.02061629898374938,0.010359030523545974,0.06926246257153501,0.015730703303783455,0.0405355027417198,0.08115680101532802
2015,52,1,0.027,115,2.0025126485679814,0.0045404441834389075,5,0.043478260869565216,0.07232363284777052,0.009697644291662793,0.07484739800291607,0.03770569251109812,0.05357409200504559,0.13970775060214116
2015,52,1,0.1,427,1.2990511595359513,0.0005143264204094944,15,0.0351288056206089,0.04092101081577689,0.008101188869307498,0.2853404580033905,0.024634170769523456,0.08186440781831572,0.14714648740177824
2015,53,0,0.027,115,2.0025126485679814,0.0045404441834389075,1,0.008695652173913044,0.042820389579884974,0.010514810229959235,0.007186333044618465,0.009262737634121443,0.016449070678739908,0.0767851164756386
2015,53,0,0.1,427,1.2990511595359513,0.0005143264204094944,7,0.01639344262295082,0.020895353510808335,0.010328000241500617,0.04409790004554481,0.010291464704777598,0.02350369713382272,0.054014636084927466
2015,53,1,0.027,115,2.0025126485679814,0.0045404441834389075,5,0.043478260869565216,0.06819204822619225,0.009812078836817294,0.0648476352730909,0.018645543578787338,0.056790065391951305,0.08032357260686192
2015,53,1,0.1,427,1.2990511595359513,0.0005143264204094944,13,0.03044496487119438,0.03937816522380573,0.00827275008487304,0.2340580848571221,0.02545565474732059,0.06117917211663726,0.12271565747265245
2015,54,0,0.027,115,2.0025126485679814,0.0045404441834389075,2,0.017391304347826087,0.04862105554713461,0.01035414631227289,0.08091531350924264,0.00914844514884705,0.04730210142076441,0.09308126823284017
2015,54,0,0.1,427,1.2990511595359513,0.0005143264204094944,7,0.01639344262295082,0.022214384981657544,0.010181326689924414,0.0784573502146022,0.010291464704777598,0.04008829779768819,0.08843027388024671
2015,54,1,0.027,115,2.0025126485679814,0.0045404441834389075,3,0.02608695652173913,0.06301777780975451,0.009955393166752348,0.08091531350924264,0.018645543578787338,0.0745463089195415,0.11688329132627741
2015,54,1,0.1,427,1.2990511595359513,0.0005143264204094944,8,0.01873536299765808,0.032753614665775435,0.009009386305779013,0.0992791036777767,0.015730703303783455,0.032263067269098666,0.07477078835670146
2015,55,0,0.027,115,2.0025126485679814,0.0045404441834389075,0,0.0,0.045404441395230775,0.010443238467250959,,,,
2015,55,0,0.1,427,1.2990511595359513,0.0005143264204094944,6,0.01405152224824356,0.020721039957848384,0.010347383545436526,0.10234040953966028,0.009123703457698973,0.05293463510309393,0.0769472034533104
2015,55,1,0.027,115,2.0025126485679814,0.0045404441834389075,7,0.06086956521739131,0.08345331663572693,0.009389379928557061,0.24600191507098268,0.039008461964561425,0.11899117772467482,0.22136458049454222
2015,55,1,0.1,427,1.2990511595359513,0.0005143264204094944,8,0.01873536299765808,0.039211053841301725,0.008291332522458773,0.16942728988086864,0.015730703303783455,0.06133554069912428,0.10095384369085783
2015,56,0,0.027,115,2.0025126485679814,0.0045404441834389075,2,0.017391304347826087,0.041323671903479076,0.010556265560591865,0.0660468667627252,0.009262737634121443,0.041260643024051635,0.06030453149279787
2015,56,0,0.1,427,1.2990511595359513,0.0005143264204094944,7,0.01639344262295082,0.018368940538260773,0.010608932100687545,0.06926246257153501,0.009123703457698973,0.040324834924599706,0.06406662076568646
2015,56,1,0.027,115,2.0025126485679814,0.0045404441834389075,4,0.034782608695652174,0.0634272349549695,0.009944052229445091,0.10533408680330103,0.017939588324016986,0.05627705287696716,0.09624432497447305
2015,56,1,0.1,427,1.2990511595359513,0.0005143264204094944,8,0.01873536299765808,0.03227710146225578,0.00906237358127456,0.2216602409368975,0.009123703457698973,0.07126748772278324,0.13656013945229187
2015,57,0,0.027,115,2.0025126485679814,0.0045404441834389075,1,0.008695652173913044,0.04424592638608033,0.010475326431136387,0.007611164145369109,0.0045404441834389075,0.012151608328808017,0.07752225579553292
2015,57,0,0.1,427,1.2990511595359513,0.0005143264204094944,6,0.01405152224824356,0.020593245660717373,0.010361594005039377,0.08581212981835762,0.008814928331888572,0.024617042173260995,0.08400710926780174
2015,57,1,0.027,115,2.0025126485679814,0.0045404441834389075,5,0.043478260869565216,0.0654510468977994,0.009887997707907175,0.13546086593597906,0.017939588324016986,0.06735547062274039,0.13054667858532337
2015,57,1,0.1,427,1.2990511595359513,0.0005143264204094944,12,0.02810304449648712,0.03786377897383546,0.008441146680898381,0.11858759606842462,0.023745023101447327,0.0506649266542849,0.10550305272991099
2015,58,0,0.027,115,2.0025126485679814,0.0045404441834389075,2,0.017391304347826087,0.04334310563338759,0.010500332304585247,0.07678302752944033,0.009262737634121443,0.06766609311624627,0.09762762361810907
2015,58,0,0.1,427,1.2990511595359513,0.0005143264204094944,4,0.00936768149882904,0.018506088738663242,0.010593681506528207,0.16467809548258106,0.006584630675945391,0.06714101183315879,0.08528576756769954
2015,58,1,0.027,115,2.0025126485679814,0.0045404441834389075,3,0.02608695652173913,0.0889464434687363,0.009237234074559933,0.05670430406806659,0.018645543578787338,0.05018591942138184,0.17153094757487075
2015,58,1,0.1,427,1.2990511595359513,0.0005143264204094944,12,0.02810304449648712,0.04441218315879203,0.007712977778039929,0.2462132752542916,0.023745023101447327,0.09520391701147068,0.15320747198867232
2015,59,0,0.027,115,2.0025126485679814,0.0045404441834389075,1,0.008695652173913044,0.04103003962437117,0.010564398439228044,0.02966609922515051,0.0045404441834389075,0.03420654340858942,0.053986148278089736
2015,59,0,0.1,427,1.2990511595359513,0.0005143264204094944,3,0.00702576112412178,0.01732731307119731,0.010724758904967779,0.08218838626454916,0.006584630675945391,0.034856209813931116,0.05122946149776488
2015,59,1,0.027,115,2.0025126485679814,0.0045404441834389075,3,0.02608695652173913,0.062434802555048206,0.00997154012106141,0.09174010911863784,0.009262737634121443,0.09005060080670146,0.12841929064424853
2015,59,1,0.1,427,1.2990511595359513,0.0005143264204094944,13,0.03044496487119438,0.034334517202234606,0.008833593237271705,0.0953319747872563,0.02545565474732059,0.0619495822087035,0.09742496788451377
2015,60,0,0.027,115,2.0025126485679814,0.0045404441834389075,2,0.017391304347826087,0.04593587843033304,0.010428518992531123,0.05493052112624364,0.009262737634121443,0.034366851471902216,0.056063311616811856
2015,60,0,0.1,427,1.2990511595359513,0.0005143264204094944,5,0.0117096018735363,0.020429764563579398,0.0103797727624555,0.11199253273761789,0.008348631562020481,0.05138758534190502,0.09618202347823362
2015,60,1,0.027,115,2.0025126485679814,0.0045404441834389075,6,0.05217391304347826,0.09773443616992954,0.008993828689050007,0.1444597832029335,0.039008461964561425,0.09154063278199343,0.19131516717830765
2015,60,1,0.1,427,1.2990511595359513,0.0005143264204094944,11,0.02576112412177986,0.045856232380942843,0.007552402512972637,0.16467809548258106,0.02222660494685913,0.07372863016614062,0.1370489919943037
2015,61,0,0.027,115,2.0025126485679814,0.0045404441834389075,2,0.017391304347826087,0.04349056066427036,0.010496248169577655,0.005397765642738417,0.00914844514884705,0.01087894622142116,0.047679868405276944
2015,61,0,0.1,427,1.2990511595359513,0.0005143264204094944,4,0.00936768149882904,0.017835063718109643,0.010668298090844974,0.025723775026567752,0.008081999474539137,0.013277118925215436,0.051806167239202415
2015,61,1,0.027,115,2.0025126485679814,0.0045404441834389075,4,0.034782608695652174,0.06329844551491899,0.00994761937434052,0.05493052112624364,0.017939588324016986,0.03855468077680069,0.09507466718635825
2015,61,1,0.1,427,1.2990511595359513,0.0005143264204094944,11,0.02576112412177986,0.03293995129503927,0.008988666060806184,0.16467809548258106,0.017949396500950288,0.08656282153827188,0.13367759557982584
2015,62,0,0.027,115,2.0025126485679814,0.0045404441834389075,5,0.043478260869565216,0.04911531686440754,0.01034045651181856,0.05970006619542234,0.017132427249357374,0.05393031456843689,0.07934940021802636
2015,62,0,0.1,427,1.2990511595359513,0.0005143264204094944,4,0.00936768149882904,0.021281344789631344,0.010285078815443995,0.06926246257153501,0.006584630675945391,0.03926362438703701,0.08462473359159634
2015,62,1,0.027,115,2.0025126485679814,0.0045404441834389075,2,0.017391304347826087,0.07071946039002083,0.009742075850584087,0.07589896845306221,0.013182360319104136,0.07441942466807783,0.16718639000675836
2015,62,1,0.1,427,1.2990511595359513,0.0005143264204094944,7,0.01639344262295082,0.04088141685811449,0.008105591634912144,0.096123512458828,0.010291464704777598,0.051903870697642684,0.1038720326735604
2015,63,0,0.027,115,2.0025126485679814,0.0045404441834389075,3,0.02608695652173913,0.044340390935893745,0.010472709999722963,0.05049478292986853,0.013182360319104136,0.0275879327413322,0.07823535003627208
2015,63,0,0.1,427,1.2990511595359513,0.0005143264204094944,8,0.01873536299765808,0.019751241077028917,0.010455223160569316,0.04244008425435908,0.015730703303783455,0.023716347740835753,0.06557922208672366
2015,63,1,0.027,115,2.0025126485679814,0.0045404441834389075,6,0.05217391304347826,0.07891813536925278,0.009514993089839463,0.21156993691302262,0.018645543578787338,0.08070584018041838,0.17390848745636206
2015,63,1,0.1,427,1.2990511595359513,0.0005143264204094944,10,0.0234192037470726,0.041795259659174314,0.00800397421927346,0.1559051741767683,0.02246158293613565,0.0780311167799923,0.13705121628418926
2015,64,0,0.027,115,2.0025126485679814,0.0045404441834389075,2,0.017391304347826087,0.04046542889777007,0.010580036742108374,0.07678302752944033,0.00914844514884705,0.07825939181222585,0.08596788950099148
2015,64,0,0.1,427,1.2990511595359513,0.0005143264204094944,7,0.01639344262295082,0.02001141837318508,0.010426291987272785,0.050622045885616807,0.010291464704777598,0.028665489565834257,0.06427219661121947
2015,64,1,0.027,115,2.0025126485679814,0.0045404441834389075,4,0.034782608695652174,0.06842111437262617,0.009805734278329844,0.1716010537256749,0.013182360319104136,0.11191561888194324,0.1786237104315918
2015,64,1,0.1,427,1.2990511595359513,0.0005143264204094944,10,0.0234192037470726,0.03720363316238062,0.008514553519828383,0.0992791036777767,0.02246158293613565,0.048257741850256775,0.11820104862469748
2015,65,0,0.027,115,2.0025126485679814,0.0045404441834389075,3,0.02608695652173913,0.04259539595168215,0.0105210419898926,0.05970006619542234,0.009262737634121443,0.0552727506320605,0.06876330871378547
2015,65,0,0.1,427,1.2990511595359513,0.0005143264204094944,4,0.00936768149882904,0.018749348753765528,0.010566631499640534,0.06648184792777934,0.009123703457698973,0.04030566782235989,0.08692476393742116
2015,65,1,0.027,115,2.0025126485679814,0.0045404441834389075,9,0.0782608695652174,0.09307534353583419,0.00912287388484022,0.24410558267833338,0.03770569251109812,0.10212583589622315,0.22015572537979208
2015,65,1,0.1,427,1.2990511595359513,0.0005143264204094944,15,0.0351288056206089,0.042152432054650614,0.007964257393005653,0.18629321199796078,0.022496644439478297,0.09024644653557967,0.1840545456898265
2015,66,0,0.027,115,2.0025126485679814,0.0045404441834389075,1,0.008695652173913044,0.044283484468823235,0.010474286166320531,0.03494137258013863,0.0045404441834389075,0.03948181676357754,0.08309789479772083
2015,66,0,0.1,427,1.2990511595359513,0.0005143264204094944,2,0.00468384074941452,0.019256725021692126,0.010510212315680985,0.025723775026567752,0.0037821191644900054,0.01840738055093416,0.0629959716341826
2015,66,1,0.027,115,2.0025126485679814,0.0045404441834389075,8,0.06956521739130435,0.08489404547861187,0.009349475348371182,0.2405234889325456,0.04813937707202132,0.1071583919382968,0.19755232360553532
2015,66,1,0.1,427,1.2990511595359513,0.0005143264204094944,17,0.03981264637002342,0.04338127241358244,0.007827612905176516,0.1821633592276879,0.02545565474732059,0.05975229428432449,0.1450142182190069
2015,67,0,0.027,115,2.0025126485679814,0.0045404441834389075,2,0.017391304347826087,0.0458766811403745,0.010430158609184597,0.03294956199929944,0.009262737634121443,0.023376371908430116,0.06206055311957326
2015,67,0,0.1,427,1.2990511595359513,0.0005143264204094944,5,0.0117096018735363,0.018571336530869106,0.010586426087967815,0.050622045885616807,0.008348631562020481,0.043265028693589835,0.07008205245950465
2015,67,1,0.027,115,2.0025126485679814,0.0045404441834389075,8,0.06956521739130435,0.0899530662035566,0.009209353146211107,0.2503430905244963,0.039008461964561425,0.16406705765165341,0.31629783766206254
2015,67,1,0.1,427,1.2990511595359513,0.0005143264204094944,9,0.02107728337236534,0.04028073341505455,0.008172386382356569,0.10234040953966028,0.010291464704777598,0.05822023375634355,0.129055648823685
2015,68,0,0.027,115,2.0025126485679814,0.0045404441834389075,3,0.02608695652173913,0.044458649121321504,0.010469434544201722,0.07678302752944033,0.009262737634121443,0.04313358457366645,0.08144572294036836
2015,68,0,0.1,427,1.2990511595359513,0.0005143264204094944,5,0.0117096018735363,0.021118925281155058,0.010303139526412581,0.04565064300489463,0.008348631562020481,0.03646415345181109,0.0726163199661874
2015,68,1,0.027,115,2.0025126485679814,0.0045404441834389075,3,0.02608695652173913,0.06072506422434453,0.01001889559024034,0.05912805830730372,0.017132427249357374,0.049390709282943535,0.13875958641166486
2015,68,1,0.1,427,1.2990511595359513,0.0005143264204094944,10,0.0234192037470726,0.03224960991573951,0.00906543058397311,0.09868249583362765,0.024018015133840054,0.051742069881624664,0.10824610597985856
2015,69,0,0.027,115,2.0025126485679814,0.0045404441834389075,1,0.008695652173913044,0.04375877304562545,0.01048881935843704,0.0,0.0045404441834389075,0.0045404441834389075,0.014978075937569184
2015,69,0,0.1,427,1.2990511595359513,0.0005143264204094944,6,0.01405152224824356,0.020006398473210184,0.010426850189691868,0.0784573502146022,0.008348631562020481,0.03926252541191211,0.0807137930860462
2015,69,1,0.027,115,2.0025126485679814,0.0045404441834389075,7,0.06086956521739131,0.06668458844698436,0.009853831696790539,0.19809557856577298,0.031332685184696674,0.09447288435837664,0.13936216974690033
2015,69,1,0.1,427,1.2990511595359513,0.0005143264204094944,11,0.02576112412177986,0.03740572720050632,0.008492081083818052,0.08901718123279911,0.018575485293157445,0.03976383968659758,0.09995828215477946
2015,70,0,0.027,115,2.0025126485679814,0.0045404441834389075,4,0.034782608695652174,0.04413067082950843,0.010478518721359357,0.05912805830730372,0.013182360319104136,0.027067743845230474,0.07422682349547931
2015,70,0,0.1,427,1.2990511595359513,0.0005143264204094944,7,0.01639344262295082,0.020050366756508443,0.01042196100818969,0.08600379921163248,0.010291464704777598,0.03799304730118935,0.07892030345929672
2015,70,1,0.027,115,2.0025126485679814,0.0045404441834389075,3,0.02608695652173913,0.06193722402727244,0.009985321799937667,0.02966609922515051,0.017132427249357374,0.023933523136759227,0.08496009368980795
2015,70,1,0.1,427,1.2990511595359513,0.0005143264204094944,8,0.01873536299765808,0.03473191372699036,0.008789403571628291,0.05861743439732359,0.010291464704777598,0.029752426825858214,0.12471739143023813
2015,71,0,0.027,115,2.0025126485679814,0.0045404441834389075,2,0.017391304347826087,0.04419609582565165,0.010476706612843828,0.005397765642738417,0.00914844514884705,0.01087894622142116,0.07764699320556727
2015,71,0,0.1,427,1.2990511595359513,0.0005143264204094944,4,0.00936768149882904,0.019288900543344454,0.010506634464705584,0.0344514844105821,0.010291464704777598,0.028610762597161443,0.07671957447044332
2015,71,1,0.027,115,2.0025126485679814,0.0045404441834389075,10,0.08695652173913043,0.0934978430241302,0.009111171707298301,0.24600191507098268,0.052058813359255884,0.13125137290767652,0.2541244056178214
2015,71,1,0.1,427,1.2990511595359513,0.0005143264204094944,9,0.02107728337236534,0.044180953886705746,0.007738689991368273,0.0784573502146022,0.018575485293157445,0.031265428122328576,0.09764686311426327
2015,72,0,0.027,115,2.0025126485679814,0.0045404441834389075,1,0.008695652173913044,0.05217929014344471,0.01025559212668145,0.03294956199929944,0.00914844514884705,0.04209800714814649,0.07826193984713684
2015,72,0,0.1,427,1.2990511595359513,0.0005143264204094944,4,0.00936768149882904,0.021096157499959554,0.010305671256248644,0.04244008425435908,0.006584630675945391,0.02558418584626887,0.0850818826501721
2015,72,1,0.027,115,2.0025126485679814,0.0045404441834389075,6,0.05217391304347826,0.07623660809022695,0.009589264678733484,0.144957263956901,0.018645543578787338,0.07027965558168803,0.17120788872086767
2015,72,1,0.1,427,1.2990511595359513,0.0005143264204094944,10,0.0234192037470726,0.03846544083167098,0.008374243135769273,0.17372952222667348,0.024018015133840054,0.07231754173333305,0.12318799832870515
2015,73,0,0.027,115,2.0025126485679814,0.0045404441834389075,2,0.017391304347826087,0.04923918517983442,0.010337025669748688,0.04474597688549187,0.009262737634121443,0.0342774626555995,0.0515146250929482
2015,73,0,0.1,427,1.2990511595359513,0.0005143264204094944,6,0.01405152224824356,0.019407657221073626,0.010493428969551844,0.08239632440271771,0.008814928331888572,0.0435970508914747,0.06964449268736826
2015,73,1,0.027,115,2.0025126485679814,0.0045404441834389075,7,0.06086956521739131,0.06927734886135782,0.009782018727702645,0.1892805777778519,0.031332685184696674,0.11218903265003766,0.2001654676596845
2015,73,1,0.1,427,1.2990511595359513,0.0005143264204094944,10,0.0234192037470726,0.03601969494269597,0.008646204983319361,0.16467809548258106,0.018575485293157445,0.073830117048449,0.11965951349929788
2015,74,0,0.027,115,2.0025126485679814,0.0045404441834389075,1,0.008695652173913044,0.04278170812483695,0.0105158816093741,0.007611164145369109,0.0045404441834389075,0.012151608328808017,0.059305065266377396
2015,74,0,0.1,427,1.2990511595359513,0.0005143264204094944,8,0.01873536299765808,0.01798071731680046,0.010652101714115552,0.054865991917131485,0.010291464704777598,0.023832189692984285,0.06939068104550757
2015,74,1,0.027,115,2.0025126485679814,0.0045404441834389075,4,0.034782608695652174,0.07535742955692425,0.00961361572192467,0.24464336194718062,0.017939588324016986,0.09159878233098206,0.1579129826998334
2015,74,1,0.1,427,1.2990511595359513,0.0005143264204094944,6,0.01405152224824356,0.037306121596221695,0.008503157019502827,0.18840200385312,0.010291464704777598,0.0918841497713887,0.15903997207928056
2015,75,0,0.027,115,2.0025126485679814,0.0045404441834389075,1,0.008695652173913044,0.04404652545312764,0.010480849337516338,0.04474597688549187,0.0045404441834389075,0.049286421068930775,0.067277448725785
2015,75,0,0.1,427,1.2990511595359513,0.0005143264204094944,7,0.01639344262295082,0.020648134499787658,0.010355490480486507,0.09259743891264116,0.010291464704777598,0.045439735712261786,0.08215882990436395
2015,75,1,0.027,115,2.0025126485679814,0.0045404441834389075,5,0.043478260869565216,0.06670110665680623,0.009853374183753566,0.07589896845306221,0.017939588324016986,0.05517496567821856,0.13112404683068027
2015,75,1,0.1,427,1.2990511595359513,0.0005143264204094944,9,0.02107728337236534,0.03907453964973054,0.008306512616156921,0.1516317136811971,0.02359624476121258,0.06525542784572158,0.12803472308760838
2015,76,0,0.027,115,2.0025126485679814,0.0045404441834389075,2,0.017391304347826087,0.050303300673613056,0.010307552335985555,0.05912805830730372,0.00914844514884705,0.05769201413052194,0.06566284411777148
2015,76,0,0.1,427,1.2990511595359513,0.0005143264204094944,3,0.00702576112412178,0.019598604492374435,0.010472196030790009,0.04409790004554481,0.006584630675945391,0.0414029089314325,0.07855554441762587
2015,76,1,0.027,115,2.0025126485679814,0.0045404441834389075,7,0.06086956521739131,0.08457340305811763,0.009358356340268303,0.3017776742794025,0.029012558093518104,0.10255505318180846,0.2387361542524579
2015,76,1,0.1,427,1.2990511595359513,0.0005143264204094944,12,0.02810304449648712,0.03639585219650946,0.008604377080356246,0.09259743891264116,0.02246158293613565,0.04400414838142308,0.12534016011780033
2015,77,0,0.027,115,2.0025126485679814,0.0045404441834389075,2,0.017391304347826087,0.042646950414014013,0.010519614060420497,0.05493052112624364,0.013182360319104136,0.03632666281439345,0.05655734544337672
2015,77,0,0.1,427,1.2990511595359513,0.0005143264204094944,2,0.00468384074941452,0.019583519647955194,0.01047387343406267,0.04565064300489463,0.0051073839035797874,0.02910524438918949,0.07687102237198114
2015,77,1,0.027,115,2.0025126485679814,0.0045404441834389075,7,0.06086956521739131,0.08480733229482201,0.009351877086361508,0.3371471274068405,0.031332685184696674,0.15771161679631662,0.24422317083084044
2015,77,1,0.1,427,1.2990511595359513,0.0005143264204094944,9,0.02107728337236534,0.04074251165310397,0.008121037604323469,0.1343819015315486,0.018575485293157445,0.03691882424139803,0.12680220306614812
2015,78,0,0.027,115,2.0025126485679814,0.0045404441834389075,3,0.02608695652173913,0.0446323942974792,0.010464622238022015,0.04256708062145398,0.017132427249357374,0.03700033575035122,0.09245770783240967
2015,78,0,0.1,427,1.2990511595359513,0.0005143264204094944,5,0.0117096018735363,0.020227886600244376,0.010402221171399264,0.011072616823663006,0.008814928331888572,0.013230689059665846,0.055739703244425995
2015,78,1,0.027,115,2.0025126485679814,0.0045404441834389075,6,0.05217391304347826,0.06961700589100789,0.009772611078760022,0.13546086593597906,0.017939588324016986,0.07092602249840119,0.1485447546476637
2015,78,1,0.1,427,1.2990511595359513,0.0005143264204094944,10,0.0234192037470726,0.03504305280546724,0.008754805554308076,0.0992791036777767,0.017949396500950288,0.040480731331504316,0.09054679257602041
2015,79,0,0.027,115,2.0025126485679814,0.0045404441834389075,3,0.02608695652173913,0.04099673358652686,0.010565320933050803,0.05493052112624364,0.009262737634121443,0.0463312572490735,0.0785487240628268
2015,79,0,0.1,427,1.2990511595359513,0.0005143264204094944,5,0.0117096018735363,0.018847558045715952,0.010555710830978336,0.054865991917131485,0.008081999474539137,0.030567489862586728,0.06842512262459619
2015,79,1,0.027,115,2.0025126485679814,0.0045404441834389075,4,0.034782608695652174,0.07266910373456462,0.00968807561343993,0.07484739800291607,0.02983515609331211,0.07963738432147038,0.18400734839788666
2015,79,1,0.1,427,1.2990511595359513,0.0005143264204094944,5,0.0117096018735363,0.03755177281333202,0.008475841115933528,0.048181038938650556,0.010291464704777598,0.04057697903612856,0.09578333674928756
2015,80,0,0.027,115,2.0025126485679814,0.0045404441834389075,1,0.008695652173913044,0.0420546100074382,0.010536020405978355,0.007611164145369109,0.0045404441834389075,0.012151608328808017,0.07207343468151574
2015,80,0,0.1,427,1.2990511595359513,0.0005143264204094944,6,0.01405152224824356,0.018707462551304715,0.010571289158091253,0.06614685006831711,0.008348631562020481,0.02314992792970516,0.058568962878538855
2015,80,1,0.027,115,2.0025126485679814,0.0045404441834389075,4,0.034782608695652174,0.05953582202312874,0.010051834620379991,0.0972802355359903,0.018645543578787338,0.054811045608448516,0.10882233800092858
2015,80,1,0.1,427,1.2990511595359513,0.0005143264204094944,10,0.0234192037470726,0.03352045225703789,0.008924115563208945,0.1436443430477654,0.02246158293613565,0.04655410372662261,0.08750498761134186
2015,81,0,0.027,115,2.0025126485679814,0.0045404441834389075,1,0.008695652173913044,0.04636431116361573,0.010416652478964767,0.03294956199929944,0.0045404441834389075,0.037490006182738345,0.04659126288748163
2015,81,0,0.1,427,1.2990511595359513,0.0005143264204094944,6,0.01405152224824356,0.020420423712896832,0.010380811445591295,0.14422226306205088,0.008814928331888572,0.06566874593362737,0.09928440145906281
2015,81,1,0.027,115,2.0025126485679814,0.0045404441834389075,4,0.034782608695652174,0.07257687968318495,0.009690629988658779,0.15511702176851028,0.018645543578787338,0.07483441897198917,0.1038343495025148
2015,81,1,0.1,427,1.2990511595359513,0.0005143264204094944,12,0.02810304449648712,0.037611435512441026,0.008469206748089897,0.15700128561231308,0.022496644439478297,0.05527762375031431,0.14238710028514726
2015,82,0,0.027,115,2.0025126485679814,0.0045404441834389075,2,0.017391304347826087,0.04674664132737282,0.010406062891095772,0.03294956199929944,0.017132427249357374,0.03433105760524979,0.07526031295314534
2015,82,0,0.1,427,1.2990511595359513,0.0005143264204094944,3,0.00702576112412178,0.019600815498733406,0.010471950171489157,0.03562469712294236,0.008081999474539137,0.019247099214160457,0.0809010244722507
2015,82,1,0.027,115,2.0025126485679814,0.0045404441834389075,6,0.05217391304347826,0.06674089034801907,0.009852272275157833,0.08091531350924264,0.029012558093518104,0.05286789830179095,0.09846221843808466
2015,82,1,0.1,427,1.2990511595359513,0.0005143264204094944,14,0.03278688524590164,0.03748606638555561,0.008483147533813873,0.21490376622195462,0.024634170769523456,0.06817001737694772,0.12927666899152032
2015,83,0,0.027,115,2.0025126485679814,0.0045404441834389075,3,0.02608695652173913,0.04376227355069746,0.01048872240321467,0.04474597688549187,0.013182360319104136,0.03791497738721317,0.06688018598888242
2015,83,0,0.1,427,1.2990511595359513,0.0005143264204094944,7,0.01639344262295082,0.019248518963838095,0.010511124812218399,0.0784573502146022,0.010291464704777598,0.03842947501542593,0.09391583417765398
2015,83,1,0.027,115,2.0025126485679814,0.0045404441834389075,3,0.02608695652173913,0.07001503582277599,0.00976158664664217,0.07484739800291607,0.018645543578787338,0.05970222688789506,0.13262489141808637
2015,83,1,0.1,427,1.2990511595359513,0.0005143264204094944,7,0.01639344262295082,0.037643149832536436,0.008465680181766789,0.2216602409368975,0.015730703303783455,0.06468685186200629,0.10113220570718157
2015,84,0,0.027,115,2.0025126485679814,0.0045404441834389075,1,0.008695652173913044,0.0446900556264136,0.010463025163641606,0.03294956199929944,0.00914844514884705,0.04209800714814649,0.09684503928199796
2015,84,0,0.1,427,1.2990511595359513,0.0005143264204094944,2,0.00468384074941452,0.01663034415998085,0.010802260395876484,0.06648184792777934,0.0051073839035797874,0.04159308436271947,0.06008961559551235
2015,84,1,0.027,115,2.0025126485679814,0.0045404441834389075,9,0.0782608695652174,0.09447975462950786,0.009083975215338177,0.15012065585147694,0.052058813359255884,0.09796404904935407,0.19380963190724032
2015,84,1,0.1,427,1.2990511595359513,0.0005143264204094944,12,0.02810304449648712,0.04512377437204532,0.007633850317607856,0.0784573502146022,0.02246158293613565,0.04230510133711185,0.1243276616620557
2015,85,0,0.027,115,2.0025126485679814,0.0045404441834389075,1,0.008695652173913044,0.03956496272504664,0.010604977399589875,0.04256708062145398,0.0045404441834389075,0.047107524804892886,0.07603346173595497
2015,85,0,0.1,427,1.2990511595359513,0.0005143264204094944,6,0.01405152224824356,0.019808712966351776,0.010448832406209719,0.04598472950959609,0.015730703303783455,0.027053945003728597,0.0644708073475664
2015,85,1,0.027,115,2.0025126485679814,0.0045404441834389075,4,0.034782608695652174,0.06337736440654154,0.009945433518719952,0.05970006619542234,0.018645543578787338,0.05809514009961214,0.14307575406555642
2015,85,1,0.1,427,1.2990511595359513,0.0005143264204094944,12,0.02810304449648712,0.03579416395435645,0.00867128355936649,0.12777765013197007,0.02246158293613565,0.056649110478693254,0.11431982959037737
2015,86,0,0.027,115,2.0025126485679814,0.0045404441834389075,4,0.034782608695652174,0.042842007111474824,0.010514211478482156,0.0648476352730909,0.017939588324016986,0.045037731668539305,0.06706480462600715
2015,86,0,0.1,427,1.2990511595359513,0.0005143264204094944,5,0.0117096018735363,0.020215892681656602,0.010403554870158893,0.06648184792777934,0.008081999474539137,0.03519535242368366,0.06903410201825289
2015,86,1,0.027,115,2.0025126485679814,0.0045404441834389075,6,0.05217391304347826,0.06833653876225143,0.009808076810890801,0.24464336194718062,0.018645543578787338,0.07201977918770797,0.11476386226508084
2015,86,1,0.1,427,1.2990511595359513,0.0005143264204094944,12,0.02810304449648712,0.03528520522984739,0.00872787870920122,0.12777765013197007,0.023745023101447327,0.07198150150538041,0.1271953521837717
2015,87,0,0.027,115,2.0025126485679814,0.0045404441834389075,1,0.008695652173913044,0.047592038169417795,0.010382647516135471,0.07678302752944033,0.0045404441834389075,0.08132347171287924,0.08312449757001503
2015,87,0,0.1,427,1.2990511595359513,0.0005143264204094944,4,0.00936768149882904,0.019721493909286552,0.010458530983649001,0.08239632440271771,0.008348631562020481,0.044924842176142565,0.08396403916822474
2015,87,1,0.027,115,2.0025126485679814,0.0045404441834389075,5,0.043478260869565216,0.07003154431050286,0.009761129402882873,0.22583690457481653,0.017132427249357374,0.10628921824063964,0.1441282429968681
2015,87,1,0.1,427,1.2990511595359513,0.0005143264204094944,11,0.02576112412177986,0.03426718672585971,0.008841080245972768,0.1891082039162426,0.028250217216676976,0.06339355060766816,0.12894547674400694
2015,88,0,0.027,115,2.0025126485679814,0.0045404441834389075,2,0.017391304347826087,0.04587372812258255,0.010430240400380666,0.03494137258013863,0.009262737634121443,0.02570789593275835,0.052494929558955884
2015,88,0,0.1,427,1.2990511595359513,0.0005143264204094944,4,0.00936768149882904,0.018946950998830387,0.010544658541660664,0.054865991917131485,0.006584630675945391,0.031138488205748605,0.0671786256863794
2015,88,1,0.027,115,2.0025126485679814,0.0045404441834389075,7,0.06086956521739131,0.11513731487573164,0.008511812539924947,0.24464336194718062,0.03844488144864289,0.11124710446313979,0.28986209899000626
2015,88,1,0.1,427,1.2990511595359513,0.0005143264204094944,10,0.0234192037470726,0.050657256202141815,0.007018538666188273,0.2164523685334132,0.018575485293157445,0.09542092818437298,0.20140078739668701
2015,89,0,0.027,115,2.0025126485679814,0.0045404441834389075,3,0.02608695652173913,0.050974461998999084,0.010288962848408629,0.07454475282581452,0.009262737634121443,0.05286933448226394,0.06387460645290949
2015,89,0,0.1,427,1.2990511595359513,0.0005143264204094944,3,0.00702576112412178,0.0223234957624093,0.010169193798418944,0.06614685006831711,0.0051073839035797874,0.053677443611903186,0.08384051434618882
2015,89,1,0.027,115,2.0025126485679814,0.0045404441834389075,6,0.05217391304347826,0.07275659297097797,0.009685652380735802,0.1726722609294522,0.018645543578787338,0.09945734728636313,0.16408282854274064
2015,89,1,0.1,427,1.2990511595359513,0.0005143264204094944,12,0.02810304449648712,0.03554363973252818,0.008699141330908329,0.16414218350286114,0.022496644439478297,0.07176236260548663,0.14129110501257253
2015,90,0,0.027,115,2.0025126485679814,0.0045404441834389075,2,0.017391304347826087,0.047421560797934095,0.010387369312310959,0.07454475282581452,0.013182360319104136,0.06741731897490588,0.08227347466350289
2015,90,0,0.1,427,1.2990511595359513,0.0005143264204094944,1,0.00234192037470726,0.018865299469829736,0.010553738021578184,0.010834397856017475,0.0005143264204094944,0.011348724276426969,0.0968231268177366
2015,90,1,0.027,115,2.0025126485679814,0.0045404441834389075,4,0.034782608695652174,0.05754649270425157,0.01010693405960708,0.05912805830730372,0.018645543578787338,0.033097689176693645,0.0800246559524507
2015,90,1,0.1,427,1.2990511595359513,0.0005143264204094944,10,0.0234192037470726,0.03344724073625124,0.008932256531796417,0.12514857360322207,0.02545565474732059,0.04497006801506598,0.07782021984934621
2015,91,0,0.027,115,2.0025126485679814,0.0045404441834389075,3,0.02608695652173913,0.04577766539814348,0.010432901097228088,0.0648476352730909,0.009262737634121443,0.05189673227297886,0.09551067621895235
2015,91,0,0.1,427,1.2990511595359513,0.0005143264204094944,6,0.01405152224824356,0.019654060928482615,0.010466029390629022,0.08581212981835762,0.008348631562020481,0.030349652258481186,0.059989333281193664
2015,91,1,0.027,115,2.0025126485679814,0.0045404441834389075,5,0.043478260869565216,0.06203911919054485,0.009982499559143753,0.0648476352730909,0.02983515609331211,0.0576437480943115,0.12115668928649347
2015,91,1,0.1,427,1.2990511595359513,0.0005143264204094944,14,0.03278688524590164,0.03485068082369657,0.008776196917906013,0.10234040953966028,0.024634170769523456,0.05953520299914561,0.10955764040384562
2015,92,0,0.027,115,2.0025126485679814,0.0045404441834389075,2,0.017391304347826087,0.04256058445652721,0.01052200618111197,0.03294956199929944,0.009262737634121443,0.027015991125042937,0.05050756698366255
2015,92,0,0.1,427,1.2990511595359513,0.0005143264204094944,9,0.02107728337236534,0.019717635397368188,0.010458960042135756,0.05951593555042756,0.010291464704777598,0.03408660531664798,0.05815409744052554
2015,92,1,0.027,115,2.0025126485679814,0.0045404441834389075,4,0.034782608695652174,0.06559244707365595,0.009884081277217505,0.04474597688549187,0.017132427249357374,0.02706736110672736,0.08497748879971989
2015,92,1,0.1,427,1.2990511595359513,0.0005143264204094944,10,0.0234192037470726,0.035123356555106136,0.008745875944647707,0.10540580477619277,0.018575485293157445,0.06341954722650778,0.10514716634073405
2015,93,0,0.027,115,2.0025126485679814,0.0045404441834389075,5,0.043478260869565216,0.04993951945891754,0.010317628164427266,0.07454475282581452,0.029012558093518104,0.04882024998277612,0.09486118060318781
2015,93,0,0.1,427,1.2990511595359513,0.0005143264204094944,3,0.00702576112412178,0.019660006112522565,0.01046536829854958,0.0344514844105821,0.0051073839035797874,0.018521078577130368,0.04929412465412889
2015,93,1,0.027,115,2.0025126485679814,0.0045404441834389075,5,0.043478260869565216,0.05566500653681911,0.010159046513666505,0.07454475282581452,0.031332685184696674,0.05875360781893657,0.10061954792227663
2015,93,1,0.1,427,1.2990511595359513,0.0005143264204094944,4,0.00936768149882904,0.030285319250663124,0.009283855613657386,0.04598472950959609,0.008348631562020481,0.031461444649180326,0.061329045229534376
2015,94,0,0.027,115,2.0025126485679814,0.0045404441834389075,2,0.017391304347826087,0.04430088073102663,0.01047380433343195,0.08091531350924264,0.009262737634121443,0.07260663912833554,0.09123166083483975
2015,94,0,0.1,427,1.2990511595359513,0.0005143264204094944,3,0.00702576112412178,0.018628738738548194,0.010580043082061834,0.04598472950959609,0.0051073839035797874,0.02268720665100732,0.050103655021795174
2015,94,1,0.027,115,2.0025126485679814,0.0045404441834389075,3,0.02608695652173913,0.06300227934702336,0.009955822435349189,0.08091531350924264,0.029012558093518104,0.08233386254972741,0.13422047239515297
2015,94,1,0.1,427,1.2990511595359513,0.0005143264204094944,12,0.02810304449648712,0.039147470144028786,0.008298402897129487,0.05861743439732359,0.02545565474732059,0.042340762669874854,0.09055016056076974
2015,95,0,0.027,115,2.0025126485679814,0.0045404441834389075,2,0.017391304347826087,0.04840505116162276,0.010360129092700121,0.02966609922515051,0.00914844514884705,0.023013113012626984,0.04856889181420854
2015,95,0,0.1,427,1.2990511595359513,0.0005143264204094944,4,0.00936768149882904,0.020612937312392204,0.010359404334397408,0.06454063516599606,0.008081999474539137,0.033216631737001734,0.08008102479888864
2015,95,1,0.027,115,2.0025126485679814,0.0045404441834389075,6,0.05217391304347826,0.06462447467677618,0.009910891688017403,0.0972802355359903,0.02983515609331211,0.07585145491585354,0.13286509207656225
2015,95,1,0.1,427,1.2990511595359513,0.0005143264204094944,13,0.03044496487119438,0.03761028705834105,0.008469334453793201,0.13990284803743158,0.023745023101447327,0.053413031583735116,0.11061942815756431
2015,96,0,0.027,115,2.0025126485679814,0.0045404441834389075,3,0.02608695652173913,0.04506164916607769,0.01045273295336671,0.007611164145369109,0.009262737634121443,0.012877264740777772,0.03907130381397485
2015,96,0,0.1,427,1.2990511595359513,0.0005143264204094944,6,0.01405152224824356,0.018346120065782647,0.01061146968968446,0.05173862530096107,0.009123703457698973,0.029417122580462918,0.06310320073429741
2015,96,1,0.027,115,2.0025126485679814,0.0045404441834389075,9,0.0782608695652174,0.0855337313553702,0.009331757651881012,0.15012065585147694,0.031332685184696674,0.08279346759819872,0.2044873722976404
2015,96,1,0.1,427,1.2990511595359513,0.0005143264204094944,14,0.03278688524590164,0.04378234748159884,0.00778301419318615,0.19568443145210446,0.02359624476121258,0.07418006376617958,0.14215119972143808
2015,97,0,0.027,115,2.0025126485679814,0.0045404441834389075,1,0.008695652173913044,0.03938288371936015,0.010610020531972807,0.002671237467817722,0.0045404441834389075,0.0072116816512566295,0.058728053559147675
2015,97,0,0.1,427,1.2990511595359513,0.0005143264204094944,9,0.02107728337236534,0.019706288928201778,0.010460221745868584,0.054865991917131485,0.015730703303783455,0.03034509114420869,0.0741277952665463
2015,97,1,0.027,115,2.0025126485679814,0.0045404441834389075,3,0.02608695652173913,0.05950956875644076,0.01005256177010762,0.03494137258013863,0.009262737634121443,0.02363397644488474,0.0801405450891049
2015,97,1,0.1,427,1.2990511595359513,0.0005143264204094944,9,0.02107728337236534,0.030170129277837826,0.00929666449865645,0.1343819015315486,0.015730703303783455,0.05405302047514482,0.08470674888141236
2015,98,0,0.027,115,2.0025126485679814,0.0045404441834389075,3,0.02608695652173913,0.04465850687921729,0.010463898984915107,0.07589896845306221,0.013182360319104136,0.048613279732391046,0.08037113512726196
2015,98,0,0.1,427,1.2990511595359513,0.0005143264204094944,8,0.01873536299765808,0.018871883413559595,0.010553005900751972,0.07252944086438262,0.009123703457698973,0.03368351282776261,0.07141854175438146
2015,98,1,0.027,115,2.0025126485679814,0.0045404441834389075,4,0.034782608695652174,0.06390857160215761,0.009930720409978179,0.07589896845306221,0.018645543578787338,0.0463088208392719,0.14177760808507492
2015,98,1,0.1,427,1.2990511595359513,0.0005143264204094944,14,0.03278688524590164,0.035130832312888584,0.008745044655956795,0.12514857360322207,0.02545565474732059,0.04494897206620774,0.09966690637202172
2015,99,0,0.027,115,2.0025126485679814,0.0045404441834389075,2,0.017391304347826087,0.04384794136814251,0.010486349619253644,0.05912805830730372,0.00914844514884705,0.051241523432369984,0.09041961148928696
2015,99,0,0.1,427,1.2990511595359513,0.0005143264204094944,8,0.01873536299765808,0.018619977860708025,0.01058101727342583,0.07252944086438262,0.015730703303783455,0.0443977524950927,0.07966598310787139
2015,99,1,0.027,115,2.0025126485679814,0.0045404441834389075,4,0.034782608695652174,0.06238805156033054,0.009972835006512406,0.07678302752944033,0.017939588324016986,0.06461929960946633,0.09708905779223992
2015,99,1,0.1,427,1.2990511595359513,0.0005143264204094944,9,0.02107728337236534,0.0343102379318732,0.00883629304155408,0.08600379921163248,0.018575485293157445,0.0490106989823913,0.09004871593421646
2015,100,0,0.027,115,2.0025126485679814,0.0045404441834389075,3,0.02608695652173913,0.04584579879972859,0.010431013972665881,0.044357304912129525,0.009262737634121443,0.02572216746365763,0.07435620320920867
2015,100,0,0.1,427,1.2990511595359513,0.0005143264204094944,6,0.01405152224824356,0.020449519704269708,0.01037757603196728,0.06648184792777934,0.009123703457698973,0.04423528178363911,0.07358409290331047
2015,100,1,0.027,115,2.0025126485679814,0.0045404441834389075,4,0.034782608695652174,0.053357157109094965,0.010222968162074086,0.044357304912129525,0.018645543578787338,0.05207902386092744,0.10706713890964889
2015,100,1,0.1,427,1.2990511595359513,0.0005143264204094944,7,0.01639344262295082,0.0335857326434442,0.008916856520241366,0.06454063516599606,0.017949396500950288,0.04003882183112428,0.07657846960759188
2016,1,0,0.027,114,1.9844513024392,0.0017321183402740914,2,0.017543859649122806,0.042734578806931746,0.010780253198283553,0.026408572108073125,0.004079084093947305,0.023983161056551516,0.04822042833040185
2016,1,0,0.1,423,1.2904531505722905,0.0013455733388167967,5,0.01182033096926714,0.019336047407710007,0.010786469983588856,0.06236227265191663,0.00814016979374399,0.04023227908681193,0.06656622236979001
2016,1,1,0.027,114,1.9844513024392,0.0017321183402740914,5,0.043859649122807015,0.07310579206389173,0.009939884676124949,0.03222237898461233,0.039368379003045684,0.04181772973785147,0.11845659136162462
2016,1,1,0.1,423,1.2904531505722905,0.0013455733388167967,14,0.03309692671394799,0.042480340532843906,0.008217580980195614,0.1576001991223428,0.02373544258545257,0.06908613154496357,0.11541754976111575
2016,2,0,0.027,114,1.9844513024392,0.0017321183402740914,4,0.03508771929824561,0.04731469181903095,0.010653521915909932,0.026408572108073125,0.012890918003396035,0.021729215548735636,0.08275166533659459
2016,2,0,0.1,423,1.2904531505722905,0.0013455733388167967,6,0.014184397163120567,0.021548193795639464,0.010540933924262126,0.12167784637047108,0.01228042856814815,0.04578982978004742,0.0738856881324122
2016,2,1,0.027,114,1.9844513024392,0.0017321183402740914,6,0.05263157894736842,0.07170695454752482,0.009978590374393356,0.11145580933270138,0.039368379003045684,0.06396950897604037,0.11890874743664191
2016,2,1,0.1,423,1.2904531505722905,0.0013455733388167967,12,0.028368794326241134,0.03988762854327138,0.008505357724249452,0.1244610271355806,0.022740029682432272,0.0755696541763089,0.1753561423108524
2016,3,0,0.027,114,1.9844513024392,0.0017321183402740914,1,0.008771929824561403,0.0428838746355178,0.010776122197201319,0.026408572108073125,0.004079084093947305,0.03048765620202043,0.061283579799587574
2016,3,0,0.1,423,1.2904531505722905,0.0013455733388167967,4,0.009456264775413711,0.019872486993066183,0.010726928145592092,0.056830044819981884,0.012899257281760113,0.040536160253643816,0.06978311300870255
2016,3,1,0.027,114,1.9844513024392,0.0017321183402740914,6,0.05263157894736842,0.06898261454330254,0.010053972597811156,0.12617006083015414,0.03639716264255921,0.07748833198325977,0.13527367279283456
2016,3,1,0.1,423,1.2904531505722905,0.0013455733388167967,10,0.02364066193853428,0.04025408113630332,0.008464683505710353,0.07422754438987322,0.0156846413382139,0.041065825075796925,0.0814486106274595
2016,4,0,0.027,114,1.9844513024392,0.0017321183402740914,1,0.008771929824561403,0.048421343510453616,0.010622900971050182,0.09030720776029466,0.0017321183402740914,0.09203932610056875,0.1369972763890508
2016,4,0,0.1,423,1.2904531505722905,0.0013455733388167967,2,0.004728132387706856,0.022098653650812802,0.010479835913572459,0.036088533154668534,0.0018469764566499958,0.029052131156413585,0.09197818873414497
2016,4,1,0.027,114,1.9844513024392,0.0017321183402740914,5,0.043859649122807015,0.07905239790944071,0.009775342669718986,0.3242691314700792,0.03639716264255921,0.13350708938556188,0.1870590404886278
2016,4,1,0.1,423,1.2904531505722905,0.0013455733388167967,13,0.030732860520094562,0.042849447707028795,0.008176612117776249,0.329746422850828,0.02472754800127186,0.09298968268878927,0.14577316512158184
2016,5,0,0.027,114,1.9844513024392,0.0017321183402740914,2,0.017543859649122806,0.046096125603922414,0.010687239524774588,0.026408572108073125,0.0118932287506468,0.027890233384901375,0.06996464153937691
2016,5,0,0.1,423,1.2904531505722905,0.0013455733388167967,5,0.01182033096926714,0.02020322410316901,0.010690218148852786,0.04655185892100033,0.01228042856814815,0.02491488929692176,0.06680515419246541
2016,5,1,0.027,114,1.9844513024392,0.0017321183402740914,6,0.05263157894736842,0.06684189659874863,0.01011320605550027,0.11145580933270138,0.039368379003045684,0.0903603033666045,0.15486565030731797
2016,5,1,0.1,423,1.2904531505722905,0.0013455733388167967,11,0.026004728132387706,0.037879026531959605,0.008728301479375372,0.14039322598830517,0.019505810916831345,0.06460344788598404,0.11533337332473774
2016,6,0,0.027,114,1.9844513024392,0.0017321183402740914,3,0.02631578947368421,0.05070139744056161,0.010559812100168552,0.05974335828184052,0.012890918003396035,0.035097837608786486,0.10286373481593031
2016,6,0,0.1,423,1.2904531505722905,0.0013455733388167967,4,0.009456264775413711,0.02246970750112858,0.010438650980829458,0.044855142518628544,0.00865770214054451,0.030342219380032454,0.05102557109983411
2016,6,1,0.027,114,1.9844513024392,0.0017321183402740914,5,0.043859649122807015,0.06741935567594592,0.010097227818898208,0.1584144645992429,0.02623542064795914,0.06452410006795017,0.11884845677578186
2016,6,1,0.1,423,1.2904531505722905,0.0013455733388167967,7,0.016548463356973995,0.03720265416722429,0.008803375084802568,0.054072666000591685,0.012899257281760113,0.03184456961312998,0.11782308184685186
2016,7,0,0.027,114,1.9844513024392,0.0017321183402740914,1,0.008771929824561403,0.04100984757792394,0.010827976343940567,0.0006256024816801986,0.0017321183402740914,0.00235772082195429,0.06816621849025487
2016,7,0,0.1,423,1.2904531505722905,0.0013455733388167967,3,0.0070921985815602835,0.018560319954897923,0.0108725714563098,0.030494865293609674,0.006744576948439329,0.02253256293043071,0.06708361478796274
2016,7,1,0.027,114,1.9844513024392,0.0017321183402740914,3,0.02631578947368421,0.06337755447367457,0.010209064065757173,0.18637266658790197,0.02623542064795914,0.0989044707283031,0.18899491492937892
2016,7,1,0.1,423,1.2904531505722905,0.0013455733388167967,10,0.02364066193853428,0.034297433185136464,0.009125838604987073,0.07422754438987322,0.0156846413382139,0.04236352381373587,0.11450968595190346
2016,8,0,0.027,114,1.9844513024392,0.0017321183402740914,1,0.008771929824561403,0.043817784376945446,0.010750281005326863,0.0032873418793926135,0.0017321183402740914,0.005019460219666705,0.07426137356509883
2016,8,0,0.1,423,1.2904531505722905,0.0013455733388167967,4,0.009456264775413711,0.019710785272774558,0.010744876145509005,0.05638034355330057,0.00865770214054451,0.02554192903196495,0.04573696200070718
2016,8,1,0.027,114,1.9844513024392,0.0017321183402740914,4,0.03508771929824561,0.06778876072826658,0.010087006416965066,0.16358331891291322,0.02623542064795914,0.07584128950074609,0.16346417231177449
2016,8,1,0.1,423,1.2904531505722905,0.0013455733388167967,11,0.026004728132387706,0.0366925299260549,0.00885999606460174,0.1162895296758244,0.0156846413382139,0.05455746219415469,0.12652528650442152
2016,9,0,0.027,114,1.9844513024392,0.0017321183402740914,2,0.017543859649122806,0.0485376857025001,0.010619681793891613,0.06748642375169411,0.004079084093947305,0.04985309914699432,0.07453314905269728
2016,9,0,0.1,423,1.2904531505722905,0.0013455733388167967,7,0.016548463356973995,0.020428869777100265,0.01066517272243638,0.11074194937171877,0.013023551937912936,0.04078067724688528,0.07577988299192015
2016,9,1,0.027,114,1.9844513024392,0.0017321183402740914,7,0.06140350877192982,0.07788186111913219,0.009807731309062472,0.09217665211520054,0.038653870558329695,0.07021237122339952,0.16830727246995697
2016,9,1,0.1,423,1.2904531505722905,0.0013455733388167967,7,0.016548463356973995,0.03715067525457946,0.008809144457683377,0.255317333713303,0.012833215162005862,0.11617087856762764,0.16537037768171509
2016,10,0,0.027,114,1.9844513024392,0.0017321183402740914,2,0.017543859649122806,0.044617308738625884,0.010728158243862893,0.05974335828184052,0.004079084093947305,0.034420951297727154,0.04632136887408499
2016,10,0,0.1,423,1.2904531505722905,0.0013455733388167967,8,0.018912529550827423,0.020005328974474337,0.010712183417663557,0.056830044819981884,0.012899257281760113,0.029464275178621158,0.06347190933015859
2016,10,1,0.027,114,1.9844513024392,0.0017321183402740914,5,0.043859649122807015,0.09512631668304188,0.00933057889782808,0.4233895439682278,0.021583285617976067,0.14147368113875713,0.25445161018620716
2016,10,1,0.1,423,1.2904531505722905,0.0013455733388167967,10,0.02364066193853428,0.04449961674873007,0.007993452447180699,0.4640896938424275,0.015655023048655847,0.11701076782011066,0.2588208629894698
2016,11,0,0.027,114,1.9844513024392,0.0017321183402740914,0,0.0,0.04845587552452956,0.010621945473573322,,,,
2016,11,0,0.1,423,1.2904531505722905,0.0013455733388167967,5,0.01182033096926714,0.02079889804395072,0.01062410162380669,0.12167784637047108,0.01228042856814815,0.05898847741696156,0.08164110137984447
2016,11,1,0.027,114,1.9844513024392,0.0017321183402740914,2,0.017543859649122806,0.06870032200986743,0.010061783604804265,0.0032873418793926135,0.004079084093947305,0.004549272156807005,0.035135017522683325
2016,11,1,0.1,423,1.2904531505722905,0.0013455733388167967,11,0.026004728132387706,0.040609698371527315,0.00842521195218116,0.21514452830184894,0.0156846413382139,0.07333322137780707,0.11740619054039086
2016,12,0,0.027,114,1.9844513024392,0.0017321183402740914,0,0.0,0.043090079337105694,0.010770416533128255,,,,
2016,12,0,0.1,423,1.2904531505722905,0.0013455733388167967,6,0.014184397163120567,0.0191799070915755,0.010803800698289694,0.1244610271355806,0.00865770214054451,0.048019590814287305,0.07156666027650423
2016,12,1,0.027,114,1.9844513024392,0.0017321183402740914,4,0.03508771929824561,0.059599399891461256,0.01031360523623589,0.026408572108073125,0.039368379003045684,0.0365209642325115,0.127441126934283
2016,12,1,0.1,423,1.2904531505722905,0.0013455733388167967,8,0.018912529550827423,0.035502918208087764,0.008992036410101637,0.0873116143143362,0.013023551937912936,0.03961385519229643,0.07982930185720297
2016,13,0,0.027,114,1.9844513024392,0.0017321183402740914,2,0.017543859649122806,0.044891982269555944,0.010720558053929389,0.11145580933270138,0.004079084093947305,0.06650677966886542,0.08198974412488726
2016,13,0,0.1,423,1.2904531505722905,0.0013455733388167967,7,0.016548463356973995,0.020074136948007984,0.010704546111758353,0.10563187269193608,0.012899257281760113,0.05100654879350319,0.0783377715411939
2016,13,1,0.027,114,1.9844513024392,0.0017321183402740914,6,0.05263157894736842,0.07210102992859342,0.009967686346858936,0.11145580933270138,0.038653870558329695,0.1015041330170281,0.1694277265854739
2016,13,1,0.1,423,1.2904531505722905,0.0013455733388167967,9,0.02127659574468085,0.03807942657500673,0.008706058178874473,0.11074194937171877,0.013023551937912936,0.06346893742780946,0.1406123748107717
2016,14,0,0.027,114,1.9844513024392,0.0017321183402740914,1,0.008771929824561403,0.047146902540559046,0.01065816462895503,0.0006256024816801986,0.0017321183402740914,0.00235772082195429,0.03857373583506519
2016,14,0,0.1,423,1.2904531505722905,0.0013455733388167967,5,0.01182033096926714,0.019425025034264628,0.010776593957340467,0.10276577004797383,0.01228042856814815,0.046493506867369305,0.08081060421253407
2016,14,1,0.027,114,1.9844513024392,0.0017321183402740914,4,0.03508771929824561,0.07885438265365251,0.009780821732621865,0.3212232404713944,0.02623542064795914,0.19530088028306292,0.26860503474858805
2016,14,1,0.1,423,1.2904531505722905,0.0013455733388167967,9,0.02127659574468085,0.037227191455972794,0.008800651580960895,0.255317333713303,0.012899257281760113,0.07949554344356269,0.13452647424494224
2016,15,0,0.027,114,1.9844513024392,0.0017321183402740914,2,0.017543859649122806,0.04982620177484635,0.01058402867926844,0.01574654757080851,0.004079084093947305,0.012422545942211372,0.12450932091997592
2016,15,0,0.1,423,1.2904531505722905,0.0013455733388167967,8,0.018912529550827423,0.020942498127982257,0.010608162805768031,0.10251849297753757,0.013023551937912936,0.05534292681503028,0.09866453742066995
2016,15,1,0.027,114,1.9844513024392,0.0017321183402740914,7,0.06140350877192982,0.10208040818817646,0.009138159861035519,0.3432770188763865,0.03639716264255921,0.13892991620263984,0.2953730129002552
2016,15,1,0.1,423,1.2904531505722905,0.0013455733388167967,11,0.026004728132387706,0.04583235808138802,0.007845525503146503,0.31960219563338055,0.0156846413382139,0.0697990240339732,0.13607252991075156
2016,16,0,0.027,114,1.9844513024392,0.0017321183402740914,2,0.017543859649122806,0.04593802428471606,0.010691614172927386,0.046661840161940527,0.004079084093947305,0.033006916721139756,0.05160099379408023
2016,16,0,0.1,423,1.2904531505722905,0.0013455733388167967,3,0.0070921985815602835,0.020010776535452364,0.010711578768413043,0.08465308759643198,0.005492866785575368,0.056596831114954504,0.1023830777156543
2016,16,1,0.027,114,1.9844513024392,0.0017321183402740914,5,0.043859649122807015,0.08042058097794647,0.009737485177046739,0.16671732774021453,0.021583285617976067,0.09781755946079396,0.1978844894789528
2016,16,1,0.1,423,1.2904531505722905,0.0013455733388167967,10,0.02364066193853428,0.04072668273945547,0.008412227331967672,0.20239322848314112,0.019505810916831345,0.07628929539766838,0.15494232509987438
2016,17,0,0.027,114,1.9844513024392,0.0017321183402740914,2,0.017543859649122806,0.05064548832989058,0.010561359099832749,0.013540790846117146,0.0118932287506468,0.015069353086195614,0.06230849466495264
2016,17,0,0.1,423,1.2904531505722905,0.0013455733388167967,4,0.009456264775413711,0.02099343099145938,0.010602509538580725,0.028987789722768387,0.006744576948439329,0.019628444823996727,0.05482294101040741
2016,17,1,0.027,114,1.9844513024392,0.0017321183402740914,5,0.043859649122807015,0.07469615602969255,0.00989587945959551,0.215832856179764,0.02623542064795914,0.10828019915816478,0.14952871678061003
2016,17,1,0.1,423,1.2904531505722905,0.0013455733388167967,7,0.016548463356973995,0.03593930035218832,0.008943600396731251,0.25683639176812,0.01475545929554678,0.11025813817255181,0.16503874340064761
2016,18,0,0.027,114,1.9844513024392,0.0017321183402740914,0,0.0,0.04031451385193205,0.010847216160630632,,,,
2016,18,0,0.1,423,1.2904531505722905,0.0013455733388167967,1,0.002364066193853428,0.017855766123831242,0.010950773049209614,0.02822530786867783,0.0013455733388167967,0.029570881207494626,0.08417378794139745
2016,18,1,0.027,114,1.9844513024392,0.0017321183402740914,4,0.03508771929824561,0.06967067609776238,0.010034934001401348,0.11239820324552752,0.021583285617976067,0.061725940355622066,0.08565252485299132
2016,18,1,0.1,423,1.2904531505722905,0.0013455733388167967,9,0.02127659574468085,0.03733721673734266,0.00878843938100827,0.056830044819981884,0.01359015121636653,0.044915524044029986,0.11745224788474855
2016,19,0,0.027,114,1.9844513024392,0.0017321183402740914,1,0.008771929824561403,0.046939011543151964,0.010663916952669692,0.051388775280895915,0.004079084093947305,0.05546785937484322,0.07012887035918755
2016,19,0,0.1,423,1.2904531505722905,0.0013455733388167967,0,0.0,0.019444396354523694,0.010774443847534752,,,,
2016,19,1,0.027,114,1.9844513024392,0.0017321183402740914,5,0.043859649122807015,0.09524545413466141,0.00932728237610851,0.10525146337992886,0.039368379003045684,0.08420367573240162,0.2208037502014587
2016,19,1,0.1,423,1.2904531505722905,0.0013455733388167967,11,0.026004728132387706,0.04850260204814728,0.007549143136854413,0.20631979893206442,0.0156846413382139,0.0768603263128711,0.1571576114872239
2016,20,0,0.027,114,1.9844513024392,0.0017321183402740914,2,0.017543859649122806,0.045231036787647776,0.010711176448331701,0.05974335828184052,0.0118932287506468,0.044628230986275774,0.08582786359896429
2016,20,0,0.1,423,1.2904531505722905,0.0013455733388167967,5,0.01182033096926714,0.019423025539347438,0.010776815890258327,0.038968320799055434,0.00865770214054451,0.02971737815895592,0.0550324426990271
2016,20,1,0.027,114,1.9844513024392,0.0017321183402740914,7,0.06140350877192982,0.09946952231071428,0.009210402819780835,0.3204335911167393,0.038653870558329695,0.13418241828703992,0.30662925029761084
2016,20,1,0.1,423,1.2904531505722905,0.0013455733388167967,10,0.02364066193853428,0.040748241086789344,0.008409834474207968,0.1823012521610623,0.019505810916831345,0.06747186370697711,0.13300877002703765
2016,21,0,0.027,114,1.9844513024392,0.0017321183402740914,4,0.03508771929824561,0.051026381965093105,0.010550819809926662,0.06024878942038803,0.012890918003396035,0.05387926575437674,0.0791228677809364
2016,21,0,0.1,423,1.2904531505722905,0.0013455733388167967,8,0.018912529550827423,0.023036697190790257,0.010375718249597002,0.04809834522524503,0.013023551937912936,0.03079904998727434,0.08155810952755418
2016,21,1,0.027,114,1.9844513024392,0.0017321183402740914,4,0.03508771929824561,0.07617753803044965,0.009854889763458058,0.03222237898461233,0.03639716264255921,0.033630444394070924,0.0897791858372547
2016,21,1,0.1,423,1.2904531505722905,0.0013455733388167967,11,0.026004728132387706,0.039276580311297556,0.00857318071089992,0.08465308759643198,0.0156846413382139,0.05564378063523012,0.11748565506747131
2016,22,0,0.027,114,1.9844513024392,0.0017321183402740914,1,0.008771929824561403,0.046039954334296286,0.010688793778351621,0.0006256024816801986,0.004079084093947305,0.004704686575627504,0.00983609502035893
2016,22,0,0.1,423,1.2904531505722905,0.0013455733388167967,4,0.009456264775413711,0.022317293986532722,0.010455568041095544,0.09874220287471935,0.006744576948439329,0.045303126008383376,0.11986329723542703
2016,22,1,0.027,114,1.9844513024392,0.0017321183402740914,2,0.017543859649122806,0.06609632669982032,0.01013383590221819,0.16358331891291322,0.004079084093947305,0.15969330942035542,0.20311514896476593
2016,22,1,0.1,423,1.2904531505722905,0.0013455733388167967,11,0.026004728132387706,0.0378919810410685,0.008726863600248354,0.1576001991223428,0.0156846413382139,0.05663043606435658,0.1292523689202395
2016,23,0,0.027,114,1.9844513024392,0.0017321183402740914,1,0.008771929824561403,0.04647503507842896,0.01067675513640232,0.0032873418793926135,0.0017321183402740914,0.005019460219666705,0.08851429915886433
2016,23,0,0.1,423,1.2904531505722905,0.0013455733388167967,6,0.014184397163120567,0.019498931646423114,0.010768390730643264,0.07160084942077072,0.01228042856814815,0.03914684079390662,0.08360488963620741
2016,23,1,0.027,114,1.9844513024392,0.0017321183402740914,4,0.03508771929824561,0.07207676778414693,0.009968357678040222,0.11720348635090594,0.039368379003045684,0.10192889104423464,0.1557772718025651
2016,23,1,0.1,423,1.2904531505722905,0.0013455733388167967,9,0.02127659574468085,0.03812261470422309,0.008701264534513801,0.16161043995682478,0.019505810916831345,0.04290984848676116,0.08673668624129116
2016,24,0,0.027,114,1.9844513024392,0.0017321183402740914,1,0.008771929824561403,0.04410824095362393,0.010742244100049836,0.046661840161940527,0.0017321183402740914,0.04839395850221462,0.09066413845747576
2016,24,0,0.1,423,1.2904531505722905,0.0013455733388167967,4,0.009456264775413711,0.018878693544816697,0.010837233742183415,0.01809422406699035,0.00865770214054451,0.016934335935112843,0.06013630772487374
2016,24,1,0.027,114,1.9844513024392,0.0017321183402740914,5,0.043859649122807015,0.07988326000712921,0.009752352796142167,0.12617006083015414,0.021583285617976067,0.08753442352019003,0.16958262837940757
2016,24,1,0.1,423,1.2904531505722905,0.0013455733388167967,12,0.028368794326241134,0.04103776107247941,0.008377699351157088,0.15824711863144492,0.023641298645113107,0.06587934103671977,0.13306516717898603
2016,25,0,0.027,114,1.9844513024392,0.0017321183402740914,1,0.008771929824561403,0.046020126061098926,0.010689342424745918,0.12412158352108382,0.0017321183402740914,0.12585370186135791,0.19309055588172513
2016,25,0,0.1,423,1.2904531505722905,0.0013455733388167967,8,0.018912529550827423,0.021860710637754275,0.010506246276869169,0.056830044819981884,0.012899257281760113,0.03437558603543667,0.08615528391466698
2016,25,1,0.027,114,1.9844513024392,0.0017321183402740914,3,0.02631578947368421,0.07309020456547745,0.009940315980692725,0.11239820324552752,0.0118932287506468,0.05410833780500268,0.15723683672792904
2016,25,1,0.1,423,1.2904531505722905,0.0013455733388167967,13,0.030732860520094562,0.04156059590676991,0.008319667565561477,0.2212329543612912,0.02472754800127186,0.07203242383394448,0.15444057888860466
2016,26,0,0.027,114,1.9844513024392,0.0017321183402740914,1,0.008771929824561403,0.05105210581375726,0.010550108033531586,0.051388775280895915,0.004079084093947305,0.05546785937484322,0.09913366101416049
2016,26,0,0.1,423,1.2904531505722905,0.0013455733388167967,5,0.01182033096926714,0.021328926888027875,0.010565271342766377,0.054072666000591685,0.00814016979374399,0.03237874461265311,0.07511151616585282
2016,26,1,0.027,114,1.9844513024392,0.0017321183402740914,3,0.02631578947368421,0.0713164462685039,0.009989395700560441,0.18637266658790197,0.021583285617976067,0.10291181198370603,0.16235126000509956
2016,26,1,0.1,423,1.2904531505722905,0.0013455733388167967,4,0.009456264775413711,0.03757406443084608,0.008762150592146566,0.11074194937171877,0.00814016979374399,0.04747217826385475,0.06148289239626078
2016,27,0,0.027,114,1.9844513024392,0.0017321183402740914,0,0.0,0.04146603871585801,0.01081535357944433,,,,
2016,27,0,0.1,423,1.2904531505722905,0.0013455733388167967,9,0.02127659574468085,0.021115649693899233,0.01058894393607953,0.06431435875832792,0.01359015121636653,0.02789323173612046,0.06808599783239806
2016,27,1,0.027,114,1.9844513024392,0.0017321183402740914,4,0.03508771929824561,0.0887011841790231,0.009508361690415005,0.22403756617354786,0.039368379003045684,0.1446735209294836,0.24632660508812432
2016,27,1,0.1,423,1.2904531505722905,0.0013455733388167967,8,0.018912529550827423,0.04584012955658314,0.007844662912223507,0.2214119337666327,0.01475545929554678,0.1131386092918496,0.16097529511646883
2016,28,0,0.027,114,1.9844513024392,0.0017321183402740914,1,0.008771929824561403,0.051079065585554376,0.010549362059263413,0.0032873418793926135,0.0017321183402740914,0.005019460219666705,0.08106030380194053
2016,28,0,0.1,423,1.2904531505722905,0.0013455733388167967,4,0.009456264775413711,0.021010369533923504,0.010600629453704755,0.19483349207338452,0.006744576948439329,0.08015878463237947,0.12628441016504438
2016,28,1,0.027,114,1.9844513024392,0.0017321183402740914,2,0.017543859649122806,0.08350133661668813,0.009652240967625245,0.06748642375169411,0.004079084093947305,0.06234320073340571,0.19908523596041347
2016,28,1,0.1,423,1.2904531505722905,0.0013455733388167967,12,0.028368794326241134,0.04198455983731325,0.008272609905467056,0.25268998104902796,0.0156846413382139,0.0638947727573893,0.12294084086144037
2016,29,0,0.027,114,1.9844513024392,0.0017321183402740914,1,0.008771929824561403,0.0428340666746458,0.010777500378642923,0.01574654757080851,0.0017321183402740914,0.017478665911082603,0.06819705816012168
2016,29,0,0.1,423,1.2904531505722905,0.0013455733388167967,5,0.01182033096926714,0.019783474351310486,0.010736808058334853,0.07341399225171275,0.01228042856814815,0.04030465208814116,0.07239285880462877
2016,29,1,0.027,114,1.9844513024392,0.0017321183402740914,5,0.043859649122807015,0.08272377104088463,0.009673756131615925,0.09346275633970547,0.057615133115760164,0.05807585584463126,0.1758949982491804
2016,29,1,0.1,423,1.2904531505722905,0.0013455733388167967,10,0.02364066193853428,0.043740578201290146,0.008077701543367285,0.3217822801609831,0.019505810916831345,0.12197135627197131,0.1740648760892202
2016,30,0,0.027,114,1.9844513024392,0.0017321183402740914,2,0.017543859649122806,0.047039743335774875,0.010661129713747603,0.07918765562332353,0.0118932287506468,0.04640650135712221,0.07310180678424985
2016,30,0,0.1,423,1.2904531505722905,0.0013455733388167967,4,0.009456264775413711,0.021134381032706297,0.010586864860688452,0.03435120572488071,0.00865770214054451,0.031109428938999484,0.061830742453326884
2016,30,1,0.027,114,1.9844513024392,0.0017321183402740914,4,0.03508771929824561,0.06864082271901578,0.0100634299444055,0.10171433452149814,0.02623542064795914,0.06767365498559097,0.13526443248813194
2016,30,1,0.1,423,1.2904531505722905,0.0013455733388167967,15,0.03546099290780142,0.03767925125228276,0.008750475434584848,0.08465308759643198,0.02472754800127186,0.04136032883121388,0.09539593555041623
2016,31,0,0.027,114,1.9844513024392,0.0017321183402740914,1,0.008771929824561403,0.04846220493147166,0.01062177033949774,0.08474743169180976,0.0017321183402740914,0.08647955003208385,0.12155100051415776
2016,31,0,0.1,423,1.2904531505722905,0.0013455733388167967,4,0.009456264775413711,0.02038314663863736,0.010670247738854593,0.0393666456305084,0.006744576948439329,0.024601698973443442,0.059968499669564836
2016,31,1,0.027,114,1.9844513024392,0.0017321183402740914,6,0.05263157894736842,0.09419120393230355,0.009356453376853362,0.11720348635090594,0.02623542064795914,0.06108527668012598,0.17775980460728294
2016,31,1,0.1,423,1.2904531505722905,0.0013455733388167967,13,0.030732860520094562,0.047824752012499014,0.007624380755610437,0.23844939639050922,0.0156846413382139,0.08056834245504074,0.17941240847313153
2016,32,0,0.027,114,1.9844513024392,0.0017321183402740914,0,0.0,0.04466132881001346,0.01072694021276139,,,,
2016,32,0,0.1,423,1.2904531505722905,0.0013455733388167967,3,0.0070921985815602835,0.01896345342817824,0.010827825862188155,0.054072666000591685,0.006744576948439329,0.04507427141773812,0.08414224649894521
2016,32,1,0.027,114,1.9844513024392,0.0017321183402740914,6,0.05263157894736842,0.0869106228998574,0.00955790634716862,0.3179407028449115,0.03639716264255921,0.14276777084479253,0.19600812340767007
2016,32,1,0.1,423,1.2904531505722905,0.0013455733388167967,11,0.026004728132387706,0.04260737628587314,0.008203480711622703,0.22813380710184306,0.0156846413382139,0.0807244706150867,0.14266010231328138
2016,33,0,0.027,114,1.9844513024392,0.0017321183402740914,3,0.02631578947368421,0.04750577639775804,0.010648234624168458,0.01574654757080851,0.012890918003396035,0.016205020445407836,0.07085734786102786
2016,33,0,0.1,423,1.2904531505722905,0.0013455733388167967,7,0.016548463356973995,0.020034626332708073,0.01070893157233874,0.09711863290703215,0.012833215162005862,0.051101829222592876,0.08536875783548087
2016,33,1,0.027,114,1.9844513024392,0.0017321183402740914,3,0.02631578947368421,0.06560416012765903,0.01014745410348673,0.1347854163081792,0.02623542064795914,0.09217408505844049,0.14755468726684207
2016,33,1,0.1,423,1.2904531505722905,0.0013455733388167967,9,0.02127659574468085,0.037013051918535406,0.008824419889629488,0.06431435875832792,0.015655023048655847,0.041465587056082054,0.09592370799070124
2016,34,0,0.027,114,1.9844513024392,0.0017321183402740914,4,0.03508771929824561,0.04846664908992356,0.010621647370064848,0.07918765562332353,0.021583285617976067,0.054287897587671496,0.09098967901440923
2016,34,0,0.1,423,1.2904531505722905,0.0013455733388167967,1,0.002364066193853428,0.019433559123918222,0.010775646720414866,0.007337636932693847,0.0018469764566499958,0.009184613389343843,0.030594441476514377
2016,34,1,0.027,114,1.9844513024392,0.0017321183402740914,7,0.06140350877192982,0.10152363918483974,0.009153565605302604,0.12178178205236567,0.06333599524533096,0.10282651396847453,0.20015795843734407
2016,34,1,0.1,423,1.2904531505722905,0.0013455733388167967,8,0.018912529550827423,0.04438919189131637,0.008005708997872377,0.14039322598830517,0.0156846413382139,0.05935175561618622,0.14137095615055356
2016,35,0,0.027,114,1.9844513024392,0.0017321183402740914,0,0.0,0.0424681001201199,0.010787626637675919,,,,
2016,35,0,0.1,423,1.2904531505722905,0.0013455733388167967,4,0.009456264775413711,0.019734238044194195,0.010742273017114749,0.058729387330015204,0.00814016979374399,0.04036302010163628,0.08017067094830636
2016,35,1,0.027,114,1.9844513024392,0.0017321183402740914,6,0.05263157894736842,0.0741975047891631,0.00990967709100822,0.09346275633970547,0.03639716264255921,0.0803537478097276,0.13900246876277722
2016,35,1,0.1,423,1.2904531505722905,0.0013455733388167967,8,0.018912529550827423,0.03865019796594062,0.008642705699639352,0.12167784637047108,0.01359015121636653,0.059894058533718875,0.10118353454791795
2016,36,0,0.027,114,1.9844513024392,0.0017321183402740914,2,0.017543859649122806,0.05318653255997903,0.010491048652689527,0.01574654757080851,0.004079084093947305,0.017549270425573527,0.12422582278589804
2016,36,0,0.1,423,1.2904531505722905,0.0013455733388167967,4,0.009456264775413711,0.022014980845205517,0.010489123133927192,0.0890701664005491,0.00814016979374399,0.0453841341022172,0.0716609341874758
2016,36,1,0.027,114,1.9844513024392,0.0017321183402740914,5,0.043859649122807015,0.08347036268139546,0.009653098013407616,0.16671732774021453,0.038653870558329695,0.06445550876540307,0.17923965867308306
2016,36,1,0.1,423,1.2904531505722905,0.0013455733388167967,9,0.02127659574468085,0.044235496960624225,0.00802276828826408,0.05030675173753263,0.0221710467514471,0.04179811135123024,0.11573503659814573
2016,37,0,0.027,114,1.9844513024392,0.0017321183402740914,2,0.017543859649122806,0.04696204505689096,0.010663279617580798,0.051388775280895915,0.004079084093947305,0.030243659797255074,0.03911504658846952
2016,37,0,0.1,423,1.2904531505722905,0.0013455733388167967,8,0.018912529550827423,0.021173699607029868,0.010582500715598221,0.0533339374258186,0.013023551937912936,0.030372412199848542,0.06801849550691745
2016,37,1,0.027,114,1.9844513024392,0.0017321183402740914,3,0.02631578947368421,0.07887882833140418,0.00978014532309184,0.23381892752807798,0.021583285617976067,0.1446913405740109,0.22401381645733895
2016,37,1,0.1,423,1.2904531505722905,0.0013455733388167967,7,0.016548463356973995,0.040716911908283936,0.008413311840386867,0.16161043995682478,0.013023551937912936,0.05226349346420123,0.11870276922065817
2016,38,0,0.027,114,1.9844513024392,0.0017321183402740914,1,0.008771929824561403,0.04343793517486315,0.010760791395869917,0.01574654757080851,0.004079084093947305,0.019825631664755816,0.02256412093178009
2016,38,0,0.1,423,1.2904531505722905,0.0013455733388167967,8,0.018912529550827423,0.020306263380310486,0.010678781356874082,0.06345333149108434,0.012833215162005862,0.026831897361640822,0.0609369063106225
2016,38,1,0.027,114,1.9844513024392,0.0017321183402740914,2,0.017543859649122806,0.06661893280042055,0.010119375442153038,0.09010555785107521,0.0118932287506468,0.0867821472236816,0.13274654549404027
2016,38,1,0.1,423,1.2904531505722905,0.0013455733388167967,8,0.018912529550827423,0.04029437544601461,0.008460211059368743,0.04809834522524503,0.01359015121636653,0.03504128656707706,0.08866915994710378
2016,39,0,0.027,114,1.9844513024392,0.0017321183402740914,2,0.017543859649122806,0.04643898001456795,0.010677752776518864,0.03222237898461233,0.004079084093947305,0.03222107676345365,0.07571284723668562
2016,39,0,0.1,423,1.2904531505722905,0.0013455733388167967,5,0.01182033096926714,0.01920049215385798,0.01080151586980754,0.06989493199415175,0.00865770214054451,0.04524202686344214,0.07454998870694543
2016,39,1,0.027,114,1.9844513024392,0.0017321183402740914,4,0.03508771929824561,0.0633301334130641,0.01021037620190028,0.1347854163081792,0.039368379003045684,0.1140356655395589,0.18272070423452708
2016,39,1,0.1,423,1.2904531505722905,0.0013455733388167967,10,0.02364066193853428,0.03437344748879175,0.009117401436147875,0.18885334269240373,0.01475545929554678,0.07946582480524644,0.1154982425718354
2016,40,0,0.027,114,1.9844513024392,0.0017321183402740914,2,0.017543859649122806,0.040230641529309046,0.010849536899654668,0.013540790846117146,0.0118932287506468,0.013895870209359229,0.02791389380204326
2016,40,0,0.1,423,1.2904531505722905,0.0013455733388167967,4,0.009456264775413711,0.01876188890232565,0.01085019841386374,0.054072666000591685,0.00865770214054451,0.02582173707562685,0.07078300760512671
2016,40,1,0.027,114,1.9844513024392,0.0017321183402740914,3,0.02631578947368421,0.06883210966946177,0.010058137053058207,0.026408572108073125,0.012890918003396035,0.019728249105712026,0.06226383766502222
2016,40,1,0.1,423,1.2904531505722905,0.0013455733388167967,11,0.026004728132387706,0.04164941931161863,0.008309808657072626,0.1821866504821863,0.019505810916831345,0.0752034351637132,0.1080664888972357
2016,41,0,0.027,114,1.9844513024392,0.0017321183402740914,2,0.017543859649122806,0.046059730585007695,0.010688246571414461,0.10525146337992886,0.004079084093947305,0.0812257205475233,0.09089892944145614
2016,41,0,0.1,423,1.2904531505722905,0.0013455733388167967,5,0.01182033096926714,0.020735862890124482,0.010631098178534715,0.044855142518628544,0.00814016979374399,0.02607793191944241,0.07237739851145317
2016,41,1,0.027,114,1.9844513024392,0.0017321183402740914,2,0.017543859649122806,0.05990420522972832,0.010305171302118794,0.12617006083015414,0.0118932287506468,0.10481439871322129,0.14429388893366402
2016,41,1,0.1,423,1.2904531505722905,0.0013455733388167967,10,0.02364066193853428,0.033101638537350535,0.009258565221626656,0.1162895296758244,0.022740029682432272,0.047385405077798204,0.09197082461567349
2016,42,0,0.027,114,1.9844513024392,0.0017321183402740914,3,0.02631578947368421,0.0443963008769129,0.010734273509939414,0.05974335828184052,0.012890918003396035,0.05191397066051162,0.08865240840892995
2016,42,0,0.1,423,1.2904531505722905,0.0013455733388167967,5,0.01182033096926714,0.01917655683951409,0.010804172557807398,0.06236227265191663,0.012899257281760113,0.032585166632177476,0.06995891289367769
2016,42,1,0.027,114,1.9844513024392,0.0017321183402740914,6,0.05263157894736842,0.06990867393790323,0.010028348624271237,0.1584144645992429,0.02623542064795914,0.08831264901812275,0.1707779647305154
2016,42,1,0.1,423,1.2904531505722905,0.0013455733388167967,6,0.014184397163120567,0.03823200917048208,0.008689122351562462,0.10251849297753757,0.012833215162005862,0.060903440105715134,0.10402021284365293
2016,43,0,0.027,114,1.9844513024392,0.0017321183402740914,1,0.008771929824561403,0.04765574416190557,0.010644085030694472,0.0,0.0017321183402740914,0.0017321183402740914,0.002918924930078533
2016,43,0,0.1,423,1.2904531505722905,0.0013455733388167967,5,0.01182033096926714,0.021568698318738797,0.010538658035185501,0.09874220287471935,0.00865770214054451,0.045713189079582994,0.08213260952208204
2016,43,1,0.027,114,1.9844513024392,0.0017321183402740914,6,0.05263157894736842,0.08923961052291716,0.009493463485753861,0.4227550225541956,0.038653870558329695,0.16451451668637906,0.23416957788965248
2016,43,1,0.1,423,1.2904531505722905,0.0013455733388167967,4,0.009456264775413711,0.040567989701533406,0.0084298413847205,0.07341399225171275,0.00814016979374399,0.030679353844055512,0.07750089118392979
2016,44,0,0.027,114,1.9844513024392,0.0017321183402740914,1,0.008771929824561403,0.04528286336311191,0.010709742412020313,0.026408572108073125,0.0017321183402740914,0.028140690448347216,0.034927122271164054
2016,44,0,0.1,423,1.2904531505722905,0.0013455733388167967,5,0.01182033096926714,0.01997755090963501,0.010715266629793451,0.07341399225171275,0.012833215162005862,0.05062348763269742,0.08433216321044151
2016,44,1,0.027,114,1.9844513024392,0.0017321183402740914,2,0.017543859649122806,0.07221598080778985,0.00996450566719185,0.09010555785107521,0.021583285617976067,0.09908419675056757,0.1565489034603902
2016,44,1,0.1,423,1.2904531505722905,0.0013455733388167967,11,0.026004728132387706,0.04220343935255268,0.008248315485381442,0.1162895296758244,0.0221710467514471,0.06136941060677947,0.12391254516579055
2016,45,0,0.027,114,1.9844513024392,0.0017321183402740914,0,0.0,0.043503780729765386,0.010758969455758544,,,,
2016,45,0,0.1,423,1.2904531505722905,0.0013455733388167967,7,0.016548463356973995,0.01898788987209423,0.010825113551567199,0.054072666000591685,0.01475545929554678,0.036394775083124165,0.0698759355154426
2016,45,1,0.027,114,1.9844513024392,0.0017321183402740914,4,0.03508771929824561,0.06382771988948979,0.010196608032406946,0.06024878942038803,0.012890918003396035,0.03013501314902922,0.08636377961612914
2016,45,1,0.1,423,1.2904531505722905,0.0013455733388167967,10,0.02364066193853428,0.03301304918191124,0.009268398151920758,0.2214119337666327,0.019505810916831345,0.06425813793223578,0.1268644232990864
2016,46,0,0.027,114,1.9844513024392,0.0017321183402740914,0,0.0,0.042189087491169654,0.010795346890030368,,,,
2016,46,0,0.1,423,1.2904531505722905,0.0013455733388167967,6,0.014184397163120567,0.01926411216399699,0.010794454399251568,0.06776745558583186,0.00865770214054451,0.03801053852062308,0.06844830819399758
2016,46,1,0.027,114,1.9844513024392,0.0017321183402740914,5,0.043859649122807015,0.07093775957665331,0.009999873924558249,0.12178178205236567,0.021583285617976067,0.07406908265033985,0.10522545229856242
2016,46,1,0.1,423,1.2904531505722905,0.0013455733388167967,9,0.02127659574468085,0.03608454190342497,0.008927479384877904,0.08465308759643198,0.01359015121636653,0.04778408484531527,0.11499022221655199
2016,47,0,0.027,114,1.9844513024392,0.0017321183402740914,2,0.017543859649122806,0.04961835728178437,0.01058977971621239,0.05974335828184052,0.004079084093947305,0.0459815664120673,0.08238868446955397
2016,47,0,0.1,423,1.2904531505722905,0.0013455733388167967,6,0.014184397163120567,0.020188226897644292,0.010691882756025959,0.04655185892100033,0.013023551937912936,0.03304797987832675,0.07403058894892962
2016,47,1,0.027,114,1.9844513024392,0.0017321183402740914,3,0.02631578947368421,0.058647899083305255,0.010339933171218849,0.10171433452149814,0.012890918003396035,0.0472571301539777,0.11213566762024663
2016,47,1,0.1,423,1.2904531505722905,0.0013455733388167967,11,0.026004728132387706,0.03442059342714023,0.00911216849678251,0.11074194937171877,0.019505810916831345,0.05354532404810297,0.11315930725600502
2016,48,0,0.027,114,1.9844513024392,0.0017321183402740914,0,0.0,0.04207740898729482,0.010798437023390013,,,,
2016,48,0,0.1,423,1.2904531505722905,0.0013455733388167967,8,0.018912529550827423,0.02050906793705725,0.010656271168602266,0.08465308759643198,0.012899257281760113,0.029091617649134482,0.07894881911343925
2016,48,1,0.027,114,1.9844513024392,0.0017321183402740914,6,0.05263157894736842,0.09513069755887166,0.009330457679419197,0.18874794873759781,0.047404168705269756,0.14033995368092156,0.26453505140859074
2016,48,1,0.1,423,1.2904531505722905,0.0013455733388167967,13,0.030732860520094562,0.04638259494825566,0.0077844522429300214,0.19483349207338452,0.0221710467514471,0.07228061950241882,0.1326964102665408
2016,49,0,0.027,114,1.9844513024392,0.0017321183402740914,2,0.017543859649122806,0.0446641846546684,0.010726861191817053,0.12412158352108382,0.0118932287506468,0.07564386072906082,0.1107943195274893
2016,49,0,0.1,423,1.2904531505722905,0.0013455733388167967,8,0.018912529550827423,0.02151436313440316,0.010544688941240074,0.054072666000591685,0.01475545929554678,0.03300371179802841,0.06796973487000037
2016,49,1,0.027,114,1.9844513024392,0.0017321183402740914,3,0.02631578947368421,0.06249581892034756,0.010233461602912339,0.23381892752807798,0.012890918003396035,0.10764364926548509,0.19984416539813918
2016,49,1,0.1,423,1.2904531505722905,0.0013455733388167967,12,0.028368794326241134,0.032808745951839365,0.00929107468467342,0.06236227265191663,0.0156846413382139,0.03878972496467492,0.09701460641957158
2016,50,0,0.027,114,1.9844513024392,0.0017321183402740914,1,0.008771929824561403,0.04875801529088425,0.010613585295572247,0.0,0.0017321183402740914,0.0017321183402740914,0.002302521770416126
2016,50,0,0.1,423,1.2904531505722905,0.0013455733388167967,7,0.016548463356973995,0.020849948814743145,0.010618435269557098,0.09461969552507288,0.012899257281760113,0.05176693821011802,0.07965410653411437
2016,50,1,0.027,114,1.9844513024392,0.0017321183402740914,5,0.043859649122807015,0.10279958457709933,0.009118260320176975,0.3212232404713944,0.02623542064795914,0.17516062823192735,0.2886875145681078
2016,50,1,0.1,423,1.2904531505722905,0.0013455733388167967,11,0.026004728132387706,0.05370136515782794,0.0069721090787607555,0.3728737181869437,0.01475545929554678,0.13578624578039666,0.19521164056866097
2016,51,0,0.027,114,1.9844513024392,0.0017321183402740914,2,0.017543859649122806,0.04447591971667166,0.010732070464373274,0.06024878942038803,0.012890918003396035,0.03860939575886557,0.08186569892899039
2016,51,0,0.1,423,1.2904531505722905,0.0013455733388167967,3,0.0070921985815602835,0.0186395861488235,0.010863773345569698,0.028987789722768387,0.005492866785575368,0.023811249509960275,0.06062898573932209
2016,51,1,0.027,114,1.9844513024392,0.0017321183402740914,3,0.02631578947368421,0.057382531525034454,0.010374945768704983,0.06748642375169411,0.039368379003045684,0.06421432718934494,0.08807326030329161
2016,51,1,0.1,423,1.2904531505722905,0.0013455733388167967,8,0.018912529550827423,0.03412009301688138,0.009145522386454379,0.09711863290703215,0.013023551937912936,0.052562299505527266,0.09011301076853014
2016,52,0,0.027,114,1.9844513024392,0.0017321183402740914,1,0.008771929824561403,0.047249600118364724,0.010655322996947787,0.051388775280895915,0.0017321183402740914,0.05312089362117001,0.13262276864801162
2016,52,0,0.1,423,1.2904531505722905,0.0013455733388167967,4,0.009456264775413711,0.019629929103295474,0.0107538507347742,0.058729387330015204,0.006744576948439329,0.03403695327588685,0.0639190643354654
2016,52,1,0.027,114,1.9844513024392,0.0017321183402740914,2,0.017543859649122806,0.06221249542719685,0.010241301136460684,0.1584144645992429,0.0118932287506468,0.11052430880288844,0.15775532750460539
2016,52,1,0.1,423,1.2904531505722905,0.0013455733388167967,9,0.02127659574468085,0.030579443077579406,0.009538515019444336,0.09948557729967633,0.015655023048655847,0.05305377546119505,0.08703843997684321
2016,53,0,0.027,114,1.9844513024392,0.0017321183402740914,2,0.017543859649122806,0.045658746217055624,0.010699341769945173,0.07918765562332353,0.004079084093947305,0.07237110816969272,0.0804249907079794
2016,53,0,0.1,423,1.2904531505722905,0.0013455733388167967,4,0.009456264775413711,0.020791632984292634,0.010624908005395612,0.0393666456305084,0.00865770214054451,0.030950154937739782,0.07538634024251391
2016,53,1,0.027,114,1.9844513024392,0.0017321183402740914,2,0.017543859649122806,0.07168336402944761,0.00997924312173821,0.046661840161940527,0.012890918003396035,0.032286109192501744,0.16332696538113814
2016,53,1,0.1,423,1.2904531505722905,0.0013455733388167967,7,0.016548463356973995,0.03786016689705109,0.008730394794926752,0.15824711863144492,0.01475545929554678,0.057590419606661225,0.10879083550355337
2016,54,0,0.027,114,1.9844513024392,0.0017321183402740914,1,0.008771929824561403,0.04324645191367401,0.010766089719116412,0.01574654757080851,0.004079084093947305,0.019825631664755816,0.043332439520811894
2016,54,0,0.1,423,1.2904531505722905,0.0013455733388167967,7,0.016548463356973995,0.0182980725988433,0.01090167946775328,0.04655185892100033,0.01228042856814815,0.027632482949166315,0.06947097782952702
2016,54,1,0.027,114,1.9844513024392,0.0017321183402740914,4,0.03508771929824561,0.06997889950830782,0.010026405489556158,0.1584144645992429,0.012890918003396035,0.06316652910760534,0.1469777125362011
2016,54,1,0.1,423,1.2904531505722905,0.0013455733388167967,9,0.02127659574468085,0.03602283595621527,0.008934328404995908,0.19430192323952,0.0156846413382139,0.06736343148469692,0.10982604172599962
2016,55,0,0.027,114,1.9844513024392,0.0017321183402740914,2,0.017543859649122806,0.04736166606509913,0.010652222143081836,0.06024878942038803,0.004079084093947305,0.0330299959273046,0.06607083796718909
2016,55,0,0.1,423,1.2904531505722905,0.0013455733388167967,5,0.01182033096926714,0.0202118588412169,0.010689259740510026,0.038968320799055434,0.00865770214054451,0.028919041121201916,0.07461029126769698
2016,55,1,0.027,114,1.9844513024392,0.0017321183402740914,4,0.03508771929824561,0.07520755770737389,0.009881729024824716,0.09010555785107521,0.02623542064795914,0.06322042641966719,0.10350857044130832
2016,55,1,0.1,423,1.2904531505722905,0.0013455733388167967,11,0.026004728132387706,0.04118771138991904,0.008361055692202232,0.32034280006927784,0.0156846413382139,0.06807409075862769,0.11257652372738705
2016,56,0,0.027,114,1.9844513024392,0.0017321183402740914,1,0.008771929824561403,0.04537931735156386,0.010707073539524315,0.08474743169180976,0.0017321183402740914,0.08647955003208385,0.10168327865482851
2016,56,0,0.1,423,1.2904531505722905,0.0013455733388167967,6,0.014184397163120567,0.02185163022456511,0.010507254152696778,0.06989493199415175,0.012833215162005862,0.047699008075297256,0.08781747703046706
2016,56,1,0.027,114,1.9844513024392,0.0017321183402740914,4,0.03508771929824561,0.06635321322002712,0.010126727877144507,0.12617006083015414,0.021583285617976067,0.1006141480096483,0.15400249342349673
2016,56,1,0.1,423,1.2904531505722905,0.0013455733388167967,8,0.018912529550827423,0.037592909607949615,0.008760058881331873,0.05030675173753263,0.01475545929554678,0.02929833563743678,0.07732324685366841
2016,57,0,0.027,114,1.9844513024392,0.0017321183402740914,2,0.017543859649122806,0.0431225601986749,0.010769517790842115,0.01574654757080851,0.004079084093947305,0.011091676243355053,0.043876580744171625
2016,57,0,0.1,423,1.2904531505722905,0.0013455733388167967,6,0.014184397163120567,0.01843569612755196,0.010886404014422457,0.060645195748241454,0.012899257281760113,0.0395568864411191,0.06505420421036973
2016,57,1,0.027,114,1.9844513024392,0.0017321183402740914,6,0.05263157894736842,0.07162650747368904,0.009980816337115997,0.11720348635090594,0.038653870558329695,0.06525340194824625,0.11742332958828736
2016,57,1,0.1,423,1.2904531505722905,0.0013455733388167967,15,0.03546099290780142,0.04445410987775113,0.007998503459099903,0.16161043995682478,0.02472754800127186,0.06100571606740757,0.1125140854001723
2016,58,0,0.027,114,1.9844513024392,0.0017321183402740914,2,0.017543859649122806,0.043925290959915445,0.010747306308613615,0.11239820324552752,0.004079084093947305,0.07521589233218062,0.10343424568658006
2016,58,0,0.1,423,1.2904531505722905,0.0013455733388167967,7,0.016548463356973995,0.019750192667127194,0.01074050214188498,0.08465308759643198,0.012833215162005862,0.03557548663853671,0.07846737531232535
2016,58,1,0.027,114,1.9844513024392,0.0017321183402740914,4,0.03508771929824561,0.07551106745012218,0.009873330939709839,0.06748642375169411,0.021583285617976067,0.05411667021942779,0.11083142503193653
2016,58,1,0.1,423,1.2904531505722905,0.0013455733388167967,10,0.02364066193853428,0.036569068993064544,0.0088736995478489,0.19483349207338452,0.01475545929554678,0.06541313344683397,0.12416881438131809
2016,59,0,0.027,114,1.9844513024392,0.0017321183402740914,2,0.017543859649122806,0.044197643190152035,0.010739770348844935,0.01574654757080851,0.004079084093947305,0.017549270425573527,0.07860237991585386
2016,59,0,0.1,423,1.2904531505722905,0.0013455733388167967,3,0.0070921985815602835,0.019822771679205514,0.010732446271481115,0.05030675173753263,0.006744576948439329,0.03433044723256051,0.06580048733298807
2016,59,1,0.027,114,1.9844513024392,0.0017321183402740914,3,0.02631578947368421,0.06654812545288133,0.010121334674584948,0.0032873418793926135,0.0118932287506468,0.007205791848647003,0.12329215928910425
2016,59,1,0.1,423,1.2904531505722905,0.0013455733388167967,11,0.026004728132387706,0.038986658184068906,0.008605360469445633,0.23844939639050922,0.019505810916831345,0.07228704945342135,0.13402821193215872
2016,60,0,0.027,114,1.9844513024392,0.0017321183402740914,2,0.017543859649122806,0.046243401825209945,0.010683164406030224,0.01574654757080851,0.004079084093947305,0.017549270425573527,0.07010388530945286
2016,60,0,0.1,423,1.2904531505722905,0.0013455733388167967,4,0.009456264775413711,0.01974224558687334,0.010741384224001848,0.018823179362691622,0.00865770214054451,0.017475004001026306,0.07292338196234796
2016,60,1,0.027,114,1.9844513024392,0.0017321183402740914,4,0.03508771929824561,0.06102796611126256,0.010274076947629739,0.06748642375169411,0.012890918003396035,0.04779463595665967,0.10334930621296183
2016,60,1,0.1,423,1.2904531505722905,0.0013455733388167967,9,0.02127659574468085,0.030708680301300584,0.009524170399755527,0.17198210343483744,0.012899257281760113,0.06697881607909184,0.11395213834165395
2016,61,0,0.027,114,1.9844513024392,0.0017321183402740914,1,0.008771929824561403,0.04999220229487975,0.01057943546099567,0.0006256024816801986,0.0017321183402740914,0.00235772082195429,0.13412436443436257
2016,61,0,0.1,423,1.2904531505722905,0.0013455733388167967,7,0.016548463356973995,0.021742394134555344,0.010519378756757163,0.21164842457319422,0.01228042856814815,0.0638054990573913,0.09836583460514033
2016,61,1,0.027,114,1.9844513024392,0.0017321183402740914,6,0.05263157894736842,0.09654487895405336,0.009291327417513684,0.4233895439682278,0.052163594952537196,0.21752870440831718,0.3309660902276807
2016,61,1,0.1,423,1.2904531505722905,0.0013455733388167967,9,0.02127659574468085,0.048767506670609105,0.007519740183482238,0.4640896938424275,0.0156846413382139,0.10219115572686666,0.1661615806208222
2016,62,0,0.027,114,1.9844513024392,0.0017321183402740914,1,0.008771929824561403,0.04506643448219486,0.010715730978142777,0.01574654757080851,0.0017321183402740914,0.017478665911082603,0.038951254444890414
2016,62,0,0.1,423,1.2904531505722905,0.0013455733388167967,5,0.01182033096926714,0.018917620340014776,0.010832913082417267,0.06236227265191663,0.01228042856814815,0.042459557235990264,0.08298280163560552
2016,62,1,0.027,114,1.9844513024392,0.0017321183402740914,4,0.03508771929824561,0.06304202391090057,0.01021834816385335,0.06024878942038803,0.02623542064795914,0.05823661611314068,0.09878608338211947
2016,62,1,0.1,423,1.2904531505722905,0.0013455733388167967,10,0.02364066193853428,0.03444835794237852,0.009109086788583664,0.1266836415778776,0.0221710467514471,0.04970859042125575,0.11467277093844251
2016,63,0,0.027,114,1.9844513024392,0.0017321183402740914,0,0.0,0.04375027718605682,0.010752148922744655,,,,
2016,63,0,0.1,423,1.2904531505722905,0.0013455733388167967,5,0.01182033096926714,0.020686723426794347,0.010636552388187994,0.04809834522524503,0.00814016979374399,0.02848514917538214,0.09014004945218919
2016,63,1,0.027,114,1.9844513024392,0.0017321183402740914,4,0.03508771929824561,0.0759127679388804,0.009862215926185944,0.12178178205236567,0.012890918003396035,0.08274892213876517,0.14872222749431793
2016,63,1,0.1,423,1.2904531505722905,0.0013455733388167967,8,0.018912529550827423,0.037328659679135366,0.008789389167316768,0.08465308759643198,0.0156846413382139,0.044010894850380566,0.10831005644493477
2016,64,0,0.027,114,1.9844513024392,0.0017321183402740914,1,0.008771929824561403,0.03981810728730338,0.010860951682079097,0.0032873418793926135,0.0017321183402740914,0.005019460219666705,0.005220979777539626
2016,64,0,0.1,423,1.2904531505722905,0.0013455733388167967,9,0.02127659574468085,0.01984318659954673,0.010730180327816898,0.038968320799055434,0.01475545929554678,0.02472164702025137,0.05534664363818067
2016,64,1,0.027,114,1.9844513024392,0.0017321183402740914,2,0.017543859649122806,0.06616880438478089,0.010131830451712,0.026408572108073125,0.02623542064795914,0.03513193384804847,0.1515853639800413
2016,64,1,0.1,423,1.2904531505722905,0.0013455733388167967,10,0.02364066193853428,0.03671259948506766,0.008857768454141915,0.12115068341883584,0.019505810916831345,0.06153129566671511,0.1296567268079743
2016,65,0,0.027,114,1.9844513024392,0.0017321183402740914,4,0.03508771929824561,0.04641921586220786,0.010678299648695816,0.11145580933270138,0.012890918003396035,0.05060502982112136,0.0820045654305624
2016,65,0,0.1,423,1.2904531505722905,0.0013455733388167967,3,0.0070921985815602835,0.01990470284685228,0.010723352363342941,0.05638034355330057,0.006744576948439329,0.03875643945262697,0.09936643143243
2016,65,1,0.027,114,1.9844513024392,0.0017321183402740914,5,0.043859649122807015,0.07347478708439945,0.009929674619732265,0.12412158352108382,0.02623542064795914,0.0599486013493129,0.12423003288128333
2016,65,1,0.1,423,1.2904531505722905,0.0013455733388167967,9,0.02127659574468085,0.037141319778381615,0.008810182863989251,0.1266836415778776,0.01475545929554678,0.04779471132130442,0.10970375537139038
2016,66,0,0.027,114,1.9844513024392,0.0017321183402740914,4,0.03508771929824561,0.044049655556635654,0.010743865152296602,0.046661840161940527,0.038653870558329695,0.04022062188117714,0.0786640258274113
2016,66,0,0.1,423,1.2904531505722905,0.0013455733388167967,5,0.01182033096926714,0.021103573744552986,0.010590284299914078,0.036088533154668534,0.01228042856814815,0.02216522241871899,0.058837688066208316
2016,66,1,0.027,114,1.9844513024392,0.0017321183402740914,4,0.03508771929824561,0.06280822164601622,0.01022481744982345,0.11145580933270138,0.021583285617976067,0.06299509250941648,0.13605478266427765
2016,66,1,0.1,423,1.2904531505722905,0.0013455733388167967,7,0.016548463356973995,0.03013767398083315,0.009587548954874322,0.0890701664005491,0.012833215162005862,0.04157180466045185,0.08362437418907781
2016,67,0,0.027,114,1.9844513024392,0.0017321183402740914,2,0.017543859649122806,0.050827209546450695,0.010556330891413368,0.06748642375169411,0.004079084093947305,0.05997973317392802,0.13735603740260155
2016,67,0,0.1,423,1.2904531505722905,0.0013455733388167967,8,0.018912529550827423,0.022041303158269996,0.01048620150222258,0.17741870073182264,0.013023551937912936,0.063915368605584,0.08703380230097191
2016,67,1,0.027,114,1.9844513024392,0.0017321183402740914,3,0.02631578947368421,0.06999395238999857,0.010025988977781218,0.08474743169180976,0.0118932287506468,0.05080034830600355,0.15199022696623368
2016,67,1,0.1,423,1.2904531505722905,0.0013455733388167967,13,0.030732860520094562,0.03867822781180719,0.00863959454120284,0.21514452830184894,0.02472754800127186,0.06721187879460722,0.11609694012720222
2016,68,0,0.027,114,1.9844513024392,0.0017321183402740914,0,0.0,0.04185212372188361,0.010804670644811585,,,,
2016,68,0,0.1,423,1.2904531505722905,0.0013455733388167967,4,0.009456264775413711,0.018511897802886836,0.01087794604835931,0.044855142518628544,0.00814016979374399,0.03274608869457496,0.08908527697723016
2016,68,1,0.027,114,1.9844513024392,0.0017321183402740914,4,0.03508771929824561,0.0769360256518406,0.009833902484613743,0.12617006083015414,0.03639716264255921,0.123115236879489,0.2242271109207256
2016,68,1,0.1,423,1.2904531505722905,0.0013455733388167967,13,0.030732860520094562,0.037520739097578214,0.008768069410297263,0.1658102707999256,0.0221710467514471,0.06074178541416697,0.11487837822806285
2016,69,0,0.027,114,1.9844513024392,0.0017321183402740914,3,0.02631578947368421,0.046385996253616155,0.010679218832040342,0.03222237898461233,0.0118932287506468,0.026404716195468803,0.08658735694577295
2016,69,0,0.1,423,1.2904531505722905,0.0013455733388167967,6,0.014184397163120567,0.01954261284551366,0.010763542358243554,0.058729387330015204,0.01228042856814815,0.03468686832029366,0.06594304258304695
2016,69,1,0.027,114,1.9844513024392,0.0017321183402740914,3,0.02631578947368421,0.07058272737424308,0.010009697631129792,0.23381892752807798,0.021583285617976067,0.16458334336068936,0.2289859924324841
2016,69,1,0.1,423,1.2904531505722905,0.0013455733388167967,13,0.030732860520094562,0.038200032358174825,0.008692671601524666,0.18204261700850877,0.022740029682432272,0.04483560053443858,0.10622161341819891
2016,70,0,0.027,114,1.9844513024392,0.0017321183402740914,0,0.0,0.0445138460939858,0.010731021045195164,,,,
2016,70,0,0.1,423,1.2904531505722905,0.0013455733388167967,5,0.01182033096926714,0.020381766196969676,0.010670400960272969,0.036088533154668534,0.012899257281760113,0.03120542338478871,0.08449781724930622
2016,70,1,0.027,114,1.9844513024392,0.0017321183402740914,2,0.017543859649122806,0.05224517383781013,0.01051709595713789,0.0006256024816801986,0.004079084093947305,0.0032184024579509085,0.06510170074541433
2016,70,1,0.1,423,1.2904531505722905,0.0013455733388167967,9,0.02127659574468085,0.028413091500998845,0.009778968107057452,0.06776745558583186,0.02373544258545257,0.048650997717104794,0.10645898812341956
2016,71,0,0.027,114,1.9844513024392,0.0017321183402740914,2,0.017543859649122806,0.046096891283480476,0.010687218338495555,0.06024878942038803,0.004079084093947305,0.03467366686700091,0.11027589762404046
2016,71,0,0.1,423,1.2904531505722905,0.0013455733388167967,4,0.009456264775413711,0.02112277585100607,0.010588152971908394,0.06431435875832792,0.00814016979374399,0.03128170768296612,0.09094807986618571
2016,71,1,0.027,114,1.9844513024392,0.0017321183402740914,4,0.03508771929824561,0.06936762478982944,0.010043319401669392,0.026408572108073125,0.021583285617976067,0.026105265929742938,0.06884588146910937
2016,71,1,0.1,423,1.2904531505722905,0.0013455733388167967,10,0.02364066193853428,0.03562361318013262,0.008978639933277976,0.16161043995682478,0.0156846413382139,0.06869007273562211,0.11224013407806983
2016,72,0,0.027,114,1.9844513024392,0.0017321183402740914,4,0.03508771929824561,0.05089392208184734,0.010554484962035888,0.11145580933270138,0.012890918003396035,0.06704213334133624,0.10808173667494478
2016,72,0,0.1,423,1.2904531505722905,0.0013455733388167967,4,0.009456264775413711,0.02027584226591695,0.010682157932940329,0.07341399225171275,0.00814016979374399,0.037759948679543465,0.08107797912125222
2016,72,1,0.027,114,1.9844513024392,0.0017321183402740914,3,0.02631578947368421,0.06959280757129388,0.010037088615968678,0.10171433452149814,0.012890918003396035,0.06456686802902412,0.13416390874952103
2016,72,1,0.1,423,1.2904531505722905,0.0013455733388167967,11,0.026004728132387706,0.04006974063035173,0.008485144286087556,0.16161043995682478,0.0156846413382139,0.055313231913535654,0.10651085016205765
2016,73,0,0.027,114,1.9844513024392,0.0017321183402740914,4,0.03508771929824561,0.049249048245672805,0.01059999846138635,0.051388775280895915,0.012890918003396035,0.0399453679645323,0.0889694044152903
2016,73,0,0.1,423,1.2904531505722905,0.0013455733388167967,4,0.009456264775413711,0.021874006671571113,0.010504770490381496,0.054072666000591685,0.006744576948439329,0.03387861094314171,0.057403687748749994
2016,73,1,0.027,114,1.9844513024392,0.0017321183402740914,5,0.043859649122807015,0.07350660248479154,0.009928794290692287,0.09010555785107521,0.03639716264255921,0.06114218085980849,0.13483999224033308
2016,73,1,0.1,423,1.2904531505722905,0.0013455733388167967,11,0.026004728132387706,0.0391354006915175,0.008588850870744307,0.17741870073182264,0.015655023048655847,0.07868368611988075,0.11992242290779472
2016,74,0,0.027,114,1.9844513024392,0.0017321183402740914,0,0.0,0.043367804474128156,0.010762731905550448,,,,
2016,74,0,0.1,423,1.2904531505722905,0.0013455733388167967,7,0.016548463356973995,0.020437243185834588,0.010664243320207408,0.09211323910075553,0.01359015121636653,0.04489512060430956,0.08081717790223791
2016,74,1,0.027,114,1.9844513024392,0.0017321183402740914,4,0.03508771929824561,0.0962277988316441,0.00930010099371627,0.31048662687026307,0.03639716264255921,0.2053819612040233,0.3070046331694187
2016,74,1,0.1,423,1.2904531505722905,0.0013455733388167967,10,0.02364066193853428,0.04856005788050469,0.00754276585606533,0.14658678035999784,0.0221710467514471,0.04661146142118744,0.15248435684795125
2016,75,0,0.027,114,1.9844513024392,0.0017321183402740914,2,0.017543859649122806,0.045029171312741235,0.010716762046423777,0.013540790846117146,0.004079084093947305,0.011319667579865467,0.029366722237305454
2016,75,0,0.1,423,1.2904531505722905,0.0013455733388167967,5,0.01182033096926714,0.018517555507401917,0.010877318074334149,0.036088533154668534,0.00814016979374399,0.027253922503683636,0.05972328835886247
2016,75,1,0.027,114,1.9844513024392,0.0017321183402740914,4,0.03508771929824561,0.06686507642306844,0.01011256467201181,0.12178178205236567,0.021583285617976067,0.0561514075387477,0.1205793112609598
2016,75,1,0.1,423,1.2904531505722905,0.0013455733388167967,11,0.026004728132387706,0.037929126927319194,0.00872274061156191,0.1815832425488917,0.015655023048655847,0.06789513986805318,0.11980277748180977
2016,76,0,0.027,114,1.9844513024392,0.0017321183402740914,2,0.017543859649122806,0.04875948585528763,0.010613544605197978,0.06748642375169411,0.0118932287506468,0.04849976372120279,0.08355622323380023
2016,76,0,0.1,423,1.2904531505722905,0.0013455733388167967,6,0.014184397163120567,0.02294760551552995,0.010385606934623271,0.054072666000591685,0.013023551937912936,0.041032121026362,0.08424639087131042
2016,76,1,0.027,114,1.9844513024392,0.0017321183402740914,6,0.05263157894736842,0.09185924090691258,0.009420978567361753,0.09346275633970547,0.03639716264255921,0.051986665315814085,0.17535584972997795
2016,76,1,0.1,423,1.2904531505722905,0.0013455733388167967,14,0.03309692671394799,0.04943633351655615,0.0074455040890619795,0.2925859338778787,0.02373544258545257,0.11228836815410781,0.19564898652471763
2016,77,0,0.027,114,1.9844513024392,0.0017321183402740914,2,0.017543859649122806,0.04079629744560294,0.010833885255368866,0.051388775280895915,0.004079084093947305,0.0447111783498646,0.07626337382179811
2016,77,0,0.1,423,1.2904531505722905,0.0013455733388167967,5,0.01182033096926714,0.01863670185792902,0.01086409348596549,0.04655185892100033,0.00865770214054451,0.03890704850228355,0.0642508713607391
2016,77,1,0.027,114,1.9844513024392,0.0017321183402740914,6,0.05263157894736842,0.08271962600406733,0.009673870824382228,0.18874794873759781,0.039368379003045684,0.11042367076889392,0.18355186670756066
2016,77,1,0.1,423,1.2904531505722905,0.0013455733388167967,6,0.014184397163120567,0.03949080622890786,0.008549402814508118,0.1281150677409486,0.01228042856814815,0.07203580722826386,0.13803509997948848
2016,78,0,0.027,114,1.9844513024392,0.0017321183402740914,2,0.017543859649122806,0.044188756377091576,0.010740016246099519,0.046661840161940527,0.012890918003396035,0.03212872237048203,0.07554097191692792
2016,78,0,0.1,423,1.2904531505722905,0.0013455733388167967,5,0.01182033096926714,0.019564488759409943,0.010761114252345329,0.0533339374258186,0.00814016979374399,0.03049661981579188,0.06517785576809568
2016,78,1,0.027,114,1.9844513024392,0.0017321183402740914,5,0.043859649122807015,0.08098298564341568,0.0097219234945556,0.16671732774021453,0.03639716264255921,0.08860006080222593,0.19117725554156983
2016,78,1,0.1,423,1.2904531505722905,0.0013455733388167967,8,0.018912529550827423,0.04029393682347923,0.0084602597440532,0.09203435465029464,0.0156846413382139,0.048426513569252316,0.11384041335501326
2016,79,0,0.027,114,1.9844513024392,0.0017321183402740914,0,0.0,0.04426680779514307,0.010737856570939841,,,,
2016,79,0,0.1,423,1.2904531505722905,0.0013455733388167967,5,0.01182033096926714,0.01995686244483208,0.010717562935385592,0.10276577004797383,0.00865770214054451,0.0513733004294874,0.09011523074349538
2016,79,1,0.027,114,1.9844513024392,0.0017321183402740914,6,0.05263157894736842,0.07159120324443266,0.009981793201711926,0.06748642375169411,0.047404168705269756,0.06890286563049508,0.13405540739043398
2016,79,1,0.1,423,1.2904531505722905,0.0013455733388167967,11,0.026004728132387706,0.037882645897903515,0.008727899749699624,0.1658102707999256,0.019505810916831345,0.05173735132226631,0.11055833953494394
2016,80,0,0.027,114,1.9844513024392,0.0017321183402740914,2,0.017543859649122806,0.045847492973125716,0.010694119165529642,0.013540790846117146,0.004079084093947305,0.00998879788100937,0.05855957147905952
2016,80,0,0.1,423,1.2904531505722905,0.0013455733388167967,3,0.0070921985815602835,0.019421570780435504,0.010776977360481301,0.06989493199415175,0.00814016979374399,0.0499245734891014,0.062153047671376284
2016,80,1,0.027,114,1.9844513024392,0.0017321183402740914,4,0.03508771929824561,0.06863215953535746,0.010063669653856239,0.051388775280895915,0.03639716264255921,0.043508869493686264,0.1030426108864949
2016,80,1,0.1,423,1.2904531505722905,0.0013455733388167967,10,0.02364066193853428,0.03945343125154314,0.008553551231045845,0.0890701664005491,0.01359015121636653,0.05062067894621047,0.09585108119074372
2016,81,0,0.027,114,1.9844513024392,0.0017321183402740914,0,0.0,0.046279587112013076,0.010682163162657517,,,,
2016,81,0,0.1,423,1.2904531505722905,0.0013455733388167967,5,0.01182033096926714,0.020363194008840343,0.010672462370815794,0.06431435875832792,0.00865770214054451,0.05412632735862766,0.08004888122691782
2016,81,1,0.027,114,1.9844513024392,0.0017321183402740914,5,0.043859649122807015,0.0632303561061407,0.010213137030295734,0.051388775280895915,0.021583285617976067,0.029485943480479948,0.08035928424855282
2016,81,1,0.1,423,1.2904531505722905,0.0013455733388167967,11,0.026004728132387706,0.03434587300064414,0.00912046205238677,0.11074194937171877,0.019505810916831345,0.04220344630478934,0.10366377529727995
2016,82,0,0.027,114,1.9844513024392,0.0017321183402740914,3,0.02631578947368421,0.04392727547408454,0.010747251397299231,0.06024878942038803,0.0118932287506468,0.03478726423777645,0.049609333843476315
2016,82,0,0.1,423,1.2904531505722905,0.0013455733388167967,7,0.016548463356973995,0.023357741050259666,0.010340084150264661,0.032244700709661345,0.012833215162005862,0.02304053344263801,0.07258649855208428
2016,82,1,0.027,114,1.9844513024392,0.0017321183402740914,3,0.02631578947368421,0.08066899953117888,0.009730611459797103,0.08474743169180976,0.02623542064795914,0.05376249981130088,0.16011726598687961
2016,82,1,0.1,423,1.2904531505722905,0.0013455733388167967,10,0.02364066193853428,0.04506495811946527,0.007930702670266241,0.266390835093667,0.0156846413382139,0.07481728099585183,0.12895340558454488
2016,83,0,0.027,114,1.9844513024392,0.0017321183402740914,1,0.008771929824561403,0.042001716896741606,0.010800531416186874,0.013540790846117146,0.0017321183402740914,0.015272909186391237,0.03634443512904386
2016,83,0,0.1,423,1.2904531505722905,0.0013455733388167967,8,0.018912529550827423,0.0212265098027514,0.01057663907487657,0.05030675173753263,0.012833215162005862,0.03771810057174463,0.075216908211374
2016,83,1,0.027,114,1.9844513024392,0.0017321183402740914,5,0.043859649122807015,0.0803672529612245,0.009738960758091957,0.3204335911167393,0.03639716264255921,0.15953979315526645,0.25572794811065896
2016,83,1,0.1,423,1.2904531505722905,0.0013455733388167967,8,0.018912529550827423,0.04526248753801674,0.007908777993266171,0.33973711168945786,0.01475545929554678,0.1264347695774397,0.16817983855287733
2016,84,0,0.027,114,1.9844513024392,0.0017321183402740914,2,0.017543859649122806,0.04512665777111475,0.010714064605585286,0.11239820324552752,0.012890918003396035,0.07536157042284364,0.10947792673829933
2016,84,0,0.1,423,1.2904531505722905,0.0013455733388167967,4,0.009456264775413711,0.01882683261220489,0.010842990019930672,0.0533339374258186,0.00814016979374399,0.032056244938216016,0.08148703744396826
2016,84,1,0.027,114,1.9844513024392,0.0017321183402740914,3,0.02631578947368421,0.07494245022497906,0.009889064523123992,0.11239820324552752,0.02623542064795914,0.09747296674499384,0.1339593836426467
2016,84,1,0.1,423,1.2904531505722905,0.0013455733388167967,9,0.02127659574468085,0.039322398839229195,0.008568095106776308,0.12115068341883584,0.013023551937912936,0.060982487592272205,0.13653291573331497
2016,85,0,0.027,114,1.9844513024392,0.0017321183402740914,0,0.0,0.04997629680029061,0.01057987556448673,,,,
2016,85,0,0.1,423,1.2904531505722905,0.0013455733388167967,3,0.0070921985815602835,0.020305418410884193,0.01067887514382431,0.04114862513963846,0.005492866785575368,0.028714255378009756,0.08233795155178689
2016,85,1,0.027,114,1.9844513024392,0.0017321183402740914,3,0.02631578947368421,0.08011482529641144,0.009745945407069793,0.06024878942038803,0.02623542064795914,0.04843644496353394,0.0814571465410279
2016,85,1,0.1,423,1.2904531505722905,0.0013455733388167967,9,0.02127659574468085,0.04336494481028226,0.00811939477989217,0.25090819606200077,0.0221710467514471,0.09814345856033646,0.15811676319663878
2016,86,0,0.027,114,1.9844513024392,0.0017321183402740914,1,0.008771929824561403,0.05103993416943797,0.010550444821748186,0.0,0.0017321183402740914,0.0017321183402740914,0.007584804958573787
2016,86,0,0.1,423,1.2904531505722905,0.0013455733388167967,5,0.01182033096926714,0.022948494698229745,0.010385508240243315,0.06989493199415175,0.00814016979374399,0.036040201115590254,0.06021653529608282
2016,86,1,0.027,114,1.9844513024392,0.0017321183402740914,1,0.008771929824561403,0.060450115144609365,0.010290066027774998,0.06748642375169411,0.0017321183402740914,0.0692185420919682,0.08277358598443872
2016,86,1,0.1,423,1.2904531505722905,0.0013455733388167967,8,0.018912529550827423,0.03425932938075107,0.009130067917307992,0.1281150677409486,0.012899257281760113,0.039195785285949025,0.10360633020840299
2016,87,0,0.027,114,1.9844513024392,0.0017321183402740914,0,0.0,0.05178922603035518,0.01052971198870339,,,,
2016,87,0,0.1,423,1.2904531505722905,0.0013455733388167967,5,0.01182033096926714,0.020648104401277338,0.010640838887215467,0.06989493199415175,0.01228042856814815,0.055253171995592876,0.07638315347190894
2016,87,1,0.027,114,1.9844513024392,0.0017321183402740914,1,0.008771929824561403,0.053673416014581005,0.010477576634770929,0.0032873418793926135,0.0118932287506468,0.015180570630039414,0.1660424838568754
2016,87,1,0.1,423,1.2904531505722905,0.0013455733388167967,10,0.02364066193853428,0.03069655161057572,0.009525516617592478,0.04114862513963846,0.0221710467514471,0.03884390196666265,0.09715672526653187
2016,88,0,0.027,114,1.9844513024392,0.0017321183402740914,1,0.008771929824561403,0.04906190220653039,0.010605176774119903,0.013540790846117146,0.0017321183402740914,0.015272909186391237,0.022433552140632983
2016,88,0,0.1,423,1.2904531505722905,0.0013455733388167967,5,0.01182033096926714,0.02326276314861442,0.010350626173984403,0.036088533154668534,0.00865770214054451,0.02528539346561609,0.0549172474693256
2016,88,1,0.027,114,1.9844513024392,0.0017321183402740914,9,0.07894736842105263,0.10251968170642178,0.009126005205433588,0.1647913023534684,0.052163594952537196,0.11905893586834893,0.21860305783262907
2016,88,1,0.1,423,1.2904531505722905,0.0013455733388167967,11,0.026004728132387706,0.044924048133948895,0.007946342902193145,0.4500125047471575,0.019505810916831345,0.08657833254750491,0.13430934753147333
2016,89,0,0.027,114,1.9844513024392,0.0017321183402740914,2,0.017543859649122806,0.046149927223881754,0.010685750839173771,0.06748642375169411,0.0118932287506468,0.07160104743906404,0.08397312583473003
2016,89,0,0.1,423,1.2904531505722905,0.0013455733388167967,8,0.018912529550827423,0.02100588985604217,0.010601126673264924,0.15735816585657814,0.012899257281760113,0.04976122067144573,0.10167332078472277
2016,89,1,0.027,114,1.9844513024392,0.0017321183402740914,5,0.043859649122807015,0.06808998331310444,0.010078671617287514,0.12412158352108382,0.02623542064795914,0.06806513426031069,0.11420217250014629
2016,89,1,0.1,423,1.2904531505722905,0.0013455733388167967,14,0.03309692671394799,0.03716786513254601,0.008807236475951587,0.09711863290703215,0.0156846413382139,0.0506026111091773,0.11666717433026998
2016,90,0,0.027,114,1.9844513024392,0.0017321183402740914,2,0.017543859649122806,0.04550545970233596,0.01070358319292528,0.09217665211520054,0.004079084093947305,0.09404670620024858,0.10597755504952223
2016,90,0,0.1,423,1.2904531505722905,0.0013455733388167967,7,0.016548463356973995,0.02050900517093724,0.010656278135295726,0.11074194937171877,0.012833215162005862,0.06114574811556328,0.12502933226388968
2016,90,1,0.027,114,1.9844513024392,0.0017321183402740914,5,0.043859649122807015,0.08827892094641196,0.009520045673064926,0.4311951645376795,0.02623542064795914,0.15509289856279063,0.2766602711551932
2016,90,1,0.1,423,1.2904531505722905,0.0013455733388167967,10,0.02364066193853428,0.03840541932283411,0.008669874780204572,0.12494252500863756,0.0156846413382139,0.057060702751411396,0.11566491318134284
2016,91,0,0.027,114,1.9844513024392,0.0017321183402740914,2,0.017543859649122806,0.05103714398874429,0.01055052202577709,0.051388775280895915,0.004079084093947305,0.03647326264296291,0.09593144081821003
2016,91,0,0.1,423,1.2904531505722905,0.0013455733388167967,5,0.01182033096926714,0.020106601760712207,0.010700942696441142,0.03435120572488071,0.00814016979374399,0.02787149461426952,0.08747766447830845
2016,91,1,0.027,114,1.9844513024392,0.0017321183402740914,3,0.02631578947368421,0.07432256959819729,0.009906216559884457,0.06024878942038803,0.02623542064795914,0.055607565646852875,0.11953901000428882
2016,91,1,0.1,423,1.2904531505722905,0.0013455733388167967,8,0.018912529550827423,0.037959352799516184,0.008719385706303625,0.06431435875832792,0.01359015121636653,0.038458740366779987,0.14370097385096808
2016,92,0,0.027,114,1.9844513024392,0.0017321183402740914,0,0.0,0.040784326375944605,0.010834216493704071,,,,
2016,92,0,0.1,423,1.2904531505722905,0.0013455733388167967,4,0.009456264775413711,0.01853100551040889,0.0108758251981148,0.0533339374258186,0.00814016979374399,0.040396008158456675,0.05774594987198878
2016,92,1,0.027,114,1.9844513024392,0.0017321183402740914,3,0.02631578947368421,0.07714212739208594,0.009828199669471035,0.11720348635090594,0.021583285617976067,0.08896296920965363,0.2258819765766193
2016,92,1,0.1,423,1.2904531505722905,0.0013455733388167967,11,0.026004728132387706,0.04127222539473143,0.008351675103371049,0.2583505435484734,0.0156846413382139,0.07308508004170777,0.13569496986991184
2016,93,0,0.027,114,1.9844513024392,0.0017321183402740914,2,0.017543859649122806,0.044572957762428256,0.010729385431068357,0.051388775280895915,0.0118932287506468,0.04979173355505084,0.09474075707318395
2016,93,0,0.1,423,1.2904531505722905,0.0013455733388167967,4,0.009456264775413711,0.018814963606613267,0.01084430741414879,0.030494865293609674,0.00865770214054451,0.02694119924192484,0.05612802081409421
2016,93,1,0.027,114,1.9844513024392,0.0017321183402740914,7,0.06140350877192982,0.09714388117783336,0.009274753084137248,0.3040171966383969,0.057615133115760164,0.17796777156244437,0.2596772480871927
2016,93,1,0.1,423,1.2904531505722905,0.0013455733388167967,10,0.02364066193853428,0.04557439413200483,0.007874158080052589,0.14658678035999784,0.019505810916831345,0.0620685769656939,0.10617943506654796
2016,94,0,0.027,114,1.9844513024392,0.0017321183402740914,1,0.008771929824561403,0.047969468505516075,0.010635404308565445,0.046661840161940527,0.0017321183402740914,0.04839395850221462,0.08303892507649688
2016,94,0,0.1,423,1.2904531505722905,0.0013455733388167967,8,0.018912529550827423,0.020602745498471572,0.01064587347548281,0.08340114980683722,0.01475545929554678,0.04903028032804624,0.0949381730774605
2016,94,1,0.027,114,1.9844513024392,0.0017321183402740914,5,0.043859649122807015,0.06426208858310575,0.010184589092826312,0.10171433452149814,0.039368379003045684,0.07316580280890306,0.12608490047317086
2016,94,1,0.1,423,1.2904531505722905,0.0013455733388167967,11,0.026004728132387706,0.03485047870813693,0.009064453599416569,0.1823012521610623,0.02373544258545257,0.06425035678429403,0.09843256020639421
2016,95,0,0.027,114,1.9844513024392,0.0017321183402740914,0,0.0,0.04708347780657462,0.010659919585186639,,,,
2016,95,0,0.1,423,1.2904531505722905,0.0013455733388167967,4,0.009456264775413711,0.023101841856951202,0.010368487550624007,0.060645195748241454,0.00865770214054451,0.04336509852643977,0.15038810860950313
2016,95,1,0.027,114,1.9844513024392,0.0017321183402740914,4,0.03508771929824561,0.08802107875937813,0.00952718014134693,0.1347854163081792,0.021583285617976067,0.06860713105002225,0.140371432253646
2016,95,1,0.1,423,1.2904531505722905,0.0013455733388167967,12,0.028368794326241134,0.045066196509600205,0.007930565215785246,0.35620260235381873,0.02373544258545257,0.09368943727445478,0.16954063257027158
2016,96,0,0.027,114,1.9844513024392,0.0017321183402740914,4,0.03508771929824561,0.047556352074540426,0.010646835200102149,0.06748642375169411,0.012890918003396035,0.04817813491432976,0.0800334839427676
2016,96,0,0.1,423,1.2904531505722905,0.0013455733388167967,6,0.014184397163120567,0.02061912887737342,0.010644055010703096,0.05030675173753263,0.01228042856814815,0.031854294291294494,0.07944147887387937
2016,96,1,0.027,114,1.9844513024392,0.0017321183402740914,3,0.02631578947368421,0.06094825735784064,0.01027628248109821,0.03222237898461233,0.0118932287506468,0.026404716195468803,0.10339574371796029
2016,96,1,0.1,423,1.2904531505722905,0.0013455733388167967,11,0.026004728132387706,0.03564116419820767,0.008976691866984155,0.09284830564827162,0.022740029682432272,0.04428607530225692,0.08484505839432112
2016,97,0,0.027,114,1.9844513024392,0.0017321183402740914,1,0.008771929824561403,0.05050433729323279,0.010565264735313088,0.0032873418793926135,0.0017321183402740914,0.005019460219666705,0.07696126168132003
2016,97,0,0.1,423,1.2904531505722905,0.0013455733388167967,5,0.01182033096926714,0.020386546635681964,0.010669870357917865,0.06431435875832792,0.00814016979374399,0.04851023099063845,0.09037343433610277
2016,97,1,0.027,114,1.9844513024392,0.0017321183402740914,4,0.03508771929824561,0.10629640550157035,0.00902150362469404,0.4556757753653964,0.03639716264255921,0.3170120677802828,0.6297695595337935
2016,97,1,0.1,423,1.2904531505722905,0.0013455733388167967,10,0.02364066193853428,0.04412564536647646,0.008034961209892133,0.2056294928509379,0.01475545929554678,0.06659311046369343,0.18599761829847594
2016,98,0,0.027,114,1.9844513024392,0.0017321183402740914,1,0.008771929824561403,0.04698618305666059,0.010662611721470667,0.03222237898461233,0.0017321183402740914,0.033954497324886423,0.09722256526072577
2016,98,0,0.1,423,1.2904531505722905,0.0013455733388167967,5,0.01182033096926714,0.019841737996561998,0.010730341114765871,0.02822530786867783,0.00865770214054451,0.017655370370313728,0.06520965221965577
2016,98,1,0.027,114,1.9844513024392,0.0017321183402740914,3,0.02631578947368421,0.07074080380413597,0.010005323671661884,0.11239820324552752,0.03639716264255921,0.08109197077198749,0.13452753751123184
2016,98,1,0.1,423,1.2904531505722905,0.0013455733388167967,10,0.02364066193853428,0.04144464250673252,0.008332537754020099,0.18204261700850877,0.0156846413382139,0.0559555040370463,0.12499668807229794
2016,99,0,0.027,114,1.9844513024392,0.0017321183402740914,1,0.008771929824561403,0.048713212625804025,0.010614824980965241,0.03222237898461233,0.0017321183402740914,0.033954497324886423,0.07043224579702706
2016,99,0,0.1,423,1.2904531505722905,0.0013455733388167967,9,0.02127659574468085,0.021197153429654194,0.01057989747052604,0.08465308759643198,0.0156846413382139,0.03563619048201305,0.08149412346008096
2016,99,1,0.027,114,1.9844513024392,0.0017321183402740914,5,0.043859649122807015,0.08024964212854832,0.00974221503841358,0.16671732774021453,0.038653870558329695,0.07578599097813621,0.1457239760412552
2016,99,1,0.1,423,1.2904531505722905,0.0013455733388167967,9,0.02127659574468085,0.03731392931121095,0.008791024156986679,0.17741870073182264,0.01359015121636653,0.08278684093277722,0.12226841746660273
2016,100,0,0.027,114,1.9844513024392,0.0017321183402740914,1,0.008771929824561403,0.04418068746201573,0.010740239512196277,0.05974335828184052,0.0017321183402740914,0.06147547662211461,0.09986271309819353
2016,100,0,0.1,423,1.2904531505722905,0.0013455733388167967,3,0.0070921985815602835,0.01904948552135964,0.010818276773913234,0.054072666000591685,0.006744576948439329,0.029879673895613523,0.07627716585013053
2016,100,1,0.027,114,1.9844513024392,0.0017321183402740914,4,0.03508771929824561,0.07827733574867429,0.009796788564458639,0.2848993701572884,0.02623542064795914,0.11531708252370554,0.18228239191749923
2016,100,1,0.1,423,1.2904531505722905,0.0013455733388167967,11,0.026004728132387706,0.041236469144491625,0.008355643850117686,0.19430192323952,0.0156846413382139,0.0690605692653703,0.1352937579779705
