season,repetition,rho,penalty_mean,penalty_sd,penalty_min,penalty_max,penalty_p50,penalty_p90,penalty_p99,penalty_range,sd_penalty_over_sd_ability,top_bin_minus_next_ability,top_bin_minus_next_penalty,top_bin_minus_next_score
2014,1,0,0.011168067281061306,0.02665900578719604,2.1035575247262716e-11,0.18248136538995519,8.406056132841225e-05,0.05486843187819846,0.10705178277138071,0.18248136536891962,0.026659005787196044,0.1398846316592857,0.01770714098709099,0.1221774906721947
2014,1,1,0.011168067281061305,0.03250412937117137,4.591042595236311e-15,0.23048044522584543,8.331303000611252e-06,0.05357152160490076,0.1816320426392604,0.23048044522584085,0.03250412937117138,0.28241171913313556,0.05098015772493714,0.23143156140819843
2014,2,0,0.011168067281061305,0.027095983011383835,3.535702759673516e-11,0.20524212056301439,7.798846387266517e-05,0.0579663888541846,0.11133007832210444,0.20524212052765736,0.02709598301138384,-0.06421464336493402,0.013279779074475716,-0.07749442243940974
2014,2,1,0.011168067281061306,0.029842538712079435,1.644584413389967e-14,0.1779766383651789,9.765360307849981e-06,0.049905796761304494,0.13587481620584238,0.17797663836516245,0.02984253871207944,0.2649254901176905,0.03730643789817499,0.2276190522195155
2014,3,0,0.011168067281061306,0.026988495528818407,6.958384346438913e-11,0.18177227882109215,6.68643481859349e-05,0.060978715970858736,0.1016967961684181,0.1817722787515083,0.02698849552881841,-0.22248340424148424,0.016731527166471704,-0.23921493140795594
2014,3,1,0.011168067281061305,0.03561177959925968,4.157798491737219e-14,0.23492123137729856,6.899685742657356e-06,0.025819913576254107,0.2063856966697906,0.23492123137725698,0.03561177959925969,0.43882237463779616,0.048274722389354215,0.39054765224844196
2014,4,0,0.011168067281061308,0.026178890446469465,1.5752323829110924e-10,0.17113557382280845,9.612888906368744e-05,0.06519684257197483,0.09405567776608913,0.1711355736652852,0.02617889044646947,-0.17283329418231722,0.014628171290361255,-0.18746146547267847
2014,4,1,0.011168067281061305,0.03653465595732482,2.027899635335233e-14,0.3881079118577103,7.59011566144e-06,0.03432723293072926,0.17966293056414184,0.38810791185769006,0.03653465595732483,0.25441062470435416,0.04535073239255971,0.20905989231179445
2014,5,0,0.011168067281061308,0.029145351265368543,1.4274755452544916e-10,0.23711013313927085,6.362821816156272e-05,0.04799478627359269,0.11968560678888206,0.23711013299652328,0.029145351265368546,-0.03284326924878525,0.004974130831477137,-0.03781740008026239
2014,5,1,0.011168067281061306,0.030807349764144596,7.486082992931528e-16,0.25640688233967784,1.2177125782838767e-05,0.04798340619038258,0.15301776740734274,0.2564068823396771,0.0308073497641446,0.38338944918296947,0.03757621597856049,0.345813233204409
2014,6,0,0.011168067281061305,0.028793559632861537,2.6719440240485395e-11,0.22750533801148393,7.042686956104171e-05,0.05441980620474434,0.1541223553491035,0.2275053379847645,0.02879355963286154,-0.08243321965851225,0.01978083053959488,-0.10221405019810713
2014,6,1,0.011168067281061306,0.035108771700608124,7.618116311699515e-14,0.3097641322213695,4.09212904530385e-06,0.04336085144395194,0.1745765758160471,0.30976413222129334,0.03510877170060813,0.24876524566031455,0.051538722973274644,0.1972265226870399
2014,7,0,0.011168067281061305,0.02809407297975089,4.189718475079947e-12,0.18153372346271432,6.031391155036386e-05,0.05466632160616614,0.1256845986235497,0.1815337234585246,0.028094072979750893,0.057708144563110596,0.010383372323288918,0.04732477223982168
2014,7,1,0.011168067281061306,0.029493849716005677,3.0508175573060444e-13,0.18614990508632093,7.559550948676967e-06,0.05792766913104537,0.15316116763036025,0.18614990508601584,0.02949384971600568,0.26088119127321896,0.0413819725342195,0.21949921873899947
2014,8,0,0.011168067281061306,0.026854406534434883,1.1379995164749686e-11,0.15048302682614198,8.851296560614156e-05,0.05803582396134077,0.11754572715798717,0.15048302681476197,0.026854406534434886,0.14044961617036816,0.011458304934616324,0.12899131123575183
2014,8,1,0.011168067281061305,0.028846194448478264,4.9190059421049016e-14,0.19715284864464952,9.319962119523557e-06,0.05615426606204141,0.122268990231093,0.19715284864460034,0.028846194448478267,0.2456693727913224,0.02701833768707615,0.21865103510424624
2014,9,0,0.011168067281061306,0.02804133490466481,8.583441305433935e-11,0.2026504526386316,5.718179331210264e-05,0.05948080489024203,0.1276197836620773,0.20265045255279718,0.028041334904664813,-0.01670680328849198,0.015641703813824275,-0.03234850710231625
2014,9,1,0.011168067281061308,0.03568197817199396,9.685915176598391e-16,0.3483135229307919,7.574840018575454e-06,0.034190611826886506,0.181752657957958,0.34831352293079093,0.035681978171993964,0.1889173569947552,0.0502333992773548,0.1386839577174004
2014,10,0,0.011168067281061305,0.026405258864136597,1.054314255173344e-10,0.16557028467389973,8.525188514707845e-05,0.061116092585977465,0.10114266835525847,0.1655702845684683,0.0264052588641366,-0.12706013556435183,0.017207849154313393,-0.14426798471866523
2014,10,1,0.011168067281061306,0.03112367334227622,3.956724780694762e-14,0.21483131718218518,1.3490672100137627e-05,0.04456097151630945,0.1660708878301321,0.2148313171821456,0.031123673342276222,0.4052323391647029,0.058052458436641405,0.3471798807280615
2014,11,0,0.011168067281061306,0.027219562586993328,1.1378607102557764e-11,0.19905489367154203,7.68277809801893e-05,0.05319028158638984,0.12052469851363949,0.1990548936601634,0.02721956258699333,0.2798196428010805,0.01208802192967769,0.26773162087140284
2014,11,1,0.011168067281061306,0.030750936761348678,1.7253794579225038e-16,0.23213418838259456,1.0835730860757169e-05,0.04471043629703569,0.16344298945841623,0.2321341883825944,0.03075093676134868,0.07602705540045251,0.035469976601035735,0.04055707879941678
2014,12,0,0.011168067281061308,0.025885328997743262,7.272804287567142e-11,0.1339927364832641,6.694422666002144e-05,0.06008321722128868,0.0976631484006965,0.13399273641053605,0.025885328997743266,0.06140471285052109,0.017023575754688325,0.044381137095832766
2014,12,1,0.011168067281061306,0.03226220176440724,1.8846676866123055e-14,0.21789572635972412,1.0983905793996488e-05,0.04275534162093461,0.18183914026137998,0.21789572635970528,0.03226220176440725,0.24768836015764828,0.026825712754212486,0.2208626474034358
2014,13,0,0.011168067281061305,0.028033704153626948,4.09017359605364e-11,0.18225343854210316,5.662838716905702e-05,0.056811828762007556,0.13659642520767618,0.18225343850120143,0.02803370415362695,-0.13618284434717384,0.0040639210153598886,-0.14024676536253372
2014,13,1,0.011168067281061306,0.03624104090430975,1.27938665192336e-15,0.37339333026861043,9.395259705668884e-06,0.04015945711618003,0.1979236309949659,0.37339333026860916,0.036241040904309754,0.49613783213227347,0.06533333262655912,0.43080449950571437
2014,14,0,0.011168067281061306,0.026410252164563153,2.612184840977144e-12,0.15692532918645039,7.991240872378826e-05,0.05670766942761258,0.10882279932825167,0.1569253291838382,0.026410252164563157,-0.06008699983616314,0.024882527391226414,-0.08496952722738955
2014,14,1,0.011168067281061306,0.029493222307072516,2.4159377129292853e-13,0.19659072813438938,1.1082663217162932e-05,0.06451157060690103,0.15285106446372027,0.1965907281341478,0.02949322230707252,0.3929245733515445,0.0467939569730937,0.34613061637845083
2014,15,0,0.011168067281061306,0.026058520231699422,5.802218344261119e-11,0.17539972070861432,7.96145171815383e-05,0.06035450867882249,0.10000003534166164,0.17539972065059214,0.026058520231699425,-0.18243135999060006,0.018522216596542133,-0.2009535765871422
2014,15,1,0.011168067281061308,0.03376187045616688,7.343075467634768e-14,0.27857900001308594,8.575935343953222e-06,0.04234500442512035,0.16599869304950032,0.2785790000130125,0.03376187045616689,0.33480750969988304,0.05881979487880492,0.27598771482107815
2014,16,0,0.011168067281061308,0.027413057579323503,4.164903776093467e-10,0.17207175692187346,7.383933425493262e-05,0.06035414744750373,0.1032407269583819,0.1720717565053831,0.027413057579323507,-0.10280652573085837,0.023765228579815282,-0.12657175431067366
2014,16,1,0.011168067281061306,0.03389996286296231,1.9207060631877612e-15,0.3552639050684024,1.0340336526138606e-05,0.03866712137271641,0.12583991457249452,0.35526390506840044,0.03389996286296232,0.619000958369343,0.04214755249385679,0.5768534058754862
2014,17,0,0.011168067281061306,0.02693098518123758,1.1589585887498805e-11,0.1478480818789301,8.178284785458343e-05,0.054790851624731414,0.11999090348886311,0.1478480818673405,0.026930985181237585,0.10862772049360384,0.014701271313732445,0.09392644917987139
2014,17,1,0.011168067281061308,0.034740125703732735,1.4063854138806517e-14,0.3426867110478607,1.6050088802636228e-05,0.0357201217329261,0.16644008555100662,0.34268671104784665,0.03474012570373274,0.3503856735318822,0.04597731825336594,0.3044083552785163
2014,18,0,0.011168067281061308,0.02871916845404824,2.8667937942154825e-11,0.18285374737158105,6.425190371091311e-05,0.04972187958317569,0.15605536015179372,0.18285374734291313,0.028719168454048243,0.04148875382336297,0.016549522910900734,0.024939230912462237
2014,18,1,0.011168067281061306,0.03279706951954878,2.811357797595481e-14,0.2561382465814835,8.55223584271733e-06,0.04461447848462615,0.17084351058626635,0.2561382465814554,0.032797069519548784,0.2646595732486232,0.07457945089524146,0.19008012235338176
2014,19,0,0.011168067281061306,0.027379742296758786,6.600567417106485e-11,0.18224205483146003,8.758482539466872e-05,0.059849522186364544,0.10798879398854498,0.18224205476545435,0.02737974229675879,-0.1858320041824234,0.019052029641338616,-0.20488403382376202
2014,19,1,0.011168067281061306,0.041522369556494236,1.4504300463484035e-15,0.42254279844013237,8.810616180282894e-06,0.024454843489371644,0.18782450396182587,0.42254279844013093,0.04152236955649424,0.43514070424804296,0.06228917062200259,0.3728515336260404
2014,20,0,0.011168067281061306,0.026342668094379632,3.812141434395196e-13,0.14096857906479124,8.166746662526335e-05,0.057894962318190156,0.10586354496351202,0.14096857906441002,0.026342668094379636,0.157997817111517,0.019246157490532923,0.13875165962098407
2014,20,1,0.011168067281061306,0.03085239563592526,5.617671283478532e-16,0.1963648396123803,8.69424012715374e-06,0.058409178824632924,0.15886463032290882,0.19636483961237974,0.030852395635925265,0.14363276142916848,0.03908048426565089,0.10455227716351759
2014,21,0,0.011168067281061308,0.025395186322176928,1.6562449044962728e-11,0.10422375831094317,6.462705389091593e-05,0.06322636745870926,0.09089174886463468,0.10422375829438073,0.02539518632217693,-0.041297758475258156,0.01000511155582133,-0.05130287003107949
2014,21,1,0.011168067281061306,0.03361561503051205,8.571088204201385e-14,0.30075302661362846,7.633125993957261e-06,0.046613436308467725,0.14312275752253703,0.30075302661354275,0.03361561503051206,0.2131865764524148,0.04977006411135655,0.16341651234105825
2014,22,0,0.011168067281061305,0.02803067331972088,4.5238356277211266e-11,0.16742921627174787,9.556365295417755e-05,0.05642090976318473,0.14748644497808325,0.1674292162265095,0.028030673319720884,-0.10168703339859647,0.013702373228969764,-0.11538940662756624
2014,22,1,0.011168067281061308,0.03445471475747599,3.230339406970289e-17,0.29794849250185235,8.795241314550571e-06,0.03988237376852337,0.18458041235462688,0.2979484925018523,0.034454714757475996,0.2881171805321904,0.06437464038226356,0.2237425401499268
2014,23,0,0.011168067281061306,0.026232183764776998,4.5738854138591416e-11,0.13241113305342378,8.186462346092772e-05,0.05525093876167137,0.10683808357065676,0.13241113300768492,0.026232183764777,-0.2747621784294219,0.012621821392718405,-0.2873839998221403
2014,23,1,0.011168067281061305,0.03345195910774886,2.0226407536948173e-15,0.3097228148287496,1.3167719768881857e-05,0.05683966835446838,0.16105338354796692,0.3097228148287476,0.03345195910774887,0.255415731398858,0.050158770966805974,0.205256960432052
2014,24,0,0.011168067281061308,0.026140224115429333,4.1000387437959685e-11,0.15156257121133326,6.618056723151385e-05,0.05882945336983619,0.09487503081952971,0.15156257117033287,0.026140224115429336,0.09213908347122123,0.005147339482372622,0.0869917439888486
2014,24,1,0.011168067281061305,0.033795519834324446,5.863781799776339e-14,0.3241637339949411,1.5052230506853904e-05,0.04518502201585862,0.18212572218990017,0.32416373399488246,0.03379551983432445,0.07123170437782178,0.054786693034739015,0.016445011343082766
2014,25,0,0.011168067281061306,0.02596589378697511,7.871459906110281e-11,0.1735699943928384,0.00011351637430085838,0.059950509247241136,0.09089783016726766,0.17356999431412382,0.025965893786975114,0.1141279723703897,0.013954047092915468,0.10017392527747424
2014,25,1,0.011168067281061306,0.030028537239295043,1.3552697050286129e-15,0.2489092647242726,1.274711778563839e-05,0.05475836878708007,0.1349630835123177,0.24890926472427125,0.030028537239295047,0.32711109808120087,0.07098972872122425,0.25612136935997665
2014,26,0,0.011168067281061306,0.02610620349464528,3.2134495694452846e-11,0.16459431230863353,8.473159891021134e-05,0.057063344412452234,0.10012503624099042,0.16459431227649904,0.026106203494645285,0.41328668632271737,0.010488209851266719,0.4027984764714507
2014,26,1,0.011168067281061306,0.029712387751216617,2.8704025069611675e-14,0.247790455993481,7.278132657530502e-06,0.06222873181117183,0.13194076820941594,0.2477904559934523,0.02971238775121662,0.3880792684002138,0.036489656995314014,0.35158961140489975
2014,27,0,0.011168067281061306,0.025025433539747687,8.748101264160734e-12,0.09985581327504174,6.540255804433634e-05,0.06112444787532131,0.09029903843623055,0.09985581326629364,0.02502543353974769,0.3336557363433882,0.01468998490048598,0.3189657514429022
2014,27,1,0.011168067281061306,0.03551392990624026,9.187836697598447e-16,0.3502303120963873,1.0444079682473399e-05,0.039474446096486766,0.17946084991836006,0.35023031209638633,0.03551392990624027,0.3931285048386426,0.07570444059450107,0.3174240642441415
2014,28,0,0.011168067281061306,0.02592212069056784,2.7802386969554256e-11,0.18006778210531324,7.373148853213468e-05,0.058923235726524005,0.09096714786020842,0.18006778207751084,0.025922120690567842,0.01993746594637419,0.01743255507517444,0.0025049108711997503
2014,28,1,0.011168067281061306,0.03154656298066836,2.8586505635222635e-15,0.3404616930879106,9.745225699899361e-06,0.05351131825673504,0.12304005824967562,0.34046169308790775,0.031546562980668366,0.3015753940792799,0.02938316661320879,0.27219222746607113
2014,29,0,0.011168067281061306,0.027514099393860323,1.6129704098972522e-10,0.18382875702485138,7.176613418667661e-05,0.061375622375113154,0.10887736871763602,0.18382875686355435,0.027514099393860326,0.1387130722398397,0.009374836891970804,0.1293382353478689
2014,29,1,0.011168067281061306,0.03108374266349363,7.355052133223095e-15,0.21619135867976833,7.994905072502552e-06,0.05540319585183495,0.16741511555077085,0.21619135867976097,0.031083742663493633,0.04112174757256459,0.010532427584771117,0.030589319987793476
2014,30,0,0.011168067281061305,0.02579475599674218,2.6551047076633975e-11,0.11006357890586621,7.591895378531555e-05,0.056742246617115015,0.09927817290026504,0.11006357887931516,0.025794755996742184,0.4232525066121394,-0.00045303898519871016,0.42370554559733814
2014,30,1,0.011168067281061306,0.033442438477030156,4.293864628222196e-16,0.4378747083334554,8.834785469883035e-06,0.05514062424010194,0.12718299169279354,0.43787470833345493,0.03344243847703016,0.21038904554997184,0.033632343580121724,0.1767567019698501
2014,31,0,0.011168067281061306,0.02570564611862271,2.337249227252018e-10,0.1525911835713741,8.505095461352032e-05,0.06034996675249781,0.0999409949423905,0.15259118333764918,0.025705646118622714,0.07675396573815738,0.021994075559609815,0.05475989017854756
2014,31,1,0.011168067281061308,0.02863244893053878,5.522134592788126e-14,0.17206001514681976,9.532062011849744e-06,0.0593616708844445,0.13401424822521812,0.17206001514676453,0.028632448930538783,0.308938497823834,0.03711121173596406,0.27182728608786993
2014,32,0,0.011168067281061306,0.027063232034805377,3.810384369051584e-11,0.18201020716636965,8.711190619887538e-05,0.052698688421300356,0.11096864129151664,0.1820102071282658,0.02706323203480538,-0.06389241222077216,0.002510060540236024,-0.06640247276100819
2014,32,1,0.011168067281061306,0.029801756234335237,5.2894031571588464e-14,0.2174765162771786,1.3554481627294664e-05,0.04728386187408219,0.15300225839550147,0.2174765162771257,0.02980175623433524,0.3576096552448357,0.03418920645869883,0.32342044878613685
2014,33,0,0.011168067281061308,0.024898422063658273,1.0523949167875378e-11,0.1197260670536818,8.681685454398229e-05,0.05803584731793785,0.09162928818951194,0.11972606704315786,0.024898422063658276,-0.028218380619184524,0.005598976932203788,-0.033817357551388316
2014,33,1,0.011168067281061308,0.028830930115694948,2.922911724171009e-15,0.17324177037534963,8.417797102489133e-06,0.060700351954724105,0.14280836691142218,0.17324177037534672,0.02883093011569495,0.017540127923934445,0.03687299860202469,-0.019332870678090246
2014,34,0,0.011168067281061306,0.02727268449394966,3.6076514858167227e-10,0.16622289124190473,7.23640865492544e-05,0.0516363584966184,0.1344759219492037,0.1662228908811396,0.027272684493949664,0.2665050954936597,0.015887665454114845,0.25061743003954484
2014,34,1,0.011168067281061306,0.034548322464952194,4.5607810124623415e-15,0.2865661830886198,1.585102443631278e-05,0.034207777980679165,0.19225149378930267,0.28656618308861526,0.0345483224649522,0.007586471812461193,0.07138640437256659,-0.0637999325601054
2014,35,0,0.011168067281061306,0.027477923163441425,2.156681750135796e-12,0.18307667259564755,8.25437802075138e-05,0.06060795701257097,0.1299182501676116,0.18307667259349086,0.02747792316344143,0.0956741218437471,0.029185018311923074,0.06648910353182402
2014,35,1,0.011168067281061306,0.03093181502039069,1.1086113625539053e-13,0.27195308148572345,1.0312451473220314e-05,0.058349256302995506,0.13204445797773717,0.2719530814856126,0.030931815020390694,-0.004428152691870135,0.03623784583830345,-0.04066599853017359
2014,36,0,0.011168067281061306,0.027677513108772842,3.491648358337743e-11,0.17418317760106078,7.489800674968553e-05,0.05845151084621867,0.12231356135038449,0.1741831775661443,0.027677513108772846,0.29039710981167616,0.014193369713396107,0.27620374009828
2014,36,1,0.011168067281061306,0.03420569552786616,9.30816984751348e-16,0.3020939597227349,1.0194028768411187e-05,0.04116321718522832,0.17569343659501974,0.30209395972273395,0.03420569552786617,0.2378121588423554,0.06651528976846402,0.17129686907389138
2014,37,0,0.011168067281061305,0.024911005482281617,1.274973854180295e-10,0.0998923376254929,6.156880951927871e-05,0.059480872592169796,0.09287343819243668,0.09989233749799552,0.02491100548228162,-0.09911832541399745,0.0001703615212600429,-0.0992886869352575
2014,37,1,0.011168067281061305,0.031444442926492025,1.4670014040129326e-13,0.2403843802239869,9.764771672852887e-06,0.05200511204376888,0.13687976743094057,0.2403843802238402,0.03144444292649203,0.2831161745014733,0.03923041221721152,0.2438857622842618
2014,38,0,0.011168067281061306,0.027700498464461834,2.1357542004494392e-10,0.2038799842267532,6.687426589997574e-05,0.06071249404985264,0.12820079336017864,0.2038799840131778,0.027700498464461838,-0.03978851723393681,0.015255160298967632,-0.05504367753290444
2014,38,1,0.011168067281061306,0.03822045358772891,9.310620845598788e-15,0.3921035100333205,7.2785059057424765e-06,0.03357486936929403,0.20427044082086648,0.3921035100333112,0.038220453587728916,0.23322261221982832,0.07647677871116133,0.156745833508667
2014,39,0,0.011168067281061306,0.026178623642142716,1.3837855698933534e-12,0.14296768698093104,8.761611060429719e-05,0.0606414996105044,0.09988927395385924,0.14296768697954726,0.02617862364214272,-0.11957133410487085,0.023527516221894643,-0.1430988503267655
2014,39,1,0.011168067281061306,0.03488415218715851,9.590898487146276e-14,0.39649371789130206,1.109543780308084e-05,0.04974545730750194,0.11599215889241636,0.39649371789120613,0.03488415218715852,0.50783693528931,0.060151748509773846,0.4476851867795361
2014,40,0,0.011168067281061306,0.02801587408123639,1.0377066967362533e-11,0.17077871261112196,5.7700703892665644e-05,0.04809632054809221,0.13052661591511974,0.1707787126007449,0.028015874081236392,0.008228499421569512,0.01585182523003885,-0.007623325808469337
2014,40,1,0.011168067281061305,0.03286950651762266,3.544927789088163e-15,0.3546508992844331,8.839795966846397e-06,0.046396980516470565,0.14367398170959164,0.35465089928442955,0.03286950651762267,0.3148888381714593,0.04986286500312517,0.2650259731683341
2014,41,0,0.011168067281061306,0.02511811787571976,2.2841569528589104e-10,0.15477781876533944,8.66393942194383e-05,0.06231389192124737,0.08557912203947148,0.15477781853692374,0.025118117875719763,0.1498763980786851,0.006702006916368696,0.14317439116231642
2014,41,1,0.011168067281061306,0.029866845532613543,4.1507371756481705e-15,0.19088564152341284,9.562168881756987e-06,0.04751583320922252,0.14202545322483953,0.19088564152340867,0.029866845532613547,0.4029899644106325,0.03843082757946646,0.36455913683116603
2014,42,0,0.011168067281061306,0.0267232186072678,5.168972630017394e-11,0.20279018718590586,9.292779704799695e-05,0.05756266340215835,0.09898207243455256,0.20279018713421612,0.026723218607267802,0.06969674006474742,0.020013836183685865,0.04968290388106156
2014,42,1,0.011168067281061305,0.03120786842828645,4.017397157862402e-15,0.2272653538420245,6.047173178563785e-06,0.05258544142192298,0.184963143811024,0.22726535384202048,0.031207868428286455,0.5179795724837372,0.05630204804011688,0.46167752444362026
2014,43,0,0.011168067281061308,0.027661709896489084,1.3563819053732926e-12,0.24380963365259578,6.737311789586911e-05,0.061462040313271675,0.09995361327275631,0.2438096336512394,0.027661709896489087,0.10790092780233719,0.026278450068720715,0.08162247773361647
2014,43,1,0.011168067281061306,0.03273619381946066,1.6881841711041526e-16,0.2360906715151975,1.062529400032108e-05,0.04163575746652251,0.1857158727446708,0.23609067151519733,0.03273619381946067,0.4618705965557339,0.06532097931164463,0.3965496172440893
2014,44,0,0.011168067281061306,0.02654194560434074,6.0547333881145325e-12,0.15554475819627273,6.882543550581044e-05,0.05708330402438459,0.11104585983790159,0.15554475819021799,0.026541945604340745,0.12849856963018239,0.012252556923049406,0.11624601270713297
2014,44,1,0.011168067281061306,0.030535563158549415,2.8056458888778364e-15,0.20072343492876712,9.980959426824492e-06,0.05706357848815172,0.1661319395163962,0.20072343492876432,0.03053556315854942,0.29301811941654,0.04270345665886813,0.2503146627576719
2014,45,0,0.011168067281061306,0.026214751687493147,8.820817856639027e-11,0.15063891703990703,7.719964563241208e-05,0.06510697375724811,0.09730415180185846,0.15063891695169884,0.02621475168749315,-0.08009963135902128,0.019020962056008905,-0.09912059341503018
2014,45,1,0.011168067281061308,0.03658208316527249,2.687763934962417e-14,0.3359908903919242,1.0162008482591367e-05,0.03516764950995283,0.18922799038428897,0.33599089039189733,0.0365820831652725,0.285959006918476,0.07111369946179186,0.21484530745668412
2014,46,0,0.011168067281061306,0.02635767510846173,7.414603417758906e-11,0.15093498871647348,7.575280764613552e-05,0.05632698153310549,0.11090608896746214,0.15093498864232746,0.026357675108461733,-0.10012770765941914,0.01044865036883471,-0.11057635802825386
2014,46,1,0.011168067281061306,0.03471962534993743,2.839322367870531e-15,0.4429783193206202,1.1829337594075307e-05,0.03902305009670716,0.14153807428546664,0.4429783193206174,0.03471962534993744,0.2223139453076931,0.045078729082204186,0.17723521622548893
2014,47,0,0.011168067281061308,0.027292538063240022,3.240538350712994e-11,0.17089392961430375,6.686321159088597e-05,0.05826371637922837,0.1069950428285793,0.17089392958189836,0.027292538063240026,0.20628309626257513,-0.0034899973184559924,0.20977309358103113
2014,47,1,0.011168067281061306,0.03740077697151596,3.460856272290459e-15,0.39671838175008606,6.3491674281798794e-06,0.03806736211986892,0.12716430901960324,0.3967183817500826,0.03740077697151597,0.39551559762301824,0.05319120220510886,0.3423243954179094
2014,48,0,0.011168067281061308,0.026112174192225723,7.401961199721097e-11,0.14392253177875428,6.216013314694531e-05,0.06237947733682161,0.0989816718612603,0.14392253170473465,0.026112174192225727,0.07219380656486696,0.019187598881253508,0.05300620768361345
2014,48,1,0.011168067281061306,0.03153182172972549,1.3245296622153484e-14,0.21116999551447027,8.951546627777904e-06,0.04963181788461201,0.14570618081333453,0.21116999551445703,0.0315318217297255,0.17153155526313524,0.04538756639915826,0.12614398886397699
2014,49,0,0.011168067281061305,0.026867611187003763,5.5008297267429403e-11,0.19941254200794578,5.384988341887663e-05,0.06035091501151103,0.09878677152373708,0.19941254195293748,0.026867611187003766,0.2133444626843924,0.024488557637790034,0.18885590504660235
2014,49,1,0.011168067281061306,0.03542408518253376,1.6171009809146337e-14,0.356892803600509,6.968338353425168e-06,0.03946645517387947,0.14603246492253347,0.35689280360049286,0.03542408518253377,0.30622739170589475,0.06753511380870768,0.23869227789718706
2014,50,0,0.011168067281061306,0.025936932438906223,9.935314906827836e-13,0.12986801151448932,6.56675933116354e-05,0.05956110748681385,0.10428987470465749,0.12986801151349578,0.025936932438906227,0.019809587064099146,0.0017194341531695141,0.018090152910929632
2014,50,1,0.011168067281061306,0.030457234729594256,4.983209767267284e-14,0.19078108585452938,8.049472120413484e-06,0.04545454545473842,0.16548183452030987,0.19078108585447956,0.03045723472959426,0.4718406600569113,0.03770985333556197,0.4341308067213493
2014,51,0,0.011168067281061308,0.026093997844501667,5.15171439881917e-12,0.1531102491278257,6.172795526279638e-05,0.05439067237308462,0.09262458983402475,0.15311024912267399,0.02609399784450167,0.004584345844632798,0.01733630166657705,-0.012751955821944251
2014,51,1,0.011168067281061306,0.03553874749459126,1.6820000962049544e-15,0.36098193055604566,1.2185046370334162e-05,0.03948800591006592,0.1693267877491752,0.360981930556044,0.035538747494591266,0.18530952060561123,0.05613493362461855,0.12917458698099268
2014,52,0,0.011168067281061306,0.02617240078070506,4.293340067793959e-12,0.1403603468979998,6.323712794995778e-05,0.05671203089322565,0.10314742743547345,0.14036034689370647,0.026172400780705065,-0.10763238459389915,0.011771442971129985,-0.11940382756502914
2014,52,1,0.011168067281061306,0.029410762040301536,8.337435920951081e-16,0.15952058362580188,8.312135296437717e-06,0.05803680436095061,0.1557237945539929,0.15952058362580104,0.02941076204030154,0.1900003923199206,0.03644242927513811,0.1535579630447825
2014,53,0,0.011168067281061305,0.02830570633237215,2.2167900442489566e-11,0.16749475313873813,6.402578132041723e-05,0.052988055113175406,0.1380450454589782,0.16749475311657022,0.028305706332372154,0.20992566019687453,0.01209246476947251,0.19783319542740202
2014,53,1,0.011168067281061308,0.031866973888593435,2.4946766980382544e-13,0.2618082895977563,1.382727211580807e-05,0.05430306881677389,0.1711617191394067,0.26180828959750685,0.03186697388859344,0.34867511055023304,0.0574023335117262,0.29127277703850685
2014,54,0,0.011168067281061308,0.0268865158038409,1.1325277601663183e-11,0.18209615574880322,6.374308463318325e-05,0.058714867909625885,0.10155359149611796,0.18209615573747795,0.026886515803840903,0.16489365372937229,0.02282218014849722,0.14207147358087507
2014,54,1,0.011168067281061306,0.028770127598059667,4.399217479446791e-16,0.18619685981129702,7.0413684663924335e-06,0.05372983703452821,0.1304590222107159,0.18619685981129658,0.02877012759805967,0.15424864343556632,0.02849614049834251,0.12575250293722381
2014,55,0,0.011168067281061308,0.025657455491415113,5.749857647693631e-11,0.1408694748854093,9.270101507553348e-05,0.06088488787701514,0.0914530962029014,0.1408694748279107,0.025657455491415116,-0.09863648537430084,0.012239759374656635,-0.11087624474895746
2014,55,1,0.011168067281061308,0.029930331437950947,1.3419837633475539e-14,0.21222460453798828,7.100803304616794e-06,0.05830046223967108,0.1647202320905582,0.21222460453797484,0.02993033143795095,0.4855282402482535,0.030393276733873813,0.45513496351437965
2014,56,0,0.011168067281061306,0.025768638472084052,3.438602204660506e-11,0.18103404226860495,8.462300806261059e-05,0.05871492621596518,0.09090938609678201,0.18103404223421893,0.025768638472084056,0.01196480131259857,0.013488627157386312,-0.0015238258447877427
2014,56,1,0.011168067281061306,0.03652964057068157,7.933145063677372e-16,0.3432727968865029,4.903802170818748e-06,0.04192251851938116,0.19167094574242086,0.34327279688650214,0.036529640570681574,0.3624994234170229,0.07117801547128921,0.2913214079457337
2014,57,0,0.011168067281061306,0.02683508005842976,2.9655680223469083e-11,0.22779887924005798,8.400963087497429e-05,0.054907956637687785,0.09494603736659028,0.22779887921040232,0.026835080058429762,0.09134125753303228,0.018828513621141907,0.07251274391189037
2014,57,1,0.011168067281061306,0.030344285452521665,1.0634130459788065e-14,0.23320482484034197,8.87220791628169e-06,0.06409379258481815,0.1485008779864104,0.23320482484033134,0.030344285452521668,0.5645063985495473,0.018190564053346153,0.5463158344962011
2014,58,0,0.011168067281061306,0.026242682857549545,7.936629891730688e-11,0.14238858883674335,7.165148590830538e-05,0.0592118535765184,0.099993066429342,0.14238858875737706,0.02624268285754955,0.22106721042253388,0.0049075521390604775,0.21615965828347342
2014,58,1,0.011168067281061308,0.029901943303995412,4.2536340979056415e-14,0.21088301403955628,7.462831749250026e-06,0.05513366686789701,0.14860036099544519,0.21088301403951373,0.029901943303995416,0.46490466302425193,0.04663718388168746,0.41826747914256446
2014,59,0,0.011168067281061306,0.026547023001509015,7.003445950741795e-12,0.16610737613255086,6.402313000752381e-05,0.05976934142248306,0.11000470152620827,0.1661073761255474,0.026547023001509018,0.03856790438191934,0.0017172833086470107,0.03685062107327233
2014,59,1,0.011168067281061306,0.031227445961414888,3.853402690462615e-14,0.21609296332552225,7.92993664578248e-06,0.051485978553855574,0.16141961921800768,0.21609296332548372,0.03122744596141489,0.25359933030913695,0.04431216867831965,0.2092871616308173
2014,60,0,0.011168067281061306,0.02621365043963693,1.2747673711469207e-11,0.16569080206712478,4.891265020029736e-05,0.05912465551858328,0.11015619357703868,0.1656908020543771,0.026213650439636933,-0.09946673947955281,0.011476863743440393,-0.11094360322299321
2014,60,1,0.011168067281061305,0.03267104016715976,1.1552525783681183e-15,0.28712589670697264,1.100283932921531e-05,0.04066010186935804,0.15283561817293237,0.2871258967069715,0.032671040167159764,0.08250422492182619,0.0452370786183677,0.03726714630345849
2014,61,0,0.011168067281061305,0.028674230214852013,2.2808620875632902e-10,0.16695524770397788,6.470696038542487e-05,0.05674183037957965,0.13984806406263256,0.16695524747589166,0.028674230214852017,0.22123672799029678,0.031235832022320293,0.19000089596797648
2014,61,1,0.011168067281061308,0.03333728871557664,7.73788941830229e-14,0.30918594022270823,7.544722763838158e-06,0.04974017205026953,0.15824045371214132,0.30918594022263085,0.033337288715576646,0.15024014615779246,0.04229198434529771,0.10794816181249475
2014,62,0,0.011168067281061308,0.026829338260833342,2.4200829156669147e-11,0.21983150100075244,9.691043684873173e-05,0.06034996671918391,0.0911412973561949,0.2198315009765516,0.026829338260833346,-0.14543257675465604,0.020527517082331716,-0.16596009383698776
2014,62,1,0.011168067281061305,0.034757676768440465,2.7100244006008876e-14,0.3931788694816499,1.064089113120328e-05,0.04885727619414567,0.17191539554279497,0.3931788694816228,0.03475767676844047,0.26140438659394327,0.05392834041876504,0.20747604617517823
2014,63,0,0.011168067281061306,0.026390611323803017,5.33527992237581e-11,0.18282542236308258,8.557925646941347e-05,0.05871996020887512,0.0909443633358725,0.18282542230972978,0.02639061132380302,-0.0694655961164948,0.007564674398758121,-0.07703027051525292
2014,63,1,0.011168067281061308,0.03170491699926041,7.78032294702282e-15,0.24207050846051262,1.0439171877591291e-05,0.0472751295746113,0.17091998045155868,0.24207050846050485,0.03170491699926042,0.3583779777755265,0.04212760391820919,0.3162503738573173
2014,64,0,0.011168067281061306,0.025426563989978397,3.181422507067657e-11,0.1045404805645627,6.75096765077652e-05,0.06182515132764136,0.09603634976449245,0.10454048053274846,0.0254265639899784,-0.17980866738919388,0.004845588759552492,-0.18465425614874637
2014,64,1,0.011168067281061308,0.034333851153590854,1.0169963422104796e-15,0.3770912603298791,9.279368160438993e-06,0.04189917855577452,0.1536306647574423,0.3770912603298781,0.03433385115359086,0.36818229310646156,0.060556266260641596,0.30762602684581997
2014,65,0,0.011168067281061306,0.025425123105917925,7.280813937368606e-12,0.16563516325524222,6.759771098756339e-05,0.058901261825409,0.09575538501992743,0.1656351632479614,0.025425123105917928,-0.07606346223167915,0.013758738335385916,-0.08982220056706507
2014,65,1,0.011168067281061306,0.0270370504627739,1.533350491317191e-13,0.16435055943502017,1.0675568267147572e-05,0.055705019308019715,0.10419313681547361,0.16435055943486684,0.027037050462773903,0.37508480481351003,0.01919258655624262,0.3558922182572674
2014,66,0,0.011168067281061306,0.026245832167364678,3.989263789382918e-11,0.18126455196992944,8.527069066896489e-05,0.06246865876847179,0.10182120185387702,0.1812645519300368,0.02624583216736468,0.020726869062357683,0.008531114185724106,0.012195754876633578
2014,66,1,0.011168067281061306,0.032099514971442596,1.3271188188130325e-15,0.31911265304649317,1.1369741165097466e-05,0.0611989835317922,0.11545979378980938,0.31911265304649183,0.0320995149714426,0.20332137978382925,0.03616544472560143,0.16715593505822782
2014,67,0,0.011168067281061305,0.0290842758949655,6.162458225203569e-10,0.25511644070721834,8.025201817484674e-05,0.052992084908804374,0.1460409688156588,0.2551164400909725,0.029084275894965504,-0.0689923028463135,0.020592539100766527,-0.08958484194708002
2014,67,1,0.011168067281061306,0.031502072172397866,2.1857641177231376e-14,0.2627715555967037,7.206805435489019e-06,0.051617015360576717,0.1344648013941598,0.2627715555966818,0.03150207217239787,0.04799980060155362,0.047201831403737536,0.0007979691978160855
2014,68,0,0.011168067281061306,0.027423324180651402,3.0947854319897953e-10,0.1832950220010864,8.544020845833601e-05,0.05400273048571015,0.11431042680600068,0.18329502169160786,0.027423324180651406,0.08957036709894538,0.014277766993270026,0.07529260010567534
2014,68,1,0.011168067281061306,0.030664513315277652,1.8970187541860534e-15,0.17324810184493164,8.24459624394239e-06,0.053506851928156816,0.156150147432552,0.17324810184492975,0.030664513315277656,0.48692402484794994,0.05607164058852123,0.43085238425942873
2014,69,0,0.011168067281061308,0.025508625913597583,2.510514340488339e-11,0.11719798045933028,7.025936748971911e-05,0.061469837171988416,0.09222014190418662,0.11719798043422514,0.025508625913597587,0.07370027626104758,0.0019942403627701347,0.07170603589827745
2014,69,1,0.011168067281061308,0.028948191793087566,7.13479710076432e-16,0.19746513005023222,1.440239974695853e-05,0.05706341213590682,0.13787545821858685,0.1974651300502315,0.02894819179308757,0.1274441285694191,0.049698222220699965,0.07774590634871914
2014,70,0,0.011168067281061306,0.028646031905234327,9.820216228068598e-11,0.28422088021745,7.125256382308341e-05,0.06141931924095625,0.09892941168345061,0.28422088011924784,0.02864603190523433,-0.13127444747284173,0.01567740044499949,-0.14695184791784122
2014,70,1,0.011168067281061308,0.03205015123586878,6.236928530267058e-14,0.27761069321537407,7.75073595661193e-06,0.04838200842328183,0.16342595101084154,0.2776106932153117,0.03205015123586879,0.4327044067196838,0.03401735869620784,0.398687048023476
2014,71,0,0.011168067281061308,0.025525085772275552,3.2326592612999585e-12,0.1430496465486207,8.977363121265701e-05,0.06152131825189761,0.09078777974595642,0.14304964654538804,0.025525085772275555,-0.10282593297238506,0.010042188777129271,-0.11286812174951433
2014,71,1,0.011168067281061308,0.04059282358709762,3.06475700585274e-14,0.5363899871343984,6.413881557676555e-06,0.03665240140348591,0.16474056725399583,0.5363899871343678,0.04059282358709763,0.2826433735106285,0.05853824570546369,0.22410512780516484
2014,72,0,0.011168067281061306,0.02592963543424078,5.442456475650441e-12,0.15005398988801033,9.375246042420353e-05,0.06400177415250281,0.1046080598331524,0.15005398988256788,0.025929635434240785,0.05806114622130491,0.018617542430119965,0.039443603791184945
2014,72,1,0.011168067281061306,0.03494919160131524,1.483895438590563e-14,0.39759891865698,8.030951521921217e-06,0.04334742620386507,0.15801912534043236,0.3975989186569652,0.034949191601315245,0.24169243209098534,0.05029420382174458,0.19139822826924077
2014,73,0,0.011168067281061306,0.024559199883980035,3.311173501851841e-14,0.10062135912338195,7.817550426585065e-05,0.06087442553394936,0.09040720293047455,0.10062135912334884,0.02455919988398004,-0.16538498371912264,0.016281823680706638,-0.18166680739982927
2014,73,1,0.011168067281061305,0.032444895620463356,5.909354916654521e-15,0.21177372392979685,9.171987940202715e-06,0.04302221755396534,0.1615965620108074,0.21177372392979094,0.03244489562046336,0.4243500304159977,0.05833112713740313,0.3660189032785946
2014,74,0,0.011168067281061306,0.026392038666570816,1.4245071080836964e-11,0.14317662143296236,5.54729052649916e-05,0.060359441215483325,0.10330771723801346,0.1431766214187173,0.02639203866657082,-0.0523473846806247,-0.0021953314990324317,-0.05015205318159227
2014,74,1,0.011168067281061306,0.030212341191365236,8.366088312695608e-15,0.19531401448396435,1.0848686865875404e-05,0.06017688059089187,0.14415498578430805,0.195314014483956,0.03021234119136524,0.4919997277556394,0.0499040812183836,0.4420956465372558
2014,75,0,0.011168067281061306,0.025658604326405505,1.8749411553159733e-10,0.11646608389600395,8.437282102675855e-05,0.062493362320301324,0.0996115428333284,0.11646608370850983,0.02565860432640551,0.017589979963576984,0.012130658195364744,0.00545932176821224
2014,75,1,0.011168067281061305,0.028800806601648736,4.4859430821817336e-15,0.1847641231998929,8.185451627683676e-06,0.05716548348354152,0.12541008728518346,0.1847641231998884,0.02880080660164874,0.3317852590657737,0.03567556492065906,0.2961096941451147
2014,76,0,0.011168067281061306,0.026059092511118914,2.8639868981308955e-11,0.16771810454036723,8.105755926381962e-05,0.05714039598925093,0.09246385392934517,0.16771810451172736,0.026059092511118917,-0.14066691742757734,0.01675837398285705,-0.15742529141043438
2014,76,1,0.011168067281061306,0.02896879215844067,4.1710627321876407e-16,0.17271058101457026,7.942096805036227e-06,0.05547037343533699,0.1648260954136249,0.17271058101456985,0.028968792158440674,0.11904482245144243,0.04534156849575091,0.07370325395569152
2014,77,0,0.011168067281061306,0.02613168333173768,6.677502969717618e-11,0.11627299623149555,6.327483182956853e-05,0.06625131591689068,0.10140944936279678,0.11627299616472052,0.026131683331737682,0.31993350016581223,0.005328838155000286,0.31460466201081194
2014,77,1,0.011168067281061306,0.03051303029309062,3.222444356063982e-14,0.24999352656011217,5.3739792117784485e-06,0.05274014688205165,0.1354996815805959,0.24999352656007995,0.030513030293090625,0.2347694099609432,0.054539867168655935,0.18022954279228726
2014,78,0,0.011168067281061306,0.02979849634014302,2.0723667459714495e-10,0.18449027690311637,6.680621707867995e-05,0.049676430650025256,0.16818151707945747,0.1844902766958797,0.029798496340143022,0.014410085813191614,0.039248539923467815,-0.0248384541102762
2014,78,1,0.011168067281061306,0.032965037125417866,5.746659507403344e-15,0.3073502168658457,1.6005968541976574e-05,0.039597652572691724,0.14550295961261722,0.3073502168658399,0.03296503712541787,0.4150022557776468,0.056170809941436514,0.3588314458362103
2014,79,0,0.011168067281061306,0.027506490931660556,6.876704900402091e-11,0.1767417528244669,9.008490682670609e-05,0.05797429263972672,0.13972349938384332,0.17674175275569987,0.02750649093166056,0.24129659685093574,0.02424354029023387,0.21705305656070187
2014,79,1,0.011168067281061305,0.03125959531479515,6.3657019241031075e-15,0.24446729296924222,7.48424943220575e-06,0.05563794592685222,0.14785665561424008,0.24446729296923586,0.031259595314795156,0.2961438704969721,0.036625600996434075,0.259518269500538
2014,80,0,0.011168067281061306,0.02682658391309286,2.2086031186110605e-11,0.16465714212651755,8.851647731052549e-05,0.056720379311827426,0.09993473579194645,0.16465714210443153,0.026826583913092863,-0.12885568148710247,0.012115881747352099,-0.14097156323445456
2014,80,1,0.011168067281061305,0.03201702152069313,1.2439766383026291e-14,0.25360086837751444,1.0872730388529043e-05,0.03855647370926453,0.14706179427592994,0.253600868377502,0.032017021520693134,0.24490761619809187,0.056269928737555576,0.1886376874605363
2014,81,0,0.011168067281061306,0.026468618953434817,1.6603966352134541e-10,0.1655681844202971,8.122013838808289e-05,0.0555312318394205,0.10000005190763261,0.16556818425425746,0.02646861895343482,-0.17150499542944303,0.002148785597120971,-0.173653781026564
2014,81,1,0.011168067281061306,0.0303067772224816,2.1402598711117044e-15,0.19835431638613876,6.640562808311547e-06,0.05814032722531007,0.16198134267919664,0.19835431638613663,0.030306777222481603,0.434683121399874,0.026167187380142926,0.4085159340197311
2014,82,0,0.011168067281061306,0.02709239041411059,2.9157844802755154e-11,0.16574627864205274,8.832153121519595e-05,0.05891067560230347,0.10612384476298327,0.1657462786128949,0.027092390414110594,-0.1395625213877414,0.009766328265443047,-0.14932884965318444
2014,82,1,0.011168067281061306,0.02854089638695881,2.5248461560824397e-14,0.16138127435727095,7.593181730729773e-06,0.05393011659296387,0.1411037075292611,0.1613812743572457,0.028540896386958812,0.08689005050398191,0.01797978340810994,0.06891026709587197
2014,83,0,0.011168067281061306,0.025379625102225835,2.5612901846318316e-10,0.11718339528598665,8.025199877878696e-05,0.059940661868356726,0.09992349855520741,0.11718339502985763,0.02537962510222584,0.14176341547422144,0.0077665623665763225,0.13399685310764511
2014,83,1,0.011168067281061305,0.03953375759101452,1.4987462029842726e-13,0.4118861732132641,7.88332924672016e-06,0.03257514688163865,0.1511687983994389,0.4118861732131142,0.039533757591014525,0.01758304807599642,0.0643279882813187,-0.04674494020532227
2014,84,0,0.011168067281061305,0.026431586698668616,8.927607223330156e-11,0.16600429784144574,6.243511713168375e-05,0.06102025378084209,0.09092263461593278,0.16600429775216968,0.02643158669866862,-0.027767147528654817,0.014012218782861734,-0.04177936631151655
2014,84,1,0.011168067281061306,0.03048624194007165,9.24803708513799e-14,0.21819989123444872,1.6613613402103367e-05,0.05710593347296175,0.16572926347548966,0.21819989123435624,0.030486241940071653,0.42190750711502134,0.05570113015301912,0.3662063769620022
2014,85,0,0.011168067281061306,0.026421742997119843,4.596266883778537e-11,0.18441348274909894,7.986148384076238e-05,0.05803581821755698,0.0997655954387945,0.18441348270313626,0.026421742997119847,-0.07345306476025845,-0.0020686924101611555,-0.0713843723500973
2014,85,1,0.011168067281061306,0.029436705617509978,1.995255070274572e-14,0.18575872638637436,1.104952944689863e-05,0.05409168566542346,0.12654997723164632,0.1857587263863544,0.02943670561750998,0.2838276675383239,0.03624267445006032,0.24758499308826357
2014,86,0,0.011168067281061306,0.028302480242046565,3.634289012280895e-11,0.19951567005100754,7.284277228379367e-05,0.049590175932579195,0.11007995094732193,0.19951567001466464,0.028302480242046568,-0.08723137962613993,0.030108270254221126,-0.11733964988036105
2014,86,1,0.011168067281061305,0.029803225651709394,7.738982089578949e-14,0.1975446544041206,1.4820909555827759e-05,0.04439785540000329,0.16627657337517623,0.19754465440404323,0.029803225651709397,0.18323998070142422,0.03741952247311989,0.14582045822830433
2014,87,0,0.011168067281061306,0.027169005819020382,4.371473006832204e-11,0.2489421917814643,7.220393662319738e-05,0.05608508359912053,0.09969959112357017,0.24894219173774956,0.027169005819020386,-0.10920069270628871,0.022817647134005033,-0.13201833984029374
2014,87,1,0.011168067281061305,0.029624253938232373,2.7094459115240357e-15,0.2279762050979274,1.0511855072621847e-05,0.056533174501540676,0.15993516765425783,0.22797620509792468,0.029624253938232377,0.29227007902057434,0.022862606623523914,0.26940747239705043
2014,88,0,0.011168067281061306,0.028050809986291274,1.898499398258017e-10,0.20137696609057298,7.453491598626172e-05,0.06409697497662749,0.11473817251823427,0.20137696590072304,0.028050809986291277,0.30610176690657376,0.03015818525925888,0.27594358164731486
2014,88,1,0.011168067281061306,0.03578988145974138,9.836901758110783e-14,0.40443964115746883,1.162414258122946e-05,0.03517056677018698,0.160598088742496,0.40443964115737047,0.035789881459741386,0.7772411458921827,0.05357264439883354,0.7236685014933492
2014,89,0,0.011168067281061306,0.029134805113226275,3.806875886335487e-11,0.23557155880396743,5.232380478225273e-05,0.048792055718600735,0.14035149234384095,0.23557155876589866,0.02913480511322628,-0.10255972098812033,0.023362276765549767,-0.1259219977536701
2014,89,1,0.011168067281061306,0.029588299776432885,4.241076190053633e-14,0.25713652811198195,1.0038873583173218e-05,0.05795584332374593,0.10208997513594795,0.25713652811193954,0.02958829977643289,0.15493226549448125,0.034690054595337694,0.12024221089914355
2014,90,0,0.011168067281061306,0.026292300899115554,1.1940912250981062e-10,0.1410060557916251,7.624354151070328e-05,0.05659984145283849,0.11109788396920284,0.14100605567221597,0.026292300899115557,-0.3080187781854311,0.006168871690010583,-0.3141876498754417
2014,90,1,0.011168067281061306,0.03711969118720842,2.8139071030926557e-14,0.4213141351828588,1.1739771603417659e-05,0.03407175488185704,0.15402020290776694,0.4213141351828307,0.037119691187208426,0.5313761215676377,0.05895855591116281,0.47241756565647486
2014,91,0,0.011168067281061305,0.028261236229176243,1.597967822679188e-11,0.18703738216324275,6.584507450547169e-05,0.054972116691992,0.11665512846447694,0.18703738214726306,0.028261236229176246,-0.11689046191573897,0.030688164612362803,-0.14757862652810178
2014,91,1,0.011168067281061308,0.0346194460232454,1.5690754856747907e-15,0.28151803981961604,1.1921904849284206e-05,0.029686240675664475,0.194944757321059,0.2815180398196145,0.034619446023245404,0.2974903086988867,0.03745883455264486,0.26003147414624184
2014,92,0,0.011168067281061306,0.02480080047713871,3.0498315147734156e-10,0.10094272943507894,0.00010352647034187139,0.06210217328760153,0.08840456681770227,0.10094272913009579,0.024800800477138712,0.18092421509048287,0.002553474467057972,0.1783707406234249
2014,92,1,0.011168067281061306,0.029982694114228225,2.053830436969593e-14,0.1861208404844175,1.8140878073310116e-05,0.05201524766828944,0.15115198248464348,0.18612084048439695,0.02998269411422823,0.369278577793408,0.04202182241118371,0.3272567553822243
2014,93,0,0.011168067281061308,0.0258718800509366,2.2863770709924062e-11,0.16430504806193558,8.240129041433502e-05,0.060050265460481735,0.10152165135576457,0.1643050480390718,0.025871880050936602,-0.022226261994066417,0.015923030670990275,-0.03814929266505669
2014,93,1,0.011168067281061308,0.033786517528097186,1.6441187731353853e-15,0.2959653456829946,1.0511227534379457e-05,0.045671010365646664,0.1814997729483113,0.29596534568299293,0.03378651752809719,0.361500962472286,0.041726228196924245,0.3197747342753618
2014,94,0,0.011168067281061305,0.026731371237192443,5.080522848844473e-11,0.2243492379353156,7.583136991524565e-05,0.05298828809871163,0.09163198797579131,0.2243492378845104,0.026731371237192447,0.10594763245308877,0.02159911528370075,0.08434851716938803
2014,94,1,0.011168067281061305,0.030168955712409955,3.213257036511814e-14,0.24398862875402105,1.2788377592489138e-05,0.05808874851961215,0.14243058170569356,0.2439886287539889,0.030168955712409958,0.2748663032053732,0.03737025934138505,0.23749604386398815
2014,95,0,0.011168067281061306,0.02662436674817723,2.1804159089327705e-10,0.18166681772682713,8.497165970247925e-05,0.05974548281761217,0.10273172612830973,0.18166681750878555,0.026624366748177232,0.03643969025459194,0.019654936584043103,0.016784753670548838
2014,95,1,0.011168067281061306,0.03412580913053649,5.4335850768065346e-14,0.36489899392832953,1.2380299625488098e-05,0.05442435123790789,0.15207420083209885,0.3648989939282752,0.0341258091305365,0.504225503065513,0.047448996795454564,0.4567765062700584
2014,96,0,0.011168067281061308,0.027062782878102626,1.0440556720432807e-10,0.17344042504380927,8.114249643174015e-05,0.05683624576407367,0.1207466534924232,0.1734404249394037,0.02706278287810263,-0.057191477672812456,0.02151393628929627,-0.07870541396210873
2014,96,1,0.011168067281061305,0.02795560550161955,9.51362553514207e-16,0.16716914986198983,1.0535463010402378e-05,0.061518668056612325,0.12262740562318006,0.16716914986198889,0.027955605501619553,0.27902981045360686,0.032401664299836236,0.24662814615377063
2014,97,0,0.011168067281061305,0.025857291170111846,4.652502511046275e-13,0.12989709287523674,6.944945210422716e-05,0.06427987596905088,0.0997016855376266,0.1298970928747715,0.02585729117011185,0.2547764350335358,0.013245486688642116,0.2415309483448937
2014,97,1,0.011168067281061308,0.030131572363528272,4.633592292293242e-15,0.24543194316828967,1.1527684741495845e-05,0.05198188968611587,0.14822428132771254,0.24543194316828504,0.030131572363528276,0.30750482984221417,0.04765663397723658,0.2598481958649776
2014,98,0,0.011168067281061306,0.027300704705522788,8.098204436202931e-11,0.1800232578844005,8.03652931034028e-05,0.052690734426165564,0.1259026713461033,0.18002325780341843,0.02730070470552279,-0.03764256348995295,0.022810010066827067,-0.06045257355678002
2014,98,1,0.011168067281061306,0.028430969549111302,4.277440180847419e-15,0.15641204772602443,7.547579210663975e-06,0.058801126178315545,0.12324246423053034,0.15641204772602016,0.028430969549111305,0.5389319918132456,0.02335647174937132,0.5155755200638743
2014,99,0,0.011168067281061306,0.026556802815910406,4.180790731452723e-10,0.1968631625326879,6.652222516460781e-05,0.0613872073610917,0.09474592471690067,0.19686316211460883,0.02655680281591041,0.35272134405241484,0.01903404005012106,0.3336873040022938
2014,99,1,0.011168067281061308,0.034266004319679536,2.7374968768806123e-14,0.26217238765456474,1.357335369228056e-05,0.032397927624930725,0.20013006916837672,0.2621723876545374,0.03426600431967954,0.4467571581736145,0.07783965344242195,0.36891750473119256
2014,100,0,0.011168067281061306,0.02696472140801896,5.333100352171914e-13,0.21148305017393612,6.700574975657182e-05,0.059682596463862675,0.09890547783193547,0.2114830501734028,0.026964721408018963,-0.02925182435909818,0.02392896839715735,-0.053180792756255535
2014,100,1,0.011168067281061305,0.03744876480395345,8.93847392273885e-16,0.2903596500526184,5.307981465733845e-06,0.03365364936372319,0.21973881514390728,0.2903596500526175,0.037448764803953455,0.1657775556886687,0.07293873156888141,0.09283882411978729
2015,1,0,0.011385478527414465,0.024792810665165713,1.9765060991246605e-10,0.1312112201968118,3.4924533077219235e-05,0.05701371528115511,0.09645366529584892,0.1312112199991612,0.024792810665165713,0.048502389916853045,0.0259877806630347,0.022514609253818346
2015,1,1,0.011385478527414465,0.03090304677717352,2.8614242506828046e-14,0.20861541739114425,3.718283132911726e-06,0.04314787449904655,0.1501773143577159,0.20861541739111564,0.03090304677717352,0.6124131545487022,0.05661925303539306,0.5557939015133091
2015,2,0,0.011385478527414465,0.024506615578626528,1.823699473738463e-10,0.10645931838752846,4.1777498881061106e-05,0.05622232657775207,0.09186963175302018,0.10645931820515851,0.024506615578626528,-0.07742688669456967,0.009856710050773165,-0.08728359674534283
2015,2,1,0.011385478527414465,0.028960369567591102,1.3120579307609606e-14,0.1852200228378112,4.061679814127282e-06,0.05656121888279484,0.14645993972345336,0.18522002283779807,0.028960369567591102,0.22272190052099572,0.016426886454357012,0.2062950140666387
2015,3,0,0.011385478527414464,0.026343441287097008,1.0726425620409235e-11,0.1675932016340053,3.73649134670265e-05,0.05983856592446277,0.09856884265641012,0.16759320162327887,0.026343441287097008,-0.09788196908115826,0.013960466355517936,-0.1118424354366762
2015,3,1,0.011385478527414465,0.03094335853267152,6.34065979823751e-16,0.24164310640055514,6.345186504358039e-06,0.04975442515349312,0.15935675309902272,0.2416431064005545,0.03094335853267152,0.08818909848266154,0.027197133328619456,0.06099196515404209
2015,4,0,0.011385478527414464,0.028184687878793767,1.8219632424205884e-11,0.16813346196093837,1.9691559706567635e-05,0.05622391842022709,0.13504700790640248,0.16813346194271875,0.028184687878793767,-0.04913315237755744,0.016118032675637876,-0.06525118505319533
2015,4,1,0.011385478527414465,0.03465981183613048,4.78875623140406e-15,0.2751861852252039,4.457629953343018e-06,0.03827665546175454,0.16449842883045943,0.2751861852251991,0.03465981183613048,0.3623002630553068,0.0753066773060773,0.2869935857492295
2015,5,0,0.011385478527414465,0.027618159201444482,8.056845628849934e-12,0.18940618621538183,3.747696896369507e-05,0.05491029383505604,0.11154685501119221,0.189406186207325,0.027618159201444482,0.06349348715122156,0.010723530989425006,0.052769956161796555
2015,5,1,0.011385478527414464,0.03189366642841082,1.07087494760557e-14,0.293197167967101,9.345096443238376e-06,0.04606202848415421,0.15569472545727883,0.2931971679670903,0.03189366642841082,0.36458934918805763,0.053993799197748465,0.31059554999030914
2015,6,0,0.011385478527414465,0.025281643458293455,3.044218131725083e-11,0.14008540478455495,4.1184102381792054e-05,0.05661487550255156,0.10004879394420543,0.14008540475411277,0.025281643458293455,-0.1447906938014739,0.010891735820165047,-0.15568242962163897
2015,6,1,0.011385478527414465,0.028646193181675196,8.446300501942985e-14,0.2998174724176162,7.391886478391258e-06,0.05707554810033256,0.10179890703726911,0.2998174724175317,0.028646193181675196,0.35961847025213634,0.030808222606976958,0.32881024764515937
2015,7,0,0.011385478527414465,0.027547206689785126,9.734122623954748e-11,0.18153631692022434,3.7574207905371294e-05,0.05148568105580208,0.13650254449056556,0.18153631682288313,0.027547206689785126,0.07287255405237586,0.01895141740036774,0.05392113665200812
2015,7,1,0.011385478527414465,0.03005805269038804,4.805747313784009e-17,0.2083064689381197,7.933196055927656e-06,0.04594038056945174,0.15014019781675805,0.20830646893811963,0.03005805269038804,0.39228697248796673,0.06121136616877764,0.3310756063191891
2015,8,0,0.011385478527414465,0.028019998205569985,2.770880712113517e-11,0.1920525726833585,2.4161764975100532e-05,0.050789802711465944,0.13199370500915533,0.1920525726556497,0.028019998205569985,-0.0130798238964168,0.028907019811221547,-0.04198684370763835
2015,8,1,0.011385478527414464,0.030856026624244984,4.013517608726671e-16,0.23716787963489264,7.230679923417749e-06,0.049598680704202563,0.14774189072788035,0.23716787963489225,0.030856026624244984,0.08301058433227249,0.0381764047789154,0.044834179553357084
2015,9,0,0.011385478527414465,0.02578051503707004,4.270092048514427e-11,0.1438771638416935,4.1591147447311036e-05,0.05472857948927579,0.11220013170742166,0.14387716379899257,0.02578051503707004,0.02441279426876028,0.01868494166702111,0.005727852601739171
2015,9,1,0.011385478527414465,0.03472345342017823,4.181106734329199e-13,0.38913705514343294,2.8831247129509985e-06,0.04419239959180517,0.16940484423886296,0.38913705514301483,0.03472345342017823,-0.0035131118854691,0.03649500164750134,-0.040008113532970443
2015,10,0,0.011385478527414465,0.0264532089242426,2.4420142114609744e-13,0.1781757524935581,3.445279827021241e-05,0.0622026641774315,0.1012037602079247,0.1781757524933139,0.0264532089242426,0.20624962463069085,0.016971325670599724,0.18927829896009113
2015,10,1,0.011385478527414465,0.03319889806863063,2.2076762897145103e-13,0.3003402099857888,5.086026352945093e-06,0.0429365099749847,0.15373626908420623,0.30034020998556804,0.03319889806863063,0.22658510916416197,0.04539007376679456,0.18119503539736742
2015,11,0,0.011385478527414464,0.02719821005437362,1.5313708785724752e-10,0.15572016739706498,3.290271552978259e-05,0.058611682436380624,0.11375084361725864,0.1557201672439279,0.02719821005437362,0.10782454208684421,0.027702960683704557,0.08012158140313966
2015,11,1,0.011385478527414464,0.034812979016318496,1.7678529629597924e-16,0.29687694205769427,3.0753157624445744e-06,0.04407432191590091,0.17407386169493944,0.2968769420576941,0.034812979016318496,0.32567918584808586,0.07018196274627883,0.255497223101807
2015,12,0,0.011385478527414464,0.026956985218384095,5.044966753353819e-11,0.15108296804912263,4.09330187513952e-05,0.0602014307902969,0.12891461198020043,0.15108296799867296,0.026956985218384095,-0.22072836618907826,0.012906981407224759,-0.23363534759630303
2015,12,1,0.011385478527414465,0.030772656440467575,3.2546676407732826e-15,0.2181070377220678,5.316016013722148e-06,0.04562788426855598,0.16663723912601072,0.21810703772206455,0.030772656440467575,0.3834431889057167,0.05064017787740535,0.33280301102831134
2015,13,0,0.011385478527414464,0.025202718912588663,1.0861378880681866e-10,0.12046337208814605,3.945799823574604e-05,0.05948180200108208,0.09615055309641861,0.12046337197953226,0.025202718912588663,-0.09788609638113241,0.0012100387575007254,-0.09909613513863313
2015,13,1,0.011385478527414464,0.03509616119968855,2.297623301624457e-13,0.35107539051108455,4.861735476823784e-06,0.0452304902942629,0.1547484440567996,0.3510753905108548,0.03509616119968855,0.21913174186718298,0.04472010145430989,0.1744116404128731
2015,14,0,0.011385478527414465,0.026022022159252225,4.098978077725746e-11,0.14526726209301813,3.0404923089426348e-05,0.0594818009256541,0.11742155290885664,0.14526726205202836,0.026022022159252225,-0.13689322550888128,0.008074766959907356,-0.14496799246878864
2015,14,1,0.011385478527414465,0.03441606174510315,7.142310433258471e-15,0.34764773834098994,3.042220891745235e-06,0.040474656808080885,0.19202682053285813,0.3476477383409828,0.03441606174510315,0.38101254927309336,0.05651938774888953,0.3244931615242038
2015,15,0,0.011385478527414465,0.026512765228197007,1.293024500440998e-11,0.13694062922098835,3.032776684206347e-05,0.05373693905493329,0.11507675915819493,0.1369406292080581,0.026512765228197007,0.25485146131039355,0.020000940710316988,0.23485052060007655
2015,15,1,0.011385478527414465,0.03673216804601865,9.76982569972014e-16,0.40206137753905036,4.138058672092398e-06,0.04171910436652676,0.17472444532471887,0.40206137753904936,0.03673216804601865,0.46383202853984107,0.061371024958247644,0.4024610035815934
2015,16,0,0.011385478527414465,0.02637620828417508,1.4928409070156667e-10,0.14873468285955088,3.784239387943662e-05,0.05388309251998843,0.11481752964083058,0.1487346827102668,0.02637620828417508,0.22298441360766819,0.020260822602771553,0.20272359100489662
2015,16,1,0.011385478527414464,0.03279276020104399,8.774128119781837e-15,0.2411598970489278,7.086777474245137e-06,0.050167863183216234,0.1911363702799754,0.24115989704891902,0.03279276020104399,0.3185262267966841,0.05873786664684342,0.25978836014984064
2015,17,0,0.011385478527414465,0.025258982654381968,6.287525445980915e-11,0.12259782363659029,3.8747647582646246e-05,0.053222412621559245,0.0992168656192186,0.12259782357371503,0.025258982654381968,-0.1744039047399197,0.02424823695494728,-0.198652141694867
2015,17,1,0.011385478527414465,0.027918803301988867,1.740219464075335e-16,0.1830178372309817,7.2003644666461804e-06,0.05701545223299372,0.10862329880126315,0.18301783723098153,0.027918803301988867,0.38341806964149705,0.031518678132084796,0.35189939150941224
2015,18,0,0.011385478527414465,0.026728755897647494,4.941889707972978e-11,0.17829052093309528,2.530455821382948e-05,0.05473303096870312,0.10814274192462311,0.1782905208836764,0.026728755897647494,0.3031841069602983,0.02405101695174,0.2791330900085583
2015,18,1,0.011385478527414465,0.03026985825629784,2.174329576135965e-14,0.1870657755535425,8.071863388292048e-06,0.050243342467580034,0.1522842258053381,0.18706577555352077,0.03026985825629784,0.2644686658965719,0.05156065673016182,0.2129080091664101
2015,19,0,0.011385478527414465,0.026090009678781268,2.2117361664359994e-10,0.15720892684043947,3.494072789079046e-05,0.05472858879912058,0.10593723469205105,0.15720892661926586,0.026090009678781268,0.010081511489979647,0.03247871899522766,-0.022397207505248012
2015,19,1,0.011385478527414464,0.03233237065896138,6.409555365825683e-14,0.33540681055394056,5.839446449128518e-06,0.05017719101142488,0.12744867626425024,0.33540681055387644,0.03233237065896138,0.3175663627288965,0.04430154302682539,0.2732648197020711
2015,20,0,0.011385478527414465,0.026220953498589467,9.614166113724446e-11,0.15384106986459944,3.9202565147542386e-05,0.05953358976640894,0.09893548291309719,0.1538410697684578,0.026220953498589467,0.370024899712416,0.015587305158961132,0.35443759455345486
2015,20,1,0.011385478527414465,0.02922774900007681,1.637278438157772e-14,0.23023596093392665,5.643780281956767e-06,0.054865753382037155,0.13072042814607915,0.23023596093391027,0.02922774900007681,0.05854600519441744,0.027181854105410436,0.031364151089007
2015,21,0,0.011385478527414465,0.028073121824805664,2.5208542473590493e-11,0.22353575883824733,2.789543535239398e-05,0.05507303508767374,0.09776621967730191,0.2235357588130388,0.028073121824805664,0.0536446240965077,0.020703899646429155,0.03294072445007855
2015,21,1,0.011385478527414465,0.03762817993793677,1.4382888494180556e-13,0.40456657778817534,6.4272592910282715e-06,0.04052747951665488,0.19182794293849942,0.4045665777880315,0.03762817993793677,0.2954706371524308,0.06673035283309063,0.22874028431934018
2015,22,0,0.011385478527414465,0.024910902194504612,4.029915428712474e-11,0.15854043698516007,4.0993574094800004e-05,0.053998377899211684,0.09112572906826256,0.15854043694486092,0.024910902194504612,-0.009133883491834468,0.009492436001413654,-0.01862631949324812
2015,22,1,0.011385478527414465,0.034018525119223014,1.403506119179333e-14,0.2927719267461455,3.874874760239283e-06,0.049194367547343035,0.18011914639084672,0.29277192674613145,0.034018525119223014,0.35299855842594585,0.054185839024739973,0.2988127194012059
2015,23,0,0.011385478527414465,0.025991050969264712,3.764043477207025e-11,0.174531647713811,3.7360529314912954e-05,0.050801510373988674,0.10529446531233426,0.17453164767617055,0.025991050969264712,-0.01533606979921065,0.01612336256395789,-0.03145943236316854
2015,23,1,0.011385478527414464,0.035901872157254884,4.903830024145122e-15,0.4084528495090036,3.592478258038124e-06,0.043135310505772816,0.16317679954329076,0.40845284950899874,0.035901872157254884,0.5277914257552208,0.05425565164813141,0.47353577410708936
2015,24,0,0.011385478527414465,0.026375390631579204,3.68381183996016e-11,0.15382813037335133,4.5319011662260124e-05,0.056124698192658425,0.11053218570196054,0.1538281303365132,0.026375390631579204,-0.1341304858579844,0.018404126338879813,-0.1525346121968642
2015,24,1,0.011385478527414465,0.03504414970721857,4.84851135581977e-15,0.3275911553363203,8.121735878766675e-06,0.04017492089504241,0.17246658865929418,0.3275911553363155,0.03504414970721857,0.47204530715921134,0.06506425285820557,0.4069810543010058
2015,25,0,0.011385478527414465,0.025597535686420213,9.59303729054896e-12,0.17107193610746416,2.813304381500543e-05,0.05658591174422876,0.09467906229171087,0.1710719360978711,0.025597535686420213,-0.09567011324011485,0.01605088663048469,-0.11172099987059954
2015,25,1,0.011385478527414465,0.03240450296972721,1.3076014465332421e-14,0.24264550431896367,4.688438739269606e-06,0.05389826169975972,0.1562334256779784,0.2426455043189506,0.03240450296972721,0.44964499520932766,0.0648402173402641,0.38480477786906353
2015,26,0,0.011385478527414465,0.02549850665097749,4.1386027445377816e-11,0.13786489075757705,5.359975866108726e-05,0.049069566200726555,0.09098060524569845,0.137864890716191,0.02549850665097749,0.14585299952152292,0.021205446219295394,0.12464755330222753
2015,26,1,0.011385478527414464,0.0324066124445217,1.2929195203435682e-13,0.2528709992625153,3.964963538384825e-06,0.04366787357703778,0.15865710551784568,0.252870999262386,0.0324066124445217,0.3925473693374223,0.07199135588563309,0.3205560134517892
2015,27,0,0.011385478527414464,0.026396025345344916,2.5947815476301624e-10,0.18567652035233514,3.4607427419662695e-05,0.052764260872719494,0.11229089038745399,0.18567652009285698,0.026396025345344916,-0.0986780434404888,0.030345855525568444,-0.12902389896605726
2015,27,1,0.011385478527414465,0.028641589489027067,1.8540788318224797e-14,0.1806579564090982,3.4588083942401974e-06,0.056565099338919206,0.13162034703826375,0.18065795640907967,0.028641589489027067,0.12663068683518608,0.022250007233405325,0.10438067960178075
2015,28,0,0.011385478527414465,0.02466889247382296,4.294203943471743e-11,0.12824101034381202,4.709414203814505e-05,0.054634485152562605,0.09997634115527074,0.12824101030086998,0.02466889247382296,0.08577928133513726,0.010658397664788637,0.07512088367034862
2015,28,1,0.011385478527414465,0.029198459406366353,4.037532732276764e-15,0.17899254383984678,4.379754792396829e-06,0.05472862414217591,0.13374426091339686,0.17899254383984275,0.029198459406366353,0.2999479653621441,0.0464342565167601,0.253513708845384
2015,29,0,0.011385478527414465,0.026596314446124706,6.819515696728497e-11,0.1591258453454152,3.4665592633801226e-05,0.050574487677277645,0.11306792141987412,0.15912584527722007,0.026596314446124706,0.1299631515017708,0.037676785414546624,0.09228636608722417
2015,29,1,0.011385478527414464,0.027426815200331932,3.694975584761195e-14,0.1291432446192213,8.990036896440974e-06,0.05507632709495367,0.11774770837704779,0.12914324461918436,0.027426815200331932,0.37149838875745156,0.02989387927233477,0.3416045094851168
2015,30,0,0.011385478527414464,0.02441893199469117,1.6590611854378665e-11,0.10304816179393227,3.4177304636912825e-05,0.057013479863452655,0.09860295318143719,0.10304816177734165,0.02441893199469117,0.21974676176735947,0.016543725959058984,0.2032030358083005
2015,30,1,0.011385478527414465,0.03412527217862098,3.2524846183235387e-15,0.3384307443539114,6.944492220853298e-06,0.03865362843874852,0.17557337080845686,0.33843074435390813,0.03412527217862098,0.5111018536628523,0.03924513986023779,0.4718567138026145
2015,31,0,0.011385478527414464,0.02763887819911321,4.976831556217593e-11,0.20339212436870643,3.137457497193949e-05,0.05557464123408713,0.11602084424067474,0.2033921243189381,0.02763887819911321,0.17541332371001592,0.01904568725005096,0.15636763645996496
2015,31,1,0.011385478527414464,0.03125333733642218,1.5782024874056802e-14,0.22388213633225684,2.891447815450214e-06,0.04959450028803985,0.14563813992828759,0.22388213633224105,0.03125333733642218,0.09035860760087566,0.05056257533095507,0.039796032269920595
2015,32,0,0.011385478527414465,0.025247479589660657,8.489050826858225e-11,0.11014257109216591,2.7345884844680172e-05,0.058612624577421224,0.09980163618768544,0.1101425710072754,0.025247479589660657,0.22912325292444274,0.012477623479731047,0.2166456294447117
2015,32,1,0.011385478527414465,0.032287867521721705,4.78938650257401e-16,0.2744348041956074,3.7086591410887696e-06,0.05953373710766875,0.16529194579165857,0.2744348041956069,0.032287867521721705,0.3119806134532854,0.031773571623808144,0.2802070418294773
2015,33,0,0.011385478527414465,0.026470603916161135,3.274137277973223e-11,0.1490835868236365,3.601419283181364e-05,0.05275954085185244,0.1303786118089471,0.14908358679089515,0.026470603916161135,0.06114782253358458,0.013988865861739197,0.04715895667184538
2015,33,1,0.011385478527414465,0.029724232898755355,5.895086499829329e-16,0.20344290445791474,3.5360630733643255e-06,0.04899038278664975,0.14604713551743023,0.20344290445791416,0.029724232898755355,0.425678409004813,0.04304422474888473,0.38263418425592827
2015,34,0,0.011385478527414464,0.026150976214741488,3.0671455997870703e-12,0.15544344170260657,3.6990477448962293e-05,0.05547842350861397,0.09931201265069298,0.15544344169953941,0.026150976214741488,-0.13164261013117112,0.010418962703948598,-0.14206157283511972
2015,34,1,0.011385478527414465,0.037070109081586644,3.402621100601123e-14,0.4144444132802394,1.075810181213739e-05,0.034404840461527524,0.17305655209804774,0.41444441328020537,0.037070109081586644,0.2901968723485556,0.06907070796204137,0.22112616438651425
2015,35,0,0.011385478527414465,0.025689329418307327,1.2309790418277378e-10,0.14058849538393042,3.9745992451592526e-05,0.0571953515431085,0.09999271972214083,0.14058849526083253,0.025689329418307327,-0.1106442445093157,0.017730587721924245,-0.12837483223123994
2015,35,1,0.011385478527414464,0.03530064046863309,1.4112958976375713e-15,0.3737591781136847,5.1647846064514655e-06,0.05026398859217696,0.1698319226166061,0.3737591781136833,0.03530064046863309,0.41752253578532983,0.07679107028819447,0.34073146549713534
2015,36,0,0.011385478527414465,0.028531197387333087,4.574101913541373e-11,0.21404920341469166,3.1087172769602446e-05,0.054157623108098546,0.12193827190203817,0.21404920336895064,0.028531197387333087,-0.26086949373470203,0.026558160435877342,-0.28742765417057936
2015,36,1,0.011385478527414464,0.035168475824536936,3.8736499602178076e-14,0.2921784127326074,5.038728506874182e-06,0.03977159666121379,0.18434345719779968,0.29217841273256867,0.035168475824536936,0.27436222948193967,0.05428538487725052,0.22007684460468915
2015,37,0,0.011385478527414465,0.024268358949987152,4.580700159428302e-11,0.10006464694496829,3.81721394743305e-05,0.05861473643274127,0.09088999463354355,0.1000646468991613,0.024268358949987152,-0.21032572140773365,0.00962464451245127,-0.2199503659201849
2015,37,1,0.011385478527414464,0.03862504201354848,9.49773684320268e-16,0.3248136602593842,6.871347640086038e-06,0.028275904581305092,0.18696192273390613,0.32481366025938324,0.03862504201354848,0.5225810624139055,0.07359054589721858,0.44899051651668687
2015,38,0,0.011385478527414465,0.02543904706281523,6.397931238812415e-11,0.11522456313291912,3.743505035386111e-05,0.05994441167298779,0.09454445024708592,0.11522456306893981,0.02543904706281523,0.06668213147219183,0.011354564950508718,0.055327566521683115
2015,38,1,0.011385478527414465,0.02912721488379108,1.0519680510365585e-15,0.16697728515359192,7.86118927807747e-06,0.05078364684220297,0.1437459581679974,0.16697728515359087,0.02912721488379108,0.2705065550717489,0.03710294081814737,0.23340361425360157
2015,39,0,0.011385478527414465,0.025404228476556025,9.543317610792958e-11,0.14968495465227963,3.138243108577749e-05,0.0550416956748033,0.10282241446916297,0.14968495455684644,0.025404228476556025,0.13973482908152207,0.019691566246342728,0.12004326283517934
2015,39,1,0.011385478527414464,0.03088394444127476,2.351159872274096e-14,0.28432426909605707,3.415227141005028e-06,0.054913616866564194,0.13312619561153874,0.28432426909603353,0.03088394444127476,-0.01600040493249555,0.04692036683896399,-0.06292077177145954
2015,40,0,0.011385478527414465,0.026556320730561602,2.5521925400678733e-13,0.15494772031456053,3.243184178344222e-05,0.05123303760624504,0.12901066271185066,0.15494772031430532,0.026556320730561602,-0.0028792395906791363,0.020113929886706686,-0.022993169477385823
2015,40,1,0.011385478527414465,0.030229088047124812,2.4705148661898595e-13,0.21546036864421736,4.555521603753595e-06,0.05045275600280923,0.12581613529099783,0.2154603686439703,0.030229088047124812,0.3340979775744518,0.044800041154605716,0.2892979364198461
2015,41,0,0.011385478527414464,0.026427296978731425,4.9136155397001616e-12,0.18120519581075356,3.358156706252591e-05,0.054908336582594496,0.10271148671544829,0.18120519580583994,0.026427296978731425,0.08366071141320791,0.015399163041520732,0.06826154837168719
2015,41,1,0.011385478527414465,0.037494941612412166,1.5993565740229046e-14,0.4238923458567379,4.449417038531154e-06,0.0356802303768569,0.183370560156668,0.4238923458567219,0.037494941612412166,0.4491956887224343,0.07296851316624595,0.37622717555618834
2015,42,0,0.011385478527414465,0.028679877189884805,5.668431068507154e-11,0.21086725676388934,2.532936679616974e-05,0.05062698169553153,0.11834463588448436,0.21086725670720502,0.028679877189884805,-0.15209960482368937,0.02943989568154571,-0.18153950050523507
2015,42,1,0.011385478527414465,0.02988734941334218,2.394065557214166e-15,0.22903153142191693,4.6895603616193146e-06,0.0487194379896051,0.13822609604973554,0.22903153142191454,0.02988734941334218,0.26797820567759445,0.03867246873069767,0.22930573694689677
2015,43,0,0.011385478527414465,0.02633930806602433,1.2520842563469443e-10,0.18119258770799543,3.452793834615605e-05,0.049753336697452875,0.09986752727661853,0.181192587582787,0.02633930806602433,-0.26130959480088484,0.016613590752196178,-0.27792318555308104
2015,43,1,0.011385478527414464,0.0368520628386527,1.0849018444418351e-13,0.37148133102461034,2.660785735691907e-06,0.0322337733877819,0.17715083501161913,0.37148133102450187,0.0368520628386527,0.4382576614978966,0.061556384675115955,0.37670127682278065
2015,44,0,0.011385478527414465,0.02635293931956956,1.0308289431398478e-10,0.1536513613407329,4.109450599289514e-05,0.058995979544396206,0.10633596126239139,0.15365136123765,0.02635293931956956,-0.2035238042379745,0.02197594180926178,-0.22549974604723627
2015,44,1,0.011385478527414464,0.0288915680439429,2.842376683823392e-15,0.1639243547044211,7.009909787624609e-06,0.0489985796993142,0.14823813274152653,0.16392435470441827,0.0288915680439429,0.4151143063854813,0.035035290439439655,0.38007901594604165
2015,45,0,0.011385478527414465,0.026620528496722636,7.105890897696091e-12,0.1770349243765925,4.132751653680972e-05,0.05577964587927163,0.10635139849807115,0.1770349243694866,0.026620528496722636,0.18123255418264433,0.01617993687038526,0.16505261731225906
2015,45,1,0.011385478527414465,0.03317184628975089,4.702830460056175e-15,0.33757951010808934,7.67124481059562e-06,0.04523250063096922,0.13257010039412837,0.3375795101080846,0.03317184628975089,0.2689187587145835,0.032544913337445656,0.23637384537713782
2015,46,0,0.011385478527414464,0.025801482870781163,5.2000421487751464e-12,0.13988724162264488,3.545710573079249e-05,0.053888496289356186,0.11229622253134873,0.13988724161744484,0.025801482870781163,0.301225374712216,0.019585907013237546,0.28163946769897846
2015,46,1,0.011385478527414465,0.027555527471677933,4.157244384575367e-16,0.1614787685135493,5.826873265940612e-06,0.04630978384126811,0.13141092925859926,0.1614787685135489,0.027555527471677933,0.15425024188089087,0.02342571654454216,0.1308245253363487
2015,47,0,0.011385478527414464,0.026510198971143838,8.915632744920146e-11,0.15423496345981627,2.7287316373331522e-05,0.05636718915128026,0.11166619663946528,0.15423496337065995,0.026510198971143838,0.12218447063605903,0.01747016855263394,0.10471430208342508
2015,47,1,0.011385478527414465,0.027367511294563576,9.141646336786303e-15,0.13035247390257637,8.181470898552777e-06,0.054906274616817824,0.11654755181712743,0.13035247390256724,0.027367511294563576,0.24592705721185903,0.024541762750859113,0.22138529446099992
2015,48,0,0.011385478527414465,0.025508417936314715,6.392223073244254e-11,0.13235022459577517,4.671996575545155e-05,0.057005087683157644,0.10168336074326585,0.13235022453185294,0.025508417936314715,-0.03886901940746171,0.017996525518776334,-0.05686554492623804
2015,48,1,0.011385478527414465,0.02868555417084055,2.961983048299893e-15,0.18531907473818138,9.369337415316432e-06,0.05679723743089882,0.13898696777510836,0.1853190747381784,0.02868555417084055,0.45308522861711176,0.047293219298173636,0.4057920093189381
2015,49,0,0.011385478527414464,0.026067507553187434,1.2200210475191968e-10,0.15055459406100302,3.63929023351375e-05,0.056230622371770615,0.1111109596950124,0.15055459393900092,0.026067507553187434,0.060289003334657545,0.0268496490047382,0.033439354329919346
2015,49,1,0.011385478527414465,0.03777854889055445,4.2740599399247406e-16,0.4594848078847142,4.342019840570404e-06,0.04425279861968576,0.12793196763959613,0.45948480788471374,0.03777854889055445,0.31934233081247154,0.06831351573122699,0.2510288150812445
2015,50,0,0.011385478527414464,0.025445855208057592,2.923709065643639e-10,0.10829954315300915,3.871747709719046e-05,0.050174829475456866,0.09978087746433793,0.10829954286063824,0.025445855208057592,-0.031500719113525394,0.0015187434173500047,-0.0330194625308754
2015,50,1,0.011385478527414465,0.03208335457935136,7.274026531615932e-14,0.2746355562266838,3.5669984136735635e-06,0.05016785991391267,0.16158897325315885,0.27463555622661107,0.03208335457935136,0.14310773215071293,0.0458968055902031,0.09721092656050984
2015,51,0,0.011385478527414464,0.026839259991610378,1.035989764032842e-11,0.17292733928262735,4.2335721888881626e-05,0.055556334899663086,0.09883806364610465,0.17292733927226744,0.026839259991610378,-0.0052825434986317026,0.004601485382551486,-0.009884028881183188
2015,51,1,0.011385478527414465,0.03225692981122237,6.31369682472409e-15,0.23095034716798146,2.5246574221630052e-06,0.04411302264568554,0.16584207945028284,0.23095034716797516,0.03225692981122237,0.35427289236865844,0.04342939188032192,0.31084350048833653
2015,52,0,0.011385478527414465,0.025569000666252836,1.4907797272433943e-10,0.11895782229879273,3.2908426481080605e-05,0.05451587221710506,0.09825108527280418,0.11895782214971476,0.025569000666252836,-0.01632900867392791,0.01714779000520313,-0.03347679867913104
2015,52,1,0.011385478527414465,0.03399776283523272,1.7064078202037482e-14,0.3289900489688558,3.0573757323604835e-06,0.038277461445926524,0.1767311390664719,0.32899004896883877,0.03399776283523272,0.4661243880315047,0.057297374345618685,0.40882701368588603
2015,53,0,0.011385478527414465,0.025487643667210597,9.751200150535189e-11,0.16393792732318602,2.6910742726468932e-05,0.059481797477372866,0.08994322753098584,0.16393792722567402,0.025487643667210597,-0.022467098167920616,0.012754539523308711,-0.035221637691229324
2015,53,1,0.011385478527414464,0.033101701081223685,1.3439469293260259e-15,0.3742167293556228,3.1912434283412865e-06,0.050568455451669866,0.11338389958175991,0.37421672935562145,0.033101701081223685,0.15504759638990828,0.03886020152394675,0.11618739486596152
2015,54,0,0.011385478527414465,0.02758674656434473,8.824537396665993e-11,0.19309265963771444,3.587326628222358e-05,0.056105957054918394,0.11334257132536858,0.19309265954946905,0.02758674656434473,0.2868893806625939,0.027874742451342447,0.2590146382112514
2015,54,1,0.011385478527414465,0.03179734237096718,1.0983374490225545e-15,0.31701931613133943,4.084437597015021e-06,0.05016787419168759,0.13238218449020434,0.3170193161313383,0.03179734237096718,0.1940984557247638,0.05379609698775553,0.14030235873700828
2015,55,0,0.011385478527414465,0.02698926119909552,1.4952320325887187e-10,0.1527491718132217,3.649401525846118e-05,0.05391142992784905,0.12146647741607275,0.1527491716636985,0.02698926119909552,0.025139499879946528,0.016057772253335365,0.009081727626611164
2015,55,1,0.011385478527414465,0.032716615389034955,3.5551623900638345e-14,0.30332808720910664,4.253498473638308e-06,0.050564330586512655,0.15660668546517156,0.3033280872090711,0.032716615389034955,0.3021007443274195,0.04667485484501502,0.2554258894824045
2015,56,0,0.011385478527414465,0.02516380127592931,2.491175369150935e-10,0.16745997070156524,3.2368127693639244e-05,0.055073416495621336,0.09053104664772955,0.1674599704524477,0.02516380127592931,0.2065593978559897,-0.004632317738008901,0.2111917155939986
2015,56,1,0.011385478527414464,0.030832590561246338,1.6692855178322203e-14,0.2350365159579111,3.5383225420362953e-06,0.050104028368998375,0.15676248574118162,0.23503651595789443,0.030832590561246338,0.5443356311124241,0.059649629137482556,0.48468600197494155
2015,57,0,0.011385478527414465,0.02589673882003034,1.7060174258394545e-11,0.15063162442824124,3.84579980034591e-05,0.052446028756947684,0.10027156586020387,0.15063162441118105,0.02589673882003034,0.2414086073053457,0.014501594735354097,0.2269070125699916
2015,57,1,0.011385478527414465,0.030054748282304075,2.683777245655128e-16,0.20190603034561283,4.825559988346384e-06,0.05119863529737038,0.17427751867510496,0.20190603034561255,0.030054748282304075,0.31015215041954747,0.04145838112682251,0.2686937692927249
2015,58,0,0.011385478527414465,0.026846194137921393,3.4524222535856726e-10,0.19825953862403917,4.3132985434648574e-05,0.05490628987906335,0.10414519468367124,0.19825953827879694,0.026846194137921393,-0.1264436418817249,0.014605666892004585,-0.1410493087737295
2015,58,1,0.011385478527414465,0.03884160101880987,4.032120228822033e-14,0.4306405045296728,5.667328900793378e-06,0.038329088896960864,0.1539819567534207,0.4306405045296325,0.03884160101880987,0.24366264311628993,0.06869029216074372,0.1749723509555462
2015,59,0,0.011385478527414464,0.02516944053436476,1.5907533175231222e-10,0.16343890679615952,3.985759363511058e-05,0.05373014731166172,0.09091321145811512,0.16343890663708419,0.02516944053436476,-0.07172551306516485,0.013659993093204831,-0.08538550615836968
2015,59,1,0.011385478527414465,0.02900454416089346,4.76620033621991e-14,0.2073124133947822,3.598707036329952e-06,0.05852109760487778,0.1326997652940933,0.20731241339473455,0.02900454416089346,0.029099355602398957,0.03716764658677672,-0.008068290984377766
2015,60,0,0.011385478527414465,0.02692951003172021,2.3682942240129105e-11,0.15045271508525954,3.750189284330606e-05,0.052379444020050146,0.1301313449325963,0.1504527150615766,0.02692951003172021,-0.1524801548591312,0.0057734343851480845,-0.15825358924427926
2015,60,1,0.011385478527414465,0.038705585088551195,3.0846855264690807e-15,0.3287658895246626,2.8919123550518857e-06,0.03206807697749626,0.21246502580812443,0.3287658895246595,0.038705585088551195,0.2946320762151824,0.08182069379086869,0.2128113824243137
2015,61,0,0.011385478527414464,0.02598286367486698,2.8319371769859882e-11,0.13987648503270111,3.536330952681104e-05,0.06171683408914076,0.10748017007779885,0.13987648500438174,0.02598286367486698,0.2521180704852188,0.0007984238892230905,0.2513196465959957
2015,61,1,0.011385478527414465,0.031098888924575147,5.002640147658796e-14,0.24257700234780621,5.54189979906208e-06,0.05046082388192921,0.16956715262364602,0.2425770023477562,0.031098888924575147,0.4286328916413896,0.045333767155156676,0.38329912448623293
2015,62,0,0.011385478527414464,0.02623508373504797,1.2334283864207322e-11,0.13832211114877238,2.29345540596989e-05,0.059954959950768515,0.10915699141724144,0.1383221111364381,0.02623508373504797,-0.03685027339028858,0.01263195921615233,-0.04948223260644091
2015,62,1,0.011385478527414465,0.03146548704692967,5.068469312483995e-15,0.2323631711266375,2.5228230954533132e-06,0.051430456775601506,0.16549108609666568,0.23236317112663243,0.03146548704692967,0.18165525476980882,0.054511622030513004,0.1271436327392958
2015,63,0,0.011385478527414464,0.02642251410980144,4.736967279578024e-12,0.14348606896070826,3.170850559011015e-05,0.05143107227093163,0.12892806496430587,0.1434860689559713,0.02642251410980144,-0.07076619804686474,0.02620998105750268,-0.09697617910436741
2015,63,1,0.011385478527414465,0.033076801786292395,3.730449531139262e-14,0.33890380753155963,4.358407112904516e-06,0.04630882834049522,0.18649653607651198,0.3389038075315223,0.033076801786292395,0.3483665582262385,0.052897705979498215,0.2954688522467403
2015,64,0,0.011385478527414465,0.02550115876501651,6.578828176201495e-11,0.15539499142013222,4.6130331568754895e-05,0.05881140988220577,0.09629708891401764,0.15539499135434393,0.02550115876501651,-0.15896543811150676,0.021398892825182435,-0.1803643309366892
2015,64,1,0.011385478527414465,0.031192573249801143,8.837321496966315e-14,0.2547566298788591,3.8533451831997805e-06,0.053734936759570036,0.15391902654323042,0.25475662987877074,0.031192573249801143,0.42503662337876014,0.05301734859889816,0.37201927477986196
2015,65,0,0.011385478527414465,0.02532129158912536,2.5737821714167773e-10,0.1505034111474798,4.646332804473569e-05,0.06206453073390946,0.09131045648558742,0.15050341089010158,0.02532129158912536,-0.06450609631922387,0.010432929381467122,-0.074939025700691
2015,65,1,0.011385478527414465,0.03710422319998606,3.2000063244295265e-15,0.37402407134085663,6.97668696813557e-06,0.04286660662259326,0.2275600276936708,0.3740240713408534,0.03710422319998606,0.20090042068427183,0.07034299943999481,0.13055742124427702
2015,66,0,0.011385478527414464,0.026576978226957006,1.5967596866828665e-12,0.17845919388290452,4.209421089796638e-05,0.053915671958553894,0.11051277191452442,0.17845919388130776,0.026576978226957006,0.040707979871344335,0.008702684131079726,0.03200529574026461
2015,66,1,0.011385478527414465,0.0347598993849196,6.506481846580757e-14,0.3369049500772092,7.988728934171762e-06,0.04759879760836353,0.16331198423855248,0.33690495007714416,0.0347598993849196,0.4263059717391974,0.06897428471337382,0.3573316870258236
2015,67,0,0.011385478527414465,0.02684782902834315,2.5118513270525963e-11,0.15627624869716839,4.161827652378948e-05,0.05514396516709317,0.12051413609610477,0.15627624867204987,0.02684782902834315,0.1821509671463931,0.0030751174772468692,0.17907584966914622
2015,67,1,0.011385478527414465,0.03462355387554553,6.474574522304252e-16,0.36394907722101366,8.280360544001703e-06,0.04497498421675349,0.1578862854983287,0.363949077221013,0.03462355387554553,0.5372068831827405,0.060266107752347794,0.47694077543039265
2015,68,0,0.011385478527414465,0.02596476436181052,6.387948775230784e-11,0.14899399240981434,2.3799014992951247e-05,0.05720118916191069,0.09980397320344422,0.14899399234593486,0.02596476436181052,-0.1789793901731831,0.02020591687930357,-0.19918530705248666
2015,68,1,0.011385478527414464,0.029900153494346098,2.9598769408681197e-13,0.17860672558644386,3.773634494678208e-06,0.05176297338267832,0.16343895170162195,0.17860672558614787,0.029900153494346098,0.3626199343159897,0.02429956809015369,0.338320366225836
2015,69,0,0.011385478527414465,0.025769834557737813,2.0879771068196896e-11,0.17742209843078297,3.7493344896560417e-05,0.05861178538133853,0.09724798024936643,0.1774220984099032,0.025769834557737813,0.21530141907011938,0.0154858561908039,0.19981556287931548
2015,69,1,0.011385478527414464,0.030150989476116392,5.4457464261498824e-17,0.2318398110088715,2.6805099596010413e-06,0.0513993815658336,0.14806387316066957,0.23183981100887144,0.030150989476116392,0.1809407738950879,0.01795260580903206,0.16298816808605582
2015,70,0,0.011385478527414464,0.026092654742545435,1.1585191282866403e-11,0.14350895297246916,4.933315889025686e-05,0.06020151290325513,0.1064405601168586,0.14350895296088395,0.026092654742545435,-0.053170052219222844,0.010336227306270186,-0.06350627952549304
2015,70,1,0.011385478527414465,0.03163437084821616,1.5554473879594388e-15,0.30910331842534994,6.621322838314789e-06,0.042238139471604985,0.1363942515238826,0.3091033184253484,0.03163437084821616,0.5134512423027536,0.046496206458917985,0.46695503584383563
2015,71,0,0.011385478527414465,0.026238391922605117,8.337166811837241e-11,0.15233634038660135,4.016299316870791e-05,0.05284256991567626,0.1079310642508498,0.15233634030322968,0.026238391922605117,-0.059583336437476125,0.003376563094542609,-0.06295989953201873
2015,71,1,0.011385478527414464,0.03492495487013264,2.629874944183669e-14,0.36634200375130527,6.5634744201684095e-06,0.04523199704740184,0.16014321451197647,0.36634200375127896,0.03492495487013264,0.35098380737093327,0.07809298768413811,0.2728908196867952
2015,72,0,0.011385478527414464,0.029692990529950617,1.4090057622430536e-11,0.2533420908885466,4.1571663316021886e-05,0.04975124000927616,0.1416699663032083,0.2533420908744565,0.029692990529950617,0.01954811463390683,0.034938751986156084,-0.015390637352249253
2015,72,1,0.011385478527414465,0.03397898797655781,9.135061466081129e-14,0.22710089853881102,7.079787848185002e-06,0.03365256240175349,0.19249237627021112,0.22710089853871968,0.03397898797655781,0.2636746692689762,0.061488308168492344,0.20218636110048385
2015,73,0,0.011385478527414464,0.02817783703663066,3.651406660244382e-11,0.17573685492857216,2.823508558906458e-05,0.055038036718151516,0.13419415013479882,0.1757368548920581,0.02817783703663066,0.0723685649295235,0.012709669529570033,0.05965889539995346
2015,73,1,0.011385478527414465,0.031419540109143954,4.933069366710543e-14,0.242898884124258,3.818196979893007e-06,0.04807162866250722,0.16372930892308624,0.24289888412420868,0.031419540109143954,0.18528808608536362,0.05170860590959098,0.13357948017577265
2015,74,0,0.011385478527414464,0.026565437560586682,5.576170235970058e-11,0.17827539495580436,3.8811837072744336e-05,0.055251351517900185,0.10724394397760904,0.17827539490004266,0.026565437560586682,0.08639750263591525,0.0034512176392385123,0.08294628499667674
2015,74,1,0.011385478527414465,0.034273590898170544,3.1578873253600275e-14,0.2733810572816481,5.2146454010172344e-06,0.03690138402673927,0.178594902405977,0.2733810572816165,0.034273590898170544,0.07079651022322708,0.049871344587819375,0.020925165635407708
2015,75,0,0.011385478527414464,0.026385913380941015,1.0593907420281612e-10,0.16551262619792997,2.516816435883217e-05,0.057217261508564245,0.11597998397913002,0.1655126260919909,0.026385913380941015,-0.16418315586898038,0.03090609730235099,-0.19508925317133138
2015,75,1,0.011385478527414465,0.029502871073939146,9.210339606900493e-16,0.18547606288003002,4.224780208777153e-06,0.05407755216966505,0.17130007614539336,0.1854760628800291,0.029502871073939146,0.28733301660335064,0.04214551439613793,0.24518750220721272
2015,76,0,0.011385478527414465,0.028164241558093616,2.427648908933669e-11,0.16234165306843962,4.208621582452658e-05,0.053897174942605264,0.12966834308969238,0.16234165304416312,0.028164241558093616,0.11392248260637688,0.003808678700710843,0.11011380390566604
2015,76,1,0.011385478527414465,0.03574554468593917,3.0519685651612965e-14,0.42304365163460256,4.357605752192037e-06,0.04085715325342272,0.13632365496487064,0.423043651634572,0.03574554468593917,0.06438330093327349,0.06058426931377983,0.003799031619493659
2015,77,0,0.011385478527414464,0.02539701485605448,1.2718883140637347e-11,0.1432259009014287,3.32517961348286e-05,0.05741194465731137,0.09856958615051271,0.14322590088870982,0.02539701485605448,-0.004640471777259153,0.017461784019825816,-0.02210225579708497
2015,77,1,0.011385478527414465,0.036308594503728794,8.174674428231305e-13,0.40305396278612127,6.662106505667136e-06,0.04014228458101083,0.15782875375797728,0.4030539627853038,0.036308594503728794,0.36173872047044453,0.06086141582106751,0.300877304649377
2015,78,0,0.011385478527414465,0.026718731005431238,7.475646656901913e-13,0.16668712973186406,3.3814758251001685e-05,0.04960067721954829,0.11728096589756341,0.1666871297311165,0.026718731005431238,-0.0054082294842654685,0.020485364661931713,-0.025893594146197182
2015,78,1,0.011385478527414465,0.0316701393199113,6.480100480328217e-14,0.29889989364997127,3.559728748262448e-06,0.05503072348883545,0.16340885673338532,0.2988998936499065,0.0316701393199113,0.3844684409086421,0.038235805801612156,0.3462326351070299
2015,79,0,0.011385478527414465,0.024892565633092403,6.253987377643977e-11,0.1298740393962731,4.1417224262512586e-05,0.0599424889026561,0.09090766746508105,0.12987403933373323,0.024892565633092403,0.05498852855986541,0.012729782310885798,0.042258746248979615
2015,79,1,0.011385478527414465,0.031220449455066347,7.509360047466096e-16,0.20749924770610073,3.5360285121447505e-06,0.045243500601789874,0.1687640070716422,0.20749924770609998,0.031220449455066347,0.22033660754689832,0.03337143953245514,0.18696516801444318
2015,80,0,0.011385478527414465,0.02612845426761195,2.4241074687373845e-12,0.16057894153697447,3.691634098522387e-05,0.053897229835885935,0.09999817263860473,0.16057894153455035,0.02612845426761195,0.1629092068348228,0.01737533952635654,0.14553386730846626
2015,80,1,0.011385478527414465,0.02859256412976879,4.073688690899189e-15,0.1906977815622194,4.342389453404615e-06,0.06533949854519068,0.10952094321002998,0.1906977815622153,0.02859256412976879,0.0872750366543259,0.03264364599737716,0.05463139065694874
2015,81,0,0.011385478527414465,0.027158382624975507,8.956776906342724e-12,0.18182607522147842,3.841233919270861e-05,0.05948180768243311,0.11305486884516698,0.18182607521252164,0.027158382624975507,0.10815394787892499,0.02149469204835367,0.08665925583057132
2015,81,1,0.011385478527414464,0.03368880367640418,1.3750806378960177e-14,0.2421514277748926,7.72165881124098e-06,0.037170759997561066,0.18277732430675542,0.24215142777487886,0.03368880367640418,-0.03543723346118155,0.06173858361826184,-0.0971758170794434
2015,82,0,0.011385478527414465,0.027102620548291923,6.843618050877485e-11,0.1986176816372741,3.106007725063059e-05,0.054464253694156035,0.1181835970245182,0.19861768156883794,0.027102620548291923,-0.41118322538345087,0.018010510950447405,-0.4291937363338983
2015,82,1,0.011385478527414464,0.03056127108246694,7.377570694770031e-16,0.24978579788129496,3.6919953497261837e-06,0.04408327797462981,0.1297062887825819,0.2497857978812942,0.03056127108246694,0.10696613602751148,0.034215577433576165,0.07275055859393531
2015,83,0,0.011385478527414462,0.026020603746154048,2.9642395807979974e-10,0.15196920329453542,3.0215941519185774e-05,0.05277883724178298,0.11077462848463544,0.15196920299811145,0.026020603746154048,0.1896782059304533,0.022908171763527656,0.16677003416692562
2015,83,1,0.011385478527414465,0.033928310940348795,1.9195622835127016e-14,0.3532800015663838,6.396822550868453e-06,0.04787078666593507,0.1023186623667894,0.3532800015663646,0.033928310940348795,0.5256014588505814,0.06267969332000704,0.46292176553057435
2015,84,0,0.011385478527414465,0.02615944470388216,3.7714130508638216e-11,0.15037947280857608,4.20517921670247e-05,0.061399850590487026,0.10000745249409382,0.15037947277086194,0.02615944470388216,0.03707239560237027,-0.0019071012065644335,0.038979496808934706
2015,84,1,0.011385478527414465,0.03465143680441436,3.0856836776773606e-15,0.2528648171207947,3.796204475723627e-06,0.05236636138506223,0.20640708090201473,0.2528648171207916,0.03465143680441436,0.18668461529363145,0.054136820604759606,0.13254779468887185
2015,85,0,0.011385478527414465,0.02477047834089973,7.300141413018377e-11,0.11244841292731551,3.510338092123967e-05,0.05985715675454211,0.09091711640894608,0.1124484128543141,0.02477047834089973,-0.02104927882847882,0.021958611883314254,-0.043007890711793076
2015,85,1,0.011385478527414465,0.030641542178306645,1.0864805576409078e-16,0.21888446876505585,5.54769472921601e-06,0.050452751012253154,0.1539932841662983,0.21888446876505574,0.030641542178306645,0.20268736289065747,0.05422978230055292,0.14845758059010455
2015,86,0,0.011385478527414465,0.02572253652559058,1.5077643200832444e-10,0.16046302145724026,3.1375083606186776e-05,0.05663095058784765,0.10053472813248746,0.16046302130646384,0.02572253652559058,-0.12991866494043233,0.011694727995154124,-0.14161339293558645
2015,86,1,0.011385478527414465,0.03159188783026811,5.064579366640921e-16,0.3157176820715461,8.47757635665139e-06,0.050222674109598665,0.12114621892379447,0.3157176820715456,0.03159188783026811,0.4520946312029923,0.026105835545489196,0.42598879565750314
2015,87,0,0.011385478527414465,0.02765022865584463,3.0081240287245205e-10,0.1905610197256876,4.1992621125836034e-05,0.062349954512211224,0.12239725388025195,0.1905610194248752,0.02765022865584463,0.13337478007428208,0.014130181653571543,0.11924459842071053
2015,87,1,0.011385478527414465,0.033946899519237524,4.090901535546761e-15,0.3302250202424806,1.1769172284838584e-05,0.04657484471328494,0.1782638963687641,0.3302250202424765,0.033946899519237524,0.2206219329540745,0.04877686008765228,0.17184507286642223
2015,88,0,0.011385478527414465,0.02750672653236635,7.043813127642964e-11,0.19802961963909863,3.108999474793872e-05,0.04750997501048044,0.14411970681035705,0.1980296195686605,0.02750672653236635,-0.03539298649779805,0.019245635491112554,-0.054638621988910605
2015,88,1,0.011385478527414465,0.04202771655748905,9.545003853276537e-15,0.481083671847021,3.8922707005389865e-06,0.03316148440065714,0.15656093821445338,0.48108367184701145,0.04202771655748905,0.29460492199897603,0.08568729359017621,0.20891762840879982
2015,89,0,0.011385478527414464,0.02823293125222633,1.3380117079026425e-11,0.1821061929550484,2.6363291760436586e-05,0.047600684911020485,0.12610281282182054,0.18210619294166827,0.02823293125222633,-0.13526241740365613,0.020475899772211245,-0.1557383171758674
2015,89,1,0.011385478527414464,0.031529855509421355,1.0772444329924358e-16,0.21164367673993137,7.668470012904697e-06,0.049594506440015736,0.1842464253008478,0.21164367673993126,0.031529855509421355,0.20625565453287076,0.047361823594729124,0.15889383093814163
2015,90,0,0.011385478527414465,0.026430153561178452,1.7067863595293198e-14,0.14502946914804374,2.818236848432938e-05,0.06197181578417161,0.10440154535160266,0.14502946914802667,0.026430153561178452,-0.13390324460694347,0.00916773651095721,-0.14307098111790068
2015,90,1,0.011385478527414465,0.027981114589596394,1.9830975567000443e-14,0.1930819035066331,6.195772632635518e-06,0.05442011536401123,0.10744623155726311,0.19308190350661328,0.027981114589596394,0.31555849893536203,0.032679889555574125,0.2828786093797879
2015,91,0,0.011385478527414465,0.027232420634041552,9.843241184215338e-11,0.15719519974459148,3.471816790427208e-05,0.05523552638275582,0.1265175821021664,0.15719519964615908,0.027232420634041552,0.014910849499160071,0.02841500874113352,-0.01350415924197345
2015,91,1,0.011385478527414465,0.030064576077206154,1.1611965761109587e-14,0.16721493908239146,7.277424584114747e-06,0.04308060536289092,0.15216451015922977,0.16721493908237986,0.030064576077206154,0.31824846902665715,0.05416899256497248,0.26407947646168467
2015,92,0,0.011385478527414465,0.0255348958353866,4.9461660866587536e-12,0.1338957317665964,4.070016310045335e-05,0.060117366909835164,0.09121060856734003,0.13389573176165023,0.0255348958353866,0.09090490237882276,0.016567620635744153,0.0743372817430786
2015,92,1,0.011385478527414465,0.03268422185032857,1.2839858503808454e-14,0.3264923132732065,3.8140323709094094e-06,0.05021417354262562,0.16068021635371282,0.32649231327319367,0.03268422185032857,0.442214271443653,0.03138222894042117,0.4108320425032318
2015,93,0,0.011385478527414465,0.026582655150543658,8.500408223206375e-12,0.16468814463950845,3.7238355511867095e-05,0.05554947454355233,0.12046626332859826,0.16468814463100806,0.026582655150543658,-0.1608921775284945,0.02254072926607264,-0.18343290679456714
2015,93,1,0.011385478527414465,0.02767441286636388,3.450095274737054e-16,0.19690624324637798,6.106626521238712e-06,0.049052470622482844,0.12268002015864632,0.19690624324637765,0.02767441286636388,0.17934977624106363,0.04581692233898883,0.1335328539020748
2015,94,0,0.011385478527414464,0.026130097859492517,1.1214433232664478e-11,0.16732421215216703,3.475502068796986e-05,0.053732857768281544,0.11260567458651573,0.16732421214095258,0.026130097859492517,0.08692041675281541,0.0039897664920009734,0.08293065026081443
2015,94,1,0.011385478527414465,0.03106575778391374,5.805346665743406e-15,0.24660247255028073,3.6979230120200343e-06,0.04081817492473511,0.17099829994808988,0.24660247255027493,0.03106575778391374,0.07487140942379134,0.050282730925915065,0.02458867849787627
2015,95,0,0.011385478527414465,0.027828774553648128,8.946895894550471e-12,0.17035111496552643,2.230007146404758e-05,0.05476972206682566,0.13657067729828498,0.17035111495657954,0.027828774553648128,0.13390492668638945,0.020028449978415262,0.11387647670797418
2015,95,1,0.011385478527414465,0.029651641414161014,2.3498358383773663e-15,0.19555888515987607,4.46213363772255e-06,0.051430475880446046,0.14901354609918666,0.1955588851598737,0.029651641414161014,0.40150231765019095,0.019983825596645605,0.3815184920535454
2015,96,0,0.011385478527414465,0.026447497215067284,1.7254881407640705e-10,0.16504555881569125,3.953745108778049e-05,0.05503940286047731,0.10557246766889689,0.16504555864314244,0.026447497215067284,-0.048185990497218084,0.02112297797121249,-0.06930896846843057
2015,96,1,0.011385478527414464,0.03472470379449298,4.280188215177371e-14,0.3102296810898469,4.814143434708568e-06,0.037324967456071785,0.18353437735268507,0.3102296810898041,0.03472470379449298,0.2780373504635705,0.06743278024246069,0.2106045702211098
2015,97,0,0.011385478527414464,0.02486524474713992,2.2442839906321508e-11,0.1285794972625543,4.0006139995082546e-05,0.057751554841964134,0.09094839444716497,0.12857949724011145,0.02486524474713992,0.22185834078425498,0.02784018102303682,0.19401815976121817
2015,97,1,0.011385478527414465,0.030038799290036534,6.544522768347179e-14,0.19599327056292176,9.721649820770078e-06,0.054919549476190904,0.16387077554307472,0.19599327056285631,0.030038799290036534,0.14146823625725768,0.035899373875335774,0.10556886238192191
2015,98,0,0.011385478527414464,0.026349854544860576,4.536890347437211e-10,0.13780647007061847,3.780877127816181e-05,0.05490652892923583,0.10966468671963706,0.13780646961692944,0.026349854544860576,-0.06647740533350574,0.012690811602389846,-0.07916821693589558
2015,98,1,0.011385478527414464,0.02963737734470166,2.6268126763982943e-15,0.19806089276867597,3.972977139358125e-06,0.048157257474967706,0.14589328377262506,0.19806089276867334,0.02963737734470166,0.10770529169035048,0.035714231298457015,0.07199106039189346
2015,99,0,0.011385478527414465,0.026213914472390923,2.4636619830478283e-11,0.15226011207371842,3.187758138521405e-05,0.058629047329694255,0.111621242777273,0.1522601120490818,0.026213914472390923,-0.027225220590659214,0.009738575220239847,-0.036963795810899064
2015,99,1,0.011385478527414465,0.02872175480495282,1.5938935601086995e-14,0.1725731345021737,6.968623261921092e-06,0.05805555356282415,0.12333915491729484,0.17257313450215778,0.02872175480495282,0.0319274376925367,0.034765086940966076,-0.002837649248429379
2015,100,0,0.011385478527414464,0.025974435704486414,1.2745972429931258e-10,0.13741833508863896,4.055116343977596e-05,0.05505306115418287,0.0987869639770801,0.13741833496117922,0.025974435704486414,-0.09851860962426165,0.022819044223875352,-0.121337653848137
2015,100,1,0.011385478527414465,0.02723263068925565,2.2546412283204836e-17,0.1638069090086394,7.859672820226315e-06,0.05403949745760836,0.10725390534551663,0.16380690900863937,0.02723263068925565,0.3166809128393676,0.04541210391278334,0.2712688089265843
2016,1,0,0.011640620019111586,0.025969634507959808,5.001882507495369e-11,0.14019733216805544,4.625129284024296e-05,0.0588590362749405,0.10487877903242306,0.14019733211803662,0.025969634507959808,-0.04342780682262078,0.01159444302587161,-0.0550222498484924
2016,1,1,0.011640620019111586,0.030928353993075284,5.883507675262661e-15,0.20219616105235172,9.074255585598111e-07,0.05480332073377269,0.15219952235809797,0.20219616105234584,0.030928353993075284,0.22859122504237872,0.05176888843817433,0.17682233660420438
2016,2,0,0.011640620019111586,0.026292236957935308,1.8522023837817502e-11,0.1675871115120272,3.048718049354889e-05,0.054310615134597735,0.0948437450995255,0.1675871114935052,0.026292236957935308,-0.17076314194217493,0.017950003207055018,-0.18871314514922993
2016,2,1,0.011640620019111586,0.032791935602601206,3.501551114292918e-15,0.29379468184071694,2.6197052583575206e-06,0.054805683830501405,0.15897523687181467,0.29379468184071345,0.032791935602601206,0.3353086128432481,0.06314850432760272,0.27216010851564537
2016,3,0,0.011640620019111586,0.025785332278072906,1.245632718640256e-10,0.15092503260268528,4.689473417944715e-05,0.058751205423250116,0.09803155588660688,0.150925032478122,0.025785332278072906,0.004759548875504754,0.013471420362891708,-0.008711871487386953
2016,3,1,0.011640620019111586,0.030484839163943806,3.1634023289310825e-15,0.19543704491010025,2.346903988199626e-06,0.05453617687408499,0.14453562323895466,0.19543704491009709,0.030484839163943806,0.13974243707670053,0.04200252411106794,0.09773991296563259
2016,4,0,0.011640620019111586,0.02801441615978767,3.581712902947787e-10,0.19318324633431205,3.246193192032624e-05,0.05414615193166218,0.12671983340195855,0.19318324597614075,0.02801441615978767,0.05876253656937286,0.014971840384084879,0.04379069618528798
2016,4,1,0.011640620019111586,0.03500819696966223,1.6198607012069682e-15,0.36385656315085707,3.8071008648370287e-06,0.04111488027949738,0.14657536761568699,0.36385656315085546,0.03500819696966223,0.2981777740715045,0.0650519624745185,0.23312581159698598
2016,5,0,0.011640620019111588,0.027054057440915356,3.1891952119570325e-12,0.19702890465338554,3.830038570012982e-05,0.054953140649272564,0.10558510402073734,0.19702890465019635,0.027054057440915356,0.11787198458054476,-0.006558686969668961,0.12443067155021373
2016,5,1,0.011640620019111586,0.030420662698355704,5.979563391183302e-15,0.19400947576719205,2.2067630605945075e-06,0.04434007705211846,0.1630330153090787,0.19400947576718608,0.030420662698355704,0.5415791310307784,0.05881978833364114,0.4827593426971372
2016,6,0,0.011640620019111586,0.026966522278309576,1.0491778900523555e-11,0.16662833267748758,2.428437257961886e-05,0.059019721062321354,0.11442749170652282,0.1666283326669958,0.026966522278309576,0.12899049447998046,0.025580542682855166,0.10340995179712528
2016,6,1,0.011640620019111586,0.0304660050447871,4.53227924017872e-15,0.21102128579515034,5.075162125410046e-06,0.05710263517195812,0.1363841339886646,0.2110212857951458,0.0304660050447871,0.5119796338424318,0.05678971835019893,0.4551899154922329
2016,7,0,0.011640620019111586,0.025224294992182577,2.626245604003712e-12,0.13536201671283374,3.2773944317635975e-05,0.05993568908289245,0.08978992981602935,0.1353620167102075,0.025224294992182577,-0.14451288435691828,0.006459657202457843,-0.15097254155937612
2016,7,1,0.011640620019111588,0.031091721931253095,1.638028648928502e-14,0.27210719341990736,4.967869068937015e-06,0.049391777902329036,0.15356260393114987,0.272107193419891,0.031091721931253095,0.2122487418642881,0.021957756780532155,0.19029098508375594
2016,8,0,0.011640620019111586,0.025612782555356362,9.010595597817612e-11,0.1109737059993222,4.023537547384299e-05,0.05905676406588293,0.09503751318162298,0.11097370590921625,0.025612782555356362,-0.024966970218018532,0.021247664524581173,-0.04621463474259971
2016,8,1,0.011640620019111588,0.03178928955673897,3.7600199378946454e-17,0.24083786238320448,7.162312631604106e-06,0.045256105215533325,0.1465374105742588,0.24083786238320445,0.03178928955673897,0.4708325031951063,0.0451358581378733,0.425696645057233
2016,9,0,0.011640620019111586,0.027417398974322982,3.045688568111422e-11,0.14202456684450213,3.27390429656286e-05,0.05670640221300956,0.13331112736931428,0.14202456681404524,0.027417398974322982,0.10205105265413492,0.018882140170999276,0.08316891248313564
2016,9,1,0.011640620019111588,0.03356700110128121,1.1985159232705388e-15,0.3212072316146243,4.0788528900439805e-06,0.05390912277967853,0.1125240284390931,0.32120723161462306,0.03356700110128121,0.724841335701691,0.05370533121716788,0.671136004484523
2016,10,0,0.011640620019111586,0.025974914817871637,5.9230259996112576e-12,0.15837094759937861,4.4682900920573295e-05,0.05809936101912262,0.09830262389261753,0.15837094759345557,0.025974914817871637,-0.0014452492560728808,0.015344465966321358,-0.01678971522239424
2016,10,1,0.011640620019111586,0.04080312117065875,9.326263761081286e-15,0.4954180370576809,5.826686431528369e-06,0.03985786447875468,0.18024411689031894,0.49541803705767157,0.04080312117065875,0.30685161086014767,0.07070751647252924,0.23614409438761844
2016,11,0,0.011640620019111588,0.028107777040759802,3.903829244606024e-11,0.18152465587082783,4.080390988979852e-05,0.05533631562105298,0.1251865123810478,0.18152465583178953,0.028107777040759802,0.5205847918233473,0.011622508766887644,0.5089622830564596
2016,11,1,0.011640620019111586,0.032578709498667126,1.1482185696906644e-15,0.2595295834152464,4.057251212973971e-06,0.05163663249245552,0.16496499887189517,0.25952958341524524,0.032578709498667126,0.3069429379162061,0.053398849973552646,0.25354408794265343
2016,12,0,0.011640620019111586,0.026073782544826035,8.64748544370339e-12,0.148022304845307,5.1724873894456854e-05,0.05480333619768092,0.10019769873860485,0.14802230483665954,0.026073782544826035,-0.03209545403897529,0.010524465559674328,-0.04261991959864962
2016,12,1,0.011640620019111586,0.02917470968620198,4.699604991997092e-16,0.1977732424781084,3.813622640515388e-06,0.04697249549464676,0.1387098406266532,0.19777324247810793,0.02917470968620198,0.24851003964355478,0.04863788473994045,0.19987215490361432
2016,13,0,0.011640620019111586,0.026494647119337092,7.922476698184354e-11,0.14466187253578006,4.7417944148232025e-05,0.056921607478286736,0.10131070615874886,0.1446618724565553,0.026494647119337092,0.1224382483113034,0.0003868540548186729,0.12205139425648473
2016,13,1,0.011640620019111586,0.03199776371370158,9.136972140799223e-16,0.19640918346549327,2.314966120374129e-06,0.041776213469793766,0.16949950767101368,0.19640918346549235,0.03199776371370158,0.2064270628906586,0.041527731723476284,0.1648993311671823
2016,14,0,0.011640620019111586,0.026791388512952354,2.0902439293253537e-11,0.14281965042097786,3.3575556890824914e-05,0.056962180422779424,0.11506415933893209,0.1428196504000754,0.026791388512952354,0.09593795363763433,0.022471595559454383,0.07346635807817994
2016,14,1,0.011640620019111588,0.03454233738069038,9.60421146537798e-15,0.3673741295626605,3.631694018431762e-06,0.045958893466570144,0.18331393172000948,0.3673741295626509,0.03454233738069038,0.30337499962629466,0.04032247831570655,0.2630525213105881
2016,15,0,0.011640620019111586,0.027257434596407556,1.4534870431048433e-10,0.1744134110404008,4.735114575437387e-05,0.0666613644709536,0.09948861397052843,0.1744134108950521,0.027257434596407556,0.006098934664196233,0.023381300439452152,-0.01728236577525592
2016,15,1,0.011640620019111586,0.038906977730122624,4.696587143965556e-14,0.4885754136492651,2.347754958047091e-06,0.033152874878299585,0.16332553683882314,0.48857541364921814,0.038906977730122624,0.19651003183438476,0.05677476436031322,0.13973526747407153
2016,16,0,0.011640620019111586,0.026851746792029414,1.658476801876272e-11,0.1439013205757074,3.392594181025299e-05,0.05154385040919252,0.10974308006621034,0.14390132055912264,0.026851746792029414,-0.2213538060589518,0.026965016825277948,-0.24831882288422974
2016,16,1,0.011640620019111586,0.03548801639477716,1.3299631481304928e-14,0.2720677765588996,6.754310082832015e-06,0.043433716597557875,0.1915561366102333,0.27206777655888625,0.03548801639477716,0.37752452786073,0.04972785018818192,0.32779667767254805
2016,17,0,0.011640620019111586,0.027688816134021525,3.9288386110316793e-11,0.17484207427558915,3.4726698544608455e-05,0.05401888027589583,0.13184426014558936,0.17484207423630077,0.027688816134021525,0.27746955182273025,0.011108763314840404,0.26636078850788986
2016,17,1,0.011640620019111586,0.0312766116617243,4.07526228005819e-15,0.27931907924149924,6.310948344588328e-06,0.05941701503324129,0.11950762010365434,0.2793190792414952,0.0312766116617243,0.3353642082977607,0.041982045730231995,0.2933821625675287
2016,18,0,0.011640620019111586,0.024987143149204853,2.9633106655331974e-11,0.11259300860675375,5.701927988099109e-05,0.05937275981622527,0.09111760207038339,0.11259300857712065,0.024987143149204853,0.14281641705142556,9.900213807489955e-05,0.14271741491335066
2016,18,1,0.011640620019111586,0.03194019242994819,4.178381244392969e-14,0.26962543173646797,4.691359025543878e-06,0.055238519175985865,0.1612495911034372,0.26962543173642617,0.03194019242994819,0.34363174919075223,0.05106137027232906,0.2925703789184232
2016,19,0,0.011640620019111586,0.027062531075392887,3.917231632962211e-11,0.18280550263193754,4.0586579193596344e-05,0.054803701415091124,0.11444690106792507,0.18280550259276523,0.027062531075392887,0.15244972243313007,0.011065630637119617,0.14138409179601044
2016,19,1,0.011640620019111586,0.037295059853209286,3.3667782896976475e-15,0.32287218008904206,3.2294086378454234e-06,0.03620788186726407,0.18664859485322444,0.3228721800890387,0.037295059853209286,0.3574512049834089,0.09037171828553212,0.26707948669787673
2016,20,0,0.011640620019111586,0.025962458697510037,7.764441491663804e-11,0.1795676029028884,3.3454531101034904e-05,0.05534343478908263,0.10021761423977264,0.17956760282524398,0.025962458697510037,-0.021528428827544646,0.02124996724684438,-0.042778396074389026
2016,20,1,0.011640620019111586,0.03762477184837275,1.5166848030729615e-14,0.386020053684944,2.9793606331966353e-06,0.0443417635729718,0.16589242233741494,0.38602005368492887,0.03762477184837275,0.2540214596685524,0.047467448511699366,0.206554011156853
2016,21,0,0.011640620019111586,0.02742919514148628,7.979434248138549e-12,0.16255144203245,4.129170513038804e-05,0.05525639956796063,0.11408681052185926,0.16255144202447058,0.02742919514148628,0.187317864360906,0.023830378658850963,0.16348748570205504
2016,21,1,0.011640620019111586,0.03139716590161608,2.0043463149443062e-15,0.2481866856589317,3.821613624808452e-06,0.05946846313847846,0.11533371238345977,0.2481866856589297,0.03139716590161608,0.2434411124839333,0.03579181426415598,0.20764929821977732
2016,22,0,0.011640620019111586,0.02734839221328402,1.1908251523776267e-11,0.18232223128946654,3.0275764869795854e-05,0.056715716933551076,0.09992228582246705,0.18232223127755828,0.02734839221328402,0.3328700249825296,0.026963658348827357,0.30590636663370224
2016,22,1,0.011640620019111586,0.031787515945940065,9.742250136826202e-16,0.23223570422879228,4.6931033301661455e-06,0.05300193704213589,0.1668551471144375,0.2322357042287913,0.031787515945940065,0.2998477588839229,0.03290947969149857,0.2669382791924243
2016,23,0,0.011640620019111586,0.026971707801487995,6.757854029166029e-11,0.1640909717941068,7.145835184417542e-05,0.05182577710568837,0.09999934368478205,0.16409097172652826,0.026971707801487995,-0.11596166332209909,0.011678676281259834,-0.1276403396033589
2016,23,1,0.011640620019111586,0.03182252673646327,9.973324330601896e-15,0.2091975769260902,3.334237334442682e-06,0.051543713955972695,0.18598389065820273,0.20919757692608024,0.03182252673646327,0.30629837716042485,0.057393011172780645,0.2489053659876442
2016,24,0,0.011640620019111586,0.026494849357785216,9.147293239810012e-11,0.15673021287328032,3.6469238017467565e-05,0.049433275100906796,0.10000109864710313,0.15673021278180738,0.026494849357785216,-0.1320031254178523,0.005089305214591541,-0.13709243063244386
2016,24,1,0.011640620019111586,0.03471395826501215,8.014905830689254e-15,0.26930627109913713,6.772579631502262e-06,0.038434099389856556,0.17990505159647155,0.26930627109912914,0.03471395826501215,0.4106314558997519,0.048069106014366196,0.3625623498853857
2016,25,0,0.011640620019111586,0.027076720748226576,4.505303834571715e-11,0.19410357643767778,3.3940290840582246e-05,0.0569864827065273,0.12032601814114911,0.19410357639262474,0.027076720748226576,0.07151263009876155,0.023772351524274888,0.047740278574486664
2016,25,1,0.011640620019111586,0.03394158044048008,6.982181433649482e-14,0.29883070321173943,3.048197423827685e-06,0.04039477273139244,0.16418160406177779,0.2988307032116696,0.03394158044048008,0.3274493468897116,0.05422072150302883,0.2732286253866828
2016,26,0,0.011640620019111586,0.027953405085471894,2.3239583069270296e-11,0.17986534141627658,3.3412412347476135e-05,0.055849394369558165,0.125861345222591,0.179865341393037,0.027953405085471894,0.00026384989754122887,0.021072250224258033,-0.020808400326716804
2016,26,1,0.011640620019111586,0.032193172014478154,1.0406943427623217e-14,0.22921349949113515,6.978506518360374e-06,0.03887872203221244,0.16694899534938928,0.22921349949112474,0.032193172014478154,0.4070393313524989,0.06049103729893738,0.3465482940535615
2016,27,0,0.011640620019111586,0.02488701954969663,1.686624979469247e-11,0.10094672543698636,2.9856022810187553e-05,0.06111476590523956,0.09092517574403337,0.10094672542012012,0.02488701954969663,-0.0431738538801225,0.017225676468078842,-0.06039953034820134
2016,27,1,0.011640620019111586,0.03602295867473709,6.698717602822231e-16,0.31494647293968264,1.7990497918515552e-06,0.04094070416146273,0.19708786240201617,0.314946472939682,0.03602295867473709,0.5836008944625752,0.05133961600193012,0.5322612784606451
2016,28,0,0.011640620019111588,0.02814861831034288,7.582047309464812e-11,0.20470581527778076,3.286341404498129e-05,0.05693057990971669,0.10595355955112755,0.2047058152019603,0.02814861831034288,0.19177882117849776,0.025295391056019214,0.16648343012247854
2016,28,1,0.011640620019111586,0.03766267966079366,1.8259886011152613e-16,0.40000143468493704,3.922601073420333e-06,0.045948594672643533,0.16438812590794996,0.4000014346849369,0.03766267966079366,0.21054496244585363,0.07035481020343635,0.14019015224241727
2016,29,0,0.011640620019111586,0.025326983795678243,1.347768201106663e-11,0.1314635950852207,4.244640494516881e-05,0.05814353303370511,0.0909218183946526,0.13146359507174302,0.025326983795678243,-0.03450350192884985,0.021323320352120048,-0.0558268222809699
2016,29,1,0.011640620019111586,0.035894978313527864,1.13562257735292e-15,0.34645935687029344,2.431414170512834e-06,0.03620858917489847,0.1757545361432068,0.34645935687029233,0.035894978313527864,0.07406428025936551,0.0508171294717092,0.02324715078765631
2016,30,0,0.011640620019111586,0.025737203303904117,7.746010338687863e-11,0.11382817240198465,3.146285430956807e-05,0.059372736001816306,0.10069507085299807,0.11382817232452454,0.025737203303904117,-0.30841192974164033,0.012654593916638888,-0.3210665236582792
2016,30,1,0.011640620019111586,0.03161501981232665,9.997523722470603e-15,0.2878588457971955,4.231902615299098e-06,0.05583895645945017,0.14338482310002346,0.2878588457971855,0.03161501981232665,0.4137574601497267,0.026184367877319044,0.38757309227240766
2016,31,0,0.011640620019111586,0.02752545359730014,6.713417185860439e-11,0.13917046477377923,4.622234311285267e-05,0.05101271851798518,0.12248365192342704,0.13917046470664507,0.02752545359730014,-0.16308180143398623,0.010151347633754037,-0.17323314906774026
2016,31,1,0.011640620019111586,0.03752528930641545,5.113968688628456e-16,0.3615843303645411,2.394091766565778e-06,0.04010772843257497,0.23937185944201694,0.3615843303645406,0.03752528930641545,0.594404727139191,0.06877369984049125,0.5256310272986997
2016,32,0,0.011640620019111588,0.02719975125873478,8.162239816783307e-12,0.13730290460455266,4.6541628459497395e-05,0.05154366843725293,0.11556789016652283,0.1373029045963904,0.02719975125873478,0.07005176834130104,0.003164075273565884,0.06688769306773516
2016,32,1,0.011640620019111586,0.03773607114082433,2.403864701193039e-14,0.3827335536027002,2.885454006309369e-06,0.03884612844915439,0.18424307324522907,0.3827335536026762,0.03773607114082433,0.1331620762700263,0.07923268774917444,0.053929388520851856
2016,33,0,0.011640620019111586,0.027553642505748287,2.0535473050145223e-12,0.17809534800178237,3.895241324599139e-05,0.053486080972219706,0.12417672873079828,0.17809534799972881,0.027553642505748287,0.03797626668277858,0.0019862071871630874,0.03599005949561549
2016,33,1,0.011640620019111586,0.031217446206500285,1.0613670416034762e-15,0.22705251004646984,4.685905326594602e-06,0.04624940479677655,0.13914334047398455,0.2270525100464688,0.031217446206500285,0.16544444619363485,0.048114258322636654,0.11733018787099819
2016,34,0,0.011640620019111588,0.026274413322831893,5.565539940361496e-12,0.16015623847798097,3.0313564253970424e-05,0.06091528162642334,0.09100070890318962,0.16015623847241542,0.026274413322831893,-0.33896618596613176,0.010503841608636637,-0.3494700275747684
2016,34,1,0.011640620019111586,0.037903846744221495,3.236922893743898e-15,0.396720555849118,3.2896274369790797e-06,0.040958710878863054,0.1587813283536997,0.39672055584911475,0.037903846744221495,0.2809705232820485,0.06853770418929563,0.2124328190927529
2016,35,0,0.011640620019111586,0.026211094531142808,1.3186079272937904e-11,0.14630569498486898,4.864857765019301e-05,0.05890558309998724,0.10053721671952029,0.1463056949716829,0.026211094531142808,0.1330017595766561,0.012642417315079982,0.12035934226157613
2016,35,1,0.011640620019111586,0.031320459922585274,2.2461719040043936e-14,0.20001196303830193,3.5336349347284837e-06,0.06465796597002023,0.15842214380307362,0.20001196303827948,0.031320459922585274,0.2913173319141522,0.04604264761279281,0.2452746843013594
2016,36,0,0.011640620019111586,0.029303238565244187,3.842675936744131e-12,0.17812776668911529,3.472575304665524e-05,0.04756109417466556,0.1400701617486043,0.1781277666852726,0.029303238565244187,-0.15561849963833346,0.021484507123606323,-0.1771030067619398
2016,36,1,0.011640620019111586,0.03491844274798422,2.1873273495519247e-15,0.3034402983924736,3.6077732061752507e-06,0.042215910536763136,0.17236061034288785,0.30344029839247144,0.03491844274798422,0.23713906390220452,0.08126297625209693,0.15587608765010758
2016,37,0,0.011640620019111586,0.026428335253069157,9.55838810481365e-13,0.1432749407706254,3.044179284254477e-05,0.054841582770388544,0.10499457172856146,0.14327494076966954,0.026428335253069157,0.04838706823953406,0.020060479525262485,0.028326588714271572
2016,37,1,0.011640620019111586,0.035013467713668714,7.272011692450272e-15,0.3145661764521791,2.5361862776523433e-06,0.044533503377828805,0.18248734174145784,0.31456617645217183,0.035013467713668714,0.15198131021775418,0.05006637345891199,0.1019149367588422
2016,38,0,0.011640620019111586,0.02639645723582596,2.634419754123334e-11,0.1549904476450784,3.031129878990001e-05,0.05204826464293815,0.1012117399765072,0.1549904476187342,0.02639645723582596,-0.05208614965991942,-0.00245374204672872,-0.0496324076131907
2016,38,1,0.011640620019111586,0.030334674069972277,4.397413945300478e-15,0.1764611822004569,3.0791682596746324e-06,0.04914301406518047,0.15130413299090162,0.1764611822004525,0.030334674069972277,0.4686724554542189,0.04779593257454836,0.42087652287967053
2016,39,0,0.011640620019111586,0.02653980613368046,5.170796237203298e-11,0.14019748139308855,4.39402613754668e-05,0.05583901619521569,0.11241745392621344,0.14019748134138058,0.02653980613368046,0.10496739207386815,0.007540259919821313,0.09742713215404684
2016,39,1,0.011640620019111588,0.029669352658614034,1.8126951008713093e-13,0.2076414614666329,1.8947397039115525e-06,0.052855701443009266,0.13391402878171516,0.20764146146645163,0.029669352658614034,0.3377508993345909,0.03926180061896227,0.2984890987156286
2016,40,0,0.011640620019111586,0.025933648104006893,6.049027066652637e-12,0.14393092573369146,3.914067758196097e-05,0.053191999785718244,0.09980526347174797,0.14393092572764243,0.025933648104006893,0.04411797697277129,0.02226296328001424,0.02185501369275705
2016,40,1,0.011640620019111586,0.031041687564370226,5.867385535712582e-15,0.20505599130891083,1.4562064370817047e-06,0.0448740104667529,0.1475735946410306,0.20505599130890498,0.031041687564370226,0.027879459908683568,0.0321342781044779,-0.004254818195794333
2016,41,0,0.011640620019111586,0.02713657513440738,4.9221401723860345e-11,0.16784375473688834,4.425951199596101e-05,0.06394264602325621,0.1120355462774775,0.16784375468766694,0.02713657513440738,-0.27972743259620103,0.009656716244391031,-0.28938414884059205
2016,41,1,0.011640620019111586,0.03012386991619423,3.1229269212113435e-15,0.18225408414913674,5.591232093860951e-06,0.04317860370427815,0.1658289323747365,0.1822540841491336,0.03012386991619423,0.4977858047927256,0.0393201929341926,0.458465611858533
2016,42,0,0.011640620019111586,0.025800532146794706,8.062882475437077e-11,0.1426679407392143,4.9157863411167544e-05,0.05851578404206479,0.09674467572251669,0.14266794065858546,0.025800532146794706,0.26659404527532793,0.011272591227518735,0.2553214540478092
2016,42,1,0.011640620019111586,0.030755972572379064,1.0528592990525184e-14,0.19967253592147025,3.533045316663033e-06,0.04736384896698813,0.1812207159478781,0.19967253592145973,0.030755972572379064,0.5288136275893509,0.040512587850427,0.4883010397389239
2016,43,0,0.011640620019111586,0.027877388785427625,1.4944587310997384e-10,0.16443355924092726,4.0722125109849375e-05,0.055847210491734224,0.1217465372612519,0.16443355909148138,0.027877388785427625,-0.019737062070132233,0.024870169612952832,-0.044607231683085065
2016,43,1,0.011640620019111588,0.03946662436626418,5.357229762725978e-15,0.5184938251708993,4.035782355910125e-06,0.04299429482957675,0.17598691771539052,0.5184938251708939,0.03946662436626418,0.3148286358843857,0.057765285756633186,0.2570633501277525
2016,44,0,0.011640620019111586,0.02663861745936995,3.966152625619313e-11,0.15632138858709452,4.355696563520439e-05,0.05695633398165341,0.10990958175603045,0.156321388547433,0.02663861745936995,-0.040162575090079804,0.02295640956029206,-0.06311898465037186
2016,44,1,0.011640620019111586,0.03325840512253477,4.829721109290486e-14,0.2613531605553118,1.5046939360592965e-06,0.04251690959503573,0.1383758033691157,0.26135316055526353,0.03325840512253477,0.49233687638115997,0.05519112914290795,0.437145747238252
2016,45,0,0.011640620019111586,0.02568869019727979,9.586792453354299e-12,0.11432794607328246,3.064353739494656e-05,0.06142878552285031,0.09341909993132796,0.11432794606369567,0.02568869019727979,0.020389180268502657,0.015928384502441276,0.004460795766061381
2016,45,1,0.011640620019111586,0.030274676420094404,1.649163050353838e-15,0.26052236289317265,4.003559834664971e-06,0.051944650904222664,0.11453610143568323,0.260522362893171,0.030274676420094404,0.46911775606237516,0.02726357868618514,0.44185417737619004
2016,46,0,0.011640620019111586,0.025331100081728966,3.4408956318904905e-11,0.11110185593877477,3.930177316340974e-05,0.06111445699394861,0.0899741997518266,0.1111018559043658,0.025331100081728966,0.10676815230833209,0.0035864930347968282,0.10318165927353526
2016,46,1,0.011640620019111588,0.03159039691485107,1.000227070754222e-15,0.218895196874333,3.884559293850928e-06,0.04937032749603342,0.16550435020070467,0.218895196874332,0.03159039691485107,0.05136771635511017,0.06350332990331739,-0.01213561354820722
2016,47,0,0.011640620019111586,0.028110447460777635,3.335661449025424e-11,0.17952647732772506,4.169308402990186e-05,0.05762699570523225,0.14397231381867567,0.17952647729436844,0.028110447460777635,0.031148623615802146,0.020104679243852487,0.011043944371949659
2016,47,1,0.011640620019111586,0.028722090582751263,4.582227485438349e-15,0.14682761207196146,1.915056602574036e-06,0.049964537330426204,0.13339971539524823,0.14682761207195688,0.028722090582751263,0.033470403920643266,0.023943215171779324,0.009527188748863942
2016,48,0,0.011640620019111586,0.025853830056524914,7.593394452615844e-11,0.16030298571136845,3.601417798582705e-05,0.06452848142408991,0.10050382839887964,0.1603029856354345,0.025853830056524914,-0.11194351789200557,0.007783185404237242,-0.11972670329624281
2016,48,1,0.011640620019111586,0.035937433154670635,5.322424128117978e-17,0.3509671871499311,4.287487526258554e-06,0.038576139348855405,0.18134576862988752,0.350967187149931,0.035937433154670635,0.2616215486126061,0.06604728686946781,0.1955742617431383
2016,49,0,0.011640620019111586,0.026726540846540425,1.907337502040772e-11,0.16529214549401047,3.232512642562437e-05,0.055872448346728054,0.11218677546074406,0.1652921454749371,0.026726540846540425,-0.029320043928590306,0.015339319002545267,-0.04465936293113557
2016,49,1,0.011640620019111586,0.031006338532740436,4.707550727890448e-15,0.25904778118558675,4.813400646494941e-06,0.04789179340661224,0.11544148229939113,0.259047781185582,0.031006338532740436,0.24918070360168798,0.031005420043244334,0.21817528355844365
2016,50,0,0.011640620019111586,0.027168278328956963,5.881407696510498e-11,0.1465993704485079,3.283970836358693e-05,0.06211595450104289,0.11228183529996977,0.14659937038969384,0.027168278328956963,0.12930365145662898,0.02204956633685188,0.1072540851197771
2016,50,1,0.011640620019111586,0.039653382103601455,1.0784492012800745e-15,0.42270125223886995,1.7707914160433567e-06,0.038936960192691765,0.1879842009311996,0.4227012522388689,0.039653382103601455,0.34150511577144893,0.07640530044983908,0.26509981532160987
2016,51,0,0.011640620019111586,0.025657734301562655,8.1598147274415e-11,0.13422332602080186,5.038573998168456e-05,0.058895056808465455,0.10000015510009463,0.13422332593920372,0.025657734301562655,0.20484343072002134,0.007287076727410798,0.19755635399261054
2016,51,1,0.011640620019111586,0.02859428617885546,1.208246868077012e-16,0.16785888194338108,3.7437042188668295e-06,0.053987242795848954,0.12911623262160124,0.16785888194338097,0.02859428617885546,0.23783856247436053,0.03604272175858268,0.20179584071577783
2016,52,0,0.011640620019111586,0.027849794649468296,5.752351893753748e-12,0.21805611343096115,4.717576162747872e-05,0.05480562504172042,0.13462973686659777,0.2180561134252088,0.027849794649468296,0.22651823418410208,-0.0009359492911178019,0.2274541834752199
2016,52,1,0.011640620019111586,0.030612117866952535,4.225261911070879e-16,0.23447463512500344,3.489333428806323e-06,0.04850964949721911,0.17139812419447173,0.23447463512500302,0.030612117866952535,0.11327176385691606,0.03979194172250418,0.07347982213441188
2016,53,0,0.011640620019111586,0.027076676697037335,4.398726853253468e-12,0.16661324916515122,3.5452428880150936e-05,0.051002222262935756,0.1122823664502852,0.16661324916075249,0.027076676697037335,-0.2553276498248956,0.029553623129755454,-0.28488127295465104
2016,53,1,0.011640620019111586,0.03303307214556081,1.5765962363645753e-15,0.25105819393715506,2.5975779385336123e-06,0.04710165666915916,0.16770663172180486,0.2510581939371535,0.03303307214556081,0.19555830850965394,0.04463510174015162,0.15092320676950233
2016,54,0,0.011640620019111586,0.026661438576895798,2.1743219084679675e-13,0.15223986070765255,4.146848437154006e-05,0.05300541867854212,0.1116633813713245,0.15223986070743512,0.026661438576895798,-0.025278142420254182,0.019516433512655026,-0.04479457593290921
2016,54,1,0.011640620019111586,0.03150005904733212,2.7254467971061642e-14,0.24826720607996203,3.6435557019939714e-06,0.05574938588023371,0.1299565419348171,0.24826720607993477,0.03150005904733212,0.4286650673017808,0.06108495573003499,0.3675801115717458
2016,55,0,0.011640620019111586,0.026911809685031318,2.463304736365328e-10,0.16692276509098156,3.1801822601110414e-05,0.056356532724398604,0.12109436933648682,0.16692276484465107,0.026911809685031318,0.03887197218000511,0.021612005029888425,0.017259967150116688
2016,55,1,0.011640620019111586,0.034534761814352236,7.596352831732417e-15,0.3777213663594506,3.12814172838334e-06,0.04024632878811273,0.1439290309582619,0.377721366359443,0.034534761814352236,0.531426281358857,0.04565978303829872,0.48576649832055824
2016,56,0,0.011640620019111586,0.02675642394643261,9.390122799437489e-11,0.14592208068328996,3.3108047542463966e-05,0.05529827995688785,0.10600016821635688,0.14592208058938874,0.02675642394643261,0.0758234819873829,0.018187492163540007,0.05763598982384289
2016,56,1,0.011640620019111586,0.03001381029142664,2.465377828326686e-15,0.2109434997131194,1.7335192534575497e-06,0.05317578635494261,0.13886898595094269,0.21094349971311693,0.03001381029142664,0.1305213135526857,0.03702823845672072,0.09349307509596498
2016,57,0,0.011640620019111586,0.025592689332394437,1.0944958661490636e-10,0.1522206911363249,5.140299637680446e-05,0.05937273965078287,0.09091493049089115,0.1522206910268753,0.025592689332394437,0.02958156140509935,0.00743028545889424,0.02215127594620511
2016,57,1,0.011640620019111586,0.030427004893866117,7.665226405032871e-15,0.20518150904613427,2.3234650345094538e-06,0.05585621114759751,0.14325755548514457,0.20518150904612661,0.030427004893866117,0.6294071797975748,0.06116272400356535,0.5682444557940094
2016,58,0,0.011640620019111586,0.026579063346224632,1.8200032423769958e-11,0.18181655015752635,3.19755851916937e-05,0.05686811175166885,0.09837144298303252,0.18181655013932632,0.026579063346224632,0.029320504354490767,0.016056524015014798,0.01326398033947597
2016,58,1,0.011640620019111586,0.03539216027737367,2.3693693829250605e-14,0.41149806971362185,3.635856741657419e-06,0.04890271553932108,0.15372429783297448,0.41149806971359815,0.03539216027737367,0.33600822496896954,0.03482913896241113,0.3011790860065584
2016,59,0,0.011640620019111586,0.02613208832908774,5.946890973789282e-11,0.15411255584161948,4.547166018446641e-05,0.06228983401293781,0.10124709237055926,0.15411255578215058,0.02613208832908774,-0.025717759002434018,0.006457384932656258,-0.03217514393509027
2016,59,1,0.011640620019111586,0.03285970483356289,5.612790477759674e-16,0.3060197313173573,2.9036786303444197e-06,0.04527183525624872,0.1494389759064962,0.30601973131735677,0.03285970483356289,-0.01685298367366017,0.036931343358314016,-0.05378432703197419
2016,60,0,0.011640620019111586,0.026790115984445983,1.0309422561599342e-12,0.16490211784594255,3.0029789267142755e-05,0.06004989442321336,0.10404777153649239,0.1649021178449116,0.026790115984445983,-0.0627014103696337,0.018986510154797635,-0.08168792052443133
2016,60,1,0.011640620019111588,0.029538831349282816,2.302619129071125e-13,0.20281165525740805,8.93908064439902e-06,0.05583989600542799,0.13748333976454483,0.2028116552571778,0.029538831349282816,0.2856422720674091,0.026030493198948124,0.259611778868461
2016,61,0,0.011640620019111586,0.028280045333481763,3.0337135419743815e-11,0.25598342033967575,3.8705124308565214e-05,0.057707462353118535,0.10446531162070127,0.2559834203093386,0.028280045333481763,-0.24095352127862074,0.03256351373389184,-0.27351703501251257
2016,61,1,0.011640620019111588,0.03938720734879456,2.343244908912988e-14,0.4902120667916667,3.1096508158199123e-06,0.03871318272683026,0.1830843509833988,0.49021206679164325,0.03938720734879456,0.7157455207533319,0.08072571052159645,0.6350198102317354
2016,62,0,0.011640620019111586,0.027145181338675117,3.760424541960811e-11,0.16560334329156517,2.329886650230792e-05,0.0534651520780128,0.11107423382086096,0.16560334325396092,0.027145181338675117,-0.18512707259471717,-0.003894253200790055,-0.1812328193939271
2016,62,1,0.011640620019111586,0.03064058754351686,4.380181708360849e-16,0.17608360657219843,2.821734448374851e-06,0.055802940038695174,0.15061173334830455,0.176083606572198,0.03064058754351686,0.19086898072341163,0.037865337091923135,0.1530036436314885
2016,63,0,0.011640620019111586,0.026726801740957703,1.9867727536293454e-12,0.16217681011855553,4.2698037639513065e-05,0.051543659874935394,0.10879099859310241,0.16217681011656876,0.026726801740957703,0.08966180519263388,0.005528709199306609,0.08413309599332727
2016,63,1,0.011640620019111586,0.03417524051186745,3.4750540793243954e-16,0.3095352000591744,2.4642617234209597e-06,0.04096591987404003,0.15703305192377962,0.30953520005917406,0.03417524051186745,0.19497469995611405,0.0406506856334665,0.15432401432264756
2016,64,0,0.011640620019111588,0.025103926927083766,7.826832398277088e-12,0.1339870353510629,4.099757407719661e-05,0.06006217156527721,0.09090955049807638,0.13398703534323608,0.025103926927083766,0.04791762696281168,0.017062294237120888,0.030855332725690795
2016,64,1,0.011640620019111586,0.03007537430202457,2.8667572887769135e-15,0.22836907160502057,3.2256926052933106e-06,0.06074106926228942,0.13868802132434774,0.2283690716050177,0.03007537430202457,0.17149669596503314,0.050647169943246056,0.12084952602178708
2016,65,0,0.011640620019111586,0.02640425629630017,5.438012924870963e-11,0.1471425857085418,2.5118553252000642e-05,0.06219334494558382,0.09122479411872692,0.14714258565416166,0.02640425629630017,-0.24589829891732837,0.007967629130142994,-0.2538659280474714
2016,65,1,0.011640620019111586,0.031145623042581158,1.0765004894556638e-14,0.23573597002781685,5.316014633416052e-06,0.05937273284155644,0.1485829510237995,0.23573597002780608,0.031145623042581158,0.3171582447845337,0.05793408397584737,0.2592241608086863
2016,66,0,0.011640620019111586,0.02564925380764873,4.4275828464899787e-11,0.1516016394970178,3.5276824813705575e-05,0.05692183902145828,0.09167942000775758,0.15160163945274197,0.02564925380764873,-0.1236657803626503,0.010446028301204807,-0.1341118086638551
2016,66,1,0.011640620019111586,0.029003723067607207,4.246164501579292e-17,0.19231739655798016,5.107057148607938e-06,0.056380061834472035,0.1345033121525838,0.1923173965579801,0.029003723067607207,0.18078840010391617,0.0547557713813834,0.12603262872253276
2016,67,0,0.011640620019111586,0.028069505342922164,3.1175241187438236e-12,0.2038347821937547,3.0786355955997404e-05,0.050902520292159706,0.11475010898774866,0.20383478219063716,0.028069505342922164,0.10869854966434055,0.021331814690188564,0.08736673497415198
2016,67,1,0.011640620019111588,0.03168331372399436,9.291283752504452e-15,0.26449467453451764,4.093888635551049e-06,0.04625384254756049,0.1591978998344724,0.26449467453450837,0.03168331372399436,0.1393912548379974,0.03065844220056653,0.10873281263743088
2016,68,0,0.011640620019111588,0.025790176282951206,2.4200391394267723e-11,0.1527049613006123,4.362707305379894e-05,0.05615821283798926,0.0952688623837826,0.15270496127641192,0.025790176282951206,0.19382722217245146,0.01198205485481893,0.18184516731763253
2016,68,1,0.011640620019111586,0.032796740342105224,5.31937661262242e-14,0.25129181582446963,3.5580653049874628e-06,0.0526532821332254,0.16445596492676826,0.25129181582441645,0.032796740342105224,0.3920541375530767,0.04333159673342125,0.3487225408196555
2016,69,0,0.011640620019111588,0.0267275192722908,1.6978902056988025e-11,0.1703947577015204,4.612469434371653e-05,0.05889443650915893,0.10169200389037489,0.17039475768454151,0.0267275192722908,0.07979973422363142,0.025279493128064625,0.05452024109556679
2016,69,1,0.011640620019111586,0.0317893360620239,3.518493790062913e-16,0.31850708608524786,2.382357447545925e-06,0.04818801566921549,0.12362965954982973,0.3185070860852475,0.0317893360620239,0.27710118514694826,0.053538379957800655,0.22356280518914762
2016,70,0,0.011640620019111586,0.027080871349760414,5.163955666031395e-11,0.1581792330474637,2.7553459825238956e-05,0.05621462272505003,0.11274791171035413,0.15817923299582415,0.027080871349760414,0.10901628236751314,0.019583280287923326,0.08943300207958982
2016,70,1,0.011640620019111586,0.02763483549494935,1.0336542488797663e-14,0.17138919285084428,3.223131129797678e-06,0.05410398174158337,0.11548761548900527,0.17138919285083395,0.02763483549494935,0.38599872715362304,0.022576429427555247,0.3634222977260678
2016,71,0,0.011640620019111586,0.02664889009522064,8.480351143113888e-14,0.14521450257337185,4.434367088635674e-05,0.058515438743703026,0.1065788508819041,0.14521450257328705,0.02664889009522064,-0.015317977453169457,0.025944253079850904,-0.04126223053302036
2016,71,1,0.011640620019111586,0.031540777313672295,1.1310357679265476e-16,0.2236084995389882,2.7138975518744185e-06,0.042167168057583825,0.18181746073444038,0.2236084995389881,0.031540777313672295,0.4467404711885832,0.03843167408776574,0.40830879710081747
2016,72,0,0.011640620019111586,0.02735210099792627,9.708217118984096e-11,0.1639896172462766,3.3936960465365764e-05,0.056705837185425136,0.1091041370478824,0.1639896171491944,0.02735210099792627,-0.12196088833544279,0.027601236795628918,-0.1495621251310717
2016,72,1,0.011640620019111586,0.03224349444126484,3.903657889665035e-14,0.21474390316705447,2.7592223110967184e-06,0.041198492774171404,0.17384849740158775,0.21474390316701544,0.03224349444126484,0.5405607734592509,0.06855636723887754,0.4720044062203734
2016,73,0,0.011640620019111586,0.02785789225925145,9.546285202248798e-11,0.19900610975330388,3.286996501716629e-05,0.0548576385739726,0.12373376189718098,0.19900610965784102,0.02785789225925145,0.21958434964292584,0.002422122029149574,0.21716222761377627
2016,73,1,0.011640620019111586,0.03158828643973646,5.381634114230219e-14,0.21441113547309618,2.8142879329217922e-06,0.04612626606423258,0.16854293831404152,0.21441113547304236,0.03158828643973646,0.3835916992329098,0.028811210384076295,0.3547804888488335
2016,74,0,0.011640620019111586,0.02626210505911799,1.529308250857772e-11,0.15710686110624347,4.719365769362445e-05,0.056081501036180474,0.10147293858324262,0.1571068610909504,0.02626210505911799,0.07501319625165109,0.02131932933839753,0.05369386691325356
2016,74,1,0.011640620019111586,0.03798935682336824,3.378737266477216e-15,0.40693024381466564,1.4114012886181707e-06,0.04001831729372722,0.14833211281388467,0.40693024381466225,0.03798935682336824,0.4285803718191593,0.059475450199828236,0.36910492161933106
2016,75,0,0.011640620019111586,0.02685098232084532,3.1103012475518447e-10,0.18096242223755474,5.790056038726095e-05,0.048967857925857394,0.11223587606461073,0.18096242192652462,0.02685098232084532,-0.29391324445866673,0.022528936759114316,-0.31644218121778106
2016,75,1,0.011640620019111586,0.030935483754698612,3.0074038398111575e-16,0.2283174381886995,2.856516131429159e-06,0.04861385638059394,0.13476259780625605,0.2283174381886992,0.030935483754698612,-0.061768790002716845,0.03651716287322123,-0.09828595287593808
2016,76,0,0.011640620019111586,0.027044576119392157,8.13664180027112e-12,0.12859295168882637,3.8732519396939e-05,0.06672767262345859,0.10296257601961682,0.12859295168068974,0.027044576119392157,0.003015087056383231,0.027563018555863576,-0.024547931499480345
2016,76,1,0.011640620019111586,0.03658726220887788,9.854922675464134e-14,0.33844887935510676,3.061347891555348e-06,0.04445546477521257,0.16534304678184572,0.3384488793550082,0.03658726220887788,0.22384272469086675,0.06452074935917604,0.1593219753316907
2016,77,0,0.011640620019111586,0.02480860199735279,5.231480973045425e-12,0.09806706739677883,3.9214431389319036e-05,0.06188011608473519,0.0916672530601028,0.09806706739154734,0.02480860199735279,-0.014693732553012886,0.014599891145278154,-0.02929362369829104
2016,77,1,0.011640620019111586,0.032723051614189896,6.451170986159808e-16,0.2504866449236644,3.7800224517729396e-06,0.04599641528909939,0.1506923239905936,0.25048664492366374,0.032723051614189896,0.28384999980031744,0.05009746416454165,0.2337525356357758
2016,78,0,0.011640620019111586,0.02578597628785772,9.923584784739752e-12,0.1403300182475815,3.2225905319771146e-05,0.05300613394570099,0.10043123995353838,0.14033001823765792,0.02578597628785772,0.20585254612145149,0.016918602842874168,0.18893394327857732
2016,78,1,0.011640620019111586,0.03382760596613145,5.572005878191691e-16,0.2623149001409968,1.883809714756744e-06,0.042119185257343685,0.15832903045412933,0.26231490014099623,0.03382760596613145,0.18054745393029026,0.048631553823322675,0.13191590010696758
2016,79,0,0.011640620019111588,0.026689197420942477,1.5759258706480195e-11,0.16610272576253293,3.7739000069149316e-05,0.06250191505902496,0.09988835637147028,0.16610272574677368,0.026689197420942477,0.02417496401810154,0.012086262352962104,0.012088701665139437
2016,79,1,0.011640620019111586,0.030287850659126002,8.433746612620822e-16,0.2341796974966801,2.7544661871979625e-06,0.056366440209801555,0.1265551541232228,0.23417969749667927,0.030287850659126002,-0.033838552746610295,0.0271330010484791,-0.060971553795089395
2016,80,0,0.011640620019111588,0.026634006448618054,4.067449684276302e-12,0.1738104821593462,3.8666291187615794e-05,0.06037374544053056,0.09190575734832174,0.17381048215527875,0.026634006448618054,0.045333691941582446,0.021838211238062535,0.02349548070351991
2016,80,1,0.011640620019111588,0.029418822823790183,2.9412790523775535e-15,0.16475870461763595,3.338417021462847e-06,0.055003261217779875,0.13988993260433136,0.164758704617633,0.029418822823790183,0.2912512394360611,0.041859456119592055,0.24939178331646908
2016,81,0,0.011640620019111588,0.027110818356180934,9.27381956182025e-11,0.18165716817817465,4.777585270388739e-05,0.05399899718315384,0.09732037108043488,0.18165716808543644,0.027110818356180934,0.21340432112147978,0.011096879008048555,0.2023074421134312
2016,81,1,0.011640620019111586,0.029650144718748734,2.702120842443507e-14,0.1633372215533684,3.6716854232409585e-06,0.057652666759663525,0.14380371288256086,0.16333722155334138,0.029650144718748734,-0.12210960219299971,0.037985765424168046,-0.16009536761716775
2016,82,0,0.011640620019111586,0.02587681726904974,5.426298723962602e-13,0.12346099066646846,2.51847435210506e-05,0.05902284651086588,0.10037606273661119,0.12346099066592582,0.02587681726904974,0.18946426236322386,0.011427196347008131,0.17803706601621572
2016,82,1,0.011640620019111586,0.03561459531502175,2.268750366652652e-15,0.36726283005754995,2.3239910130688642e-06,0.034706940643205626,0.1552983874471941,0.3672628300575477,0.03561459531502175,0.22958501817811228,0.05886390592464527,0.170721112253467
2016,83,0,0.011640620019111586,0.02545090532818543,2.3151237889406782e-11,0.09898673174077476,2.4547577983893636e-05,0.06091522586732123,0.09507782546835876,0.09898673171762351,0.02545090532818543,-0.18692687440262307,0.010538471183683486,-0.19746534558630655
2016,83,1,0.011640620019111586,0.03465016668150214,2.9440093168983047e-16,0.38875020430507035,2.1928435479999263e-06,0.048184717440246355,0.16618346349554838,0.38875020430507007,0.03465016668150214,0.3615331950641275,0.05811960671711713,0.3034135883470104
2016,84,0,0.011640620019111586,0.02638251319049501,6.401026040262452e-11,0.1791951213905483,5.3388967919864096e-05,0.05427656496019438,0.09907257163773771,0.17919512132653803,0.02638251319049501,-0.1009101812078719,0.015581389019869232,-0.11649157022774113
2016,84,1,0.011640620019111586,0.033844132485875665,7.466316551311375e-15,0.27179156187671005,2.8206689721463093e-06,0.044667113891112754,0.14240547422981756,0.27179156187670256,0.033844132485875665,0.5604642096015116,0.05843536655542425,0.5020288430460873
2016,85,0,0.011640620019111586,0.027117733041077126,4.7503676598345717e-11,0.1336260478622357,3.32047115841359e-05,0.054748462654743535,0.12086389530826079,0.13362604781473203,0.027117733041077126,-0.07555517697978259,0.018825163371784196,-0.09438034035156678
2016,85,1,0.011640620019111586,0.03696235727836015,9.416858361330242e-16,0.42422839218130015,2.230546000765322e-06,0.04141235894676721,0.15053954843667885,0.4242283921812992,0.03696235727836015,0.3132079035914269,0.06705761959678594,0.24615028399464098
2016,86,0,0.011640620019111586,0.027773998550309563,3.4756823674636485e-12,0.18201622952762017,2.7356399065428337e-05,0.055237592270214686,0.11603620996978088,0.18201622952414448,0.027773998550309563,-0.3763658174895207,0.020294162462551772,-0.3966599799520725
2016,86,1,0.011640620019111586,0.030792866345917495,4.1122885067322374e-13,0.22719810899093348,2.451225424778159e-06,0.05481514126938827,0.14112838578794587,0.22719810899052226,0.030792866345917495,0.22199082533138048,0.03204214589094472,0.18994867944043575
2016,87,0,0.011640620019111586,0.027882623315762085,8.20774385056918e-12,0.1712464534651084,3.430115008274479e-05,0.056703913623745064,0.12142244507928714,0.17124645345690065,0.027882623315762085,-0.3689183644352703,0.029756891021496434,-0.39867525545676674
2016,87,1,0.011640620019111586,0.028381056384442452,1.3781138875618068e-14,0.16695541072669112,6.755380241320891e-06,0.051270616001161874,0.14479511014205967,0.16695541072667733,0.028381056384442452,0.14125066957209365,0.019927665660168396,0.12132300391192524
2016,88,0,0.011640620019111588,0.028601810890008517,2.649053106145612e-11,0.18140188838691984,4.19882451862014e-05,0.05294866593629885,0.14285049015528942,0.1814018883604293,0.028601810890008517,0.08040684381138609,0.02641882105116038,0.05398802276022571
2016,88,1,0.011640620019111586,0.04007415365609555,1.8997091119063162e-14,0.49671168198675036,5.9346095616443525e-06,0.03440336898029792,0.23376738006851017,0.4967116819867314,0.04007415365609555,0.3451834460315768,0.06425920130868651,0.2809242447228903
2016,89,0,0.011640620019111586,0.027061493124415484,1.8248551904755121e-10,0.2062103485744158,3.699951628925596e-05,0.05565275955845827,0.09099288661436744,0.20621034839193028,0.027061493124415484,0.07246739448016554,0.011629175942441568,0.06083821853772397
2016,89,1,0.011640620019111586,0.031476606616572554,4.592900220228862e-15,0.23006302368722584,6.258929242392731e-06,0.0484253370573523,0.15304245049599027,0.23006302368722126,0.031476606616572554,0.3622102589323426,0.04106730725822765,0.32114295167411494
2016,90,0,0.011640620019111586,0.026761149479866006,3.049946116787432e-11,0.16650927837743523,2.995045129082388e-05,0.04877361444220242,0.10793937209115949,0.16650927834693577,0.026761149479866006,0.030648436112702723,0.018263761759236632,0.012384674353466091
2016,90,1,0.011640620019111588,0.03741926399341388,1.91239929608046e-14,0.5678883090700135,2.741670862294993e-06,0.04359020600931442,0.16167120884577305,0.5678883090699944,0.03741926399341388,0.1866178588121039,0.06587034797712037,0.12074751083498354
2016,91,0,0.011640620019111586,0.028217184125555565,1.6313101308764198e-12,0.15753654282488355,3.392140386503061e-05,0.05321889920282966,0.13845536506652031,0.15753654282325225,0.028217184125555565,0.21308756395442155,0.015269547761979755,0.1978180161924418
2016,91,1,0.011640620019111586,0.03481378999120864,5.1350980440417065e-15,0.3240585965897349,2.0425452707677943e-06,0.03725226565757287,0.17889651238359927,0.32405859658972974,0.03481378999120864,0.5769659092463966,0.055174612184610075,0.5217912970617865
2016,92,0,0.011640620019111586,0.025450768481349965,2.650932193261312e-11,0.1278682241381082,4.34624753637953e-05,0.054648364440670984,0.09952714758149236,0.12786822411159887,0.025450768481349965,0.005280713416569438,0.01694795390202313,-0.011667240485453693
2016,92,1,0.011640620019111586,0.035589459664192434,4.568608875888605e-13,0.33724902194352796,3.7382171278252354e-06,0.044387098358318916,0.140784361240095,0.3372490219430711,0.035589459664192434,0.2103464728288965,0.06112488232647477,0.14922159050242173
2016,93,0,0.011640620019111586,0.02561813338220197,1.5351672812607318e-11,0.13102742893810995,3.016745010255939e-05,0.0592296059569165,0.099358241992368,0.1310274289227583,0.02561813338220197,-0.1727640584938337,-0.0013525195843499364,-0.17141153890948377
2016,93,1,0.011640620019111586,0.03686828826354798,4.20701537126291e-15,0.3810056682209424,3.063944324366482e-06,0.044215241022748375,0.18235477147927284,0.3810056682209382,0.03686828826354798,0.45315979682093277,0.06767548479610755,0.38548431202482525
2016,94,0,0.011640620019111586,0.028175864371109225,8.684715138548144e-11,0.1885282244398666,3.734733413747495e-05,0.05762399930269178,0.12840653403257282,0.18852822435301947,0.028175864371109225,0.05055133834862939,0.0186496808516827,0.03190165749694669
2016,94,1,0.011640620019111586,0.03019952474883541,5.083636363541034e-16,0.22109379871901325,3.2013365585462325e-06,0.05100766497775192,0.15162242053599562,0.22109379871901275,0.03019952474883541,0.16339511912140037,0.038781661198409575,0.12461345792299079
2016,95,0,0.011640620019111586,0.028213275952905972,3.843874106769921e-12,0.21991656825460296,3.184648427093551e-05,0.05480712528521126,0.120138866291189,0.2199165682507591,0.028213275952905972,0.2986740840259924,0.020367319551141218,0.27830676447485114
2016,95,1,0.011640620019111586,0.03775257043295239,9.093879749507058e-16,0.38494892832042493,3.0669450824869475e-06,0.040770768590937694,0.21344048894905907,0.38494892832042404,0.03775257043295239,0.15914474162963632,0.08609701885910202,0.0730477227705343
2016,96,0,0.011640620019111586,0.02659597862869589,1.369336245493979e-10,0.17872472626961866,3.058038196229461e-05,0.0590033969807869,0.10009917448848729,0.17872472613268503,0.02659597862869589,0.07054600810301148,0.011298880465686521,0.05924712763732496
2016,96,1,0.011640620019111586,0.028813757524058098,4.489979049332682e-14,0.17597711721586629,4.10399934790103e-06,0.05980353023100914,0.12262060325077785,0.17597711721582138,0.028813757524058098,0.06099491973669635,0.0363549717850049,0.02463994795169145
2016,97,0,0.011640620019111586,0.028394619909930082,2.0977688145251915e-11,0.1817362218248231,3.7548221128654735e-05,0.054086843078212085,0.13699661332396343,0.1817362218038454,0.028394619909930082,-0.16417310992391548,0.02384228764625584,-0.18801539757017133
2016,97,1,0.011640620019111586,0.04236873623204818,2.517829049694002e-14,0.6305962223666075,5.261928459388875e-06,0.04710159821500118,0.12227018818639553,0.6305962223665823,0.04236873623204818,0.3124951189787105,0.046994008640201104,0.2655011103385094
2016,98,0,0.011640620019111586,0.027559751687427945,8.654912415112413e-11,0.24784458868320425,3.2385135138897234e-05,0.05671251895484635,0.09828248223748091,0.24784458859665512,0.027559751687427945,-0.0869654101041563,0.005109698518829475,-0.09207510862298578
2016,98,1,0.011640620019111586,0.0321009245318238,3.0506436423655094e-16,0.23000828273189927,2.095403932510448e-06,0.043183353487953866,0.1665042853851332,0.23000828273189897,0.0321009245318238,0.2874436992947662,0.04981052030141809,0.23763317899334813
2016,99,0,0.011640620019111586,0.028074857197295702,1.2336677450394213e-12,0.21458654149180162,3.152411125954996e-05,0.05430738082473156,0.10328143467903697,0.21458654149056794,0.028074857197295702,0.040051464075121744,0.013209369641489405,0.02684209443363234
2016,99,1,0.011640620019111586,0.03408098434004319,5.281490520192701e-16,0.2710720134301707,5.567433997551763e-06,0.04526531058508618,0.16037389996914928,0.2710720134301701,0.03408098434004319,0.386231589997597,0.060343878698951164,0.3258877112986458
2016,100,0,0.011640620019111588,0.026135917715917972,1.0236689871928786e-11,0.16453052205626373,3.495685429714677e-05,0.06228161087688559,0.10696475662793316,0.16453052204602703,0.026135917715917972,0.13721971325283194,-0.002113709597110911,0.13933342284994285
2016,100,1,0.011640620019111586,0.03350747115047436,7.811697759424951e-16,0.34095245711944994,3.564501306003085e-06,0.05319147871570357,0.13211850360834815,0.34095245711944916,0.03350747115047436,0.39675809748785884,0.043638763454077495,0.3531193340337814
