team_id,season,A_hat_min,A_hat_max,T_j_hat,roster_n,perf_span
Air Force|2016,2016,-0.9651022780185331,2.1394587024933744,0.4867026857794505,7,3.1045609805119074
Air Force|2017,2017,-1.0560302831039465,1.1852750637149505,-0.2455777649072499,3,2.241305346818897
Air Force|2018,2018,-1.0305420147219702,0.11088363746377647,-0.501984113283684,4,1.1414256521857467
Air Force|2019,2019,-0.9977545530047534,1.6181356431224507,0.4519904181498864,6,2.615890196127204
Air Force|2020,2020,-0.8352366080557183,1.154550815846011,0.025127451021287255,3,1.9897874239017292
Air Force|2021,2021,-0.9113063557014472,1.648526625205604,0.1030701268659869,5,2.5598329809070512
Air Force|2022,2022,-0.9307113056275544,0.13944291005987605,-0.5670441803831245,3,1.0701542156874304
Air Force|2023,2023,-0.937932804206803,2.3703721637247805,0.028394022913436328,9,3.3083049679315835
Air Force|2024,2024,-0.9910442786893701,1.6146762581114182,-0.19763578190707876,16,2.6057205368007885
Akron|2016,2016,-0.9960859205386121,0.8443424451540756,0.02017755411997642,6,1.8404283656926879
Akron|2017,2017,-1.0822443807275592,-0.4203384157313355,-0.8004428312737214,3,0.6619059649962238
Akron|2018,2018,-1.0305420147219702,1.21988242453061,-0.030868087198901408,7,2.25042443925258
Akron|2019,2019,-0.934262072516229,1.4403566977545825,-0.2028286972884282,5,2.3746187702708115
Akron|2021,2021,-1.0000472323728917,-0.29694644028375494,-0.7597642432317497,5,0.7031007920891368
Akron|2022,2022,-0.9098641455816953,-0.062079637050094554,-0.6348801773577452,7,0.8477845085316007
Akron|2023,2023,-0.9090393110370949,0.6801028132968535,-0.20114872837924513,4,1.5891421243339483
Akron|2024,2024,-0.9836205734563195,2.0897933930266612,-0.15478571861336718,17,3.0734139664829807
Alabama|2016,2016,0.1627023097123394,0.6398504045215548,0.4012763571169471,2,0.47714809480921544
Alabama|2017,2017,0.05151534149369543,1.8144134066816582,1.1568764579560364,6,1.7628980651879627
Alabama|2018,2018,-1.0305420147219702,1.531180329672177,0.02787086275935855,5,2.5617223443941475
Alabama|2019,2019,-1.0295007932490157,2.302838552710698,0.5248374574303867,6,3.3323393459597135
Alabama|2021,2021,0.11262683666137323,0.6587245392548775,0.444836272405755,3,0.5460977025935043
Alabama|2022,2022,-0.48597189131589497,2.4161612586681405,1.3976732546276978,4,2.9021331499840355
Alabama|2023,2023,0.5934223337877291,2.6159668556673,1.4818972487562547,3,2.0225445218795706
Alabama|2024,2024,-0.9910442786893701,2.1863015610563203,0.04530497184450467,15,3.1773458397456906
App State|2016,2016,0.36099762184084444,0.5345060199532865,0.44775182089706544,2,0.17350839811244206
App State|2017,2017,-1.0887979051334624,1.4343089911392723,0.17275554300290497,2,2.5231068962727345
App State|2018,2018,-0.881378435174969,1.0512627259122609,0.3946187072542675,4,1.93264116108723
App State|2019,2019,-1.0041038010536056,1.5546431626339263,0.013045736372554639,5,2.5587469636875317
App State|2020,2020,-0.8446223977911038,1.9992718920307078,0.16904289363053196,3,2.8438942898218116
App State|2021,2021,-0.9727423472432164,0.9385996118340484,-0.01365825706337459,6,1.911341959077265
App State|2022,2022,-0.9307113056275544,1.501457366389333,0.09601132663100301,4,2.4321686720168874
App State|2023,2023,-0.7067848588491378,2.6159668556673,0.7270547396976292,6,3.322751714516438
App State|2024,2024,-0.7237908902995457,0.8129160929419449,-0.20070519849382082,13,1.5367069832414906
Arizona State|2016,2016,-0.971299006522549,0.9187031872022651,-0.17439972090611916,5,1.890002193724814
Arizona State|2017,2017,-1.0298161854803338,1.4539695643569819,0.2006080217279934,4,2.483785749837316
Arizona State|2018,2018,-1.0046005226268393,1.239338543601958,-0.12777808981142497,5,2.2439390662287972
Arizona State|2019,2019,-1.0231515452001632,1.2371807601913045,-0.07838343553092046,5,2.2603323053914677
Arizona State|2021,2021,-1.0000472323728917,1.4915235357099719,0.03558805361693255,7,2.4915707680828634
Arizona State|2022,2022,-0.9376603589761741,2.21026080794854,-0.12759928290850878,7,3.1479211669247142
Arizona State|2023,2023,-0.937932804206803,1.4818972487562545,0.014520559923219307,7,2.4198300529630576
Arizona State|2024,2024,-0.9910442786893701,2.639147580272412,0.24447237795406432,14,3.6301918589617816
Arizona|2016,2016,-1.051856477074754,-0.05418318792821306,-0.5778067465175467,4,0.997673289146541
Arizona|2017,2017,-0.9904950390449146,1.617807674504562,-0.4019885473948065,5,2.6083027135494765
Arizona|2019,2019,-1.0168022971513107,1.3260702328752387,-0.37462120878166416,7,2.3428725300265496
Arizona|2020,2020,-0.863393977261875,0.244129211513616,-0.4222618596987557,3,1.1075231887754908
Arizona|2021,2021,-1.0068734536553103,-0.9249587982662847,-0.9681915330549371,3,0.08191465538902565
Arizona|2022,2022,-0.9307113056275544,1.7794195003341198,0.42435409735328267,2,2.710130805961674
Arizona|2023,2023,-0.8151354582355433,0.3983912548921991,-0.3311694476429317,3,1.2135267131277425
Arizona|2024,2024,-0.9613494577571672,1.85223482556904,0.2097400427565773,12,2.813584283326207
Arkansas State|2016,2016,-0.971299006522549,1.581753137131954,0.5047617231340107,5,2.553052143654503
Arkansas State|2017,2017,-1.0298161854803338,1.172168014903144,-0.02319483673360112,5,2.2019842003834778
Arkansas State|2018,2018,-1.0046005226268393,1.9332734571467018,-0.29028300815020736,7,2.937873979773541
Arkansas State|2019,2019,-0.9088650803208193,2.302838552710698,0.9611517364446226,7,3.2117036330315174
Arkansas State|2020,2020,-0.863393977261875,-0.49734817758183975,-0.7413787107018632,3,0.3660457996800352
Arkansas State|2021,2021,-1.0000472323728917,1.983011468044125,-0.02116710047403534,5,2.9830587004170166
Arkansas State|2022,2022,-0.9098641455816953,-0.6596982250313869,-0.8403736120954985,5,0.2501659205503084
Arkansas State|2023,2023,-0.937932804206803,2.016426872395856,0.5103535409248183,4,2.954359676602659
Arkansas State|2024,2024,-0.9910442786893701,2.819766328592534,0.1444273446455163,14,3.810810607281904
Arkansas|2016,2016,-0.971299006522549,0.7080144180657285,-0.21529812903262333,3,1.6793134245882775
Arkansas|2017,2017,-1.0560302831039465,0.9952228559437575,-0.1857222420000006,5,2.051253139047704
Arkansas|2018,2018,-1.0110858956506221,1.4857827185056984,-0.14961217899149334,6,2.4968686141563206
Arkansas|2019,2019,-1.0041038010536056,1.6244848911713032,-0.16441574659287092,4,2.628588692224909
Arkansas|2021,2021,-1.0000472323728917,1.5051759782748093,-0.1262909082232848,3,2.505223210647701
Arkansas|2022,2022,-0.527666211407613,0.9733293118942372,0.22283155024331214,3,1.5009955233018504
Arkansas|2023,2023,-0.8656990712825325,1.5469076083880982,0.3785269783380248,4,2.4126066796706307
Arkansas|2024,2024,-0.9910442786893701,2.215996381988523,0.2237920562334232,14,3.207040660677893
Army|2016,2016,-1.0332662915627069,0.9372933727143125,-0.3441900819161517,5,1.9705596642770193
Army|2017,2017,-1.0822443807275592,0.3595309885711461,-0.39412431810772264,4,1.4417753692987054
Army|2018,2018,-1.0046005226268393,0.27301796305834275,-0.15339531325536648,4,1.277618485685182
Army|2019,2019,-0.8961665842231143,2.21496495971458,0.41177851384048775,5,3.1111315439376943
Army|2020,2020,-0.6099776544064659,0.262900790984387,-0.2501890478833545,3,0.8728784453908529
Army|2021,2021,-1.0068734536553103,1.1024289226120998,-0.20479245297110105,4,2.10930237626741
Army|2022,2022,-0.9376603589761741,1.6404384333617266,-0.29000858688482,5,2.578098792337901
Army|2023,2023,-0.7212316054339919,1.5469076083880982,0.5269672994974004,5,2.26813921382209
Army|2024,2024,-0.9836205734563195,1.406812511585999,-0.27589400790548807,18,2.3904330850423188
Auburn|2016,2016,-1.05805320557877,0.6460471330255707,-0.6738560383297912,6,1.7041003386043405
Auburn|2017,2017,-1.0887979051334624,0.6478860624308873,-0.3220355496427873,6,1.7366839675643497
Auburn|2019,2019,-0.9723575608093434,1.9609950377604821,0.7406695627710439,5,2.9333525985698254
Auburn|2020,2020,0.6007892214582656,2.6468913837723083,1.5331110018398935,3,2.0461021623140425
Auburn|2021,2021,-0.9659161259607978,1.8328345998309115,0.28100696162770367,6,2.7987507257917095
Auburn|2023,2023,-0.9307094309143761,1.2001856903516004,0.06921181485159549,7,2.1308951212659766
Auburn|2024,2024,-0.9836205734563195,1.8670822360351411,-0.26537709215866623,16,2.8507028094914606
BYU|2016,2016,-1.051856477074754,1.036441028778565,-0.30948840229366326,5,2.088297505853319
BYU|2017,2017,-1.0363697098862368,0.6609931112426938,-0.550098198968219,5,1.6973628211289307
BYU|2018,2018,-1.0370273877457528,0.14979587560647242,-0.6868172444614895,5,1.186823263352225
BYU|2019,2019,-0.9914053049559008,1.3451179770217958,-0.10976686160096251,7,2.336523281977697
BYU|2020,2020,-0.18761711631411773,0.7040329085475062,0.1408855244243753,3,0.8916500248616239
BYU|2021,2021,-1.0068734536553103,-0.45394952977938735,-0.9061866897396331,8,0.5529239238759229
BYU|2022,2022,-0.9307113056275544,0.4590993640963812,-0.5693605314993311,7,1.3898106697239356
BYU|2023,2023,-0.937932804206803,1.843065913377607,-0.1481773242347801,6,2.78099871758441
BYU|2024,2024,-0.9836205734563195,1.2657621121580365,-0.20020132709791244,17,2.249382685614356
Ball State|2016,2016,-0.9836924635305805,1.4578185670516381,0.19833349861043031,4,2.4415110305822187
Ball State|2017,2017,-0.9904950390449146,0.2415675492648884,-0.5055342330080772,4,1.232062588309803
Ball State|2018,2018,-1.0305420147219702,0.8048185510085201,-0.4825279942123361,6,1.8353605657304901
Ball State|2019,2019,-1.0231515452001632,1.8022638365391714,-0.011504689416341455,3,2.825415381739335
Ball State|2020,2020,-0.647520813348008,1.4173529284368056,0.3849160575443988,2,2.0648737417848135
Ball State|2021,2021,-1.0068734536553103,2.447194515248604,0.4482493830469645,6,3.454067968903914
Ball State|2022,2022,-0.8056283453524002,2.4161612586681405,0.5143703971679648,8,3.2217896040205405
Ball State|2023,2023,-0.8295822048203975,1.1423987040121841,0.14918487630346625,6,1.9719809088325815
Ball State|2024,2024,-0.9910442786893701,1.8596585308020908,-0.15464015576566023,15,2.8507028094914606
Baylor|2016,2016,0.02637428262399212,2.257196544069674,1.0389197201801712,5,2.230822261445682
Baylor|2017,2017,-0.6366047211261414,0.12360410995863064,-0.3122052630339326,4,0.7602088310847721
Baylor|2018,2018,-0.005853076964311218,0.8696722812463467,0.4319096021410177,2,0.8755253582106579
Baylor|2019,2019,-0.9977545530047534,1.3832134653149106,0.6746373830629786,5,2.380968018319664
Baylor|2021,2021,-1.0068734536553103,2.447194515248604,0.4490620284377286,7,3.454067968903914
Baylor|2022,2022,0.7579086580870273,0.9107878317566602,0.8343482449218438,2,0.15287917366963288
Baylor|2023,2023,-0.937932804206803,0.12390306977997165,-0.6273277526324403,4,1.0618358739867746
Baylor|2024,2024,-0.9836205734563195,2.141759329658016,-0.16264611238953847,17,3.1253799031143354
Boise State|2016,2016,-0.07897010194427612,1.637523693668096,0.6940717789316929,4,1.716493795612372
Boise State|2017,2017,-0.9970485634508176,-0.1975185859306264,-0.6540807862085498,3,0.7995299775201912
Boise State|2018,2018,-1.0370273877457528,0.9085845193890425,-0.3414711309450634,4,1.9456119071347953
Boise State|2019,2019,-1.0231515452001632,1.1863867758004851,-0.007271857383773117,3,2.2095383210006485
Boise State|2020,2020,-0.30024659313874386,0.9949923903444573,0.27463302815361895,4,1.2952389834832012
Boise State|2021,2021,-0.9727423472432164,-0.8430441428772593,-0.9078932450602378,2,0.12969820436595714
Boise State|2022,2022,-0.9029150922330756,1.501457366389333,0.28398321971116536,5,2.4043724586224084
Boise State|2023,2023,-0.8656990712825325,1.4313336357092654,-0.2824116779190493,4,2.297032706991798
Boise State|2024,2024,-0.9910442786893701,2.4164364232808913,0.16664130959803297,18,3.407480701970261
Boston College|2017,2017,-1.0232626610744306,1.1131862952500151,0.015470957261227825,4,2.136448956324446
Boston College|2018,2018,0.7983331779847374,1.4857827185056984,1.2166397380187184,4,0.6874495405209611
Boston College|2019,2019,-1.0231515452001632,0.9387661018952399,-0.07552627390893688,4,1.9619176470954032
Boston College|2020,2020,-0.9197087156741881,0.7134186982828918,-0.4363405443018339,4,1.63312741395708
Boston College|2021,2021,-0.051202474116678026,0.16723660692072373,0.05801706640202285,2,0.21843908103740176
Boston College|2022,2022,-0.743086865214823,1.3972215661600376,0.32706735047260727,2,2.1403084313748604
Boston College|2023,2023,-0.9307094309143761,1.9875333792261474,0.293652342152007,4,2.9182428101405233
Boston College|2024,2024,-0.9910442786893701,2.3718941918825873,-0.22679336101320552,19,3.362938470571957
Bowling Green|2016,2016,-0.24628177155270223,0.29903033680068664,0.026374282623992204,2,0.5453121083533888
Bowling Green|2017,2017,-1.0560302831039465,-0.7218005384028829,-0.8856386485504631,3,0.3342297447010636
Bowling Green|2018,2018,-1.0370273877457528,1.0058651147457824,-0.11042971697280644,8,2.042892502491535
Bowling Green|2019,2019,-0.9914053049559008,1.2117837679958947,-0.042986377658568095,8,2.203189072951796
Bowling Green|2021,2021,-1.0000472323728917,1.61439551879351,-0.3592357094858265,8,2.6144427511664015
Bowling Green|2023,2023,-0.6489978725097215,1.5758011015578064,0.027109867661449315,5,2.224798974067528
Bowling Green|2024,2024,-0.9836205734563195,1.7705740680054824,0.09567195657951008,13,2.754194641461802
Buffalo|2016,2016,-0.971299006522549,0.3733910788488761,-0.4073967126571126,3,1.344690085371425
Buffalo|2017,2017,-1.0822443807275592,1.6636823453458844,0.2645048846855498,4,2.745926726073444
Buffalo|2018,2018,-0.9851444035554916,1.4468704803630026,-0.05989785216249999,6,2.432014883918494
Buffalo|2019,2019,-1.0231515452001632,2.1133769909329407,0.2641584967046685,4,3.136528536133104
Buffalo|2020,2020,-0.9103229259388025,0.06579920654129123,-0.572434495464924,3,0.9761221324800937
Buffalo|2021,2021,-1.0000472323728917,1.1092551438945184,0.01842498296399373,5,2.10930237626741
Buffalo|2022,2022,-0.9307113056275544,1.2512914458390245,-0.19808253830165118,7,2.182002751466579
Buffalo|2023,2023,-0.937932804206803,0.022775843685993204,-0.44240939634630816,5,0.9607086478927962
Buffalo|2024,2024,-0.9910442786893701,1.85223482556904,-0.1412483737766277,17,2.84327910425841
California|2016,2016,0.8443424451540756,1.2533265264191173,1.0488344857865965,2,0.4089840812650417
California|2017,2017,-1.0232626610744306,-0.06644809781256225,-0.5841765258789157,5,0.9568145632618684
California|2018,2018,-1.0305420147219702,-0.6154781411998804,-0.8208482869529977,3,0.41506387352208973
California|2019,2019,-0.9914053049559008,0.9768615901883545,0.1679673887645541,5,1.9682668951442555
California|2021,2021,-1.0068734536553103,1.8806181488078433,0.2064873792946318,4,2.887491602463154
California|2022,2022,-0.9376603589761741,2.4161612586681405,0.10974265604787543,5,3.3538216176443143
California|2023,2023,-0.9090393110370949,2.6159668556673,0.020970000362886265,4,3.5250061667043946
California|2024,2024,-0.9168072263588631,2.334775665717334,0.3458975455536658,11,3.2515828920761973
Central Michigan|2016,2016,-1.051856477074754,0.8443424451540756,-0.3215277605300368,7,1.8961989222288298
Central Michigan|2017,2017,-1.0887979051334624,2.4304447008365595,0.04332343598631655,8,3.519242605970022
Central Michigan|2018,2018,-0.621963514223663,0.6102573602950405,0.15628124863025503,3,1.2322208745187035
Central Michigan|2019,2019,0.5641604670129461,1.681628123610975,0.9387661018952399,3,1.1174676565980288
Central Michigan|2020,2020,-0.9103229259388025,0.9668350211383008,-0.41052962252952374,4,1.8771579470771034
Central Michigan|2021,2021,-0.7201721597937206,1.8396608211133303,0.5392656668125485,4,2.559832980907051
Central Michigan|2022,2022,-0.7152906518203443,1.56399884652691,0.4243540973532828,2,2.2792894983472545
Central Michigan|2023,2023,-0.9307094309143761,-0.3022759544732236,-0.6164926926937998,2,0.6284334764411525
Central Michigan|2024,2024,-0.9910442786893701,1.5478629110139621,-0.015683621916250074,13,2.538907189703332
Charlotte|2016,2016,-0.16572430100049704,0.7266046035777759,0.1482432765363027,3,0.892328904578273
Charlotte|2017,2017,-0.12542981746569107,0.8051706481725642,0.22190697604717882,3,0.9306004656382553
Charlotte|2018,2018,-1.0305420147219702,0.3767839314388651,-0.5169004712383841,5,1.4073259461608352
Charlotte|2019,2019,-0.978706808858196,2.2911559363008087,-0.08557924998628653,6,3.2698627451590045
Charlotte|2020,2020,-0.8821655567326461,1.5581397744675884,0.2347434217782305,5,2.4403053312002347
Charlotte|2021,2021,-1.0068734536553103,1.2321271269780572,-0.29580873673668506,6,2.2390005806333675
Charlotte|2022,2022,-0.9307113056275544,1.2582404991876441,-0.2587913010725594,13,2.188951804815199
Charlotte|2023,2023,-0.937932804206803,0.3983912548921991,-0.2685668791085641,6,1.3363240590990022
Charlotte|2024,2024,-0.9836205734563195,1.5107443848487088,-0.1838400630156596,15,2.4943649583050282
Cincinnati|2016,2016,0.18129249522438676,2.0465077749331373,1.1066706184907436,3,1.8652152797087505
Cincinnati|2017,2017,-1.0822443807275592,1.6309147233163683,-0.08985354211935936,7,2.7131591040439273
Cincinnati|2018,2018,-1.0305420147219702,0.19519348677295092,-0.7088675127423505,5,1.2257355014949212
Cincinnati|2019,2019,-1.0231515452001632,-0.15330456250737914,-0.5882280538537712,2,0.869846982692784
Cincinnati|2020,2020,1.154550815846011,1.2484087131998662,1.2014797645229387,2,0.0938578973538553
Cincinnati|2021,2021,-1.0068734536553103,2.447194515248604,0.6136714787909134,5,3.454067968903914
Cincinnati|2022,2022,-0.9307113056275544,1.6751837001048249,0.28189850370657943,4,2.6058950057323793
Cincinnati|2023,2023,-0.937932804206803,1.0846117176727679,-0.4294073244199395,5,2.022544521879571
Cincinnati|2024,2024,-0.9910442786893701,1.043050955166516,-0.06654552033345888,15,2.034095233855886
Clemson|2016,2016,1.5383760376038436,1.550769494611875,1.5445727661078594,2,0.012393457008031517
Clemson|2017,2017,-1.0560302831039465,0.9821158071319507,-0.4345377186107924,6,2.038146090235897
Clemson|2018,2018,-0.8943491812225344,0.2341057249156469,-0.44902023358945903,3,1.1284549061381812
Clemson|2019,2019,-1.0295007932490157,2.062583006542121,0.5311443771589135,5,3.092083799791137
Clemson|2021,2021,-1.0000472323728917,1.1638649141538688,-0.0637172131344459,6,2.1639121465267603
Clemson|2023,2023,-0.937932804206803,0.7812300393908321,-0.22426352291501167,5,1.7191628435976352
Clemson|2024,2024,-0.9836205734563195,2.1120645087258136,-0.010187224772549137,16,3.095685082182133
Coastal Carolina|2017,2017,-1.0036020878567207,0.916580563072919,-0.44524180847376754,5,1.9201826509296396
Coastal Carolina|2018,2018,-1.0305420147219702,1.310677646863567,-0.40227150304302567,8,2.341219661585537
Coastal Carolina|2019,2019,-0.8136263595880326,0.9197183577486826,0.2149518243260621,3,1.7333447173367151
Coastal Carolina|2020,2020,-0.9197087156741881,-0.45041922890491226,-0.7765754222095589,4,0.46928948676927584
Coastal Carolina|2021,2021,-1.0000472323728917,1.6212217400759286,0.0406412304104113,11,2.6212689724488203
Coastal Carolina|2022,2022,-0.9098641455816953,1.2095971257473066,0.0572124454345432,6,2.1194612713290018
Coastal Carolina|2023,2023,-0.9307094309143761,2.6159668556673,-0.1090507189008004,8,3.546676286581676
Coastal Carolina|2024,2024,-0.9836205734563195,1.3919651011198977,-0.05380149301672189,16,2.375585674576217
Colorado State|2016,2016,-1.051856477074754,0.5159158344412391,-0.4978689488157431,5,1.5677723115159932
Colorado State|2017,2017,-1.0560302831039465,0.8641523678256929,0.14457538805752096,5,1.9201826509296396
Colorado State|2018,2018,-0.9462321654127954,0.6751110905328671,0.055109429459245726,5,1.6213432559456624
Colorado State|2019,2019,-0.934262072516229,2.302838552710698,0.14617676946089264,5,3.237100625226927
Colorado State|2020,2020,-0.8727797669972606,-0.2533176444618163,-0.6506494099264699,3,0.6194621225354442
Colorado State|2021,2021,-1.0068734536553103,0.6655507605372963,-0.08988439471705119,3,1.6724242141926067
Colorado State|2022,2022,-0.9307113056275544,0.007410896436102136,-0.6096650409213253,5,0.9381222020636566
Colorado State|2023,2023,-0.937932804206803,1.0051546114560703,-0.37884371137295025,5,1.9430874156628732
Colorado State|2024,2024,-0.9836205734563195,2.1491830348910668,0.3282541941556363,14,3.1328036083473862
Colorado|2016,2016,-0.9898891920345964,2.300573643597785,0.9388425548403163,4,3.2904628356323813
Colorado|2017,2017,-1.0822443807275592,1.1131862952500151,0.3660845129770494,4,2.1954306759775744
Colorado|2018,2018,-1.0370273877457528,0.5518890030809968,-0.1636638205430224,6,1.5889163908267494
Colorado|2019,2019,-1.0295007932490157,1.3578164731195006,-0.13848965039339028,6,2.387317266368516
Colorado|2020,2020,-0.9103229259388025,-0.7226071312310921,-0.8164650285849473,2,0.18771579470771038
Colorado|2021,2021,-0.9044801344190282,-0.849870364159678,-0.8748998421952136,3,0.05460977025935021
Colorado|2022,2022,-0.9029150922330756,-0.1454682772335307,-0.7021646621618405,9,0.7574468149995449
Colorado|2023,2023,-0.9307094309143761,0.947367625116654,-0.07112800911555843,3,1.87807705603103
Colorado|2024,2024,-0.9836205734563195,2.7356557483020705,-0.018102204616610527,17,3.71927632175839
Duke|2016,2016,-0.9960859205386121,0.9001130016902179,0.18005314952358367,5,1.89619892222883
Duke|2017,2017,1.1066327708441117,1.834073979899368,1.4703533753717397,2,0.7274412090552562
Duke|2018,2018,-0.5246829188669233,0.4156961695815611,-0.054493374642681114,2,0.9403790884484844
Duke|2019,2019,-0.8898173361742618,1.6625803794644178,0.386381521645078,2,2.55239771563868
Duke|2020,2020,-0.9197087156741881,1.858485045999925,-0.09375921896026262,4,2.778193761674113
Duke|2021,2021,-1.0068734536553103,0.6655507605372963,-0.14481922313270726,7,1.6724242141926067
Duke|2022,2022,-0.8612207721413575,2.4161612586681405,0.22092750962579027,5,3.277382030809498
Duke|2023,2023,-0.937932804206803,0.9979312381636433,-0.22281884825652623,6,1.9358640423704463
Duke|2024,2024,-0.9910442786893701,2.431283833746993,0.18989590761438405,13,3.4223281124363627
East Carolina|2016,2016,-1.027069563058691,0.862932630666123,0.1627023097123395,5,1.890002193724814
East Carolina|2017,2017,-1.016709136668527,2.017572663264658,0.07663718504965782,6,3.0342817999331846
East Carolina|2018,2018,-1.0370273877457528,1.8035659966710487,0.1277456073256114,5,2.8405933844168016
East Carolina|2019,2019,-0.9723575608093434,1.0086078304326167,0.016537822799423396,4,1.98096539124196
East Carolina|2020,2020,-0.8727797669972606,-0.8258508183203328,-0.8571367841049513,3,0.04692894867692776
East Carolina|2021,2021,-0.9932210110904727,2.392584744989253,0.11262683666137328,6,3.385805756079726
East Carolina|2022,2022,-0.9029150922330756,1.216546179095926,0.05257974320213005,4,2.1194612713290018
East Carolina|2023,2023,-0.937932804206803,2.22590469787624,-0.21559547496409923,5,3.1638375020830427
East Carolina|2024,2024,-0.9836205734563195,2.819766328592534,0.024837379828440777,17,3.8033869020488535
Eastern Michigan|2016,2016,-1.05805320557877,0.893916273186202,-0.6131280989904366,5,1.951969478764972
Eastern Michigan|2017,2017,-0.7676752092442054,0.261228122482598,-0.25322354338080366,2,1.0289033317268035
Eastern Michigan|2018,2018,-0.8878638081987517,0.4935206458669529,0.02008841513081938,4,1.3813844540657045
Eastern Michigan|2019,2019,-1.0295007932490157,2.302838552710698,0.052919014119347935,8,3.3323393459597135
Eastern Michigan|2020,2020,-0.319018172609515,-0.21577448552027434,-0.26739632906489463,2,0.10324368708924064
Eastern Michigan|2021,2021,-1.0068734536553103,0.6587245392548775,-0.4641888617030155,6,1.6655979929101878
Eastern Michigan|2022,2022,-0.9307113056275544,0.6467238045091125,-0.23928049743989638,8,1.5774351101366668
Eastern Michigan|2023,2023,-0.8368055781128244,0.7306664263438428,-0.3218822534098113,7,1.5674720044566672
Eastern Michigan|2024,2024,-0.9465020472910659,1.0282035447004145,-0.2709448710834543,13,1.9747055919914804
Florida Atlantic|2016,2016,-1.051856477074754,-0.12854392997640235,-0.7092659154955958,7,0.9233125470983516
Florida Atlantic|2018,2018,-0.5635951570096192,0.9864089956744344,0.2924740821296907,4,1.5500041526840536
Florida Atlantic|2019,2019,-1.0231515452001632,1.4974999301942544,-0.23130960996470917,7,2.5206514753944176
Florida Atlantic|2021,2021,-1.0000472323728917,2.4267158514013474,0.45621330787645303,6,3.4267630837742393
Florida Atlantic|2022,2022,-0.9376603589761741,-0.7222397051689641,-0.8241591542820527,3,0.21542065380720998
Florida Atlantic|2023,2023,-0.9307094309143761,2.464276016526332,-0.11767863700008821,9,3.394985447440708
Florida Atlantic|2024,2024,-0.9910442786893701,1.6146762581114182,-0.021508375252951427,15,2.6057205368007885
Florida International|2016,2016,-1.0332662915627069,0.47873546341714446,-0.2943064174588246,4,1.5120017549798512
Florida International|2017,2017,-1.0887979051334624,1.4736301375746914,0.5026162714333663,6,2.562428042708154
Florida International|2018,2018,-1.0370273877457528,-0.012338449988093927,-0.7922045560979577,8,1.024688937757659
Florida International|2019,2019,-0.9977545530047534,1.2435300082401568,0.20352317783812768,5,2.2412845612449104
Florida International|2020,2020,-0.7226071312310921,0.05641341680590569,-0.3330968572125932,2,0.7790205480369978
Florida International|2021,2021,-1.0000472323728917,2.24240787677604,0.08077113734341884,9,3.2424551091489313
Florida International|2022,2022,-0.9307113056275544,2.377038088315412,-0.10029943046750295,6,3.3077493939429665
Florida International|2023,2023,-0.9307094309143761,1.1712921971818921,-0.3040817977963304,4,2.1020016280962683
Florida International|2024,2024,-0.9910442786893701,2.819766328592534,0.1226864936058679,14,3.810810607281904
Florida State|2017,2017,-1.0822443807275592,2.4324107581583285,0.13266981872012987,6,3.514655138885888
Florida State|2019,2019,-0.9279128244673764,1.3006732406798287,0.0419348149948332,4,2.228586065147205
Florida State|2020,2020,-0.9103229259388025,1.3141092413475648,0.08769938259052405,3,2.224432167286367
Florida State|2021,2021,-0.9113063557014472,-0.6519099469695326,-0.8225654790300027,3,0.2593964087319146
Florida State|2022,2022,-0.5971567448938099,2.21026080794854,0.8065520315273651,2,2.8074175528423497
Florida State|2023,2023,0.5934223337877291,1.4024401425395574,0.8703183099974323,3,0.8090178087518283
Florida State|2024,2024,-0.9836205734563195,1.228643585992783,-0.23120621365947702,17,2.212264159449102
Florida|2016,2016,-1.051856477074754,1.3648676394914017,0.08568582687671478,7,2.4167241165661557
Florida|2017,2017,-1.0298161854803338,1.0279904779732734,-0.3056517386280293,4,2.057806663453607
Florida|2018,2018,-0.8424661970322732,2.1602615129790945,0.6588976579734107,2,3.0027277100113676
Florida|2019,2019,-0.877118840076557,0.6086052033549131,-0.1511881464910951,3,1.4857240434314702
Florida|2020,2020,-0.8727797669972606,1.7458555691752988,0.3607811696534074,7,2.6186353361725594
Florida|2022,2022,-0.9307113056275544,1.8141647670772185,0.3774479872500999,4,2.744876072704773
Florida|2024,2024,-0.9910442786893701,1.8373874151029386,-0.12072401224995812,17,2.8284316937923086
Fresno State|2016,2016,-1.0332662915627069,2.304043811560033,0.28824802920369913,6,3.33731010312274
Fresno State|2017,2017,-0.944620368203592,0.005640670652372968,-0.6234976723143348,4,0.9502610388559649
Fresno State|2018,2018,-0.9721736575079261,2.261952161992005,0.34913030086545593,5,3.234125819499931
Fresno State|2019,2019,-0.9977545530047534,1.9102010533696627,0.31177785707106176,4,2.907955606374416
Fresno State|2020,2020,-0.8164650285849471,0.009484468128978112,-0.4566764220618358,3,0.8259494967139251
Fresno State|2021,2021,-0.9659161259607978,0.9454258331164674,-0.46623672808774125,5,1.9113419590772653
Fresno State|2022,2022,-0.9376603589761741,0.7509596047384076,-0.33587233898570995,5,1.6886199637145816
Fresno State|2023,2023,-0.901815937744668,2.1608943382443964,0.35384711958889903,6,3.0627102759890645
Fresno State|2024,2024,-0.9539257525241168,1.8373874151029386,0.008836019887143201,16,2.7913131676270555
Georgia Southern|2016,2016,-1.027069563058691,0.18129249522438676,-0.5747083822655388,5,1.2083620582830779
Georgia Southern|2017,2017,-1.0822443807275592,0.923134087478822,-0.07955514662436863,2,2.005378468206381
Georgia Southern|2018,2018,-1.0305420147219702,1.3690460040776107,-0.05773606115457244,4,2.399588018799581
Georgia Southern|2019,2019,-1.0295007932490157,0.9641630940906494,-0.019970353481478093,6,1.993663887339665
Georgia Southern|2020,2020,-0.9197087156741881,0.05641341680590569,-0.5571825871449225,8,0.9761221324800938
Georgia Southern|2021,2021,-1.0068734536553103,0.5153738923240826,-0.36293324601380333,3,1.5222473459793928
Georgia Southern|2022,2022,-0.9307113056275544,1.6126422199672479,0.5459625309541272,4,2.543353525594802
Georgia Southern|2023,2023,-0.9307094309143761,1.337429782907714,-0.3474220375508927,8,2.26813921382209
Georgia Southern|2024,2024,-0.924230931591914,1.4736258586834552,0.06361677808602968,15,2.397856790275369
Georgia State|2016,2016,-1.05805320557877,1.464015295555654,-0.48671483750851474,5,2.5220685011344237
Georgia State|2017,2017,-0.9315133193917856,1.3097920274271113,0.13802186365161778,5,2.241305346818897
Georgia State|2018,2018,-1.0305420147219702,-0.0966482992972684,-0.5976433653844782,4,0.9338937154247018
Georgia State|2019,2019,-0.9914053049559008,0.8879721175044202,-0.32155963580196884,4,1.879377422460321
Georgia State|2021,2021,-0.9932210110904727,1.5256546421220656,-0.40070500377652063,5,2.5188756532125383
Georgia State|2022,2022,-0.9376603589761741,0.959431205196998,-0.2740257641829948,4,1.897091564173172
Georgia State|2023,2023,-0.937932804206803,2.038096992273137,-0.41456657565549854,11,2.97602979647994
Georgia State|2024,2024,-0.9836205734563195,1.6963370156749755,-0.08078380626761762,13,2.679957589131295
Georgia Tech|2017,2017,-0.846317502115044,0.9952228559437575,0.25654703362123865,7,1.8415403580588015
Georgia Tech|2018,2018,-1.0370273877457528,1.2328531705781751,0.059000653273515356,5,2.269880558323928
Georgia Tech|2019,2019,-1.0231515452001632,0.4117785138404877,-0.30568651567983773,2,1.4349300590406509
Georgia Tech|2020,2020,-0.8727797669972606,0.2535150012490014,-0.3096323828741296,2,1.1262947682462618
Georgia Tech|2021,2021,-1.0068734536553103,1.983011468044125,0.36246653559790143,5,2.9898849216994354
Georgia Tech|2022,2022,-0.9307113056275544,-0.6388510649855279,-0.7731994297255084,3,0.29186024064202654
Georgia Tech|2023,2023,-0.9307094309143761,2.081437232027699,0.17085499618074731,4,3.012146662942075
Georgia Tech|2024,2024,-0.9836205734563195,1.4810495639165058,0.18437571654365406,12,2.464670137372825
Georgia|2016,2016,-0.31444578509687593,0.9248999157062808,0.30522706530470245,2,1.2393457008031568
Georgia|2017,2017,-0.11887629305978785,0.33987041535343654,0.11049706114682434,2,0.4587467084132244
Georgia|2018,2018,-1.0370273877457528,0.9020991463652599,-0.3366071011772264,3,1.9391265341110127
Georgia|2019,2019,-0.9533098166627864,1.0974973031165507,0.07209374322688217,2,2.050807119779337
Georgia|2020,2020,-0.9197087156741881,1.2765660824060228,0.341115705445933,6,2.1962747980802106
Georgia|2021,2021,-0.3447299892606865,1.9079230339375186,0.8225538500329289,3,2.252653023198205
Georgia|2022,2022,-0.9376603589761741,1.4041706195086572,0.4104559906560434,3,2.3418309784848312
Georgia|2023,2023,-0.901815937744668,2.269244937630802,0.6237605016159226,5,3.1710608753754697
Georgia|2024,2024,-0.9910442786893701,2.0675222773275097,0.06769029839339603,13,3.0585665560168795
Hawai'i|2016,2016,-0.9898891920345964,1.7738517207564433,0.30057951892669066,4,2.7637409127910395
Hawai'i|2017,2017,-0.9511738926094954,1.0017763803496607,-0.28489891134266915,3,1.9529502729591561
Hawai'i|2018,2018,-0.9721736575079261,0.1303397565351244,-0.5960220221285324,3,1.1025134140430504
Hawai'i|2019,2019,-0.978706808858196,1.3006732406798287,-0.08346283397000244,7,2.279380049538025
Hawai'i|2020,2020,0.08457078601206226,0.38491605754439867,0.19407166625822656,3,0.3003452715323364
Hawai'i|2021,2021,-0.9795685685256352,1.5939168549462535,0.33301626663660894,7,2.5734854234718885
Hawai'i|2022,2022,-0.9307113056275544,1.3694253527655589,-0.24344992944906824,10,2.3001366583931135
Hawai'i|2023,2023,-0.9090393110370949,0.8534637723151025,-0.25712987139555465,4,1.7625030833521973
Hawai'i|2024,2024,-0.9910442786893701,1.1247117127300734,-0.01397045917016149,13,2.1157559914194435
Houston|2016,2016,-1.05805320557877,1.7366713497323485,0.4456862447290602,3,2.7947245553111184
Houston|2017,2017,-0.6955864407792702,1.650575296534078,0.6872072088663066,4,2.3461617373133485
Houston|2018,2018,-1.0305420147219702,2.261952161992005,0.12688953808647205,10,3.2924941767139755
Houston|2019,2019,-1.0295007932490157,-0.7818801193437704,-0.905690456296393,2,0.24762067390524523
Houston|2021,2021,-0.9659161259607978,2.1058834511276636,0.07622032315513956,6,3.0717995770884614
Houston|2022,2022,-0.9307113056275544,1.862808140517556,0.3747180020059994,7,2.7935194461451105
Houston|2023,2023,-0.8801458178673868,1.0557182245030596,-0.06270074027439354,6,1.9358640423704463
Houston|2024,2024,-0.9836205734563195,2.5055208860774996,-0.07842344870634,15,3.489141459533819
Idaho|2017,2017,-1.0560302831039465,0.8182776969843706,-0.27020312934155294,11,1.8743079800883171
Illinois|2016,2016,-1.002282649042628,0.29903033680068664,-0.22304403966264313,4,1.3013129858433146
Illinois|2017,2017,-1.0822443807275592,0.14981820758224348,-0.6746151626803799,5,1.2320625883098026
Illinois|2019,2019,-0.9660083127604912,1.1927360238493374,-0.24431045120759745,3,2.1587443366098285
Illinois|2020,2020,-0.647520813348008,0.8729771237844456,0.11272815521821877,2,1.5204979371324536
Illinois|2021,2021,-0.9386112408311224,1.5120021995572281,0.11126159240488961,5,2.4506134403883504
Illinois|2022,2022,-0.895966038884456,2.300598501480596,0.48168378747939516,8,3.196564540365052
Illinois|2023,2023,-0.8945925644522408,0.9112507586545188,0.17687447392443656,3,1.8058433231067594
Illinois|2024,2024,-0.9836205734563195,2.564910527941905,0.07001530497737342,14,3.5485311013982246
Indiana|2016,2016,-1.05805320557877,-1.027069563058691,-1.0456597485707384,3,0.030983642520078902
Indiana|2017,2017,-1.0822443807275592,2.0241261876705607,-0.1639317733503725,8,3.1063705683981198
Indiana|2018,2018,-1.0370273877457528,1.511724210600829,0.06116244428144283,3,2.548751598346582
Indiana|2019,2019,-0.4009252364126243,0.519715730670979,0.05939524712917735,2,0.9206409670836033
Indiana|2021,2021,-1.0000472323728917,1.2253009056956383,0.06484328768444164,4,2.2253481380685303
Indiana|2022,2022,-0.6110548515910492,1.6265403266644871,0.8968897250594209,6,2.2375951782555363
Indiana|2023,2023,-0.9307094309143761,0.3478276418452098,-0.20355651947672082,3,1.278537072759586
Indiana|2024,2024,-0.9910442786893701,2.07494598256056,0.17076559028306115,12,3.0659902612499303
Iowa State|2016,2016,-1.0332662915627069,1.036441028778565,-0.0281569282113467,5,2.069707320341272
Iowa State|2017,2017,-1.0822443807275592,1.585040052475046,0.2992385640368368,5,2.6672844332026053
Iowa State|2018,2018,-0.14853128348752948,1.3301337659349148,0.5735069131602722,3,1.4786650494224443
Iowa State|2019,2019,-0.9660083127604912,1.3006732406798287,-0.19298736281270693,4,2.26668155344032
Iowa State|2021,2021,0.16723660692072373,1.27308445467257,0.7201605307966468,2,1.1058478477518463
Iowa State|2022,2022,-0.9376603589761741,1.4597630462976148,-0.15068006724499555,4,2.3974234052737886
Iowa State|2023,2023,0.5573054673255939,1.2651960499834436,0.9112507586545188,2,0.7078905826578497
Iowa State|2024,2024,-0.9910442786893701,2.364470486649537,0.08075316433232167,16,3.3555147653389072
Iowa|2016,2016,-0.27726541407278116,1.4949989380757331,0.608866762001476,2,1.7722643521485142
Iowa|2017,2017,-0.9642809414213016,2.4324107581583285,0.2961256399440321,4,3.3966916995796304
Iowa|2018,2018,1.7516830124807874,1.97867106831318,1.8651770403969836,2,0.22698805583239268
Iowa|2019,2019,-0.978706808858196,1.421308953608025,0.01685528520186601,5,2.400015762466221
Iowa|2021,2021,-0.9386112408311224,2.269712761905715,0.5781751281223357,5,3.2083240027368376
Iowa|2022,2022,-0.8334245587468788,1.1887499657014473,0.29579661040381877,4,2.0221745244483262
Iowa|2023,2023,-0.937932804206803,1.0701649710879135,-0.2420811770363317,3,2.0080977752947167
Iowa|2024,2024,-0.8945361106597112,1.6517947842766714,0.18527555960220565,11,2.5463308949363825
Jacksonville State|2023,2023,-0.9307094309143761,2.262021564338375,0.009361007571485709,7,3.192730995252751
Jacksonville State|2024,2024,-0.9910442786893701,2.819766328592534,0.13475280547620422,19,3.810810607281904
James Madison|2022,2022,-0.895966038884456,0.313169243775368,-0.2879238708802342,4,1.209135282659824
James Madison|2023,2023,-0.388956433982348,1.2940895431531518,0.39357567269724775,6,1.6830459771355
James Madison|2024,2024,-0.9910442786893701,2.171454150590219,0.12622335888475708,14,3.162498429279589
Kansas State|2016,2016,-0.9093317214823912,1.2223428838990384,0.39611241669693403,3,2.1316746053814297
Kansas State|2017,2017,-0.846317502115044,1.2180426857444664,-0.0926621954361751,4,2.0643601878595104
Kansas State|2018,2018,-0.7581563477230987,1.1096310831263048,0.3670558719031912,4,1.8677874308494036
Kansas State|2019,2019,-0.9279128244673764,1.1292435433608128,-0.24346388480108386,5,2.0571563678281892
Kansas State|2020,2020,-0.8164650285849471,1.6519976718214435,0.2629007909843871,4,2.4684627004063904
Kansas State|2021,2021,-0.5495166277332506,1.5256546421220656,0.6259586770992673,5,2.075171269855316
Kansas State|2022,2022,-0.9029150922330756,1.5570497931782905,0.5980804310687748,6,2.4599648854113663
Kansas State|2023,2023,-0.9307094309143761,-0.6345511259248675,-0.8295822048203976,4,0.29615830498950857
Kansas State|2024,2024,-0.9910442786893701,1.9487429935986982,-0.1228831944909435,18,2.9397872722880685
Kansas|2016,2016,-0.8473644364422334,2.304043811560033,0.14532048625857508,8,3.1514082480022663
Kansas|2017,2017,-1.0822443807275592,-0.37446374489001294,-0.7764132417854097,3,0.7077806358375462
Kansas|2018,2018,-1.0370273877457528,0.6037719872712579,-0.44037306955774885,3,1.6407993750170107
Kansas|2019,2019,-1.0295007932490157,1.364165721168353,0.026061694872702115,8,2.3936665144173688
Kansas|2020,2020,-0.8258508183203328,1.0888502876983124,-0.06247325317564423,3,1.9147011060186452
Kansas|2021,2021,-1.0068734536553103,0.5631574413010144,-0.08988439471705116,3,1.5700308949563246
Kansas|2022,2022,-0.9376603589761741,1.1053613255180113,-0.4915311339947907,5,2.0430216844941853
Kansas|2023,2023,-0.9234860576219489,2.6159668556673,0.36227438843006393,4,3.539452913289249
Kansas|2024,2024,-0.9836205734563195,2.060098572094459,0.08710614284906702,13,3.0437191455507784
Kennesaw State|2024,2024,-0.9910442786893701,1.7260318366071783,0.30872277919725294,12,2.7170761152965484
Kent State|2016,2016,1.129391956338802,2.304043811560033,1.5374671840899208,3,1.174651855221231
Kent State|2017,2017,-1.0560302831039465,0.8575988434197899,-0.2525681909402133,5,1.9136291265237364
Kent State|2018,2018,-0.9721736575079261,0.5648597491285621,-0.6057500816642064,6,1.5370334066364881
Kent State|2019,2019,-1.0231515452001632,1.516547674340812,-0.15584426172692015,5,2.5396992195409753
Kent State|2020,2020,-0.9103229259388025,-0.0280586908125639,-0.5649258636766155,5,0.8822642351262386
Kent State|2021,2021,-1.0000472323728917,1.8942705913726814,0.5317568234018879,5,2.894317823745573
Kent State|2022,2022,-0.9376603589761741,2.4161612586681405,-0.027762895263494552,6,3.3538216176443143
Kent State|2023,2023,-0.8006887116506893,2.1247774717822616,0.3261575219679288,5,2.9254661834329507
Kent State|2024,2024,-0.9910442786893701,2.453554949446145,-0.12589709191461787,13,3.444599228135515
Kentucky|2016,2016,0.33001397932076554,1.104605042322739,0.8422768689860703,3,0.7745910630019734
Kentucky|2017,2017,-1.0232626610744306,-0.033680475783046254,-0.6693723431556574,3,0.9895821852913844
Kentucky|2018,2018,-0.9721736575079261,2.261952161992005,0.6099114737337722,6,3.234125819499931
Kentucky|2019,2019,-1.0231515452001632,0.24669806457032434,-0.38822674031491944,2,1.2698496097704874
Kentucky|2020,2020,1.0325355492859993,1.8115560973229974,1.4220458233044984,2,0.779020548036998
Kentucky|2021,2021,-0.9795685685256352,2.0785785659979887,0.00048177273592152147,7,3.058147134523624
Kentucky|2022,2022,-0.9376603589761741,1.2095971257473066,0.3982951472959591,4,2.1472574847234807
Kentucky|2023,2023,-0.9307094309143761,0.9907078648712162,0.029999216978420062,2,1.9214172957855924
Kentucky|2024,2024,-0.9465020472910659,1.4439310377512526,-0.015112567667553943,13,2.3904330850423188
LSU|2016,2016,-0.29585559958482854,1.5693596801239225,0.782375160113918,4,1.865215279708751
LSU|2017,2017,-0.9315133193917856,1.047651051190983,0.16947878079995318,3,1.9791643705827684
LSU|2018,2018,-1.0305420147219702,0.6167427333188232,-0.33228351916137133,6,1.6472847480407933
LSU|2019,2019,0.9260676057975351,1.5609924106827788,1.2646941684029984,3,0.6349248048852437
LSU|2021,2021,-1.0068734536553103,0.8362062925977662,-0.15132038625882044,6,1.8430797462530766
LSU|2022,2022,-0.895966038884456,1.2095971257473066,0.06201060131811388,7,2.1055631646317625
LSU|2023,2023,-0.9307094309143761,2.2114579512913854,-0.04765204591517064,4,3.1421673822057614
LSU|2024,2024,-0.9910442786893701,1.339999164488543,-0.2504205095567847,17,2.3310434431779132
Liberty|2018,2018,-0.16150202953509477,1.5441510757197423,0.7183469106914182,3,1.7056531052548372
Liberty|2019,2019,-1.0231515452001632,1.9673442858093346,-0.19266990041026433,10,2.990495831009498
Liberty|2020,2020,-0.9197087156741881,0.8917487032552167,-0.3706400161541353,6,1.8114574189294048
Liberty|2021,2021,-0.9727423472432164,1.1502124715890314,-0.02503529253407255,6,2.122954818832248
Liberty|2022,2022,-0.9307113056275544,1.4875592596920935,-0.032546160318461026,4,2.4182705653196477
Liberty|2024,2024,-0.9836205734563195,1.1395591231961748,-0.3036965118175013,17,2.1231796966524943
Louisiana Tech|2016,2016,-0.07897010194427612,2.304043811560033,1.0249151137610955,4,2.383013913504309
Louisiana Tech|2017,2017,-1.0887979051334624,1.3163455518330147,-0.12433756339804054,6,2.405143456966477
Louisiana Tech|2018,2018,-0.29769486303453047,0.8502161621749986,0.2762606495702341,2,1.147911025209529
Louisiana Tech|2019,2019,-1.0295007932490157,2.302838552710698,0.4935003909492728,9,3.3323393459597135
Louisiana Tech|2020,2020,-0.9197087156741881,-0.8727797669972606,-0.8962442413357243,2,0.04692894867692754
Louisiana Tech|2021,2021,-0.44029708721454974,0.7406391946439032,0.15529071967649086,4,1.180936281858453
Louisiana Tech|2022,2022,-0.9376603589761741,1.2373933391417853,-0.2149588107197275,13,2.175053698117959
Louisiana Tech|2023,2023,-0.9307094309143761,2.254798191045948,0.12300014811841822,8,3.185507621960324
Louisiana Tech|2024,2024,-0.9910442786893701,1.4736258586834552,0.2959562558040521,11,2.464670137372825
Louisiana|2016,2016,-0.853561164946249,0.49732564892919184,-0.3194031679000885,5,1.3508868138754409
Louisiana|2017,2017,-0.9970485634508176,2.4324107581583285,-0.08460136041691442,10,3.429459321609146
Louisiana|2018,2018,-1.0305420147219702,1.4663265994343506,-0.1723109845747326,6,2.4968686141563206
Louisiana|2019,2019,-0.9596590647116386,0.8054318928693387,-0.32110611808419354,7,1.7650909575809774
Louisiana|2020,2020,-0.8352366080557183,-0.4222618596987557,-0.628749233877237,2,0.41297474835696263
Louisiana|2021,2021,-0.6655623895343702,1.341346667496758,0.0757652417363118,5,2.006909057031128
Louisiana|2022,2022,-0.8125773987010199,1.890604353912035,0.2332551302662417,4,2.703181752613055
Louisiana|2023,2023,-0.8079120849431164,0.3478276418452098,-0.2787999912728358,4,1.1557397267883263
Louisiana|2024,2024,-0.9836205734563195,2.201148971522422,0.0057118772682343884,15,3.1847695449787414
Louisville|2016,2016,-1.002282649042628,0.8319489881460441,-0.08516683044829193,2,1.834231637188672
Louisville|2017,2017,-0.19096506152472317,1.906162748364303,0.8982306947363898,5,2.0971278098890265
Louisville|2018,2018,-1.0370273877457528,0.9539821305555213,-0.4227699142074816,7,1.991009518301274
Louisville|2019,2019,-1.0231515452001632,1.6181356431224507,-0.10409789012877285,4,2.6412871883226137
Louisville|2020,2020,-0.8352366080557183,1.4548960873783479,0.5413458864674908,3,2.290132695434066
Louisville|2021,2021,-0.9795685685256352,2.358453638577159,0.6894425350257619,2,3.338022207102794
Louisville|2022,2022,-0.8195264520496396,1.3346800860224606,0.10817216999108745,4,2.1542065380721
Louisville|2023,2023,-0.9307094309143761,1.5685777282653794,-0.12478735357358785,7,2.4992871591797554
Louisville|2024,2024,-0.9910442786893701,1.3325754592554924,-0.065701255816759,17,2.3236197379448624
Marshall|2016,2016,-1.051856477074754,1.5073923950837647,-0.25867522856073377,5,2.559248872158519
Marshall|2017,2017,-1.0822443807275592,0.7265283553017258,-0.4181539075960344,3,1.808772736029285
Marshall|2018,2018,-0.920290673317665,2.261952161992005,0.14910410248393524,3,3.18224283530967
Marshall|2019,2019,-1.0295007932490157,0.9705123421395021,-0.16917768262951036,4,2.0000131353885178
Marshall|2020,2020,-0.9197087156741881,0.8917487032552167,-0.013980006209485696,2,1.8114574189294048
Marshall|2021,2021,-0.9727423472432164,1.648526625205604,-0.1686134801742814,10,2.6212689724488203
Marshall|2022,2022,-0.9376603589761741,1.1818009123528277,-0.49490638847840607,7,2.1194612713290018
Marshall|2023,2023,-0.937932804206803,1.561354354972952,-0.14697342868604235,4,2.499287159179755
Marshall|2024,2024,-0.9316546368249646,2.819766328592534,0.05863516255360128,16,3.751420965417499
Maryland|2016,2016,-0.04178973092018149,0.8815228161781704,0.3196860984807393,3,0.9233125470983519
Maryland|2017,2017,-1.0887979051334624,1.3818807958920467,-0.30237497642507766,6,2.470678701025509
Maryland|2018,2018,0.7464501937944763,1.3495898850062629,1.0480200394003696,2,0.6031396912117866
Maryland|2019,2019,-0.9406113205650815,2.16417097532376,-0.10462699413284393,6,3.1047822958888416
Maryland|2021,2021,-0.9044801344190282,2.0649261234331506,0.5426787774537578,4,2.969406257852179
Maryland|2022,2022,-0.7639340252606821,1.1748518590042079,0.4197213951208696,3,1.93878588426489
Maryland|2023,2023,-0.9307094309143761,2.1247774717822616,0.08778620331783646,7,3.0554869026966376
Maryland|2024,2024,-0.9836205734563195,1.3622702801876951,-0.20784337660252344,16,2.345890853644015
Massachusetts|2016,2016,-1.051856477074754,1.104605042322739,-0.29585559958482843,6,2.156461519397493
Massachusetts|2017,2017,-1.0822443807275592,1.6964499673754003,-0.14509039068340074,4,2.7786943481029596
Massachusetts|2018,2018,-1.0305420147219702,1.719256147361874,-0.01975030487241685,7,2.7497981620838443
Massachusetts|2019,2019,-1.0231515452001632,1.364165721168353,-0.2366384431485675,8,2.387317266368516
Massachusetts|2021,2021,-0.7065197172288832,1.0819502587648435,0.3492691744518918,3,1.7884699759937268
Massachusetts|2022,2022,-0.9376603589761741,0.20198439019745312,-0.5763095848479508,6,1.1396447491736272
Massachusetts|2023,2023,-0.9307094309143761,0.5573054673255939,-0.3772184523821542,8,1.4880148982399701
Massachusetts|2024,2024,-0.9910442786893701,1.2212198807597323,-0.2083736412620271,14,2.212264159449102
Memphis|2016,2016,-1.05805320557877,2.108475059973296,0.10073502467218168,9,3.166528265552066
Memphis|2017,2017,-1.0298161854803338,2.4324107581583285,0.008343999469807795,8,3.4622269436386626
Memphis|2018,2018,-0.8489515700560558,0.7853624319371721,-0.031794569059441835,2,1.634314001993228
Memphis|2019,2019,-1.0041038010536056,1.2244822640935995,-0.2210298750284719,6,2.228586065147205
Memphis|2020,2020,-0.9197087156741881,0.009484468128978112,-0.455112123772605,2,0.9291931838031662
Memphis|2021,2021,0.3515445815460314,0.8771636202922792,0.5904623264306895,3,0.5256190387462478
Memphis|2022,2022,-0.9376603589761741,2.224158914645779,0.12091210113022353,6,3.161819273621953
Memphis|2023,2023,-0.9090393110370949,1.8141724202078986,-0.3208503429394646,7,2.7232117312449935
Memphis|2024,2024,-0.9836205734563195,2.156606740124118,0.2885325505710015,11,3.1402273135804375
Miami (OH)|2016,2016,-0.7730036943940439,0.08834156766415,-0.34233106336494695,2,0.861345262058194
Miami (OH)|2017,2017,-1.0887979051334624,1.7226640649990133,0.2694200279899771,4,2.8114619701324757
Miami (OH)|2018,2018,-1.0046005226268393,0.6297134793663886,-0.285805012490929,6,1.6343140019932278
Miami (OH)|2019,2019,-1.0295007932490157,2.302838552710698,-0.0827009242041401,7,3.3323393459597135
Miami (OH)|2021,2021,-1.0000472323728917,1.3959564377561082,0.5467745102232092,5,2.3960036701289997
Miami (OH)|2022,2022,-0.9098641455816953,0.02130900313334151,-0.4442775712241769,2,0.9311731487150368
Miami (OH)|2023,2023,-0.9307094309143761,2.110330725197407,0.07735244189544173,9,3.041040156111783
Miami (OH)|2024,2024,-0.9910442786893701,2.819766328592534,0.18494486727818785,13,3.810810607281904
Miami|2016,2016,-1.051856477074754,2.0217208609170747,0.3264729916041852,7,3.0735773379918285
Miami|2017,2017,0.14326468317634036,0.7789565505489514,0.4611106168626459,2,0.6356918673726111
Miami|2018,2018,-0.213385013725356,1.6673731631716129,0.8794003407820207,4,1.8807581768969688
Miami|2019,2019,-1.0295007932490157,0.46892174628015965,-0.3907664395344604,5,1.4984225395291753
Miami|2021,2021,0.5222001136065014,0.5836361051482707,0.5529181093773861,2,0.061435991541769264
Miami|2022,2022,-0.9376603589761741,0.785704871481506,-0.1645781739422349,4,1.72336523045768
Miami|2023,2023,-0.8584756979901056,1.9225230195943044,0.8996933613866356,5,2.78099871758441
Miami|2024,2024,-0.9539257525241168,1.5330155005478607,-0.1686037917992556,14,2.4869412530719774
Michigan State|2016,2016,-1.05805320557877,1.5383760376038436,0.1544400050403184,6,2.5964292431826133
Michigan State|2017,2017,-1.0494767586980434,-0.6169441479084317,-0.8987456973622696,3,0.4325326107896117
Michigan State|2018,2018,0.039544534202167324,2.1472907669315293,1.2263677975543925,3,2.107746232729362
Michigan State|2019,2019,-0.013621105432625664,1.2435300082401568,0.67844693189229,3,1.2571511136727824
Michigan State|2020,2020,-0.863393977261875,1.2108655542583242,-0.016326453643332073,4,2.074259531520199
Michigan State|2021,2021,-1.0000472323728917,-0.9386112408311224,-0.969329236602007,2,0.061435991541769375
Michigan State|2022,2022,-0.9376603589761741,2.411783355058511,0.5730638390137439,5,3.3494437140346847
Michigan State|2023,2023,-0.937932804206803,1.4385570090016926,-0.43550706186687793,9,2.3764898132084955
Michigan State|2024,2024,-0.9910442786893701,1.1469828284292254,-0.29452605241196816,17,2.1380271071185954
Michigan|2016,2016,-0.9217251784904227,1.327687268467307,0.3775222311848867,6,2.2494124469577295
Michigan|2018,2018,-0.19392889465400798,1.323648392911132,0.6837582545645774,3,1.5175772875651399
Michigan|2019,2019,-0.9914053049559008,1.64353263531786,0.12606235164212792,5,2.634937940273761
Michigan|2021,2021,0.9590782756813051,1.9284016977847747,1.3572745171557348,3,0.9693234221034696
Michigan|2022,2022,-0.895966038884456,0.7787558181328863,-0.1732644906280095,3,1.6747218570173423
Michigan|2023,2023,-0.9307094309143761,1.8069490469154714,0.031203112527157923,6,2.7376584778298474
Michigan|2024,2024,-0.9910442786893701,1.1247117127300734,-0.068030261380069,15,2.1157559914194435
Middle Tennessee|2016,2016,-0.7853971514020754,1.637523693668096,0.2048400635396468,5,2.4229208450701716
Middle Tennessee|2017,2017,-0.9708344658272048,1.073865148814596,0.10230515563944545,4,2.044699614641801
Middle Tennessee|2018,2018,-1.0305420147219702,2.108378528788833,0.5116796903335443,5,3.138920543510803
Middle Tennessee|2019,2019,-0.8263248556857374,2.2403619519099895,0.4435247540847499,4,3.066686807595727
Middle Tennessee|2020,2020,-0.8258508183203328,0.2253576320428449,-0.30024659313874397,2,1.0512084503631778
Middle Tennessee|2021,2021,-0.9454374621135413,2.447194515248604,0.7474654159263219,4,3.392631977362145
Middle Tennessee|2023,2023,-0.937932804206803,1.7708321804533362,0.21491757326455224,5,2.708764984660139
Middle Tennessee|2024,2024,-0.9836205734563195,1.9932852249970026,-0.06159638351142509,15,2.976905798453322
Minnesota|2016,2016,-1.0208728345546754,1.842015734300617,0.3386893992263877,5,2.8628885688552925
Minnesota|2017,2017,-0.7873357824619152,0.896919989855209,0.046600198189268,4,1.6842557723171243
Minnesota|2018,2018,0.42218154260534374,1.9721856952893972,1.1971836189473706,2,1.5500041526840536
Minnesota|2019,2019,-1.0231515452001632,1.9102010533696627,0.4768583063412251,4,2.933352598569826
Minnesota|2020,2020,-0.9197087156741881,-0.10314500869564804,-0.6451743659141616,4,0.8165637069785401
Minnesota|2021,2021,-0.9317850195487037,0.6655507605372963,-0.26145008961517713,5,1.597335780086
Minnesota|2022,2022,-0.8056283453524002,1.2026480723986868,0.2454159736263261,4,2.008276417751087
Minnesota|2023,2023,-0.8368055781128244,1.5180141152183901,0.7306664263438428,3,2.3548196933312147
Minnesota|2024,2024,-0.9836205734563195,1.666642194742773,0.3526463684928028,12,2.6502627681990925
Mississippi State|2016,2016,0.4539485494010813,0.9558835582263598,0.7049160538137206,2,0.5019350088252785
Mississippi State|2017,2017,-0.5448553794434964,1.4998442351983043,0.13998792097338877,4,2.0446996146418006
Mississippi State|2018,2018,-0.9721736575079261,2.261952161992005,0.2532159574257263,6,3.234125819499931
Mississippi State|2019,2019,-0.9025158322719667,1.7070251158063845,0.2919364569183979,8,2.6095409480783514
Mississippi State|2020,2020,-0.3284039623449005,0.535088693310567,0.10334236548283324,2,0.8634926556554674
Mississippi State|2021,2021,-0.8840014705717719,1.641700403923185,0.5062722639475242,3,2.525701874494957
Mississippi State|2022,2022,-0.9376603589761741,2.0087382608385695,0.5644933398837797,6,2.946398619814744
Mississippi State|2023,2023,-0.9307094309143761,2.088660605320126,0.6223158269574373,5,3.019370036234502
Mississippi State|2024,2024,-0.9613494577571672,2.819766328592534,0.07268854588081759,15,3.781115786349701
Missouri|2016,2016,-1.051856477074754,1.4516218385476225,0.22260401858449205,3,2.5034783156223765
Missouri|2017,2017,-0.9315133193917856,1.0345440023791765,0.09083648792911464,6,1.966057321770962
Missouri|2018,2018,-0.9981151496030567,0.4416376616766917,-0.5911579923606954,4,1.4397528112797484
Missouri|2019,2019,-1.0295007932490157,0.5832082111595034,-0.4453699727545913,6,1.612709004408519
Missouri|2020,2020,1.351652400289107,1.3610381900244926,1.3563452951567998,2,0.009385789735385508
Missouri|2021,2021,-1.0000472323728917,0.36519702411086896,-0.29694644028375494,4,1.3652442564837606
Missouri|2023,2023,-0.8945925644522408,1.973086632641293,0.8444345556995686,4,2.867679197093534
Missouri|2024,2024,-0.9539257525241168,1.4736258586834552,-0.0551625056427812,15,2.427551611207572
NC State|2016,2016,-1.002282649042628,2.304043811560033,0.37293665209191484,6,3.306326460602661
NC State|2017,2017,-1.0560302831039465,1.6898964429694974,0.03513153047893741,6,2.745926726073444
NC State|2018,2018,-1.0370273877457528,0.7918478049609547,-0.6576330658544677,6,1.8288751927067075
NC State|2019,2019,-0.9914053049559008,0.49431873847556934,-0.18610901075978345,6,1.4857240434314702
NC State|2020,2020,-0.8258508183203328,0.6852613290767353,-0.07029474462179874,2,1.5111121473970681
NC State|2021,2021,-1.0000472323728917,-0.4607757510618062,-0.8202900719358631,3,0.5392714813110855
NC State|2022,2022,-0.9376603589761741,1.8489100338203168,0.08558774660807353,8,2.7865703927964907
NC State|2023,2023,-0.937932804206803,1.2435259301061625,0.06852387453803095,6,2.1814587343129657
NC State|2024,2024,-0.6940960693673429,2.2308437924546243,0.4070868735351744,12,2.9249398618219673
Navy|2016,2016,-0.971299006522549,0.36099762184084444,-0.5272001304014179,3,1.3322966283633935
Navy|2017,2017,-1.0494767586980434,0.6675466356485968,0.060253374034899686,3,1.7170233943466402
Navy|2018,2018,-1.0305420147219702,2.0110979334320933,-0.11286173185672489,8,3.0416399481540637
Navy|2019,2019,-0.8326741037345899,-0.10251057811655973,-0.5490743575525144,3,0.7301635256180302
Navy|2020,2020,-0.863393977261875,0.7603476469598195,-0.27052492564335645,6,1.6237416242216944
Navy|2021,2021,-1.0068734536553103,1.0068618246582366,0.0034072961426725003,5,2.013735278313547
Navy|2022,2022,-0.9029150922330756,-0.5902076915451903,-0.746561391889133,2,0.3127074006878854
Navy|2023,2023,-0.8656990712825325,0.759559919513551,-0.053069575884490794,2,1.6252589907960835
Navy|2024,2024,-0.9836205734563195,2.07494598256056,-0.12830367767698048,14,3.0585665560168795
Nebraska|2016,2016,-1.051856477074754,2.009327403909043,0.02843985879199747,3,3.061183880983797
Nebraska|2017,2017,-1.0363697098862368,0.8641523678256929,-0.39412431810772264,4,1.9005220777119298
Nebraska|2018,2018,-0.9721736575079261,1.4338997343154372,0.5681024356404534,4,2.406073391823363
Nebraska|2019,2019,-0.8580710959299996,1.0149570784814692,-0.32367605181825293,6,1.873028174411469
Nebraska|2020,2020,-0.9103229259388025,0.6758755393413498,-0.11722369329872634,2,1.5861984652801522
Nebraska|2021,2021,0.4812427859119887,1.4164351016033647,0.9772815324344218,3,0.935192315691376
Nebraska|2022,2022,-0.9307113056275544,-0.6596982250313869,-0.7952047653294707,2,0.2710130805961676
Nebraska|2023,2023,-0.937932804206803,1.135175330719757,-0.09520592009031524,6,2.07310813492656
Nebraska|2024,2024,-0.9836205734563195,1.7483029523063305,-0.10994326384166765,16,2.73192352576265
Nevada|2016,2016,-0.9774957350265647,0.5283092914492707,-0.570060835887527,4,1.5058050264758354
Nevada|2017,2017,-1.0494767586980434,0.6020113915895648,-0.358079933875255,6,1.6514881502876082
Nevada|2018,2018,-0.9981151496030567,1.8100513696948313,0.39732094601417706,6,2.808166519297888
Nevada|2019,2019,-1.0295007932490157,0.9070198616509777,-0.47330666416954204,5,1.9365206548999934
Nevada|2020,2020,-0.6944497620249356,0.9105202827259876,-0.08750202580333889,3,1.6049700447509232
Nevada|2021,2021,-0.5631690702980883,1.3618253313440143,0.46759034334715105,3,1.9249944016421026
Nevada|2022,2022,-0.9376603589761741,2.4161612586681405,0.02874449021636448,9,3.3538216176443143
Nevada|2023,2023,-0.9307094309143761,2.6159668556673,-0.15264893627294931,7,3.546676286581676
Nevada|2024,2024,-0.9910442786893701,2.409012718047841,0.36934970526716676,12,3.400056996737211
New Mexico State|2016,2016,-0.9465120925064857,-0.7853971514020754,-0.8690529862062886,4,0.16111494110441027
New Mexico State|2017,2017,-1.0887979051334624,0.27433517129440455,-0.6316895778217138,4,1.363133076427867
New Mexico State|2018,2018,-0.6349342602712283,2.261952161992005,0.656757484875562,4,2.8968864222632336
New Mexico State|2019,2019,-1.0295007932490157,1.4149597055591727,0.14590375179479187,8,2.4444604988081884
New Mexico State|2021,2021,-0.9659161259607978,1.744093723159467,-0.1279974635438896,4,2.710009849120265
New Mexico State|2022,2022,-0.9029150922330756,1.3833234594627986,-0.1357396025454632,5,2.2862385516958743
New Mexico State|2023,2023,-0.937932804206803,1.4385570090016926,-0.0025059628375015824,8,2.3764898132084955
New Mexico State|2024,2024,-0.9836205734563195,2.201148971522422,0.07319689293439506,14,3.1847695449787414
New Mexico|2016,2016,-0.9960859205386121,1.1479821418508493,0.07517351959311654,8,2.1440680623894615
New Mexico|2017,2017,-1.0822443807275592,1.650575296534078,0.08166155376085027,5,2.732819677261637
New Mexico|2018,2018,-0.9462321654127954,1.531180329672177,0.5591850477327522,8,2.4774124950849723
New Mexico|2019,2019,-1.0295007932490157,1.1419420394585178,0.083204927312374,4,2.1714428327075335
New Mexico|2020,2020,-0.1313023779018046,-0.12191658816641915,-0.12660948303411187,2,0.009385789735385452
New Mexico|2021,2021,-1.0068734536553103,0.4266330156526383,-0.5578597870784292,9,1.4335064693079487
New Mexico|2022,2022,-0.9376603589761741,2.4161612586681405,0.14309811212124982,5,3.3538216176443143
New Mexico|2023,2023,-0.9090393110370949,0.7162196797589888,-0.4314940767044184,9,1.6252589907960837
New Mexico|2024,2024,-0.9836205734563195,2.817316505865628,-0.044934289543911377,18,3.8009370793219475
North Carolina|2016,2016,-1.05805320557877,1.3400807254753384,-0.04798645942419716,4,2.398133931054108
North Carolina|2017,2017,-1.0822443807275592,1.0935257220323054,-0.3569876798076044,3,2.1757701027598646
North Carolina|2018,2018,-1.0305420147219702,1.1031457101025222,-0.2506759086121063,4,2.133687724824492
North Carolina|2019,2019,-0.9596590647116386,1.9863920299558917,0.04669675103147247,4,2.9460510946675305
North Carolina|2020,2020,-0.8540081875264893,-0.6569066030833935,-0.7554573953049415,2,0.19710158444309578
North Carolina|2021,2021,-1.0000472323728917,-0.3037726615661737,-0.7110705314171625,3,0.696274570806718
North Carolina|2023,2023,-0.901815937744668,1.6408114611896496,0.22936431984940636,5,2.5426273989343176
North Carolina|2024,2024,-0.9539257525241168,1.8596585308020908,0.0905324683412442,13,2.8135842833262075
North Texas|2016,2016,-1.05805320557877,1.0984083138187228,-0.36897699593221484,5,2.1564615193974928
North Texas|2017,2017,-0.7218005384028829,2.2731601150948824,0.8554143352844887,3,2.994960653497765
North Texas|2018,2018,-1.0370273877457528,2.2316006162407036,0.3236038726438475,5,3.268628003986456
North Texas|2019,2019,-0.9660083127604912,1.3451179770217958,0.35780990542524194,6,2.311126289782287
North Texas|2020,2020,-0.8352366080557183,1.6332260923506725,-0.29242510169258934,6,2.468462700406391
North Texas|2021,2021,-1.0068734536553103,0.7611178584911596,-0.39251353823761814,3,1.7679913121464699
North Texas|2022,2022,-0.9307113056275544,1.1401065922611096,-0.14199375055922098,4,2.0708178978886638
North Texas|2023,2023,-0.9307094309143761,1.4457803822941195,-0.07112800911555842,9,2.3764898132084955
North Texas|2024,2024,-0.9093835211258126,2.342199370950385,0.09652853795255442,14,3.2515828920761978
Northern Illinois|2016,2016,-1.051856477074754,1.377261096499433,-0.4011999841530969,4,2.429117573574187
Northern Illinois|2017,2017,-1.0625838075098497,1.2442567833680793,-0.1647509639011104,6,2.306840590877929
Northern Illinois|2018,2018,-0.9981151496030567,0.8891284003176946,-0.2814814304750738,4,1.8872435499207514
Northern Illinois|2019,2019,-1.0231515452001632,1.6498818833667128,-0.1642714455008516,11,2.673033428566876
Northern Illinois|2020,2020,-0.9103229259388025,-0.863393977261875,-0.8790369601541842,3,0.04692894867692754
Northern Illinois|2021,2021,-1.0068734536553103,1.1433862503066126,-0.3259578807340348,4,2.1502597039619227
Northern Illinois|2022,2022,0.2923220837295089,0.3826597772615648,0.33749093049553686,2,0.0903376935320559
Northern Illinois|2023,2023,-0.9307094309143761,-0.8006887116506893,-0.8656990712825328,2,0.13002071926368675
Northern Illinois|2024,2024,-0.9836205734563195,1.7408792470732795,-0.1407825726639657,15,2.7244998205295987
Northwestern|2016,2016,-1.05805320557877,-0.8783480789623123,-0.9609711256825225,3,0.17970512661645766
Northwestern|2017,2017,-0.8594245509268504,1.9848050412351415,0.6839304466633548,4,2.844229592161992
Northwestern|2018,2018,-0.13556053743996416,1.4533558533867852,0.6794346725487223,3,1.5889163908267494
Northwestern|2019,2019,-0.9977545530047534,1.3578164731195006,-0.26378147855741163,5,2.355571026124254
Northwestern|2020,2020,-0.8821655567326461,1.2484087131998662,0.25351500124900145,3,2.130574269932512
Northwestern|2021,2021,-1.0068734536553103,-0.15359579335295995,-0.7201721597937206,3,0.8532776603023504
Northwestern|2022,2022,-0.9307113056275544,1.3416291393710802,0.20545891687176288,2,2.2723404449986346
Northwestern|2023,2023,-0.9307094309143761,-0.26615908801108845,-0.5984342594627323,2,0.6645503429032876
Northwestern|2024,2024,-0.9910442786893701,1.9635904040648,0.28150252667606707,12,2.95463468275417
Notre Dame|2016,2016,-1.0208728345546754,0.8691293591701389,-0.22562600987264966,3,1.8900021937248144
Notre Dame|2018,2018,-0.7322148556279681,1.7646537585283526,0.25140005297906737,3,2.4968686141563206
Notre Dame|2019,2019,-0.9914053049559008,1.332419480924091,0.03928929497447806,6,2.323824785879992
Notre Dame|2020,2020,-0.9103229259388025,2.327774532769201,0.9105202827259878,3,3.2380974587080034
Notre Dame|2022,2022,-0.9376603589761741,0.3896088306101844,-0.044707003678545465,4,1.3272691895863584
Notre Dame|2023,2023,-0.901815937744668,0.9040273853620918,-0.06679398514010218,5,1.8058433231067599
Notre Dame|2024,2024,-0.9093835211258126,2.819766328592534,0.31888441762220726,14,3.729149849718347
Ohio State|2016,2016,-0.8721513504582964,2.304043811560033,0.7631033344664286,4,3.1761951620183293
Ohio State|2017,2017,0.27433517129440455,1.6636823453458844,0.977746790861349,3,1.3893471740514798
Ohio State|2019,2019,-0.17870155470278892,1.1927360238493374,0.619716387440405,4,1.3714375785521264
Ohio State|2021,2021,-0.9659161259607978,0.003407296142672386,-0.5768215128629258,3,0.9693234221034702
Ohio State|2022,2022,-0.36088893104074066,1.1053613255180113,0.29463843484571556,3,1.4662502565587519
Ohio State|2024,2024,-0.9910442786893701,2.6614186959715638,0.25385398346835913,13,3.652462974660934
Ohio|2016,2016,-1.0208728345546754,2.058901231941169,-0.24008504304868658,6,3.0797740664958444
Ohio|2017,2017,-1.0822443807275592,2.3714629811834307,0.00236390844942147,4,3.4537073619109897
Ohio|2018,2018,-0.9073199272700997,1.2977069008160016,0.026573788154602058,3,2.205026828086101
Ohio|2019,2019,-0.921563576418524,2.2403619519099895,0.4514613141458155,4,3.1619255283285135
Ohio|2020,2020,-0.8258508183203328,-0.5442771262587672,-0.68506397228955,2,0.2815736920615656
Ohio|2021,2021,-0.9727423472432164,0.6314196541252024,-0.17634986429435603,6,1.6041620013684188
Ohio|2022,2022,-0.9307113056275544,1.5570497931782905,0.11561758429318002,7,2.487761098805845
Ohio|2023,2023,-0.937932804206803,1.4602271288789739,-0.08763857664110593,7,2.398159933085777
Ohio|2024,2024,-0.9910442786893701,1.8893533517342933,-0.09364932257647919,17,2.8803976304236634
Oklahoma State|2016,2016,-1.051856477074754,2.304043811560033,0.2489111966602069,5,3.3559002886347873
Oklahoma State|2017,2017,-1.0822443807275592,1.9979120900469478,-0.13198334187159438,8,3.080156470774507
Oklahoma State|2018,2018,-1.0305420147219702,1.609004805957569,-0.27337471419534554,4,2.639546820679539
Oklahoma State|2019,2019,-1.0295007932490157,0.9705123421395021,-0.590132828268427,5,2.0000131353885178
Oklahoma State|2021,2021,-1.0000472323728917,1.8328345998309115,0.27304303679821507,4,2.832881832203803
Oklahoma State|2022,2022,-0.9376603589761741,2.4161612586681405,0.42892309993000005,4,3.3538216176443143
Oklahoma State|2024,2024,-0.9836205734563195,2.193725266289371,0.012465993401833412,17,3.1773458397456906
Oklahoma|2016,2016,-1.051856477074754,0.9558835582263598,-0.48671483750851463,5,2.007740035301114
Oklahoma|2017,2017,-1.0232626610744306,1.1787215393090473,0.2890806012076867,4,2.201984200383478
Oklahoma|2019,2019,-1.0231515452001632,0.983210838237207,-0.3035700996635536,3,2.00636238343737
Oklahoma|2020,2020,-0.6287492338772369,1.3798097694952633,0.6352037838213458,3,2.0085590033725005
Oklahoma|2021,2021,-0.9590899046783787,1.1092551438945184,-0.38227420631399,4,2.068345048572897
Oklahoma|2022,2022,0.2506277636377909,1.1887499657014473,0.838980947154257,3,0.9381222020636564
Oklahoma|2023,2023,0.18891342941181488,0.5428587207407398,0.36588607507627735,2,0.35394529132892494
Oklahoma|2024,2024,-0.9910442786893701,1.6592184895097224,-0.13632834952413522,15,2.6502627681990925
Old Dominion|2016,2016,-1.05805320557877,-0.08516683044829186,-0.7869463335280794,4,0.972886375130478
Old Dominion|2017,2017,-1.0822443807275592,1.1590609660913376,-0.0280631691494149,7,2.241305346818897
Old Dominion|2018,2018,-1.0305420147219702,1.7322268934094394,-0.1582593430232035,10,2.7627689081314095
Old Dominion|2019,2019,-0.9977545530047534,1.2181330160447472,0.001617089884620282,5,2.2158875690495003
Old Dominion|2021,2021,-1.0000472323728917,1.1979960205659632,-0.04535142730317617,7,2.198043252938855
Old Dominion|2022,2022,-0.9376603589761741,2.126872167765104,0.03173258315627106,8,3.064532526741278
Old Dominion|2023,2023,-0.937932804206803,0.759559919513551,-0.2974603722782723,3,1.6974927237203539
Old Dominion|2024,2024,-0.9910442786893701,2.468402359912247,-0.026375026461284628,18,3.4594466386016167
Ole Miss|2016,2016,-0.7172331378579019,0.3981779928649392,-0.14341607838604026,5,1.1154111307228411
Ole Miss|2017,2017,-0.8725315997386568,0.6151184404013713,-0.14727489881870182,3,1.487650040140028
Ole Miss|2018,2018,-0.8748930621511863,1.7905952506234832,0.05791975776955161,6,2.6654883127746696
Ole Miss|2019,2019,-1.0231515452001632,1.4467059458034348,-0.24536865921573958,6,2.469857491003598
Ole Miss|2020,2020,-0.9197087156741881,0.6195608009290368,-0.15007395737257567,2,1.5392695166032249
Ole Miss|2021,2021,0.0648432876844416,1.0409929310703305,0.6427966895959003,3,0.9761496433858889
Ole Miss|2022,2022,-0.9376603589761741,2.1407702744623434,0.980278365242857,3,3.0784306334385176
Ole Miss|2023,2023,-0.937932804206803,1.879182779839742,0.048960571871041095,8,2.817115584046545
Ole Miss|2024,2024,-0.9910442786893701,1.985861519763952,0.036396525564843886,15,2.976905798453322
Oregon State|2016,2016,-0.46936399769727044,1.6437204221721118,0.8526047498260967,3,2.113084419869382
Oregon State|2017,2017,-0.4137848913254322,-0.1778580127129168,-0.3056517386280293,4,0.23592687861251543
Oregon State|2018,2018,-1.0305420147219702,0.24707647096321214,-0.4455613679767749,5,1.2776184856851822
Oregon State|2019,2019,-1.0231515452001632,0.9387661018952399,-0.22822568948383798,5,1.9619176470954032
Oregon State|2020,2020,-0.9103229259388025,1.0606929184921559,-0.006158514763331106,3,1.9710158444309585
Oregon State|2022,2022,-0.9029150922330756,1.7446742335910217,0.8899406717108013,4,2.6475893258240975
Oregon State|2023,2023,-0.9090393110370949,2.2114579512913854,0.38033282166113136,4,3.12049726232848
Oregon State|2024,2024,-0.9910442786893701,2.3941653075817393,-0.2098084750465663,17,3.3852095862711096
Oregon|2016,2016,-1.051856477074754,-0.4383803551771916,-0.7451184161259728,2,0.6134761218975624
Oregon|2017,2017,-0.9052992217681728,1.3687737470802401,0.4949704929598125,3,2.274072968848413
Oregon|2018,2018,-1.0370273877457528,1.4338997343154372,-0.377140682575868,4,2.47092712206119
Oregon|2019,2019,-1.0295007932490157,1.7514698521483516,0.4244770099381925,6,2.7809706453973675
Oregon|2020,2020,-0.9103229259388025,0.5444744830459525,0.04077043391359647,3,1.454797408984755
Oregon|2021,2021,-1.0068734536553103,2.3789323024244156,0.548367295189107,6,3.385805756079726
Oregon|2022,2022,-0.9307113056275544,1.8350119271230776,0.19225571550938564,5,2.765723232750632
Oregon|2023,2023,-0.937932804206803,2.088660605320126,0.4802561522063722,6,3.026593409526929
Oregon|2024,2024,-0.9910442786893701,1.3474228697215938,-0.19995568979240713,16,2.338467148410964
Penn State|2016,2016,-0.27726541407278116,1.4702120240596699,0.5964733049934443,2,1.7474774381324512
Penn State|2017,2017,-1.0822443807275592,1.3818807958920467,0.6478860624308873,5,2.464125176619606
Penn State|2018,2018,-0.8878638081987517,1.3949874961727415,0.5908012412236928,3,2.2828513043714933
Penn State|2019,2019,-0.9977545530047534,1.872105565076548,0.2101898882894227,4,2.8698601180813013
Penn State|2021,2021,-1.0000472323728917,1.6007430762286723,0.039244957875371134,4,2.600790308601564
Penn State|2022,2022,-0.7778321319579216,2.3214456615264547,0.6397747511604928,3,3.0992777934843763
Penn State|2023,2023,-0.9090393110370949,0.6801028132968535,0.037222590270847136,5,1.5891421243339483
Penn State|2024,2024,-0.8722649949605591,2.819766328592534,0.14771962535020947,16,3.6920313235530933
Pittsburgh|2016,2016,0.6398504045215548,1.8853928338287271,1.2615888310911385,3,1.2455424293071724
Pittsburgh|2017,2017,-1.0887979051334624,1.0410975267850797,0.22409148418247993,3,2.129895431918542
Pittsburgh|2018,2018,-1.0370273877457528,0.8177892970560854,-0.2025760586857183,3,1.8548166848018381
Pittsburgh|2019,2019,0.011775886762784077,1.027655574579174,0.5197157306709791,2,1.0158796878163898
Pittsburgh|2020,2020,0.8166623853721325,2.8346071784800184,1.7427269725968368,3,2.017944793107886
Pittsburgh|2021,2021,-1.0068734536553103,1.0136880459406554,0.0034072961426725445,2,2.0205614995959658
Pittsburgh|2022,2022,-0.7847811853065412,1.4667120996462346,0.6490401556253191,3,2.251493284952776
Pittsburgh|2023,2023,-0.728454978726419,1.315759663030433,0.32615752196792863,4,2.044214641756852
Pittsburgh|2024,2024,-0.9836205734563195,2.819766328592534,0.11208120041579549,14,3.8033869020488535
Purdue|2016,2016,-1.05805320557877,1.575556408627938,-0.32374087785289957,8,2.633609614206708
Purdue|2017,2017,-1.0822443807275592,1.3163455518330147,-0.26305382998965837,6,2.398589932560574
Purdue|2018,2018,-1.0370273877457528,1.6544024171240477,-0.20041426767779072,7,2.6914298048698004
Purdue|2019,2019,-1.0231515452001632,0.634002195550323,-0.19457467482492008,2,1.6571537407504862
Purdue|2020,2020,-0.9103229259388025,0.5914034317228801,-0.40114383279413823,4,1.5017263576616826
Purdue|2021,2021,-0.8362179215948404,0.6928556456669716,-0.07168113796393444,2,1.529073567261812
Purdue|2022,2022,-0.9029150922330756,1.0289217386831948,0.02594170536575463,6,1.9318368309162706
Purdue|2023,2023,-0.5839875128778782,2.319808550677791,0.6512093201271454,4,2.903796063555669
Purdue|2024,2024,-0.9836205734563195,2.819766328592534,-0.06820878381543527,14,3.8033869020488535
Rice|2016,2016,-0.9898891920345964,0.21847286624848147,-0.456970540689239,3,1.2083620582830779
Rice|2017,2017,-0.439998988949045,0.45128033025379105,-0.13416785000689538,3,0.8912793192028361
Rice|2018,2018,-0.9138053002938823,0.039544534202167324,-0.45550560661324163,6,0.9533498344960496
Rice|2019,2019,-0.9977545530047534,0.47527099432901193,-0.5964820763172793,5,1.4730255473337652
Rice|2021,2021,-0.9795685685256352,1.7099626167473732,-0.3693043858773942,5,2.689531185273008
Rice|2022,2022,-0.9307113056275544,0.6397747511604929,-0.2594327521508935,5,1.5704860567880474
Rice|2024,2024,-0.9910442786893701,1.5627103214800633,-0.23800217911179186,16,2.5537546001694333
Rutgers|2016,2016,-1.051856477074754,1.0736213998026594,-0.5945379134783894,5,2.1254778768774134
Rutgers|2017,2017,-0.5055342330080771,1.1918285881208535,0.3431471775563882,2,1.6973628211289307
Rutgers|2018,2018,-0.7840978398182293,1.7711391315521352,0.6005293007593666,4,2.5552369713703644
Rutgers|2019,2019,-0.9596590647116386,0.4498740021336023,-0.03425616159139602,4,1.409533066845241
Rutgers|2021,2021,-1.0000472323728917,0.399328130522963,-0.63279652737876,5,1.3993753628958547
Rutgers|2022,2022,-0.9376603589761741,2.258904181388878,0.44172673072483204,6,3.1965645403650518
Rutgers|2023,2023,-0.937932804206803,0.9545909984090811,-0.6159767374586265,7,1.8925238026158842
Rutgers|2024,2024,-0.9910442786893701,2.238267497687675,-0.09071380514772387,18,3.2293117763770454
SMU|2016,2016,-1.051856477074754,1.4888022095717173,0.1518580348303119,4,2.5406586866464713
SMU|2017,2017,-1.0494767586980434,-0.11232276865388471,-0.5808997636759641,2,0.9371539900441587
SMU|2018,2018,-1.0046005226268393,0.6815964635566497,-0.2094937899110864,5,1.686196986183489
SMU|2019,2019,-0.9914053049559008,2.302838552710698,0.22218996710175398,6,3.294243857666599
SMU|2020,2020,-0.9103229259388025,1.933571363883009,0.5601174659382617,3,2.8438942898218116
SMU|2021,2021,-1.0068734536553103,-0.9659161259607978,-0.9863947898080541,2,0.040957327694512546
SMU|2022,2022,-0.9307113056275544,1.5501007398296704,-0.16214600527021802,5,2.480812045457225
SMU|2023,2023,-0.9307094309143761,0.6439859468347183,-0.4431317336755509,8,1.5746953777490944
SMU|2024,2024,-0.9910442786893701,2.802469095399527,0.1061793547555203,15,3.7935133740888967
Sam Houston|2023,2023,-0.901815937744668,0.29004065550579355,-0.49369534672254023,6,1.1918565932504614
Sam Houston|2024,2024,-0.9836205734563195,2.819766328592534,0.27552025754243364,12,3.8033869020488535
San Diego State|2016,2016,-0.9465120925064857,2.176639073517469,0.14411212420029212,7,3.123151166023955
San Diego State|2017,2017,-1.0363697098862368,1.8602880775229806,0.0908364879291147,5,2.896657787409217
San Diego State|2018,2018,-1.0305420147219702,2.238085989264486,-0.01882382301187646,5,3.268628003986456
San Diego State|2019,2019,-1.0295007932490157,2.302838552710698,0.027395036962961222,4,3.3323393459597135
San Diego State|2020,2020,-0.9197087156741881,1.9147997844122382,0.4844054287394853,5,2.834508500086426
San Diego State|2021,2021,1.552959527251741,1.7713986082891422,1.6621790677704416,2,0.21843908103740128
San Diego State|2023,2023,-0.937932804206803,1.4024401425395574,0.5500820940331668,3,2.3403729467463603
San Diego State|2024,2024,-0.9836205734563195,1.3548465749546446,-0.07149465715549264,15,2.338467148410964
San José State|2016,2016,-0.38880652714506536,-0.35782288462498646,-0.3733147058850259,2,0.030983642520078902
San José State|2017,2017,-0.6038370990966253,2.030679712076464,0.7094891918463776,5,2.6345168111730892
San José State|2018,2018,0.4092107965577784,1.959214949241832,1.1842128728998051,2,1.5500041526840536
San José State|2019,2019,-0.9660083127604912,0.7292409162831095,-0.07923000193743417,3,1.6952492290436005
San José State|2020,2020,-0.8727797669972606,1.661383461556829,0.39430184727978423,2,2.53416322855409
San José State|2021,2021,-1.0000472323728917,1.5666119698165784,-0.33010237222693195,7,2.56665920218947
San José State|2022,2022,-0.9029150922330756,1.1887499657014473,-0.17326449062800953,3,2.091665057934523
San José State|2023,2023,-0.9307094309143761,1.7491620605760552,0.3550510151376368,5,2.6798714914904314
San José State|2024,2024,-0.9910442786893701,2.819766328592534,0.3658420045445503,12,3.810810607281904
South Alabama|2016,2016,-0.9217251784904227,1.4702120240596699,0.08958091336495322,5,2.3919372025500927
South Alabama|2017,2017,-1.0822443807275592,2.4324107581583285,-0.4276565179845944,6,3.514655138885888
South Alabama|2018,2018,-1.0046005226268393,1.0772042180073913,-0.3463351607129004,8,2.0818047406342304
South Alabama|2019,2019,-0.7437846310506558,1.262577752386714,0.16796738876455414,5,2.00636238343737
South Alabama|2020,2020,-0.9103229259388025,1.0231497595506138,-0.2570719603559706,5,1.9334726854894164
South Alabama|2021,2021,-0.9454374621135413,0.9795569395285614,-0.21893248277039717,7,1.9249944016421026
South Alabama|2022,2022,-0.9376603589761741,0.6397747511604929,-0.4106904800391818,6,1.5774351101366668
South Alabama|2023,2023,-0.937932804206803,0.9834844915787895,-0.25315701608471974,5,1.9214172957855924
South Alabama|2024,2024,-0.9910442786893701,2.780197979700375,0.135874175687723,15,3.771242258389745
South Carolina|2016,2016,-1.05805320557877,-0.4569705406892389,-0.7812659990660649,3,0.601082664889531
South Carolina|2017,2017,0.6872072088663065,1.807859882275755,1.1918285881208535,3,1.1206526734094484
South Carolina|2018,2018,-1.0305420147219702,1.0642334719598263,-0.15316369279023143,7,2.0947754866817965
South Carolina|2019,2019,-1.0231515452001632,0.9514645979929448,-0.36494616413579384,3,1.974616143193108
South Carolina|2020,2020,-0.22516027525565974,0.5257029035751815,0.15027131415976086,2,0.7508631788308412
South Carolina|2021,2021,-0.6996934959464643,2.447194515248604,0.8737505096510698,2,3.146888011195068
South Carolina|2022,2022,-0.9307113056275544,0.9524821518483784,-0.10261578158370945,6,1.8831934574759328
South Carolina|2023,2023,-0.8584756979901056,0.9184741319469459,-0.4380753723708519,5,1.7769498299370516
South Carolina|2024,2024,-0.9836205734563195,2.819766328592534,-0.06143306199629799,15,3.8033869020488535
South Florida|2016,2016,-1.05805320557877,1.2967036259472278,-0.5057697776583632,8,2.3547568315259975
South Florida|2017,2017,-1.0560302831039465,1.6898964429694974,0.02311673573478164,6,2.745926726073444
South Florida|2018,2018,-0.9332614193652303,2.261952161992005,0.5136067726034683,7,3.1952135813572355
South Florida|2019,2019,-0.9914053049559008,1.4721029379988446,-0.07711358592114996,3,2.4635082429547452
South Florida|2020,2020,-0.9103229259388025,0.7509618572244339,-0.2204673803879671,4,1.6612847831632362
South Florida|2021,2021,-0.9659161259607978,1.266258233390151,-0.0894293132982233,5,2.2321743593509487
South Florida|2022,2022,-0.527666211407613,1.021972685334575,0.3461772471813114,4,1.549638896742188
South Florida|2023,2023,-0.937932804206803,2.262021564338375,0.02819337365531334,8,3.199954368545178
South Florida|2024,2024,-0.9910442786893701,1.688913310441925,-0.005438236866112295,17,2.679957589131295
Southern Miss|2016,2016,-1.0208728345546754,0.7575882460978547,-0.37641307013703373,4,1.77846108065253
Southern Miss|2017,2017,-1.0822443807275592,2.4324107581583285,0.3888762145220237,9,3.514655138885888
Southern Miss|2018,2018,-1.0370273877457528,0.5389182570334314,-0.4572350394195837,5,1.5759456447791842
Southern Miss|2019,2019,-1.0295007932490157,1.4403566977545825,-0.1638866425888,6,2.469857491003598
Southern Miss|2020,2020,0.8166623853721325,2.731363491390778,1.7740129383814551,2,1.9147011060186454
Southern Miss|2021,2021,-1.0068734536553103,-0.20820556361231046,-0.7429262307351167,6,0.7986678900429999
Southern Miss|2022,2022,-0.9307113056275544,2.3422928215723138,-0.038452855664787754,10,3.273004127199868
Southern Miss|2023,2023,-0.937932804206803,1.4746738754638278,0.13834981636482568,5,2.4126066796706307
Southern Miss|2024,2024,-0.9836205734563195,0.9168479662046545,-0.20215186925718462,15,1.900468539660974
Stanford|2018,2018,0.24059109793942948,1.2133970515068273,0.7269940747231284,2,0.9728059535673979
Stanford|2019,2019,-1.0231515452001632,0.8435273811624533,-0.21044779494705118,4,1.8666789263626165
Stanford|2020,2020,-0.8727797669972606,1.1639366055813967,0.14557841929206805,2,2.036716372578657
Stanford|2021,2021,-0.9795685685256352,0.33106591769877497,-0.32425132541343016,2,1.3106344862244101
Stanford|2022,2022,0.19503533684883348,0.9663802585456176,0.5581233743142116,4,0.7713449216967841
Stanford|2023,2023,-0.8729224445749597,-0.4756369134914726,-0.6923381122642839,3,0.39728553108348713
Stanford|2024,2024,-0.924230931591914,1.8745059412681917,0.03057177222814254,13,2.798736872860106
Syracuse|2017,2017,-0.944620368203592,-0.1647509639011103,-0.5743462392700608,4,0.7798694043024816
Syracuse|2018,2018,-1.0370273877457528,-0.8684076891274037,-0.9916297765792742,4,0.16861969861834902
Syracuse|2019,2019,-1.0295007932490157,1.319720984826386,0.11018923151999682,6,2.3492217780754014
Syracuse|2020,2020,-0.9103229259388025,2.3747034814461285,0.08769938259052412,6,3.285026407384931
Syracuse|2021,2021,-1.0068734536553103,-0.849870364159678,-0.9317850195487036,3,0.15700308949563235
Syracuse|2022,2022,-0.7778321319579216,0.6119785377660141,-0.3052965042517834,4,1.3898106697239356
Syracuse|2023,2023,-0.9307094309143761,1.4096635158319843,0.22683613919705686,4,2.3403729467463603
Syracuse|2024,2024,-0.9836205734563195,2.5500631174758035,0.13735891673433306,16,3.533683690932123
TCU|2016,2016,-1.05805320557877,1.9287699333568376,-0.029396273912149978,3,2.9868231389356072
TCU|2017,2017,-0.8725315997386568,1.3753272714861435,0.42288172449487726,3,2.2478588712248
TCU|2018,2018,-0.9332614193652303,1.5441510757197423,0.14817453235052672,4,2.4774124950849727
TCU|2019,2019,-0.9723575608093434,0.9324168538463874,0.08415731451970192,5,1.9047744146557308
TCU|2020,2020,1.0043781800798428,2.1400587380614904,1.5722184590706667,2,1.1356805579816476
TCU|2021,2021,-0.9659161259607978,1.136560029024194,-0.033454298782389105,5,2.1024761549849917
TCU|2022,2022,-0.8334245587468788,1.3763744061141787,-0.247966814125671,4,2.2097989648610574
TCU|2023,2023,-0.9307094309143761,1.5541309816805249,0.17446668282696073,7,2.484840412594901
TCU|2024,2024,-0.9539257525241168,1.8596585308020908,0.07846418855213108,15,2.8135842833262075
Temple|2016,2016,-0.9589055495145176,1.8358190057966006,-0.12234720147238672,5,2.7947245553111184
Temple|2017,2017,-0.1581974394952071,1.8865021751465934,0.859783351555091,3,2.0446996146418006
Temple|2018,2018,0.22762035189186416,2.261952161992005,1.0021035983919881,4,2.034331810100141
Temple|2019,2019,-1.0041038010536056,1.376864217266058,-0.11611610964981497,7,2.3809680183196633
Temple|2020,2020,-0.863393977261875,-0.6850639722895501,-0.7538930970157106,3,0.17833000497232487
Temple|2021,2021,-1.0000472323728917,1.44373998673304,-0.3905631892997842,7,2.443787219105932
Temple|2022,2022,-0.9307113056275544,0.47994652414224026,-0.2751839397410981,6,1.4106578297697947
Temple|2023,2023,-0.9307094309143761,2.399265656894489,0.020608831698264975,10,3.3299750878088648
Temple|2024,2024,-0.9836205734563195,1.5552866162470127,0.17076559028306115,12,2.538907189703332
Tennessee|2016,2016,-1.05805320557877,0.0573579251440711,-0.4213393517911481,4,1.115411130722841
Tennessee|2017,2017,-0.7873357824619152,1.2245962101503696,0.28088869570030767,4,2.0119319926122845
Tennessee|2018,2018,-0.771127093770664,0.19519348677295092,-0.39065187637541515,3,0.9663205805436149
Tennessee|2019,2019,-0.9660083127604912,1.8848040611742531,0.459397874206881,2,2.8508123739347444
Tennessee|2020,2020,-0.5630487057295384,1.3985813489660346,0.4177663216182481,2,1.961630054695573
Tennessee|2021,2021,-0.8430441428772593,2.447194515248604,1.0751240374824242,3,3.290238658125863
Tennessee|2022,2022,-0.9307113056275544,1.2026480723986868,-0.47068397394893174,5,2.133359378026241
Tennessee|2023,2023,-0.8079120849431164,1.7780555537457634,0.43306344669584884,5,2.5859676386888797
Tennessee|2024,2024,-0.9836205734563195,2.07494598256056,-0.1399383081472658,17,3.0585665560168795
Texas A&M|2016,2016,-1.05805320557877,2.304043811560033,-0.3261452085124577,5,3.3620970171388027
Texas A&M|2017,2017,-0.656265294343851,2.4324107581583285,0.46941174777678923,3,3.0886760525021795
Texas A&M|2018,2018,-1.0046005226268393,1.420928988267872,0.4567701987321846,3,2.4255295108947115
Texas A&M|2019,2019,-1.0295007932490157,0.5959067072572083,-0.4771162129988536,7,1.625407500506224
Texas A&M|2021,2021,-1.0000472323728917,1.5734381910989972,-0.2491628913068233,4,2.573485423471889
Texas A&M|2022,2022,-0.9376603589761741,1.4458649396003755,-0.0047499469239822845,4,2.38352529857655
Texas A&M|2023,2023,-0.937932804206803,1.3446531562001411,0.30015337811519127,5,2.2825859604069443
Texas A&M|2024,2024,-0.9836205734563195,1.5404392057809113,-0.0807124244865306,16,2.5240597792372306
Texas State|2016,2016,-1.002282649042628,1.3834578250034488,0.1890384058544065,4,2.385740474046077
Texas State|2017,2017,-1.0560302831039465,0.05806886589959867,-0.6225614545420629,7,1.1140991490035452
Texas State|2018,2018,-1.0110858956506221,0.6556549714615192,-0.4948502029575231,5,1.6667408671121413
Texas State|2019,2019,0.34828603335196334,0.9895600862860593,0.6644785861848146,5,0.6412740529340959
Texas State|2020,2020,-0.9103229259388025,2.4028608506522846,-0.09939069280149386,5,3.313183776591087
Texas State|2021,2021,-1.0068734536553103,1.1297338077417751,0.07849573024927933,5,2.1366072613970855
Texas State|2022,2022,-0.8681698254899773,-0.26360218416006526,-0.5763095848479508,3,0.6045676413299121
Texas State|2023,2023,-0.937932804206803,2.442605896649051,0.034126858859807006,7,3.380538700855854
Texas State|2024,2024,-0.9836205734563195,1.5998288476453169,-0.20454395205450093,18,2.583449421101636
Texas Tech|2016,2016,-1.051856477074754,1.2719167119311647,-0.24185553690697667,7,2.3237731890059186
Texas Tech|2017,2017,-1.0887979051334624,0.5692437695600487,-0.5280034595426024,7,1.6580416746935112
Texas Tech|2018,2018,-0.9981151496030567,0.9085845193890425,-0.033956360067369386,6,1.9066996689920992
Texas Tech|2019,2019,-0.7691816232460655,1.7451206040994995,0.487969490426717,2,2.5143022273455653
Texas Tech|2020,2020,-0.9103229259388025,2.787678229803091,0.4675110072157912,5,3.6980011557418933
Texas Tech|2021,2021,-0.9317850195487037,1.9352279190671935,0.3549576921872407,4,2.8670129386158973
Texas Tech|2022,2022,-0.9376603589761741,1.9670439407468512,0.008569071994205387,6,2.9047042997230252
Texas Tech|2023,2023,-0.9307094309143761,2.4353825233566235,0.6483199708101746,5,3.3660919542709995
Texas Tech|2024,2024,-0.9910442786893701,2.2085726767554723,-0.21116450789099347,19,3.199616955444842
Texas|2016,2016,-0.6366756673056966,0.6460471330255707,-0.16572430100049704,3,1.2827228003312672
Texas|2017,2017,-0.0926621954361751,2.4324107581583285,0.9940759891727238,4,2.5250729535945036
Texas|2018,2018,-1.0305420147219702,2.07595166366992,0.8858857138058034,4,3.1064936783918897
Texas|2019,2019,-1.0231515452001632,2.0816307506886784,-0.2993372676309853,5,3.1047822958888416
Texas|2020,2020,-0.9103229259388025,1.9147997844122382,0.9042630895690641,3,2.8251227103510406
Texas|2021,2021,-1.0000472323728917,0.8976422841395356,0.1699670954336912,5,1.8976895165124272
Texas|2022,2022,-0.9376603589761741,1.1748518590042079,0.25989316810261703,3,2.112512217980382
Texas|2023,2023,-0.937932804206803,0.5211886008634586,-0.44915121141924014,3,1.4591214050702617
Texas|2024,2024,-0.9836205734563195,2.6465712855054626,0.24277553104365274,15,3.630191858961782
Toledo|2016,2016,-1.027069563058691,2.083688145957232,0.24078108886293825,5,3.110757709015923
Toledo|2017,2017,-1.0494767586980434,0.6282254892131777,-0.3128606154745229,5,1.677702247911221
Toledo|2018,2018,-1.0305420147219702,1.3690460040776107,-0.09535122469251182,5,2.399588018799581
Toledo|2019,2019,-0.9723575608093434,1.2943239926309762,0.0943161113978658,4,2.2666815534403195
Toledo|2021,2021,-1.0068734536553103,1.0136880459406554,-0.3879627240493389,6,2.0205614995959658
Toledo|2022,2022,-0.8751188788385968,-0.6874944384258657,-0.7778321319579214,4,0.18762444041273119
Toledo|2023,2023,-0.937932804206803,1.6624815810669307,0.4695930773461227,7,2.6004143852737336
Toledo|2024,2024,-0.9910442786893701,2.819766328592534,0.1553391308087818,15,3.810810607281904
Troy|2016,2016,-0.6614625813217597,0.6460471330255707,-0.010806088400102451,3,1.3075097143473304
Troy|2017,2017,-0.5972835746907221,0.7855100749548546,0.10175902860562001,6,1.3827936496455768
Troy|2018,2018,0.22113497886808156,1.271765408720871,0.6426842254139539,3,1.0506304298527893
Troy|2019,2019,-0.8834680881254093,0.9197183577486826,-0.18505080275164135,6,1.803186445874092
Troy|2020,2020,-0.8727797669972606,1.1076218671690836,-0.1571132996741148,4,1.9804016341663442
Troy|2021,2021,-1.0068734536553103,0.5631574413010144,-0.3856873169551993,3,1.5700308949563246
Troy|2022,2022,-0.8820679321872167,2.3909361950126513,0.3015874881943351,6,3.2730041271998678
Troy|2023,2023,0.1672433095345338,2.095883978612553,1.4269996117338093,5,1.9286406690780191
Troy|2024,2024,-0.9910442786893701,1.8151162994037868,-0.05194556670845919,14,2.8061605780931567
Tulane|2016,2016,-1.051856477074754,0.06975138215210268,-0.4910525474613257,2,1.1216078592268568
Tulane|2017,2017,-1.0822443807275592,1.768538735840336,0.40868242161542034,4,2.850783116567895
Tulane|2018,2018,-0.22635575977292133,2.0370394255272237,1.1226018291738702,3,2.263395185300145
Tulane|2019,2019,-0.9596590647116386,1.8911533092231056,-0.15647918653180537,8,2.8508123739347444
Tulane|2020,2020,-0.8727797669972606,2.365317691710743,0.8260481751075179,3,3.238097458708004
Tulane|2021,2021,-1.0000472323728917,1.2184746844132197,0.08668719578818189,5,2.2185219167861114
Tulane|2022,2022,-0.9307113056275544,1.7655213936368808,0.19503533684883337,6,2.696232699264435
Tulane|2023,2023,-0.8151354582355433,1.9297463928867309,0.3812357433226848,8,2.7448818511222743
Tulane|2024,2024,-0.9836205734563195,1.0504746603995667,-0.12205833835393781,18,2.0340952338558864
Tulsa|2016,2016,-0.9651022780185331,1.1417854133468333,-0.3314867884829193,4,2.1068876913653662
Tulsa|2017,2017,-0.8987456973622696,0.0973900123350179,-0.4574750540314536,3,0.9961357096972875
Tulsa|2018,2018,-1.0370273877457528,1.6608877901478303,-0.37737230304100305,7,2.697915177893583
Tulsa|2019,2019,-0.934262072516229,1.2498792562890093,0.5657477790251593,4,2.1841413288052385
Tulsa|2020,2020,-0.9103229259388025,-0.3096323828741295,-0.609977654406466,2,0.600690543064673
Tulsa|2021,2021,-0.8089130364651651,1.136560029024194,0.279869258080634,4,1.945473065489359
Tulsa|2022,2022,-0.9307113056275544,2.4161612586681405,0.4146601679319583,6,3.346872564295695
Tulsa|2023,2023,-0.8584756979901056,2.6159668556673,0.023807754156339813,7,3.4744425536574055
Tulsa|2024,2024,-0.9910442786893701,1.295456933090239,-0.02755339237129268,14,2.2865012117796093
UAB|2017,2017,-1.0887979051334624,2.017572663264658,0.5705544744412294,5,3.10637056839812
UAB|2018,2018,-0.8165247049371426,1.070718844983609,0.1549841740254986,5,1.8872435499207514
UAB|2019,2019,-1.0231515452001632,-0.0009226093349207939,-0.6199742940980334,4,1.0222289358652423
UAB|2020,2020,-0.8727797669972606,0.7509618572244339,-0.06090895488641335,2,1.6237416242216944
UAB|2021,2021,-0.9727423472432164,0.5153738923240826,-0.36862176374915234,4,1.488116239567299
UAB|2022,2022,-0.895966038884456,1.216546179095926,0.1384501881529303,7,2.112512217980382
UAB|2023,2023,-0.9307094309143761,1.7491620605760552,0.1925251160580285,6,2.6798714914904314
UAB|2024,2024,-0.9910442786893701,1.4736258586834552,-0.25321046413783316,18,2.464670137372825
UCF|2016,2016,-0.9279219069944386,1.594146594139986,0.5079486120789332,7,2.5220685011344246
UCF|2017,2017,-1.0232626610744306,1.8144134066816582,-0.30729011972950515,4,2.837676067756089
UCF|2018,2018,-1.0110858956506221,1.9138173380753538,0.3621918421353544,4,2.924903233725976
UCF|2019,2019,-1.0231515452001632,0.519715730670979,-0.47348807125665215,7,1.5428672758711421
UCF|2020,2020,0.37553026780901316,3.0084320043793538,1.58166682073762,3,2.6329017365703407
UCF|2021,2021,-1.0000472323728917,-0.023897588987002814,-0.7258606775290697,6,0.9761496433858889
UCF|2022,2022,-0.8612207721413575,0.8343482449218438,0.14870831452470226,3,1.6955690170632014
UCF|2023,2023,-0.937932804206803,0.5139652275710317,-0.2499064981031276,4,1.4518980317778347
UCF|2024,2024,-0.9836205734563195,1.2583384069249854,-0.2214535028631164,15,2.241958980381305
UCLA|2016,2016,-1.051856477074754,1.693294250204238,-0.0376585785841709,6,2.7451507272789923
UCLA|2017,2017,-0.9511738926094954,1.7292175894049164,-0.06382668805020104,5,2.6803914820144117
UCLA|2018,2018,-0.9721736575079261,2.261952161992005,0.5144467828236913,3,3.234125819499931
UCLA|2021,2021,-1.0068734536553103,1.5256546421220656,0.422537282883187,5,2.532528095777376
UCLA|2022,2022,0.5633351643256763,1.890604353912035,1.174851859004208,3,1.3272691895863586
UCLA|2023,2023,-0.937932804206803,1.0701649710879135,-0.4114291508921211,9,2.0080977752947167
UCLA|2024,2024,-0.9465020472910659,1.6072525528783674,-0.03400494572858668,12,2.5537546001694333
UConn|2016,2016,-1.051856477074754,2.304043811560033,0.27865549347948276,5,3.3559002886347873
UConn|2017,2017,-1.0494767586980434,1.3818807958920467,0.12360410995863073,5,2.43135755459009
UConn|2018,2018,-1.0305420147219702,-0.13556053743996416,-0.6500667973267212,3,0.8949814772820059
UConn|2019,2019,-0.9914053049559008,0.5070172345732742,-0.4390207247057389,6,1.498422539529175
UConn|2021,2021,-1.0068734536553103,-0.23551044874198568,-0.706519717228883,3,0.7713630049133247
UConn|2022,2022,-0.9376603589761741,0.9663802585456176,-0.3608889310407408,4,1.9040406175217917
UConn|2023,2023,-0.937932804206803,1.5758011015578064,-0.03260335155594755,6,2.5137339057646093
UConn|2024,2024,-0.9836205734563195,1.7928451837046346,0.3843658363067466,11,2.7764657571609543
UL Monroe|2016,2016,-1.05805320557877,1.3029003544512436,0.08937435574815274,6,2.3609535600300138
UL Monroe|2017,2017,-0.35480317167230335,2.161750200194528,0.702498765813414,3,2.5165533718668316
UL Monroe|2018,2018,-1.0370273877457528,1.4792973454819158,-0.42884351751546856,9,2.516324733227669
UL Monroe|2019,2019,-1.0231515452001632,-0.3120357637286901,-0.6813503585702735,6,0.711115781471473
UL Monroe|2020,2020,-0.8352366080557183,-0.08437342922487702,-0.46248667285040784,7,0.7508631788308413
UL Monroe|2021,2021,-0.8635228067245154,0.6382458754076212,0.17269758394665882,5,1.5017686821321368
UL Monroe|2022,2022,-0.9376603589761741,0.4938446308394796,-0.49755364689692777,12,1.4315049898156538
UL Monroe|2023,2023,-0.728454978726419,0.2611471623360853,-0.28638453322988416,5,0.9896021410625042
UL Monroe|2024,2024,-0.9168072263588631,2.7653505692342732,0.23262980055848348,12,3.6821577955931364
UNLV|2016,2016,-0.8721513504582964,2.304043811560033,0.7870846737769698,6,3.1761951620183293
UNLV|2017,2017,0.5692437695600487,0.8641523678256929,0.7166980686928708,2,0.2949085982656442
UNLV|2018,2018,-1.0370273877457528,2.261952161992005,-0.22499383143792712,8,3.2989795497377576
UNLV|2019,2019,-0.9977545530047534,2.132424735079498,-0.07005886586686953,9,3.1301792880842516
UNLV|2020,2020,-0.9197087156741881,-0.34717554181567145,-0.6334421287449298,2,0.5725331738585167
UNLV|2021,2021,-1.0000472323728917,0.41980679437021945,-0.608027095868269,7,1.4198540267431112
UNLV|2022,2022,-0.9098641455816953,1.3485781927196998,-0.1385192238849111,3,2.258442338301395
UNLV|2023,2023,-0.7573484718961271,1.4313336357092654,-0.13830538073512988,10,2.1886821076053926
UNLV|2024,2024,-0.9836205734563195,2.780197979700375,0.21555527852246692,15,3.7638185531566943
USC|2016,2016,-0.9898891920345964,1.8791961053247113,0.6212602190095073,3,2.8690852973593075
USC|2017,2017,-1.0822443807275592,1.9585909436115287,0.21753795977657675,3,3.040835324339088
USC|2018,2018,-0.5635951570096192,0.8567015351987813,0.35992196157703027,5,1.4202966922084004
USC|2019,2019,-1.0231515452001632,-0.5850534298293449,-0.8263248556857375,3,0.4380981153708182
USC|2020,2020,-0.8727797669972606,2.7407492811261633,0.669618346184426,3,3.613529048123424
USC|2021,2021,-0.6519099469695326,0.8839898415746981,0.3064915210820673,5,1.5358997885442307
USC|2022,2022,-0.8681698254899773,1.7863685536827398,0.45909936409638125,2,2.6545383791727173
USC|2023,2023,0.10945632319511757,1.684151700944212,0.9353286696292756,3,1.5746953777490944
USC|2024,2024,-0.9910442786893701,1.7186081313741273,0.0466836599592141,14,2.709652410063497
UTEP|2016,2016,-1.0208728345546754,0.7328013320817915,-0.362780267428199,5,1.753674166636467
UTEP|2017,2017,-1.0822443807275592,1.0935257220323054,-0.6852880452842794,7,2.1757701027598646
UTEP|2018,2018,-0.9656882844841435,2.0110979334320933,0.7950904914728462,4,2.9767862179162368
UTEP|2019,2019,-1.0295007932490157,1.9165503014185152,-0.019970353481478104,8,2.946051094667531
UTEP|2020,2020,-0.9103229259388025,0.5444744830459525,-0.3815901041787518,3,1.454797408984755
UTEP|2021,2021,-1.0000472323728917,1.375477773908852,0.1757693835237472,4,2.3755250062817437
UTEP|2022,2022,-0.9376603589761741,0.896889725059421,-0.3456010136737775,10,1.834550084035595
UTEP|2023,2023,-0.937932804206803,-0.027787769360996112,-0.6498004695422135,9,0.9101450348458069
UTEP|2024,2024,-0.9910442786893701,2.29023343431903,0.17553797221859374,14,3.2812777130084
UTSA|2016,2016,-0.9403153640024702,1.8544091913086485,-0.014524125502511942,5,2.7947245553111184
UTSA|2017,2017,-1.0887979051334624,0.608564915995468,-0.2401164945689973,6,1.6973628211289304
UTSA|2018,2018,-1.0370273877457528,2.261952161992005,0.15975740857100243,5,3.2989795497377576
UTSA|2019,2019,-0.9723575608093434,1.1863867758004851,-0.0606055409941336,5,2.1587443366098285
UTSA|2021,2021,-0.9044801344190282,1.0068618246582366,0.012964005938058843,5,1.911341959077265
UTSA|2022,2022,-0.9307113056275544,2.0087382608385695,0.10933034554919074,6,2.939449566466124
UTSA|2023,2023,-0.9307094309143761,1.4963439953411088,0.14123916568179645,5,2.427053426255485
UTSA|2024,2024,-0.9910442786893701,1.273185817391087,-0.22454671337688745,16,2.264230096080457
Utah State|2016,2016,-1.05805320557877,0.5097191059372234,-0.5189378257293968,4,1.5677723115159932
Utah State|2017,2017,-0.7021399651851734,2.037233236482367,1.086972197626402,3,2.7393732016675405
Utah State|2018,2018,-0.9786590305317088,1.3690460040776107,-0.061789419294436564,8,2.3477050346093193
Utah State|2019,2019,-0.8453725998322948,1.7514698521483516,0.5578112189640937,3,2.5968424519806463
Utah State|2021,2021,-1.0000472323728917,2.023968795738638,0.026161367084068354,3,3.0240160281115296
Utah State|2022,2022,-0.9376603589761741,2.4161612586681405,-0.08329410420152368,7,3.3538216176443143
Utah State|2023,2023,-0.937932804206803,0.6728794400044266,-0.5612854825302503,7,1.6108122442112296
Utah State|2024,2024,-0.9910442786893701,2.819766328592534,0.15639215484337754,13,3.810810607281904
Utah|2016,2016,-1.051856477074754,1.4578185670516381,0.03024723793900208,8,2.509675044126392
Utah|2017,2017,-0.7742287336501087,0.17603230520585636,-0.22373268355423925,3,0.950261038855965
Utah|2018,2018,-1.0305420147219702,1.6933146552667435,-0.09535122469251174,5,2.723856669988714
Utah|2019,2019,-1.0231515452001632,1.8784548131254002,0.4038419537794221,8,2.901606358325563
Utah|2021,2021,-0.9386112408311224,1.2184746844132197,0.47669197172370953,3,2.157085925244342
Utah|2022,2022,-0.7639340252606821,1.953145834049612,0.4069814639817336,4,2.717079859310294
Utah|2023,2023,-0.9307094309143761,1.6985984475290659,0.34204894321126816,5,2.629307878443442
Utah|2024,2024,-0.9910442786893701,1.7779977732385333,0.1880875691601794,12,2.7690420519279035
Vanderbilt|2016,2016,-1.051856477074754,1.2409330694110858,0.09453829616816589,2,2.2927895464858397
Vanderbilt|2017,2017,-0.6497117699379477,1.1983821125267569,0.19831428818592736,5,1.8480938824647044
Vanderbilt|2018,2018,-1.0305420147219702,1.9721856952893972,0.31517288771293,6,3.002727710011367
Vanderbilt|2019,2019,-0.9723575608093434,-0.2421940351913133,-0.6072757980003284,2,0.7301635256180301
Vanderbilt|2020,2020,-0.9197087156741881,-0.5348913365233817,-0.7883076593787908,3,0.3848173791508064
Vanderbilt|2021,2021,-0.9659161259607978,0.13310550050862963,-0.41640531272608405,2,1.0990216264694275
Vanderbilt|2022,2022,-0.9376603589761741,0.9038387784080406,-0.32382731318143587,6,1.8414991373842147
Vanderbilt|2023,2023,-0.8079120849431164,1.3879933959547033,-0.29071855720534046,5,2.1959054808978196
Vanderbilt|2024,2024,-0.9836205734563195,2.446131244213094,-0.016417834521716683,14,3.4297518176694135
Virginia Tech|2017,2017,-0.5579624282553028,1.336006125050724,0.44909582211849003,6,1.8939685533060269
Virginia Tech|2019,2019,-0.9533098166627864,1.376864217266058,0.12130041560548865,4,2.330174033928844
Virginia Tech|2020,2020,-0.9197087156741881,2.384089271181514,0.20971464915053586,3,3.3037979868557024
Virginia Tech|2021,2021,-1.0000472323728917,1.6621790677704418,0.04846035660663657,5,2.6622263001433337
Virginia Tech|2022,2022,-0.9237622522789346,1.2929857659307427,-0.34103449290182736,7,2.2167480182096773
Virginia Tech|2023,2023,-0.9090393110370949,-0.381733060689921,-0.6802991567769053,3,0.5273062503471739
Virginia Tech|2024,2024,-0.9539257525241168,1.755726657539381,-0.01482704054320579,12,2.709652410063498
Virginia|2016,2016,-0.7234298663619176,-0.5251345542334125,-0.6263477864656704,3,0.19829531212850515
Virginia|2018,2018,-1.0046005226268393,0.4546084077242569,-0.2749960574512912,2,1.4592089303510962
Virginia|2019,2019,-0.9660083127604912,-0.1596538105562316,-0.6972234786924046,3,0.8063545022042595
Virginia|2020,2020,-0.9103229259388025,1.7176981999691423,0.023563152732056447,4,2.628021125907945
Virginia|2021,2021,-0.9727423472432164,2.337974974729903,0.6536048732930635,4,3.3107173219731196
Virginia|2022,2022,-0.7152906518203443,1.6612855934075854,0.22978060359193184,3,2.3765762452279295
Virginia|2023,2023,-0.937932804206803,1.4674505021714008,0.13834981636482574,5,2.4053833063782037
Virginia|2024,2024,-0.9910442786893701,2.819766328592534,0.5970759875716812,9,3.810810607281904
Wake Forest|2016,2016,-1.0208728345546754,1.3029003544512436,-0.1946423673525708,3,2.323773189005919
Wake Forest|2017,2017,-1.0298161854803338,1.9389303703938188,0.4545570924567425,2,2.9687465558741524
Wake Forest|2018,2018,-1.0305420147219702,2.261952161992005,0.6157050736350175,2,3.2924941767139755
Wake Forest|2019,2019,-1.0231515452001632,1.4530551938522873,0.519715730670979,3,2.4762067390524507
Wake Forest|2020,2020,-0.7883076593787908,-0.6756781825541645,-0.7319929209664776,2,0.11262947682462632
Wake Forest|2021,2021,-0.9659161259607978,1.8396608211133303,0.4890441816633243,7,2.805576947074128
Wake Forest|2022,2022,-0.9029150922330756,0.9872274185914767,-0.141298845224359,5,1.8901425108245524
Wake Forest|2023,2023,-0.937932804206803,2.0597671121504177,0.4951844570107212,5,2.9976999163572207
Wake Forest|2024,2024,-0.9836205734563195,2.819766328592534,0.16192607840913573,14,3.8033869020488535
Washington State|2016,2016,-0.9774957350265647,1.8234255487885696,-0.18844563884855495,6,2.8009212838151343
Washington State|2017,2017,-1.0822443807275592,1.0607581000027895,-0.241754875670473,4,2.143002480730349
Washington State|2018,2018,-1.0305420147219702,1.3301337659349148,-0.11772576162456198,8,2.360675780656885
Washington State|2019,2019,-0.9977545530047534,1.4721029379988446,-0.1882254267760676,6,2.469857491003598
Washington State|2020,2020,-0.9103229259388025,-0.7507645004372486,-0.8305437131880256,2,0.15955842550155386
Washington State|2021,2021,-0.9386112408311224,1.4300875441682024,0.12969238986742035,6,2.368698784999325
Washington State|2022,2022,-0.9307113056275544,1.5501007398296704,0.1741881768029744,5,2.480812045457225
Washington State|2023,2023,-0.9307094309143761,2.0019801258110013,0.4477509723904505,6,2.9326895567253772
Washington State|2024,2024,-0.9836205734563195,1.3325754592554924,0.11280358404039624,13,2.3161960327118116
Washington|2016,2016,-1.051856477074754,1.7180811642203015,0.11312848168021326,7,2.769937641295056
Washington|2017,2017,-1.0560302831039465,0.8248312213902738,-0.11559953085683639,2,1.8808615044942203
Washington|2018,2018,-1.0305420147219702,1.6933146552667435,0.11366308304539767,7,2.723856669988714
Washington|2019,2019,-1.0295007932490157,1.4403566977545825,0.20542795225278343,2,2.469857491003598
Washington|2020,2020,-0.47857659811106873,0.4787739548982538,9.867839359253838e-05,2,0.9573505530093225
Washington|2021,2021,0.5563312200185956,1.0956027013296812,0.8748882131981398,3,0.5392714813110856
Washington|2022,2022,-0.7361378118662034,1.647387486710346,0.13075659337410137,4,2.3835252985765494
Washington|2023,2023,-0.9307094309143761,2.6159668556673,0.15099071962657298,4,3.546676286581676
Washington|2024,2024,-0.9910442786893701,1.2212198807597323,-0.11829493222884965,16,2.212264159449102
West Virginia|2016,2016,-1.027069563058691,2.304043811560033,0.40171012811222817,8,3.331113374618724
West Virginia|2017,2017,-0.8332104533032375,2.4324107581583285,0.3806114920768011,6,3.265621211461566
West Virginia|2018,2018,-0.8943491812225344,1.9462442031942666,0.35084243934373455,5,2.8405933844168008
West Virginia|2019,2019,-1.0295007932490157,1.2498792562890093,0.20606287705766868,5,2.279380049538025
West Virginia|2020,2020,-0.9197087156741881,1.1639366055813967,-0.44572633403721945,6,2.0836453212555845
West Virginia|2021,2021,-0.3105988828485925,1.9966639106089628,0.8839898415746981,4,2.3072627934575554
West Virginia|2022,2022,-0.28444934420592427,0.06995237657367927,-0.10724848381612251,2,0.3544017207796035
West Virginia|2023,2023,-0.9307094309143761,2.6159668556673,0.05347518017880798,8,3.546676286581676
West Virginia|2024,2024,-0.9910442786893701,2.819766328592534,-0.02634520473940832,13,3.810810607281904
Western Kentucky|2016,2016,-0.6738560383297914,2.2200161730455794,0.16642034681474888,5,2.8938722113753705
Western Kentucky|2017,2017,-0.9904950390449146,0.6216719648072745,-0.14017524737897336,4,1.6121670038521891
Western Kentucky|2018,2018,-1.0305420147219702,1.323648392911132,-0.20949378991108647,5,2.3541904076331024
Western Kentucky|2019,2019,-1.0295007932490157,1.1927360238493374,-0.4612430928767225,4,2.222236817098353
Western Kentucky|2020,2020,0.826048175107518,2.693820332449236,1.523725212104508,3,1.8677721573417179
Western Kentucky|2021,2021,-0.9727423472432164,2.447194515248604,0.3092220095950348,5,3.41993686249182
Western Kentucky|2022,2022,-0.9376603589761741,2.168566487856822,-0.009266831600585102,10,3.106226846832996
Western Kentucky|2023,2023,-0.937932804206803,1.0268247313333514,-0.06069424769316383,9,1.9647575355401545
Western Kentucky|2024,2024,-0.9836205734563195,2.609452759340209,0.11561806569468468,14,3.5930733327965285
Western Michigan|2016,2016,-1.05805320557877,0.8009653456259652,-0.31651136126488116,3,1.859018551204735
Western Michigan|2017,2017,-0.9839415146390112,0.4906014766892103,-0.2838066572750187,6,1.4745429913282215
Western Michigan|2018,2018,-0.9656882844841435,0.6361988523901712,-0.27391516194732746,3,1.6018871368743146
Western Michigan|2019,2019,-1.0295007932490157,1.7768668443437614,0.2936825001318323,5,2.806367637592777
Western Michigan|2020,2020,-0.9103229259388025,0.5726318522521091,-0.416004666541832,3,1.4829547781909116
Western Michigan|2021,2021,-1.0000472323728917,1.0546453736351682,-0.14676957207054128,6,2.05469260600806
Western Michigan|2022,2022,-0.9376603589761741,1.668234646756205,0.2807403281484761,6,2.6058950057323793
Western Michigan|2023,2023,-0.9307094309143761,1.2651960499834436,-0.23545975151827359,4,2.1959054808978196
Western Michigan|2024,2024,-0.9910442786893701,2.819766328592534,-0.12510154196440298,16,3.810810607281904
Wisconsin|2016,2016,-1.051856477074754,1.6809007931962066,-0.2504129238887127,6,2.7327572702709606
Wisconsin|2017,2017,-0.9839415146390112,1.4539695643569819,0.12906538029688341,6,2.437911078995993
Wisconsin|2018,2018,-0.30418023605831307,0.4546084077242569,0.07521408583297193,2,0.7587886437825699
Wisconsin|2020,2020,-0.5255055467879963,0.4506165856920973,-0.03744448054794952,2,0.9761221324800936
Wisconsin|2021,2021,-0.9454374621135413,1.2253009056956383,0.2650791119687266,6,2.1707383678091796
Wisconsin|2022,2022,-0.9029150922330756,1.890604353912035,-0.17673901730231933,8,2.7935194461451105
Wisconsin|2023,2023,-0.9307094309143761,0.47784836110889656,-0.20476041502545864,4,1.4085577920232726
Wisconsin|2024,2024,-0.9836205734563195,1.85223482556904,-0.1853248040622697,15,2.8358553990253594
Wyoming|2016,2016,-1.05805320557877,-1.05805320557877,-1.05805320557877,2,0.0
Wyoming|2017,2017,0.26778164688850126,0.9886693315378539,0.6282254892131776,2,0.7208876846493526
Wyoming|2018,2018,-1.0370273877457528,0.9215552654366079,-0.382004712343705,3,1.9585826531823607
Wyoming|2019,2019,-0.3374327559240999,2.302838552710698,0.8918663229743835,3,2.640271308634798
Wyoming|2021,2021,-1.0068734536553103,0.5426787774537579,-0.19910393523575198,3,1.5495522311090681
Wyoming|2022,2022,-0.9029150922330756,-0.19411165067386846,-0.4535429756890032,3,0.7088034415592072
Wyoming|2023,2023,-0.937932804206803,0.9618143717015082,-0.46985821485753093,5,1.899747175908311
Wyoming|2024,2024,-0.9836205734563195,1.5924051424122663,0.0024949383339124553,12,2.5760257158685858
