team_id,season,A_hat_min,A_hat_max,T_j_hat,roster_n,perf_span
Air Force|2016,2016,-0.965102278018533,2.139458702493374,0.48670268577945036,7,3.104560980511907
Air Force|2017,2017,-1.0560302831039454,1.1852750637149494,-0.24557776490724956,3,2.241305346818895
Air Force|2018,2018,-1.0305420147219702,0.11088363746377647,-0.501984113283684,4,1.1414256521857467
Air Force|2019,2019,-0.9977545530047541,1.618135643122452,0.4519904181498868,6,2.6158901961272063
Air Force|2020,2020,-0.835236608055719,1.1545508158460118,0.025127451021287255,3,1.9897874239017308
Air Force|2021,2021,-0.9113063557014476,1.6485266252056046,0.103070126865987,5,2.559832980907052
Air Force|2022,2022,-0.9307113056275561,0.1394429100598763,-0.5670441803831255,3,1.0701542156874324
Air Force|2023,2023,-0.9379328042068038,2.3703721637247828,0.028394022913436363,9,3.3083049679315866
Air Force|2024,2024,-0.9910442786893662,1.6146762581114118,-0.19763578190707798,16,2.605720536800778
Akron|2016,2016,-0.9960859205386119,0.8443424451540755,0.02017755411997642,6,1.8404283656926874
Akron|2017,2017,-1.0822443807275581,-0.42033841573133507,-0.8004428312737207,3,0.6619059649962231
Akron|2018,2018,-1.0305420147219702,1.21988242453061,-0.030868087198901408,7,2.25042443925258
Akron|2019,2019,-0.9342620725162297,1.4403566977545836,-0.2028286972884284,5,2.3746187702708133
Akron|2021,2021,-1.0000472323728922,-0.29694644028375505,-0.7597642432317502,5,0.7031007920891371
Akron|2022,2022,-0.9098641455816969,-0.062079637050094665,-0.6348801773577464,7,0.8477845085316023
Akron|2023,2023,-0.9090393110370957,0.6801028132968541,-0.2011487283792453,4,1.5891421243339496
Akron|2024,2024,-0.9836205734563155,2.089793393026653,-0.15478571861336654,17,3.0734139664829683
Alabama|2016,2016,0.16270230971233937,0.6398504045215547,0.40127635711694704,2,0.4771480948092154
Alabama|2017,2017,0.051515341493695375,1.8144134066816562,1.156876457956035,6,1.7628980651879609
Alabama|2018,2018,-1.0305420147219702,1.531180329672177,0.02787086275935855,5,2.5617223443941475
Alabama|2019,2019,-1.0295007932490163,2.3028385527107,0.5248374574303871,6,3.332339345959716
Alabama|2021,2021,0.11262683666137327,0.6587245392548777,0.44483627240575524,3,0.5460977025935044
Alabama|2022,2022,-0.48597189131589585,2.416161258668145,1.3976732546277002,4,2.902133149984041
Alabama|2023,2023,0.5934223337877296,2.615966855667302,1.4818972487562563,3,2.0225445218795723
Alabama|2024,2024,-0.9910442786893662,2.186301561056312,0.045304971844504535,15,3.177345839745678
App State|2016,2016,0.3609976218408444,0.5345060199532865,0.44775182089706544,2,0.17350839811244212
App State|2017,2017,-1.0887979051334613,1.4343089911392708,0.17275554300290474,2,2.523106896272732
App State|2018,2018,-0.881378435174969,1.0512627259122609,0.3946187072542675,4,1.93264116108723
App State|2019,2019,-1.0041038010536065,1.5546431626339274,0.013045736372554661,5,2.558746963687534
App State|2020,2020,-0.8446223977911046,1.9992718920307095,0.16904289363053213,3,2.8438942898218142
App State|2021,2021,-0.9727423472432168,0.9385996118340488,-0.01365825706337459,6,1.9113419590772658
App State|2022,2022,-0.9307113056275561,1.5014573663893356,0.09601132663100317,4,2.432168672016892
App State|2023,2023,-0.7067848588491383,2.615966855667302,0.72705473969763,6,3.3227517145164405
App State|2024,2024,-0.7237908902995428,0.8129160929419416,-0.20070519849382007,13,1.5367069832414844
Arizona State|2016,2016,-0.9712990065225487,0.9187031872022648,-0.1743997209061191,5,1.8900021937248135
Arizona State|2017,2017,-1.0298161854803327,1.4539695643569803,0.20060802172799322,4,2.4837857498373133
Arizona State|2018,2018,-1.0046005226268393,1.239338543601958,-0.12777808981142497,5,2.2439390662287972
Arizona State|2019,2019,-1.0231515452001638,1.2371807601913054,-0.07838343553092053,5,2.2603323053914695
Arizona State|2021,2021,-1.0000472323728922,1.4915235357099723,0.03558805361693253,7,2.4915707680828643
Arizona State|2022,2022,-0.9376603589761758,2.210260807948544,-0.127599282908509,7,3.1479211669247196
Arizona State|2023,2023,-0.9379328042068038,1.4818972487562558,0.014520559923219307,7,2.41983005296306
Arizona State|2024,2024,-0.9910442786893662,2.6391475802724016,0.2444723779540634,14,3.630191858961768
Arizona|2016,2016,-1.0518564770747538,-0.054183187928213056,-0.5778067465175465,4,0.9976732891465407
Arizona|2017,2017,-0.9904950390449136,1.6178076745045602,-0.40198854739480616,5,2.608302713549474
Arizona|2019,2019,-1.0168022971513115,1.3260702328752396,-0.37462120878166444,7,2.3428725300265514
Arizona|2020,2020,-0.8633939772618757,0.24412921151361622,-0.422261859698756,3,1.107523188775492
Arizona|2021,2021,-1.0068734536553108,-0.924958798266285,-0.9681915330549375,3,0.08191465538902576
Arizona|2022,2022,-0.9307113056275561,1.7794195003341229,0.4243540973532834,2,2.710130805961679
Arizona|2023,2023,-0.815135458235544,0.39839125489219945,-0.33116944764293205,3,1.2135267131277434
Arizona|2024,2024,-0.9613494577571634,1.8522348255690324,0.2097400427565764,12,2.813584283326196
Arkansas State|2016,2016,-0.9712990065225487,1.5817531371319538,0.5047617231340107,5,2.5530521436545026
Arkansas State|2017,2017,-1.0298161854803327,1.1721680149031428,-0.023194836733601055,5,2.2019842003834755
Arkansas State|2018,2018,-1.0046005226268393,1.9332734571467018,-0.29028300815020736,7,2.937873979773541
Arkansas State|2019,2019,-0.90886508032082,2.3028385527107,0.9611517364446234,7,3.2117036330315196
Arkansas State|2020,2020,-0.8633939772618757,-0.4973481775818402,-0.741378710701864,3,0.36604579968003553
Arkansas State|2021,2021,-1.0000472323728922,1.983011468044126,-0.021167100474035295,5,2.9830587004170184
Arkansas State|2022,2022,-0.9098641455816969,-0.6596982250313881,-0.8403736120955001,5,0.25016592055030884
Arkansas State|2023,2023,-0.9379328042068038,2.0164268723958574,0.5103535409248185,4,2.954359676602661
Arkansas State|2024,2024,-0.9910442786893662,2.819766328592523,0.14442734464551577,14,3.8108106072818893
Arkansas|2016,2016,-0.9712990065225487,0.7080144180657283,-0.21529812903262327,3,1.679313424588277
Arkansas|2017,2017,-1.0560302831039454,0.9952228559437564,-0.1857222420000004,5,2.051253139047702
Arkansas|2018,2018,-1.0110858956506221,1.4857827185056984,-0.14961217899149334,6,2.4968686141563206
Arkansas|2019,2019,-1.0041038010536065,1.6244848911713046,-0.16441574659287106,4,2.628588692224911
Arkansas|2021,2021,-1.0000472323728922,1.5051759782748098,-0.1262909082232849,3,2.505223210647702
Arkansas|2022,2022,-0.527666211407614,0.973329311894239,0.2228315502433125,3,1.500995523301853
Arkansas|2023,2023,-0.8656990712825333,1.5469076083880995,0.37852697833802507,4,2.412606679670633
Arkansas|2024,2024,-0.9910442786893662,2.2159963819885142,0.22379205623342227,14,3.2070406606778805
Army|2016,2016,-1.0332662915627067,0.9372933727143122,-0.3441900819161516,5,1.970559664277019
Army|2017,2017,-1.0822443807275581,0.3595309885711458,-0.3941243181077222,4,1.4417753692987039
Army|2018,2018,-1.0046005226268393,0.27301796305834275,-0.15339531325536648,4,1.277618485685182
Army|2019,2019,-0.8961665842231151,2.2149649597145817,0.4117785138404881,5,3.111131543937697
Army|2020,2020,-0.6099776544064665,0.26290079098438723,-0.2501890478833547,3,0.8728784453908537
Army|2021,2021,-1.0068734536553108,1.1024289226121002,-0.20479245297110116,4,2.109302376267411
Army|2022,2022,-0.9376603589761758,1.6404384333617295,-0.2900085868848206,5,2.5780987923379053
Army|2023,2023,-0.7212316054339926,1.5469076083880995,0.5269672994974008,5,2.268139213822092
Army|2024,2024,-0.9836205734563155,1.4068125115859935,-0.2758940079054869,18,2.390433085042309
Auburn|2016,2016,-1.0580532055787697,0.6460471330255705,-0.6738560383297911,6,1.70410033860434
Auburn|2017,2017,-1.0887979051334613,0.6478860624308866,-0.32203554964278697,6,1.736683967564348
Auburn|2019,2019,-0.9723575608093442,1.9609950377604837,0.7406695627710445,5,2.9333525985698277
Auburn|2020,2020,0.6007892214582662,2.646891383772311,1.5331110018398952,3,2.0461021623140447
Auburn|2021,2021,-0.9659161259607982,1.8328345998309123,0.2810069616277038,6,2.7987507257917104
Auburn|2023,2023,-0.9307094309143769,1.2001856903516015,0.06921181485159553,7,2.1308951212659784
Auburn|2024,2024,-0.9836205734563155,1.8670822360351338,-0.2653770921586652,16,2.850702809491449
BYU|2016,2016,-1.0518564770747538,1.0364410287785648,-0.30948840229366315,5,2.0882975058533186
BYU|2017,2017,-1.0363697098862357,0.660993111242693,-0.5500981989682183,5,1.6973628211289287
BYU|2018,2018,-1.0370273877457528,0.14979587560647242,-0.6868172444614895,5,1.186823263352225
BYU|2019,2019,-0.9914053049559016,1.345117977021797,-0.1097668616009626,7,2.3365232819776987
BYU|2020,2020,-0.1876171163141179,0.7040329085475069,0.14088552442437544,3,0.8916500248616248
BYU|2021,2021,-1.0068734536553108,-0.4539495297793875,-0.9061866897396335,8,0.5529239238759233
BYU|2022,2022,-0.9307113056275561,0.459099364096382,-0.5693605314993322,7,1.389810669723938
BYU|2023,2023,-0.9379328042068038,1.8430659133776086,-0.14817732423478025,6,2.7809987175844126
BYU|2024,2024,-0.9836205734563155,1.2657621121580314,-0.20020132709791164,17,2.249382685614347
Ball State|2016,2016,-0.9836924635305804,1.457818567051638,0.1983334986104303,4,2.4415110305822183
Ball State|2017,2017,-0.9904950390449136,0.24156754926488816,-0.5055342330080768,4,1.2320625883098018
Ball State|2018,2018,-1.0305420147219702,0.8048185510085201,-0.4825279942123361,6,1.8353605657304901
Ball State|2019,2019,-1.0231515452001638,1.802263836539173,-0.011504689416341382,3,2.8254153817393366
Ball State|2020,2020,-0.6475208133480086,1.417352928436807,0.38491605754439917,2,2.0648737417848153
Ball State|2021,2021,-1.0068734536553108,2.4471945152486048,0.44824938304696466,6,3.4540679689039155
Ball State|2022,2022,-0.8056283453524017,2.416161258668145,0.5143703971679658,8,3.2217896040205467
Ball State|2023,2023,-0.8295822048203982,1.142398704012185,0.1491848763034664,6,1.9719809088325833
Ball State|2024,2024,-0.9910442786893662,1.8596585308020832,-0.15464015576565962,15,2.8507028094914495
Baylor|2016,2016,0.026374282623992117,2.2571965440696737,1.038919720180171,5,2.2308222614456814
Baylor|2017,2017,-0.6366047211261407,0.12360410995863051,-0.31220526303393226,4,0.7602088310847712
Baylor|2018,2018,-0.005853076964311218,0.8696722812463467,0.4319096021410177,2,0.8755253582106579
Baylor|2019,2019,-0.9977545530047541,1.3832134653149117,0.674637383062979,5,2.380968018319666
Baylor|2021,2021,-1.0068734536553108,2.4471945152486048,0.4490620284377287,7,3.4540679689039155
Baylor|2022,2022,0.7579086580870287,0.9107878317566619,0.8343482449218453,2,0.15287917366963322
Baylor|2023,2023,-0.9379328042068038,0.12390306977997174,-0.6273277526324409,4,1.0618358739867755
Baylor|2024,2024,-0.9836205734563155,2.1417593296580075,-0.16264611238953783,17,3.125379903114323
Boise State|2016,2016,-0.0789701019442761,1.6375236936680955,0.6940717789316927,4,1.7164937956123716
Boise State|2017,2017,-0.9970485634508166,-0.19751858593062618,-0.6540807862085491,3,0.7995299775201904
Boise State|2018,2018,-1.0370273877457528,0.9085845193890425,-0.3414711309450634,4,1.9456119071347953
Boise State|2019,2019,-1.0231515452001638,1.186386775800486,-0.007271857383773117,3,2.20953832100065
Boise State|2020,2020,-0.30024659313874413,0.9949923903444582,0.27463302815361923,4,1.2952389834832023
Boise State|2021,2021,-0.9727423472432168,-0.8430441428772596,-0.9078932450602382,2,0.12969820436595725
Boise State|2022,2022,-0.9029150922330773,1.5014573663893356,0.28398321971116586,5,2.404372458622413
Boise State|2023,2023,-0.8656990712825333,1.4313336357092667,-0.28241167791904953,4,2.2970327069918
Boise State|2024,2024,-0.9910442786893662,2.4164364232808815,0.1666413095980323,18,3.4074807019702478
Boston College|2017,2017,-1.0232626610744295,1.113186295250014,0.015470957261227825,4,2.1364489563244433
Boston College|2018,2018,0.7983331779847374,1.4857827185056984,1.2166397380187184,4,0.6874495405209611
Boston College|2019,2019,-1.0231515452001638,0.9387661018952407,-0.0755262739089369,4,1.9619176470954045
Boston College|2020,2020,-0.9197087156741889,0.7134186982828924,-0.43634054430183433,4,1.6331274139570813
Boston College|2021,2021,-0.05120247411667805,0.1672366069207238,0.05801706640202288,2,0.21843908103740187
Boston College|2022,2022,-0.7430868652148244,1.3972215661600402,0.32706735047260793,2,2.140308431374865
Boston College|2023,2023,-0.9307094309143769,1.9875333792261491,0.2936523421520072,4,2.918242810140526
Boston College|2024,2024,-0.9910442786893662,2.371894191882578,-0.22679336101320458,19,3.3629384705719443
Bowling Green|2016,2016,-0.2462817715527022,0.2990303368006866,0.02637428262399219,2,0.5453121083533887
Bowling Green|2017,2017,-1.0560302831039454,-0.7218005384028823,-0.8856386485504623,3,0.33422974470106315
Bowling Green|2018,2018,-1.0370273877457528,1.0058651147457824,-0.11042971697280644,8,2.042892502491535
Bowling Green|2019,2019,-0.9914053049559016,1.2117837679958956,-0.04298637765856812,8,2.203189072951797
Bowling Green|2021,2021,-1.0000472323728922,1.6143955187935106,-0.3592357094858266,8,2.614442751166403
Bowling Green|2023,2023,-0.6489978725097221,1.5758011015578077,0.02710986766144934,5,2.2247989740675296
Bowling Green|2024,2024,-0.9836205734563155,1.7705740680054753,0.09567195657950968,13,2.754194641461791
Buffalo|2016,2016,-0.9712990065225487,0.373391078848876,-0.4073967126571126,3,1.3446900853714248
Buffalo|2017,2017,-1.0822443807275581,1.6636823453458827,0.26450488468554945,4,2.745926726073441
Buffalo|2018,2018,-0.9851444035554916,1.4468704803630026,-0.05989785216249999,6,2.432014883918494
Buffalo|2019,2019,-1.0231515452001638,2.1133769909329425,0.26415849670466873,4,3.136528536133106
Buffalo|2020,2020,-0.9103229259388034,0.0657992065412913,-0.5724344954649244,3,0.9761221324800947
Buffalo|2021,2021,-1.0000472323728922,1.1092551438945188,0.018424982963993773,5,2.109302376267411
Buffalo|2022,2022,-0.9307113056275561,1.2512914458390267,-0.19808253830165157,7,2.182002751466583
Buffalo|2023,2023,-0.9379328042068038,0.02277584368599322,-0.44240939634630855,5,0.960708647892797
Buffalo|2024,2024,-0.9910442786893662,1.8522348255690324,-0.14124837377662713,17,2.8432791042583987
California|2016,2016,0.8443424451540755,1.2533265264191171,1.0488344857865963,2,0.4089840812650416
California|2017,2017,-1.0232626610744295,-0.06644809781256218,-0.5841765258789151,5,0.9568145632618673
California|2018,2018,-1.0305420147219702,-0.6154781411998804,-0.8208482869529977,3,0.41506387352208973
California|2019,2019,-0.9914053049559016,0.9768615901883553,0.16796738876455425,5,1.9682668951442568
California|2021,2021,-1.0068734536553108,1.880618148807844,0.2064873792946319,4,2.8874916024631547
California|2022,2022,-0.9376603589761758,2.416161258668145,0.10974265604787563,5,3.3538216176443205
California|2023,2023,-0.9090393110370957,2.615966855667302,0.020970000362886293,4,3.5250061667043977
California|2024,2024,-0.9168072263588595,2.334775665717325,0.3458975455536644,11,3.2515828920761845
Central Michigan|2016,2016,-1.0518564770747538,0.8443424451540755,-0.32152776053003673,7,1.8961989222288294
Central Michigan|2017,2017,-1.0887979051334613,2.4304447008365573,0.04332343598631655,8,3.5192426059700184
Central Michigan|2018,2018,-0.621963514223663,0.6102573602950405,0.15628124863025503,3,1.2322208745187035
Central Michigan|2019,2019,0.5641604670129465,1.6816281236109762,0.9387661018952406,3,1.1174676565980297
Central Michigan|2020,2020,-0.9103229259388034,0.9668350211383017,-0.41052962252952413,4,1.8771579470771051
Central Michigan|2021,2021,-0.720172159793721,1.8396608211133312,0.5392656668125487,4,2.559832980907052
Central Michigan|2022,2022,-0.7152906518203457,1.5639988465269128,0.42435409735328355,2,2.2792894983472585
Central Michigan|2023,2023,-0.9307094309143769,-0.30227595447322386,-0.6164926926938004,2,0.628433476441153
Central Michigan|2024,2024,-0.9910442786893662,1.547862911013956,-0.01568362191625005,13,2.538907189703322
Charlotte|2016,2016,-0.165724301000497,0.7266046035777757,0.14824327653630265,3,0.8923289045782727
Charlotte|2017,2017,-0.12542981746569096,0.8051706481725633,0.2219069760471786,3,0.9306004656382543
Charlotte|2018,2018,-1.0305420147219702,0.3767839314388651,-0.5169004712383841,5,1.4073259461608352
Charlotte|2019,2019,-0.9787068088581968,2.291155936300811,-0.08557924998628652,6,3.2698627451590077
Charlotte|2020,2020,-0.8821655567326468,1.5581397744675898,0.2347434217782307,5,2.4403053312002365
Charlotte|2021,2021,-1.0068734536553108,1.2321271269780576,-0.29580873673668523,6,2.2390005806333684
Charlotte|2022,2022,-0.9307113056275561,1.2582404991876464,-0.2587913010725598,13,2.1889518048152024
Charlotte|2023,2023,-0.9379328042068038,0.39839125489219945,-0.2685668791085643,6,1.3363240590990033
Charlotte|2024,2024,-0.9836205734563155,1.5107443848487028,-0.18384006301565883,15,2.4943649583050185
Cincinnati|2016,2016,0.18129249522438673,2.046507774933137,1.1066706184907433,3,1.86521527970875
Cincinnati|2017,2017,-1.0822443807275581,1.6309147233163668,-0.08985354211935927,7,2.7131591040439247
Cincinnati|2018,2018,-1.0305420147219702,0.19519348677295092,-0.7088675127423505,5,1.2257355014949212
Cincinnati|2019,2019,-1.0231515452001638,-0.15330456250737926,-0.5882280538537715,2,0.8698469826927846
Cincinnati|2020,2020,1.1545508158460118,1.2484087131998673,1.2014797645229396,2,0.09385789735385552
Cincinnati|2021,2021,-1.0068734536553108,2.4471945152486048,0.6136714787909137,5,3.4540679689039155
Cincinnati|2022,2022,-0.9307113056275561,1.675183700104828,0.28189850370658,4,2.605895005732384
Cincinnati|2023,2023,-0.9379328042068038,1.0846117176727688,-0.42940732441993984,5,2.0225445218795723
Cincinnati|2024,2024,-0.9910442786893662,1.043050955166512,-0.06654552033345862,15,2.034095233855878
Clemson|2016,2016,1.5383760376038431,1.5507694946118746,1.544572766107859,2,0.012393457008031517
Clemson|2017,2017,-1.0560302831039454,0.9821158071319497,-0.434537718610792,6,2.038146090235895
Clemson|2018,2018,-0.8943491812225344,0.2341057249156469,-0.44902023358945903,3,1.1284549061381812
Clemson|2019,2019,-1.0295007932490163,2.062583006542123,0.5311443771589139,5,3.0920837997911392
Clemson|2021,2021,-1.0000472323728922,1.1638649141538695,-0.06371721313444591,6,2.1639121465267617
Clemson|2023,2023,-0.9379328042068038,0.7812300393908328,-0.22426352291501184,5,1.7191628435976365
Clemson|2024,2024,-0.9836205734563155,2.112064508725805,-0.010187224772549068,16,3.0956850821821207
Coastal Carolina|2017,2017,-1.0036020878567198,0.916580563072918,-0.4452418084737671,5,1.9201826509296378
Coastal Carolina|2018,2018,-1.0305420147219702,1.310677646863567,-0.40227150304302567,8,2.341219661585537
Coastal Carolina|2019,2019,-0.8136263595880333,0.9197183577486833,0.21495182432606227,3,1.7333447173367165
Coastal Carolina|2020,2020,-0.9197087156741889,-0.45041922890491265,-0.7765754222095596,4,0.46928948676927623
Coastal Carolina|2021,2021,-1.0000472323728922,1.6212217400759292,0.04064123041041135,11,2.6212689724488216
Coastal Carolina|2022,2022,-0.9098641455816969,1.2095971257473088,0.05721244543454331,6,2.1194612713290057
Coastal Carolina|2023,2023,-0.9307094309143769,2.615966855667302,-0.10905071890080045,8,3.546676286581679
Coastal Carolina|2024,2024,-0.9836205734563155,1.3919651011198921,-0.053801493016721665,16,2.3755856745762074
Colorado State|2016,2016,-1.0518564770747538,0.515915834441239,-0.497868948815743,5,1.5677723115159927
Colorado State|2017,2017,-1.0560302831039454,0.864152367825692,0.14457538805752082,5,1.9201826509296374
Colorado State|2018,2018,-0.9462321654127954,0.6751110905328671,0.055109429459245726,5,1.6213432559456624
Colorado State|2019,2019,-0.9342620725162297,2.3028385527107,0.14617676946089272,5,3.2371006252269297
Colorado State|2020,2020,-0.8727797669972613,-0.25331764446181654,-0.6506494099264705,3,0.6194621225354449
Colorado State|2021,2021,-1.0068734536553108,0.6655507605372966,-0.08988439471705127,3,1.6724242141926073
Colorado State|2022,2022,-0.9307113056275561,0.00741089643610215,-0.6096650409213265,5,0.9381222020636583
Colorado State|2023,2023,-0.9379328042068038,1.0051546114560712,-0.3788437113729506,5,1.943087415662875
Colorado State|2024,2024,-0.9836205734563155,2.1491830348910583,0.32825419415563495,14,3.132803608347374
Colorado|2016,2016,-0.9898891920345961,2.3005736435977844,0.9388425548403161,4,3.2904628356323804
Colorado|2017,2017,-1.0822443807275581,1.113186295250014,0.366084512977049,4,2.195430675977572
Colorado|2018,2018,-1.0370273877457528,0.5518890030809968,-0.1636638205430224,6,1.5889163908267494
Colorado|2019,2019,-1.0295007932490163,1.3578164731195017,-0.13848965039339037,6,2.387317266368518
Colorado|2020,2020,-0.9103229259388034,-0.7226071312310928,-0.8164650285849481,2,0.1877157947077106
Colorado|2021,2021,-0.9044801344190285,-0.8498703641596784,-0.8748998421952138,3,0.0546097702593501
Colorado|2022,2022,-0.9029150922330773,-0.14546827723353098,-0.7021646621618418,9,0.7574468149995464
Colorado|2023,2023,-0.9307094309143769,0.9473676251166547,-0.0711280091155585,3,1.8780770560310316
Colorado|2024,2024,-0.9836205734563155,2.7356557483020594,-0.01810220461661049,17,3.719276321758375
Duke|2016,2016,-0.9960859205386119,0.9001130016902177,0.18005314952358362,5,1.8961989222288296
Duke|2017,2017,1.1066327708441106,1.834073979899366,1.4703533753717384,2,0.7274412090552553
Duke|2018,2018,-0.5246829188669233,0.4156961695815611,-0.054493374642681114,2,0.9403790884484844
Duke|2019,2019,-0.8898173361742626,1.6625803794644192,0.3863815216450783,2,2.5523977156386817
Duke|2020,2020,-0.9197087156741889,1.8584850459999267,-0.09375921896026268,4,2.7781937616741157
Duke|2021,2021,-1.0068734536553108,0.6655507605372966,-0.14481922313270737,7,1.6724242141926073
Duke|2022,2022,-0.8612207721413592,2.416161258668145,0.22092750962579064,5,3.277382030809504
Duke|2023,2023,-0.9379328042068038,0.997931238163644,-0.22281884825652643,6,1.9358640423704478
Duke|2024,2024,-0.9910442786893662,2.431283833746983,0.1898959076143833,13,3.4223281124363494
East Carolina|2016,2016,-1.0270695630586908,0.8629326306661229,0.16270230971233945,5,1.8900021937248137
East Carolina|2017,2017,-1.016709136668526,2.0175726632646556,0.07663718504965773,6,3.0342817999331815
East Carolina|2018,2018,-1.0370273877457528,1.8035659966710487,0.1277456073256114,5,2.8405933844168016
East Carolina|2019,2019,-0.9723575608093442,1.0086078304326176,0.016537822799423507,4,1.9809653912419618
East Carolina|2020,2020,-0.8727797669972613,-0.8258508183203335,-0.8571367841049521,3,0.04692894867692787
East Carolina|2021,2021,-0.9932210110904731,2.392584744989254,0.11262683666137337,6,3.3858057560797272
East Carolina|2022,2022,-0.9029150922330773,1.2165461790959282,0.05257974320213016,4,2.1194612713290057
East Carolina|2023,2023,-0.9379328042068038,2.2259046978762416,-0.21559547496409942,5,3.1638375020830454
East Carolina|2024,2024,-0.9836205734563155,2.819766328592523,0.024837379828440698,17,3.8033869020488384
Eastern Michigan|2016,2016,-1.0580532055787697,0.8939162731862019,-0.6131280989904365,5,1.9519694787649717
Eastern Michigan|2017,2017,-0.7676752092442046,0.26122812248259775,-0.25322354338080344,2,1.0289033317268024
Eastern Michigan|2018,2018,-0.8878638081987517,0.4935206458669529,0.02008841513081938,4,1.3813844540657045
Eastern Michigan|2019,2019,-1.0295007932490163,2.3028385527107,0.05291901411934804,8,3.332339345959716
Eastern Michigan|2020,2020,-0.31901817260951526,-0.2157744855202745,-0.26739632906489486,2,0.10324368708924075
Eastern Michigan|2021,2021,-1.0068734536553108,0.6587245392548777,-0.4641888617030158,6,1.6655979929101885
Eastern Michigan|2022,2022,-0.9307113056275561,0.6467238045091136,-0.23928049743989685,8,1.5774351101366697
Eastern Michigan|2023,2023,-0.8368055781128251,0.7306664263438434,-0.32188225340981164,7,1.5674720044566683
Eastern Michigan|2024,2024,-0.9465020472910621,1.0282035447004103,-0.27094487108345316,13,1.9747055919914724
Florida Atlantic|2016,2016,-1.0518564770747538,-0.12854392997640232,-0.7092659154955957,7,0.9233125470983515
Florida Atlantic|2018,2018,-0.5635951570096192,0.9864089956744344,0.2924740821296907,4,1.5500041526840536
Florida Atlantic|2019,2019,-1.0231515452001638,1.4974999301942555,-0.23130960996470934,7,2.5206514753944194
Florida Atlantic|2021,2021,-1.0000472323728922,2.4267158514013483,0.4562133078764532,6,3.42676308377424
Florida Atlantic|2022,2022,-0.9376603589761758,-0.7222397051689654,-0.8241591542820542,3,0.21542065380721043
Florida Atlantic|2023,2023,-0.9307094309143769,2.4642760165263344,-0.11767863700008831,9,3.3949854474407113
Florida Atlantic|2024,2024,-0.9910442786893662,1.6146762581114118,-0.021508375252951354,15,2.605720536800778
Florida International|2016,2016,-1.0332662915627067,0.47873546341714435,-0.2943064174588246,4,1.512001754979851
Florida International|2017,2017,-1.0887979051334613,1.4736301375746899,0.5026162714333657,6,2.5624280427081514
Florida International|2018,2018,-1.0370273877457528,-0.012338449988093927,-0.7922045560979577,8,1.024688937757659
Florida International|2019,2019,-0.9977545530047541,1.243530008240158,0.2035231778381279,5,2.241284561244912
Florida International|2020,2020,-0.7226071312310928,0.05641341680590574,-0.3330968572125935,2,0.7790205480369985
Florida International|2021,2021,-1.0000472323728922,2.2424078767760407,0.08077113734341888,9,3.242455109148933
Florida International|2022,2022,-0.9307113056275561,2.3770380883154165,-0.10029943046750313,6,3.3077493939429727
Florida International|2023,2023,-0.9307094309143769,1.171292197181893,-0.3040817977963307,4,2.1020016280962697
Florida International|2024,2024,-0.9910442786893662,2.819766328592523,0.1226864936058674,14,3.8108106072818893
Florida State|2017,2017,-1.0822443807275581,2.432410758158326,0.1326698187201297,6,3.514655138885884
Florida State|2019,2019,-0.9279128244673772,1.3006732406798298,0.04193481499483326,4,2.228586065147207
Florida State|2020,2020,-0.9103229259388034,1.3141092413475661,0.08769938259052419,3,2.2244321672863694
Florida State|2021,2021,-0.9113063557014476,-0.6519099469695329,-0.8225654790300029,3,0.2593964087319147
Florida State|2022,2022,-0.5971567448938109,2.210260807948544,0.8065520315273665,2,2.807417552842355
Florida State|2023,2023,0.5934223337877296,1.4024401425395587,0.8703183099974329,3,0.8090178087518292
Florida State|2024,2024,-0.9836205734563155,1.228643585992778,-0.2312062136594761,17,2.2122641594490933
Florida|2016,2016,-1.0518564770747538,1.3648676394914014,0.08568582687671478,7,2.4167241165661553
Florida|2017,2017,-1.0298161854803327,1.0279904779732723,-0.30565173862802897,4,2.057806663453605
Florida|2018,2018,-0.8424661970322732,2.1602615129790945,0.6588976579734107,2,3.0027277100113676
Florida|2019,2019,-0.8771188400765577,0.6086052033549136,-0.15118814649109522,3,1.4857240434314714
Florida|2020,2020,-0.8727797669972613,1.7458555691753004,0.36078116965340773,7,2.6186353361725616
Florida|2022,2022,-0.9307113056275561,1.8141647670772219,0.37744798725010065,4,2.744876072704778
Florida|2024,2024,-0.9910442786893662,1.8373874151029312,-0.12072401224995763,17,2.8284316937922975
Fresno State|2016,2016,-1.0332662915627067,2.3040438115600326,0.2882480292036991,6,3.3373101031227392
Fresno State|2017,2017,-0.944620368203591,0.005640670652372962,-0.6234976723143342,4,0.9502610388559639
Fresno State|2018,2018,-0.9721736575079261,2.261952161992005,0.34913030086545593,5,3.234125819499931
Fresno State|2019,2019,-0.9977545530047541,1.9102010533696643,0.311777857071062,4,2.9079556063744185
Fresno State|2020,2020,-0.8164650285849478,0.009484468128978121,-0.4566764220618362,3,0.8259494967139259
Fresno State|2021,2021,-0.9659161259607982,0.9454258331164678,-0.4662367280877414,5,1.911341959077266
Fresno State|2022,2022,-0.9376603589761758,0.750959604738409,-0.3358723389857106,5,1.6886199637145847
Fresno State|2023,2023,-0.9018159377446686,2.160894338244398,0.3538471195888993,6,3.0627102759890668
Fresno State|2024,2024,-0.9539257525241129,1.8373874151029312,0.008836019887143172,16,2.7913131676270444
Georgia Southern|2016,2016,-1.0270695630586908,0.18129249522438673,-0.5747083822655388,5,1.2083620582830776
Georgia Southern|2017,2017,-1.0822443807275581,0.923134087478821,-0.07955514662436858,2,2.005378468206379
Georgia Southern|2018,2018,-1.0305420147219702,1.3690460040776107,-0.05773606115457244,4,2.399588018799581
Georgia Southern|2019,2019,-1.0295007932490163,0.9641630940906502,-0.019970353481478093,6,1.9936638873396664
Georgia Southern|2020,2020,-0.9197087156741889,0.05641341680590574,-0.557182587144923,8,0.9761221324800946
Georgia Southern|2021,2021,-1.0068734536553108,0.5153738923240828,-0.3629332460138035,3,1.5222473459793937
Georgia Southern|2022,2022,-0.9307113056275561,1.6126422199672508,0.5459625309541282,4,2.543353525594807
Georgia Southern|2023,2023,-0.9307094309143769,1.337429782907715,-0.34742203755089296,8,2.268139213822092
Georgia Southern|2024,2024,-0.9242309315919104,1.4736258586834494,0.06361677808602945,15,2.39785679027536
Georgia State|2016,2016,-1.0580532055787697,1.4640152955556538,-0.4867148375085145,5,2.5220685011344237
Georgia State|2017,2017,-0.9315133193917846,1.3097920274271098,0.1380218636516176,5,2.241305346818894
Georgia State|2018,2018,-1.0305420147219702,-0.0966482992972684,-0.5976433653844782,4,0.9338937154247018
Georgia State|2019,2019,-0.9914053049559016,0.8879721175044208,-0.3215596358019691,4,1.8793774224603226
Georgia State|2021,2021,-0.9932210110904731,1.525654642122066,-0.4007050037765209,5,2.518875653212539
Georgia State|2022,2022,-0.9376603589761758,0.9594312051969998,-0.27402576418299535,4,1.8970915641731756
Georgia State|2023,2023,-0.9379328042068038,2.0380969922731387,-0.41456657565549887,11,2.9760297964799425
Georgia State|2024,2024,-0.9836205734563155,1.6963370156749689,-0.08078380626761729,13,2.679957589131284
Georgia Tech|2017,2017,-0.8463175021150431,0.9952228559437564,0.2565470336212384,7,1.8415403580587995
Georgia Tech|2018,2018,-1.0370273877457528,1.2328531705781751,0.059000653273515356,5,2.269880558323928
Georgia Tech|2019,2019,-1.0231515452001638,0.411778513840488,-0.3056865156798379,2,1.434930059040652
Georgia Tech|2020,2020,-0.8727797669972613,0.25351500124900167,-0.30963238287412986,2,1.126294768246263
Georgia Tech|2021,2021,-1.0068734536553108,1.983011468044126,0.36246653559790165,5,2.9898849216994368
Georgia Tech|2022,2022,-0.9307113056275561,-0.6388510649855291,-0.7731994297255098,3,0.291860240642027
Georgia Tech|2023,2023,-0.9307094309143769,2.081437232027701,0.1708549961807475,4,3.0121466629420777
Georgia Tech|2024,2024,-0.9836205734563155,1.4810495639165,0.18437571654365337,12,2.4646701373728153
Georgia|2016,2016,-0.3144457850968759,0.9248999157062807,0.30522706530470245,2,1.2393457008031565
Georgia|2017,2017,-0.11887629305978772,0.3398704153534362,0.11049706114682424,2,0.45874670841322396
Georgia|2018,2018,-1.0370273877457528,0.9020991463652599,-0.3366071011772264,3,1.9391265341110127
Georgia|2019,2019,-0.953309816662787,1.0974973031165516,0.07209374322688228,2,2.0508071197793387
Georgia|2020,2020,-0.9197087156741889,1.2765660824060239,0.3411157054459333,6,2.196274798080213
Georgia|2021,2021,-0.3447299892606866,1.9079230339375193,0.8225538500329291,3,2.252653023198206
Georgia|2022,2022,-0.9376603589761758,1.4041706195086598,0.4104559906560441,3,2.3418309784848357
Georgia|2023,2023,-0.9018159377446686,2.269244937630804,0.6237605016159231,5,3.1710608753754728
Georgia|2024,2024,-0.9910442786893662,2.0675222773275013,0.0676902983933957,13,3.0585665560168676
Hawai'i|2016,2016,-0.9898891920345961,1.7738517207564428,0.30057951892669055,4,2.763740912791039
Hawai'i|2017,2017,-0.9511738926094944,1.0017763803496595,-0.2848989113426689,3,1.952950272959154
Hawai'i|2018,2018,-0.9721736575079261,0.1303397565351244,-0.5960220221285324,3,1.1025134140430504
Hawai'i|2019,2019,-0.9787068088581968,1.3006732406798298,-0.0834628339700025,7,2.2793800495380268
Hawai'i|2020,2020,0.08457078601206233,0.384916057544399,0.19407166625822672,3,0.3003452715323367
Hawai'i|2021,2021,-0.9795685685256357,1.5939168549462541,0.3330162666366091,7,2.57348542347189
Hawai'i|2022,2022,-0.9307113056275561,1.3694253527655615,-0.24344992944906868,10,2.3001366583931175
Hawai'i|2023,2023,-0.9090393110370957,0.8534637723151033,-0.2571298713955549,4,1.762503083352199
Hawai'i|2024,2024,-0.9910442786893662,1.124711712730069,-0.013970459170161433,13,2.115755991419435
Houston|2016,2016,-1.0580532055787697,1.736671349732348,0.44568624472906015,3,2.7947245553111175
Houston|2017,2017,-0.6955864407792695,1.6505752965340763,0.6872072088663058,4,2.346161737313346
Houston|2018,2018,-1.0305420147219702,2.261952161992005,0.12688953808647205,10,3.2924941767139755
Houston|2019,2019,-1.0295007932490163,-0.781880119343771,-0.9056904562963937,2,0.24762067390524534
Houston|2021,2021,-0.9659161259607982,2.1058834511276645,0.0762203231551396,6,3.0717995770884627
Houston|2022,2022,-0.9307113056275561,1.8628081405175594,0.3747180020060001,7,2.7935194461451154
Houston|2023,2023,-0.8801458178673875,1.0557182245030605,-0.06270074027439361,6,1.935864042370448
Houston|2024,2024,-0.9836205734563155,2.50552088607749,-0.07842344870633962,15,3.4891414595338053
Idaho|2017,2017,-1.0560302831039454,0.8182776969843698,-0.2702031293415526,11,1.8743079800883153
Illinois|2016,2016,-1.0022826490426278,0.2990303368006866,-0.22304403966264308,4,1.3013129858433143
Illinois|2017,2017,-1.0822443807275581,0.14981820758224335,-0.6746151626803792,5,1.2320625883098015
Illinois|2019,2019,-0.9660083127604919,1.1927360238493383,-0.24431045120759767,3,2.1587443366098302
Illinois|2020,2020,-0.6475208133480086,0.8729771237844464,0.11272815521821888,2,1.520497937132455
Illinois|2021,2021,-0.9386112408311227,1.5120021995572286,0.1112615924048896,5,2.4506134403883513
Illinois|2022,2022,-0.8959660388844577,2.3005985014806,0.481683787479396,8,3.196564540365058
Illinois|2023,2023,-0.8945925644522416,0.9112507586545195,0.1768744739244367,3,1.8058433231067612
Illinois|2024,2024,-0.9836205734563155,2.564910527941895,0.07001530497737311,14,3.5485311013982104
Indiana|2016,2016,-1.0580532055787697,-1.0270695630586908,-1.0456597485707382,3,0.030983642520078902
Indiana|2017,2017,-1.0822443807275581,2.0241261876705585,-0.16393177335037235,8,3.1063705683981166
Indiana|2018,2018,-1.0370273877457528,1.511724210600829,0.06116244428144283,3,2.548751598346582
Indiana|2019,2019,-0.40092523641262456,0.5197157306709794,0.05939524712917743,2,0.920640967083604
Indiana|2021,2021,-1.0000472323728922,1.2253009056956388,0.06484328768444164,4,2.225348138068531
Indiana|2022,2022,-0.6110548515910503,1.62654032666449,0.8968897250594225,6,2.2375951782555403
Indiana|2023,2023,-0.9307094309143769,0.3478276418452101,-0.20355651947672096,3,1.2785370727595868
Indiana|2024,2024,-0.9910442786893662,2.074945982560552,0.1707655902830605,12,3.0659902612499184
Iowa State|2016,2016,-1.0332662915627067,1.0364410287785648,-0.0281569282113467,5,2.0697073203412715
Iowa State|2017,2017,-1.0822443807275581,1.5850400524750443,0.29923856403683635,5,2.6672844332026022
Iowa State|2018,2018,-0.14853128348752948,1.3301337659349148,0.5735069131602722,3,1.4786650494224443
Iowa State|2019,2019,-0.9660083127604919,1.3006732406798298,-0.19298736281270706,4,2.2666815534403217
Iowa State|2021,2021,0.1672366069207238,1.2730844546725704,0.7201605307966471,2,1.1058478477518465
Iowa State|2022,2022,-0.9376603589761758,1.4597630462976174,-0.15068006724499583,4,2.397423405273793
Iowa State|2023,2023,0.5573054673255944,1.2651960499834447,0.9112507586545195,2,0.7078905826578503
Iowa State|2024,2024,-0.9910442786893662,2.364470486649527,0.08075316433232137,16,3.3555147653388935
Iowa|2016,2016,-0.2772654140727811,1.4949989380757327,0.6088667620014758,2,1.7722643521485137
Iowa|2017,2017,-0.9642809414213006,2.432410758158326,0.2961256399440318,4,3.3966916995796264
Iowa|2018,2018,1.7516830124807874,1.97867106831318,1.8651770403969836,2,0.22698805583239268
Iowa|2019,2019,-0.9787068088581968,1.4213089536080261,0.016855285201866056,5,2.400015762466223
Iowa|2021,2021,-0.9386112408311227,2.269712761905716,0.578175128122336,5,3.2083240027368385
Iowa|2022,2022,-0.8334245587468804,1.1887499657014495,0.2957966104038193,4,2.02217452444833
Iowa|2023,2023,-0.9379328042068038,1.0701649710879144,-0.24208117703633192,3,2.0080977752947184
Iowa|2024,2024,-0.8945361106597076,1.651794784276665,0.1852755596022049,11,2.5463308949363723
Jacksonville State|2023,2023,-0.9307094309143769,2.262021564338377,0.009361007571485835,7,3.192730995252754
Jacksonville State|2024,2024,-0.9910442786893662,2.819766328592523,0.13475280547620366,19,3.8108106072818893
James Madison|2022,2022,-0.8959660388844577,0.3131692437753686,-0.2879238708802347,4,1.2091352826598263
James Madison|2023,2023,-0.38895643398234836,1.294089543153153,0.3935756726972481,6,1.6830459771355013
James Madison|2024,2024,-0.9910442786893662,2.1714541505902107,0.12622335888475658,14,3.162498429279577
Kansas State|2016,2016,-0.9093317214823909,1.2223428838990382,0.39611241669693387,3,2.1316746053814293
Kansas State|2017,2017,-0.8463175021150431,1.218042685744465,-0.09266219543617504,4,2.064360187859508
Kansas State|2018,2018,-0.7581563477230987,1.1096310831263048,0.3670558719031912,4,1.8677874308494036
Kansas State|2019,2019,-0.9279128244673772,1.1292435433608137,-0.24346388480108402,5,2.057156367828191
Kansas State|2020,2020,-0.8164650285849478,1.651997671821445,0.26290079098438734,4,2.468462700406393
Kansas State|2021,2021,-0.5495166277332508,1.525654642122066,0.6259586770992676,5,2.075171269855317
Kansas State|2022,2022,-0.9029150922330773,1.5570497931782934,0.5980804310687758,6,2.4599648854113707
Kansas State|2023,2023,-0.9307094309143769,-0.6345511259248681,-0.8295822048203982,4,0.2961583049895088
Kansas State|2024,2024,-0.9910442786893662,1.9487429935986904,-0.12288319449094301,18,2.9397872722880565
Kansas|2016,2016,-0.8473644364422331,2.3040438115600326,0.14532048625857502,8,3.151408248002266
Kansas|2017,2017,-1.0822443807275581,-0.37446374489001255,-0.7764132417854088,3,0.7077806358375456
Kansas|2018,2018,-1.0370273877457528,0.6037719872712579,-0.44037306955774885,3,1.6407993750170107
Kansas|2019,2019,-1.0295007932490163,1.3641657211683542,0.02606169487270213,8,2.3936665144173705
Kansas|2020,2020,-0.8258508183203335,1.0888502876983133,-0.062473253175644304,3,1.9147011060186467
Kansas|2021,2021,-1.0068734536553108,0.5631574413010146,-0.08988439471705119,3,1.5700308949563255
Kansas|2022,2022,-0.9376603589761758,1.1053613255180132,-0.4915311339947917,5,2.043021684494189
Kansas|2023,2023,-0.9234860576219497,2.615966855667302,0.3622743884300643,4,3.539452913289252
Kansas|2024,2024,-0.9836205734563155,2.060098572094451,0.0871061428490667,13,3.0437191455507664
Kennesaw State|2024,2024,-0.9910442786893662,1.7260318366071714,0.30872277919725166,12,2.7170761152965377
Kent State|2016,2016,1.1293919563388015,2.3040438115600326,1.5374671840899206,3,1.174651855221231
Kent State|2017,2017,-1.0560302831039454,0.857598843419789,-0.25256819094021304,5,1.9136291265237344
Kent State|2018,2018,-0.9721736575079261,0.5648597491285621,-0.6057500816642064,6,1.5370334066364881
Kent State|2019,2019,-1.0231515452001638,1.516547674340813,-0.15584426172692026,5,2.539699219540977
Kent State|2020,2020,-0.9103229259388034,-0.028058690812563923,-0.5649258636766159,5,0.8822642351262394
Kent State|2021,2021,-1.0000472323728922,1.894270591372682,0.5317568234018881,5,2.894317823745574
Kent State|2022,2022,-0.9376603589761758,2.416161258668145,-0.027762895263494663,6,3.3538216176443205
Kent State|2023,2023,-0.80068871165069,2.1247774717822634,0.326157521967929,5,2.9254661834329534
Kent State|2024,2024,-0.9910442786893662,2.453554949446135,-0.12589709191461734,13,3.4445992281355013
Kentucky|2016,2016,0.3300139793207655,1.1046050423227387,0.8422768689860702,3,0.7745910630019732
Kentucky|2017,2017,-1.0232626610744295,-0.03368047578304622,-0.6693723431556567,3,0.9895821852913833
Kentucky|2018,2018,-0.9721736575079261,2.261952161992005,0.6099114737337722,6,3.234125819499931
Kentucky|2019,2019,-1.0231515452001638,0.24669806457032453,-0.38822674031491966,2,1.2698496097704883
Kentucky|2020,2020,1.0325355492860002,1.811556097322999,1.4220458233044995,2,0.7790205480369987
Kentucky|2021,2021,-0.9795685685256357,2.0785785659979896,0.00048177273592153735,7,3.058147134523625
Kentucky|2022,2022,-0.9376603589761758,1.2095971257473088,0.39829514729595983,4,2.1472574847234847
Kentucky|2023,2023,-0.9307094309143769,0.9907078648712171,0.029999216978420118,2,1.921417295785594
Kentucky|2024,2024,-0.9465020472910621,1.4439310377512469,-0.015112567667553875,13,2.390433085042309
LSU|2016,2016,-0.2958555995848285,1.5693596801239222,0.7823751601139177,4,1.8652152797087507
LSU|2017,2017,-0.9315133193917846,1.0476510511909818,0.16947878079995302,3,1.9791643705827664
LSU|2018,2018,-1.0305420147219702,0.6167427333188232,-0.33228351916137133,6,1.6472847480407933
LSU|2019,2019,0.9260676057975358,1.56099241068278,1.2646941684029993,3,0.6349248048852442
LSU|2021,2021,-1.0068734536553108,0.8362062925977666,-0.15132038625882052,6,1.8430797462530775
LSU|2022,2022,-0.8959660388844577,1.2095971257473088,0.06201060131811401,7,2.1055631646317665
LSU|2023,2023,-0.9307094309143769,2.2114579512913877,-0.04765204591517061,4,3.1421673822057645
LSU|2024,2024,-0.9910442786893662,1.3399991644885376,-0.25042050955678374,17,2.331043443177904
Liberty|2018,2018,-0.16150202953509477,1.5441510757197423,0.7183469106914182,3,1.7056531052548372
Liberty|2019,2019,-1.0231515452001638,1.9673442858093362,-0.19266990041026447,10,2.9904958310095
Liberty|2020,2020,-0.9197087156741889,0.8917487032552175,-0.3706400161541356,6,1.8114574189294064
Liberty|2021,2021,-0.9727423472432168,1.150212471589032,-0.025035292534072533,6,2.122954818832249
Liberty|2022,2022,-0.9307113056275561,1.4875592596920961,-0.03254616031846108,4,2.418270565319652
Liberty|2024,2024,-0.9836205734563155,1.1395591231961701,-0.3036965118175001,17,2.1231796966524854
Louisiana Tech|2016,2016,-0.0789701019442761,2.3040438115600326,1.0249151137610952,4,2.3830139135043087
Louisiana Tech|2017,2017,-1.0887979051334613,1.3163455518330132,-0.12433756339804043,6,2.4051434569664742
Louisiana Tech|2018,2018,-0.29769486303453047,0.8502161621749986,0.2762606495702341,2,1.147911025209529
Louisiana Tech|2019,2019,-1.0295007932490163,2.3028385527107,0.4935003909492733,9,3.332339345959716
Louisiana Tech|2020,2020,-0.9197087156741889,-0.8727797669972613,-0.8962442413357251,2,0.04692894867692754
Louisiana Tech|2021,2021,-0.4402970872145499,0.7406391946439035,0.15529071967649094,4,1.1809362818584535
Louisiana Tech|2022,2022,-0.9376603589761758,1.2373933391417875,-0.21495881071972794,13,2.1750536981179636
Louisiana Tech|2023,2023,-0.9307094309143769,2.25479819104595,0.12300014811841832,8,3.1855076219603267
Louisiana Tech|2024,2024,-0.9910442786893662,1.4736258586834494,0.295956255804051,11,2.4646701373728157
Louisiana|2016,2016,-0.8535611649462489,0.49732564892919173,-0.31940316790008844,5,1.3508868138754406
Louisiana|2017,2017,-0.9970485634508166,2.432410758158326,-0.08460136041691434,10,3.4294593216091425
Louisiana|2018,2018,-1.0305420147219702,1.4663265994343506,-0.1723109845747326,6,2.4968686141563206
Louisiana|2019,2019,-0.9596590647116394,0.8054318928693394,-0.32110611808419387,7,1.7650909575809788
Louisiana|2020,2020,-0.835236608055719,-0.422261859698756,-0.6287492338772375,2,0.41297474835696296
Louisiana|2021,2021,-0.6655623895343705,1.3413466674967585,0.0757652417363118,5,2.006909057031129
Louisiana|2022,2022,-0.8125773987010213,1.8906043539120385,0.23325513026624214,4,2.7031817526130597
Louisiana|2023,2023,-0.8079120849431171,0.3478276418452101,-0.278799991272836,4,1.1557397267883271
Louisiana|2024,2024,-0.9836205734563155,2.201148971522413,0.0057118772682344075,15,3.1847695449787286
Louisville|2016,2016,-1.0022826490426278,0.831948988146044,-0.08516683044829187,2,1.8342316371886718
Louisville|2017,2017,-0.19096506152472298,1.906162748364301,0.8982306947363888,5,2.0971278098890243
Louisville|2018,2018,-1.0370273877457528,0.9539821305555213,-0.4227699142074816,7,1.991009518301274
Louisville|2019,2019,-1.0231515452001638,1.618135643122452,-0.1040978901287728,4,2.641287188322616
Louisville|2020,2020,-0.835236608055719,1.4548960873783492,0.5413458864674913,3,2.2901326954340684
Louisville|2021,2021,-0.9795685685256357,2.3584536385771604,0.6894425350257624,2,3.338022207102796
Louisville|2022,2022,-0.819526452049641,1.334680086022463,0.1081721699910877,4,2.154206538072104
Louisville|2023,2023,-0.9307094309143769,1.5685777282653808,-0.12478735357358796,7,2.4992871591797576
Louisville|2024,2024,-0.9910442786893662,1.332575459255487,-0.06570125581675876,17,2.323619737944853
Marshall|2016,2016,-1.0518564770747538,1.5073923950837644,-0.25867522856073377,5,2.559248872158518
Marshall|2017,2017,-1.0822443807275581,0.726528355301725,-0.41815390759603394,3,1.8087727360292831
Marshall|2018,2018,-0.920290673317665,2.261952161992005,0.14910410248393524,3,3.18224283530967
Marshall|2019,2019,-1.0295007932490163,0.9705123421395029,-0.16917768262951044,4,2.000013135388519
Marshall|2020,2020,-0.9197087156741889,0.8917487032552175,-0.013980006209485696,2,1.8114574189294064
Marshall|2021,2021,-0.9727423472432168,1.6485266252056046,-0.1686134801742815,10,2.6212689724488216
Marshall|2022,2022,-0.9376603589761758,1.18180091235283,-0.49490638847840696,7,2.1194612713290057
Marshall|2023,2023,-0.9379328042068038,1.5613543549729534,-0.14697342868604252,4,2.499287159179757
Marshall|2024,2024,-0.9316546368249609,2.819766328592523,0.058635162553601065,16,3.7514209654174837
Maryland|2016,2016,-0.041789730920181484,0.8815228161781703,0.3196860984807392,3,0.9233125470983518
Maryland|2017,2017,-1.0887979051334613,1.3818807958920452,-0.3023749764250774,6,2.4706787010255065
Maryland|2018,2018,0.7464501937944763,1.3495898850062629,1.0480200394003696,2,0.6031396912117866
Maryland|2019,2019,-0.9406113205650822,2.1641709753237617,-0.10462699413284406,6,3.104782295888844
Maryland|2021,2021,-0.9044801344190285,2.0649261234331515,0.542678777453758,4,2.96940625785218
Maryland|2022,2022,-0.7639340252606835,1.17485185900421,0.4197213951208704,3,1.9387858842648935
Maryland|2023,2023,-0.9307094309143769,2.1247774717822634,0.08778620331783657,7,3.0554869026966403
Maryland|2024,2024,-0.9836205734563155,1.3622702801876898,-0.2078433766025226,16,2.345890853644005
Massachusetts|2016,2016,-1.0518564770747538,1.1046050423227387,-0.2958555995848284,6,2.1564615193974923
Massachusetts|2017,2017,-1.0822443807275581,1.6964499673753985,-0.14509039068340063,4,2.778694348102957
Massachusetts|2018,2018,-1.0305420147219702,1.719256147361874,-0.01975030487241685,7,2.7497981620838443
Massachusetts|2019,2019,-1.0231515452001638,1.3641657211683542,-0.23663844314856766,8,2.387317266368518
Massachusetts|2021,2021,-0.7065197172288834,1.081950258764844,0.34926917445189193,3,1.7884699759937273
Massachusetts|2022,2022,-0.9376603589761758,0.20198439019745348,-0.5763095848479518,6,1.1396447491736292
Massachusetts|2023,2023,-0.9307094309143769,0.5573054673255944,-0.3772184523821545,8,1.4880148982399712
Massachusetts|2024,2024,-0.9910442786893662,1.2212198807597274,-0.20837364126202623,14,2.2122641594490937
Memphis|2016,2016,-1.0580532055787697,2.1084750599732955,0.10073502467218165,9,3.1665282655520652
Memphis|2017,2017,-1.0298161854803327,2.432410758158326,0.008343999469807684,8,3.4622269436386586
Memphis|2018,2018,-0.8489515700560558,0.7853624319371721,-0.031794569059441835,2,1.634314001993228
Memphis|2019,2019,-1.0041038010536065,1.2244822640936004,-0.22102987502847207,6,2.2285860651472067
Memphis|2020,2020,-0.9197087156741889,0.009484468128978121,-0.4551121237726054,2,0.929193183803167
Memphis|2021,2021,0.3515445815460315,0.8771636202922796,0.5904623264306897,3,0.525619038746248
Memphis|2022,2022,-0.9376603589761758,2.224158914645783,0.12091210113022367,6,3.1618192736219592
Memphis|2023,2023,-0.9090393110370957,1.8141724202079001,-0.3208503429394649,7,2.7232117312449957
Memphis|2024,2024,-0.9836205734563155,2.156606740124109,0.28853255057100036,11,3.1402273135804246
Miami (OH)|2016,2016,-0.7730036943940438,0.08834156766414998,-0.3423310633649469,2,0.8613452620581938
Miami (OH)|2017,2017,-1.0887979051334613,1.7226640649990115,0.26942002798997683,4,2.8114619701324726
Miami (OH)|2018,2018,-1.0046005226268393,0.6297134793663886,-0.285805012490929,6,1.6343140019932278
Miami (OH)|2019,2019,-1.0295007932490163,2.3028385527107,-0.08270092420414013,7,3.332339345959716
Miami (OH)|2021,2021,-1.0000472323728922,1.395956437756109,0.5467745102232093,5,2.396003670129001
Miami (OH)|2022,2022,-0.9098641455816969,0.021309003133341553,-0.44427757122417766,2,0.9311731487150385
Miami (OH)|2023,2023,-0.9307094309143769,2.1103307251974086,0.07735244189544181,9,3.0410401561117855
Miami (OH)|2024,2024,-0.9910442786893662,2.819766328592523,0.1849448672781872,13,3.8108106072818893
Miami|2016,2016,-1.0518564770747538,2.0217208609170743,0.32647299160418514,7,3.073577337991828
Miami|2017,2017,0.1432646831763402,0.7789565505489506,0.46111061686264543,2,0.6356918673726104
Miami|2018,2018,-0.213385013725356,1.6673731631716129,0.8794003407820207,4,1.8807581768969688
Miami|2019,2019,-1.0295007932490163,0.46892174628016003,-0.39076643953446066,5,1.4984225395291764
Miami|2021,2021,0.5222001136065016,0.5836361051482709,0.5529181093773863,2,0.061435991541769264
Miami|2022,2022,-0.9376603589761758,0.7857048714815075,-0.1645781739422352,4,1.7233652304576834
Miami|2023,2023,-0.8584756979901064,1.922523019594306,0.8996933613866362,5,2.780998717584412
Miami|2024,2024,-0.9539257525241129,1.5330155005478545,-0.16860379179925492,14,2.4869412530719677
Michigan State|2016,2016,-1.0580532055787697,1.5383760376038431,0.15444000504031838,6,2.596429243182613
Michigan State|2017,2017,-1.0494767586980422,-0.616944147908431,-0.8987456973622686,3,0.43253261078961125
Michigan State|2018,2018,0.039544534202167324,2.1472907669315293,1.2263677975543925,3,2.107746232729362
Michigan State|2019,2019,-0.013621105432625676,1.243530008240158,0.6784469318922906,3,1.2571511136727835
Michigan State|2020,2020,-0.8633939772618757,1.2108655542583253,-0.016326453643332073,4,2.074259531520201
Michigan State|2021,2021,-1.0000472323728922,-0.9386112408311227,-0.9693292366020074,2,0.061435991541769486
Michigan State|2022,2022,-0.9376603589761758,2.4117833550585153,0.573063839013745,5,3.349443714034691
Michigan State|2023,2023,-0.9379328042068038,1.4385570090016937,-0.4355070618668783,9,2.3764898132084973
Michigan State|2024,2024,-0.9910442786893662,1.1469828284292207,-0.294526052411967,17,2.138027107118587
Michigan|2016,2016,-0.9217251784904226,1.3276872684673067,0.37752223118488654,6,2.249412446957729
Michigan|2018,2018,-0.19392889465400798,1.323648392911132,0.6837582545645774,3,1.5175772875651399
Michigan|2019,2019,-0.9914053049559016,1.6435326353178614,0.12606235164212803,5,2.634937940273763
Michigan|2021,2021,0.9590782756813054,1.9284016977847753,1.3572745171557354,3,0.9693234221034699
Michigan|2022,2022,-0.8959660388844577,0.7787558181328877,-0.17326449062800983,3,1.6747218570173454
Michigan|2023,2023,-0.9307094309143769,1.806949046915473,0.03120311252715798,6,2.73765847782985
Michigan|2024,2024,-0.9910442786893662,1.124711712730069,-0.06803026138006872,15,2.115755991419435
Middle Tennessee|2016,2016,-0.7853971514020752,1.6375236936680955,0.2048400635396468,5,2.4229208450701707
Middle Tennessee|2017,2017,-0.9708344658272038,1.073865148814595,0.10230515563944531,4,2.044699614641799
Middle Tennessee|2018,2018,-1.0305420147219702,2.108378528788833,0.5116796903335443,5,3.138920543510803
Middle Tennessee|2019,2019,-0.8263248556857381,2.2403619519099913,0.44352475408475023,4,3.0666868075957296
Middle Tennessee|2020,2020,-0.8258508183203335,0.2253576320428451,-0.3002465931387442,2,1.0512084503631787
Middle Tennessee|2021,2021,-0.9454374621135417,2.4471945152486048,0.7474654159263221,4,3.3926319773621465
Middle Tennessee|2023,2023,-0.9379328042068038,1.7708321804533378,0.21491757326455246,5,2.7087649846601414
Middle Tennessee|2024,2024,-0.9836205734563155,1.9932852249969946,-0.06159638351142483,15,2.97690579845331
Minnesota|2016,2016,-1.0208728345546751,1.8420157343006165,0.33868939922638763,5,2.8628885688552916
Minnesota|2017,2017,-0.7873357824619143,0.8969199898552082,0.04660019818926797,4,1.6842557723171225
Minnesota|2018,2018,0.42218154260534374,1.9721856952893972,1.1971836189473706,2,1.5500041526840536
Minnesota|2019,2019,-1.0231515452001638,1.9102010533696643,0.47685830634122556,4,2.933352598569828
Minnesota|2020,2020,-0.9197087156741889,-0.10314500869564812,-0.6451743659141622,4,0.8165637069785407
Minnesota|2021,2021,-0.9317850195487041,0.6655507605372966,-0.2614500896151773,5,1.5973357800860006
Minnesota|2022,2022,-0.8056283453524017,1.202648072398689,0.2454159736263266,4,2.0082764177510906
Minnesota|2023,2023,-0.8368055781128251,1.5180141152183915,0.7306664263438436,3,2.3548196933312164
Minnesota|2024,2024,-0.9836205734563155,1.6666421947427663,0.35264636849280134,12,2.650262768199082
Mississippi State|2016,2016,0.4539485494010812,0.9558835582263596,0.7049160538137205,2,0.5019350088252784
Mississippi State|2017,2017,-0.5448553794434958,1.4998442351983028,0.13998792097338864,4,2.0446996146417984
Mississippi State|2018,2018,-0.9721736575079261,2.261952161992005,0.2532159574257263,6,3.234125819499931
Mississippi State|2019,2019,-0.9025158322719674,1.707025115806386,0.29193645691839815,8,2.6095409480783536
Mississippi State|2020,2020,-0.32840396234490077,0.5350886933105674,0.10334236548283332,2,0.8634926556554682
Mississippi State|2021,2021,-0.8840014705717723,1.6417004039231857,0.5062722639475244,3,2.525701874494958
Mississippi State|2022,2022,-0.9376603589761758,2.008738260838573,0.5644933398837807,6,2.946398619814749
Mississippi State|2023,2023,-0.9307094309143769,2.0886606053201278,0.6223158269574378,5,3.0193700362345046
Mississippi State|2024,2024,-0.9613494577571634,2.819766328592523,0.07268854588081733,15,3.7811157863496865
Missouri|2016,2016,-1.0518564770747538,1.451621838547622,0.22260401858449197,3,2.5034783156223757
Missouri|2017,2017,-0.9315133193917846,1.0345440023791754,0.09083648792911457,6,1.96605732177096
Missouri|2018,2018,-0.9981151496030567,0.4416376616766917,-0.5911579923606954,4,1.4397528112797484
Missouri|2019,2019,-1.0295007932490163,0.5832082111595039,-0.44536997275459167,6,1.6127090044085204
Missouri|2020,2020,1.3516524002891082,1.3610381900244937,1.356345295156801,2,0.009385789735385508
Missouri|2021,2021,-1.0000472323728922,0.36519702411086913,-0.29694644028375505,4,1.3652442564837612
Missouri|2023,2023,-0.8945925644522416,1.9730866326412946,0.8444345556995693,4,2.867679197093536
Missouri|2024,2024,-0.9539257525241129,1.4736258586834494,-0.05516250564278094,15,2.427551611207562
NC State|2016,2016,-1.0022826490426278,2.3040438115600326,0.3729366520919147,6,3.3063264606026603
NC State|2017,2017,-1.0560302831039454,1.6898964429694956,0.03513153047893739,6,2.7459267260734412
NC State|2018,2018,-1.0370273877457528,0.7918478049609547,-0.6576330658544677,6,1.8288751927067075
NC State|2019,2019,-0.9914053049559016,0.49431873847556973,-0.1861090107597836,6,1.4857240434314714
NC State|2020,2020,-0.8258508183203335,0.685261329076736,-0.07029474462179874,2,1.5111121473970694
NC State|2021,2021,-1.0000472323728922,-0.46077575106180635,-0.8202900719358636,3,0.5392714813110858
NC State|2022,2022,-0.9376603589761758,1.8489100338203202,0.08558774660807365,8,2.786570392796496
NC State|2023,2023,-0.9379328042068038,1.2435259301061636,0.06852387453803103,6,2.1814587343129674
NC State|2024,2024,-0.6940960693673401,2.2308437924546154,0.4070868735351727,12,2.9249398618219553
Navy|2016,2016,-0.9712990065225487,0.3609976218408444,-0.5272001304014177,3,1.3322966283633932
Navy|2017,2017,-1.0494767586980422,0.6675466356485962,0.060253374034899686,3,1.7170233943466384
Navy|2018,2018,-1.0305420147219702,2.0110979334320933,-0.11286173185672489,8,3.0416399481540637
Navy|2019,2019,-0.8326741037345906,-0.10251057811655981,-0.5490743575525149,3,0.7301635256180308
Navy|2020,2020,-0.8633939772618757,0.7603476469598202,-0.2705249256433567,6,1.623741624221696
Navy|2021,2021,-1.0068734536553108,1.006861824658237,0.0034072961426725003,5,2.013735278313548
Navy|2022,2022,-0.9029150922330773,-0.5902076915451913,-0.7465613918891343,2,0.31270740068788605
Navy|2023,2023,-0.8656990712825333,0.7595599195135516,-0.05306957588449085,2,1.6252589907960848
Navy|2024,2024,-0.9836205734563155,2.074945982560552,-0.12830367767697995,14,3.0585665560168676
Nebraska|2016,2016,-1.0518564770747538,2.0093274039090425,0.02843985879199747,3,3.0611838809837963
Nebraska|2017,2017,-1.0363697098862357,0.864152367825692,-0.3941243181077222,4,1.9005220777119276
Nebraska|2018,2018,-0.9721736575079261,1.4338997343154372,0.5681024356404534,4,2.406073391823363
Nebraska|2019,2019,-0.8580710959300003,1.01495707848147,-0.32367605181825315,6,1.8730281744114703
Nebraska|2020,2020,-0.9103229259388034,0.6758755393413504,-0.1172236932987265,2,1.5861984652801537
Nebraska|2021,2021,0.4812427859119889,1.4164351016033654,0.9772815324344221,3,0.9351923156913765
Nebraska|2022,2022,-0.9307113056275561,-0.6596982250313881,-0.795204765329472,2,0.271013080596168
Nebraska|2023,2023,-0.9379328042068038,1.135175330719758,-0.09520592009031527,6,2.073108134926562
Nebraska|2024,2024,-0.9836205734563155,1.7483029523063234,-0.10994326384166724,16,2.731923525762639
Nevada|2016,2016,-0.9774957350265645,0.5283092914492706,-0.5700608358875269,4,1.5058050264758351
Nevada|2017,2017,-1.0494767586980422,0.6020113915895642,-0.35807993387525466,6,1.6514881502876064
Nevada|2018,2018,-0.9981151496030567,1.8100513696948313,0.39732094601417706,6,2.808166519297888
Nevada|2019,2019,-1.0295007932490163,0.9070198616509785,-0.47330666416954237,5,1.936520654899995
Nevada|2020,2020,-0.6944497620249361,0.9105202827259884,-0.08750202580333898,3,1.6049700447509245
Nevada|2021,2021,-0.5631690702980885,1.361825331344015,0.46759034334715127,3,1.9249944016421034
Nevada|2022,2022,-0.9376603589761758,2.416161258668145,0.028744490216364542,9,3.3538216176443205
Nevada|2023,2023,-0.9307094309143769,2.615966855667302,-0.15264893627294945,7,3.546676286581679
Nevada|2024,2024,-0.9910442786893662,2.409012718047831,0.3693497052671653,12,3.4000569967371974
New Mexico State|2016,2016,-0.9465120925064855,-0.7853971514020752,-0.8690529862062883,4,0.16111494110441027
New Mexico State|2017,2017,-1.0887979051334613,0.27433517129440427,-0.6316895778217131,4,1.3631330764278655
New Mexico State|2018,2018,-0.6349342602712283,2.261952161992005,0.656757484875562,4,2.8968864222632336
New Mexico State|2019,2019,-1.0295007932490163,1.4149597055591738,0.14590375179479204,8,2.44446049880819
New Mexico State|2021,2021,-0.9659161259607982,1.7440937231594678,-0.1279974635438897,4,2.710009849120266
New Mexico State|2022,2022,-0.9029150922330773,1.3833234594628012,-0.1357396025454634,5,2.2862385516958783
New Mexico State|2023,2023,-0.9379328042068038,1.4385570090016937,-0.0025059628375015686,8,2.3764898132084973
New Mexico State|2024,2024,-0.9836205734563155,2.201148971522413,0.07319689293439481,14,3.1847695449787286
New Mexico|2016,2016,-0.9960859205386119,1.1479821418508491,0.07517351959311655,8,2.144068062389461
New Mexico|2017,2017,-1.0822443807275581,1.6505752965340763,0.08166155376085019,5,2.7328196772616344
New Mexico|2018,2018,-0.9462321654127954,1.531180329672177,0.5591850477327522,8,2.4774124950849723
New Mexico|2019,2019,-1.0295007932490163,1.1419420394585187,0.08320492731237411,4,2.171442832707535
New Mexico|2020,2020,-0.1313023779018047,-0.12191658816641926,-0.12660948303411199,2,0.009385789735385452
New Mexico|2021,2021,-1.0068734536553108,0.42663301565263845,-0.5578597870784294,9,1.4335064693079493
New Mexico|2022,2022,-0.9376603589761758,2.416161258668145,0.14309811212125007,5,3.3538216176443205
New Mexico|2023,2023,-0.9090393110370957,0.7162196797589894,-0.4314940767044188,9,1.625258990796085
New Mexico|2024,2024,-0.9836205734563155,2.817316505865617,-0.044934289543911154,18,3.8009370793219324
North Carolina|2016,2016,-1.0580532055787697,1.3400807254753382,-0.04798645942419713,4,2.398133931054108
North Carolina|2017,2017,-1.0822443807275581,1.093525722032304,-0.3569876798076041,3,2.175770102759862
North Carolina|2018,2018,-1.0305420147219702,1.1031457101025222,-0.2506759086121063,4,2.133687724824492
North Carolina|2019,2019,-0.9596590647116394,1.9863920299558935,0.046696751031472555,4,2.946051094667533
North Carolina|2020,2020,-0.8540081875264901,-0.6569066030833941,-0.7554573953049422,2,0.197101584443096
North Carolina|2021,2021,-1.0000472323728922,-0.30377266156617383,-0.7110705314171626,3,0.6962745708067184
North Carolina|2023,2023,-0.9018159377446686,1.6408114611896512,0.22936431984940664,5,2.5426273989343198
North Carolina|2024,2024,-0.9539257525241129,1.8596585308020832,0.09053246834124383,13,2.813584283326196
North Texas|2016,2016,-1.0580532055787697,1.0984083138187226,-0.3689769959322147,5,2.1564615193974923
North Texas|2017,2017,-0.7218005384028823,2.27316011509488,0.8554143352844878,3,2.9949606534977624
North Texas|2018,2018,-1.0370273877457528,2.2316006162407036,0.3236038726438475,5,3.268628003986456
North Texas|2019,2019,-0.9660083127604919,1.345117977021797,0.3578099054252422,6,2.3111262897822886
North Texas|2020,2020,-0.835236608055719,1.6332260923506738,-0.29242510169258956,6,2.468462700406393
North Texas|2021,2021,-1.0068734536553108,0.76111785849116,-0.3925135382376183,3,1.7679913121464708
North Texas|2022,2022,-0.9307113056275561,1.1401065922611116,-0.14199375055922125,4,2.0708178978886678
North Texas|2023,2023,-0.9307094309143769,1.4457803822941209,-0.07112800911555846,9,2.3764898132084977
North Texas|2024,2024,-0.9093835211258089,2.3421993709503752,0.09652853795255398,14,3.251582892076184
Northern Illinois|2016,2016,-1.0518564770747538,1.3772610964994327,-0.40119998415309677,4,2.4291175735741866
Northern Illinois|2017,2017,-1.0625838075098486,1.244256783368078,-0.16475096390111021,6,2.3068405908779264
Northern Illinois|2018,2018,-0.9981151496030567,0.8891284003176946,-0.2814814304750738,4,1.8872435499207514
Northern Illinois|2019,2019,-1.0231515452001638,1.6498818833667142,-0.16427144550085174,11,2.673033428566878
Northern Illinois|2020,2020,-0.9103229259388034,-0.8633939772618757,-0.8790369601541849,3,0.04692894867692765
Northern Illinois|2021,2021,-1.0068734536553108,1.1433862503066132,-0.32595788073403487,4,2.150259703961924
Northern Illinois|2022,2022,0.29232208372950946,0.38265977726156547,0.33749093049553747,2,0.09033769353205601
Northern Illinois|2023,2023,-0.9307094309143769,-0.80068871165069,-0.8656990712825334,2,0.13002071926368686
Northern Illinois|2024,2024,-0.9836205734563155,1.7408792470732726,-0.14078257266396513,15,2.724499820529588
Northwestern|2016,2016,-1.0580532055787697,-0.878348078962312,-0.9609711256825224,3,0.17970512661645766
Northwestern|2017,2017,-0.8594245509268496,1.9848050412351392,0.683930446663354,4,2.8442295921619887
Northwestern|2018,2018,-0.13556053743996416,1.4533558533867852,0.6794346725487223,3,1.5889163908267494
Northwestern|2019,2019,-0.9977545530047541,1.3578164731195017,-0.26378147855741185,5,2.355571026124256
Northwestern|2020,2020,-0.8821655567326468,1.2484087131998673,0.25351500124900167,3,2.1305742699325143
Northwestern|2021,2021,-1.0068734536553108,-0.15359579335296003,-0.7201721597937208,3,0.8532776603023507
Northwestern|2022,2022,-0.9307113056275561,1.3416291393710826,0.20545891687176326,2,2.2723404449986386
Northwestern|2023,2023,-0.9307094309143769,-0.2661590880110887,-0.5984342594627328,2,0.6645503429032882
Northwestern|2024,2024,-0.9910442786893662,1.963590404064792,0.28150252667606596,12,2.954634682754158
Notre Dame|2016,2016,-1.0208728345546751,0.8691293591701387,-0.2256260098726496,3,1.890002193724814
Notre Dame|2018,2018,-0.7322148556279681,1.7646537585283526,0.25140005297906737,3,2.4968686141563206
Notre Dame|2019,2019,-0.9914053049559016,1.3324194809240921,0.039289294974478105,6,2.3238247858799936
Notre Dame|2020,2020,-0.9103229259388034,2.3277745327692028,0.9105202827259885,3,3.238097458708006
Notre Dame|2022,2022,-0.9376603589761758,0.38960883061018514,-0.04470700367854556,4,1.327269189586361
Notre Dame|2023,2023,-0.9018159377446686,0.9040273853620926,-0.06679398514010224,5,1.8058433231067612
Notre Dame|2024,2024,-0.9093835211258089,2.819766328592523,0.318884417622206,14,3.7291498497183317
Ohio State|2016,2016,-0.8721513504582963,2.3040438115600326,0.7631033344664284,4,3.176195162018329
Ohio State|2017,2017,0.27433517129440427,1.6636823453458827,0.9777467908613477,3,1.3893471740514785
Ohio State|2019,2019,-0.17870155470278906,1.1927360238493383,0.6197163874404055,4,1.3714375785521273
Ohio State|2021,2021,-0.9659161259607982,0.003407296142672387,-0.5768215128629262,3,0.9693234221034707
Ohio State|2022,2022,-0.3608889310407413,1.1053613255180132,0.29463843484571606,3,1.4662502565587545
Ohio State|2024,2024,-0.9910442786893662,2.661418695971553,0.25385398346835814,13,3.6524629746609194
Ohio|2016,2016,-1.0208728345546751,2.0589012319411686,-0.2400850430486865,6,3.079774066495844
Ohio|2017,2017,-1.0822443807275581,2.3714629811834285,0.00236390844942147,4,3.4537073619109866
Ohio|2018,2018,-0.9073199272700997,1.2977069008160016,0.026573788154602058,3,2.205026828086101
Ohio|2019,2019,-0.9215635764185248,2.2403619519099913,0.4514613141458158,4,3.161925528328516
Ohio|2020,2020,-0.8258508183203335,-0.5442771262587678,-0.6850639722895506,2,0.2815736920615657
Ohio|2021,2021,-0.9727423472432168,0.6314196541252026,-0.1763498642943561,6,1.6041620013684195
Ohio|2022,2022,-0.9307113056275561,1.5570497931782934,0.11561758429318027,7,2.4877610988058496
Ohio|2023,2023,-0.9379328042068038,1.460227128878975,-0.08763857664110597,7,2.398159933085779
Ohio|2024,2024,-0.9910442786893662,1.8893533517342858,-0.09364932257647883,17,2.880397630423652
Oklahoma State|2016,2016,-1.0518564770747538,2.3040438115600326,0.24891119666020683,5,3.3559002886347864
Oklahoma State|2017,2017,-1.0822443807275581,1.9979120900469456,-0.13198334187159422,8,3.0801564707745035
Oklahoma State|2018,2018,-1.0305420147219702,1.609004805957569,-0.27337471419534554,4,2.639546820679539
Oklahoma State|2019,2019,-1.0295007932490163,0.9705123421395029,-0.5901328282684274,5,2.000013135388519
Oklahoma State|2021,2021,-1.0000472323728922,1.8328345998309123,0.27304303679821523,4,2.8328818322038045
Oklahoma State|2022,2022,-0.9376603589761758,2.416161258668145,0.4289230999300009,4,3.3538216176443205
Oklahoma State|2024,2024,-0.9836205734563155,2.1937252662893623,0.012465993401833365,17,3.1773458397456777
Oklahoma|2016,2016,-1.0518564770747538,0.9558835582263596,-0.4867148375085145,5,2.0077400353011132
Oklahoma|2017,2017,-1.0232626610744295,1.1787215393090462,0.2890806012076864,4,2.2019842003834755
Oklahoma|2019,2019,-1.0231515452001638,0.9832108382372078,-0.30357009966355375,3,2.006362383437372
Oklahoma|2020,2020,-0.6287492338772375,1.3798097694952647,0.6352037838213463,3,2.0085590033725023
Oklahoma|2021,2021,-0.9590899046783792,1.1092551438945188,-0.3822742063139901,4,2.068345048572898
Oklahoma|2022,2022,0.2506277636377913,1.1887499657014495,0.8389809471542584,3,0.9381222020636582
Oklahoma|2023,2023,0.18891342941181505,0.5428587207407403,0.3658860750762777,2,0.3539452913289252
Oklahoma|2024,2024,-0.9910442786893662,1.6592184895097157,-0.1363283495241347,15,2.650262768199082
Old Dominion|2016,2016,-1.0580532055787697,-0.08516683044829185,-0.7869463335280793,4,0.9728863751304778
Old Dominion|2017,2017,-1.0822443807275581,1.1590609660913362,-0.0280631691494149,7,2.241305346818894
Old Dominion|2018,2018,-1.0305420147219702,1.7322268934094394,-0.1582593430232035,10,2.7627689081314095
Old Dominion|2019,2019,-0.9977545530047541,1.218133016044748,0.001617089884620304,5,2.215887569049502
Old Dominion|2021,2021,-1.0000472323728922,1.1979960205659637,-0.04535142730317619,7,2.198043252938856
Old Dominion|2022,2022,-0.9376603589761758,2.1268721677651077,0.03173258315627103,8,3.0645325267412833
Old Dominion|2023,2023,-0.9379328042068038,0.7595599195135516,-0.29746037227827254,3,1.6974927237203554
Old Dominion|2024,2024,-0.9910442786893662,2.468402359912237,-0.02637502646128452,18,3.4594466386016034
Ole Miss|2016,2016,-0.7172331378579017,0.3981779928649391,-0.14341607838604026,5,1.1154111307228407
Ole Miss|2017,2017,-0.8725315997386559,0.6151184404013706,-0.14727489881870168,3,1.4876500401400266
Ole Miss|2018,2018,-0.8748930621511863,1.7905952506234832,0.05791975776955161,6,2.6654883127746696
Ole Miss|2019,2019,-1.0231515452001638,1.446705945803436,-0.24536865921573972,6,2.4698574910035997
Ole Miss|2020,2020,-0.9197087156741889,0.6195608009290373,-0.15007395737257578,2,1.5392695166032262
Ole Miss|2021,2021,0.06484328768444163,1.040992931070331,0.6427966895959005,3,0.9761496433858894
Ole Miss|2022,2022,-0.9376603589761758,2.1407702744623474,0.9802783652428589,3,3.078430633438523
Ole Miss|2023,2023,-0.9379328042068038,1.8791827798397436,0.048960571871041136,8,2.8171155840465474
Ole Miss|2024,2024,-0.9910442786893662,1.985861519763944,0.03639652556484371,15,2.97690579845331
Oregon State|2016,2016,-0.46936399769727033,1.6437204221721116,0.8526047498260967,3,2.1130844198693817
Oregon State|2017,2017,-0.4137848913254318,-0.1778580127129166,-0.30565173862802897,4,0.23592687861251518
Oregon State|2018,2018,-1.0305420147219702,0.24707647096321214,-0.4455613679767749,5,1.2776184856851822
Oregon State|2019,2019,-1.0231515452001638,0.9387661018952407,-0.22822568948383815,5,1.9619176470954045
Oregon State|2020,2020,-0.9103229259388034,1.0606929184921567,-0.00615851476333118,3,1.9710158444309602
Oregon State|2022,2022,-0.9029150922330773,1.744674233591025,0.8899406717108029,4,2.6475893258241023
Oregon State|2023,2023,-0.9090393110370957,2.2114579512913877,0.3803328216611318,4,3.1204972623284832
Oregon State|2024,2024,-0.9910442786893662,2.39416530758173,-0.20980847504656544,17,3.3852095862710962
Oregon|2016,2016,-1.0518564770747538,-0.4383803551771915,-0.7451184161259726,2,0.6134761218975624
Oregon|2017,2017,-0.9052992217681719,1.3687737470802386,0.494970492959812,3,2.2740729688484107
Oregon|2018,2018,-1.0370273877457528,1.4338997343154372,-0.377140682575868,4,2.47092712206119
Oregon|2019,2019,-1.0295007932490163,1.7514698521483532,0.4244770099381929,6,2.7809706453973693
Oregon|2020,2020,-0.9103229259388034,0.5444744830459529,0.040770433913596436,3,1.4547974089847564
Oregon|2021,2021,-1.0068734536553108,2.3789323024244164,0.5483672951891071,6,3.3858057560797272
Oregon|2022,2022,-0.9307113056275561,1.835011927123081,0.192255715509386,5,2.765723232750637
Oregon|2023,2023,-0.9379328042068038,2.0886606053201278,0.48025615220637263,6,3.0265934095269316
Oregon|2024,2024,-0.9910442786893662,1.3474228697215884,-0.1999556897924063,16,2.3384671484109547
Penn State|2016,2016,-0.2772654140727811,1.4702120240596697,0.5964733049934443,2,1.7474774381324507
Penn State|2017,2017,-1.0822443807275581,1.3818807958920452,0.6478860624308866,5,2.4641251766196035
Penn State|2018,2018,-0.8878638081987517,1.3949874961727415,0.5908012412236928,3,2.2828513043714933
Penn State|2019,2019,-0.9977545530047541,1.8721055650765495,0.21018988828942287,4,2.8698601180813035
Penn State|2021,2021,-1.0000472323728922,1.600743076228673,0.039244957875371134,4,2.600790308601565
Penn State|2022,2022,-0.7778321319579229,2.321445661526459,0.639774751160494,3,3.099277793484382
Penn State|2023,2023,-0.9090393110370957,0.6801028132968541,0.03722259027084716,5,1.5891421243339496
Penn State|2024,2024,-0.8722649949605557,2.819766328592523,0.14771962535020886,16,3.6920313235530786
Pittsburgh|2016,2016,0.6398504045215547,1.8853928338287267,1.261588831091138,3,1.245542429307172
Pittsburgh|2017,2017,-1.0887979051334613,1.0410975267850786,0.2240914841824797,3,2.12989543191854
Pittsburgh|2018,2018,-1.0370273877457528,0.8177892970560854,-0.2025760586857183,3,1.8548166848018381
Pittsburgh|2019,2019,0.011775886762784087,1.027655574579175,0.5197157306709795,2,1.0158796878163907
Pittsburgh|2020,2020,0.8166623853721332,2.834607178480021,1.7427269725968382,3,2.0179447931078878
Pittsburgh|2021,2021,-1.0068734536553108,1.0136880459406559,0.0034072961426725445,2,2.0205614995959666
Pittsburgh|2022,2022,-0.7847811853065426,1.4667120996462373,0.6490401556253204,3,2.25149328495278
Pittsburgh|2023,2023,-0.7284549787264195,1.315759663030434,0.3261575219679289,4,2.0442146417568536
Pittsburgh|2024,2024,-0.9836205734563155,2.819766328592523,0.11208120041579507,14,3.8033869020488384
Purdue|2016,2016,-1.0580532055787697,1.5755564086279377,-0.3237408778528995,8,2.6336096142067076
Purdue|2017,2017,-1.0822443807275581,1.3163455518330132,-0.26305382998965815,6,2.3985899325605713
Purdue|2018,2018,-1.0370273877457528,1.6544024171240477,-0.20041426767779072,7,2.6914298048698004
Purdue|2019,2019,-1.0231515452001638,0.6340021955503236,-0.19457467482492014,2,1.6571537407504873
Purdue|2020,2020,-0.9103229259388034,0.5914034317228807,-0.40114383279413857,4,1.501726357661684
Purdue|2021,2021,-0.8362179215948408,0.6928556456669719,-0.07168113796393444,2,1.5290735672618125
Purdue|2022,2022,-0.9029150922330773,1.0289217386831968,0.025941705365754686,6,1.9318368309162741
Purdue|2023,2023,-0.5839875128778786,2.3198085506777932,0.6512093201271459,4,2.9037960635556717
Purdue|2024,2024,-0.9836205734563155,2.819766328592523,-0.068208783815435,14,3.8033869020488384
Rice|2016,2016,-0.9898891920345961,0.21847286624848142,-0.4569705406892388,3,1.2083620582830776
Rice|2017,2017,-0.43999898894904454,0.45128033025379055,-0.13416785000689527,3,0.8912793192028351
Rice|2018,2018,-0.9138053002938823,0.039544534202167324,-0.45550560661324163,6,0.9533498344960496
Rice|2019,2019,-0.9977545530047541,0.4752709943290123,-0.5964820763172798,5,1.4730255473337666
Rice|2021,2021,-0.9795685685256357,1.7099626167473738,-0.36930438587739445,5,2.6895311852730095
Rice|2022,2022,-0.9307113056275561,0.639774751160494,-0.259432752150894,5,1.57048605678805
Rice|2024,2024,-0.9910442786893662,1.562710321480057,-0.23800217911179092,16,2.553754600169423
Rutgers|2016,2016,-1.0518564770747538,1.0736213998026591,-0.5945379134783891,5,2.125477876877413
Rutgers|2017,2017,-0.5055342330080765,1.1918285881208524,0.3431471775563879,2,1.697362821128929
Rutgers|2018,2018,-0.7840978398182293,1.7711391315521352,0.6005293007593666,4,2.5552369713703644
Rutgers|2019,2019,-0.9596590647116394,0.4498740021336027,-0.03425616159139604,4,1.4095330668452422
Rutgers|2021,2021,-1.0000472323728922,0.3993281305229632,-0.6327965273787604,5,1.3993753628958554
Rutgers|2022,2022,-0.9376603589761758,2.258904181388882,0.44172673072483276,6,3.196564540365058
Rutgers|2023,2023,-0.9379328042068038,0.9545909984090819,-0.615976737458627,7,1.8925238026158857
Rutgers|2024,2024,-0.9910442786893662,2.238267497687666,-0.0907138051477235,18,3.2293117763770325
SMU|2016,2016,-1.0518564770747538,1.488802209571717,0.1518580348303119,4,2.540658686646471
SMU|2017,2017,-1.0494767586980422,-0.11232276865388459,-0.5808997636759634,2,0.9371539900441577
SMU|2018,2018,-1.0046005226268393,0.6815964635566497,-0.2094937899110864,5,1.686196986183489
SMU|2019,2019,-0.9914053049559016,2.3028385527107,0.2221899671017542,6,3.2942438576666015
SMU|2020,2020,-0.9103229259388034,1.9335713638830108,0.5601174659382623,3,2.8438942898218142
SMU|2021,2021,-1.0068734536553108,-0.9659161259607982,-0.9863947898080545,2,0.040957327694512546
SMU|2022,2022,-0.9307113056275561,1.5501007398296733,-0.16214600527021833,5,2.4808120454572293
SMU|2023,2023,-0.9307094309143769,0.6439859468347189,-0.44313173367555125,8,1.5746953777490957
SMU|2024,2024,-0.9910442786893662,2.8024690953995157,0.10617935475551986,15,3.793513374088882
Sam Houston|2023,2023,-0.9018159377446686,0.29004065550579383,-0.4936953467225406,6,1.1918565932504626
Sam Houston|2024,2024,-0.9836205734563155,2.819766328592523,0.27552025754243264,12,3.8033869020488384
San Diego State|2016,2016,-0.9465120925064855,2.1766390735174688,0.14411212420029207,7,3.123151166023954
San Diego State|2017,2017,-1.0363697098862357,1.8602880775229786,0.09083648792911461,5,2.8966577874092145
San Diego State|2018,2018,-1.0305420147219702,2.238085989264486,-0.01882382301187646,5,3.268628003986456
San Diego State|2019,2019,-1.0295007932490163,2.3028385527107,0.027395036962961306,4,3.332339345959716
San Diego State|2020,2020,-0.9197087156741889,1.9147997844122397,0.4844054287394857,5,2.8345085000864287
San Diego State|2021,2021,1.5529595272517414,1.7713986082891429,1.6621790677704422,2,0.2184390810374015
San Diego State|2023,2023,-0.9379328042068038,1.4024401425395587,0.5500820940331673,3,2.3403729467463625
San Diego State|2024,2024,-0.9836205734563155,1.354846574954639,-0.07149465715549236,15,2.3384671484109543
San José State|2016,2016,-0.38880652714506525,-0.35782288462498635,-0.3733147058850258,2,0.030983642520078902
San José State|2017,2017,-0.6038370990966246,2.030679712076462,0.7094891918463767,5,2.6345168111730866
San José State|2018,2018,0.4092107965577784,1.959214949241832,1.1842128728998051,2,1.5500041526840536
San José State|2019,2019,-0.9660083127604919,0.72924091628311,-0.07923000193743424,3,1.6952492290436019
San José State|2020,2020,-0.8727797669972613,1.6613834615568306,0.3943018472797846,2,2.534163228554092
San José State|2021,2021,-1.0000472323728922,1.566611969816579,-0.33010237222693206,7,2.566659202189471
San José State|2022,2022,-0.9029150922330773,1.1887499657014495,-0.17326449062800983,3,2.091665057934527
San José State|2023,2023,-0.9307094309143769,1.7491620605760567,0.3550510151376372,5,2.6798714914904336
San José State|2024,2024,-0.9910442786893662,2.819766328592523,0.3658420045445489,12,3.8108106072818893
South Alabama|2016,2016,-0.9217251784904226,1.4702120240596697,0.08958091336495319,5,2.3919372025500922
South Alabama|2017,2017,-1.0822443807275581,2.432410758158326,-0.427656517984594,6,3.514655138885884
South Alabama|2018,2018,-1.0046005226268393,1.0772042180073913,-0.3463351607129004,8,2.0818047406342304
South Alabama|2019,2019,-0.7437846310506564,1.2625777523867152,0.1679673887645543,5,2.006362383437372
South Alabama|2020,2020,-0.9103229259388034,1.0231497595506147,-0.25707196035597085,5,1.9334726854894182
South Alabama|2021,2021,-0.9454374621135417,0.9795569395285617,-0.21893248277039729,7,1.9249944016421034
South Alabama|2022,2022,-0.9376603589761758,0.639774751160494,-0.41069048003918257,6,1.57743511013667
South Alabama|2023,2023,-0.9379328042068038,0.9834844915787903,-0.25315701608471997,5,1.9214172957855942
South Alabama|2024,2024,-0.9910442786893662,2.7801979797003638,0.13587417568772242,15,3.77124225838973
South Carolina|2016,2016,-1.0580532055787697,-0.45697054068923887,-0.7812659990660649,3,0.6010826648895309
South Carolina|2017,2017,0.6872072088663057,1.807859882275753,1.1918285881208524,3,1.1206526734094473
South Carolina|2018,2018,-1.0305420147219702,1.0642334719598263,-0.15316369279023143,7,2.0947754866817965
South Carolina|2019,2019,-1.0231515452001638,0.9514645979929456,-0.36494616413579406,3,1.9746161431931095
South Carolina|2020,2020,-0.22516027525565996,0.5257029035751819,0.15027131415976097,2,0.7508631788308419
South Carolina|2021,2021,-0.6996934959464647,2.4471945152486048,0.87375050965107,2,3.1468880111950694
South Carolina|2022,2022,-0.9307113056275561,0.9524821518483801,-0.1026157815837096,6,1.8831934574759361
South Carolina|2023,2023,-0.8584756979901064,0.9184741319469467,-0.43807537237085226,5,1.776949829937053
South Carolina|2024,2024,-0.9836205734563155,2.819766328592523,-0.06143306199629776,15,3.8033869020488384
South Florida|2016,2016,-1.0580532055787697,1.2967036259472275,-0.5057697776583631,8,2.3547568315259975
South Florida|2017,2017,-1.0560302831039454,1.6898964429694956,0.023116735734781606,6,2.7459267260734412
South Florida|2018,2018,-0.9332614193652303,2.261952161992005,0.5136067726034683,7,3.1952135813572355
South Florida|2019,2019,-0.9914053049559016,1.472102937998846,-0.07711358592114996,3,2.4635082429547475
South Florida|2020,2020,-0.9103229259388034,0.7509618572244345,-0.22046738038796732,4,1.661284783163238
South Florida|2021,2021,-0.9659161259607982,1.2662582333901515,-0.08942931329822339,5,2.2321743593509495
South Florida|2022,2022,-0.527666211407614,1.021972685334577,0.34617724718131204,4,1.549638896742191
South Florida|2023,2023,-0.9379328042068038,2.262021564338377,0.028193373655313436,8,3.199954368545181
South Florida|2024,2024,-0.9910442786893662,1.6889133104419183,-0.005438236866112295,17,2.6799575891312846
Southern Miss|2016,2016,-1.0208728345546751,0.7575882460978545,-0.3764130701370337,4,1.7784610806525296
Southern Miss|2017,2017,-1.0822443807275581,2.432410758158326,0.3888762145220233,9,3.514655138885884
Southern Miss|2018,2018,-1.0370273877457528,0.5389182570334314,-0.4572350394195837,5,1.5759456447791842
Southern Miss|2019,2019,-1.0295007932490163,1.4403566977545836,-0.16388664258880006,6,2.4698574910035997
Southern Miss|2020,2020,0.8166623853721332,2.73136349139078,1.7740129383814567,2,1.9147011060186467
Southern Miss|2021,2021,-1.0068734536553108,-0.20820556361231055,-0.742926230735117,6,0.7986678900430002
Southern Miss|2022,2022,-0.9307113056275561,2.3422928215723178,-0.038452855664787844,10,3.273004127199874
Southern Miss|2023,2023,-0.9379328042068038,1.474673875463829,0.13834981636482585,5,2.412606679670633
Southern Miss|2024,2024,-0.9836205734563155,0.9168479662046508,-0.20215186925718379,15,1.9004685396609662
Stanford|2018,2018,0.24059109793942948,1.2133970515068273,0.7269940747231284,2,0.9728059535673979
Stanford|2019,2019,-1.0231515452001638,0.843527381162454,-0.2104477949470513,4,1.8666789263626178
Stanford|2020,2020,-0.8727797669972613,1.1639366055813976,0.1455784192920681,2,2.036716372578659
Stanford|2021,2021,-0.9795685685256357,0.3310659176987751,-0.32425132541343027,2,1.3106344862244108
Stanford|2022,2022,0.1950353368488338,0.9663802585456194,0.5581233743142127,4,0.7713449216967856
Stanford|2023,2023,-0.8729224445749605,-0.47563691349147297,-0.6923381122642843,3,0.3972855310834875
Stanford|2024,2024,-0.9242309315919104,1.8745059412681842,0.030571772228142422,13,2.7987368728600943
Syracuse|2017,2017,-0.944620368203591,-0.16475096390111013,-0.5743462392700602,4,0.7798694043024809
Syracuse|2018,2018,-1.0370273877457528,-0.8684076891274037,-0.9916297765792742,4,0.16861969861834902
Syracuse|2019,2019,-1.0295007932490163,1.3197209848263871,0.11018923151999693,6,2.349221778075403
Syracuse|2020,2020,-0.9103229259388034,2.3747034814461307,0.08769938259052423,6,3.285026407384934
Syracuse|2021,2021,-1.0068734536553108,-0.8498703641596784,-0.931785019548704,3,0.15700308949563235
Syracuse|2022,2022,-0.7778321319579229,0.6119785377660152,-0.3052965042517839,4,1.389810669723938
Syracuse|2023,2023,-0.9307094309143769,1.4096635158319855,0.22683613919705706,4,2.3403729467463625
Syracuse|2024,2024,-0.9836205734563155,2.5500631174757933,0.13735891673433254,16,3.5336836909321088
TCU|2016,2016,-1.0580532055787697,1.9287699333568373,-0.0293962739121499,3,2.9868231389356072
TCU|2017,2017,-0.8725315997386559,1.375327271486142,0.4228817244948768,3,2.247858871224798
TCU|2018,2018,-0.9332614193652303,1.5441510757197423,0.14817453235052672,4,2.4774124950849727
TCU|2019,2019,-0.9723575608093442,0.9324168538463882,0.08415731451970201,5,1.9047744146557324
TCU|2020,2020,1.0043781800798437,2.140058738061492,1.572218459070668,2,1.1356805579816485
TCU|2021,2021,-0.9659161259607982,1.1365600290241944,-0.03345429878238915,5,2.1024761549849926
TCU|2022,2022,-0.8334245587468804,1.3763744061141814,-0.24796681412567143,4,2.209798964861062
TCU|2023,2023,-0.9307094309143769,1.5541309816805262,0.17446668282696098,7,2.4848404125949033
TCU|2024,2024,-0.9539257525241129,1.8596585308020832,0.07846418855213075,15,2.813584283326196
Temple|2016,2016,-0.9589055495145173,1.8358190057966002,-0.12234720147238669,5,2.7947245553111175
Temple|2017,2017,-0.15819743949520693,1.8865021751465914,0.8597833515550901,3,2.0446996146417984
Temple|2018,2018,0.22762035189186416,2.261952161992005,1.0021035983919881,4,2.034331810100141
Temple|2019,2019,-1.0041038010536065,1.376864217266059,-0.11611610964981504,7,2.3809680183196655
Temple|2020,2020,-0.8633939772618757,-0.6850639722895506,-0.7538930970157112,3,0.1783300049723251
Temple|2021,2021,-1.0000472323728922,1.4437399867330407,-0.3905631892997844,7,2.443787219105933
Temple|2022,2022,-0.9307113056275561,0.47994652414224115,-0.2751839397410986,6,1.4106578297697974
Temple|2023,2023,-0.9307094309143769,2.3992656568944906,0.020608831698264985,10,3.3299750878088674
Temple|2024,2024,-0.9836205734563155,1.5552866162470065,0.17076559028306046,12,2.538907189703322
Tennessee|2016,2016,-1.0580532055787697,0.057357925144071085,-0.42133935179114806,4,1.1154111307228407
Tennessee|2017,2017,-0.7873357824619143,1.2245962101503682,0.2808886957003074,4,2.0119319926122827
Tennessee|2018,2018,-0.771127093770664,0.19519348677295092,-0.39065187637541515,3,0.9663205805436149
Tennessee|2019,2019,-0.9660083127604919,1.8848040611742545,0.4593978742068813,2,2.8508123739347466
Tennessee|2020,2020,-0.5630487057295388,1.398581348966036,0.41776632161824856,2,1.9616300546955747
Tennessee|2021,2021,-0.8430441428772596,2.4471945152486048,1.0751240374824247,3,3.2902386581258645
Tennessee|2022,2022,-0.9307113056275561,1.202648072398689,-0.47068397394893263,5,2.133359378026245
Tennessee|2023,2023,-0.8079120849431171,1.778055553745765,0.43306344669584923,5,2.585967638688882
Tennessee|2024,2024,-0.9836205734563155,2.074945982560552,-0.13993830814726518,17,3.0585665560168676
Texas A&M|2016,2016,-1.0580532055787697,2.3040438115600326,-0.3261452085124577,5,3.3620970171388023
Texas A&M|2017,2017,-0.6562652943438503,2.432410758158326,0.46941174777678873,3,3.0886760525021764
Texas A&M|2018,2018,-1.0046005226268393,1.420928988267872,0.4567701987321846,3,2.4255295108947115
Texas A&M|2019,2019,-1.0295007932490163,0.5959067072572087,-0.4771162129988539,7,1.625407500506225
Texas A&M|2021,2021,-1.0000472323728922,1.5734381910989979,-0.24916289130682343,4,2.5734854234718902
Texas A&M|2022,2022,-0.9376603589761758,1.4458649396003782,-0.0047499469239822845,4,2.3835252985765543
Texas A&M|2023,2023,-0.9379328042068038,1.3446531562001423,0.3001533781151916,5,2.282585960406946
Texas A&M|2024,2024,-0.9836205734563155,1.540439205780905,-0.08071242448653027,16,2.524059779237221
Texas State|2016,2016,-1.0022826490426278,1.3834578250034486,0.18903840585440648,4,2.3857404740460764
Texas State|2017,2017,-1.0560302831039454,0.05806886589959861,-0.6225614545420622,7,1.1140991490035441
Texas State|2018,2018,-1.0110858956506221,0.6556549714615192,-0.4948502029575231,5,1.6667408671121413
Texas State|2019,2019,0.3482860333519636,0.9895600862860601,0.6644785861848151,5,0.6412740529340965
Texas State|2020,2020,-0.9103229259388034,2.402860850652287,-0.09939069280149396,5,3.31318377659109
Texas State|2021,2021,-1.0068734536553108,1.1297338077417756,0.07849573024927936,5,2.1366072613970863
Texas State|2022,2022,-0.868169825489979,-0.26360218416006576,-0.5763095848479519,3,0.6045676413299133
Texas State|2023,2023,-0.9379328042068038,2.4426058966490527,0.03412685885980703,7,3.3805387008558565
Texas State|2024,2024,-0.9836205734563155,1.5998288476453104,-0.2045439520545001,18,2.583449421101626
Texas Tech|2016,2016,-1.0518564770747538,1.2719167119311643,-0.24185553690697667,7,2.323773189005918
Texas Tech|2017,2017,-1.0887979051334613,0.5692437695600482,-0.5280034595426019,7,1.6580416746935094
Texas Tech|2018,2018,-0.9981151496030567,0.9085845193890425,-0.033956360067369386,6,1.9066996689920992
Texas Tech|2019,2019,-0.7691816232460662,1.7451206040995009,0.48796949042671733,2,2.514302227345567
Texas Tech|2020,2020,-0.9103229259388034,2.7876782298030935,0.4675110072157917,5,3.698001155741897
Texas Tech|2021,2021,-0.9317850195487041,1.9352279190671942,0.35495769218724077,4,2.8670129386158982
Texas Tech|2022,2022,-0.9376603589761758,1.967043940746855,0.008569071994205443,6,2.904704299723031
Texas Tech|2023,2023,-0.9307094309143769,2.4353825233566258,0.648319970810175,5,3.3660919542710026
Texas Tech|2024,2024,-0.9910442786893662,2.208572676755464,-0.21116450789099264,19,3.19961695544483
Texas|2016,2016,-0.6366756673056965,0.6460471330255705,-0.16572430100049704,3,1.282722800331267
Texas|2017,2017,-0.092662195436175,2.432410758158326,0.9940759891727227,4,2.525072953594501
Texas|2018,2018,-1.0305420147219702,2.07595166366992,0.8858857138058034,4,3.1064936783918897
Texas|2019,2019,-1.0231515452001638,2.08163075068868,-0.2993372676309855,5,3.1047822958888442
Texas|2020,2020,-0.9103229259388034,1.9147997844122397,0.9042630895690649,3,2.8251227103510432
Texas|2021,2021,-1.0000472323728922,0.8976422841395361,0.1699670954336913,5,1.8976895165124281
Texas|2022,2022,-0.9376603589761758,1.17485185900421,0.25989316810261753,3,2.112512217980386
Texas|2023,2023,-0.9379328042068038,0.5211886008634591,-0.4491512114192406,3,1.4591214050702628
Texas|2024,2024,-0.9836205734563155,2.646571285505452,0.2427755310436518,15,3.6301918589617674
Toledo|2016,2016,-1.0270695630586908,2.0836881459572316,0.2407810888629382,5,3.1107577090159224
Toledo|2017,2017,-1.0494767586980422,0.628225489213177,-0.3128606154745225,5,1.6777022479112191
Toledo|2018,2018,-1.0305420147219702,1.3690460040776107,-0.09535122469251182,5,2.399588018799581
Toledo|2019,2019,-0.9723575608093442,1.2943239926309773,0.09431611139786597,4,2.2666815534403213
Toledo|2021,2021,-1.0068734536553108,1.0136880459406559,-0.3879627240493391,6,2.0205614995959666
Toledo|2022,2022,-0.8751188788385984,-0.6874944384258669,-0.7778321319579229,4,0.18762444041273152
Toledo|2023,2023,-0.9379328042068038,1.662481581066932,0.4695930773461231,7,2.600414385273736
Toledo|2024,2024,-0.9910442786893662,2.819766328592523,0.15533913080878117,15,3.8108106072818893
Troy|2016,2016,-0.6614625813217596,0.6460471330255705,-0.01080608840010249,3,1.3075097143473302
Troy|2017,2017,-0.5972835746907215,0.7855100749548538,0.10175902860561992,6,1.3827936496455753
Troy|2018,2018,0.22113497886808156,1.271765408720871,0.6426842254139539,3,1.0506304298527893
Troy|2019,2019,-0.8834680881254101,0.9197183577486833,-0.18505080275164154,6,1.8031864458740934
Troy|2020,2020,-0.8727797669972613,1.1076218671690845,-0.15711329967411497,4,1.9804016341663457
Troy|2021,2021,-1.0068734536553108,0.5631574413010146,-0.3856873169551995,3,1.5700308949563255
Troy|2022,2022,-0.8820679321872182,2.3909361950126558,0.30158748819433573,6,3.273004127199874
Troy|2023,2023,0.16724330953453395,2.0958839786125547,1.4269996117338106,5,1.9286406690780207
Troy|2024,2024,-0.9910442786893662,1.8151162994037795,-0.05194556670845897,14,2.8061605780931456
Tulane|2016,2016,-1.0518564770747538,0.06975138215210266,-0.4910525474613256,2,1.1216078592268566
Tulane|2017,2017,-1.0822443807275581,1.768538735840334,0.40868242161541984,4,2.850783116567892
Tulane|2018,2018,-0.22635575977292133,2.0370394255272237,1.1226018291738702,3,2.263395185300145
Tulane|2019,2019,-0.9596590647116394,1.891153309223107,-0.15647918653180554,8,2.8508123739347466
Tulane|2020,2020,-0.8727797669972613,2.3653176917107452,0.8260481751075188,3,3.2380974587080065
Tulane|2021,2021,-1.0000472323728922,1.2184746844132202,0.08668719578818189,5,2.2185219167861123
Tulane|2022,2022,-0.9307113056275561,1.765521393636884,0.19503533684883378,6,2.6962326992644403
Tulane|2023,2023,-0.815135458235544,1.9297463928867324,0.3812357433226851,8,2.7448818511222766
Tulane|2024,2024,-0.9836205734563155,1.0504746603995625,-0.12205833835393731,18,2.034095233855878
Tulsa|2016,2016,-0.965102278018533,1.141785413346833,-0.33148678848291924,4,2.1068876913653662
Tulsa|2017,2017,-0.8987456973622686,0.09739001233501779,-0.45747505403145317,3,0.9961357096972864
Tulsa|2018,2018,-1.0370273877457528,1.6608877901478303,-0.37737230304100305,7,2.697915177893583
Tulsa|2019,2019,-0.9342620725162297,1.2498792562890104,0.5657477790251597,4,2.1841413288052403
Tulsa|2020,2020,-0.9103229259388034,-0.30963238287412975,-0.6099776544064666,2,0.6006905430646736
Tulsa|2021,2021,-0.8089130364651654,1.1365600290241944,0.2798692580806341,4,1.94547306548936
Tulsa|2022,2022,-0.9307113056275561,2.416161258668145,0.41466016793195903,6,3.346872564295701
Tulsa|2023,2023,-0.8584756979901064,2.615966855667302,0.023807754156339813,7,3.4744425536574086
Tulsa|2024,2024,-0.9910442786893662,1.295456933090234,-0.02755339237129258,14,2.2865012117796
UAB|2017,2017,-1.0887979051334613,2.0175726632646556,0.5705544744412288,5,3.106370568398117
UAB|2018,2018,-0.8165247049371426,1.070718844983609,0.1549841740254986,5,1.8872435499207514
UAB|2019,2019,-1.0231515452001638,-0.0009226093349207947,-0.6199742940980338,4,1.022228935865243
UAB|2020,2020,-0.8727797669972613,0.7509618572244345,-0.0609089548864134,2,1.623741624221696
UAB|2021,2021,-0.9727423472432168,0.5153738923240828,-0.36862176374915256,4,1.4881162395672995
UAB|2022,2022,-0.8959660388844577,1.2165461790959282,0.13845018815293056,7,2.112512217980386
UAB|2023,2023,-0.9307094309143769,1.7491620605760567,0.19252511605802866,6,2.6798714914904336
UAB|2024,2024,-0.9910442786893662,1.4736258586834494,-0.2532104641378321,18,2.4646701373728157
UCF|2016,2016,-0.9279219069944383,1.5941465941399855,0.507948612078933,7,2.5220685011344237
UCF|2017,2017,-1.0232626610744295,1.8144134066816562,-0.3072901197295049,4,2.8376760677560857
UCF|2018,2018,-1.0110858956506221,1.9138173380753538,0.3621918421353544,4,2.924903233725976
UCF|2019,2019,-1.0231515452001638,0.5197157306709794,-0.47348807125665243,7,1.5428672758711433
UCF|2020,2020,0.3755302678090135,3.0084320043793564,1.5816668207376212,3,2.632901736570343
UCF|2021,2021,-1.0000472323728922,-0.023897588987002824,-0.72586067752907,6,0.9761496433858894
UCF|2022,2022,-0.8612207721413592,0.8343482449218453,0.1487083145247025,3,1.6955690170632045
UCF|2023,2023,-0.9379328042068038,0.5139652275710321,-0.24990649810312782,4,1.4518980317778358
UCF|2024,2024,-0.9836205734563155,1.2583384069249806,-0.2214535028631155,15,2.241958980381296
UCLA|2016,2016,-1.0518564770747538,1.6932942502042376,-0.0376585785841709,6,2.7451507272789915
UCLA|2017,2017,-0.9511738926094944,1.7292175894049147,-0.06382668805020097,5,2.680391482014409
UCLA|2018,2018,-0.9721736575079261,2.261952161992005,0.5144467828236913,3,3.234125819499931
UCLA|2021,2021,-1.0068734536553108,1.525654642122066,0.4225372828831871,5,2.532528095777377
UCLA|2022,2022,0.5633351643256773,1.8906043539120385,1.1748518590042103,3,1.327269189586361
UCLA|2023,2023,-0.9379328042068038,1.0701649710879144,-0.41142915089212145,9,2.0080977752947184
UCLA|2024,2024,-0.9465020472910621,1.607252552878361,-0.03400494572858653,12,2.553754600169423
UConn|2016,2016,-1.0518564770747538,2.3040438115600326,0.27865549347948276,5,3.3559002886347864
UConn|2017,2017,-1.0494767586980422,1.3818807958920452,0.12360410995863062,5,2.4313575545900874
UConn|2018,2018,-1.0305420147219702,-0.13556053743996416,-0.6500667973267212,3,0.8949814772820059
UConn|2019,2019,-0.9914053049559016,0.5070172345732745,-0.4390207247057392,6,1.4984225395291761
UConn|2021,2021,-1.0068734536553108,-0.2355104487419858,-0.7065197172288834,3,0.771363004913325
UConn|2022,2022,-0.9376603589761758,0.9663802585456194,-0.3608889310407415,4,1.9040406175217952
UConn|2023,2023,-0.9379328042068038,1.5758011015578077,-0.03260335155594756,6,2.5137339057646115
UConn|2024,2024,-0.9836205734563155,1.7928451837046275,0.3843658363067451,11,2.776465757160943
UL Monroe|2016,2016,-1.0580532055787697,1.3029003544512434,0.08937435574815272,6,2.360953560030013
UL Monroe|2017,2017,-0.354803171672303,2.161750200194526,0.7024987658134133,3,2.516553371866829
UL Monroe|2018,2018,-1.0370273877457528,1.4792973454819158,-0.42884351751546856,9,2.516324733227669
UL Monroe|2019,2019,-1.0231515452001638,-0.31203576372869035,-0.681350358570274,6,0.7111157814714735
UL Monroe|2020,2020,-0.835236608055719,-0.0843734292248771,-0.4624866728504082,7,0.7508631788308419
UL Monroe|2021,2021,-0.8635228067245159,0.6382458754076215,0.17269758394665885,5,1.5017686821321372
UL Monroe|2022,2022,-0.9376603589761758,0.4938446308394805,-0.49755364689692866,12,1.4315049898156564
UL Monroe|2023,2023,-0.7284549787264195,0.26114716233608554,-0.2863845332298844,5,0.9896021410625051
UL Monroe|2024,2024,-0.9168072263588595,2.765350569234262,0.23262980055848256,12,3.6821577955931217
UNLV|2016,2016,-0.8721513504582963,2.3040438115600326,0.7870846737769694,6,3.176195162018329
UNLV|2017,2017,0.5692437695600482,0.864152367825692,0.7166980686928701,2,0.29490859826564386
UNLV|2018,2018,-1.0370273877457528,2.261952161992005,-0.22499383143792712,8,3.2989795497377576
UNLV|2019,2019,-0.9977545530047541,2.1324247350794994,-0.0700588658668696,9,3.1301792880842534
UNLV|2020,2020,-0.9197087156741889,-0.3471755418156718,-0.6334421287449303,2,0.5725331738585171
UNLV|2021,2021,-1.0000472323728922,0.4198067943702196,-0.6080270958682693,7,1.4198540267431117
UNLV|2022,2022,-0.9098641455816969,1.3485781927197023,-0.13851922388491136,3,2.258442338301399
UNLV|2023,2023,-0.7573484718961278,1.4313336357092667,-0.13830538073513,10,2.1886821076053944
UNLV|2024,2024,-0.9836205734563155,2.7801979797003638,0.2155552785224661,15,3.7638185531566792
USC|2016,2016,-0.9898891920345961,1.8791961053247108,0.6212602190095072,3,2.869085297359307
USC|2017,2017,-1.0822443807275581,1.9585909436115267,0.21753795977657653,3,3.040835324339085
USC|2018,2018,-0.5635951570096192,0.8567015351987813,0.35992196157703027,5,1.4202966922084004
USC|2019,2019,-1.0231515452001638,-0.5850534298293455,-0.8263248556857382,3,0.43809811537081833
USC|2020,2020,-0.8727797669972613,2.7407492811261656,0.6696183461844266,3,3.613529048123427
USC|2021,2021,-0.6519099469695329,0.8839898415746984,0.30649152108206745,5,1.5358997885442314
USC|2022,2022,-0.868169825489979,1.7863685536827432,0.4590993640963821,2,2.654538379172722
USC|2023,2023,0.10945632319511767,1.6841517009442133,0.9353286696292763,3,1.5746953777490957
USC|2024,2024,-0.9910442786893662,1.7186081313741204,0.046683659959213884,14,2.7096524100634864
UTEP|2016,2016,-1.0208728345546751,0.7328013320817914,-0.3627802674281989,5,1.7536741666364666
UTEP|2017,2017,-1.0822443807275581,1.093525722032304,-0.6852880452842787,7,2.175770102759862
UTEP|2018,2018,-0.9656882844841435,2.0110979334320933,0.7950904914728462,4,2.9767862179162368
UTEP|2019,2019,-1.0295007932490163,1.9165503014185168,-0.019970353481478076,8,2.946051094667533
UTEP|2020,2020,-0.9103229259388034,0.5444744830459529,-0.3815901041787521,3,1.4547974089847564
UTEP|2021,2021,-1.0000472323728922,1.3754777739088526,0.17576938352374732,4,2.3755250062817446
UTEP|2022,2022,-0.9376603589761758,0.8968897250594227,-0.3456010136737781,10,1.8345500840355986
UTEP|2023,2023,-0.9379328042068038,-0.027787769360996136,-0.6498004695422139,9,0.9101450348458077
UTEP|2024,2024,-0.9910442786893662,2.2902334343190205,0.175537972218593,14,3.2812777130083868
UTSA|2016,2016,-0.94031536400247,1.854409191308648,-0.014524125502511965,5,2.794724555311118
UTSA|2017,2017,-1.0887979051334613,0.6085649159954674,-0.240116494568997,6,1.6973628211289287
UTSA|2018,2018,-1.0370273877457528,2.261952161992005,0.15975740857100243,5,3.2989795497377576
UTSA|2019,2019,-0.9723575608093442,1.186386775800486,-0.060605540994133664,5,2.1587443366098302
UTSA|2021,2021,-0.9044801344190285,1.006861824658237,0.012964005938058864,5,1.9113419590772656
UTSA|2022,2022,-0.9307113056275561,2.008738260838573,0.10933034554919097,6,2.9394495664661293
UTSA|2023,2023,-0.9307094309143769,1.4963439953411102,0.1412391656817966,5,2.427053426255487
UTSA|2024,2024,-0.9910442786893662,1.273185817391082,-0.22454671337688656,16,2.264230096080448
Utah State|2016,2016,-1.0580532055787697,0.5097191059372232,-0.5189378257293966,4,1.567772311515993
Utah State|2017,2017,-0.7021399651851726,2.037233236482365,1.0869721976264008,3,2.7393732016675374
Utah State|2018,2018,-0.9786590305317088,1.3690460040776107,-0.061789419294436564,8,2.3477050346093193
Utah State|2019,2019,-0.8453725998322955,1.7514698521483532,0.5578112189640941,3,2.5968424519806486
Utah State|2021,2021,-1.0000472323728922,2.023968795738639,0.026161367084068354,3,3.0240160281115314
Utah State|2022,2022,-0.9376603589761758,2.416161258668145,-0.08329410420152383,7,3.3538216176443205
Utah State|2023,2023,-0.9379328042068038,0.6728794400044271,-0.5612854825302508,7,1.610812244211231
Utah State|2024,2024,-0.9910442786893662,2.819766328592523,0.15639215484337696,13,3.8108106072818893
Utah|2016,2016,-1.0518564770747538,1.457818567051638,0.03024723793900208,8,2.509675044126392
Utah|2017,2017,-0.7742287336501079,0.1760323052058562,-0.223732683554239,3,0.9502610388559641
Utah|2018,2018,-1.0305420147219702,1.6933146552667435,-0.09535122469251174,5,2.723856669988714
Utah|2019,2019,-1.0231515452001638,1.8784548131254015,0.4038419537794224,8,2.9016063583255653
Utah|2021,2021,-0.9386112408311227,1.2184746844132202,0.47669197172370986,3,2.157085925244343
Utah|2022,2022,-0.7639340252606835,1.9531458340496155,0.4069814639817343,4,2.717079859310299
Utah|2023,2023,-0.9307094309143769,1.6985984475290674,0.34204894321126844,5,2.629307878443444
Utah|2024,2024,-0.9910442786893662,1.7779977732385261,0.18808756916017866,12,2.7690420519278924
Vanderbilt|2016,2016,-1.0518564770747538,1.2409330694110856,0.09453829616816589,2,2.2927895464858397
Vanderbilt|2017,2017,-0.649711769937947,1.1983821125267555,0.1983142881859271,5,1.8480938824647026
Vanderbilt|2018,2018,-1.0305420147219702,1.9721856952893972,0.31517288771293,6,3.002727710011367
Vanderbilt|2019,2019,-0.9723575608093442,-0.2421940351913135,-0.6072757980003288,2,0.7301635256180308
Vanderbilt|2020,2020,-0.9197087156741889,-0.5348913365233823,-0.7883076593787915,3,0.3848173791508066
Vanderbilt|2021,2021,-0.9659161259607982,0.13310550050862968,-0.4164053127260843,2,1.099021626469428
Vanderbilt|2022,2022,-0.9376603589761758,0.9038387784080422,-0.3238273131814365,6,1.841499137384218
Vanderbilt|2023,2023,-0.8079120849431171,1.3879933959547044,-0.2907185572053407,5,2.1959054808978213
Vanderbilt|2024,2024,-0.9836205734563155,2.4461312442130843,-0.016417834521716603,14,3.4297518176693997
Virginia Tech|2017,2017,-0.5579624282553022,1.3360061250507227,0.4490958221184896,6,1.8939685533060249
Virginia Tech|2019,2019,-0.953309816662787,1.376864217266059,0.12130041560548879,4,2.330174033928846
Virginia Tech|2020,2020,-0.9197087156741889,2.3840892711815163,0.20971464915053614,3,3.303797986855705
Virginia Tech|2021,2021,-1.0000472323728922,1.6621790677704424,0.04846035660663652,5,2.6622263001433346
Virginia Tech|2022,2022,-0.9237622522789363,1.2929857659307449,-0.341034492901828,7,2.2167480182096813
Virginia Tech|2023,2023,-0.9090393110370957,-0.38173306068992136,-0.6802991567769059,3,0.5273062503471744
Virginia Tech|2024,2024,-0.9539257525241129,1.7557266575393742,-0.014827040543205725,12,2.7096524100634873
Virginia|2016,2016,-0.7234298663619175,-0.5251345542334124,-0.6263477864656702,3,0.19829531212850515
Virginia|2018,2018,-1.0046005226268393,0.4546084077242569,-0.2749960574512912,2,1.4592089303510962
Virginia|2019,2019,-0.9660083127604919,-0.1596538105562317,-0.6972234786924053,3,0.8063545022042602
Virginia|2020,2020,-0.9103229259388034,1.7176981999691439,0.023563152732056447,4,2.628021125907947
Virginia|2021,2021,-0.9727423472432168,2.337974974729904,0.6536048732930637,4,3.3107173219731205
Virginia|2022,2022,-0.7152906518203457,1.6612855934075885,0.22978060359193228,3,2.376576245227934
Virginia|2023,2023,-0.9379328042068038,1.467450502171402,0.1383498163648258,5,2.405383306378206
Virginia|2024,2024,-0.9910442786893662,2.819766328592523,0.597075987571679,9,3.8108106072818893
Wake Forest|2016,2016,-1.0208728345546751,1.3029003544512434,-0.1946423673525707,3,2.3237731890059186
Wake Forest|2017,2017,-1.0298161854803327,1.9389303703938168,0.45455709245674203,2,2.9687465558741497
Wake Forest|2018,2018,-1.0305420147219702,2.261952161992005,0.6157050736350175,2,3.2924941767139755
Wake Forest|2019,2019,-1.0231515452001638,1.4530551938522884,0.5197157306709794,3,2.4762067390524525
Wake Forest|2020,2020,-0.7883076593787914,-0.6756781825541651,-0.7319929209664783,2,0.11262947682462632
Wake Forest|2021,2021,-0.9659161259607982,1.8396608211133312,0.4890441816633246,7,2.8055769470741296
Wake Forest|2022,2022,-0.9029150922330773,0.9872274185914786,-0.14129884522435926,5,1.890142510824556
Wake Forest|2023,2023,-0.9379328042068038,2.0597671121504195,0.4951844570107218,5,2.9976999163572233
Wake Forest|2024,2024,-0.9836205734563155,2.819766328592523,0.16192607840913512,14,3.8033869020488384
Washington State|2016,2016,-0.9774957350265645,1.8234255487885693,-0.18844563884855492,6,2.800921283815134
Washington State|2017,2017,-1.0822443807275581,1.0607581000027884,-0.24175487567047274,4,2.1430024807303463
Washington State|2018,2018,-1.0305420147219702,1.3301337659349148,-0.11772576162456198,8,2.360675780656885
Washington State|2019,2019,-0.9977545530047541,1.472102937998846,-0.18822542677606777,6,2.4698574910036
Washington State|2020,2020,-0.9103229259388034,-0.7507645004372493,-0.8305437131880263,2,0.15955842550155408
Washington State|2021,2021,-0.9386112408311227,1.430087544168203,0.1296923898674204,6,2.3686987849993257
Washington State|2022,2022,-0.9307113056275561,1.5501007398296733,0.17418817680297474,5,2.4808120454572293
Washington State|2023,2023,-0.9307094309143769,2.001980125811003,0.44775097239045086,6,2.93268955672538
Washington State|2024,2024,-0.9836205734563155,1.332575459255487,0.1128035840403958,13,2.3161960327118027
Washington|2016,2016,-1.0518564770747538,1.718081164220301,0.1131284816802132,7,2.769937641295055
Washington|2017,2017,-1.0560302831039454,0.8248312213902729,-0.11559953085683627,2,1.8808615044942183
Washington|2018,2018,-1.0305420147219702,1.6933146552667435,0.11366308304539767,7,2.723856669988714
Washington|2019,2019,-1.0295007932490163,1.4403566977545836,0.20542795225278365,2,2.4698574910035997
Washington|2020,2020,-0.4785765981110692,0.47877395489825425,9.867839359253838e-05,2,0.9573505530093234
Washington|2021,2021,0.5563312200185958,1.0956027013296816,0.87488821319814,3,0.5392714813110858
Washington|2022,2022,-0.7361378118662047,1.6473874867103488,0.13075659337410156,4,2.3835252985765534
Washington|2023,2023,-0.9307094309143769,2.615966855667302,0.15099071962657315,4,3.546676286581679
Washington|2024,2024,-0.9910442786893662,1.2212198807597274,-0.11829493222884917,16,2.2122641594490937
West Virginia|2016,2016,-1.0270695630586908,2.3040438115600326,0.40171012811222806,8,3.3311133746187234
West Virginia|2017,2017,-0.8332104533032366,2.432410758158326,0.38061149207680073,6,3.2656212114615624
West Virginia|2018,2018,-0.8943491812225344,1.9462442031942666,0.35084243934373455,5,2.8405933844168008
West Virginia|2019,2019,-1.0295007932490163,1.2498792562890104,0.2060628770576689,5,2.2793800495380268
West Virginia|2020,2020,-0.9197087156741889,1.1639366055813976,-0.4457263340372199,6,2.0836453212555863
West Virginia|2021,2021,-0.3105988828485926,1.9966639106089636,0.8839898415746984,4,2.3072627934575562
West Virginia|2022,2022,-0.28444934420592477,0.06995237657367939,-0.10724848381612269,2,0.3544017207796042
West Virginia|2023,2023,-0.9307094309143769,2.615966855667302,0.05347518017880799,8,3.546676286581679
West Virginia|2024,2024,-0.9910442786893662,2.819766328592523,-0.026345204739408216,13,3.8108106072818893
Western Kentucky|2016,2016,-0.6738560383297912,2.220016173045579,0.16642034681474882,5,2.89387221137537
Western Kentucky|2017,2017,-0.9904950390449136,0.6216719648072738,-0.14017524737897324,4,1.6121670038521874
Western Kentucky|2018,2018,-1.0305420147219702,1.323648392911132,-0.20949378991108647,5,2.3541904076331024
Western Kentucky|2019,2019,-1.0295007932490163,1.1927360238493383,-0.4612430928767228,4,2.222236817098355
Western Kentucky|2020,2020,0.8260481751075188,2.693820332449238,1.5237252121045095,3,1.8677721573417192
Western Kentucky|2021,2021,-0.9727423472432168,2.4471945152486048,0.3092220095950349,5,3.419936862491822
Western Kentucky|2022,2022,-0.9376603589761758,2.168566487856826,-0.00926683160058508,10,3.1062268468330014
Western Kentucky|2023,2023,-0.9379328042068038,1.0268247313333523,-0.06069424769316386,9,1.964757535540156
Western Kentucky|2024,2024,-0.9836205734563155,2.6094527593401984,0.11561806569468423,14,3.593073332796514
Western Michigan|2016,2016,-1.0580532055787697,0.8009653456259651,-0.31651136126488105,3,1.8590185512047348
Western Michigan|2017,2017,-0.9839415146390103,0.4906014766892098,-0.28380665727501836,6,1.47454299132822
Western Michigan|2018,2018,-0.9656882844841435,0.6361988523901712,-0.27391516194732746,3,1.6018871368743146
Western Michigan|2019,2019,-1.0295007932490163,1.7768668443437627,0.2936825001318325,5,2.8063676375927793
Western Michigan|2020,2020,-0.9103229259388034,0.5726318522521096,-0.41600466654183244,3,1.482954778190913
Western Michigan|2021,2021,-1.0000472323728922,1.0546453736351686,-0.14676957207054134,6,2.054692606008061
Western Michigan|2022,2022,-0.9376603589761758,1.6682346467562081,0.28074032814847666,6,2.6058950057323838
Western Michigan|2023,2023,-0.9307094309143769,1.2651960499834447,-0.2354597515182738,4,2.195905480897822
Western Michigan|2024,2024,-0.9910442786893662,2.819766328592523,-0.1251015419644025,16,3.8108106072818893
Wisconsin|2016,2016,-1.0518564770747538,1.6809007931962061,-0.2504129238887127,6,2.7327572702709597
Wisconsin|2017,2017,-0.9839415146390103,1.4539695643569803,0.12906538029688328,6,2.437911078995991
Wisconsin|2018,2018,-0.30418023605831307,0.4546084077242569,0.07521408583297193,2,0.7587886437825699
Wisconsin|2020,2020,-0.5255055467879968,0.45061658569209767,-0.03744448054794955,2,0.9761221324800944
Wisconsin|2021,2021,-0.9454374621135417,1.2253009056956388,0.26507911196872663,6,2.1707383678091805
Wisconsin|2022,2022,-0.9029150922330773,1.8906043539120385,-0.1767390173023196,8,2.793519446145116
Wisconsin|2023,2023,-0.9307094309143769,0.47784836110889695,-0.2047604150254588,4,1.4085577920232737
Wisconsin|2024,2024,-0.9836205734563155,1.8522348255690324,-0.18532480406226898,15,2.835855399025348
Wyoming|2016,2016,-1.0580532055787697,-1.0580532055787697,-1.0580532055787697,2,0.0
Wyoming|2017,2017,0.267781646888501,0.9886693315378529,0.6282254892131769,2,0.7208876846493519
Wyoming|2018,2018,-1.0370273877457528,0.9215552654366079,-0.382004712343705,3,1.9585826531823607
Wyoming|2019,2019,-0.33743275592410016,2.3028385527107,0.8918663229743841,3,2.6402713086347998
Wyoming|2021,2021,-1.0068734536553108,0.5426787774537581,-0.19910393523575207,3,1.549552231109069
Wyoming|2022,2022,-0.9029150922330773,-0.19411165067386882,-0.4535429756890039,3,0.7088034415592085
Wyoming|2023,2023,-0.9379328042068038,0.961814371701509,-0.4698582148575314,5,1.8997471759083129
Wyoming|2024,2024,-0.9836205734563155,1.5924051424122598,0.0024949383339124553,12,2.5760257158685755
