season,repetition,rho,method,bin,players,selected
2014,1,1.0,EW,1,3,0
2014,1,1.0,EW,2,8,0
2014,1,1.0,EW,3,58,10
2014,1,1.0,EW,4,249,38
2014,1,1.0,EW,5,467,109
2014,1,1.0,EW,6,552,153
2014,1,1.0,EW,7,693,300
2014,1,1.0,EW,8,664,383
2014,1,1.0,EW,9,690,482
2014,1,1.0,EW,10,429,306
2014,1,1.0,EW,11,258,196
2014,1,1.0,EW,12,118,96
2014,1,1.0,EW,13,27,23
2014,1,1.0,EW,14,26,22
2014,1,1.0,EW,15,6,6
2014,1,1.0,EW,16,0,0
2014,1,1.0,Quantile,1,266,37
2014,1,1.0,Quantile,2,265,60
2014,1,1.0,Quantile,3,266,61
2014,1,1.0,Quantile,4,265,60
2014,1,1.0,Quantile,5,266,90
2014,1,1.0,Quantile,6,265,103
2014,1,1.0,Quantile,7,266,129
2014,1,1.0,Quantile,8,265,102
2014,1,1.0,Quantile,9,266,149
2014,1,1.0,Quantile,10,265,178
2014,1,1.0,Quantile,11,266,176
2014,1,1.0,Quantile,12,265,190
2014,1,1.0,Quantile,13,266,185
2014,1,1.0,Quantile,14,265,180
2014,1,1.0,Quantile,15,266,208
2014,1,1.0,Quantile,16,265,216
2014,1,0.05,EW,1,0,0
2014,1,0.05,EW,2,0,0
2014,1,0.05,EW,3,0,0
2014,1,0.05,EW,4,0,0
2014,1,0.05,EW,5,71,38
2014,1,0.05,EW,6,530,272
2014,1,0.05,EW,7,1255,598
2014,1,0.05,EW,8,1453,752
2014,1,0.05,EW,9,749,365
2014,1,0.05,EW,10,157,83
2014,1,0.05,EW,11,33,16
2014,1,0.05,EW,12,0,0
2014,1,0.05,EW,13,0,0
2014,1,0.05,EW,14,0,0
2014,1,0.05,EW,15,0,0
2014,1,0.05,EW,16,0,0
2014,1,0.05,Quantile,1,266,142
2014,1,0.05,Quantile,2,265,134
2014,1,0.05,Quantile,3,266,130
2014,1,0.05,Quantile,4,265,116
2014,1,0.05,Quantile,5,266,136
2014,1,0.05,Quantile,6,265,123
2014,1,0.05,Quantile,7,266,128
2014,1,0.05,Quantile,8,265,138
2014,1,0.05,Quantile,9,266,131
2014,1,0.05,Quantile,10,265,156
2014,1,0.05,Quantile,11,266,138
2014,1,0.05,Quantile,12,265,131
2014,1,0.05,Quantile,13,266,128
2014,1,0.05,Quantile,14,265,139
2014,1,0.05,Quantile,15,266,121
2014,1,0.05,Quantile,16,265,133
2014,2,1.0,EW,1,1,0
2014,2,1.0,EW,2,11,1
2014,2,1.0,EW,3,67,5
2014,2,1.0,EW,4,241,41
2014,2,1.0,EW,5,411,89
2014,2,1.0,EW,6,636,189
2014,2,1.0,EW,7,709,269
2014,2,1.0,EW,8,622,357
2014,2,1.0,EW,9,636,434
2014,2,1.0,EW,10,439,348
2014,2,1.0,EW,11,261,213
2014,2,1.0,EW,12,155,133
2014,2,1.0,EW,13,49,39
2014,2,1.0,EW,14,10,6
2014,2,1.0,EW,15,0,0
2014,2,1.0,EW,16,0,0
2014,2,1.0,Quantile,1,266,34
2014,2,1.0,Quantile,2,265,58
2014,2,1.0,Quantile,3,266,56
2014,2,1.0,Quantile,4,265,69
2014,2,1.0,Quantile,5,266,94
2014,2,1.0,Quantile,6,265,92
2014,2,1.0,Quantile,7,266,107
2014,2,1.0,Quantile,8,265,107
2014,2,1.0,Quantile,9,266,147
2014,2,1.0,Quantile,10,265,160
2014,2,1.0,Quantile,11,266,168
2014,2,1.0,Quantile,12,265,191
2014,2,1.0,Quantile,13,266,193
2014,2,1.0,Quantile,14,265,213
2014,2,1.0,Quantile,15,266,211
2014,2,1.0,Quantile,16,265,224
2014,2,0.05,EW,1,0,0
2014,2,0.05,EW,2,0,0
2014,2,0.05,EW,3,0,0
2014,2,0.05,EW,4,7,7
2014,2,0.05,EW,5,111,39
2014,2,0.05,EW,6,537,262
2014,2,0.05,EW,7,1157,557
2014,2,0.05,EW,8,1413,749
2014,2,0.05,EW,9,842,412
2014,2,0.05,EW,10,166,85
2014,2,0.05,EW,11,15,13
2014,2,0.05,EW,12,0,0
2014,2,0.05,EW,13,0,0
2014,2,0.05,EW,14,0,0
2014,2,0.05,EW,15,0,0
2014,2,0.05,EW,16,0,0
2014,2,0.05,Quantile,1,266,121
2014,2,0.05,Quantile,2,265,134
2014,2,0.05,Quantile,3,266,121
2014,2,0.05,Quantile,4,265,128
2014,2,0.05,Quantile,5,266,131
2014,2,0.05,Quantile,6,265,131
2014,2,0.05,Quantile,7,266,123
2014,2,0.05,Quantile,8,265,147
2014,2,0.05,Quantile,9,266,145
2014,2,0.05,Quantile,10,265,149
2014,2,0.05,Quantile,11,266,145
2014,2,0.05,Quantile,12,265,126
2014,2,0.05,Quantile,13,266,123
2014,2,0.05,Quantile,14,265,126
2014,2,0.05,Quantile,15,266,128
2014,2,0.05,Quantile,16,265,146
2014,3,1.0,EW,1,0,0
2014,3,1.0,EW,2,10,1
2014,3,1.0,EW,3,81,6
2014,3,1.0,EW,4,167,31
2014,3,1.0,EW,5,427,95
2014,3,1.0,EW,6,650,203
2014,3,1.0,EW,7,768,323
2014,3,1.0,EW,8,728,404
2014,3,1.0,EW,9,552,367
2014,3,1.0,EW,10,356,287
2014,3,1.0,EW,11,245,180
2014,3,1.0,EW,12,203,186
2014,3,1.0,EW,13,49,32
2014,3,1.0,EW,14,11,9
2014,3,1.0,EW,15,1,0
2014,3,1.0,EW,16,0,0
2014,3,1.0,Quantile,1,266,39
2014,3,1.0,Quantile,2,265,60
2014,3,1.0,Quantile,3,266,61
2014,3,1.0,Quantile,4,265,89
2014,3,1.0,Quantile,5,266,83
2014,3,1.0,Quantile,6,265,100
2014,3,1.0,Quantile,7,266,118
2014,3,1.0,Quantile,8,265,123
2014,3,1.0,Quantile,9,266,133
2014,3,1.0,Quantile,10,265,158
2014,3,1.0,Quantile,11,266,158
2014,3,1.0,Quantile,12,265,180
2014,3,1.0,Quantile,13,266,178
2014,3,1.0,Quantile,14,265,216
2014,3,1.0,Quantile,15,266,201
2014,3,1.0,Quantile,16,265,227
2014,3,0.05,EW,1,0,0
2014,3,0.05,EW,2,0,0
2014,3,0.05,EW,3,0,0
2014,3,0.05,EW,4,1,1
2014,3,0.05,EW,5,67,32
2014,3,0.05,EW,6,497,258
2014,3,0.05,EW,7,1298,666
2014,3,0.05,EW,8,1461,716
2014,3,0.05,EW,9,722,362
2014,3,0.05,EW,10,181,80
2014,3,0.05,EW,11,20,9
2014,3,0.05,EW,12,1,0
2014,3,0.05,EW,13,0,0
2014,3,0.05,EW,14,0,0
2014,3,0.05,EW,15,0,0
2014,3,0.05,EW,16,0,0
2014,3,0.05,Quantile,1,266,141
2014,3,0.05,Quantile,2,265,133
2014,3,0.05,Quantile,3,266,143
2014,3,0.05,Quantile,4,265,145
2014,3,0.05,Quantile,5,266,134
2014,3,0.05,Quantile,6,265,125
2014,3,0.05,Quantile,7,266,135
2014,3,0.05,Quantile,8,265,135
2014,3,0.05,Quantile,9,266,118
2014,3,0.05,Quantile,10,265,145
2014,3,0.05,Quantile,11,266,116
2014,3,0.05,Quantile,12,265,128
2014,3,0.05,Quantile,13,266,145
2014,3,0.05,Quantile,14,265,146
2014,3,0.05,Quantile,15,266,111
2014,3,0.05,Quantile,16,265,124
2014,4,1.0,EW,1,2,1
2014,4,1.0,EW,2,17,2
2014,4,1.0,EW,3,93,7
2014,4,1.0,EW,4,166,18
2014,4,1.0,EW,5,354,86
2014,4,1.0,EW,6,658,221
2014,4,1.0,EW,7,806,337
2014,4,1.0,EW,8,765,413
2014,4,1.0,EW,9,557,390
2014,4,1.0,EW,10,336,243
2014,4,1.0,EW,11,265,221
2014,4,1.0,EW,12,136,108
2014,4,1.0,EW,13,76,71
2014,4,1.0,EW,14,15,6
2014,4,1.0,EW,15,2,0
2014,4,1.0,EW,16,0,0
2014,4,1.0,Quantile,1,266,26
2014,4,1.0,Quantile,2,265,65
2014,4,1.0,Quantile,3,266,67
2014,4,1.0,Quantile,4,265,90
2014,4,1.0,Quantile,5,266,106
2014,4,1.0,Quantile,6,265,106
2014,4,1.0,Quantile,7,266,78
2014,4,1.0,Quantile,8,265,152
2014,4,1.0,Quantile,9,266,139
2014,4,1.0,Quantile,10,265,142
2014,4,1.0,Quantile,11,266,151
2014,4,1.0,Quantile,12,265,188
2014,4,1.0,Quantile,13,266,188
2014,4,1.0,Quantile,14,265,193
2014,4,1.0,Quantile,15,266,221
2014,4,1.0,Quantile,16,265,212
2014,4,0.05,EW,1,0,0
2014,4,0.05,EW,2,0,0
2014,4,0.05,EW,3,0,0
2014,4,0.05,EW,4,1,1
2014,4,0.05,EW,5,66,36
2014,4,0.05,EW,6,418,216
2014,4,0.05,EW,7,1402,736
2014,4,0.05,EW,8,1493,709
2014,4,0.05,EW,9,699,346
2014,4,0.05,EW,10,135,65
2014,4,0.05,EW,11,33,15
2014,4,0.05,EW,12,1,0
2014,4,0.05,EW,13,0,0
2014,4,0.05,EW,14,0,0
2014,4,0.05,EW,15,0,0
2014,4,0.05,EW,16,0,0
2014,4,0.05,Quantile,1,266,128
2014,4,0.05,Quantile,2,265,147
2014,4,0.05,Quantile,3,266,152
2014,4,0.05,Quantile,4,265,133
2014,4,0.05,Quantile,5,266,129
2014,4,0.05,Quantile,6,265,146
2014,4,0.05,Quantile,7,266,140
2014,4,0.05,Quantile,8,265,134
2014,4,0.05,Quantile,9,266,120
2014,4,0.05,Quantile,10,265,119
2014,4,0.05,Quantile,11,266,114
2014,4,0.05,Quantile,12,265,134
2014,4,0.05,Quantile,13,266,135
2014,4,0.05,Quantile,14,265,123
2014,4,0.05,Quantile,15,266,139
2014,4,0.05,Quantile,16,265,131
2014,5,1.0,EW,1,10,0
2014,5,1.0,EW,2,10,3
2014,5,1.0,EW,3,54,4
2014,5,1.0,EW,4,176,34
2014,5,1.0,EW,5,410,84
2014,5,1.0,EW,6,627,197
2014,5,1.0,EW,7,690,273
2014,5,1.0,EW,8,730,438
2014,5,1.0,EW,9,683,453
2014,5,1.0,EW,10,532,393
2014,5,1.0,EW,11,214,159
2014,5,1.0,EW,12,70,54
2014,5,1.0,EW,13,30,21
2014,5,1.0,EW,14,11,11
2014,5,1.0,EW,15,1,0
2014,5,1.0,EW,16,0,0
2014,5,1.0,Quantile,1,266,43
2014,5,1.0,Quantile,2,265,60
2014,5,1.0,Quantile,3,266,57
2014,5,1.0,Quantile,4,265,90
2014,5,1.0,Quantile,5,266,82
2014,5,1.0,Quantile,6,265,100
2014,5,1.0,Quantile,7,266,107
2014,5,1.0,Quantile,8,265,135
2014,5,1.0,Quantile,9,266,157
2014,5,1.0,Quantile,10,265,173
2014,5,1.0,Quantile,11,266,169
2014,5,1.0,Quantile,12,265,178
2014,5,1.0,Quantile,13,266,181
2014,5,1.0,Quantile,14,265,203
2014,5,1.0,Quantile,15,266,181
2014,5,1.0,Quantile,16,265,208
2014,5,0.05,EW,1,0,0
2014,5,0.05,EW,2,0,0
2014,5,0.05,EW,3,1,1
2014,5,0.05,EW,4,8,1
2014,5,0.05,EW,5,124,56
2014,5,0.05,EW,6,529,276
2014,5,0.05,EW,7,1241,524
2014,5,0.05,EW,8,1257,724
2014,5,0.05,EW,9,878,450
2014,5,0.05,EW,10,182,82
2014,5,0.05,EW,11,26,10
2014,5,0.05,EW,12,2,0
2014,5,0.05,EW,13,0,0
2014,5,0.05,EW,14,0,0
2014,5,0.05,EW,15,0,0
2014,5,0.05,EW,16,0,0
2014,5,0.05,Quantile,1,266,107
2014,5,0.05,Quantile,2,265,139
2014,5,0.05,Quantile,3,266,166
2014,5,0.05,Quantile,4,265,129
2014,5,0.05,Quantile,5,266,88
2014,5,0.05,Quantile,6,265,95
2014,5,0.05,Quantile,7,266,113
2014,5,0.05,Quantile,8,265,154
2014,5,0.05,Quantile,9,266,144
2014,5,0.05,Quantile,10,265,173
2014,5,0.05,Quantile,11,266,159
2014,5,0.05,Quantile,12,265,126
2014,5,0.05,Quantile,13,266,135
2014,5,0.05,Quantile,14,265,120
2014,5,0.05,Quantile,15,266,160
2014,5,0.05,Quantile,16,265,116
2014,6,1.0,EW,1,0,0
2014,6,1.0,EW,2,0,0
2014,6,1.0,EW,3,39,6
2014,6,1.0,EW,4,186,24
2014,6,1.0,EW,5,420,123
2014,6,1.0,EW,6,764,213
2014,6,1.0,EW,7,732,332
2014,6,1.0,EW,8,657,368
2014,6,1.0,EW,9,553,373
2014,6,1.0,EW,10,454,352
2014,6,1.0,EW,11,277,203
2014,6,1.0,EW,12,89,71
2014,6,1.0,EW,13,63,49
2014,6,1.0,EW,14,11,10
2014,6,1.0,EW,15,3,0
2014,6,1.0,EW,16,0,0
2014,6,1.0,Quantile,1,266,42
2014,6,1.0,Quantile,2,265,78
2014,6,1.0,Quantile,3,266,65
2014,6,1.0,Quantile,4,265,83
2014,6,1.0,Quantile,5,266,77
2014,6,1.0,Quantile,6,265,83
2014,6,1.0,Quantile,7,266,132
2014,6,1.0,Quantile,8,265,131
2014,6,1.0,Quantile,9,266,130
2014,6,1.0,Quantile,10,265,155
2014,6,1.0,Quantile,11,266,151
2014,6,1.0,Quantile,12,265,197
2014,6,1.0,Quantile,13,266,179
2014,6,1.0,Quantile,14,265,215
2014,6,1.0,Quantile,15,266,207
2014,6,1.0,Quantile,16,265,199
2014,6,0.05,EW,1,0,0
2014,6,0.05,EW,2,0,0
2014,6,0.05,EW,3,0,0
2014,6,0.05,EW,4,1,1
2014,6,0.05,EW,5,72,35
2014,6,0.05,EW,6,546,286
2014,6,0.05,EW,7,1313,622
2014,6,0.05,EW,8,1368,706
2014,6,0.05,EW,9,683,320
2014,6,0.05,EW,10,222,143
2014,6,0.05,EW,11,38,10
2014,6,0.05,EW,12,4,1
2014,6,0.05,EW,13,1,0
2014,6,0.05,EW,14,0,0
2014,6,0.05,EW,15,0,0
2014,6,0.05,EW,16,0,0
2014,6,0.05,Quantile,1,266,149
2014,6,0.05,Quantile,2,265,131
2014,6,0.05,Quantile,3,266,134
2014,6,0.05,Quantile,4,265,137
2014,6,0.05,Quantile,5,266,108
2014,6,0.05,Quantile,6,265,122
2014,6,0.05,Quantile,7,266,129
2014,6,0.05,Quantile,8,265,148
2014,6,0.05,Quantile,9,266,134
2014,6,0.05,Quantile,10,265,151
2014,6,0.05,Quantile,11,266,140
2014,6,0.05,Quantile,12,265,116
2014,6,0.05,Quantile,13,266,123
2014,6,0.05,Quantile,14,265,129
2014,6,0.05,Quantile,15,266,119
2014,6,0.05,Quantile,16,265,154
2014,7,1.0,EW,1,1,1
2014,7,1.0,EW,2,7,3
2014,7,1.0,EW,3,63,12
2014,7,1.0,EW,4,194,23
2014,7,1.0,EW,5,395,73
2014,7,1.0,EW,6,714,219
2014,7,1.0,EW,7,811,365
2014,7,1.0,EW,8,645,350
2014,7,1.0,EW,9,479,314
2014,7,1.0,EW,10,388,314
2014,7,1.0,EW,11,341,274
2014,7,1.0,EW,12,137,114
2014,7,1.0,EW,13,55,46
2014,7,1.0,EW,14,18,16
2014,7,1.0,EW,15,0,0
2014,7,1.0,EW,16,0,0
2014,7,1.0,Quantile,1,266,39
2014,7,1.0,Quantile,2,265,50
2014,7,1.0,Quantile,3,266,77
2014,7,1.0,Quantile,4,265,79
2014,7,1.0,Quantile,5,266,74
2014,7,1.0,Quantile,6,265,97
2014,7,1.0,Quantile,7,266,123
2014,7,1.0,Quantile,8,265,142
2014,7,1.0,Quantile,9,266,114
2014,7,1.0,Quantile,10,265,150
2014,7,1.0,Quantile,11,266,147
2014,7,1.0,Quantile,12,265,180
2014,7,1.0,Quantile,13,266,199
2014,7,1.0,Quantile,14,265,222
2014,7,1.0,Quantile,15,266,217
2014,7,1.0,Quantile,16,265,214
2014,7,0.05,EW,1,0,0
2014,7,0.05,EW,2,0,0
2014,7,0.05,EW,3,0,0
2014,7,0.05,EW,4,10,3
2014,7,0.05,EW,5,95,39
2014,7,0.05,EW,6,545,289
2014,7,0.05,EW,7,1189,576
2014,7,0.05,EW,8,1446,733
2014,7,0.05,EW,9,731,361
2014,7,0.05,EW,10,207,107
2014,7,0.05,EW,11,21,13
2014,7,0.05,EW,12,4,3
2014,7,0.05,EW,13,0,0
2014,7,0.05,EW,14,0,0
2014,7,0.05,EW,15,0,0
2014,7,0.05,EW,16,0,0
2014,7,0.05,Quantile,1,266,134
2014,7,0.05,Quantile,2,265,142
2014,7,0.05,Quantile,3,266,108
2014,7,0.05,Quantile,4,265,113
2014,7,0.05,Quantile,5,266,117
2014,7,0.05,Quantile,6,265,154
2014,7,0.05,Quantile,7,266,153
2014,7,0.05,Quantile,8,265,140
2014,7,0.05,Quantile,9,266,122
2014,7,0.05,Quantile,10,265,137
2014,7,0.05,Quantile,11,266,149
2014,7,0.05,Quantile,12,265,118
2014,7,0.05,Quantile,13,266,137
2014,7,0.05,Quantile,14,265,130
2014,7,0.05,Quantile,15,266,131
2014,7,0.05,Quantile,16,265,139
2014,8,1.0,EW,1,0,0
2014,8,1.0,EW,2,5,2
2014,8,1.0,EW,3,66,7
2014,8,1.0,EW,4,190,44
2014,8,1.0,EW,5,450,97
2014,8,1.0,EW,6,671,186
2014,8,1.0,EW,7,676,289
2014,8,1.0,EW,8,660,363
2014,8,1.0,EW,9,539,339
2014,8,1.0,EW,10,553,453
2014,8,1.0,EW,11,291,228
2014,8,1.0,EW,12,106,80
2014,8,1.0,EW,13,26,23
2014,8,1.0,EW,14,15,13
2014,8,1.0,EW,15,0,0
2014,8,1.0,EW,16,0,0
2014,8,1.0,Quantile,1,266,55
2014,8,1.0,Quantile,2,265,47
2014,8,1.0,Quantile,3,266,68
2014,8,1.0,Quantile,4,265,70
2014,8,1.0,Quantile,5,266,76
2014,8,1.0,Quantile,6,265,117
2014,8,1.0,Quantile,7,266,93
2014,8,1.0,Quantile,8,265,139
2014,8,1.0,Quantile,9,266,130
2014,8,1.0,Quantile,10,265,156
2014,8,1.0,Quantile,11,266,142
2014,8,1.0,Quantile,12,265,178
2014,8,1.0,Quantile,13,266,219
2014,8,1.0,Quantile,14,265,214
2014,8,1.0,Quantile,15,266,209
2014,8,1.0,Quantile,16,265,211
2014,8,0.05,EW,1,0,0
2014,8,0.05,EW,2,0,0
2014,8,0.05,EW,3,0,0
2014,8,0.05,EW,4,15,3
2014,8,0.05,EW,5,63,30
2014,8,0.05,EW,6,458,244
2014,8,0.05,EW,7,1287,669
2014,8,0.05,EW,8,1588,790
2014,8,0.05,EW,9,657,300
2014,8,0.05,EW,10,155,82
2014,8,0.05,EW,11,25,6
2014,8,0.05,EW,12,0,0
2014,8,0.05,EW,13,0,0
2014,8,0.05,EW,14,0,0
2014,8,0.05,EW,15,0,0
2014,8,0.05,EW,16,0,0
2014,8,0.05,Quantile,1,266,134
2014,8,0.05,Quantile,2,265,142
2014,8,0.05,Quantile,3,266,125
2014,8,0.05,Quantile,4,265,149
2014,8,0.05,Quantile,5,266,149
2014,8,0.05,Quantile,6,265,128
2014,8,0.05,Quantile,7,266,129
2014,8,0.05,Quantile,8,265,127
2014,8,0.05,Quantile,9,266,134
2014,8,0.05,Quantile,10,265,139
2014,8,0.05,Quantile,11,266,133
2014,8,0.05,Quantile,12,265,133
2014,8,0.05,Quantile,13,266,134
2014,8,0.05,Quantile,14,265,124
2014,8,0.05,Quantile,15,266,111
2014,8,0.05,Quantile,16,265,133
2014,9,1.0,EW,1,0,0
2014,9,1.0,EW,2,10,2
2014,9,1.0,EW,3,85,10
2014,9,1.0,EW,4,196,31
2014,9,1.0,EW,5,420,111
2014,9,1.0,EW,6,677,183
2014,9,1.0,EW,7,606,281
2014,9,1.0,EW,8,723,377
2014,9,1.0,EW,9,638,463
2014,9,1.0,EW,10,459,314
2014,9,1.0,EW,11,271,220
2014,9,1.0,EW,12,91,70
2014,9,1.0,EW,13,43,38
2014,9,1.0,EW,14,16,13
2014,9,1.0,EW,15,13,11
2014,9,1.0,EW,16,0,0
2014,9,1.0,Quantile,1,266,38
2014,9,1.0,Quantile,2,265,46
2014,9,1.0,Quantile,3,266,86
2014,9,1.0,Quantile,4,265,60
2014,9,1.0,Quantile,5,266,88
2014,9,1.0,Quantile,6,265,94
2014,9,1.0,Quantile,7,266,139
2014,9,1.0,Quantile,8,265,138
2014,9,1.0,Quantile,9,266,135
2014,9,1.0,Quantile,10,265,133
2014,9,1.0,Quantile,11,266,184
2014,9,1.0,Quantile,12,265,200
2014,9,1.0,Quantile,13,266,174
2014,9,1.0,Quantile,14,265,183
2014,9,1.0,Quantile,15,266,219
2014,9,1.0,Quantile,16,265,207
2014,9,0.05,EW,1,0,0
2014,9,0.05,EW,2,0,0
2014,9,0.05,EW,3,0,0
2014,9,0.05,EW,4,0,0
2014,9,0.05,EW,5,81,46
2014,9,0.05,EW,6,546,271
2014,9,0.05,EW,7,1337,618
2014,9,0.05,EW,8,1250,630
2014,9,0.05,EW,9,760,422
2014,9,0.05,EW,10,262,132
2014,9,0.05,EW,11,12,5
2014,9,0.05,EW,12,0,0
2014,9,0.05,EW,13,0,0
2014,9,0.05,EW,14,0,0
2014,9,0.05,EW,15,0,0
2014,9,0.05,EW,16,0,0
2014,9,0.05,Quantile,1,266,120
2014,9,0.05,Quantile,2,265,139
2014,9,0.05,Quantile,3,266,148
2014,9,0.05,Quantile,4,265,123
2014,9,0.05,Quantile,5,266,130
2014,9,0.05,Quantile,6,265,118
2014,9,0.05,Quantile,7,266,112
2014,9,0.05,Quantile,8,265,127
2014,9,0.05,Quantile,9,266,130
2014,9,0.05,Quantile,10,265,140
2014,9,0.05,Quantile,11,266,151
2014,9,0.05,Quantile,12,265,113
2014,9,0.05,Quantile,13,266,131
2014,9,0.05,Quantile,14,265,157
2014,9,0.05,Quantile,15,266,154
2014,9,0.05,Quantile,16,265,131
2014,10,1.0,EW,1,0,0
2014,10,1.0,EW,2,6,1
2014,10,1.0,EW,3,84,6
2014,10,1.0,EW,4,228,32
2014,10,1.0,EW,5,415,98
2014,10,1.0,EW,6,560,153
2014,10,1.0,EW,7,701,299
2014,10,1.0,EW,8,718,400
2014,10,1.0,EW,9,669,473
2014,10,1.0,EW,10,456,327
2014,10,1.0,EW,11,227,184
2014,10,1.0,EW,12,121,98
2014,10,1.0,EW,13,43,37
2014,10,1.0,EW,14,19,16
2014,10,1.0,EW,15,1,0
2014,10,1.0,EW,16,0,0
2014,10,1.0,Quantile,1,266,32
2014,10,1.0,Quantile,2,265,57
2014,10,1.0,Quantile,3,266,67
2014,10,1.0,Quantile,4,265,64
2014,10,1.0,Quantile,5,266,84
2014,10,1.0,Quantile,6,265,110
2014,10,1.0,Quantile,7,266,118
2014,10,1.0,Quantile,8,265,129
2014,10,1.0,Quantile,9,266,142
2014,10,1.0,Quantile,10,265,157
2014,10,1.0,Quantile,11,266,162
2014,10,1.0,Quantile,12,265,198
2014,10,1.0,Quantile,13,266,193
2014,10,1.0,Quantile,14,265,190
2014,10,1.0,Quantile,15,266,204
2014,10,1.0,Quantile,16,265,217
2014,10,0.05,EW,1,0,0
2014,10,0.05,EW,2,0,0
2014,10,0.05,EW,3,0,0
2014,10,0.05,EW,4,4,2
2014,10,0.05,EW,5,100,59
2014,10,0.05,EW,6,483,232
2014,10,0.05,EW,7,1267,630
2014,10,0.05,EW,8,1464,750
2014,10,0.05,EW,9,667,339
2014,10,0.05,EW,10,243,109
2014,10,0.05,EW,11,20,3
2014,10,0.05,EW,12,0,0
2014,10,0.05,EW,13,0,0
2014,10,0.05,EW,14,0,0
2014,10,0.05,EW,15,0,0
2014,10,0.05,EW,16,0,0
2014,10,0.05,Quantile,1,266,129
2014,10,0.05,Quantile,2,265,141
2014,10,0.05,Quantile,3,266,135
2014,10,0.05,Quantile,4,265,115
2014,10,0.05,Quantile,5,266,143
2014,10,0.05,Quantile,6,265,141
2014,10,0.05,Quantile,7,266,123
2014,10,0.05,Quantile,8,265,141
2014,10,0.05,Quantile,9,266,124
2014,10,0.05,Quantile,10,265,144
2014,10,0.05,Quantile,11,266,136
2014,10,0.05,Quantile,12,265,136
2014,10,0.05,Quantile,13,266,111
2014,10,0.05,Quantile,14,265,135
2014,10,0.05,Quantile,15,266,157
2014,10,0.05,Quantile,16,265,113
2014,11,1.0,EW,1,0,0
2014,11,1.0,EW,2,12,2
2014,11,1.0,EW,3,55,9
2014,11,1.0,EW,4,193,28
2014,11,1.0,EW,5,360,83
2014,11,1.0,EW,6,664,222
2014,11,1.0,EW,7,827,373
2014,11,1.0,EW,8,823,408
2014,11,1.0,EW,9,435,280
2014,11,1.0,EW,10,387,308
2014,11,1.0,EW,11,317,265
2014,11,1.0,EW,12,103,83
2014,11,1.0,EW,13,51,48
2014,11,1.0,EW,14,21,15
2014,11,1.0,EW,15,0,0
2014,11,1.0,EW,16,0,0
2014,11,1.0,Quantile,1,266,39
2014,11,1.0,Quantile,2,265,52
2014,11,1.0,Quantile,3,266,91
2014,11,1.0,Quantile,4,265,80
2014,11,1.0,Quantile,5,266,97
2014,11,1.0,Quantile,6,265,102
2014,11,1.0,Quantile,7,266,142
2014,11,1.0,Quantile,8,265,119
2014,11,1.0,Quantile,9,266,115
2014,11,1.0,Quantile,10,265,147
2014,11,1.0,Quantile,11,266,134
2014,11,1.0,Quantile,12,265,156
2014,11,1.0,Quantile,13,266,202
2014,11,1.0,Quantile,14,265,210
2014,11,1.0,Quantile,15,266,223
2014,11,1.0,Quantile,16,265,215
2014,11,0.05,EW,1,0,0
2014,11,0.05,EW,2,0,0
2014,11,0.05,EW,3,0,0
2014,11,0.05,EW,4,2,2
2014,11,0.05,EW,5,96,45
2014,11,0.05,EW,6,560,248
2014,11,0.05,EW,7,1262,647
2014,11,0.05,EW,8,1310,651
2014,11,0.05,EW,9,763,401
2014,11,0.05,EW,10,224,114
2014,11,0.05,EW,11,21,7
2014,11,0.05,EW,12,9,9
2014,11,0.05,EW,13,1,0
2014,11,0.05,EW,14,0,0
2014,11,0.05,EW,15,0,0
2014,11,0.05,EW,16,0,0
2014,11,0.05,Quantile,1,266,144
2014,11,0.05,Quantile,2,265,104
2014,11,0.05,Quantile,3,266,116
2014,11,0.05,Quantile,4,265,139
2014,11,0.05,Quantile,5,266,145
2014,11,0.05,Quantile,6,265,145
2014,11,0.05,Quantile,7,266,121
2014,11,0.05,Quantile,8,265,114
2014,11,0.05,Quantile,9,266,141
2014,11,0.05,Quantile,10,265,129
2014,11,0.05,Quantile,11,266,135
2014,11,0.05,Quantile,12,265,135
2014,11,0.05,Quantile,13,266,146
2014,11,0.05,Quantile,14,265,121
2014,11,0.05,Quantile,15,266,154
2014,11,0.05,Quantile,16,265,135
2014,12,1.0,EW,1,2,0
2014,12,1.0,EW,2,28,1
2014,12,1.0,EW,3,62,9
2014,12,1.0,EW,4,192,29
2014,12,1.0,EW,5,389,63
2014,12,1.0,EW,6,587,206
2014,12,1.0,EW,7,808,316
2014,12,1.0,EW,8,661,387
2014,12,1.0,EW,9,632,408
2014,12,1.0,EW,10,431,341
2014,12,1.0,EW,11,297,235
2014,12,1.0,EW,12,99,75
2014,12,1.0,EW,13,39,35
2014,12,1.0,EW,14,21,19
2014,12,1.0,EW,15,0,0
2014,12,1.0,EW,16,0,0
2014,12,1.0,Quantile,1,266,32
2014,12,1.0,Quantile,2,265,46
2014,12,1.0,Quantile,3,266,55
2014,12,1.0,Quantile,4,265,93
2014,12,1.0,Quantile,5,266,109
2014,12,1.0,Quantile,6,265,114
2014,12,1.0,Quantile,7,266,86
2014,12,1.0,Quantile,8,265,124
2014,12,1.0,Quantile,9,266,137
2014,12,1.0,Quantile,10,265,160
2014,12,1.0,Quantile,11,266,197
2014,12,1.0,Quantile,12,265,159
2014,12,1.0,Quantile,13,266,171
2014,12,1.0,Quantile,14,265,215
2014,12,1.0,Quantile,15,266,210
2014,12,1.0,Quantile,16,265,216
2014,12,0.05,EW,1,0,0
2014,12,0.05,EW,2,0,0
2014,12,0.05,EW,3,0,0
2014,12,0.05,EW,4,10,7
2014,12,0.05,EW,5,80,33
2014,12,0.05,EW,6,459,205
2014,12,0.05,EW,7,1288,743
2014,12,0.05,EW,8,1540,704
2014,12,0.05,EW,9,656,325
2014,12,0.05,EW,10,186,94
2014,12,0.05,EW,11,17,4
2014,12,0.05,EW,12,11,9
2014,12,0.05,EW,13,1,0
2014,12,0.05,EW,14,0,0
2014,12,0.05,EW,15,0,0
2014,12,0.05,EW,16,0,0
2014,12,0.05,Quantile,1,266,129
2014,12,0.05,Quantile,2,265,110
2014,12,0.05,Quantile,3,266,144
2014,12,0.05,Quantile,4,265,152
2014,12,0.05,Quantile,5,266,169
2014,12,0.05,Quantile,6,265,147
2014,12,0.05,Quantile,7,266,150
2014,12,0.05,Quantile,8,265,138
2014,12,0.05,Quantile,9,266,115
2014,12,0.05,Quantile,10,265,95
2014,12,0.05,Quantile,11,266,118
2014,12,0.05,Quantile,12,265,120
2014,12,0.05,Quantile,13,266,149
2014,12,0.05,Quantile,14,265,127
2014,12,0.05,Quantile,15,266,130
2014,12,0.05,Quantile,16,265,131
2014,13,1.0,EW,1,0,0
2014,13,1.0,EW,2,2,0
2014,13,1.0,EW,3,74,1
2014,13,1.0,EW,4,133,34
2014,13,1.0,EW,5,386,89
2014,13,1.0,EW,6,622,197
2014,13,1.0,EW,7,941,418
2014,13,1.0,EW,8,664,337
2014,13,1.0,EW,9,622,435
2014,13,1.0,EW,10,399,287
2014,13,1.0,EW,11,213,173
2014,13,1.0,EW,12,151,124
2014,13,1.0,EW,13,28,19
2014,13,1.0,EW,14,9,9
2014,13,1.0,EW,15,4,1
2014,13,1.0,EW,16,0,0
2014,13,1.0,Quantile,1,266,45
2014,13,1.0,Quantile,2,265,62
2014,13,1.0,Quantile,3,266,58
2014,13,1.0,Quantile,4,265,88
2014,13,1.0,Quantile,5,266,109
2014,13,1.0,Quantile,6,265,122
2014,13,1.0,Quantile,7,266,139
2014,13,1.0,Quantile,8,265,97
2014,13,1.0,Quantile,9,266,130
2014,13,1.0,Quantile,10,265,146
2014,13,1.0,Quantile,11,266,149
2014,13,1.0,Quantile,12,265,188
2014,13,1.0,Quantile,13,266,185
2014,13,1.0,Quantile,14,265,181
2014,13,1.0,Quantile,15,266,208
2014,13,1.0,Quantile,16,265,217
2014,13,0.05,EW,1,0,0
2014,13,0.05,EW,2,0,0
2014,13,0.05,EW,3,0,0
2014,13,0.05,EW,4,1,1
2014,13,0.05,EW,5,88,53
2014,13,0.05,EW,6,476,240
2014,13,0.05,EW,7,1276,626
2014,13,0.05,EW,8,1462,736
2014,13,0.05,EW,9,774,395
2014,13,0.05,EW,10,143,56
2014,13,0.05,EW,11,28,17
2014,13,0.05,EW,12,0,0
2014,13,0.05,EW,13,0,0
2014,13,0.05,EW,14,0,0
2014,13,0.05,EW,15,0,0
2014,13,0.05,EW,16,0,0
2014,13,0.05,Quantile,1,266,125
2014,13,0.05,Quantile,2,265,149
2014,13,0.05,Quantile,3,266,135
2014,13,0.05,Quantile,4,265,137
2014,13,0.05,Quantile,5,266,103
2014,13,0.05,Quantile,6,265,131
2014,13,0.05,Quantile,7,266,149
2014,13,0.05,Quantile,8,265,146
2014,13,0.05,Quantile,9,266,133
2014,13,0.05,Quantile,10,265,123
2014,13,0.05,Quantile,11,266,135
2014,13,0.05,Quantile,12,265,135
2014,13,0.05,Quantile,13,266,132
2014,13,0.05,Quantile,14,265,144
2014,13,0.05,Quantile,15,266,136
2014,13,0.05,Quantile,16,265,111
2014,14,1.0,EW,1,0,0
2014,14,1.0,EW,2,0,0
2014,14,1.0,EW,3,33,7
2014,14,1.0,EW,4,216,34
2014,14,1.0,EW,5,410,93
2014,14,1.0,EW,6,708,205
2014,14,1.0,EW,7,617,252
2014,14,1.0,EW,8,746,459
2014,14,1.0,EW,9,639,423
2014,14,1.0,EW,10,507,359
2014,14,1.0,EW,11,217,164
2014,14,1.0,EW,12,104,88
2014,14,1.0,EW,13,41,31
2014,14,1.0,EW,14,10,9
2014,14,1.0,EW,15,0,0
2014,14,1.0,EW,16,0,0
2014,14,1.0,Quantile,1,266,43
2014,14,1.0,Quantile,2,265,50
2014,14,1.0,Quantile,3,266,84
2014,14,1.0,Quantile,4,265,60
2014,14,1.0,Quantile,5,266,86
2014,14,1.0,Quantile,6,265,99
2014,14,1.0,Quantile,7,266,103
2014,14,1.0,Quantile,8,265,155
2014,14,1.0,Quantile,9,266,153
2014,14,1.0,Quantile,10,265,168
2014,14,1.0,Quantile,11,266,162
2014,14,1.0,Quantile,12,265,185
2014,14,1.0,Quantile,13,266,183
2014,14,1.0,Quantile,14,265,188
2014,14,1.0,Quantile,15,266,193
2014,14,1.0,Quantile,16,265,212
2014,14,0.05,EW,1,0,0
2014,14,0.05,EW,2,0,0
2014,14,0.05,EW,3,0,0
2014,14,0.05,EW,4,6,1
2014,14,0.05,EW,5,65,37
2014,14,0.05,EW,6,520,245
2014,14,0.05,EW,7,1210,641
2014,14,0.05,EW,8,1571,777
2014,14,0.05,EW,9,702,362
2014,14,0.05,EW,10,151,48
2014,14,0.05,EW,11,19,12
2014,14,0.05,EW,12,4,1
2014,14,0.05,EW,13,0,0
2014,14,0.05,EW,14,0,0
2014,14,0.05,EW,15,0,0
2014,14,0.05,EW,16,0,0
2014,14,0.05,Quantile,1,266,145
2014,14,0.05,Quantile,2,265,117
2014,14,0.05,Quantile,3,266,125
2014,14,0.05,Quantile,4,265,147
2014,14,0.05,Quantile,5,266,153
2014,14,0.05,Quantile,6,265,123
2014,14,0.05,Quantile,7,266,150
2014,14,0.05,Quantile,8,265,141
2014,14,0.05,Quantile,9,266,130
2014,14,0.05,Quantile,10,265,150
2014,14,0.05,Quantile,11,266,123
2014,14,0.05,Quantile,12,265,112
2014,14,0.05,Quantile,13,266,124
2014,14,0.05,Quantile,14,265,133
2014,14,0.05,Quantile,15,266,137
2014,14,0.05,Quantile,16,265,114
2014,15,1.0,EW,1,0,0
2014,15,1.0,EW,2,3,1
2014,15,1.0,EW,3,85,8
2014,15,1.0,EW,4,207,45
2014,15,1.0,EW,5,403,66
2014,15,1.0,EW,6,607,189
2014,15,1.0,EW,7,694,318
2014,15,1.0,EW,8,752,420
2014,15,1.0,EW,9,698,471
2014,15,1.0,EW,10,374,276
2014,15,1.0,EW,11,215,164
2014,15,1.0,EW,12,157,125
2014,15,1.0,EW,13,44,36
2014,15,1.0,EW,14,8,5
2014,15,1.0,EW,15,1,0
2014,15,1.0,EW,16,0,0
2014,15,1.0,Quantile,1,266,51
2014,15,1.0,Quantile,2,265,29
2014,15,1.0,Quantile,3,266,71
2014,15,1.0,Quantile,4,265,98
2014,15,1.0,Quantile,5,266,66
2014,15,1.0,Quantile,6,265,111
2014,15,1.0,Quantile,7,266,143
2014,15,1.0,Quantile,8,265,117
2014,15,1.0,Quantile,9,266,149
2014,15,1.0,Quantile,10,265,147
2014,15,1.0,Quantile,11,266,168
2014,15,1.0,Quantile,12,265,177
2014,15,1.0,Quantile,13,266,193
2014,15,1.0,Quantile,14,265,185
2014,15,1.0,Quantile,15,266,207
2014,15,1.0,Quantile,16,265,212
2014,15,0.05,EW,1,0,0
2014,15,0.05,EW,2,0,0
2014,15,0.05,EW,3,0,0
2014,15,0.05,EW,4,3,3
2014,15,0.05,EW,5,72,46
2014,15,0.05,EW,6,501,247
2014,15,0.05,EW,7,1290,647
2014,15,0.05,EW,8,1470,746
2014,15,0.05,EW,9,672,331
2014,15,0.05,EW,10,228,104
2014,15,0.05,EW,11,12,0
2014,15,0.05,EW,12,0,0
2014,15,0.05,EW,13,0,0
2014,15,0.05,EW,14,0,0
2014,15,0.05,EW,15,0,0
2014,15,0.05,EW,16,0,0
2014,15,0.05,Quantile,1,266,147
2014,15,0.05,Quantile,2,265,122
2014,15,0.05,Quantile,3,266,140
2014,15,0.05,Quantile,4,265,150
2014,15,0.05,Quantile,5,266,145
2014,15,0.05,Quantile,6,265,122
2014,15,0.05,Quantile,7,266,115
2014,15,0.05,Quantile,8,265,120
2014,15,0.05,Quantile,9,266,150
2014,15,0.05,Quantile,10,265,139
2014,15,0.05,Quantile,11,266,132
2014,15,0.05,Quantile,12,265,137
2014,15,0.05,Quantile,13,266,117
2014,15,0.05,Quantile,14,265,118
2014,15,0.05,Quantile,15,266,153
2014,15,0.05,Quantile,16,265,117
2014,16,1.0,EW,1,0,0
2014,16,1.0,EW,2,4,0
2014,16,1.0,EW,3,80,12
2014,16,1.0,EW,4,218,24
2014,16,1.0,EW,5,399,89
2014,16,1.0,EW,6,531,172
2014,16,1.0,EW,7,755,318
2014,16,1.0,EW,8,795,462
2014,16,1.0,EW,9,618,389
2014,16,1.0,EW,10,478,360
2014,16,1.0,EW,11,173,129
2014,16,1.0,EW,12,125,107
2014,16,1.0,EW,13,52,45
2014,16,1.0,EW,14,20,17
2014,16,1.0,EW,15,0,0
2014,16,1.0,EW,16,0,0
2014,16,1.0,Quantile,1,266,30
2014,16,1.0,Quantile,2,265,64
2014,16,1.0,Quantile,3,266,60
2014,16,1.0,Quantile,4,265,75
2014,16,1.0,Quantile,5,266,112
2014,16,1.0,Quantile,6,265,108
2014,16,1.0,Quantile,7,266,113
2014,16,1.0,Quantile,8,265,111
2014,16,1.0,Quantile,9,266,157
2014,16,1.0,Quantile,10,265,174
2014,16,1.0,Quantile,11,266,152
2014,16,1.0,Quantile,12,265,162
2014,16,1.0,Quantile,13,266,185
2014,16,1.0,Quantile,14,265,195
2014,16,1.0,Quantile,15,266,197
2014,16,1.0,Quantile,16,265,229
2014,16,0.05,EW,1,0,0
2014,16,0.05,EW,2,0,0
2014,16,0.05,EW,3,0,0
2014,16,0.05,EW,4,0,0
2014,16,0.05,EW,5,40,32
2014,16,0.05,EW,6,529,247
2014,16,0.05,EW,7,1298,718
2014,16,0.05,EW,8,1482,717
2014,16,0.05,EW,9,739,330
2014,16,0.05,EW,10,148,80
2014,16,0.05,EW,11,12,0
2014,16,0.05,EW,12,0,0
2014,16,0.05,EW,13,0,0
2014,16,0.05,EW,14,0,0
2014,16,0.05,EW,15,0,0
2014,16,0.05,EW,16,0,0
2014,16,0.05,Quantile,1,266,150
2014,16,0.05,Quantile,2,265,111
2014,16,0.05,Quantile,3,266,130
2014,16,0.05,Quantile,4,265,160
2014,16,0.05,Quantile,5,266,159
2014,16,0.05,Quantile,6,265,159
2014,16,0.05,Quantile,7,266,126
2014,16,0.05,Quantile,8,265,112
2014,16,0.05,Quantile,9,266,120
2014,16,0.05,Quantile,10,265,127
2014,16,0.05,Quantile,11,266,151
2014,16,0.05,Quantile,12,265,130
2014,16,0.05,Quantile,13,266,121
2014,16,0.05,Quantile,14,265,111
2014,16,0.05,Quantile,15,266,137
2014,16,0.05,Quantile,16,265,120
2014,17,1.0,EW,1,0,0
2014,17,1.0,EW,2,3,1
2014,17,1.0,EW,3,79,11
2014,17,1.0,EW,4,205,25
2014,17,1.0,EW,5,359,89
2014,17,1.0,EW,6,657,194
2014,17,1.0,EW,7,778,329
2014,17,1.0,EW,8,724,396
2014,17,1.0,EW,9,567,378
2014,17,1.0,EW,10,417,316
2014,17,1.0,EW,11,289,242
2014,17,1.0,EW,12,110,89
2014,17,1.0,EW,13,37,33
2014,17,1.0,EW,14,11,10
2014,17,1.0,EW,15,11,11
2014,17,1.0,EW,16,1,0
2014,17,1.0,Quantile,1,266,32
2014,17,1.0,Quantile,2,265,75
2014,17,1.0,Quantile,3,266,55
2014,17,1.0,Quantile,4,265,93
2014,17,1.0,Quantile,5,266,77
2014,17,1.0,Quantile,6,265,106
2014,17,1.0,Quantile,7,266,107
2014,17,1.0,Quantile,8,265,124
2014,17,1.0,Quantile,9,266,163
2014,17,1.0,Quantile,10,265,129
2014,17,1.0,Quantile,11,266,154
2014,17,1.0,Quantile,12,265,166
2014,17,1.0,Quantile,13,266,190
2014,17,1.0,Quantile,14,265,223
2014,17,1.0,Quantile,15,266,203
2014,17,1.0,Quantile,16,265,227
2014,17,0.05,EW,1,0,0
2014,17,0.05,EW,2,0,0
2014,17,0.05,EW,3,0,0
2014,17,0.05,EW,4,4,4
2014,17,0.05,EW,5,66,35
2014,17,0.05,EW,6,535,276
2014,17,0.05,EW,7,1266,633
2014,17,0.05,EW,8,1427,712
2014,17,0.05,EW,9,767,375
2014,17,0.05,EW,10,149,74
2014,17,0.05,EW,11,33,15
2014,17,0.05,EW,12,1,0
2014,17,0.05,EW,13,0,0
2014,17,0.05,EW,14,0,0
2014,17,0.05,EW,15,0,0
2014,17,0.05,EW,16,0,0
2014,17,0.05,Quantile,1,266,154
2014,17,0.05,Quantile,2,265,128
2014,17,0.05,Quantile,3,266,112
2014,17,0.05,Quantile,4,265,122
2014,17,0.05,Quantile,5,266,130
2014,17,0.05,Quantile,6,265,149
2014,17,0.05,Quantile,7,266,148
2014,17,0.05,Quantile,8,265,119
2014,17,0.05,Quantile,9,266,139
2014,17,0.05,Quantile,10,265,138
2014,17,0.05,Quantile,11,266,135
2014,17,0.05,Quantile,12,265,131
2014,17,0.05,Quantile,13,266,136
2014,17,0.05,Quantile,14,265,138
2014,17,0.05,Quantile,15,266,135
2014,17,0.05,Quantile,16,265,110
2014,18,1.0,EW,1,0,0
2014,18,1.0,EW,2,10,0
2014,18,1.0,EW,3,47,7
2014,18,1.0,EW,4,192,37
2014,18,1.0,EW,5,403,82
2014,18,1.0,EW,6,590,200
2014,18,1.0,EW,7,901,387
2014,18,1.0,EW,8,710,372
2014,18,1.0,EW,9,553,379
2014,18,1.0,EW,10,410,308
2014,18,1.0,EW,11,223,191
2014,18,1.0,EW,12,127,90
2014,18,1.0,EW,13,75,66
2014,18,1.0,EW,14,7,5
2014,18,1.0,EW,15,0,0
2014,18,1.0,EW,16,0,0
2014,18,1.0,Quantile,1,266,46
2014,18,1.0,Quantile,2,265,60
2014,18,1.0,Quantile,3,266,52
2014,18,1.0,Quantile,4,265,90
2014,18,1.0,Quantile,5,266,112
2014,18,1.0,Quantile,6,265,94
2014,18,1.0,Quantile,7,266,151
2014,18,1.0,Quantile,8,265,101
2014,18,1.0,Quantile,9,266,111
2014,18,1.0,Quantile,10,265,162
2014,18,1.0,Quantile,11,266,153
2014,18,1.0,Quantile,12,265,174
2014,18,1.0,Quantile,13,266,192
2014,18,1.0,Quantile,14,265,199
2014,18,1.0,Quantile,15,266,218
2014,18,1.0,Quantile,16,265,209
2014,18,0.05,EW,1,0,0
2014,18,0.05,EW,2,0,0
2014,18,0.05,EW,3,0,0
2014,18,0.05,EW,4,2,2
2014,18,0.05,EW,5,111,56
2014,18,0.05,EW,6,478,224
2014,18,0.05,EW,7,1232,616
2014,18,0.05,EW,8,1518,788
2014,18,0.05,EW,9,680,306
2014,18,0.05,EW,10,206,130
2014,18,0.05,EW,11,21,2
2014,18,0.05,EW,12,0,0
2014,18,0.05,EW,13,0,0
2014,18,0.05,EW,14,0,0
2014,18,0.05,EW,15,0,0
2014,18,0.05,EW,16,0,0
2014,18,0.05,Quantile,1,266,119
2014,18,0.05,Quantile,2,265,135
2014,18,0.05,Quantile,3,266,126
2014,18,0.05,Quantile,4,265,132
2014,18,0.05,Quantile,5,266,137
2014,18,0.05,Quantile,6,265,133
2014,18,0.05,Quantile,7,266,133
2014,18,0.05,Quantile,8,265,133
2014,18,0.05,Quantile,9,266,129
2014,18,0.05,Quantile,10,265,164
2014,18,0.05,Quantile,11,266,162
2014,18,0.05,Quantile,12,265,122
2014,18,0.05,Quantile,13,266,106
2014,18,0.05,Quantile,14,265,111
2014,18,0.05,Quantile,15,266,130
2014,18,0.05,Quantile,16,265,152
2014,19,1.0,EW,1,0,0
2014,19,1.0,EW,2,16,2
2014,19,1.0,EW,3,107,5
2014,19,1.0,EW,4,207,36
2014,19,1.0,EW,5,354,66
2014,19,1.0,EW,6,596,215
2014,19,1.0,EW,7,831,322
2014,19,1.0,EW,8,640,367
2014,19,1.0,EW,9,537,342
2014,19,1.0,EW,10,496,398
2014,19,1.0,EW,11,288,222
2014,19,1.0,EW,12,108,99
2014,19,1.0,EW,13,45,38
2014,19,1.0,EW,14,19,12
2014,19,1.0,EW,15,4,0
2014,19,1.0,EW,16,0,0
2014,19,1.0,Quantile,1,266,33
2014,19,1.0,Quantile,2,265,36
2014,19,1.0,Quantile,3,266,70
2014,19,1.0,Quantile,4,265,99
2014,19,1.0,Quantile,5,266,104
2014,19,1.0,Quantile,6,265,115
2014,19,1.0,Quantile,7,266,103
2014,19,1.0,Quantile,8,265,93
2014,19,1.0,Quantile,9,266,132
2014,19,1.0,Quantile,10,265,167
2014,19,1.0,Quantile,11,266,162
2014,19,1.0,Quantile,12,265,169
2014,19,1.0,Quantile,13,266,210
2014,19,1.0,Quantile,14,265,203
2014,19,1.0,Quantile,15,266,209
2014,19,1.0,Quantile,16,265,219
2014,19,0.05,EW,1,0,0
2014,19,0.05,EW,2,0,0
2014,19,0.05,EW,3,0,0
2014,19,0.05,EW,4,1,1
2014,19,0.05,EW,5,89,45
2014,19,0.05,EW,6,466,234
2014,19,0.05,EW,7,1262,650
2014,19,0.05,EW,8,1532,768
2014,19,0.05,EW,9,715,343
2014,19,0.05,EW,10,166,80
2014,19,0.05,EW,11,17,3
2014,19,0.05,EW,12,0,0
2014,19,0.05,EW,13,0,0
2014,19,0.05,EW,14,0,0
2014,19,0.05,EW,15,0,0
2014,19,0.05,EW,16,0,0
2014,19,0.05,Quantile,1,266,123
2014,19,0.05,Quantile,2,265,149
2014,19,0.05,Quantile,3,266,129
2014,19,0.05,Quantile,4,265,140
2014,19,0.05,Quantile,5,266,122
2014,19,0.05,Quantile,6,265,147
2014,19,0.05,Quantile,7,266,142
2014,19,0.05,Quantile,8,265,138
2014,19,0.05,Quantile,9,266,123
2014,19,0.05,Quantile,10,265,128
2014,19,0.05,Quantile,11,266,128
2014,19,0.05,Quantile,12,265,149
2014,19,0.05,Quantile,13,266,123
2014,19,0.05,Quantile,14,265,132
2014,19,0.05,Quantile,15,266,126
2014,19,0.05,Quantile,16,265,125
2014,20,1.0,EW,1,7,0
2014,20,1.0,EW,2,18,1
2014,20,1.0,EW,3,48,10
2014,20,1.0,EW,4,248,23
2014,20,1.0,EW,5,387,90
2014,20,1.0,EW,6,593,157
2014,20,1.0,EW,7,706,325
2014,20,1.0,EW,8,661,348
2014,20,1.0,EW,9,694,486
2014,20,1.0,EW,10,443,325
2014,20,1.0,EW,11,271,220
2014,20,1.0,EW,12,137,114
2014,20,1.0,EW,13,26,17
2014,20,1.0,EW,14,9,8
2014,20,1.0,EW,15,0,0
2014,20,1.0,EW,16,0,0
2014,20,1.0,Quantile,1,266,22
2014,20,1.0,Quantile,2,265,55
2014,20,1.0,Quantile,3,266,66
2014,20,1.0,Quantile,4,265,72
2014,20,1.0,Quantile,5,266,73
2014,20,1.0,Quantile,6,265,132
2014,20,1.0,Quantile,7,266,112
2014,20,1.0,Quantile,8,265,125
2014,20,1.0,Quantile,9,266,128
2014,20,1.0,Quantile,10,265,160
2014,20,1.0,Quantile,11,266,177
2014,20,1.0,Quantile,12,265,181
2014,20,1.0,Quantile,13,266,205
2014,20,1.0,Quantile,14,265,185
2014,20,1.0,Quantile,15,266,220
2014,20,1.0,Quantile,16,265,211
2014,20,0.05,EW,1,0,0
2014,20,0.05,EW,2,0,0
2014,20,0.05,EW,3,0,0
2014,20,0.05,EW,4,3,3
2014,20,0.05,EW,5,139,74
2014,20,0.05,EW,6,516,225
2014,20,0.05,EW,7,1142,578
2014,20,0.05,EW,8,1452,752
2014,20,0.05,EW,9,762,374
2014,20,0.05,EW,10,205,108
2014,20,0.05,EW,11,29,10
2014,20,0.05,EW,12,0,0
2014,20,0.05,EW,13,0,0
2014,20,0.05,EW,14,0,0
2014,20,0.05,EW,15,0,0
2014,20,0.05,EW,16,0,0
2014,20,0.05,Quantile,1,266,119
2014,20,0.05,Quantile,2,265,120
2014,20,0.05,Quantile,3,266,127
2014,20,0.05,Quantile,4,265,137
2014,20,0.05,Quantile,5,266,127
2014,20,0.05,Quantile,6,265,136
2014,20,0.05,Quantile,7,266,154
2014,20,0.05,Quantile,8,265,128
2014,20,0.05,Quantile,9,266,144
2014,20,0.05,Quantile,10,265,141
2014,20,0.05,Quantile,11,266,137
2014,20,0.05,Quantile,12,265,126
2014,20,0.05,Quantile,13,266,133
2014,20,0.05,Quantile,14,265,131
2014,20,0.05,Quantile,15,266,131
2014,20,0.05,Quantile,16,265,133
2014,21,1.0,EW,1,0,0
2014,21,1.0,EW,2,14,1
2014,21,1.0,EW,3,45,8
2014,21,1.0,EW,4,146,20
2014,21,1.0,EW,5,395,117
2014,21,1.0,EW,6,763,214
2014,21,1.0,EW,7,732,315
2014,21,1.0,EW,8,714,402
2014,21,1.0,EW,9,594,384
2014,21,1.0,EW,10,398,291
2014,21,1.0,EW,11,281,235
2014,21,1.0,EW,12,94,78
2014,21,1.0,EW,13,48,40
2014,21,1.0,EW,14,23,19
2014,21,1.0,EW,15,1,0
2014,21,1.0,EW,16,0,0
2014,21,1.0,Quantile,1,266,48
2014,21,1.0,Quantile,2,265,65
2014,21,1.0,Quantile,3,266,80
2014,21,1.0,Quantile,4,265,53
2014,21,1.0,Quantile,5,266,103
2014,21,1.0,Quantile,6,265,109
2014,21,1.0,Quantile,7,266,113
2014,21,1.0,Quantile,8,265,121
2014,21,1.0,Quantile,9,266,128
2014,21,1.0,Quantile,10,265,163
2014,21,1.0,Quantile,11,266,160
2014,21,1.0,Quantile,12,265,172
2014,21,1.0,Quantile,13,266,188
2014,21,1.0,Quantile,14,265,184
2014,21,1.0,Quantile,15,266,218
2014,21,1.0,Quantile,16,265,219
2014,21,0.05,EW,1,0,0
2014,21,0.05,EW,2,0,0
2014,21,0.05,EW,3,0,0
2014,21,0.05,EW,4,1,1
2014,21,0.05,EW,5,78,41
2014,21,0.05,EW,6,544,259
2014,21,0.05,EW,7,1226,619
2014,21,0.05,EW,8,1426,747
2014,21,0.05,EW,9,767,364
2014,21,0.05,EW,10,191,81
2014,21,0.05,EW,11,9,7
2014,21,0.05,EW,12,6,5
2014,21,0.05,EW,13,0,0
2014,21,0.05,EW,14,0,0
2014,21,0.05,EW,15,0,0
2014,21,0.05,EW,16,0,0
2014,21,0.05,Quantile,1,266,147
2014,21,0.05,Quantile,2,265,127
2014,21,0.05,Quantile,3,266,116
2014,21,0.05,Quantile,4,265,131
2014,21,0.05,Quantile,5,266,148
2014,21,0.05,Quantile,6,265,128
2014,21,0.05,Quantile,7,266,128
2014,21,0.05,Quantile,8,265,142
2014,21,0.05,Quantile,9,266,158
2014,21,0.05,Quantile,10,265,146
2014,21,0.05,Quantile,11,266,138
2014,21,0.05,Quantile,12,265,108
2014,21,0.05,Quantile,13,266,124
2014,21,0.05,Quantile,14,265,114
2014,21,0.05,Quantile,15,266,140
2014,21,0.05,Quantile,16,265,129
2014,22,1.0,EW,1,12,1
2014,22,1.0,EW,2,29,0
2014,22,1.0,EW,3,20,6
2014,22,1.0,EW,4,198,38
2014,22,1.0,EW,5,443,100
2014,22,1.0,EW,6,645,205
2014,22,1.0,EW,7,691,264
2014,22,1.0,EW,8,720,399
2014,22,1.0,EW,9,618,438
2014,22,1.0,EW,10,456,344
2014,22,1.0,EW,11,227,180
2014,22,1.0,EW,12,112,86
2014,22,1.0,EW,13,48,43
2014,22,1.0,EW,14,21,14
2014,22,1.0,EW,15,8,6
2014,22,1.0,EW,16,0,0
2014,22,1.0,Quantile,1,266,46
2014,22,1.0,Quantile,2,265,62
2014,22,1.0,Quantile,3,266,56
2014,22,1.0,Quantile,4,265,83
2014,22,1.0,Quantile,5,266,98
2014,22,1.0,Quantile,6,265,69
2014,22,1.0,Quantile,7,266,119
2014,22,1.0,Quantile,8,265,130
2014,22,1.0,Quantile,9,266,156
2014,22,1.0,Quantile,10,265,131
2014,22,1.0,Quantile,11,266,175
2014,22,1.0,Quantile,12,265,183
2014,22,1.0,Quantile,13,266,202
2014,22,1.0,Quantile,14,265,192
2014,22,1.0,Quantile,15,266,215
2014,22,1.0,Quantile,16,265,207
2014,22,0.05,EW,1,0,0
2014,22,0.05,EW,2,0,0
2014,22,0.05,EW,3,0,0
2014,22,0.05,EW,4,2,2
2014,22,0.05,EW,5,88,57
2014,22,0.05,EW,6,523,244
2014,22,0.05,EW,7,1222,626
2014,22,0.05,EW,8,1479,738
2014,22,0.05,EW,9,733,359
2014,22,0.05,EW,10,184,91
2014,22,0.05,EW,11,17,7
2014,22,0.05,EW,12,0,0
2014,22,0.05,EW,13,0,0
2014,22,0.05,EW,14,0,0
2014,22,0.05,EW,15,0,0
2014,22,0.05,EW,16,0,0
2014,22,0.05,Quantile,1,266,124
2014,22,0.05,Quantile,2,265,140
2014,22,0.05,Quantile,3,266,120
2014,22,0.05,Quantile,4,265,119
2014,22,0.05,Quantile,5,266,143
2014,22,0.05,Quantile,6,265,156
2014,22,0.05,Quantile,7,266,139
2014,22,0.05,Quantile,8,265,135
2014,22,0.05,Quantile,9,266,137
2014,22,0.05,Quantile,10,265,147
2014,22,0.05,Quantile,11,266,125
2014,22,0.05,Quantile,12,265,131
2014,22,0.05,Quantile,13,266,117
2014,22,0.05,Quantile,14,265,132
2014,22,0.05,Quantile,15,266,130
2014,22,0.05,Quantile,16,265,129
2014,23,1.0,EW,1,1,1
2014,23,1.0,EW,2,18,1
2014,23,1.0,EW,3,54,5
2014,23,1.0,EW,4,204,27
2014,23,1.0,EW,5,388,87
2014,23,1.0,EW,6,696,201
2014,23,1.0,EW,7,654,277
2014,23,1.0,EW,8,729,421
2014,23,1.0,EW,9,633,426
2014,23,1.0,EW,10,456,347
2014,23,1.0,EW,11,269,211
2014,23,1.0,EW,12,82,67
2014,23,1.0,EW,13,40,31
2014,23,1.0,EW,14,12,11
2014,23,1.0,EW,15,9,8
2014,23,1.0,EW,16,3,3
2014,23,1.0,Quantile,1,266,31
2014,23,1.0,Quantile,2,265,56
2014,23,1.0,Quantile,3,266,83
2014,23,1.0,Quantile,4,265,67
2014,23,1.0,Quantile,5,266,68
2014,23,1.0,Quantile,6,265,109
2014,23,1.0,Quantile,7,266,119
2014,23,1.0,Quantile,8,265,124
2014,23,1.0,Quantile,9,266,164
2014,23,1.0,Quantile,10,265,150
2014,23,1.0,Quantile,11,266,165
2014,23,1.0,Quantile,12,265,168
2014,23,1.0,Quantile,13,266,193
2014,23,1.0,Quantile,14,265,203
2014,23,1.0,Quantile,15,266,211
2014,23,1.0,Quantile,16,265,213
2014,23,0.05,EW,1,0,0
2014,23,0.05,EW,2,0,0
2014,23,0.05,EW,3,0,0
2014,23,0.05,EW,4,3,3
2014,23,0.05,EW,5,89,45
2014,23,0.05,EW,6,559,256
2014,23,0.05,EW,7,1152,605
2014,23,0.05,EW,8,1539,773
2014,23,0.05,EW,9,691,324
2014,23,0.05,EW,10,178,100
2014,23,0.05,EW,11,37,18
2014,23,0.05,EW,12,0,0
2014,23,0.05,EW,13,0,0
2014,23,0.05,EW,14,0,0
2014,23,0.05,EW,15,0,0
2014,23,0.05,EW,16,0,0
2014,23,0.05,Quantile,1,266,131
2014,23,0.05,Quantile,2,265,113
2014,23,0.05,Quantile,3,266,127
2014,23,0.05,Quantile,4,265,145
2014,23,0.05,Quantile,5,266,151
2014,23,0.05,Quantile,6,265,146
2014,23,0.05,Quantile,7,266,126
2014,23,0.05,Quantile,8,265,131
2014,23,0.05,Quantile,9,266,132
2014,23,0.05,Quantile,10,265,142
2014,23,0.05,Quantile,11,266,150
2014,23,0.05,Quantile,12,265,133
2014,23,0.05,Quantile,13,266,94
2014,23,0.05,Quantile,14,265,121
2014,23,0.05,Quantile,15,266,132
2014,23,0.05,Quantile,16,265,150
2014,24,1.0,EW,1,0,0
2014,24,1.0,EW,2,9,3
2014,24,1.0,EW,3,57,3
2014,24,1.0,EW,4,140,27
2014,24,1.0,EW,5,454,110
2014,24,1.0,EW,6,569,162
2014,24,1.0,EW,7,813,375
2014,24,1.0,EW,8,750,391
2014,24,1.0,EW,9,614,408
2014,24,1.0,EW,10,471,367
2014,24,1.0,EW,11,246,179
2014,24,1.0,EW,12,71,56
2014,24,1.0,EW,13,39,34
2014,24,1.0,EW,14,13,9
2014,24,1.0,EW,15,2,0
2014,24,1.0,EW,16,0,0
2014,24,1.0,Quantile,1,266,50
2014,24,1.0,Quantile,2,265,69
2014,24,1.0,Quantile,3,266,54
2014,24,1.0,Quantile,4,265,74
2014,24,1.0,Quantile,5,266,99
2014,24,1.0,Quantile,6,265,118
2014,24,1.0,Quantile,7,266,138
2014,24,1.0,Quantile,8,265,115
2014,24,1.0,Quantile,9,266,118
2014,24,1.0,Quantile,10,265,153
2014,24,1.0,Quantile,11,266,174
2014,24,1.0,Quantile,12,265,171
2014,24,1.0,Quantile,13,266,180
2014,24,1.0,Quantile,14,265,205
2014,24,1.0,Quantile,15,266,215
2014,24,1.0,Quantile,16,265,191
2014,24,0.05,EW,1,0,0
2014,24,0.05,EW,2,0,0
2014,24,0.05,EW,3,0,0
2014,24,0.05,EW,4,11,6
2014,24,0.05,EW,5,135,53
2014,24,0.05,EW,6,480,224
2014,24,0.05,EW,7,1137,562
2014,24,0.05,EW,8,1454,783
2014,24,0.05,EW,9,870,410
2014,24,0.05,EW,10,143,80
2014,24,0.05,EW,11,18,6
2014,24,0.05,EW,12,0,0
2014,24,0.05,EW,13,0,0
2014,24,0.05,EW,14,0,0
2014,24,0.05,EW,15,0,0
2014,24,0.05,EW,16,0,0
2014,24,0.05,Quantile,1,266,121
2014,24,0.05,Quantile,2,265,115
2014,24,0.05,Quantile,3,266,136
2014,24,0.05,Quantile,4,265,135
2014,24,0.05,Quantile,5,266,121
2014,24,0.05,Quantile,6,265,124
2014,24,0.05,Quantile,7,266,150
2014,24,0.05,Quantile,8,265,136
2014,24,0.05,Quantile,9,266,139
2014,24,0.05,Quantile,10,265,125
2014,24,0.05,Quantile,11,266,143
2014,24,0.05,Quantile,12,265,167
2014,24,0.05,Quantile,13,266,156
2014,24,0.05,Quantile,14,265,137
2014,24,0.05,Quantile,15,266,98
2014,24,0.05,Quantile,16,265,121
2014,25,1.0,EW,1,0,0
2014,25,1.0,EW,2,17,3
2014,25,1.0,EW,3,68,4
2014,25,1.0,EW,4,163,38
2014,25,1.0,EW,5,410,103
2014,25,1.0,EW,6,697,208
2014,25,1.0,EW,7,703,262
2014,25,1.0,EW,8,689,412
2014,25,1.0,EW,9,628,399
2014,25,1.0,EW,10,465,355
2014,25,1.0,EW,11,247,214
2014,25,1.0,EW,12,92,65
2014,25,1.0,EW,13,41,37
2014,25,1.0,EW,14,28,24
2014,25,1.0,EW,15,0,0
2014,25,1.0,EW,16,0,0
2014,25,1.0,Quantile,1,266,47
2014,25,1.0,Quantile,2,265,60
2014,25,1.0,Quantile,3,266,85
2014,25,1.0,Quantile,4,265,72
2014,25,1.0,Quantile,5,266,86
2014,25,1.0,Quantile,6,265,85
2014,25,1.0,Quantile,7,266,91
2014,25,1.0,Quantile,8,265,122
2014,25,1.0,Quantile,9,266,140
2014,25,1.0,Quantile,10,265,174
2014,25,1.0,Quantile,11,266,176
2014,25,1.0,Quantile,12,265,178
2014,25,1.0,Quantile,13,266,167
2014,25,1.0,Quantile,14,265,203
2014,25,1.0,Quantile,15,266,221
2014,25,1.0,Quantile,16,265,217
2014,25,0.05,EW,1,0,0
2014,25,0.05,EW,2,0,0
2014,25,0.05,EW,3,0,0
2014,25,0.05,EW,4,13,3
2014,25,0.05,EW,5,57,27
2014,25,0.05,EW,6,583,328
2014,25,0.05,EW,7,1214,547
2014,25,0.05,EW,8,1359,733
2014,25,0.05,EW,9,842,394
2014,25,0.05,EW,10,166,82
2014,25,0.05,EW,11,14,10
2014,25,0.05,EW,12,0,0
2014,25,0.05,EW,13,0,0
2014,25,0.05,EW,14,0,0
2014,25,0.05,EW,15,0,0
2014,25,0.05,EW,16,0,0
2014,25,0.05,Quantile,1,266,170
2014,25,0.05,Quantile,2,265,141
2014,25,0.05,Quantile,3,266,114
2014,25,0.05,Quantile,4,265,97
2014,25,0.05,Quantile,5,266,114
2014,25,0.05,Quantile,6,265,127
2014,25,0.05,Quantile,7,266,140
2014,25,0.05,Quantile,8,265,116
2014,25,0.05,Quantile,9,266,131
2014,25,0.05,Quantile,10,265,144
2014,25,0.05,Quantile,11,266,145
2014,25,0.05,Quantile,12,265,169
2014,25,0.05,Quantile,13,266,157
2014,25,0.05,Quantile,14,265,120
2014,25,0.05,Quantile,15,266,104
2014,25,0.05,Quantile,16,265,135
2014,26,1.0,EW,1,0,0
2014,26,1.0,EW,2,3,1
2014,26,1.0,EW,3,63,11
2014,26,1.0,EW,4,252,28
2014,26,1.0,EW,5,384,99
2014,26,1.0,EW,6,595,176
2014,26,1.0,EW,7,786,370
2014,26,1.0,EW,8,764,397
2014,26,1.0,EW,9,528,345
2014,26,1.0,EW,10,398,302
2014,26,1.0,EW,11,227,179
2014,26,1.0,EW,12,143,123
2014,26,1.0,EW,13,92,82
2014,26,1.0,EW,14,11,10
2014,26,1.0,EW,15,2,1
2014,26,1.0,EW,16,0,0
2014,26,1.0,Quantile,1,266,30
2014,26,1.0,Quantile,2,265,68
2014,26,1.0,Quantile,3,266,65
2014,26,1.0,Quantile,4,265,66
2014,26,1.0,Quantile,5,266,102
2014,26,1.0,Quantile,6,265,102
2014,26,1.0,Quantile,7,266,125
2014,26,1.0,Quantile,8,265,150
2014,26,1.0,Quantile,9,266,142
2014,26,1.0,Quantile,10,265,129
2014,26,1.0,Quantile,11,266,139
2014,26,1.0,Quantile,12,265,161
2014,26,1.0,Quantile,13,266,210
2014,26,1.0,Quantile,14,265,199
2014,26,1.0,Quantile,15,266,205
2014,26,1.0,Quantile,16,265,231
2014,26,0.05,EW,1,0,0
2014,26,0.05,EW,2,0,0
2014,26,0.05,EW,3,0,0
2014,26,0.05,EW,4,1,1
2014,26,0.05,EW,5,84,50
2014,26,0.05,EW,6,451,234
2014,26,0.05,EW,7,1356,676
2014,26,0.05,EW,8,1395,694
2014,26,0.05,EW,9,785,386
2014,26,0.05,EW,10,162,73
2014,26,0.05,EW,11,13,10
2014,26,0.05,EW,12,1,0
2014,26,0.05,EW,13,0,0
2014,26,0.05,EW,14,0,0
2014,26,0.05,EW,15,0,0
2014,26,0.05,EW,16,0,0
2014,26,0.05,Quantile,1,266,140
2014,26,0.05,Quantile,2,265,142
2014,26,0.05,Quantile,3,266,132
2014,26,0.05,Quantile,4,265,126
2014,26,0.05,Quantile,5,266,136
2014,26,0.05,Quantile,6,265,137
2014,26,0.05,Quantile,7,266,134
2014,26,0.05,Quantile,8,265,131
2014,26,0.05,Quantile,9,266,131
2014,26,0.05,Quantile,10,265,121
2014,26,0.05,Quantile,11,266,130
2014,26,0.05,Quantile,12,265,140
2014,26,0.05,Quantile,13,266,144
2014,26,0.05,Quantile,14,265,131
2014,26,0.05,Quantile,15,266,127
2014,26,0.05,Quantile,16,265,122
2014,27,1.0,EW,1,0,0
2014,27,1.0,EW,2,13,0
2014,27,1.0,EW,3,11,7
2014,27,1.0,EW,4,250,45
2014,27,1.0,EW,5,443,75
2014,27,1.0,EW,6,560,171
2014,27,1.0,EW,7,791,350
2014,27,1.0,EW,8,667,374
2014,27,1.0,EW,9,653,436
2014,27,1.0,EW,10,476,370
2014,27,1.0,EW,11,229,178
2014,27,1.0,EW,12,71,51
2014,27,1.0,EW,13,41,35
2014,27,1.0,EW,14,42,32
2014,27,1.0,EW,15,1,0
2014,27,1.0,EW,16,0,0
2014,27,1.0,Quantile,1,266,51
2014,27,1.0,Quantile,2,265,30
2014,27,1.0,Quantile,3,266,73
2014,27,1.0,Quantile,4,265,63
2014,27,1.0,Quantile,5,266,109
2014,27,1.0,Quantile,6,265,125
2014,27,1.0,Quantile,7,266,104
2014,27,1.0,Quantile,8,265,118
2014,27,1.0,Quantile,9,266,148
2014,27,1.0,Quantile,10,265,159
2014,27,1.0,Quantile,11,266,163
2014,27,1.0,Quantile,12,265,173
2014,27,1.0,Quantile,13,266,188
2014,27,1.0,Quantile,14,265,213
2014,27,1.0,Quantile,15,266,205
2014,27,1.0,Quantile,16,265,202
2014,27,0.05,EW,1,0,0
2014,27,0.05,EW,2,0,0
2014,27,0.05,EW,3,0,0
2014,27,0.05,EW,4,3,3
2014,27,0.05,EW,5,112,50
2014,27,0.05,EW,6,492,218
2014,27,0.05,EW,7,1241,629
2014,27,0.05,EW,8,1434,762
2014,27,0.05,EW,9,771,379
2014,27,0.05,EW,10,171,70
2014,27,0.05,EW,11,24,13
2014,27,0.05,EW,12,0,0
2014,27,0.05,EW,13,0,0
2014,27,0.05,EW,14,0,0
2014,27,0.05,EW,15,0,0
2014,27,0.05,EW,16,0,0
2014,27,0.05,Quantile,1,266,135
2014,27,0.05,Quantile,2,265,102
2014,27,0.05,Quantile,3,266,144
2014,27,0.05,Quantile,4,265,140
2014,27,0.05,Quantile,5,266,125
2014,27,0.05,Quantile,6,265,126
2014,27,0.05,Quantile,7,266,136
2014,27,0.05,Quantile,8,265,142
2014,27,0.05,Quantile,9,266,140
2014,27,0.05,Quantile,10,265,137
2014,27,0.05,Quantile,11,266,157
2014,27,0.05,Quantile,12,265,127
2014,27,0.05,Quantile,13,266,137
2014,27,0.05,Quantile,14,265,108
2014,27,0.05,Quantile,15,266,158
2014,27,0.05,Quantile,16,265,110
2014,28,1.0,EW,1,5,0
2014,28,1.0,EW,2,32,1
2014,28,1.0,EW,3,42,4
2014,28,1.0,EW,4,203,35
2014,28,1.0,EW,5,424,85
2014,28,1.0,EW,6,645,205
2014,28,1.0,EW,7,706,306
2014,28,1.0,EW,8,657,339
2014,28,1.0,EW,9,576,425
2014,28,1.0,EW,10,528,382
2014,28,1.0,EW,11,276,217
2014,28,1.0,EW,12,92,74
2014,28,1.0,EW,13,39,29
2014,28,1.0,EW,14,23,22
2014,28,1.0,EW,15,0,0
2014,28,1.0,EW,16,0,0
2014,28,1.0,Quantile,1,266,37
2014,28,1.0,Quantile,2,265,59
2014,28,1.0,Quantile,3,266,48
2014,28,1.0,Quantile,4,265,78
2014,28,1.0,Quantile,5,266,96
2014,28,1.0,Quantile,6,265,118
2014,28,1.0,Quantile,7,266,91
2014,28,1.0,Quantile,8,265,145
2014,28,1.0,Quantile,9,266,133
2014,28,1.0,Quantile,10,265,139
2014,28,1.0,Quantile,11,266,173
2014,28,1.0,Quantile,12,265,204
2014,28,1.0,Quantile,13,266,197
2014,28,1.0,Quantile,14,265,186
2014,28,1.0,Quantile,15,266,205
2014,28,1.0,Quantile,16,265,215
2014,28,0.05,EW,1,0,0
2014,28,0.05,EW,2,0,0
2014,28,0.05,EW,3,0,0
2014,28,0.05,EW,4,18,10
2014,28,0.05,EW,5,104,36
2014,28,0.05,EW,6,470,236
2014,28,0.05,EW,7,1250,637
2014,28,0.05,EW,8,1410,694
2014,28,0.05,EW,9,767,389
2014,28,0.05,EW,10,204,111
2014,28,0.05,EW,11,25,11
2014,28,0.05,EW,12,0,0
2014,28,0.05,EW,13,0,0
2014,28,0.05,EW,14,0,0
2014,28,0.05,EW,15,0,0
2014,28,0.05,EW,16,0,0
2014,28,0.05,Quantile,1,266,123
2014,28,0.05,Quantile,2,265,125
2014,28,0.05,Quantile,3,266,152
2014,28,0.05,Quantile,4,265,133
2014,28,0.05,Quantile,5,266,134
2014,28,0.05,Quantile,6,265,123
2014,28,0.05,Quantile,7,266,134
2014,28,0.05,Quantile,8,265,135
2014,28,0.05,Quantile,9,266,145
2014,28,0.05,Quantile,10,265,121
2014,28,0.05,Quantile,11,266,125
2014,28,0.05,Quantile,12,265,127
2014,28,0.05,Quantile,13,266,149
2014,28,0.05,Quantile,14,265,145
2014,28,0.05,Quantile,15,266,114
2014,28,0.05,Quantile,16,265,139
2014,29,1.0,EW,1,0,0
2014,29,1.0,EW,2,0,0
2014,29,1.0,EW,3,59,9
2014,29,1.0,EW,4,218,29
2014,29,1.0,EW,5,476,92
2014,29,1.0,EW,6,553,181
2014,29,1.0,EW,7,724,291
2014,29,1.0,EW,8,741,445
2014,29,1.0,EW,9,675,457
2014,29,1.0,EW,10,313,207
2014,29,1.0,EW,11,280,237
2014,29,1.0,EW,12,131,106
2014,29,1.0,EW,13,56,50
2014,29,1.0,EW,14,22,20
2014,29,1.0,EW,15,0,0
2014,29,1.0,EW,16,0,0
2014,29,1.0,Quantile,1,266,37
2014,29,1.0,Quantile,2,265,63
2014,29,1.0,Quantile,3,266,43
2014,29,1.0,Quantile,4,265,71
2014,29,1.0,Quantile,5,266,107
2014,29,1.0,Quantile,6,265,89
2014,29,1.0,Quantile,7,266,122
2014,29,1.0,Quantile,8,265,120
2014,29,1.0,Quantile,9,266,144
2014,29,1.0,Quantile,10,265,166
2014,29,1.0,Quantile,11,266,183
2014,29,1.0,Quantile,12,265,176
2014,29,1.0,Quantile,13,266,187
2014,29,1.0,Quantile,14,265,172
2014,29,1.0,Quantile,15,266,222
2014,29,1.0,Quantile,16,265,222
2014,29,0.05,EW,1,0,0
2014,29,0.05,EW,2,0,0
2014,29,0.05,EW,3,0,0
2014,29,0.05,EW,4,1,1
2014,29,0.05,EW,5,95,50
2014,29,0.05,EW,6,496,241
2014,29,0.05,EW,7,1263,666
2014,29,0.05,EW,8,1493,746
2014,29,0.05,EW,9,691,319
2014,29,0.05,EW,10,184,90
2014,29,0.05,EW,11,23,11
2014,29,0.05,EW,12,2,0
2014,29,0.05,EW,13,0,0
2014,29,0.05,EW,14,0,0
2014,29,0.05,EW,15,0,0
2014,29,0.05,EW,16,0,0
2014,29,0.05,Quantile,1,266,136
2014,29,0.05,Quantile,2,265,124
2014,29,0.05,Quantile,3,266,133
2014,29,0.05,Quantile,4,265,140
2014,29,0.05,Quantile,5,266,159
2014,29,0.05,Quantile,6,265,127
2014,29,0.05,Quantile,7,266,141
2014,29,0.05,Quantile,8,265,130
2014,29,0.05,Quantile,9,266,147
2014,29,0.05,Quantile,10,265,114
2014,29,0.05,Quantile,11,266,142
2014,29,0.05,Quantile,12,265,136
2014,29,0.05,Quantile,13,266,117
2014,29,0.05,Quantile,14,265,114
2014,29,0.05,Quantile,15,266,134
2014,29,0.05,Quantile,16,265,130
2014,30,1.0,EW,1,2,0
2014,30,1.0,EW,2,26,0
2014,30,1.0,EW,3,97,12
2014,30,1.0,EW,4,203,39
2014,30,1.0,EW,5,437,66
2014,30,1.0,EW,6,586,202
2014,30,1.0,EW,7,626,255
2014,30,1.0,EW,8,746,429
2014,30,1.0,EW,9,574,371
2014,30,1.0,EW,10,451,340
2014,30,1.0,EW,11,329,274
2014,30,1.0,EW,12,112,92
2014,30,1.0,EW,13,48,39
2014,30,1.0,EW,14,6,5
2014,30,1.0,EW,15,5,0
2014,30,1.0,EW,16,0,0
2014,30,1.0,Quantile,1,266,36
2014,30,1.0,Quantile,2,265,43
2014,30,1.0,Quantile,3,266,47
2014,30,1.0,Quantile,4,265,76
2014,30,1.0,Quantile,5,266,108
2014,30,1.0,Quantile,6,265,96
2014,30,1.0,Quantile,7,266,98
2014,30,1.0,Quantile,8,265,153
2014,30,1.0,Quantile,9,266,157
2014,30,1.0,Quantile,10,265,147
2014,30,1.0,Quantile,11,266,163
2014,30,1.0,Quantile,12,265,161
2014,30,1.0,Quantile,13,266,197
2014,30,1.0,Quantile,14,265,209
2014,30,1.0,Quantile,15,266,219
2014,30,1.0,Quantile,16,265,214
2014,30,0.05,EW,1,0,0
2014,30,0.05,EW,2,0,0
2014,30,0.05,EW,3,0,0
2014,30,0.05,EW,4,2,2
2014,30,0.05,EW,5,111,47
2014,30,0.05,EW,6,487,251
2014,30,0.05,EW,7,1258,637
2014,30,0.05,EW,8,1469,730
2014,30,0.05,EW,9,685,315
2014,30,0.05,EW,10,196,121
2014,30,0.05,EW,11,39,21
2014,30,0.05,EW,12,1,0
2014,30,0.05,EW,13,0,0
2014,30,0.05,EW,14,0,0
2014,30,0.05,EW,15,0,0
2014,30,0.05,EW,16,0,0
2014,30,0.05,Quantile,1,266,133
2014,30,0.05,Quantile,2,265,129
2014,30,0.05,Quantile,3,266,145
2014,30,0.05,Quantile,4,265,135
2014,30,0.05,Quantile,5,266,133
2014,30,0.05,Quantile,6,265,129
2014,30,0.05,Quantile,7,266,133
2014,30,0.05,Quantile,8,265,133
2014,30,0.05,Quantile,9,266,124
2014,30,0.05,Quantile,10,265,147
2014,30,0.05,Quantile,11,266,145
2014,30,0.05,Quantile,12,265,125
2014,30,0.05,Quantile,13,266,113
2014,30,0.05,Quantile,14,265,128
2014,30,0.05,Quantile,15,266,124
2014,30,0.05,Quantile,16,265,148
2014,31,1.0,EW,1,0,0
2014,31,1.0,EW,2,0,0
2014,31,1.0,EW,3,54,6
2014,31,1.0,EW,4,188,40
2014,31,1.0,EW,5,394,101
2014,31,1.0,EW,6,697,197
2014,31,1.0,EW,7,793,355
2014,31,1.0,EW,8,680,331
2014,31,1.0,EW,9,540,385
2014,31,1.0,EW,10,466,354
2014,31,1.0,EW,11,253,202
2014,31,1.0,EW,12,120,104
2014,31,1.0,EW,13,63,49
2014,31,1.0,EW,14,0,0
2014,31,1.0,EW,15,0,0
2014,31,1.0,EW,16,0,0
2014,31,1.0,Quantile,1,266,52
2014,31,1.0,Quantile,2,265,63
2014,31,1.0,Quantile,3,266,73
2014,31,1.0,Quantile,4,265,74
2014,31,1.0,Quantile,5,266,80
2014,31,1.0,Quantile,6,265,109
2014,31,1.0,Quantile,7,266,128
2014,31,1.0,Quantile,8,265,120
2014,31,1.0,Quantile,9,266,129
2014,31,1.0,Quantile,10,265,132
2014,31,1.0,Quantile,11,266,155
2014,31,1.0,Quantile,12,265,191
2014,31,1.0,Quantile,13,266,186
2014,31,1.0,Quantile,14,265,202
2014,31,1.0,Quantile,15,266,213
2014,31,1.0,Quantile,16,265,217
2014,31,0.05,EW,1,0,0
2014,31,0.05,EW,2,0,0
2014,31,0.05,EW,3,1,1
2014,31,0.05,EW,4,6,3
2014,31,0.05,EW,5,91,39
2014,31,0.05,EW,6,493,262
2014,31,0.05,EW,7,1277,641
2014,31,0.05,EW,8,1454,720
2014,31,0.05,EW,9,714,348
2014,31,0.05,EW,10,186,98
2014,31,0.05,EW,11,26,12
2014,31,0.05,EW,12,0,0
2014,31,0.05,EW,13,0,0
2014,31,0.05,EW,14,0,0
2014,31,0.05,EW,15,0,0
2014,31,0.05,EW,16,0,0
2014,31,0.05,Quantile,1,266,138
2014,31,0.05,Quantile,2,265,144
2014,31,0.05,Quantile,3,266,111
2014,31,0.05,Quantile,4,265,126
2014,31,0.05,Quantile,5,266,150
2014,31,0.05,Quantile,6,265,145
2014,31,0.05,Quantile,7,266,129
2014,31,0.05,Quantile,8,265,146
2014,31,0.05,Quantile,9,266,141
2014,31,0.05,Quantile,10,265,127
2014,31,0.05,Quantile,11,266,128
2014,31,0.05,Quantile,12,265,115
2014,31,0.05,Quantile,13,266,135
2014,31,0.05,Quantile,14,265,151
2014,31,0.05,Quantile,15,266,105
2014,31,0.05,Quantile,16,265,133
2014,32,1.0,EW,1,0,0
2014,32,1.0,EW,2,1,0
2014,32,1.0,EW,3,78,12
2014,32,1.0,EW,4,201,32
2014,32,1.0,EW,5,366,94
2014,32,1.0,EW,6,702,192
2014,32,1.0,EW,7,680,281
2014,32,1.0,EW,8,683,372
2014,32,1.0,EW,9,697,505
2014,32,1.0,EW,10,416,280
2014,32,1.0,EW,11,211,172
2014,32,1.0,EW,12,184,163
2014,32,1.0,EW,13,18,12
2014,32,1.0,EW,14,11,9
2014,32,1.0,EW,15,0,0
2014,32,1.0,EW,16,0,0
2014,32,1.0,Quantile,1,266,39
2014,32,1.0,Quantile,2,265,60
2014,32,1.0,Quantile,3,266,71
2014,32,1.0,Quantile,4,265,72
2014,32,1.0,Quantile,5,266,82
2014,32,1.0,Quantile,6,265,87
2014,32,1.0,Quantile,7,266,107
2014,32,1.0,Quantile,8,265,148
2014,32,1.0,Quantile,9,266,133
2014,32,1.0,Quantile,10,265,149
2014,32,1.0,Quantile,11,266,205
2014,32,1.0,Quantile,12,265,172
2014,32,1.0,Quantile,13,266,191
2014,32,1.0,Quantile,14,265,174
2014,32,1.0,Quantile,15,266,211
2014,32,1.0,Quantile,16,265,223
2014,32,0.05,EW,1,0,0
2014,32,0.05,EW,2,0,0
2014,32,0.05,EW,3,0,0
2014,32,0.05,EW,4,24,12
2014,32,0.05,EW,5,95,30
2014,32,0.05,EW,6,402,207
2014,32,0.05,EW,7,1308,690
2014,32,0.05,EW,8,1536,755
2014,32,0.05,EW,9,724,338
2014,32,0.05,EW,10,101,57
2014,32,0.05,EW,11,54,35
2014,32,0.05,EW,12,4,0
2014,32,0.05,EW,13,0,0
2014,32,0.05,EW,14,0,0
2014,32,0.05,EW,15,0,0
2014,32,0.05,EW,16,0,0
2014,32,0.05,Quantile,1,266,115
2014,32,0.05,Quantile,2,265,140
2014,32,0.05,Quantile,3,266,129
2014,32,0.05,Quantile,4,265,149
2014,32,0.05,Quantile,5,266,153
2014,32,0.05,Quantile,6,265,140
2014,32,0.05,Quantile,7,266,131
2014,32,0.05,Quantile,8,265,140
2014,32,0.05,Quantile,9,266,137
2014,32,0.05,Quantile,10,265,128
2014,32,0.05,Quantile,11,266,135
2014,32,0.05,Quantile,12,265,124
2014,32,0.05,Quantile,13,266,113
2014,32,0.05,Quantile,14,265,142
2014,32,0.05,Quantile,15,266,116
2014,32,0.05,Quantile,16,265,132
2014,33,1.0,EW,1,0,0
2014,33,1.0,EW,2,12,0
2014,33,1.0,EW,3,59,10
2014,33,1.0,EW,4,145,22
2014,33,1.0,EW,5,448,98
2014,33,1.0,EW,6,678,228
2014,33,1.0,EW,7,739,295
2014,33,1.0,EW,8,666,394
2014,33,1.0,EW,9,612,391
2014,33,1.0,EW,10,419,314
2014,33,1.0,EW,11,327,269
2014,33,1.0,EW,12,107,78
2014,33,1.0,EW,13,28,19
2014,33,1.0,EW,14,8,6
2014,33,1.0,EW,15,0,0
2014,33,1.0,EW,16,0,0
2014,33,1.0,Quantile,1,266,41
2014,33,1.0,Quantile,2,265,66
2014,33,1.0,Quantile,3,266,66
2014,33,1.0,Quantile,4,265,80
2014,33,1.0,Quantile,5,266,101
2014,33,1.0,Quantile,6,265,80
2014,33,1.0,Quantile,7,266,115
2014,33,1.0,Quantile,8,265,121
2014,33,1.0,Quantile,9,266,143
2014,33,1.0,Quantile,10,265,171
2014,33,1.0,Quantile,11,266,198
2014,33,1.0,Quantile,12,265,146
2014,33,1.0,Quantile,13,266,173
2014,33,1.0,Quantile,14,265,204
2014,33,1.0,Quantile,15,266,214
2014,33,1.0,Quantile,16,265,205
2014,33,0.05,EW,1,0,0
2014,33,0.05,EW,2,0,0
2014,33,0.05,EW,3,0,0
2014,33,0.05,EW,4,5,4
2014,33,0.05,EW,5,97,56
2014,33,0.05,EW,6,576,242
2014,33,0.05,EW,7,1199,605
2014,33,0.05,EW,8,1364,708
2014,33,0.05,EW,9,750,381
2014,33,0.05,EW,10,219,111
2014,33,0.05,EW,11,37,17
2014,33,0.05,EW,12,1,0
2014,33,0.05,EW,13,0,0
2014,33,0.05,EW,14,0,0
2014,33,0.05,EW,15,0,0
2014,33,0.05,EW,16,0,0
2014,33,0.05,Quantile,1,266,140
2014,33,0.05,Quantile,2,265,100
2014,33,0.05,Quantile,3,266,128
2014,33,0.05,Quantile,4,265,136
2014,33,0.05,Quantile,5,266,129
2014,33,0.05,Quantile,6,265,120
2014,33,0.05,Quantile,7,266,143
2014,33,0.05,Quantile,8,265,139
2014,33,0.05,Quantile,9,266,129
2014,33,0.05,Quantile,10,265,133
2014,33,0.05,Quantile,11,266,156
2014,33,0.05,Quantile,12,265,140
2014,33,0.05,Quantile,13,266,100
2014,33,0.05,Quantile,14,265,147
2014,33,0.05,Quantile,15,266,154
2014,33,0.05,Quantile,16,265,130
2014,34,1.0,EW,1,0,0
2014,34,1.0,EW,2,25,1
2014,34,1.0,EW,3,85,7
2014,34,1.0,EW,4,211,27
2014,34,1.0,EW,5,366,83
2014,34,1.0,EW,6,540,179
2014,34,1.0,EW,7,750,316
2014,34,1.0,EW,8,774,415
2014,34,1.0,EW,9,651,439
2014,34,1.0,EW,10,413,314
2014,34,1.0,EW,11,246,199
2014,34,1.0,EW,12,135,105
2014,34,1.0,EW,13,40,30
2014,34,1.0,EW,14,10,9
2014,34,1.0,EW,15,2,0
2014,34,1.0,EW,16,0,0
2014,34,1.0,Quantile,1,266,27
2014,34,1.0,Quantile,2,265,55
2014,34,1.0,Quantile,3,266,71
2014,34,1.0,Quantile,4,265,86
2014,34,1.0,Quantile,5,266,99
2014,34,1.0,Quantile,6,265,95
2014,34,1.0,Quantile,7,266,128
2014,34,1.0,Quantile,8,265,141
2014,34,1.0,Quantile,9,266,120
2014,34,1.0,Quantile,10,265,143
2014,34,1.0,Quantile,11,266,159
2014,34,1.0,Quantile,12,265,195
2014,34,1.0,Quantile,13,266,183
2014,34,1.0,Quantile,14,265,192
2014,34,1.0,Quantile,15,266,233
2014,34,1.0,Quantile,16,265,197
2014,34,0.05,EW,1,0,0
2014,34,0.05,EW,2,0,0
2014,34,0.05,EW,3,0,0
2014,34,0.05,EW,4,0,0
2014,34,0.05,EW,5,80,45
2014,34,0.05,EW,6,525,274
2014,34,0.05,EW,7,1335,649
2014,34,0.05,EW,8,1304,633
2014,34,0.05,EW,9,788,421
2014,34,0.05,EW,10,181,82
2014,34,0.05,EW,11,27,14
2014,34,0.05,EW,12,8,6
2014,34,0.05,EW,13,0,0
2014,34,0.05,EW,14,0,0
2014,34,0.05,EW,15,0,0
2014,34,0.05,EW,16,0,0
2014,34,0.05,Quantile,1,266,125
2014,34,0.05,Quantile,2,265,154
2014,34,0.05,Quantile,3,266,139
2014,34,0.05,Quantile,4,265,138
2014,34,0.05,Quantile,5,266,124
2014,34,0.05,Quantile,6,265,122
2014,34,0.05,Quantile,7,266,132
2014,34,0.05,Quantile,8,265,123
2014,34,0.05,Quantile,9,266,140
2014,34,0.05,Quantile,10,265,114
2014,34,0.05,Quantile,11,266,130
2014,34,0.05,Quantile,12,265,133
2014,34,0.05,Quantile,13,266,127
2014,34,0.05,Quantile,14,265,143
2014,34,0.05,Quantile,15,266,148
2014,34,0.05,Quantile,16,265,132
2014,35,1.0,EW,1,0,0
2014,35,1.0,EW,2,20,2
2014,35,1.0,EW,3,85,4
2014,35,1.0,EW,4,144,33
2014,35,1.0,EW,5,495,113
2014,35,1.0,EW,6,657,161
2014,35,1.0,EW,7,615,303
2014,35,1.0,EW,8,671,358
2014,35,1.0,EW,9,655,430
2014,35,1.0,EW,10,430,325
2014,35,1.0,EW,11,292,251
2014,35,1.0,EW,12,143,110
2014,35,1.0,EW,13,22,17
2014,35,1.0,EW,14,16,15
2014,35,1.0,EW,15,3,2
2014,35,1.0,EW,16,0,0
2014,35,1.0,Quantile,1,266,42
2014,35,1.0,Quantile,2,265,66
2014,35,1.0,Quantile,3,266,57
2014,35,1.0,Quantile,4,265,69
2014,35,1.0,Quantile,5,266,70
2014,35,1.0,Quantile,6,265,87
2014,35,1.0,Quantile,7,266,139
2014,35,1.0,Quantile,8,265,155
2014,35,1.0,Quantile,9,266,106
2014,35,1.0,Quantile,10,265,158
2014,35,1.0,Quantile,11,266,187
2014,35,1.0,Quantile,12,265,170
2014,35,1.0,Quantile,13,266,180
2014,35,1.0,Quantile,14,265,198
2014,35,1.0,Quantile,15,266,228
2014,35,1.0,Quantile,16,265,212
2014,35,0.05,EW,1,0,0
2014,35,0.05,EW,2,0,0
2014,35,0.05,EW,3,0,0
2014,35,0.05,EW,4,2,2
2014,35,0.05,EW,5,122,57
2014,35,0.05,EW,6,494,237
2014,35,0.05,EW,7,1244,626
2014,35,0.05,EW,8,1413,733
2014,35,0.05,EW,9,762,377
2014,35,0.05,EW,10,176,77
2014,35,0.05,EW,11,26,12
2014,35,0.05,EW,12,9,3
2014,35,0.05,EW,13,0,0
2014,35,0.05,EW,14,0,0
2014,35,0.05,EW,15,0,0
2014,35,0.05,EW,16,0,0
2014,35,0.05,Quantile,1,266,131
2014,35,0.05,Quantile,2,265,114
2014,35,0.05,Quantile,3,266,142
2014,35,0.05,Quantile,4,265,130
2014,35,0.05,Quantile,5,266,123
2014,35,0.05,Quantile,6,265,151
2014,35,0.05,Quantile,7,266,129
2014,35,0.05,Quantile,8,265,133
2014,35,0.05,Quantile,9,266,140
2014,35,0.05,Quantile,10,265,143
2014,35,0.05,Quantile,11,266,141
2014,35,0.05,Quantile,12,265,135
2014,35,0.05,Quantile,13,266,117
2014,35,0.05,Quantile,14,265,129
2014,35,0.05,Quantile,15,266,147
2014,35,0.05,Quantile,16,265,119
2014,36,1.0,EW,1,0,0
2014,36,1.0,EW,2,23,2
2014,36,1.0,EW,3,59,1
2014,36,1.0,EW,4,154,24
2014,36,1.0,EW,5,384,88
2014,36,1.0,EW,6,680,203
2014,36,1.0,EW,7,803,349
2014,36,1.0,EW,8,686,391
2014,36,1.0,EW,9,608,408
2014,36,1.0,EW,10,414,290
2014,36,1.0,EW,11,236,202
2014,36,1.0,EW,12,149,131
2014,36,1.0,EW,13,21,5
2014,36,1.0,EW,14,21,20
2014,36,1.0,EW,15,10,10
2014,36,1.0,EW,16,0,0
2014,36,1.0,Quantile,1,266,32
2014,36,1.0,Quantile,2,265,58
2014,36,1.0,Quantile,3,266,78
2014,36,1.0,Quantile,4,265,66
2014,36,1.0,Quantile,5,266,99
2014,36,1.0,Quantile,6,265,127
2014,36,1.0,Quantile,7,266,98
2014,36,1.0,Quantile,8,265,121
2014,36,1.0,Quantile,9,266,135
2014,36,1.0,Quantile,10,265,149
2014,36,1.0,Quantile,11,266,184
2014,36,1.0,Quantile,12,265,166
2014,36,1.0,Quantile,13,266,193
2014,36,1.0,Quantile,14,265,180
2014,36,1.0,Quantile,15,266,219
2014,36,1.0,Quantile,16,265,219
2014,36,0.05,EW,1,0,0
2014,36,0.05,EW,2,0,0
2014,36,0.05,EW,3,0,0
2014,36,0.05,EW,4,16,10
2014,36,0.05,EW,5,105,31
2014,36,0.05,EW,6,432,239
2014,36,0.05,EW,7,1253,655
2014,36,0.05,EW,8,1516,747
2014,36,0.05,EW,9,733,360
2014,36,0.05,EW,10,184,82
2014,36,0.05,EW,11,9,0
2014,36,0.05,EW,12,0,0
2014,36,0.05,EW,13,0,0
2014,36,0.05,EW,14,0,0
2014,36,0.05,EW,15,0,0
2014,36,0.05,EW,16,0,0
2014,36,0.05,Quantile,1,266,127
2014,36,0.05,Quantile,2,265,141
2014,36,0.05,Quantile,3,266,146
2014,36,0.05,Quantile,4,265,149
2014,36,0.05,Quantile,5,266,138
2014,36,0.05,Quantile,6,265,116
2014,36,0.05,Quantile,7,266,148
2014,36,0.05,Quantile,8,265,145
2014,36,0.05,Quantile,9,266,144
2014,36,0.05,Quantile,10,265,115
2014,36,0.05,Quantile,11,266,117
2014,36,0.05,Quantile,12,265,126
2014,36,0.05,Quantile,13,266,132
2014,36,0.05,Quantile,14,265,124
2014,36,0.05,Quantile,15,266,128
2014,36,0.05,Quantile,16,265,128
2014,37,1.0,EW,1,0,0
2014,37,1.0,EW,2,0,0
2014,37,1.0,EW,3,35,8
2014,37,1.0,EW,4,220,36
2014,37,1.0,EW,5,420,105
2014,37,1.0,EW,6,692,193
2014,37,1.0,EW,7,659,304
2014,37,1.0,EW,8,778,435
2014,37,1.0,EW,9,624,427
2014,37,1.0,EW,10,375,261
2014,37,1.0,EW,11,260,203
2014,37,1.0,EW,12,123,98
2014,37,1.0,EW,13,41,36
2014,37,1.0,EW,14,21,18
2014,37,1.0,EW,15,0,0
2014,37,1.0,EW,16,0,0
2014,37,1.0,Quantile,1,266,46
2014,37,1.0,Quantile,2,265,66
2014,37,1.0,Quantile,3,266,68
2014,37,1.0,Quantile,4,265,68
2014,37,1.0,Quantile,5,266,81
2014,37,1.0,Quantile,6,265,93
2014,37,1.0,Quantile,7,266,144
2014,37,1.0,Quantile,8,265,139
2014,37,1.0,Quantile,9,266,142
2014,37,1.0,Quantile,10,265,150
2014,37,1.0,Quantile,11,266,153
2014,37,1.0,Quantile,12,265,198
2014,37,1.0,Quantile,13,266,179
2014,37,1.0,Quantile,14,265,181
2014,37,1.0,Quantile,15,266,204
2014,37,1.0,Quantile,16,265,212
2014,37,0.05,EW,1,0,0
2014,37,0.05,EW,2,0,0
2014,37,0.05,EW,3,0,0
2014,37,0.05,EW,4,14,2
2014,37,0.05,EW,5,88,51
2014,37,0.05,EW,6,588,255
2014,37,0.05,EW,7,1200,604
2014,37,0.05,EW,8,1322,699
2014,37,0.05,EW,9,758,375
2014,37,0.05,EW,10,238,120
2014,37,0.05,EW,11,36,18
2014,37,0.05,EW,12,4,0
2014,37,0.05,EW,13,0,0
2014,37,0.05,EW,14,0,0
2014,37,0.05,EW,15,0,0
2014,37,0.05,EW,16,0,0
2014,37,0.05,Quantile,1,266,124
2014,37,0.05,Quantile,2,265,121
2014,37,0.05,Quantile,3,266,120
2014,37,0.05,Quantile,4,265,132
2014,37,0.05,Quantile,5,266,138
2014,37,0.05,Quantile,6,265,123
2014,37,0.05,Quantile,7,266,141
2014,37,0.05,Quantile,8,265,122
2014,37,0.05,Quantile,9,266,129
2014,37,0.05,Quantile,10,265,155
2014,37,0.05,Quantile,11,266,135
2014,37,0.05,Quantile,12,265,162
2014,37,0.05,Quantile,13,266,129
2014,37,0.05,Quantile,14,265,130
2014,37,0.05,Quantile,15,266,131
2014,37,0.05,Quantile,16,265,132
2014,38,1.0,EW,1,0,0
2014,38,1.0,EW,2,4,0
2014,38,1.0,EW,3,67,7
2014,38,1.0,EW,4,207,35
2014,38,1.0,EW,5,480,92
2014,38,1.0,EW,6,576,175
2014,38,1.0,EW,7,763,326
2014,38,1.0,EW,8,706,400
2014,38,1.0,EW,9,532,377
2014,38,1.0,EW,10,415,317
2014,38,1.0,EW,11,263,218
2014,38,1.0,EW,12,168,125
2014,38,1.0,EW,13,42,34
2014,38,1.0,EW,14,7,5
2014,38,1.0,EW,15,18,13
2014,38,1.0,EW,16,0,0
2014,38,1.0,Quantile,1,266,38
2014,38,1.0,Quantile,2,265,40
2014,38,1.0,Quantile,3,266,60
2014,38,1.0,Quantile,4,265,79
2014,38,1.0,Quantile,5,266,88
2014,38,1.0,Quantile,6,265,94
2014,38,1.0,Quantile,7,266,127
2014,38,1.0,Quantile,8,265,119
2014,38,1.0,Quantile,9,266,152
2014,38,1.0,Quantile,10,265,153
2014,38,1.0,Quantile,11,266,162
2014,38,1.0,Quantile,12,265,197
2014,38,1.0,Quantile,13,266,199
2014,38,1.0,Quantile,14,265,194
2014,38,1.0,Quantile,15,266,217
2014,38,1.0,Quantile,16,265,205
2014,38,0.05,EW,1,0,0
2014,38,0.05,EW,2,0,0
2014,38,0.05,EW,3,0,0
2014,38,0.05,EW,4,21,4
2014,38,0.05,EW,5,96,49
2014,38,0.05,EW,6,520,250
2014,38,0.05,EW,7,1240,655
2014,38,0.05,EW,8,1402,688
2014,38,0.05,EW,9,701,331
2014,38,0.05,EW,10,220,118
2014,38,0.05,EW,11,40,24
2014,38,0.05,EW,12,8,5
2014,38,0.05,EW,13,0,0
2014,38,0.05,EW,14,0,0
2014,38,0.05,EW,15,0,0
2014,38,0.05,EW,16,0,0
2014,38,0.05,Quantile,1,266,111
2014,38,0.05,Quantile,2,265,156
2014,38,0.05,Quantile,3,266,97
2014,38,0.05,Quantile,4,265,123
2014,38,0.05,Quantile,5,266,153
2014,38,0.05,Quantile,6,265,150
2014,38,0.05,Quantile,7,266,159
2014,38,0.05,Quantile,8,265,125
2014,38,0.05,Quantile,9,266,123
2014,38,0.05,Quantile,10,265,113
2014,38,0.05,Quantile,11,266,129
2014,38,0.05,Quantile,12,265,156
2014,38,0.05,Quantile,13,266,144
2014,38,0.05,Quantile,14,265,121
2014,38,0.05,Quantile,15,266,119
2014,38,0.05,Quantile,16,265,145
2014,39,1.0,EW,1,1,1
2014,39,1.0,EW,2,16,0
2014,39,1.0,EW,3,71,7
2014,39,1.0,EW,4,172,25
2014,39,1.0,EW,5,411,103
2014,39,1.0,EW,6,634,181
2014,39,1.0,EW,7,766,335
2014,39,1.0,EW,8,704,409
2014,39,1.0,EW,9,593,377
2014,39,1.0,EW,10,481,361
2014,39,1.0,EW,11,216,171
2014,39,1.0,EW,12,98,83
2014,39,1.0,EW,13,51,44
2014,39,1.0,EW,14,30,27
2014,39,1.0,EW,15,4,0
2014,39,1.0,EW,16,0,0
2014,39,1.0,Quantile,1,266,35
2014,39,1.0,Quantile,2,265,65
2014,39,1.0,Quantile,3,266,66
2014,39,1.0,Quantile,4,265,80
2014,39,1.0,Quantile,5,266,80
2014,39,1.0,Quantile,6,265,97
2014,39,1.0,Quantile,7,266,129
2014,39,1.0,Quantile,8,265,126
2014,39,1.0,Quantile,9,266,147
2014,39,1.0,Quantile,10,265,161
2014,39,1.0,Quantile,11,266,160
2014,39,1.0,Quantile,12,265,163
2014,39,1.0,Quantile,13,266,197
2014,39,1.0,Quantile,14,265,186
2014,39,1.0,Quantile,15,266,209
2014,39,1.0,Quantile,16,265,223
2014,39,0.05,EW,1,0,0
2014,39,0.05,EW,2,0,0
2014,39,0.05,EW,3,0,0
2014,39,0.05,EW,4,15,3
2014,39,0.05,EW,5,108,51
2014,39,0.05,EW,6,471,224
2014,39,0.05,EW,7,1258,699
2014,39,0.05,EW,8,1379,638
2014,39,0.05,EW,9,799,429
2014,39,0.05,EW,10,186,66
2014,39,0.05,EW,11,31,14
2014,39,0.05,EW,12,1,0
2014,39,0.05,EW,13,0,0
2014,39,0.05,EW,14,0,0
2014,39,0.05,EW,15,0,0
2014,39,0.05,EW,16,0,0
2014,39,0.05,Quantile,1,266,127
2014,39,0.05,Quantile,2,265,116
2014,39,0.05,Quantile,3,266,128
2014,39,0.05,Quantile,4,265,152
2014,39,0.05,Quantile,5,266,140
2014,39,0.05,Quantile,6,265,161
2014,39,0.05,Quantile,7,266,159
2014,39,0.05,Quantile,8,265,112
2014,39,0.05,Quantile,9,266,120
2014,39,0.05,Quantile,10,265,117
2014,39,0.05,Quantile,11,266,128
2014,39,0.05,Quantile,12,265,128
2014,39,0.05,Quantile,13,266,154
2014,39,0.05,Quantile,14,265,127
2014,39,0.05,Quantile,15,266,142
2014,39,0.05,Quantile,16,265,113
2014,40,1.0,EW,1,1,1
2014,40,1.0,EW,2,10,2
2014,40,1.0,EW,3,46,5
2014,40,1.0,EW,4,206,33
2014,40,1.0,EW,5,481,111
2014,40,1.0,EW,6,591,183
2014,40,1.0,EW,7,757,321
2014,40,1.0,EW,8,645,344
2014,40,1.0,EW,9,586,409
2014,40,1.0,EW,10,491,369
2014,40,1.0,EW,11,263,203
2014,40,1.0,EW,12,111,93
2014,40,1.0,EW,13,42,36
2014,40,1.0,EW,14,11,8
2014,40,1.0,EW,15,7,6
2014,40,1.0,EW,16,0,0
2014,40,1.0,Quantile,1,266,42
2014,40,1.0,Quantile,2,265,55
2014,40,1.0,Quantile,3,266,68
2014,40,1.0,Quantile,4,265,52
2014,40,1.0,Quantile,5,266,112
2014,40,1.0,Quantile,6,265,101
2014,40,1.0,Quantile,7,266,100
2014,40,1.0,Quantile,8,265,143
2014,40,1.0,Quantile,9,266,145
2014,40,1.0,Quantile,10,265,125
2014,40,1.0,Quantile,11,266,177
2014,40,1.0,Quantile,12,265,185
2014,40,1.0,Quantile,13,266,187
2014,40,1.0,Quantile,14,265,204
2014,40,1.0,Quantile,15,266,210
2014,40,1.0,Quantile,16,265,218
2014,40,0.05,EW,1,0,0
2014,40,0.05,EW,2,0,0
2014,40,0.05,EW,3,0,0
2014,40,0.05,EW,4,9,5
2014,40,0.05,EW,5,109,51
2014,40,0.05,EW,6,542,266
2014,40,0.05,EW,7,1271,631
2014,40,0.05,EW,8,1267,608
2014,40,0.05,EW,9,801,454
2014,40,0.05,EW,10,223,97
2014,40,0.05,EW,11,26,12
2014,40,0.05,EW,12,0,0
2014,40,0.05,EW,13,0,0
2014,40,0.05,EW,14,0,0
2014,40,0.05,EW,15,0,0
2014,40,0.05,EW,16,0,0
2014,40,0.05,Quantile,1,266,134
2014,40,0.05,Quantile,2,265,131
2014,40,0.05,Quantile,3,266,127
2014,40,0.05,Quantile,4,265,143
2014,40,0.05,Quantile,5,266,145
2014,40,0.05,Quantile,6,265,110
2014,40,0.05,Quantile,7,266,130
2014,40,0.05,Quantile,8,265,113
2014,40,0.05,Quantile,9,266,111
2014,40,0.05,Quantile,10,265,124
2014,40,0.05,Quantile,11,266,127
2014,40,0.05,Quantile,12,265,159
2014,40,0.05,Quantile,13,266,163
2014,40,0.05,Quantile,14,265,145
2014,40,0.05,Quantile,15,266,141
2014,40,0.05,Quantile,16,265,121
2014,41,1.0,EW,1,0,0
2014,41,1.0,EW,2,2,0
2014,41,1.0,EW,3,87,12
2014,41,1.0,EW,4,186,30
2014,41,1.0,EW,5,471,93
2014,41,1.0,EW,6,515,157
2014,41,1.0,EW,7,793,363
2014,41,1.0,EW,8,702,351
2014,41,1.0,EW,9,578,407
2014,41,1.0,EW,10,473,360
2014,41,1.0,EW,11,250,203
2014,41,1.0,EW,12,150,123
2014,41,1.0,EW,13,39,25
2014,41,1.0,EW,14,2,0
2014,41,1.0,EW,15,0,0
2014,41,1.0,EW,16,0,0
2014,41,1.0,Quantile,1,266,42
2014,41,1.0,Quantile,2,265,45
2014,41,1.0,Quantile,3,266,58
2014,41,1.0,Quantile,4,265,55
2014,41,1.0,Quantile,5,266,116
2014,41,1.0,Quantile,6,265,120
2014,41,1.0,Quantile,7,266,135
2014,41,1.0,Quantile,8,265,113
2014,41,1.0,Quantile,9,266,123
2014,41,1.0,Quantile,10,265,165
2014,41,1.0,Quantile,11,266,154
2014,41,1.0,Quantile,12,265,203
2014,41,1.0,Quantile,13,266,177
2014,41,1.0,Quantile,14,265,200
2014,41,1.0,Quantile,15,266,208
2014,41,1.0,Quantile,16,265,210
2014,41,0.05,EW,1,0,0
2014,41,0.05,EW,2,0,0
2014,41,0.05,EW,3,0,0
2014,41,0.05,EW,4,2,2
2014,41,0.05,EW,5,99,51
2014,41,0.05,EW,6,536,249
2014,41,0.05,EW,7,1238,620
2014,41,0.05,EW,8,1385,682
2014,41,0.05,EW,9,763,404
2014,41,0.05,EW,10,193,95
2014,41,0.05,EW,11,30,21
2014,41,0.05,EW,12,2,0
2014,41,0.05,EW,13,0,0
2014,41,0.05,EW,14,0,0
2014,41,0.05,EW,15,0,0
2014,41,0.05,EW,16,0,0
2014,41,0.05,Quantile,1,266,123
2014,41,0.05,Quantile,2,265,123
2014,41,0.05,Quantile,3,266,131
2014,41,0.05,Quantile,4,265,138
2014,41,0.05,Quantile,5,266,117
2014,41,0.05,Quantile,6,265,132
2014,41,0.05,Quantile,7,266,152
2014,41,0.05,Quantile,8,265,135
2014,41,0.05,Quantile,9,266,133
2014,41,0.05,Quantile,10,265,125
2014,41,0.05,Quantile,11,266,136
2014,41,0.05,Quantile,12,265,122
2014,41,0.05,Quantile,13,266,143
2014,41,0.05,Quantile,14,265,140
2014,41,0.05,Quantile,15,266,136
2014,41,0.05,Quantile,16,265,138
2014,42,1.0,EW,1,0,0
2014,42,1.0,EW,2,30,1
2014,42,1.0,EW,3,61,3
2014,42,1.0,EW,4,175,32
2014,42,1.0,EW,5,428,82
2014,42,1.0,EW,6,529,181
2014,42,1.0,EW,7,901,361
2014,42,1.0,EW,8,706,395
2014,42,1.0,EW,9,534,359
2014,42,1.0,EW,10,484,382
2014,42,1.0,EW,11,189,147
2014,42,1.0,EW,12,106,91
2014,42,1.0,EW,13,75,65
2014,42,1.0,EW,14,29,25
2014,42,1.0,EW,15,1,0
2014,42,1.0,EW,16,0,0
2014,42,1.0,Quantile,1,266,36
2014,42,1.0,Quantile,2,265,45
2014,42,1.0,Quantile,3,266,63
2014,42,1.0,Quantile,4,265,92
2014,42,1.0,Quantile,5,266,97
2014,42,1.0,Quantile,6,265,111
2014,42,1.0,Quantile,7,266,105
2014,42,1.0,Quantile,8,265,111
2014,42,1.0,Quantile,9,266,142
2014,42,1.0,Quantile,10,265,151
2014,42,1.0,Quantile,11,266,148
2014,42,1.0,Quantile,12,265,192
2014,42,1.0,Quantile,13,266,185
2014,42,1.0,Quantile,14,265,218
2014,42,1.0,Quantile,15,266,203
2014,42,1.0,Quantile,16,265,225
2014,42,0.05,EW,1,0,0
2014,42,0.05,EW,2,0,0
2014,42,0.05,EW,3,0,0
2014,42,0.05,EW,4,16,5
2014,42,0.05,EW,5,98,41
2014,42,0.05,EW,6,484,223
2014,42,0.05,EW,7,1242,634
2014,42,0.05,EW,8,1454,741
2014,42,0.05,EW,9,754,369
2014,42,0.05,EW,10,177,104
2014,42,0.05,EW,11,21,7
2014,42,0.05,EW,12,2,0
2014,42,0.05,EW,13,0,0
2014,42,0.05,EW,14,0,0
2014,42,0.05,EW,15,0,0
2014,42,0.05,EW,16,0,0
2014,42,0.05,Quantile,1,266,120
2014,42,0.05,Quantile,2,265,118
2014,42,0.05,Quantile,3,266,148
2014,42,0.05,Quantile,4,265,163
2014,42,0.05,Quantile,5,266,127
2014,42,0.05,Quantile,6,265,116
2014,42,0.05,Quantile,7,266,122
2014,42,0.05,Quantile,8,265,126
2014,42,0.05,Quantile,9,266,159
2014,42,0.05,Quantile,10,265,129
2014,42,0.05,Quantile,11,266,144
2014,42,0.05,Quantile,12,265,118
2014,42,0.05,Quantile,13,266,135
2014,42,0.05,Quantile,14,265,153
2014,42,0.05,Quantile,15,266,105
2014,42,0.05,Quantile,16,265,141
2014,43,1.0,EW,1,4,0
2014,43,1.0,EW,2,25,2
2014,43,1.0,EW,3,73,6
2014,43,1.0,EW,4,175,33
2014,43,1.0,EW,5,394,84
2014,43,1.0,EW,6,553,199
2014,43,1.0,EW,7,884,345
2014,43,1.0,EW,8,686,391
2014,43,1.0,EW,9,594,418
2014,43,1.0,EW,10,426,294
2014,43,1.0,EW,11,235,192
2014,43,1.0,EW,12,122,97
2014,43,1.0,EW,13,42,31
2014,43,1.0,EW,14,35,32
2014,43,1.0,EW,15,0,0
2014,43,1.0,EW,16,0,0
2014,43,1.0,Quantile,1,266,40
2014,43,1.0,Quantile,2,265,58
2014,43,1.0,Quantile,3,266,54
2014,43,1.0,Quantile,4,265,91
2014,43,1.0,Quantile,5,266,119
2014,43,1.0,Quantile,6,265,109
2014,43,1.0,Quantile,7,266,98
2014,43,1.0,Quantile,8,265,105
2014,43,1.0,Quantile,9,266,140
2014,43,1.0,Quantile,10,265,160
2014,43,1.0,Quantile,11,266,168
2014,43,1.0,Quantile,12,265,177
2014,43,1.0,Quantile,13,266,204
2014,43,1.0,Quantile,14,265,182
2014,43,1.0,Quantile,15,266,200
2014,43,1.0,Quantile,16,265,219
2014,43,0.05,EW,1,0,0
2014,43,0.05,EW,2,0,0
2014,43,0.05,EW,3,0,0
2014,43,0.05,EW,4,2,2
2014,43,0.05,EW,5,105,53
2014,43,0.05,EW,6,516,233
2014,43,0.05,EW,7,1221,645
2014,43,0.05,EW,8,1405,714
2014,43,0.05,EW,9,807,405
2014,43,0.05,EW,10,180,72
2014,43,0.05,EW,11,12,0
2014,43,0.05,EW,12,0,0
2014,43,0.05,EW,13,0,0
2014,43,0.05,EW,14,0,0
2014,43,0.05,EW,15,0,0
2014,43,0.05,EW,16,0,0
2014,43,0.05,Quantile,1,266,131
2014,43,0.05,Quantile,2,265,119
2014,43,0.05,Quantile,3,266,108
2014,43,0.05,Quantile,4,265,150
2014,43,0.05,Quantile,5,266,145
2014,43,0.05,Quantile,6,265,149
2014,43,0.05,Quantile,7,266,139
2014,43,0.05,Quantile,8,265,135
2014,43,0.05,Quantile,9,266,122
2014,43,0.05,Quantile,10,265,140
2014,43,0.05,Quantile,11,266,130
2014,43,0.05,Quantile,12,265,135
2014,43,0.05,Quantile,13,266,142
2014,43,0.05,Quantile,14,265,134
2014,43,0.05,Quantile,15,266,139
2014,43,0.05,Quantile,16,265,106
2014,44,1.0,EW,1,13,0
2014,44,1.0,EW,2,0,0
2014,44,1.0,EW,3,35,8
2014,44,1.0,EW,4,234,18
2014,44,1.0,EW,5,461,108
2014,44,1.0,EW,6,568,184
2014,44,1.0,EW,7,628,252
2014,44,1.0,EW,8,811,519
2014,44,1.0,EW,9,649,395
2014,44,1.0,EW,10,455,336
2014,44,1.0,EW,11,240,183
2014,44,1.0,EW,12,113,86
2014,44,1.0,EW,13,38,35
2014,44,1.0,EW,14,3,0
2014,44,1.0,EW,15,0,0
2014,44,1.0,EW,16,0,0
2014,44,1.0,Quantile,1,266,24
2014,44,1.0,Quantile,2,265,64
2014,44,1.0,Quantile,3,266,56
2014,44,1.0,Quantile,4,265,103
2014,44,1.0,Quantile,5,266,79
2014,44,1.0,Quantile,6,265,98
2014,44,1.0,Quantile,7,266,109
2014,44,1.0,Quantile,8,265,138
2014,44,1.0,Quantile,9,266,172
2014,44,1.0,Quantile,10,265,173
2014,44,1.0,Quantile,11,266,167
2014,44,1.0,Quantile,12,265,134
2014,44,1.0,Quantile,13,266,205
2014,44,1.0,Quantile,14,265,188
2014,44,1.0,Quantile,15,266,203
2014,44,1.0,Quantile,16,265,211
2014,44,0.05,EW,1,0,0
2014,44,0.05,EW,2,0,0
2014,44,0.05,EW,3,0,0
2014,44,0.05,EW,4,9,5
2014,44,0.05,EW,5,88,46
2014,44,0.05,EW,6,576,283
2014,44,0.05,EW,7,1217,594
2014,44,0.05,EW,8,1396,681
2014,44,0.05,EW,9,659,358
2014,44,0.05,EW,10,269,143
2014,44,0.05,EW,11,33,14
2014,44,0.05,EW,12,1,0
2014,44,0.05,EW,13,0,0
2014,44,0.05,EW,14,0,0
2014,44,0.05,EW,15,0,0
2014,44,0.05,EW,16,0,0
2014,44,0.05,Quantile,1,266,124
2014,44,0.05,Quantile,2,265,132
2014,44,0.05,Quantile,3,266,130
2014,44,0.05,Quantile,4,265,115
2014,44,0.05,Quantile,5,266,118
2014,44,0.05,Quantile,6,265,143
2014,44,0.05,Quantile,7,266,145
2014,44,0.05,Quantile,8,265,152
2014,44,0.05,Quantile,9,266,139
2014,44,0.05,Quantile,10,265,128
2014,44,0.05,Quantile,11,266,129
2014,44,0.05,Quantile,12,265,119
2014,44,0.05,Quantile,13,266,122
2014,44,0.05,Quantile,14,265,137
2014,44,0.05,Quantile,15,266,156
2014,44,0.05,Quantile,16,265,135
2014,45,1.0,EW,1,0,0
2014,45,1.0,EW,2,12,3
2014,45,1.0,EW,3,62,6
2014,45,1.0,EW,4,164,37
2014,45,1.0,EW,5,548,114
2014,45,1.0,EW,6,537,169
2014,45,1.0,EW,7,790,311
2014,45,1.0,EW,8,594,325
2014,45,1.0,EW,9,617,435
2014,45,1.0,EW,10,452,337
2014,45,1.0,EW,11,307,260
2014,45,1.0,EW,12,94,73
2014,45,1.0,EW,13,37,27
2014,45,1.0,EW,14,29,25
2014,45,1.0,EW,15,5,2
2014,45,1.0,EW,16,0,0
2014,45,1.0,Quantile,1,266,52
2014,45,1.0,Quantile,2,265,54
2014,45,1.0,Quantile,3,266,55
2014,45,1.0,Quantile,4,265,62
2014,45,1.0,Quantile,5,266,108
2014,45,1.0,Quantile,6,265,103
2014,45,1.0,Quantile,7,266,101
2014,45,1.0,Quantile,8,265,110
2014,45,1.0,Quantile,9,266,107
2014,45,1.0,Quantile,10,265,178
2014,45,1.0,Quantile,11,266,195
2014,45,1.0,Quantile,12,265,179
2014,45,1.0,Quantile,13,266,192
2014,45,1.0,Quantile,14,265,196
2014,45,1.0,Quantile,15,266,223
2014,45,1.0,Quantile,16,265,209
2014,45,0.05,EW,1,0,0
2014,45,0.05,EW,2,0,0
2014,45,0.05,EW,3,0,0
2014,45,0.05,EW,4,6,5
2014,45,0.05,EW,5,109,49
2014,45,0.05,EW,6,472,223
2014,45,0.05,EW,7,1253,660
2014,45,0.05,EW,8,1424,696
2014,45,0.05,EW,9,794,403
2014,45,0.05,EW,10,174,79
2014,45,0.05,EW,11,16,9
2014,45,0.05,EW,12,0,0
2014,45,0.05,EW,13,0,0
2014,45,0.05,EW,14,0,0
2014,45,0.05,EW,15,0,0
2014,45,0.05,EW,16,0,0
2014,45,0.05,Quantile,1,266,126
2014,45,0.05,Quantile,2,265,120
2014,45,0.05,Quantile,3,266,153
2014,45,0.05,Quantile,4,265,152
2014,45,0.05,Quantile,5,266,142
2014,45,0.05,Quantile,6,265,125
2014,45,0.05,Quantile,7,266,125
2014,45,0.05,Quantile,8,265,118
2014,45,0.05,Quantile,9,266,144
2014,45,0.05,Quantile,10,265,125
2014,45,0.05,Quantile,11,266,130
2014,45,0.05,Quantile,12,265,136
2014,45,0.05,Quantile,13,266,131
2014,45,0.05,Quantile,14,265,149
2014,45,0.05,Quantile,15,266,133
2014,45,0.05,Quantile,16,265,115
2014,46,1.0,EW,1,1,1
2014,46,1.0,EW,2,17,1
2014,46,1.0,EW,3,54,2
2014,46,1.0,EW,4,211,37
2014,46,1.0,EW,5,432,66
2014,46,1.0,EW,6,535,178
2014,46,1.0,EW,7,841,382
2014,46,1.0,EW,8,696,379
2014,46,1.0,EW,9,551,391
2014,46,1.0,EW,10,461,331
2014,46,1.0,EW,11,282,231
2014,46,1.0,EW,12,127,100
2014,46,1.0,EW,13,28,19
2014,46,1.0,EW,14,11,6
2014,46,1.0,EW,15,1,0
2014,46,1.0,EW,16,0,0
2014,46,1.0,Quantile,1,266,38
2014,46,1.0,Quantile,2,265,45
2014,46,1.0,Quantile,3,266,56
2014,46,1.0,Quantile,4,265,77
2014,46,1.0,Quantile,5,266,104
2014,46,1.0,Quantile,6,265,114
2014,46,1.0,Quantile,7,266,140
2014,46,1.0,Quantile,8,265,112
2014,46,1.0,Quantile,9,266,121
2014,46,1.0,Quantile,10,265,170
2014,46,1.0,Quantile,11,266,148
2014,46,1.0,Quantile,12,265,178
2014,46,1.0,Quantile,13,266,225
2014,46,1.0,Quantile,14,265,173
2014,46,1.0,Quantile,15,266,222
2014,46,1.0,Quantile,16,265,201
2014,46,0.05,EW,1,0,0
2014,46,0.05,EW,2,0,0
2014,46,0.05,EW,3,0,0
2014,46,0.05,EW,4,5,4
2014,46,0.05,EW,5,60,23
2014,46,0.05,EW,6,510,253
2014,46,0.05,EW,7,1279,687
2014,46,0.05,EW,8,1483,717
2014,46,0.05,EW,9,702,347
2014,46,0.05,EW,10,186,93
2014,46,0.05,EW,11,23,0
2014,46,0.05,EW,12,0,0
2014,46,0.05,EW,13,0,0
2014,46,0.05,EW,14,0,0
2014,46,0.05,EW,15,0,0
2014,46,0.05,EW,16,0,0
2014,46,0.05,Quantile,1,266,145
2014,46,0.05,Quantile,2,265,114
2014,46,0.05,Quantile,3,266,128
2014,46,0.05,Quantile,4,265,137
2014,46,0.05,Quantile,5,266,139
2014,46,0.05,Quantile,6,265,157
2014,46,0.05,Quantile,7,266,149
2014,46,0.05,Quantile,8,265,128
2014,46,0.05,Quantile,9,266,125
2014,46,0.05,Quantile,10,265,122
2014,46,0.05,Quantile,11,266,132
2014,46,0.05,Quantile,12,265,126
2014,46,0.05,Quantile,13,266,133
2014,46,0.05,Quantile,14,265,122
2014,46,0.05,Quantile,15,266,154
2014,46,0.05,Quantile,16,265,113
2014,47,1.0,EW,1,0,0
2014,47,1.0,EW,2,16,2
2014,47,1.0,EW,3,63,3
2014,47,1.0,EW,4,152,24
2014,47,1.0,EW,5,480,109
2014,47,1.0,EW,6,595,184
2014,47,1.0,EW,7,796,372
2014,47,1.0,EW,8,751,394
2014,47,1.0,EW,9,523,340
2014,47,1.0,EW,10,409,323
2014,47,1.0,EW,11,224,170
2014,47,1.0,EW,12,172,153
2014,47,1.0,EW,13,38,26
2014,47,1.0,EW,14,18,15
2014,47,1.0,EW,15,4,2
2014,47,1.0,EW,16,7,7
2014,47,1.0,Quantile,1,266,45
2014,47,1.0,Quantile,2,265,54
2014,47,1.0,Quantile,3,266,61
2014,47,1.0,Quantile,4,265,81
2014,47,1.0,Quantile,5,266,93
2014,47,1.0,Quantile,6,265,115
2014,47,1.0,Quantile,7,266,123
2014,47,1.0,Quantile,8,265,135
2014,47,1.0,Quantile,9,266,118
2014,47,1.0,Quantile,10,265,144
2014,47,1.0,Quantile,11,266,161
2014,47,1.0,Quantile,12,265,172
2014,47,1.0,Quantile,13,266,181
2014,47,1.0,Quantile,14,265,211
2014,47,1.0,Quantile,15,266,203
2014,47,1.0,Quantile,16,265,227
2014,47,0.05,EW,1,0,0
2014,47,0.05,EW,2,0,0
2014,47,0.05,EW,3,0,0
2014,47,0.05,EW,4,19,3
2014,47,0.05,EW,5,66,32
2014,47,0.05,EW,6,475,229
2014,47,0.05,EW,7,1356,705
2014,47,0.05,EW,8,1382,641
2014,47,0.05,EW,9,710,390
2014,47,0.05,EW,10,218,115
2014,47,0.05,EW,11,22,9
2014,47,0.05,EW,12,0,0
2014,47,0.05,EW,13,0,0
2014,47,0.05,EW,14,0,0
2014,47,0.05,EW,15,0,0
2014,47,0.05,EW,16,0,0
2014,47,0.05,Quantile,1,266,132
2014,47,0.05,Quantile,2,265,126
2014,47,0.05,Quantile,3,266,129
2014,47,0.05,Quantile,4,265,144
2014,47,0.05,Quantile,5,266,130
2014,47,0.05,Quantile,6,265,135
2014,47,0.05,Quantile,7,266,148
2014,47,0.05,Quantile,8,265,124
2014,47,0.05,Quantile,9,266,125
2014,47,0.05,Quantile,10,265,115
2014,47,0.05,Quantile,11,266,117
2014,47,0.05,Quantile,12,265,136
2014,47,0.05,Quantile,13,266,142
2014,47,0.05,Quantile,14,265,141
2014,47,0.05,Quantile,15,266,140
2014,47,0.05,Quantile,16,265,140
2014,48,1.0,EW,1,0,0
2014,48,1.0,EW,2,6,3
2014,48,1.0,EW,3,69,12
2014,48,1.0,EW,4,201,31
2014,48,1.0,EW,5,352,93
2014,48,1.0,EW,6,733,232
2014,48,1.0,EW,7,811,302
2014,48,1.0,EW,8,678,367
2014,48,1.0,EW,9,428,324
2014,48,1.0,EW,10,477,352
2014,48,1.0,EW,11,298,250
2014,48,1.0,EW,12,116,91
2014,48,1.0,EW,13,63,53
2014,48,1.0,EW,14,13,12
2014,48,1.0,EW,15,3,2
2014,48,1.0,EW,16,0,0
2014,48,1.0,Quantile,1,266,46
2014,48,1.0,Quantile,2,265,59
2014,48,1.0,Quantile,3,266,79
2014,48,1.0,Quantile,4,265,63
2014,48,1.0,Quantile,5,266,112
2014,48,1.0,Quantile,6,265,78
2014,48,1.0,Quantile,7,266,118
2014,48,1.0,Quantile,8,265,97
2014,48,1.0,Quantile,9,266,137
2014,48,1.0,Quantile,10,265,167
2014,48,1.0,Quantile,11,266,123
2014,48,1.0,Quantile,12,265,205
2014,48,1.0,Quantile,13,266,198
2014,48,1.0,Quantile,14,265,206
2014,48,1.0,Quantile,15,266,218
2014,48,1.0,Quantile,16,265,218
2014,48,0.05,EW,1,0,0
2014,48,0.05,EW,2,0,0
2014,48,0.05,EW,3,0,0
2014,48,0.05,EW,4,11,8
2014,48,0.05,EW,5,97,30
2014,48,0.05,EW,6,441,206
2014,48,0.05,EW,7,1334,724
2014,48,0.05,EW,8,1433,692
2014,48,0.05,EW,9,696,355
2014,48,0.05,EW,10,199,94
2014,48,0.05,EW,11,37,15
2014,48,0.05,EW,12,0,0
2014,48,0.05,EW,13,0,0
2014,48,0.05,EW,14,0,0
2014,48,0.05,EW,15,0,0
2014,48,0.05,EW,16,0,0
2014,48,0.05,Quantile,1,266,125
2014,48,0.05,Quantile,2,265,111
2014,48,0.05,Quantile,3,266,148
2014,48,0.05,Quantile,4,265,144
2014,48,0.05,Quantile,5,266,147
2014,48,0.05,Quantile,6,265,145
2014,48,0.05,Quantile,7,266,138
2014,48,0.05,Quantile,8,265,120
2014,48,0.05,Quantile,9,266,119
2014,48,0.05,Quantile,10,265,136
2014,48,0.05,Quantile,11,266,126
2014,48,0.05,Quantile,12,265,140
2014,48,0.05,Quantile,13,266,125
2014,48,0.05,Quantile,14,265,130
2014,48,0.05,Quantile,15,266,148
2014,48,0.05,Quantile,16,265,122
2014,49,1.0,EW,1,1,0
2014,49,1.0,EW,2,23,1
2014,49,1.0,EW,3,95,5
2014,49,1.0,EW,4,202,24
2014,49,1.0,EW,5,375,85
2014,49,1.0,EW,6,577,166
2014,49,1.0,EW,7,769,350
2014,49,1.0,EW,8,751,407
2014,49,1.0,EW,9,566,395
2014,49,1.0,EW,10,455,337
2014,49,1.0,EW,11,231,196
2014,49,1.0,EW,12,132,101
2014,49,1.0,EW,13,34,25
2014,49,1.0,EW,14,27,22
2014,49,1.0,EW,15,3,3
2014,49,1.0,EW,16,7,7
2014,49,1.0,Quantile,1,266,26
2014,49,1.0,Quantile,2,265,57
2014,49,1.0,Quantile,3,266,63
2014,49,1.0,Quantile,4,265,66
2014,49,1.0,Quantile,5,266,88
2014,49,1.0,Quantile,6,265,126
2014,49,1.0,Quantile,7,266,123
2014,49,1.0,Quantile,8,265,104
2014,49,1.0,Quantile,9,266,156
2014,49,1.0,Quantile,10,265,157
2014,49,1.0,Quantile,11,266,150
2014,49,1.0,Quantile,12,265,172
2014,49,1.0,Quantile,13,266,207
2014,49,1.0,Quantile,14,265,189
2014,49,1.0,Quantile,15,266,226
2014,49,1.0,Quantile,16,265,214
2014,49,0.05,EW,1,0,0
2014,49,0.05,EW,2,0,0
2014,49,0.05,EW,3,1,1
2014,49,0.05,EW,4,14,9
2014,49,0.05,EW,5,142,49
2014,49,0.05,EW,6,442,228
2014,49,0.05,EW,7,1212,601
2014,49,0.05,EW,8,1443,747
2014,49,0.05,EW,9,786,393
2014,49,0.05,EW,10,195,88
2014,49,0.05,EW,11,13,8
2014,49,0.05,EW,12,0,0
2014,49,0.05,EW,13,0,0
2014,49,0.05,EW,14,0,0
2014,49,0.05,EW,15,0,0
2014,49,0.05,EW,16,0,0
2014,49,0.05,Quantile,1,266,102
2014,49,0.05,Quantile,2,265,146
2014,49,0.05,Quantile,3,266,133
2014,49,0.05,Quantile,4,265,139
2014,49,0.05,Quantile,5,266,125
2014,49,0.05,Quantile,6,265,140
2014,49,0.05,Quantile,7,266,128
2014,49,0.05,Quantile,8,265,135
2014,49,0.05,Quantile,9,266,161
2014,49,0.05,Quantile,10,265,141
2014,49,0.05,Quantile,11,266,128
2014,49,0.05,Quantile,12,265,120
2014,49,0.05,Quantile,13,266,133
2014,49,0.05,Quantile,14,265,134
2014,49,0.05,Quantile,15,266,130
2014,49,0.05,Quantile,16,265,129
2014,50,1.0,EW,1,0,0
2014,50,1.0,EW,2,2,0
2014,50,1.0,EW,3,26,8
2014,50,1.0,EW,4,227,38
2014,50,1.0,EW,5,422,110
2014,50,1.0,EW,6,660,157
2014,50,1.0,EW,7,702,307
2014,50,1.0,EW,8,736,413
2014,50,1.0,EW,9,573,398
2014,50,1.0,EW,10,488,364
2014,50,1.0,EW,11,241,179
2014,50,1.0,EW,12,112,99
2014,50,1.0,EW,13,34,27
2014,50,1.0,EW,14,21,20
2014,50,1.0,EW,15,4,4
2014,50,1.0,EW,16,0,0
2014,50,1.0,Quantile,1,266,48
2014,50,1.0,Quantile,2,265,57
2014,50,1.0,Quantile,3,266,78
2014,50,1.0,Quantile,4,265,55
2014,50,1.0,Quantile,5,266,69
2014,50,1.0,Quantile,6,265,118
2014,50,1.0,Quantile,7,266,95
2014,50,1.0,Quantile,8,265,150
2014,50,1.0,Quantile,9,266,162
2014,50,1.0,Quantile,10,265,130
2014,50,1.0,Quantile,11,266,172
2014,50,1.0,Quantile,12,265,173
2014,50,1.0,Quantile,13,266,199
2014,50,1.0,Quantile,14,265,196
2014,50,1.0,Quantile,15,266,199
2014,50,1.0,Quantile,16,265,223
2014,50,0.05,EW,1,0,0
2014,50,0.05,EW,2,0,0
2014,50,0.05,EW,3,1,1
2014,50,0.05,EW,4,22,7
2014,50,0.05,EW,5,105,43
2014,50,0.05,EW,6,496,280
2014,50,0.05,EW,7,1182,535
2014,50,0.05,EW,8,1423,763
2014,50,0.05,EW,9,824,409
2014,50,0.05,EW,10,174,76
2014,50,0.05,EW,11,20,10
2014,50,0.05,EW,12,1,0
2014,50,0.05,EW,13,0,0
2014,50,0.05,EW,14,0,0
2014,50,0.05,EW,15,0,0
2014,50,0.05,EW,16,0,0
2014,50,0.05,Quantile,1,266,128
2014,50,0.05,Quantile,2,265,158
2014,50,0.05,Quantile,3,266,115
2014,50,0.05,Quantile,4,265,99
2014,50,0.05,Quantile,5,266,113
2014,50,0.05,Quantile,6,265,142
2014,50,0.05,Quantile,7,266,130
2014,50,0.05,Quantile,8,265,151
2014,50,0.05,Quantile,9,266,148
2014,50,0.05,Quantile,10,265,131
2014,50,0.05,Quantile,11,266,140
2014,50,0.05,Quantile,12,265,149
2014,50,0.05,Quantile,13,266,124
2014,50,0.05,Quantile,14,265,126
2014,50,0.05,Quantile,15,266,149
2014,50,0.05,Quantile,16,265,121
2014,51,1.0,EW,1,0,0
2014,51,1.0,EW,2,18,0
2014,51,1.0,EW,3,52,2
2014,51,1.0,EW,4,115,27
2014,51,1.0,EW,5,399,104
2014,51,1.0,EW,6,749,228
2014,51,1.0,EW,7,818,346
2014,51,1.0,EW,8,741,426
2014,51,1.0,EW,9,562,340
2014,51,1.0,EW,10,277,211
2014,51,1.0,EW,11,264,226
2014,51,1.0,EW,12,177,157
2014,51,1.0,EW,13,53,40
2014,51,1.0,EW,14,15,12
2014,51,1.0,EW,15,8,5
2014,51,1.0,EW,16,0,0
2014,51,1.0,Quantile,1,266,38
2014,51,1.0,Quantile,2,265,73
2014,51,1.0,Quantile,3,266,79
2014,51,1.0,Quantile,4,265,77
2014,51,1.0,Quantile,5,266,92
2014,51,1.0,Quantile,6,265,82
2014,51,1.0,Quantile,7,266,126
2014,51,1.0,Quantile,8,265,126
2014,51,1.0,Quantile,9,266,129
2014,51,1.0,Quantile,10,265,150
2014,51,1.0,Quantile,11,266,179
2014,51,1.0,Quantile,12,265,169
2014,51,1.0,Quantile,13,266,153
2014,51,1.0,Quantile,14,265,199
2014,51,1.0,Quantile,15,266,226
2014,51,1.0,Quantile,16,265,226
2014,51,0.05,EW,1,0,0
2014,51,0.05,EW,2,0,0
2014,51,0.05,EW,3,0,0
2014,51,0.05,EW,4,0,0
2014,51,0.05,EW,5,90,47
2014,51,0.05,EW,6,536,271
2014,51,0.05,EW,7,1212,621
2014,51,0.05,EW,8,1480,718
2014,51,0.05,EW,9,711,367
2014,51,0.05,EW,10,193,89
2014,51,0.05,EW,11,26,11
2014,51,0.05,EW,12,0,0
2014,51,0.05,EW,13,0,0
2014,51,0.05,EW,14,0,0
2014,51,0.05,EW,15,0,0
2014,51,0.05,EW,16,0,0
2014,51,0.05,Quantile,1,266,134
2014,51,0.05,Quantile,2,265,138
2014,51,0.05,Quantile,3,266,129
2014,51,0.05,Quantile,4,265,116
2014,51,0.05,Quantile,5,266,135
2014,51,0.05,Quantile,6,265,145
2014,51,0.05,Quantile,7,266,153
2014,51,0.05,Quantile,8,265,151
2014,51,0.05,Quantile,9,266,133
2014,51,0.05,Quantile,10,265,124
2014,51,0.05,Quantile,11,266,126
2014,51,0.05,Quantile,12,265,119
2014,51,0.05,Quantile,13,266,106
2014,51,0.05,Quantile,14,265,150
2014,51,0.05,Quantile,15,266,144
2014,51,0.05,Quantile,16,265,121
2014,52,1.0,EW,1,0,0
2014,52,1.0,EW,2,11,0
2014,52,1.0,EW,3,54,10
2014,52,1.0,EW,4,237,30
2014,52,1.0,EW,5,342,79
2014,52,1.0,EW,6,586,180
2014,52,1.0,EW,7,908,434
2014,52,1.0,EW,8,654,319
2014,52,1.0,EW,9,538,356
2014,52,1.0,EW,10,484,370
2014,52,1.0,EW,11,286,230
2014,52,1.0,EW,12,90,66
2014,52,1.0,EW,13,41,34
2014,52,1.0,EW,14,17,16
2014,52,1.0,EW,15,0,0
2014,52,1.0,EW,16,0,0
2014,52,1.0,Quantile,1,266,34
2014,52,1.0,Quantile,2,265,63
2014,52,1.0,Quantile,3,266,59
2014,52,1.0,Quantile,4,265,94
2014,52,1.0,Quantile,5,266,96
2014,52,1.0,Quantile,6,265,113
2014,52,1.0,Quantile,7,266,131
2014,52,1.0,Quantile,8,265,138
2014,52,1.0,Quantile,9,266,108
2014,52,1.0,Quantile,10,265,111
2014,52,1.0,Quantile,11,266,184
2014,52,1.0,Quantile,12,265,176
2014,52,1.0,Quantile,13,266,189
2014,52,1.0,Quantile,14,265,207
2014,52,1.0,Quantile,15,266,206
2014,52,1.0,Quantile,16,265,215
2014,52,0.05,EW,1,0,0
2014,52,0.05,EW,2,0,0
2014,52,0.05,EW,3,0,0
2014,52,0.05,EW,4,0,0
2014,52,0.05,EW,5,79,37
2014,52,0.05,EW,6,501,257
2014,52,0.05,EW,7,1247,615
2014,52,0.05,EW,8,1481,774
2014,52,0.05,EW,9,743,355
2014,52,0.05,EW,10,191,86
2014,52,0.05,EW,11,6,0
2014,52,0.05,EW,12,0,0
2014,52,0.05,EW,13,0,0
2014,52,0.05,EW,14,0,0
2014,52,0.05,EW,15,0,0
2014,52,0.05,EW,16,0,0
2014,52,0.05,Quantile,1,266,138
2014,52,0.05,Quantile,2,265,131
2014,52,0.05,Quantile,3,266,135
2014,52,0.05,Quantile,4,265,125
2014,52,0.05,Quantile,5,266,109
2014,52,0.05,Quantile,6,265,147
2014,52,0.05,Quantile,7,266,142
2014,52,0.05,Quantile,8,265,153
2014,52,0.05,Quantile,9,266,145
2014,52,0.05,Quantile,10,265,136
2014,52,0.05,Quantile,11,266,140
2014,52,0.05,Quantile,12,265,122
2014,52,0.05,Quantile,13,266,137
2014,52,0.05,Quantile,14,265,135
2014,52,0.05,Quantile,15,266,112
2014,52,0.05,Quantile,16,265,117
2014,53,1.0,EW,1,0,0
2014,53,1.0,EW,2,6,1
2014,53,1.0,EW,3,54,8
2014,53,1.0,EW,4,207,37
2014,53,1.0,EW,5,452,105
2014,53,1.0,EW,6,606,168
2014,53,1.0,EW,7,693,308
2014,53,1.0,EW,8,774,411
2014,53,1.0,EW,9,597,422
2014,53,1.0,EW,10,461,341
2014,53,1.0,EW,11,225,174
2014,53,1.0,EW,12,77,63
2014,53,1.0,EW,13,73,66
2014,53,1.0,EW,14,23,20
2014,53,1.0,EW,15,0,0
2014,53,1.0,EW,16,0,0
2014,53,1.0,Quantile,1,266,46
2014,53,1.0,Quantile,2,265,71
2014,53,1.0,Quantile,3,266,58
2014,53,1.0,Quantile,4,265,68
2014,53,1.0,Quantile,5,266,77
2014,53,1.0,Quantile,6,265,108
2014,53,1.0,Quantile,7,266,129
2014,53,1.0,Quantile,8,265,134
2014,53,1.0,Quantile,9,266,147
2014,53,1.0,Quantile,10,265,123
2014,53,1.0,Quantile,11,266,149
2014,53,1.0,Quantile,12,265,194
2014,53,1.0,Quantile,13,266,205
2014,53,1.0,Quantile,14,265,186
2014,53,1.0,Quantile,15,266,211
2014,53,1.0,Quantile,16,265,218
2014,53,0.05,EW,1,0,0
2014,53,0.05,EW,2,0,0
2014,53,0.05,EW,3,0,0
2014,53,0.05,EW,4,1,0
2014,53,0.05,EW,5,133,61
2014,53,0.05,EW,6,516,233
2014,53,0.05,EW,7,1178,628
2014,53,0.05,EW,8,1388,661
2014,53,0.05,EW,9,832,445
2014,53,0.05,EW,10,188,93
2014,53,0.05,EW,11,12,3
2014,53,0.05,EW,12,0,0
2014,53,0.05,EW,13,0,0
2014,53,0.05,EW,14,0,0
2014,53,0.05,EW,15,0,0
2014,53,0.05,EW,16,0,0
2014,53,0.05,Quantile,1,266,112
2014,53,0.05,Quantile,2,265,124
2014,53,0.05,Quantile,3,266,121
2014,53,0.05,Quantile,4,265,145
2014,53,0.05,Quantile,5,266,152
2014,53,0.05,Quantile,6,265,145
2014,53,0.05,Quantile,7,266,138
2014,53,0.05,Quantile,8,265,118
2014,53,0.05,Quantile,9,266,124
2014,53,0.05,Quantile,10,265,123
2014,53,0.05,Quantile,11,266,130
2014,53,0.05,Quantile,12,265,133
2014,53,0.05,Quantile,13,266,142
2014,53,0.05,Quantile,14,265,164
2014,53,0.05,Quantile,15,266,136
2014,53,0.05,Quantile,16,265,117
2014,54,1.0,EW,1,0,0
2014,54,1.0,EW,2,10,0
2014,54,1.0,EW,3,45,7
2014,54,1.0,EW,4,208,33
2014,54,1.0,EW,5,458,103
2014,54,1.0,EW,6,648,190
2014,54,1.0,EW,7,715,343
2014,54,1.0,EW,8,702,384
2014,54,1.0,EW,9,537,342
2014,54,1.0,EW,10,457,358
2014,54,1.0,EW,11,278,211
2014,54,1.0,EW,12,129,102
2014,54,1.0,EW,13,49,41
2014,54,1.0,EW,14,12,10
2014,54,1.0,EW,15,0,0
2014,54,1.0,EW,16,0,0
2014,54,1.0,Quantile,1,266,41
2014,54,1.0,Quantile,2,265,54
2014,54,1.0,Quantile,3,266,76
2014,54,1.0,Quantile,4,265,65
2014,54,1.0,Quantile,5,266,83
2014,54,1.0,Quantile,6,265,97
2014,54,1.0,Quantile,7,266,150
2014,54,1.0,Quantile,8,265,129
2014,54,1.0,Quantile,9,266,116
2014,54,1.0,Quantile,10,265,170
2014,54,1.0,Quantile,11,266,163
2014,54,1.0,Quantile,12,265,154
2014,54,1.0,Quantile,13,266,198
2014,54,1.0,Quantile,14,265,212
2014,54,1.0,Quantile,15,266,214
2014,54,1.0,Quantile,16,265,202
2014,54,0.05,EW,1,0,0
2014,54,0.05,EW,2,0,0
2014,54,0.05,EW,3,0,0
2014,54,0.05,EW,4,0,0
2014,54,0.05,EW,5,75,38
2014,54,0.05,EW,6,526,254
2014,54,0.05,EW,7,1269,666
2014,54,0.05,EW,8,1408,676
2014,54,0.05,EW,9,756,405
2014,54,0.05,EW,10,188,73
2014,54,0.05,EW,11,25,12
2014,54,0.05,EW,12,1,0
2014,54,0.05,EW,13,0,0
2014,54,0.05,EW,14,0,0
2014,54,0.05,EW,15,0,0
2014,54,0.05,EW,16,0,0
2014,54,0.05,Quantile,1,266,135
2014,54,0.05,Quantile,2,265,130
2014,54,0.05,Quantile,3,266,118
2014,54,0.05,Quantile,4,265,141
2014,54,0.05,Quantile,5,266,140
2014,54,0.05,Quantile,6,265,139
2014,54,0.05,Quantile,7,266,151
2014,54,0.05,Quantile,8,265,153
2014,54,0.05,Quantile,9,266,117
2014,54,0.05,Quantile,10,265,111
2014,54,0.05,Quantile,11,266,123
2014,54,0.05,Quantile,12,265,130
2014,54,0.05,Quantile,13,266,137
2014,54,0.05,Quantile,14,265,135
2014,54,0.05,Quantile,15,266,154
2014,54,0.05,Quantile,16,265,110
2014,55,1.0,EW,1,0,0
2014,55,1.0,EW,2,15,0
2014,55,1.0,EW,3,66,10
2014,55,1.0,EW,4,195,23
2014,55,1.0,EW,5,377,80
2014,55,1.0,EW,6,589,208
2014,55,1.0,EW,7,818,348
2014,55,1.0,EW,8,733,400
2014,55,1.0,EW,9,594,381
2014,55,1.0,EW,10,450,347
2014,55,1.0,EW,11,223,173
2014,55,1.0,EW,12,133,112
2014,55,1.0,EW,13,48,37
2014,55,1.0,EW,14,7,5
2014,55,1.0,EW,15,0,0
2014,55,1.0,EW,16,0,0
2014,55,1.0,Quantile,1,266,32
2014,55,1.0,Quantile,2,265,52
2014,55,1.0,Quantile,3,266,80
2014,55,1.0,Quantile,4,265,93
2014,55,1.0,Quantile,5,266,84
2014,55,1.0,Quantile,6,265,100
2014,55,1.0,Quantile,7,266,134
2014,55,1.0,Quantile,8,265,122
2014,55,1.0,Quantile,9,266,126
2014,55,1.0,Quantile,10,265,160
2014,55,1.0,Quantile,11,266,158
2014,55,1.0,Quantile,12,265,181
2014,55,1.0,Quantile,13,266,178
2014,55,1.0,Quantile,14,265,213
2014,55,1.0,Quantile,15,266,194
2014,55,1.0,Quantile,16,265,217
2014,55,0.05,EW,1,0,0
2014,55,0.05,EW,2,0,0
2014,55,0.05,EW,3,0,0
2014,55,0.05,EW,4,2,2
2014,55,0.05,EW,5,84,48
2014,55,0.05,EW,6,544,256
2014,55,0.05,EW,7,1231,624
2014,55,0.05,EW,8,1400,705
2014,55,0.05,EW,9,778,398
2014,55,0.05,EW,10,198,91
2014,55,0.05,EW,11,11,0
2014,55,0.05,EW,12,0,0
2014,55,0.05,EW,13,0,0
2014,55,0.05,EW,14,0,0
2014,55,0.05,EW,15,0,0
2014,55,0.05,EW,16,0,0
2014,55,0.05,Quantile,1,266,120
2014,55,0.05,Quantile,2,265,130
2014,55,0.05,Quantile,3,266,141
2014,55,0.05,Quantile,4,265,128
2014,55,0.05,Quantile,5,266,137
2014,55,0.05,Quantile,6,265,124
2014,55,0.05,Quantile,7,266,149
2014,55,0.05,Quantile,8,265,133
2014,55,0.05,Quantile,9,266,113
2014,55,0.05,Quantile,10,265,117
2014,55,0.05,Quantile,11,266,156
2014,55,0.05,Quantile,12,265,146
2014,55,0.05,Quantile,13,266,145
2014,55,0.05,Quantile,14,265,150
2014,55,0.05,Quantile,15,266,123
2014,55,0.05,Quantile,16,265,112
2014,56,1.0,EW,1,1,1
2014,56,1.0,EW,2,7,1
2014,56,1.0,EW,3,58,7
2014,56,1.0,EW,4,238,26
2014,56,1.0,EW,5,325,74
2014,56,1.0,EW,6,690,224
2014,56,1.0,EW,7,779,352
2014,56,1.0,EW,8,755,398
2014,56,1.0,EW,9,458,307
2014,56,1.0,EW,10,460,361
2014,56,1.0,EW,11,270,217
2014,56,1.0,EW,12,150,125
2014,56,1.0,EW,13,39,23
2014,56,1.0,EW,14,18,8
2014,56,1.0,EW,15,0,0
2014,56,1.0,EW,16,0,0
2014,56,1.0,Quantile,1,266,32
2014,56,1.0,Quantile,2,265,41
2014,56,1.0,Quantile,3,266,92
2014,56,1.0,Quantile,4,265,87
2014,56,1.0,Quantile,5,266,86
2014,56,1.0,Quantile,6,265,119
2014,56,1.0,Quantile,7,266,116
2014,56,1.0,Quantile,8,265,121
2014,56,1.0,Quantile,9,266,141
2014,56,1.0,Quantile,10,265,149
2014,56,1.0,Quantile,11,266,141
2014,56,1.0,Quantile,12,265,173
2014,56,1.0,Quantile,13,266,201
2014,56,1.0,Quantile,14,265,213
2014,56,1.0,Quantile,15,266,210
2014,56,1.0,Quantile,16,265,202
2014,56,0.05,EW,1,0,0
2014,56,0.05,EW,2,0,0
2014,56,0.05,EW,3,0,0
2014,56,0.05,EW,4,7,7
2014,56,0.05,EW,5,87,41
2014,56,0.05,EW,6,524,278
2014,56,0.05,EW,7,1138,546
2014,56,0.05,EW,8,1574,818
2014,56,0.05,EW,9,740,359
2014,56,0.05,EW,10,155,63
2014,56,0.05,EW,11,23,12
2014,56,0.05,EW,12,0,0
2014,56,0.05,EW,13,0,0
2014,56,0.05,EW,14,0,0
2014,56,0.05,EW,15,0,0
2014,56,0.05,EW,16,0,0
2014,56,0.05,Quantile,1,266,143
2014,56,0.05,Quantile,2,265,137
2014,56,0.05,Quantile,3,266,116
2014,56,0.05,Quantile,4,265,97
2014,56,0.05,Quantile,5,266,138
2014,56,0.05,Quantile,6,265,156
2014,56,0.05,Quantile,7,266,143
2014,56,0.05,Quantile,8,265,143
2014,56,0.05,Quantile,9,266,136
2014,56,0.05,Quantile,10,265,157
2014,56,0.05,Quantile,11,266,134
2014,56,0.05,Quantile,12,265,117
2014,56,0.05,Quantile,13,266,128
2014,56,0.05,Quantile,14,265,113
2014,56,0.05,Quantile,15,266,140
2014,56,0.05,Quantile,16,265,126
2014,57,1.0,EW,1,0,0
2014,57,1.0,EW,2,10,1
2014,57,1.0,EW,3,40,5
2014,57,1.0,EW,4,253,32
2014,57,1.0,EW,5,348,77
2014,57,1.0,EW,6,563,188
2014,57,1.0,EW,7,768,348
2014,57,1.0,EW,8,815,473
2014,57,1.0,EW,9,698,436
2014,57,1.0,EW,10,374,251
2014,57,1.0,EW,11,179,139
2014,57,1.0,EW,12,132,119
2014,57,1.0,EW,13,68,55
2014,57,1.0,EW,14,0,0
2014,57,1.0,EW,15,0,0
2014,57,1.0,EW,16,0,0
2014,57,1.0,Quantile,1,266,38
2014,57,1.0,Quantile,2,265,50
2014,57,1.0,Quantile,3,266,68
2014,57,1.0,Quantile,4,265,80
2014,57,1.0,Quantile,5,266,108
2014,57,1.0,Quantile,6,265,111
2014,57,1.0,Quantile,7,266,137
2014,57,1.0,Quantile,8,265,132
2014,57,1.0,Quantile,9,266,145
2014,57,1.0,Quantile,10,265,170
2014,57,1.0,Quantile,11,266,166
2014,57,1.0,Quantile,12,265,162
2014,57,1.0,Quantile,13,266,165
2014,57,1.0,Quantile,14,265,180
2014,57,1.0,Quantile,15,266,179
2014,57,1.0,Quantile,16,265,233
2014,57,0.05,EW,1,0,0
2014,57,0.05,EW,2,0,0
2014,57,0.05,EW,3,0,0
2014,57,0.05,EW,4,8,6
2014,57,0.05,EW,5,61,39
2014,57,0.05,EW,6,523,241
2014,57,0.05,EW,7,1293,684
2014,57,0.05,EW,8,1376,659
2014,57,0.05,EW,9,775,394
2014,57,0.05,EW,10,187,92
2014,57,0.05,EW,11,25,9
2014,57,0.05,EW,12,0,0
2014,57,0.05,EW,13,0,0
2014,57,0.05,EW,14,0,0
2014,57,0.05,EW,15,0,0
2014,57,0.05,EW,16,0,0
2014,57,0.05,Quantile,1,266,137
2014,57,0.05,Quantile,2,265,114
2014,57,0.05,Quantile,3,266,156
2014,57,0.05,Quantile,4,265,137
2014,57,0.05,Quantile,5,266,146
2014,57,0.05,Quantile,6,265,135
2014,57,0.05,Quantile,7,266,137
2014,57,0.05,Quantile,8,265,100
2014,57,0.05,Quantile,9,266,111
2014,57,0.05,Quantile,10,265,144
2014,57,0.05,Quantile,11,266,143
2014,57,0.05,Quantile,12,265,131
2014,57,0.05,Quantile,13,266,130
2014,57,0.05,Quantile,14,265,143
2014,57,0.05,Quantile,15,266,137
2014,57,0.05,Quantile,16,265,123
2014,58,1.0,EW,1,0,0
2014,58,1.0,EW,2,8,2
2014,58,1.0,EW,3,54,2
2014,58,1.0,EW,4,162,34
2014,58,1.0,EW,5,383,113
2014,58,1.0,EW,6,745,228
2014,58,1.0,EW,7,744,312
2014,58,1.0,EW,8,792,420
2014,58,1.0,EW,9,481,302
2014,58,1.0,EW,10,449,352
2014,58,1.0,EW,11,207,175
2014,58,1.0,EW,12,147,120
2014,58,1.0,EW,13,54,46
2014,58,1.0,EW,14,21,18
2014,58,1.0,EW,15,1,0
2014,58,1.0,EW,16,0,0
2014,58,1.0,Quantile,1,266,49
2014,58,1.0,Quantile,2,265,75
2014,58,1.0,Quantile,3,266,88
2014,58,1.0,Quantile,4,265,67
2014,58,1.0,Quantile,5,266,96
2014,58,1.0,Quantile,6,265,81
2014,58,1.0,Quantile,7,266,111
2014,58,1.0,Quantile,8,265,141
2014,58,1.0,Quantile,9,266,158
2014,58,1.0,Quantile,10,265,124
2014,58,1.0,Quantile,11,266,142
2014,58,1.0,Quantile,12,265,177
2014,58,1.0,Quantile,13,266,171
2014,58,1.0,Quantile,14,265,215
2014,58,1.0,Quantile,15,266,205
2014,58,1.0,Quantile,16,265,224
2014,58,0.05,EW,1,0,0
2014,58,0.05,EW,2,0,0
2014,58,0.05,EW,3,2,1
2014,58,0.05,EW,4,10,3
2014,58,0.05,EW,5,64,28
2014,58,0.05,EW,6,462,253
2014,58,0.05,EW,7,1301,661
2014,58,0.05,EW,8,1540,773
2014,58,0.05,EW,9,694,309
2014,58,0.05,EW,10,133,69
2014,58,0.05,EW,11,40,26
2014,58,0.05,EW,12,2,1
2014,58,0.05,EW,13,0,0
2014,58,0.05,EW,14,0,0
2014,58,0.05,EW,15,0,0
2014,58,0.05,EW,16,0,0
2014,58,0.05,Quantile,1,266,142
2014,58,0.05,Quantile,2,265,140
2014,58,0.05,Quantile,3,266,130
2014,58,0.05,Quantile,4,265,126
2014,58,0.05,Quantile,5,266,147
2014,58,0.05,Quantile,6,265,143
2014,58,0.05,Quantile,7,266,126
2014,58,0.05,Quantile,8,265,122
2014,58,0.05,Quantile,9,266,145
2014,58,0.05,Quantile,10,265,142
2014,58,0.05,Quantile,11,266,145
2014,58,0.05,Quantile,12,265,134
2014,58,0.05,Quantile,13,266,107
2014,58,0.05,Quantile,14,265,121
2014,58,0.05,Quantile,15,266,113
2014,58,0.05,Quantile,16,265,141
2014,59,1.0,EW,1,0,0
2014,59,1.0,EW,2,10,1
2014,59,1.0,EW,3,111,7
2014,59,1.0,EW,4,198,28
2014,59,1.0,EW,5,347,86
2014,59,1.0,EW,6,586,184
2014,59,1.0,EW,7,835,338
2014,59,1.0,EW,8,750,413
2014,59,1.0,EW,9,571,396
2014,59,1.0,EW,10,359,272
2014,59,1.0,EW,11,254,211
2014,59,1.0,EW,12,137,111
2014,59,1.0,EW,13,67,62
2014,59,1.0,EW,14,23,15
2014,59,1.0,EW,15,0,0
2014,59,1.0,EW,16,0,0
2014,59,1.0,Quantile,1,266,29
2014,59,1.0,Quantile,2,265,55
2014,59,1.0,Quantile,3,266,68
2014,59,1.0,Quantile,4,265,68
2014,59,1.0,Quantile,5,266,114
2014,59,1.0,Quantile,6,265,98
2014,59,1.0,Quantile,7,266,110
2014,59,1.0,Quantile,8,265,120
2014,59,1.0,Quantile,9,266,135
2014,59,1.0,Quantile,10,265,152
2014,59,1.0,Quantile,11,266,162
2014,59,1.0,Quantile,12,265,181
2014,59,1.0,Quantile,13,266,191
2014,59,1.0,Quantile,14,265,202
2014,59,1.0,Quantile,15,266,222
2014,59,1.0,Quantile,16,265,217
2014,59,0.05,EW,1,0,0
2014,59,0.05,EW,2,0,0
2014,59,0.05,EW,3,0,0
2014,59,0.05,EW,4,8,6
2014,59,0.05,EW,5,135,61
2014,59,0.05,EW,6,426,196
2014,59,0.05,EW,7,1270,685
2014,59,0.05,EW,8,1435,691
2014,59,0.05,EW,9,755,384
2014,59,0.05,EW,10,197,92
2014,59,0.05,EW,11,22,9
2014,59,0.05,EW,12,0,0
2014,59,0.05,EW,13,0,0
2014,59,0.05,EW,14,0,0
2014,59,0.05,EW,15,0,0
2014,59,0.05,EW,16,0,0
2014,59,0.05,Quantile,1,266,109
2014,59,0.05,Quantile,2,265,135
2014,59,0.05,Quantile,3,266,153
2014,59,0.05,Quantile,4,265,145
2014,59,0.05,Quantile,5,266,148
2014,59,0.05,Quantile,6,265,134
2014,59,0.05,Quantile,7,266,129
2014,59,0.05,Quantile,8,265,123
2014,59,0.05,Quantile,9,266,122
2014,59,0.05,Quantile,10,265,141
2014,59,0.05,Quantile,11,266,120
2014,59,0.05,Quantile,12,265,135
2014,59,0.05,Quantile,13,266,139
2014,59,0.05,Quantile,14,265,137
2014,59,0.05,Quantile,15,266,134
2014,59,0.05,Quantile,16,265,120
2014,60,1.0,EW,1,3,1
2014,60,1.0,EW,2,20,1
2014,60,1.0,EW,3,84,9
2014,60,1.0,EW,4,174,31
2014,60,1.0,EW,5,363,82
2014,60,1.0,EW,6,681,205
2014,60,1.0,EW,7,807,327
2014,60,1.0,EW,8,651,342
2014,60,1.0,EW,9,549,415
2014,60,1.0,EW,10,435,320
2014,60,1.0,EW,11,276,235
2014,60,1.0,EW,12,154,119
2014,60,1.0,EW,13,48,36
2014,60,1.0,EW,14,3,1
2014,60,1.0,EW,15,0,0
2014,60,1.0,EW,16,0,0
2014,60,1.0,Quantile,1,266,38
2014,60,1.0,Quantile,2,265,56
2014,60,1.0,Quantile,3,266,66
2014,60,1.0,Quantile,4,265,83
2014,60,1.0,Quantile,5,266,86
2014,60,1.0,Quantile,6,265,112
2014,60,1.0,Quantile,7,266,102
2014,60,1.0,Quantile,8,265,106
2014,60,1.0,Quantile,9,266,141
2014,60,1.0,Quantile,10,265,135
2014,60,1.0,Quantile,11,266,164
2014,60,1.0,Quantile,12,265,214
2014,60,1.0,Quantile,13,266,199
2014,60,1.0,Quantile,14,265,190
2014,60,1.0,Quantile,15,266,224
2014,60,1.0,Quantile,16,265,208
2014,60,0.05,EW,1,0,0
2014,60,0.05,EW,2,0,0
2014,60,0.05,EW,3,0,0
2014,60,0.05,EW,4,8,3
2014,60,0.05,EW,5,118,54
2014,60,0.05,EW,6,505,226
2014,60,0.05,EW,7,1246,621
2014,60,0.05,EW,8,1362,703
2014,60,0.05,EW,9,801,407
2014,60,0.05,EW,10,177,95
2014,60,0.05,EW,11,21,5
2014,60,0.05,EW,12,8,8
2014,60,0.05,EW,13,2,2
2014,60,0.05,EW,14,0,0
2014,60,0.05,EW,15,0,0
2014,60,0.05,EW,16,0,0
2014,60,0.05,Quantile,1,266,122
2014,60,0.05,Quantile,2,265,116
2014,60,0.05,Quantile,3,266,142
2014,60,0.05,Quantile,4,265,135
2014,60,0.05,Quantile,5,266,132
2014,60,0.05,Quantile,6,265,127
2014,60,0.05,Quantile,7,266,120
2014,60,0.05,Quantile,8,265,141
2014,60,0.05,Quantile,9,266,125
2014,60,0.05,Quantile,10,265,139
2014,60,0.05,Quantile,11,266,136
2014,60,0.05,Quantile,12,265,144
2014,60,0.05,Quantile,13,266,151
2014,60,0.05,Quantile,14,265,130
2014,60,0.05,Quantile,15,266,132
2014,60,0.05,Quantile,16,265,132
2014,61,1.0,EW,1,0,0
2014,61,1.0,EW,2,0,0
2014,61,1.0,EW,3,58,8
2014,61,1.0,EW,4,203,27
2014,61,1.0,EW,5,396,97
2014,61,1.0,EW,6,613,194
2014,61,1.0,EW,7,810,343
2014,61,1.0,EW,8,759,426
2014,61,1.0,EW,9,599,388
2014,61,1.0,EW,10,364,271
2014,61,1.0,EW,11,244,200
2014,61,1.0,EW,12,157,137
2014,61,1.0,EW,13,32,22
2014,61,1.0,EW,14,3,2
2014,61,1.0,EW,15,10,9
2014,61,1.0,EW,16,0,0
2014,61,1.0,Quantile,1,266,35
2014,61,1.0,Quantile,2,265,61
2014,61,1.0,Quantile,3,266,66
2014,61,1.0,Quantile,4,265,88
2014,61,1.0,Quantile,5,266,91
2014,61,1.0,Quantile,6,265,107
2014,61,1.0,Quantile,7,266,115
2014,61,1.0,Quantile,8,265,121
2014,61,1.0,Quantile,9,266,141
2014,61,1.0,Quantile,10,265,150
2014,61,1.0,Quantile,11,266,166
2014,61,1.0,Quantile,12,265,169
2014,61,1.0,Quantile,13,266,183
2014,61,1.0,Quantile,14,265,199
2014,61,1.0,Quantile,15,266,208
2014,61,1.0,Quantile,16,265,224
2014,61,0.05,EW,1,0,0
2014,61,0.05,EW,2,0,0
2014,61,0.05,EW,3,0,0
2014,61,0.05,EW,4,12,5
2014,61,0.05,EW,5,83,31
2014,61,0.05,EW,6,421,221
2014,61,0.05,EW,7,1306,731
2014,61,0.05,EW,8,1521,710
2014,61,0.05,EW,9,727,352
2014,61,0.05,EW,10,163,68
2014,61,0.05,EW,11,15,6
2014,61,0.05,EW,12,0,0
2014,61,0.05,EW,13,0,0
2014,61,0.05,EW,14,0,0
2014,61,0.05,EW,15,0,0
2014,61,0.05,EW,16,0,0
2014,61,0.05,Quantile,1,266,127
2014,61,0.05,Quantile,2,265,137
2014,61,0.05,Quantile,3,266,128
2014,61,0.05,Quantile,4,265,164
2014,61,0.05,Quantile,5,266,150
2014,61,0.05,Quantile,6,265,159
2014,61,0.05,Quantile,7,266,140
2014,61,0.05,Quantile,8,265,119
2014,61,0.05,Quantile,9,266,116
2014,61,0.05,Quantile,10,265,106
2014,61,0.05,Quantile,11,266,118
2014,61,0.05,Quantile,12,265,139
2014,61,0.05,Quantile,13,266,161
2014,61,0.05,Quantile,14,265,141
2014,61,0.05,Quantile,15,266,121
2014,61,0.05,Quantile,16,265,98
2014,62,1.0,EW,1,0,0
2014,62,1.0,EW,2,21,1
2014,62,1.0,EW,3,54,6
2014,62,1.0,EW,4,198,39
2014,62,1.0,EW,5,376,74
2014,62,1.0,EW,6,663,214
2014,62,1.0,EW,7,722,308
2014,62,1.0,EW,8,764,410
2014,62,1.0,EW,9,660,447
2014,62,1.0,EW,10,331,230
2014,62,1.0,EW,11,243,210
2014,62,1.0,EW,12,129,110
2014,62,1.0,EW,13,73,67
2014,62,1.0,EW,14,11,8
2014,62,1.0,EW,15,3,0
2014,62,1.0,EW,16,0,0
2014,62,1.0,Quantile,1,266,46
2014,62,1.0,Quantile,2,265,50
2014,62,1.0,Quantile,3,266,76
2014,62,1.0,Quantile,4,265,95
2014,62,1.0,Quantile,5,266,70
2014,62,1.0,Quantile,6,265,111
2014,62,1.0,Quantile,7,266,110
2014,62,1.0,Quantile,8,265,129
2014,62,1.0,Quantile,9,266,139
2014,62,1.0,Quantile,10,265,139
2014,62,1.0,Quantile,11,266,173
2014,62,1.0,Quantile,12,265,178
2014,62,1.0,Quantile,13,266,179
2014,62,1.0,Quantile,14,265,174
2014,62,1.0,Quantile,15,266,232
2014,62,1.0,Quantile,16,265,223
2014,62,0.05,EW,1,0,0
2014,62,0.05,EW,2,0,0
2014,62,0.05,EW,3,0,0
2014,62,0.05,EW,4,4,3
2014,62,0.05,EW,5,69,36
2014,62,0.05,EW,6,549,254
2014,62,0.05,EW,7,1295,685
2014,62,0.05,EW,8,1379,634
2014,62,0.05,EW,9,677,375
2014,62,0.05,EW,10,256,135
2014,62,0.05,EW,11,19,2
2014,62,0.05,EW,12,0,0
2014,62,0.05,EW,13,0,0
2014,62,0.05,EW,14,0,0
2014,62,0.05,EW,15,0,0
2014,62,0.05,EW,16,0,0
2014,62,0.05,Quantile,1,266,135
2014,62,0.05,Quantile,2,265,115
2014,62,0.05,Quantile,3,266,150
2014,62,0.05,Quantile,4,265,148
2014,62,0.05,Quantile,5,266,120
2014,62,0.05,Quantile,6,265,134
2014,62,0.05,Quantile,7,266,144
2014,62,0.05,Quantile,8,265,120
2014,62,0.05,Quantile,9,266,124
2014,62,0.05,Quantile,10,265,149
2014,62,0.05,Quantile,11,266,126
2014,62,0.05,Quantile,12,265,90
2014,62,0.05,Quantile,13,266,153
2014,62,0.05,Quantile,14,265,137
2014,62,0.05,Quantile,15,266,148
2014,62,0.05,Quantile,16,265,131
2014,63,1.0,EW,1,3,0
2014,63,1.0,EW,2,11,0
2014,63,1.0,EW,3,55,8
2014,63,1.0,EW,4,245,29
2014,63,1.0,EW,5,314,73
2014,63,1.0,EW,6,688,236
2014,63,1.0,EW,7,791,305
2014,63,1.0,EW,8,624,334
2014,63,1.0,EW,9,643,483
2014,63,1.0,EW,10,467,324
2014,63,1.0,EW,11,215,178
2014,63,1.0,EW,12,141,113
2014,63,1.0,EW,13,31,24
2014,63,1.0,EW,14,17,16
2014,63,1.0,EW,15,3,1
2014,63,1.0,EW,16,0,0
2014,63,1.0,Quantile,1,266,33
2014,63,1.0,Quantile,2,265,39
2014,63,1.0,Quantile,3,266,98
2014,63,1.0,Quantile,4,265,104
2014,63,1.0,Quantile,5,266,76
2014,63,1.0,Quantile,6,265,71
2014,63,1.0,Quantile,7,266,107
2014,63,1.0,Quantile,8,265,135
2014,63,1.0,Quantile,9,266,120
2014,63,1.0,Quantile,10,265,154
2014,63,1.0,Quantile,11,266,195
2014,63,1.0,Quantile,12,265,186
2014,63,1.0,Quantile,13,266,209
2014,63,1.0,Quantile,14,265,174
2014,63,1.0,Quantile,15,266,203
2014,63,1.0,Quantile,16,265,220
2014,63,0.05,EW,1,0,0
2014,63,0.05,EW,2,0,0
2014,63,0.05,EW,3,0,0
2014,63,0.05,EW,4,8,6
2014,63,0.05,EW,5,86,38
2014,63,0.05,EW,6,452,234
2014,63,0.05,EW,7,1303,663
2014,63,0.05,EW,8,1476,743
2014,63,0.05,EW,9,762,370
2014,63,0.05,EW,10,145,68
2014,63,0.05,EW,11,16,2
2014,63,0.05,EW,12,0,0
2014,63,0.05,EW,13,0,0
2014,63,0.05,EW,14,0,0
2014,63,0.05,EW,15,0,0
2014,63,0.05,EW,16,0,0
2014,63,0.05,Quantile,1,266,135
2014,63,0.05,Quantile,2,265,136
2014,63,0.05,Quantile,3,266,131
2014,63,0.05,Quantile,4,265,144
2014,63,0.05,Quantile,5,266,137
2014,63,0.05,Quantile,6,265,134
2014,63,0.05,Quantile,7,266,132
2014,63,0.05,Quantile,8,265,138
2014,63,0.05,Quantile,9,266,130
2014,63,0.05,Quantile,10,265,117
2014,63,0.05,Quantile,11,266,128
2014,63,0.05,Quantile,12,265,153
2014,63,0.05,Quantile,13,266,130
2014,63,0.05,Quantile,14,265,145
2014,63,0.05,Quantile,15,266,121
2014,63,0.05,Quantile,16,265,113
2014,64,1.0,EW,1,1,0
2014,64,1.0,EW,2,17,0
2014,64,1.0,EW,3,57,6
2014,64,1.0,EW,4,187,32
2014,64,1.0,EW,5,369,93
2014,64,1.0,EW,6,736,210
2014,64,1.0,EW,7,742,296
2014,64,1.0,EW,8,631,370
2014,64,1.0,EW,9,657,449
2014,64,1.0,EW,10,402,299
2014,64,1.0,EW,11,223,184
2014,64,1.0,EW,12,164,136
2014,64,1.0,EW,13,52,42
2014,64,1.0,EW,14,9,7
2014,64,1.0,EW,15,1,0
2014,64,1.0,EW,16,0,0
2014,64,1.0,Quantile,1,266,39
2014,64,1.0,Quantile,2,265,64
2014,64,1.0,Quantile,3,266,67
2014,64,1.0,Quantile,4,265,68
2014,64,1.0,Quantile,5,266,92
2014,64,1.0,Quantile,6,265,88
2014,64,1.0,Quantile,7,266,117
2014,64,1.0,Quantile,8,265,108
2014,64,1.0,Quantile,9,266,149
2014,64,1.0,Quantile,10,265,167
2014,64,1.0,Quantile,11,266,176
2014,64,1.0,Quantile,12,265,182
2014,64,1.0,Quantile,13,266,178
2014,64,1.0,Quantile,14,265,205
2014,64,1.0,Quantile,15,266,205
2014,64,1.0,Quantile,16,265,219
2014,64,0.05,EW,1,0,0
2014,64,0.05,EW,2,0,0
2014,64,0.05,EW,3,0,0
2014,64,0.05,EW,4,2,2
2014,64,0.05,EW,5,70,44
2014,64,0.05,EW,6,560,242
2014,64,0.05,EW,7,1241,645
2014,64,0.05,EW,8,1446,744
2014,64,0.05,EW,9,701,342
2014,64,0.05,EW,10,212,98
2014,64,0.05,EW,11,16,7
2014,64,0.05,EW,12,0,0
2014,64,0.05,EW,13,0,0
2014,64,0.05,EW,14,0,0
2014,64,0.05,EW,15,0,0
2014,64,0.05,EW,16,0,0
2014,64,0.05,Quantile,1,266,155
2014,64,0.05,Quantile,2,265,99
2014,64,0.05,Quantile,3,266,120
2014,64,0.05,Quantile,4,265,154
2014,64,0.05,Quantile,5,266,142
2014,64,0.05,Quantile,6,265,125
2014,64,0.05,Quantile,7,266,135
2014,64,0.05,Quantile,8,265,119
2014,64,0.05,Quantile,9,266,150
2014,64,0.05,Quantile,10,265,133
2014,64,0.05,Quantile,11,266,128
2014,64,0.05,Quantile,12,265,148
2014,64,0.05,Quantile,13,266,126
2014,64,0.05,Quantile,14,265,111
2014,64,0.05,Quantile,15,266,152
2014,64,0.05,Quantile,16,265,127
2014,65,1.0,EW,1,0,0
2014,65,1.0,EW,2,5,0
2014,65,1.0,EW,3,54,5
2014,65,1.0,EW,4,240,44
2014,65,1.0,EW,5,435,88
2014,65,1.0,EW,6,530,177
2014,65,1.0,EW,7,688,290
2014,65,1.0,EW,8,763,439
2014,65,1.0,EW,9,686,439
2014,65,1.0,EW,10,481,352
2014,65,1.0,EW,11,214,160
2014,65,1.0,EW,12,97,81
2014,65,1.0,EW,13,42,36
2014,65,1.0,EW,14,11,11
2014,65,1.0,EW,15,2,2
2014,65,1.0,EW,16,0,0
2014,65,1.0,Quantile,1,266,42
2014,65,1.0,Quantile,2,265,50
2014,65,1.0,Quantile,3,266,67
2014,65,1.0,Quantile,4,265,84
2014,65,1.0,Quantile,5,266,97
2014,65,1.0,Quantile,6,265,91
2014,65,1.0,Quantile,7,266,112
2014,65,1.0,Quantile,8,265,150
2014,65,1.0,Quantile,9,266,142
2014,65,1.0,Quantile,10,265,167
2014,65,1.0,Quantile,11,266,177
2014,65,1.0,Quantile,12,265,157
2014,65,1.0,Quantile,13,266,191
2014,65,1.0,Quantile,14,265,178
2014,65,1.0,Quantile,15,266,196
2014,65,1.0,Quantile,16,265,223
2014,65,0.05,EW,1,0,0
2014,65,0.05,EW,2,0,0
2014,65,0.05,EW,3,0,0
2014,65,0.05,EW,4,1,1
2014,65,0.05,EW,5,73,43
2014,65,0.05,EW,6,536,274
2014,65,0.05,EW,7,1282,618
2014,65,0.05,EW,8,1390,691
2014,65,0.05,EW,9,743,400
2014,65,0.05,EW,10,188,72
2014,65,0.05,EW,11,35,25
2014,65,0.05,EW,12,0,0
2014,65,0.05,EW,13,0,0
2014,65,0.05,EW,14,0,0
2014,65,0.05,EW,15,0,0
2014,65,0.05,EW,16,0,0
2014,65,0.05,Quantile,1,266,135
2014,65,0.05,Quantile,2,265,134
2014,65,0.05,Quantile,3,266,149
2014,65,0.05,Quantile,4,265,118
2014,65,0.05,Quantile,5,266,123
2014,65,0.05,Quantile,6,265,118
2014,65,0.05,Quantile,7,266,137
2014,65,0.05,Quantile,8,265,142
2014,65,0.05,Quantile,9,266,127
2014,65,0.05,Quantile,10,265,146
2014,65,0.05,Quantile,11,266,131
2014,65,0.05,Quantile,12,265,117
2014,65,0.05,Quantile,13,266,139
2014,65,0.05,Quantile,14,265,149
2014,65,0.05,Quantile,15,266,143
2014,65,0.05,Quantile,16,265,116
2014,66,1.0,EW,1,0,0
2014,66,1.0,EW,2,1,1
2014,66,1.0,EW,3,69,5
2014,66,1.0,EW,4,202,32
2014,66,1.0,EW,5,429,111
2014,66,1.0,EW,6,584,164
2014,66,1.0,EW,7,702,315
2014,66,1.0,EW,8,808,440
2014,66,1.0,EW,9,604,409
2014,66,1.0,EW,10,409,303
2014,66,1.0,EW,11,277,223
2014,66,1.0,EW,12,127,96
2014,66,1.0,EW,13,22,16
2014,66,1.0,EW,14,14,9
2014,66,1.0,EW,15,0,0
2014,66,1.0,EW,16,0,0
2014,66,1.0,Quantile,1,266,36
2014,66,1.0,Quantile,2,265,70
2014,66,1.0,Quantile,3,266,69
2014,66,1.0,Quantile,4,265,65
2014,66,1.0,Quantile,5,266,87
2014,66,1.0,Quantile,6,265,127
2014,66,1.0,Quantile,7,266,110
2014,66,1.0,Quantile,8,265,146
2014,66,1.0,Quantile,9,266,150
2014,66,1.0,Quantile,10,265,135
2014,66,1.0,Quantile,11,266,154
2014,66,1.0,Quantile,12,265,171
2014,66,1.0,Quantile,13,266,199
2014,66,1.0,Quantile,14,265,194
2014,66,1.0,Quantile,15,266,206
2014,66,1.0,Quantile,16,265,205
2014,66,0.05,EW,1,0,0
2014,66,0.05,EW,2,0,0
2014,66,0.05,EW,3,1,1
2014,66,0.05,EW,4,7,5
2014,66,0.05,EW,5,55,21
2014,66,0.05,EW,6,426,248
2014,66,0.05,EW,7,1469,699
2014,66,0.05,EW,8,1352,678
2014,66,0.05,EW,9,739,374
2014,66,0.05,EW,10,162,77
2014,66,0.05,EW,11,26,17
2014,66,0.05,EW,12,10,4
2014,66,0.05,EW,13,1,0
2014,66,0.05,EW,14,0,0
2014,66,0.05,EW,15,0,0
2014,66,0.05,EW,16,0,0
2014,66,0.05,Quantile,1,266,147
2014,66,0.05,Quantile,2,265,149
2014,66,0.05,Quantile,3,266,147
2014,66,0.05,Quantile,4,265,147
2014,66,0.05,Quantile,5,266,112
2014,66,0.05,Quantile,6,265,98
2014,66,0.05,Quantile,7,266,122
2014,66,0.05,Quantile,8,265,144
2014,66,0.05,Quantile,9,266,142
2014,66,0.05,Quantile,10,265,134
2014,66,0.05,Quantile,11,266,137
2014,66,0.05,Quantile,12,265,117
2014,66,0.05,Quantile,13,266,126
2014,66,0.05,Quantile,14,265,140
2014,66,0.05,Quantile,15,266,137
2014,66,0.05,Quantile,16,265,125
2014,67,1.0,EW,1,2,0
2014,67,1.0,EW,2,15,1
2014,67,1.0,EW,3,57,5
2014,67,1.0,EW,4,223,39
2014,67,1.0,EW,5,351,55
2014,67,1.0,EW,6,647,241
2014,67,1.0,EW,7,755,294
2014,67,1.0,EW,8,707,394
2014,67,1.0,EW,9,635,449
2014,67,1.0,EW,10,408,296
2014,67,1.0,EW,11,311,257
2014,67,1.0,EW,12,86,51
2014,67,1.0,EW,13,31,25
2014,67,1.0,EW,14,14,12
2014,67,1.0,EW,15,6,5
2014,67,1.0,EW,16,0,0
2014,67,1.0,Quantile,1,266,39
2014,67,1.0,Quantile,2,265,34
2014,67,1.0,Quantile,3,266,91
2014,67,1.0,Quantile,4,265,98
2014,67,1.0,Quantile,5,266,89
2014,67,1.0,Quantile,6,265,84
2014,67,1.0,Quantile,7,266,91
2014,67,1.0,Quantile,8,265,142
2014,67,1.0,Quantile,9,266,128
2014,67,1.0,Quantile,10,265,156
2014,67,1.0,Quantile,11,266,189
2014,67,1.0,Quantile,12,265,189
2014,67,1.0,Quantile,13,266,187
2014,67,1.0,Quantile,14,265,189
2014,67,1.0,Quantile,15,266,219
2014,67,1.0,Quantile,16,265,199
2014,67,0.05,EW,1,0,0
2014,67,0.05,EW,2,0,0
2014,67,0.05,EW,3,0,0
2014,67,0.05,EW,4,2,2
2014,67,0.05,EW,5,134,71
2014,67,0.05,EW,6,538,219
2014,67,0.05,EW,7,1125,593
2014,67,0.05,EW,8,1484,764
2014,67,0.05,EW,9,748,363
2014,67,0.05,EW,10,188,91
2014,67,0.05,EW,11,29,21
2014,67,0.05,EW,12,0,0
2014,67,0.05,EW,13,0,0
2014,67,0.05,EW,14,0,0
2014,67,0.05,EW,15,0,0
2014,67,0.05,EW,16,0,0
2014,67,0.05,Quantile,1,266,121
2014,67,0.05,Quantile,2,265,100
2014,67,0.05,Quantile,3,266,146
2014,67,0.05,Quantile,4,265,150
2014,67,0.05,Quantile,5,266,131
2014,67,0.05,Quantile,6,265,123
2014,67,0.05,Quantile,7,266,146
2014,67,0.05,Quantile,8,265,151
2014,67,0.05,Quantile,9,266,147
2014,67,0.05,Quantile,10,265,148
2014,67,0.05,Quantile,11,266,130
2014,67,0.05,Quantile,12,265,114
2014,67,0.05,Quantile,13,266,122
2014,67,0.05,Quantile,14,265,132
2014,67,0.05,Quantile,15,266,132
2014,67,0.05,Quantile,16,265,131
2014,68,1.0,EW,1,0,0
2014,68,1.0,EW,2,30,1
2014,68,1.0,EW,3,59,3
2014,68,1.0,EW,4,141,32
2014,68,1.0,EW,5,444,92
2014,68,1.0,EW,6,655,217
2014,68,1.0,EW,7,769,312
2014,68,1.0,EW,8,650,349
2014,68,1.0,EW,9,539,374
2014,68,1.0,EW,10,563,432
2014,68,1.0,EW,11,227,176
2014,68,1.0,EW,12,87,63
2014,68,1.0,EW,13,83,73
2014,68,1.0,EW,14,1,0
2014,68,1.0,EW,15,0,0
2014,68,1.0,EW,16,0,0
2014,68,1.0,Quantile,1,266,43
2014,68,1.0,Quantile,2,265,50
2014,68,1.0,Quantile,3,266,68
2014,68,1.0,Quantile,4,265,98
2014,68,1.0,Quantile,5,266,86
2014,68,1.0,Quantile,6,265,102
2014,68,1.0,Quantile,7,266,98
2014,68,1.0,Quantile,8,265,126
2014,68,1.0,Quantile,9,266,139
2014,68,1.0,Quantile,10,265,141
2014,68,1.0,Quantile,11,266,173
2014,68,1.0,Quantile,12,265,185
2014,68,1.0,Quantile,13,266,207
2014,68,1.0,Quantile,14,265,205
2014,68,1.0,Quantile,15,266,184
2014,68,1.0,Quantile,16,265,219
2014,68,0.05,EW,1,0,0
2014,68,0.05,EW,2,0,0
2014,68,0.05,EW,3,0,0
2014,68,0.05,EW,4,4,4
2014,68,0.05,EW,5,62,38
2014,68,0.05,EW,6,523,256
2014,68,0.05,EW,7,1338,671
2014,68,0.05,EW,8,1398,681
2014,68,0.05,EW,9,697,368
2014,68,0.05,EW,10,185,76
2014,68,0.05,EW,11,34,27
2014,68,0.05,EW,12,7,3
2014,68,0.05,EW,13,0,0
2014,68,0.05,EW,14,0,0
2014,68,0.05,EW,15,0,0
2014,68,0.05,EW,16,0,0
2014,68,0.05,Quantile,1,266,158
2014,68,0.05,Quantile,2,265,110
2014,68,0.05,Quantile,3,266,125
2014,68,0.05,Quantile,4,265,149
2014,68,0.05,Quantile,5,266,178
2014,68,0.05,Quantile,6,265,116
2014,68,0.05,Quantile,7,266,100
2014,68,0.05,Quantile,8,265,133
2014,68,0.05,Quantile,9,266,125
2014,68,0.05,Quantile,10,265,132
2014,68,0.05,Quantile,11,266,133
2014,68,0.05,Quantile,12,265,121
2014,68,0.05,Quantile,13,266,123
2014,68,0.05,Quantile,14,265,130
2014,68,0.05,Quantile,15,266,165
2014,68,0.05,Quantile,16,265,126
2014,69,1.0,EW,1,0,0
2014,69,1.0,EW,2,15,1
2014,69,1.0,EW,3,40,5
2014,69,1.0,EW,4,160,27
2014,69,1.0,EW,5,483,90
2014,69,1.0,EW,6,558,198
2014,69,1.0,EW,7,879,375
2014,69,1.0,EW,8,681,369
2014,69,1.0,EW,9,620,411
2014,69,1.0,EW,10,355,260
2014,69,1.0,EW,11,257,222
2014,69,1.0,EW,12,118,95
2014,69,1.0,EW,13,77,70
2014,69,1.0,EW,14,5,1
2014,69,1.0,EW,15,0,0
2014,69,1.0,EW,16,0,0
2014,69,1.0,Quantile,1,266,50
2014,69,1.0,Quantile,2,265,51
2014,69,1.0,Quantile,3,266,59
2014,69,1.0,Quantile,4,265,100
2014,69,1.0,Quantile,5,266,90
2014,69,1.0,Quantile,6,265,121
2014,69,1.0,Quantile,7,266,102
2014,69,1.0,Quantile,8,265,117
2014,69,1.0,Quantile,9,266,124
2014,69,1.0,Quantile,10,265,166
2014,69,1.0,Quantile,11,266,150
2014,69,1.0,Quantile,12,265,176
2014,69,1.0,Quantile,13,266,180
2014,69,1.0,Quantile,14,265,190
2014,69,1.0,Quantile,15,266,225
2014,69,1.0,Quantile,16,265,223
2014,69,0.05,EW,1,0,0
2014,69,0.05,EW,2,0,0
2014,69,0.05,EW,3,1,1
2014,69,0.05,EW,4,3,0
2014,69,0.05,EW,5,59,48
2014,69,0.05,EW,6,530,243
2014,69,0.05,EW,7,1238,649
2014,69,0.05,EW,8,1464,731
2014,69,0.05,EW,9,740,351
2014,69,0.05,EW,10,197,97
2014,69,0.05,EW,11,16,4
2014,69,0.05,EW,12,0,0
2014,69,0.05,EW,13,0,0
2014,69,0.05,EW,14,0,0
2014,69,0.05,EW,15,0,0
2014,69,0.05,EW,16,0,0
2014,69,0.05,Quantile,1,266,129
2014,69,0.05,Quantile,2,265,124
2014,69,0.05,Quantile,3,266,153
2014,69,0.05,Quantile,4,265,137
2014,69,0.05,Quantile,5,266,122
2014,69,0.05,Quantile,6,265,145
2014,69,0.05,Quantile,7,266,145
2014,69,0.05,Quantile,8,265,136
2014,69,0.05,Quantile,9,266,117
2014,69,0.05,Quantile,10,265,141
2014,69,0.05,Quantile,11,266,143
2014,69,0.05,Quantile,12,265,124
2014,69,0.05,Quantile,13,266,138
2014,69,0.05,Quantile,14,265,120
2014,69,0.05,Quantile,15,266,116
2014,69,0.05,Quantile,16,265,134
2014,70,1.0,EW,1,0,0
2014,70,1.0,EW,2,1,0
2014,70,1.0,EW,3,53,8
2014,70,1.0,EW,4,235,31
2014,70,1.0,EW,5,373,76
2014,70,1.0,EW,6,572,206
2014,70,1.0,EW,7,819,331
2014,70,1.0,EW,8,785,431
2014,70,1.0,EW,9,573,385
2014,70,1.0,EW,10,409,307
2014,70,1.0,EW,11,243,194
2014,70,1.0,EW,12,98,82
2014,70,1.0,EW,13,74,62
2014,70,1.0,EW,14,13,11
2014,70,1.0,EW,15,0,0
2014,70,1.0,EW,16,0,0
2014,70,1.0,Quantile,1,266,35
2014,70,1.0,Quantile,2,265,48
2014,70,1.0,Quantile,3,266,66
2014,70,1.0,Quantile,4,265,99
2014,70,1.0,Quantile,5,266,111
2014,70,1.0,Quantile,6,265,108
2014,70,1.0,Quantile,7,266,92
2014,70,1.0,Quantile,8,265,133
2014,70,1.0,Quantile,9,266,158
2014,70,1.0,Quantile,10,265,135
2014,70,1.0,Quantile,11,266,149
2014,70,1.0,Quantile,12,265,186
2014,70,1.0,Quantile,13,266,175
2014,70,1.0,Quantile,14,265,214
2014,70,1.0,Quantile,15,266,195
2014,70,1.0,Quantile,16,265,220
2014,70,0.05,EW,1,0,0
2014,70,0.05,EW,2,0,0
2014,70,0.05,EW,3,0,0
2014,70,0.05,EW,4,10,9
2014,70,0.05,EW,5,104,35
2014,70,0.05,EW,6,491,244
2014,70,0.05,EW,7,1239,661
2014,70,0.05,EW,8,1411,702
2014,70,0.05,EW,9,806,410
2014,70,0.05,EW,10,174,63
2014,70,0.05,EW,11,13,0
2014,70,0.05,EW,12,0,0
2014,70,0.05,EW,13,0,0
2014,70,0.05,EW,14,0,0
2014,70,0.05,EW,15,0,0
2014,70,0.05,EW,16,0,0
2014,70,0.05,Quantile,1,266,130
2014,70,0.05,Quantile,2,265,119
2014,70,0.05,Quantile,3,266,120
2014,70,0.05,Quantile,4,265,150
2014,70,0.05,Quantile,5,266,157
2014,70,0.05,Quantile,6,265,155
2014,70,0.05,Quantile,7,266,125
2014,70,0.05,Quantile,8,265,142
2014,70,0.05,Quantile,9,266,138
2014,70,0.05,Quantile,10,265,130
2014,70,0.05,Quantile,11,266,127
2014,70,0.05,Quantile,12,265,130
2014,70,0.05,Quantile,13,266,114
2014,70,0.05,Quantile,14,265,138
2014,70,0.05,Quantile,15,266,154
2014,70,0.05,Quantile,16,265,95
2014,71,1.0,EW,1,0,0
2014,71,1.0,EW,2,16,0
2014,71,1.0,EW,3,54,5
2014,71,1.0,EW,4,188,33
2014,71,1.0,EW,5,460,105
2014,71,1.0,EW,6,724,193
2014,71,1.0,EW,7,628,266
2014,71,1.0,EW,8,692,401
2014,71,1.0,EW,9,566,393
2014,71,1.0,EW,10,429,318
2014,71,1.0,EW,11,288,234
2014,71,1.0,EW,12,141,125
2014,71,1.0,EW,13,25,20
2014,71,1.0,EW,14,22,22
2014,71,1.0,EW,15,13,9
2014,71,1.0,EW,16,2,0
2014,71,1.0,Quantile,1,266,40
2014,71,1.0,Quantile,2,265,61
2014,71,1.0,Quantile,3,266,68
2014,71,1.0,Quantile,4,265,51
2014,71,1.0,Quantile,5,266,78
2014,71,1.0,Quantile,6,265,101
2014,71,1.0,Quantile,7,266,98
2014,71,1.0,Quantile,8,265,138
2014,71,1.0,Quantile,9,266,161
2014,71,1.0,Quantile,10,265,144
2014,71,1.0,Quantile,11,266,169
2014,71,1.0,Quantile,12,265,190
2014,71,1.0,Quantile,13,266,192
2014,71,1.0,Quantile,14,265,190
2014,71,1.0,Quantile,15,266,224
2014,71,1.0,Quantile,16,265,219
2014,71,0.05,EW,1,0,0
2014,71,0.05,EW,2,0,0
2014,71,0.05,EW,3,0,0
2014,71,0.05,EW,4,9,1
2014,71,0.05,EW,5,97,43
2014,71,0.05,EW,6,421,198
2014,71,0.05,EW,7,1232,663
2014,71,0.05,EW,8,1630,818
2014,71,0.05,EW,9,693,330
2014,71,0.05,EW,10,163,71
2014,71,0.05,EW,11,3,0
2014,71,0.05,EW,12,0,0
2014,71,0.05,EW,13,0,0
2014,71,0.05,EW,14,0,0
2014,71,0.05,EW,15,0,0
2014,71,0.05,EW,16,0,0
2014,71,0.05,Quantile,1,266,115
2014,71,0.05,Quantile,2,265,129
2014,71,0.05,Quantile,3,266,156
2014,71,0.05,Quantile,4,265,154
2014,71,0.05,Quantile,5,266,138
2014,71,0.05,Quantile,6,265,129
2014,71,0.05,Quantile,7,266,147
2014,71,0.05,Quantile,8,265,164
2014,71,0.05,Quantile,9,266,132
2014,71,0.05,Quantile,10,265,111
2014,71,0.05,Quantile,11,266,131
2014,71,0.05,Quantile,12,265,126
2014,71,0.05,Quantile,13,266,130
2014,71,0.05,Quantile,14,265,117
2014,71,0.05,Quantile,15,266,127
2014,71,0.05,Quantile,16,265,118
2014,72,1.0,EW,1,2,0
2014,72,1.0,EW,2,25,1
2014,72,1.0,EW,3,32,8
2014,72,1.0,EW,4,177,30
2014,72,1.0,EW,5,449,114
2014,72,1.0,EW,6,707,210
2014,72,1.0,EW,7,703,289
2014,72,1.0,EW,8,711,386
2014,72,1.0,EW,9,536,376
2014,72,1.0,EW,10,411,304
2014,72,1.0,EW,11,291,239
2014,72,1.0,EW,12,156,126
2014,72,1.0,EW,13,32,28
2014,72,1.0,EW,14,5,4
2014,72,1.0,EW,15,9,9
2014,72,1.0,EW,16,2,0
2014,72,1.0,Quantile,1,266,46
2014,72,1.0,Quantile,2,265,73
2014,72,1.0,Quantile,3,266,63
2014,72,1.0,Quantile,4,265,71
2014,72,1.0,Quantile,5,266,87
2014,72,1.0,Quantile,6,265,85
2014,72,1.0,Quantile,7,266,103
2014,72,1.0,Quantile,8,265,138
2014,72,1.0,Quantile,9,266,134
2014,72,1.0,Quantile,10,265,146
2014,72,1.0,Quantile,11,266,169
2014,72,1.0,Quantile,12,265,179
2014,72,1.0,Quantile,13,266,206
2014,72,1.0,Quantile,14,265,191
2014,72,1.0,Quantile,15,266,216
2014,72,1.0,Quantile,16,265,217
2014,72,0.05,EW,1,0,0
2014,72,0.05,EW,2,0,0
2014,72,0.05,EW,3,0,0
2014,72,0.05,EW,4,5,5
2014,72,0.05,EW,5,59,24
2014,72,0.05,EW,6,487,289
2014,72,0.05,EW,7,1386,655
2014,72,0.05,EW,8,1386,652
2014,72,0.05,EW,9,680,370
2014,72,0.05,EW,10,209,107
2014,72,0.05,EW,11,34,22
2014,72,0.05,EW,12,2,0
2014,72,0.05,EW,13,0,0
2014,72,0.05,EW,14,0,0
2014,72,0.05,EW,15,0,0
2014,72,0.05,EW,16,0,0
2014,72,0.05,Quantile,1,266,169
2014,72,0.05,Quantile,2,265,142
2014,72,0.05,Quantile,3,266,136
2014,72,0.05,Quantile,4,265,110
2014,72,0.05,Quantile,5,266,117
2014,72,0.05,Quantile,6,265,126
2014,72,0.05,Quantile,7,266,134
2014,72,0.05,Quantile,8,265,129
2014,72,0.05,Quantile,9,266,133
2014,72,0.05,Quantile,10,265,137
2014,72,0.05,Quantile,11,266,103
2014,72,0.05,Quantile,12,265,122
2014,72,0.05,Quantile,13,266,151
2014,72,0.05,Quantile,14,265,144
2014,72,0.05,Quantile,15,266,130
2014,72,0.05,Quantile,16,265,141
2014,73,1.0,EW,1,0,0
2014,73,1.0,EW,2,13,0
2014,73,1.0,EW,3,41,6
2014,73,1.0,EW,4,210,44
2014,73,1.0,EW,5,492,98
2014,73,1.0,EW,6,618,192
2014,73,1.0,EW,7,693,309
2014,73,1.0,EW,8,668,366
2014,73,1.0,EW,9,686,465
2014,73,1.0,EW,10,374,283
2014,73,1.0,EW,11,199,149
2014,73,1.0,EW,12,175,153
2014,73,1.0,EW,13,76,59
2014,73,1.0,EW,14,3,0
2014,73,1.0,EW,15,0,0
2014,73,1.0,EW,16,0,0
2014,73,1.0,Quantile,1,266,50
2014,73,1.0,Quantile,2,265,46
2014,73,1.0,Quantile,3,266,60
2014,73,1.0,Quantile,4,265,67
2014,73,1.0,Quantile,5,266,100
2014,73,1.0,Quantile,6,265,73
2014,73,1.0,Quantile,7,266,126
2014,73,1.0,Quantile,8,265,156
2014,73,1.0,Quantile,9,266,130
2014,73,1.0,Quantile,10,265,159
2014,73,1.0,Quantile,11,266,168
2014,73,1.0,Quantile,12,265,201
2014,73,1.0,Quantile,13,266,162
2014,73,1.0,Quantile,14,265,196
2014,73,1.0,Quantile,15,266,207
2014,73,1.0,Quantile,16,265,223
2014,73,0.05,EW,1,0,0
2014,73,0.05,EW,2,0,0
2014,73,0.05,EW,3,0,0
2014,73,0.05,EW,4,19,5
2014,73,0.05,EW,5,78,41
2014,73,0.05,EW,6,502,276
2014,73,0.05,EW,7,1288,591
2014,73,0.05,EW,8,1336,702
2014,73,0.05,EW,9,806,407
2014,73,0.05,EW,10,206,96
2014,73,0.05,EW,11,13,6
2014,73,0.05,EW,12,0,0
2014,73,0.05,EW,13,0,0
2014,73,0.05,EW,14,0,0
2014,73,0.05,EW,15,0,0
2014,73,0.05,EW,16,0,0
2014,73,0.05,Quantile,1,266,144
2014,73,0.05,Quantile,2,265,141
2014,73,0.05,Quantile,3,266,147
2014,73,0.05,Quantile,4,265,114
2014,73,0.05,Quantile,5,266,99
2014,73,0.05,Quantile,6,265,119
2014,73,0.05,Quantile,7,266,133
2014,73,0.05,Quantile,8,265,133
2014,73,0.05,Quantile,9,266,124
2014,73,0.05,Quantile,10,265,150
2014,73,0.05,Quantile,11,266,146
2014,73,0.05,Quantile,12,265,145
2014,73,0.05,Quantile,13,266,130
2014,73,0.05,Quantile,14,265,147
2014,73,0.05,Quantile,15,266,129
2014,73,0.05,Quantile,16,265,123
2014,74,1.0,EW,1,0,0
2014,74,1.0,EW,2,18,2
2014,74,1.0,EW,3,60,7
2014,74,1.0,EW,4,161,21
2014,74,1.0,EW,5,466,106
2014,74,1.0,EW,6,610,176
2014,74,1.0,EW,7,711,334
2014,74,1.0,EW,8,747,397
2014,74,1.0,EW,9,619,429
2014,74,1.0,EW,10,448,332
2014,74,1.0,EW,11,213,155
2014,74,1.0,EW,12,124,107
2014,74,1.0,EW,13,61,49
2014,74,1.0,EW,14,10,9
2014,74,1.0,EW,15,0,0
2014,74,1.0,EW,16,0,0
2014,74,1.0,Quantile,1,266,37
2014,74,1.0,Quantile,2,265,65
2014,74,1.0,Quantile,3,266,60
2014,74,1.0,Quantile,4,265,64
2014,74,1.0,Quantile,5,266,91
2014,74,1.0,Quantile,6,265,117
2014,74,1.0,Quantile,7,266,123
2014,74,1.0,Quantile,8,265,144
2014,74,1.0,Quantile,9,266,108
2014,74,1.0,Quantile,10,265,154
2014,74,1.0,Quantile,11,266,171
2014,74,1.0,Quantile,12,265,176
2014,74,1.0,Quantile,13,266,199
2014,74,1.0,Quantile,14,265,195
2014,74,1.0,Quantile,15,266,197
2014,74,1.0,Quantile,16,265,223
2014,74,0.05,EW,1,0,0
2014,74,0.05,EW,2,0,0
2014,74,0.05,EW,3,0,0
2014,74,0.05,EW,4,3,3
2014,74,0.05,EW,5,88,45
2014,74,0.05,EW,6,486,218
2014,74,0.05,EW,7,1326,684
2014,74,0.05,EW,8,1408,722
2014,74,0.05,EW,9,697,352
2014,74,0.05,EW,10,209,84
2014,74,0.05,EW,11,29,16
2014,74,0.05,EW,12,2,0
2014,74,0.05,EW,13,0,0
2014,74,0.05,EW,14,0,0
2014,74,0.05,EW,15,0,0
2014,74,0.05,EW,16,0,0
2014,74,0.05,Quantile,1,266,127
2014,74,0.05,Quantile,2,265,110
2014,74,0.05,Quantile,3,266,166
2014,74,0.05,Quantile,4,265,142
2014,74,0.05,Quantile,5,266,135
2014,74,0.05,Quantile,6,265,123
2014,74,0.05,Quantile,7,266,127
2014,74,0.05,Quantile,8,265,137
2014,74,0.05,Quantile,9,266,130
2014,74,0.05,Quantile,10,265,130
2014,74,0.05,Quantile,11,266,129
2014,74,0.05,Quantile,12,265,145
2014,74,0.05,Quantile,13,266,133
2014,74,0.05,Quantile,14,265,114
2014,74,0.05,Quantile,15,266,162
2014,74,0.05,Quantile,16,265,114
2014,75,1.0,EW,1,0,0
2014,75,1.0,EW,2,14,1
2014,75,1.0,EW,3,77,11
2014,75,1.0,EW,4,152,38
2014,75,1.0,EW,5,495,102
2014,75,1.0,EW,6,641,184
2014,75,1.0,EW,7,715,294
2014,75,1.0,EW,8,632,345
2014,75,1.0,EW,9,540,380
2014,75,1.0,EW,10,522,408
2014,75,1.0,EW,11,269,200
2014,75,1.0,EW,12,153,131
2014,75,1.0,EW,13,24,18
2014,75,1.0,EW,14,14,12
2014,75,1.0,EW,15,0,0
2014,75,1.0,EW,16,0,0
2014,75,1.0,Quantile,1,266,59
2014,75,1.0,Quantile,2,265,44
2014,75,1.0,Quantile,3,266,62
2014,75,1.0,Quantile,4,265,61
2014,75,1.0,Quantile,5,266,97
2014,75,1.0,Quantile,6,265,93
2014,75,1.0,Quantile,7,266,100
2014,75,1.0,Quantile,8,265,122
2014,75,1.0,Quantile,9,266,129
2014,75,1.0,Quantile,10,265,161
2014,75,1.0,Quantile,11,266,191
2014,75,1.0,Quantile,12,265,174
2014,75,1.0,Quantile,13,266,218
2014,75,1.0,Quantile,14,265,193
2014,75,1.0,Quantile,15,266,203
2014,75,1.0,Quantile,16,265,217
2014,75,0.05,EW,1,0,0
2014,75,0.05,EW,2,0,0
2014,75,0.05,EW,3,0,0
2014,75,0.05,EW,4,6,6
2014,75,0.05,EW,5,78,24
2014,75,0.05,EW,6,432,250
2014,75,0.05,EW,7,1421,720
2014,75,0.05,EW,8,1429,701
2014,75,0.05,EW,9,672,303
2014,75,0.05,EW,10,172,104
2014,75,0.05,EW,11,35,16
2014,75,0.05,EW,12,3,0
2014,75,0.05,EW,13,0,0
2014,75,0.05,EW,14,0,0
2014,75,0.05,EW,15,0,0
2014,75,0.05,EW,16,0,0
2014,75,0.05,Quantile,1,266,130
2014,75,0.05,Quantile,2,265,161
2014,75,0.05,Quantile,3,266,147
2014,75,0.05,Quantile,4,265,145
2014,75,0.05,Quantile,5,266,131
2014,75,0.05,Quantile,6,265,119
2014,75,0.05,Quantile,7,266,130
2014,75,0.05,Quantile,8,265,122
2014,75,0.05,Quantile,9,266,123
2014,75,0.05,Quantile,10,265,122
2014,75,0.05,Quantile,11,266,146
2014,75,0.05,Quantile,12,265,146
2014,75,0.05,Quantile,13,266,127
2014,75,0.05,Quantile,14,265,127
2014,75,0.05,Quantile,15,266,109
2014,75,0.05,Quantile,16,265,139
2014,76,1.0,EW,1,0,0
2014,76,1.0,EW,2,9,0
2014,76,1.0,EW,3,59,4
2014,76,1.0,EW,4,218,40
2014,76,1.0,EW,5,420,82
2014,76,1.0,EW,6,620,203
2014,76,1.0,EW,7,782,300
2014,76,1.0,EW,8,682,421
2014,76,1.0,EW,9,538,339
2014,76,1.0,EW,10,422,313
2014,76,1.0,EW,11,290,252
2014,76,1.0,EW,12,161,130
2014,76,1.0,EW,13,33,26
2014,76,1.0,EW,14,14,14
2014,76,1.0,EW,15,0,0
2014,76,1.0,EW,16,0,0
2014,76,1.0,Quantile,1,266,40
2014,76,1.0,Quantile,2,265,34
2014,76,1.0,Quantile,3,266,76
2014,76,1.0,Quantile,4,265,74
2014,76,1.0,Quantile,5,266,106
2014,76,1.0,Quantile,6,265,99
2014,76,1.0,Quantile,7,266,107
2014,76,1.0,Quantile,8,265,101
2014,76,1.0,Quantile,9,266,152
2014,76,1.0,Quantile,10,265,183
2014,76,1.0,Quantile,11,266,168
2014,76,1.0,Quantile,12,265,155
2014,76,1.0,Quantile,13,266,186
2014,76,1.0,Quantile,14,265,192
2014,76,1.0,Quantile,15,266,233
2014,76,1.0,Quantile,16,265,218
2014,76,0.05,EW,1,0,0
2014,76,0.05,EW,2,0,0
2014,76,0.05,EW,3,0,0
2014,76,0.05,EW,4,11,6
2014,76,0.05,EW,5,79,43
2014,76,0.05,EW,6,530,265
2014,76,0.05,EW,7,1291,606
2014,76,0.05,EW,8,1310,694
2014,76,0.05,EW,9,816,415
2014,76,0.05,EW,10,192,84
2014,76,0.05,EW,11,18,11
2014,76,0.05,EW,12,1,0
2014,76,0.05,EW,13,0,0
2014,76,0.05,EW,14,0,0
2014,76,0.05,EW,15,0,0
2014,76,0.05,EW,16,0,0
2014,76,0.05,Quantile,1,266,120
2014,76,0.05,Quantile,2,265,143
2014,76,0.05,Quantile,3,266,146
2014,76,0.05,Quantile,4,265,137
2014,76,0.05,Quantile,5,266,125
2014,76,0.05,Quantile,6,265,112
2014,76,0.05,Quantile,7,266,119
2014,76,0.05,Quantile,8,265,118
2014,76,0.05,Quantile,9,266,128
2014,76,0.05,Quantile,10,265,153
2014,76,0.05,Quantile,11,266,158
2014,76,0.05,Quantile,12,265,140
2014,76,0.05,Quantile,13,266,134
2014,76,0.05,Quantile,14,265,142
2014,76,0.05,Quantile,15,266,133
2014,76,0.05,Quantile,16,265,116
2014,77,1.0,EW,1,0,0
2014,77,1.0,EW,2,4,3
2014,77,1.0,EW,3,77,6
2014,77,1.0,EW,4,174,31
2014,77,1.0,EW,5,425,110
2014,77,1.0,EW,6,724,209
2014,77,1.0,EW,7,694,313
2014,77,1.0,EW,8,720,399
2014,77,1.0,EW,9,552,342
2014,77,1.0,EW,10,357,260
2014,77,1.0,EW,11,283,245
2014,77,1.0,EW,12,169,149
2014,77,1.0,EW,13,60,51
2014,77,1.0,EW,14,9,6
2014,77,1.0,EW,15,0,0
2014,77,1.0,EW,16,0,0
2014,77,1.0,Quantile,1,266,42
2014,77,1.0,Quantile,2,265,65
2014,77,1.0,Quantile,3,266,85
2014,77,1.0,Quantile,4,265,69
2014,77,1.0,Quantile,5,266,72
2014,77,1.0,Quantile,6,265,86
2014,77,1.0,Quantile,7,266,105
2014,77,1.0,Quantile,8,265,160
2014,77,1.0,Quantile,9,266,115
2014,77,1.0,Quantile,10,265,175
2014,77,1.0,Quantile,11,266,167
2014,77,1.0,Quantile,12,265,142
2014,77,1.0,Quantile,13,266,193
2014,77,1.0,Quantile,14,265,189
2014,77,1.0,Quantile,15,266,227
2014,77,1.0,Quantile,16,265,232
2014,77,0.05,EW,1,0,0
2014,77,0.05,EW,2,0,0
2014,77,0.05,EW,3,0,0
2014,77,0.05,EW,4,15,6
2014,77,0.05,EW,5,102,42
2014,77,0.05,EW,6,502,261
2014,77,0.05,EW,7,1226,606
2014,77,0.05,EW,8,1441,726
2014,77,0.05,EW,9,729,364
2014,77,0.05,EW,10,169,79
2014,77,0.05,EW,11,59,39
2014,77,0.05,EW,12,5,1
2014,77,0.05,EW,13,0,0
2014,77,0.05,EW,14,0,0
2014,77,0.05,EW,15,0,0
2014,77,0.05,EW,16,0,0
2014,77,0.05,Quantile,1,266,124
2014,77,0.05,Quantile,2,265,129
2014,77,0.05,Quantile,3,266,144
2014,77,0.05,Quantile,4,265,119
2014,77,0.05,Quantile,5,266,135
2014,77,0.05,Quantile,6,265,122
2014,77,0.05,Quantile,7,266,146
2014,77,0.05,Quantile,8,265,131
2014,77,0.05,Quantile,9,266,141
2014,77,0.05,Quantile,10,265,117
2014,77,0.05,Quantile,11,266,154
2014,77,0.05,Quantile,12,265,128
2014,77,0.05,Quantile,13,266,134
2014,77,0.05,Quantile,14,265,144
2014,77,0.05,Quantile,15,266,121
2014,77,0.05,Quantile,16,265,135
2014,78,1.0,EW,1,12,0
2014,78,1.0,EW,2,23,0
2014,78,1.0,EW,3,15,5
2014,78,1.0,EW,4,194,30
2014,78,1.0,EW,5,312,80
2014,78,1.0,EW,6,723,239
2014,78,1.0,EW,7,802,316
2014,78,1.0,EW,8,690,361
2014,78,1.0,EW,9,678,486
2014,78,1.0,EW,10,425,311
2014,78,1.0,EW,11,207,161
2014,78,1.0,EW,12,104,80
2014,78,1.0,EW,13,43,37
2014,78,1.0,EW,14,15,15
2014,78,1.0,EW,15,5,3
2014,78,1.0,EW,16,0,0
2014,78,1.0,Quantile,1,266,40
2014,78,1.0,Quantile,2,265,64
2014,78,1.0,Quantile,3,266,99
2014,78,1.0,Quantile,4,265,84
2014,78,1.0,Quantile,5,266,87
2014,78,1.0,Quantile,6,265,86
2014,78,1.0,Quantile,7,266,115
2014,78,1.0,Quantile,8,265,114
2014,78,1.0,Quantile,9,266,137
2014,78,1.0,Quantile,10,265,125
2014,78,1.0,Quantile,11,266,183
2014,78,1.0,Quantile,12,265,194
2014,78,1.0,Quantile,13,266,192
2014,78,1.0,Quantile,14,265,192
2014,78,1.0,Quantile,15,266,197
2014,78,1.0,Quantile,16,265,215
2014,78,0.05,EW,1,0,0
2014,78,0.05,EW,2,0,0
2014,78,0.05,EW,3,0,0
2014,78,0.05,EW,4,16,5
2014,78,0.05,EW,5,88,42
2014,78,0.05,EW,6,507,254
2014,78,0.05,EW,7,1280,660
2014,78,0.05,EW,8,1374,701
2014,78,0.05,EW,9,701,328
2014,78,0.05,EW,10,260,130
2014,78,0.05,EW,11,22,4
2014,78,0.05,EW,12,0,0
2014,78,0.05,EW,13,0,0
2014,78,0.05,EW,14,0,0
2014,78,0.05,EW,15,0,0
2014,78,0.05,EW,16,0,0
2014,78,0.05,Quantile,1,266,126
2014,78,0.05,Quantile,2,265,134
2014,78,0.05,Quantile,3,266,137
2014,78,0.05,Quantile,4,265,128
2014,78,0.05,Quantile,5,266,128
2014,78,0.05,Quantile,6,265,133
2014,78,0.05,Quantile,7,266,154
2014,78,0.05,Quantile,8,265,129
2014,78,0.05,Quantile,9,266,120
2014,78,0.05,Quantile,10,265,140
2014,78,0.05,Quantile,11,266,153
2014,78,0.05,Quantile,12,265,140
2014,78,0.05,Quantile,13,266,117
2014,78,0.05,Quantile,14,265,110
2014,78,0.05,Quantile,15,266,149
2014,78,0.05,Quantile,16,265,126
2014,79,1.0,EW,1,0,0
2014,79,1.0,EW,2,16,2
2014,79,1.0,EW,3,54,5
2014,79,1.0,EW,4,165,39
2014,79,1.0,EW,5,436,92
2014,79,1.0,EW,6,597,182
2014,79,1.0,EW,7,824,366
2014,79,1.0,EW,8,774,434
2014,79,1.0,EW,9,577,373
2014,79,1.0,EW,10,327,245
2014,79,1.0,EW,11,249,202
2014,79,1.0,EW,12,157,124
2014,79,1.0,EW,13,54,45
2014,79,1.0,EW,14,18,15
2014,79,1.0,EW,15,0,0
2014,79,1.0,EW,16,0,0
2014,79,1.0,Quantile,1,266,51
2014,79,1.0,Quantile,2,265,49
2014,79,1.0,Quantile,3,266,74
2014,79,1.0,Quantile,4,265,80
2014,79,1.0,Quantile,5,266,94
2014,79,1.0,Quantile,6,265,106
2014,79,1.0,Quantile,7,266,108
2014,79,1.0,Quantile,8,265,134
2014,79,1.0,Quantile,9,266,134
2014,79,1.0,Quantile,10,265,145
2014,79,1.0,Quantile,11,266,180
2014,79,1.0,Quantile,12,265,168
2014,79,1.0,Quantile,13,266,178
2014,79,1.0,Quantile,14,265,202
2014,79,1.0,Quantile,15,266,205
2014,79,1.0,Quantile,16,265,216
2014,79,0.05,EW,1,0,0
2014,79,0.05,EW,2,0,0
2014,79,0.05,EW,3,0,0
2014,79,0.05,EW,4,4,4
2014,79,0.05,EW,5,119,54
2014,79,0.05,EW,6,549,230
2014,79,0.05,EW,7,1119,559
2014,79,0.05,EW,8,1497,822
2014,79,0.05,EW,9,763,368
2014,79,0.05,EW,10,160,71
2014,79,0.05,EW,11,24,10
2014,79,0.05,EW,12,8,6
2014,79,0.05,EW,13,5,0
2014,79,0.05,EW,14,0,0
2014,79,0.05,EW,15,0,0
2014,79,0.05,EW,16,0,0
2014,79,0.05,Quantile,1,266,126
2014,79,0.05,Quantile,2,265,108
2014,79,0.05,Quantile,3,266,110
2014,79,0.05,Quantile,4,265,133
2014,79,0.05,Quantile,5,266,135
2014,79,0.05,Quantile,6,265,136
2014,79,0.05,Quantile,7,266,140
2014,79,0.05,Quantile,8,265,148
2014,79,0.05,Quantile,9,266,143
2014,79,0.05,Quantile,10,265,137
2014,79,0.05,Quantile,11,266,162
2014,79,0.05,Quantile,12,265,143
2014,79,0.05,Quantile,13,266,125
2014,79,0.05,Quantile,14,265,144
2014,79,0.05,Quantile,15,266,116
2014,79,0.05,Quantile,16,265,118
2014,80,1.0,EW,1,0,0
2014,80,1.0,EW,2,1,0
2014,80,1.0,EW,3,96,17
2014,80,1.0,EW,4,250,28
2014,80,1.0,EW,5,444,77
2014,80,1.0,EW,6,500,172
2014,80,1.0,EW,7,712,289
2014,80,1.0,EW,8,656,393
2014,80,1.0,EW,9,659,419
2014,80,1.0,EW,10,500,389
2014,80,1.0,EW,11,278,222
2014,80,1.0,EW,12,112,95
2014,80,1.0,EW,13,28,12
2014,80,1.0,EW,14,12,11
2014,80,1.0,EW,15,0,0
2014,80,1.0,EW,16,0,0
2014,80,1.0,Quantile,1,266,31
2014,80,1.0,Quantile,2,265,37
2014,80,1.0,Quantile,3,266,55
2014,80,1.0,Quantile,4,265,87
2014,80,1.0,Quantile,5,266,98
2014,80,1.0,Quantile,6,265,97
2014,80,1.0,Quantile,7,266,122
2014,80,1.0,Quantile,8,265,121
2014,80,1.0,Quantile,9,266,154
2014,80,1.0,Quantile,10,265,171
2014,80,1.0,Quantile,11,266,177
2014,80,1.0,Quantile,12,265,164
2014,80,1.0,Quantile,13,266,180
2014,80,1.0,Quantile,14,265,221
2014,80,1.0,Quantile,15,266,201
2014,80,1.0,Quantile,16,265,208
2014,80,0.05,EW,1,0,0
2014,80,0.05,EW,2,0,0
2014,80,0.05,EW,3,0,0
2014,80,0.05,EW,4,0,0
2014,80,0.05,EW,5,53,35
2014,80,0.05,EW,6,521,264
2014,80,0.05,EW,7,1289,633
2014,80,0.05,EW,8,1473,771
2014,80,0.05,EW,9,712,344
2014,80,0.05,EW,10,180,72
2014,80,0.05,EW,11,20,5
2014,80,0.05,EW,12,0,0
2014,80,0.05,EW,13,0,0
2014,80,0.05,EW,14,0,0
2014,80,0.05,EW,15,0,0
2014,80,0.05,EW,16,0,0
2014,80,0.05,Quantile,1,266,153
2014,80,0.05,Quantile,2,265,126
2014,80,0.05,Quantile,3,266,110
2014,80,0.05,Quantile,4,265,129
2014,80,0.05,Quantile,5,266,144
2014,80,0.05,Quantile,6,265,143
2014,80,0.05,Quantile,7,266,126
2014,80,0.05,Quantile,8,265,166
2014,80,0.05,Quantile,9,266,135
2014,80,0.05,Quantile,10,265,133
2014,80,0.05,Quantile,11,266,128
2014,80,0.05,Quantile,12,265,119
2014,80,0.05,Quantile,13,266,151
2014,80,0.05,Quantile,14,265,123
2014,80,0.05,Quantile,15,266,129
2014,80,0.05,Quantile,16,265,109
2014,81,1.0,EW,1,0,0
2014,81,1.0,EW,2,11,1
2014,81,1.0,EW,3,28,9
2014,81,1.0,EW,4,227,38
2014,81,1.0,EW,5,445,94
2014,81,1.0,EW,6,669,241
2014,81,1.0,EW,7,750,299
2014,81,1.0,EW,8,663,333
2014,81,1.0,EW,9,509,361
2014,81,1.0,EW,10,483,371
2014,81,1.0,EW,11,243,183
2014,81,1.0,EW,12,144,131
2014,81,1.0,EW,13,58,50
2014,81,1.0,EW,14,18,13
2014,81,1.0,EW,15,0,0
2014,81,1.0,EW,16,0,0
2014,81,1.0,Quantile,1,266,48
2014,81,1.0,Quantile,2,265,60
2014,81,1.0,Quantile,3,266,63
2014,81,1.0,Quantile,4,265,78
2014,81,1.0,Quantile,5,266,116
2014,81,1.0,Quantile,6,265,81
2014,81,1.0,Quantile,7,266,104
2014,81,1.0,Quantile,8,265,129
2014,81,1.0,Quantile,9,266,111
2014,81,1.0,Quantile,10,265,146
2014,81,1.0,Quantile,11,266,167
2014,81,1.0,Quantile,12,265,190
2014,81,1.0,Quantile,13,266,195
2014,81,1.0,Quantile,14,265,208
2014,81,1.0,Quantile,15,266,199
2014,81,1.0,Quantile,16,265,229
2014,81,0.05,EW,1,0,0
2014,81,0.05,EW,2,0,0
2014,81,0.05,EW,3,0,0
2014,81,0.05,EW,4,9,4
2014,81,0.05,EW,5,101,49
2014,81,0.05,EW,6,414,224
2014,81,0.05,EW,7,1315,679
2014,81,0.05,EW,8,1470,710
2014,81,0.05,EW,9,768,385
2014,81,0.05,EW,10,162,71
2014,81,0.05,EW,11,9,2
2014,81,0.05,EW,12,0,0
2014,81,0.05,EW,13,0,0
2014,81,0.05,EW,14,0,0
2014,81,0.05,EW,15,0,0
2014,81,0.05,EW,16,0,0
2014,81,0.05,Quantile,1,266,121
2014,81,0.05,Quantile,2,265,160
2014,81,0.05,Quantile,3,266,157
2014,81,0.05,Quantile,4,265,123
2014,81,0.05,Quantile,5,266,129
2014,81,0.05,Quantile,6,265,137
2014,81,0.05,Quantile,7,266,142
2014,81,0.05,Quantile,8,265,134
2014,81,0.05,Quantile,9,266,140
2014,81,0.05,Quantile,10,265,129
2014,81,0.05,Quantile,11,266,113
2014,81,0.05,Quantile,12,265,118
2014,81,0.05,Quantile,13,266,136
2014,81,0.05,Quantile,14,265,124
2014,81,0.05,Quantile,15,266,139
2014,81,0.05,Quantile,16,265,122
2014,82,1.0,EW,1,0,0
2014,82,1.0,EW,2,1,1
2014,82,1.0,EW,3,49,10
2014,82,1.0,EW,4,229,27
2014,82,1.0,EW,5,361,74
2014,82,1.0,EW,6,595,207
2014,82,1.0,EW,7,820,348
2014,82,1.0,EW,8,785,421
2014,82,1.0,EW,9,641,450
2014,82,1.0,EW,10,314,215
2014,82,1.0,EW,11,242,197
2014,82,1.0,EW,12,174,143
2014,82,1.0,EW,13,36,31
2014,82,1.0,EW,14,1,0
2014,82,1.0,EW,15,0,0
2014,82,1.0,EW,16,0,0
2014,82,1.0,Quantile,1,266,37
2014,82,1.0,Quantile,2,265,48
2014,82,1.0,Quantile,3,266,82
2014,82,1.0,Quantile,4,265,97
2014,82,1.0,Quantile,5,266,89
2014,82,1.0,Quantile,6,265,101
2014,82,1.0,Quantile,7,266,116
2014,82,1.0,Quantile,8,265,136
2014,82,1.0,Quantile,9,266,146
2014,82,1.0,Quantile,10,265,132
2014,82,1.0,Quantile,11,266,157
2014,82,1.0,Quantile,12,265,190
2014,82,1.0,Quantile,13,266,191
2014,82,1.0,Quantile,14,265,178
2014,82,1.0,Quantile,15,266,206
2014,82,1.0,Quantile,16,265,218
2014,82,0.05,EW,1,0,0
2014,82,0.05,EW,2,0,0
2014,82,0.05,EW,3,0,0
2014,82,0.05,EW,4,10,4
2014,82,0.05,EW,5,82,35
2014,82,0.05,EW,6,523,281
2014,82,0.05,EW,7,1224,561
2014,82,0.05,EW,8,1400,738
2014,82,0.05,EW,9,816,433
2014,82,0.05,EW,10,177,65
2014,82,0.05,EW,11,16,7
2014,82,0.05,EW,12,0,0
2014,82,0.05,EW,13,0,0
2014,82,0.05,EW,14,0,0
2014,82,0.05,EW,15,0,0
2014,82,0.05,EW,16,0,0
2014,82,0.05,Quantile,1,266,147
2014,82,0.05,Quantile,2,265,133
2014,82,0.05,Quantile,3,266,129
2014,82,0.05,Quantile,4,265,108
2014,82,0.05,Quantile,5,266,138
2014,82,0.05,Quantile,6,265,120
2014,82,0.05,Quantile,7,266,118
2014,82,0.05,Quantile,8,265,134
2014,82,0.05,Quantile,9,266,139
2014,82,0.05,Quantile,10,265,171
2014,82,0.05,Quantile,11,266,119
2014,82,0.05,Quantile,12,265,134
2014,82,0.05,Quantile,13,266,154
2014,82,0.05,Quantile,14,265,148
2014,82,0.05,Quantile,15,266,124
2014,82,0.05,Quantile,16,265,108
2014,83,1.0,EW,1,1,1
2014,83,1.0,EW,2,13,2
2014,83,1.0,EW,3,85,6
2014,83,1.0,EW,4,155,29
2014,83,1.0,EW,5,397,93
2014,83,1.0,EW,6,715,199
2014,83,1.0,EW,7,757,322
2014,83,1.0,EW,8,614,340
2014,83,1.0,EW,9,636,457
2014,83,1.0,EW,10,399,284
2014,83,1.0,EW,11,317,256
2014,83,1.0,EW,12,71,58
2014,83,1.0,EW,13,45,43
2014,83,1.0,EW,14,25,23
2014,83,1.0,EW,15,17,11
2014,83,1.0,EW,16,1,0
2014,83,1.0,Quantile,1,266,41
2014,83,1.0,Quantile,2,265,63
2014,83,1.0,Quantile,3,266,70
2014,83,1.0,Quantile,4,265,68
2014,83,1.0,Quantile,5,266,75
2014,83,1.0,Quantile,6,265,105
2014,83,1.0,Quantile,7,266,117
2014,83,1.0,Quantile,8,265,114
2014,83,1.0,Quantile,9,266,138
2014,83,1.0,Quantile,10,265,152
2014,83,1.0,Quantile,11,266,168
2014,83,1.0,Quantile,12,265,202
2014,83,1.0,Quantile,13,266,198
2014,83,1.0,Quantile,14,265,173
2014,83,1.0,Quantile,15,266,236
2014,83,1.0,Quantile,16,265,204
2014,83,0.05,EW,1,0,0
2014,83,0.05,EW,2,0,0
2014,83,0.05,EW,3,0,0
2014,83,0.05,EW,4,0,0
2014,83,0.05,EW,5,100,53
2014,83,0.05,EW,6,469,213
2014,83,0.05,EW,7,1335,702
2014,83,0.05,EW,8,1414,701
2014,83,0.05,EW,9,706,353
2014,83,0.05,EW,10,201,94
2014,83,0.05,EW,11,23,8
2014,83,0.05,EW,12,0,0
2014,83,0.05,EW,13,0,0
2014,83,0.05,EW,14,0,0
2014,83,0.05,EW,15,0,0
2014,83,0.05,EW,16,0,0
2014,83,0.05,Quantile,1,266,122
2014,83,0.05,Quantile,2,265,124
2014,83,0.05,Quantile,3,266,156
2014,83,0.05,Quantile,4,265,145
2014,83,0.05,Quantile,5,266,151
2014,83,0.05,Quantile,6,265,139
2014,83,0.05,Quantile,7,266,110
2014,83,0.05,Quantile,8,265,118
2014,83,0.05,Quantile,9,266,119
2014,83,0.05,Quantile,10,265,119
2014,83,0.05,Quantile,11,266,144
2014,83,0.05,Quantile,12,265,149
2014,83,0.05,Quantile,13,266,129
2014,83,0.05,Quantile,14,265,130
2014,83,0.05,Quantile,15,266,143
2014,83,0.05,Quantile,16,265,126
2014,84,1.0,EW,1,0,0
2014,84,1.0,EW,2,2,2
2014,84,1.0,EW,3,58,6
2014,84,1.0,EW,4,169,48
2014,84,1.0,EW,5,427,91
2014,84,1.0,EW,6,595,182
2014,84,1.0,EW,7,822,346
2014,84,1.0,EW,8,710,383
2014,84,1.0,EW,9,625,415
2014,84,1.0,EW,10,463,354
2014,84,1.0,EW,11,221,179
2014,84,1.0,EW,12,112,84
2014,84,1.0,EW,13,39,34
2014,84,1.0,EW,14,5,0
2014,84,1.0,EW,15,0,0
2014,84,1.0,EW,16,0,0
2014,84,1.0,Quantile,1,266,61
2014,84,1.0,Quantile,2,265,48
2014,84,1.0,Quantile,3,266,69
2014,84,1.0,Quantile,4,265,74
2014,84,1.0,Quantile,5,266,110
2014,84,1.0,Quantile,6,265,108
2014,84,1.0,Quantile,7,266,122
2014,84,1.0,Quantile,8,265,108
2014,84,1.0,Quantile,9,266,136
2014,84,1.0,Quantile,10,265,152
2014,84,1.0,Quantile,11,266,151
2014,84,1.0,Quantile,12,265,182
2014,84,1.0,Quantile,13,266,184
2014,84,1.0,Quantile,14,265,198
2014,84,1.0,Quantile,15,266,203
2014,84,1.0,Quantile,16,265,218
2014,84,0.05,EW,1,0,0
2014,84,0.05,EW,2,0,0
2014,84,0.05,EW,3,0,0
2014,84,0.05,EW,4,0,0
2014,84,0.05,EW,5,62,36
2014,84,0.05,EW,6,514,258
2014,84,0.05,EW,7,1301,661
2014,84,0.05,EW,8,1407,698
2014,84,0.05,EW,9,778,391
2014,84,0.05,EW,10,164,68
2014,84,0.05,EW,11,22,12
2014,84,0.05,EW,12,0,0
2014,84,0.05,EW,13,0,0
2014,84,0.05,EW,14,0,0
2014,84,0.05,EW,15,0,0
2014,84,0.05,EW,16,0,0
2014,84,0.05,Quantile,1,266,138
2014,84,0.05,Quantile,2,265,137
2014,84,0.05,Quantile,3,266,129
2014,84,0.05,Quantile,4,265,151
2014,84,0.05,Quantile,5,266,134
2014,84,0.05,Quantile,6,265,122
2014,84,0.05,Quantile,7,266,135
2014,84,0.05,Quantile,8,265,117
2014,84,0.05,Quantile,9,266,135
2014,84,0.05,Quantile,10,265,118
2014,84,0.05,Quantile,11,266,130
2014,84,0.05,Quantile,12,265,151
2014,84,0.05,Quantile,13,266,134
2014,84,0.05,Quantile,14,265,137
2014,84,0.05,Quantile,15,266,144
2014,84,0.05,Quantile,16,265,112
2014,85,1.0,EW,1,0,0
2014,85,1.0,EW,2,6,4
2014,85,1.0,EW,3,74,10
2014,85,1.0,EW,4,205,32
2014,85,1.0,EW,5,414,102
2014,85,1.0,EW,6,673,152
2014,85,1.0,EW,7,561,246
2014,85,1.0,EW,8,838,509
2014,85,1.0,EW,9,625,408
2014,85,1.0,EW,10,423,328
2014,85,1.0,EW,11,265,189
2014,85,1.0,EW,12,83,73
2014,85,1.0,EW,13,64,57
2014,85,1.0,EW,14,17,14
2014,85,1.0,EW,15,0,0
2014,85,1.0,EW,16,0,0
2014,85,1.0,Quantile,1,266,42
2014,85,1.0,Quantile,2,265,44
2014,85,1.0,Quantile,3,266,81
2014,85,1.0,Quantile,4,265,62
2014,85,1.0,Quantile,5,266,63
2014,85,1.0,Quantile,6,265,93
2014,85,1.0,Quantile,7,266,128
2014,85,1.0,Quantile,8,265,135
2014,85,1.0,Quantile,9,266,157
2014,85,1.0,Quantile,10,265,181
2014,85,1.0,Quantile,11,266,154
2014,85,1.0,Quantile,12,265,182
2014,85,1.0,Quantile,13,266,176
2014,85,1.0,Quantile,14,265,218
2014,85,1.0,Quantile,15,266,199
2014,85,1.0,Quantile,16,265,209
2014,85,0.05,EW,1,0,0
2014,85,0.05,EW,2,0,0
2014,85,0.05,EW,3,0,0
2014,85,0.05,EW,4,0,0
2014,85,0.05,EW,5,54,27
2014,85,0.05,EW,6,457,241
2014,85,0.05,EW,7,1395,708
2014,85,0.05,EW,8,1439,669
2014,85,0.05,EW,9,708,377
2014,85,0.05,EW,10,185,102
2014,85,0.05,EW,11,10,0
2014,85,0.05,EW,12,0,0
2014,85,0.05,EW,13,0,0
2014,85,0.05,EW,14,0,0
2014,85,0.05,EW,15,0,0
2014,85,0.05,EW,16,0,0
2014,85,0.05,Quantile,1,266,142
2014,85,0.05,Quantile,2,265,138
2014,85,0.05,Quantile,3,266,159
2014,85,0.05,Quantile,4,265,153
2014,85,0.05,Quantile,5,266,115
2014,85,0.05,Quantile,6,265,130
2014,85,0.05,Quantile,7,266,118
2014,85,0.05,Quantile,8,265,129
2014,85,0.05,Quantile,9,266,128
2014,85,0.05,Quantile,10,265,129
2014,85,0.05,Quantile,11,266,114
2014,85,0.05,Quantile,12,265,115
2014,85,0.05,Quantile,13,266,134
2014,85,0.05,Quantile,14,265,145
2014,85,0.05,Quantile,15,266,139
2014,85,0.05,Quantile,16,265,136
2014,86,1.0,EW,1,0,0
2014,86,1.0,EW,2,2,2
2014,86,1.0,EW,3,60,5
2014,86,1.0,EW,4,208,37
2014,86,1.0,EW,5,382,93
2014,86,1.0,EW,6,678,203
2014,86,1.0,EW,7,742,296
2014,86,1.0,EW,8,694,380
2014,86,1.0,EW,9,636,438
2014,86,1.0,EW,10,408,320
2014,86,1.0,EW,11,280,222
2014,86,1.0,EW,12,108,86
2014,86,1.0,EW,13,35,31
2014,86,1.0,EW,14,15,11
2014,86,1.0,EW,15,0,0
2014,86,1.0,EW,16,0,0
2014,86,1.0,Quantile,1,266,44
2014,86,1.0,Quantile,2,265,57
2014,86,1.0,Quantile,3,266,64
2014,86,1.0,Quantile,4,265,93
2014,86,1.0,Quantile,5,266,82
2014,86,1.0,Quantile,6,265,98
2014,86,1.0,Quantile,7,266,118
2014,86,1.0,Quantile,8,265,109
2014,86,1.0,Quantile,9,266,151
2014,86,1.0,Quantile,10,265,136
2014,86,1.0,Quantile,11,266,172
2014,86,1.0,Quantile,12,265,189
2014,86,1.0,Quantile,13,266,165
2014,86,1.0,Quantile,14,265,216
2014,86,1.0,Quantile,15,266,221
2014,86,1.0,Quantile,16,265,209
2014,86,0.05,EW,1,0,0
2014,86,0.05,EW,2,0,0
2014,86,0.05,EW,3,0,0
2014,86,0.05,EW,4,7,5
2014,86,0.05,EW,5,101,60
2014,86,0.05,EW,6,554,247
2014,86,0.05,EW,7,1227,592
2014,86,0.05,EW,8,1324,706
2014,86,0.05,EW,9,800,409
2014,86,0.05,EW,10,226,103
2014,86,0.05,EW,11,9,2
2014,86,0.05,EW,12,0,0
2014,86,0.05,EW,13,0,0
2014,86,0.05,EW,14,0,0
2014,86,0.05,EW,15,0,0
2014,86,0.05,EW,16,0,0
2014,86,0.05,Quantile,1,266,136
2014,86,0.05,Quantile,2,265,107
2014,86,0.05,Quantile,3,266,125
2014,86,0.05,Quantile,4,265,139
2014,86,0.05,Quantile,5,266,149
2014,86,0.05,Quantile,6,265,111
2014,86,0.05,Quantile,7,266,121
2014,86,0.05,Quantile,8,265,143
2014,86,0.05,Quantile,9,266,133
2014,86,0.05,Quantile,10,265,130
2014,86,0.05,Quantile,11,266,152
2014,86,0.05,Quantile,12,265,151
2014,86,0.05,Quantile,13,266,144
2014,86,0.05,Quantile,14,265,136
2014,86,0.05,Quantile,15,266,129
2014,86,0.05,Quantile,16,265,118
2014,87,1.0,EW,1,0,0
2014,87,1.0,EW,2,4,0
2014,87,1.0,EW,3,68,3
2014,87,1.0,EW,4,187,42
2014,87,1.0,EW,5,493,93
2014,87,1.0,EW,6,525,173
2014,87,1.0,EW,7,724,311
2014,87,1.0,EW,8,732,401
2014,87,1.0,EW,9,660,448
2014,87,1.0,EW,10,432,318
2014,87,1.0,EW,11,258,194
2014,87,1.0,EW,12,133,117
2014,87,1.0,EW,13,22,14
2014,87,1.0,EW,14,0,0
2014,87,1.0,EW,15,10,10
2014,87,1.0,EW,16,0,0
2014,87,1.0,Quantile,1,266,46
2014,87,1.0,Quantile,2,265,44
2014,87,1.0,Quantile,3,266,59
2014,87,1.0,Quantile,4,265,78
2014,87,1.0,Quantile,5,266,100
2014,87,1.0,Quantile,6,265,115
2014,87,1.0,Quantile,7,266,91
2014,87,1.0,Quantile,8,265,154
2014,87,1.0,Quantile,9,266,151
2014,87,1.0,Quantile,10,265,152
2014,87,1.0,Quantile,11,266,149
2014,87,1.0,Quantile,12,265,179
2014,87,1.0,Quantile,13,266,192
2014,87,1.0,Quantile,14,265,195
2014,87,1.0,Quantile,15,266,204
2014,87,1.0,Quantile,16,265,215
2014,87,0.05,EW,1,0,0
2014,87,0.05,EW,2,0,0
2014,87,0.05,EW,3,0,0
2014,87,0.05,EW,4,0,0
2014,87,0.05,EW,5,80,52
2014,87,0.05,EW,6,599,298
2014,87,0.05,EW,7,1242,577
2014,87,0.05,EW,8,1295,660
2014,87,0.05,EW,9,773,400
2014,87,0.05,EW,10,213,117
2014,87,0.05,EW,11,46,20
2014,87,0.05,EW,12,0,0
2014,87,0.05,EW,13,0,0
2014,87,0.05,EW,14,0,0
2014,87,0.05,EW,15,0,0
2014,87,0.05,EW,16,0,0
2014,87,0.05,Quantile,1,266,147
2014,87,0.05,Quantile,2,265,130
2014,87,0.05,Quantile,3,266,129
2014,87,0.05,Quantile,4,265,128
2014,87,0.05,Quantile,5,266,102
2014,87,0.05,Quantile,6,265,136
2014,87,0.05,Quantile,7,266,126
2014,87,0.05,Quantile,8,265,133
2014,87,0.05,Quantile,9,266,138
2014,87,0.05,Quantile,10,265,133
2014,87,0.05,Quantile,11,266,140
2014,87,0.05,Quantile,12,265,130
2014,87,0.05,Quantile,13,266,130
2014,87,0.05,Quantile,14,265,139
2014,87,0.05,Quantile,15,266,143
2014,87,0.05,Quantile,16,265,140
2014,88,1.0,EW,1,12,1
2014,88,1.0,EW,2,0,0
2014,88,1.0,EW,3,52,9
2014,88,1.0,EW,4,253,43
2014,88,1.0,EW,5,435,96
2014,88,1.0,EW,6,559,178
2014,88,1.0,EW,7,731,289
2014,88,1.0,EW,8,598,332
2014,88,1.0,EW,9,681,466
2014,88,1.0,EW,10,590,435
2014,88,1.0,EW,11,186,147
2014,88,1.0,EW,12,87,72
2014,88,1.0,EW,13,37,35
2014,88,1.0,EW,14,17,14
2014,88,1.0,EW,15,10,7
2014,88,1.0,EW,16,0,0
2014,88,1.0,Quantile,1,266,43
2014,88,1.0,Quantile,2,265,54
2014,88,1.0,Quantile,3,266,59
2014,88,1.0,Quantile,4,265,75
2014,88,1.0,Quantile,5,266,100
2014,88,1.0,Quantile,6,265,84
2014,88,1.0,Quantile,7,266,119
2014,88,1.0,Quantile,8,265,114
2014,88,1.0,Quantile,9,266,136
2014,88,1.0,Quantile,10,265,172
2014,88,1.0,Quantile,11,266,171
2014,88,1.0,Quantile,12,265,182
2014,88,1.0,Quantile,13,266,203
2014,88,1.0,Quantile,14,265,220
2014,88,1.0,Quantile,15,266,161
2014,88,1.0,Quantile,16,265,231
2014,88,0.05,EW,1,0,0
2014,88,0.05,EW,2,0,0
2014,88,0.05,EW,3,0,0
2014,88,0.05,EW,4,6,4
2014,88,0.05,EW,5,103,49
2014,88,0.05,EW,6,503,235
2014,88,0.05,EW,7,1256,640
2014,88,0.05,EW,8,1436,733
2014,88,0.05,EW,9,676,341
2014,88,0.05,EW,10,230,103
2014,88,0.05,EW,11,34,19
2014,88,0.05,EW,12,4,0
2014,88,0.05,EW,13,0,0
2014,88,0.05,EW,14,0,0
2014,88,0.05,EW,15,0,0
2014,88,0.05,EW,16,0,0
2014,88,0.05,Quantile,1,266,121
2014,88,0.05,Quantile,2,265,120
2014,88,0.05,Quantile,3,266,148
2014,88,0.05,Quantile,4,265,130
2014,88,0.05,Quantile,5,266,129
2014,88,0.05,Quantile,6,265,127
2014,88,0.05,Quantile,7,266,147
2014,88,0.05,Quantile,8,265,148
2014,88,0.05,Quantile,9,266,127
2014,88,0.05,Quantile,10,265,147
2014,88,0.05,Quantile,11,266,134
2014,88,0.05,Quantile,12,265,117
2014,88,0.05,Quantile,13,266,144
2014,88,0.05,Quantile,14,265,112
2014,88,0.05,Quantile,15,266,152
2014,88,0.05,Quantile,16,265,121
2014,89,1.0,EW,1,1,1
2014,89,1.0,EW,2,13,1
2014,89,1.0,EW,3,56,4
2014,89,1.0,EW,4,220,32
2014,89,1.0,EW,5,382,75
2014,89,1.0,EW,6,626,211
2014,89,1.0,EW,7,757,317
2014,89,1.0,EW,8,726,412
2014,89,1.0,EW,9,513,334
2014,89,1.0,EW,10,530,406
2014,89,1.0,EW,11,298,234
2014,89,1.0,EW,12,101,78
2014,89,1.0,EW,13,16,13
2014,89,1.0,EW,14,7,6
2014,89,1.0,EW,15,2,0
2014,89,1.0,EW,16,0,0
2014,89,1.0,Quantile,1,266,38
2014,89,1.0,Quantile,2,265,43
2014,89,1.0,Quantile,3,266,68
2014,89,1.0,Quantile,4,265,97
2014,89,1.0,Quantile,5,266,94
2014,89,1.0,Quantile,6,265,115
2014,89,1.0,Quantile,7,266,92
2014,89,1.0,Quantile,8,265,126
2014,89,1.0,Quantile,9,266,142
2014,89,1.0,Quantile,10,265,163
2014,89,1.0,Quantile,11,266,158
2014,89,1.0,Quantile,12,265,171
2014,89,1.0,Quantile,13,266,204
2014,89,1.0,Quantile,14,265,200
2014,89,1.0,Quantile,15,266,205
2014,89,1.0,Quantile,16,265,208
2014,89,0.05,EW,1,0,0
2014,89,0.05,EW,2,0,0
2014,89,0.05,EW,3,0,0
2014,89,0.05,EW,4,9,6
2014,89,0.05,EW,5,84,31
2014,89,0.05,EW,6,425,236
2014,89,0.05,EW,7,1323,666
2014,89,0.05,EW,8,1564,803
2014,89,0.05,EW,9,640,282
2014,89,0.05,EW,10,176,89
2014,89,0.05,EW,11,23,11
2014,89,0.05,EW,12,4,0
2014,89,0.05,EW,13,0,0
2014,89,0.05,EW,14,0,0
2014,89,0.05,EW,15,0,0
2014,89,0.05,EW,16,0,0
2014,89,0.05,Quantile,1,266,133
2014,89,0.05,Quantile,2,265,148
2014,89,0.05,Quantile,3,266,140
2014,89,0.05,Quantile,4,265,124
2014,89,0.05,Quantile,5,266,129
2014,89,0.05,Quantile,6,265,131
2014,89,0.05,Quantile,7,266,140
2014,89,0.05,Quantile,8,265,154
2014,89,0.05,Quantile,9,266,133
2014,89,0.05,Quantile,10,265,135
2014,89,0.05,Quantile,11,266,149
2014,89,0.05,Quantile,12,265,125
2014,89,0.05,Quantile,13,266,119
2014,89,0.05,Quantile,14,265,102
2014,89,0.05,Quantile,15,266,127
2014,89,0.05,Quantile,16,265,135
2014,90,1.0,EW,1,0,0
2014,90,1.0,EW,2,2,1
2014,90,1.0,EW,3,83,9
2014,90,1.0,EW,4,191,31
2014,90,1.0,EW,5,357,81
2014,90,1.0,EW,6,599,175
2014,90,1.0,EW,7,793,373
2014,90,1.0,EW,8,810,428
2014,90,1.0,EW,9,617,413
2014,90,1.0,EW,10,438,315
2014,90,1.0,EW,11,167,138
2014,90,1.0,EW,12,129,111
2014,90,1.0,EW,13,37,29
2014,90,1.0,EW,14,12,9
2014,90,1.0,EW,15,12,11
2014,90,1.0,EW,16,1,0
2014,90,1.0,Quantile,1,266,39
2014,90,1.0,Quantile,2,265,53
2014,90,1.0,Quantile,3,266,78
2014,90,1.0,Quantile,4,265,78
2014,90,1.0,Quantile,5,266,92
2014,90,1.0,Quantile,6,265,124
2014,90,1.0,Quantile,7,266,118
2014,90,1.0,Quantile,8,265,139
2014,90,1.0,Quantile,9,266,137
2014,90,1.0,Quantile,10,265,132
2014,90,1.0,Quantile,11,266,151
2014,90,1.0,Quantile,12,265,182
2014,90,1.0,Quantile,13,266,188
2014,90,1.0,Quantile,14,265,188
2014,90,1.0,Quantile,15,266,199
2014,90,1.0,Quantile,16,265,226
2014,90,0.05,EW,1,0,0
2014,90,0.05,EW,2,0,0
2014,90,0.05,EW,3,0,0
2014,90,0.05,EW,4,12,5
2014,90,0.05,EW,5,92,33
2014,90,0.05,EW,6,462,245
2014,90,0.05,EW,7,1333,659
2014,90,0.05,EW,8,1363,702
2014,90,0.05,EW,9,793,394
2014,90,0.05,EW,10,174,76
2014,90,0.05,EW,11,19,10
2014,90,0.05,EW,12,0,0
2014,90,0.05,EW,13,0,0
2014,90,0.05,EW,14,0,0
2014,90,0.05,EW,15,0,0
2014,90,0.05,EW,16,0,0
2014,90,0.05,Quantile,1,266,125
2014,90,0.05,Quantile,2,265,143
2014,90,0.05,Quantile,3,266,156
2014,90,0.05,Quantile,4,265,128
2014,90,0.05,Quantile,5,266,123
2014,90,0.05,Quantile,6,265,136
2014,90,0.05,Quantile,7,266,120
2014,90,0.05,Quantile,8,265,122
2014,90,0.05,Quantile,9,266,151
2014,90,0.05,Quantile,10,265,155
2014,90,0.05,Quantile,11,266,138
2014,90,0.05,Quantile,12,265,111
2014,90,0.05,Quantile,13,266,130
2014,90,0.05,Quantile,14,265,159
2014,90,0.05,Quantile,15,266,121
2014,90,0.05,Quantile,16,265,106
2014,91,1.0,EW,1,0,0
2014,91,1.0,EW,2,14,0
2014,91,1.0,EW,3,60,5
2014,91,1.0,EW,4,162,37
2014,91,1.0,EW,5,496,107
2014,91,1.0,EW,6,507,171
2014,91,1.0,EW,7,815,358
2014,91,1.0,EW,8,784,405
2014,91,1.0,EW,9,554,360
2014,91,1.0,EW,10,394,299
2014,91,1.0,EW,11,287,237
2014,91,1.0,EW,12,99,81
2014,91,1.0,EW,13,53,47
2014,91,1.0,EW,14,23,17
2014,91,1.0,EW,15,0,0
2014,91,1.0,EW,16,0,0
2014,91,1.0,Quantile,1,266,50
2014,91,1.0,Quantile,2,265,63
2014,91,1.0,Quantile,3,266,50
2014,91,1.0,Quantile,4,265,73
2014,91,1.0,Quantile,5,266,121
2014,91,1.0,Quantile,6,265,90
2014,91,1.0,Quantile,7,266,130
2014,91,1.0,Quantile,8,265,138
2014,91,1.0,Quantile,9,266,122
2014,91,1.0,Quantile,10,265,124
2014,91,1.0,Quantile,11,266,167
2014,91,1.0,Quantile,12,265,178
2014,91,1.0,Quantile,13,266,176
2014,91,1.0,Quantile,14,265,200
2014,91,1.0,Quantile,15,266,218
2014,91,1.0,Quantile,16,265,224
2014,91,0.05,EW,1,0,0
2014,91,0.05,EW,2,0,0
2014,91,0.05,EW,3,0,0
2014,91,0.05,EW,4,2,1
2014,91,0.05,EW,5,63,29
2014,91,0.05,EW,6,427,243
2014,91,0.05,EW,7,1338,672
2014,91,0.05,EW,8,1596,795
2014,91,0.05,EW,9,656,310
2014,91,0.05,EW,10,137,66
2014,91,0.05,EW,11,29,8
2014,91,0.05,EW,12,0,0
2014,91,0.05,EW,13,0,0
2014,91,0.05,EW,14,0,0
2014,91,0.05,EW,15,0,0
2014,91,0.05,EW,16,0,0
2014,91,0.05,Quantile,1,266,134
2014,91,0.05,Quantile,2,265,158
2014,91,0.05,Quantile,3,266,120
2014,91,0.05,Quantile,4,265,125
2014,91,0.05,Quantile,5,266,147
2014,91,0.05,Quantile,6,265,144
2014,91,0.05,Quantile,7,266,135
2014,91,0.05,Quantile,8,265,150
2014,91,0.05,Quantile,9,266,152
2014,91,0.05,Quantile,10,265,123
2014,91,0.05,Quantile,11,266,111
2014,91,0.05,Quantile,12,265,118
2014,91,0.05,Quantile,13,266,134
2014,91,0.05,Quantile,14,265,117
2014,91,0.05,Quantile,15,266,127
2014,91,0.05,Quantile,16,265,129
2014,92,1.0,EW,1,1,1
2014,92,1.0,EW,2,8,0
2014,92,1.0,EW,3,45,7
2014,92,1.0,EW,4,185,36
2014,92,1.0,EW,5,427,89
2014,92,1.0,EW,6,568,178
2014,92,1.0,EW,7,834,385
2014,92,1.0,EW,8,827,435
2014,92,1.0,EW,9,474,303
2014,92,1.0,EW,10,446,333
2014,92,1.0,EW,11,258,210
2014,92,1.0,EW,12,134,112
2014,92,1.0,EW,13,29,25
2014,92,1.0,EW,14,11,10
2014,92,1.0,EW,15,1,0
2014,92,1.0,EW,16,0,0
2014,92,1.0,Quantile,1,266,49
2014,92,1.0,Quantile,2,265,58
2014,92,1.0,Quantile,3,266,42
2014,92,1.0,Quantile,4,265,104
2014,92,1.0,Quantile,5,266,90
2014,92,1.0,Quantile,6,265,116
2014,92,1.0,Quantile,7,266,119
2014,92,1.0,Quantile,8,265,153
2014,92,1.0,Quantile,9,266,132
2014,92,1.0,Quantile,10,265,139
2014,92,1.0,Quantile,11,266,142
2014,92,1.0,Quantile,12,265,149
2014,92,1.0,Quantile,13,266,200
2014,92,1.0,Quantile,14,265,203
2014,92,1.0,Quantile,15,266,202
2014,92,1.0,Quantile,16,265,226
2014,92,0.05,EW,1,0,0
2014,92,0.05,EW,2,0,0
2014,92,0.05,EW,3,0,0
2014,92,0.05,EW,4,5,5
2014,92,0.05,EW,5,109,51
2014,92,0.05,EW,6,508,245
2014,92,0.05,EW,7,1246,597
2014,92,0.05,EW,8,1358,718
2014,92,0.05,EW,9,829,422
2014,92,0.05,EW,10,168,80
2014,92,0.05,EW,11,25,6
2014,92,0.05,EW,12,0,0
2014,92,0.05,EW,13,0,0
2014,92,0.05,EW,14,0,0
2014,92,0.05,EW,15,0,0
2014,92,0.05,EW,16,0,0
2014,92,0.05,Quantile,1,266,131
2014,92,0.05,Quantile,2,265,123
2014,92,0.05,Quantile,3,266,127
2014,92,0.05,Quantile,4,265,132
2014,92,0.05,Quantile,5,266,132
2014,92,0.05,Quantile,6,265,122
2014,92,0.05,Quantile,7,266,124
2014,92,0.05,Quantile,8,265,128
2014,92,0.05,Quantile,9,266,114
2014,92,0.05,Quantile,10,265,133
2014,92,0.05,Quantile,11,266,163
2014,92,0.05,Quantile,12,265,162
2014,92,0.05,Quantile,13,266,146
2014,92,0.05,Quantile,14,265,133
2014,92,0.05,Quantile,15,266,133
2014,92,0.05,Quantile,16,265,121
2014,93,1.0,EW,1,1,0
2014,93,1.0,EW,2,21,1
2014,93,1.0,EW,3,85,9
2014,93,1.0,EW,4,157,24
2014,93,1.0,EW,5,409,84
2014,93,1.0,EW,6,634,206
2014,93,1.0,EW,7,837,340
2014,93,1.0,EW,8,599,337
2014,93,1.0,EW,9,603,404
2014,93,1.0,EW,10,438,350
2014,93,1.0,EW,11,258,206
2014,93,1.0,EW,12,145,117
2014,93,1.0,EW,13,52,40
2014,93,1.0,EW,14,9,6
2014,93,1.0,EW,15,0,0
2014,93,1.0,EW,16,0,0
2014,93,1.0,Quantile,1,266,34
2014,93,1.0,Quantile,2,265,66
2014,93,1.0,Quantile,3,266,43
2014,93,1.0,Quantile,4,265,96
2014,93,1.0,Quantile,5,266,87
2014,93,1.0,Quantile,6,265,98
2014,93,1.0,Quantile,7,266,113
2014,93,1.0,Quantile,8,265,120
2014,93,1.0,Quantile,9,266,126
2014,93,1.0,Quantile,10,265,154
2014,93,1.0,Quantile,11,266,192
2014,93,1.0,Quantile,12,265,167
2014,93,1.0,Quantile,13,266,199
2014,93,1.0,Quantile,14,265,202
2014,93,1.0,Quantile,15,266,213
2014,93,1.0,Quantile,16,265,214
2014,93,0.05,EW,1,0,0
2014,93,0.05,EW,2,0,0
2014,93,0.05,EW,3,0,0
2014,93,0.05,EW,4,12,7
2014,93,0.05,EW,5,116,50
2014,93,0.05,EW,6,527,249
2014,93,0.05,EW,7,1164,598
2014,93,0.05,EW,8,1440,702
2014,93,0.05,EW,9,732,402
2014,93,0.05,EW,10,239,115
2014,93,0.05,EW,11,18,1
2014,93,0.05,EW,12,0,0
2014,93,0.05,EW,13,0,0
2014,93,0.05,EW,14,0,0
2014,93,0.05,EW,15,0,0
2014,93,0.05,EW,16,0,0
2014,93,0.05,Quantile,1,266,118
2014,93,0.05,Quantile,2,265,135
2014,93,0.05,Quantile,3,266,114
2014,93,0.05,Quantile,4,265,143
2014,93,0.05,Quantile,5,266,145
2014,93,0.05,Quantile,6,265,134
2014,93,0.05,Quantile,7,266,137
2014,93,0.05,Quantile,8,265,153
2014,93,0.05,Quantile,9,266,144
2014,93,0.05,Quantile,10,265,120
2014,93,0.05,Quantile,11,266,117
2014,93,0.05,Quantile,12,265,115
2014,93,0.05,Quantile,13,266,149
2014,93,0.05,Quantile,14,265,133
2014,93,0.05,Quantile,15,266,145
2014,93,0.05,Quantile,16,265,122
2014,94,1.0,EW,1,0,0
2014,94,1.0,EW,2,2,1
2014,94,1.0,EW,3,45,5
2014,94,1.0,EW,4,205,41
2014,94,1.0,EW,5,433,86
2014,94,1.0,EW,6,592,201
2014,94,1.0,EW,7,861,348
2014,94,1.0,EW,8,605,329
2014,94,1.0,EW,9,566,409
2014,94,1.0,EW,10,530,389
2014,94,1.0,EW,11,236,182
2014,94,1.0,EW,12,135,104
2014,94,1.0,EW,13,38,29
2014,94,1.0,EW,14,0,0
2014,94,1.0,EW,15,0,0
2014,94,1.0,EW,16,0,0
2014,94,1.0,Quantile,1,266,48
2014,94,1.0,Quantile,2,265,46
2014,94,1.0,Quantile,3,266,83
2014,94,1.0,Quantile,4,265,70
2014,94,1.0,Quantile,5,266,106
2014,94,1.0,Quantile,6,265,88
2014,94,1.0,Quantile,7,266,117
2014,94,1.0,Quantile,8,265,121
2014,94,1.0,Quantile,9,266,115
2014,94,1.0,Quantile,10,265,162
2014,94,1.0,Quantile,11,266,195
2014,94,1.0,Quantile,12,265,180
2014,94,1.0,Quantile,13,266,189
2014,94,1.0,Quantile,14,265,199
2014,94,1.0,Quantile,15,266,200
2014,94,1.0,Quantile,16,265,205
2014,94,0.05,EW,1,0,0
2014,94,0.05,EW,2,0,0
2014,94,0.05,EW,3,0,0
2014,94,0.05,EW,4,1,1
2014,94,0.05,EW,5,68,42
2014,94,0.05,EW,6,495,263
2014,94,0.05,EW,7,1269,638
2014,94,0.05,EW,8,1495,716
2014,94,0.05,EW,9,725,368
2014,94,0.05,EW,10,169,87
2014,94,0.05,EW,11,23,9
2014,94,0.05,EW,12,3,0
2014,94,0.05,EW,13,0,0
2014,94,0.05,EW,14,0,0
2014,94,0.05,EW,15,0,0
2014,94,0.05,EW,16,0,0
2014,94,0.05,Quantile,1,266,156
2014,94,0.05,Quantile,2,265,136
2014,94,0.05,Quantile,3,266,112
2014,94,0.05,Quantile,4,265,141
2014,94,0.05,Quantile,5,266,135
2014,94,0.05,Quantile,6,265,130
2014,94,0.05,Quantile,7,266,146
2014,94,0.05,Quantile,8,265,151
2014,94,0.05,Quantile,9,266,114
2014,94,0.05,Quantile,10,265,120
2014,94,0.05,Quantile,11,266,133
2014,94,0.05,Quantile,12,265,111
2014,94,0.05,Quantile,13,266,145
2014,94,0.05,Quantile,14,265,139
2014,94,0.05,Quantile,15,266,121
2014,94,0.05,Quantile,16,265,134
2014,95,1.0,EW,1,0,0
2014,95,1.0,EW,2,19,0
2014,95,1.0,EW,3,56,9
2014,95,1.0,EW,4,197,29
2014,95,1.0,EW,5,381,73
2014,95,1.0,EW,6,539,165
2014,95,1.0,EW,7,835,386
2014,95,1.0,EW,8,841,437
2014,95,1.0,EW,9,571,383
2014,95,1.0,EW,10,423,324
2014,95,1.0,EW,11,196,149
2014,95,1.0,EW,12,92,80
2014,95,1.0,EW,13,81,75
2014,95,1.0,EW,14,5,5
2014,95,1.0,EW,15,11,9
2014,95,1.0,EW,16,1,0
2014,95,1.0,Quantile,1,266,35
2014,95,1.0,Quantile,2,265,53
2014,95,1.0,Quantile,3,266,70
2014,95,1.0,Quantile,4,265,76
2014,95,1.0,Quantile,5,266,115
2014,95,1.0,Quantile,6,265,126
2014,95,1.0,Quantile,7,266,121
2014,95,1.0,Quantile,8,265,105
2014,95,1.0,Quantile,9,266,140
2014,95,1.0,Quantile,10,265,129
2014,95,1.0,Quantile,11,266,172
2014,95,1.0,Quantile,12,265,174
2014,95,1.0,Quantile,13,266,176
2014,95,1.0,Quantile,14,265,204
2014,95,1.0,Quantile,15,266,200
2014,95,1.0,Quantile,16,265,228
2014,95,0.05,EW,1,0,0
2014,95,0.05,EW,2,0,0
2014,95,0.05,EW,3,0,0
2014,95,0.05,EW,4,4,4
2014,95,0.05,EW,5,69,31
2014,95,0.05,EW,6,469,260
2014,95,0.05,EW,7,1269,602
2014,95,0.05,EW,8,1584,817
2014,95,0.05,EW,9,674,320
2014,95,0.05,EW,10,154,73
2014,95,0.05,EW,11,25,17
2014,95,0.05,EW,12,0,0
2014,95,0.05,EW,13,0,0
2014,95,0.05,EW,14,0,0
2014,95,0.05,EW,15,0,0
2014,95,0.05,EW,16,0,0
2014,95,0.05,Quantile,1,266,145
2014,95,0.05,Quantile,2,265,146
2014,95,0.05,Quantile,3,266,139
2014,95,0.05,Quantile,4,265,132
2014,95,0.05,Quantile,5,266,97
2014,95,0.05,Quantile,6,265,114
2014,95,0.05,Quantile,7,266,153
2014,95,0.05,Quantile,8,265,148
2014,95,0.05,Quantile,9,266,157
2014,95,0.05,Quantile,10,265,149
2014,95,0.05,Quantile,11,266,137
2014,95,0.05,Quantile,12,265,119
2014,95,0.05,Quantile,13,266,106
2014,95,0.05,Quantile,14,265,121
2014,95,0.05,Quantile,15,266,129
2014,95,0.05,Quantile,16,265,132
2014,96,1.0,EW,1,0,0
2014,96,1.0,EW,2,20,2
2014,96,1.0,EW,3,27,5
2014,96,1.0,EW,4,198,26
2014,96,1.0,EW,5,422,84
2014,96,1.0,EW,6,591,200
2014,96,1.0,EW,7,760,306
2014,96,1.0,EW,8,800,452
2014,96,1.0,EW,9,621,426
2014,96,1.0,EW,10,414,297
2014,96,1.0,EW,11,204,166
2014,96,1.0,EW,12,145,123
2014,96,1.0,EW,13,45,37
2014,96,1.0,EW,14,1,0
2014,96,1.0,EW,15,0,0
2014,96,1.0,EW,16,0,0
2014,96,1.0,Quantile,1,266,38
2014,96,1.0,Quantile,2,265,59
2014,96,1.0,Quantile,3,266,59
2014,96,1.0,Quantile,4,265,97
2014,96,1.0,Quantile,5,266,87
2014,96,1.0,Quantile,6,265,103
2014,96,1.0,Quantile,7,266,125
2014,96,1.0,Quantile,8,265,113
2014,96,1.0,Quantile,9,266,164
2014,96,1.0,Quantile,10,265,134
2014,96,1.0,Quantile,11,266,166
2014,96,1.0,Quantile,12,265,187
2014,96,1.0,Quantile,13,266,180
2014,96,1.0,Quantile,14,265,183
2014,96,1.0,Quantile,15,266,208
2014,96,1.0,Quantile,16,265,221
2014,96,0.05,EW,1,0,0
2014,96,0.05,EW,2,0,0
2014,96,0.05,EW,3,0,0
2014,96,0.05,EW,4,7,3
2014,96,0.05,EW,5,90,40
2014,96,0.05,EW,6,510,245
2014,96,0.05,EW,7,1268,659
2014,96,0.05,EW,8,1423,679
2014,96,0.05,EW,9,717,397
2014,96,0.05,EW,10,188,74
2014,96,0.05,EW,11,36,23
2014,96,0.05,EW,12,9,4
2014,96,0.05,EW,13,0,0
2014,96,0.05,EW,14,0,0
2014,96,0.05,EW,15,0,0
2014,96,0.05,EW,16,0,0
2014,96,0.05,Quantile,1,266,132
2014,96,0.05,Quantile,2,265,125
2014,96,0.05,Quantile,3,266,125
2014,96,0.05,Quantile,4,265,151
2014,96,0.05,Quantile,5,266,141
2014,96,0.05,Quantile,6,265,139
2014,96,0.05,Quantile,7,266,130
2014,96,0.05,Quantile,8,265,114
2014,96,0.05,Quantile,9,266,128
2014,96,0.05,Quantile,10,265,135
2014,96,0.05,Quantile,11,266,115
2014,96,0.05,Quantile,12,265,135
2014,96,0.05,Quantile,13,266,150
2014,96,0.05,Quantile,14,265,137
2014,96,0.05,Quantile,15,266,156
2014,96,0.05,Quantile,16,265,111
2014,97,1.0,EW,1,0,0
2014,97,1.0,EW,2,20,1
2014,97,1.0,EW,3,88,8
2014,97,1.0,EW,4,171,27
2014,97,1.0,EW,5,393,97
2014,97,1.0,EW,6,680,192
2014,97,1.0,EW,7,658,276
2014,97,1.0,EW,8,714,424
2014,97,1.0,EW,9,603,398
2014,97,1.0,EW,10,502,370
2014,97,1.0,EW,11,258,202
2014,97,1.0,EW,12,98,74
2014,97,1.0,EW,13,52,45
2014,97,1.0,EW,14,11,10
2014,97,1.0,EW,15,0,0
2014,97,1.0,EW,16,0,0
2014,97,1.0,Quantile,1,266,36
2014,97,1.0,Quantile,2,265,64
2014,97,1.0,Quantile,3,266,55
2014,97,1.0,Quantile,4,265,86
2014,97,1.0,Quantile,5,266,76
2014,97,1.0,Quantile,6,265,81
2014,97,1.0,Quantile,7,266,122
2014,97,1.0,Quantile,8,265,135
2014,97,1.0,Quantile,9,266,159
2014,97,1.0,Quantile,10,265,165
2014,97,1.0,Quantile,11,266,151
2014,97,1.0,Quantile,12,265,179
2014,97,1.0,Quantile,13,266,204
2014,97,1.0,Quantile,14,265,199
2014,97,1.0,Quantile,15,266,203
2014,97,1.0,Quantile,16,265,209
2014,97,0.05,EW,1,0,0
2014,97,0.05,EW,2,0,0
2014,97,0.05,EW,3,0,0
2014,97,0.05,EW,4,15,4
2014,97,0.05,EW,5,85,40
2014,97,0.05,EW,6,534,269
2014,97,0.05,EW,7,1185,565
2014,97,0.05,EW,8,1508,765
2014,97,0.05,EW,9,696,361
2014,97,0.05,EW,10,200,118
2014,97,0.05,EW,11,25,2
2014,97,0.05,EW,12,0,0
2014,97,0.05,EW,13,0,0
2014,97,0.05,EW,14,0,0
2014,97,0.05,EW,15,0,0
2014,97,0.05,EW,16,0,0
2014,97,0.05,Quantile,1,266,131
2014,97,0.05,Quantile,2,265,139
2014,97,0.05,Quantile,3,266,115
2014,97,0.05,Quantile,4,265,135
2014,97,0.05,Quantile,5,266,112
2014,97,0.05,Quantile,6,265,124
2014,97,0.05,Quantile,7,266,147
2014,97,0.05,Quantile,8,265,159
2014,97,0.05,Quantile,9,266,155
2014,97,0.05,Quantile,10,265,129
2014,97,0.05,Quantile,11,266,123
2014,97,0.05,Quantile,12,265,103
2014,97,0.05,Quantile,13,266,141
2014,97,0.05,Quantile,14,265,143
2014,97,0.05,Quantile,15,266,131
2014,97,0.05,Quantile,16,265,137
2014,98,1.0,EW,1,0,0
2014,98,1.0,EW,2,11,0
2014,98,1.0,EW,3,55,7
2014,98,1.0,EW,4,178,22
2014,98,1.0,EW,5,360,108
2014,98,1.0,EW,6,757,241
2014,98,1.0,EW,7,749,308
2014,98,1.0,EW,8,669,342
2014,98,1.0,EW,9,566,407
2014,98,1.0,EW,10,495,360
2014,98,1.0,EW,11,206,152
2014,98,1.0,EW,12,126,111
2014,98,1.0,EW,13,72,63
2014,98,1.0,EW,14,4,3
2014,98,1.0,EW,15,0,0
2014,98,1.0,EW,16,0,0
2014,98,1.0,Quantile,1,266,33
2014,98,1.0,Quantile,2,265,80
2014,98,1.0,Quantile,3,266,83
2014,98,1.0,Quantile,4,265,68
2014,98,1.0,Quantile,5,266,102
2014,98,1.0,Quantile,6,265,93
2014,98,1.0,Quantile,7,266,120
2014,98,1.0,Quantile,8,265,115
2014,98,1.0,Quantile,9,266,132
2014,98,1.0,Quantile,10,265,137
2014,98,1.0,Quantile,11,266,171
2014,98,1.0,Quantile,12,265,189
2014,98,1.0,Quantile,13,266,178
2014,98,1.0,Quantile,14,265,214
2014,98,1.0,Quantile,15,266,185
2014,98,1.0,Quantile,16,265,224
2014,98,0.05,EW,1,0,0
2014,98,0.05,EW,2,0,0
2014,98,0.05,EW,3,0,0
2014,98,0.05,EW,4,0,0
2014,98,0.05,EW,5,101,44
2014,98,0.05,EW,6,490,255
2014,98,0.05,EW,7,1236,620
2014,98,0.05,EW,8,1501,780
2014,98,0.05,EW,9,742,346
2014,98,0.05,EW,10,137,58
2014,98,0.05,EW,11,37,19
2014,98,0.05,EW,12,4,2
2014,98,0.05,EW,13,0,0
2014,98,0.05,EW,14,0,0
2014,98,0.05,EW,15,0,0
2014,98,0.05,EW,16,0,0
2014,98,0.05,Quantile,1,266,130
2014,98,0.05,Quantile,2,265,146
2014,98,0.05,Quantile,3,266,106
2014,98,0.05,Quantile,4,265,127
2014,98,0.05,Quantile,5,266,144
2014,98,0.05,Quantile,6,265,145
2014,98,0.05,Quantile,7,266,137
2014,98,0.05,Quantile,8,265,133
2014,98,0.05,Quantile,9,266,133
2014,98,0.05,Quantile,10,265,156
2014,98,0.05,Quantile,11,266,143
2014,98,0.05,Quantile,12,265,132
2014,98,0.05,Quantile,13,266,118
2014,98,0.05,Quantile,14,265,109
2014,98,0.05,Quantile,15,266,144
2014,98,0.05,Quantile,16,265,121
2014,99,1.0,EW,1,0,0
2014,99,1.0,EW,2,0,0
2014,99,1.0,EW,3,65,9
2014,99,1.0,EW,4,199,34
2014,99,1.0,EW,5,451,83
2014,99,1.0,EW,6,584,195
2014,99,1.0,EW,7,819,337
2014,99,1.0,EW,8,630,348
2014,99,1.0,EW,9,592,394
2014,99,1.0,EW,10,502,406
2014,99,1.0,EW,11,233,174
2014,99,1.0,EW,12,108,94
2014,99,1.0,EW,13,46,39
2014,99,1.0,EW,14,19,11
2014,99,1.0,EW,15,0,0
2014,99,1.0,EW,16,0,0
2014,99,1.0,Quantile,1,266,43
2014,99,1.0,Quantile,2,265,63
2014,99,1.0,Quantile,3,266,46
2014,99,1.0,Quantile,4,265,87
2014,99,1.0,Quantile,5,266,92
2014,99,1.0,Quantile,6,265,107
2014,99,1.0,Quantile,7,266,89
2014,99,1.0,Quantile,8,265,133
2014,99,1.0,Quantile,9,266,123
2014,99,1.0,Quantile,10,265,156
2014,99,1.0,Quantile,11,266,172
2014,99,1.0,Quantile,12,265,179
2014,99,1.0,Quantile,13,266,198
2014,99,1.0,Quantile,14,265,217
2014,99,1.0,Quantile,15,266,204
2014,99,1.0,Quantile,16,265,215
2014,99,0.05,EW,1,0,0
2014,99,0.05,EW,2,0,0
2014,99,0.05,EW,3,0,0
2014,99,0.05,EW,4,6,3
2014,99,0.05,EW,5,87,42
2014,99,0.05,EW,6,520,258
2014,99,0.05,EW,7,1349,661
2014,99,0.05,EW,8,1232,598
2014,99,0.05,EW,9,828,452
2014,99,0.05,EW,10,181,79
2014,99,0.05,EW,11,42,31
2014,99,0.05,EW,12,3,0
2014,99,0.05,EW,13,0,0
2014,99,0.05,EW,14,0,0
2014,99,0.05,EW,15,0,0
2014,99,0.05,EW,16,0,0
2014,99,0.05,Quantile,1,266,143
2014,99,0.05,Quantile,2,265,119
2014,99,0.05,Quantile,3,266,126
2014,99,0.05,Quantile,4,265,127
2014,99,0.05,Quantile,5,266,138
2014,99,0.05,Quantile,6,265,134
2014,99,0.05,Quantile,7,266,136
2014,99,0.05,Quantile,8,265,119
2014,99,0.05,Quantile,9,266,139
2014,99,0.05,Quantile,10,265,120
2014,99,0.05,Quantile,11,266,115
2014,99,0.05,Quantile,12,265,142
2014,99,0.05,Quantile,13,266,158
2014,99,0.05,Quantile,14,265,162
2014,99,0.05,Quantile,15,266,124
2014,99,0.05,Quantile,16,265,122
2014,100,1.0,EW,1,0,0
2014,100,1.0,EW,2,17,0
2014,100,1.0,EW,3,64,3
2014,100,1.0,EW,4,184,32
2014,100,1.0,EW,5,408,90
2014,100,1.0,EW,6,633,211
2014,100,1.0,EW,7,815,350
2014,100,1.0,EW,8,714,383
2014,100,1.0,EW,9,553,380
2014,100,1.0,EW,10,391,284
2014,100,1.0,EW,11,273,234
2014,100,1.0,EW,12,106,79
2014,100,1.0,EW,13,44,39
2014,100,1.0,EW,14,34,31
2014,100,1.0,EW,15,12,8
2014,100,1.0,EW,16,0,0
2014,100,1.0,Quantile,1,266,35
2014,100,1.0,Quantile,2,265,55
2014,100,1.0,Quantile,3,266,66
2014,100,1.0,Quantile,4,265,80
2014,100,1.0,Quantile,5,266,107
2014,100,1.0,Quantile,6,265,89
2014,100,1.0,Quantile,7,266,120
2014,100,1.0,Quantile,8,265,136
2014,100,1.0,Quantile,9,266,140
2014,100,1.0,Quantile,10,265,143
2014,100,1.0,Quantile,11,266,153
2014,100,1.0,Quantile,12,265,172
2014,100,1.0,Quantile,13,266,201
2014,100,1.0,Quantile,14,265,197
2014,100,1.0,Quantile,15,266,224
2014,100,1.0,Quantile,16,265,206
2014,100,0.05,EW,1,0,0
2014,100,0.05,EW,2,0,0
2014,100,0.05,EW,3,0,0
2014,100,0.05,EW,4,0,0
2014,100,0.05,EW,5,115,64
2014,100,0.05,EW,6,484,248
2014,100,0.05,EW,7,1267,629
2014,100,0.05,EW,8,1432,726
2014,100,0.05,EW,9,757,373
2014,100,0.05,EW,10,168,76
2014,100,0.05,EW,11,13,0
2014,100,0.05,EW,12,8,8
2014,100,0.05,EW,13,4,0
2014,100,0.05,EW,14,0,0
2014,100,0.05,EW,15,0,0
2014,100,0.05,EW,16,0,0
2014,100,0.05,Quantile,1,266,139
2014,100,0.05,Quantile,2,265,128
2014,100,0.05,Quantile,3,266,146
2014,100,0.05,Quantile,4,265,121
2014,100,0.05,Quantile,5,266,138
2014,100,0.05,Quantile,6,265,129
2014,100,0.05,Quantile,7,266,135
2014,100,0.05,Quantile,8,265,125
2014,100,0.05,Quantile,9,266,144
2014,100,0.05,Quantile,10,265,133
2014,100,0.05,Quantile,11,266,152
2014,100,0.05,Quantile,12,265,132
2014,100,0.05,Quantile,13,266,123
2014,100,0.05,Quantile,14,265,148
2014,100,0.05,Quantile,15,266,115
2014,100,0.05,Quantile,16,265,116
2015,1,1.0,EW,1,0,0
2015,1,1.0,EW,2,1,1
2015,1,1.0,EW,3,125,10
2015,1,1.0,EW,4,253,35
2015,1,1.0,EW,5,408,101
2015,1,1.0,EW,6,643,214
2015,1,1.0,EW,7,744,333
2015,1,1.0,EW,8,711,438
2015,1,1.0,EW,9,691,482
2015,1,1.0,EW,10,380,261
2015,1,1.0,EW,11,177,147
2015,1,1.0,EW,12,76,63
2015,1,1.0,EW,13,44,38
2015,1,1.0,EW,14,14,11
2015,1,1.0,EW,15,0,0
2015,1,1.0,EW,16,0,0
2015,1,1.0,Quantile,1,267,30
2015,1,1.0,Quantile,2,267,49
2015,1,1.0,Quantile,3,267,71
2015,1,1.0,Quantile,4,266,74
2015,1,1.0,Quantile,5,267,109
2015,1,1.0,Quantile,6,267,95
2015,1,1.0,Quantile,7,266,120
2015,1,1.0,Quantile,8,267,128
2015,1,1.0,Quantile,9,267,150
2015,1,1.0,Quantile,10,266,153
2015,1,1.0,Quantile,11,267,184
2015,1,1.0,Quantile,12,267,194
2015,1,1.0,Quantile,13,266,182
2015,1,1.0,Quantile,14,267,183
2015,1,1.0,Quantile,15,267,188
2015,1,1.0,Quantile,16,266,224
2015,1,0.05,EW,1,0,0
2015,1,0.05,EW,2,0,0
2015,1,0.05,EW,3,3,1
2015,1,0.05,EW,4,15,7
2015,1,0.05,EW,5,97,53
2015,1,0.05,EW,6,621,329
2015,1,0.05,EW,7,1539,819
2015,1,0.05,EW,8,1360,585
2015,1,0.05,EW,9,461,273
2015,1,0.05,EW,10,158,59
2015,1,0.05,EW,11,9,7
2015,1,0.05,EW,12,4,1
2015,1,0.05,EW,13,0,0
2015,1,0.05,EW,14,0,0
2015,1,0.05,EW,15,0,0
2015,1,0.05,EW,16,0,0
2015,1,0.05,Quantile,1,267,154
2015,1,0.05,Quantile,2,267,119
2015,1,0.05,Quantile,3,267,142
2015,1,0.05,Quantile,4,266,135
2015,1,0.05,Quantile,5,267,159
2015,1,0.05,Quantile,6,267,155
2015,1,0.05,Quantile,7,266,144
2015,1,0.05,Quantile,8,267,119
2015,1,0.05,Quantile,9,267,147
2015,1,0.05,Quantile,10,266,131
2015,1,0.05,Quantile,11,267,107
2015,1,0.05,Quantile,12,267,120
2015,1,0.05,Quantile,13,266,101
2015,1,0.05,Quantile,14,267,112
2015,1,0.05,Quantile,15,267,167
2015,1,0.05,Quantile,16,266,122
2015,2,1.0,EW,1,2,0
2015,2,1.0,EW,2,23,2
2015,2,1.0,EW,3,122,15
2015,2,1.0,EW,4,260,33
2015,2,1.0,EW,5,454,108
2015,2,1.0,EW,6,640,204
2015,2,1.0,EW,7,642,298
2015,2,1.0,EW,8,659,383
2015,2,1.0,EW,9,713,513
2015,2,1.0,EW,10,376,266
2015,2,1.0,EW,11,242,198
2015,2,1.0,EW,12,105,89
2015,2,1.0,EW,13,17,13
2015,2,1.0,EW,14,1,1
2015,2,1.0,EW,15,11,11
2015,2,1.0,EW,16,0,0
2015,2,1.0,Quantile,1,267,27
2015,2,1.0,Quantile,2,267,56
2015,2,1.0,Quantile,3,267,65
2015,2,1.0,Quantile,4,266,67
2015,2,1.0,Quantile,5,267,84
2015,2,1.0,Quantile,6,267,103
2015,2,1.0,Quantile,7,266,106
2015,2,1.0,Quantile,8,267,145
2015,2,1.0,Quantile,9,267,170
2015,2,1.0,Quantile,10,266,129
2015,2,1.0,Quantile,11,267,187
2015,2,1.0,Quantile,12,267,187
2015,2,1.0,Quantile,13,266,197
2015,2,1.0,Quantile,14,267,176
2015,2,1.0,Quantile,15,267,211
2015,2,1.0,Quantile,16,266,224
2015,2,0.05,EW,1,0,0
2015,2,0.05,EW,2,0,0
2015,2,0.05,EW,3,0,0
2015,2,0.05,EW,4,10,6
2015,2,0.05,EW,5,165,74
2015,2,0.05,EW,6,543,296
2015,2,0.05,EW,7,1499,755
2015,2,0.05,EW,8,1411,719
2015,2,0.05,EW,9,503,209
2015,2,0.05,EW,10,125,68
2015,2,0.05,EW,11,11,7
2015,2,0.05,EW,12,0,0
2015,2,0.05,EW,13,0,0
2015,2,0.05,EW,14,0,0
2015,2,0.05,EW,15,0,0
2015,2,0.05,EW,16,0,0
2015,2,0.05,Quantile,1,267,113
2015,2,0.05,Quantile,2,267,152
2015,2,0.05,Quantile,3,267,150
2015,2,0.05,Quantile,4,266,141
2015,2,0.05,Quantile,5,267,165
2015,2,0.05,Quantile,6,267,129
2015,2,0.05,Quantile,7,266,125
2015,2,0.05,Quantile,8,267,118
2015,2,0.05,Quantile,9,267,138
2015,2,0.05,Quantile,10,266,126
2015,2,0.05,Quantile,11,267,133
2015,2,0.05,Quantile,12,267,138
2015,2,0.05,Quantile,13,266,138
2015,2,0.05,Quantile,14,267,128
2015,2,0.05,Quantile,15,267,109
2015,2,0.05,Quantile,16,266,131
2015,3,1.0,EW,1,1,1
2015,3,1.0,EW,2,45,2
2015,3,1.0,EW,3,93,9
2015,3,1.0,EW,4,190,27
2015,3,1.0,EW,5,355,100
2015,3,1.0,EW,6,704,253
2015,3,1.0,EW,7,891,372
2015,3,1.0,EW,8,660,370
2015,3,1.0,EW,9,624,454
2015,3,1.0,EW,10,343,258
2015,3,1.0,EW,11,255,206
2015,3,1.0,EW,12,65,48
2015,3,1.0,EW,13,37,33
2015,3,1.0,EW,14,4,1
2015,3,1.0,EW,15,0,0
2015,3,1.0,EW,16,0,0
2015,3,1.0,Quantile,1,267,32
2015,3,1.0,Quantile,2,267,63
2015,3,1.0,Quantile,3,267,70
2015,3,1.0,Quantile,4,266,93
2015,3,1.0,Quantile,5,267,115
2015,3,1.0,Quantile,6,267,94
2015,3,1.0,Quantile,7,266,112
2015,3,1.0,Quantile,8,267,120
2015,3,1.0,Quantile,9,267,118
2015,3,1.0,Quantile,10,266,163
2015,3,1.0,Quantile,11,267,152
2015,3,1.0,Quantile,12,267,196
2015,3,1.0,Quantile,13,266,188
2015,3,1.0,Quantile,14,267,187
2015,3,1.0,Quantile,15,267,218
2015,3,1.0,Quantile,16,266,213
2015,3,0.05,EW,1,0,0
2015,3,0.05,EW,2,0,0
2015,3,0.05,EW,3,0,0
2015,3,0.05,EW,4,17,15
2015,3,0.05,EW,5,177,73
2015,3,0.05,EW,6,595,299
2015,3,0.05,EW,7,1392,712
2015,3,0.05,EW,8,1394,700
2015,3,0.05,EW,9,557,258
2015,3,0.05,EW,10,114,65
2015,3,0.05,EW,11,20,12
2015,3,0.05,EW,12,1,0
2015,3,0.05,EW,13,0,0
2015,3,0.05,EW,14,0,0
2015,3,0.05,EW,15,0,0
2015,3,0.05,EW,16,0,0
2015,3,0.05,Quantile,1,267,117
2015,3,0.05,Quantile,2,267,150
2015,3,0.05,Quantile,3,267,125
2015,3,0.05,Quantile,4,266,137
2015,3,0.05,Quantile,5,267,142
2015,3,0.05,Quantile,6,267,129
2015,3,0.05,Quantile,7,266,133
2015,3,0.05,Quantile,8,267,139
2015,3,0.05,Quantile,9,267,145
2015,3,0.05,Quantile,10,266,134
2015,3,0.05,Quantile,11,267,141
2015,3,0.05,Quantile,12,267,140
2015,3,0.05,Quantile,13,266,124
2015,3,0.05,Quantile,14,267,125
2015,3,0.05,Quantile,15,267,120
2015,3,0.05,Quantile,16,266,133
2015,4,1.0,EW,1,0,0
2015,4,1.0,EW,2,4,2
2015,4,1.0,EW,3,115,12
2015,4,1.0,EW,4,234,46
2015,4,1.0,EW,5,415,84
2015,4,1.0,EW,6,677,229
2015,4,1.0,EW,7,820,360
2015,4,1.0,EW,8,760,455
2015,4,1.0,EW,9,498,345
2015,4,1.0,EW,10,382,304
2015,4,1.0,EW,11,219,181
2015,4,1.0,EW,12,79,62
2015,4,1.0,EW,13,22,16
2015,4,1.0,EW,14,30,28
2015,4,1.0,EW,15,11,10
2015,4,1.0,EW,16,1,0
2015,4,1.0,Quantile,1,267,45
2015,4,1.0,Quantile,2,267,45
2015,4,1.0,Quantile,3,267,65
2015,4,1.0,Quantile,4,266,86
2015,4,1.0,Quantile,5,267,85
2015,4,1.0,Quantile,6,267,126
2015,4,1.0,Quantile,7,266,124
2015,4,1.0,Quantile,8,267,106
2015,4,1.0,Quantile,9,267,134
2015,4,1.0,Quantile,10,266,166
2015,4,1.0,Quantile,11,267,159
2015,4,1.0,Quantile,12,267,154
2015,4,1.0,Quantile,13,266,193
2015,4,1.0,Quantile,14,267,211
2015,4,1.0,Quantile,15,267,218
2015,4,1.0,Quantile,16,266,217
2015,4,0.05,EW,1,0,0
2015,4,0.05,EW,2,0,0
2015,4,0.05,EW,3,0,0
2015,4,0.05,EW,4,20,8
2015,4,0.05,EW,5,156,62
2015,4,0.05,EW,6,637,312
2015,4,0.05,EW,7,1388,733
2015,4,0.05,EW,8,1380,710
2015,4,0.05,EW,9,548,252
2015,4,0.05,EW,10,95,32
2015,4,0.05,EW,11,33,22
2015,4,0.05,EW,12,10,3
2015,4,0.05,EW,13,0,0
2015,4,0.05,EW,14,0,0
2015,4,0.05,EW,15,0,0
2015,4,0.05,EW,16,0,0
2015,4,0.05,Quantile,1,267,129
2015,4,0.05,Quantile,2,267,113
2015,4,0.05,Quantile,3,267,136
2015,4,0.05,Quantile,4,266,129
2015,4,0.05,Quantile,5,267,156
2015,4,0.05,Quantile,6,267,142
2015,4,0.05,Quantile,7,266,148
2015,4,0.05,Quantile,8,267,131
2015,4,0.05,Quantile,9,267,132
2015,4,0.05,Quantile,10,266,144
2015,4,0.05,Quantile,11,267,141
2015,4,0.05,Quantile,12,267,136
2015,4,0.05,Quantile,13,266,136
2015,4,0.05,Quantile,14,267,128
2015,4,0.05,Quantile,15,267,127
2015,4,0.05,Quantile,16,266,106
2015,5,1.0,EW,1,0,0
2015,5,1.0,EW,2,9,0
2015,5,1.0,EW,3,80,8
2015,5,1.0,EW,4,235,38
2015,5,1.0,EW,5,502,128
2015,5,1.0,EW,6,610,168
2015,5,1.0,EW,7,719,348
2015,5,1.0,EW,8,788,477
2015,5,1.0,EW,9,585,399
2015,5,1.0,EW,10,452,345
2015,5,1.0,EW,11,174,135
2015,5,1.0,EW,12,95,79
2015,5,1.0,EW,13,7,0
2015,5,1.0,EW,14,4,4
2015,5,1.0,EW,15,7,5
2015,5,1.0,EW,16,0,0
2015,5,1.0,Quantile,1,267,26
2015,5,1.0,Quantile,2,267,67
2015,5,1.0,Quantile,3,267,75
2015,5,1.0,Quantile,4,266,65
2015,5,1.0,Quantile,5,267,67
2015,5,1.0,Quantile,6,267,121
2015,5,1.0,Quantile,7,266,147
2015,5,1.0,Quantile,8,267,115
2015,5,1.0,Quantile,9,267,137
2015,5,1.0,Quantile,10,266,163
2015,5,1.0,Quantile,11,267,179
2015,5,1.0,Quantile,12,267,160
2015,5,1.0,Quantile,13,266,197
2015,5,1.0,Quantile,14,267,198
2015,5,1.0,Quantile,15,267,205
2015,5,1.0,Quantile,16,266,212
2015,5,0.05,EW,1,0,0
2015,5,0.05,EW,2,0,0
2015,5,0.05,EW,3,0,0
2015,5,0.05,EW,4,20,2
2015,5,0.05,EW,5,98,59
2015,5,0.05,EW,6,697,356
2015,5,0.05,EW,7,1486,715
2015,5,0.05,EW,8,1214,649
2015,5,0.05,EW,9,601,287
2015,5,0.05,EW,10,136,64
2015,5,0.05,EW,11,15,2
2015,5,0.05,EW,12,0,0
2015,5,0.05,EW,13,0,0
2015,5,0.05,EW,14,0,0
2015,5,0.05,EW,15,0,0
2015,5,0.05,EW,16,0,0
2015,5,0.05,Quantile,1,267,128
2015,5,0.05,Quantile,2,267,138
2015,5,0.05,Quantile,3,267,144
2015,5,0.05,Quantile,4,266,142
2015,5,0.05,Quantile,5,267,148
2015,5,0.05,Quantile,6,267,130
2015,5,0.05,Quantile,7,266,108
2015,5,0.05,Quantile,8,267,115
2015,5,0.05,Quantile,9,267,133
2015,5,0.05,Quantile,10,266,137
2015,5,0.05,Quantile,11,267,140
2015,5,0.05,Quantile,12,267,153
2015,5,0.05,Quantile,13,266,148
2015,5,0.05,Quantile,14,267,111
2015,5,0.05,Quantile,15,267,139
2015,5,0.05,Quantile,16,266,120
2015,6,1.0,EW,1,2,0
2015,6,1.0,EW,2,9,0
2015,6,1.0,EW,3,64,7
2015,6,1.0,EW,4,259,45
2015,6,1.0,EW,5,498,119
2015,6,1.0,EW,6,660,218
2015,6,1.0,EW,7,681,296
2015,6,1.0,EW,8,728,441
2015,6,1.0,EW,9,669,475
2015,6,1.0,EW,10,381,283
2015,6,1.0,EW,11,188,144
2015,6,1.0,EW,12,80,67
2015,6,1.0,EW,13,37,31
2015,6,1.0,EW,14,9,8
2015,6,1.0,EW,15,2,0
2015,6,1.0,EW,16,0,0
2015,6,1.0,Quantile,1,267,41
2015,6,1.0,Quantile,2,267,52
2015,6,1.0,Quantile,3,267,68
2015,6,1.0,Quantile,4,266,92
2015,6,1.0,Quantile,5,267,81
2015,6,1.0,Quantile,6,267,102
2015,6,1.0,Quantile,7,266,109
2015,6,1.0,Quantile,8,267,121
2015,6,1.0,Quantile,9,267,152
2015,6,1.0,Quantile,10,266,164
2015,6,1.0,Quantile,11,267,169
2015,6,1.0,Quantile,12,267,174
2015,6,1.0,Quantile,13,266,200
2015,6,1.0,Quantile,14,267,190
2015,6,1.0,Quantile,15,267,204
2015,6,1.0,Quantile,16,266,215
2015,6,0.05,EW,1,0,0
2015,6,0.05,EW,2,0,0
2015,6,0.05,EW,3,1,1
2015,6,0.05,EW,4,27,7
2015,6,0.05,EW,5,105,62
2015,6,0.05,EW,6,704,352
2015,6,0.05,EW,7,1402,680
2015,6,0.05,EW,8,1288,648
2015,6,0.05,EW,9,583,303
2015,6,0.05,EW,10,120,50
2015,6,0.05,EW,11,28,22
2015,6,0.05,EW,12,9,9
2015,6,0.05,EW,13,0,0
2015,6,0.05,EW,14,0,0
2015,6,0.05,EW,15,0,0
2015,6,0.05,EW,16,0,0
2015,6,0.05,Quantile,1,267,138
2015,6,0.05,Quantile,2,267,136
2015,6,0.05,Quantile,3,267,124
2015,6,0.05,Quantile,4,266,139
2015,6,0.05,Quantile,5,267,121
2015,6,0.05,Quantile,6,267,135
2015,6,0.05,Quantile,7,266,115
2015,6,0.05,Quantile,8,267,135
2015,6,0.05,Quantile,9,267,142
2015,6,0.05,Quantile,10,266,135
2015,6,0.05,Quantile,11,267,128
2015,6,0.05,Quantile,12,267,151
2015,6,0.05,Quantile,13,266,124
2015,6,0.05,Quantile,14,267,135
2015,6,0.05,Quantile,15,267,135
2015,6,0.05,Quantile,16,266,141
2015,7,1.0,EW,1,9,0
2015,7,1.0,EW,2,19,0
2015,7,1.0,EW,3,75,11
2015,7,1.0,EW,4,207,32
2015,7,1.0,EW,5,491,123
2015,7,1.0,EW,6,602,182
2015,7,1.0,EW,7,759,376
2015,7,1.0,EW,8,756,418
2015,7,1.0,EW,9,669,459
2015,7,1.0,EW,10,356,267
2015,7,1.0,EW,11,220,189
2015,7,1.0,EW,12,75,57
2015,7,1.0,EW,13,27,20
2015,7,1.0,EW,14,2,0
2015,7,1.0,EW,15,0,0
2015,7,1.0,EW,16,0,0
2015,7,1.0,Quantile,1,267,31
2015,7,1.0,Quantile,2,267,70
2015,7,1.0,Quantile,3,267,65
2015,7,1.0,Quantile,4,266,64
2015,7,1.0,Quantile,5,267,100
2015,7,1.0,Quantile,6,267,105
2015,7,1.0,Quantile,7,266,156
2015,7,1.0,Quantile,8,267,121
2015,7,1.0,Quantile,9,267,149
2015,7,1.0,Quantile,10,266,143
2015,7,1.0,Quantile,11,267,148
2015,7,1.0,Quantile,12,267,194
2015,7,1.0,Quantile,13,266,169
2015,7,1.0,Quantile,14,267,196
2015,7,1.0,Quantile,15,267,207
2015,7,1.0,Quantile,16,266,216
2015,7,0.05,EW,1,0,0
2015,7,0.05,EW,2,0,0
2015,7,0.05,EW,3,0,0
2015,7,0.05,EW,4,12,11
2015,7,0.05,EW,5,143,51
2015,7,0.05,EW,6,724,366
2015,7,0.05,EW,7,1438,696
2015,7,0.05,EW,8,1143,601
2015,7,0.05,EW,9,620,314
2015,7,0.05,EW,10,155,84
2015,7,0.05,EW,11,31,11
2015,7,0.05,EW,12,1,0
2015,7,0.05,EW,13,0,0
2015,7,0.05,EW,14,0,0
2015,7,0.05,EW,15,0,0
2015,7,0.05,EW,16,0,0
2015,7,0.05,Quantile,1,267,118
2015,7,0.05,Quantile,2,267,156
2015,7,0.05,Quantile,3,267,114
2015,7,0.05,Quantile,4,266,142
2015,7,0.05,Quantile,5,267,143
2015,7,0.05,Quantile,6,267,136
2015,7,0.05,Quantile,7,266,113
2015,7,0.05,Quantile,8,267,120
2015,7,0.05,Quantile,9,267,125
2015,7,0.05,Quantile,10,266,138
2015,7,0.05,Quantile,11,267,116
2015,7,0.05,Quantile,12,267,152
2015,7,0.05,Quantile,13,266,156
2015,7,0.05,Quantile,14,267,141
2015,7,0.05,Quantile,15,267,142
2015,7,0.05,Quantile,16,266,122
2015,8,1.0,EW,1,14,0
2015,8,1.0,EW,2,15,1
2015,8,1.0,EW,3,53,4
2015,8,1.0,EW,4,252,47
2015,8,1.0,EW,5,463,108
2015,8,1.0,EW,6,600,207
2015,8,1.0,EW,7,790,358
2015,8,1.0,EW,8,798,446
2015,8,1.0,EW,9,546,370
2015,8,1.0,EW,10,345,271
2015,8,1.0,EW,11,264,224
2015,8,1.0,EW,12,104,78
2015,8,1.0,EW,13,2,0
2015,8,1.0,EW,14,20,19
2015,8,1.0,EW,15,1,1
2015,8,1.0,EW,16,0,0
2015,8,1.0,Quantile,1,267,43
2015,8,1.0,Quantile,2,267,48
2015,8,1.0,Quantile,3,267,71
2015,8,1.0,Quantile,4,266,63
2015,8,1.0,Quantile,5,267,101
2015,8,1.0,Quantile,6,267,142
2015,8,1.0,Quantile,7,266,99
2015,8,1.0,Quantile,8,267,129
2015,8,1.0,Quantile,9,267,134
2015,8,1.0,Quantile,10,266,160
2015,8,1.0,Quantile,11,267,145
2015,8,1.0,Quantile,12,267,193
2015,8,1.0,Quantile,13,266,172
2015,8,1.0,Quantile,14,267,184
2015,8,1.0,Quantile,15,267,235
2015,8,1.0,Quantile,16,266,215
2015,8,0.05,EW,1,0,0
2015,8,0.05,EW,2,0,0
2015,8,0.05,EW,3,0,0
2015,8,0.05,EW,4,27,7
2015,8,0.05,EW,5,109,59
2015,8,0.05,EW,6,642,339
2015,8,0.05,EW,7,1439,710
2015,8,0.05,EW,8,1347,692
2015,8,0.05,EW,9,543,258
2015,8,0.05,EW,10,148,66
2015,8,0.05,EW,11,12,3
2015,8,0.05,EW,12,0,0
2015,8,0.05,EW,13,0,0
2015,8,0.05,EW,14,0,0
2015,8,0.05,EW,15,0,0
2015,8,0.05,EW,16,0,0
2015,8,0.05,Quantile,1,267,136
2015,8,0.05,Quantile,2,267,139
2015,8,0.05,Quantile,3,267,140
2015,8,0.05,Quantile,4,266,130
2015,8,0.05,Quantile,5,267,138
2015,8,0.05,Quantile,6,267,137
2015,8,0.05,Quantile,7,266,138
2015,8,0.05,Quantile,8,267,124
2015,8,0.05,Quantile,9,267,130
2015,8,0.05,Quantile,10,266,136
2015,8,0.05,Quantile,11,267,131
2015,8,0.05,Quantile,12,267,129
2015,8,0.05,Quantile,13,266,153
2015,8,0.05,Quantile,14,267,127
2015,8,0.05,Quantile,15,267,120
2015,8,0.05,Quantile,16,266,126
2015,9,1.0,EW,1,0,0
2015,9,1.0,EW,2,8,1
2015,9,1.0,EW,3,43,13
2015,9,1.0,EW,4,248,52
2015,9,1.0,EW,5,513,98
2015,9,1.0,EW,6,701,238
2015,9,1.0,EW,7,731,329
2015,9,1.0,EW,8,688,413
2015,9,1.0,EW,9,629,447
2015,9,1.0,EW,10,314,218
2015,9,1.0,EW,11,292,241
2015,9,1.0,EW,12,51,43
2015,9,1.0,EW,13,27,22
2015,9,1.0,EW,14,15,14
2015,9,1.0,EW,15,5,5
2015,9,1.0,EW,16,2,0
2015,9,1.0,Quantile,1,267,62
2015,9,1.0,Quantile,2,267,33
2015,9,1.0,Quantile,3,267,67
2015,9,1.0,Quantile,4,266,83
2015,9,1.0,Quantile,5,267,84
2015,9,1.0,Quantile,6,267,105
2015,9,1.0,Quantile,7,266,110
2015,9,1.0,Quantile,8,267,143
2015,9,1.0,Quantile,9,267,125
2015,9,1.0,Quantile,10,266,153
2015,9,1.0,Quantile,11,267,181
2015,9,1.0,Quantile,12,267,167
2015,9,1.0,Quantile,13,266,198
2015,9,1.0,Quantile,14,267,192
2015,9,1.0,Quantile,15,267,222
2015,9,1.0,Quantile,16,266,209
2015,9,0.05,EW,1,0,0
2015,9,0.05,EW,2,0,0
2015,9,0.05,EW,3,0,0
2015,9,0.05,EW,4,2,2
2015,9,0.05,EW,5,132,70
2015,9,0.05,EW,6,595,289
2015,9,0.05,EW,7,1511,820
2015,9,0.05,EW,8,1378,643
2015,9,0.05,EW,9,559,288
2015,9,0.05,EW,10,71,13
2015,9,0.05,EW,11,17,9
2015,9,0.05,EW,12,2,0
2015,9,0.05,EW,13,0,0
2015,9,0.05,EW,14,0,0
2015,9,0.05,EW,15,0,0
2015,9,0.05,EW,16,0,0
2015,9,0.05,Quantile,1,267,128
2015,9,0.05,Quantile,2,267,128
2015,9,0.05,Quantile,3,267,149
2015,9,0.05,Quantile,4,266,149
2015,9,0.05,Quantile,5,267,135
2015,9,0.05,Quantile,6,267,140
2015,9,0.05,Quantile,7,266,154
2015,9,0.05,Quantile,8,267,142
2015,9,0.05,Quantile,9,267,144
2015,9,0.05,Quantile,10,266,102
2015,9,0.05,Quantile,11,267,122
2015,9,0.05,Quantile,12,267,129
2015,9,0.05,Quantile,13,266,126
2015,9,0.05,Quantile,14,267,142
2015,9,0.05,Quantile,15,267,134
2015,9,0.05,Quantile,16,266,110
2015,10,1.0,EW,1,0,0
2015,10,1.0,EW,2,0,0
2015,10,1.0,EW,3,54,15
2015,10,1.0,EW,4,287,48
2015,10,1.0,EW,5,538,139
2015,10,1.0,EW,6,615,174
2015,10,1.0,EW,7,685,342
2015,10,1.0,EW,8,828,473
2015,10,1.0,EW,9,488,340
2015,10,1.0,EW,10,346,253
2015,10,1.0,EW,11,266,223
2015,10,1.0,EW,12,117,94
2015,10,1.0,EW,13,28,23
2015,10,1.0,EW,14,15,10
2015,10,1.0,EW,15,0,0
2015,10,1.0,EW,16,0,0
2015,10,1.0,Quantile,1,267,47
2015,10,1.0,Quantile,2,267,72
2015,10,1.0,Quantile,3,267,64
2015,10,1.0,Quantile,4,266,61
2015,10,1.0,Quantile,5,267,85
2015,10,1.0,Quantile,6,267,99
2015,10,1.0,Quantile,7,266,111
2015,10,1.0,Quantile,8,267,146
2015,10,1.0,Quantile,9,267,177
2015,10,1.0,Quantile,10,266,163
2015,10,1.0,Quantile,11,267,124
2015,10,1.0,Quantile,12,267,157
2015,10,1.0,Quantile,13,266,201
2015,10,1.0,Quantile,14,267,199
2015,10,1.0,Quantile,15,267,215
2015,10,1.0,Quantile,16,266,213
2015,10,0.05,EW,1,0,0
2015,10,0.05,EW,2,0,0
2015,10,0.05,EW,3,0,0
2015,10,0.05,EW,4,12,4
2015,10,0.05,EW,5,116,60
2015,10,0.05,EW,6,645,335
2015,10,0.05,EW,7,1399,689
2015,10,0.05,EW,8,1447,767
2015,10,0.05,EW,9,517,213
2015,10,0.05,EW,10,127,66
2015,10,0.05,EW,11,4,0
2015,10,0.05,EW,12,0,0
2015,10,0.05,EW,13,0,0
2015,10,0.05,EW,14,0,0
2015,10,0.05,EW,15,0,0
2015,10,0.05,EW,16,0,0
2015,10,0.05,Quantile,1,267,138
2015,10,0.05,Quantile,2,267,133
2015,10,0.05,Quantile,3,267,140
2015,10,0.05,Quantile,4,266,147
2015,10,0.05,Quantile,5,267,129
2015,10,0.05,Quantile,6,267,119
2015,10,0.05,Quantile,7,266,125
2015,10,0.05,Quantile,8,267,141
2015,10,0.05,Quantile,9,267,132
2015,10,0.05,Quantile,10,266,132
2015,10,0.05,Quantile,11,267,162
2015,10,0.05,Quantile,12,267,154
2015,10,0.05,Quantile,13,266,140
2015,10,0.05,Quantile,14,267,110
2015,10,0.05,Quantile,15,267,92
2015,10,0.05,Quantile,16,266,140
2015,11,1.0,EW,1,14,0
2015,11,1.0,EW,2,37,0
2015,11,1.0,EW,3,48,9
2015,11,1.0,EW,4,298,42
2015,11,1.0,EW,5,427,99
2015,11,1.0,EW,6,586,200
2015,11,1.0,EW,7,767,348
2015,11,1.0,EW,8,812,452
2015,11,1.0,EW,9,504,361
2015,11,1.0,EW,10,372,295
2015,11,1.0,EW,11,241,196
2015,11,1.0,EW,12,96,82
2015,11,1.0,EW,13,47,36
2015,11,1.0,EW,14,8,5
2015,11,1.0,EW,15,10,9
2015,11,1.0,EW,16,0,0
2015,11,1.0,Quantile,1,267,42
2015,11,1.0,Quantile,2,267,31
2015,11,1.0,Quantile,3,267,69
2015,11,1.0,Quantile,4,266,63
2015,11,1.0,Quantile,5,267,113
2015,11,1.0,Quantile,6,267,106
2015,11,1.0,Quantile,7,266,113
2015,11,1.0,Quantile,8,267,145
2015,11,1.0,Quantile,9,267,125
2015,11,1.0,Quantile,10,266,153
2015,11,1.0,Quantile,11,267,154
2015,11,1.0,Quantile,12,267,192
2015,11,1.0,Quantile,13,266,186
2015,11,1.0,Quantile,14,267,206
2015,11,1.0,Quantile,15,267,218
2015,11,1.0,Quantile,16,266,218
2015,11,0.05,EW,1,0,0
2015,11,0.05,EW,2,0,0
2015,11,0.05,EW,3,0,0
2015,11,0.05,EW,4,25,9
2015,11,0.05,EW,5,119,66
2015,11,0.05,EW,6,668,327
2015,11,0.05,EW,7,1451,763
2015,11,0.05,EW,8,1275,617
2015,11,0.05,EW,9,553,275
2015,11,0.05,EW,10,162,72
2015,11,0.05,EW,11,14,5
2015,11,0.05,EW,12,0,0
2015,11,0.05,EW,13,0,0
2015,11,0.05,EW,14,0,0
2015,11,0.05,EW,15,0,0
2015,11,0.05,EW,16,0,0
2015,11,0.05,Quantile,1,267,142
2015,11,0.05,Quantile,2,267,135
2015,11,0.05,Quantile,3,267,121
2015,11,0.05,Quantile,4,266,134
2015,11,0.05,Quantile,5,267,130
2015,11,0.05,Quantile,6,267,135
2015,11,0.05,Quantile,7,266,160
2015,11,0.05,Quantile,8,267,147
2015,11,0.05,Quantile,9,267,124
2015,11,0.05,Quantile,10,266,102
2015,11,0.05,Quantile,11,267,140
2015,11,0.05,Quantile,12,267,131
2015,11,0.05,Quantile,13,266,150
2015,11,0.05,Quantile,14,267,125
2015,11,0.05,Quantile,15,267,136
2015,11,0.05,Quantile,16,266,122
2015,12,1.0,EW,1,1,0
2015,12,1.0,EW,2,15,1
2015,12,1.0,EW,3,78,4
2015,12,1.0,EW,4,185,44
2015,12,1.0,EW,5,426,102
2015,12,1.0,EW,6,728,260
2015,12,1.0,EW,7,983,417
2015,12,1.0,EW,8,523,290
2015,12,1.0,EW,9,529,377
2015,12,1.0,EW,10,440,343
2015,12,1.0,EW,11,206,178
2015,12,1.0,EW,12,112,93
2015,12,1.0,EW,13,37,24
2015,12,1.0,EW,14,4,1
2015,12,1.0,EW,15,0,0
2015,12,1.0,EW,16,0,0
2015,12,1.0,Quantile,1,267,46
2015,12,1.0,Quantile,2,267,55
2015,12,1.0,Quantile,3,267,82
2015,12,1.0,Quantile,4,266,83
2015,12,1.0,Quantile,5,267,102
2015,12,1.0,Quantile,6,267,118
2015,12,1.0,Quantile,7,266,103
2015,12,1.0,Quantile,8,267,117
2015,12,1.0,Quantile,9,267,117
2015,12,1.0,Quantile,10,266,150
2015,12,1.0,Quantile,11,267,142
2015,12,1.0,Quantile,12,267,203
2015,12,1.0,Quantile,13,266,176
2015,12,1.0,Quantile,14,267,230
2015,12,1.0,Quantile,15,267,199
2015,12,1.0,Quantile,16,266,211
2015,12,0.05,EW,1,0,0
2015,12,0.05,EW,2,0,0
2015,12,0.05,EW,3,0,0
2015,12,0.05,EW,4,9,8
2015,12,0.05,EW,5,139,67
2015,12,0.05,EW,6,642,317
2015,12,0.05,EW,7,1360,724
2015,12,0.05,EW,8,1435,713
2015,12,0.05,EW,9,571,247
2015,12,0.05,EW,10,101,53
2015,12,0.05,EW,11,10,5
2015,12,0.05,EW,12,0,0
2015,12,0.05,EW,13,0,0
2015,12,0.05,EW,14,0,0
2015,12,0.05,EW,15,0,0
2015,12,0.05,EW,16,0,0
2015,12,0.05,Quantile,1,267,118
2015,12,0.05,Quantile,2,267,143
2015,12,0.05,Quantile,3,267,133
2015,12,0.05,Quantile,4,266,127
2015,12,0.05,Quantile,5,267,126
2015,12,0.05,Quantile,6,267,148
2015,12,0.05,Quantile,7,266,145
2015,12,0.05,Quantile,8,267,165
2015,12,0.05,Quantile,9,267,156
2015,12,0.05,Quantile,10,266,142
2015,12,0.05,Quantile,11,267,130
2015,12,0.05,Quantile,12,267,129
2015,12,0.05,Quantile,13,266,113
2015,12,0.05,Quantile,14,267,122
2015,12,0.05,Quantile,15,267,126
2015,12,0.05,Quantile,16,266,111
2015,13,1.0,EW,1,0,0
2015,13,1.0,EW,2,37,3
2015,13,1.0,EW,3,63,12
2015,13,1.0,EW,4,203,35
2015,13,1.0,EW,5,595,135
2015,13,1.0,EW,6,555,175
2015,13,1.0,EW,7,725,310
2015,13,1.0,EW,8,715,438
2015,13,1.0,EW,9,571,422
2015,13,1.0,EW,10,455,329
2015,13,1.0,EW,11,232,190
2015,13,1.0,EW,12,80,58
2015,13,1.0,EW,13,23,19
2015,13,1.0,EW,14,8,7
2015,13,1.0,EW,15,5,1
2015,13,1.0,EW,16,0,0
2015,13,1.0,Quantile,1,267,41
2015,13,1.0,Quantile,2,267,79
2015,13,1.0,Quantile,3,267,37
2015,13,1.0,Quantile,4,266,60
2015,13,1.0,Quantile,5,267,102
2015,13,1.0,Quantile,6,267,115
2015,13,1.0,Quantile,7,266,108
2015,13,1.0,Quantile,8,267,109
2015,13,1.0,Quantile,9,267,164
2015,13,1.0,Quantile,10,266,169
2015,13,1.0,Quantile,11,267,146
2015,13,1.0,Quantile,12,267,182
2015,13,1.0,Quantile,13,266,221
2015,13,1.0,Quantile,14,267,196
2015,13,1.0,Quantile,15,267,197
2015,13,1.0,Quantile,16,266,208
2015,13,0.05,EW,1,0,0
2015,13,0.05,EW,2,0,0
2015,13,0.05,EW,3,0,0
2015,13,0.05,EW,4,15,3
2015,13,0.05,EW,5,140,68
2015,13,0.05,EW,6,588,303
2015,13,0.05,EW,7,1440,759
2015,13,0.05,EW,8,1430,712
2015,13,0.05,EW,9,557,245
2015,13,0.05,EW,10,92,44
2015,13,0.05,EW,11,5,0
2015,13,0.05,EW,12,0,0
2015,13,0.05,EW,13,0,0
2015,13,0.05,EW,14,0,0
2015,13,0.05,EW,15,0,0
2015,13,0.05,EW,16,0,0
2015,13,0.05,Quantile,1,267,128
2015,13,0.05,Quantile,2,267,133
2015,13,0.05,Quantile,3,267,148
2015,13,0.05,Quantile,4,266,154
2015,13,0.05,Quantile,5,267,150
2015,13,0.05,Quantile,6,267,133
2015,13,0.05,Quantile,7,266,120
2015,13,0.05,Quantile,8,267,139
2015,13,0.05,Quantile,9,267,122
2015,13,0.05,Quantile,10,266,136
2015,13,0.05,Quantile,11,267,139
2015,13,0.05,Quantile,12,267,139
2015,13,0.05,Quantile,13,266,134
2015,13,0.05,Quantile,14,267,137
2015,13,0.05,Quantile,15,267,111
2015,13,0.05,Quantile,16,266,111
2015,14,1.0,EW,1,3,0
2015,14,1.0,EW,2,26,1
2015,14,1.0,EW,3,84,18
2015,14,1.0,EW,4,196,32
2015,14,1.0,EW,5,515,113
2015,14,1.0,EW,6,721,238
2015,14,1.0,EW,7,711,321
2015,14,1.0,EW,8,587,341
2015,14,1.0,EW,9,632,465
2015,14,1.0,EW,10,440,324
2015,14,1.0,EW,11,214,175
2015,14,1.0,EW,12,87,68
2015,14,1.0,EW,13,27,19
2015,14,1.0,EW,14,23,19
2015,14,1.0,EW,15,1,0
2015,14,1.0,EW,16,0,0
2015,14,1.0,Quantile,1,267,39
2015,14,1.0,Quantile,2,267,67
2015,14,1.0,Quantile,3,267,54
2015,14,1.0,Quantile,4,266,84
2015,14,1.0,Quantile,5,267,79
2015,14,1.0,Quantile,6,267,108
2015,14,1.0,Quantile,7,266,112
2015,14,1.0,Quantile,8,267,116
2015,14,1.0,Quantile,9,267,132
2015,14,1.0,Quantile,10,266,162
2015,14,1.0,Quantile,11,267,178
2015,14,1.0,Quantile,12,267,212
2015,14,1.0,Quantile,13,266,180
2015,14,1.0,Quantile,14,267,193
2015,14,1.0,Quantile,15,267,205
2015,14,1.0,Quantile,16,266,213
2015,14,0.05,EW,1,0,0
2015,14,0.05,EW,2,0,0
2015,14,0.05,EW,3,0,0
2015,14,0.05,EW,4,2,2
2015,14,0.05,EW,5,152,90
2015,14,0.05,EW,6,701,312
2015,14,0.05,EW,7,1348,719
2015,14,0.05,EW,8,1306,613
2015,14,0.05,EW,9,634,342
2015,14,0.05,EW,10,105,47
2015,14,0.05,EW,11,16,9
2015,14,0.05,EW,12,3,0
2015,14,0.05,EW,13,0,0
2015,14,0.05,EW,14,0,0
2015,14,0.05,EW,15,0,0
2015,14,0.05,EW,16,0,0
2015,14,0.05,Quantile,1,267,135
2015,14,0.05,Quantile,2,267,124
2015,14,0.05,Quantile,3,267,121
2015,14,0.05,Quantile,4,266,142
2015,14,0.05,Quantile,5,267,149
2015,14,0.05,Quantile,6,267,141
2015,14,0.05,Quantile,7,266,135
2015,14,0.05,Quantile,8,267,149
2015,14,0.05,Quantile,9,267,124
2015,14,0.05,Quantile,10,266,126
2015,14,0.05,Quantile,11,267,119
2015,14,0.05,Quantile,12,267,123
2015,14,0.05,Quantile,13,266,124
2015,14,0.05,Quantile,14,267,136
2015,14,0.05,Quantile,15,267,169
2015,14,0.05,Quantile,16,266,117
2015,15,1.0,EW,1,1,1
2015,15,1.0,EW,2,14,2
2015,15,1.0,EW,3,88,4
2015,15,1.0,EW,4,289,50
2015,15,1.0,EW,5,413,99
2015,15,1.0,EW,6,626,180
2015,15,1.0,EW,7,754,379
2015,15,1.0,EW,8,724,427
2015,15,1.0,EW,9,653,450
2015,15,1.0,EW,10,422,316
2015,15,1.0,EW,11,112,83
2015,15,1.0,EW,12,138,121
2015,15,1.0,EW,13,14,10
2015,15,1.0,EW,14,3,3
2015,15,1.0,EW,15,9,8
2015,15,1.0,EW,16,7,1
2015,15,1.0,Quantile,1,267,38
2015,15,1.0,Quantile,2,267,44
2015,15,1.0,Quantile,3,267,73
2015,15,1.0,Quantile,4,266,67
2015,15,1.0,Quantile,5,267,83
2015,15,1.0,Quantile,6,267,106
2015,15,1.0,Quantile,7,266,140
2015,15,1.0,Quantile,8,267,137
2015,15,1.0,Quantile,9,267,132
2015,15,1.0,Quantile,10,266,167
2015,15,1.0,Quantile,11,267,168
2015,15,1.0,Quantile,12,267,170
2015,15,1.0,Quantile,13,266,195
2015,15,1.0,Quantile,14,267,193
2015,15,1.0,Quantile,15,267,210
2015,15,1.0,Quantile,16,266,211
2015,15,0.05,EW,1,0,0
2015,15,0.05,EW,2,0,0
2015,15,0.05,EW,3,0,0
2015,15,0.05,EW,4,20,6
2015,15,0.05,EW,5,182,86
2015,15,0.05,EW,6,693,323
2015,15,0.05,EW,7,1288,667
2015,15,0.05,EW,8,1324,694
2015,15,0.05,EW,9,574,264
2015,15,0.05,EW,10,155,85
2015,15,0.05,EW,11,30,9
2015,15,0.05,EW,12,1,0
2015,15,0.05,EW,13,0,0
2015,15,0.05,EW,14,0,0
2015,15,0.05,EW,15,0,0
2015,15,0.05,EW,16,0,0
2015,15,0.05,Quantile,1,267,128
2015,15,0.05,Quantile,2,267,122
2015,15,0.05,Quantile,3,267,117
2015,15,0.05,Quantile,4,266,135
2015,15,0.05,Quantile,5,267,115
2015,15,0.05,Quantile,6,267,152
2015,15,0.05,Quantile,7,266,146
2015,15,0.05,Quantile,8,267,140
2015,15,0.05,Quantile,9,267,146
2015,15,0.05,Quantile,10,266,121
2015,15,0.05,Quantile,11,267,122
2015,15,0.05,Quantile,12,267,152
2015,15,0.05,Quantile,13,266,156
2015,15,0.05,Quantile,14,267,132
2015,15,0.05,Quantile,15,267,111
2015,15,0.05,Quantile,16,266,139
2015,16,1.0,EW,1,0,0
2015,16,1.0,EW,2,25,2
2015,16,1.0,EW,3,82,10
2015,16,1.0,EW,4,260,46
2015,16,1.0,EW,5,386,84
2015,16,1.0,EW,6,683,254
2015,16,1.0,EW,7,804,341
2015,16,1.0,EW,8,750,437
2015,16,1.0,EW,9,510,344
2015,16,1.0,EW,10,432,355
2015,16,1.0,EW,11,185,140
2015,16,1.0,EW,12,85,75
2015,16,1.0,EW,13,44,28
2015,16,1.0,EW,14,21,18
2015,16,1.0,EW,15,0,0
2015,16,1.0,EW,16,0,0
2015,16,1.0,Quantile,1,267,36
2015,16,1.0,Quantile,2,267,53
2015,16,1.0,Quantile,3,267,68
2015,16,1.0,Quantile,4,266,95
2015,16,1.0,Quantile,5,267,111
2015,16,1.0,Quantile,6,267,106
2015,16,1.0,Quantile,7,266,107
2015,16,1.0,Quantile,8,267,98
2015,16,1.0,Quantile,9,267,161
2015,16,1.0,Quantile,10,266,132
2015,16,1.0,Quantile,11,267,168
2015,16,1.0,Quantile,12,267,172
2015,16,1.0,Quantile,13,266,185
2015,16,1.0,Quantile,14,267,223
2015,16,1.0,Quantile,15,267,216
2015,16,1.0,Quantile,16,266,203
2015,16,0.05,EW,1,0,0
2015,16,0.05,EW,2,0,0
2015,16,0.05,EW,3,0,0
2015,16,0.05,EW,4,10,3
2015,16,0.05,EW,5,108,52
2015,16,0.05,EW,6,606,320
2015,16,0.05,EW,7,1483,816
2015,16,0.05,EW,8,1421,655
2015,16,0.05,EW,9,538,243
2015,16,0.05,EW,10,96,43
2015,16,0.05,EW,11,5,2
2015,16,0.05,EW,12,0,0
2015,16,0.05,EW,13,0,0
2015,16,0.05,EW,14,0,0
2015,16,0.05,EW,15,0,0
2015,16,0.05,EW,16,0,0
2015,16,0.05,Quantile,1,267,146
2015,16,0.05,Quantile,2,267,144
2015,16,0.05,Quantile,3,267,131
2015,16,0.05,Quantile,4,266,138
2015,16,0.05,Quantile,5,267,142
2015,16,0.05,Quantile,6,267,161
2015,16,0.05,Quantile,7,266,150
2015,16,0.05,Quantile,8,267,143
2015,16,0.05,Quantile,9,267,135
2015,16,0.05,Quantile,10,266,109
2015,16,0.05,Quantile,11,267,131
2015,16,0.05,Quantile,12,267,120
2015,16,0.05,Quantile,13,266,118
2015,16,0.05,Quantile,14,267,125
2015,16,0.05,Quantile,15,267,129
2015,16,0.05,Quantile,16,266,112
2015,17,1.0,EW,1,0,0
2015,17,1.0,EW,2,13,0
2015,17,1.0,EW,3,47,12
2015,17,1.0,EW,4,259,48
2015,17,1.0,EW,5,494,103
2015,17,1.0,EW,6,679,223
2015,17,1.0,EW,7,717,325
2015,17,1.0,EW,8,683,427
2015,17,1.0,EW,9,690,452
2015,17,1.0,EW,10,357,273
2015,17,1.0,EW,11,182,145
2015,17,1.0,EW,12,114,98
2015,17,1.0,EW,13,15,13
2015,17,1.0,EW,14,16,15
2015,17,1.0,EW,15,1,0
2015,17,1.0,EW,16,0,0
2015,17,1.0,Quantile,1,267,48
2015,17,1.0,Quantile,2,267,53
2015,17,1.0,Quantile,3,267,59
2015,17,1.0,Quantile,4,266,82
2015,17,1.0,Quantile,5,267,92
2015,17,1.0,Quantile,6,267,102
2015,17,1.0,Quantile,7,266,118
2015,17,1.0,Quantile,8,267,122
2015,17,1.0,Quantile,9,267,156
2015,17,1.0,Quantile,10,266,139
2015,17,1.0,Quantile,11,267,197
2015,17,1.0,Quantile,12,267,171
2015,17,1.0,Quantile,13,266,171
2015,17,1.0,Quantile,14,267,195
2015,17,1.0,Quantile,15,267,206
2015,17,1.0,Quantile,16,266,223
2015,17,0.05,EW,1,0,0
2015,17,0.05,EW,2,0,0
2015,17,0.05,EW,3,0,0
2015,17,0.05,EW,4,4,4
2015,17,0.05,EW,5,153,80
2015,17,0.05,EW,6,706,351
2015,17,0.05,EW,7,1320,662
2015,17,0.05,EW,8,1356,674
2015,17,0.05,EW,9,574,283
2015,17,0.05,EW,10,139,73
2015,17,0.05,EW,11,15,7
2015,17,0.05,EW,12,0,0
2015,17,0.05,EW,13,0,0
2015,17,0.05,EW,14,0,0
2015,17,0.05,EW,15,0,0
2015,17,0.05,EW,16,0,0
2015,17,0.05,Quantile,1,267,130
2015,17,0.05,Quantile,2,267,130
2015,17,0.05,Quantile,3,267,140
2015,17,0.05,Quantile,4,266,129
2015,17,0.05,Quantile,5,267,137
2015,17,0.05,Quantile,6,267,135
2015,17,0.05,Quantile,7,266,137
2015,17,0.05,Quantile,8,267,139
2015,17,0.05,Quantile,9,267,148
2015,17,0.05,Quantile,10,266,122
2015,17,0.05,Quantile,11,267,125
2015,17,0.05,Quantile,12,267,133
2015,17,0.05,Quantile,13,266,133
2015,17,0.05,Quantile,14,267,122
2015,17,0.05,Quantile,15,267,137
2015,17,0.05,Quantile,16,266,137
2015,18,1.0,EW,1,0,0
2015,18,1.0,EW,2,13,1
2015,18,1.0,EW,3,74,7
2015,18,1.0,EW,4,271,34
2015,18,1.0,EW,5,436,121
2015,18,1.0,EW,6,692,212
2015,18,1.0,EW,7,645,260
2015,18,1.0,EW,8,737,497
2015,18,1.0,EW,9,755,499
2015,18,1.0,EW,10,288,211
2015,18,1.0,EW,11,222,188
2015,18,1.0,EW,12,86,71
2015,18,1.0,EW,13,47,33
2015,18,1.0,EW,14,1,0
2015,18,1.0,EW,15,0,0
2015,18,1.0,EW,16,0,0
2015,18,1.0,Quantile,1,267,32
2015,18,1.0,Quantile,2,267,47
2015,18,1.0,Quantile,3,267,85
2015,18,1.0,Quantile,4,266,72
2015,18,1.0,Quantile,5,267,80
2015,18,1.0,Quantile,6,267,103
2015,18,1.0,Quantile,7,266,98
2015,18,1.0,Quantile,8,267,121
2015,18,1.0,Quantile,9,267,177
2015,18,1.0,Quantile,10,266,164
2015,18,1.0,Quantile,11,267,194
2015,18,1.0,Quantile,12,267,179
2015,18,1.0,Quantile,13,266,180
2015,18,1.0,Quantile,14,267,168
2015,18,1.0,Quantile,15,267,216
2015,18,1.0,Quantile,16,266,218
2015,18,0.05,EW,1,0,0
2015,18,0.05,EW,2,0,0
2015,18,0.05,EW,3,0,0
2015,18,0.05,EW,4,4,2
2015,18,0.05,EW,5,155,74
2015,18,0.05,EW,6,715,346
2015,18,0.05,EW,7,1320,680
2015,18,0.05,EW,8,1332,646
2015,18,0.05,EW,9,564,305
2015,18,0.05,EW,10,145,66
2015,18,0.05,EW,11,32,15
2015,18,0.05,EW,12,0,0
2015,18,0.05,EW,13,0,0
2015,18,0.05,EW,14,0,0
2015,18,0.05,EW,15,0,0
2015,18,0.05,EW,16,0,0
2015,18,0.05,Quantile,1,267,145
2015,18,0.05,Quantile,2,267,120
2015,18,0.05,Quantile,3,267,123
2015,18,0.05,Quantile,4,266,130
2015,18,0.05,Quantile,5,267,122
2015,18,0.05,Quantile,6,267,129
2015,18,0.05,Quantile,7,266,165
2015,18,0.05,Quantile,8,267,138
2015,18,0.05,Quantile,9,267,128
2015,18,0.05,Quantile,10,266,132
2015,18,0.05,Quantile,11,267,117
2015,18,0.05,Quantile,12,267,129
2015,18,0.05,Quantile,13,266,145
2015,18,0.05,Quantile,14,267,134
2015,18,0.05,Quantile,15,267,155
2015,18,0.05,Quantile,16,266,122
2015,19,1.0,EW,1,0,0
2015,19,1.0,EW,2,17,3
2015,19,1.0,EW,3,67,9
2015,19,1.0,EW,4,223,38
2015,19,1.0,EW,5,482,117
2015,19,1.0,EW,6,657,237
2015,19,1.0,EW,7,855,370
2015,19,1.0,EW,8,648,396
2015,19,1.0,EW,9,627,432
2015,19,1.0,EW,10,338,246
2015,19,1.0,EW,11,198,150
2015,19,1.0,EW,12,94,84
2015,19,1.0,EW,13,47,42
2015,19,1.0,EW,14,13,10
2015,19,1.0,EW,15,1,0
2015,19,1.0,EW,16,0,0
2015,19,1.0,Quantile,1,267,40
2015,19,1.0,Quantile,2,267,63
2015,19,1.0,Quantile,3,267,67
2015,19,1.0,Quantile,4,266,91
2015,19,1.0,Quantile,5,267,86
2015,19,1.0,Quantile,6,267,124
2015,19,1.0,Quantile,7,266,113
2015,19,1.0,Quantile,8,267,122
2015,19,1.0,Quantile,9,267,118
2015,19,1.0,Quantile,10,266,145
2015,19,1.0,Quantile,11,267,192
2015,19,1.0,Quantile,12,267,181
2015,19,1.0,Quantile,13,266,185
2015,19,1.0,Quantile,14,267,185
2015,19,1.0,Quantile,15,267,209
2015,19,1.0,Quantile,16,266,213
2015,19,0.05,EW,1,0,0
2015,19,0.05,EW,2,0,0
2015,19,0.05,EW,3,0,0
2015,19,0.05,EW,4,15,8
2015,19,0.05,EW,5,129,68
2015,19,0.05,EW,6,689,353
2015,19,0.05,EW,7,1414,661
2015,19,0.05,EW,8,1240,667
2015,19,0.05,EW,9,639,322
2015,19,0.05,EW,10,136,55
2015,19,0.05,EW,11,5,0
2015,19,0.05,EW,12,0,0
2015,19,0.05,EW,13,0,0
2015,19,0.05,EW,14,0,0
2015,19,0.05,EW,15,0,0
2015,19,0.05,EW,16,0,0
2015,19,0.05,Quantile,1,267,131
2015,19,0.05,Quantile,2,267,117
2015,19,0.05,Quantile,3,267,161
2015,19,0.05,Quantile,4,266,132
2015,19,0.05,Quantile,5,267,120
2015,19,0.05,Quantile,6,267,115
2015,19,0.05,Quantile,7,266,128
2015,19,0.05,Quantile,8,267,137
2015,19,0.05,Quantile,9,267,130
2015,19,0.05,Quantile,10,266,133
2015,19,0.05,Quantile,11,267,159
2015,19,0.05,Quantile,12,267,130
2015,19,0.05,Quantile,13,266,156
2015,19,0.05,Quantile,14,267,145
2015,19,0.05,Quantile,15,267,131
2015,19,0.05,Quantile,16,266,109
2015,20,1.0,EW,1,0,0
2015,20,1.0,EW,2,9,1
2015,20,1.0,EW,3,50,7
2015,20,1.0,EW,4,249,46
2015,20,1.0,EW,5,604,137
2015,20,1.0,EW,6,632,205
2015,20,1.0,EW,7,683,288
2015,20,1.0,EW,8,632,380
2015,20,1.0,EW,9,562,414
2015,20,1.0,EW,10,490,380
2015,20,1.0,EW,11,262,205
2015,20,1.0,EW,12,69,53
2015,20,1.0,EW,13,15,9
2015,20,1.0,EW,14,10,9
2015,20,1.0,EW,15,0,0
2015,20,1.0,EW,16,0,0
2015,20,1.0,Quantile,1,267,43
2015,20,1.0,Quantile,2,267,59
2015,20,1.0,Quantile,3,267,68
2015,20,1.0,Quantile,4,266,61
2015,20,1.0,Quantile,5,267,94
2015,20,1.0,Quantile,6,267,92
2015,20,1.0,Quantile,7,266,115
2015,20,1.0,Quantile,8,267,118
2015,20,1.0,Quantile,9,267,128
2015,20,1.0,Quantile,10,266,177
2015,20,1.0,Quantile,11,267,153
2015,20,1.0,Quantile,12,267,197
2015,20,1.0,Quantile,13,266,208
2015,20,1.0,Quantile,14,267,200
2015,20,1.0,Quantile,15,267,217
2015,20,1.0,Quantile,16,266,204
2015,20,0.05,EW,1,0,0
2015,20,0.05,EW,2,0,0
2015,20,0.05,EW,3,0,0
2015,20,0.05,EW,4,6,5
2015,20,0.05,EW,5,104,40
2015,20,0.05,EW,6,657,380
2015,20,0.05,EW,7,1460,690
2015,20,0.05,EW,8,1355,706
2015,20,0.05,EW,9,551,260
2015,20,0.05,EW,10,126,53
2015,20,0.05,EW,11,8,0
2015,20,0.05,EW,12,0,0
2015,20,0.05,EW,13,0,0
2015,20,0.05,EW,14,0,0
2015,20,0.05,EW,15,0,0
2015,20,0.05,EW,16,0,0
2015,20,0.05,Quantile,1,267,142
2015,20,0.05,Quantile,2,267,157
2015,20,0.05,Quantile,3,267,138
2015,20,0.05,Quantile,4,266,117
2015,20,0.05,Quantile,5,267,113
2015,20,0.05,Quantile,6,267,110
2015,20,0.05,Quantile,7,266,135
2015,20,0.05,Quantile,8,267,145
2015,20,0.05,Quantile,9,267,169
2015,20,0.05,Quantile,10,266,161
2015,20,0.05,Quantile,11,267,141
2015,20,0.05,Quantile,12,267,119
2015,20,0.05,Quantile,13,266,125
2015,20,0.05,Quantile,14,267,109
2015,20,0.05,Quantile,15,267,122
2015,20,0.05,Quantile,16,266,131
2015,21,1.0,EW,1,0,0
2015,21,1.0,EW,2,8,2
2015,21,1.0,EW,3,75,11
2015,21,1.0,EW,4,253,49
2015,21,1.0,EW,5,480,112
2015,21,1.0,EW,6,687,214
2015,21,1.0,EW,7,667,327
2015,21,1.0,EW,8,751,452
2015,21,1.0,EW,9,623,399
2015,21,1.0,EW,10,412,327
2015,21,1.0,EW,11,203,158
2015,21,1.0,EW,12,55,47
2015,21,1.0,EW,13,19,11
2015,21,1.0,EW,14,26,22
2015,21,1.0,EW,15,8,3
2015,21,1.0,EW,16,0,0
2015,21,1.0,Quantile,1,267,45
2015,21,1.0,Quantile,2,267,61
2015,21,1.0,Quantile,3,267,63
2015,21,1.0,Quantile,4,266,80
2015,21,1.0,Quantile,5,267,85
2015,21,1.0,Quantile,6,267,79
2015,21,1.0,Quantile,7,266,146
2015,21,1.0,Quantile,8,267,137
2015,21,1.0,Quantile,9,267,144
2015,21,1.0,Quantile,10,266,166
2015,21,1.0,Quantile,11,267,168
2015,21,1.0,Quantile,12,267,183
2015,21,1.0,Quantile,13,266,156
2015,21,1.0,Quantile,14,267,193
2015,21,1.0,Quantile,15,267,220
2015,21,1.0,Quantile,16,266,208
2015,21,0.05,EW,1,0,0
2015,21,0.05,EW,2,0,0
2015,21,0.05,EW,3,0,0
2015,21,0.05,EW,4,8,7
2015,21,0.05,EW,5,148,67
2015,21,0.05,EW,6,710,361
2015,21,0.05,EW,7,1308,628
2015,21,0.05,EW,8,1376,748
2015,21,0.05,EW,9,555,254
2015,21,0.05,EW,10,156,66
2015,21,0.05,EW,11,6,3
2015,21,0.05,EW,12,0,0
2015,21,0.05,EW,13,0,0
2015,21,0.05,EW,14,0,0
2015,21,0.05,EW,15,0,0
2015,21,0.05,EW,16,0,0
2015,21,0.05,Quantile,1,267,130
2015,21,0.05,Quantile,2,267,143
2015,21,0.05,Quantile,3,267,130
2015,21,0.05,Quantile,4,266,111
2015,21,0.05,Quantile,5,267,111
2015,21,0.05,Quantile,6,267,137
2015,21,0.05,Quantile,7,266,132
2015,21,0.05,Quantile,8,267,147
2015,21,0.05,Quantile,9,267,147
2015,21,0.05,Quantile,10,266,161
2015,21,0.05,Quantile,11,267,146
2015,21,0.05,Quantile,12,267,147
2015,21,0.05,Quantile,13,266,128
2015,21,0.05,Quantile,14,267,111
2015,21,0.05,Quantile,15,267,122
2015,21,0.05,Quantile,16,266,131
2015,22,1.0,EW,1,0,0
2015,22,1.0,EW,2,1,1
2015,22,1.0,EW,3,86,7
2015,22,1.0,EW,4,196,35
2015,22,1.0,EW,5,532,131
2015,22,1.0,EW,6,717,234
2015,22,1.0,EW,7,779,355
2015,22,1.0,EW,8,670,400
2015,22,1.0,EW,9,477,324
2015,22,1.0,EW,10,422,332
2015,22,1.0,EW,11,206,163
2015,22,1.0,EW,12,127,112
2015,22,1.0,EW,13,30,22
2015,22,1.0,EW,14,21,17
2015,22,1.0,EW,15,3,1
2015,22,1.0,EW,16,0,0
2015,22,1.0,Quantile,1,267,42
2015,22,1.0,Quantile,2,267,52
2015,22,1.0,Quantile,3,267,77
2015,22,1.0,Quantile,4,266,79
2015,22,1.0,Quantile,5,267,97
2015,22,1.0,Quantile,6,267,91
2015,22,1.0,Quantile,7,266,114
2015,22,1.0,Quantile,8,267,120
2015,22,1.0,Quantile,9,267,141
2015,22,1.0,Quantile,10,266,159
2015,22,1.0,Quantile,11,267,157
2015,22,1.0,Quantile,12,267,181
2015,22,1.0,Quantile,13,266,185
2015,22,1.0,Quantile,14,267,206
2015,22,1.0,Quantile,15,267,214
2015,22,1.0,Quantile,16,266,219
2015,22,0.05,EW,1,0,0
2015,22,0.05,EW,2,0,0
2015,22,0.05,EW,3,0,0
2015,22,0.05,EW,4,5,4
2015,22,0.05,EW,5,186,97
2015,22,0.05,EW,6,652,305
2015,22,0.05,EW,7,1365,692
2015,22,0.05,EW,8,1296,658
2015,22,0.05,EW,9,596,291
2015,22,0.05,EW,10,151,80
2015,22,0.05,EW,11,16,7
2015,22,0.05,EW,12,0,0
2015,22,0.05,EW,13,0,0
2015,22,0.05,EW,14,0,0
2015,22,0.05,EW,15,0,0
2015,22,0.05,EW,16,0,0
2015,22,0.05,Quantile,1,267,124
2015,22,0.05,Quantile,2,267,116
2015,22,0.05,Quantile,3,267,150
2015,22,0.05,Quantile,4,266,119
2015,22,0.05,Quantile,5,267,106
2015,22,0.05,Quantile,6,267,128
2015,22,0.05,Quantile,7,266,154
2015,22,0.05,Quantile,8,267,161
2015,22,0.05,Quantile,9,267,149
2015,22,0.05,Quantile,10,266,136
2015,22,0.05,Quantile,11,267,123
2015,22,0.05,Quantile,12,267,120
2015,22,0.05,Quantile,13,266,149
2015,22,0.05,Quantile,14,267,137
2015,22,0.05,Quantile,15,267,135
2015,22,0.05,Quantile,16,266,127
2015,23,1.0,EW,1,0,0
2015,23,1.0,EW,2,30,7
2015,23,1.0,EW,3,89,17
2015,23,1.0,EW,4,295,35
2015,23,1.0,EW,5,419,101
2015,23,1.0,EW,6,626,202
2015,23,1.0,EW,7,701,313
2015,23,1.0,EW,8,821,487
2015,23,1.0,EW,9,514,347
2015,23,1.0,EW,10,434,357
2015,23,1.0,EW,11,163,118
2015,23,1.0,EW,12,80,70
2015,23,1.0,EW,13,68,61
2015,23,1.0,EW,14,27,19
2015,23,1.0,EW,15,0,0
2015,23,1.0,EW,16,0,0
2015,23,1.0,Quantile,1,267,37
2015,23,1.0,Quantile,2,267,52
2015,23,1.0,Quantile,3,267,63
2015,23,1.0,Quantile,4,266,88
2015,23,1.0,Quantile,5,267,88
2015,23,1.0,Quantile,6,267,79
2015,23,1.0,Quantile,7,266,123
2015,23,1.0,Quantile,8,267,135
2015,23,1.0,Quantile,9,267,153
2015,23,1.0,Quantile,10,266,174
2015,23,1.0,Quantile,11,267,146
2015,23,1.0,Quantile,12,267,165
2015,23,1.0,Quantile,13,266,184
2015,23,1.0,Quantile,14,267,221
2015,23,1.0,Quantile,15,267,209
2015,23,1.0,Quantile,16,266,217
2015,23,0.05,EW,1,0,0
2015,23,0.05,EW,2,0,0
2015,23,0.05,EW,3,0,0
2015,23,0.05,EW,4,27,12
2015,23,0.05,EW,5,113,51
2015,23,0.05,EW,6,577,307
2015,23,0.05,EW,7,1474,733
2015,23,0.05,EW,8,1418,732
2015,23,0.05,EW,9,546,243
2015,23,0.05,EW,10,94,48
2015,23,0.05,EW,11,18,8
2015,23,0.05,EW,12,0,0
2015,23,0.05,EW,13,0,0
2015,23,0.05,EW,14,0,0
2015,23,0.05,EW,15,0,0
2015,23,0.05,EW,16,0,0
2015,23,0.05,Quantile,1,267,120
2015,23,0.05,Quantile,2,267,144
2015,23,0.05,Quantile,3,267,156
2015,23,0.05,Quantile,4,266,157
2015,23,0.05,Quantile,5,267,124
2015,23,0.05,Quantile,6,267,126
2015,23,0.05,Quantile,7,266,129
2015,23,0.05,Quantile,8,267,122
2015,23,0.05,Quantile,9,267,132
2015,23,0.05,Quantile,10,266,129
2015,23,0.05,Quantile,11,267,144
2015,23,0.05,Quantile,12,267,128
2015,23,0.05,Quantile,13,266,145
2015,23,0.05,Quantile,14,267,152
2015,23,0.05,Quantile,15,267,104
2015,23,0.05,Quantile,16,266,122
2015,24,1.0,EW,1,0,0
2015,24,1.0,EW,2,17,2
2015,24,1.0,EW,3,81,11
2015,24,1.0,EW,4,278,46
2015,24,1.0,EW,5,464,113
2015,24,1.0,EW,6,604,220
2015,24,1.0,EW,7,753,309
2015,24,1.0,EW,8,745,449
2015,24,1.0,EW,9,535,353
2015,24,1.0,EW,10,450,345
2015,24,1.0,EW,11,192,168
2015,24,1.0,EW,12,110,91
2015,24,1.0,EW,13,24,18
2015,24,1.0,EW,14,14,9
2015,24,1.0,EW,15,0,0
2015,24,1.0,EW,16,0,0
2015,24,1.0,Quantile,1,267,42
2015,24,1.0,Quantile,2,267,50
2015,24,1.0,Quantile,3,267,74
2015,24,1.0,Quantile,4,266,71
2015,24,1.0,Quantile,5,267,98
2015,24,1.0,Quantile,6,267,129
2015,24,1.0,Quantile,7,266,111
2015,24,1.0,Quantile,8,267,106
2015,24,1.0,Quantile,9,267,132
2015,24,1.0,Quantile,10,266,156
2015,24,1.0,Quantile,11,267,174
2015,24,1.0,Quantile,12,267,162
2015,24,1.0,Quantile,13,266,192
2015,24,1.0,Quantile,14,267,210
2015,24,1.0,Quantile,15,267,203
2015,24,1.0,Quantile,16,266,224
2015,24,0.05,EW,1,0,0
2015,24,0.05,EW,2,0,0
2015,24,0.05,EW,3,0,0
2015,24,0.05,EW,4,16,11
2015,24,0.05,EW,5,151,72
2015,24,0.05,EW,6,598,300
2015,24,0.05,EW,7,1399,717
2015,24,0.05,EW,8,1425,720
2015,24,0.05,EW,9,567,270
2015,24,0.05,EW,10,105,44
2015,24,0.05,EW,11,6,0
2015,24,0.05,EW,12,0,0
2015,24,0.05,EW,13,0,0
2015,24,0.05,EW,14,0,0
2015,24,0.05,EW,15,0,0
2015,24,0.05,EW,16,0,0
2015,24,0.05,Quantile,1,267,119
2015,24,0.05,Quantile,2,267,130
2015,24,0.05,Quantile,3,267,155
2015,24,0.05,Quantile,4,266,133
2015,24,0.05,Quantile,5,267,154
2015,24,0.05,Quantile,6,267,138
2015,24,0.05,Quantile,7,266,134
2015,24,0.05,Quantile,8,267,124
2015,24,0.05,Quantile,9,267,127
2015,24,0.05,Quantile,10,266,130
2015,24,0.05,Quantile,11,267,154
2015,24,0.05,Quantile,12,267,132
2015,24,0.05,Quantile,13,266,138
2015,24,0.05,Quantile,14,267,118
2015,24,0.05,Quantile,15,267,138
2015,24,0.05,Quantile,16,266,110
2015,25,1.0,EW,1,0,0
2015,25,1.0,EW,2,23,2
2015,25,1.0,EW,3,90,16
2015,25,1.0,EW,4,252,36
2015,25,1.0,EW,5,471,106
2015,25,1.0,EW,6,577,173
2015,25,1.0,EW,7,688,351
2015,25,1.0,EW,8,889,522
2015,25,1.0,EW,9,611,411
2015,25,1.0,EW,10,334,255
2015,25,1.0,EW,11,156,112
2015,25,1.0,EW,12,124,109
2015,25,1.0,EW,13,49,41
2015,25,1.0,EW,14,3,0
2015,25,1.0,EW,15,0,0
2015,25,1.0,EW,16,0,0
2015,25,1.0,Quantile,1,267,33
2015,25,1.0,Quantile,2,267,67
2015,25,1.0,Quantile,3,267,54
2015,25,1.0,Quantile,4,266,75
2015,25,1.0,Quantile,5,267,79
2015,25,1.0,Quantile,6,267,117
2015,25,1.0,Quantile,7,266,131
2015,25,1.0,Quantile,8,267,148
2015,25,1.0,Quantile,9,267,156
2015,25,1.0,Quantile,10,266,150
2015,25,1.0,Quantile,11,267,166
2015,25,1.0,Quantile,12,267,161
2015,25,1.0,Quantile,13,266,186
2015,25,1.0,Quantile,14,267,177
2015,25,1.0,Quantile,15,267,211
2015,25,1.0,Quantile,16,266,223
2015,25,0.05,EW,1,0,0
2015,25,0.05,EW,2,0,0
2015,25,0.05,EW,3,0,0
2015,25,0.05,EW,4,2,2
2015,25,0.05,EW,5,123,66
2015,25,0.05,EW,6,656,360
2015,25,0.05,EW,7,1459,698
2015,25,0.05,EW,8,1326,673
2015,25,0.05,EW,9,560,285
2015,25,0.05,EW,10,131,47
2015,25,0.05,EW,11,10,3
2015,25,0.05,EW,12,0,0
2015,25,0.05,EW,13,0,0
2015,25,0.05,EW,14,0,0
2015,25,0.05,EW,15,0,0
2015,25,0.05,EW,16,0,0
2015,25,0.05,Quantile,1,267,149
2015,25,0.05,Quantile,2,267,148
2015,25,0.05,Quantile,3,267,141
2015,25,0.05,Quantile,4,266,123
2015,25,0.05,Quantile,5,267,121
2015,25,0.05,Quantile,6,267,129
2015,25,0.05,Quantile,7,266,137
2015,25,0.05,Quantile,8,267,125
2015,25,0.05,Quantile,9,267,140
2015,25,0.05,Quantile,10,266,143
2015,25,0.05,Quantile,11,267,130
2015,25,0.05,Quantile,12,267,125
2015,25,0.05,Quantile,13,266,142
2015,25,0.05,Quantile,14,267,136
2015,25,0.05,Quantile,15,267,126
2015,25,0.05,Quantile,16,266,119
2015,26,1.0,EW,1,6,1
2015,26,1.0,EW,2,17,1
2015,26,1.0,EW,3,72,15
2015,26,1.0,EW,4,247,36
2015,26,1.0,EW,5,451,126
2015,26,1.0,EW,6,789,245
2015,26,1.0,EW,7,722,325
2015,26,1.0,EW,8,707,421
2015,26,1.0,EW,9,457,325
2015,26,1.0,EW,10,361,275
2015,26,1.0,EW,11,222,184
2015,26,1.0,EW,12,148,130
2015,26,1.0,EW,13,52,38
2015,26,1.0,EW,14,16,12
2015,26,1.0,EW,15,0,0
2015,26,1.0,EW,16,0,0
2015,26,1.0,Quantile,1,267,34
2015,26,1.0,Quantile,2,267,59
2015,26,1.0,Quantile,3,267,88
2015,26,1.0,Quantile,4,266,78
2015,26,1.0,Quantile,5,267,92
2015,26,1.0,Quantile,6,267,80
2015,26,1.0,Quantile,7,266,109
2015,26,1.0,Quantile,8,267,137
2015,26,1.0,Quantile,9,267,124
2015,26,1.0,Quantile,10,266,170
2015,26,1.0,Quantile,11,267,166
2015,26,1.0,Quantile,12,267,146
2015,26,1.0,Quantile,13,266,211
2015,26,1.0,Quantile,14,267,199
2015,26,1.0,Quantile,15,267,217
2015,26,1.0,Quantile,16,266,224
2015,26,0.05,EW,1,0,0
2015,26,0.05,EW,2,0,0
2015,26,0.05,EW,3,0,0
2015,26,0.05,EW,4,13,8
2015,26,0.05,EW,5,133,64
2015,26,0.05,EW,6,584,300
2015,26,0.05,EW,7,1508,800
2015,26,0.05,EW,8,1348,636
2015,26,0.05,EW,9,580,280
2015,26,0.05,EW,10,88,39
2015,26,0.05,EW,11,13,7
2015,26,0.05,EW,12,0,0
2015,26,0.05,EW,13,0,0
2015,26,0.05,EW,14,0,0
2015,26,0.05,EW,15,0,0
2015,26,0.05,EW,16,0,0
2015,26,0.05,Quantile,1,267,140
2015,26,0.05,Quantile,2,267,131
2015,26,0.05,Quantile,3,267,136
2015,26,0.05,Quantile,4,266,143
2015,26,0.05,Quantile,5,267,152
2015,26,0.05,Quantile,6,267,150
2015,26,0.05,Quantile,7,266,142
2015,26,0.05,Quantile,8,267,130
2015,26,0.05,Quantile,9,267,122
2015,26,0.05,Quantile,10,266,104
2015,26,0.05,Quantile,11,267,119
2015,26,0.05,Quantile,12,267,140
2015,26,0.05,Quantile,13,266,141
2015,26,0.05,Quantile,14,267,132
2015,26,0.05,Quantile,15,267,141
2015,26,0.05,Quantile,16,266,111
2015,27,1.0,EW,1,0,0
2015,27,1.0,EW,2,3,3
2015,27,1.0,EW,3,88,9
2015,27,1.0,EW,4,241,51
2015,27,1.0,EW,5,487,110
2015,27,1.0,EW,6,686,254
2015,27,1.0,EW,7,696,301
2015,27,1.0,EW,8,713,407
2015,27,1.0,EW,9,567,397
2015,27,1.0,EW,10,426,311
2015,27,1.0,EW,11,248,193
2015,27,1.0,EW,12,94,84
2015,27,1.0,EW,13,13,10
2015,27,1.0,EW,14,5,4
2015,27,1.0,EW,15,0,0
2015,27,1.0,EW,16,0,0
2015,27,1.0,Quantile,1,267,49
2015,27,1.0,Quantile,2,267,67
2015,27,1.0,Quantile,3,267,52
2015,27,1.0,Quantile,4,266,92
2015,27,1.0,Quantile,5,267,102
2015,27,1.0,Quantile,6,267,93
2015,27,1.0,Quantile,7,266,83
2015,27,1.0,Quantile,8,267,150
2015,27,1.0,Quantile,9,267,146
2015,27,1.0,Quantile,10,266,156
2015,27,1.0,Quantile,11,267,156
2015,27,1.0,Quantile,12,267,166
2015,27,1.0,Quantile,13,266,209
2015,27,1.0,Quantile,14,267,197
2015,27,1.0,Quantile,15,267,202
2015,27,1.0,Quantile,16,266,214
2015,27,0.05,EW,1,0,0
2015,27,0.05,EW,2,0,0
2015,27,0.05,EW,3,0,0
2015,27,0.05,EW,4,15,13
2015,27,0.05,EW,5,148,62
2015,27,0.05,EW,6,633,317
2015,27,0.05,EW,7,1399,716
2015,27,0.05,EW,8,1332,677
2015,27,0.05,EW,9,630,304
2015,27,0.05,EW,10,104,45
2015,27,0.05,EW,11,6,0
2015,27,0.05,EW,12,0,0
2015,27,0.05,EW,13,0,0
2015,27,0.05,EW,14,0,0
2015,27,0.05,EW,15,0,0
2015,27,0.05,EW,16,0,0
2015,27,0.05,Quantile,1,267,128
2015,27,0.05,Quantile,2,267,131
2015,27,0.05,Quantile,3,267,137
2015,27,0.05,Quantile,4,266,122
2015,27,0.05,Quantile,5,267,120
2015,27,0.05,Quantile,6,267,147
2015,27,0.05,Quantile,7,266,133
2015,27,0.05,Quantile,8,267,161
2015,27,0.05,Quantile,9,267,137
2015,27,0.05,Quantile,10,266,125
2015,27,0.05,Quantile,11,267,137
2015,27,0.05,Quantile,12,267,135
2015,27,0.05,Quantile,13,266,144
2015,27,0.05,Quantile,14,267,140
2015,27,0.05,Quantile,15,267,125
2015,27,0.05,Quantile,16,266,112
2015,28,1.0,EW,1,0,0
2015,28,1.0,EW,2,10,4
2015,28,1.0,EW,3,73,5
2015,28,1.0,EW,4,178,37
2015,28,1.0,EW,5,572,134
2015,28,1.0,EW,6,652,244
2015,28,1.0,EW,7,764,350
2015,28,1.0,EW,8,695,388
2015,28,1.0,EW,9,490,313
2015,28,1.0,EW,10,481,385
2015,28,1.0,EW,11,238,193
2015,28,1.0,EW,12,73,49
2015,28,1.0,EW,13,37,30
2015,28,1.0,EW,14,4,2
2015,28,1.0,EW,15,0,0
2015,28,1.0,EW,16,0,0
2015,28,1.0,Quantile,1,267,47
2015,28,1.0,Quantile,2,267,73
2015,28,1.0,Quantile,3,267,57
2015,28,1.0,Quantile,4,266,55
2015,28,1.0,Quantile,5,267,116
2015,28,1.0,Quantile,6,267,106
2015,28,1.0,Quantile,7,266,106
2015,28,1.0,Quantile,8,267,144
2015,28,1.0,Quantile,9,267,172
2015,28,1.0,Quantile,10,266,125
2015,28,1.0,Quantile,11,267,152
2015,28,1.0,Quantile,12,267,167
2015,28,1.0,Quantile,13,266,181
2015,28,1.0,Quantile,14,267,213
2015,28,1.0,Quantile,15,267,215
2015,28,1.0,Quantile,16,266,205
2015,28,0.05,EW,1,0,0
2015,28,0.05,EW,2,0,0
2015,28,0.05,EW,3,0,0
2015,28,0.05,EW,4,10,9
2015,28,0.05,EW,5,113,50
2015,28,0.05,EW,6,610,299
2015,28,0.05,EW,7,1477,768
2015,28,0.05,EW,8,1420,710
2015,28,0.05,EW,9,531,248
2015,28,0.05,EW,10,93,43
2015,28,0.05,EW,11,13,7
2015,28,0.05,EW,12,0,0
2015,28,0.05,EW,13,0,0
2015,28,0.05,EW,14,0,0
2015,28,0.05,EW,15,0,0
2015,28,0.05,EW,16,0,0
2015,28,0.05,Quantile,1,267,129
2015,28,0.05,Quantile,2,267,121
2015,28,0.05,Quantile,3,267,146
2015,28,0.05,Quantile,4,266,158
2015,28,0.05,Quantile,5,267,158
2015,28,0.05,Quantile,6,267,131
2015,28,0.05,Quantile,7,266,126
2015,28,0.05,Quantile,8,267,118
2015,28,0.05,Quantile,9,267,141
2015,28,0.05,Quantile,10,266,138
2015,28,0.05,Quantile,11,267,133
2015,28,0.05,Quantile,12,267,126
2015,28,0.05,Quantile,13,266,127
2015,28,0.05,Quantile,14,267,145
2015,28,0.05,Quantile,15,267,122
2015,28,0.05,Quantile,16,266,115
2015,29,1.0,EW,1,0,0
2015,29,1.0,EW,2,10,2
2015,29,1.0,EW,3,101,11
2015,29,1.0,EW,4,141,27
2015,29,1.0,EW,5,428,131
2015,29,1.0,EW,6,756,277
2015,29,1.0,EW,7,844,339
2015,29,1.0,EW,8,713,403
2015,29,1.0,EW,9,584,403
2015,29,1.0,EW,10,354,256
2015,29,1.0,EW,11,201,175
2015,29,1.0,EW,12,101,83
2015,29,1.0,EW,13,33,27
2015,29,1.0,EW,14,1,0
2015,29,1.0,EW,15,0,0
2015,29,1.0,EW,16,0,0
2015,29,1.0,Quantile,1,267,43
2015,29,1.0,Quantile,2,267,80
2015,29,1.0,Quantile,3,267,94
2015,29,1.0,Quantile,4,266,73
2015,29,1.0,Quantile,5,267,101
2015,29,1.0,Quantile,6,267,133
2015,29,1.0,Quantile,7,266,82
2015,29,1.0,Quantile,8,267,112
2015,29,1.0,Quantile,9,267,134
2015,29,1.0,Quantile,10,266,141
2015,29,1.0,Quantile,11,267,155
2015,29,1.0,Quantile,12,267,173
2015,29,1.0,Quantile,13,266,190
2015,29,1.0,Quantile,14,267,202
2015,29,1.0,Quantile,15,267,195
2015,29,1.0,Quantile,16,266,226
2015,29,0.05,EW,1,0,0
2015,29,0.05,EW,2,0,0
2015,29,0.05,EW,3,0,0
2015,29,0.05,EW,4,13,6
2015,29,0.05,EW,5,103,66
2015,29,0.05,EW,6,785,397
2015,29,0.05,EW,7,1345,633
2015,29,0.05,EW,8,1277,638
2015,29,0.05,EW,9,542,290
2015,29,0.05,EW,10,175,95
2015,29,0.05,EW,11,25,9
2015,29,0.05,EW,12,2,0
2015,29,0.05,EW,13,0,0
2015,29,0.05,EW,14,0,0
2015,29,0.05,EW,15,0,0
2015,29,0.05,EW,16,0,0
2015,29,0.05,Quantile,1,267,163
2015,29,0.05,Quantile,2,267,112
2015,29,0.05,Quantile,3,267,143
2015,29,0.05,Quantile,4,266,124
2015,29,0.05,Quantile,5,267,117
2015,29,0.05,Quantile,6,267,110
2015,29,0.05,Quantile,7,266,131
2015,29,0.05,Quantile,8,267,140
2015,29,0.05,Quantile,9,267,151
2015,29,0.05,Quantile,10,266,142
2015,29,0.05,Quantile,11,267,146
2015,29,0.05,Quantile,12,267,121
2015,29,0.05,Quantile,13,266,115
2015,29,0.05,Quantile,14,267,133
2015,29,0.05,Quantile,15,267,151
2015,29,0.05,Quantile,16,266,135
2015,30,1.0,EW,1,15,0
2015,30,1.0,EW,2,4,2
2015,30,1.0,EW,3,59,4
2015,30,1.0,EW,4,224,54
2015,30,1.0,EW,5,469,109
2015,30,1.0,EW,6,639,209
2015,30,1.0,EW,7,809,365
2015,30,1.0,EW,8,785,476
2015,30,1.0,EW,9,578,387
2015,30,1.0,EW,10,347,258
2015,30,1.0,EW,11,196,156
2015,30,1.0,EW,12,83,68
2015,30,1.0,EW,13,48,37
2015,30,1.0,EW,14,11,9
2015,30,1.0,EW,15,0,0
2015,30,1.0,EW,16,0,0
2015,30,1.0,Quantile,1,267,58
2015,30,1.0,Quantile,2,267,61
2015,30,1.0,Quantile,3,267,63
2015,30,1.0,Quantile,4,266,80
2015,30,1.0,Quantile,5,267,85
2015,30,1.0,Quantile,6,267,118
2015,30,1.0,Quantile,7,266,123
2015,30,1.0,Quantile,8,267,107
2015,30,1.0,Quantile,9,267,155
2015,30,1.0,Quantile,10,266,145
2015,30,1.0,Quantile,11,267,173
2015,30,1.0,Quantile,12,267,164
2015,30,1.0,Quantile,13,266,190
2015,30,1.0,Quantile,14,267,206
2015,30,1.0,Quantile,15,267,187
2015,30,1.0,Quantile,16,266,219
2015,30,0.05,EW,1,0,0
2015,30,0.05,EW,2,0,0
2015,30,0.05,EW,3,5,1
2015,30,0.05,EW,4,13,8
2015,30,0.05,EW,5,169,82
2015,30,0.05,EW,6,689,332
2015,30,0.05,EW,7,1326,618
2015,30,0.05,EW,8,1243,695
2015,30,0.05,EW,9,666,322
2015,30,0.05,EW,10,137,69
2015,30,0.05,EW,11,19,7
2015,30,0.05,EW,12,0,0
2015,30,0.05,EW,13,0,0
2015,30,0.05,EW,14,0,0
2015,30,0.05,EW,15,0,0
2015,30,0.05,EW,16,0,0
2015,30,0.05,Quantile,1,267,126
2015,30,0.05,Quantile,2,267,112
2015,30,0.05,Quantile,3,267,142
2015,30,0.05,Quantile,4,266,143
2015,30,0.05,Quantile,5,267,113
2015,30,0.05,Quantile,6,267,126
2015,30,0.05,Quantile,7,266,123
2015,30,0.05,Quantile,8,267,115
2015,30,0.05,Quantile,9,267,148
2015,30,0.05,Quantile,10,266,162
2015,30,0.05,Quantile,11,267,150
2015,30,0.05,Quantile,12,267,143
2015,30,0.05,Quantile,13,266,146
2015,30,0.05,Quantile,14,267,157
2015,30,0.05,Quantile,15,267,92
2015,30,0.05,Quantile,16,266,136
2015,31,1.0,EW,1,7,0
2015,31,1.0,EW,2,18,3
2015,31,1.0,EW,3,59,8
2015,31,1.0,EW,4,216,49
2015,31,1.0,EW,5,528,102
2015,31,1.0,EW,6,632,207
2015,31,1.0,EW,7,781,363
2015,31,1.0,EW,8,751,435
2015,31,1.0,EW,9,535,373
2015,31,1.0,EW,10,310,240
2015,31,1.0,EW,11,257,211
2015,31,1.0,EW,12,139,121
2015,31,1.0,EW,13,32,21
2015,31,1.0,EW,14,2,1
2015,31,1.0,EW,15,0,0
2015,31,1.0,EW,16,0,0
2015,31,1.0,Quantile,1,267,49
2015,31,1.0,Quantile,2,267,56
2015,31,1.0,Quantile,3,267,54
2015,31,1.0,Quantile,4,266,69
2015,31,1.0,Quantile,5,267,88
2015,31,1.0,Quantile,6,267,116
2015,31,1.0,Quantile,7,266,100
2015,31,1.0,Quantile,8,267,145
2015,31,1.0,Quantile,9,267,154
2015,31,1.0,Quantile,10,266,162
2015,31,1.0,Quantile,11,267,140
2015,31,1.0,Quantile,12,267,186
2015,31,1.0,Quantile,13,266,175
2015,31,1.0,Quantile,14,267,201
2015,31,1.0,Quantile,15,267,227
2015,31,1.0,Quantile,16,266,212
2015,31,0.05,EW,1,0,0
2015,31,0.05,EW,2,0,0
2015,31,0.05,EW,3,0,0
2015,31,0.05,EW,4,4,4
2015,31,0.05,EW,5,168,67
2015,31,0.05,EW,6,647,339
2015,31,0.05,EW,7,1368,673
2015,31,0.05,EW,8,1357,696
2015,31,0.05,EW,9,586,291
2015,31,0.05,EW,10,109,46
2015,31,0.05,EW,11,28,18
2015,31,0.05,EW,12,0,0
2015,31,0.05,EW,13,0,0
2015,31,0.05,EW,14,0,0
2015,31,0.05,EW,15,0,0
2015,31,0.05,EW,16,0,0
2015,31,0.05,Quantile,1,267,120
2015,31,0.05,Quantile,2,267,145
2015,31,0.05,Quantile,3,267,137
2015,31,0.05,Quantile,4,266,122
2015,31,0.05,Quantile,5,267,121
2015,31,0.05,Quantile,6,267,147
2015,31,0.05,Quantile,7,266,131
2015,31,0.05,Quantile,8,267,137
2015,31,0.05,Quantile,9,267,126
2015,31,0.05,Quantile,10,266,153
2015,31,0.05,Quantile,11,267,149
2015,31,0.05,Quantile,12,267,133
2015,31,0.05,Quantile,13,266,125
2015,31,0.05,Quantile,14,267,134
2015,31,0.05,Quantile,15,267,131
2015,31,0.05,Quantile,16,266,123
2015,32,1.0,EW,1,0,0
2015,32,1.0,EW,2,26,0
2015,32,1.0,EW,3,75,12
2015,32,1.0,EW,4,203,46
2015,32,1.0,EW,5,501,112
2015,32,1.0,EW,6,642,235
2015,32,1.0,EW,7,750,360
2015,32,1.0,EW,8,787,421
2015,32,1.0,EW,9,583,403
2015,32,1.0,EW,10,300,227
2015,32,1.0,EW,11,239,187
2015,32,1.0,EW,12,125,105
2015,32,1.0,EW,13,28,21
2015,32,1.0,EW,14,8,5
2015,32,1.0,EW,15,0,0
2015,32,1.0,EW,16,0,0
2015,32,1.0,Quantile,1,267,53
2015,32,1.0,Quantile,2,267,57
2015,32,1.0,Quantile,3,267,59
2015,32,1.0,Quantile,4,266,94
2015,32,1.0,Quantile,5,267,101
2015,32,1.0,Quantile,6,267,99
2015,32,1.0,Quantile,7,266,109
2015,32,1.0,Quantile,8,267,156
2015,32,1.0,Quantile,9,267,139
2015,32,1.0,Quantile,10,266,137
2015,32,1.0,Quantile,11,267,146
2015,32,1.0,Quantile,12,267,186
2015,32,1.0,Quantile,13,266,190
2015,32,1.0,Quantile,14,267,184
2015,32,1.0,Quantile,15,267,209
2015,32,1.0,Quantile,16,266,215
2015,32,0.05,EW,1,0,0
2015,32,0.05,EW,2,0,0
2015,32,0.05,EW,3,0,0
2015,32,0.05,EW,4,4,4
2015,32,0.05,EW,5,146,68
2015,32,0.05,EW,6,669,343
2015,32,0.05,EW,7,1372,687
2015,32,0.05,EW,8,1360,689
2015,32,0.05,EW,9,563,266
2015,32,0.05,EW,10,137,72
2015,32,0.05,EW,11,16,5
2015,32,0.05,EW,12,0,0
2015,32,0.05,EW,13,0,0
2015,32,0.05,EW,14,0,0
2015,32,0.05,EW,15,0,0
2015,32,0.05,EW,16,0,0
2015,32,0.05,Quantile,1,267,135
2015,32,0.05,Quantile,2,267,124
2015,32,0.05,Quantile,3,267,145
2015,32,0.05,Quantile,4,266,143
2015,32,0.05,Quantile,5,267,133
2015,32,0.05,Quantile,6,267,127
2015,32,0.05,Quantile,7,266,124
2015,32,0.05,Quantile,8,267,140
2015,32,0.05,Quantile,9,267,142
2015,32,0.05,Quantile,10,266,128
2015,32,0.05,Quantile,11,267,140
2015,32,0.05,Quantile,12,267,135
2015,32,0.05,Quantile,13,266,136
2015,32,0.05,Quantile,14,267,120
2015,32,0.05,Quantile,15,267,129
2015,32,0.05,Quantile,16,266,133
2015,33,1.0,EW,1,0,0
2015,33,1.0,EW,2,9,1
2015,33,1.0,EW,3,96,11
2015,33,1.0,EW,4,208,43
2015,33,1.0,EW,5,555,124
2015,33,1.0,EW,6,686,226
2015,33,1.0,EW,7,675,289
2015,33,1.0,EW,8,676,418
2015,33,1.0,EW,9,612,418
2015,33,1.0,EW,10,346,278
2015,33,1.0,EW,11,216,169
2015,33,1.0,EW,12,136,117
2015,33,1.0,EW,13,50,38
2015,33,1.0,EW,14,2,2
2015,33,1.0,EW,15,0,0
2015,33,1.0,EW,16,0,0
2015,33,1.0,Quantile,1,267,41
2015,33,1.0,Quantile,2,267,61
2015,33,1.0,Quantile,3,267,48
2015,33,1.0,Quantile,4,266,81
2015,33,1.0,Quantile,5,267,100
2015,33,1.0,Quantile,6,267,88
2015,33,1.0,Quantile,7,266,111
2015,33,1.0,Quantile,8,267,117
2015,33,1.0,Quantile,9,267,154
2015,33,1.0,Quantile,10,266,165
2015,33,1.0,Quantile,11,267,165
2015,33,1.0,Quantile,12,267,187
2015,33,1.0,Quantile,13,266,179
2015,33,1.0,Quantile,14,267,199
2015,33,1.0,Quantile,15,267,211
2015,33,1.0,Quantile,16,266,227
2015,33,0.05,EW,1,0,0
2015,33,0.05,EW,2,0,0
2015,33,0.05,EW,3,0,0
2015,33,0.05,EW,4,7,5
2015,33,0.05,EW,5,162,63
2015,33,0.05,EW,6,579,301
2015,33,0.05,EW,7,1464,771
2015,33,0.05,EW,8,1347,666
2015,33,0.05,EW,9,587,271
2015,33,0.05,EW,10,112,52
2015,33,0.05,EW,11,8,5
2015,33,0.05,EW,12,1,0
2015,33,0.05,EW,13,0,0
2015,33,0.05,EW,14,0,0
2015,33,0.05,EW,15,0,0
2015,33,0.05,EW,16,0,0
2015,33,0.05,Quantile,1,267,119
2015,33,0.05,Quantile,2,267,146
2015,33,0.05,Quantile,3,267,127
2015,33,0.05,Quantile,4,266,125
2015,33,0.05,Quantile,5,267,169
2015,33,0.05,Quantile,6,267,149
2015,33,0.05,Quantile,7,266,151
2015,33,0.05,Quantile,8,267,122
2015,33,0.05,Quantile,9,267,123
2015,33,0.05,Quantile,10,266,136
2015,33,0.05,Quantile,11,267,130
2015,33,0.05,Quantile,12,267,128
2015,33,0.05,Quantile,13,266,124
2015,33,0.05,Quantile,14,267,148
2015,33,0.05,Quantile,15,267,121
2015,33,0.05,Quantile,16,266,116
2015,34,1.0,EW,1,0,0
2015,34,1.0,EW,2,6,1
2015,34,1.0,EW,3,87,6
2015,34,1.0,EW,4,199,40
2015,34,1.0,EW,5,542,139
2015,34,1.0,EW,6,627,193
2015,34,1.0,EW,7,750,359
2015,34,1.0,EW,8,714,411
2015,34,1.0,EW,9,587,397
2015,34,1.0,EW,10,450,354
2015,34,1.0,EW,11,190,144
2015,34,1.0,EW,12,89,74
2015,34,1.0,EW,13,10,4
2015,34,1.0,EW,14,15,12
2015,34,1.0,EW,15,1,0
2015,34,1.0,EW,16,0,0
2015,34,1.0,Quantile,1,267,47
2015,34,1.0,Quantile,2,267,57
2015,34,1.0,Quantile,3,267,77
2015,34,1.0,Quantile,4,266,51
2015,34,1.0,Quantile,5,267,97
2015,34,1.0,Quantile,6,267,114
2015,34,1.0,Quantile,7,266,126
2015,34,1.0,Quantile,8,267,134
2015,34,1.0,Quantile,9,267,123
2015,34,1.0,Quantile,10,266,150
2015,34,1.0,Quantile,11,267,181
2015,34,1.0,Quantile,12,267,176
2015,34,1.0,Quantile,13,266,177
2015,34,1.0,Quantile,14,267,212
2015,34,1.0,Quantile,15,267,205
2015,34,1.0,Quantile,16,266,207
2015,34,0.05,EW,1,0,0
2015,34,0.05,EW,2,0,0
2015,34,0.05,EW,3,0,0
2015,34,0.05,EW,4,7,7
2015,34,0.05,EW,5,114,44
2015,34,0.05,EW,6,677,356
2015,34,0.05,EW,7,1341,621
2015,34,0.05,EW,8,1454,791
2015,34,0.05,EW,9,592,280
2015,34,0.05,EW,10,79,35
2015,34,0.05,EW,11,3,0
2015,34,0.05,EW,12,0,0
2015,34,0.05,EW,13,0,0
2015,34,0.05,EW,14,0,0
2015,34,0.05,EW,15,0,0
2015,34,0.05,EW,16,0,0
2015,34,0.05,Quantile,1,267,144
2015,34,0.05,Quantile,2,267,131
2015,34,0.05,Quantile,3,267,134
2015,34,0.05,Quantile,4,266,121
2015,34,0.05,Quantile,5,267,123
2015,34,0.05,Quantile,6,267,115
2015,34,0.05,Quantile,7,266,121
2015,34,0.05,Quantile,8,267,138
2015,34,0.05,Quantile,9,267,145
2015,34,0.05,Quantile,10,266,158
2015,34,0.05,Quantile,11,267,169
2015,34,0.05,Quantile,12,267,134
2015,34,0.05,Quantile,13,266,129
2015,34,0.05,Quantile,14,267,125
2015,34,0.05,Quantile,15,267,132
2015,34,0.05,Quantile,16,266,115
2015,35,1.0,EW,1,0,0
2015,35,1.0,EW,2,9,6
2015,35,1.0,EW,3,122,5
2015,35,1.0,EW,4,240,43
2015,35,1.0,EW,5,469,105
2015,35,1.0,EW,6,611,195
2015,35,1.0,EW,7,693,326
2015,35,1.0,EW,8,791,456
2015,35,1.0,EW,9,638,450
2015,35,1.0,EW,10,365,276
2015,35,1.0,EW,11,174,146
2015,35,1.0,EW,12,89,72
2015,35,1.0,EW,13,38,35
2015,35,1.0,EW,14,20,14
2015,35,1.0,EW,15,8,5
2015,35,1.0,EW,16,0,0
2015,35,1.0,Quantile,1,267,39
2015,35,1.0,Quantile,2,267,39
2015,35,1.0,Quantile,3,267,73
2015,35,1.0,Quantile,4,266,73
2015,35,1.0,Quantile,5,267,98
2015,35,1.0,Quantile,6,267,82
2015,35,1.0,Quantile,7,266,126
2015,35,1.0,Quantile,8,267,142
2015,35,1.0,Quantile,9,267,151
2015,35,1.0,Quantile,10,266,155
2015,35,1.0,Quantile,11,267,158
2015,35,1.0,Quantile,12,267,181
2015,35,1.0,Quantile,13,266,193
2015,35,1.0,Quantile,14,267,183
2015,35,1.0,Quantile,15,267,225
2015,35,1.0,Quantile,16,266,216
2015,35,0.05,EW,1,0,0
2015,35,0.05,EW,2,0,0
2015,35,0.05,EW,3,0,0
2015,35,0.05,EW,4,2,2
2015,35,0.05,EW,5,122,60
2015,35,0.05,EW,6,649,334
2015,35,0.05,EW,7,1493,769
2015,35,0.05,EW,8,1304,631
2015,35,0.05,EW,9,568,276
2015,35,0.05,EW,10,124,61
2015,35,0.05,EW,11,5,1
2015,35,0.05,EW,12,0,0
2015,35,0.05,EW,13,0,0
2015,35,0.05,EW,14,0,0
2015,35,0.05,EW,15,0,0
2015,35,0.05,EW,16,0,0
2015,35,0.05,Quantile,1,267,139
2015,35,0.05,Quantile,2,267,140
2015,35,0.05,Quantile,3,267,125
2015,35,0.05,Quantile,4,266,124
2015,35,0.05,Quantile,5,267,150
2015,35,0.05,Quantile,6,267,151
2015,35,0.05,Quantile,7,266,135
2015,35,0.05,Quantile,8,267,133
2015,35,0.05,Quantile,9,267,135
2015,35,0.05,Quantile,10,266,111
2015,35,0.05,Quantile,11,267,123
2015,35,0.05,Quantile,12,267,134
2015,35,0.05,Quantile,13,266,141
2015,35,0.05,Quantile,14,267,134
2015,35,0.05,Quantile,15,267,129
2015,35,0.05,Quantile,16,266,130
2015,36,1.0,EW,1,1,1
2015,36,1.0,EW,2,33,1
2015,36,1.0,EW,3,87,13
2015,36,1.0,EW,4,235,34
2015,36,1.0,EW,5,467,127
2015,36,1.0,EW,6,597,171
2015,36,1.0,EW,7,766,351
2015,36,1.0,EW,8,807,477
2015,36,1.0,EW,9,535,371
2015,36,1.0,EW,10,332,251
2015,36,1.0,EW,11,260,216
2015,36,1.0,EW,12,105,88
2015,36,1.0,EW,13,18,13
2015,36,1.0,EW,14,15,12
2015,36,1.0,EW,15,9,8
2015,36,1.0,EW,16,0,0
2015,36,1.0,Quantile,1,267,31
2015,36,1.0,Quantile,2,267,68
2015,36,1.0,Quantile,3,267,73
2015,36,1.0,Quantile,4,266,48
2015,36,1.0,Quantile,5,267,97
2015,36,1.0,Quantile,6,267,112
2015,36,1.0,Quantile,7,266,127
2015,36,1.0,Quantile,8,267,118
2015,36,1.0,Quantile,9,267,149
2015,36,1.0,Quantile,10,266,181
2015,36,1.0,Quantile,11,267,146
2015,36,1.0,Quantile,12,267,156
2015,36,1.0,Quantile,13,266,186
2015,36,1.0,Quantile,14,267,206
2015,36,1.0,Quantile,15,267,216
2015,36,1.0,Quantile,16,266,220
2015,36,0.05,EW,1,0,0
2015,36,0.05,EW,2,0,0
2015,36,0.05,EW,3,0,0
2015,36,0.05,EW,4,6,4
2015,36,0.05,EW,5,128,70
2015,36,0.05,EW,6,649,333
2015,36,0.05,EW,7,1451,699
2015,36,0.05,EW,8,1313,680
2015,36,0.05,EW,9,590,306
2015,36,0.05,EW,10,119,42
2015,36,0.05,EW,11,11,0
2015,36,0.05,EW,12,0,0
2015,36,0.05,EW,13,0,0
2015,36,0.05,EW,14,0,0
2015,36,0.05,EW,15,0,0
2015,36,0.05,EW,16,0,0
2015,36,0.05,Quantile,1,267,141
2015,36,0.05,Quantile,2,267,130
2015,36,0.05,Quantile,3,267,142
2015,36,0.05,Quantile,4,266,139
2015,36,0.05,Quantile,5,267,121
2015,36,0.05,Quantile,6,267,115
2015,36,0.05,Quantile,7,266,150
2015,36,0.05,Quantile,8,267,119
2015,36,0.05,Quantile,9,267,143
2015,36,0.05,Quantile,10,266,146
2015,36,0.05,Quantile,11,267,133
2015,36,0.05,Quantile,12,267,131
2015,36,0.05,Quantile,13,266,129
2015,36,0.05,Quantile,14,267,147
2015,36,0.05,Quantile,15,267,142
2015,36,0.05,Quantile,16,266,106
2015,37,1.0,EW,1,0,0
2015,37,1.0,EW,2,29,1
2015,37,1.0,EW,3,81,3
2015,37,1.0,EW,4,232,33
2015,37,1.0,EW,5,407,105
2015,37,1.0,EW,6,688,244
2015,37,1.0,EW,7,780,333
2015,37,1.0,EW,8,733,433
2015,37,1.0,EW,9,643,451
2015,37,1.0,EW,10,351,260
2015,37,1.0,EW,11,167,138
2015,37,1.0,EW,12,86,78
2015,37,1.0,EW,13,33,28
2015,37,1.0,EW,14,22,16
2015,37,1.0,EW,15,15,11
2015,37,1.0,EW,16,0,0
2015,37,1.0,Quantile,1,267,28
2015,37,1.0,Quantile,2,267,51
2015,37,1.0,Quantile,3,267,82
2015,37,1.0,Quantile,4,266,95
2015,37,1.0,Quantile,5,267,91
2015,37,1.0,Quantile,6,267,97
2015,37,1.0,Quantile,7,266,111
2015,37,1.0,Quantile,8,267,118
2015,37,1.0,Quantile,9,267,165
2015,37,1.0,Quantile,10,266,146
2015,37,1.0,Quantile,11,267,157
2015,37,1.0,Quantile,12,267,202
2015,37,1.0,Quantile,13,266,177
2015,37,1.0,Quantile,14,267,184
2015,37,1.0,Quantile,15,267,207
2015,37,1.0,Quantile,16,266,223
2015,37,0.05,EW,1,0,0
2015,37,0.05,EW,2,0,0
2015,37,0.05,EW,3,0,0
2015,37,0.05,EW,4,12,7
2015,37,0.05,EW,5,158,75
2015,37,0.05,EW,6,678,326
2015,37,0.05,EW,7,1346,670
2015,37,0.05,EW,8,1342,659
2015,37,0.05,EW,9,544,294
2015,37,0.05,EW,10,167,98
2015,37,0.05,EW,11,20,5
2015,37,0.05,EW,12,0,0
2015,37,0.05,EW,13,0,0
2015,37,0.05,EW,14,0,0
2015,37,0.05,EW,15,0,0
2015,37,0.05,EW,16,0,0
2015,37,0.05,Quantile,1,267,126
2015,37,0.05,Quantile,2,267,121
2015,37,0.05,Quantile,3,267,141
2015,37,0.05,Quantile,4,266,124
2015,37,0.05,Quantile,5,267,127
2015,37,0.05,Quantile,6,267,121
2015,37,0.05,Quantile,7,266,134
2015,37,0.05,Quantile,8,267,142
2015,37,0.05,Quantile,9,267,149
2015,37,0.05,Quantile,10,266,156
2015,37,0.05,Quantile,11,267,132
2015,37,0.05,Quantile,12,267,104
2015,37,0.05,Quantile,13,266,126
2015,37,0.05,Quantile,14,267,165
2015,37,0.05,Quantile,15,267,121
2015,37,0.05,Quantile,16,266,145
2015,38,1.0,EW,1,2,1
2015,38,1.0,EW,2,22,3
2015,38,1.0,EW,3,98,9
2015,38,1.0,EW,4,208,44
2015,38,1.0,EW,5,452,94
2015,38,1.0,EW,6,666,236
2015,38,1.0,EW,7,741,345
2015,38,1.0,EW,8,771,447
2015,38,1.0,EW,9,587,393
2015,38,1.0,EW,10,388,291
2015,38,1.0,EW,11,199,158
2015,38,1.0,EW,12,82,71
2015,38,1.0,EW,13,46,39
2015,38,1.0,EW,14,5,3
2015,38,1.0,EW,15,0,0
2015,38,1.0,EW,16,0,0
2015,38,1.0,Quantile,1,267,47
2015,38,1.0,Quantile,2,267,47
2015,38,1.0,Quantile,3,267,58
2015,38,1.0,Quantile,4,266,108
2015,38,1.0,Quantile,5,267,78
2015,38,1.0,Quantile,6,267,116
2015,38,1.0,Quantile,7,266,108
2015,38,1.0,Quantile,8,267,137
2015,38,1.0,Quantile,9,267,155
2015,38,1.0,Quantile,10,266,153
2015,38,1.0,Quantile,11,267,156
2015,38,1.0,Quantile,12,267,174
2015,38,1.0,Quantile,13,266,180
2015,38,1.0,Quantile,14,267,188
2015,38,1.0,Quantile,15,267,216
2015,38,1.0,Quantile,16,266,213
2015,38,0.05,EW,1,0,0
2015,38,0.05,EW,2,0,0
2015,38,0.05,EW,3,0,0
2015,38,0.05,EW,4,6,6
2015,38,0.05,EW,5,147,71
2015,38,0.05,EW,6,716,360
2015,38,0.05,EW,7,1308,670
2015,38,0.05,EW,8,1359,669
2015,38,0.05,EW,9,582,280
2015,38,0.05,EW,10,134,74
2015,38,0.05,EW,11,15,4
2015,38,0.05,EW,12,0,0
2015,38,0.05,EW,13,0,0
2015,38,0.05,EW,14,0,0
2015,38,0.05,EW,15,0,0
2015,38,0.05,EW,16,0,0
2015,38,0.05,Quantile,1,267,123
2015,38,0.05,Quantile,2,267,154
2015,38,0.05,Quantile,3,267,130
2015,38,0.05,Quantile,4,266,126
2015,38,0.05,Quantile,5,267,129
2015,38,0.05,Quantile,6,267,122
2015,38,0.05,Quantile,7,266,149
2015,38,0.05,Quantile,8,267,150
2015,38,0.05,Quantile,9,267,146
2015,38,0.05,Quantile,10,266,123
2015,38,0.05,Quantile,11,267,110
2015,38,0.05,Quantile,12,267,130
2015,38,0.05,Quantile,13,266,149
2015,38,0.05,Quantile,14,267,135
2015,38,0.05,Quantile,15,267,135
2015,38,0.05,Quantile,16,266,123
2015,39,1.0,EW,1,1,0
2015,39,1.0,EW,2,21,1
2015,39,1.0,EW,3,75,12
2015,39,1.0,EW,4,247,41
2015,39,1.0,EW,5,532,98
2015,39,1.0,EW,6,584,205
2015,39,1.0,EW,7,755,353
2015,39,1.0,EW,8,700,413
2015,39,1.0,EW,9,592,394
2015,39,1.0,EW,10,382,301
2015,39,1.0,EW,11,237,194
2015,39,1.0,EW,12,97,87
2015,39,1.0,EW,13,33,25
2015,39,1.0,EW,14,9,9
2015,39,1.0,EW,15,2,1
2015,39,1.0,EW,16,0,0
2015,39,1.0,Quantile,1,267,41
2015,39,1.0,Quantile,2,267,48
2015,39,1.0,Quantile,3,267,48
2015,39,1.0,Quantile,4,266,63
2015,39,1.0,Quantile,5,267,97
2015,39,1.0,Quantile,6,267,135
2015,39,1.0,Quantile,7,266,109
2015,39,1.0,Quantile,8,267,128
2015,39,1.0,Quantile,9,267,146
2015,39,1.0,Quantile,10,266,173
2015,39,1.0,Quantile,11,267,144
2015,39,1.0,Quantile,12,267,169
2015,39,1.0,Quantile,13,266,182
2015,39,1.0,Quantile,14,267,204
2015,39,1.0,Quantile,15,267,235
2015,39,1.0,Quantile,16,266,212
2015,39,0.05,EW,1,0,0
2015,39,0.05,EW,2,0,0
2015,39,0.05,EW,3,0,0
2015,39,0.05,EW,4,4,4
2015,39,0.05,EW,5,118,64
2015,39,0.05,EW,6,729,346
2015,39,0.05,EW,7,1315,683
2015,39,0.05,EW,8,1384,711
2015,39,0.05,EW,9,640,305
2015,39,0.05,EW,10,59,8
2015,39,0.05,EW,11,17,13
2015,39,0.05,EW,12,1,0
2015,39,0.05,EW,13,0,0
2015,39,0.05,EW,14,0,0
2015,39,0.05,EW,15,0,0
2015,39,0.05,EW,16,0,0
2015,39,0.05,Quantile,1,267,133
2015,39,0.05,Quantile,2,267,149
2015,39,0.05,Quantile,3,267,107
2015,39,0.05,Quantile,4,266,120
2015,39,0.05,Quantile,5,267,131
2015,39,0.05,Quantile,6,267,160
2015,39,0.05,Quantile,7,266,160
2015,39,0.05,Quantile,8,267,121
2015,39,0.05,Quantile,9,267,141
2015,39,0.05,Quantile,10,266,151
2015,39,0.05,Quantile,11,267,129
2015,39,0.05,Quantile,12,267,148
2015,39,0.05,Quantile,13,266,122
2015,39,0.05,Quantile,14,267,132
2015,39,0.05,Quantile,15,267,138
2015,39,0.05,Quantile,16,266,92
2015,40,1.0,EW,1,0,0
2015,40,1.0,EW,2,7,2
2015,40,1.0,EW,3,81,7
2015,40,1.0,EW,4,140,35
2015,40,1.0,EW,5,603,143
2015,40,1.0,EW,6,653,218
2015,40,1.0,EW,7,766,352
2015,40,1.0,EW,8,751,426
2015,40,1.0,EW,9,510,355
2015,40,1.0,EW,10,378,289
2015,40,1.0,EW,11,219,178
2015,40,1.0,EW,12,117,97
2015,40,1.0,EW,13,39,29
2015,40,1.0,EW,14,3,3
2015,40,1.0,EW,15,0,0
2015,40,1.0,EW,16,0,0
2015,40,1.0,Quantile,1,267,54
2015,40,1.0,Quantile,2,267,80
2015,40,1.0,Quantile,3,267,48
2015,40,1.0,Quantile,4,266,85
2015,40,1.0,Quantile,5,267,82
2015,40,1.0,Quantile,6,267,110
2015,40,1.0,Quantile,7,266,109
2015,40,1.0,Quantile,8,267,119
2015,40,1.0,Quantile,9,267,159
2015,40,1.0,Quantile,10,266,149
2015,40,1.0,Quantile,11,267,146
2015,40,1.0,Quantile,12,267,178
2015,40,1.0,Quantile,13,266,184
2015,40,1.0,Quantile,14,267,197
2015,40,1.0,Quantile,15,267,213
2015,40,1.0,Quantile,16,266,221
2015,40,0.05,EW,1,0,0
2015,40,0.05,EW,2,0,0
2015,40,0.05,EW,3,0,0
2015,40,0.05,EW,4,15,4
2015,40,0.05,EW,5,118,61
2015,40,0.05,EW,6,627,342
2015,40,0.05,EW,7,1457,684
2015,40,0.05,EW,8,1323,680
2015,40,0.05,EW,9,608,325
2015,40,0.05,EW,10,113,34
2015,40,0.05,EW,11,6,4
2015,40,0.05,EW,12,0,0
2015,40,0.05,EW,13,0,0
2015,40,0.05,EW,14,0,0
2015,40,0.05,EW,15,0,0
2015,40,0.05,EW,16,0,0
2015,40,0.05,Quantile,1,267,130
2015,40,0.05,Quantile,2,267,136
2015,40,0.05,Quantile,3,267,166
2015,40,0.05,Quantile,4,266,141
2015,40,0.05,Quantile,5,267,117
2015,40,0.05,Quantile,6,267,114
2015,40,0.05,Quantile,7,266,114
2015,40,0.05,Quantile,8,267,130
2015,40,0.05,Quantile,9,267,135
2015,40,0.05,Quantile,10,266,151
2015,40,0.05,Quantile,11,267,141
2015,40,0.05,Quantile,12,267,130
2015,40,0.05,Quantile,13,266,124
2015,40,0.05,Quantile,14,267,143
2015,40,0.05,Quantile,15,267,149
2015,40,0.05,Quantile,16,266,113
2015,41,1.0,EW,1,1,1
2015,41,1.0,EW,2,18,1
2015,41,1.0,EW,3,76,10
2015,41,1.0,EW,4,247,33
2015,41,1.0,EW,5,394,117
2015,41,1.0,EW,6,750,218
2015,41,1.0,EW,7,713,341
2015,41,1.0,EW,8,799,478
2015,41,1.0,EW,9,553,393
2015,41,1.0,EW,10,383,276
2015,41,1.0,EW,11,176,145
2015,41,1.0,EW,12,101,78
2015,41,1.0,EW,13,31,24
2015,41,1.0,EW,14,13,13
2015,41,1.0,EW,15,12,6
2015,41,1.0,EW,16,0,0
2015,41,1.0,Quantile,1,267,33
2015,41,1.0,Quantile,2,267,64
2015,41,1.0,Quantile,3,267,80
2015,41,1.0,Quantile,4,266,80
2015,41,1.0,Quantile,5,267,68
2015,41,1.0,Quantile,6,267,99
2015,41,1.0,Quantile,7,266,110
2015,41,1.0,Quantile,8,267,144
2015,41,1.0,Quantile,9,267,154
2015,41,1.0,Quantile,10,266,145
2015,41,1.0,Quantile,11,267,178
2015,41,1.0,Quantile,12,267,178
2015,41,1.0,Quantile,13,266,196
2015,41,1.0,Quantile,14,267,187
2015,41,1.0,Quantile,15,267,205
2015,41,1.0,Quantile,16,266,213
2015,41,0.05,EW,1,0,0
2015,41,0.05,EW,2,0,0
2015,41,0.05,EW,3,0,0
2015,41,0.05,EW,4,6,6
2015,41,0.05,EW,5,140,61
2015,41,0.05,EW,6,664,335
2015,41,0.05,EW,7,1425,703
2015,41,0.05,EW,8,1281,648
2015,41,0.05,EW,9,596,294
2015,41,0.05,EW,10,138,76
2015,41,0.05,EW,11,17,11
2015,41,0.05,EW,12,0,0
2015,41,0.05,EW,13,0,0
2015,41,0.05,EW,14,0,0
2015,41,0.05,EW,15,0,0
2015,41,0.05,EW,16,0,0
2015,41,0.05,Quantile,1,267,124
2015,41,0.05,Quantile,2,267,149
2015,41,0.05,Quantile,3,267,123
2015,41,0.05,Quantile,4,266,151
2015,41,0.05,Quantile,5,267,140
2015,41,0.05,Quantile,6,267,105
2015,41,0.05,Quantile,7,266,122
2015,41,0.05,Quantile,8,267,149
2015,41,0.05,Quantile,9,267,126
2015,41,0.05,Quantile,10,266,145
2015,41,0.05,Quantile,11,267,138
2015,41,0.05,Quantile,12,267,111
2015,41,0.05,Quantile,13,266,145
2015,41,0.05,Quantile,14,267,159
2015,41,0.05,Quantile,15,267,126
2015,41,0.05,Quantile,16,266,121
2015,42,1.0,EW,1,0,0
2015,42,1.0,EW,2,18,2
2015,42,1.0,EW,3,92,13
2015,42,1.0,EW,4,231,36
2015,42,1.0,EW,5,428,108
2015,42,1.0,EW,6,652,221
2015,42,1.0,EW,7,824,362
2015,42,1.0,EW,8,721,405
2015,42,1.0,EW,9,572,389
2015,42,1.0,EW,10,351,283
2015,42,1.0,EW,11,213,177
2015,42,1.0,EW,12,134,116
2015,42,1.0,EW,13,31,22
2015,42,1.0,EW,14,0,0
2015,42,1.0,EW,15,0,0
2015,42,1.0,EW,16,0,0
2015,42,1.0,Quantile,1,267,45
2015,42,1.0,Quantile,2,267,55
2015,42,1.0,Quantile,3,267,68
2015,42,1.0,Quantile,4,266,93
2015,42,1.0,Quantile,5,267,97
2015,42,1.0,Quantile,6,267,83
2015,42,1.0,Quantile,7,266,137
2015,42,1.0,Quantile,8,267,114
2015,42,1.0,Quantile,9,267,135
2015,42,1.0,Quantile,10,266,148
2015,42,1.0,Quantile,11,267,152
2015,42,1.0,Quantile,12,267,184
2015,42,1.0,Quantile,13,266,176
2015,42,1.0,Quantile,14,267,202
2015,42,1.0,Quantile,15,267,225
2015,42,1.0,Quantile,16,266,220
2015,42,0.05,EW,1,0,0
2015,42,0.05,EW,2,0,0
2015,42,0.05,EW,3,0,0
2015,42,0.05,EW,4,8,3
2015,42,0.05,EW,5,115,56
2015,42,0.05,EW,6,638,329
2015,42,0.05,EW,7,1509,772
2015,42,0.05,EW,8,1288,627
2015,42,0.05,EW,9,546,273
2015,42,0.05,EW,10,157,74
2015,42,0.05,EW,11,6,0
2015,42,0.05,EW,12,0,0
2015,42,0.05,EW,13,0,0
2015,42,0.05,EW,14,0,0
2015,42,0.05,EW,15,0,0
2015,42,0.05,EW,16,0,0
2015,42,0.05,Quantile,1,267,135
2015,42,0.05,Quantile,2,267,136
2015,42,0.05,Quantile,3,267,136
2015,42,0.05,Quantile,4,266,128
2015,42,0.05,Quantile,5,267,142
2015,42,0.05,Quantile,6,267,119
2015,42,0.05,Quantile,7,266,148
2015,42,0.05,Quantile,8,267,140
2015,42,0.05,Quantile,9,267,136
2015,42,0.05,Quantile,10,266,130
2015,42,0.05,Quantile,11,267,137
2015,42,0.05,Quantile,12,267,123
2015,42,0.05,Quantile,13,266,126
2015,42,0.05,Quantile,14,267,143
2015,42,0.05,Quantile,15,267,139
2015,42,0.05,Quantile,16,266,116
2015,43,1.0,EW,1,0,0
2015,43,1.0,EW,2,4,2
2015,43,1.0,EW,3,78,13
2015,43,1.0,EW,4,286,62
2015,43,1.0,EW,5,484,89
2015,43,1.0,EW,6,583,214
2015,43,1.0,EW,7,792,337
2015,43,1.0,EW,8,718,437
2015,43,1.0,EW,9,608,433
2015,43,1.0,EW,10,369,269
2015,43,1.0,EW,11,179,143
2015,43,1.0,EW,12,92,75
2015,43,1.0,EW,13,53,46
2015,43,1.0,EW,14,18,14
2015,43,1.0,EW,15,3,0
2015,43,1.0,EW,16,0,0
2015,43,1.0,Quantile,1,267,58
2015,43,1.0,Quantile,2,267,41
2015,43,1.0,Quantile,3,267,52
2015,43,1.0,Quantile,4,266,94
2015,43,1.0,Quantile,5,267,97
2015,43,1.0,Quantile,6,267,110
2015,43,1.0,Quantile,7,266,105
2015,43,1.0,Quantile,8,267,112
2015,43,1.0,Quantile,9,267,150
2015,43,1.0,Quantile,10,266,168
2015,43,1.0,Quantile,11,267,158
2015,43,1.0,Quantile,12,267,185
2015,43,1.0,Quantile,13,266,188
2015,43,1.0,Quantile,14,267,193
2015,43,1.0,Quantile,15,267,207
2015,43,1.0,Quantile,16,266,216
2015,43,0.05,EW,1,0,0
2015,43,0.05,EW,2,0,0
2015,43,0.05,EW,3,0,0
2015,43,0.05,EW,4,7,5
2015,43,0.05,EW,5,94,44
2015,43,0.05,EW,6,688,386
2015,43,0.05,EW,7,1439,691
2015,43,0.05,EW,8,1362,663
2015,43,0.05,EW,9,564,303
2015,43,0.05,EW,10,102,41
2015,43,0.05,EW,11,11,1
2015,43,0.05,EW,12,0,0
2015,43,0.05,EW,13,0,0
2015,43,0.05,EW,14,0,0
2015,43,0.05,EW,15,0,0
2015,43,0.05,EW,16,0,0
2015,43,0.05,Quantile,1,267,152
2015,43,0.05,Quantile,2,267,164
2015,43,0.05,Quantile,3,267,124
2015,43,0.05,Quantile,4,266,130
2015,43,0.05,Quantile,5,267,119
2015,43,0.05,Quantile,6,267,122
2015,43,0.05,Quantile,7,266,136
2015,43,0.05,Quantile,8,267,126
2015,43,0.05,Quantile,9,267,138
2015,43,0.05,Quantile,10,266,144
2015,43,0.05,Quantile,11,267,131
2015,43,0.05,Quantile,12,267,120
2015,43,0.05,Quantile,13,266,121
2015,43,0.05,Quantile,14,267,135
2015,43,0.05,Quantile,15,267,172
2015,43,0.05,Quantile,16,266,100
2015,44,1.0,EW,1,0,0
2015,44,1.0,EW,2,22,2
2015,44,1.0,EW,3,89,12
2015,44,1.0,EW,4,235,52
2015,44,1.0,EW,5,476,116
2015,44,1.0,EW,6,614,190
2015,44,1.0,EW,7,722,335
2015,44,1.0,EW,8,862,511
2015,44,1.0,EW,9,470,297
2015,44,1.0,EW,10,419,325
2015,44,1.0,EW,11,195,158
2015,44,1.0,EW,12,124,104
2015,44,1.0,EW,13,35,31
2015,44,1.0,EW,14,4,1
2015,44,1.0,EW,15,0,0
2015,44,1.0,EW,16,0,0
2015,44,1.0,Quantile,1,267,50
2015,44,1.0,Quantile,2,267,56
2015,44,1.0,Quantile,3,267,69
2015,44,1.0,Quantile,4,266,65
2015,44,1.0,Quantile,5,267,90
2015,44,1.0,Quantile,6,267,90
2015,44,1.0,Quantile,7,266,136
2015,44,1.0,Quantile,8,267,140
2015,44,1.0,Quantile,9,267,162
2015,44,1.0,Quantile,10,266,146
2015,44,1.0,Quantile,11,267,161
2015,44,1.0,Quantile,12,267,166
2015,44,1.0,Quantile,13,266,165
2015,44,1.0,Quantile,14,267,213
2015,44,1.0,Quantile,15,267,201
2015,44,1.0,Quantile,16,266,224
2015,44,0.05,EW,1,0,0
2015,44,0.05,EW,2,0,0
2015,44,0.05,EW,3,0,0
2015,44,0.05,EW,4,3,3
2015,44,0.05,EW,5,136,76
2015,44,0.05,EW,6,650,326
2015,44,0.05,EW,7,1514,789
2015,44,0.05,EW,8,1225,564
2015,44,0.05,EW,9,583,299
2015,44,0.05,EW,10,115,52
2015,44,0.05,EW,11,39,23
2015,44,0.05,EW,12,2,2
2015,44,0.05,EW,13,0,0
2015,44,0.05,EW,14,0,0
2015,44,0.05,EW,15,0,0
2015,44,0.05,EW,16,0,0
2015,44,0.05,Quantile,1,267,141
2015,44,0.05,Quantile,2,267,129
2015,44,0.05,Quantile,3,267,142
2015,44,0.05,Quantile,4,266,138
2015,44,0.05,Quantile,5,267,143
2015,44,0.05,Quantile,6,267,148
2015,44,0.05,Quantile,7,266,144
2015,44,0.05,Quantile,8,267,128
2015,44,0.05,Quantile,9,267,127
2015,44,0.05,Quantile,10,266,108
2015,44,0.05,Quantile,11,267,125
2015,44,0.05,Quantile,12,267,129
2015,44,0.05,Quantile,13,266,128
2015,44,0.05,Quantile,14,267,147
2015,44,0.05,Quantile,15,267,139
2015,44,0.05,Quantile,16,266,118
2015,45,1.0,EW,1,12,0
2015,45,1.0,EW,2,19,1
2015,45,1.0,EW,3,73,9
2015,45,1.0,EW,4,227,44
2015,45,1.0,EW,5,455,84
2015,45,1.0,EW,6,675,257
2015,45,1.0,EW,7,701,313
2015,45,1.0,EW,8,797,487
2015,45,1.0,EW,9,606,397
2015,45,1.0,EW,10,344,256
2015,45,1.0,EW,11,226,181
2015,45,1.0,EW,12,103,83
2015,45,1.0,EW,13,15,13
2015,45,1.0,EW,14,13,9
2015,45,1.0,EW,15,1,0
2015,45,1.0,EW,16,0,0
2015,45,1.0,Quantile,1,267,32
2015,45,1.0,Quantile,2,267,53
2015,45,1.0,Quantile,3,267,58
2015,45,1.0,Quantile,4,266,95
2015,45,1.0,Quantile,5,267,107
2015,45,1.0,Quantile,6,267,101
2015,45,1.0,Quantile,7,266,98
2015,45,1.0,Quantile,8,267,150
2015,45,1.0,Quantile,9,267,147
2015,45,1.0,Quantile,10,266,163
2015,45,1.0,Quantile,11,267,177
2015,45,1.0,Quantile,12,267,170
2015,45,1.0,Quantile,13,266,172
2015,45,1.0,Quantile,14,267,196
2015,45,1.0,Quantile,15,267,201
2015,45,1.0,Quantile,16,266,214
2015,45,0.05,EW,1,0,0
2015,45,0.05,EW,2,0,0
2015,45,0.05,EW,3,0,0
2015,45,0.05,EW,4,19,9
2015,45,0.05,EW,5,106,50
2015,45,0.05,EW,6,634,351
2015,45,0.05,EW,7,1547,770
2015,45,0.05,EW,8,1266,604
2015,45,0.05,EW,9,526,259
2015,45,0.05,EW,10,135,71
2015,45,0.05,EW,11,34,20
2015,45,0.05,EW,12,0,0
2015,45,0.05,EW,13,0,0
2015,45,0.05,EW,14,0,0
2015,45,0.05,EW,15,0,0
2015,45,0.05,EW,16,0,0
2015,45,0.05,Quantile,1,267,136
2015,45,0.05,Quantile,2,267,150
2015,45,0.05,Quantile,3,267,141
2015,45,0.05,Quantile,4,266,142
2015,45,0.05,Quantile,5,267,124
2015,45,0.05,Quantile,6,267,133
2015,45,0.05,Quantile,7,266,129
2015,45,0.05,Quantile,8,267,142
2015,45,0.05,Quantile,9,267,130
2015,45,0.05,Quantile,10,266,126
2015,45,0.05,Quantile,11,267,112
2015,45,0.05,Quantile,12,267,127
2015,45,0.05,Quantile,13,266,142
2015,45,0.05,Quantile,14,267,123
2015,45,0.05,Quantile,15,267,153
2015,45,0.05,Quantile,16,266,124
2015,46,1.0,EW,1,0,0
2015,46,1.0,EW,2,13,1
2015,46,1.0,EW,3,112,12
2015,46,1.0,EW,4,242,42
2015,46,1.0,EW,5,465,115
2015,46,1.0,EW,6,695,219
2015,46,1.0,EW,7,659,297
2015,46,1.0,EW,8,710,401
2015,46,1.0,EW,9,571,404
2015,46,1.0,EW,10,431,346
2015,46,1.0,EW,11,209,146
2015,46,1.0,EW,12,116,110
2015,46,1.0,EW,13,44,41
2015,46,1.0,EW,14,0,0
2015,46,1.0,EW,15,0,0
2015,46,1.0,EW,16,0,0
2015,46,1.0,Quantile,1,267,40
2015,46,1.0,Quantile,2,267,51
2015,46,1.0,Quantile,3,267,65
2015,46,1.0,Quantile,4,266,70
2015,46,1.0,Quantile,5,267,101
2015,46,1.0,Quantile,6,267,89
2015,46,1.0,Quantile,7,266,91
2015,46,1.0,Quantile,8,267,144
2015,46,1.0,Quantile,9,267,143
2015,46,1.0,Quantile,10,266,161
2015,46,1.0,Quantile,11,267,158
2015,46,1.0,Quantile,12,267,187
2015,46,1.0,Quantile,13,266,191
2015,46,1.0,Quantile,14,267,200
2015,46,1.0,Quantile,15,267,225
2015,46,1.0,Quantile,16,266,218
2015,46,0.05,EW,1,0,0
2015,46,0.05,EW,2,0,0
2015,46,0.05,EW,3,0,0
2015,46,0.05,EW,4,10,4
2015,46,0.05,EW,5,127,63
2015,46,0.05,EW,6,650,315
2015,46,0.05,EW,7,1363,723
2015,46,0.05,EW,8,1454,722
2015,46,0.05,EW,9,549,254
2015,46,0.05,EW,10,112,53
2015,46,0.05,EW,11,2,0
2015,46,0.05,EW,12,0,0
2015,46,0.05,EW,13,0,0
2015,46,0.05,EW,14,0,0
2015,46,0.05,EW,15,0,0
2015,46,0.05,EW,16,0,0
2015,46,0.05,Quantile,1,267,130
2015,46,0.05,Quantile,2,267,132
2015,46,0.05,Quantile,3,267,127
2015,46,0.05,Quantile,4,266,131
2015,46,0.05,Quantile,5,267,131
2015,46,0.05,Quantile,6,267,147
2015,46,0.05,Quantile,7,266,145
2015,46,0.05,Quantile,8,267,150
2015,46,0.05,Quantile,9,267,134
2015,46,0.05,Quantile,10,266,138
2015,46,0.05,Quantile,11,267,133
2015,46,0.05,Quantile,12,267,134
2015,46,0.05,Quantile,13,266,133
2015,46,0.05,Quantile,14,267,119
2015,46,0.05,Quantile,15,267,132
2015,46,0.05,Quantile,16,266,118
2015,47,1.0,EW,1,0,0
2015,47,1.0,EW,2,5,3
2015,47,1.0,EW,3,136,9
2015,47,1.0,EW,4,256,38
2015,47,1.0,EW,5,443,120
2015,47,1.0,EW,6,586,177
2015,47,1.0,EW,7,637,297
2015,47,1.0,EW,8,851,512
2015,47,1.0,EW,9,653,442
2015,47,1.0,EW,10,355,254
2015,47,1.0,EW,11,223,180
2015,47,1.0,EW,12,97,83
2015,47,1.0,EW,13,25,19
2015,47,1.0,EW,14,0,0
2015,47,1.0,EW,15,0,0
2015,47,1.0,EW,16,0,0
2015,47,1.0,Quantile,1,267,31
2015,47,1.0,Quantile,2,267,48
2015,47,1.0,Quantile,3,267,81
2015,47,1.0,Quantile,4,266,60
2015,47,1.0,Quantile,5,267,87
2015,47,1.0,Quantile,6,267,105
2015,47,1.0,Quantile,7,266,124
2015,47,1.0,Quantile,8,267,136
2015,47,1.0,Quantile,9,267,155
2015,47,1.0,Quantile,10,266,160
2015,47,1.0,Quantile,11,267,186
2015,47,1.0,Quantile,12,267,172
2015,47,1.0,Quantile,13,266,180
2015,47,1.0,Quantile,14,267,193
2015,47,1.0,Quantile,15,267,195
2015,47,1.0,Quantile,16,266,221
2015,47,0.05,EW,1,0,0
2015,47,0.05,EW,2,0,0
2015,47,0.05,EW,3,0,0
2015,47,0.05,EW,4,4,2
2015,47,0.05,EW,5,157,81
2015,47,0.05,EW,6,675,349
2015,47,0.05,EW,7,1359,639
2015,47,0.05,EW,8,1347,703
2015,47,0.05,EW,9,552,274
2015,47,0.05,EW,10,151,75
2015,47,0.05,EW,11,21,11
2015,47,0.05,EW,12,1,0
2015,47,0.05,EW,13,0,0
2015,47,0.05,EW,14,0,0
2015,47,0.05,EW,15,0,0
2015,47,0.05,EW,16,0,0
2015,47,0.05,Quantile,1,267,143
2015,47,0.05,Quantile,2,267,134
2015,47,0.05,Quantile,3,267,140
2015,47,0.05,Quantile,4,266,117
2015,47,0.05,Quantile,5,267,119
2015,47,0.05,Quantile,6,267,112
2015,47,0.05,Quantile,7,266,117
2015,47,0.05,Quantile,8,267,159
2015,47,0.05,Quantile,9,267,160
2015,47,0.05,Quantile,10,266,152
2015,47,0.05,Quantile,11,267,136
2015,47,0.05,Quantile,12,267,147
2015,47,0.05,Quantile,13,266,112
2015,47,0.05,Quantile,14,267,126
2015,47,0.05,Quantile,15,267,128
2015,47,0.05,Quantile,16,266,132
2015,48,1.0,EW,1,0,0
2015,48,1.0,EW,2,11,0
2015,48,1.0,EW,3,99,8
2015,48,1.0,EW,4,246,45
2015,48,1.0,EW,5,424,93
2015,48,1.0,EW,6,676,223
2015,48,1.0,EW,7,762,356
2015,48,1.0,EW,8,762,444
2015,48,1.0,EW,9,556,366
2015,48,1.0,EW,10,372,294
2015,48,1.0,EW,11,187,156
2015,48,1.0,EW,12,145,129
2015,48,1.0,EW,13,23,16
2015,48,1.0,EW,14,4,4
2015,48,1.0,EW,15,0,0
2015,48,1.0,EW,16,0,0
2015,48,1.0,Quantile,1,267,40
2015,48,1.0,Quantile,2,267,37
2015,48,1.0,Quantile,3,267,77
2015,48,1.0,Quantile,4,266,84
2015,48,1.0,Quantile,5,267,92
2015,48,1.0,Quantile,6,267,92
2015,48,1.0,Quantile,7,266,113
2015,48,1.0,Quantile,8,267,153
2015,48,1.0,Quantile,9,267,132
2015,48,1.0,Quantile,10,266,160
2015,48,1.0,Quantile,11,267,162
2015,48,1.0,Quantile,12,267,158
2015,48,1.0,Quantile,13,266,185
2015,48,1.0,Quantile,14,267,204
2015,48,1.0,Quantile,15,267,213
2015,48,1.0,Quantile,16,266,232
2015,48,0.05,EW,1,0,0
2015,48,0.05,EW,2,0,0
2015,48,0.05,EW,3,0,0
2015,48,0.05,EW,4,10,9
2015,48,0.05,EW,5,115,50
2015,48,0.05,EW,6,664,338
2015,48,0.05,EW,7,1417,708
2015,48,0.05,EW,8,1366,707
2015,48,0.05,EW,9,611,286
2015,48,0.05,EW,10,70,28
2015,48,0.05,EW,11,9,6
2015,48,0.05,EW,12,5,2
2015,48,0.05,EW,13,0,0
2015,48,0.05,EW,14,0,0
2015,48,0.05,EW,15,0,0
2015,48,0.05,EW,16,0,0
2015,48,0.05,Quantile,1,267,137
2015,48,0.05,Quantile,2,267,146
2015,48,0.05,Quantile,3,267,120
2015,48,0.05,Quantile,4,266,133
2015,48,0.05,Quantile,5,267,149
2015,48,0.05,Quantile,6,267,113
2015,48,0.05,Quantile,7,266,131
2015,48,0.05,Quantile,8,267,138
2015,48,0.05,Quantile,9,267,149
2015,48,0.05,Quantile,10,266,140
2015,48,0.05,Quantile,11,267,143
2015,48,0.05,Quantile,12,267,126
2015,48,0.05,Quantile,13,266,144
2015,48,0.05,Quantile,14,267,128
2015,48,0.05,Quantile,15,267,132
2015,48,0.05,Quantile,16,266,105
2015,49,1.0,EW,1,8,0
2015,49,1.0,EW,2,30,1
2015,49,1.0,EW,3,44,4
2015,49,1.0,EW,4,235,53
2015,49,1.0,EW,5,493,91
2015,49,1.0,EW,6,634,243
2015,49,1.0,EW,7,791,346
2015,49,1.0,EW,8,726,413
2015,49,1.0,EW,9,582,413
2015,49,1.0,EW,10,375,297
2015,49,1.0,EW,11,202,154
2015,49,1.0,EW,12,79,66
2015,49,1.0,EW,13,50,42
2015,49,1.0,EW,14,6,5
2015,49,1.0,EW,15,12,6
2015,49,1.0,EW,16,0,0
2015,49,1.0,Quantile,1,267,42
2015,49,1.0,Quantile,2,267,45
2015,49,1.0,Quantile,3,267,61
2015,49,1.0,Quantile,4,266,98
2015,49,1.0,Quantile,5,267,95
2015,49,1.0,Quantile,6,267,118
2015,49,1.0,Quantile,7,266,88
2015,49,1.0,Quantile,8,267,140
2015,49,1.0,Quantile,9,267,138
2015,49,1.0,Quantile,10,266,157
2015,49,1.0,Quantile,11,267,151
2015,49,1.0,Quantile,12,267,189
2015,49,1.0,Quantile,13,266,191
2015,49,1.0,Quantile,14,267,197
2015,49,1.0,Quantile,15,267,212
2015,49,1.0,Quantile,16,266,212
2015,49,0.05,EW,1,0,0
2015,49,0.05,EW,2,0,0
2015,49,0.05,EW,3,0,0
2015,49,0.05,EW,4,11,7
2015,49,0.05,EW,5,103,47
2015,49,0.05,EW,6,770,408
2015,49,0.05,EW,7,1281,600
2015,49,0.05,EW,8,1355,739
2015,49,0.05,EW,9,623,274
2015,49,0.05,EW,10,115,59
2015,49,0.05,EW,11,9,0
2015,49,0.05,EW,12,0,0
2015,49,0.05,EW,13,0,0
2015,49,0.05,EW,14,0,0
2015,49,0.05,EW,15,0,0
2015,49,0.05,EW,16,0,0
2015,49,0.05,Quantile,1,267,145
2015,49,0.05,Quantile,2,267,151
2015,49,0.05,Quantile,3,267,134
2015,49,0.05,Quantile,4,266,92
2015,49,0.05,Quantile,5,267,115
2015,49,0.05,Quantile,6,267,131
2015,49,0.05,Quantile,7,266,142
2015,49,0.05,Quantile,8,267,136
2015,49,0.05,Quantile,9,267,139
2015,49,0.05,Quantile,10,266,127
2015,49,0.05,Quantile,11,267,164
2015,49,0.05,Quantile,12,267,159
2015,49,0.05,Quantile,13,266,142
2015,49,0.05,Quantile,14,267,109
2015,49,0.05,Quantile,15,267,122
2015,49,0.05,Quantile,16,266,126
2015,50,1.0,EW,1,1,1
2015,50,1.0,EW,2,13,1
2015,50,1.0,EW,3,116,10
2015,50,1.0,EW,4,245,46
2015,50,1.0,EW,5,470,87
2015,50,1.0,EW,6,617,205
2015,50,1.0,EW,7,710,348
2015,50,1.0,EW,8,749,430
2015,50,1.0,EW,9,567,382
2015,50,1.0,EW,10,388,306
2015,50,1.0,EW,11,266,215
2015,50,1.0,EW,12,84,69
2015,50,1.0,EW,13,14,10
2015,50,1.0,EW,14,27,24
2015,50,1.0,EW,15,0,0
2015,50,1.0,EW,16,0,0
2015,50,1.0,Quantile,1,267,34
2015,50,1.0,Quantile,2,267,55
2015,50,1.0,Quantile,3,267,47
2015,50,1.0,Quantile,4,266,92
2015,50,1.0,Quantile,5,267,89
2015,50,1.0,Quantile,6,267,84
2015,50,1.0,Quantile,7,266,117
2015,50,1.0,Quantile,8,267,155
2015,50,1.0,Quantile,9,267,150
2015,50,1.0,Quantile,10,266,145
2015,50,1.0,Quantile,11,267,169
2015,50,1.0,Quantile,12,267,180
2015,50,1.0,Quantile,13,266,179
2015,50,1.0,Quantile,14,267,210
2015,50,1.0,Quantile,15,267,213
2015,50,1.0,Quantile,16,266,215
2015,50,0.05,EW,1,0,0
2015,50,0.05,EW,2,0,0
2015,50,0.05,EW,3,0,0
2015,50,0.05,EW,4,12,5
2015,50,0.05,EW,5,138,95
2015,50,0.05,EW,6,680,304
2015,50,0.05,EW,7,1387,732
2015,50,0.05,EW,8,1315,682
2015,50,0.05,EW,9,586,249
2015,50,0.05,EW,10,136,67
2015,50,0.05,EW,11,13,0
2015,50,0.05,EW,12,0,0
2015,50,0.05,EW,13,0,0
2015,50,0.05,EW,14,0,0
2015,50,0.05,EW,15,0,0
2015,50,0.05,EW,16,0,0
2015,50,0.05,Quantile,1,267,147
2015,50,0.05,Quantile,2,267,121
2015,50,0.05,Quantile,3,267,122
2015,50,0.05,Quantile,4,266,127
2015,50,0.05,Quantile,5,267,137
2015,50,0.05,Quantile,6,267,135
2015,50,0.05,Quantile,7,266,161
2015,50,0.05,Quantile,8,267,154
2015,50,0.05,Quantile,9,267,123
2015,50,0.05,Quantile,10,266,110
2015,50,0.05,Quantile,11,267,147
2015,50,0.05,Quantile,12,267,153
2015,50,0.05,Quantile,13,266,151
2015,50,0.05,Quantile,14,267,121
2015,50,0.05,Quantile,15,267,109
2015,50,0.05,Quantile,16,266,116
2015,51,1.0,EW,1,3,2
2015,51,1.0,EW,2,26,2
2015,51,1.0,EW,3,87,11
2015,51,1.0,EW,4,234,36
2015,51,1.0,EW,5,458,109
2015,51,1.0,EW,6,620,219
2015,51,1.0,EW,7,932,437
2015,51,1.0,EW,8,649,338
2015,51,1.0,EW,9,452,341
2015,51,1.0,EW,10,386,294
2015,51,1.0,EW,11,227,189
2015,51,1.0,EW,12,124,97
2015,51,1.0,EW,13,43,35
2015,51,1.0,EW,14,26,24
2015,51,1.0,EW,15,0,0
2015,51,1.0,EW,16,0,0
2015,51,1.0,Quantile,1,267,38
2015,51,1.0,Quantile,2,267,62
2015,51,1.0,Quantile,3,267,59
2015,51,1.0,Quantile,4,266,81
2015,51,1.0,Quantile,5,267,106
2015,51,1.0,Quantile,6,267,104
2015,51,1.0,Quantile,7,266,126
2015,51,1.0,Quantile,8,267,145
2015,51,1.0,Quantile,9,267,116
2015,51,1.0,Quantile,10,266,132
2015,51,1.0,Quantile,11,267,138
2015,51,1.0,Quantile,12,267,191
2015,51,1.0,Quantile,13,266,201
2015,51,1.0,Quantile,14,267,211
2015,51,1.0,Quantile,15,267,204
2015,51,1.0,Quantile,16,266,220
2015,51,0.05,EW,1,0,0
2015,51,0.05,EW,2,0,0
2015,51,0.05,EW,3,0,0
2015,51,0.05,EW,4,2,2
2015,51,0.05,EW,5,122,75
2015,51,0.05,EW,6,741,350
2015,51,0.05,EW,7,1329,672
2015,51,0.05,EW,8,1357,670
2015,51,0.05,EW,9,572,293
2015,51,0.05,EW,10,112,50
2015,51,0.05,EW,11,32,22
2015,51,0.05,EW,12,0,0
2015,51,0.05,EW,13,0,0
2015,51,0.05,EW,14,0,0
2015,51,0.05,EW,15,0,0
2015,51,0.05,EW,16,0,0
2015,51,0.05,Quantile,1,267,127
2015,51,0.05,Quantile,2,267,143
2015,51,0.05,Quantile,3,267,119
2015,51,0.05,Quantile,4,266,132
2015,51,0.05,Quantile,5,267,135
2015,51,0.05,Quantile,6,267,125
2015,51,0.05,Quantile,7,266,132
2015,51,0.05,Quantile,8,267,145
2015,51,0.05,Quantile,9,267,154
2015,51,0.05,Quantile,10,266,131
2015,51,0.05,Quantile,11,267,136
2015,51,0.05,Quantile,12,267,129
2015,51,0.05,Quantile,13,266,115
2015,51,0.05,Quantile,14,267,144
2015,51,0.05,Quantile,15,267,131
2015,51,0.05,Quantile,16,266,136
2015,52,1.0,EW,1,4,0
2015,52,1.0,EW,2,7,1
2015,52,1.0,EW,3,83,12
2015,52,1.0,EW,4,257,41
2015,52,1.0,EW,5,555,119
2015,52,1.0,EW,6,595,182
2015,52,1.0,EW,7,682,319
2015,52,1.0,EW,8,666,395
2015,52,1.0,EW,9,645,462
2015,52,1.0,EW,10,459,358
2015,52,1.0,EW,11,157,121
2015,52,1.0,EW,12,104,89
2015,52,1.0,EW,13,43,27
2015,52,1.0,EW,14,9,8
2015,52,1.0,EW,15,1,0
2015,52,1.0,EW,16,0,0
2015,52,1.0,Quantile,1,267,39
2015,52,1.0,Quantile,2,267,67
2015,52,1.0,Quantile,3,267,54
2015,52,1.0,Quantile,4,266,56
2015,52,1.0,Quantile,5,267,74
2015,52,1.0,Quantile,6,267,95
2015,52,1.0,Quantile,7,266,150
2015,52,1.0,Quantile,8,267,122
2015,52,1.0,Quantile,9,267,145
2015,52,1.0,Quantile,10,266,152
2015,52,1.0,Quantile,11,267,172
2015,52,1.0,Quantile,12,267,184
2015,52,1.0,Quantile,13,266,197
2015,52,1.0,Quantile,14,267,221
2015,52,1.0,Quantile,15,267,197
2015,52,1.0,Quantile,16,266,209
2015,52,0.05,EW,1,0,0
2015,52,0.05,EW,2,0,0
2015,52,0.05,EW,3,0,0
2015,52,0.05,EW,4,20,10
2015,52,0.05,EW,5,164,73
2015,52,0.05,EW,6,654,329
2015,52,0.05,EW,7,1373,671
2015,52,0.05,EW,8,1286,670
2015,52,0.05,EW,9,582,284
2015,52,0.05,EW,10,168,88
2015,52,0.05,EW,11,20,9
2015,52,0.05,EW,12,0,0
2015,52,0.05,EW,13,0,0
2015,52,0.05,EW,14,0,0
2015,52,0.05,EW,15,0,0
2015,52,0.05,EW,16,0,0
2015,52,0.05,Quantile,1,267,120
2015,52,0.05,Quantile,2,267,144
2015,52,0.05,Quantile,3,267,132
2015,52,0.05,Quantile,4,266,134
2015,52,0.05,Quantile,5,267,131
2015,52,0.05,Quantile,6,267,141
2015,52,0.05,Quantile,7,266,122
2015,52,0.05,Quantile,8,267,122
2015,52,0.05,Quantile,9,267,147
2015,52,0.05,Quantile,10,266,140
2015,52,0.05,Quantile,11,267,140
2015,52,0.05,Quantile,12,267,116
2015,52,0.05,Quantile,13,266,143
2015,52,0.05,Quantile,14,267,136
2015,52,0.05,Quantile,15,267,129
2015,52,0.05,Quantile,16,266,137
2015,53,1.0,EW,1,0,0
2015,53,1.0,EW,2,0,0
2015,53,1.0,EW,3,54,13
2015,53,1.0,EW,4,242,42
2015,53,1.0,EW,5,501,125
2015,53,1.0,EW,6,663,188
2015,53,1.0,EW,7,852,419
2015,53,1.0,EW,8,660,382
2015,53,1.0,EW,9,566,381
2015,53,1.0,EW,10,335,279
2015,53,1.0,EW,11,272,216
2015,53,1.0,EW,12,63,41
2015,53,1.0,EW,13,49,44
2015,53,1.0,EW,14,9,4
2015,53,1.0,EW,15,1,0
2015,53,1.0,EW,16,0,0
2015,53,1.0,Quantile,1,267,53
2015,53,1.0,Quantile,2,267,73
2015,53,1.0,Quantile,3,267,55
2015,53,1.0,Quantile,4,266,66
2015,53,1.0,Quantile,5,267,79
2015,53,1.0,Quantile,6,267,113
2015,53,1.0,Quantile,7,266,132
2015,53,1.0,Quantile,8,267,131
2015,53,1.0,Quantile,9,267,122
2015,53,1.0,Quantile,10,266,149
2015,53,1.0,Quantile,11,267,167
2015,53,1.0,Quantile,12,267,196
2015,53,1.0,Quantile,13,266,171
2015,53,1.0,Quantile,14,267,202
2015,53,1.0,Quantile,15,267,218
2015,53,1.0,Quantile,16,266,207
2015,53,0.05,EW,1,0,0
2015,53,0.05,EW,2,0,0
2015,53,0.05,EW,3,0,0
2015,53,0.05,EW,4,15,9
2015,53,0.05,EW,5,182,83
2015,53,0.05,EW,6,625,306
2015,53,0.05,EW,7,1315,653
2015,53,0.05,EW,8,1428,741
2015,53,0.05,EW,9,555,270
2015,53,0.05,EW,10,130,64
2015,53,0.05,EW,11,17,8
2015,53,0.05,EW,12,0,0
2015,53,0.05,EW,13,0,0
2015,53,0.05,EW,14,0,0
2015,53,0.05,EW,15,0,0
2015,53,0.05,EW,16,0,0
2015,53,0.05,Quantile,1,267,117
2015,53,0.05,Quantile,2,267,126
2015,53,0.05,Quantile,3,267,139
2015,53,0.05,Quantile,4,266,138
2015,53,0.05,Quantile,5,267,141
2015,53,0.05,Quantile,6,267,123
2015,53,0.05,Quantile,7,266,131
2015,53,0.05,Quantile,8,267,133
2015,53,0.05,Quantile,9,267,146
2015,53,0.05,Quantile,10,266,146
2015,53,0.05,Quantile,11,267,150
2015,53,0.05,Quantile,12,267,135
2015,53,0.05,Quantile,13,266,125
2015,53,0.05,Quantile,14,267,127
2015,53,0.05,Quantile,15,267,141
2015,53,0.05,Quantile,16,266,116
2015,54,1.0,EW,1,0,0
2015,54,1.0,EW,2,14,1
2015,54,1.0,EW,3,77,12
2015,54,1.0,EW,4,282,46
2015,54,1.0,EW,5,472,108
2015,54,1.0,EW,6,626,180
2015,54,1.0,EW,7,674,321
2015,54,1.0,EW,8,733,438
2015,54,1.0,EW,9,632,441
2015,54,1.0,EW,10,387,293
2015,54,1.0,EW,11,264,226
2015,54,1.0,EW,12,96,68
2015,54,1.0,EW,13,10,0
2015,54,1.0,EW,14,0,0
2015,54,1.0,EW,15,0,0
2015,54,1.0,EW,16,0,0
2015,54,1.0,Quantile,1,267,39
2015,54,1.0,Quantile,2,267,36
2015,54,1.0,Quantile,3,267,72
2015,54,1.0,Quantile,4,266,62
2015,54,1.0,Quantile,5,267,79
2015,54,1.0,Quantile,6,267,114
2015,54,1.0,Quantile,7,266,118
2015,54,1.0,Quantile,8,267,143
2015,54,1.0,Quantile,9,267,144
2015,54,1.0,Quantile,10,266,179
2015,54,1.0,Quantile,11,267,155
2015,54,1.0,Quantile,12,267,205
2015,54,1.0,Quantile,13,266,178
2015,54,1.0,Quantile,14,267,189
2015,54,1.0,Quantile,15,267,212
2015,54,1.0,Quantile,16,266,209
2015,54,0.05,EW,1,0,0
2015,54,0.05,EW,2,0,0
2015,54,0.05,EW,3,0,0
2015,54,0.05,EW,4,9,2
2015,54,0.05,EW,5,141,82
2015,54,0.05,EW,6,675,322
2015,54,0.05,EW,7,1343,661
2015,54,0.05,EW,8,1434,749
2015,54,0.05,EW,9,525,245
2015,54,0.05,EW,10,112,61
2015,54,0.05,EW,11,28,12
2015,54,0.05,EW,12,0,0
2015,54,0.05,EW,13,0,0
2015,54,0.05,EW,14,0,0
2015,54,0.05,EW,15,0,0
2015,54,0.05,EW,16,0,0
2015,54,0.05,Quantile,1,267,131
2015,54,0.05,Quantile,2,267,134
2015,54,0.05,Quantile,3,267,132
2015,54,0.05,Quantile,4,266,125
2015,54,0.05,Quantile,5,267,128
2015,54,0.05,Quantile,6,267,126
2015,54,0.05,Quantile,7,266,135
2015,54,0.05,Quantile,8,267,138
2015,54,0.05,Quantile,9,267,142
2015,54,0.05,Quantile,10,266,134
2015,54,0.05,Quantile,11,267,155
2015,54,0.05,Quantile,12,267,142
2015,54,0.05,Quantile,13,266,134
2015,54,0.05,Quantile,14,267,124
2015,54,0.05,Quantile,15,267,127
2015,54,0.05,Quantile,16,266,127
2015,55,1.0,EW,1,4,0
2015,55,1.0,EW,2,21,0
2015,55,1.0,EW,3,61,11
2015,55,1.0,EW,4,215,34
2015,55,1.0,EW,5,471,121
2015,55,1.0,EW,6,618,218
2015,55,1.0,EW,7,879,425
2015,55,1.0,EW,8,759,408
2015,55,1.0,EW,9,520,374
2015,55,1.0,EW,10,350,245
2015,55,1.0,EW,11,211,169
2015,55,1.0,EW,12,111,95
2015,55,1.0,EW,13,38,26
2015,55,1.0,EW,14,0,0
2015,55,1.0,EW,15,8,8
2015,55,1.0,EW,16,1,0
2015,55,1.0,Quantile,1,267,34
2015,55,1.0,Quantile,2,267,62
2015,55,1.0,Quantile,3,267,76
2015,55,1.0,Quantile,4,266,69
2015,55,1.0,Quantile,5,267,118
2015,55,1.0,Quantile,6,267,119
2015,55,1.0,Quantile,7,266,113
2015,55,1.0,Quantile,8,267,141
2015,55,1.0,Quantile,9,267,151
2015,55,1.0,Quantile,10,266,137
2015,55,1.0,Quantile,11,267,138
2015,55,1.0,Quantile,12,267,175
2015,55,1.0,Quantile,13,266,196
2015,55,1.0,Quantile,14,267,175
2015,55,1.0,Quantile,15,267,210
2015,55,1.0,Quantile,16,266,220
2015,55,0.05,EW,1,0,0
2015,55,0.05,EW,2,0,0
2015,55,0.05,EW,3,0,0
2015,55,0.05,EW,4,11,3
2015,55,0.05,EW,5,94,46
2015,55,0.05,EW,6,670,357
2015,55,0.05,EW,7,1458,728
2015,55,0.05,EW,8,1366,676
2015,55,0.05,EW,9,562,279
2015,55,0.05,EW,10,93,34
2015,55,0.05,EW,11,12,11
2015,55,0.05,EW,12,1,0
2015,55,0.05,EW,13,0,0
2015,55,0.05,EW,14,0,0
2015,55,0.05,EW,15,0,0
2015,55,0.05,EW,16,0,0
2015,55,0.05,Quantile,1,267,150
2015,55,0.05,Quantile,2,267,139
2015,55,0.05,Quantile,3,267,128
2015,55,0.05,Quantile,4,266,131
2015,55,0.05,Quantile,5,267,153
2015,55,0.05,Quantile,6,267,139
2015,55,0.05,Quantile,7,266,122
2015,55,0.05,Quantile,8,267,126
2015,55,0.05,Quantile,9,267,131
2015,55,0.05,Quantile,10,266,128
2015,55,0.05,Quantile,11,267,134
2015,55,0.05,Quantile,12,267,124
2015,55,0.05,Quantile,13,266,132
2015,55,0.05,Quantile,14,267,142
2015,55,0.05,Quantile,15,267,136
2015,55,0.05,Quantile,16,266,119
2015,56,1.0,EW,1,8,0
2015,56,1.0,EW,2,24,1
2015,56,1.0,EW,3,118,7
2015,56,1.0,EW,4,230,39
2015,56,1.0,EW,5,410,99
2015,56,1.0,EW,6,664,220
2015,56,1.0,EW,7,685,287
2015,56,1.0,EW,8,792,476
2015,56,1.0,EW,9,592,419
2015,56,1.0,EW,10,422,313
2015,56,1.0,EW,11,180,145
2015,56,1.0,EW,12,87,80
2015,56,1.0,EW,13,37,31
2015,56,1.0,EW,14,18,17
2015,56,1.0,EW,15,0,0
2015,56,1.0,EW,16,0,0
2015,56,1.0,Quantile,1,267,36
2015,56,1.0,Quantile,2,267,45
2015,56,1.0,Quantile,3,267,68
2015,56,1.0,Quantile,4,266,76
2015,56,1.0,Quantile,5,267,93
2015,56,1.0,Quantile,6,267,105
2015,56,1.0,Quantile,7,266,116
2015,56,1.0,Quantile,8,267,112
2015,56,1.0,Quantile,9,267,156
2015,56,1.0,Quantile,10,266,178
2015,56,1.0,Quantile,11,267,144
2015,56,1.0,Quantile,12,267,170
2015,56,1.0,Quantile,13,266,208
2015,56,1.0,Quantile,14,267,202
2015,56,1.0,Quantile,15,267,195
2015,56,1.0,Quantile,16,266,230
2015,56,0.05,EW,1,0,0
2015,56,0.05,EW,2,0,0
2015,56,0.05,EW,3,0,0
2015,56,0.05,EW,4,4,2
2015,56,0.05,EW,5,107,69
2015,56,0.05,EW,6,686,345
2015,56,0.05,EW,7,1481,742
2015,56,0.05,EW,8,1317,633
2015,56,0.05,EW,9,510,255
2015,56,0.05,EW,10,110,64
2015,56,0.05,EW,11,48,21
2015,56,0.05,EW,12,4,3
2015,56,0.05,EW,13,0,0
2015,56,0.05,EW,14,0,0
2015,56,0.05,EW,15,0,0
2015,56,0.05,EW,16,0,0
2015,56,0.05,Quantile,1,267,133
2015,56,0.05,Quantile,2,267,134
2015,56,0.05,Quantile,3,267,151
2015,56,0.05,Quantile,4,266,161
2015,56,0.05,Quantile,5,267,120
2015,56,0.05,Quantile,6,267,127
2015,56,0.05,Quantile,7,266,134
2015,56,0.05,Quantile,8,267,134
2015,56,0.05,Quantile,9,267,130
2015,56,0.05,Quantile,10,266,119
2015,56,0.05,Quantile,11,267,124
2015,56,0.05,Quantile,12,267,147
2015,56,0.05,Quantile,13,266,125
2015,56,0.05,Quantile,14,267,120
2015,56,0.05,Quantile,15,267,130
2015,56,0.05,Quantile,16,266,145
2015,57,1.0,EW,1,0,0
2015,57,1.0,EW,2,20,4
2015,57,1.0,EW,3,128,4
2015,57,1.0,EW,4,173,34
2015,57,1.0,EW,5,441,118
2015,57,1.0,EW,6,711,222
2015,57,1.0,EW,7,823,397
2015,57,1.0,EW,8,641,349
2015,57,1.0,EW,9,522,362
2015,57,1.0,EW,10,454,357
2015,57,1.0,EW,11,207,158
2015,57,1.0,EW,12,72,61
2015,57,1.0,EW,13,65,59
2015,57,1.0,EW,14,10,9
2015,57,1.0,EW,15,0,0
2015,57,1.0,EW,16,0,0
2015,57,1.0,Quantile,1,267,37
2015,57,1.0,Quantile,2,267,49
2015,57,1.0,Quantile,3,267,88
2015,57,1.0,Quantile,4,266,63
2015,57,1.0,Quantile,5,267,94
2015,57,1.0,Quantile,6,267,107
2015,57,1.0,Quantile,7,266,116
2015,57,1.0,Quantile,8,267,137
2015,57,1.0,Quantile,9,267,142
2015,57,1.0,Quantile,10,266,130
2015,57,1.0,Quantile,11,267,162
2015,57,1.0,Quantile,12,267,195
2015,57,1.0,Quantile,13,266,175
2015,57,1.0,Quantile,14,267,213
2015,57,1.0,Quantile,15,267,209
2015,57,1.0,Quantile,16,266,217
2015,57,0.05,EW,1,0,0
2015,57,0.05,EW,2,0,0
2015,57,0.05,EW,3,0,0
2015,57,0.05,EW,4,14,10
2015,57,0.05,EW,5,156,57
2015,57,0.05,EW,6,648,331
2015,57,0.05,EW,7,1358,710
2015,57,0.05,EW,8,1367,686
2015,57,0.05,EW,9,585,285
2015,57,0.05,EW,10,128,52
2015,57,0.05,EW,11,11,3
2015,57,0.05,EW,12,0,0
2015,57,0.05,EW,13,0,0
2015,57,0.05,EW,14,0,0
2015,57,0.05,EW,15,0,0
2015,57,0.05,EW,16,0,0
2015,57,0.05,Quantile,1,267,121
2015,57,0.05,Quantile,2,267,141
2015,57,0.05,Quantile,3,267,131
2015,57,0.05,Quantile,4,266,153
2015,57,0.05,Quantile,5,267,142
2015,57,0.05,Quantile,6,267,130
2015,57,0.05,Quantile,7,266,126
2015,57,0.05,Quantile,8,267,136
2015,57,0.05,Quantile,9,267,143
2015,57,0.05,Quantile,10,266,123
2015,57,0.05,Quantile,11,267,140
2015,57,0.05,Quantile,12,267,139
2015,57,0.05,Quantile,13,266,129
2015,57,0.05,Quantile,14,267,128
2015,57,0.05,Quantile,15,267,127
2015,57,0.05,Quantile,16,266,125
2015,58,1.0,EW,1,1,0
2015,58,1.0,EW,2,21,3
2015,58,1.0,EW,3,117,11
2015,58,1.0,EW,4,227,35
2015,58,1.0,EW,5,381,125
2015,58,1.0,EW,6,721,213
2015,58,1.0,EW,7,785,364
2015,58,1.0,EW,8,739,424
2015,58,1.0,EW,9,506,329
2015,58,1.0,EW,10,349,275
2015,58,1.0,EW,11,234,200
2015,58,1.0,EW,12,126,111
2015,58,1.0,EW,13,41,35
2015,58,1.0,EW,14,17,9
2015,58,1.0,EW,15,2,0
2015,58,1.0,EW,16,0,0
2015,58,1.0,Quantile,1,267,31
2015,58,1.0,Quantile,2,267,61
2015,58,1.0,Quantile,3,267,99
2015,58,1.0,Quantile,4,266,59
2015,58,1.0,Quantile,5,267,90
2015,58,1.0,Quantile,6,267,106
2015,58,1.0,Quantile,7,266,99
2015,58,1.0,Quantile,8,267,138
2015,58,1.0,Quantile,9,267,150
2015,58,1.0,Quantile,10,266,137
2015,58,1.0,Quantile,11,267,164
2015,58,1.0,Quantile,12,267,163
2015,58,1.0,Quantile,13,266,182
2015,58,1.0,Quantile,14,267,211
2015,58,1.0,Quantile,15,267,222
2015,58,1.0,Quantile,16,266,222
2015,58,0.05,EW,1,0,0
2015,58,0.05,EW,2,0,0
2015,58,0.05,EW,3,0,0
2015,58,0.05,EW,4,2,2
2015,58,0.05,EW,5,132,74
2015,58,0.05,EW,6,656,318
2015,58,0.05,EW,7,1385,737
2015,58,0.05,EW,8,1438,689
2015,58,0.05,EW,9,540,262
2015,58,0.05,EW,10,111,52
2015,58,0.05,EW,11,3,0
2015,58,0.05,EW,12,0,0
2015,58,0.05,EW,13,0,0
2015,58,0.05,EW,14,0,0
2015,58,0.05,EW,15,0,0
2015,58,0.05,EW,16,0,0
2015,58,0.05,Quantile,1,267,143
2015,58,0.05,Quantile,2,267,125
2015,58,0.05,Quantile,3,267,130
2015,58,0.05,Quantile,4,266,122
2015,58,0.05,Quantile,5,267,135
2015,58,0.05,Quantile,6,267,171
2015,58,0.05,Quantile,7,266,148
2015,58,0.05,Quantile,8,267,139
2015,58,0.05,Quantile,9,267,119
2015,58,0.05,Quantile,10,266,113
2015,58,0.05,Quantile,11,267,138
2015,58,0.05,Quantile,12,267,130
2015,58,0.05,Quantile,13,266,133
2015,58,0.05,Quantile,14,267,133
2015,58,0.05,Quantile,15,267,133
2015,58,0.05,Quantile,16,266,122
2015,59,1.0,EW,1,0,0
2015,59,1.0,EW,2,8,3
2015,59,1.0,EW,3,115,13
2015,59,1.0,EW,4,229,43
2015,59,1.0,EW,5,513,122
2015,59,1.0,EW,6,654,210
2015,59,1.0,EW,7,683,336
2015,59,1.0,EW,8,722,417
2015,59,1.0,EW,9,541,359
2015,59,1.0,EW,10,369,280
2015,59,1.0,EW,11,304,259
2015,59,1.0,EW,12,101,70
2015,59,1.0,EW,13,15,10
2015,59,1.0,EW,14,12,12
2015,59,1.0,EW,15,1,0
2015,59,1.0,EW,16,0,0
2015,59,1.0,Quantile,1,267,39
2015,59,1.0,Quantile,2,267,55
2015,59,1.0,Quantile,3,267,71
2015,59,1.0,Quantile,4,266,68
2015,59,1.0,Quantile,5,267,88
2015,59,1.0,Quantile,6,267,97
2015,59,1.0,Quantile,7,266,124
2015,59,1.0,Quantile,8,267,147
2015,59,1.0,Quantile,9,267,132
2015,59,1.0,Quantile,10,266,160
2015,59,1.0,Quantile,11,267,169
2015,59,1.0,Quantile,12,267,179
2015,59,1.0,Quantile,13,266,175
2015,59,1.0,Quantile,14,267,203
2015,59,1.0,Quantile,15,267,223
2015,59,1.0,Quantile,16,266,204
2015,59,0.05,EW,1,0,0
2015,59,0.05,EW,2,0,0
2015,59,0.05,EW,3,0,0
2015,59,0.05,EW,4,24,3
2015,59,0.05,EW,5,152,63
2015,59,0.05,EW,6,607,320
2015,59,0.05,EW,7,1406,714
2015,59,0.05,EW,8,1354,696
2015,59,0.05,EW,9,617,297
2015,59,0.05,EW,10,93,35
2015,59,0.05,EW,11,6,3
2015,59,0.05,EW,12,8,3
2015,59,0.05,EW,13,0,0
2015,59,0.05,EW,14,0,0
2015,59,0.05,EW,15,0,0
2015,59,0.05,EW,16,0,0
2015,59,0.05,Quantile,1,267,113
2015,59,0.05,Quantile,2,267,153
2015,59,0.05,Quantile,3,267,130
2015,59,0.05,Quantile,4,266,129
2015,59,0.05,Quantile,5,267,142
2015,59,0.05,Quantile,6,267,139
2015,59,0.05,Quantile,7,266,125
2015,59,0.05,Quantile,8,267,136
2015,59,0.05,Quantile,9,267,150
2015,59,0.05,Quantile,10,266,121
2015,59,0.05,Quantile,11,267,137
2015,59,0.05,Quantile,12,267,128
2015,59,0.05,Quantile,13,266,150
2015,59,0.05,Quantile,14,267,130
2015,59,0.05,Quantile,15,267,136
2015,59,0.05,Quantile,16,266,115
2015,60,1.0,EW,1,1,0
2015,60,1.0,EW,2,36,1
2015,60,1.0,EW,3,75,9
2015,60,1.0,EW,4,250,53
2015,60,1.0,EW,5,516,113
2015,60,1.0,EW,6,629,189
2015,60,1.0,EW,7,767,381
2015,60,1.0,EW,8,598,323
2015,60,1.0,EW,9,602,429
2015,60,1.0,EW,10,403,315
2015,60,1.0,EW,11,234,198
2015,60,1.0,EW,12,75,65
2015,60,1.0,EW,13,58,48
2015,60,1.0,EW,14,23,10
2015,60,1.0,EW,15,0,0
2015,60,1.0,EW,16,0,0
2015,60,1.0,Quantile,1,267,52
2015,60,1.0,Quantile,2,267,34
2015,60,1.0,Quantile,3,267,77
2015,60,1.0,Quantile,4,266,63
2015,60,1.0,Quantile,5,267,80
2015,60,1.0,Quantile,6,267,111
2015,60,1.0,Quantile,7,266,138
2015,60,1.0,Quantile,8,267,124
2015,60,1.0,Quantile,9,267,134
2015,60,1.0,Quantile,10,266,132
2015,60,1.0,Quantile,11,267,170
2015,60,1.0,Quantile,12,267,196
2015,60,1.0,Quantile,13,266,183
2015,60,1.0,Quantile,14,267,200
2015,60,1.0,Quantile,15,267,226
2015,60,1.0,Quantile,16,266,214
2015,60,0.05,EW,1,0,0
2015,60,0.05,EW,2,0,0
2015,60,0.05,EW,3,0,0
2015,60,0.05,EW,4,7,7
2015,60,0.05,EW,5,159,83
2015,60,0.05,EW,6,737,354
2015,60,0.05,EW,7,1295,622
2015,60,0.05,EW,8,1291,683
2015,60,0.05,EW,9,643,316
2015,60,0.05,EW,10,98,49
2015,60,0.05,EW,11,37,20
2015,60,0.05,EW,12,0,0
2015,60,0.05,EW,13,0,0
2015,60,0.05,EW,14,0,0
2015,60,0.05,EW,15,0,0
2015,60,0.05,EW,16,0,0
2015,60,0.05,Quantile,1,267,137
2015,60,0.05,Quantile,2,267,129
2015,60,0.05,Quantile,3,267,118
2015,60,0.05,Quantile,4,266,144
2015,60,0.05,Quantile,5,267,122
2015,60,0.05,Quantile,6,267,128
2015,60,0.05,Quantile,7,266,129
2015,60,0.05,Quantile,8,267,129
2015,60,0.05,Quantile,9,267,147
2015,60,0.05,Quantile,10,266,144
2015,60,0.05,Quantile,11,267,138
2015,60,0.05,Quantile,12,267,144
2015,60,0.05,Quantile,13,266,128
2015,60,0.05,Quantile,14,267,132
2015,60,0.05,Quantile,15,267,138
2015,60,0.05,Quantile,16,266,127
2015,61,1.0,EW,1,2,0
2015,61,1.0,EW,2,18,1
2015,61,1.0,EW,3,124,11
2015,61,1.0,EW,4,190,20
2015,61,1.0,EW,5,426,105
2015,61,1.0,EW,6,635,215
2015,61,1.0,EW,7,743,328
2015,61,1.0,EW,8,774,484
2015,61,1.0,EW,9,665,452
2015,61,1.0,EW,10,370,256
2015,61,1.0,EW,11,211,180
2015,61,1.0,EW,12,68,50
2015,61,1.0,EW,13,40,32
2015,61,1.0,EW,14,1,0
2015,61,1.0,EW,15,0,0
2015,61,1.0,EW,16,0,0
2015,61,1.0,Quantile,1,267,22
2015,61,1.0,Quantile,2,267,57
2015,61,1.0,Quantile,3,267,70
2015,61,1.0,Quantile,4,266,68
2015,61,1.0,Quantile,5,267,110
2015,61,1.0,Quantile,6,267,107
2015,61,1.0,Quantile,7,266,116
2015,61,1.0,Quantile,8,267,128
2015,61,1.0,Quantile,9,267,162
2015,61,1.0,Quantile,10,266,171
2015,61,1.0,Quantile,11,267,167
2015,61,1.0,Quantile,12,267,163
2015,61,1.0,Quantile,13,266,196
2015,61,1.0,Quantile,14,267,190
2015,61,1.0,Quantile,15,267,190
2015,61,1.0,Quantile,16,266,217
2015,61,0.05,EW,1,0,0
2015,61,0.05,EW,2,0,0
2015,61,0.05,EW,3,0,0
2015,61,0.05,EW,4,15,8
2015,61,0.05,EW,5,108,57
2015,61,0.05,EW,6,658,320
2015,61,0.05,EW,7,1460,769
2015,61,0.05,EW,8,1392,671
2015,61,0.05,EW,9,477,220
2015,61,0.05,EW,10,143,88
2015,61,0.05,EW,11,14,1
2015,61,0.05,EW,12,0,0
2015,61,0.05,EW,13,0,0
2015,61,0.05,EW,14,0,0
2015,61,0.05,EW,15,0,0
2015,61,0.05,EW,16,0,0
2015,61,0.05,Quantile,1,267,140
2015,61,0.05,Quantile,2,267,139
2015,61,0.05,Quantile,3,267,111
2015,61,0.05,Quantile,4,266,140
2015,61,0.05,Quantile,5,267,149
2015,61,0.05,Quantile,6,267,144
2015,61,0.05,Quantile,7,266,154
2015,61,0.05,Quantile,8,267,135
2015,61,0.05,Quantile,9,267,114
2015,61,0.05,Quantile,10,266,132
2015,61,0.05,Quantile,11,267,118
2015,61,0.05,Quantile,12,267,154
2015,61,0.05,Quantile,13,266,137
2015,61,0.05,Quantile,14,267,96
2015,61,0.05,Quantile,15,267,118
2015,61,0.05,Quantile,16,266,153
2015,62,1.0,EW,1,8,0
2015,62,1.0,EW,2,20,2
2015,62,1.0,EW,3,126,11
2015,62,1.0,EW,4,251,38
2015,62,1.0,EW,5,417,82
2015,62,1.0,EW,6,624,213
2015,62,1.0,EW,7,732,344
2015,62,1.0,EW,8,727,453
2015,62,1.0,EW,9,598,396
2015,62,1.0,EW,10,395,304
2015,62,1.0,EW,11,213,160
2015,62,1.0,EW,12,105,93
2015,62,1.0,EW,13,48,36
2015,62,1.0,EW,14,3,2
2015,62,1.0,EW,15,0,0
2015,62,1.0,EW,16,0,0
2015,62,1.0,Quantile,1,267,25
2015,62,1.0,Quantile,2,267,47
2015,62,1.0,Quantile,3,267,58
2015,62,1.0,Quantile,4,266,97
2015,62,1.0,Quantile,5,267,78
2015,62,1.0,Quantile,6,267,115
2015,62,1.0,Quantile,7,266,122
2015,62,1.0,Quantile,8,267,120
2015,62,1.0,Quantile,9,267,139
2015,62,1.0,Quantile,10,266,179
2015,62,1.0,Quantile,11,267,180
2015,62,1.0,Quantile,12,267,174
2015,62,1.0,Quantile,13,266,182
2015,62,1.0,Quantile,14,267,195
2015,62,1.0,Quantile,15,267,218
2015,62,1.0,Quantile,16,266,205
2015,62,0.05,EW,1,0,0
2015,62,0.05,EW,2,0,0
2015,62,0.05,EW,3,0,0
2015,62,0.05,EW,4,5,4
2015,62,0.05,EW,5,138,70
2015,62,0.05,EW,6,657,312
2015,62,0.05,EW,7,1429,725
2015,62,0.05,EW,8,1306,688
2015,62,0.05,EW,9,610,279
2015,62,0.05,EW,10,96,34
2015,62,0.05,EW,11,21,20
2015,62,0.05,EW,12,5,2
2015,62,0.05,EW,13,0,0
2015,62,0.05,EW,14,0,0
2015,62,0.05,EW,15,0,0
2015,62,0.05,EW,16,0,0
2015,62,0.05,Quantile,1,267,133
2015,62,0.05,Quantile,2,267,147
2015,62,0.05,Quantile,3,267,107
2015,62,0.05,Quantile,4,266,129
2015,62,0.05,Quantile,5,267,145
2015,62,0.05,Quantile,6,267,132
2015,62,0.05,Quantile,7,266,154
2015,62,0.05,Quantile,8,267,120
2015,62,0.05,Quantile,9,267,132
2015,62,0.05,Quantile,10,266,124
2015,62,0.05,Quantile,11,267,134
2015,62,0.05,Quantile,12,267,152
2015,62,0.05,Quantile,13,266,148
2015,62,0.05,Quantile,14,267,148
2015,62,0.05,Quantile,15,267,116
2015,62,0.05,Quantile,16,266,113
2015,63,1.0,EW,1,0,0
2015,63,1.0,EW,2,3,2
2015,63,1.0,EW,3,73,13
2015,63,1.0,EW,4,332,43
2015,63,1.0,EW,5,413,119
2015,63,1.0,EW,6,642,189
2015,63,1.0,EW,7,716,345
2015,63,1.0,EW,8,773,434
2015,63,1.0,EW,9,590,408
2015,63,1.0,EW,10,364,279
2015,63,1.0,EW,11,209,178
2015,63,1.0,EW,12,84,64
2015,63,1.0,EW,13,36,35
2015,63,1.0,EW,14,25,22
2015,63,1.0,EW,15,7,3
2015,63,1.0,EW,16,0,0
2015,63,1.0,Quantile,1,267,39
2015,63,1.0,Quantile,2,267,56
2015,63,1.0,Quantile,3,267,74
2015,63,1.0,Quantile,4,266,85
2015,63,1.0,Quantile,5,267,70
2015,63,1.0,Quantile,6,267,108
2015,63,1.0,Quantile,7,266,130
2015,63,1.0,Quantile,8,267,123
2015,63,1.0,Quantile,9,267,141
2015,63,1.0,Quantile,10,266,155
2015,63,1.0,Quantile,11,267,152
2015,63,1.0,Quantile,12,267,189
2015,63,1.0,Quantile,13,266,180
2015,63,1.0,Quantile,14,267,193
2015,63,1.0,Quantile,15,267,214
2015,63,1.0,Quantile,16,266,225
2015,63,0.05,EW,1,0,0
2015,63,0.05,EW,2,0,0
2015,63,0.05,EW,3,0,0
2015,63,0.05,EW,4,10,7
2015,63,0.05,EW,5,98,47
2015,63,0.05,EW,6,589,309
2015,63,0.05,EW,7,1570,795
2015,63,0.05,EW,8,1343,674
2015,63,0.05,EW,9,531,247
2015,63,0.05,EW,10,116,51
2015,63,0.05,EW,11,10,4
2015,63,0.05,EW,12,0,0
2015,63,0.05,EW,13,0,0
2015,63,0.05,EW,14,0,0
2015,63,0.05,EW,15,0,0
2015,63,0.05,EW,16,0,0
2015,63,0.05,Quantile,1,267,138
2015,63,0.05,Quantile,2,267,140
2015,63,0.05,Quantile,3,267,142
2015,63,0.05,Quantile,4,266,145
2015,63,0.05,Quantile,5,267,146
2015,63,0.05,Quantile,6,267,145
2015,63,0.05,Quantile,7,266,124
2015,63,0.05,Quantile,8,267,113
2015,63,0.05,Quantile,9,267,141
2015,63,0.05,Quantile,10,266,117
2015,63,0.05,Quantile,11,267,133
2015,63,0.05,Quantile,12,267,155
2015,63,0.05,Quantile,13,266,136
2015,63,0.05,Quantile,14,267,90
2015,63,0.05,Quantile,15,267,129
2015,63,0.05,Quantile,16,266,140
2015,64,1.0,EW,1,0,0
2015,64,1.0,EW,2,17,4
2015,64,1.0,EW,3,105,17
2015,64,1.0,EW,4,292,40
2015,64,1.0,EW,5,400,80
2015,64,1.0,EW,6,643,228
2015,64,1.0,EW,7,693,335
2015,64,1.0,EW,8,701,414
2015,64,1.0,EW,9,703,474
2015,64,1.0,EW,10,394,292
2015,64,1.0,EW,11,164,128
2015,64,1.0,EW,12,103,79
2015,64,1.0,EW,13,33,27
2015,64,1.0,EW,14,19,16
2015,64,1.0,EW,15,0,0
2015,64,1.0,EW,16,0,0
2015,64,1.0,Quantile,1,267,39
2015,64,1.0,Quantile,2,267,43
2015,64,1.0,Quantile,3,267,52
2015,64,1.0,Quantile,4,266,107
2015,64,1.0,Quantile,5,267,99
2015,64,1.0,Quantile,6,267,100
2015,64,1.0,Quantile,7,266,119
2015,64,1.0,Quantile,8,267,137
2015,64,1.0,Quantile,9,267,149
2015,64,1.0,Quantile,10,266,151
2015,64,1.0,Quantile,11,267,178
2015,64,1.0,Quantile,12,267,177
2015,64,1.0,Quantile,13,266,179
2015,64,1.0,Quantile,14,267,194
2015,64,1.0,Quantile,15,267,201
2015,64,1.0,Quantile,16,266,209
2015,64,0.05,EW,1,0,0
2015,64,0.05,EW,2,0,0
2015,64,0.05,EW,3,0,0
2015,64,0.05,EW,4,6,2
2015,64,0.05,EW,5,107,71
2015,64,0.05,EW,6,648,329
2015,64,0.05,EW,7,1453,705
2015,64,0.05,EW,8,1380,703
2015,64,0.05,EW,9,581,298
2015,64,0.05,EW,10,89,26
2015,64,0.05,EW,11,3,0
2015,64,0.05,EW,12,0,0
2015,64,0.05,EW,13,0,0
2015,64,0.05,EW,14,0,0
2015,64,0.05,EW,15,0,0
2015,64,0.05,EW,16,0,0
2015,64,0.05,Quantile,1,267,148
2015,64,0.05,Quantile,2,267,147
2015,64,0.05,Quantile,3,267,122
2015,64,0.05,Quantile,4,266,135
2015,64,0.05,Quantile,5,267,147
2015,64,0.05,Quantile,6,267,121
2015,64,0.05,Quantile,7,266,121
2015,64,0.05,Quantile,8,267,130
2015,64,0.05,Quantile,9,267,139
2015,64,0.05,Quantile,10,266,154
2015,64,0.05,Quantile,11,267,141
2015,64,0.05,Quantile,12,267,127
2015,64,0.05,Quantile,13,266,119
2015,64,0.05,Quantile,14,267,140
2015,64,0.05,Quantile,15,267,143
2015,64,0.05,Quantile,16,266,100
2015,65,1.0,EW,1,5,1
2015,65,1.0,EW,2,25,0
2015,65,1.0,EW,3,65,12
2015,65,1.0,EW,4,262,45
2015,65,1.0,EW,5,488,98
2015,65,1.0,EW,6,568,185
2015,65,1.0,EW,7,759,348
2015,65,1.0,EW,8,831,506
2015,65,1.0,EW,9,547,358
2015,65,1.0,EW,10,333,266
2015,65,1.0,EW,11,237,199
2015,65,1.0,EW,12,99,79
2015,65,1.0,EW,13,32,31
2015,65,1.0,EW,14,13,6
2015,65,1.0,EW,15,3,0
2015,65,1.0,EW,16,0,0
2015,65,1.0,Quantile,1,267,38
2015,65,1.0,Quantile,2,267,53
2015,65,1.0,Quantile,3,267,49
2015,65,1.0,Quantile,4,266,82
2015,65,1.0,Quantile,5,267,86
2015,65,1.0,Quantile,6,267,107
2015,65,1.0,Quantile,7,266,136
2015,65,1.0,Quantile,8,267,121
2015,65,1.0,Quantile,9,267,134
2015,65,1.0,Quantile,10,266,175
2015,65,1.0,Quantile,11,267,173
2015,65,1.0,Quantile,12,267,159
2015,65,1.0,Quantile,13,266,181
2015,65,1.0,Quantile,14,267,194
2015,65,1.0,Quantile,15,267,235
2015,65,1.0,Quantile,16,266,211
2015,65,0.05,EW,1,0,0
2015,65,0.05,EW,2,0,0
2015,65,0.05,EW,3,0,0
2015,65,0.05,EW,4,0,0
2015,65,0.05,EW,5,123,78
2015,65,0.05,EW,6,700,330
2015,65,0.05,EW,7,1406,729
2015,65,0.05,EW,8,1286,664
2015,65,0.05,EW,9,662,294
2015,65,0.05,EW,10,82,32
2015,65,0.05,EW,11,8,7
2015,65,0.05,EW,12,0,0
2015,65,0.05,EW,13,0,0
2015,65,0.05,EW,14,0,0
2015,65,0.05,EW,15,0,0
2015,65,0.05,EW,16,0,0
2015,65,0.05,Quantile,1,267,145
2015,65,0.05,Quantile,2,267,117
2015,65,0.05,Quantile,3,267,137
2015,65,0.05,Quantile,4,266,136
2015,65,0.05,Quantile,5,267,138
2015,65,0.05,Quantile,6,267,141
2015,65,0.05,Quantile,7,266,120
2015,65,0.05,Quantile,8,267,149
2015,65,0.05,Quantile,9,267,123
2015,65,0.05,Quantile,10,266,131
2015,65,0.05,Quantile,11,267,130
2015,65,0.05,Quantile,12,267,148
2015,65,0.05,Quantile,13,266,157
2015,65,0.05,Quantile,14,267,143
2015,65,0.05,Quantile,15,267,110
2015,65,0.05,Quantile,16,266,109
2015,66,1.0,EW,1,0,0
2015,66,1.0,EW,2,20,2
2015,66,1.0,EW,3,66,6
2015,66,1.0,EW,4,249,37
2015,66,1.0,EW,5,388,97
2015,66,1.0,EW,6,752,278
2015,66,1.0,EW,7,820,364
2015,66,1.0,EW,8,641,359
2015,66,1.0,EW,9,609,435
2015,66,1.0,EW,10,415,309
2015,66,1.0,EW,11,134,105
2015,66,1.0,EW,12,116,96
2015,66,1.0,EW,13,33,30
2015,66,1.0,EW,14,15,13
2015,66,1.0,EW,15,5,3
2015,66,1.0,EW,16,4,0
2015,66,1.0,Quantile,1,267,36
2015,66,1.0,Quantile,2,267,49
2015,66,1.0,Quantile,3,267,80
2015,66,1.0,Quantile,4,266,96
2015,66,1.0,Quantile,5,267,103
2015,66,1.0,Quantile,6,267,100
2015,66,1.0,Quantile,7,266,109
2015,66,1.0,Quantile,8,267,135
2015,66,1.0,Quantile,9,267,121
2015,66,1.0,Quantile,10,266,132
2015,66,1.0,Quantile,11,267,180
2015,66,1.0,Quantile,12,267,166
2015,66,1.0,Quantile,13,266,211
2015,66,1.0,Quantile,14,267,191
2015,66,1.0,Quantile,15,267,214
2015,66,1.0,Quantile,16,266,211
2015,66,0.05,EW,1,0,0
2015,66,0.05,EW,2,0,0
2015,66,0.05,EW,3,1,1
2015,66,0.05,EW,4,32,7
2015,66,0.05,EW,5,145,77
2015,66,0.05,EW,6,706,353
2015,66,0.05,EW,7,1361,659
2015,66,0.05,EW,8,1228,609
2015,66,0.05,EW,9,609,327
2015,66,0.05,EW,10,163,87
2015,66,0.05,EW,11,22,14
2015,66,0.05,EW,12,0,0
2015,66,0.05,EW,13,0,0
2015,66,0.05,EW,14,0,0
2015,66,0.05,EW,15,0,0
2015,66,0.05,EW,16,0,0
2015,66,0.05,Quantile,1,267,117
2015,66,0.05,Quantile,2,267,153
2015,66,0.05,Quantile,3,267,126
2015,66,0.05,Quantile,4,266,120
2015,66,0.05,Quantile,5,267,125
2015,66,0.05,Quantile,6,267,135
2015,66,0.05,Quantile,7,266,124
2015,66,0.05,Quantile,8,267,143
2015,66,0.05,Quantile,9,267,123
2015,66,0.05,Quantile,10,266,126
2015,66,0.05,Quantile,11,267,134
2015,66,0.05,Quantile,12,267,142
2015,66,0.05,Quantile,13,266,133
2015,66,0.05,Quantile,14,267,142
2015,66,0.05,Quantile,15,267,140
2015,66,0.05,Quantile,16,266,151
2015,67,1.0,EW,1,8,1
2015,67,1.0,EW,2,45,1
2015,67,1.0,EW,3,58,9
2015,67,1.0,EW,4,226,38
2015,67,1.0,EW,5,415,109
2015,67,1.0,EW,6,642,210
2015,67,1.0,EW,7,826,372
2015,67,1.0,EW,8,750,426
2015,67,1.0,EW,9,580,406
2015,67,1.0,EW,10,429,316
2015,67,1.0,EW,11,148,127
2015,67,1.0,EW,12,76,68
2015,67,1.0,EW,13,43,35
2015,67,1.0,EW,14,5,4
2015,67,1.0,EW,15,15,12
2015,67,1.0,EW,16,1,0
2015,67,1.0,Quantile,1,267,35
2015,67,1.0,Quantile,2,267,69
2015,67,1.0,Quantile,3,267,60
2015,67,1.0,Quantile,4,266,73
2015,67,1.0,Quantile,5,267,110
2015,67,1.0,Quantile,6,267,101
2015,67,1.0,Quantile,7,266,117
2015,67,1.0,Quantile,8,267,123
2015,67,1.0,Quantile,9,267,145
2015,67,1.0,Quantile,10,266,136
2015,67,1.0,Quantile,11,267,175
2015,67,1.0,Quantile,12,267,160
2015,67,1.0,Quantile,13,266,196
2015,67,1.0,Quantile,14,267,196
2015,67,1.0,Quantile,15,267,212
2015,67,1.0,Quantile,16,266,226
2015,67,0.05,EW,1,0,0
2015,67,0.05,EW,2,0,0
2015,67,0.05,EW,3,4,2
2015,67,0.05,EW,4,19,8
2015,67,0.05,EW,5,158,72
2015,67,0.05,EW,6,594,292
2015,67,0.05,EW,7,1388,722
2015,67,0.05,EW,8,1404,698
2015,67,0.05,EW,9,541,270
2015,67,0.05,EW,10,159,70
2015,67,0.05,EW,11,0,0
2015,67,0.05,EW,12,0,0
2015,67,0.05,EW,13,0,0
2015,67,0.05,EW,14,0,0
2015,67,0.05,EW,15,0,0
2015,67,0.05,EW,16,0,0
2015,67,0.05,Quantile,1,267,126
2015,67,0.05,Quantile,2,267,120
2015,67,0.05,Quantile,3,267,145
2015,67,0.05,Quantile,4,266,144
2015,67,0.05,Quantile,5,267,137
2015,67,0.05,Quantile,6,267,137
2015,67,0.05,Quantile,7,266,130
2015,67,0.05,Quantile,8,267,141
2015,67,0.05,Quantile,9,267,137
2015,67,0.05,Quantile,10,266,138
2015,67,0.05,Quantile,11,267,142
2015,67,0.05,Quantile,12,267,124
2015,67,0.05,Quantile,13,266,119
2015,67,0.05,Quantile,14,267,130
2015,67,0.05,Quantile,15,267,129
2015,67,0.05,Quantile,16,266,135
2015,68,1.0,EW,1,0,0
2015,68,1.0,EW,2,4,3
2015,68,1.0,EW,3,100,10
2015,68,1.0,EW,4,223,49
2015,68,1.0,EW,5,463,118
2015,68,1.0,EW,6,639,222
2015,68,1.0,EW,7,841,393
2015,68,1.0,EW,8,653,346
2015,68,1.0,EW,9,589,432
2015,68,1.0,EW,10,422,302
2015,68,1.0,EW,11,210,162
2015,68,1.0,EW,12,110,92
2015,68,1.0,EW,13,13,5
2015,68,1.0,EW,14,0,0
2015,68,1.0,EW,15,0,0
2015,68,1.0,EW,16,0,0
2015,68,1.0,Quantile,1,267,46
2015,68,1.0,Quantile,2,267,55
2015,68,1.0,Quantile,3,267,79
2015,68,1.0,Quantile,4,266,84
2015,68,1.0,Quantile,5,267,104
2015,68,1.0,Quantile,6,267,106
2015,68,1.0,Quantile,7,266,102
2015,68,1.0,Quantile,8,267,141
2015,68,1.0,Quantile,9,267,135
2015,68,1.0,Quantile,10,266,115
2015,68,1.0,Quantile,11,267,182
2015,68,1.0,Quantile,12,267,203
2015,68,1.0,Quantile,13,266,190
2015,68,1.0,Quantile,14,267,191
2015,68,1.0,Quantile,15,267,190
2015,68,1.0,Quantile,16,266,211
2015,68,0.05,EW,1,0,0
2015,68,0.05,EW,2,0,0
2015,68,0.05,EW,3,0,0
2015,68,0.05,EW,4,25,14
2015,68,0.05,EW,5,186,81
2015,68,0.05,EW,6,659,325
2015,68,0.05,EW,7,1348,682
2015,68,0.05,EW,8,1180,570
2015,68,0.05,EW,9,714,404
2015,68,0.05,EW,10,143,49
2015,68,0.05,EW,11,10,9
2015,68,0.05,EW,12,2,0
2015,68,0.05,EW,13,0,0
2015,68,0.05,EW,14,0,0
2015,68,0.05,EW,15,0,0
2015,68,0.05,EW,16,0,0
2015,68,0.05,Quantile,1,267,118
2015,68,0.05,Quantile,2,267,135
2015,68,0.05,Quantile,3,267,131
2015,68,0.05,Quantile,4,266,146
2015,68,0.05,Quantile,5,267,120
2015,68,0.05,Quantile,6,267,119
2015,68,0.05,Quantile,7,266,133
2015,68,0.05,Quantile,8,267,152
2015,68,0.05,Quantile,9,267,133
2015,68,0.05,Quantile,10,266,127
2015,68,0.05,Quantile,11,267,114
2015,68,0.05,Quantile,12,267,134
2015,68,0.05,Quantile,13,266,140
2015,68,0.05,Quantile,14,267,154
2015,68,0.05,Quantile,15,267,170
2015,68,0.05,Quantile,16,266,108
2015,69,1.0,EW,1,6,0
2015,69,1.0,EW,2,16,1
2015,69,1.0,EW,3,97,15
2015,69,1.0,EW,4,304,43
2015,69,1.0,EW,5,431,91
2015,69,1.0,EW,6,676,229
2015,69,1.0,EW,7,674,307
2015,69,1.0,EW,8,649,402
2015,69,1.0,EW,9,633,443
2015,69,1.0,EW,10,379,288
2015,69,1.0,EW,11,288,233
2015,69,1.0,EW,12,68,46
2015,69,1.0,EW,13,35,28
2015,69,1.0,EW,14,8,8
2015,69,1.0,EW,15,3,0
2015,69,1.0,EW,16,0,0
2015,69,1.0,Quantile,1,267,28
2015,69,1.0,Quantile,2,267,51
2015,69,1.0,Quantile,3,267,63
2015,69,1.0,Quantile,4,266,59
2015,69,1.0,Quantile,5,267,107
2015,69,1.0,Quantile,6,267,105
2015,69,1.0,Quantile,7,266,119
2015,69,1.0,Quantile,8,267,116
2015,69,1.0,Quantile,9,267,149
2015,69,1.0,Quantile,10,266,165
2015,69,1.0,Quantile,11,267,176
2015,69,1.0,Quantile,12,267,188
2015,69,1.0,Quantile,13,266,192
2015,69,1.0,Quantile,14,267,200
2015,69,1.0,Quantile,15,267,210
2015,69,1.0,Quantile,16,266,206
2015,69,0.05,EW,1,0,0
2015,69,0.05,EW,2,0,0
2015,69,0.05,EW,3,0,0
2015,69,0.05,EW,4,1,1
2015,69,0.05,EW,5,139,82
2015,69,0.05,EW,6,609,293
2015,69,0.05,EW,7,1501,787
2015,69,0.05,EW,8,1318,618
2015,69,0.05,EW,9,567,286
2015,69,0.05,EW,10,99,49
2015,69,0.05,EW,11,32,18
2015,69,0.05,EW,12,1,0
2015,69,0.05,EW,13,0,0
2015,69,0.05,EW,14,0,0
2015,69,0.05,EW,15,0,0
2015,69,0.05,EW,16,0,0
2015,69,0.05,Quantile,1,267,135
2015,69,0.05,Quantile,2,267,115
2015,69,0.05,Quantile,3,267,154
2015,69,0.05,Quantile,4,266,138
2015,69,0.05,Quantile,5,267,146
2015,69,0.05,Quantile,6,267,129
2015,69,0.05,Quantile,7,266,147
2015,69,0.05,Quantile,8,267,145
2015,69,0.05,Quantile,9,267,112
2015,69,0.05,Quantile,10,266,129
2015,69,0.05,Quantile,11,267,132
2015,69,0.05,Quantile,12,267,123
2015,69,0.05,Quantile,13,266,128
2015,69,0.05,Quantile,14,267,131
2015,69,0.05,Quantile,15,267,150
2015,69,0.05,Quantile,16,266,120
2015,70,1.0,EW,1,0,0
2015,70,1.0,EW,2,13,2
2015,70,1.0,EW,3,127,11
2015,70,1.0,EW,4,271,34
2015,70,1.0,EW,5,357,90
2015,70,1.0,EW,6,739,265
2015,70,1.0,EW,7,632,277
2015,70,1.0,EW,8,757,451
2015,70,1.0,EW,9,606,427
2015,70,1.0,EW,10,425,298
2015,70,1.0,EW,11,205,174
2015,70,1.0,EW,12,110,86
2015,70,1.0,EW,13,18,17
2015,70,1.0,EW,14,7,2
2015,70,1.0,EW,15,0,0
2015,70,1.0,EW,16,0,0
2015,70,1.0,Quantile,1,267,32
2015,70,1.0,Quantile,2,267,34
2015,70,1.0,Quantile,3,267,81
2015,70,1.0,Quantile,4,266,93
2015,70,1.0,Quantile,5,267,98
2015,70,1.0,Quantile,6,267,91
2015,70,1.0,Quantile,7,266,96
2015,70,1.0,Quantile,8,267,151
2015,70,1.0,Quantile,9,267,161
2015,70,1.0,Quantile,10,266,149
2015,70,1.0,Quantile,11,267,165
2015,70,1.0,Quantile,12,267,180
2015,70,1.0,Quantile,13,266,200
2015,70,1.0,Quantile,14,267,203
2015,70,1.0,Quantile,15,267,183
2015,70,1.0,Quantile,16,266,217
2015,70,0.05,EW,1,0,0
2015,70,0.05,EW,2,0,0
2015,70,0.05,EW,3,0,0
2015,70,0.05,EW,4,1,1
2015,70,0.05,EW,5,185,87
2015,70,0.05,EW,6,621,296
2015,70,0.05,EW,7,1375,730
2015,70,0.05,EW,8,1337,673
2015,70,0.05,EW,9,628,296
2015,70,0.05,EW,10,96,38
2015,70,0.05,EW,11,23,13
2015,70,0.05,EW,12,1,0
2015,70,0.05,EW,13,0,0
2015,70,0.05,EW,14,0,0
2015,70,0.05,EW,15,0,0
2015,70,0.05,EW,16,0,0
2015,70,0.05,Quantile,1,267,130
2015,70,0.05,Quantile,2,267,112
2015,70,0.05,Quantile,3,267,137
2015,70,0.05,Quantile,4,266,163
2015,70,0.05,Quantile,5,267,112
2015,70,0.05,Quantile,6,267,119
2015,70,0.05,Quantile,7,266,145
2015,70,0.05,Quantile,8,267,167
2015,70,0.05,Quantile,9,267,140
2015,70,0.05,Quantile,10,266,126
2015,70,0.05,Quantile,11,267,129
2015,70,0.05,Quantile,12,267,142
2015,70,0.05,Quantile,13,266,141
2015,70,0.05,Quantile,14,267,115
2015,70,0.05,Quantile,15,267,136
2015,70,0.05,Quantile,16,266,120
2015,71,1.0,EW,1,0,0
2015,71,1.0,EW,2,3,3
2015,71,1.0,EW,3,85,15
2015,71,1.0,EW,4,293,29
2015,71,1.0,EW,5,426,94
2015,71,1.0,EW,6,575,231
2015,71,1.0,EW,7,868,370
2015,71,1.0,EW,8,783,466
2015,71,1.0,EW,9,539,344
2015,71,1.0,EW,10,336,276
2015,71,1.0,EW,11,193,167
2015,71,1.0,EW,12,93,76
2015,71,1.0,EW,13,37,32
2015,71,1.0,EW,14,33,30
2015,71,1.0,EW,15,3,1
2015,71,1.0,EW,16,0,0
2015,71,1.0,Quantile,1,267,40
2015,71,1.0,Quantile,2,267,50
2015,71,1.0,Quantile,3,267,49
2015,71,1.0,Quantile,4,266,91
2015,71,1.0,Quantile,5,267,115
2015,71,1.0,Quantile,6,267,110
2015,71,1.0,Quantile,7,266,110
2015,71,1.0,Quantile,8,267,122
2015,71,1.0,Quantile,9,267,151
2015,71,1.0,Quantile,10,266,130
2015,71,1.0,Quantile,11,267,175
2015,71,1.0,Quantile,12,267,170
2015,71,1.0,Quantile,13,266,174
2015,71,1.0,Quantile,14,267,197
2015,71,1.0,Quantile,15,267,220
2015,71,1.0,Quantile,16,266,230
2015,71,0.05,EW,1,0,0
2015,71,0.05,EW,2,0,0
2015,71,0.05,EW,3,0,0
2015,71,0.05,EW,4,11,6
2015,71,0.05,EW,5,116,64
2015,71,0.05,EW,6,715,352
2015,71,0.05,EW,7,1377,693
2015,71,0.05,EW,8,1308,651
2015,71,0.05,EW,9,587,288
2015,71,0.05,EW,10,139,73
2015,71,0.05,EW,11,14,7
2015,71,0.05,EW,12,0,0
2015,71,0.05,EW,13,0,0
2015,71,0.05,EW,14,0,0
2015,71,0.05,EW,15,0,0
2015,71,0.05,EW,16,0,0
2015,71,0.05,Quantile,1,267,149
2015,71,0.05,Quantile,2,267,136
2015,71,0.05,Quantile,3,267,127
2015,71,0.05,Quantile,4,266,124
2015,71,0.05,Quantile,5,267,131
2015,71,0.05,Quantile,6,267,143
2015,71,0.05,Quantile,7,266,119
2015,71,0.05,Quantile,8,267,148
2015,71,0.05,Quantile,9,267,143
2015,71,0.05,Quantile,10,266,124
2015,71,0.05,Quantile,11,267,131
2015,71,0.05,Quantile,12,267,128
2015,71,0.05,Quantile,13,266,139
2015,71,0.05,Quantile,14,267,129
2015,71,0.05,Quantile,15,267,135
2015,71,0.05,Quantile,16,266,128
2015,72,1.0,EW,1,1,1
2015,72,1.0,EW,2,16,3
2015,72,1.0,EW,3,115,13
2015,72,1.0,EW,4,216,41
2015,72,1.0,EW,5,442,121
2015,72,1.0,EW,6,716,205
2015,72,1.0,EW,7,694,347
2015,72,1.0,EW,8,694,358
2015,72,1.0,EW,9,646,494
2015,72,1.0,EW,10,360,260
2015,72,1.0,EW,11,252,217
2015,72,1.0,EW,12,64,41
2015,72,1.0,EW,13,40,23
2015,72,1.0,EW,14,10,10
2015,72,1.0,EW,15,1,0
2015,72,1.0,EW,16,0,0
2015,72,1.0,Quantile,1,267,42
2015,72,1.0,Quantile,2,267,62
2015,72,1.0,Quantile,3,267,75
2015,72,1.0,Quantile,4,266,82
2015,72,1.0,Quantile,5,267,75
2015,72,1.0,Quantile,6,267,83
2015,72,1.0,Quantile,7,266,124
2015,72,1.0,Quantile,8,267,145
2015,72,1.0,Quantile,9,267,130
2015,72,1.0,Quantile,10,266,131
2015,72,1.0,Quantile,11,267,167
2015,72,1.0,Quantile,12,267,212
2015,72,1.0,Quantile,13,266,207
2015,72,1.0,Quantile,14,267,192
2015,72,1.0,Quantile,15,267,204
2015,72,1.0,Quantile,16,266,203
2015,72,0.05,EW,1,0,0
2015,72,0.05,EW,2,0,0
2015,72,0.05,EW,3,0,0
2015,72,0.05,EW,4,24,12
2015,72,0.05,EW,5,164,50
2015,72,0.05,EW,6,577,349
2015,72,0.05,EW,7,1502,716
2015,72,0.05,EW,8,1280,622
2015,72,0.05,EW,9,561,318
2015,72,0.05,EW,10,113,39
2015,72,0.05,EW,11,42,28
2015,72,0.05,EW,12,4,0
2015,72,0.05,EW,13,0,0
2015,72,0.05,EW,14,0,0
2015,72,0.05,EW,15,0,0
2015,72,0.05,EW,16,0,0
2015,72,0.05,Quantile,1,267,110
2015,72,0.05,Quantile,2,267,159
2015,72,0.05,Quantile,3,267,164
2015,72,0.05,Quantile,4,266,122
2015,72,0.05,Quantile,5,267,133
2015,72,0.05,Quantile,6,267,134
2015,72,0.05,Quantile,7,266,114
2015,72,0.05,Quantile,8,267,117
2015,72,0.05,Quantile,9,267,134
2015,72,0.05,Quantile,10,266,126
2015,72,0.05,Quantile,11,267,148
2015,72,0.05,Quantile,12,267,147
2015,72,0.05,Quantile,13,266,111
2015,72,0.05,Quantile,14,267,130
2015,72,0.05,Quantile,15,267,171
2015,72,0.05,Quantile,16,266,114
2015,73,1.0,EW,1,1,1
2015,73,1.0,EW,2,15,1
2015,73,1.0,EW,3,58,13
2015,73,1.0,EW,4,284,34
2015,73,1.0,EW,5,416,99
2015,73,1.0,EW,6,624,209
2015,73,1.0,EW,7,871,413
2015,73,1.0,EW,8,645,357
2015,73,1.0,EW,9,624,452
2015,73,1.0,EW,10,386,278
2015,73,1.0,EW,11,219,173
2015,73,1.0,EW,12,66,57
2015,73,1.0,EW,13,42,39
2015,73,1.0,EW,14,16,8
2015,73,1.0,EW,15,0,0
2015,73,1.0,EW,16,0,0
2015,73,1.0,Quantile,1,267,32
2015,73,1.0,Quantile,2,267,61
2015,73,1.0,Quantile,3,267,61
2015,73,1.0,Quantile,4,266,80
2015,73,1.0,Quantile,5,267,93
2015,73,1.0,Quantile,6,267,108
2015,73,1.0,Quantile,7,266,135
2015,73,1.0,Quantile,8,267,131
2015,73,1.0,Quantile,9,267,131
2015,73,1.0,Quantile,10,266,131
2015,73,1.0,Quantile,11,267,177
2015,73,1.0,Quantile,12,267,183
2015,73,1.0,Quantile,13,266,198
2015,73,1.0,Quantile,14,267,188
2015,73,1.0,Quantile,15,267,213
2015,73,1.0,Quantile,16,266,212
2015,73,0.05,EW,1,0,0
2015,73,0.05,EW,2,0,0
2015,73,0.05,EW,3,0,0
2015,73,0.05,EW,4,5,5
2015,73,0.05,EW,5,171,85
2015,73,0.05,EW,6,739,336
2015,73,0.05,EW,7,1261,635
2015,73,0.05,EW,8,1266,669
2015,73,0.05,EW,9,693,352
2015,73,0.05,EW,10,121,51
2015,73,0.05,EW,11,11,1
2015,73,0.05,EW,12,0,0
2015,73,0.05,EW,13,0,0
2015,73,0.05,EW,14,0,0
2015,73,0.05,EW,15,0,0
2015,73,0.05,EW,16,0,0
2015,73,0.05,Quantile,1,267,137
2015,73,0.05,Quantile,2,267,102
2015,73,0.05,Quantile,3,267,124
2015,73,0.05,Quantile,4,266,143
2015,73,0.05,Quantile,5,267,140
2015,73,0.05,Quantile,6,267,139
2015,73,0.05,Quantile,7,266,129
2015,73,0.05,Quantile,8,267,125
2015,73,0.05,Quantile,9,267,152
2015,73,0.05,Quantile,10,266,136
2015,73,0.05,Quantile,11,267,134
2015,73,0.05,Quantile,12,267,132
2015,73,0.05,Quantile,13,266,152
2015,73,0.05,Quantile,14,267,139
2015,73,0.05,Quantile,15,267,140
2015,73,0.05,Quantile,16,266,110
2015,74,1.0,EW,1,0,0
2015,74,1.0,EW,2,12,2
2015,74,1.0,EW,3,115,15
2015,74,1.0,EW,4,245,32
2015,74,1.0,EW,5,391,112
2015,74,1.0,EW,6,645,229
2015,74,1.0,EW,7,758,323
2015,74,1.0,EW,8,784,459
2015,74,1.0,EW,9,605,419
2015,74,1.0,EW,10,343,259
2015,74,1.0,EW,11,265,205
2015,74,1.0,EW,12,76,60
2015,74,1.0,EW,13,15,7
2015,74,1.0,EW,14,1,1
2015,74,1.0,EW,15,12,11
2015,74,1.0,EW,16,0,0
2015,74,1.0,Quantile,1,267,33
2015,74,1.0,Quantile,2,267,61
2015,74,1.0,Quantile,3,267,76
2015,74,1.0,Quantile,4,266,77
2015,74,1.0,Quantile,5,267,113
2015,74,1.0,Quantile,6,267,96
2015,74,1.0,Quantile,7,266,123
2015,74,1.0,Quantile,8,267,121
2015,74,1.0,Quantile,9,267,148
2015,74,1.0,Quantile,10,266,168
2015,74,1.0,Quantile,11,267,147
2015,74,1.0,Quantile,12,267,174
2015,74,1.0,Quantile,13,266,181
2015,74,1.0,Quantile,14,267,205
2015,74,1.0,Quantile,15,267,214
2015,74,1.0,Quantile,16,266,197
2015,74,0.05,EW,1,0,0
2015,74,0.05,EW,2,0,0
2015,74,0.05,EW,3,0,0
2015,74,0.05,EW,4,3,3
2015,74,0.05,EW,5,131,61
2015,74,0.05,EW,6,745,370
2015,74,0.05,EW,7,1363,637
2015,74,0.05,EW,8,1268,689
2015,74,0.05,EW,9,601,292
2015,74,0.05,EW,10,133,71
2015,74,0.05,EW,11,23,11
2015,74,0.05,EW,12,0,0
2015,74,0.05,EW,13,0,0
2015,74,0.05,EW,14,0,0
2015,74,0.05,EW,15,0,0
2015,74,0.05,EW,16,0,0
2015,74,0.05,Quantile,1,267,128
2015,74,0.05,Quantile,2,267,129
2015,74,0.05,Quantile,3,267,135
2015,74,0.05,Quantile,4,266,131
2015,74,0.05,Quantile,5,267,143
2015,74,0.05,Quantile,6,267,103
2015,74,0.05,Quantile,7,266,121
2015,74,0.05,Quantile,8,267,130
2015,74,0.05,Quantile,9,267,141
2015,74,0.05,Quantile,10,266,155
2015,74,0.05,Quantile,11,267,153
2015,74,0.05,Quantile,12,267,133
2015,74,0.05,Quantile,13,266,145
2015,74,0.05,Quantile,14,267,118
2015,74,0.05,Quantile,15,267,139
2015,74,0.05,Quantile,16,266,130
2015,75,1.0,EW,1,0,0
2015,75,1.0,EW,2,22,0
2015,75,1.0,EW,3,52,6
2015,75,1.0,EW,4,177,43
2015,75,1.0,EW,5,511,120
2015,75,1.0,EW,6,666,236
2015,75,1.0,EW,7,889,385
2015,75,1.0,EW,8,709,403
2015,75,1.0,EW,9,580,398
2015,75,1.0,EW,10,302,236
2015,75,1.0,EW,11,187,147
2015,75,1.0,EW,12,92,86
2015,75,1.0,EW,13,60,59
2015,75,1.0,EW,14,20,15
2015,75,1.0,EW,15,0,0
2015,75,1.0,EW,16,0,0
2015,75,1.0,Quantile,1,267,52
2015,75,1.0,Quantile,2,267,69
2015,75,1.0,Quantile,3,267,59
2015,75,1.0,Quantile,4,266,71
2015,75,1.0,Quantile,5,267,111
2015,75,1.0,Quantile,6,267,113
2015,75,1.0,Quantile,7,266,121
2015,75,1.0,Quantile,8,267,118
2015,75,1.0,Quantile,9,267,112
2015,75,1.0,Quantile,10,266,138
2015,75,1.0,Quantile,11,267,170
2015,75,1.0,Quantile,12,267,191
2015,75,1.0,Quantile,13,266,181
2015,75,1.0,Quantile,14,267,186
2015,75,1.0,Quantile,15,267,216
2015,75,1.0,Quantile,16,266,226
2015,75,0.05,EW,1,0,0
2015,75,0.05,EW,2,0,0
2015,75,0.05,EW,3,1,1
2015,75,0.05,EW,4,9,4
2015,75,0.05,EW,5,156,81
2015,75,0.05,EW,6,630,312
2015,75,0.05,EW,7,1424,717
2015,75,0.05,EW,8,1316,665
2015,75,0.05,EW,9,581,284
2015,75,0.05,EW,10,127,59
2015,75,0.05,EW,11,22,11
2015,75,0.05,EW,12,1,0
2015,75,0.05,EW,13,0,0
2015,75,0.05,EW,14,0,0
2015,75,0.05,EW,15,0,0
2015,75,0.05,EW,16,0,0
2015,75,0.05,Quantile,1,267,124
2015,75,0.05,Quantile,2,267,147
2015,75,0.05,Quantile,3,267,128
2015,75,0.05,Quantile,4,266,140
2015,75,0.05,Quantile,5,267,135
2015,75,0.05,Quantile,6,267,142
2015,75,0.05,Quantile,7,266,114
2015,75,0.05,Quantile,8,267,138
2015,75,0.05,Quantile,9,267,129
2015,75,0.05,Quantile,10,266,144
2015,75,0.05,Quantile,11,267,138
2015,75,0.05,Quantile,12,267,139
2015,75,0.05,Quantile,13,266,132
2015,75,0.05,Quantile,14,267,126
2015,75,0.05,Quantile,15,267,141
2015,75,0.05,Quantile,16,266,117
2015,76,1.0,EW,1,11,1
2015,76,1.0,EW,2,0,0
2015,76,1.0,EW,3,85,9
2015,76,1.0,EW,4,305,51
2015,76,1.0,EW,5,387,95
2015,76,1.0,EW,6,651,203
2015,76,1.0,EW,7,724,351
2015,76,1.0,EW,8,764,437
2015,76,1.0,EW,9,602,405
2015,76,1.0,EW,10,354,278
2015,76,1.0,EW,11,264,212
2015,76,1.0,EW,12,90,69
2015,76,1.0,EW,13,16,14
2015,76,1.0,EW,14,13,9
2015,76,1.0,EW,15,1,0
2015,76,1.0,EW,16,0,0
2015,76,1.0,Quantile,1,267,41
2015,76,1.0,Quantile,2,267,52
2015,76,1.0,Quantile,3,267,65
2015,76,1.0,Quantile,4,266,84
2015,76,1.0,Quantile,5,267,75
2015,76,1.0,Quantile,6,267,105
2015,76,1.0,Quantile,7,266,121
2015,76,1.0,Quantile,8,267,146
2015,76,1.0,Quantile,9,267,135
2015,76,1.0,Quantile,10,266,149
2015,76,1.0,Quantile,11,267,179
2015,76,1.0,Quantile,12,267,195
2015,76,1.0,Quantile,13,266,165
2015,76,1.0,Quantile,14,267,189
2015,76,1.0,Quantile,15,267,229
2015,76,1.0,Quantile,16,266,204
2015,76,0.05,EW,1,0,0
2015,76,0.05,EW,2,0,0
2015,76,0.05,EW,3,0,0
2015,76,0.05,EW,4,1,1
2015,76,0.05,EW,5,102,60
2015,76,0.05,EW,6,674,349
2015,76,0.05,EW,7,1487,707
2015,76,0.05,EW,8,1306,683
2015,76,0.05,EW,9,593,299
2015,76,0.05,EW,10,92,27
2015,76,0.05,EW,11,2,1
2015,76,0.05,EW,12,9,7
2015,76,0.05,EW,13,1,0
2015,76,0.05,EW,14,0,0
2015,76,0.05,EW,15,0,0
2015,76,0.05,EW,16,0,0
2015,76,0.05,Quantile,1,267,138
2015,76,0.05,Quantile,2,267,146
2015,76,0.05,Quantile,3,267,136
2015,76,0.05,Quantile,4,266,142
2015,76,0.05,Quantile,5,267,133
2015,76,0.05,Quantile,6,267,126
2015,76,0.05,Quantile,7,266,134
2015,76,0.05,Quantile,8,267,107
2015,76,0.05,Quantile,9,267,119
2015,76,0.05,Quantile,10,266,145
2015,76,0.05,Quantile,11,267,160
2015,76,0.05,Quantile,12,267,146
2015,76,0.05,Quantile,13,266,116
2015,76,0.05,Quantile,14,267,140
2015,76,0.05,Quantile,15,267,131
2015,76,0.05,Quantile,16,266,115
2015,77,1.0,EW,1,0,0
2015,77,1.0,EW,2,10,1
2015,77,1.0,EW,3,45,14
2015,77,1.0,EW,4,281,63
2015,77,1.0,EW,5,567,113
2015,77,1.0,EW,6,618,194
2015,77,1.0,EW,7,585,284
2015,77,1.0,EW,8,781,463
2015,77,1.0,EW,9,643,414
2015,77,1.0,EW,10,397,306
2015,77,1.0,EW,11,206,174
2015,77,1.0,EW,12,99,87
2015,77,1.0,EW,13,20,10
2015,77,1.0,EW,14,9,9
2015,77,1.0,EW,15,6,2
2015,77,1.0,EW,16,0,0
2015,77,1.0,Quantile,1,267,68
2015,77,1.0,Quantile,2,267,45
2015,77,1.0,Quantile,3,267,59
2015,77,1.0,Quantile,4,266,58
2015,77,1.0,Quantile,5,267,83
2015,77,1.0,Quantile,6,267,91
2015,77,1.0,Quantile,7,266,114
2015,77,1.0,Quantile,8,267,164
2015,77,1.0,Quantile,9,267,146
2015,77,1.0,Quantile,10,266,171
2015,77,1.0,Quantile,11,267,163
2015,77,1.0,Quantile,12,267,189
2015,77,1.0,Quantile,13,266,146
2015,77,1.0,Quantile,14,267,214
2015,77,1.0,Quantile,15,267,206
2015,77,1.0,Quantile,16,266,217
2015,77,0.05,EW,1,0,0
2015,77,0.05,EW,2,0,0
2015,77,0.05,EW,3,0,0
2015,77,0.05,EW,4,11,5
2015,77,0.05,EW,5,92,58
2015,77,0.05,EW,6,624,327
2015,77,0.05,EW,7,1462,716
2015,77,0.05,EW,8,1452,781
2015,77,0.05,EW,9,530,204
2015,77,0.05,EW,10,94,43
2015,77,0.05,EW,11,2,0
2015,77,0.05,EW,12,0,0
2015,77,0.05,EW,13,0,0
2015,77,0.05,EW,14,0,0
2015,77,0.05,EW,15,0,0
2015,77,0.05,EW,16,0,0
2015,77,0.05,Quantile,1,267,130
2015,77,0.05,Quantile,2,267,131
2015,77,0.05,Quantile,3,267,172
2015,77,0.05,Quantile,4,266,132
2015,77,0.05,Quantile,5,267,139
2015,77,0.05,Quantile,6,267,130
2015,77,0.05,Quantile,7,266,138
2015,77,0.05,Quantile,8,267,113
2015,77,0.05,Quantile,9,267,128
2015,77,0.05,Quantile,10,266,146
2015,77,0.05,Quantile,11,267,158
2015,77,0.05,Quantile,12,267,155
2015,77,0.05,Quantile,13,266,125
2015,77,0.05,Quantile,14,267,125
2015,77,0.05,Quantile,15,267,105
2015,77,0.05,Quantile,16,266,107
2015,78,1.0,EW,1,0,0
2015,78,1.0,EW,2,9,1
2015,78,1.0,EW,3,60,8
2015,78,1.0,EW,4,264,47
2015,78,1.0,EW,5,504,134
2015,78,1.0,EW,6,624,203
2015,78,1.0,EW,7,771,369
2015,78,1.0,EW,8,676,367
2015,78,1.0,EW,9,602,443
2015,78,1.0,EW,10,442,314
2015,78,1.0,EW,11,175,135
2015,78,1.0,EW,12,103,88
2015,78,1.0,EW,13,35,25
2015,78,1.0,EW,14,2,0
2015,78,1.0,EW,15,0,0
2015,78,1.0,EW,16,0,0
2015,78,1.0,Quantile,1,267,46
2015,78,1.0,Quantile,2,267,46
2015,78,1.0,Quantile,3,267,88
2015,78,1.0,Quantile,4,266,72
2015,78,1.0,Quantile,5,267,99
2015,78,1.0,Quantile,6,267,104
2015,78,1.0,Quantile,7,266,127
2015,78,1.0,Quantile,8,267,121
2015,78,1.0,Quantile,9,267,133
2015,78,1.0,Quantile,10,266,156
2015,78,1.0,Quantile,11,267,154
2015,78,1.0,Quantile,12,267,191
2015,78,1.0,Quantile,13,266,199
2015,78,1.0,Quantile,14,267,195
2015,78,1.0,Quantile,15,267,195
2015,78,1.0,Quantile,16,266,208
2015,78,0.05,EW,1,0,0
2015,78,0.05,EW,2,0,0
2015,78,0.05,EW,3,0,0
2015,78,0.05,EW,4,15,8
2015,78,0.05,EW,5,62,33
2015,78,0.05,EW,6,785,417
2015,78,0.05,EW,7,1396,662
2015,78,0.05,EW,8,1277,664
2015,78,0.05,EW,9,554,251
2015,78,0.05,EW,10,175,99
2015,78,0.05,EW,11,3,0
2015,78,0.05,EW,12,0,0
2015,78,0.05,EW,13,0,0
2015,78,0.05,EW,14,0,0
2015,78,0.05,EW,15,0,0
2015,78,0.05,EW,16,0,0
2015,78,0.05,Quantile,1,267,167
2015,78,0.05,Quantile,2,267,130
2015,78,0.05,Quantile,3,267,126
2015,78,0.05,Quantile,4,266,124
2015,78,0.05,Quantile,5,267,135
2015,78,0.05,Quantile,6,267,97
2015,78,0.05,Quantile,7,266,123
2015,78,0.05,Quantile,8,267,146
2015,78,0.05,Quantile,9,267,153
2015,78,0.05,Quantile,10,266,139
2015,78,0.05,Quantile,11,267,152
2015,78,0.05,Quantile,12,267,137
2015,78,0.05,Quantile,13,266,128
2015,78,0.05,Quantile,14,267,113
2015,78,0.05,Quantile,15,267,123
2015,78,0.05,Quantile,16,266,141
2015,79,1.0,EW,1,1,0
2015,79,1.0,EW,2,18,1
2015,79,1.0,EW,3,76,13
2015,79,1.0,EW,4,239,53
2015,79,1.0,EW,5,487,100
2015,79,1.0,EW,6,685,240
2015,79,1.0,EW,7,766,349
2015,79,1.0,EW,8,682,374
2015,79,1.0,EW,9,483,349
2015,79,1.0,EW,10,424,321
2015,79,1.0,EW,11,261,213
2015,79,1.0,EW,12,88,70
2015,79,1.0,EW,13,36,32
2015,79,1.0,EW,14,20,19
2015,79,1.0,EW,15,1,0
2015,79,1.0,EW,16,0,0
2015,79,1.0,Quantile,1,267,54
2015,79,1.0,Quantile,2,267,46
2015,79,1.0,Quantile,3,267,61
2015,79,1.0,Quantile,4,266,79
2015,79,1.0,Quantile,5,267,100
2015,79,1.0,Quantile,6,267,105
2015,79,1.0,Quantile,7,266,109
2015,79,1.0,Quantile,8,267,117
2015,79,1.0,Quantile,9,267,154
2015,79,1.0,Quantile,10,266,149
2015,79,1.0,Quantile,11,267,150
2015,79,1.0,Quantile,12,267,161
2015,79,1.0,Quantile,13,266,217
2015,79,1.0,Quantile,14,267,198
2015,79,1.0,Quantile,15,267,215
2015,79,1.0,Quantile,16,266,219
2015,79,0.05,EW,1,0,0
2015,79,0.05,EW,2,0,0
2015,79,0.05,EW,3,0,0
2015,79,0.05,EW,4,6,4
2015,79,0.05,EW,5,134,88
2015,79,0.05,EW,6,669,301
2015,79,0.05,EW,7,1394,685
2015,79,0.05,EW,8,1366,719
2015,79,0.05,EW,9,582,285
2015,79,0.05,EW,10,104,49
2015,79,0.05,EW,11,12,3
2015,79,0.05,EW,12,0,0
2015,79,0.05,EW,13,0,0
2015,79,0.05,EW,14,0,0
2015,79,0.05,EW,15,0,0
2015,79,0.05,EW,16,0,0
2015,79,0.05,Quantile,1,267,137
2015,79,0.05,Quantile,2,267,118
2015,79,0.05,Quantile,3,267,133
2015,79,0.05,Quantile,4,266,135
2015,79,0.05,Quantile,5,267,138
2015,79,0.05,Quantile,6,267,138
2015,79,0.05,Quantile,7,266,111
2015,79,0.05,Quantile,8,267,132
2015,79,0.05,Quantile,9,267,148
2015,79,0.05,Quantile,10,266,150
2015,79,0.05,Quantile,11,267,144
2015,79,0.05,Quantile,12,267,136
2015,79,0.05,Quantile,13,266,122
2015,79,0.05,Quantile,14,267,142
2015,79,0.05,Quantile,15,267,134
2015,79,0.05,Quantile,16,266,116
2015,80,1.0,EW,1,0,0
2015,80,1.0,EW,2,4,0
2015,80,1.0,EW,3,104,13
2015,80,1.0,EW,4,222,30
2015,80,1.0,EW,5,439,117
2015,80,1.0,EW,6,748,253
2015,80,1.0,EW,7,732,338
2015,80,1.0,EW,8,665,376
2015,80,1.0,EW,9,581,404
2015,80,1.0,EW,10,380,288
2015,80,1.0,EW,11,291,243
2015,80,1.0,EW,12,71,50
2015,80,1.0,EW,13,18,12
2015,80,1.0,EW,14,12,10
2015,80,1.0,EW,15,0,0
2015,80,1.0,EW,16,0,0
2015,80,1.0,Quantile,1,267,22
2015,80,1.0,Quantile,2,267,72
2015,80,1.0,Quantile,3,267,72
2015,80,1.0,Quantile,4,266,79
2015,80,1.0,Quantile,5,267,118
2015,80,1.0,Quantile,6,267,69
2015,80,1.0,Quantile,7,266,117
2015,80,1.0,Quantile,8,267,144
2015,80,1.0,Quantile,9,267,124
2015,80,1.0,Quantile,10,266,154
2015,80,1.0,Quantile,11,267,168
2015,80,1.0,Quantile,12,267,182
2015,80,1.0,Quantile,13,266,189
2015,80,1.0,Quantile,14,267,201
2015,80,1.0,Quantile,15,267,215
2015,80,1.0,Quantile,16,266,208
2015,80,0.05,EW,1,0,0
2015,80,0.05,EW,2,0,0
2015,80,0.05,EW,3,0,0
2015,80,0.05,EW,4,9,6
2015,80,0.05,EW,5,146,71
2015,80,0.05,EW,6,638,304
2015,80,0.05,EW,7,1446,747
2015,80,0.05,EW,8,1350,659
2015,80,0.05,EW,9,506,277
2015,80,0.05,EW,10,150,60
2015,80,0.05,EW,11,22,10
2015,80,0.05,EW,12,0,0
2015,80,0.05,EW,13,0,0
2015,80,0.05,EW,14,0,0
2015,80,0.05,EW,15,0,0
2015,80,0.05,EW,16,0,0
2015,80,0.05,Quantile,1,267,125
2015,80,0.05,Quantile,2,267,119
2015,80,0.05,Quantile,3,267,143
2015,80,0.05,Quantile,4,266,140
2015,80,0.05,Quantile,5,267,150
2015,80,0.05,Quantile,6,267,125
2015,80,0.05,Quantile,7,266,149
2015,80,0.05,Quantile,8,267,126
2015,80,0.05,Quantile,9,267,110
2015,80,0.05,Quantile,10,266,138
2015,80,0.05,Quantile,11,267,143
2015,80,0.05,Quantile,12,267,142
2015,80,0.05,Quantile,13,266,129
2015,80,0.05,Quantile,14,267,121
2015,80,0.05,Quantile,15,267,153
2015,80,0.05,Quantile,16,266,121
2015,81,1.0,EW,1,0,0
2015,81,1.0,EW,2,10,3
2015,81,1.0,EW,3,84,10
2015,81,1.0,EW,4,228,54
2015,81,1.0,EW,5,590,127
2015,81,1.0,EW,6,608,177
2015,81,1.0,EW,7,569,241
2015,81,1.0,EW,8,729,465
2015,81,1.0,EW,9,708,507
2015,81,1.0,EW,10,421,316
2015,81,1.0,EW,11,232,177
2015,81,1.0,EW,12,50,31
2015,81,1.0,EW,13,24,18
2015,81,1.0,EW,14,14,8
2015,81,1.0,EW,15,0,0
2015,81,1.0,EW,16,0,0
2015,81,1.0,Quantile,1,267,52
2015,81,1.0,Quantile,2,267,60
2015,81,1.0,Quantile,3,267,56
2015,81,1.0,Quantile,4,266,67
2015,81,1.0,Quantile,5,267,74
2015,81,1.0,Quantile,6,267,84
2015,81,1.0,Quantile,7,266,106
2015,81,1.0,Quantile,8,267,140
2015,81,1.0,Quantile,9,267,178
2015,81,1.0,Quantile,10,266,161
2015,81,1.0,Quantile,11,267,171
2015,81,1.0,Quantile,12,267,190
2015,81,1.0,Quantile,13,266,203
2015,81,1.0,Quantile,14,267,196
2015,81,1.0,Quantile,15,267,210
2015,81,1.0,Quantile,16,266,186
2015,81,0.05,EW,1,0,0
2015,81,0.05,EW,2,0,0
2015,81,0.05,EW,3,0,0
2015,81,0.05,EW,4,9,3
2015,81,0.05,EW,5,110,76
2015,81,0.05,EW,6,674,311
2015,81,0.05,EW,7,1420,733
2015,81,0.05,EW,8,1408,698
2015,81,0.05,EW,9,521,261
2015,81,0.05,EW,10,114,49
2015,81,0.05,EW,11,11,3
2015,81,0.05,EW,12,0,0
2015,81,0.05,EW,13,0,0
2015,81,0.05,EW,14,0,0
2015,81,0.05,EW,15,0,0
2015,81,0.05,EW,16,0,0
2015,81,0.05,Quantile,1,267,155
2015,81,0.05,Quantile,2,267,121
2015,81,0.05,Quantile,3,267,121
2015,81,0.05,Quantile,4,266,146
2015,81,0.05,Quantile,5,267,156
2015,81,0.05,Quantile,6,267,129
2015,81,0.05,Quantile,7,266,111
2015,81,0.05,Quantile,8,267,138
2015,81,0.05,Quantile,9,267,144
2015,81,0.05,Quantile,10,266,144
2015,81,0.05,Quantile,11,267,131
2015,81,0.05,Quantile,12,267,128
2015,81,0.05,Quantile,13,266,131
2015,81,0.05,Quantile,14,267,115
2015,81,0.05,Quantile,15,267,134
2015,81,0.05,Quantile,16,266,130
2015,82,1.0,EW,1,16,1
2015,82,1.0,EW,2,31,0
2015,82,1.0,EW,3,70,11
2015,82,1.0,EW,4,224,44
2015,82,1.0,EW,5,490,120
2015,82,1.0,EW,6,506,145
2015,82,1.0,EW,7,860,435
2015,82,1.0,EW,8,787,455
2015,82,1.0,EW,9,522,328
2015,82,1.0,EW,10,376,290
2015,82,1.0,EW,11,263,213
2015,82,1.0,EW,12,94,69
2015,82,1.0,EW,13,19,16
2015,82,1.0,EW,14,9,7
2015,82,1.0,EW,15,0,0
2015,82,1.0,EW,16,0,0
2015,82,1.0,Quantile,1,267,37
2015,82,1.0,Quantile,2,267,64
2015,82,1.0,Quantile,3,267,65
2015,82,1.0,Quantile,4,266,59
2015,82,1.0,Quantile,5,267,95
2015,82,1.0,Quantile,6,267,146
2015,82,1.0,Quantile,7,266,119
2015,82,1.0,Quantile,8,267,137
2015,82,1.0,Quantile,9,267,131
2015,82,1.0,Quantile,10,266,150
2015,82,1.0,Quantile,11,267,178
2015,82,1.0,Quantile,12,267,166
2015,82,1.0,Quantile,13,266,161
2015,82,1.0,Quantile,14,267,208
2015,82,1.0,Quantile,15,267,211
2015,82,1.0,Quantile,16,266,207
2015,82,0.05,EW,1,0,0
2015,82,0.05,EW,2,0,0
2015,82,0.05,EW,3,0,0
2015,82,0.05,EW,4,22,10
2015,82,0.05,EW,5,150,82
2015,82,0.05,EW,6,685,327
2015,82,0.05,EW,7,1317,654
2015,82,0.05,EW,8,1340,689
2015,82,0.05,EW,9,622,310
2015,82,0.05,EW,10,109,58
2015,82,0.05,EW,11,22,4
2015,82,0.05,EW,12,0,0
2015,82,0.05,EW,13,0,0
2015,82,0.05,EW,14,0,0
2015,82,0.05,EW,15,0,0
2015,82,0.05,EW,16,0,0
2015,82,0.05,Quantile,1,267,136
2015,82,0.05,Quantile,2,267,131
2015,82,0.05,Quantile,3,267,124
2015,82,0.05,Quantile,4,266,130
2015,82,0.05,Quantile,5,267,124
2015,82,0.05,Quantile,6,267,125
2015,82,0.05,Quantile,7,266,143
2015,82,0.05,Quantile,8,267,137
2015,82,0.05,Quantile,9,267,148
2015,82,0.05,Quantile,10,266,137
2015,82,0.05,Quantile,11,267,130
2015,82,0.05,Quantile,12,267,118
2015,82,0.05,Quantile,13,266,146
2015,82,0.05,Quantile,14,267,141
2015,82,0.05,Quantile,15,267,130
2015,82,0.05,Quantile,16,266,134
2015,83,1.0,EW,1,0,0
2015,83,1.0,EW,2,0,0
2015,83,1.0,EW,3,49,11
2015,83,1.0,EW,4,201,34
2015,83,1.0,EW,5,482,117
2015,83,1.0,EW,6,703,231
2015,83,1.0,EW,7,766,366
2015,83,1.0,EW,8,840,499
2015,83,1.0,EW,9,591,382
2015,83,1.0,EW,10,342,257
2015,83,1.0,EW,11,142,116
2015,83,1.0,EW,12,90,70
2015,83,1.0,EW,13,40,36
2015,83,1.0,EW,14,20,15
2015,83,1.0,EW,15,1,0
2015,83,1.0,EW,16,0,0
2015,83,1.0,Quantile,1,267,46
2015,83,1.0,Quantile,2,267,67
2015,83,1.0,Quantile,3,267,70
2015,83,1.0,Quantile,4,266,88
2015,83,1.0,Quantile,5,267,89
2015,83,1.0,Quantile,6,267,108
2015,83,1.0,Quantile,7,266,126
2015,83,1.0,Quantile,8,267,123
2015,83,1.0,Quantile,9,267,156
2015,83,1.0,Quantile,10,266,136
2015,83,1.0,Quantile,11,267,184
2015,83,1.0,Quantile,12,267,152
2015,83,1.0,Quantile,13,266,179
2015,83,1.0,Quantile,14,267,185
2015,83,1.0,Quantile,15,267,209
2015,83,1.0,Quantile,16,266,216
2015,83,0.05,EW,1,0,0
2015,83,0.05,EW,2,0,0
2015,83,0.05,EW,3,0,0
2015,83,0.05,EW,4,4,4
2015,83,0.05,EW,5,107,56
2015,83,0.05,EW,6,682,365
2015,83,0.05,EW,7,1471,718
2015,83,0.05,EW,8,1329,657
2015,83,0.05,EW,9,503,242
2015,83,0.05,EW,10,152,81
2015,83,0.05,EW,11,19,11
2015,83,0.05,EW,12,0,0
2015,83,0.05,EW,13,0,0
2015,83,0.05,EW,14,0,0
2015,83,0.05,EW,15,0,0
2015,83,0.05,EW,16,0,0
2015,83,0.05,Quantile,1,267,138
2015,83,0.05,Quantile,2,267,143
2015,83,0.05,Quantile,3,267,148
2015,83,0.05,Quantile,4,266,134
2015,83,0.05,Quantile,5,267,108
2015,83,0.05,Quantile,6,267,152
2015,83,0.05,Quantile,7,266,144
2015,83,0.05,Quantile,8,267,116
2015,83,0.05,Quantile,9,267,129
2015,83,0.05,Quantile,10,266,106
2015,83,0.05,Quantile,11,267,140
2015,83,0.05,Quantile,12,267,142
2015,83,0.05,Quantile,13,266,132
2015,83,0.05,Quantile,14,267,133
2015,83,0.05,Quantile,15,267,112
2015,83,0.05,Quantile,16,266,157
2015,84,1.0,EW,1,0,0
2015,84,1.0,EW,2,12,0
2015,84,1.0,EW,3,76,9
2015,84,1.0,EW,4,256,52
2015,84,1.0,EW,5,490,103
2015,84,1.0,EW,6,617,204
2015,84,1.0,EW,7,801,386
2015,84,1.0,EW,8,751,447
2015,84,1.0,EW,9,612,416
2015,84,1.0,EW,10,253,185
2015,84,1.0,EW,11,215,171
2015,84,1.0,EW,12,94,82
2015,84,1.0,EW,13,59,55
2015,84,1.0,EW,14,20,15
2015,84,1.0,EW,15,11,9
2015,84,1.0,EW,16,0,0
2015,84,1.0,Quantile,1,267,46
2015,84,1.0,Quantile,2,267,61
2015,84,1.0,Quantile,3,267,45
2015,84,1.0,Quantile,4,266,84
2015,84,1.0,Quantile,5,267,94
2015,84,1.0,Quantile,6,267,112
2015,84,1.0,Quantile,7,266,127
2015,84,1.0,Quantile,8,267,136
2015,84,1.0,Quantile,9,267,119
2015,84,1.0,Quantile,10,266,159
2015,84,1.0,Quantile,11,267,176
2015,84,1.0,Quantile,12,267,168
2015,84,1.0,Quantile,13,266,185
2015,84,1.0,Quantile,14,267,181
2015,84,1.0,Quantile,15,267,230
2015,84,1.0,Quantile,16,266,211
2015,84,0.05,EW,1,0,0
2015,84,0.05,EW,2,0,0
2015,84,0.05,EW,3,0,0
2015,84,0.05,EW,4,12,4
2015,84,0.05,EW,5,129,71
2015,84,0.05,EW,6,616,326
2015,84,0.05,EW,7,1499,723
2015,84,0.05,EW,8,1294,651
2015,84,0.05,EW,9,592,286
2015,84,0.05,EW,10,101,59
2015,84,0.05,EW,11,16,11
2015,84,0.05,EW,12,8,3
2015,84,0.05,EW,13,0,0
2015,84,0.05,EW,14,0,0
2015,84,0.05,EW,15,0,0
2015,84,0.05,EW,16,0,0
2015,84,0.05,Quantile,1,267,130
2015,84,0.05,Quantile,2,267,137
2015,84,0.05,Quantile,3,267,160
2015,84,0.05,Quantile,4,266,137
2015,84,0.05,Quantile,5,267,136
2015,84,0.05,Quantile,6,267,136
2015,84,0.05,Quantile,7,266,120
2015,84,0.05,Quantile,8,267,117
2015,84,0.05,Quantile,9,267,124
2015,84,0.05,Quantile,10,266,134
2015,84,0.05,Quantile,11,267,120
2015,84,0.05,Quantile,12,267,140
2015,84,0.05,Quantile,13,266,137
2015,84,0.05,Quantile,14,267,151
2015,84,0.05,Quantile,15,267,118
2015,84,0.05,Quantile,16,266,137
2015,85,1.0,EW,1,8,0
2015,85,1.0,EW,2,12,1
2015,85,1.0,EW,3,94,10
2015,85,1.0,EW,4,273,45
2015,85,1.0,EW,5,397,97
2015,85,1.0,EW,6,746,248
2015,85,1.0,EW,7,671,297
2015,85,1.0,EW,8,691,376
2015,85,1.0,EW,9,576,422
2015,85,1.0,EW,10,435,341
2015,85,1.0,EW,11,240,195
2015,85,1.0,EW,12,75,62
2015,85,1.0,EW,13,40,34
2015,85,1.0,EW,14,9,6
2015,85,1.0,EW,15,0,0
2015,85,1.0,EW,16,0,0
2015,85,1.0,Quantile,1,267,39
2015,85,1.0,Quantile,2,267,53
2015,85,1.0,Quantile,3,267,66
2015,85,1.0,Quantile,4,266,87
2015,85,1.0,Quantile,5,267,104
2015,85,1.0,Quantile,6,267,67
2015,85,1.0,Quantile,7,266,93
2015,85,1.0,Quantile,8,267,141
2015,85,1.0,Quantile,9,267,149
2015,85,1.0,Quantile,10,266,143
2015,85,1.0,Quantile,11,267,162
2015,85,1.0,Quantile,12,267,190
2015,85,1.0,Quantile,13,266,202
2015,85,1.0,Quantile,14,267,209
2015,85,1.0,Quantile,15,267,215
2015,85,1.0,Quantile,16,266,214
2015,85,0.05,EW,1,0,0
2015,85,0.05,EW,2,1,1
2015,85,0.05,EW,3,7,0
2015,85,0.05,EW,4,11,1
2015,85,0.05,EW,5,58,43
2015,85,0.05,EW,6,685,384
2015,85,0.05,EW,7,1552,748
2015,85,0.05,EW,8,1243,595
2015,85,0.05,EW,9,560,298
2015,85,0.05,EW,10,133,56
2015,85,0.05,EW,11,17,8
2015,85,0.05,EW,12,0,0
2015,85,0.05,EW,13,0,0
2015,85,0.05,EW,14,0,0
2015,85,0.05,EW,15,0,0
2015,85,0.05,EW,16,0,0
2015,85,0.05,Quantile,1,267,166
2015,85,0.05,Quantile,2,267,149
2015,85,0.05,Quantile,3,267,131
2015,85,0.05,Quantile,4,266,128
2015,85,0.05,Quantile,5,267,118
2015,85,0.05,Quantile,6,267,130
2015,85,0.05,Quantile,7,266,127
2015,85,0.05,Quantile,8,267,130
2015,85,0.05,Quantile,9,267,136
2015,85,0.05,Quantile,10,266,138
2015,85,0.05,Quantile,11,267,120
2015,85,0.05,Quantile,12,267,133
2015,85,0.05,Quantile,13,266,119
2015,85,0.05,Quantile,14,267,140
2015,85,0.05,Quantile,15,267,148
2015,85,0.05,Quantile,16,266,121
2015,86,1.0,EW,1,0,0
2015,86,1.0,EW,2,29,1
2015,86,1.0,EW,3,63,9
2015,86,1.0,EW,4,256,40
2015,86,1.0,EW,5,447,94
2015,86,1.0,EW,6,647,208
2015,86,1.0,EW,7,695,351
2015,86,1.0,EW,8,762,427
2015,86,1.0,EW,9,639,436
2015,86,1.0,EW,10,464,350
2015,86,1.0,EW,11,152,119
2015,86,1.0,EW,12,61,53
2015,86,1.0,EW,13,30,28
2015,86,1.0,EW,14,14,12
2015,86,1.0,EW,15,8,6
2015,86,1.0,EW,16,0,0
2015,86,1.0,Quantile,1,267,30
2015,86,1.0,Quantile,2,267,63
2015,86,1.0,Quantile,3,267,51
2015,86,1.0,Quantile,4,266,94
2015,86,1.0,Quantile,5,267,84
2015,86,1.0,Quantile,6,267,99
2015,86,1.0,Quantile,7,266,141
2015,86,1.0,Quantile,8,267,140
2015,86,1.0,Quantile,9,267,147
2015,86,1.0,Quantile,10,266,149
2015,86,1.0,Quantile,11,267,155
2015,86,1.0,Quantile,12,267,173
2015,86,1.0,Quantile,13,266,184
2015,86,1.0,Quantile,14,267,203
2015,86,1.0,Quantile,15,267,203
2015,86,1.0,Quantile,16,266,218
2015,86,0.05,EW,1,0,0
2015,86,0.05,EW,2,0,0
2015,86,0.05,EW,3,0,0
2015,86,0.05,EW,4,11,9
2015,86,0.05,EW,5,156,85
2015,86,0.05,EW,6,741,349
2015,86,0.05,EW,7,1335,635
2015,86,0.05,EW,8,1214,625
2015,86,0.05,EW,9,634,351
2015,86,0.05,EW,10,158,72
2015,86,0.05,EW,11,18,8
2015,86,0.05,EW,12,0,0
2015,86,0.05,EW,13,0,0
2015,86,0.05,EW,14,0,0
2015,86,0.05,EW,15,0,0
2015,86,0.05,EW,16,0,0
2015,86,0.05,Quantile,1,267,132
2015,86,0.05,Quantile,2,267,127
2015,86,0.05,Quantile,3,267,129
2015,86,0.05,Quantile,4,266,126
2015,86,0.05,Quantile,5,267,125
2015,86,0.05,Quantile,6,267,117
2015,86,0.05,Quantile,7,266,137
2015,86,0.05,Quantile,8,267,134
2015,86,0.05,Quantile,9,267,124
2015,86,0.05,Quantile,10,266,140
2015,86,0.05,Quantile,11,267,125
2015,86,0.05,Quantile,12,267,131
2015,86,0.05,Quantile,13,266,164
2015,86,0.05,Quantile,14,267,135
2015,86,0.05,Quantile,15,267,148
2015,86,0.05,Quantile,16,266,140
2015,87,1.0,EW,1,0,0
2015,87,1.0,EW,2,18,3
2015,87,1.0,EW,3,80,12
2015,87,1.0,EW,4,205,31
2015,87,1.0,EW,5,435,110
2015,87,1.0,EW,6,702,226
2015,87,1.0,EW,7,762,364
2015,87,1.0,EW,8,802,470
2015,87,1.0,EW,9,584,382
2015,87,1.0,EW,10,315,249
2015,87,1.0,EW,11,222,183
2015,87,1.0,EW,12,112,86
2015,87,1.0,EW,13,19,7
2015,87,1.0,EW,14,11,11
2015,87,1.0,EW,15,0,0
2015,87,1.0,EW,16,0,0
2015,87,1.0,Quantile,1,267,42
2015,87,1.0,Quantile,2,267,59
2015,87,1.0,Quantile,3,267,69
2015,87,1.0,Quantile,4,266,82
2015,87,1.0,Quantile,5,267,89
2015,87,1.0,Quantile,6,267,100
2015,87,1.0,Quantile,7,266,131
2015,87,1.0,Quantile,8,267,137
2015,87,1.0,Quantile,9,267,152
2015,87,1.0,Quantile,10,266,149
2015,87,1.0,Quantile,11,267,167
2015,87,1.0,Quantile,12,267,157
2015,87,1.0,Quantile,13,266,181
2015,87,1.0,Quantile,14,267,193
2015,87,1.0,Quantile,15,267,217
2015,87,1.0,Quantile,16,266,209
2015,87,0.05,EW,1,0,0
2015,87,0.05,EW,2,0,0
2015,87,0.05,EW,3,0,0
2015,87,0.05,EW,4,8,4
2015,87,0.05,EW,5,110,56
2015,87,0.05,EW,6,565,308
2015,87,0.05,EW,7,1653,801
2015,87,0.05,EW,8,1260,622
2015,87,0.05,EW,9,544,271
2015,87,0.05,EW,10,109,62
2015,87,0.05,EW,11,17,10
2015,87,0.05,EW,12,1,0
2015,87,0.05,EW,13,0,0
2015,87,0.05,EW,14,0,0
2015,87,0.05,EW,15,0,0
2015,87,0.05,EW,16,0,0
2015,87,0.05,Quantile,1,267,123
2015,87,0.05,Quantile,2,267,174
2015,87,0.05,Quantile,3,267,133
2015,87,0.05,Quantile,4,266,154
2015,87,0.05,Quantile,5,267,163
2015,87,0.05,Quantile,6,267,124
2015,87,0.05,Quantile,7,266,126
2015,87,0.05,Quantile,8,267,95
2015,87,0.05,Quantile,9,267,104
2015,87,0.05,Quantile,10,266,121
2015,87,0.05,Quantile,11,267,144
2015,87,0.05,Quantile,12,267,134
2015,87,0.05,Quantile,13,266,118
2015,87,0.05,Quantile,14,267,154
2015,87,0.05,Quantile,15,267,130
2015,87,0.05,Quantile,16,266,137
2015,88,1.0,EW,1,1,1
2015,88,1.0,EW,2,43,4
2015,88,1.0,EW,3,90,15
2015,88,1.0,EW,4,265,36
2015,88,1.0,EW,5,376,84
2015,88,1.0,EW,6,636,229
2015,88,1.0,EW,7,726,312
2015,88,1.0,EW,8,834,505
2015,88,1.0,EW,9,598,394
2015,88,1.0,EW,10,335,267
2015,88,1.0,EW,11,213,166
2015,88,1.0,EW,12,94,80
2015,88,1.0,EW,13,20,13
2015,88,1.0,EW,14,16,14
2015,88,1.0,EW,15,10,8
2015,88,1.0,EW,16,10,6
2015,88,1.0,Quantile,1,267,36
2015,88,1.0,Quantile,2,267,43
2015,88,1.0,Quantile,3,267,68
2015,88,1.0,Quantile,4,266,98
2015,88,1.0,Quantile,5,267,93
2015,88,1.0,Quantile,6,267,120
2015,88,1.0,Quantile,7,266,88
2015,88,1.0,Quantile,8,267,135
2015,88,1.0,Quantile,9,267,165
2015,88,1.0,Quantile,10,266,146
2015,88,1.0,Quantile,11,267,172
2015,88,1.0,Quantile,12,267,183
2015,88,1.0,Quantile,13,266,175
2015,88,1.0,Quantile,14,267,186
2015,88,1.0,Quantile,15,267,220
2015,88,1.0,Quantile,16,266,206
2015,88,0.05,EW,1,0,0
2015,88,0.05,EW,2,0,0
2015,88,0.05,EW,3,0,0
2015,88,0.05,EW,4,10,1
2015,88,0.05,EW,5,112,63
2015,88,0.05,EW,6,620,350
2015,88,0.05,EW,7,1522,729
2015,88,0.05,EW,8,1316,663
2015,88,0.05,EW,9,572,281
2015,88,0.05,EW,10,99,36
2015,88,0.05,EW,11,13,9
2015,88,0.05,EW,12,3,2
2015,88,0.05,EW,13,0,0
2015,88,0.05,EW,14,0,0
2015,88,0.05,EW,15,0,0
2015,88,0.05,EW,16,0,0
2015,88,0.05,Quantile,1,267,129
2015,88,0.05,Quantile,2,267,157
2015,88,0.05,Quantile,3,267,164
2015,88,0.05,Quantile,4,266,137
2015,88,0.05,Quantile,5,267,112
2015,88,0.05,Quantile,6,267,127
2015,88,0.05,Quantile,7,266,126
2015,88,0.05,Quantile,8,267,121
2015,88,0.05,Quantile,9,267,147
2015,88,0.05,Quantile,10,266,117
2015,88,0.05,Quantile,11,267,109
2015,88,0.05,Quantile,12,267,154
2015,88,0.05,Quantile,13,266,136
2015,88,0.05,Quantile,14,267,135
2015,88,0.05,Quantile,15,267,144
2015,88,0.05,Quantile,16,266,119
2015,89,1.0,EW,1,0,0
2015,89,1.0,EW,2,36,3
2015,89,1.0,EW,3,86,9
2015,89,1.0,EW,4,265,48
2015,89,1.0,EW,5,457,101
2015,89,1.0,EW,6,533,169
2015,89,1.0,EW,7,755,351
2015,89,1.0,EW,8,784,458
2015,89,1.0,EW,9,608,419
2015,89,1.0,EW,10,438,333
2015,89,1.0,EW,11,180,142
2015,89,1.0,EW,12,87,77
2015,89,1.0,EW,13,36,24
2015,89,1.0,EW,14,2,0
2015,89,1.0,EW,15,0,0
2015,89,1.0,EW,16,0,0
2015,89,1.0,Quantile,1,267,36
2015,89,1.0,Quantile,2,267,58
2015,89,1.0,Quantile,3,267,62
2015,89,1.0,Quantile,4,266,68
2015,89,1.0,Quantile,5,267,90
2015,89,1.0,Quantile,6,267,117
2015,89,1.0,Quantile,7,266,128
2015,89,1.0,Quantile,8,267,122
2015,89,1.0,Quantile,9,267,148
2015,89,1.0,Quantile,10,266,156
2015,89,1.0,Quantile,11,267,164
2015,89,1.0,Quantile,12,267,175
2015,89,1.0,Quantile,13,266,192
2015,89,1.0,Quantile,14,267,195
2015,89,1.0,Quantile,15,267,212
2015,89,1.0,Quantile,16,266,211
2015,89,0.05,EW,1,0,0
2015,89,0.05,EW,2,0,0
2015,89,0.05,EW,3,0,0
2015,89,0.05,EW,4,7,6
2015,89,0.05,EW,5,104,53
2015,89,0.05,EW,6,700,356
2015,89,0.05,EW,7,1529,734
2015,89,0.05,EW,8,1132,567
2015,89,0.05,EW,9,673,376
2015,89,0.05,EW,10,112,42
2015,89,0.05,EW,11,10,0
2015,89,0.05,EW,12,0,0
2015,89,0.05,EW,13,0,0
2015,89,0.05,EW,14,0,0
2015,89,0.05,EW,15,0,0
2015,89,0.05,EW,16,0,0
2015,89,0.05,Quantile,1,267,150
2015,89,0.05,Quantile,2,267,109
2015,89,0.05,Quantile,3,267,148
2015,89,0.05,Quantile,4,266,149
2015,89,0.05,Quantile,5,267,149
2015,89,0.05,Quantile,6,267,123
2015,89,0.05,Quantile,7,266,106
2015,89,0.05,Quantile,8,267,129
2015,89,0.05,Quantile,9,267,113
2015,89,0.05,Quantile,10,266,148
2015,89,0.05,Quantile,11,267,100
2015,89,0.05,Quantile,12,267,121
2015,89,0.05,Quantile,13,266,170
2015,89,0.05,Quantile,14,267,162
2015,89,0.05,Quantile,15,267,159
2015,89,0.05,Quantile,16,266,98
2015,90,1.0,EW,1,0,0
2015,90,1.0,EW,2,1,1
2015,90,1.0,EW,3,94,9
2015,90,1.0,EW,4,279,46
2015,90,1.0,EW,5,441,103
2015,90,1.0,EW,6,625,232
2015,90,1.0,EW,7,791,352
2015,90,1.0,EW,8,643,340
2015,90,1.0,EW,9,634,465
2015,90,1.0,EW,10,417,308
2015,90,1.0,EW,11,210,165
2015,90,1.0,EW,12,97,83
2015,90,1.0,EW,13,31,28
2015,90,1.0,EW,14,4,2
2015,90,1.0,EW,15,0,0
2015,90,1.0,EW,16,0,0
2015,90,1.0,Quantile,1,267,34
2015,90,1.0,Quantile,2,267,47
2015,90,1.0,Quantile,3,267,71
2015,90,1.0,Quantile,4,266,85
2015,90,1.0,Quantile,5,267,98
2015,90,1.0,Quantile,6,267,118
2015,90,1.0,Quantile,7,266,91
2015,90,1.0,Quantile,8,267,140
2015,90,1.0,Quantile,9,267,132
2015,90,1.0,Quantile,10,266,130
2015,90,1.0,Quantile,11,267,174
2015,90,1.0,Quantile,12,267,206
2015,90,1.0,Quantile,13,266,199
2015,90,1.0,Quantile,14,267,190
2015,90,1.0,Quantile,15,267,198
2015,90,1.0,Quantile,16,266,221
2015,90,0.05,EW,1,0,0
2015,90,0.05,EW,2,0,0
2015,90,0.05,EW,3,0,0
2015,90,0.05,EW,4,19,6
2015,90,0.05,EW,5,148,79
2015,90,0.05,EW,6,706,336
2015,90,0.05,EW,7,1295,671
2015,90,0.05,EW,8,1333,678
2015,90,0.05,EW,9,622,315
2015,90,0.05,EW,10,139,48
2015,90,0.05,EW,11,5,1
2015,90,0.05,EW,12,0,0
2015,90,0.05,EW,13,0,0
2015,90,0.05,EW,14,0,0
2015,90,0.05,EW,15,0,0
2015,90,0.05,EW,16,0,0
2015,90,0.05,Quantile,1,267,137
2015,90,0.05,Quantile,2,267,130
2015,90,0.05,Quantile,3,267,125
2015,90,0.05,Quantile,4,266,119
2015,90,0.05,Quantile,5,267,147
2015,90,0.05,Quantile,6,267,141
2015,90,0.05,Quantile,7,266,139
2015,90,0.05,Quantile,8,267,138
2015,90,0.05,Quantile,9,267,122
2015,90,0.05,Quantile,10,266,137
2015,90,0.05,Quantile,11,267,147
2015,90,0.05,Quantile,12,267,140
2015,90,0.05,Quantile,13,266,134
2015,90,0.05,Quantile,14,267,120
2015,90,0.05,Quantile,15,267,132
2015,90,0.05,Quantile,16,266,126
2015,91,1.0,EW,1,0,0
2015,91,1.0,EW,2,11,1
2015,91,1.0,EW,3,87,8
2015,91,1.0,EW,4,213,47
2015,91,1.0,EW,5,492,111
2015,91,1.0,EW,6,758,254
2015,91,1.0,EW,7,663,291
2015,91,1.0,EW,8,632,359
2015,91,1.0,EW,9,646,489
2015,91,1.0,EW,10,438,320
2015,91,1.0,EW,11,197,155
2015,91,1.0,EW,12,91,67
2015,91,1.0,EW,13,39,32
2015,91,1.0,EW,14,0,0
2015,91,1.0,EW,15,0,0
2015,91,1.0,EW,16,0,0
2015,91,1.0,Quantile,1,267,47
2015,91,1.0,Quantile,2,267,61
2015,91,1.0,Quantile,3,267,59
2015,91,1.0,Quantile,4,266,103
2015,91,1.0,Quantile,5,267,87
2015,91,1.0,Quantile,6,267,69
2015,91,1.0,Quantile,7,266,111
2015,91,1.0,Quantile,8,267,139
2015,91,1.0,Quantile,9,267,135
2015,91,1.0,Quantile,10,266,148
2015,91,1.0,Quantile,11,267,173
2015,91,1.0,Quantile,12,267,204
2015,91,1.0,Quantile,13,266,198
2015,91,1.0,Quantile,14,267,189
2015,91,1.0,Quantile,15,267,207
2015,91,1.0,Quantile,16,266,204
2015,91,0.05,EW,1,0,0
2015,91,0.05,EW,2,0,0
2015,91,0.05,EW,3,2,2
2015,91,0.05,EW,4,20,6
2015,91,0.05,EW,5,125,62
2015,91,0.05,EW,6,625,292
2015,91,0.05,EW,7,1390,762
2015,91,0.05,EW,8,1438,702
2015,91,0.05,EW,9,546,239
2015,91,0.05,EW,10,99,60
2015,91,0.05,EW,11,22,9
2015,91,0.05,EW,12,0,0
2015,91,0.05,EW,13,0,0
2015,91,0.05,EW,14,0,0
2015,91,0.05,EW,15,0,0
2015,91,0.05,EW,16,0,0
2015,91,0.05,Quantile,1,267,125
2015,91,0.05,Quantile,2,267,142
2015,91,0.05,Quantile,3,267,111
2015,91,0.05,Quantile,4,266,135
2015,91,0.05,Quantile,5,267,155
2015,91,0.05,Quantile,6,267,146
2015,91,0.05,Quantile,7,266,144
2015,91,0.05,Quantile,8,267,151
2015,91,0.05,Quantile,9,267,150
2015,91,0.05,Quantile,10,266,122
2015,91,0.05,Quantile,11,267,114
2015,91,0.05,Quantile,12,267,141
2015,91,0.05,Quantile,13,266,118
2015,91,0.05,Quantile,14,267,152
2015,91,0.05,Quantile,15,267,99
2015,91,0.05,Quantile,16,266,129
2015,92,1.0,EW,1,0,0
2015,92,1.0,EW,2,27,1
2015,92,1.0,EW,3,64,12
2015,92,1.0,EW,4,192,31
2015,92,1.0,EW,5,477,128
2015,92,1.0,EW,6,718,230
2015,92,1.0,EW,7,772,384
2015,92,1.0,EW,8,757,393
2015,92,1.0,EW,9,465,321
2015,92,1.0,EW,10,446,357
2015,92,1.0,EW,11,221,176
2015,92,1.0,EW,12,97,80
2015,92,1.0,EW,13,15,11
2015,92,1.0,EW,14,15,10
2015,92,1.0,EW,15,1,0
2015,92,1.0,EW,16,0,0
2015,92,1.0,Quantile,1,267,41
2015,92,1.0,Quantile,2,267,66
2015,92,1.0,Quantile,3,267,73
2015,92,1.0,Quantile,4,266,61
2015,92,1.0,Quantile,5,267,105
2015,92,1.0,Quantile,6,267,115
2015,92,1.0,Quantile,7,266,110
2015,92,1.0,Quantile,8,267,153
2015,92,1.0,Quantile,9,267,134
2015,92,1.0,Quantile,10,266,125
2015,92,1.0,Quantile,11,267,146
2015,92,1.0,Quantile,12,267,174
2015,92,1.0,Quantile,13,266,192
2015,92,1.0,Quantile,14,267,222
2015,92,1.0,Quantile,15,267,198
2015,92,1.0,Quantile,16,266,219
2015,92,0.05,EW,1,0,0
2015,92,0.05,EW,2,0,0
2015,92,0.05,EW,3,0,0
2015,92,0.05,EW,4,7,7
2015,92,0.05,EW,5,100,49
2015,92,0.05,EW,6,638,329
2015,92,0.05,EW,7,1509,784
2015,92,0.05,EW,8,1289,621
2015,92,0.05,EW,9,631,314
2015,92,0.05,EW,10,84,26
2015,92,0.05,EW,11,9,4
2015,92,0.05,EW,12,0,0
2015,92,0.05,EW,13,0,0
2015,92,0.05,EW,14,0,0
2015,92,0.05,EW,15,0,0
2015,92,0.05,EW,16,0,0
2015,92,0.05,Quantile,1,267,144
2015,92,0.05,Quantile,2,267,131
2015,92,0.05,Quantile,3,267,143
2015,92,0.05,Quantile,4,266,138
2015,92,0.05,Quantile,5,267,121
2015,92,0.05,Quantile,6,267,130
2015,92,0.05,Quantile,7,266,144
2015,92,0.05,Quantile,8,267,157
2015,92,0.05,Quantile,9,267,124
2015,92,0.05,Quantile,10,266,135
2015,92,0.05,Quantile,11,267,124
2015,92,0.05,Quantile,12,267,111
2015,92,0.05,Quantile,13,266,139
2015,92,0.05,Quantile,14,267,151
2015,92,0.05,Quantile,15,267,131
2015,92,0.05,Quantile,16,266,111
2015,93,1.0,EW,1,0,0
2015,93,1.0,EW,2,19,0
2015,93,1.0,EW,3,35,7
2015,93,1.0,EW,4,230,39
2015,93,1.0,EW,5,496,118
2015,93,1.0,EW,6,644,215
2015,93,1.0,EW,7,854,406
2015,93,1.0,EW,8,711,408
2015,93,1.0,EW,9,499,327
2015,93,1.0,EW,10,492,394
2015,93,1.0,EW,11,196,150
2015,93,1.0,EW,12,56,43
2015,93,1.0,EW,13,33,27
2015,93,1.0,EW,14,2,0
2015,93,1.0,EW,15,0,0
2015,93,1.0,EW,16,0,0
2015,93,1.0,Quantile,1,267,43
2015,93,1.0,Quantile,2,267,80
2015,93,1.0,Quantile,3,267,44
2015,93,1.0,Quantile,4,266,82
2015,93,1.0,Quantile,5,267,94
2015,93,1.0,Quantile,6,267,110
2015,93,1.0,Quantile,7,266,137
2015,93,1.0,Quantile,8,267,125
2015,93,1.0,Quantile,9,267,128
2015,93,1.0,Quantile,10,266,142
2015,93,1.0,Quantile,11,267,181
2015,93,1.0,Quantile,12,267,159
2015,93,1.0,Quantile,13,266,178
2015,93,1.0,Quantile,14,267,216
2015,93,1.0,Quantile,15,267,211
2015,93,1.0,Quantile,16,266,204
2015,93,0.05,EW,1,0,0
2015,93,0.05,EW,2,0,0
2015,93,0.05,EW,3,0,0
2015,93,0.05,EW,4,20,8
2015,93,0.05,EW,5,129,56
2015,93,0.05,EW,6,741,351
2015,93,0.05,EW,7,1328,685
2015,93,0.05,EW,8,1268,609
2015,93,0.05,EW,9,638,370
2015,93,0.05,EW,10,141,55
2015,93,0.05,EW,11,2,0
2015,93,0.05,EW,12,0,0
2015,93,0.05,EW,13,0,0
2015,93,0.05,EW,14,0,0
2015,93,0.05,EW,15,0,0
2015,93,0.05,EW,16,0,0
2015,93,0.05,Quantile,1,267,124
2015,93,0.05,Quantile,2,267,143
2015,93,0.05,Quantile,3,267,107
2015,93,0.05,Quantile,4,266,128
2015,93,0.05,Quantile,5,267,132
2015,93,0.05,Quantile,6,267,145
2015,93,0.05,Quantile,7,266,138
2015,93,0.05,Quantile,8,267,145
2015,93,0.05,Quantile,9,267,126
2015,93,0.05,Quantile,10,266,166
2015,93,0.05,Quantile,11,267,137
2015,93,0.05,Quantile,12,267,111
2015,93,0.05,Quantile,13,266,100
2015,93,0.05,Quantile,14,267,158
2015,93,0.05,Quantile,15,267,160
2015,93,0.05,Quantile,16,266,114
2015,94,1.0,EW,1,0,0
2015,94,1.0,EW,2,6,3
2015,94,1.0,EW,3,97,12
2015,94,1.0,EW,4,225,41
2015,94,1.0,EW,5,432,104
2015,94,1.0,EW,6,710,236
2015,94,1.0,EW,7,789,357
2015,94,1.0,EW,8,672,408
2015,94,1.0,EW,9,604,416
2015,94,1.0,EW,10,359,267
2015,94,1.0,EW,11,258,216
2015,94,1.0,EW,12,80,48
2015,94,1.0,EW,13,32,26
2015,94,1.0,EW,14,3,0
2015,94,1.0,EW,15,0,0
2015,94,1.0,EW,16,0,0
2015,94,1.0,Quantile,1,267,39
2015,94,1.0,Quantile,2,267,56
2015,94,1.0,Quantile,3,267,75
2015,94,1.0,Quantile,4,266,94
2015,94,1.0,Quantile,5,267,98
2015,94,1.0,Quantile,6,267,84
2015,94,1.0,Quantile,7,266,135
2015,94,1.0,Quantile,8,267,110
2015,94,1.0,Quantile,9,267,129
2015,94,1.0,Quantile,10,266,169
2015,94,1.0,Quantile,11,267,175
2015,94,1.0,Quantile,12,267,179
2015,94,1.0,Quantile,13,266,193
2015,94,1.0,Quantile,14,267,174
2015,94,1.0,Quantile,15,267,226
2015,94,1.0,Quantile,16,266,198
2015,94,0.05,EW,1,0,0
2015,94,0.05,EW,2,0,0
2015,94,0.05,EW,3,0,0
2015,94,0.05,EW,4,15,10
2015,94,0.05,EW,5,170,79
2015,94,0.05,EW,6,669,329
2015,94,0.05,EW,7,1304,645
2015,94,0.05,EW,8,1310,668
2015,94,0.05,EW,9,682,351
2015,94,0.05,EW,10,104,42
2015,94,0.05,EW,11,13,10
2015,94,0.05,EW,12,0,0
2015,94,0.05,EW,13,0,0
2015,94,0.05,EW,14,0,0
2015,94,0.05,EW,15,0,0
2015,94,0.05,EW,16,0,0
2015,94,0.05,Quantile,1,267,119
2015,94,0.05,Quantile,2,267,120
2015,94,0.05,Quantile,3,267,152
2015,94,0.05,Quantile,4,266,124
2015,94,0.05,Quantile,5,267,130
2015,94,0.05,Quantile,6,267,151
2015,94,0.05,Quantile,7,266,134
2015,94,0.05,Quantile,8,267,126
2015,94,0.05,Quantile,9,267,121
2015,94,0.05,Quantile,10,266,141
2015,94,0.05,Quantile,11,267,136
2015,94,0.05,Quantile,12,267,149
2015,94,0.05,Quantile,13,266,127
2015,94,0.05,Quantile,14,267,138
2015,94,0.05,Quantile,15,267,146
2015,94,0.05,Quantile,16,266,120
2015,95,1.0,EW,1,0,0
2015,95,1.0,EW,2,36,4
2015,95,1.0,EW,3,109,15
2015,95,1.0,EW,4,220,30
2015,95,1.0,EW,5,473,115
2015,95,1.0,EW,6,686,208
2015,95,1.0,EW,7,678,327
2015,95,1.0,EW,8,663,383
2015,95,1.0,EW,9,561,396
2015,95,1.0,EW,10,485,371
2015,95,1.0,EW,11,233,184
2015,95,1.0,EW,12,72,59
2015,95,1.0,EW,13,50,42
2015,95,1.0,EW,14,1,0
2015,95,1.0,EW,15,0,0
2015,95,1.0,EW,16,0,0
2015,95,1.0,Quantile,1,267,32
2015,95,1.0,Quantile,2,267,53
2015,95,1.0,Quantile,3,267,69
2015,95,1.0,Quantile,4,266,76
2015,95,1.0,Quantile,5,267,88
2015,95,1.0,Quantile,6,267,83
2015,95,1.0,Quantile,7,266,121
2015,95,1.0,Quantile,8,267,133
2015,95,1.0,Quantile,9,267,134
2015,95,1.0,Quantile,10,266,167
2015,95,1.0,Quantile,11,267,161
2015,95,1.0,Quantile,12,267,187
2015,95,1.0,Quantile,13,266,207
2015,95,1.0,Quantile,14,267,219
2015,95,1.0,Quantile,15,267,183
2015,95,1.0,Quantile,16,266,221
2015,95,0.05,EW,1,0,0
2015,95,0.05,EW,2,0,0
2015,95,0.05,EW,3,0,0
2015,95,0.05,EW,4,17,5
2015,95,0.05,EW,5,134,75
2015,95,0.05,EW,6,766,363
2015,95,0.05,EW,7,1337,634
2015,95,0.05,EW,8,1230,626
2015,95,0.05,EW,9,609,353
2015,95,0.05,EW,10,137,61
2015,95,0.05,EW,11,29,15
2015,95,0.05,EW,12,8,2
2015,95,0.05,EW,13,0,0
2015,95,0.05,EW,14,0,0
2015,95,0.05,EW,15,0,0
2015,95,0.05,EW,16,0,0
2015,95,0.05,Quantile,1,267,136
2015,95,0.05,Quantile,2,267,124
2015,95,0.05,Quantile,3,267,134
2015,95,0.05,Quantile,4,266,114
2015,95,0.05,Quantile,5,267,120
2015,95,0.05,Quantile,6,267,144
2015,95,0.05,Quantile,7,266,124
2015,95,0.05,Quantile,8,267,123
2015,95,0.05,Quantile,9,267,144
2015,95,0.05,Quantile,10,266,127
2015,95,0.05,Quantile,11,267,149
2015,95,0.05,Quantile,12,267,127
2015,95,0.05,Quantile,13,266,128
2015,95,0.05,Quantile,14,267,152
2015,95,0.05,Quantile,15,267,151
2015,95,0.05,Quantile,16,266,137
2015,96,1.0,EW,1,1,1
2015,96,1.0,EW,2,25,2
2015,96,1.0,EW,3,98,13
2015,96,1.0,EW,4,174,22
2015,96,1.0,EW,5,389,99
2015,96,1.0,EW,6,759,251
2015,96,1.0,EW,7,853,348
2015,96,1.0,EW,8,663,430
2015,96,1.0,EW,9,627,415
2015,96,1.0,EW,10,318,260
2015,96,1.0,EW,11,206,171
2015,96,1.0,EW,12,86,68
2015,96,1.0,EW,13,44,32
2015,96,1.0,EW,14,20,19
2015,96,1.0,EW,15,4,3
2015,96,1.0,EW,16,0,0
2015,96,1.0,Quantile,1,267,34
2015,96,1.0,Quantile,2,267,66
2015,96,1.0,Quantile,3,267,68
2015,96,1.0,Quantile,4,266,86
2015,96,1.0,Quantile,5,267,89
2015,96,1.0,Quantile,6,267,117
2015,96,1.0,Quantile,7,266,108
2015,96,1.0,Quantile,8,267,111
2015,96,1.0,Quantile,9,267,128
2015,96,1.0,Quantile,10,266,155
2015,96,1.0,Quantile,11,267,181
2015,96,1.0,Quantile,12,267,186
2015,96,1.0,Quantile,13,266,179
2015,96,1.0,Quantile,14,267,187
2015,96,1.0,Quantile,15,267,222
2015,96,1.0,Quantile,16,266,217
2015,96,0.05,EW,1,0,0
2015,96,0.05,EW,2,0,0
2015,96,0.05,EW,3,0,0
2015,96,0.05,EW,4,5,2
2015,96,0.05,EW,5,146,68
2015,96,0.05,EW,6,547,321
2015,96,0.05,EW,7,1533,749
2015,96,0.05,EW,8,1420,683
2015,96,0.05,EW,9,477,227
2015,96,0.05,EW,10,134,84
2015,96,0.05,EW,11,5,0
2015,96,0.05,EW,12,0,0
2015,96,0.05,EW,13,0,0
2015,96,0.05,EW,14,0,0
2015,96,0.05,EW,15,0,0
2015,96,0.05,EW,16,0,0
2015,96,0.05,Quantile,1,267,129
2015,96,0.05,Quantile,2,267,161
2015,96,0.05,Quantile,3,267,156
2015,96,0.05,Quantile,4,266,123
2015,96,0.05,Quantile,5,267,122
2015,96,0.05,Quantile,6,267,159
2015,96,0.05,Quantile,7,266,126
2015,96,0.05,Quantile,8,267,118
2015,96,0.05,Quantile,9,267,126
2015,96,0.05,Quantile,10,266,122
2015,96,0.05,Quantile,11,267,135
2015,96,0.05,Quantile,12,267,135
2015,96,0.05,Quantile,13,266,131
2015,96,0.05,Quantile,14,267,112
2015,96,0.05,Quantile,15,267,127
2015,96,0.05,Quantile,16,266,152
2015,97,1.0,EW,1,0,0
2015,97,1.0,EW,2,19,4
2015,97,1.0,EW,3,56,6
2015,97,1.0,EW,4,183,49
2015,97,1.0,EW,5,428,104
2015,97,1.0,EW,6,677,250
2015,97,1.0,EW,7,855,357
2015,97,1.0,EW,8,824,482
2015,97,1.0,EW,9,542,349
2015,97,1.0,EW,10,378,296
2015,97,1.0,EW,11,171,129
2015,97,1.0,EW,12,131,108
2015,97,1.0,EW,13,3,0
2015,97,1.0,EW,14,0,0
2015,97,1.0,EW,15,0,0
2015,97,1.0,EW,16,0,0
2015,97,1.0,Quantile,1,267,62
2015,97,1.0,Quantile,2,267,62
2015,97,1.0,Quantile,3,267,77
2015,97,1.0,Quantile,4,266,82
2015,97,1.0,Quantile,5,267,118
2015,97,1.0,Quantile,6,267,115
2015,97,1.0,Quantile,7,266,113
2015,97,1.0,Quantile,8,267,103
2015,97,1.0,Quantile,9,267,140
2015,97,1.0,Quantile,10,266,152
2015,97,1.0,Quantile,11,267,171
2015,97,1.0,Quantile,12,267,152
2015,97,1.0,Quantile,13,266,175
2015,97,1.0,Quantile,14,267,195
2015,97,1.0,Quantile,15,267,211
2015,97,1.0,Quantile,16,266,206
2015,97,0.05,EW,1,0,0
2015,97,0.05,EW,2,0,0
2015,97,0.05,EW,3,0,0
2015,97,0.05,EW,4,6,3
2015,97,0.05,EW,5,112,82
2015,97,0.05,EW,6,658,338
2015,97,0.05,EW,7,1507,703
2015,97,0.05,EW,8,1246,646
2015,97,0.05,EW,9,584,293
2015,97,0.05,EW,10,124,48
2015,97,0.05,EW,11,29,21
2015,97,0.05,EW,12,1,0
2015,97,0.05,EW,13,0,0
2015,97,0.05,EW,14,0,0
2015,97,0.05,EW,15,0,0
2015,97,0.05,EW,16,0,0
2015,97,0.05,Quantile,1,267,136
2015,97,0.05,Quantile,2,267,137
2015,97,0.05,Quantile,3,267,163
2015,97,0.05,Quantile,4,266,147
2015,97,0.05,Quantile,5,267,117
2015,97,0.05,Quantile,6,267,109
2015,97,0.05,Quantile,7,266,117
2015,97,0.05,Quantile,8,267,136
2015,97,0.05,Quantile,9,267,117
2015,97,0.05,Quantile,10,266,139
2015,97,0.05,Quantile,11,267,149
2015,97,0.05,Quantile,12,267,145
2015,97,0.05,Quantile,13,266,133
2015,97,0.05,Quantile,14,267,119
2015,97,0.05,Quantile,15,267,133
2015,97,0.05,Quantile,16,266,137
2015,98,1.0,EW,1,11,0
2015,98,1.0,EW,2,17,3
2015,98,1.0,EW,3,89,9
2015,98,1.0,EW,4,209,45
2015,98,1.0,EW,5,431,89
2015,98,1.0,EW,6,680,241
2015,98,1.0,EW,7,785,365
2015,98,1.0,EW,8,710,398
2015,98,1.0,EW,9,624,453
2015,98,1.0,EW,10,337,233
2015,98,1.0,EW,11,239,192
2015,98,1.0,EW,12,114,93
2015,98,1.0,EW,13,18,10
2015,98,1.0,EW,14,3,3
2015,98,1.0,EW,15,0,0
2015,98,1.0,EW,16,0,0
2015,98,1.0,Quantile,1,267,43
2015,98,1.0,Quantile,2,267,57
2015,98,1.0,Quantile,3,267,57
2015,98,1.0,Quantile,4,266,85
2015,98,1.0,Quantile,5,267,97
2015,98,1.0,Quantile,6,267,103
2015,98,1.0,Quantile,7,266,124
2015,98,1.0,Quantile,8,267,136
2015,98,1.0,Quantile,9,267,147
2015,98,1.0,Quantile,10,266,134
2015,98,1.0,Quantile,11,267,168
2015,98,1.0,Quantile,12,267,192
2015,98,1.0,Quantile,13,266,195
2015,98,1.0,Quantile,14,267,174
2015,98,1.0,Quantile,15,267,214
2015,98,1.0,Quantile,16,266,208
2015,98,0.05,EW,1,0,0
2015,98,0.05,EW,2,0,0
2015,98,0.05,EW,3,0,0
2015,98,0.05,EW,4,7,6
2015,98,0.05,EW,5,151,86
2015,98,0.05,EW,6,714,350
2015,98,0.05,EW,7,1345,653
2015,98,0.05,EW,8,1257,637
2015,98,0.05,EW,9,667,347
2015,98,0.05,EW,10,116,52
2015,98,0.05,EW,11,10,3
2015,98,0.05,EW,12,0,0
2015,98,0.05,EW,13,0,0
2015,98,0.05,EW,14,0,0
2015,98,0.05,EW,15,0,0
2015,98,0.05,EW,16,0,0
2015,98,0.05,Quantile,1,267,142
2015,98,0.05,Quantile,2,267,134
2015,98,0.05,Quantile,3,267,138
2015,98,0.05,Quantile,4,266,107
2015,98,0.05,Quantile,5,267,121
2015,98,0.05,Quantile,6,267,141
2015,98,0.05,Quantile,7,266,140
2015,98,0.05,Quantile,8,267,129
2015,98,0.05,Quantile,9,267,141
2015,98,0.05,Quantile,10,266,138
2015,98,0.05,Quantile,11,267,124
2015,98,0.05,Quantile,12,267,152
2015,98,0.05,Quantile,13,266,122
2015,98,0.05,Quantile,14,267,156
2015,98,0.05,Quantile,15,267,137
2015,98,0.05,Quantile,16,266,112
2015,99,1.0,EW,1,0,0
2015,99,1.0,EW,2,20,5
2015,99,1.0,EW,3,128,11
2015,99,1.0,EW,4,153,40
2015,99,1.0,EW,5,509,107
2015,99,1.0,EW,6,690,212
2015,99,1.0,EW,7,697,334
2015,99,1.0,EW,8,729,428
2015,99,1.0,EW,9,565,389
2015,99,1.0,EW,10,386,295
2015,99,1.0,EW,11,265,213
2015,99,1.0,EW,12,99,82
2015,99,1.0,EW,13,24,18
2015,99,1.0,EW,14,2,0
2015,99,1.0,EW,15,0,0
2015,99,1.0,EW,16,0,0
2015,99,1.0,Quantile,1,267,35
2015,99,1.0,Quantile,2,267,63
2015,99,1.0,Quantile,3,267,62
2015,99,1.0,Quantile,4,266,97
2015,99,1.0,Quantile,5,267,69
2015,99,1.0,Quantile,6,267,84
2015,99,1.0,Quantile,7,266,125
2015,99,1.0,Quantile,8,267,142
2015,99,1.0,Quantile,9,267,148
2015,99,1.0,Quantile,10,266,160
2015,99,1.0,Quantile,11,267,156
2015,99,1.0,Quantile,12,267,179
2015,99,1.0,Quantile,13,266,186
2015,99,1.0,Quantile,14,267,206
2015,99,1.0,Quantile,15,267,216
2015,99,1.0,Quantile,16,266,206
2015,99,0.05,EW,1,0,0
2015,99,0.05,EW,2,0,0
2015,99,0.05,EW,3,0,0
2015,99,0.05,EW,4,2,2
2015,99,0.05,EW,5,157,101
2015,99,0.05,EW,6,719,303
2015,99,0.05,EW,7,1340,665
2015,99,0.05,EW,8,1309,715
2015,99,0.05,EW,9,581,261
2015,99,0.05,EW,10,148,82
2015,99,0.05,EW,11,11,5
2015,99,0.05,EW,12,0,0
2015,99,0.05,EW,13,0,0
2015,99,0.05,EW,14,0,0
2015,99,0.05,EW,15,0,0
2015,99,0.05,EW,16,0,0
2015,99,0.05,Quantile,1,267,155
2015,99,0.05,Quantile,2,267,97
2015,99,0.05,Quantile,3,267,129
2015,99,0.05,Quantile,4,266,122
2015,99,0.05,Quantile,5,267,147
2015,99,0.05,Quantile,6,267,131
2015,99,0.05,Quantile,7,266,117
2015,99,0.05,Quantile,8,267,122
2015,99,0.05,Quantile,9,267,145
2015,99,0.05,Quantile,10,266,136
2015,99,0.05,Quantile,11,267,158
2015,99,0.05,Quantile,12,267,148
2015,99,0.05,Quantile,13,266,151
2015,99,0.05,Quantile,14,267,114
2015,99,0.05,Quantile,15,267,118
2015,99,0.05,Quantile,16,266,144
2015,100,1.0,EW,1,11,0
2015,100,1.0,EW,2,16,1
2015,100,1.0,EW,3,88,9
2015,100,1.0,EW,4,201,36
2015,100,1.0,EW,5,440,88
2015,100,1.0,EW,6,663,246
2015,100,1.0,EW,7,794,340
2015,100,1.0,EW,8,709,423
2015,100,1.0,EW,9,604,412
2015,100,1.0,EW,10,419,320
2015,100,1.0,EW,11,168,123
2015,100,1.0,EW,12,130,117
2015,100,1.0,EW,13,24,19
2015,100,1.0,EW,14,0,0
2015,100,1.0,EW,15,0,0
2015,100,1.0,EW,16,0,0
2015,100,1.0,Quantile,1,267,38
2015,100,1.0,Quantile,2,267,49
2015,100,1.0,Quantile,3,267,62
2015,100,1.0,Quantile,4,266,94
2015,100,1.0,Quantile,5,267,101
2015,100,1.0,Quantile,6,267,107
2015,100,1.0,Quantile,7,266,110
2015,100,1.0,Quantile,8,267,104
2015,100,1.0,Quantile,9,267,160
2015,100,1.0,Quantile,10,266,141
2015,100,1.0,Quantile,11,267,186
2015,100,1.0,Quantile,12,267,169
2015,100,1.0,Quantile,13,266,188
2015,100,1.0,Quantile,14,267,198
2015,100,1.0,Quantile,15,267,206
2015,100,1.0,Quantile,16,266,221
2015,100,0.05,EW,1,0,0
2015,100,0.05,EW,2,0,0
2015,100,0.05,EW,3,0,0
2015,100,0.05,EW,4,27,12
2015,100,0.05,EW,5,189,86
2015,100,0.05,EW,6,670,297
2015,100,0.05,EW,7,1246,637
2015,100,0.05,EW,8,1345,717
2015,100,0.05,EW,9,629,310
2015,100,0.05,EW,10,150,75
2015,100,0.05,EW,11,11,0
2015,100,0.05,EW,12,0,0
2015,100,0.05,EW,13,0,0
2015,100,0.05,EW,14,0,0
2015,100,0.05,EW,15,0,0
2015,100,0.05,EW,16,0,0
2015,100,0.05,Quantile,1,267,121
2015,100,0.05,Quantile,2,267,121
2015,100,0.05,Quantile,3,267,113
2015,100,0.05,Quantile,4,266,121
2015,100,0.05,Quantile,5,267,142
2015,100,0.05,Quantile,6,267,146
2015,100,0.05,Quantile,7,266,144
2015,100,0.05,Quantile,8,267,126
2015,100,0.05,Quantile,9,267,150
2015,100,0.05,Quantile,10,266,130
2015,100,0.05,Quantile,11,267,146
2015,100,0.05,Quantile,12,267,131
2015,100,0.05,Quantile,13,266,151
2015,100,0.05,Quantile,14,267,134
2015,100,0.05,Quantile,15,267,129
2015,100,0.05,Quantile,16,266,129
2016,1,1.0,EW,1,0,0
2016,1,1.0,EW,2,12,2
2016,1,1.0,EW,3,90,9
2016,1,1.0,EW,4,266,39
2016,1,1.0,EW,5,595,161
2016,1,1.0,EW,6,808,283
2016,1,1.0,EW,7,767,397
2016,1,1.0,EW,8,695,434
2016,1,1.0,EW,9,442,342
2016,1,1.0,EW,10,324,262
2016,1,1.0,EW,11,170,132
2016,1,1.0,EW,12,38,30
2016,1,1.0,EW,13,27,26
2016,1,1.0,EW,14,0,0
2016,1,1.0,EW,15,0,0
2016,1,1.0,EW,16,0,0
2016,1,1.0,Quantile,1,265,38
2016,1,1.0,Quantile,2,265,61
2016,1,1.0,Quantile,3,264,60
2016,1,1.0,Quantile,4,265,82
2016,1,1.0,Quantile,5,265,77
2016,1,1.0,Quantile,6,264,103
2016,1,1.0,Quantile,7,265,113
2016,1,1.0,Quantile,8,264,118
2016,1,1.0,Quantile,9,265,134
2016,1,1.0,Quantile,10,265,174
2016,1,1.0,Quantile,11,264,177
2016,1,1.0,Quantile,12,265,155
2016,1,1.0,Quantile,13,265,198
2016,1,1.0,Quantile,14,264,202
2016,1,1.0,Quantile,15,265,210
2016,1,1.0,Quantile,16,264,215
2016,1,0.05,EW,1,0,0
2016,1,0.05,EW,2,0,0
2016,1,0.05,EW,3,0,0
2016,1,0.05,EW,4,14,10
2016,1,0.05,EW,5,249,119
2016,1,0.05,EW,6,907,469
2016,1,0.05,EW,7,1710,846
2016,1,0.05,EW,8,997,500
2016,1,0.05,EW,9,307,141
2016,1,0.05,EW,10,48,32
2016,1,0.05,EW,11,2,0
2016,1,0.05,EW,12,0,0
2016,1,0.05,EW,13,0,0
2016,1,0.05,EW,14,0,0
2016,1,0.05,EW,15,0,0
2016,1,0.05,EW,16,0,0
2016,1,0.05,Quantile,1,265,130
2016,1,0.05,Quantile,2,265,129
2016,1,0.05,Quantile,3,264,148
2016,1,0.05,Quantile,4,265,123
2016,1,0.05,Quantile,5,265,153
2016,1,0.05,Quantile,6,264,116
2016,1,0.05,Quantile,7,265,147
2016,1,0.05,Quantile,8,264,135
2016,1,0.05,Quantile,9,265,134
2016,1,0.05,Quantile,10,265,122
2016,1,0.05,Quantile,11,264,119
2016,1,0.05,Quantile,12,265,122
2016,1,0.05,Quantile,13,265,137
2016,1,0.05,Quantile,14,264,147
2016,1,0.05,Quantile,15,265,128
2016,1,0.05,Quantile,16,264,127
2016,2,1.0,EW,1,0,0
2016,2,1.0,EW,2,16,2
2016,2,1.0,EW,3,61,13
2016,2,1.0,EW,4,324,70
2016,2,1.0,EW,5,576,141
2016,2,1.0,EW,6,760,243
2016,2,1.0,EW,7,670,326
2016,2,1.0,EW,8,804,557
2016,2,1.0,EW,9,557,406
2016,2,1.0,EW,10,286,212
2016,2,1.0,EW,11,114,95
2016,2,1.0,EW,12,51,38
2016,2,1.0,EW,13,14,14
2016,2,1.0,EW,14,1,0
2016,2,1.0,EW,15,0,0
2016,2,1.0,EW,16,0,0
2016,2,1.0,Quantile,1,265,57
2016,2,1.0,Quantile,2,265,41
2016,2,1.0,Quantile,3,264,70
2016,2,1.0,Quantile,4,265,71
2016,2,1.0,Quantile,5,265,78
2016,2,1.0,Quantile,6,264,93
2016,2,1.0,Quantile,7,265,106
2016,2,1.0,Quantile,8,264,116
2016,2,1.0,Quantile,9,265,146
2016,2,1.0,Quantile,10,265,168
2016,2,1.0,Quantile,11,264,195
2016,2,1.0,Quantile,12,265,186
2016,2,1.0,Quantile,13,265,182
2016,2,1.0,Quantile,14,264,191
2016,2,1.0,Quantile,15,265,207
2016,2,1.0,Quantile,16,264,210
2016,2,0.05,EW,1,0,0
2016,2,0.05,EW,2,0,0
2016,2,0.05,EW,3,0,0
2016,2,0.05,EW,4,13,11
2016,2,0.05,EW,5,185,90
2016,2,0.05,EW,6,1011,501
2016,2,0.05,EW,7,1646,838
2016,2,0.05,EW,8,1055,526
2016,2,0.05,EW,9,274,120
2016,2,0.05,EW,10,49,31
2016,2,0.05,EW,11,1,0
2016,2,0.05,EW,12,0,0
2016,2,0.05,EW,13,0,0
2016,2,0.05,EW,14,0,0
2016,2,0.05,EW,15,0,0
2016,2,0.05,EW,16,0,0
2016,2,0.05,Quantile,1,265,131
2016,2,0.05,Quantile,2,265,151
2016,2,0.05,Quantile,3,264,126
2016,2,0.05,Quantile,4,265,128
2016,2,0.05,Quantile,5,265,116
2016,2,0.05,Quantile,6,264,136
2016,2,0.05,Quantile,7,265,128
2016,2,0.05,Quantile,8,264,141
2016,2,0.05,Quantile,9,265,137
2016,2,0.05,Quantile,10,265,151
2016,2,0.05,Quantile,11,264,116
2016,2,0.05,Quantile,12,265,129
2016,2,0.05,Quantile,13,265,145
2016,2,0.05,Quantile,14,264,139
2016,2,0.05,Quantile,15,265,121
2016,2,0.05,Quantile,16,264,122
2016,3,1.0,EW,1,0,0
2016,3,1.0,EW,2,26,0
2016,3,1.0,EW,3,38,10
2016,3,1.0,EW,4,259,52
2016,3,1.0,EW,5,632,135
2016,3,1.0,EW,6,762,288
2016,3,1.0,EW,7,804,439
2016,3,1.0,EW,8,739,462
2016,3,1.0,EW,9,481,336
2016,3,1.0,EW,10,327,257
2016,3,1.0,EW,11,106,88
2016,3,1.0,EW,12,31,26
2016,3,1.0,EW,13,29,24
2016,3,1.0,EW,14,0,0
2016,3,1.0,EW,15,0,0
2016,3,1.0,EW,16,0,0
2016,3,1.0,Quantile,1,265,43
2016,3,1.0,Quantile,2,265,55
2016,3,1.0,Quantile,3,264,53
2016,3,1.0,Quantile,4,265,89
2016,3,1.0,Quantile,5,265,102
2016,3,1.0,Quantile,6,264,85
2016,3,1.0,Quantile,7,265,130
2016,3,1.0,Quantile,8,264,140
2016,3,1.0,Quantile,9,265,150
2016,3,1.0,Quantile,10,265,142
2016,3,1.0,Quantile,11,264,159
2016,3,1.0,Quantile,12,265,182
2016,3,1.0,Quantile,13,265,182
2016,3,1.0,Quantile,14,264,185
2016,3,1.0,Quantile,15,265,209
2016,3,1.0,Quantile,16,264,211
2016,3,0.05,EW,1,0,0
2016,3,0.05,EW,2,0,0
2016,3,0.05,EW,3,0,0
2016,3,0.05,EW,4,5,5
2016,3,0.05,EW,5,228,114
2016,3,0.05,EW,6,908,479
2016,3,0.05,EW,7,1658,833
2016,3,0.05,EW,8,1176,579
2016,3,0.05,EW,9,216,81
2016,3,0.05,EW,10,39,26
2016,3,0.05,EW,11,4,0
2016,3,0.05,EW,12,0,0
2016,3,0.05,EW,13,0,0
2016,3,0.05,EW,14,0,0
2016,3,0.05,EW,15,0,0
2016,3,0.05,EW,16,0,0
2016,3,0.05,Quantile,1,265,132
2016,3,0.05,Quantile,2,265,123
2016,3,0.05,Quantile,3,264,143
2016,3,0.05,Quantile,4,265,151
2016,3,0.05,Quantile,5,265,140
2016,3,0.05,Quantile,6,264,134
2016,3,0.05,Quantile,7,265,131
2016,3,0.05,Quantile,8,264,128
2016,3,0.05,Quantile,9,265,124
2016,3,0.05,Quantile,10,265,140
2016,3,0.05,Quantile,11,264,130
2016,3,0.05,Quantile,12,265,151
2016,3,0.05,Quantile,13,265,148
2016,3,0.05,Quantile,14,264,122
2016,3,0.05,Quantile,15,265,111
2016,3,0.05,Quantile,16,264,109
2016,4,1.0,EW,1,0,0
2016,4,1.0,EW,2,18,2
2016,4,1.0,EW,3,48,6
2016,4,1.0,EW,4,264,59
2016,4,1.0,EW,5,571,148
2016,4,1.0,EW,6,886,305
2016,4,1.0,EW,7,777,426
2016,4,1.0,EW,8,679,403
2016,4,1.0,EW,9,505,378
2016,4,1.0,EW,10,283,235
2016,4,1.0,EW,11,141,104
2016,4,1.0,EW,12,50,42
2016,4,1.0,EW,13,6,6
2016,4,1.0,EW,14,5,3
2016,4,1.0,EW,15,1,0
2016,4,1.0,EW,16,0,0
2016,4,1.0,Quantile,1,265,50
2016,4,1.0,Quantile,2,265,47
2016,4,1.0,Quantile,3,264,80
2016,4,1.0,Quantile,4,265,89
2016,4,1.0,Quantile,5,265,108
2016,4,1.0,Quantile,6,264,91
2016,4,1.0,Quantile,7,265,77
2016,4,1.0,Quantile,8,264,130
2016,4,1.0,Quantile,9,265,146
2016,4,1.0,Quantile,10,265,176
2016,4,1.0,Quantile,11,264,143
2016,4,1.0,Quantile,12,265,163
2016,4,1.0,Quantile,13,265,200
2016,4,1.0,Quantile,14,264,188
2016,4,1.0,Quantile,15,265,219
2016,4,1.0,Quantile,16,264,210
2016,4,0.05,EW,1,0,0
2016,4,0.05,EW,2,0,0
2016,4,0.05,EW,3,0,0
2016,4,0.05,EW,4,20,11
2016,4,0.05,EW,5,214,94
2016,4,0.05,EW,6,905,460
2016,4,0.05,EW,7,1678,845
2016,4,0.05,EW,8,1178,614
2016,4,0.05,EW,9,203,71
2016,4,0.05,EW,10,35,22
2016,4,0.05,EW,11,1,0
2016,4,0.05,EW,12,0,0
2016,4,0.05,EW,13,0,0
2016,4,0.05,EW,14,0,0
2016,4,0.05,EW,15,0,0
2016,4,0.05,EW,16,0,0
2016,4,0.05,Quantile,1,265,121
2016,4,0.05,Quantile,2,265,156
2016,4,0.05,Quantile,3,264,106
2016,4,0.05,Quantile,4,265,138
2016,4,0.05,Quantile,5,265,142
2016,4,0.05,Quantile,6,264,139
2016,4,0.05,Quantile,7,265,136
2016,4,0.05,Quantile,8,264,133
2016,4,0.05,Quantile,9,265,137
2016,4,0.05,Quantile,10,265,119
2016,4,0.05,Quantile,11,264,129
2016,4,0.05,Quantile,12,265,160
2016,4,0.05,Quantile,13,265,145
2016,4,0.05,Quantile,14,264,141
2016,4,0.05,Quantile,15,265,110
2016,4,0.05,Quantile,16,264,105
2016,5,1.0,EW,1,0,0
2016,5,1.0,EW,2,3,1
2016,5,1.0,EW,3,103,12
2016,5,1.0,EW,4,323,56
2016,5,1.0,EW,5,569,137
2016,5,1.0,EW,6,711,261
2016,5,1.0,EW,7,765,413
2016,5,1.0,EW,8,754,464
2016,5,1.0,EW,9,497,365
2016,5,1.0,EW,10,280,213
2016,5,1.0,EW,11,170,148
2016,5,1.0,EW,12,38,27
2016,5,1.0,EW,13,21,20
2016,5,1.0,EW,14,0,0
2016,5,1.0,EW,15,0,0
2016,5,1.0,EW,16,0,0
2016,5,1.0,Quantile,1,265,34
2016,5,1.0,Quantile,2,265,62
2016,5,1.0,Quantile,3,264,51
2016,5,1.0,Quantile,4,265,80
2016,5,1.0,Quantile,5,265,91
2016,5,1.0,Quantile,6,264,99
2016,5,1.0,Quantile,7,265,106
2016,5,1.0,Quantile,8,264,149
2016,5,1.0,Quantile,9,265,151
2016,5,1.0,Quantile,10,265,143
2016,5,1.0,Quantile,11,264,147
2016,5,1.0,Quantile,12,265,206
2016,5,1.0,Quantile,13,265,156
2016,5,1.0,Quantile,14,264,219
2016,5,1.0,Quantile,15,265,195
2016,5,1.0,Quantile,16,264,228
2016,5,0.05,EW,1,0,0
2016,5,0.05,EW,2,0,0
2016,5,0.05,EW,3,0,0
2016,5,0.05,EW,4,25,10
2016,5,0.05,EW,5,219,107
2016,5,0.05,EW,6,1001,481
2016,5,0.05,EW,7,1532,796
2016,5,0.05,EW,8,1146,578
2016,5,0.05,EW,9,273,129
2016,5,0.05,EW,10,37,16
2016,5,0.05,EW,11,1,0
2016,5,0.05,EW,12,0,0
2016,5,0.05,EW,13,0,0
2016,5,0.05,EW,14,0,0
2016,5,0.05,EW,15,0,0
2016,5,0.05,EW,16,0,0
2016,5,0.05,Quantile,1,265,128
2016,5,0.05,Quantile,2,265,146
2016,5,0.05,Quantile,3,264,123
2016,5,0.05,Quantile,4,265,109
2016,5,0.05,Quantile,5,265,136
2016,5,0.05,Quantile,6,264,153
2016,5,0.05,Quantile,7,265,138
2016,5,0.05,Quantile,8,264,116
2016,5,0.05,Quantile,9,265,130
2016,5,0.05,Quantile,10,265,147
2016,5,0.05,Quantile,11,264,133
2016,5,0.05,Quantile,12,265,136
2016,5,0.05,Quantile,13,265,127
2016,5,0.05,Quantile,14,264,150
2016,5,0.05,Quantile,15,265,123
2016,5,0.05,Quantile,16,264,122
2016,6,1.0,EW,1,0,0
2016,6,1.0,EW,2,14,0
2016,6,1.0,EW,3,110,10
2016,6,1.0,EW,4,256,49
2016,6,1.0,EW,5,529,130
2016,6,1.0,EW,6,775,276
2016,6,1.0,EW,7,844,432
2016,6,1.0,EW,8,674,428
2016,6,1.0,EW,9,593,456
2016,6,1.0,EW,10,251,184
2016,6,1.0,EW,11,143,121
2016,6,1.0,EW,12,44,31
2016,6,1.0,EW,13,1,0
2016,6,1.0,EW,14,0,0
2016,6,1.0,EW,15,0,0
2016,6,1.0,EW,16,0,0
2016,6,1.0,Quantile,1,265,28
2016,6,1.0,Quantile,2,265,64
2016,6,1.0,Quantile,3,264,71
2016,6,1.0,Quantile,4,265,75
2016,6,1.0,Quantile,5,265,95
2016,6,1.0,Quantile,6,264,83
2016,6,1.0,Quantile,7,265,128
2016,6,1.0,Quantile,8,264,147
2016,6,1.0,Quantile,9,265,142
2016,6,1.0,Quantile,10,265,137
2016,6,1.0,Quantile,11,264,170
2016,6,1.0,Quantile,12,265,163
2016,6,1.0,Quantile,13,265,204
2016,6,1.0,Quantile,14,264,206
2016,6,1.0,Quantile,15,265,187
2016,6,1.0,Quantile,16,264,217
2016,6,0.05,EW,1,0,0
2016,6,0.05,EW,2,0,0
2016,6,0.05,EW,3,0,0
2016,6,0.05,EW,4,22,9
2016,6,0.05,EW,5,223,121
2016,6,0.05,EW,6,1035,497
2016,6,0.05,EW,7,1538,756
2016,6,0.05,EW,8,1036,541
2016,6,0.05,EW,9,321,169
2016,6,0.05,EW,10,59,24
2016,6,0.05,EW,11,0,0
2016,6,0.05,EW,12,0,0
2016,6,0.05,EW,13,0,0
2016,6,0.05,EW,14,0,0
2016,6,0.05,EW,15,0,0
2016,6,0.05,EW,16,0,0
2016,6,0.05,Quantile,1,265,143
2016,6,0.05,Quantile,2,265,123
2016,6,0.05,Quantile,3,264,116
2016,6,0.05,Quantile,4,265,134
2016,6,0.05,Quantile,5,265,132
2016,6,0.05,Quantile,6,264,145
2016,6,0.05,Quantile,7,265,129
2016,6,0.05,Quantile,8,264,149
2016,6,0.05,Quantile,9,265,124
2016,6,0.05,Quantile,10,265,123
2016,6,0.05,Quantile,11,264,117
2016,6,0.05,Quantile,12,265,147
2016,6,0.05,Quantile,13,265,142
2016,6,0.05,Quantile,14,264,124
2016,6,0.05,Quantile,15,265,140
2016,6,0.05,Quantile,16,264,129
2016,7,1.0,EW,1,0,0
2016,7,1.0,EW,2,8,0
2016,7,1.0,EW,3,80,12
2016,7,1.0,EW,4,322,44
2016,7,1.0,EW,5,494,144
2016,7,1.0,EW,6,796,306
2016,7,1.0,EW,7,823,370
2016,7,1.0,EW,8,731,510
2016,7,1.0,EW,9,494,339
2016,7,1.0,EW,10,326,260
2016,7,1.0,EW,11,120,97
2016,7,1.0,EW,12,28,25
2016,7,1.0,EW,13,3,2
2016,7,1.0,EW,14,9,8
2016,7,1.0,EW,15,0,0
2016,7,1.0,EW,16,0,0
2016,7,1.0,Quantile,1,265,35
2016,7,1.0,Quantile,2,265,55
2016,7,1.0,Quantile,3,264,73
2016,7,1.0,Quantile,4,265,80
2016,7,1.0,Quantile,5,265,94
2016,7,1.0,Quantile,6,264,116
2016,7,1.0,Quantile,7,265,117
2016,7,1.0,Quantile,8,264,96
2016,7,1.0,Quantile,9,265,119
2016,7,1.0,Quantile,10,265,186
2016,7,1.0,Quantile,11,264,150
2016,7,1.0,Quantile,12,265,202
2016,7,1.0,Quantile,13,265,177
2016,7,1.0,Quantile,14,264,190
2016,7,1.0,Quantile,15,265,213
2016,7,1.0,Quantile,16,264,214
2016,7,0.05,EW,1,0,0
2016,7,0.05,EW,2,0,0
2016,7,0.05,EW,3,1,1
2016,7,0.05,EW,4,6,3
2016,7,0.05,EW,5,203,114
2016,7,0.05,EW,6,1027,475
2016,7,0.05,EW,7,1544,814
2016,7,0.05,EW,8,1157,583
2016,7,0.05,EW,9,280,124
2016,7,0.05,EW,10,16,3
2016,7,0.05,EW,11,0,0
2016,7,0.05,EW,12,0,0
2016,7,0.05,EW,13,0,0
2016,7,0.05,EW,14,0,0
2016,7,0.05,EW,15,0,0
2016,7,0.05,EW,16,0,0
2016,7,0.05,Quantile,1,265,150
2016,7,0.05,Quantile,2,265,109
2016,7,0.05,Quantile,3,264,136
2016,7,0.05,Quantile,4,265,114
2016,7,0.05,Quantile,5,265,121
2016,7,0.05,Quantile,6,264,130
2016,7,0.05,Quantile,7,265,149
2016,7,0.05,Quantile,8,264,162
2016,7,0.05,Quantile,9,265,131
2016,7,0.05,Quantile,10,265,136
2016,7,0.05,Quantile,11,264,134
2016,7,0.05,Quantile,12,265,136
2016,7,0.05,Quantile,13,265,130
2016,7,0.05,Quantile,14,264,137
2016,7,0.05,Quantile,15,265,124
2016,7,0.05,Quantile,16,264,118
2016,8,1.0,EW,1,0,0
2016,8,1.0,EW,2,51,4
2016,8,1.0,EW,3,72,3
2016,8,1.0,EW,4,224,47
2016,8,1.0,EW,5,483,122
2016,8,1.0,EW,6,811,329
2016,8,1.0,EW,7,847,395
2016,8,1.0,EW,8,787,485
2016,8,1.0,EW,9,550,409
2016,8,1.0,EW,10,260,205
2016,8,1.0,EW,11,88,64
2016,8,1.0,EW,12,42,38
2016,8,1.0,EW,13,19,16
2016,8,1.0,EW,14,0,0
2016,8,1.0,EW,15,0,0
2016,8,1.0,EW,16,0,0
2016,8,1.0,Quantile,1,265,41
2016,8,1.0,Quantile,2,265,45
2016,8,1.0,Quantile,3,264,75
2016,8,1.0,Quantile,4,265,100
2016,8,1.0,Quantile,5,265,107
2016,8,1.0,Quantile,6,264,115
2016,8,1.0,Quantile,7,265,117
2016,8,1.0,Quantile,8,264,93
2016,8,1.0,Quantile,9,265,157
2016,8,1.0,Quantile,10,265,145
2016,8,1.0,Quantile,11,264,171
2016,8,1.0,Quantile,12,265,159
2016,8,1.0,Quantile,13,265,180
2016,8,1.0,Quantile,14,264,206
2016,8,1.0,Quantile,15,265,193
2016,8,1.0,Quantile,16,264,213
2016,8,0.05,EW,1,0,0
2016,8,0.05,EW,2,0,0
2016,8,0.05,EW,3,0,0
2016,8,0.05,EW,4,20,14
2016,8,0.05,EW,5,201,84
2016,8,0.05,EW,6,957,505
2016,8,0.05,EW,7,1698,845
2016,8,0.05,EW,8,1058,544
2016,8,0.05,EW,9,267,110
2016,8,0.05,EW,10,33,15
2016,8,0.05,EW,11,0,0
2016,8,0.05,EW,12,0,0
2016,8,0.05,EW,13,0,0
2016,8,0.05,EW,14,0,0
2016,8,0.05,EW,15,0,0
2016,8,0.05,EW,16,0,0
2016,8,0.05,Quantile,1,265,120
2016,8,0.05,Quantile,2,265,146
2016,8,0.05,Quantile,3,264,149
2016,8,0.05,Quantile,4,265,126
2016,8,0.05,Quantile,5,265,120
2016,8,0.05,Quantile,6,264,142
2016,8,0.05,Quantile,7,265,161
2016,8,0.05,Quantile,8,264,127
2016,8,0.05,Quantile,9,265,127
2016,8,0.05,Quantile,10,265,130
2016,8,0.05,Quantile,11,264,115
2016,8,0.05,Quantile,12,265,132
2016,8,0.05,Quantile,13,265,123
2016,8,0.05,Quantile,14,264,147
2016,8,0.05,Quantile,15,265,147
2016,8,0.05,Quantile,16,264,105
2016,9,1.0,EW,1,0,0
2016,9,1.0,EW,2,8,0
2016,9,1.0,EW,3,90,12
2016,9,1.0,EW,4,226,42
2016,9,1.0,EW,5,587,162
2016,9,1.0,EW,6,767,269
2016,9,1.0,EW,7,805,421
2016,9,1.0,EW,8,785,480
2016,9,1.0,EW,9,598,425
2016,9,1.0,EW,10,196,158
2016,9,1.0,EW,11,115,101
2016,9,1.0,EW,12,28,22
2016,9,1.0,EW,13,28,25
2016,9,1.0,EW,14,1,0
2016,9,1.0,EW,15,0,0
2016,9,1.0,EW,16,0,0
2016,9,1.0,Quantile,1,265,35
2016,9,1.0,Quantile,2,265,66
2016,9,1.0,Quantile,3,264,68
2016,9,1.0,Quantile,4,265,95
2016,9,1.0,Quantile,5,265,83
2016,9,1.0,Quantile,6,264,105
2016,9,1.0,Quantile,7,265,100
2016,9,1.0,Quantile,8,264,127
2016,9,1.0,Quantile,9,265,164
2016,9,1.0,Quantile,10,265,158
2016,9,1.0,Quantile,11,264,145
2016,9,1.0,Quantile,12,265,174
2016,9,1.0,Quantile,13,265,186
2016,9,1.0,Quantile,14,264,191
2016,9,1.0,Quantile,15,265,190
2016,9,1.0,Quantile,16,264,230
2016,9,0.05,EW,1,0,0
2016,9,0.05,EW,2,0,0
2016,9,0.05,EW,3,0,0
2016,9,0.05,EW,4,11,4
2016,9,0.05,EW,5,245,136
2016,9,0.05,EW,6,962,433
2016,9,0.05,EW,7,1601,870
2016,9,0.05,EW,8,1098,510
2016,9,0.05,EW,9,275,143
2016,9,0.05,EW,10,42,21
2016,9,0.05,EW,11,0,0
2016,9,0.05,EW,12,0,0
2016,9,0.05,EW,13,0,0
2016,9,0.05,EW,14,0,0
2016,9,0.05,EW,15,0,0
2016,9,0.05,EW,16,0,0
2016,9,0.05,Quantile,1,265,143
2016,9,0.05,Quantile,2,265,131
2016,9,0.05,Quantile,3,264,123
2016,9,0.05,Quantile,4,265,108
2016,9,0.05,Quantile,5,265,120
2016,9,0.05,Quantile,6,264,162
2016,9,0.05,Quantile,7,265,158
2016,9,0.05,Quantile,8,264,155
2016,9,0.05,Quantile,9,265,136
2016,9,0.05,Quantile,10,265,123
2016,9,0.05,Quantile,11,264,118
2016,9,0.05,Quantile,12,265,108
2016,9,0.05,Quantile,13,265,138
2016,9,0.05,Quantile,14,264,130
2016,9,0.05,Quantile,15,265,133
2016,9,0.05,Quantile,16,264,131
2016,10,1.0,EW,1,0,0
2016,10,1.0,EW,2,12,1
2016,10,1.0,EW,3,91,13
2016,10,1.0,EW,4,245,47
2016,10,1.0,EW,5,550,142
2016,10,1.0,EW,6,764,291
2016,10,1.0,EW,7,960,483
2016,10,1.0,EW,8,633,372
2016,10,1.0,EW,9,480,365
2016,10,1.0,EW,10,305,247
2016,10,1.0,EW,11,150,123
2016,10,1.0,EW,12,13,11
2016,10,1.0,EW,13,18,16
2016,10,1.0,EW,14,8,6
2016,10,1.0,EW,15,5,0
2016,10,1.0,EW,16,0,0
2016,10,1.0,Quantile,1,265,48
2016,10,1.0,Quantile,2,265,58
2016,10,1.0,Quantile,3,264,74
2016,10,1.0,Quantile,4,265,72
2016,10,1.0,Quantile,5,265,103
2016,10,1.0,Quantile,6,264,105
2016,10,1.0,Quantile,7,265,131
2016,10,1.0,Quantile,8,264,120
2016,10,1.0,Quantile,9,265,123
2016,10,1.0,Quantile,10,265,155
2016,10,1.0,Quantile,11,264,156
2016,10,1.0,Quantile,12,265,156
2016,10,1.0,Quantile,13,265,194
2016,10,1.0,Quantile,14,264,194
2016,10,1.0,Quantile,15,265,214
2016,10,1.0,Quantile,16,264,214
2016,10,0.05,EW,1,0,0
2016,10,0.05,EW,2,0,0
2016,10,0.05,EW,3,3,3
2016,10,0.05,EW,4,32,9
2016,10,0.05,EW,5,206,96
2016,10,0.05,EW,6,948,469
2016,10,0.05,EW,7,1618,879
2016,10,0.05,EW,8,1137,526
2016,10,0.05,EW,9,238,106
2016,10,0.05,EW,10,46,26
2016,10,0.05,EW,11,6,3
2016,10,0.05,EW,12,0,0
2016,10,0.05,EW,13,0,0
2016,10,0.05,EW,14,0,0
2016,10,0.05,EW,15,0,0
2016,10,0.05,EW,16,0,0
2016,10,0.05,Quantile,1,265,116
2016,10,0.05,Quantile,2,265,142
2016,10,0.05,Quantile,3,264,126
2016,10,0.05,Quantile,4,265,122
2016,10,0.05,Quantile,5,265,132
2016,10,0.05,Quantile,6,264,119
2016,10,0.05,Quantile,7,265,148
2016,10,0.05,Quantile,8,264,148
2016,10,0.05,Quantile,9,265,166
2016,10,0.05,Quantile,10,265,160
2016,10,0.05,Quantile,11,264,126
2016,10,0.05,Quantile,12,265,119
2016,10,0.05,Quantile,13,265,122
2016,10,0.05,Quantile,14,264,130
2016,10,0.05,Quantile,15,265,119
2016,10,0.05,Quantile,16,264,122
2016,11,1.0,EW,1,0,0
2016,11,1.0,EW,2,18,0
2016,11,1.0,EW,3,89,4
2016,11,1.0,EW,4,226,34
2016,11,1.0,EW,5,559,155
2016,11,1.0,EW,6,795,315
2016,11,1.0,EW,7,886,441
2016,11,1.0,EW,8,696,431
2016,11,1.0,EW,9,518,397
2016,11,1.0,EW,10,310,230
2016,11,1.0,EW,11,55,40
2016,11,1.0,EW,12,52,45
2016,11,1.0,EW,13,27,25
2016,11,1.0,EW,14,3,0
2016,11,1.0,EW,15,0,0
2016,11,1.0,EW,16,0,0
2016,11,1.0,Quantile,1,265,26
2016,11,1.0,Quantile,2,265,58
2016,11,1.0,Quantile,3,264,77
2016,11,1.0,Quantile,4,265,74
2016,11,1.0,Quantile,5,265,104
2016,11,1.0,Quantile,6,264,133
2016,11,1.0,Quantile,7,265,96
2016,11,1.0,Quantile,8,264,128
2016,11,1.0,Quantile,9,265,147
2016,11,1.0,Quantile,10,265,141
2016,11,1.0,Quantile,11,264,148
2016,11,1.0,Quantile,12,265,185
2016,11,1.0,Quantile,13,265,182
2016,11,1.0,Quantile,14,264,214
2016,11,1.0,Quantile,15,265,203
2016,11,1.0,Quantile,16,264,201
2016,11,0.05,EW,1,0,0
2016,11,0.05,EW,2,0,0
2016,11,0.05,EW,3,0,0
2016,11,0.05,EW,4,29,15
2016,11,0.05,EW,5,194,78
2016,11,0.05,EW,6,989,521
2016,11,0.05,EW,7,1646,836
2016,11,0.05,EW,8,1034,476
2016,11,0.05,EW,9,290,163
2016,11,0.05,EW,10,49,28
2016,11,0.05,EW,11,3,0
2016,11,0.05,EW,12,0,0
2016,11,0.05,EW,13,0,0
2016,11,0.05,EW,14,0,0
2016,11,0.05,EW,15,0,0
2016,11,0.05,EW,16,0,0
2016,11,0.05,Quantile,1,265,116
2016,11,0.05,Quantile,2,265,153
2016,11,0.05,Quantile,3,264,136
2016,11,0.05,Quantile,4,265,130
2016,11,0.05,Quantile,5,265,133
2016,11,0.05,Quantile,6,264,129
2016,11,0.05,Quantile,7,265,135
2016,11,0.05,Quantile,8,264,128
2016,11,0.05,Quantile,9,265,127
2016,11,0.05,Quantile,10,265,139
2016,11,0.05,Quantile,11,264,150
2016,11,0.05,Quantile,12,265,121
2016,11,0.05,Quantile,13,265,119
2016,11,0.05,Quantile,14,264,114
2016,11,0.05,Quantile,15,265,149
2016,11,0.05,Quantile,16,264,138
2016,12,1.0,EW,1,1,1
2016,12,1.0,EW,2,27,1
2016,12,1.0,EW,3,107,11
2016,12,1.0,EW,4,262,60
2016,12,1.0,EW,5,614,122
2016,12,1.0,EW,6,669,259
2016,12,1.0,EW,7,757,368
2016,12,1.0,EW,8,748,488
2016,12,1.0,EW,9,542,404
2016,12,1.0,EW,10,338,267
2016,12,1.0,EW,11,128,100
2016,12,1.0,EW,12,28,24
2016,12,1.0,EW,13,13,12
2016,12,1.0,EW,14,0,0
2016,12,1.0,EW,15,0,0
2016,12,1.0,EW,16,0,0
2016,12,1.0,Quantile,1,265,39
2016,12,1.0,Quantile,2,265,61
2016,12,1.0,Quantile,3,264,50
2016,12,1.0,Quantile,4,265,60
2016,12,1.0,Quantile,5,265,106
2016,12,1.0,Quantile,6,264,97
2016,12,1.0,Quantile,7,265,111
2016,12,1.0,Quantile,8,264,101
2016,12,1.0,Quantile,9,265,162
2016,12,1.0,Quantile,10,265,179
2016,12,1.0,Quantile,11,264,161
2016,12,1.0,Quantile,12,265,177
2016,12,1.0,Quantile,13,265,185
2016,12,1.0,Quantile,14,264,206
2016,12,1.0,Quantile,15,265,212
2016,12,1.0,Quantile,16,264,210
2016,12,0.05,EW,1,0,0
2016,12,0.05,EW,2,0,0
2016,12,0.05,EW,3,1,1
2016,12,0.05,EW,4,26,6
2016,12,0.05,EW,5,172,87
2016,12,0.05,EW,6,948,516
2016,12,0.05,EW,7,1659,868
2016,12,0.05,EW,8,1137,511
2016,12,0.05,EW,9,272,124
2016,12,0.05,EW,10,19,4
2016,12,0.05,EW,11,0,0
2016,12,0.05,EW,12,0,0
2016,12,0.05,EW,13,0,0
2016,12,0.05,EW,14,0,0
2016,12,0.05,EW,15,0,0
2016,12,0.05,EW,16,0,0
2016,12,0.05,Quantile,1,265,133
2016,12,0.05,Quantile,2,265,145
2016,12,0.05,Quantile,3,264,143
2016,12,0.05,Quantile,4,265,142
2016,12,0.05,Quantile,5,265,135
2016,12,0.05,Quantile,6,264,127
2016,12,0.05,Quantile,7,265,134
2016,12,0.05,Quantile,8,264,119
2016,12,0.05,Quantile,9,265,159
2016,12,0.05,Quantile,10,265,161
2016,12,0.05,Quantile,11,264,125
2016,12,0.05,Quantile,12,265,135
2016,12,0.05,Quantile,13,265,108
2016,12,0.05,Quantile,14,264,108
2016,12,0.05,Quantile,15,265,126
2016,12,0.05,Quantile,16,264,117
2016,13,1.0,EW,1,0,0
2016,13,1.0,EW,2,25,1
2016,13,1.0,EW,3,92,8
2016,13,1.0,EW,4,276,44
2016,13,1.0,EW,5,545,141
2016,13,1.0,EW,6,775,287
2016,13,1.0,EW,7,768,403
2016,13,1.0,EW,8,752,468
2016,13,1.0,EW,9,513,384
2016,13,1.0,EW,10,307,232
2016,13,1.0,EW,11,138,118
2016,13,1.0,EW,12,31,20
2016,13,1.0,EW,13,12,11
2016,13,1.0,EW,14,0,0
2016,13,1.0,EW,15,0,0
2016,13,1.0,EW,16,0,0
2016,13,1.0,Quantile,1,265,40
2016,13,1.0,Quantile,2,265,45
2016,13,1.0,Quantile,3,264,77
2016,13,1.0,Quantile,4,265,56
2016,13,1.0,Quantile,5,265,99
2016,13,1.0,Quantile,6,264,124
2016,13,1.0,Quantile,7,265,95
2016,13,1.0,Quantile,8,264,125
2016,13,1.0,Quantile,9,265,162
2016,13,1.0,Quantile,10,265,166
2016,13,1.0,Quantile,11,264,165
2016,13,1.0,Quantile,12,265,165
2016,13,1.0,Quantile,13,265,182
2016,13,1.0,Quantile,14,264,201
2016,13,1.0,Quantile,15,265,205
2016,13,1.0,Quantile,16,264,210
2016,13,0.05,EW,1,0,0
2016,13,0.05,EW,2,0,0
2016,13,0.05,EW,3,0,0
2016,13,0.05,EW,4,30,20
2016,13,0.05,EW,5,208,103
2016,13,0.05,EW,6,957,478
2016,13,0.05,EW,7,1606,808
2016,13,0.05,EW,8,1114,547
2016,13,0.05,EW,9,278,137
2016,13,0.05,EW,10,41,24
2016,13,0.05,EW,11,0,0
2016,13,0.05,EW,12,0,0
2016,13,0.05,EW,13,0,0
2016,13,0.05,EW,14,0,0
2016,13,0.05,EW,15,0,0
2016,13,0.05,EW,16,0,0
2016,13,0.05,Quantile,1,265,135
2016,13,0.05,Quantile,2,265,125
2016,13,0.05,Quantile,3,264,122
2016,13,0.05,Quantile,4,265,150
2016,13,0.05,Quantile,5,265,129
2016,13,0.05,Quantile,6,264,125
2016,13,0.05,Quantile,7,265,121
2016,13,0.05,Quantile,8,264,146
2016,13,0.05,Quantile,9,265,139
2016,13,0.05,Quantile,10,265,143
2016,13,0.05,Quantile,11,264,141
2016,13,0.05,Quantile,12,265,148
2016,13,0.05,Quantile,13,265,128
2016,13,0.05,Quantile,14,264,119
2016,13,0.05,Quantile,15,265,120
2016,13,0.05,Quantile,16,264,126
2016,14,1.0,EW,1,0,0
2016,14,1.0,EW,2,1,1
2016,14,1.0,EW,3,108,5
2016,14,1.0,EW,4,253,49
2016,14,1.0,EW,5,598,151
2016,14,1.0,EW,6,746,283
2016,14,1.0,EW,7,812,395
2016,14,1.0,EW,8,728,476
2016,14,1.0,EW,9,518,378
2016,14,1.0,EW,10,276,226
2016,14,1.0,EW,11,158,126
2016,14,1.0,EW,12,16,10
2016,14,1.0,EW,13,18,17
2016,14,1.0,EW,14,2,0
2016,14,1.0,EW,15,0,0
2016,14,1.0,EW,16,0,0
2016,14,1.0,Quantile,1,265,26
2016,14,1.0,Quantile,2,265,77
2016,14,1.0,Quantile,3,264,72
2016,14,1.0,Quantile,4,265,72
2016,14,1.0,Quantile,5,265,103
2016,14,1.0,Quantile,6,264,74
2016,14,1.0,Quantile,7,265,136
2016,14,1.0,Quantile,8,264,135
2016,14,1.0,Quantile,9,265,108
2016,14,1.0,Quantile,10,265,166
2016,14,1.0,Quantile,11,264,162
2016,14,1.0,Quantile,12,265,174
2016,14,1.0,Quantile,13,265,197
2016,14,1.0,Quantile,14,264,195
2016,14,1.0,Quantile,15,265,208
2016,14,1.0,Quantile,16,264,212
2016,14,0.05,EW,1,0,0
2016,14,0.05,EW,2,0,0
2016,14,0.05,EW,3,0,0
2016,14,0.05,EW,4,9,9
2016,14,0.05,EW,5,193,91
2016,14,0.05,EW,6,1002,525
2016,14,0.05,EW,7,1653,797
2016,14,0.05,EW,8,1063,558
2016,14,0.05,EW,9,275,117
2016,14,0.05,EW,10,34,20
2016,14,0.05,EW,11,5,0
2016,14,0.05,EW,12,0,0
2016,14,0.05,EW,13,0,0
2016,14,0.05,EW,14,0,0
2016,14,0.05,EW,15,0,0
2016,14,0.05,EW,16,0,0
2016,14,0.05,Quantile,1,265,132
2016,14,0.05,Quantile,2,265,128
2016,14,0.05,Quantile,3,264,142
2016,14,0.05,Quantile,4,265,145
2016,14,0.05,Quantile,5,265,133
2016,14,0.05,Quantile,6,264,141
2016,14,0.05,Quantile,7,265,139
2016,14,0.05,Quantile,8,264,134
2016,14,0.05,Quantile,9,265,108
2016,14,0.05,Quantile,10,265,121
2016,14,0.05,Quantile,11,264,129
2016,14,0.05,Quantile,12,265,146
2016,14,0.05,Quantile,13,265,142
2016,14,0.05,Quantile,14,264,138
2016,14,0.05,Quantile,15,265,122
2016,14,0.05,Quantile,16,264,117
2016,15,1.0,EW,1,1,1
2016,15,1.0,EW,2,12,1
2016,15,1.0,EW,3,60,16
2016,15,1.0,EW,4,314,53
2016,15,1.0,EW,5,522,122
2016,15,1.0,EW,6,739,285
2016,15,1.0,EW,7,986,520
2016,15,1.0,EW,8,633,391
2016,15,1.0,EW,9,485,344
2016,15,1.0,EW,10,293,240
2016,15,1.0,EW,11,134,98
2016,15,1.0,EW,12,31,26
2016,15,1.0,EW,13,13,12
2016,15,1.0,EW,14,8,8
2016,15,1.0,EW,15,3,0
2016,15,1.0,EW,16,0,0
2016,15,1.0,Quantile,1,265,44
2016,15,1.0,Quantile,2,265,63
2016,15,1.0,Quantile,3,264,58
2016,15,1.0,Quantile,4,265,82
2016,15,1.0,Quantile,5,265,111
2016,15,1.0,Quantile,6,264,93
2016,15,1.0,Quantile,7,265,129
2016,15,1.0,Quantile,8,264,147
2016,15,1.0,Quantile,9,265,137
2016,15,1.0,Quantile,10,265,138
2016,15,1.0,Quantile,11,264,137
2016,15,1.0,Quantile,12,265,183
2016,15,1.0,Quantile,13,265,196
2016,15,1.0,Quantile,14,264,195
2016,15,1.0,Quantile,15,265,200
2016,15,1.0,Quantile,16,264,204
2016,15,0.05,EW,1,0,0
2016,15,0.05,EW,2,0,0
2016,15,0.05,EW,3,0,0
2016,15,0.05,EW,4,32,13
2016,15,0.05,EW,5,172,90
2016,15,0.05,EW,6,1033,550
2016,15,0.05,EW,7,1558,745
2016,15,0.05,EW,8,1123,576
2016,15,0.05,EW,9,279,126
2016,15,0.05,EW,10,36,17
2016,15,0.05,EW,11,1,0
2016,15,0.05,EW,12,0,0
2016,15,0.05,EW,13,0,0
2016,15,0.05,EW,14,0,0
2016,15,0.05,EW,15,0,0
2016,15,0.05,EW,16,0,0
2016,15,0.05,Quantile,1,265,136
2016,15,0.05,Quantile,2,265,118
2016,15,0.05,Quantile,3,264,154
2016,15,0.05,Quantile,4,265,159
2016,15,0.05,Quantile,5,265,128
2016,15,0.05,Quantile,6,264,106
2016,15,0.05,Quantile,7,265,101
2016,15,0.05,Quantile,8,264,134
2016,15,0.05,Quantile,9,265,140
2016,15,0.05,Quantile,10,265,151
2016,15,0.05,Quantile,11,264,131
2016,15,0.05,Quantile,12,265,132
2016,15,0.05,Quantile,13,265,149
2016,15,0.05,Quantile,14,264,143
2016,15,0.05,Quantile,15,265,120
2016,15,0.05,Quantile,16,264,115
2016,16,1.0,EW,1,0,0
2016,16,1.0,EW,2,11,0
2016,16,1.0,EW,3,89,11
2016,16,1.0,EW,4,257,42
2016,16,1.0,EW,5,590,141
2016,16,1.0,EW,6,740,280
2016,16,1.0,EW,7,822,424
2016,16,1.0,EW,8,813,530
2016,16,1.0,EW,9,439,298
2016,16,1.0,EW,10,247,200
2016,16,1.0,EW,11,156,131
2016,16,1.0,EW,12,49,45
2016,16,1.0,EW,13,12,7
2016,16,1.0,EW,14,9,8
2016,16,1.0,EW,15,0,0
2016,16,1.0,EW,16,0,0
2016,16,1.0,Quantile,1,265,31
2016,16,1.0,Quantile,2,265,68
2016,16,1.0,Quantile,3,264,54
2016,16,1.0,Quantile,4,265,78
2016,16,1.0,Quantile,5,265,112
2016,16,1.0,Quantile,6,264,81
2016,16,1.0,Quantile,7,265,127
2016,16,1.0,Quantile,8,264,141
2016,16,1.0,Quantile,9,265,135
2016,16,1.0,Quantile,10,265,156
2016,16,1.0,Quantile,11,264,160
2016,16,1.0,Quantile,12,265,176
2016,16,1.0,Quantile,13,265,199
2016,16,1.0,Quantile,14,264,174
2016,16,1.0,Quantile,15,265,205
2016,16,1.0,Quantile,16,264,220
2016,16,0.05,EW,1,0,0
2016,16,0.05,EW,2,0,0
2016,16,0.05,EW,3,0,0
2016,16,0.05,EW,4,3,3
2016,16,0.05,EW,5,198,121
2016,16,0.05,EW,6,1103,515
2016,16,0.05,EW,7,1518,784
2016,16,0.05,EW,8,1065,538
2016,16,0.05,EW,9,305,137
2016,16,0.05,EW,10,42,19
2016,16,0.05,EW,11,0,0
2016,16,0.05,EW,12,0,0
2016,16,0.05,EW,13,0,0
2016,16,0.05,EW,14,0,0
2016,16,0.05,EW,15,0,0
2016,16,0.05,EW,16,0,0
2016,16,0.05,Quantile,1,265,155
2016,16,0.05,Quantile,2,265,139
2016,16,0.05,Quantile,3,264,130
2016,16,0.05,Quantile,4,265,106
2016,16,0.05,Quantile,5,265,120
2016,16,0.05,Quantile,6,264,112
2016,16,0.05,Quantile,7,265,124
2016,16,0.05,Quantile,8,264,156
2016,16,0.05,Quantile,9,265,159
2016,16,0.05,Quantile,10,265,137
2016,16,0.05,Quantile,11,264,137
2016,16,0.05,Quantile,12,265,140
2016,16,0.05,Quantile,13,265,130
2016,16,0.05,Quantile,14,264,113
2016,16,0.05,Quantile,15,265,150
2016,16,0.05,Quantile,16,264,109
2016,17,1.0,EW,1,0,0
2016,17,1.0,EW,2,12,0
2016,17,1.0,EW,3,67,12
2016,17,1.0,EW,4,346,55
2016,17,1.0,EW,5,554,150
2016,17,1.0,EW,6,643,239
2016,17,1.0,EW,7,874,438
2016,17,1.0,EW,8,763,475
2016,17,1.0,EW,9,520,386
2016,17,1.0,EW,10,308,244
2016,17,1.0,EW,11,97,74
2016,17,1.0,EW,12,14,11
2016,17,1.0,EW,13,33,31
2016,17,1.0,EW,14,3,2
2016,17,1.0,EW,15,0,0
2016,17,1.0,EW,16,0,0
2016,17,1.0,Quantile,1,265,42
2016,17,1.0,Quantile,2,265,45
2016,17,1.0,Quantile,3,264,73
2016,17,1.0,Quantile,4,265,78
2016,17,1.0,Quantile,5,265,81
2016,17,1.0,Quantile,6,264,120
2016,17,1.0,Quantile,7,265,115
2016,17,1.0,Quantile,8,264,143
2016,17,1.0,Quantile,9,265,135
2016,17,1.0,Quantile,10,265,147
2016,17,1.0,Quantile,11,264,174
2016,17,1.0,Quantile,12,265,167
2016,17,1.0,Quantile,13,265,172
2016,17,1.0,Quantile,14,264,202
2016,17,1.0,Quantile,15,265,199
2016,17,1.0,Quantile,16,264,224
2016,17,0.05,EW,1,0,0
2016,17,0.05,EW,2,0,0
2016,17,0.05,EW,3,0,0
2016,17,0.05,EW,4,4,4
2016,17,0.05,EW,5,208,117
2016,17,0.05,EW,6,1033,527
2016,17,0.05,EW,7,1626,757
2016,17,0.05,EW,8,1004,532
2016,17,0.05,EW,9,321,173
2016,17,0.05,EW,10,38,7
2016,17,0.05,EW,11,0,0
2016,17,0.05,EW,12,0,0
2016,17,0.05,EW,13,0,0
2016,17,0.05,EW,14,0,0
2016,17,0.05,EW,15,0,0
2016,17,0.05,EW,16,0,0
2016,17,0.05,Quantile,1,265,153
2016,17,0.05,Quantile,2,265,114
2016,17,0.05,Quantile,3,264,152
2016,17,0.05,Quantile,4,265,131
2016,17,0.05,Quantile,5,265,138
2016,17,0.05,Quantile,6,264,134
2016,17,0.05,Quantile,7,265,122
2016,17,0.05,Quantile,8,264,131
2016,17,0.05,Quantile,9,265,115
2016,17,0.05,Quantile,10,265,112
2016,17,0.05,Quantile,11,264,123
2016,17,0.05,Quantile,12,265,152
2016,17,0.05,Quantile,13,265,154
2016,17,0.05,Quantile,14,264,129
2016,17,0.05,Quantile,15,265,133
2016,17,0.05,Quantile,16,264,124
2016,18,1.0,EW,1,0,0
2016,18,1.0,EW,2,15,5
2016,18,1.0,EW,3,98,5
2016,18,1.0,EW,4,268,51
2016,18,1.0,EW,5,517,135
2016,18,1.0,EW,6,798,276
2016,18,1.0,EW,7,781,405
2016,18,1.0,EW,8,726,452
2016,18,1.0,EW,9,585,448
2016,18,1.0,EW,10,259,193
2016,18,1.0,EW,11,157,126
2016,18,1.0,EW,12,19,10
2016,18,1.0,EW,13,11,11
2016,18,1.0,EW,14,0,0
2016,18,1.0,EW,15,0,0
2016,18,1.0,EW,16,0,0
2016,18,1.0,Quantile,1,265,37
2016,18,1.0,Quantile,2,265,49
2016,18,1.0,Quantile,3,264,67
2016,18,1.0,Quantile,4,265,99
2016,18,1.0,Quantile,5,265,87
2016,18,1.0,Quantile,6,264,97
2016,18,1.0,Quantile,7,265,100
2016,18,1.0,Quantile,8,264,140
2016,18,1.0,Quantile,9,265,144
2016,18,1.0,Quantile,10,265,152
2016,18,1.0,Quantile,11,264,175
2016,18,1.0,Quantile,12,265,167
2016,18,1.0,Quantile,13,265,185
2016,18,1.0,Quantile,14,264,213
2016,18,1.0,Quantile,15,265,199
2016,18,1.0,Quantile,16,264,206
2016,18,0.05,EW,1,0,0
2016,18,0.05,EW,2,0,0
2016,18,0.05,EW,3,3,1
2016,18,0.05,EW,4,13,5
2016,18,0.05,EW,5,159,78
2016,18,0.05,EW,6,962,560
2016,18,0.05,EW,7,1807,827
2016,18,0.05,EW,8,971,490
2016,18,0.05,EW,9,299,144
2016,18,0.05,EW,10,20,12
2016,18,0.05,EW,11,0,0
2016,18,0.05,EW,12,0,0
2016,18,0.05,EW,13,0,0
2016,18,0.05,EW,14,0,0
2016,18,0.05,EW,15,0,0
2016,18,0.05,EW,16,0,0
2016,18,0.05,Quantile,1,265,137
2016,18,0.05,Quantile,2,265,140
2016,18,0.05,Quantile,3,264,163
2016,18,0.05,Quantile,4,265,157
2016,18,0.05,Quantile,5,265,143
2016,18,0.05,Quantile,6,264,121
2016,18,0.05,Quantile,7,265,107
2016,18,0.05,Quantile,8,264,154
2016,18,0.05,Quantile,9,265,127
2016,18,0.05,Quantile,10,265,112
2016,18,0.05,Quantile,11,264,95
2016,18,0.05,Quantile,12,265,120
2016,18,0.05,Quantile,13,265,117
2016,18,0.05,Quantile,14,264,150
2016,18,0.05,Quantile,15,265,149
2016,18,0.05,Quantile,16,264,125
2016,19,1.0,EW,1,0,0
2016,19,1.0,EW,2,23,2
2016,19,1.0,EW,3,104,14
2016,19,1.0,EW,4,244,50
2016,19,1.0,EW,5,623,119
2016,19,1.0,EW,6,672,263
2016,19,1.0,EW,7,892,416
2016,19,1.0,EW,8,646,430
2016,19,1.0,EW,9,527,407
2016,19,1.0,EW,10,299,249
2016,19,1.0,EW,11,116,91
2016,19,1.0,EW,12,58,51
2016,19,1.0,EW,13,13,10
2016,19,1.0,EW,14,17,15
2016,19,1.0,EW,15,0,0
2016,19,1.0,EW,16,0,0
2016,19,1.0,Quantile,1,265,41
2016,19,1.0,Quantile,2,265,61
2016,19,1.0,Quantile,3,264,47
2016,19,1.0,Quantile,4,265,47
2016,19,1.0,Quantile,5,265,102
2016,19,1.0,Quantile,6,264,113
2016,19,1.0,Quantile,7,265,134
2016,19,1.0,Quantile,8,264,108
2016,19,1.0,Quantile,9,265,117
2016,19,1.0,Quantile,10,265,147
2016,19,1.0,Quantile,11,264,171
2016,19,1.0,Quantile,12,265,188
2016,19,1.0,Quantile,13,265,186
2016,19,1.0,Quantile,14,264,219
2016,19,1.0,Quantile,15,265,223
2016,19,1.0,Quantile,16,264,213
2016,19,0.05,EW,1,0,0
2016,19,0.05,EW,2,0,0
2016,19,0.05,EW,3,1,1
2016,19,0.05,EW,4,15,7
2016,19,0.05,EW,5,229,124
2016,19,0.05,EW,6,971,465
2016,19,0.05,EW,7,1597,828
2016,19,0.05,EW,8,1079,530
2016,19,0.05,EW,9,313,155
2016,19,0.05,EW,10,26,7
2016,19,0.05,EW,11,3,0
2016,19,0.05,EW,12,0,0
2016,19,0.05,EW,13,0,0
2016,19,0.05,EW,14,0,0
2016,19,0.05,EW,15,0,0
2016,19,0.05,EW,16,0,0
2016,19,0.05,Quantile,1,265,146
2016,19,0.05,Quantile,2,265,119
2016,19,0.05,Quantile,3,264,132
2016,19,0.05,Quantile,4,265,115
2016,19,0.05,Quantile,5,265,146
2016,19,0.05,Quantile,6,264,139
2016,19,0.05,Quantile,7,265,111
2016,19,0.05,Quantile,8,264,145
2016,19,0.05,Quantile,9,265,134
2016,19,0.05,Quantile,10,265,151
2016,19,0.05,Quantile,11,264,139
2016,19,0.05,Quantile,12,265,142
2016,19,0.05,Quantile,13,265,136
2016,19,0.05,Quantile,14,264,122
2016,19,0.05,Quantile,15,265,117
2016,19,0.05,Quantile,16,264,123
2016,20,1.0,EW,1,0,0
2016,20,1.0,EW,2,10,1
2016,20,1.0,EW,3,55,11
2016,20,1.0,EW,4,340,63
2016,20,1.0,EW,5,545,136
2016,20,1.0,EW,6,717,292
2016,20,1.0,EW,7,832,395
2016,20,1.0,EW,8,766,495
2016,20,1.0,EW,9,514,379
2016,20,1.0,EW,10,313,239
2016,20,1.0,EW,11,105,78
2016,20,1.0,EW,12,5,3
2016,20,1.0,EW,13,18,17
2016,20,1.0,EW,14,14,8
2016,20,1.0,EW,15,0,0
2016,20,1.0,EW,16,0,0
2016,20,1.0,Quantile,1,265,59
2016,20,1.0,Quantile,2,265,39
2016,20,1.0,Quantile,3,264,73
2016,20,1.0,Quantile,4,265,65
2016,20,1.0,Quantile,5,265,100
2016,20,1.0,Quantile,6,264,130
2016,20,1.0,Quantile,7,265,107
2016,20,1.0,Quantile,8,264,118
2016,20,1.0,Quantile,9,265,145
2016,20,1.0,Quantile,10,265,155
2016,20,1.0,Quantile,11,264,173
2016,20,1.0,Quantile,12,265,184
2016,20,1.0,Quantile,13,265,170
2016,20,1.0,Quantile,14,264,199
2016,20,1.0,Quantile,15,265,197
2016,20,1.0,Quantile,16,264,203
2016,20,0.05,EW,1,0,0
2016,20,0.05,EW,2,0,0
2016,20,0.05,EW,3,0,0
2016,20,0.05,EW,4,4,4
2016,20,0.05,EW,5,172,92
2016,20,0.05,EW,6,1060,551
2016,20,0.05,EW,7,1604,787
2016,20,0.05,EW,8,1069,514
2016,20,0.05,EW,9,285,154
2016,20,0.05,EW,10,38,15
2016,20,0.05,EW,11,2,0
2016,20,0.05,EW,12,0,0
2016,20,0.05,EW,13,0,0
2016,20,0.05,EW,14,0,0
2016,20,0.05,EW,15,0,0
2016,20,0.05,EW,16,0,0
2016,20,0.05,Quantile,1,265,149
2016,20,0.05,Quantile,2,265,128
2016,20,0.05,Quantile,3,264,137
2016,20,0.05,Quantile,4,265,139
2016,20,0.05,Quantile,5,265,130
2016,20,0.05,Quantile,6,264,110
2016,20,0.05,Quantile,7,265,112
2016,20,0.05,Quantile,8,264,123
2016,20,0.05,Quantile,9,265,160
2016,20,0.05,Quantile,10,265,144
2016,20,0.05,Quantile,11,264,133
2016,20,0.05,Quantile,12,265,134
2016,20,0.05,Quantile,13,265,133
2016,20,0.05,Quantile,14,264,115
2016,20,0.05,Quantile,15,265,137
2016,20,0.05,Quantile,16,264,133
2016,21,1.0,EW,1,0,0
2016,21,1.0,EW,2,20,0
2016,21,1.0,EW,3,60,9
2016,21,1.0,EW,4,274,48
2016,21,1.0,EW,5,577,163
2016,21,1.0,EW,6,747,241
2016,21,1.0,EW,7,877,499
2016,21,1.0,EW,8,724,438
2016,21,1.0,EW,9,455,326
2016,21,1.0,EW,10,302,234
2016,21,1.0,EW,11,130,101
2016,21,1.0,EW,12,53,44
2016,21,1.0,EW,13,14,14
2016,21,1.0,EW,14,1,0
2016,21,1.0,EW,15,0,0
2016,21,1.0,EW,16,0,0
2016,21,1.0,Quantile,1,265,37
2016,21,1.0,Quantile,2,265,70
2016,21,1.0,Quantile,3,264,78
2016,21,1.0,Quantile,4,265,57
2016,21,1.0,Quantile,5,265,69
2016,21,1.0,Quantile,6,264,117
2016,21,1.0,Quantile,7,265,117
2016,21,1.0,Quantile,8,264,145
2016,21,1.0,Quantile,9,265,163
2016,21,1.0,Quantile,10,265,163
2016,21,1.0,Quantile,11,264,141
2016,21,1.0,Quantile,12,265,166
2016,21,1.0,Quantile,13,265,185
2016,21,1.0,Quantile,14,264,190
2016,21,1.0,Quantile,15,265,207
2016,21,1.0,Quantile,16,264,212
2016,21,0.05,EW,1,0,0
2016,21,0.05,EW,2,0,0
2016,21,0.05,EW,3,7,1
2016,21,0.05,EW,4,24,7
2016,21,0.05,EW,5,188,97
2016,21,0.05,EW,6,958,486
2016,21,0.05,EW,7,1664,840
2016,21,0.05,EW,8,1078,544
2016,21,0.05,EW,9,274,127
2016,21,0.05,EW,10,41,15
2016,21,0.05,EW,11,0,0
2016,21,0.05,EW,12,0,0
2016,21,0.05,EW,13,0,0
2016,21,0.05,EW,14,0,0
2016,21,0.05,EW,15,0,0
2016,21,0.05,EW,16,0,0
2016,21,0.05,Quantile,1,265,130
2016,21,0.05,Quantile,2,265,130
2016,21,0.05,Quantile,3,264,151
2016,21,0.05,Quantile,4,265,128
2016,21,0.05,Quantile,5,265,123
2016,21,0.05,Quantile,6,264,137
2016,21,0.05,Quantile,7,265,131
2016,21,0.05,Quantile,8,264,145
2016,21,0.05,Quantile,9,265,133
2016,21,0.05,Quantile,10,265,130
2016,21,0.05,Quantile,11,264,133
2016,21,0.05,Quantile,12,265,136
2016,21,0.05,Quantile,13,265,133
2016,21,0.05,Quantile,14,264,139
2016,21,0.05,Quantile,15,265,114
2016,21,0.05,Quantile,16,264,124
2016,22,1.0,EW,1,0,0
2016,22,1.0,EW,2,12,1
2016,22,1.0,EW,3,66,14
2016,22,1.0,EW,4,271,55
2016,22,1.0,EW,5,689,171
2016,22,1.0,EW,6,685,222
2016,22,1.0,EW,7,753,406
2016,22,1.0,EW,8,770,466
2016,22,1.0,EW,9,456,344
2016,22,1.0,EW,10,355,290
2016,22,1.0,EW,11,118,100
2016,22,1.0,EW,12,45,39
2016,22,1.0,EW,13,12,9
2016,22,1.0,EW,14,2,0
2016,22,1.0,EW,15,0,0
2016,22,1.0,EW,16,0,0
2016,22,1.0,Quantile,1,265,43
2016,22,1.0,Quantile,2,265,80
2016,22,1.0,Quantile,3,264,55
2016,22,1.0,Quantile,4,265,65
2016,22,1.0,Quantile,5,265,88
2016,22,1.0,Quantile,6,264,91
2016,22,1.0,Quantile,7,265,104
2016,22,1.0,Quantile,8,264,131
2016,22,1.0,Quantile,9,265,164
2016,22,1.0,Quantile,10,265,146
2016,22,1.0,Quantile,11,264,160
2016,22,1.0,Quantile,12,265,164
2016,22,1.0,Quantile,13,265,176
2016,22,1.0,Quantile,14,264,215
2016,22,1.0,Quantile,15,265,206
2016,22,1.0,Quantile,16,264,229
2016,22,0.05,EW,1,0,0
2016,22,0.05,EW,2,0,0
2016,22,0.05,EW,3,0,0
2016,22,0.05,EW,4,24,9
2016,22,0.05,EW,5,192,99
2016,22,0.05,EW,6,986,507
2016,22,0.05,EW,7,1636,855
2016,22,0.05,EW,8,1098,511
2016,22,0.05,EW,9,257,119
2016,22,0.05,EW,10,32,12
2016,22,0.05,EW,11,7,5
2016,22,0.05,EW,12,2,0
2016,22,0.05,EW,13,0,0
2016,22,0.05,EW,14,0,0
2016,22,0.05,EW,15,0,0
2016,22,0.05,EW,16,0,0
2016,22,0.05,Quantile,1,265,126
2016,22,0.05,Quantile,2,265,133
2016,22,0.05,Quantile,3,264,144
2016,22,0.05,Quantile,4,265,148
2016,22,0.05,Quantile,5,265,114
2016,22,0.05,Quantile,6,264,122
2016,22,0.05,Quantile,7,265,141
2016,22,0.05,Quantile,8,264,139
2016,22,0.05,Quantile,9,265,160
2016,22,0.05,Quantile,10,265,146
2016,22,0.05,Quantile,11,264,133
2016,22,0.05,Quantile,12,265,121
2016,22,0.05,Quantile,13,265,118
2016,22,0.05,Quantile,14,264,137
2016,22,0.05,Quantile,15,265,110
2016,22,0.05,Quantile,16,264,125
2016,23,1.0,EW,1,0,0
2016,23,1.0,EW,2,11,2
2016,23,1.0,EW,3,121,13
2016,23,1.0,EW,4,314,40
2016,23,1.0,EW,5,539,143
2016,23,1.0,EW,6,653,234
2016,23,1.0,EW,7,809,399
2016,23,1.0,EW,8,748,496
2016,23,1.0,EW,9,569,424
2016,23,1.0,EW,10,280,214
2016,23,1.0,EW,11,112,86
2016,23,1.0,EW,12,61,50
2016,23,1.0,EW,13,17,16
2016,23,1.0,EW,14,0,0
2016,23,1.0,EW,15,0,0
2016,23,1.0,EW,16,0,0
2016,23,1.0,Quantile,1,265,22
2016,23,1.0,Quantile,2,265,54
2016,23,1.0,Quantile,3,264,64
2016,23,1.0,Quantile,4,265,86
2016,23,1.0,Quantile,5,265,70
2016,23,1.0,Quantile,6,264,107
2016,23,1.0,Quantile,7,265,133
2016,23,1.0,Quantile,8,264,126
2016,23,1.0,Quantile,9,265,126
2016,23,1.0,Quantile,10,265,175
2016,23,1.0,Quantile,11,264,171
2016,23,1.0,Quantile,12,265,182
2016,23,1.0,Quantile,13,265,187
2016,23,1.0,Quantile,14,264,204
2016,23,1.0,Quantile,15,265,199
2016,23,1.0,Quantile,16,264,211
2016,23,0.05,EW,1,0,0
2016,23,0.05,EW,2,0,0
2016,23,0.05,EW,3,0,0
2016,23,0.05,EW,4,11,10
2016,23,0.05,EW,5,260,115
2016,23,0.05,EW,6,916,444
2016,23,0.05,EW,7,1660,857
2016,23,0.05,EW,8,1034,507
2016,23,0.05,EW,9,319,164
2016,23,0.05,EW,10,19,12
2016,23,0.05,EW,11,15,8
2016,23,0.05,EW,12,0,0
2016,23,0.05,EW,13,0,0
2016,23,0.05,EW,14,0,0
2016,23,0.05,EW,15,0,0
2016,23,0.05,EW,16,0,0
2016,23,0.05,Quantile,1,265,123
2016,23,0.05,Quantile,2,265,130
2016,23,0.05,Quantile,3,264,121
2016,23,0.05,Quantile,4,265,131
2016,23,0.05,Quantile,5,265,136
2016,23,0.05,Quantile,6,264,142
2016,23,0.05,Quantile,7,265,143
2016,23,0.05,Quantile,8,264,132
2016,23,0.05,Quantile,9,265,151
2016,23,0.05,Quantile,10,265,128
2016,23,0.05,Quantile,11,264,117
2016,23,0.05,Quantile,12,265,99
2016,23,0.05,Quantile,13,265,148
2016,23,0.05,Quantile,14,264,137
2016,23,0.05,Quantile,15,265,151
2016,23,0.05,Quantile,16,264,128
2016,24,1.0,EW,1,0,0
2016,24,1.0,EW,2,7,0
2016,24,1.0,EW,3,76,9
2016,24,1.0,EW,4,336,57
2016,24,1.0,EW,5,539,134
2016,24,1.0,EW,6,644,222
2016,24,1.0,EW,7,888,459
2016,24,1.0,EW,8,766,501
2016,24,1.0,EW,9,534,372
2016,24,1.0,EW,10,262,211
2016,24,1.0,EW,11,109,92
2016,24,1.0,EW,12,50,44
2016,24,1.0,EW,13,22,16
2016,24,1.0,EW,14,1,0
2016,24,1.0,EW,15,0,0
2016,24,1.0,EW,16,0,0
2016,24,1.0,Quantile,1,265,36
2016,24,1.0,Quantile,2,265,52
2016,24,1.0,Quantile,3,264,77
2016,24,1.0,Quantile,4,265,63
2016,24,1.0,Quantile,5,265,70
2016,24,1.0,Quantile,6,264,117
2016,24,1.0,Quantile,7,265,152
2016,24,1.0,Quantile,8,264,132
2016,24,1.0,Quantile,9,265,132
2016,24,1.0,Quantile,10,265,140
2016,24,1.0,Quantile,11,264,160
2016,24,1.0,Quantile,12,265,190
2016,24,1.0,Quantile,13,265,186
2016,24,1.0,Quantile,14,264,190
2016,24,1.0,Quantile,15,265,198
2016,24,1.0,Quantile,16,264,222
2016,24,0.05,EW,1,0,0
2016,24,0.05,EW,2,0,0
2016,24,0.05,EW,3,0,0
2016,24,0.05,EW,4,3,3
2016,24,0.05,EW,5,190,114
2016,24,0.05,EW,6,988,508
2016,24,0.05,EW,7,1648,819
2016,24,0.05,EW,8,1072,536
2016,24,0.05,EW,9,308,133
2016,24,0.05,EW,10,25,4
2016,24,0.05,EW,11,0,0
2016,24,0.05,EW,12,0,0
2016,24,0.05,EW,13,0,0
2016,24,0.05,EW,14,0,0
2016,24,0.05,EW,15,0,0
2016,24,0.05,EW,16,0,0
2016,24,0.05,Quantile,1,265,162
2016,24,0.05,Quantile,2,265,116
2016,24,0.05,Quantile,3,264,123
2016,24,0.05,Quantile,4,265,149
2016,24,0.05,Quantile,5,265,162
2016,24,0.05,Quantile,6,264,140
2016,24,0.05,Quantile,7,265,122
2016,24,0.05,Quantile,8,264,121
2016,24,0.05,Quantile,9,265,132
2016,24,0.05,Quantile,10,265,128
2016,24,0.05,Quantile,11,264,133
2016,24,0.05,Quantile,12,265,125
2016,24,0.05,Quantile,13,265,119
2016,24,0.05,Quantile,14,264,144
2016,24,0.05,Quantile,15,265,139
2016,24,0.05,Quantile,16,264,102
2016,25,1.0,EW,1,0,0
2016,25,1.0,EW,2,2,1
2016,25,1.0,EW,3,80,12
2016,25,1.0,EW,4,316,56
2016,25,1.0,EW,5,573,156
2016,25,1.0,EW,6,755,272
2016,25,1.0,EW,7,779,375
2016,25,1.0,EW,8,720,473
2016,25,1.0,EW,9,517,381
2016,25,1.0,EW,10,291,223
2016,25,1.0,EW,11,158,140
2016,25,1.0,EW,12,30,19
2016,25,1.0,EW,13,5,3
2016,25,1.0,EW,14,8,6
2016,25,1.0,EW,15,0,0
2016,25,1.0,EW,16,0,0
2016,25,1.0,Quantile,1,265,48
2016,25,1.0,Quantile,2,265,54
2016,25,1.0,Quantile,3,264,77
2016,25,1.0,Quantile,4,265,68
2016,25,1.0,Quantile,5,265,63
2016,25,1.0,Quantile,6,264,113
2016,25,1.0,Quantile,7,265,123
2016,25,1.0,Quantile,8,264,134
2016,25,1.0,Quantile,9,265,117
2016,25,1.0,Quantile,10,265,164
2016,25,1.0,Quantile,11,264,169
2016,25,1.0,Quantile,12,265,184
2016,25,1.0,Quantile,13,265,184
2016,25,1.0,Quantile,14,264,198
2016,25,1.0,Quantile,15,265,210
2016,25,1.0,Quantile,16,264,211
2016,25,0.05,EW,1,0,0
2016,25,0.05,EW,2,0,0
2016,25,0.05,EW,3,1,1
2016,25,0.05,EW,4,16,5
2016,25,0.05,EW,5,232,111
2016,25,0.05,EW,6,910,467
2016,25,0.05,EW,7,1673,824
2016,25,0.05,EW,8,1077,564
2016,25,0.05,EW,9,293,136
2016,25,0.05,EW,10,32,9
2016,25,0.05,EW,11,0,0
2016,25,0.05,EW,12,0,0
2016,25,0.05,EW,13,0,0
2016,25,0.05,EW,14,0,0
2016,25,0.05,EW,15,0,0
2016,25,0.05,EW,16,0,0
2016,25,0.05,Quantile,1,265,126
2016,25,0.05,Quantile,2,265,136
2016,25,0.05,Quantile,3,264,132
2016,25,0.05,Quantile,4,265,138
2016,25,0.05,Quantile,5,265,133
2016,25,0.05,Quantile,6,264,153
2016,25,0.05,Quantile,7,265,139
2016,25,0.05,Quantile,8,264,128
2016,25,0.05,Quantile,9,265,122
2016,25,0.05,Quantile,10,265,126
2016,25,0.05,Quantile,11,264,113
2016,25,0.05,Quantile,12,265,130
2016,25,0.05,Quantile,13,265,139
2016,25,0.05,Quantile,14,264,160
2016,25,0.05,Quantile,15,265,126
2016,25,0.05,Quantile,16,264,116
2016,26,1.0,EW,1,2,1
2016,26,1.0,EW,2,30,1
2016,26,1.0,EW,3,44,11
2016,26,1.0,EW,4,320,45
2016,26,1.0,EW,5,586,171
2016,26,1.0,EW,6,840,268
2016,26,1.0,EW,7,731,391
2016,26,1.0,EW,8,610,376
2016,26,1.0,EW,9,516,404
2016,26,1.0,EW,10,337,275
2016,26,1.0,EW,11,149,120
2016,26,1.0,EW,12,53,40
2016,26,1.0,EW,13,16,14
2016,26,1.0,EW,14,0,0
2016,26,1.0,EW,15,0,0
2016,26,1.0,EW,16,0,0
2016,26,1.0,Quantile,1,265,47
2016,26,1.0,Quantile,2,265,46
2016,26,1.0,Quantile,3,264,88
2016,26,1.0,Quantile,4,265,72
2016,26,1.0,Quantile,5,265,80
2016,26,1.0,Quantile,6,264,86
2016,26,1.0,Quantile,7,265,89
2016,26,1.0,Quantile,8,264,134
2016,26,1.0,Quantile,9,265,155
2016,26,1.0,Quantile,10,265,151
2016,26,1.0,Quantile,11,264,154
2016,26,1.0,Quantile,12,265,172
2016,26,1.0,Quantile,13,265,204
2016,26,1.0,Quantile,14,264,211
2016,26,1.0,Quantile,15,265,217
2016,26,1.0,Quantile,16,264,211
2016,26,0.05,EW,1,0,0
2016,26,0.05,EW,2,0,0
2016,26,0.05,EW,3,0,0
2016,26,0.05,EW,4,16,14
2016,26,0.05,EW,5,221,112
2016,26,0.05,EW,6,951,461
2016,26,0.05,EW,7,1694,871
2016,26,0.05,EW,8,1003,492
2016,26,0.05,EW,9,309,149
2016,26,0.05,EW,10,39,18
2016,26,0.05,EW,11,1,0
2016,26,0.05,EW,12,0,0
2016,26,0.05,EW,13,0,0
2016,26,0.05,EW,14,0,0
2016,26,0.05,EW,15,0,0
2016,26,0.05,EW,16,0,0
2016,26,0.05,Quantile,1,265,141
2016,26,0.05,Quantile,2,265,120
2016,26,0.05,Quantile,3,264,127
2016,26,0.05,Quantile,4,265,141
2016,26,0.05,Quantile,5,265,135
2016,26,0.05,Quantile,6,264,120
2016,26,0.05,Quantile,7,265,137
2016,26,0.05,Quantile,8,264,134
2016,26,0.05,Quantile,9,265,138
2016,26,0.05,Quantile,10,265,148
2016,26,0.05,Quantile,11,264,134
2016,26,0.05,Quantile,12,265,130
2016,26,0.05,Quantile,13,265,123
2016,26,0.05,Quantile,14,264,132
2016,26,0.05,Quantile,15,265,129
2016,26,0.05,Quantile,16,264,128
2016,27,1.0,EW,1,4,0
2016,27,1.0,EW,2,4,0
2016,27,1.0,EW,3,40,11
2016,27,1.0,EW,4,319,63
2016,27,1.0,EW,5,613,146
2016,27,1.0,EW,6,779,297
2016,27,1.0,EW,7,799,389
2016,27,1.0,EW,8,681,428
2016,27,1.0,EW,9,520,397
2016,27,1.0,EW,10,245,184
2016,27,1.0,EW,11,129,116
2016,27,1.0,EW,12,72,65
2016,27,1.0,EW,13,26,21
2016,27,1.0,EW,14,3,0
2016,27,1.0,EW,15,0,0
2016,27,1.0,EW,16,0,0
2016,27,1.0,Quantile,1,265,50
2016,27,1.0,Quantile,2,265,57
2016,27,1.0,Quantile,3,264,59
2016,27,1.0,Quantile,4,265,77
2016,27,1.0,Quantile,5,265,84
2016,27,1.0,Quantile,6,264,110
2016,27,1.0,Quantile,7,265,122
2016,27,1.0,Quantile,8,264,96
2016,27,1.0,Quantile,9,265,136
2016,27,1.0,Quantile,10,265,170
2016,27,1.0,Quantile,11,264,165
2016,27,1.0,Quantile,12,265,169
2016,27,1.0,Quantile,13,265,196
2016,27,1.0,Quantile,14,264,203
2016,27,1.0,Quantile,15,265,200
2016,27,1.0,Quantile,16,264,223
2016,27,0.05,EW,1,0,0
2016,27,0.05,EW,2,0,0
2016,27,0.05,EW,3,0,0
2016,27,0.05,EW,4,29,7
2016,27,0.05,EW,5,168,77
2016,27,0.05,EW,6,990,501
2016,27,0.05,EW,7,1653,852
2016,27,0.05,EW,8,1084,539
2016,27,0.05,EW,9,295,135
2016,27,0.05,EW,10,15,6
2016,27,0.05,EW,11,0,0
2016,27,0.05,EW,12,0,0
2016,27,0.05,EW,13,0,0
2016,27,0.05,EW,14,0,0
2016,27,0.05,EW,15,0,0
2016,27,0.05,EW,16,0,0
2016,27,0.05,Quantile,1,265,125
2016,27,0.05,Quantile,2,265,154
2016,27,0.05,Quantile,3,264,138
2016,27,0.05,Quantile,4,265,113
2016,27,0.05,Quantile,5,265,127
2016,27,0.05,Quantile,6,264,147
2016,27,0.05,Quantile,7,265,151
2016,27,0.05,Quantile,8,264,126
2016,27,0.05,Quantile,9,265,132
2016,27,0.05,Quantile,10,265,132
2016,27,0.05,Quantile,11,264,128
2016,27,0.05,Quantile,12,265,145
2016,27,0.05,Quantile,13,265,129
2016,27,0.05,Quantile,14,264,115
2016,27,0.05,Quantile,15,265,136
2016,27,0.05,Quantile,16,264,119
2016,28,1.0,EW,1,1,1
2016,28,1.0,EW,2,33,4
2016,28,1.0,EW,3,84,12
2016,28,1.0,EW,4,228,37
2016,28,1.0,EW,5,535,153
2016,28,1.0,EW,6,827,273
2016,28,1.0,EW,7,882,466
2016,28,1.0,EW,8,670,422
2016,28,1.0,EW,9,451,330
2016,28,1.0,EW,10,328,275
2016,28,1.0,EW,11,122,90
2016,28,1.0,EW,12,62,54
2016,28,1.0,EW,13,11,0
2016,28,1.0,EW,14,0,0
2016,28,1.0,EW,15,0,0
2016,28,1.0,EW,16,0,0
2016,28,1.0,Quantile,1,265,41
2016,28,1.0,Quantile,2,265,59
2016,28,1.0,Quantile,3,264,79
2016,28,1.0,Quantile,4,265,74
2016,28,1.0,Quantile,5,265,84
2016,28,1.0,Quantile,6,264,86
2016,28,1.0,Quantile,7,265,135
2016,28,1.0,Quantile,8,264,144
2016,28,1.0,Quantile,9,265,139
2016,28,1.0,Quantile,10,265,135
2016,28,1.0,Quantile,11,264,160
2016,28,1.0,Quantile,12,265,176
2016,28,1.0,Quantile,13,265,176
2016,28,1.0,Quantile,14,264,206
2016,28,1.0,Quantile,15,265,221
2016,28,1.0,Quantile,16,264,202
2016,28,0.05,EW,1,0,0
2016,28,0.05,EW,2,0,0
2016,28,0.05,EW,3,0,0
2016,28,0.05,EW,4,6,5
2016,28,0.05,EW,5,193,110
2016,28,0.05,EW,6,994,525
2016,28,0.05,EW,7,1710,817
2016,28,0.05,EW,8,978,483
2016,28,0.05,EW,9,291,151
2016,28,0.05,EW,10,62,26
2016,28,0.05,EW,11,0,0
2016,28,0.05,EW,12,0,0
2016,28,0.05,EW,13,0,0
2016,28,0.05,EW,14,0,0
2016,28,0.05,EW,15,0,0
2016,28,0.05,EW,16,0,0
2016,28,0.05,Quantile,1,265,159
2016,28,0.05,Quantile,2,265,122
2016,28,0.05,Quantile,3,264,113
2016,28,0.05,Quantile,4,265,165
2016,28,0.05,Quantile,5,265,165
2016,28,0.05,Quantile,6,264,151
2016,28,0.05,Quantile,7,265,111
2016,28,0.05,Quantile,8,264,114
2016,28,0.05,Quantile,9,265,122
2016,28,0.05,Quantile,10,265,128
2016,28,0.05,Quantile,11,264,112
2016,28,0.05,Quantile,12,265,136
2016,28,0.05,Quantile,13,265,143
2016,28,0.05,Quantile,14,264,112
2016,28,0.05,Quantile,15,265,134
2016,28,0.05,Quantile,16,264,130
2016,29,1.0,EW,1,0,0
2016,29,1.0,EW,2,13,5
2016,29,1.0,EW,3,100,9
2016,29,1.0,EW,4,236,36
2016,29,1.0,EW,5,580,144
2016,29,1.0,EW,6,730,287
2016,29,1.0,EW,7,931,451
2016,29,1.0,EW,8,687,437
2016,29,1.0,EW,9,393,288
2016,29,1.0,EW,10,364,314
2016,29,1.0,EW,11,148,107
2016,29,1.0,EW,12,34,27
2016,29,1.0,EW,13,17,12
2016,29,1.0,EW,14,1,0
2016,29,1.0,EW,15,0,0
2016,29,1.0,EW,16,0,0
2016,29,1.0,Quantile,1,265,28
2016,29,1.0,Quantile,2,265,65
2016,29,1.0,Quantile,3,264,73
2016,29,1.0,Quantile,4,265,77
2016,29,1.0,Quantile,5,265,75
2016,29,1.0,Quantile,6,264,124
2016,29,1.0,Quantile,7,265,131
2016,29,1.0,Quantile,8,264,126
2016,29,1.0,Quantile,9,265,125
2016,29,1.0,Quantile,10,265,149
2016,29,1.0,Quantile,11,264,159
2016,29,1.0,Quantile,12,265,164
2016,29,1.0,Quantile,13,265,185
2016,29,1.0,Quantile,14,264,210
2016,29,1.0,Quantile,15,265,226
2016,29,1.0,Quantile,16,264,200
2016,29,0.05,EW,1,0,0
2016,29,0.05,EW,2,0,0
2016,29,0.05,EW,3,0,0
2016,29,0.05,EW,4,22,14
2016,29,0.05,EW,5,223,100
2016,29,0.05,EW,6,949,469
2016,29,0.05,EW,7,1535,827
2016,29,0.05,EW,8,1241,605
2016,29,0.05,EW,9,234,92
2016,29,0.05,EW,10,28,10
2016,29,0.05,EW,11,2,0
2016,29,0.05,EW,12,0,0
2016,29,0.05,EW,13,0,0
2016,29,0.05,EW,14,0,0
2016,29,0.05,EW,15,0,0
2016,29,0.05,EW,16,0,0
2016,29,0.05,Quantile,1,265,126
2016,29,0.05,Quantile,2,265,148
2016,29,0.05,Quantile,3,264,106
2016,29,0.05,Quantile,4,265,133
2016,29,0.05,Quantile,5,265,135
2016,29,0.05,Quantile,6,264,123
2016,29,0.05,Quantile,7,265,145
2016,29,0.05,Quantile,8,264,154
2016,29,0.05,Quantile,9,265,143
2016,29,0.05,Quantile,10,265,152
2016,29,0.05,Quantile,11,264,155
2016,29,0.05,Quantile,12,265,125
2016,29,0.05,Quantile,13,265,138
2016,29,0.05,Quantile,14,264,123
2016,29,0.05,Quantile,15,265,109
2016,29,0.05,Quantile,16,264,102
2016,30,1.0,EW,1,0,0
2016,30,1.0,EW,2,17,0
2016,30,1.0,EW,3,43,7
2016,30,1.0,EW,4,256,50
2016,30,1.0,EW,5,655,157
2016,30,1.0,EW,6,703,263
2016,30,1.0,EW,7,874,475
2016,30,1.0,EW,8,756,459
2016,30,1.0,EW,9,465,325
2016,30,1.0,EW,10,240,190
2016,30,1.0,EW,11,149,128
2016,30,1.0,EW,12,71,63
2016,30,1.0,EW,13,5,0
2016,30,1.0,EW,14,0,0
2016,30,1.0,EW,15,0,0
2016,30,1.0,EW,16,0,0
2016,30,1.0,Quantile,1,265,47
2016,30,1.0,Quantile,2,265,71
2016,30,1.0,Quantile,3,264,60
2016,30,1.0,Quantile,4,265,62
2016,30,1.0,Quantile,5,265,101
2016,30,1.0,Quantile,6,264,106
2016,30,1.0,Quantile,7,265,123
2016,30,1.0,Quantile,8,264,142
2016,30,1.0,Quantile,9,265,128
2016,30,1.0,Quantile,10,265,167
2016,30,1.0,Quantile,11,264,135
2016,30,1.0,Quantile,12,265,178
2016,30,1.0,Quantile,13,265,199
2016,30,1.0,Quantile,14,264,174
2016,30,1.0,Quantile,15,265,198
2016,30,1.0,Quantile,16,264,226
2016,30,0.05,EW,1,0,0
2016,30,0.05,EW,2,0,0
2016,30,0.05,EW,3,1,1
2016,30,0.05,EW,4,12,4
2016,30,0.05,EW,5,257,123
2016,30,0.05,EW,6,892,460
2016,30,0.05,EW,7,1687,838
2016,30,0.05,EW,8,1080,559
2016,30,0.05,EW,9,288,128
2016,30,0.05,EW,10,17,4
2016,30,0.05,EW,11,0,0
2016,30,0.05,EW,12,0,0
2016,30,0.05,EW,13,0,0
2016,30,0.05,EW,14,0,0
2016,30,0.05,EW,15,0,0
2016,30,0.05,EW,16,0,0
2016,30,0.05,Quantile,1,265,127
2016,30,0.05,Quantile,2,265,126
2016,30,0.05,Quantile,3,264,136
2016,30,0.05,Quantile,4,265,145
2016,30,0.05,Quantile,5,265,134
2016,30,0.05,Quantile,6,264,134
2016,30,0.05,Quantile,7,265,140
2016,30,0.05,Quantile,8,264,138
2016,30,0.05,Quantile,9,265,124
2016,30,0.05,Quantile,10,265,133
2016,30,0.05,Quantile,11,264,118
2016,30,0.05,Quantile,12,265,135
2016,30,0.05,Quantile,13,265,136
2016,30,0.05,Quantile,14,264,154
2016,30,0.05,Quantile,15,265,120
2016,30,0.05,Quantile,16,264,117
2016,31,1.0,EW,1,4,0
2016,31,1.0,EW,2,30,0
2016,31,1.0,EW,3,66,8
2016,31,1.0,EW,4,279,52
2016,31,1.0,EW,5,632,144
2016,31,1.0,EW,6,686,231
2016,31,1.0,EW,7,823,455
2016,31,1.0,EW,8,685,440
2016,31,1.0,EW,9,564,431
2016,31,1.0,EW,10,243,178
2016,31,1.0,EW,11,130,110
2016,31,1.0,EW,12,67,51
2016,31,1.0,EW,13,24,17
2016,31,1.0,EW,14,1,0
2016,31,1.0,EW,15,0,0
2016,31,1.0,EW,16,0,0
2016,31,1.0,Quantile,1,265,30
2016,31,1.0,Quantile,2,265,47
2016,31,1.0,Quantile,3,264,77
2016,31,1.0,Quantile,4,265,58
2016,31,1.0,Quantile,5,265,105
2016,31,1.0,Quantile,6,264,91
2016,31,1.0,Quantile,7,265,111
2016,31,1.0,Quantile,8,264,119
2016,31,1.0,Quantile,9,265,168
2016,31,1.0,Quantile,10,265,165
2016,31,1.0,Quantile,11,264,146
2016,31,1.0,Quantile,12,265,193
2016,31,1.0,Quantile,13,265,197
2016,31,1.0,Quantile,14,264,207
2016,31,1.0,Quantile,15,265,190
2016,31,1.0,Quantile,16,264,213
2016,31,0.05,EW,1,0,0
2016,31,0.05,EW,2,0,0
2016,31,0.05,EW,3,0,0
2016,31,0.05,EW,4,8,8
2016,31,0.05,EW,5,183,89
2016,31,0.05,EW,6,962,507
2016,31,0.05,EW,7,1679,841
2016,31,0.05,EW,8,1161,558
2016,31,0.05,EW,9,220,104
2016,31,0.05,EW,10,20,10
2016,31,0.05,EW,11,1,0
2016,31,0.05,EW,12,0,0
2016,31,0.05,EW,13,0,0
2016,31,0.05,EW,14,0,0
2016,31,0.05,EW,15,0,0
2016,31,0.05,EW,16,0,0
2016,31,0.05,Quantile,1,265,143
2016,31,0.05,Quantile,2,265,140
2016,31,0.05,Quantile,3,264,123
2016,31,0.05,Quantile,4,265,152
2016,31,0.05,Quantile,5,265,134
2016,31,0.05,Quantile,6,264,128
2016,31,0.05,Quantile,7,265,131
2016,31,0.05,Quantile,8,264,132
2016,31,0.05,Quantile,9,265,144
2016,31,0.05,Quantile,10,265,126
2016,31,0.05,Quantile,11,264,128
2016,31,0.05,Quantile,12,265,136
2016,31,0.05,Quantile,13,265,149
2016,31,0.05,Quantile,14,264,135
2016,31,0.05,Quantile,15,265,93
2016,31,0.05,Quantile,16,264,123
2016,32,1.0,EW,1,3,0
2016,32,1.0,EW,2,26,2
2016,32,1.0,EW,3,85,9
2016,32,1.0,EW,4,317,41
2016,32,1.0,EW,5,483,139
2016,32,1.0,EW,6,779,280
2016,32,1.0,EW,7,840,447
2016,32,1.0,EW,8,704,426
2016,32,1.0,EW,9,468,352
2016,32,1.0,EW,10,354,299
2016,32,1.0,EW,11,121,87
2016,32,1.0,EW,12,37,28
2016,32,1.0,EW,13,15,7
2016,32,1.0,EW,14,2,0
2016,32,1.0,EW,15,0,0
2016,32,1.0,EW,16,0,0
2016,32,1.0,Quantile,1,265,32
2016,32,1.0,Quantile,2,265,41
2016,32,1.0,Quantile,3,264,85
2016,32,1.0,Quantile,4,265,71
2016,32,1.0,Quantile,5,265,88
2016,32,1.0,Quantile,6,264,105
2016,32,1.0,Quantile,7,265,124
2016,32,1.0,Quantile,8,264,134
2016,32,1.0,Quantile,9,265,144
2016,32,1.0,Quantile,10,265,167
2016,32,1.0,Quantile,11,264,138
2016,32,1.0,Quantile,12,265,173
2016,32,1.0,Quantile,13,265,189
2016,32,1.0,Quantile,14,264,205
2016,32,1.0,Quantile,15,265,225
2016,32,1.0,Quantile,16,264,196
2016,32,0.05,EW,1,0,0
2016,32,0.05,EW,2,0,0
2016,32,0.05,EW,3,1,1
2016,32,0.05,EW,4,32,5
2016,32,0.05,EW,5,219,112
2016,32,0.05,EW,6,871,426
2016,32,0.05,EW,7,1719,895
2016,32,0.05,EW,8,1054,512
2016,32,0.05,EW,9,319,153
2016,32,0.05,EW,10,19,13
2016,32,0.05,EW,11,0,0
2016,32,0.05,EW,12,0,0
2016,32,0.05,EW,13,0,0
2016,32,0.05,EW,14,0,0
2016,32,0.05,EW,15,0,0
2016,32,0.05,EW,16,0,0
2016,32,0.05,Quantile,1,265,125
2016,32,0.05,Quantile,2,265,125
2016,32,0.05,Quantile,3,264,107
2016,32,0.05,Quantile,4,265,148
2016,32,0.05,Quantile,5,265,161
2016,32,0.05,Quantile,6,264,136
2016,32,0.05,Quantile,7,265,155
2016,32,0.05,Quantile,8,264,156
2016,32,0.05,Quantile,9,265,118
2016,32,0.05,Quantile,10,265,119
2016,32,0.05,Quantile,11,264,124
2016,32,0.05,Quantile,12,265,121
2016,32,0.05,Quantile,13,265,124
2016,32,0.05,Quantile,14,264,130
2016,32,0.05,Quantile,15,265,139
2016,32,0.05,Quantile,16,264,129
2016,33,1.0,EW,1,0,0
2016,33,1.0,EW,2,8,2
2016,33,1.0,EW,3,121,17
2016,33,1.0,EW,4,244,39
2016,33,1.0,EW,5,583,136
2016,33,1.0,EW,6,709,280
2016,33,1.0,EW,7,791,409
2016,33,1.0,EW,8,777,483
2016,33,1.0,EW,9,508,365
2016,33,1.0,EW,10,324,256
2016,33,1.0,EW,11,150,120
2016,33,1.0,EW,12,19,10
2016,33,1.0,EW,13,0,0
2016,33,1.0,EW,14,0,0
2016,33,1.0,EW,15,0,0
2016,33,1.0,EW,16,0,0
2016,33,1.0,Quantile,1,265,31
2016,33,1.0,Quantile,2,265,66
2016,33,1.0,Quantile,3,264,65
2016,33,1.0,Quantile,4,265,66
2016,33,1.0,Quantile,5,265,94
2016,33,1.0,Quantile,6,264,118
2016,33,1.0,Quantile,7,265,110
2016,33,1.0,Quantile,8,264,129
2016,33,1.0,Quantile,9,265,152
2016,33,1.0,Quantile,10,265,170
2016,33,1.0,Quantile,11,264,160
2016,33,1.0,Quantile,12,265,162
2016,33,1.0,Quantile,13,265,186
2016,33,1.0,Quantile,14,264,195
2016,33,1.0,Quantile,15,265,211
2016,33,1.0,Quantile,16,264,202
2016,33,0.05,EW,1,0,0
2016,33,0.05,EW,2,0,0
2016,33,0.05,EW,3,0,0
2016,33,0.05,EW,4,6,2
2016,33,0.05,EW,5,195,100
2016,33,0.05,EW,6,988,511
2016,33,0.05,EW,7,1715,848
2016,33,0.05,EW,8,983,492
2016,33,0.05,EW,9,307,141
2016,33,0.05,EW,10,40,23
2016,33,0.05,EW,11,0,0
2016,33,0.05,EW,12,0,0
2016,33,0.05,EW,13,0,0
2016,33,0.05,EW,14,0,0
2016,33,0.05,EW,15,0,0
2016,33,0.05,EW,16,0,0
2016,33,0.05,Quantile,1,265,140
2016,33,0.05,Quantile,2,265,158
2016,33,0.05,Quantile,3,264,114
2016,33,0.05,Quantile,4,265,132
2016,33,0.05,Quantile,5,265,144
2016,33,0.05,Quantile,6,264,129
2016,33,0.05,Quantile,7,265,132
2016,33,0.05,Quantile,8,264,115
2016,33,0.05,Quantile,9,265,136
2016,33,0.05,Quantile,10,265,135
2016,33,0.05,Quantile,11,264,130
2016,33,0.05,Quantile,12,265,131
2016,33,0.05,Quantile,13,265,108
2016,33,0.05,Quantile,14,264,160
2016,33,0.05,Quantile,15,265,128
2016,33,0.05,Quantile,16,264,125
2016,34,1.0,EW,1,0,0
2016,34,1.0,EW,2,2,0
2016,34,1.0,EW,3,111,14
2016,34,1.0,EW,4,267,49
2016,34,1.0,EW,5,510,137
2016,34,1.0,EW,6,778,304
2016,34,1.0,EW,7,953,453
2016,34,1.0,EW,8,668,438
2016,34,1.0,EW,9,447,323
2016,34,1.0,EW,10,295,231
2016,34,1.0,EW,11,129,111
2016,34,1.0,EW,12,45,36
2016,34,1.0,EW,13,16,14
2016,34,1.0,EW,14,13,7
2016,34,1.0,EW,15,0,0
2016,34,1.0,EW,16,0,0
2016,34,1.0,Quantile,1,265,42
2016,34,1.0,Quantile,2,265,56
2016,34,1.0,Quantile,3,264,78
2016,34,1.0,Quantile,4,265,74
2016,34,1.0,Quantile,5,265,105
2016,34,1.0,Quantile,6,264,114
2016,34,1.0,Quantile,7,265,124
2016,34,1.0,Quantile,8,264,106
2016,34,1.0,Quantile,9,265,145
2016,34,1.0,Quantile,10,265,127
2016,34,1.0,Quantile,11,264,183
2016,34,1.0,Quantile,12,265,174
2016,34,1.0,Quantile,13,265,167
2016,34,1.0,Quantile,14,264,196
2016,34,1.0,Quantile,15,265,221
2016,34,1.0,Quantile,16,264,205
2016,34,0.05,EW,1,0,0
2016,34,0.05,EW,2,0,0
2016,34,0.05,EW,3,0,0
2016,34,0.05,EW,4,22,5
2016,34,0.05,EW,5,184,112
2016,34,0.05,EW,6,1081,496
2016,34,0.05,EW,7,1560,775
2016,34,0.05,EW,8,979,515
2016,34,0.05,EW,9,378,205
2016,34,0.05,EW,10,25,9
2016,34,0.05,EW,11,5,0
2016,34,0.05,EW,12,0,0
2016,34,0.05,EW,13,0,0
2016,34,0.05,EW,14,0,0
2016,34,0.05,EW,15,0,0
2016,34,0.05,EW,16,0,0
2016,34,0.05,Quantile,1,265,148
2016,34,0.05,Quantile,2,265,136
2016,34,0.05,Quantile,3,264,117
2016,34,0.05,Quantile,4,265,118
2016,34,0.05,Quantile,5,265,111
2016,34,0.05,Quantile,6,264,130
2016,34,0.05,Quantile,7,265,145
2016,34,0.05,Quantile,8,264,132
2016,34,0.05,Quantile,9,265,145
2016,34,0.05,Quantile,10,265,113
2016,34,0.05,Quantile,11,264,132
2016,34,0.05,Quantile,12,265,128
2016,34,0.05,Quantile,13,265,141
2016,34,0.05,Quantile,14,264,155
2016,34,0.05,Quantile,15,265,141
2016,34,0.05,Quantile,16,264,125
2016,35,1.0,EW,1,0,0
2016,35,1.0,EW,2,11,0
2016,35,1.0,EW,3,94,18
2016,35,1.0,EW,4,275,39
2016,35,1.0,EW,5,634,158
2016,35,1.0,EW,6,608,220
2016,35,1.0,EW,7,868,436
2016,35,1.0,EW,8,704,476
2016,35,1.0,EW,9,607,450
2016,35,1.0,EW,10,270,195
2016,35,1.0,EW,11,105,83
2016,35,1.0,EW,12,54,41
2016,35,1.0,EW,13,4,1
2016,35,1.0,EW,14,0,0
2016,35,1.0,EW,15,0,0
2016,35,1.0,EW,16,0,0
2016,35,1.0,Quantile,1,265,39
2016,35,1.0,Quantile,2,265,61
2016,35,1.0,Quantile,3,264,72
2016,35,1.0,Quantile,4,265,53
2016,35,1.0,Quantile,5,265,65
2016,35,1.0,Quantile,6,264,129
2016,35,1.0,Quantile,7,265,140
2016,35,1.0,Quantile,8,264,124
2016,35,1.0,Quantile,9,265,137
2016,35,1.0,Quantile,10,265,140
2016,35,1.0,Quantile,11,264,176
2016,35,1.0,Quantile,12,265,198
2016,35,1.0,Quantile,13,265,187
2016,35,1.0,Quantile,14,264,200
2016,35,1.0,Quantile,15,265,197
2016,35,1.0,Quantile,16,264,199
2016,35,0.05,EW,1,0,0
2016,35,0.05,EW,2,0,0
2016,35,0.05,EW,3,0,0
2016,35,0.05,EW,4,31,13
2016,35,0.05,EW,5,215,103
2016,35,0.05,EW,6,895,466
2016,35,0.05,EW,7,1721,880
2016,35,0.05,EW,8,1040,502
2016,35,0.05,EW,9,299,139
2016,35,0.05,EW,10,31,14
2016,35,0.05,EW,11,2,0
2016,35,0.05,EW,12,0,0
2016,35,0.05,EW,13,0,0
2016,35,0.05,EW,14,0,0
2016,35,0.05,EW,15,0,0
2016,35,0.05,EW,16,0,0
2016,35,0.05,Quantile,1,265,128
2016,35,0.05,Quantile,2,265,133
2016,35,0.05,Quantile,3,264,139
2016,35,0.05,Quantile,4,265,142
2016,35,0.05,Quantile,5,265,139
2016,35,0.05,Quantile,6,264,134
2016,35,0.05,Quantile,7,265,144
2016,35,0.05,Quantile,8,264,133
2016,35,0.05,Quantile,9,265,129
2016,35,0.05,Quantile,10,265,131
2016,35,0.05,Quantile,11,264,131
2016,35,0.05,Quantile,12,265,123
2016,35,0.05,Quantile,13,265,127
2016,35,0.05,Quantile,14,264,135
2016,35,0.05,Quantile,15,265,130
2016,35,0.05,Quantile,16,264,119
2016,36,1.0,EW,1,3,1
2016,36,1.0,EW,2,28,2
2016,36,1.0,EW,3,83,6
2016,36,1.0,EW,4,244,50
2016,36,1.0,EW,5,625,118
2016,36,1.0,EW,6,701,321
2016,36,1.0,EW,7,937,425
2016,36,1.0,EW,8,589,399
2016,36,1.0,EW,9,484,356
2016,36,1.0,EW,10,335,270
2016,36,1.0,EW,11,104,87
2016,36,1.0,EW,12,89,77
2016,36,1.0,EW,13,12,5
2016,36,1.0,EW,14,0,0
2016,36,1.0,EW,15,0,0
2016,36,1.0,EW,16,0,0
2016,36,1.0,Quantile,1,265,41
2016,36,1.0,Quantile,2,265,48
2016,36,1.0,Quantile,3,264,55
2016,36,1.0,Quantile,4,265,50
2016,36,1.0,Quantile,5,265,122
2016,36,1.0,Quantile,6,264,133
2016,36,1.0,Quantile,7,265,115
2016,36,1.0,Quantile,8,264,127
2016,36,1.0,Quantile,9,265,114
2016,36,1.0,Quantile,10,265,133
2016,36,1.0,Quantile,11,264,165
2016,36,1.0,Quantile,12,265,193
2016,36,1.0,Quantile,13,265,188
2016,36,1.0,Quantile,14,264,201
2016,36,1.0,Quantile,15,265,223
2016,36,1.0,Quantile,16,264,209
2016,36,0.05,EW,1,0,0
2016,36,0.05,EW,2,0,0
2016,36,0.05,EW,3,1,1
2016,36,0.05,EW,4,14,7
2016,36,0.05,EW,5,158,90
2016,36,0.05,EW,6,1045,532
2016,36,0.05,EW,7,1621,820
2016,36,0.05,EW,8,1079,528
2016,36,0.05,EW,9,293,131
2016,36,0.05,EW,10,23,8
2016,36,0.05,EW,11,0,0
2016,36,0.05,EW,12,0,0
2016,36,0.05,EW,13,0,0
2016,36,0.05,EW,14,0,0
2016,36,0.05,EW,15,0,0
2016,36,0.05,EW,16,0,0
2016,36,0.05,Quantile,1,265,154
2016,36,0.05,Quantile,2,265,132
2016,36,0.05,Quantile,3,264,126
2016,36,0.05,Quantile,4,265,130
2016,36,0.05,Quantile,5,265,137
2016,36,0.05,Quantile,6,264,134
2016,36,0.05,Quantile,7,265,136
2016,36,0.05,Quantile,8,264,149
2016,36,0.05,Quantile,9,265,137
2016,36,0.05,Quantile,10,265,129
2016,36,0.05,Quantile,11,264,110
2016,36,0.05,Quantile,12,265,119
2016,36,0.05,Quantile,13,265,125
2016,36,0.05,Quantile,14,264,153
2016,36,0.05,Quantile,15,265,131
2016,36,0.05,Quantile,16,264,115
2016,37,1.0,EW,1,0,0
2016,37,1.0,EW,2,4,3
2016,37,1.0,EW,3,143,19
2016,37,1.0,EW,4,299,51
2016,37,1.0,EW,5,533,126
2016,37,1.0,EW,6,686,241
2016,37,1.0,EW,7,725,390
2016,37,1.0,EW,8,848,524
2016,37,1.0,EW,9,467,369
2016,37,1.0,EW,10,394,296
2016,37,1.0,EW,11,87,65
2016,37,1.0,EW,12,33,25
2016,37,1.0,EW,13,15,8
2016,37,1.0,EW,14,0,0
2016,37,1.0,EW,15,0,0
2016,37,1.0,EW,16,0,0
2016,37,1.0,Quantile,1,265,45
2016,37,1.0,Quantile,2,265,46
2016,37,1.0,Quantile,3,264,57
2016,37,1.0,Quantile,4,265,77
2016,37,1.0,Quantile,5,265,88
2016,37,1.0,Quantile,6,264,91
2016,37,1.0,Quantile,7,265,137
2016,37,1.0,Quantile,8,264,134
2016,37,1.0,Quantile,9,265,149
2016,37,1.0,Quantile,10,265,171
2016,37,1.0,Quantile,11,264,167
2016,37,1.0,Quantile,12,265,154
2016,37,1.0,Quantile,13,265,189
2016,37,1.0,Quantile,14,264,218
2016,37,1.0,Quantile,15,265,204
2016,37,1.0,Quantile,16,264,190
2016,37,0.05,EW,1,0,0
2016,37,0.05,EW,2,0,0
2016,37,0.05,EW,3,0,0
2016,37,0.05,EW,4,10,10
2016,37,0.05,EW,5,211,114
2016,37,0.05,EW,6,935,455
2016,37,0.05,EW,7,1696,875
2016,37,0.05,EW,8,1073,525
2016,37,0.05,EW,9,294,134
2016,37,0.05,EW,10,15,4
2016,37,0.05,EW,11,0,0
2016,37,0.05,EW,12,0,0
2016,37,0.05,EW,13,0,0
2016,37,0.05,EW,14,0,0
2016,37,0.05,EW,15,0,0
2016,37,0.05,EW,16,0,0
2016,37,0.05,Quantile,1,265,142
2016,37,0.05,Quantile,2,265,119
2016,37,0.05,Quantile,3,264,120
2016,37,0.05,Quantile,4,265,136
2016,37,0.05,Quantile,5,265,159
2016,37,0.05,Quantile,6,264,158
2016,37,0.05,Quantile,7,265,142
2016,37,0.05,Quantile,8,264,125
2016,37,0.05,Quantile,9,265,125
2016,37,0.05,Quantile,10,265,131
2016,37,0.05,Quantile,11,264,125
2016,37,0.05,Quantile,12,265,138
2016,37,0.05,Quantile,13,265,104
2016,37,0.05,Quantile,14,264,143
2016,37,0.05,Quantile,15,265,134
2016,37,0.05,Quantile,16,264,116
2016,38,1.0,EW,1,0,0
2016,38,1.0,EW,2,3,3
2016,38,1.0,EW,3,121,7
2016,38,1.0,EW,4,278,56
2016,38,1.0,EW,5,557,134
2016,38,1.0,EW,6,826,305
2016,38,1.0,EW,7,730,368
2016,38,1.0,EW,8,704,450
2016,38,1.0,EW,9,504,373
2016,38,1.0,EW,10,271,217
2016,38,1.0,EW,11,165,147
2016,38,1.0,EW,12,62,47
2016,38,1.0,EW,13,13,10
2016,38,1.0,EW,14,0,0
2016,38,1.0,EW,15,0,0
2016,38,1.0,EW,16,0,0
2016,38,1.0,Quantile,1,265,42
2016,38,1.0,Quantile,2,265,57
2016,38,1.0,Quantile,3,264,56
2016,38,1.0,Quantile,4,265,84
2016,38,1.0,Quantile,5,265,97
2016,38,1.0,Quantile,6,264,91
2016,38,1.0,Quantile,7,265,105
2016,38,1.0,Quantile,8,264,115
2016,38,1.0,Quantile,9,265,154
2016,38,1.0,Quantile,10,265,144
2016,38,1.0,Quantile,11,264,159
2016,38,1.0,Quantile,12,265,191
2016,38,1.0,Quantile,13,265,197
2016,38,1.0,Quantile,14,264,193
2016,38,1.0,Quantile,15,265,208
2016,38,1.0,Quantile,16,264,224
2016,38,0.05,EW,1,0,0
2016,38,0.05,EW,2,0,0
2016,38,0.05,EW,3,0,0
2016,38,0.05,EW,4,11,6
2016,38,0.05,EW,5,197,95
2016,38,0.05,EW,6,989,518
2016,38,0.05,EW,7,1632,807
2016,38,0.05,EW,8,1057,551
2016,38,0.05,EW,9,334,140
2016,38,0.05,EW,10,14,0
2016,38,0.05,EW,11,0,0
2016,38,0.05,EW,12,0,0
2016,38,0.05,EW,13,0,0
2016,38,0.05,EW,14,0,0
2016,38,0.05,EW,15,0,0
2016,38,0.05,EW,16,0,0
2016,38,0.05,Quantile,1,265,127
2016,38,0.05,Quantile,2,265,161
2016,38,0.05,Quantile,3,264,118
2016,38,0.05,Quantile,4,265,134
2016,38,0.05,Quantile,5,265,148
2016,38,0.05,Quantile,6,264,141
2016,38,0.05,Quantile,7,265,135
2016,38,0.05,Quantile,8,264,129
2016,38,0.05,Quantile,9,265,114
2016,38,0.05,Quantile,10,265,133
2016,38,0.05,Quantile,11,264,124
2016,38,0.05,Quantile,12,265,130
2016,38,0.05,Quantile,13,265,148
2016,38,0.05,Quantile,14,264,148
2016,38,0.05,Quantile,15,265,121
2016,38,0.05,Quantile,16,264,106
2016,39,1.0,EW,1,0,0
2016,39,1.0,EW,2,0,0
2016,39,1.0,EW,3,49,9
2016,39,1.0,EW,4,334,59
2016,39,1.0,EW,5,597,133
2016,39,1.0,EW,6,755,285
2016,39,1.0,EW,7,792,378
2016,39,1.0,EW,8,683,441
2016,39,1.0,EW,9,465,340
2016,39,1.0,EW,10,368,306
2016,39,1.0,EW,11,133,117
2016,39,1.0,EW,12,44,38
2016,39,1.0,EW,13,11,9
2016,39,1.0,EW,14,3,2
2016,39,1.0,EW,15,0,0
2016,39,1.0,EW,16,0,0
2016,39,1.0,Quantile,1,265,46
2016,39,1.0,Quantile,2,265,54
2016,39,1.0,Quantile,3,264,51
2016,39,1.0,Quantile,4,265,79
2016,39,1.0,Quantile,5,265,102
2016,39,1.0,Quantile,6,264,92
2016,39,1.0,Quantile,7,265,109
2016,39,1.0,Quantile,8,264,106
2016,39,1.0,Quantile,9,265,139
2016,39,1.0,Quantile,10,265,162
2016,39,1.0,Quantile,11,264,179
2016,39,1.0,Quantile,12,265,162
2016,39,1.0,Quantile,13,265,179
2016,39,1.0,Quantile,14,264,210
2016,39,1.0,Quantile,15,265,219
2016,39,1.0,Quantile,16,264,228
2016,39,0.05,EW,1,0,0
2016,39,0.05,EW,2,0,0
2016,39,0.05,EW,3,0,0
2016,39,0.05,EW,4,12,12
2016,39,0.05,EW,5,288,118
2016,39,0.05,EW,6,897,442
2016,39,0.05,EW,7,1540,803
2016,39,0.05,EW,8,1192,590
2016,39,0.05,EW,9,260,121
2016,39,0.05,EW,10,40,29
2016,39,0.05,EW,11,5,2
2016,39,0.05,EW,12,0,0
2016,39,0.05,EW,13,0,0
2016,39,0.05,EW,14,0,0
2016,39,0.05,EW,15,0,0
2016,39,0.05,EW,16,0,0
2016,39,0.05,Quantile,1,265,116
2016,39,0.05,Quantile,2,265,139
2016,39,0.05,Quantile,3,264,120
2016,39,0.05,Quantile,4,265,125
2016,39,0.05,Quantile,5,265,143
2016,39,0.05,Quantile,6,264,135
2016,39,0.05,Quantile,7,265,134
2016,39,0.05,Quantile,8,264,135
2016,39,0.05,Quantile,9,265,132
2016,39,0.05,Quantile,10,265,142
2016,39,0.05,Quantile,11,264,147
2016,39,0.05,Quantile,12,265,150
2016,39,0.05,Quantile,13,265,133
2016,39,0.05,Quantile,14,264,119
2016,39,0.05,Quantile,15,265,116
2016,39,0.05,Quantile,16,264,131
2016,40,1.0,EW,1,0,0
2016,40,1.0,EW,2,9,3
2016,40,1.0,EW,3,82,5
2016,40,1.0,EW,4,297,50
2016,40,1.0,EW,5,608,158
2016,40,1.0,EW,6,791,271
2016,40,1.0,EW,7,746,374
2016,40,1.0,EW,8,740,483
2016,40,1.0,EW,9,379,279
2016,40,1.0,EW,10,262,231
2016,40,1.0,EW,11,263,224
2016,40,1.0,EW,12,46,31
2016,40,1.0,EW,13,11,8
2016,40,1.0,EW,14,0,0
2016,40,1.0,EW,15,0,0
2016,40,1.0,EW,16,0,0
2016,40,1.0,Quantile,1,265,39
2016,40,1.0,Quantile,2,265,57
2016,40,1.0,Quantile,3,264,63
2016,40,1.0,Quantile,4,265,83
2016,40,1.0,Quantile,5,265,75
2016,40,1.0,Quantile,6,264,78
2016,40,1.0,Quantile,7,265,122
2016,40,1.0,Quantile,8,264,132
2016,40,1.0,Quantile,9,265,115
2016,40,1.0,Quantile,10,265,179
2016,40,1.0,Quantile,11,264,154
2016,40,1.0,Quantile,12,265,183
2016,40,1.0,Quantile,13,265,183
2016,40,1.0,Quantile,14,264,208
2016,40,1.0,Quantile,15,265,233
2016,40,1.0,Quantile,16,264,213
2016,40,0.05,EW,1,0,0
2016,40,0.05,EW,2,0,0
2016,40,0.05,EW,3,0,0
2016,40,0.05,EW,4,27,15
2016,40,0.05,EW,5,197,90
2016,40,0.05,EW,6,933,453
2016,40,0.05,EW,7,1749,943
2016,40,0.05,EW,8,1001,458
2016,40,0.05,EW,9,259,112
2016,40,0.05,EW,10,57,40
2016,40,0.05,EW,11,11,6
2016,40,0.05,EW,12,0,0
2016,40,0.05,EW,13,0,0
2016,40,0.05,EW,14,0,0
2016,40,0.05,EW,15,0,0
2016,40,0.05,EW,16,0,0
2016,40,0.05,Quantile,1,265,122
2016,40,0.05,Quantile,2,265,119
2016,40,0.05,Quantile,3,264,151
2016,40,0.05,Quantile,4,265,114
2016,40,0.05,Quantile,5,265,144
2016,40,0.05,Quantile,6,264,134
2016,40,0.05,Quantile,7,265,143
2016,40,0.05,Quantile,8,264,162
2016,40,0.05,Quantile,9,265,152
2016,40,0.05,Quantile,10,265,147
2016,40,0.05,Quantile,11,264,115
2016,40,0.05,Quantile,12,265,115
2016,40,0.05,Quantile,13,265,105
2016,40,0.05,Quantile,14,264,123
2016,40,0.05,Quantile,15,265,143
2016,40,0.05,Quantile,16,264,128
2016,41,1.0,EW,1,0,0
2016,41,1.0,EW,2,6,1
2016,41,1.0,EW,3,138,14
2016,41,1.0,EW,4,297,43
2016,41,1.0,EW,5,490,122
2016,41,1.0,EW,6,695,270
2016,41,1.0,EW,7,819,407
2016,41,1.0,EW,8,825,526
2016,41,1.0,EW,9,544,387
2016,41,1.0,EW,10,230,182
2016,41,1.0,EW,11,115,99
2016,41,1.0,EW,12,64,55
2016,41,1.0,EW,13,11,11
2016,41,1.0,EW,14,0,0
2016,41,1.0,EW,15,0,0
2016,41,1.0,EW,16,0,0
2016,41,1.0,Quantile,1,265,21
2016,41,1.0,Quantile,2,265,53
2016,41,1.0,Quantile,3,264,67
2016,41,1.0,Quantile,4,265,82
2016,41,1.0,Quantile,5,265,97
2016,41,1.0,Quantile,6,264,115
2016,41,1.0,Quantile,7,265,102
2016,41,1.0,Quantile,8,264,136
2016,41,1.0,Quantile,9,265,154
2016,41,1.0,Quantile,10,265,156
2016,41,1.0,Quantile,11,264,174
2016,41,1.0,Quantile,12,265,160
2016,41,1.0,Quantile,13,265,179
2016,41,1.0,Quantile,14,264,186
2016,41,1.0,Quantile,15,265,207
2016,41,1.0,Quantile,16,264,228
2016,41,0.05,EW,1,0,0
2016,41,0.05,EW,2,0,0
2016,41,0.05,EW,3,0,0
2016,41,0.05,EW,4,14,5
2016,41,0.05,EW,5,172,84
2016,41,0.05,EW,6,1051,572
2016,41,0.05,EW,7,1605,774
2016,41,0.05,EW,8,1039,488
2016,41,0.05,EW,9,320,186
2016,41,0.05,EW,10,33,8
2016,41,0.05,EW,11,0,0
2016,41,0.05,EW,12,0,0
2016,41,0.05,EW,13,0,0
2016,41,0.05,EW,14,0,0
2016,41,0.05,EW,15,0,0
2016,41,0.05,EW,16,0,0
2016,41,0.05,Quantile,1,265,137
2016,41,0.05,Quantile,2,265,162
2016,41,0.05,Quantile,3,264,146
2016,41,0.05,Quantile,4,265,134
2016,41,0.05,Quantile,5,265,120
2016,41,0.05,Quantile,6,264,119
2016,41,0.05,Quantile,7,265,109
2016,41,0.05,Quantile,8,264,141
2016,41,0.05,Quantile,9,265,139
2016,41,0.05,Quantile,10,265,137
2016,41,0.05,Quantile,11,264,116
2016,41,0.05,Quantile,12,265,148
2016,41,0.05,Quantile,13,265,122
2016,41,0.05,Quantile,14,264,119
2016,41,0.05,Quantile,15,265,124
2016,41,0.05,Quantile,16,264,144
2016,42,1.0,EW,1,1,1
2016,42,1.0,EW,2,10,0
2016,42,1.0,EW,3,73,9
2016,42,1.0,EW,4,329,52
2016,42,1.0,EW,5,596,143
2016,42,1.0,EW,6,724,277
2016,42,1.0,EW,7,746,359
2016,42,1.0,EW,8,698,464
2016,42,1.0,EW,9,613,467
2016,42,1.0,EW,10,278,205
2016,42,1.0,EW,11,87,68
2016,42,1.0,EW,12,59,55
2016,42,1.0,EW,13,17,15
2016,42,1.0,EW,14,3,2
2016,42,1.0,EW,15,0,0
2016,42,1.0,EW,16,0,0
2016,42,1.0,Quantile,1,265,34
2016,42,1.0,Quantile,2,265,58
2016,42,1.0,Quantile,3,264,62
2016,42,1.0,Quantile,4,265,65
2016,42,1.0,Quantile,5,265,78
2016,42,1.0,Quantile,6,264,121
2016,42,1.0,Quantile,7,265,116
2016,42,1.0,Quantile,8,264,120
2016,42,1.0,Quantile,9,265,136
2016,42,1.0,Quantile,10,265,154
2016,42,1.0,Quantile,11,264,176
2016,42,1.0,Quantile,12,265,184
2016,42,1.0,Quantile,13,265,190
2016,42,1.0,Quantile,14,264,208
2016,42,1.0,Quantile,15,265,194
2016,42,1.0,Quantile,16,264,221
2016,42,0.05,EW,1,0,0
2016,42,0.05,EW,2,0,0
2016,42,0.05,EW,3,2,2
2016,42,0.05,EW,4,33,8
2016,42,0.05,EW,5,166,84
2016,42,0.05,EW,6,989,504
2016,42,0.05,EW,7,1628,818
2016,42,0.05,EW,8,1102,558
2016,42,0.05,EW,9,281,130
2016,42,0.05,EW,10,33,13
2016,42,0.05,EW,11,0,0
2016,42,0.05,EW,12,0,0
2016,42,0.05,EW,13,0,0
2016,42,0.05,EW,14,0,0
2016,42,0.05,EW,15,0,0
2016,42,0.05,EW,16,0,0
2016,42,0.05,Quantile,1,265,132
2016,42,0.05,Quantile,2,265,136
2016,42,0.05,Quantile,3,264,124
2016,42,0.05,Quantile,4,265,139
2016,42,0.05,Quantile,5,265,130
2016,42,0.05,Quantile,6,264,151
2016,42,0.05,Quantile,7,265,132
2016,42,0.05,Quantile,8,264,123
2016,42,0.05,Quantile,9,265,127
2016,42,0.05,Quantile,10,265,134
2016,42,0.05,Quantile,11,264,130
2016,42,0.05,Quantile,12,265,133
2016,42,0.05,Quantile,13,265,137
2016,42,0.05,Quantile,14,264,140
2016,42,0.05,Quantile,15,265,127
2016,42,0.05,Quantile,16,264,122
2016,43,1.0,EW,1,0,0
2016,43,1.0,EW,2,4,1
2016,43,1.0,EW,3,70,8
2016,43,1.0,EW,4,274,54
2016,43,1.0,EW,5,596,138
2016,43,1.0,EW,6,711,268
2016,43,1.0,EW,7,924,488
2016,43,1.0,EW,8,689,422
2016,43,1.0,EW,9,522,380
2016,43,1.0,EW,10,273,217
2016,43,1.0,EW,11,124,105
2016,43,1.0,EW,12,28,23
2016,43,1.0,EW,13,6,5
2016,43,1.0,EW,14,11,8
2016,43,1.0,EW,15,2,0
2016,43,1.0,EW,16,0,0
2016,43,1.0,Quantile,1,265,42
2016,43,1.0,Quantile,2,265,61
2016,43,1.0,Quantile,3,264,46
2016,43,1.0,Quantile,4,265,79
2016,43,1.0,Quantile,5,265,101
2016,43,1.0,Quantile,6,264,104
2016,43,1.0,Quantile,7,265,131
2016,43,1.0,Quantile,8,264,145
2016,43,1.0,Quantile,9,265,140
2016,43,1.0,Quantile,10,265,135
2016,43,1.0,Quantile,11,264,140
2016,43,1.0,Quantile,12,265,183
2016,43,1.0,Quantile,13,265,195
2016,43,1.0,Quantile,14,264,190
2016,43,1.0,Quantile,15,265,208
2016,43,1.0,Quantile,16,264,217
2016,43,0.05,EW,1,0,0
2016,43,0.05,EW,2,0,0
2016,43,0.05,EW,3,0,0
2016,43,0.05,EW,4,2,2
2016,43,0.05,EW,5,168,91
2016,43,0.05,EW,6,1024,525
2016,43,0.05,EW,7,1715,886
2016,43,0.05,EW,8,975,449
2016,43,0.05,EW,9,323,151
2016,43,0.05,EW,10,26,13
2016,43,0.05,EW,11,1,0
2016,43,0.05,EW,12,0,0
2016,43,0.05,EW,13,0,0
2016,43,0.05,EW,14,0,0
2016,43,0.05,EW,15,0,0
2016,43,0.05,EW,16,0,0
2016,43,0.05,Quantile,1,265,149
2016,43,0.05,Quantile,2,265,144
2016,43,0.05,Quantile,3,264,122
2016,43,0.05,Quantile,4,265,134
2016,43,0.05,Quantile,5,265,143
2016,43,0.05,Quantile,6,264,135
2016,43,0.05,Quantile,7,265,147
2016,43,0.05,Quantile,8,264,130
2016,43,0.05,Quantile,9,265,140
2016,43,0.05,Quantile,10,265,138
2016,43,0.05,Quantile,11,264,123
2016,43,0.05,Quantile,12,265,107
2016,43,0.05,Quantile,13,265,120
2016,43,0.05,Quantile,14,264,121
2016,43,0.05,Quantile,15,265,147
2016,43,0.05,Quantile,16,264,117
2016,44,1.0,EW,1,0,0
2016,44,1.0,EW,2,9,2
2016,44,1.0,EW,3,68,18
2016,44,1.0,EW,4,295,37
2016,44,1.0,EW,5,528,165
2016,44,1.0,EW,6,910,313
2016,44,1.0,EW,7,763,382
2016,44,1.0,EW,8,677,461
2016,44,1.0,EW,9,490,350
2016,44,1.0,EW,10,260,195
2016,44,1.0,EW,11,152,124
2016,44,1.0,EW,12,56,45
2016,44,1.0,EW,13,26,25
2016,44,1.0,EW,14,0,0
2016,44,1.0,EW,15,0,0
2016,44,1.0,EW,16,0,0
2016,44,1.0,Quantile,1,265,40
2016,44,1.0,Quantile,2,265,68
2016,44,1.0,Quantile,3,264,75
2016,44,1.0,Quantile,4,265,86
2016,44,1.0,Quantile,5,265,90
2016,44,1.0,Quantile,6,264,97
2016,44,1.0,Quantile,7,265,95
2016,44,1.0,Quantile,8,264,123
2016,44,1.0,Quantile,9,265,132
2016,44,1.0,Quantile,10,265,150
2016,44,1.0,Quantile,11,264,177
2016,44,1.0,Quantile,12,265,187
2016,44,1.0,Quantile,13,265,184
2016,44,1.0,Quantile,14,264,200
2016,44,1.0,Quantile,15,265,198
2016,44,1.0,Quantile,16,264,215
2016,44,0.05,EW,1,0,0
2016,44,0.05,EW,2,0,0
2016,44,0.05,EW,3,0,0
2016,44,0.05,EW,4,2,2
2016,44,0.05,EW,5,185,102
2016,44,0.05,EW,6,1044,533
2016,44,0.05,EW,7,1601,810
2016,44,0.05,EW,8,1103,543
2016,44,0.05,EW,9,259,112
2016,44,0.05,EW,10,40,15
2016,44,0.05,EW,11,0,0
2016,44,0.05,EW,12,0,0
2016,44,0.05,EW,13,0,0
2016,44,0.05,EW,14,0,0
2016,44,0.05,EW,15,0,0
2016,44,0.05,EW,16,0,0
2016,44,0.05,Quantile,1,265,148
2016,44,0.05,Quantile,2,265,141
2016,44,0.05,Quantile,3,264,132
2016,44,0.05,Quantile,4,265,146
2016,44,0.05,Quantile,5,265,118
2016,44,0.05,Quantile,6,264,117
2016,44,0.05,Quantile,7,265,132
2016,44,0.05,Quantile,8,264,123
2016,44,0.05,Quantile,9,265,147
2016,44,0.05,Quantile,10,265,140
2016,44,0.05,Quantile,11,264,137
2016,44,0.05,Quantile,12,265,136
2016,44,0.05,Quantile,13,265,122
2016,44,0.05,Quantile,14,264,144
2016,44,0.05,Quantile,15,265,118
2016,44,0.05,Quantile,16,264,116
2016,45,1.0,EW,1,0,0
2016,45,1.0,EW,2,14,1
2016,45,1.0,EW,3,81,15
2016,45,1.0,EW,4,303,48
2016,45,1.0,EW,5,568,156
2016,45,1.0,EW,6,703,223
2016,45,1.0,EW,7,814,432
2016,45,1.0,EW,8,710,423
2016,45,1.0,EW,9,614,485
2016,45,1.0,EW,10,263,194
2016,45,1.0,EW,11,90,74
2016,45,1.0,EW,12,58,53
2016,45,1.0,EW,13,16,13
2016,45,1.0,EW,14,0,0
2016,45,1.0,EW,15,0,0
2016,45,1.0,EW,16,0,0
2016,45,1.0,Quantile,1,265,41
2016,45,1.0,Quantile,2,265,60
2016,45,1.0,Quantile,3,264,61
2016,45,1.0,Quantile,4,265,82
2016,45,1.0,Quantile,5,265,76
2016,45,1.0,Quantile,6,264,88
2016,45,1.0,Quantile,7,265,137
2016,45,1.0,Quantile,8,264,139
2016,45,1.0,Quantile,9,265,139
2016,45,1.0,Quantile,10,265,142
2016,45,1.0,Quantile,11,264,160
2016,45,1.0,Quantile,12,265,162
2016,45,1.0,Quantile,13,265,213
2016,45,1.0,Quantile,14,264,204
2016,45,1.0,Quantile,15,265,186
2016,45,1.0,Quantile,16,264,227
2016,45,0.05,EW,1,0,0
2016,45,0.05,EW,2,0,0
2016,45,0.05,EW,3,0,0
2016,45,0.05,EW,4,10,7
2016,45,0.05,EW,5,264,119
2016,45,0.05,EW,6,916,447
2016,45,0.05,EW,7,1599,816
2016,45,0.05,EW,8,1136,582
2016,45,0.05,EW,9,268,129
2016,45,0.05,EW,10,41,17
2016,45,0.05,EW,11,0,0
2016,45,0.05,EW,12,0,0
2016,45,0.05,EW,13,0,0
2016,45,0.05,EW,14,0,0
2016,45,0.05,EW,15,0,0
2016,45,0.05,EW,16,0,0
2016,45,0.05,Quantile,1,265,120
2016,45,0.05,Quantile,2,265,145
2016,45,0.05,Quantile,3,264,115
2016,45,0.05,Quantile,4,265,128
2016,45,0.05,Quantile,5,265,140
2016,45,0.05,Quantile,6,264,138
2016,45,0.05,Quantile,7,265,157
2016,45,0.05,Quantile,8,264,139
2016,45,0.05,Quantile,9,265,133
2016,45,0.05,Quantile,10,265,120
2016,45,0.05,Quantile,11,264,117
2016,45,0.05,Quantile,12,265,144
2016,45,0.05,Quantile,13,265,161
2016,45,0.05,Quantile,14,264,121
2016,45,0.05,Quantile,15,265,116
2016,45,0.05,Quantile,16,264,123
2016,46,1.0,EW,1,0,0
2016,46,1.0,EW,2,6,3
2016,46,1.0,EW,3,123,13
2016,46,1.0,EW,4,233,39
2016,46,1.0,EW,5,527,137
2016,46,1.0,EW,6,828,273
2016,46,1.0,EW,7,742,389
2016,46,1.0,EW,8,820,539
2016,46,1.0,EW,9,485,337
2016,46,1.0,EW,10,300,246
2016,46,1.0,EW,11,110,90
2016,46,1.0,EW,12,47,39
2016,46,1.0,EW,13,9,9
2016,46,1.0,EW,14,4,3
2016,46,1.0,EW,15,0,0
2016,46,1.0,EW,16,0,0
2016,46,1.0,Quantile,1,265,36
2016,46,1.0,Quantile,2,265,44
2016,46,1.0,Quantile,3,264,83
2016,46,1.0,Quantile,4,265,85
2016,46,1.0,Quantile,5,265,85
2016,46,1.0,Quantile,6,264,91
2016,46,1.0,Quantile,7,265,89
2016,46,1.0,Quantile,8,264,150
2016,46,1.0,Quantile,9,265,145
2016,46,1.0,Quantile,10,265,153
2016,46,1.0,Quantile,11,264,184
2016,46,1.0,Quantile,12,265,172
2016,46,1.0,Quantile,13,265,183
2016,46,1.0,Quantile,14,264,188
2016,46,1.0,Quantile,15,265,223
2016,46,1.0,Quantile,16,264,206
2016,46,0.05,EW,1,0,0
2016,46,0.05,EW,2,0,0
2016,46,0.05,EW,3,0,0
2016,46,0.05,EW,4,12,12
2016,46,0.05,EW,5,236,104
2016,46,0.05,EW,6,1016,507
2016,46,0.05,EW,7,1548,750
2016,46,0.05,EW,8,1028,541
2016,46,0.05,EW,9,361,189
2016,46,0.05,EW,10,33,14
2016,46,0.05,EW,11,0,0
2016,46,0.05,EW,12,0,0
2016,46,0.05,EW,13,0,0
2016,46,0.05,EW,14,0,0
2016,46,0.05,EW,15,0,0
2016,46,0.05,EW,16,0,0
2016,46,0.05,Quantile,1,265,124
2016,46,0.05,Quantile,2,265,134
2016,46,0.05,Quantile,3,264,137
2016,46,0.05,Quantile,4,265,126
2016,46,0.05,Quantile,5,265,125
2016,46,0.05,Quantile,6,264,149
2016,46,0.05,Quantile,7,265,127
2016,46,0.05,Quantile,8,264,115
2016,46,0.05,Quantile,9,265,134
2016,46,0.05,Quantile,10,265,120
2016,46,0.05,Quantile,11,264,138
2016,46,0.05,Quantile,12,265,131
2016,46,0.05,Quantile,13,265,157
2016,46,0.05,Quantile,14,264,119
2016,46,0.05,Quantile,15,265,154
2016,46,0.05,Quantile,16,264,127
2016,47,1.0,EW,1,2,0
2016,47,1.0,EW,2,19,0
2016,47,1.0,EW,3,70,17
2016,47,1.0,EW,4,287,64
2016,47,1.0,EW,5,568,134
2016,47,1.0,EW,6,764,296
2016,47,1.0,EW,7,875,439
2016,47,1.0,EW,8,546,341
2016,47,1.0,EW,9,542,400
2016,47,1.0,EW,10,423,317
2016,47,1.0,EW,11,111,91
2016,47,1.0,EW,12,27,18
2016,47,1.0,EW,13,0,0
2016,47,1.0,EW,14,0,0
2016,47,1.0,EW,15,0,0
2016,47,1.0,EW,16,0,0
2016,47,1.0,Quantile,1,265,47
2016,47,1.0,Quantile,2,265,52
2016,47,1.0,Quantile,3,264,62
2016,47,1.0,Quantile,4,265,91
2016,47,1.0,Quantile,5,265,98
2016,47,1.0,Quantile,6,264,109
2016,47,1.0,Quantile,7,265,111
2016,47,1.0,Quantile,8,264,144
2016,47,1.0,Quantile,9,265,134
2016,47,1.0,Quantile,10,265,127
2016,47,1.0,Quantile,11,264,177
2016,47,1.0,Quantile,12,265,169
2016,47,1.0,Quantile,13,265,192
2016,47,1.0,Quantile,14,264,207
2016,47,1.0,Quantile,15,265,207
2016,47,1.0,Quantile,16,264,190
2016,47,0.05,EW,1,0,0
2016,47,0.05,EW,2,0,0
2016,47,0.05,EW,3,0,0
2016,47,0.05,EW,4,18,7
2016,47,0.05,EW,5,217,95
2016,47,0.05,EW,6,995,526
2016,47,0.05,EW,7,1580,788
2016,47,0.05,EW,8,1118,556
2016,47,0.05,EW,9,271,127
2016,47,0.05,EW,10,33,18
2016,47,0.05,EW,11,2,0
2016,47,0.05,EW,12,0,0
2016,47,0.05,EW,13,0,0
2016,47,0.05,EW,14,0,0
2016,47,0.05,EW,15,0,0
2016,47,0.05,EW,16,0,0
2016,47,0.05,Quantile,1,265,116
2016,47,0.05,Quantile,2,265,145
2016,47,0.05,Quantile,3,264,140
2016,47,0.05,Quantile,4,265,130
2016,47,0.05,Quantile,5,265,139
2016,47,0.05,Quantile,6,264,116
2016,47,0.05,Quantile,7,265,126
2016,47,0.05,Quantile,8,264,156
2016,47,0.05,Quantile,9,265,143
2016,47,0.05,Quantile,10,265,132
2016,47,0.05,Quantile,11,264,123
2016,47,0.05,Quantile,12,265,134
2016,47,0.05,Quantile,13,265,123
2016,47,0.05,Quantile,14,264,126
2016,47,0.05,Quantile,15,265,145
2016,47,0.05,Quantile,16,264,123
2016,48,1.0,EW,1,11,0
2016,48,1.0,EW,2,12,2
2016,48,1.0,EW,3,77,9
2016,48,1.0,EW,4,251,48
2016,48,1.0,EW,5,574,125
2016,48,1.0,EW,6,743,290
2016,48,1.0,EW,7,908,458
2016,48,1.0,EW,8,732,465
2016,48,1.0,EW,9,406,281
2016,48,1.0,EW,10,290,245
2016,48,1.0,EW,11,163,139
2016,48,1.0,EW,12,53,43
2016,48,1.0,EW,13,2,0
2016,48,1.0,EW,14,3,3
2016,48,1.0,EW,15,9,9
2016,48,1.0,EW,16,0,0
2016,48,1.0,Quantile,1,265,38
2016,48,1.0,Quantile,2,265,52
2016,48,1.0,Quantile,3,264,71
2016,48,1.0,Quantile,4,265,83
2016,48,1.0,Quantile,5,265,106
2016,48,1.0,Quantile,6,264,87
2016,48,1.0,Quantile,7,265,147
2016,48,1.0,Quantile,8,264,115
2016,48,1.0,Quantile,9,265,119
2016,48,1.0,Quantile,10,265,147
2016,48,1.0,Quantile,11,264,165
2016,48,1.0,Quantile,12,265,181
2016,48,1.0,Quantile,13,265,169
2016,48,1.0,Quantile,14,264,194
2016,48,1.0,Quantile,15,265,224
2016,48,1.0,Quantile,16,264,219
2016,48,0.05,EW,1,0,0
2016,48,0.05,EW,2,0,0
2016,48,0.05,EW,3,0,0
2016,48,0.05,EW,4,5,3
2016,48,0.05,EW,5,213,120
2016,48,0.05,EW,6,952,450
2016,48,0.05,EW,7,1667,861
2016,48,0.05,EW,8,1096,547
2016,48,0.05,EW,9,284,133
2016,48,0.05,EW,10,17,3
2016,48,0.05,EW,11,0,0
2016,48,0.05,EW,12,0,0
2016,48,0.05,EW,13,0,0
2016,48,0.05,EW,14,0,0
2016,48,0.05,EW,15,0,0
2016,48,0.05,EW,16,0,0
2016,48,0.05,Quantile,1,265,144
2016,48,0.05,Quantile,2,265,136
2016,48,0.05,Quantile,3,264,127
2016,48,0.05,Quantile,4,265,119
2016,48,0.05,Quantile,5,265,137
2016,48,0.05,Quantile,6,264,145
2016,48,0.05,Quantile,7,265,136
2016,48,0.05,Quantile,8,264,132
2016,48,0.05,Quantile,9,265,139
2016,48,0.05,Quantile,10,265,137
2016,48,0.05,Quantile,11,264,122
2016,48,0.05,Quantile,12,265,114
2016,48,0.05,Quantile,13,265,143
2016,48,0.05,Quantile,14,264,157
2016,48,0.05,Quantile,15,265,109
2016,48,0.05,Quantile,16,264,120
2016,49,1.0,EW,1,0,0
2016,49,1.0,EW,2,2,1
2016,49,1.0,EW,3,83,15
2016,49,1.0,EW,4,305,48
2016,49,1.0,EW,5,572,167
2016,49,1.0,EW,6,709,240
2016,49,1.0,EW,7,814,401
2016,49,1.0,EW,8,740,457
2016,49,1.0,EW,9,487,369
2016,49,1.0,EW,10,364,293
2016,49,1.0,EW,11,117,91
2016,49,1.0,EW,12,29,24
2016,49,1.0,EW,13,11,11
2016,49,1.0,EW,14,1,0
2016,49,1.0,EW,15,0,0
2016,49,1.0,EW,16,0,0
2016,49,1.0,Quantile,1,265,46
2016,49,1.0,Quantile,2,265,62
2016,49,1.0,Quantile,3,264,77
2016,49,1.0,Quantile,4,265,65
2016,49,1.0,Quantile,5,265,78
2016,49,1.0,Quantile,6,264,106
2016,49,1.0,Quantile,7,265,119
2016,49,1.0,Quantile,8,264,128
2016,49,1.0,Quantile,9,265,125
2016,49,1.0,Quantile,10,265,166
2016,49,1.0,Quantile,11,264,170
2016,49,1.0,Quantile,12,265,158
2016,49,1.0,Quantile,13,265,198
2016,49,1.0,Quantile,14,264,195
2016,49,1.0,Quantile,15,265,203
2016,49,1.0,Quantile,16,264,221
2016,49,0.05,EW,1,0,0
2016,49,0.05,EW,2,0,0
2016,49,0.05,EW,3,1,1
2016,49,0.05,EW,4,16,9
2016,49,0.05,EW,5,249,102
2016,49,0.05,EW,6,973,482
2016,49,0.05,EW,7,1602,823
2016,49,0.05,EW,8,1031,540
2016,49,0.05,EW,9,324,145
2016,49,0.05,EW,10,32,15
2016,49,0.05,EW,11,6,0
2016,49,0.05,EW,12,0,0
2016,49,0.05,EW,13,0,0
2016,49,0.05,EW,14,0,0
2016,49,0.05,EW,15,0,0
2016,49,0.05,EW,16,0,0
2016,49,0.05,Quantile,1,265,112
2016,49,0.05,Quantile,2,265,130
2016,49,0.05,Quantile,3,264,147
2016,49,0.05,Quantile,4,265,125
2016,49,0.05,Quantile,5,265,118
2016,49,0.05,Quantile,6,264,160
2016,49,0.05,Quantile,7,265,156
2016,49,0.05,Quantile,8,264,146
2016,49,0.05,Quantile,9,265,115
2016,49,0.05,Quantile,10,265,117
2016,49,0.05,Quantile,11,264,128
2016,49,0.05,Quantile,12,265,117
2016,49,0.05,Quantile,13,265,138
2016,49,0.05,Quantile,14,264,153
2016,49,0.05,Quantile,15,265,142
2016,49,0.05,Quantile,16,264,113
2016,50,1.0,EW,1,0,0
2016,50,1.0,EW,2,10,2
2016,50,1.0,EW,3,103,11
2016,50,1.0,EW,4,276,58
2016,50,1.0,EW,5,517,111
2016,50,1.0,EW,6,807,331
2016,50,1.0,EW,7,872,417
2016,50,1.0,EW,8,718,479
2016,50,1.0,EW,9,436,309
2016,50,1.0,EW,10,286,233
2016,50,1.0,EW,11,111,82
2016,50,1.0,EW,12,34,30
2016,50,1.0,EW,13,50,43
2016,50,1.0,EW,14,13,11
2016,50,1.0,EW,15,1,0
2016,50,1.0,EW,16,0,0
2016,50,1.0,Quantile,1,265,36
2016,50,1.0,Quantile,2,265,66
2016,50,1.0,Quantile,3,264,41
2016,50,1.0,Quantile,4,265,97
2016,50,1.0,Quantile,5,265,101
2016,50,1.0,Quantile,6,264,126
2016,50,1.0,Quantile,7,265,103
2016,50,1.0,Quantile,8,264,122
2016,50,1.0,Quantile,9,265,133
2016,50,1.0,Quantile,10,265,141
2016,50,1.0,Quantile,11,264,177
2016,50,1.0,Quantile,12,265,183
2016,50,1.0,Quantile,13,265,167
2016,50,1.0,Quantile,14,264,198
2016,50,1.0,Quantile,15,265,216
2016,50,1.0,Quantile,16,264,210
2016,50,0.05,EW,1,0,0
2016,50,0.05,EW,2,0,0
2016,50,0.05,EW,3,0,0
2016,50,0.05,EW,4,13,11
2016,50,0.05,EW,5,208,112
2016,50,0.05,EW,6,980,490
2016,50,0.05,EW,7,1613,796
2016,50,0.05,EW,8,1101,539
2016,50,0.05,EW,9,274,152
2016,50,0.05,EW,10,45,17
2016,50,0.05,EW,11,0,0
2016,50,0.05,EW,12,0,0
2016,50,0.05,EW,13,0,0
2016,50,0.05,EW,14,0,0
2016,50,0.05,EW,15,0,0
2016,50,0.05,EW,16,0,0
2016,50,0.05,Quantile,1,265,140
2016,50,0.05,Quantile,2,265,117
2016,50,0.05,Quantile,3,264,137
2016,50,0.05,Quantile,4,265,142
2016,50,0.05,Quantile,5,265,132
2016,50,0.05,Quantile,6,264,118
2016,50,0.05,Quantile,7,265,153
2016,50,0.05,Quantile,8,264,142
2016,50,0.05,Quantile,9,265,133
2016,50,0.05,Quantile,10,265,120
2016,50,0.05,Quantile,11,264,133
2016,50,0.05,Quantile,12,265,133
2016,50,0.05,Quantile,13,265,135
2016,50,0.05,Quantile,14,264,117
2016,50,0.05,Quantile,15,265,124
2016,50,0.05,Quantile,16,264,141
2016,51,1.0,EW,1,0,0
2016,51,1.0,EW,2,16,4
2016,51,1.0,EW,3,115,12
2016,51,1.0,EW,4,257,54
2016,51,1.0,EW,5,581,123
2016,51,1.0,EW,6,706,257
2016,51,1.0,EW,7,762,399
2016,51,1.0,EW,8,829,529
2016,51,1.0,EW,9,464,340
2016,51,1.0,EW,10,316,246
2016,51,1.0,EW,11,142,117
2016,51,1.0,EW,12,44,36
2016,51,1.0,EW,13,2,0
2016,51,1.0,EW,14,0,0
2016,51,1.0,EW,15,0,0
2016,51,1.0,EW,16,0,0
2016,51,1.0,Quantile,1,265,35
2016,51,1.0,Quantile,2,265,69
2016,51,1.0,Quantile,3,264,34
2016,51,1.0,Quantile,4,265,97
2016,51,1.0,Quantile,5,265,87
2016,51,1.0,Quantile,6,264,91
2016,51,1.0,Quantile,7,265,122
2016,51,1.0,Quantile,8,264,140
2016,51,1.0,Quantile,9,265,141
2016,51,1.0,Quantile,10,265,175
2016,51,1.0,Quantile,11,264,176
2016,51,1.0,Quantile,12,265,155
2016,51,1.0,Quantile,13,265,168
2016,51,1.0,Quantile,14,264,206
2016,51,1.0,Quantile,15,265,214
2016,51,1.0,Quantile,16,264,207
2016,51,0.05,EW,1,0,0
2016,51,0.05,EW,2,0,0
2016,51,0.05,EW,3,0,0
2016,51,0.05,EW,4,20,11
2016,51,0.05,EW,5,172,87
2016,51,0.05,EW,6,1059,538
2016,51,0.05,EW,7,1648,850
2016,51,0.05,EW,8,995,468
2016,51,0.05,EW,9,261,118
2016,51,0.05,EW,10,73,42
2016,51,0.05,EW,11,6,3
2016,51,0.05,EW,12,0,0
2016,51,0.05,EW,13,0,0
2016,51,0.05,EW,14,0,0
2016,51,0.05,EW,15,0,0
2016,51,0.05,EW,16,0,0
2016,51,0.05,Quantile,1,265,151
2016,51,0.05,Quantile,2,265,150
2016,51,0.05,Quantile,3,264,131
2016,51,0.05,Quantile,4,265,115
2016,51,0.05,Quantile,5,265,132
2016,51,0.05,Quantile,6,264,131
2016,51,0.05,Quantile,7,265,149
2016,51,0.05,Quantile,8,264,142
2016,51,0.05,Quantile,9,265,139
2016,51,0.05,Quantile,10,265,133
2016,51,0.05,Quantile,11,264,120
2016,51,0.05,Quantile,12,265,120
2016,51,0.05,Quantile,13,265,145
2016,51,0.05,Quantile,14,264,116
2016,51,0.05,Quantile,15,265,112
2016,51,0.05,Quantile,16,264,131
2016,52,1.0,EW,1,12,0
2016,52,1.0,EW,2,10,3
2016,52,1.0,EW,3,118,12
2016,52,1.0,EW,4,193,32
2016,52,1.0,EW,5,614,168
2016,52,1.0,EW,6,765,278
2016,52,1.0,EW,7,757,385
2016,52,1.0,EW,8,722,459
2016,52,1.0,EW,9,563,386
2016,52,1.0,EW,10,308,263
2016,52,1.0,EW,11,141,109
2016,52,1.0,EW,12,31,22
2016,52,1.0,EW,13,0,0
2016,52,1.0,EW,14,0,0
2016,52,1.0,EW,15,0,0
2016,52,1.0,EW,16,0,0
2016,52,1.0,Quantile,1,265,29
2016,52,1.0,Quantile,2,265,80
2016,52,1.0,Quantile,3,264,65
2016,52,1.0,Quantile,4,265,70
2016,52,1.0,Quantile,5,265,104
2016,52,1.0,Quantile,6,264,84
2016,52,1.0,Quantile,7,265,121
2016,52,1.0,Quantile,8,264,127
2016,52,1.0,Quantile,9,265,145
2016,52,1.0,Quantile,10,265,151
2016,52,1.0,Quantile,11,264,180
2016,52,1.0,Quantile,12,265,171
2016,52,1.0,Quantile,13,265,184
2016,52,1.0,Quantile,14,264,182
2016,52,1.0,Quantile,15,265,212
2016,52,1.0,Quantile,16,264,212
2016,52,0.05,EW,1,0,0
2016,52,0.05,EW,2,0,0
2016,52,0.05,EW,3,13,0
2016,52,0.05,EW,4,17,11
2016,52,0.05,EW,5,202,96
2016,52,0.05,EW,6,901,466
2016,52,0.05,EW,7,1667,905
2016,52,0.05,EW,8,1183,537
2016,52,0.05,EW,9,233,94
2016,52,0.05,EW,10,15,8
2016,52,0.05,EW,11,3,0
2016,52,0.05,EW,12,0,0
2016,52,0.05,EW,13,0,0
2016,52,0.05,EW,14,0,0
2016,52,0.05,EW,15,0,0
2016,52,0.05,EW,16,0,0
2016,52,0.05,Quantile,1,265,125
2016,52,0.05,Quantile,2,265,129
2016,52,0.05,Quantile,3,264,131
2016,52,0.05,Quantile,4,265,144
2016,52,0.05,Quantile,5,265,141
2016,52,0.05,Quantile,6,264,141
2016,52,0.05,Quantile,7,265,149
2016,52,0.05,Quantile,8,264,153
2016,52,0.05,Quantile,9,265,148
2016,52,0.05,Quantile,10,265,145
2016,52,0.05,Quantile,11,264,125
2016,52,0.05,Quantile,12,265,129
2016,52,0.05,Quantile,13,265,112
2016,52,0.05,Quantile,14,264,120
2016,52,0.05,Quantile,15,265,118
2016,52,0.05,Quantile,16,264,107
2016,53,1.0,EW,1,0,0
2016,53,1.0,EW,2,26,2
2016,53,1.0,EW,3,119,15
2016,53,1.0,EW,4,258,45
2016,53,1.0,EW,5,540,146
2016,53,1.0,EW,6,816,279
2016,53,1.0,EW,7,684,364
2016,53,1.0,EW,8,718,482
2016,53,1.0,EW,9,579,414
2016,53,1.0,EW,10,350,251
2016,53,1.0,EW,11,86,75
2016,53,1.0,EW,12,46,37
2016,53,1.0,EW,13,12,7
2016,53,1.0,EW,14,0,0
2016,53,1.0,EW,15,0,0
2016,53,1.0,EW,16,0,0
2016,53,1.0,Quantile,1,265,27
2016,53,1.0,Quantile,2,265,59
2016,53,1.0,Quantile,3,264,82
2016,53,1.0,Quantile,4,265,69
2016,53,1.0,Quantile,5,265,106
2016,53,1.0,Quantile,6,264,83
2016,53,1.0,Quantile,7,265,95
2016,53,1.0,Quantile,8,264,143
2016,53,1.0,Quantile,9,265,142
2016,53,1.0,Quantile,10,265,175
2016,53,1.0,Quantile,11,264,178
2016,53,1.0,Quantile,12,265,185
2016,53,1.0,Quantile,13,265,168
2016,53,1.0,Quantile,14,264,207
2016,53,1.0,Quantile,15,265,205
2016,53,1.0,Quantile,16,264,193
2016,53,0.05,EW,1,0,0
2016,53,0.05,EW,2,0,0
2016,53,0.05,EW,3,0,0
2016,53,0.05,EW,4,22,10
2016,53,0.05,EW,5,175,95
2016,53,0.05,EW,6,989,505
2016,53,0.05,EW,7,1686,859
2016,53,0.05,EW,8,1040,512
2016,53,0.05,EW,9,298,136
2016,53,0.05,EW,10,24,0
2016,53,0.05,EW,11,0,0
2016,53,0.05,EW,12,0,0
2016,53,0.05,EW,13,0,0
2016,53,0.05,EW,14,0,0
2016,53,0.05,EW,15,0,0
2016,53,0.05,EW,16,0,0
2016,53,0.05,Quantile,1,265,143
2016,53,0.05,Quantile,2,265,124
2016,53,0.05,Quantile,3,264,149
2016,53,0.05,Quantile,4,265,131
2016,53,0.05,Quantile,5,265,133
2016,53,0.05,Quantile,6,264,139
2016,53,0.05,Quantile,7,265,138
2016,53,0.05,Quantile,8,264,130
2016,53,0.05,Quantile,9,265,135
2016,53,0.05,Quantile,10,265,143
2016,53,0.05,Quantile,11,264,125
2016,53,0.05,Quantile,12,265,128
2016,53,0.05,Quantile,13,265,130
2016,53,0.05,Quantile,14,264,123
2016,53,0.05,Quantile,15,265,142
2016,53,0.05,Quantile,16,264,104
2016,54,1.0,EW,1,0,0
2016,54,1.0,EW,2,5,2
2016,54,1.0,EW,3,111,12
2016,54,1.0,EW,4,364,55
2016,54,1.0,EW,5,454,92
2016,54,1.0,EW,6,710,310
2016,54,1.0,EW,7,884,452
2016,54,1.0,EW,8,712,428
2016,54,1.0,EW,9,496,354
2016,54,1.0,EW,10,285,240
2016,54,1.0,EW,11,153,126
2016,54,1.0,EW,12,40,27
2016,54,1.0,EW,13,19,18
2016,54,1.0,EW,14,1,1
2016,54,1.0,EW,15,0,0
2016,54,1.0,EW,16,0,0
2016,54,1.0,Quantile,1,265,41
2016,54,1.0,Quantile,2,265,34
2016,54,1.0,Quantile,3,264,58
2016,54,1.0,Quantile,4,265,73
2016,54,1.0,Quantile,5,265,92
2016,54,1.0,Quantile,6,264,148
2016,54,1.0,Quantile,7,265,119
2016,54,1.0,Quantile,8,264,121
2016,54,1.0,Quantile,9,265,135
2016,54,1.0,Quantile,10,265,168
2016,54,1.0,Quantile,11,264,164
2016,54,1.0,Quantile,12,265,154
2016,54,1.0,Quantile,13,265,196
2016,54,1.0,Quantile,14,264,180
2016,54,1.0,Quantile,15,265,215
2016,54,1.0,Quantile,16,264,219
2016,54,0.05,EW,1,0,0
2016,54,0.05,EW,2,0,0
2016,54,0.05,EW,3,1,0
2016,54,0.05,EW,4,15,5
2016,54,0.05,EW,5,230,133
2016,54,0.05,EW,6,850,415
2016,54,0.05,EW,7,1787,921
2016,54,0.05,EW,8,1078,546
2016,54,0.05,EW,9,253,91
2016,54,0.05,EW,10,19,6
2016,54,0.05,EW,11,1,0
2016,54,0.05,EW,12,0,0
2016,54,0.05,EW,13,0,0
2016,54,0.05,EW,14,0,0
2016,54,0.05,EW,15,0,0
2016,54,0.05,EW,16,0,0
2016,54,0.05,Quantile,1,265,145
2016,54,0.05,Quantile,2,265,108
2016,54,0.05,Quantile,3,264,146
2016,54,0.05,Quantile,4,265,133
2016,54,0.05,Quantile,5,265,163
2016,54,0.05,Quantile,6,264,152
2016,54,0.05,Quantile,7,265,143
2016,54,0.05,Quantile,8,264,113
2016,54,0.05,Quantile,9,265,140
2016,54,0.05,Quantile,10,265,122
2016,54,0.05,Quantile,11,264,122
2016,54,0.05,Quantile,12,265,125
2016,54,0.05,Quantile,13,265,133
2016,54,0.05,Quantile,14,264,144
2016,54,0.05,Quantile,15,265,132
2016,54,0.05,Quantile,16,264,96
2016,55,1.0,EW,1,3,0
2016,55,1.0,EW,2,9,1
2016,55,1.0,EW,3,68,14
2016,55,1.0,EW,4,312,65
2016,55,1.0,EW,5,579,140
2016,55,1.0,EW,6,769,269
2016,55,1.0,EW,7,765,375
2016,55,1.0,EW,8,703,463
2016,55,1.0,EW,9,550,401
2016,55,1.0,EW,10,262,205
2016,55,1.0,EW,11,127,118
2016,55,1.0,EW,12,76,60
2016,55,1.0,EW,13,10,6
2016,55,1.0,EW,14,1,0
2016,55,1.0,EW,15,0,0
2016,55,1.0,EW,16,0,0
2016,55,1.0,Quantile,1,265,58
2016,55,1.0,Quantile,2,265,50
2016,55,1.0,Quantile,3,264,52
2016,55,1.0,Quantile,4,265,90
2016,55,1.0,Quantile,5,265,83
2016,55,1.0,Quantile,6,264,95
2016,55,1.0,Quantile,7,265,102
2016,55,1.0,Quantile,8,264,120
2016,55,1.0,Quantile,9,265,138
2016,55,1.0,Quantile,10,265,168
2016,55,1.0,Quantile,11,264,171
2016,55,1.0,Quantile,12,265,173
2016,55,1.0,Quantile,13,265,187
2016,55,1.0,Quantile,14,264,200
2016,55,1.0,Quantile,15,265,202
2016,55,1.0,Quantile,16,264,228
2016,55,0.05,EW,1,0,0
2016,55,0.05,EW,2,0,0
2016,55,0.05,EW,3,2,1
2016,55,0.05,EW,4,15,2
2016,55,0.05,EW,5,207,103
2016,55,0.05,EW,6,957,502
2016,55,0.05,EW,7,1709,858
2016,55,0.05,EW,8,1018,497
2016,55,0.05,EW,9,283,134
2016,55,0.05,EW,10,33,12
2016,55,0.05,EW,11,10,8
2016,55,0.05,EW,12,0,0
2016,55,0.05,EW,13,0,0
2016,55,0.05,EW,14,0,0
2016,55,0.05,EW,15,0,0
2016,55,0.05,EW,16,0,0
2016,55,0.05,Quantile,1,265,124
2016,55,0.05,Quantile,2,265,126
2016,55,0.05,Quantile,3,264,146
2016,55,0.05,Quantile,4,265,148
2016,55,0.05,Quantile,5,265,139
2016,55,0.05,Quantile,6,264,134
2016,55,0.05,Quantile,7,265,150
2016,55,0.05,Quantile,8,264,129
2016,55,0.05,Quantile,9,265,140
2016,55,0.05,Quantile,10,265,127
2016,55,0.05,Quantile,11,264,113
2016,55,0.05,Quantile,12,265,124
2016,55,0.05,Quantile,13,265,102
2016,55,0.05,Quantile,14,264,140
2016,55,0.05,Quantile,15,265,154
2016,55,0.05,Quantile,16,264,121
2016,56,1.0,EW,1,0,0
2016,56,1.0,EW,2,26,2
2016,56,1.0,EW,3,74,7
2016,56,1.0,EW,4,289,47
2016,56,1.0,EW,5,619,162
2016,56,1.0,EW,6,710,256
2016,56,1.0,EW,7,828,409
2016,56,1.0,EW,8,675,424
2016,56,1.0,EW,9,473,354
2016,56,1.0,EW,10,290,252
2016,56,1.0,EW,11,203,166
2016,56,1.0,EW,12,33,28
2016,56,1.0,EW,13,14,10
2016,56,1.0,EW,14,0,0
2016,56,1.0,EW,15,0,0
2016,56,1.0,EW,16,0,0
2016,56,1.0,Quantile,1,265,40
2016,56,1.0,Quantile,2,265,47
2016,56,1.0,Quantile,3,264,75
2016,56,1.0,Quantile,4,265,72
2016,56,1.0,Quantile,5,265,68
2016,56,1.0,Quantile,6,264,120
2016,56,1.0,Quantile,7,265,94
2016,56,1.0,Quantile,8,264,151
2016,56,1.0,Quantile,9,265,138
2016,56,1.0,Quantile,10,265,140
2016,56,1.0,Quantile,11,264,179
2016,56,1.0,Quantile,12,265,160
2016,56,1.0,Quantile,13,265,195
2016,56,1.0,Quantile,14,264,192
2016,56,1.0,Quantile,15,265,228
2016,56,1.0,Quantile,16,264,218
2016,56,0.05,EW,1,0,0
2016,56,0.05,EW,2,0,0
2016,56,0.05,EW,3,0,0
2016,56,0.05,EW,4,23,10
2016,56,0.05,EW,5,190,97
2016,56,0.05,EW,6,1076,538
2016,56,0.05,EW,7,1506,751
2016,56,0.05,EW,8,1100,556
2016,56,0.05,EW,9,292,144
2016,56,0.05,EW,10,44,20
2016,56,0.05,EW,11,3,1
2016,56,0.05,EW,12,0,0
2016,56,0.05,EW,13,0,0
2016,56,0.05,EW,14,0,0
2016,56,0.05,EW,15,0,0
2016,56,0.05,EW,16,0,0
2016,56,0.05,Quantile,1,265,130
2016,56,0.05,Quantile,2,265,131
2016,56,0.05,Quantile,3,264,154
2016,56,0.05,Quantile,4,265,136
2016,56,0.05,Quantile,5,265,106
2016,56,0.05,Quantile,6,264,106
2016,56,0.05,Quantile,7,265,107
2016,56,0.05,Quantile,8,264,150
2016,56,0.05,Quantile,9,265,156
2016,56,0.05,Quantile,10,265,150
2016,56,0.05,Quantile,11,264,134
2016,56,0.05,Quantile,12,265,137
2016,56,0.05,Quantile,13,265,143
2016,56,0.05,Quantile,14,264,143
2016,56,0.05,Quantile,15,265,99
2016,56,0.05,Quantile,16,264,135
2016,57,1.0,EW,1,0,0
2016,57,1.0,EW,2,16,1
2016,57,1.0,EW,3,60,8
2016,57,1.0,EW,4,269,57
2016,57,1.0,EW,5,569,150
2016,57,1.0,EW,6,836,291
2016,57,1.0,EW,7,837,419
2016,57,1.0,EW,8,706,448
2016,57,1.0,EW,9,468,365
2016,57,1.0,EW,10,235,174
2016,57,1.0,EW,11,147,127
2016,57,1.0,EW,12,57,47
2016,57,1.0,EW,13,34,30
2016,57,1.0,EW,14,0,0
2016,57,1.0,EW,15,0,0
2016,57,1.0,EW,16,0,0
2016,57,1.0,Quantile,1,265,47
2016,57,1.0,Quantile,2,265,47
2016,57,1.0,Quantile,3,264,92
2016,57,1.0,Quantile,4,265,77
2016,57,1.0,Quantile,5,265,85
2016,57,1.0,Quantile,6,264,94
2016,57,1.0,Quantile,7,265,111
2016,57,1.0,Quantile,8,264,122
2016,57,1.0,Quantile,9,265,143
2016,57,1.0,Quantile,10,265,147
2016,57,1.0,Quantile,11,264,170
2016,57,1.0,Quantile,12,265,175
2016,57,1.0,Quantile,13,265,166
2016,57,1.0,Quantile,14,264,216
2016,57,1.0,Quantile,15,265,202
2016,57,1.0,Quantile,16,264,223
2016,57,0.05,EW,1,0,0
2016,57,0.05,EW,2,0,0
2016,57,0.05,EW,3,0,0
2016,57,0.05,EW,4,17,10
2016,57,0.05,EW,5,204,98
2016,57,0.05,EW,6,932,510
2016,57,0.05,EW,7,1701,815
2016,57,0.05,EW,8,1093,551
2016,57,0.05,EW,9,259,126
2016,57,0.05,EW,10,27,7
2016,57,0.05,EW,11,1,0
2016,57,0.05,EW,12,0,0
2016,57,0.05,EW,13,0,0
2016,57,0.05,EW,14,0,0
2016,57,0.05,EW,15,0,0
2016,57,0.05,EW,16,0,0
2016,57,0.05,Quantile,1,265,128
2016,57,0.05,Quantile,2,265,138
2016,57,0.05,Quantile,3,264,152
2016,57,0.05,Quantile,4,265,155
2016,57,0.05,Quantile,5,265,122
2016,57,0.05,Quantile,6,264,124
2016,57,0.05,Quantile,7,265,137
2016,57,0.05,Quantile,8,264,136
2016,57,0.05,Quantile,9,265,122
2016,57,0.05,Quantile,10,265,121
2016,57,0.05,Quantile,11,264,128
2016,57,0.05,Quantile,12,265,134
2016,57,0.05,Quantile,13,265,145
2016,57,0.05,Quantile,14,264,123
2016,57,0.05,Quantile,15,265,132
2016,57,0.05,Quantile,16,264,120
2016,58,1.0,EW,1,0,0
2016,58,1.0,EW,2,14,2
2016,58,1.0,EW,3,83,9
2016,58,1.0,EW,4,327,70
2016,58,1.0,EW,5,507,114
2016,58,1.0,EW,6,636,252
2016,58,1.0,EW,7,955,503
2016,58,1.0,EW,8,784,481
2016,58,1.0,EW,9,473,332
2016,58,1.0,EW,10,273,210
2016,58,1.0,EW,11,130,107
2016,58,1.0,EW,12,49,37
2016,58,1.0,EW,13,3,0
2016,58,1.0,EW,14,0,0
2016,58,1.0,EW,15,0,0
2016,58,1.0,EW,16,0,0
2016,58,1.0,Quantile,1,265,60
2016,58,1.0,Quantile,2,265,34
2016,58,1.0,Quantile,3,264,50
2016,58,1.0,Quantile,4,265,97
2016,58,1.0,Quantile,5,265,113
2016,58,1.0,Quantile,6,264,99
2016,58,1.0,Quantile,7,265,151
2016,58,1.0,Quantile,8,264,140
2016,58,1.0,Quantile,9,265,136
2016,58,1.0,Quantile,10,265,149
2016,58,1.0,Quantile,11,264,161
2016,58,1.0,Quantile,12,265,153
2016,58,1.0,Quantile,13,265,178
2016,58,1.0,Quantile,14,264,192
2016,58,1.0,Quantile,15,265,197
2016,58,1.0,Quantile,16,264,207
2016,58,0.05,EW,1,0,0
2016,58,0.05,EW,2,0,0
2016,58,0.05,EW,3,1,1
2016,58,0.05,EW,4,16,8
2016,58,0.05,EW,5,181,91
2016,58,0.05,EW,6,951,518
2016,58,0.05,EW,7,1769,887
2016,58,0.05,EW,8,975,450
2016,58,0.05,EW,9,307,146
2016,58,0.05,EW,10,31,16
2016,58,0.05,EW,11,3,0
2016,58,0.05,EW,12,0,0
2016,58,0.05,EW,13,0,0
2016,58,0.05,EW,14,0,0
2016,58,0.05,EW,15,0,0
2016,58,0.05,EW,16,0,0
2016,58,0.05,Quantile,1,265,140
2016,58,0.05,Quantile,2,265,141
2016,58,0.05,Quantile,3,264,143
2016,58,0.05,Quantile,4,265,142
2016,58,0.05,Quantile,5,265,154
2016,58,0.05,Quantile,6,264,147
2016,58,0.05,Quantile,7,265,147
2016,58,0.05,Quantile,8,264,118
2016,58,0.05,Quantile,9,265,103
2016,58,0.05,Quantile,10,265,125
2016,58,0.05,Quantile,11,264,144
2016,58,0.05,Quantile,12,265,105
2016,58,0.05,Quantile,13,265,128
2016,58,0.05,Quantile,14,264,118
2016,58,0.05,Quantile,15,265,139
2016,58,0.05,Quantile,16,264,123
2016,59,1.0,EW,1,0,0
2016,59,1.0,EW,2,4,1
2016,59,1.0,EW,3,101,8
2016,59,1.0,EW,4,276,39
2016,59,1.0,EW,5,513,135
2016,59,1.0,EW,6,821,313
2016,59,1.0,EW,7,858,423
2016,59,1.0,EW,8,660,413
2016,59,1.0,EW,9,466,343
2016,59,1.0,EW,10,313,271
2016,59,1.0,EW,11,183,140
2016,59,1.0,EW,12,31,29
2016,59,1.0,EW,13,8,2
2016,59,1.0,EW,14,0,0
2016,59,1.0,EW,15,0,0
2016,59,1.0,EW,16,0,0
2016,59,1.0,Quantile,1,265,31
2016,59,1.0,Quantile,2,265,49
2016,59,1.0,Quantile,3,264,65
2016,59,1.0,Quantile,4,265,104
2016,59,1.0,Quantile,5,265,78
2016,59,1.0,Quantile,6,264,112
2016,59,1.0,Quantile,7,265,121
2016,59,1.0,Quantile,8,264,123
2016,59,1.0,Quantile,9,265,130
2016,59,1.0,Quantile,10,265,154
2016,59,1.0,Quantile,11,264,157
2016,59,1.0,Quantile,12,265,170
2016,59,1.0,Quantile,13,265,195
2016,59,1.0,Quantile,14,264,191
2016,59,1.0,Quantile,15,265,225
2016,59,1.0,Quantile,16,264,212
2016,59,0.05,EW,1,0,0
2016,59,0.05,EW,2,0,0
2016,59,0.05,EW,3,0,0
2016,59,0.05,EW,4,10,10
2016,59,0.05,EW,5,228,118
2016,59,0.05,EW,6,907,464
2016,59,0.05,EW,7,1704,840
2016,59,0.05,EW,8,1085,544
2016,59,0.05,EW,9,269,131
2016,59,0.05,EW,10,28,10
2016,59,0.05,EW,11,3,0
2016,59,0.05,EW,12,0,0
2016,59,0.05,EW,13,0,0
2016,59,0.05,EW,14,0,0
2016,59,0.05,EW,15,0,0
2016,59,0.05,EW,16,0,0
2016,59,0.05,Quantile,1,265,141
2016,59,0.05,Quantile,2,265,119
2016,59,0.05,Quantile,3,264,140
2016,59,0.05,Quantile,4,265,139
2016,59,0.05,Quantile,5,265,154
2016,59,0.05,Quantile,6,264,142
2016,59,0.05,Quantile,7,265,109
2016,59,0.05,Quantile,8,264,129
2016,59,0.05,Quantile,9,265,124
2016,59,0.05,Quantile,10,265,121
2016,59,0.05,Quantile,11,264,152
2016,59,0.05,Quantile,12,265,124
2016,59,0.05,Quantile,13,265,141
2016,59,0.05,Quantile,14,264,133
2016,59,0.05,Quantile,15,265,126
2016,59,0.05,Quantile,16,264,123
2016,60,1.0,EW,1,0,0
2016,60,1.0,EW,2,1,1
2016,60,1.0,EW,3,49,15
2016,60,1.0,EW,4,291,46
2016,60,1.0,EW,5,605,153
2016,60,1.0,EW,6,848,308
2016,60,1.0,EW,7,677,319
2016,60,1.0,EW,8,774,500
2016,60,1.0,EW,9,497,371
2016,60,1.0,EW,10,318,260
2016,60,1.0,EW,11,131,113
2016,60,1.0,EW,12,37,26
2016,60,1.0,EW,13,6,5
2016,60,1.0,EW,14,0,0
2016,60,1.0,EW,15,0,0
2016,60,1.0,EW,16,0,0
2016,60,1.0,Quantile,1,265,53
2016,60,1.0,Quantile,2,265,42
2016,60,1.0,Quantile,3,264,72
2016,60,1.0,Quantile,4,265,88
2016,60,1.0,Quantile,5,265,84
2016,60,1.0,Quantile,6,264,105
2016,60,1.0,Quantile,7,265,102
2016,60,1.0,Quantile,8,264,93
2016,60,1.0,Quantile,9,265,140
2016,60,1.0,Quantile,10,265,188
2016,60,1.0,Quantile,11,264,153
2016,60,1.0,Quantile,12,265,174
2016,60,1.0,Quantile,13,265,187
2016,60,1.0,Quantile,14,264,203
2016,60,1.0,Quantile,15,265,214
2016,60,1.0,Quantile,16,264,219
2016,60,0.05,EW,1,0,0
2016,60,0.05,EW,2,0,0
2016,60,0.05,EW,3,0,0
2016,60,0.05,EW,4,20,12
2016,60,0.05,EW,5,227,98
2016,60,0.05,EW,6,939,496
2016,60,0.05,EW,7,1655,836
2016,60,0.05,EW,8,1027,468
2016,60,0.05,EW,9,333,195
2016,60,0.05,EW,10,33,12
2016,60,0.05,EW,11,0,0
2016,60,0.05,EW,12,0,0
2016,60,0.05,EW,13,0,0
2016,60,0.05,EW,14,0,0
2016,60,0.05,EW,15,0,0
2016,60,0.05,EW,16,0,0
2016,60,0.05,Quantile,1,265,119
2016,60,0.05,Quantile,2,265,147
2016,60,0.05,Quantile,3,264,134
2016,60,0.05,Quantile,4,265,148
2016,60,0.05,Quantile,5,265,122
2016,60,0.05,Quantile,6,264,126
2016,60,0.05,Quantile,7,265,126
2016,60,0.05,Quantile,8,264,141
2016,60,0.05,Quantile,9,265,148
2016,60,0.05,Quantile,10,265,123
2016,60,0.05,Quantile,11,264,145
2016,60,0.05,Quantile,12,265,109
2016,60,0.05,Quantile,13,265,117
2016,60,0.05,Quantile,14,264,129
2016,60,0.05,Quantile,15,265,139
2016,60,0.05,Quantile,16,264,144
2016,61,1.0,EW,1,0,0
2016,61,1.0,EW,2,1,1
2016,61,1.0,EW,3,86,14
2016,61,1.0,EW,4,243,36
2016,61,1.0,EW,5,595,153
2016,61,1.0,EW,6,738,299
2016,61,1.0,EW,7,916,464
2016,61,1.0,EW,8,741,435
2016,61,1.0,EW,9,507,381
2016,61,1.0,EW,10,208,167
2016,61,1.0,EW,11,101,83
2016,61,1.0,EW,12,53,45
2016,61,1.0,EW,13,33,31
2016,61,1.0,EW,14,1,1
2016,61,1.0,EW,15,11,7
2016,61,1.0,EW,16,0,0
2016,61,1.0,Quantile,1,265,35
2016,61,1.0,Quantile,2,265,78
2016,61,1.0,Quantile,3,264,69
2016,61,1.0,Quantile,4,265,71
2016,61,1.0,Quantile,5,265,75
2016,61,1.0,Quantile,6,264,145
2016,61,1.0,Quantile,7,265,101
2016,61,1.0,Quantile,8,264,145
2016,61,1.0,Quantile,9,265,133
2016,61,1.0,Quantile,10,265,149
2016,61,1.0,Quantile,11,264,159
2016,61,1.0,Quantile,12,265,157
2016,61,1.0,Quantile,13,265,181
2016,61,1.0,Quantile,14,264,212
2016,61,1.0,Quantile,15,265,183
2016,61,1.0,Quantile,16,264,224
2016,61,0.05,EW,1,0,0
2016,61,0.05,EW,2,0,0
2016,61,0.05,EW,3,0,0
2016,61,0.05,EW,4,10,5
2016,61,0.05,EW,5,212,107
2016,61,0.05,EW,6,989,510
2016,61,0.05,EW,7,1570,784
2016,61,0.05,EW,8,1151,589
2016,61,0.05,EW,9,274,112
2016,61,0.05,EW,10,24,9
2016,61,0.05,EW,11,4,1
2016,61,0.05,EW,12,0,0
2016,61,0.05,EW,13,0,0
2016,61,0.05,EW,14,0,0
2016,61,0.05,EW,15,0,0
2016,61,0.05,EW,16,0,0
2016,61,0.05,Quantile,1,265,136
2016,61,0.05,Quantile,2,265,120
2016,61,0.05,Quantile,3,264,143
2016,61,0.05,Quantile,4,265,148
2016,61,0.05,Quantile,5,265,132
2016,61,0.05,Quantile,6,264,125
2016,61,0.05,Quantile,7,265,143
2016,61,0.05,Quantile,8,264,129
2016,61,0.05,Quantile,9,265,146
2016,61,0.05,Quantile,10,265,120
2016,61,0.05,Quantile,11,264,130
2016,61,0.05,Quantile,12,265,133
2016,61,0.05,Quantile,13,265,140
2016,61,0.05,Quantile,14,264,147
2016,61,0.05,Quantile,15,265,118
2016,61,0.05,Quantile,16,264,107
2016,62,1.0,EW,1,0,0
2016,62,1.0,EW,2,24,1
2016,62,1.0,EW,3,69,9
2016,62,1.0,EW,4,339,49
2016,62,1.0,EW,5,424,124
2016,62,1.0,EW,6,890,339
2016,62,1.0,EW,7,809,388
2016,62,1.0,EW,8,681,439
2016,62,1.0,EW,9,459,344
2016,62,1.0,EW,10,381,303
2016,62,1.0,EW,11,88,57
2016,62,1.0,EW,12,62,57
2016,62,1.0,EW,13,8,7
2016,62,1.0,EW,14,0,0
2016,62,1.0,EW,15,0,0
2016,62,1.0,EW,16,0,0
2016,62,1.0,Quantile,1,265,37
2016,62,1.0,Quantile,2,265,43
2016,62,1.0,Quantile,3,264,81
2016,62,1.0,Quantile,4,265,76
2016,62,1.0,Quantile,5,265,92
2016,62,1.0,Quantile,6,264,125
2016,62,1.0,Quantile,7,265,105
2016,62,1.0,Quantile,8,264,119
2016,62,1.0,Quantile,9,265,126
2016,62,1.0,Quantile,10,265,168
2016,62,1.0,Quantile,11,264,169
2016,62,1.0,Quantile,12,265,164
2016,62,1.0,Quantile,13,265,184
2016,62,1.0,Quantile,14,264,209
2016,62,1.0,Quantile,15,265,213
2016,62,1.0,Quantile,16,264,206
2016,62,0.05,EW,1,0,0
2016,62,0.05,EW,2,0,0
2016,62,0.05,EW,3,0,0
2016,62,0.05,EW,4,9,9
2016,62,0.05,EW,5,232,111
2016,62,0.05,EW,6,958,487
2016,62,0.05,EW,7,1593,808
2016,62,0.05,EW,8,1113,528
2016,62,0.05,EW,9,311,167
2016,62,0.05,EW,10,18,7
2016,62,0.05,EW,11,0,0
2016,62,0.05,EW,12,0,0
2016,62,0.05,EW,13,0,0
2016,62,0.05,EW,14,0,0
2016,62,0.05,EW,15,0,0
2016,62,0.05,EW,16,0,0
2016,62,0.05,Quantile,1,265,134
2016,62,0.05,Quantile,2,265,165
2016,62,0.05,Quantile,3,264,114
2016,62,0.05,Quantile,4,265,126
2016,62,0.05,Quantile,5,265,140
2016,62,0.05,Quantile,6,264,128
2016,62,0.05,Quantile,7,265,133
2016,62,0.05,Quantile,8,264,128
2016,62,0.05,Quantile,9,265,138
2016,62,0.05,Quantile,10,265,135
2016,62,0.05,Quantile,11,264,144
2016,62,0.05,Quantile,12,265,122
2016,62,0.05,Quantile,13,265,132
2016,62,0.05,Quantile,14,264,113
2016,62,0.05,Quantile,15,265,120
2016,62,0.05,Quantile,16,264,145
2016,63,1.0,EW,1,4,0
2016,63,1.0,EW,2,20,2
2016,63,1.0,EW,3,85,12
2016,63,1.0,EW,4,279,48
2016,63,1.0,EW,5,583,157
2016,63,1.0,EW,6,711,245
2016,63,1.0,EW,7,799,398
2016,63,1.0,EW,8,794,527
2016,63,1.0,EW,9,446,315
2016,63,1.0,EW,10,310,251
2016,63,1.0,EW,11,145,115
2016,63,1.0,EW,12,37,29
2016,63,1.0,EW,13,21,18
2016,63,1.0,EW,14,0,0
2016,63,1.0,EW,15,0,0
2016,63,1.0,EW,16,0,0
2016,63,1.0,Quantile,1,265,44
2016,63,1.0,Quantile,2,265,58
2016,63,1.0,Quantile,3,264,72
2016,63,1.0,Quantile,4,265,62
2016,63,1.0,Quantile,5,265,72
2016,63,1.0,Quantile,6,264,106
2016,63,1.0,Quantile,7,265,129
2016,63,1.0,Quantile,8,264,114
2016,63,1.0,Quantile,9,265,141
2016,63,1.0,Quantile,10,265,178
2016,63,1.0,Quantile,11,264,172
2016,63,1.0,Quantile,12,265,180
2016,63,1.0,Quantile,13,265,184
2016,63,1.0,Quantile,14,264,177
2016,63,1.0,Quantile,15,265,221
2016,63,1.0,Quantile,16,264,207
2016,63,0.05,EW,1,0,0
2016,63,0.05,EW,2,0,0
2016,63,0.05,EW,3,1,1
2016,63,0.05,EW,4,21,12
2016,63,0.05,EW,5,288,117
2016,63,0.05,EW,6,886,436
2016,63,0.05,EW,7,1615,790
2016,63,0.05,EW,8,1065,580
2016,63,0.05,EW,9,304,145
2016,63,0.05,EW,10,44,29
2016,63,0.05,EW,11,10,7
2016,63,0.05,EW,12,0,0
2016,63,0.05,EW,13,0,0
2016,63,0.05,EW,14,0,0
2016,63,0.05,EW,15,0,0
2016,63,0.05,EW,16,0,0
2016,63,0.05,Quantile,1,265,105
2016,63,0.05,Quantile,2,265,138
2016,63,0.05,Quantile,3,264,114
2016,63,0.05,Quantile,4,265,137
2016,63,0.05,Quantile,5,265,134
2016,63,0.05,Quantile,6,264,154
2016,63,0.05,Quantile,7,265,114
2016,63,0.05,Quantile,8,264,133
2016,63,0.05,Quantile,9,265,123
2016,63,0.05,Quantile,10,265,126
2016,63,0.05,Quantile,11,264,132
2016,63,0.05,Quantile,12,265,139
2016,63,0.05,Quantile,13,265,138
2016,63,0.05,Quantile,14,264,148
2016,63,0.05,Quantile,15,265,162
2016,63,0.05,Quantile,16,264,120
2016,64,1.0,EW,1,1,1
2016,64,1.0,EW,2,10,1
2016,64,1.0,EW,3,81,16
2016,64,1.0,EW,4,335,42
2016,64,1.0,EW,5,554,140
2016,64,1.0,EW,6,703,277
2016,64,1.0,EW,7,791,378
2016,64,1.0,EW,8,746,481
2016,64,1.0,EW,9,471,348
2016,64,1.0,EW,10,349,279
2016,64,1.0,EW,11,132,107
2016,64,1.0,EW,12,57,47
2016,64,1.0,EW,13,4,0
2016,64,1.0,EW,14,0,0
2016,64,1.0,EW,15,0,0
2016,64,1.0,EW,16,0,0
2016,64,1.0,Quantile,1,265,37
2016,64,1.0,Quantile,2,265,44
2016,64,1.0,Quantile,3,264,65
2016,64,1.0,Quantile,4,265,73
2016,64,1.0,Quantile,5,265,101
2016,64,1.0,Quantile,6,264,103
2016,64,1.0,Quantile,7,265,146
2016,64,1.0,Quantile,8,264,91
2016,64,1.0,Quantile,9,265,145
2016,64,1.0,Quantile,10,265,151
2016,64,1.0,Quantile,11,264,174
2016,64,1.0,Quantile,12,265,176
2016,64,1.0,Quantile,13,265,179
2016,64,1.0,Quantile,14,264,208
2016,64,1.0,Quantile,15,265,213
2016,64,1.0,Quantile,16,264,211
2016,64,0.05,EW,1,0,0
2016,64,0.05,EW,2,0,0
2016,64,0.05,EW,3,2,2
2016,64,0.05,EW,4,22,9
2016,64,0.05,EW,5,166,95
2016,64,0.05,EW,6,987,466
2016,64,0.05,EW,7,1659,907
2016,64,0.05,EW,8,1075,496
2016,64,0.05,EW,9,288,125
2016,64,0.05,EW,10,34,17
2016,64,0.05,EW,11,1,0
2016,64,0.05,EW,12,0,0
2016,64,0.05,EW,13,0,0
2016,64,0.05,EW,14,0,0
2016,64,0.05,EW,15,0,0
2016,64,0.05,EW,16,0,0
2016,64,0.05,Quantile,1,265,157
2016,64,0.05,Quantile,2,265,119
2016,64,0.05,Quantile,3,264,107
2016,64,0.05,Quantile,4,265,123
2016,64,0.05,Quantile,5,265,154
2016,64,0.05,Quantile,6,264,142
2016,64,0.05,Quantile,7,265,132
2016,64,0.05,Quantile,8,264,124
2016,64,0.05,Quantile,9,265,133
2016,64,0.05,Quantile,10,265,170
2016,64,0.05,Quantile,11,264,159
2016,64,0.05,Quantile,12,265,111
2016,64,0.05,Quantile,13,265,105
2016,64,0.05,Quantile,14,264,137
2016,64,0.05,Quantile,15,265,124
2016,64,0.05,Quantile,16,264,120
2016,65,1.0,EW,1,1,1
2016,65,1.0,EW,2,43,2
2016,65,1.0,EW,3,78,14
2016,65,1.0,EW,4,275,40
2016,65,1.0,EW,5,546,160
2016,65,1.0,EW,6,756,254
2016,65,1.0,EW,7,670,321
2016,65,1.0,EW,8,874,576
2016,65,1.0,EW,9,532,389
2016,65,1.0,EW,10,283,220
2016,65,1.0,EW,11,122,97
2016,65,1.0,EW,12,35,28
2016,65,1.0,EW,13,19,15
2016,65,1.0,EW,14,0,0
2016,65,1.0,EW,15,0,0
2016,65,1.0,EW,16,0,0
2016,65,1.0,Quantile,1,265,37
2016,65,1.0,Quantile,2,265,52
2016,65,1.0,Quantile,3,264,77
2016,65,1.0,Quantile,4,265,92
2016,65,1.0,Quantile,5,265,75
2016,65,1.0,Quantile,6,264,88
2016,65,1.0,Quantile,7,265,112
2016,65,1.0,Quantile,8,264,129
2016,65,1.0,Quantile,9,265,138
2016,65,1.0,Quantile,10,265,190
2016,65,1.0,Quantile,11,264,159
2016,65,1.0,Quantile,12,265,174
2016,65,1.0,Quantile,13,265,181
2016,65,1.0,Quantile,14,264,199
2016,65,1.0,Quantile,15,265,212
2016,65,1.0,Quantile,16,264,202
2016,65,0.05,EW,1,0,0
2016,65,0.05,EW,2,0,0
2016,65,0.05,EW,3,0,0
2016,65,0.05,EW,4,8,7
2016,65,0.05,EW,5,226,107
2016,65,0.05,EW,6,1006,499
2016,65,0.05,EW,7,1665,839
2016,65,0.05,EW,8,935,471
2016,65,0.05,EW,9,341,172
2016,65,0.05,EW,10,44,13
2016,65,0.05,EW,11,7,7
2016,65,0.05,EW,12,2,2
2016,65,0.05,EW,13,0,0
2016,65,0.05,EW,14,0,0
2016,65,0.05,EW,15,0,0
2016,65,0.05,EW,16,0,0
2016,65,0.05,Quantile,1,265,125
2016,65,0.05,Quantile,2,265,141
2016,65,0.05,Quantile,3,264,125
2016,65,0.05,Quantile,4,265,126
2016,65,0.05,Quantile,5,265,136
2016,65,0.05,Quantile,6,264,160
2016,65,0.05,Quantile,7,265,134
2016,65,0.05,Quantile,8,264,134
2016,65,0.05,Quantile,9,265,130
2016,65,0.05,Quantile,10,265,134
2016,65,0.05,Quantile,11,264,109
2016,65,0.05,Quantile,12,265,111
2016,65,0.05,Quantile,13,265,135
2016,65,0.05,Quantile,14,264,163
2016,65,0.05,Quantile,15,265,127
2016,65,0.05,Quantile,16,264,127
2016,66,1.0,EW,1,6,0
2016,66,1.0,EW,2,40,0
2016,66,1.0,EW,3,69,9
2016,66,1.0,EW,4,303,41
2016,66,1.0,EW,5,481,109
2016,66,1.0,EW,6,665,266
2016,66,1.0,EW,7,948,480
2016,66,1.0,EW,8,764,481
2016,66,1.0,EW,9,510,360
2016,66,1.0,EW,10,292,238
2016,66,1.0,EW,11,102,85
2016,66,1.0,EW,12,41,37
2016,66,1.0,EW,13,13,11
2016,66,1.0,EW,14,0,0
2016,66,1.0,EW,15,0,0
2016,66,1.0,EW,16,0,0
2016,66,1.0,Quantile,1,265,32
2016,66,1.0,Quantile,2,265,46
2016,66,1.0,Quantile,3,264,51
2016,66,1.0,Quantile,4,265,91
2016,66,1.0,Quantile,5,265,108
2016,66,1.0,Quantile,6,264,111
2016,66,1.0,Quantile,7,265,138
2016,66,1.0,Quantile,8,264,143
2016,66,1.0,Quantile,9,265,142
2016,66,1.0,Quantile,10,265,104
2016,66,1.0,Quantile,11,264,165
2016,66,1.0,Quantile,12,265,180
2016,66,1.0,Quantile,13,265,187
2016,66,1.0,Quantile,14,264,176
2016,66,1.0,Quantile,15,265,226
2016,66,1.0,Quantile,16,264,217
2016,66,0.05,EW,1,0,0
2016,66,0.05,EW,2,0,0
2016,66,0.05,EW,3,0,0
2016,66,0.05,EW,4,6,5
2016,66,0.05,EW,5,169,95
2016,66,0.05,EW,6,962,491
2016,66,0.05,EW,7,1798,924
2016,66,0.05,EW,8,992,459
2016,66,0.05,EW,9,291,141
2016,66,0.05,EW,10,16,2
2016,66,0.05,EW,11,0,0
2016,66,0.05,EW,12,0,0
2016,66,0.05,EW,13,0,0
2016,66,0.05,EW,14,0,0
2016,66,0.05,EW,15,0,0
2016,66,0.05,EW,16,0,0
2016,66,0.05,Quantile,1,265,152
2016,66,0.05,Quantile,2,265,130
2016,66,0.05,Quantile,3,264,148
2016,66,0.05,Quantile,4,265,125
2016,66,0.05,Quantile,5,265,133
2016,66,0.05,Quantile,6,264,144
2016,66,0.05,Quantile,7,265,153
2016,66,0.05,Quantile,8,264,135
2016,66,0.05,Quantile,9,265,130
2016,66,0.05,Quantile,10,265,112
2016,66,0.05,Quantile,11,264,140
2016,66,0.05,Quantile,12,265,115
2016,66,0.05,Quantile,13,265,123
2016,66,0.05,Quantile,14,264,130
2016,66,0.05,Quantile,15,265,122
2016,66,0.05,Quantile,16,264,125
2016,67,1.0,EW,1,0,0
2016,67,1.0,EW,2,21,2
2016,67,1.0,EW,3,77,12
2016,67,1.0,EW,4,349,44
2016,67,1.0,EW,5,455,129
2016,67,1.0,EW,6,815,285
2016,67,1.0,EW,7,781,392
2016,67,1.0,EW,8,720,462
2016,67,1.0,EW,9,521,379
2016,67,1.0,EW,10,284,231
2016,67,1.0,EW,11,161,141
2016,67,1.0,EW,12,40,31
2016,67,1.0,EW,13,9,9
2016,67,1.0,EW,14,1,0
2016,67,1.0,EW,15,0,0
2016,67,1.0,EW,16,0,0
2016,67,1.0,Quantile,1,265,36
2016,67,1.0,Quantile,2,265,38
2016,67,1.0,Quantile,3,264,72
2016,67,1.0,Quantile,4,265,79
2016,67,1.0,Quantile,5,265,91
2016,67,1.0,Quantile,6,264,105
2016,67,1.0,Quantile,7,265,103
2016,67,1.0,Quantile,8,264,121
2016,67,1.0,Quantile,9,265,152
2016,67,1.0,Quantile,10,265,153
2016,67,1.0,Quantile,11,264,177
2016,67,1.0,Quantile,12,265,172
2016,67,1.0,Quantile,13,265,207
2016,67,1.0,Quantile,14,264,171
2016,67,1.0,Quantile,15,265,214
2016,67,1.0,Quantile,16,264,226
2016,67,0.05,EW,1,0,0
2016,67,0.05,EW,2,0,0
2016,67,0.05,EW,3,0,0
2016,67,0.05,EW,4,16,15
2016,67,0.05,EW,5,259,117
2016,67,0.05,EW,6,918,475
2016,67,0.05,EW,7,1680,828
2016,67,0.05,EW,8,994,508
2016,67,0.05,EW,9,309,142
2016,67,0.05,EW,10,50,30
2016,67,0.05,EW,11,7,2
2016,67,0.05,EW,12,1,0
2016,67,0.05,EW,13,0,0
2016,67,0.05,EW,14,0,0
2016,67,0.05,EW,15,0,0
2016,67,0.05,EW,16,0,0
2016,67,0.05,Quantile,1,265,126
2016,67,0.05,Quantile,2,265,143
2016,67,0.05,Quantile,3,264,134
2016,67,0.05,Quantile,4,265,143
2016,67,0.05,Quantile,5,265,120
2016,67,0.05,Quantile,6,264,129
2016,67,0.05,Quantile,7,265,157
2016,67,0.05,Quantile,8,264,146
2016,67,0.05,Quantile,9,265,108
2016,67,0.05,Quantile,10,265,123
2016,67,0.05,Quantile,11,264,126
2016,67,0.05,Quantile,12,265,121
2016,67,0.05,Quantile,13,265,134
2016,67,0.05,Quantile,14,264,147
2016,67,0.05,Quantile,15,265,142
2016,67,0.05,Quantile,16,264,118
2016,68,1.0,EW,1,0,0
2016,68,1.0,EW,2,0,0
2016,68,1.0,EW,3,80,10
2016,68,1.0,EW,4,277,48
2016,68,1.0,EW,5,584,153
2016,68,1.0,EW,6,711,270
2016,68,1.0,EW,7,924,467
2016,68,1.0,EW,8,669,435
2016,68,1.0,EW,9,537,384
2016,68,1.0,EW,10,278,210
2016,68,1.0,EW,11,108,89
2016,68,1.0,EW,12,50,43
2016,68,1.0,EW,13,16,8
2016,68,1.0,EW,14,0,0
2016,68,1.0,EW,15,0,0
2016,68,1.0,EW,16,0,0
2016,68,1.0,Quantile,1,265,44
2016,68,1.0,Quantile,2,265,74
2016,68,1.0,Quantile,3,264,62
2016,68,1.0,Quantile,4,265,67
2016,68,1.0,Quantile,5,265,103
2016,68,1.0,Quantile,6,264,95
2016,68,1.0,Quantile,7,265,137
2016,68,1.0,Quantile,8,264,157
2016,68,1.0,Quantile,9,265,113
2016,68,1.0,Quantile,10,265,134
2016,68,1.0,Quantile,11,264,168
2016,68,1.0,Quantile,12,265,184
2016,68,1.0,Quantile,13,265,179
2016,68,1.0,Quantile,14,264,199
2016,68,1.0,Quantile,15,265,196
2016,68,1.0,Quantile,16,264,205
2016,68,0.05,EW,1,0,0
2016,68,0.05,EW,2,0,0
2016,68,0.05,EW,3,0,0
2016,68,0.05,EW,4,19,8
2016,68,0.05,EW,5,204,116
2016,68,0.05,EW,6,977,514
2016,68,0.05,EW,7,1638,761
2016,68,0.05,EW,8,1043,529
2016,68,0.05,EW,9,311,173
2016,68,0.05,EW,10,41,16
2016,68,0.05,EW,11,1,0
2016,68,0.05,EW,12,0,0
2016,68,0.05,EW,13,0,0
2016,68,0.05,EW,14,0,0
2016,68,0.05,EW,15,0,0
2016,68,0.05,EW,16,0,0
2016,68,0.05,Quantile,1,265,144
2016,68,0.05,Quantile,2,265,128
2016,68,0.05,Quantile,3,264,149
2016,68,0.05,Quantile,4,265,141
2016,68,0.05,Quantile,5,265,135
2016,68,0.05,Quantile,6,264,128
2016,68,0.05,Quantile,7,265,115
2016,68,0.05,Quantile,8,264,123
2016,68,0.05,Quantile,9,265,109
2016,68,0.05,Quantile,10,265,116
2016,68,0.05,Quantile,11,264,164
2016,68,0.05,Quantile,12,265,155
2016,68,0.05,Quantile,13,265,110
2016,68,0.05,Quantile,14,264,132
2016,68,0.05,Quantile,15,265,131
2016,68,0.05,Quantile,16,264,137
2016,69,1.0,EW,1,8,0
2016,69,1.0,EW,2,1,0
2016,69,1.0,EW,3,71,9
2016,69,1.0,EW,4,296,66
2016,69,1.0,EW,5,631,153
2016,69,1.0,EW,6,810,275
2016,69,1.0,EW,7,624,296
2016,69,1.0,EW,8,742,509
2016,69,1.0,EW,9,537,384
2016,69,1.0,EW,10,308,255
2016,69,1.0,EW,11,143,121
2016,69,1.0,EW,12,53,47
2016,69,1.0,EW,13,10,2
2016,69,1.0,EW,14,0,0
2016,69,1.0,EW,15,0,0
2016,69,1.0,EW,16,0,0
2016,69,1.0,Quantile,1,265,53
2016,69,1.0,Quantile,2,265,50
2016,69,1.0,Quantile,3,264,72
2016,69,1.0,Quantile,4,265,66
2016,69,1.0,Quantile,5,265,80
2016,69,1.0,Quantile,6,264,94
2016,69,1.0,Quantile,7,265,99
2016,69,1.0,Quantile,8,264,105
2016,69,1.0,Quantile,9,265,156
2016,69,1.0,Quantile,10,265,151
2016,69,1.0,Quantile,11,264,169
2016,69,1.0,Quantile,12,265,209
2016,69,1.0,Quantile,13,265,204
2016,69,1.0,Quantile,14,264,174
2016,69,1.0,Quantile,15,265,221
2016,69,1.0,Quantile,16,264,214
2016,69,0.05,EW,1,0,0
2016,69,0.05,EW,2,0,0
2016,69,0.05,EW,3,0,0
2016,69,0.05,EW,4,41,19
2016,69,0.05,EW,5,234,114
2016,69,0.05,EW,6,869,435
2016,69,0.05,EW,7,1713,870
2016,69,0.05,EW,8,1043,510
2016,69,0.05,EW,9,275,145
2016,69,0.05,EW,10,50,23
2016,69,0.05,EW,11,9,1
2016,69,0.05,EW,12,0,0
2016,69,0.05,EW,13,0,0
2016,69,0.05,EW,14,0,0
2016,69,0.05,EW,15,0,0
2016,69,0.05,EW,16,0,0
2016,69,0.05,Quantile,1,265,126
2016,69,0.05,Quantile,2,265,128
2016,69,0.05,Quantile,3,264,133
2016,69,0.05,Quantile,4,265,130
2016,69,0.05,Quantile,5,265,169
2016,69,0.05,Quantile,6,264,153
2016,69,0.05,Quantile,7,265,129
2016,69,0.05,Quantile,8,264,122
2016,69,0.05,Quantile,9,265,120
2016,69,0.05,Quantile,10,265,131
2016,69,0.05,Quantile,11,264,125
2016,69,0.05,Quantile,12,265,126
2016,69,0.05,Quantile,13,265,145
2016,69,0.05,Quantile,14,264,127
2016,69,0.05,Quantile,15,265,126
2016,69,0.05,Quantile,16,264,127
2016,70,1.0,EW,1,0,0
2016,70,1.0,EW,2,7,3
2016,70,1.0,EW,3,97,16
2016,70,1.0,EW,4,330,53
2016,70,1.0,EW,5,551,170
2016,70,1.0,EW,6,716,216
2016,70,1.0,EW,7,822,430
2016,70,1.0,EW,8,637,414
2016,70,1.0,EW,9,552,392
2016,70,1.0,EW,10,337,267
2016,70,1.0,EW,11,162,140
2016,70,1.0,EW,12,22,16
2016,70,1.0,EW,13,1,0
2016,70,1.0,EW,14,0,0
2016,70,1.0,EW,15,0,0
2016,70,1.0,EW,16,0,0
2016,70,1.0,Quantile,1,265,54
2016,70,1.0,Quantile,2,265,38
2016,70,1.0,Quantile,3,264,78
2016,70,1.0,Quantile,4,265,93
2016,70,1.0,Quantile,5,265,69
2016,70,1.0,Quantile,6,264,80
2016,70,1.0,Quantile,7,265,137
2016,70,1.0,Quantile,8,264,129
2016,70,1.0,Quantile,9,265,143
2016,70,1.0,Quantile,10,265,134
2016,70,1.0,Quantile,11,264,171
2016,70,1.0,Quantile,12,265,183
2016,70,1.0,Quantile,13,265,177
2016,70,1.0,Quantile,14,264,202
2016,70,1.0,Quantile,15,265,203
2016,70,1.0,Quantile,16,264,226
2016,70,0.05,EW,1,0,0
2016,70,0.05,EW,2,0,0
2016,70,0.05,EW,3,0,0
2016,70,0.05,EW,4,26,14
2016,70,0.05,EW,5,232,103
2016,70,0.05,EW,6,919,494
2016,70,0.05,EW,7,1612,805
2016,70,0.05,EW,8,1140,577
2016,70,0.05,EW,9,293,123
2016,70,0.05,EW,10,12,1
2016,70,0.05,EW,11,0,0
2016,70,0.05,EW,12,0,0
2016,70,0.05,EW,13,0,0
2016,70,0.05,EW,14,0,0
2016,70,0.05,EW,15,0,0
2016,70,0.05,EW,16,0,0
2016,70,0.05,Quantile,1,265,119
2016,70,0.05,Quantile,2,265,146
2016,70,0.05,Quantile,3,264,153
2016,70,0.05,Quantile,4,265,135
2016,70,0.05,Quantile,5,265,120
2016,70,0.05,Quantile,6,264,109
2016,70,0.05,Quantile,7,265,144
2016,70,0.05,Quantile,8,264,141
2016,70,0.05,Quantile,9,265,151
2016,70,0.05,Quantile,10,265,128
2016,70,0.05,Quantile,11,264,132
2016,70,0.05,Quantile,12,265,133
2016,70,0.05,Quantile,13,265,128
2016,70,0.05,Quantile,14,264,135
2016,70,0.05,Quantile,15,265,139
2016,70,0.05,Quantile,16,264,104
2016,71,1.0,EW,1,0,0
2016,71,1.0,EW,2,25,0
2016,71,1.0,EW,3,82,7
2016,71,1.0,EW,4,236,52
2016,71,1.0,EW,5,580,162
2016,71,1.0,EW,6,734,237
2016,71,1.0,EW,7,780,439
2016,71,1.0,EW,8,873,535
2016,71,1.0,EW,9,486,344
2016,71,1.0,EW,10,231,165
2016,71,1.0,EW,11,138,117
2016,71,1.0,EW,12,67,59
2016,71,1.0,EW,13,2,0
2016,71,1.0,EW,14,0,0
2016,71,1.0,EW,15,0,0
2016,71,1.0,EW,16,0,0
2016,71,1.0,Quantile,1,265,36
2016,71,1.0,Quantile,2,265,72
2016,71,1.0,Quantile,3,264,63
2016,71,1.0,Quantile,4,265,97
2016,71,1.0,Quantile,5,265,63
2016,71,1.0,Quantile,6,264,96
2016,71,1.0,Quantile,7,265,115
2016,71,1.0,Quantile,8,264,137
2016,71,1.0,Quantile,9,265,183
2016,71,1.0,Quantile,10,265,169
2016,71,1.0,Quantile,11,264,168
2016,71,1.0,Quantile,12,265,148
2016,71,1.0,Quantile,13,265,176
2016,71,1.0,Quantile,14,264,179
2016,71,1.0,Quantile,15,265,200
2016,71,1.0,Quantile,16,264,215
2016,71,0.05,EW,1,0,0
2016,71,0.05,EW,2,0,0
2016,71,0.05,EW,3,0,0
2016,71,0.05,EW,4,13,10
2016,71,0.05,EW,5,249,123
2016,71,0.05,EW,6,951,478
2016,71,0.05,EW,7,1615,804
2016,71,0.05,EW,8,1063,537
2016,71,0.05,EW,9,311,156
2016,71,0.05,EW,10,27,9
2016,71,0.05,EW,11,5,0
2016,71,0.05,EW,12,0,0
2016,71,0.05,EW,13,0,0
2016,71,0.05,EW,14,0,0
2016,71,0.05,EW,15,0,0
2016,71,0.05,EW,16,0,0
2016,71,0.05,Quantile,1,265,135
2016,71,0.05,Quantile,2,265,137
2016,71,0.05,Quantile,3,264,141
2016,71,0.05,Quantile,4,265,126
2016,71,0.05,Quantile,5,265,113
2016,71,0.05,Quantile,6,264,97
2016,71,0.05,Quantile,7,265,147
2016,71,0.05,Quantile,8,264,152
2016,71,0.05,Quantile,9,265,139
2016,71,0.05,Quantile,10,265,134
2016,71,0.05,Quantile,11,264,129
2016,71,0.05,Quantile,12,265,140
2016,71,0.05,Quantile,13,265,134
2016,71,0.05,Quantile,14,264,128
2016,71,0.05,Quantile,15,265,141
2016,71,0.05,Quantile,16,264,124
2016,72,1.0,EW,1,0,0
2016,72,1.0,EW,2,7,3
2016,72,1.0,EW,3,77,8
2016,72,1.0,EW,4,276,65
2016,72,1.0,EW,5,589,134
2016,72,1.0,EW,6,803,282
2016,72,1.0,EW,7,764,406
2016,72,1.0,EW,8,693,444
2016,72,1.0,EW,9,567,410
2016,72,1.0,EW,10,238,181
2016,72,1.0,EW,11,143,121
2016,72,1.0,EW,12,72,60
2016,72,1.0,EW,13,5,3
2016,72,1.0,EW,14,0,0
2016,72,1.0,EW,15,0,0
2016,72,1.0,EW,16,0,0
2016,72,1.0,Quantile,1,265,55
2016,72,1.0,Quantile,2,265,51
2016,72,1.0,Quantile,3,264,55
2016,72,1.0,Quantile,4,265,97
2016,72,1.0,Quantile,5,265,94
2016,72,1.0,Quantile,6,264,59
2016,72,1.0,Quantile,7,265,137
2016,72,1.0,Quantile,8,264,141
2016,72,1.0,Quantile,9,265,125
2016,72,1.0,Quantile,10,265,168
2016,72,1.0,Quantile,11,264,152
2016,72,1.0,Quantile,12,265,182
2016,72,1.0,Quantile,13,265,197
2016,72,1.0,Quantile,14,264,190
2016,72,1.0,Quantile,15,265,197
2016,72,1.0,Quantile,16,264,217
2016,72,0.05,EW,1,0,0
2016,72,0.05,EW,2,0,0
2016,72,0.05,EW,3,1,1
2016,72,0.05,EW,4,31,13
2016,72,0.05,EW,5,201,87
2016,72,0.05,EW,6,943,496
2016,72,0.05,EW,7,1618,802
2016,72,0.05,EW,8,1165,604
2016,72,0.05,EW,9,228,91
2016,72,0.05,EW,10,42,23
2016,72,0.05,EW,11,5,0
2016,72,0.05,EW,12,0,0
2016,72,0.05,EW,13,0,0
2016,72,0.05,EW,14,0,0
2016,72,0.05,EW,15,0,0
2016,72,0.05,EW,16,0,0
2016,72,0.05,Quantile,1,265,121
2016,72,0.05,Quantile,2,265,122
2016,72,0.05,Quantile,3,264,154
2016,72,0.05,Quantile,4,265,133
2016,72,0.05,Quantile,5,265,134
2016,72,0.05,Quantile,6,264,140
2016,72,0.05,Quantile,7,265,122
2016,72,0.05,Quantile,8,264,123
2016,72,0.05,Quantile,9,265,133
2016,72,0.05,Quantile,10,265,137
2016,72,0.05,Quantile,11,264,139
2016,72,0.05,Quantile,12,265,154
2016,72,0.05,Quantile,13,265,143
2016,72,0.05,Quantile,14,264,138
2016,72,0.05,Quantile,15,265,113
2016,72,0.05,Quantile,16,264,111
2016,73,1.0,EW,1,0,0
2016,73,1.0,EW,2,10,3
2016,73,1.0,EW,3,60,7
2016,73,1.0,EW,4,206,42
2016,73,1.0,EW,5,626,187
2016,73,1.0,EW,6,955,317
2016,73,1.0,EW,7,746,400
2016,73,1.0,EW,8,610,381
2016,73,1.0,EW,9,526,397
2016,73,1.0,EW,10,276,201
2016,73,1.0,EW,11,145,119
2016,73,1.0,EW,12,62,56
2016,73,1.0,EW,13,12,7
2016,73,1.0,EW,14,0,0
2016,73,1.0,EW,15,0,0
2016,73,1.0,EW,16,0,0
2016,73,1.0,Quantile,1,265,49
2016,73,1.0,Quantile,2,265,64
2016,73,1.0,Quantile,3,264,82
2016,73,1.0,Quantile,4,265,113
2016,73,1.0,Quantile,5,265,62
2016,73,1.0,Quantile,6,264,90
2016,73,1.0,Quantile,7,265,93
2016,73,1.0,Quantile,8,264,120
2016,73,1.0,Quantile,9,265,146
2016,73,1.0,Quantile,10,265,162
2016,73,1.0,Quantile,11,264,149
2016,73,1.0,Quantile,12,265,181
2016,73,1.0,Quantile,13,265,196
2016,73,1.0,Quantile,14,264,203
2016,73,1.0,Quantile,15,265,194
2016,73,1.0,Quantile,16,264,213
2016,73,0.05,EW,1,0,0
2016,73,0.05,EW,2,0,0
2016,73,0.05,EW,3,0,0
2016,73,0.05,EW,4,12,7
2016,73,0.05,EW,5,182,90
2016,73,0.05,EW,6,1006,517
2016,73,0.05,EW,7,1737,865
2016,73,0.05,EW,8,1012,493
2016,73,0.05,EW,9,212,93
2016,73,0.05,EW,10,64,46
2016,73,0.05,EW,11,9,6
2016,73,0.05,EW,12,0,0
2016,73,0.05,EW,13,0,0
2016,73,0.05,EW,14,0,0
2016,73,0.05,EW,15,0,0
2016,73,0.05,EW,16,0,0
2016,73,0.05,Quantile,1,265,140
2016,73,0.05,Quantile,2,265,138
2016,73,0.05,Quantile,3,264,113
2016,73,0.05,Quantile,4,265,147
2016,73,0.05,Quantile,5,265,131
2016,73,0.05,Quantile,6,264,134
2016,73,0.05,Quantile,7,265,148
2016,73,0.05,Quantile,8,264,157
2016,73,0.05,Quantile,9,265,142
2016,73,0.05,Quantile,10,265,118
2016,73,0.05,Quantile,11,264,101
2016,73,0.05,Quantile,12,265,120
2016,73,0.05,Quantile,13,265,142
2016,73,0.05,Quantile,14,264,133
2016,73,0.05,Quantile,15,265,114
2016,73,0.05,Quantile,16,264,139
2016,74,1.0,EW,1,0,0
2016,74,1.0,EW,2,10,3
2016,74,1.0,EW,3,83,6
2016,74,1.0,EW,4,314,45
2016,74,1.0,EW,5,527,153
2016,74,1.0,EW,6,937,349
2016,74,1.0,EW,7,717,341
2016,74,1.0,EW,8,631,431
2016,74,1.0,EW,9,481,361
2016,74,1.0,EW,10,274,213
2016,74,1.0,EW,11,150,122
2016,74,1.0,EW,12,85,76
2016,74,1.0,EW,13,16,11
2016,74,1.0,EW,14,9,6
2016,74,1.0,EW,15,0,0
2016,74,1.0,EW,16,0,0
2016,74,1.0,Quantile,1,265,41
2016,74,1.0,Quantile,2,265,42
2016,74,1.0,Quantile,3,264,82
2016,74,1.0,Quantile,4,265,82
2016,74,1.0,Quantile,5,265,94
2016,74,1.0,Quantile,6,264,110
2016,74,1.0,Quantile,7,265,99
2016,74,1.0,Quantile,8,264,110
2016,74,1.0,Quantile,9,265,123
2016,74,1.0,Quantile,10,265,153
2016,74,1.0,Quantile,11,264,169
2016,74,1.0,Quantile,12,265,199
2016,74,1.0,Quantile,13,265,185
2016,74,1.0,Quantile,14,264,203
2016,74,1.0,Quantile,15,265,206
2016,74,1.0,Quantile,16,264,219
2016,74,0.05,EW,1,0,0
2016,74,0.05,EW,2,0,0
2016,74,0.05,EW,3,0,0
2016,74,0.05,EW,4,13,5
2016,74,0.05,EW,5,191,112
2016,74,0.05,EW,6,988,487
2016,74,0.05,EW,7,1653,882
2016,74,0.05,EW,8,1074,476
2016,74,0.05,EW,9,270,138
2016,74,0.05,EW,10,43,17
2016,74,0.05,EW,11,2,0
2016,74,0.05,EW,12,0,0
2016,74,0.05,EW,13,0,0
2016,74,0.05,EW,14,0,0
2016,74,0.05,EW,15,0,0
2016,74,0.05,EW,16,0,0
2016,74,0.05,Quantile,1,265,149
2016,74,0.05,Quantile,2,265,124
2016,74,0.05,Quantile,3,264,120
2016,74,0.05,Quantile,4,265,129
2016,74,0.05,Quantile,5,265,164
2016,74,0.05,Quantile,6,264,119
2016,74,0.05,Quantile,7,265,133
2016,74,0.05,Quantile,8,264,135
2016,74,0.05,Quantile,9,265,128
2016,74,0.05,Quantile,10,265,156
2016,74,0.05,Quantile,11,264,161
2016,74,0.05,Quantile,12,265,121
2016,74,0.05,Quantile,13,265,107
2016,74,0.05,Quantile,14,264,116
2016,74,0.05,Quantile,15,265,123
2016,74,0.05,Quantile,16,264,132
2016,75,1.0,EW,1,0,0
2016,75,1.0,EW,2,12,1
2016,75,1.0,EW,3,93,15
2016,75,1.0,EW,4,313,42
2016,75,1.0,EW,5,556,138
2016,75,1.0,EW,6,720,269
2016,75,1.0,EW,7,845,444
2016,75,1.0,EW,8,655,399
2016,75,1.0,EW,9,464,343
2016,75,1.0,EW,10,427,364
2016,75,1.0,EW,11,110,69
2016,75,1.0,EW,12,15,12
2016,75,1.0,EW,13,23,21
2016,75,1.0,EW,14,1,0
2016,75,1.0,EW,15,0,0
2016,75,1.0,EW,16,0,0
2016,75,1.0,Quantile,1,265,35
2016,75,1.0,Quantile,2,265,47
2016,75,1.0,Quantile,3,264,65
2016,75,1.0,Quantile,4,265,64
2016,75,1.0,Quantile,5,265,121
2016,75,1.0,Quantile,6,264,80
2016,75,1.0,Quantile,7,265,125
2016,75,1.0,Quantile,8,264,129
2016,75,1.0,Quantile,9,265,154
2016,75,1.0,Quantile,10,265,145
2016,75,1.0,Quantile,11,264,141
2016,75,1.0,Quantile,12,265,193
2016,75,1.0,Quantile,13,265,191
2016,75,1.0,Quantile,14,264,200
2016,75,1.0,Quantile,15,265,222
2016,75,1.0,Quantile,16,264,205
2016,75,0.05,EW,1,0,0
2016,75,0.05,EW,2,0,0
2016,75,0.05,EW,3,0,0
2016,75,0.05,EW,4,17,14
2016,75,0.05,EW,5,271,129
2016,75,0.05,EW,6,919,438
2016,75,0.05,EW,7,1625,828
2016,75,0.05,EW,8,1038,510
2016,75,0.05,EW,9,327,189
2016,75,0.05,EW,10,35,9
2016,75,0.05,EW,11,2,0
2016,75,0.05,EW,12,0,0
2016,75,0.05,EW,13,0,0
2016,75,0.05,EW,14,0,0
2016,75,0.05,EW,15,0,0
2016,75,0.05,EW,16,0,0
2016,75,0.05,Quantile,1,265,133
2016,75,0.05,Quantile,2,265,115
2016,75,0.05,Quantile,3,264,119
2016,75,0.05,Quantile,4,265,136
2016,75,0.05,Quantile,5,265,134
2016,75,0.05,Quantile,6,264,139
2016,75,0.05,Quantile,7,265,141
2016,75,0.05,Quantile,8,264,137
2016,75,0.05,Quantile,9,265,139
2016,75,0.05,Quantile,10,265,129
2016,75,0.05,Quantile,11,264,129
2016,75,0.05,Quantile,12,265,128
2016,75,0.05,Quantile,13,265,137
2016,75,0.05,Quantile,14,264,126
2016,75,0.05,Quantile,15,265,131
2016,75,0.05,Quantile,16,264,144
2016,76,1.0,EW,1,0,0
2016,76,1.0,EW,2,0,0
2016,76,1.0,EW,3,83,15
2016,76,1.0,EW,4,323,58
2016,76,1.0,EW,5,610,154
2016,76,1.0,EW,6,751,253
2016,76,1.0,EW,7,753,398
2016,76,1.0,EW,8,710,451
2016,76,1.0,EW,9,481,357
2016,76,1.0,EW,10,298,245
2016,76,1.0,EW,11,163,135
2016,76,1.0,EW,12,35,26
2016,76,1.0,EW,13,3,3
2016,76,1.0,EW,14,24,22
2016,76,1.0,EW,15,0,0
2016,76,1.0,EW,16,0,0
2016,76,1.0,Quantile,1,265,38
2016,76,1.0,Quantile,2,265,73
2016,76,1.0,Quantile,3,264,66
2016,76,1.0,Quantile,4,265,70
2016,76,1.0,Quantile,5,265,74
2016,76,1.0,Quantile,6,264,89
2016,76,1.0,Quantile,7,265,100
2016,76,1.0,Quantile,8,264,136
2016,76,1.0,Quantile,9,265,159
2016,76,1.0,Quantile,10,265,148
2016,76,1.0,Quantile,11,264,143
2016,76,1.0,Quantile,12,265,199
2016,76,1.0,Quantile,13,265,195
2016,76,1.0,Quantile,14,264,193
2016,76,1.0,Quantile,15,265,216
2016,76,1.0,Quantile,16,264,218
2016,76,0.05,EW,1,0,0
2016,76,0.05,EW,2,0,0
2016,76,0.05,EW,3,0,0
2016,76,0.05,EW,4,23,6
2016,76,0.05,EW,5,212,95
2016,76,0.05,EW,6,858,463
2016,76,0.05,EW,7,1801,953
2016,76,0.05,EW,8,1074,508
2016,76,0.05,EW,9,230,71
2016,76,0.05,EW,10,36,21
2016,76,0.05,EW,11,0,0
2016,76,0.05,EW,12,0,0
2016,76,0.05,EW,13,0,0
2016,76,0.05,EW,14,0,0
2016,76,0.05,EW,15,0,0
2016,76,0.05,EW,16,0,0
2016,76,0.05,Quantile,1,265,115
2016,76,0.05,Quantile,2,265,141
2016,76,0.05,Quantile,3,264,154
2016,76,0.05,Quantile,4,265,137
2016,76,0.05,Quantile,5,265,152
2016,76,0.05,Quantile,6,264,138
2016,76,0.05,Quantile,7,265,134
2016,76,0.05,Quantile,8,264,127
2016,76,0.05,Quantile,9,265,144
2016,76,0.05,Quantile,10,265,155
2016,76,0.05,Quantile,11,264,129
2016,76,0.05,Quantile,12,265,101
2016,76,0.05,Quantile,13,265,127
2016,76,0.05,Quantile,14,264,145
2016,76,0.05,Quantile,15,265,126
2016,76,0.05,Quantile,16,264,92
2016,77,1.0,EW,1,0,0
2016,77,1.0,EW,2,16,1
2016,77,1.0,EW,3,77,11
2016,77,1.0,EW,4,269,47
2016,77,1.0,EW,5,656,167
2016,77,1.0,EW,6,702,238
2016,77,1.0,EW,7,786,412
2016,77,1.0,EW,8,694,443
2016,77,1.0,EW,9,540,405
2016,77,1.0,EW,10,327,253
2016,77,1.0,EW,11,100,83
2016,77,1.0,EW,12,33,30
2016,77,1.0,EW,13,32,27
2016,77,1.0,EW,14,2,0
2016,77,1.0,EW,15,0,0
2016,77,1.0,EW,16,0,0
2016,77,1.0,Quantile,1,265,38
2016,77,1.0,Quantile,2,265,70
2016,77,1.0,Quantile,3,264,58
2016,77,1.0,Quantile,4,265,68
2016,77,1.0,Quantile,5,265,85
2016,77,1.0,Quantile,6,264,88
2016,77,1.0,Quantile,7,265,118
2016,77,1.0,Quantile,8,264,130
2016,77,1.0,Quantile,9,265,158
2016,77,1.0,Quantile,10,265,155
2016,77,1.0,Quantile,11,264,168
2016,77,1.0,Quantile,12,265,164
2016,77,1.0,Quantile,13,265,200
2016,77,1.0,Quantile,14,264,197
2016,77,1.0,Quantile,15,265,209
2016,77,1.0,Quantile,16,264,211
2016,77,0.05,EW,1,0,0
2016,77,0.05,EW,2,0,0
2016,77,0.05,EW,3,0,0
2016,77,0.05,EW,4,1,1
2016,77,0.05,EW,5,240,126
2016,77,0.05,EW,6,967,450
2016,77,0.05,EW,7,1635,816
2016,77,0.05,EW,8,1043,544
2016,77,0.05,EW,9,320,169
2016,77,0.05,EW,10,28,11
2016,77,0.05,EW,11,0,0
2016,77,0.05,EW,12,0,0
2016,77,0.05,EW,13,0,0
2016,77,0.05,EW,14,0,0
2016,77,0.05,EW,15,0,0
2016,77,0.05,EW,16,0,0
2016,77,0.05,Quantile,1,265,142
2016,77,0.05,Quantile,2,265,132
2016,77,0.05,Quantile,3,264,104
2016,77,0.05,Quantile,4,265,121
2016,77,0.05,Quantile,5,265,147
2016,77,0.05,Quantile,6,264,148
2016,77,0.05,Quantile,7,265,136
2016,77,0.05,Quantile,8,264,137
2016,77,0.05,Quantile,9,265,108
2016,77,0.05,Quantile,10,265,116
2016,77,0.05,Quantile,11,264,131
2016,77,0.05,Quantile,12,265,124
2016,77,0.05,Quantile,13,265,149
2016,77,0.05,Quantile,14,264,146
2016,77,0.05,Quantile,15,265,153
2016,77,0.05,Quantile,16,264,123
2016,78,1.0,EW,1,1,1
2016,78,1.0,EW,2,20,4
2016,78,1.0,EW,3,95,12
2016,78,1.0,EW,4,336,61
2016,78,1.0,EW,5,434,90
2016,78,1.0,EW,6,761,295
2016,78,1.0,EW,7,921,473
2016,78,1.0,EW,8,742,475
2016,78,1.0,EW,9,402,278
2016,78,1.0,EW,10,297,250
2016,78,1.0,EW,11,132,98
2016,78,1.0,EW,12,76,66
2016,78,1.0,EW,13,16,14
2016,78,1.0,EW,14,1,0
2016,78,1.0,EW,15,0,0
2016,78,1.0,EW,16,0,0
2016,78,1.0,Quantile,1,265,36
2016,78,1.0,Quantile,2,265,51
2016,78,1.0,Quantile,3,264,54
2016,78,1.0,Quantile,4,265,91
2016,78,1.0,Quantile,5,265,102
2016,78,1.0,Quantile,6,264,105
2016,78,1.0,Quantile,7,265,129
2016,78,1.0,Quantile,8,264,120
2016,78,1.0,Quantile,9,265,142
2016,78,1.0,Quantile,10,265,146
2016,78,1.0,Quantile,11,264,154
2016,78,1.0,Quantile,12,265,192
2016,78,1.0,Quantile,13,265,180
2016,78,1.0,Quantile,14,264,181
2016,78,1.0,Quantile,15,265,222
2016,78,1.0,Quantile,16,264,212
2016,78,0.05,EW,1,0,0
2016,78,0.05,EW,2,0,0
2016,78,0.05,EW,3,0,0
2016,78,0.05,EW,4,30,15
2016,78,0.05,EW,5,196,69
2016,78,0.05,EW,6,945,532
2016,78,0.05,EW,7,1679,828
2016,78,0.05,EW,8,1082,524
2016,78,0.05,EW,9,261,131
2016,78,0.05,EW,10,38,18
2016,78,0.05,EW,11,3,0
2016,78,0.05,EW,12,0,0
2016,78,0.05,EW,13,0,0
2016,78,0.05,EW,14,0,0
2016,78,0.05,EW,15,0,0
2016,78,0.05,EW,16,0,0
2016,78,0.05,Quantile,1,265,111
2016,78,0.05,Quantile,2,265,189
2016,78,0.05,Quantile,3,264,147
2016,78,0.05,Quantile,4,265,119
2016,78,0.05,Quantile,5,265,123
2016,78,0.05,Quantile,6,264,120
2016,78,0.05,Quantile,7,265,139
2016,78,0.05,Quantile,8,264,116
2016,78,0.05,Quantile,9,265,140
2016,78,0.05,Quantile,10,265,140
2016,78,0.05,Quantile,11,264,135
2016,78,0.05,Quantile,12,265,127
2016,78,0.05,Quantile,13,265,112
2016,78,0.05,Quantile,14,264,139
2016,78,0.05,Quantile,15,265,125
2016,78,0.05,Quantile,16,264,135
2016,79,1.0,EW,1,0,0
2016,79,1.0,EW,2,14,0
2016,79,1.0,EW,3,106,7
2016,79,1.0,EW,4,297,61
2016,79,1.0,EW,5,525,127
2016,79,1.0,EW,6,762,281
2016,79,1.0,EW,7,845,435
2016,79,1.0,EW,8,724,453
2016,79,1.0,EW,9,418,302
2016,79,1.0,EW,10,269,227
2016,79,1.0,EW,11,234,195
2016,79,1.0,EW,12,40,29
2016,79,1.0,EW,13,0,0
2016,79,1.0,EW,14,0,0
2016,79,1.0,EW,15,0,0
2016,79,1.0,EW,16,0,0
2016,79,1.0,Quantile,1,265,38
2016,79,1.0,Quantile,2,265,44
2016,79,1.0,Quantile,3,264,69
2016,79,1.0,Quantile,4,265,87
2016,79,1.0,Quantile,5,265,82
2016,79,1.0,Quantile,6,264,106
2016,79,1.0,Quantile,7,265,102
2016,79,1.0,Quantile,8,264,125
2016,79,1.0,Quantile,9,265,164
2016,79,1.0,Quantile,10,265,141
2016,79,1.0,Quantile,11,264,152
2016,79,1.0,Quantile,12,265,181
2016,79,1.0,Quantile,13,265,189
2016,79,1.0,Quantile,14,264,198
2016,79,1.0,Quantile,15,265,225
2016,79,1.0,Quantile,16,264,214
2016,79,0.05,EW,1,0,0
2016,79,0.05,EW,2,0,0
2016,79,0.05,EW,3,0,0
2016,79,0.05,EW,4,6,6
2016,79,0.05,EW,5,260,140
2016,79,0.05,EW,6,993,485
2016,79,0.05,EW,7,1515,763
2016,79,0.05,EW,8,1089,570
2016,79,0.05,EW,9,341,142
2016,79,0.05,EW,10,29,11
2016,79,0.05,EW,11,1,0
2016,79,0.05,EW,12,0,0
2016,79,0.05,EW,13,0,0
2016,79,0.05,EW,14,0,0
2016,79,0.05,EW,15,0,0
2016,79,0.05,EW,16,0,0
2016,79,0.05,Quantile,1,265,146
2016,79,0.05,Quantile,2,265,103
2016,79,0.05,Quantile,3,264,135
2016,79,0.05,Quantile,4,265,137
2016,79,0.05,Quantile,5,265,143
2016,79,0.05,Quantile,6,264,122
2016,79,0.05,Quantile,7,265,119
2016,79,0.05,Quantile,8,264,138
2016,79,0.05,Quantile,9,265,146
2016,79,0.05,Quantile,10,265,147
2016,79,0.05,Quantile,11,264,118
2016,79,0.05,Quantile,12,265,124
2016,79,0.05,Quantile,13,265,133
2016,79,0.05,Quantile,14,264,159
2016,79,0.05,Quantile,15,265,143
2016,79,0.05,Quantile,16,264,104
2016,80,1.0,EW,1,0,0
2016,80,1.0,EW,2,10,0
2016,80,1.0,EW,3,88,17
2016,80,1.0,EW,4,345,59
2016,80,1.0,EW,5,535,116
2016,80,1.0,EW,6,657,244
2016,80,1.0,EW,7,826,404
2016,80,1.0,EW,8,846,556
2016,80,1.0,EW,9,426,314
2016,80,1.0,EW,10,266,211
2016,80,1.0,EW,11,159,133
2016,80,1.0,EW,12,68,55
2016,80,1.0,EW,13,8,8
2016,80,1.0,EW,14,0,0
2016,80,1.0,EW,15,0,0
2016,80,1.0,EW,16,0,0
2016,80,1.0,Quantile,1,265,40
2016,80,1.0,Quantile,2,265,57
2016,80,1.0,Quantile,3,264,50
2016,80,1.0,Quantile,4,265,80
2016,80,1.0,Quantile,5,265,83
2016,80,1.0,Quantile,6,264,107
2016,80,1.0,Quantile,7,265,116
2016,80,1.0,Quantile,8,264,126
2016,80,1.0,Quantile,9,265,129
2016,80,1.0,Quantile,10,265,190
2016,80,1.0,Quantile,11,264,171
2016,80,1.0,Quantile,12,265,164
2016,80,1.0,Quantile,13,265,168
2016,80,1.0,Quantile,14,264,205
2016,80,1.0,Quantile,15,265,211
2016,80,1.0,Quantile,16,264,220
2016,80,0.05,EW,1,0,0
2016,80,0.05,EW,2,0,0
2016,80,0.05,EW,3,0,0
2016,80,0.05,EW,4,19,10
2016,80,0.05,EW,5,145,71
2016,80,0.05,EW,6,983,512
2016,80,0.05,EW,7,1719,883
2016,80,0.05,EW,8,1088,508
2016,80,0.05,EW,9,259,127
2016,80,0.05,EW,10,21,6
2016,80,0.05,EW,11,0,0
2016,80,0.05,EW,12,0,0
2016,80,0.05,EW,13,0,0
2016,80,0.05,EW,14,0,0
2016,80,0.05,EW,15,0,0
2016,80,0.05,EW,16,0,0
2016,80,0.05,Quantile,1,265,133
2016,80,0.05,Quantile,2,265,167
2016,80,0.05,Quantile,3,264,126
2016,80,0.05,Quantile,4,265,128
2016,80,0.05,Quantile,5,265,127
2016,80,0.05,Quantile,6,264,132
2016,80,0.05,Quantile,7,265,126
2016,80,0.05,Quantile,8,264,139
2016,80,0.05,Quantile,9,265,129
2016,80,0.05,Quantile,10,265,145
2016,80,0.05,Quantile,11,264,152
2016,80,0.05,Quantile,12,265,142
2016,80,0.05,Quantile,13,265,131
2016,80,0.05,Quantile,14,264,94
2016,80,0.05,Quantile,15,265,122
2016,80,0.05,Quantile,16,264,124
2016,81,1.0,EW,1,0,0
2016,81,1.0,EW,2,15,1
2016,81,1.0,EW,3,98,7
2016,81,1.0,EW,4,274,64
2016,81,1.0,EW,5,558,145
2016,81,1.0,EW,6,797,249
2016,81,1.0,EW,7,735,400
2016,81,1.0,EW,8,703,446
2016,81,1.0,EW,9,532,388
2016,81,1.0,EW,10,354,289
2016,81,1.0,EW,11,116,82
2016,81,1.0,EW,12,52,46
2016,81,1.0,EW,13,0,0
2016,81,1.0,EW,14,0,0
2016,81,1.0,EW,15,0,0
2016,81,1.0,EW,16,0,0
2016,81,1.0,Quantile,1,265,40
2016,81,1.0,Quantile,2,265,60
2016,81,1.0,Quantile,3,264,52
2016,81,1.0,Quantile,4,265,109
2016,81,1.0,Quantile,5,265,78
2016,81,1.0,Quantile,6,264,79
2016,81,1.0,Quantile,7,265,95
2016,81,1.0,Quantile,8,264,154
2016,81,1.0,Quantile,9,265,133
2016,81,1.0,Quantile,10,265,168
2016,81,1.0,Quantile,11,264,159
2016,81,1.0,Quantile,12,265,182
2016,81,1.0,Quantile,13,265,196
2016,81,1.0,Quantile,14,264,188
2016,81,1.0,Quantile,15,265,224
2016,81,1.0,Quantile,16,264,200
2016,81,0.05,EW,1,0,0
2016,81,0.05,EW,2,0,0
2016,81,0.05,EW,3,3,1
2016,81,0.05,EW,4,29,7
2016,81,0.05,EW,5,228,114
2016,81,0.05,EW,6,907,473
2016,81,0.05,EW,7,1662,828
2016,81,0.05,EW,8,1070,543
2016,81,0.05,EW,9,281,125
2016,81,0.05,EW,10,51,26
2016,81,0.05,EW,11,3,0
2016,81,0.05,EW,12,0,0
2016,81,0.05,EW,13,0,0
2016,81,0.05,EW,14,0,0
2016,81,0.05,EW,15,0,0
2016,81,0.05,EW,16,0,0
2016,81,0.05,Quantile,1,265,125
2016,81,0.05,Quantile,2,265,125
2016,81,0.05,Quantile,3,264,136
2016,81,0.05,Quantile,4,265,147
2016,81,0.05,Quantile,5,265,149
2016,81,0.05,Quantile,6,264,150
2016,81,0.05,Quantile,7,265,133
2016,81,0.05,Quantile,8,264,114
2016,81,0.05,Quantile,9,265,125
2016,81,0.05,Quantile,10,265,133
2016,81,0.05,Quantile,11,264,126
2016,81,0.05,Quantile,12,265,141
2016,81,0.05,Quantile,13,265,133
2016,81,0.05,Quantile,14,264,137
2016,81,0.05,Quantile,15,265,122
2016,81,0.05,Quantile,16,264,121
2016,82,1.0,EW,1,16,1
2016,82,1.0,EW,2,26,0
2016,82,1.0,EW,3,47,5
2016,82,1.0,EW,4,213,50
2016,82,1.0,EW,5,630,154
2016,82,1.0,EW,6,840,305
2016,82,1.0,EW,7,851,416
2016,82,1.0,EW,8,562,369
2016,82,1.0,EW,9,519,395
2016,82,1.0,EW,10,369,292
2016,82,1.0,EW,11,92,75
2016,82,1.0,EW,12,48,37
2016,82,1.0,EW,13,5,4
2016,82,1.0,EW,14,16,14
2016,82,1.0,EW,15,0,0
2016,82,1.0,EW,16,0,0
2016,82,1.0,Quantile,1,265,47
2016,82,1.0,Quantile,2,265,64
2016,82,1.0,Quantile,3,264,63
2016,82,1.0,Quantile,4,265,65
2016,82,1.0,Quantile,5,265,104
2016,82,1.0,Quantile,6,264,83
2016,82,1.0,Quantile,7,265,132
2016,82,1.0,Quantile,8,264,115
2016,82,1.0,Quantile,9,265,126
2016,82,1.0,Quantile,10,265,147
2016,82,1.0,Quantile,11,264,165
2016,82,1.0,Quantile,12,265,180
2016,82,1.0,Quantile,13,265,205
2016,82,1.0,Quantile,14,264,200
2016,82,1.0,Quantile,15,265,214
2016,82,1.0,Quantile,16,264,207
2016,82,0.05,EW,1,0,0
2016,82,0.05,EW,2,0,0
2016,82,0.05,EW,3,3,2
2016,82,0.05,EW,4,19,7
2016,82,0.05,EW,5,234,106
2016,82,0.05,EW,6,961,488
2016,82,0.05,EW,7,1593,817
2016,82,0.05,EW,8,1043,511
2016,82,0.05,EW,9,330,164
2016,82,0.05,EW,10,51,22
2016,82,0.05,EW,11,0,0
2016,82,0.05,EW,12,0,0
2016,82,0.05,EW,13,0,0
2016,82,0.05,EW,14,0,0
2016,82,0.05,EW,15,0,0
2016,82,0.05,EW,16,0,0
2016,82,0.05,Quantile,1,265,122
2016,82,0.05,Quantile,2,265,149
2016,82,0.05,Quantile,3,264,118
2016,82,0.05,Quantile,4,265,140
2016,82,0.05,Quantile,5,265,126
2016,82,0.05,Quantile,6,264,142
2016,82,0.05,Quantile,7,265,114
2016,82,0.05,Quantile,8,264,126
2016,82,0.05,Quantile,9,265,158
2016,82,0.05,Quantile,10,265,137
2016,82,0.05,Quantile,11,264,144
2016,82,0.05,Quantile,12,265,132
2016,82,0.05,Quantile,13,265,125
2016,82,0.05,Quantile,14,264,140
2016,82,0.05,Quantile,15,265,110
2016,82,0.05,Quantile,16,264,134
2016,83,1.0,EW,1,0,0
2016,83,1.0,EW,2,23,2
2016,83,1.0,EW,3,69,6
2016,83,1.0,EW,4,234,48
2016,83,1.0,EW,5,594,154
2016,83,1.0,EW,6,872,326
2016,83,1.0,EW,7,750,356
2016,83,1.0,EW,8,682,457
2016,83,1.0,EW,9,591,446
2016,83,1.0,EW,10,256,196
2016,83,1.0,EW,11,79,55
2016,83,1.0,EW,12,58,53
2016,83,1.0,EW,13,15,10
2016,83,1.0,EW,14,8,8
2016,83,1.0,EW,15,3,0
2016,83,1.0,EW,16,0,0
2016,83,1.0,Quantile,1,265,43
2016,83,1.0,Quantile,2,265,70
2016,83,1.0,Quantile,3,264,74
2016,83,1.0,Quantile,4,265,69
2016,83,1.0,Quantile,5,265,105
2016,83,1.0,Quantile,6,264,96
2016,83,1.0,Quantile,7,265,97
2016,83,1.0,Quantile,8,264,130
2016,83,1.0,Quantile,9,265,127
2016,83,1.0,Quantile,10,265,143
2016,83,1.0,Quantile,11,264,178
2016,83,1.0,Quantile,12,265,183
2016,83,1.0,Quantile,13,265,202
2016,83,1.0,Quantile,14,264,198
2016,83,1.0,Quantile,15,265,192
2016,83,1.0,Quantile,16,264,210
2016,83,0.05,EW,1,0,0
2016,83,0.05,EW,2,0,0
2016,83,0.05,EW,3,0,0
2016,83,0.05,EW,4,6,6
2016,83,0.05,EW,5,204,109
2016,83,0.05,EW,6,984,488
2016,83,0.05,EW,7,1651,851
2016,83,0.05,EW,8,1080,518
2016,83,0.05,EW,9,268,129
2016,83,0.05,EW,10,41,16
2016,83,0.05,EW,11,0,0
2016,83,0.05,EW,12,0,0
2016,83,0.05,EW,13,0,0
2016,83,0.05,EW,14,0,0
2016,83,0.05,EW,15,0,0
2016,83,0.05,EW,16,0,0
2016,83,0.05,Quantile,1,265,138
2016,83,0.05,Quantile,2,265,141
2016,83,0.05,Quantile,3,264,138
2016,83,0.05,Quantile,4,265,126
2016,83,0.05,Quantile,5,265,121
2016,83,0.05,Quantile,6,264,134
2016,83,0.05,Quantile,7,265,140
2016,83,0.05,Quantile,8,264,150
2016,83,0.05,Quantile,9,265,148
2016,83,0.05,Quantile,10,265,123
2016,83,0.05,Quantile,11,264,132
2016,83,0.05,Quantile,12,265,124
2016,83,0.05,Quantile,13,265,131
2016,83,0.05,Quantile,14,264,118
2016,83,0.05,Quantile,15,265,126
2016,83,0.05,Quantile,16,264,127
2016,84,1.0,EW,1,0,0
2016,84,1.0,EW,2,8,0
2016,84,1.0,EW,3,116,11
2016,84,1.0,EW,4,257,42
2016,84,1.0,EW,5,513,142
2016,84,1.0,EW,6,802,310
2016,84,1.0,EW,7,810,402
2016,84,1.0,EW,8,778,481
2016,84,1.0,EW,9,501,373
2016,84,1.0,EW,10,243,182
2016,84,1.0,EW,11,120,103
2016,84,1.0,EW,12,73,65
2016,84,1.0,EW,13,13,6
2016,84,1.0,EW,14,0,0
2016,84,1.0,EW,15,0,0
2016,84,1.0,EW,16,0,0
2016,84,1.0,Quantile,1,265,34
2016,84,1.0,Quantile,2,265,63
2016,84,1.0,Quantile,3,264,68
2016,84,1.0,Quantile,4,265,89
2016,84,1.0,Quantile,5,265,92
2016,84,1.0,Quantile,6,264,106
2016,84,1.0,Quantile,7,265,120
2016,84,1.0,Quantile,8,264,108
2016,84,1.0,Quantile,9,265,146
2016,84,1.0,Quantile,10,265,145
2016,84,1.0,Quantile,11,264,172
2016,84,1.0,Quantile,12,265,180
2016,84,1.0,Quantile,13,265,181
2016,84,1.0,Quantile,14,264,205
2016,84,1.0,Quantile,15,265,192
2016,84,1.0,Quantile,16,264,216
2016,84,0.05,EW,1,0,0
2016,84,0.05,EW,2,0,0
2016,84,0.05,EW,3,0,0
2016,84,0.05,EW,4,19,14
2016,84,0.05,EW,5,207,77
2016,84,0.05,EW,6,914,481
2016,84,0.05,EW,7,1640,806
2016,84,0.05,EW,8,1134,591
2016,84,0.05,EW,9,297,136
2016,84,0.05,EW,10,23,12
2016,84,0.05,EW,11,0,0
2016,84,0.05,EW,12,0,0
2016,84,0.05,EW,13,0,0
2016,84,0.05,EW,14,0,0
2016,84,0.05,EW,15,0,0
2016,84,0.05,EW,16,0,0
2016,84,0.05,Quantile,1,265,110
2016,84,0.05,Quantile,2,265,132
2016,84,0.05,Quantile,3,264,148
2016,84,0.05,Quantile,4,265,142
2016,84,0.05,Quantile,5,265,135
2016,84,0.05,Quantile,6,264,132
2016,84,0.05,Quantile,7,265,129
2016,84,0.05,Quantile,8,264,131
2016,84,0.05,Quantile,9,265,129
2016,84,0.05,Quantile,10,265,121
2016,84,0.05,Quantile,11,264,144
2016,84,0.05,Quantile,12,265,145
2016,84,0.05,Quantile,13,265,138
2016,84,0.05,Quantile,14,264,127
2016,84,0.05,Quantile,15,265,130
2016,84,0.05,Quantile,16,264,124
2016,85,1.0,EW,1,0,0
2016,85,1.0,EW,2,15,1
2016,85,1.0,EW,3,67,6
2016,85,1.0,EW,4,298,52
2016,85,1.0,EW,5,555,131
2016,85,1.0,EW,6,703,261
2016,85,1.0,EW,7,896,453
2016,85,1.0,EW,8,702,471
2016,85,1.0,EW,9,555,411
2016,85,1.0,EW,10,279,195
2016,85,1.0,EW,11,104,85
2016,85,1.0,EW,12,34,31
2016,85,1.0,EW,13,19,17
2016,85,1.0,EW,14,7,3
2016,85,1.0,EW,15,0,0
2016,85,1.0,EW,16,0,0
2016,85,1.0,Quantile,1,265,40
2016,85,1.0,Quantile,2,265,52
2016,85,1.0,Quantile,3,264,63
2016,85,1.0,Quantile,4,265,89
2016,85,1.0,Quantile,5,265,87
2016,85,1.0,Quantile,6,264,92
2016,85,1.0,Quantile,7,265,143
2016,85,1.0,Quantile,8,264,136
2016,85,1.0,Quantile,9,265,123
2016,85,1.0,Quantile,10,265,156
2016,85,1.0,Quantile,11,264,162
2016,85,1.0,Quantile,12,265,189
2016,85,1.0,Quantile,13,265,185
2016,85,1.0,Quantile,14,264,204
2016,85,1.0,Quantile,15,265,198
2016,85,1.0,Quantile,16,264,198
2016,85,0.05,EW,1,0,0
2016,85,0.05,EW,2,0,0
2016,85,0.05,EW,3,0,0
2016,85,0.05,EW,4,14,11
2016,85,0.05,EW,5,254,105
2016,85,0.05,EW,6,901,454
2016,85,0.05,EW,7,1671,870
2016,85,0.05,EW,8,1037,516
2016,85,0.05,EW,9,322,150
2016,85,0.05,EW,10,35,11
2016,85,0.05,EW,11,0,0
2016,85,0.05,EW,12,0,0
2016,85,0.05,EW,13,0,0
2016,85,0.05,EW,14,0,0
2016,85,0.05,EW,15,0,0
2016,85,0.05,EW,16,0,0
2016,85,0.05,Quantile,1,265,114
2016,85,0.05,Quantile,2,265,142
2016,85,0.05,Quantile,3,264,123
2016,85,0.05,Quantile,4,265,127
2016,85,0.05,Quantile,5,265,145
2016,85,0.05,Quantile,6,264,135
2016,85,0.05,Quantile,7,265,154
2016,85,0.05,Quantile,8,264,159
2016,85,0.05,Quantile,9,265,135
2016,85,0.05,Quantile,10,265,111
2016,85,0.05,Quantile,11,264,128
2016,85,0.05,Quantile,12,265,115
2016,85,0.05,Quantile,13,265,136
2016,85,0.05,Quantile,14,264,135
2016,85,0.05,Quantile,15,265,137
2016,85,0.05,Quantile,16,264,121
2016,86,1.0,EW,1,0,0
2016,86,1.0,EW,2,6,2
2016,86,1.0,EW,3,88,13
2016,86,1.0,EW,4,316,63
2016,86,1.0,EW,5,512,138
2016,86,1.0,EW,6,796,284
2016,86,1.0,EW,7,835,424
2016,86,1.0,EW,8,641,389
2016,86,1.0,EW,9,505,388
2016,86,1.0,EW,10,336,255
2016,86,1.0,EW,11,180,153
2016,86,1.0,EW,12,19,8
2016,86,1.0,EW,13,0,0
2016,86,1.0,EW,14,0,0
2016,86,1.0,EW,15,0,0
2016,86,1.0,EW,16,0,0
2016,86,1.0,Quantile,1,265,50
2016,86,1.0,Quantile,2,265,44
2016,86,1.0,Quantile,3,264,77
2016,86,1.0,Quantile,4,265,83
2016,86,1.0,Quantile,5,265,84
2016,86,1.0,Quantile,6,264,102
2016,86,1.0,Quantile,7,265,122
2016,86,1.0,Quantile,8,264,117
2016,86,1.0,Quantile,9,265,159
2016,86,1.0,Quantile,10,265,140
2016,86,1.0,Quantile,11,264,145
2016,86,1.0,Quantile,12,265,176
2016,86,1.0,Quantile,13,265,201
2016,86,1.0,Quantile,14,264,205
2016,86,1.0,Quantile,15,265,200
2016,86,1.0,Quantile,16,264,212
2016,86,0.05,EW,1,0,0
2016,86,0.05,EW,2,0,0
2016,86,0.05,EW,3,0,0
2016,86,0.05,EW,4,40,17
2016,86,0.05,EW,5,240,112
2016,86,0.05,EW,6,908,439
2016,86,0.05,EW,7,1689,834
2016,86,0.05,EW,8,942,517
2016,86,0.05,EW,9,372,189
2016,86,0.05,EW,10,43,9
2016,86,0.05,EW,11,0,0
2016,86,0.05,EW,12,0,0
2016,86,0.05,EW,13,0,0
2016,86,0.05,EW,14,0,0
2016,86,0.05,EW,15,0,0
2016,86,0.05,EW,16,0,0
2016,86,0.05,Quantile,1,265,125
2016,86,0.05,Quantile,2,265,113
2016,86,0.05,Quantile,3,264,111
2016,86,0.05,Quantile,4,265,146
2016,86,0.05,Quantile,5,265,164
2016,86,0.05,Quantile,6,264,144
2016,86,0.05,Quantile,7,265,139
2016,86,0.05,Quantile,8,264,140
2016,86,0.05,Quantile,9,265,123
2016,86,0.05,Quantile,10,265,109
2016,86,0.05,Quantile,11,264,101
2016,86,0.05,Quantile,12,265,133
2016,86,0.05,Quantile,13,265,152
2016,86,0.05,Quantile,14,264,156
2016,86,0.05,Quantile,15,265,125
2016,86,0.05,Quantile,16,264,136
2016,87,1.0,EW,1,1,1
2016,87,1.0,EW,2,19,2
2016,87,1.0,EW,3,115,10
2016,87,1.0,EW,4,285,44
2016,87,1.0,EW,5,494,132
2016,87,1.0,EW,6,775,264
2016,87,1.0,EW,7,859,456
2016,87,1.0,EW,8,678,425
2016,87,1.0,EW,9,426,327
2016,87,1.0,EW,10,442,341
2016,87,1.0,EW,11,86,68
2016,87,1.0,EW,12,53,47
2016,87,1.0,EW,13,1,0
2016,87,1.0,EW,14,0,0
2016,87,1.0,EW,15,0,0
2016,87,1.0,EW,16,0,0
2016,87,1.0,Quantile,1,265,38
2016,87,1.0,Quantile,2,265,46
2016,87,1.0,Quantile,3,264,55
2016,87,1.0,Quantile,4,265,110
2016,87,1.0,Quantile,5,265,84
2016,87,1.0,Quantile,6,264,72
2016,87,1.0,Quantile,7,265,137
2016,87,1.0,Quantile,8,264,143
2016,87,1.0,Quantile,9,265,141
2016,87,1.0,Quantile,10,265,137
2016,87,1.0,Quantile,11,264,148
2016,87,1.0,Quantile,12,265,185
2016,87,1.0,Quantile,13,265,187
2016,87,1.0,Quantile,14,264,224
2016,87,1.0,Quantile,15,265,201
2016,87,1.0,Quantile,16,264,209
2016,87,0.05,EW,1,0,0
2016,87,0.05,EW,2,0,0
2016,87,0.05,EW,3,0,0
2016,87,0.05,EW,4,26,14
2016,87,0.05,EW,5,169,72
2016,87,0.05,EW,6,1041,568
2016,87,0.05,EW,7,1626,764
2016,87,0.05,EW,8,1035,543
2016,87,0.05,EW,9,304,141
2016,87,0.05,EW,10,31,15
2016,87,0.05,EW,11,2,0
2016,87,0.05,EW,12,0,0
2016,87,0.05,EW,13,0,0
2016,87,0.05,EW,14,0,0
2016,87,0.05,EW,15,0,0
2016,87,0.05,EW,16,0,0
2016,87,0.05,Quantile,1,265,132
2016,87,0.05,Quantile,2,265,164
2016,87,0.05,Quantile,3,264,152
2016,87,0.05,Quantile,4,265,133
2016,87,0.05,Quantile,5,265,115
2016,87,0.05,Quantile,6,264,120
2016,87,0.05,Quantile,7,265,109
2016,87,0.05,Quantile,8,264,122
2016,87,0.05,Quantile,9,265,139
2016,87,0.05,Quantile,10,265,135
2016,87,0.05,Quantile,11,264,125
2016,87,0.05,Quantile,12,265,119
2016,87,0.05,Quantile,13,265,142
2016,87,0.05,Quantile,14,264,153
2016,87,0.05,Quantile,15,265,138
2016,87,0.05,Quantile,16,264,119
2016,88,1.0,EW,1,1,1
2016,88,1.0,EW,2,14,3
2016,88,1.0,EW,3,82,13
2016,88,1.0,EW,4,385,58
2016,88,1.0,EW,5,467,105
2016,88,1.0,EW,6,723,243
2016,88,1.0,EW,7,802,424
2016,88,1.0,EW,8,728,489
2016,88,1.0,EW,9,556,417
2016,88,1.0,EW,10,316,246
2016,88,1.0,EW,11,89,61
2016,88,1.0,EW,12,40,38
2016,88,1.0,EW,13,22,15
2016,88,1.0,EW,14,7,4
2016,88,1.0,EW,15,2,0
2016,88,1.0,EW,16,0,0
2016,88,1.0,Quantile,1,265,40
2016,88,1.0,Quantile,2,265,43
2016,88,1.0,Quantile,3,264,56
2016,88,1.0,Quantile,4,265,76
2016,88,1.0,Quantile,5,265,91
2016,88,1.0,Quantile,6,264,77
2016,88,1.0,Quantile,7,265,121
2016,88,1.0,Quantile,8,264,155
2016,88,1.0,Quantile,9,265,139
2016,88,1.0,Quantile,10,265,151
2016,88,1.0,Quantile,11,264,183
2016,88,1.0,Quantile,12,265,183
2016,88,1.0,Quantile,13,265,196
2016,88,1.0,Quantile,14,264,203
2016,88,1.0,Quantile,15,265,199
2016,88,1.0,Quantile,16,264,204
2016,88,0.05,EW,1,0,0
2016,88,0.05,EW,2,0,0
2016,88,0.05,EW,3,0,0
2016,88,0.05,EW,4,9,8
2016,88,0.05,EW,5,209,86
2016,88,0.05,EW,6,983,533
2016,88,0.05,EW,7,1660,809
2016,88,0.05,EW,8,1011,499
2016,88,0.05,EW,9,319,166
2016,88,0.05,EW,10,38,15
2016,88,0.05,EW,11,5,1
2016,88,0.05,EW,12,0,0
2016,88,0.05,EW,13,0,0
2016,88,0.05,EW,14,0,0
2016,88,0.05,EW,15,0,0
2016,88,0.05,EW,16,0,0
2016,88,0.05,Quantile,1,265,117
2016,88,0.05,Quantile,2,265,141
2016,88,0.05,Quantile,3,264,158
2016,88,0.05,Quantile,4,265,144
2016,88,0.05,Quantile,5,265,136
2016,88,0.05,Quantile,6,264,129
2016,88,0.05,Quantile,7,265,122
2016,88,0.05,Quantile,8,264,125
2016,88,0.05,Quantile,9,265,130
2016,88,0.05,Quantile,10,265,134
2016,88,0.05,Quantile,11,264,126
2016,88,0.05,Quantile,12,265,130
2016,88,0.05,Quantile,13,265,117
2016,88,0.05,Quantile,14,264,141
2016,88,0.05,Quantile,15,265,135
2016,88,0.05,Quantile,16,264,132
2016,89,1.0,EW,1,0,0
2016,89,1.0,EW,2,10,1
2016,89,1.0,EW,3,134,11
2016,89,1.0,EW,4,257,39
2016,89,1.0,EW,5,526,128
2016,89,1.0,EW,6,681,240
2016,89,1.0,EW,7,831,467
2016,89,1.0,EW,8,892,565
2016,89,1.0,EW,9,449,306
2016,89,1.0,EW,10,275,210
2016,89,1.0,EW,11,152,134
2016,89,1.0,EW,12,14,5
2016,89,1.0,EW,13,11,11
2016,89,1.0,EW,14,2,0
2016,89,1.0,EW,15,0,0
2016,89,1.0,EW,16,0,0
2016,89,1.0,Quantile,1,265,32
2016,89,1.0,Quantile,2,265,49
2016,89,1.0,Quantile,3,264,61
2016,89,1.0,Quantile,4,265,88
2016,89,1.0,Quantile,5,265,108
2016,89,1.0,Quantile,6,264,71
2016,89,1.0,Quantile,7,265,147
2016,89,1.0,Quantile,8,264,142
2016,89,1.0,Quantile,9,265,157
2016,89,1.0,Quantile,10,265,163
2016,89,1.0,Quantile,11,264,167
2016,89,1.0,Quantile,12,265,170
2016,89,1.0,Quantile,13,265,163
2016,89,1.0,Quantile,14,264,174
2016,89,1.0,Quantile,15,265,206
2016,89,1.0,Quantile,16,264,219
2016,89,0.05,EW,1,0,0
2016,89,0.05,EW,2,0,0
2016,89,0.05,EW,3,1,1
2016,89,0.05,EW,4,18,7
2016,89,0.05,EW,5,199,99
2016,89,0.05,EW,6,1021,504
2016,89,0.05,EW,7,1563,805
2016,89,0.05,EW,8,1082,510
2016,89,0.05,EW,9,306,181
2016,89,0.05,EW,10,44,10
2016,89,0.05,EW,11,0,0
2016,89,0.05,EW,12,0,0
2016,89,0.05,EW,13,0,0
2016,89,0.05,EW,14,0,0
2016,89,0.05,EW,15,0,0
2016,89,0.05,EW,16,0,0
2016,89,0.05,Quantile,1,265,135
2016,89,0.05,Quantile,2,265,144
2016,89,0.05,Quantile,3,264,138
2016,89,0.05,Quantile,4,265,118
2016,89,0.05,Quantile,5,265,112
2016,89,0.05,Quantile,6,264,124
2016,89,0.05,Quantile,7,265,136
2016,89,0.05,Quantile,8,264,132
2016,89,0.05,Quantile,9,265,150
2016,89,0.05,Quantile,10,265,148
2016,89,0.05,Quantile,11,264,140
2016,89,0.05,Quantile,12,265,127
2016,89,0.05,Quantile,13,265,133
2016,89,0.05,Quantile,14,264,116
2016,89,0.05,Quantile,15,265,128
2016,89,0.05,Quantile,16,264,136
2016,90,1.0,EW,1,11,0
2016,90,1.0,EW,2,15,3
2016,90,1.0,EW,3,119,12
2016,90,1.0,EW,4,278,39
2016,90,1.0,EW,5,502,125
2016,90,1.0,EW,6,724,298
2016,90,1.0,EW,7,863,412
2016,90,1.0,EW,8,686,436
2016,90,1.0,EW,9,528,401
2016,90,1.0,EW,10,334,266
2016,90,1.0,EW,11,139,98
2016,90,1.0,EW,12,23,18
2016,90,1.0,EW,13,4,3
2016,90,1.0,EW,14,0,0
2016,90,1.0,EW,15,3,3
2016,90,1.0,EW,16,5,3
2016,90,1.0,Quantile,1,265,33
2016,90,1.0,Quantile,2,265,45
2016,90,1.0,Quantile,3,264,73
2016,90,1.0,Quantile,4,265,73
2016,90,1.0,Quantile,5,265,97
2016,90,1.0,Quantile,6,264,123
2016,90,1.0,Quantile,7,265,109
2016,90,1.0,Quantile,8,264,126
2016,90,1.0,Quantile,9,265,147
2016,90,1.0,Quantile,10,265,142
2016,90,1.0,Quantile,11,264,174
2016,90,1.0,Quantile,12,265,164
2016,90,1.0,Quantile,13,265,195
2016,90,1.0,Quantile,14,264,205
2016,90,1.0,Quantile,15,265,209
2016,90,1.0,Quantile,16,264,202
2016,90,0.05,EW,1,0,0
2016,90,0.05,EW,2,0,0
2016,90,0.05,EW,3,0,0
2016,90,0.05,EW,4,10,7
2016,90,0.05,EW,5,194,109
2016,90,0.05,EW,6,989,511
2016,90,0.05,EW,7,1660,823
2016,90,0.05,EW,8,1078,524
2016,90,0.05,EW,9,263,126
2016,90,0.05,EW,10,32,10
2016,90,0.05,EW,11,8,7
2016,90,0.05,EW,12,0,0
2016,90,0.05,EW,13,0,0
2016,90,0.05,EW,14,0,0
2016,90,0.05,EW,15,0,0
2016,90,0.05,EW,16,0,0
2016,90,0.05,Quantile,1,265,152
2016,90,0.05,Quantile,2,265,133
2016,90,0.05,Quantile,3,264,130
2016,90,0.05,Quantile,4,265,147
2016,90,0.05,Quantile,5,265,130
2016,90,0.05,Quantile,6,264,104
2016,90,0.05,Quantile,7,265,138
2016,90,0.05,Quantile,8,264,129
2016,90,0.05,Quantile,9,265,147
2016,90,0.05,Quantile,10,265,136
2016,90,0.05,Quantile,11,264,132
2016,90,0.05,Quantile,12,265,138
2016,90,0.05,Quantile,13,265,125
2016,90,0.05,Quantile,14,264,128
2016,90,0.05,Quantile,15,265,128
2016,90,0.05,Quantile,16,264,120
2016,91,1.0,EW,1,3,0
2016,91,1.0,EW,2,12,2
2016,91,1.0,EW,3,100,9
2016,91,1.0,EW,4,325,54
2016,91,1.0,EW,5,460,94
2016,91,1.0,EW,6,777,297
2016,91,1.0,EW,7,826,436
2016,91,1.0,EW,8,757,449
2016,91,1.0,EW,9,497,379
2016,91,1.0,EW,10,261,210
2016,91,1.0,EW,11,130,121
2016,91,1.0,EW,12,72,55
2016,91,1.0,EW,13,14,11
2016,91,1.0,EW,14,0,0
2016,91,1.0,EW,15,0,0
2016,91,1.0,EW,16,0,0
2016,91,1.0,Quantile,1,265,46
2016,91,1.0,Quantile,2,265,36
2016,91,1.0,Quantile,3,264,48
2016,91,1.0,Quantile,4,265,100
2016,91,1.0,Quantile,5,265,90
2016,91,1.0,Quantile,6,264,97
2016,91,1.0,Quantile,7,265,120
2016,91,1.0,Quantile,8,264,133
2016,91,1.0,Quantile,9,265,142
2016,91,1.0,Quantile,10,265,169
2016,91,1.0,Quantile,11,264,172
2016,91,1.0,Quantile,12,265,146
2016,91,1.0,Quantile,13,265,183
2016,91,1.0,Quantile,14,264,202
2016,91,1.0,Quantile,15,265,203
2016,91,1.0,Quantile,16,264,230
2016,91,0.05,EW,1,0,0
2016,91,0.05,EW,2,0,0
2016,91,0.05,EW,3,0,0
2016,91,0.05,EW,4,50,15
2016,91,0.05,EW,5,206,106
2016,91,0.05,EW,6,1058,501
2016,91,0.05,EW,7,1422,733
2016,91,0.05,EW,8,1154,596
2016,91,0.05,EW,9,287,152
2016,91,0.05,EW,10,57,14
2016,91,0.05,EW,11,0,0
2016,91,0.05,EW,12,0,0
2016,91,0.05,EW,13,0,0
2016,91,0.05,EW,14,0,0
2016,91,0.05,EW,15,0,0
2016,91,0.05,EW,16,0,0
2016,91,0.05,Quantile,1,265,127
2016,91,0.05,Quantile,2,265,144
2016,91,0.05,Quantile,3,264,139
2016,91,0.05,Quantile,4,265,108
2016,91,0.05,Quantile,5,265,105
2016,91,0.05,Quantile,6,264,111
2016,91,0.05,Quantile,7,265,132
2016,91,0.05,Quantile,8,264,157
2016,91,0.05,Quantile,9,265,143
2016,91,0.05,Quantile,10,265,151
2016,91,0.05,Quantile,11,264,125
2016,91,0.05,Quantile,12,265,147
2016,91,0.05,Quantile,13,265,150
2016,91,0.05,Quantile,14,264,141
2016,91,0.05,Quantile,15,265,96
2016,91,0.05,Quantile,16,264,141
2016,92,1.0,EW,1,0,0
2016,92,1.0,EW,2,0,0
2016,92,1.0,EW,3,39,13
2016,92,1.0,EW,4,363,62
2016,92,1.0,EW,5,610,151
2016,92,1.0,EW,6,691,233
2016,92,1.0,EW,7,765,433
2016,92,1.0,EW,8,791,497
2016,92,1.0,EW,9,497,349
2016,92,1.0,EW,10,284,228
2016,92,1.0,EW,11,144,115
2016,92,1.0,EW,12,27,20
2016,92,1.0,EW,13,22,16
2016,92,1.0,EW,14,1,0
2016,92,1.0,EW,15,0,0
2016,92,1.0,EW,16,0,0
2016,92,1.0,Quantile,1,265,48
2016,92,1.0,Quantile,2,265,58
2016,92,1.0,Quantile,3,264,56
2016,92,1.0,Quantile,4,265,72
2016,92,1.0,Quantile,5,265,93
2016,92,1.0,Quantile,6,264,93
2016,92,1.0,Quantile,7,265,119
2016,92,1.0,Quantile,8,264,147
2016,92,1.0,Quantile,9,265,153
2016,92,1.0,Quantile,10,265,156
2016,92,1.0,Quantile,11,264,169
2016,92,1.0,Quantile,12,265,169
2016,92,1.0,Quantile,13,265,188
2016,92,1.0,Quantile,14,264,176
2016,92,1.0,Quantile,15,265,214
2016,92,1.0,Quantile,16,264,206
2016,92,0.05,EW,1,0,0
2016,92,0.05,EW,2,0,0
2016,92,0.05,EW,3,0,0
2016,92,0.05,EW,4,10,7
2016,92,0.05,EW,5,195,115
2016,92,0.05,EW,6,981,484
2016,92,0.05,EW,7,1637,817
2016,92,0.05,EW,8,1098,538
2016,92,0.05,EW,9,307,156
2016,92,0.05,EW,10,6,0
2016,92,0.05,EW,11,0,0
2016,92,0.05,EW,12,0,0
2016,92,0.05,EW,13,0,0
2016,92,0.05,EW,14,0,0
2016,92,0.05,EW,15,0,0
2016,92,0.05,EW,16,0,0
2016,92,0.05,Quantile,1,265,155
2016,92,0.05,Quantile,2,265,129
2016,92,0.05,Quantile,3,264,132
2016,92,0.05,Quantile,4,265,127
2016,92,0.05,Quantile,5,265,124
2016,92,0.05,Quantile,6,264,150
2016,92,0.05,Quantile,7,265,136
2016,92,0.05,Quantile,8,264,123
2016,92,0.05,Quantile,9,265,138
2016,92,0.05,Quantile,10,265,124
2016,92,0.05,Quantile,11,264,130
2016,92,0.05,Quantile,12,265,128
2016,92,0.05,Quantile,13,265,147
2016,92,0.05,Quantile,14,264,129
2016,92,0.05,Quantile,15,265,119
2016,92,0.05,Quantile,16,264,126
2016,93,1.0,EW,1,0,0
2016,93,1.0,EW,2,0,0
2016,93,1.0,EW,3,95,14
2016,93,1.0,EW,4,313,47
2016,93,1.0,EW,5,558,119
2016,93,1.0,EW,6,690,264
2016,93,1.0,EW,7,786,411
2016,93,1.0,EW,8,839,534
2016,93,1.0,EW,9,532,392
2016,93,1.0,EW,10,241,188
2016,93,1.0,EW,11,106,91
2016,93,1.0,EW,12,52,39
2016,93,1.0,EW,13,9,7
2016,93,1.0,EW,14,12,10
2016,93,1.0,EW,15,1,1
2016,93,1.0,EW,16,0,0
2016,93,1.0,Quantile,1,265,35
2016,93,1.0,Quantile,2,265,51
2016,93,1.0,Quantile,3,264,45
2016,93,1.0,Quantile,4,265,82
2016,93,1.0,Quantile,5,265,100
2016,93,1.0,Quantile,6,264,110
2016,93,1.0,Quantile,7,265,119
2016,93,1.0,Quantile,8,264,118
2016,93,1.0,Quantile,9,265,162
2016,93,1.0,Quantile,10,265,143
2016,93,1.0,Quantile,11,264,165
2016,93,1.0,Quantile,12,265,183
2016,93,1.0,Quantile,13,265,194
2016,93,1.0,Quantile,14,264,186
2016,93,1.0,Quantile,15,265,209
2016,93,1.0,Quantile,16,264,215
2016,93,0.05,EW,1,0,0
2016,93,0.05,EW,2,0,0
2016,93,0.05,EW,3,0,0
2016,93,0.05,EW,4,9,9
2016,93,0.05,EW,5,228,115
2016,93,0.05,EW,6,888,447
2016,93,0.05,EW,7,1669,878
2016,93,0.05,EW,8,1175,551
2016,93,0.05,EW,9,251,112
2016,93,0.05,EW,10,14,5
2016,93,0.05,EW,11,0,0
2016,93,0.05,EW,12,0,0
2016,93,0.05,EW,13,0,0
2016,93,0.05,EW,14,0,0
2016,93,0.05,EW,15,0,0
2016,93,0.05,EW,16,0,0
2016,93,0.05,Quantile,1,265,133
2016,93,0.05,Quantile,2,265,117
2016,93,0.05,Quantile,3,264,120
2016,93,0.05,Quantile,4,265,164
2016,93,0.05,Quantile,5,265,136
2016,93,0.05,Quantile,6,264,152
2016,93,0.05,Quantile,7,265,136
2016,93,0.05,Quantile,8,264,127
2016,93,0.05,Quantile,9,265,128
2016,93,0.05,Quantile,10,265,139
2016,93,0.05,Quantile,11,264,158
2016,93,0.05,Quantile,12,265,129
2016,93,0.05,Quantile,13,265,122
2016,93,0.05,Quantile,14,264,122
2016,93,0.05,Quantile,15,265,117
2016,93,0.05,Quantile,16,264,117
2016,94,1.0,EW,1,0,0
2016,94,1.0,EW,2,33,2
2016,94,1.0,EW,3,93,11
2016,94,1.0,EW,4,321,46
2016,94,1.0,EW,5,504,119
2016,94,1.0,EW,6,664,251
2016,94,1.0,EW,7,857,424
2016,94,1.0,EW,8,715,462
2016,94,1.0,EW,9,569,422
2016,94,1.0,EW,10,319,255
2016,94,1.0,EW,11,112,85
2016,94,1.0,EW,12,34,31
2016,94,1.0,EW,13,13,9
2016,94,1.0,EW,14,0,0
2016,94,1.0,EW,15,0,0
2016,94,1.0,EW,16,0,0
2016,94,1.0,Quantile,1,265,24
2016,94,1.0,Quantile,2,265,50
2016,94,1.0,Quantile,3,264,62
2016,94,1.0,Quantile,4,265,63
2016,94,1.0,Quantile,5,265,97
2016,94,1.0,Quantile,6,264,121
2016,94,1.0,Quantile,7,265,142
2016,94,1.0,Quantile,8,264,123
2016,94,1.0,Quantile,9,265,128
2016,94,1.0,Quantile,10,265,143
2016,94,1.0,Quantile,11,264,170
2016,94,1.0,Quantile,12,265,183
2016,94,1.0,Quantile,13,265,181
2016,94,1.0,Quantile,14,264,216
2016,94,1.0,Quantile,15,265,206
2016,94,1.0,Quantile,16,264,208
2016,94,0.05,EW,1,0,0
2016,94,0.05,EW,2,0,0
2016,94,0.05,EW,3,0,0
2016,94,0.05,EW,4,10,7
2016,94,0.05,EW,5,213,110
2016,94,0.05,EW,6,952,488
2016,94,0.05,EW,7,1694,840
2016,94,0.05,EW,8,1006,483
2016,94,0.05,EW,9,331,179
2016,94,0.05,EW,10,28,10
2016,94,0.05,EW,11,0,0
2016,94,0.05,EW,12,0,0
2016,94,0.05,EW,13,0,0
2016,94,0.05,EW,14,0,0
2016,94,0.05,EW,15,0,0
2016,94,0.05,EW,16,0,0
2016,94,0.05,Quantile,1,265,141
2016,94,0.05,Quantile,2,265,126
2016,94,0.05,Quantile,3,264,126
2016,94,0.05,Quantile,4,265,153
2016,94,0.05,Quantile,5,265,129
2016,94,0.05,Quantile,6,264,140
2016,94,0.05,Quantile,7,265,120
2016,94,0.05,Quantile,8,264,126
2016,94,0.05,Quantile,9,265,105
2016,94,0.05,Quantile,10,265,154
2016,94,0.05,Quantile,11,264,141
2016,94,0.05,Quantile,12,265,130
2016,94,0.05,Quantile,13,265,137
2016,94,0.05,Quantile,14,264,105
2016,94,0.05,Quantile,15,265,136
2016,94,0.05,Quantile,16,264,148
2016,95,1.0,EW,1,0,0
2016,95,1.0,EW,2,19,1
2016,95,1.0,EW,3,124,12
2016,95,1.0,EW,4,265,52
2016,95,1.0,EW,5,529,128
2016,95,1.0,EW,6,779,302
2016,95,1.0,EW,7,816,410
2016,95,1.0,EW,8,678,402
2016,95,1.0,EW,9,501,380
2016,95,1.0,EW,10,335,285
2016,95,1.0,EW,11,117,94
2016,95,1.0,EW,12,42,30
2016,95,1.0,EW,13,26,21
2016,95,1.0,EW,14,3,0
2016,95,1.0,EW,15,0,0
2016,95,1.0,EW,16,0,0
2016,95,1.0,Quantile,1,265,41
2016,95,1.0,Quantile,2,265,48
2016,95,1.0,Quantile,3,264,64
2016,95,1.0,Quantile,4,265,74
2016,95,1.0,Quantile,5,265,107
2016,95,1.0,Quantile,6,264,107
2016,95,1.0,Quantile,7,265,115
2016,95,1.0,Quantile,8,264,121
2016,95,1.0,Quantile,9,265,140
2016,95,1.0,Quantile,10,265,154
2016,95,1.0,Quantile,11,264,139
2016,95,1.0,Quantile,12,265,177
2016,95,1.0,Quantile,13,265,195
2016,95,1.0,Quantile,14,264,200
2016,95,1.0,Quantile,15,265,228
2016,95,1.0,Quantile,16,264,207
2016,95,0.05,EW,1,0,0
2016,95,0.05,EW,2,0,0
2016,95,0.05,EW,3,0,0
2016,95,0.05,EW,4,14,8
2016,95,0.05,EW,5,172,96
2016,95,0.05,EW,6,971,507
2016,95,0.05,EW,7,1729,863
2016,95,0.05,EW,8,1067,513
2016,95,0.05,EW,9,240,110
2016,95,0.05,EW,10,36,19
2016,95,0.05,EW,11,5,1
2016,95,0.05,EW,12,0,0
2016,95,0.05,EW,13,0,0
2016,95,0.05,EW,14,0,0
2016,95,0.05,EW,15,0,0
2016,95,0.05,EW,16,0,0
2016,95,0.05,Quantile,1,265,139
2016,95,0.05,Quantile,2,265,138
2016,95,0.05,Quantile,3,264,151
2016,95,0.05,Quantile,4,265,126
2016,95,0.05,Quantile,5,265,141
2016,95,0.05,Quantile,6,264,119
2016,95,0.05,Quantile,7,265,128
2016,95,0.05,Quantile,8,264,137
2016,95,0.05,Quantile,9,265,115
2016,95,0.05,Quantile,10,265,150
2016,95,0.05,Quantile,11,264,146
2016,95,0.05,Quantile,12,265,131
2016,95,0.05,Quantile,13,265,131
2016,95,0.05,Quantile,14,264,124
2016,95,0.05,Quantile,15,265,119
2016,95,0.05,Quantile,16,264,122
2016,96,1.0,EW,1,0,0
2016,96,1.0,EW,2,22,3
2016,96,1.0,EW,3,73,9
2016,96,1.0,EW,4,349,54
2016,96,1.0,EW,5,553,148
2016,96,1.0,EW,6,702,221
2016,96,1.0,EW,7,733,414
2016,96,1.0,EW,8,650,406
2016,96,1.0,EW,9,626,491
2016,96,1.0,EW,10,395,276
2016,96,1.0,EW,11,110,81
2016,96,1.0,EW,12,21,14
2016,96,1.0,EW,13,0,0
2016,96,1.0,EW,14,0,0
2016,96,1.0,EW,15,0,0
2016,96,1.0,EW,16,0,0
2016,96,1.0,Quantile,1,265,36
2016,96,1.0,Quantile,2,265,51
2016,96,1.0,Quantile,3,264,52
2016,96,1.0,Quantile,4,265,92
2016,96,1.0,Quantile,5,265,66
2016,96,1.0,Quantile,6,264,93
2016,96,1.0,Quantile,7,265,130
2016,96,1.0,Quantile,8,264,144
2016,96,1.0,Quantile,9,265,157
2016,96,1.0,Quantile,10,265,151
2016,96,1.0,Quantile,11,264,156
2016,96,1.0,Quantile,12,265,199
2016,96,1.0,Quantile,13,265,195
2016,96,1.0,Quantile,14,264,221
2016,96,1.0,Quantile,15,265,192
2016,96,1.0,Quantile,16,264,182
2016,96,0.05,EW,1,0,0
2016,96,0.05,EW,2,0,0
2016,96,0.05,EW,3,0,0
2016,96,0.05,EW,4,7,4
2016,96,0.05,EW,5,178,101
2016,96,0.05,EW,6,1018,513
2016,96,0.05,EW,7,1657,811
2016,96,0.05,EW,8,1063,543
2016,96,0.05,EW,9,268,116
2016,96,0.05,EW,10,40,29
2016,96,0.05,EW,11,3,0
2016,96,0.05,EW,12,0,0
2016,96,0.05,EW,13,0,0
2016,96,0.05,EW,14,0,0
2016,96,0.05,EW,15,0,0
2016,96,0.05,EW,16,0,0
2016,96,0.05,Quantile,1,265,148
2016,96,0.05,Quantile,2,265,134
2016,96,0.05,Quantile,3,264,122
2016,96,0.05,Quantile,4,265,132
2016,96,0.05,Quantile,5,265,149
2016,96,0.05,Quantile,6,264,141
2016,96,0.05,Quantile,7,265,139
2016,96,0.05,Quantile,8,264,111
2016,96,0.05,Quantile,9,265,109
2016,96,0.05,Quantile,10,265,124
2016,96,0.05,Quantile,11,264,156
2016,96,0.05,Quantile,12,265,159
2016,96,0.05,Quantile,13,265,138
2016,96,0.05,Quantile,14,264,119
2016,96,0.05,Quantile,15,265,115
2016,96,0.05,Quantile,16,264,121
2016,97,1.0,EW,1,0,0
2016,97,1.0,EW,2,7,1
2016,97,1.0,EW,3,70,13
2016,97,1.0,EW,4,261,35
2016,97,1.0,EW,5,585,164
2016,97,1.0,EW,6,827,300
2016,97,1.0,EW,7,775,419
2016,97,1.0,EW,8,660,386
2016,97,1.0,EW,9,642,493
2016,97,1.0,EW,10,248,169
2016,97,1.0,EW,11,114,105
2016,97,1.0,EW,12,28,22
2016,97,1.0,EW,13,6,4
2016,97,1.0,EW,14,0,0
2016,97,1.0,EW,15,9,6
2016,97,1.0,EW,16,2,0
2016,97,1.0,Quantile,1,265,36
2016,97,1.0,Quantile,2,265,76
2016,97,1.0,Quantile,3,264,63
2016,97,1.0,Quantile,4,265,86
2016,97,1.0,Quantile,5,265,85
2016,97,1.0,Quantile,6,264,103
2016,97,1.0,Quantile,7,265,97
2016,97,1.0,Quantile,8,264,138
2016,97,1.0,Quantile,9,265,154
2016,97,1.0,Quantile,10,265,163
2016,97,1.0,Quantile,11,264,140
2016,97,1.0,Quantile,12,265,169
2016,97,1.0,Quantile,13,265,205
2016,97,1.0,Quantile,14,264,198
2016,97,1.0,Quantile,15,265,203
2016,97,1.0,Quantile,16,264,201
2016,97,0.05,EW,1,0,0
2016,97,0.05,EW,2,0,0
2016,97,0.05,EW,3,0,0
2016,97,0.05,EW,4,28,13
2016,97,0.05,EW,5,249,109
2016,97,0.05,EW,6,988,467
2016,97,0.05,EW,7,1469,759
2016,97,0.05,EW,8,1136,619
2016,97,0.05,EW,9,342,136
2016,97,0.05,EW,10,22,14
2016,97,0.05,EW,11,0,0
2016,97,0.05,EW,12,0,0
2016,97,0.05,EW,13,0,0
2016,97,0.05,EW,14,0,0
2016,97,0.05,EW,15,0,0
2016,97,0.05,EW,16,0,0
2016,97,0.05,Quantile,1,265,116
2016,97,0.05,Quantile,2,265,157
2016,97,0.05,Quantile,3,264,129
2016,97,0.05,Quantile,4,265,107
2016,97,0.05,Quantile,5,265,104
2016,97,0.05,Quantile,6,264,137
2016,97,0.05,Quantile,7,265,135
2016,97,0.05,Quantile,8,264,138
2016,97,0.05,Quantile,9,265,131
2016,97,0.05,Quantile,10,265,145
2016,97,0.05,Quantile,11,264,147
2016,97,0.05,Quantile,12,265,121
2016,97,0.05,Quantile,13,265,151
2016,97,0.05,Quantile,14,264,145
2016,97,0.05,Quantile,15,265,146
2016,97,0.05,Quantile,16,264,108
2016,98,1.0,EW,1,0,0
2016,98,1.0,EW,2,14,0
2016,98,1.0,EW,3,123,10
2016,98,1.0,EW,4,295,56
2016,98,1.0,EW,5,542,120
2016,98,1.0,EW,6,699,264
2016,98,1.0,EW,7,891,429
2016,98,1.0,EW,8,616,400
2016,98,1.0,EW,9,545,430
2016,98,1.0,EW,10,303,247
2016,98,1.0,EW,11,123,100
2016,98,1.0,EW,12,72,54
2016,98,1.0,EW,13,11,7
2016,98,1.0,EW,14,0,0
2016,98,1.0,EW,15,0,0
2016,98,1.0,EW,16,0,0
2016,98,1.0,Quantile,1,265,27
2016,98,1.0,Quantile,2,265,51
2016,98,1.0,Quantile,3,264,62
2016,98,1.0,Quantile,4,265,64
2016,98,1.0,Quantile,5,265,110
2016,98,1.0,Quantile,6,264,102
2016,98,1.0,Quantile,7,265,134
2016,98,1.0,Quantile,8,264,118
2016,98,1.0,Quantile,9,265,124
2016,98,1.0,Quantile,10,265,131
2016,98,1.0,Quantile,11,264,174
2016,98,1.0,Quantile,12,265,180
2016,98,1.0,Quantile,13,265,213
2016,98,1.0,Quantile,14,264,201
2016,98,1.0,Quantile,15,265,219
2016,98,1.0,Quantile,16,264,207
2016,98,0.05,EW,1,0,0
2016,98,0.05,EW,2,0,0
2016,98,0.05,EW,3,0,0
2016,98,0.05,EW,4,12,10
2016,98,0.05,EW,5,186,95
2016,98,0.05,EW,6,1027,514
2016,98,0.05,EW,7,1612,846
2016,98,0.05,EW,8,1058,494
2016,98,0.05,EW,9,312,145
2016,98,0.05,EW,10,25,13
2016,98,0.05,EW,11,2,0
2016,98,0.05,EW,12,0,0
2016,98,0.05,EW,13,0,0
2016,98,0.05,EW,14,0,0
2016,98,0.05,EW,15,0,0
2016,98,0.05,EW,16,0,0
2016,98,0.05,Quantile,1,265,149
2016,98,0.05,Quantile,2,265,127
2016,98,0.05,Quantile,3,264,140
2016,98,0.05,Quantile,4,265,129
2016,98,0.05,Quantile,5,265,115
2016,98,0.05,Quantile,6,264,128
2016,98,0.05,Quantile,7,265,121
2016,98,0.05,Quantile,8,264,135
2016,98,0.05,Quantile,9,265,154
2016,98,0.05,Quantile,10,265,150
2016,98,0.05,Quantile,11,264,154
2016,98,0.05,Quantile,12,265,125
2016,98,0.05,Quantile,13,265,118
2016,98,0.05,Quantile,14,264,119
2016,98,0.05,Quantile,15,265,134
2016,98,0.05,Quantile,16,264,119
2016,99,1.0,EW,1,0,0
2016,99,1.0,EW,2,17,1
2016,99,1.0,EW,3,102,8
2016,99,1.0,EW,4,259,43
2016,99,1.0,EW,5,500,156
2016,99,1.0,EW,6,861,301
2016,99,1.0,EW,7,762,370
2016,99,1.0,EW,8,706,466
2016,99,1.0,EW,9,582,423
2016,99,1.0,EW,10,265,206
2016,99,1.0,EW,11,123,96
2016,99,1.0,EW,12,52,44
2016,99,1.0,EW,13,5,3
2016,99,1.0,EW,14,0,0
2016,99,1.0,EW,15,0,0
2016,99,1.0,EW,16,0,0
2016,99,1.0,Quantile,1,265,35
2016,99,1.0,Quantile,2,265,55
2016,99,1.0,Quantile,3,264,91
2016,99,1.0,Quantile,4,265,78
2016,99,1.0,Quantile,5,265,79
2016,99,1.0,Quantile,6,264,101
2016,99,1.0,Quantile,7,265,103
2016,99,1.0,Quantile,8,264,121
2016,99,1.0,Quantile,9,265,136
2016,99,1.0,Quantile,10,265,164
2016,99,1.0,Quantile,11,264,172
2016,99,1.0,Quantile,12,265,187
2016,99,1.0,Quantile,13,265,198
2016,99,1.0,Quantile,14,264,187
2016,99,1.0,Quantile,15,265,197
2016,99,1.0,Quantile,16,264,213
2016,99,0.05,EW,1,0,0
2016,99,0.05,EW,2,0,0
2016,99,0.05,EW,3,1,1
2016,99,0.05,EW,4,35,13
2016,99,0.05,EW,5,232,121
2016,99,0.05,EW,6,903,421
2016,99,0.05,EW,7,1625,849
2016,99,0.05,EW,8,1114,549
2016,99,0.05,EW,9,272,131
2016,99,0.05,EW,10,52,32
2016,99,0.05,EW,11,0,0
2016,99,0.05,EW,12,0,0
2016,99,0.05,EW,13,0,0
2016,99,0.05,EW,14,0,0
2016,99,0.05,EW,15,0,0
2016,99,0.05,EW,16,0,0
2016,99,0.05,Quantile,1,265,134
2016,99,0.05,Quantile,2,265,112
2016,99,0.05,Quantile,3,264,133
2016,99,0.05,Quantile,4,265,132
2016,99,0.05,Quantile,5,265,113
2016,99,0.05,Quantile,6,264,146
2016,99,0.05,Quantile,7,265,141
2016,99,0.05,Quantile,8,264,148
2016,99,0.05,Quantile,9,265,136
2016,99,0.05,Quantile,10,265,131
2016,99,0.05,Quantile,11,264,148
2016,99,0.05,Quantile,12,265,146
2016,99,0.05,Quantile,13,265,143
2016,99,0.05,Quantile,14,264,111
2016,99,0.05,Quantile,15,265,105
2016,99,0.05,Quantile,16,264,138
2016,100,1.0,EW,1,8,0
2016,100,1.0,EW,2,8,1
2016,100,1.0,EW,3,100,13
2016,100,1.0,EW,4,288,41
2016,100,1.0,EW,5,448,133
2016,100,1.0,EW,6,840,304
2016,100,1.0,EW,7,897,428
2016,100,1.0,EW,8,650,415
2016,100,1.0,EW,9,522,397
2016,100,1.0,EW,10,259,203
2016,100,1.0,EW,11,168,143
2016,100,1.0,EW,12,21,16
2016,100,1.0,EW,13,21,20
2016,100,1.0,EW,14,4,3
2016,100,1.0,EW,15,0,0
2016,100,1.0,EW,16,0,0
2016,100,1.0,Quantile,1,265,30
2016,100,1.0,Quantile,2,265,54
2016,100,1.0,Quantile,3,264,85
2016,100,1.0,Quantile,4,265,87
2016,100,1.0,Quantile,5,265,83
2016,100,1.0,Quantile,6,264,106
2016,100,1.0,Quantile,7,265,118
2016,100,1.0,Quantile,8,264,116
2016,100,1.0,Quantile,9,265,146
2016,100,1.0,Quantile,10,265,128
2016,100,1.0,Quantile,11,264,155
2016,100,1.0,Quantile,12,265,178
2016,100,1.0,Quantile,13,265,207
2016,100,1.0,Quantile,14,264,194
2016,100,1.0,Quantile,15,265,203
2016,100,1.0,Quantile,16,264,227
2016,100,0.05,EW,1,0,0
2016,100,0.05,EW,2,0,0
2016,100,0.05,EW,3,0,0
2016,100,0.05,EW,4,20,10
2016,100,0.05,EW,5,206,99
2016,100,0.05,EW,6,959,500
2016,100,0.05,EW,7,1638,817
2016,100,0.05,EW,8,1089,533
2016,100,0.05,EW,9,298,157
2016,100,0.05,EW,10,24,1
2016,100,0.05,EW,11,0,0
2016,100,0.05,EW,12,0,0
2016,100,0.05,EW,13,0,0
2016,100,0.05,EW,14,0,0
2016,100,0.05,EW,15,0,0
2016,100,0.05,EW,16,0,0
2016,100,0.05,Quantile,1,265,131
2016,100,0.05,Quantile,2,265,134
2016,100,0.05,Quantile,3,264,148
2016,100,0.05,Quantile,4,265,130
2016,100,0.05,Quantile,5,265,133
2016,100,0.05,Quantile,6,264,120
2016,100,0.05,Quantile,7,265,137
2016,100,0.05,Quantile,8,264,132
2016,100,0.05,Quantile,9,265,129
2016,100,0.05,Quantile,10,265,142
2016,100,0.05,Quantile,11,264,135
2016,100,0.05,Quantile,12,265,131
2016,100,0.05,Quantile,13,265,113
2016,100,0.05,Quantile,14,264,140
2016,100,0.05,Quantile,15,265,134
2016,100,0.05,Quantile,16,264,128
