athlete_id,team_id,distinct_games,total_minutes,game_rows,canonical_team_id,kept
605,265,1,0.0,1,265,True
3595,265,1,0.0,1,265,True
4665,2029,32,57.0,32,2029,True
4665,62,11,0.0,11,2029,False
5529,265,1,0.0,1,265,True
8929,265,22,0.0,22,265,True
11790,265,1,0.0,1,265,True
11793,265,1,0.0,1,265,True
15325,265,1,0.0,1,265,True
15326,265,1,0.0,1,265,True
18798,265,1,0.0,1,265,True
18804,265,1,0.0,1,265,True
21274,265,1,0.0,1,265,True
27670,2130,32,250.0,32,2130,True
40988,252,35,624.0,35,252,True
41005,24,37,34.0,37,24,True
41690,252,35,238.0,35,252,True
45582,292,31,62.0,31,292,True
45614,2099,1,0.0,1,2099,True
45623,2026,29,780.0,29,2026,True
45730,2029,6,0.0,6,2029,True
45756,2711,34,1119.0,34,2711,True
45802,252,35,1125.0,35,252,True
45809,254,35,153.0,35,254,True
45883,96,1,0.0,1,96,True
46006,245,33,795.0,33,245,True
46078,264,31,709.0,31,264,True
46126,2241,35,842.0,35,2241,True
46225,2011,29,655.0,29,2011,True
46284,44,1,0.0,1,44,True
46448,2603,1,0.0,1,2603,True
46583,116,30,650.0,30,116,True
46888,299,33,0.0,33,299,True
46994,163,1,0.0,1,163,True
48448,38,34,0.0,34,38,True
48699,254,35,426.0,35,254,True
51005,2803,31,1017.0,31,2803,True
51018,2057,33,1031.0,33,2057,True
51019,288,31,373.0,31,288,True
51021,2057,33,332.0,33,2057,True
51024,2547,34,873.0,34,2547,True
51032,235,32,438.0,32,235,True
51033,299,33,463.0,33,299,True
51035,265,31,508.0,31,265,True
51036,2413,34,26.0,34,2413,True
51038,2,35,879.0,35,2,True
51038,166,1,0.0,1,2,False
51040,152,36,1136.0,36,152,True
51053,2459,30,616.0,30,2459,True
51055,2550,1,0.0,1,2550,True
51057,2199,35,588.0,35,2199,True
51059,2608,31,680.0,31,2608,True
51060,66,34,760.0,34,66,True
51062,2247,35,599.0,35,2247,True
51063,2084,33,755.0,33,2084,True
51065,2099,1,0.0,1,2099,True
51066,2,35,1156.0,35,2,True
51070,2507,34,804.0,34,2507,True
51076,2608,31,862.0,31,2608,True
51076,264,1,0.0,1,2608,False
51079,2567,34,122.0,34,2567,True
51085,302,32,934.0,32,302,True
51095,2197,33,97.0,33,2197,True
51096,2450,34,852.0,34,2450,True
51100,189,33,860.0,33,189,True
51108,2309,35,1181.0,35,2309,True
51111,249,31,926.0,31,249,True
51112,2628,33,901.0,33,2628,True
51123,113,32,929.0,32,113,True
51124,61,33,905.0,33,61,True
51128,2934,33,968.0,33,2934,True
51143,94,30,750.0,30,94,True
51148,2351,31,708.0,31,2351,True
51150,2351,31,824.0,31,2351,True
51155,2275,34,961.0,34,2275,True
51168,2,35,752.0,35,2,True
51168,202,1,0.0,1,2,False
51169,2390,38,328.0,38,2390,True
51171,2458,30,919.0,30,2458,True
51174,221,34,81.0,34,221,True
51175,221,34,721.0,34,221,True
51178,2502,29,685.0,29,2502,True
51179,2501,33,302.0,33,2501,True
51183,2502,29,112.0,29,2502,True
51194,2529,32,999.0,32,2529,True
51196,2529,32,807.0,32,2529,True
51198,301,31,270.0,31,301,True
51203,2226,28,539.0,28,2226,True
51206,302,32,891.0,32,302,True
51207,2439,33,1036.0,33,2439,True
51208,2541,31,36.0,31,2541,True
51226,2603,1,0.0,1,2603,True
51227,2603,1,0.0,1,2603,True
51231,2628,33,538.0,33,2628,True
51235,2132,1,0.0,1,2132,True
51243,2239,31,786.0,31,2239,True
51244,2547,34,1155.0,34,2547,True
51248,2612,34,1096.0,34,2612,True
51255,2640,35,576.0,35,2640,True
51262,2439,33,842.0,33,2439,True
51263,36,34,1013.0,34,36,True
51269,41,29,20.0,29,41,True
51271,57,33,621.0,33,57,True
51272,120,35,533.0,35,120,True
51276,59,31,826.0,31,59,True
51278,2199,35,1026.0,35,2199,True
51279,12,38,1158.0,38,12,True
51289,2545,32,763.0,32,2545,True
51291,98,32,971.0,32,98,True
51295,158,31,214.0,31,158,True
51296,2277,28,441.0,28,2277,True
51296,2428,1,0.0,1,2277,False
51298,2344,34,1115.0,34,2344,True
51306,222,36,933.0,36,222,True
51307,299,33,716.0,33,299,True
51309,269,32,924.0,32,269,True
51311,46,33,677.0,33,46,True
51314,275,40,605.0,40,275,True
51315,275,40,1320.0,40,275,True
51316,103,32,1086.0,32,103,True
51317,194,35,230.0,35,194,True
51319,46,33,496.0,33,46,True
51326,238,34,827.0,34,238,True
51327,238,35,175.0,35,238,True
51333,2571,35,999.0,35,2571,True
51336,77,32,469.0,32,77,True
51337,44,1,0.0,1,44,True
51340,227,33,687.0,33,227,True
51346,156,33,783.0,33,156,True
51352,21,36,868.0,36,21,True
51360,2608,31,951.0,31,2608,True
51361,24,37,1320.0,37,24,True
51364,24,37,1098.0,37,24,True
51371,152,36,217.0,36,152,True
51373,103,32,91.0,32,103,True
51374,87,38,1408.0,38,87,True
51376,302,32,771.0,32,302,True
51377,302,32,745.0,32,302,True
51378,16,33,518.0,33,16,True
51380,2674,34,105.0,34,2674,True
51386,59,31,664.0,31,59,True
51389,2239,31,794.0,31,2239,True
51396,526,33,675.0,33,526,True
51397,2197,33,706.0,33,2197,True
51398,2428,33,932.0,33,2428,True
51401,2247,35,923.0,35,2247,True
51403,2168,36,1215.0,36,2168,True
51407,2649,33,1038.0,33,2649,True
51414,250,31,733.0,31,250,True
51415,195,30,963.0,30,195,True
51421,265,31,587.0,31,265,True
51425,2065,32,573.0,32,2065,True
51426,140,33,832.0,33,140,True
51428,2031,31,796.0,31,2031,True
51438,2636,30,1005.0,30,2636,True
51448,13,29,819.0,29,13,True
51449,277,35,938.0,35,277,True
51452,2473,33,298.0,33,2473,True
51457,2535,32,628.0,32,2535,True
51460,2306,32,781.0,32,2306,True
51462,113,32,863.0,32,113,True
51464,2253,32,810.0,32,2253,True
51469,2520,33,723.0,33,2520,True
51471,155,30,0.0,30,155,True
51473,2750,31,817.0,31,2750,True
51483,249,31,781.0,31,249,True
51485,2934,33,426.0,33,2934,True
51491,309,36,623.0,36,309,True
51492,197,32,792.0,32,197,True
51505,277,35,0.0,35,277,True
51506,2132,1,0.0,1,2132,True
51509,2363,33,908.0,33,2363,True
51513,356,33,794.0,33,356,True
51517,8,36,734.0,36,8,True
51519,248,32,149.0,32,248,True
51527,2253,32,693.0,32,2253,True
51528,2582,35,731.0,35,2582,True
51529,2272,33,790.0,33,2272,True
51529,2029,6,31.0,6,2272,False
51536,135,33,346.0,33,135,True
51539,135,33,799.0,33,135,True
51552,2097,32,776.0,32,2097,True
51555,2483,36,1322.0,36,2483,True
51556,2405,33,822.0,33,2405,True
51557,2193,30,110.0,30,2193,True
51559,119,32,520.0,32,119,True
51562,2378,30,646.0,30,2378,True
51563,21,36,410.0,36,21,True
51564,2443,29,615.0,29,2443,True
51567,2751,35,975.0,35,2751,True
51575,2546,30,322.0,30,2546,True
51580,526,33,479.0,33,526,True
51581,2550,1,0.0,1,2550,True
51583,156,33,534.0,33,156,True
51590,2460,35,613.0,35,2460,True
51591,2460,35,34.0,35,2460,True
51609,2692,30,529.0,30,2692,True
51624,142,32,1092.0,32,142,True
51634,2174,33,1042.0,33,2174,True
51635,2752,37,987.0,37,2752,True
51649,43,32,418.0,32,43,True
51650,77,32,155.0,32,77,True
51654,2754,32,919.0,32,2754,True
51660,2031,31,485.0,31,2031,True
51665,2065,32,943.0,32,2065,True
51670,252,35,1019.0,35,252,True
51671,252,35,739.0,35,252,True
51690,2142,33,921.0,33,2142,True
51691,236,32,159.0,32,236,True
51692,155,30,212.0,30,155,True
51693,2458,30,161.0,30,2458,True
51694,2565,28,442.0,28,2565,True
51696,171,28,573.0,28,171,True
51697,242,32,452.0,32,242,True
51699,2803,31,1183.0,31,2803,True
51708,2198,33,354.0,33,2198,True
51714,333,12,0.0,12,333,True
51719,120,35,919.0,35,120,True
51722,290,30,510.0,30,290,True
51723,290,31,1087.0,31,290,True
51729,161,29,933.0,29,161,True
51741,2459,30,741.0,30,2459,True
51743,282,31,739.0,31,282,True
51744,270,30,1051.0,30,270,True
51758,154,32,557.0,32,154,True
51759,183,31,4.0,31,183,True
51761,2046,30,322.0,30,2046,True
51762,2352,30,772.0,30,2352,True
51765,2649,33,969.0,33,2649,True
51771,2382,35,1040.0,35,2382,True
51781,270,30,53.0,30,270,True
51786,36,34,995.0,34,36,True
51793,2463,33,882.0,33,2463,True
51798,44,33,509.0,33,44,True
51805,166,34,584.0,34,166,True
51807,2239,31,898.0,31,2239,True
51808,2193,30,286.0,30,2193,True
51809,261,34,267.0,34,261,True
51810,2464,38,888.0,38,2464,True
51813,2168,36,76.0,36,2168,True
51814,56,31,507.0,31,56,True
51815,2473,33,1190.0,33,2473,True
51816,103,32,819.0,32,103,True
51817,295,35,883.0,35,295,True
51829,261,34,694.0,34,261,True
51844,27,31,261.0,31,27,True
51850,2547,34,1097.0,34,2547,True
51853,2565,28,597.0,28,2565,True
51857,2127,31,829.0,31,2127,True
51880,111,35,1054.0,35,111,True
51895,145,34,755.0,34,145,True
51901,145,34,540.0,34,145,True
51926,2458,30,774.0,30,2458,True
51927,302,32,460.0,32,302,True
51928,21,36,1183.0,36,21,True
51930,82,34,974.0,34,82,True
51940,2754,32,307.0,32,2754,True
51948,44,1,0.0,1,44,True
51961,2428,32,0.0,32,2428,True
51962,2050,30,466.0,30,2050,True
51999,2934,33,222.0,33,2934,True
52004,2463,33,1072.0,33,2463,True
52005,301,31,668.0,31,301,True
52013,2097,32,1071.0,32,2097,True
52019,2603,1,0.0,1,2603,True
52020,2099,1,0.0,1,2099,True
52036,225,31,274.0,31,225,True
52044,2154,31,414.0,31,2154,True
52046,47,32,980.0,32,47,True
52049,290,31,899.0,31,290,True
52060,2142,33,337.0,33,2142,True
52064,25,33,620.0,33,25,True
52066,2166,32,66.0,32,2166,True
52069,2506,32,1007.0,32,2506,True
52074,2169,36,1095.0,36,2169,True
52078,2612,34,827.0,34,2612,True
52084,2181,31,595.0,31,2181,True
52087,356,33,721.0,33,356,True
52092,2739,33,713.0,33,2739,True
52094,2379,33,341.0,33,2379,True
52103,2612,34,543.0,34,2612,True
52106,2229,33,1174.0,33,2229,True
52113,2261,27,294.0,27,2261,True
52114,108,30,44.0,30,108,True
52116,2065,32,114.0,32,2065,True
52125,9,34,634.0,34,9,True
52132,2065,32,485.0,32,2065,True
52137,2502,29,884.0,29,2502,True
52152,2582,35,661.0,35,2582,True
52154,55,31,800.0,31,55,True
52166,2520,33,775.0,33,2520,True
52180,2934,33,0.0,33,2934,True
52181,309,36,42.0,36,309,True
52195,2413,34,718.0,34,2413,True
52199,149,33,640.0,33,149,True
52205,6,33,927.0,33,6,True
52223,2377,31,892.0,31,2377,True
52226,2450,34,0.0,34,2450,True
52280,252,35,0.0,35,252,True
52281,253,29,259.0,29,253,True
52284,253,29,11.0,29,253,True
52287,2198,33,1108.0,33,2198,True
52289,2870,31,678.0,31,2870,True
52293,2635,30,579.0,30,2635,True
52299,119,32,126.0,32,119,True
52310,295,35,704.0,35,295,True
52343,2535,32,874.0,32,2535,True
52355,44,33,1232.0,33,44,True
52363,2229,33,380.0,33,2229,True
52370,2542,30,337.0,30,2542,True
52426,2199,35,397.0,35,2199,True
52429,153,38,5.0,38,153,True
52441,2608,31,1068.0,31,2608,True
52456,2226,28,63.0,28,2226,True
52462,2582,35,149.0,35,2582,True
52465,2545,32,713.0,32,2545,True
52483,47,32,104.0,32,47,True
52532,2029,32,997.0,32,2029,True
52532,62,11,0.0,11,2029,False
52537,2029,6,0.0,6,2029,True
52541,3084,30,901.0,30,3084,True
52545,3084,30,113.0,30,3084,True
52547,147,30,463.0,30,147,True
52582,300,34,450.0,34,300,True
52716,163,1,0.0,1,163,True
52717,163,1,0.0,1,163,True
52718,163,30,28.0,30,163,True
52938,218,37,52.0,37,218,True
52942,161,29,548.0,29,161,True
52945,2309,35,12.0,35,2309,True
52978,218,37,786.0,37,218,True
52982,158,31,12.0,31,158,True
52983,158,31,13.0,31,158,True
53005,2005,31,0.0,31,2005,True
53012,2572,29,1022.0,29,2572,True
53020,2413,34,747.0,34,2413,True
53035,526,33,54.0,33,526,True
53104,96,1,0.0,1,96,True
53106,314,35,234.0,35,314,True
53149,213,34,1261.0,34,213,True
53178,2440,31,803.0,31,2440,True
54467,50,29,581.0,29,50,True
54580,2065,32,369.0,32,2065,True
54759,2507,34,90.0,34,2507,True
54868,2016,32,127.0,32,2016,True
54909,2710,28,715.0,28,2710,True
55751,213,34,18.0,34,213,True
55925,314,19,22.0,19,314,True
55958,2430,33,32.0,33,2430,True
55973,2427,31,195.0,31,2427,True
56094,2305,36,14.0,36,2305,True
56113,150,39,1396.0,39,150,True
56114,57,33,327.0,33,57,True
56115,183,31,1050.0,31,183,True
56116,150,39,375.0,39,150,True
56117,164,32,694.0,32,164,True
56118,2460,35,637.0,35,2460,True
56119,258,34,1105.0,34,258,True
56120,258,34,789.0,34,258,True
56121,71,33,119.0,33,71,True
56122,154,32,4.0,32,154,True
56123,252,35,914.0,35,252,True
56124,2803,31,126.0,31,2803,True
56126,42,30,455.0,30,42,True
56127,42,30,727.0,30,42,True
56128,42,30,1036.0,30,42,True
56129,2026,29,571.0,29,2026,True
56130,42,30,990.0,30,42,True
56131,42,30,553.0,30,42,True
56132,42,30,203.0,30,42,True
56133,2619,35,206.0,35,2619,True
56135,235,32,741.0,32,235,True
56136,227,1,0.0,1,227,True
56137,2184,31,713.0,31,2184,True
56138,315,30,426.0,30,315,True
56139,227,33,744.0,33,227,True
56140,277,35,754.0,35,277,True
56141,139,32,401.0,32,139,True
56142,2752,37,1216.0,37,2752,True
56143,2752,37,746.0,37,2752,True
56144,120,35,830.0,35,120,True
56145,2057,33,209.0,33,2057,True
56146,526,33,1053.0,33,526,True
56147,526,33,0.0,33,526,True
56148,526,33,1031.0,33,526,True
56149,2046,30,373.0,30,2046,True
56151,288,31,346.0,31,288,True
56152,2306,32,388.0,32,2306,True
56153,288,31,641.0,31,288,True
56155,2382,35,894.0,35,2382,True
56159,2473,33,0.0,33,2473,True
56160,324,34,33.0,34,324,True
56163,2229,33,1033.0,33,2229,True
56164,2306,32,920.0,32,2306,True
56166,2390,38,906.0,38,2390,True
56167,269,32,883.0,32,269,True
56169,269,32,1053.0,32,269,True
56170,87,38,1351.0,38,87,True
56171,213,34,330.0,34,213,True
56172,221,34,0.0,34,221,True
56174,2217,31,258.0,31,2217,True
56175,356,27,480.0,27,356,True
56177,2463,33,0.0,33,2463,True
56178,2550,31,336.0,31,2550,True
56179,2550,31,735.0,31,2550,True
56180,2182,30,635.0,30,2182,True
56181,222,36,1007.0,36,222,True
56182,2579,33,981.0,33,2579,True
56183,2567,34,551.0,34,2567,True
56185,139,32,834.0,32,139,True
56187,331,34,1032.0,34,331,True
56188,331,34,1142.0,34,331,True
56197,27,31,79.0,31,27,True
56206,193,32,1029.0,32,193,True
56209,99,33,1172.0,33,99,True
56210,2427,31,517.0,31,2427,True
56211,2427,31,578.0,31,2427,True
56212,2678,30,755.0,30,2678,True
56213,2464,38,1130.0,38,2464,True
56214,2678,30,372.0,30,2678,True
56215,2678,30,549.0,30,2678,True
56216,2737,32,515.0,32,2737,True
56217,2737,32,0.0,32,2737,True
56219,2737,32,989.0,32,2737,True
56220,2737,32,0.0,32,2737,True
56221,2086,34,392.0,34,2086,True
56223,2752,37,1020.0,37,2752,True
56226,77,32,337.0,32,77,True
56227,77,32,1043.0,32,77,True
56228,2174,33,322.0,33,2174,True
56230,2539,32,846.0,32,2539,True
56231,325,34,1176.0,34,325,True
56232,213,34,846.0,34,213,True
56233,2509,34,0.0,34,2509,True
56235,2026,29,355.0,29,2026,True
56236,13,29,583.0,29,13,True
56240,299,33,1073.0,33,299,True
56242,2229,33,657.0,33,2229,True
56245,2428,33,226.0,33,2428,True
56246,2016,32,433.0,32,2016,True
56248,2261,35,159.0,35,2261,True
56250,2344,8,157.0,8,2344,True
56252,314,35,860.0,35,314,True
56254,2405,33,931.0,33,2405,True
56255,2261,35,688.0,35,2261,True
56256,2169,36,0.0,36,2169,True
56257,2729,33,328.0,33,2729,True
56258,2729,33,1210.0,33,2729,True
56259,2546,30,600.0,30,2546,True
56260,248,32,1083.0,32,248,True
56262,248,32,1105.0,32,248,True
56263,201,35,1038.0,35,201,True
56264,526,33,932.0,33,526,True
56265,222,36,1013.0,36,222,True
56266,242,32,1085.0,32,242,True
56268,242,32,516.0,32,242,True
56269,227,33,290.0,33,227,True
56270,2097,32,549.0,32,2097,True
56272,2116,30,680.0,30,2116,True
56274,2638,33,1018.0,33,2638,True
56275,2638,33,883.0,33,2638,True
56280,2638,33,364.0,33,2638,True
56281,2638,33,1117.0,33,2638,True
56282,292,31,1035.0,31,292,True
56285,270,30,624.0,30,270,True
56286,38,34,937.0,34,38,True
56289,21,36,478.0,36,21,True
56294,9,34,703.0,34,9,True
56296,338,32,499.0,32,338,True
56297,338,32,497.0,32,338,True
56298,116,30,318.0,30,116,True
56299,2086,34,1149.0,34,2086,True
56300,2086,34,95.0,34,2086,True
56301,2086,34,1207.0,34,2086,True
56302,2086,34,1063.0,34,2086,True
56303,156,33,1116.0,33,156,True
56304,156,33,552.0,33,156,True
56305,156,33,382.0,33,156,True
56306,2640,35,384.0,35,2640,True
56307,2230,31,0.0,31,2230,True
56309,2230,31,0.0,31,2230,True
56311,2450,34,1155.0,34,2450,True
56312,2230,31,734.0,31,2230,True
56314,171,28,643.0,28,171,True
56316,171,1,0.0,1,171,True
56318,171,28,176.0,28,171,True
56321,399,33,781.0,33,399,True
56323,399,33,1094.0,33,399,True
56325,44,33,1.0,33,44,True
56326,172,30,896.0,30,172,True
56327,172,30,1001.0,30,172,True
56328,172,30,164.0,30,172,True
56329,172,30,229.0,30,172,True
56330,172,30,940.0,30,172,True
56331,172,30,146.0,30,172,True
56333,44,33,1239.0,33,44,True
56334,43,32,832.0,32,43,True
56335,2026,29,72.0,29,2026,True
56336,43,32,1004.0,32,43,True
56338,43,32,827.0,32,43,True
56343,339,36,367.0,36,339,True
56345,2747,35,0.0,35,2747,True
56347,2427,31,0.0,31,2427,True
56349,61,33,991.0,33,61,True
56351,2244,31,223.0,31,2244,True
56355,2250,38,1049.0,38,2250,True
56356,197,32,954.0,32,197,True
56362,309,36,951.0,36,309,True
56363,344,32,831.0,32,344,True
56364,2630,34,1220.0,34,2630,True
56365,2393,36,1088.0,36,2393,True
56367,152,36,11.0,36,152,True
56368,2507,34,908.0,34,2507,True
56369,2460,35,911.0,35,2460,True
56370,270,30,601.0,30,270,True
56371,2460,35,723.0,35,2460,True
56372,2197,33,634.0,33,2197,True
56373,2460,35,874.0,35,2460,True
56374,2460,35,1063.0,35,2460,True
56375,2520,33,297.0,33,2520,True
56378,2523,35,19.0,35,2523,True
56379,2309,35,995.0,35,2309,True
56380,2546,30,768.0,30,2546,True
56382,2006,35,660.0,35,2006,True
56384,2006,35,28.0,35,2006,True
56388,189,33,771.0,33,189,True
56389,189,33,57.0,33,189,True
56390,2166,32,1066.0,32,2166,True
56392,2649,33,1098.0,33,2649,True
56393,2253,32,772.0,32,2253,True
56395,2084,33,991.0,33,2084,True
56397,2711,34,907.0,34,2711,True
56400,140,33,207.0,33,140,True
56401,2565,28,888.0,28,2565,True
56402,71,33,301.0,33,71,True
56405,250,31,566.0,31,250,True
56406,2287,35,445.0,35,2287,True
56407,2567,34,1147.0,34,2567,True
56408,84,34,664.0,34,84,True
56409,282,31,1020.0,31,282,True
56410,282,31,0.0,31,282,True
56411,282,31,847.0,31,282,True
56413,36,34,659.0,34,36,True
56416,195,30,512.0,30,195,True
56419,2724,35,1080.0,35,2724,True
56422,2724,35,754.0,35,2724,True
56423,2437,29,407.0,29,2437,True
56424,167,31,1094.0,31,167,True
56425,300,34,422.0,34,300,True
56427,26,36,26.0,36,26,True
56429,201,35,13.0,35,201,True
56431,257,35,1276.0,35,257,True
56432,257,35,1071.0,35,257,True
56433,2197,33,397.0,33,2197,True
56434,257,35,5.0,35,257,True
56435,257,35,625.0,35,257,True
56436,2199,35,397.0,35,2199,True
56438,2751,35,1154.0,35,2751,True
56440,2751,35,1082.0,35,2751,True
56441,2529,32,989.0,32,2529,True
56443,2598,32,250.0,32,2598,True
56445,2598,32,559.0,32,2598,True
56446,2598,32,1133.0,32,2598,True
56447,2598,32,780.0,32,2598,True
56449,2681,30,979.0,30,2681,True
56450,2681,30,250.0,30,2681,True
56453,2198,33,975.0,33,2198,True
56454,2198,33,0.0,33,2198,True
56456,2198,33,1025.0,33,2198,True
56458,2545,32,880.0,32,2545,True
56459,93,35,342.0,35,93,True
56460,27,31,1103.0,31,27,True
56462,25,33,513.0,33,25,True
56465,25,33,973.0,33,25,True
56466,24,37,1347.0,37,24,True
56471,2636,30,33.0,30,2636,True
56472,2277,28,724.0,28,2277,True
56472,2428,1,0.0,1,2277,False
56474,2413,34,934.0,34,2413,True
56476,107,30,779.0,30,107,True
56477,107,30,913.0,30,107,True
56478,107,30,443.0,30,107,True
56480,2426,32,71.0,32,2426,True
56483,2426,32,665.0,32,2426,True
56486,2633,32,2.0,32,2633,True
56487,2261,35,891.0,35,2261,True
56488,2633,32,0.0,32,2633,True
56489,2633,32,1162.0,32,2633,True
56490,258,34,859.0,34,258,True
56496,94,30,69.0,30,94,True
56497,309,36,492.0,36,309,True
56498,236,32,350.0,32,236,True
56499,236,32,1006.0,32,236,True
56507,2717,32,1180.0,32,2717,True
56509,2747,35,1090.0,35,2747,True
56510,2747,35,358.0,35,2747,True
56513,350,32,74.0,32,350,True
56514,2747,35,1035.0,35,2747,True
56518,2447,29,727.0,29,2447,True
56519,2447,29,6.0,29,2447,True
56521,2504,33,839.0,33,2504,True
56523,2466,32,557.0,32,2466,True
56524,2466,32,13.0,32,2466,True
56527,2466,32,1104.0,32,2466,True
56528,357,34,20.0,34,357,True
56530,357,34,1219.0,34,357,True
56535,2428,33,194.0,33,2428,True
56539,2413,34,313.0,34,2413,True
56540,2633,32,14.0,32,2633,True
56542,85,31,991.0,31,85,True
56543,2473,33,1154.0,33,2473,True
56549,2571,35,40.0,35,2571,True
56550,2571,35,506.0,35,2571,True
56553,155,30,811.0,30,155,True
56554,198,34,1168.0,34,198,True
56559,2710,28,177.0,28,2710,True
56560,2172,30,847.0,30,2172,True
56561,2172,30,930.0,30,2172,True
56563,239,34,1060.0,34,239,True
56564,2172,30,1061.0,30,2172,True
56568,233,33,804.0,33,233,True
56569,305,32,635.0,32,305,True
56572,249,31,1062.0,31,249,True
56573,98,32,40.0,32,98,True
56574,113,32,910.0,32,113,True
56576,98,32,207.0,32,98,True
56577,325,34,430.0,34,325,True
56578,98,32,920.0,32,98,True
56579,98,32,1069.0,32,98,True
56584,23,30,291.0,30,23,True
56589,2501,33,674.0,33,2501,True
56590,2501,33,866.0,33,2501,True
56591,2502,29,27.0,29,2502,True
56592,2501,33,0.0,33,2501,True
56593,301,31,972.0,31,301,True
56594,301,31,965.0,31,301,True
56595,301,31,22.0,31,301,True
56595,25,1,0.0,1,301,False
56598,2181,31,618.0,31,2181,True
56599,2541,32,1044.0,32,2541,True
56601,2541,32,1018.0,32,2541,True
56602,2504,33,799.0,33,2504,True
56604,3084,30,971.0,30,3084,True
56605,328,31,792.0,31,328,True
56606,328,31,53.0,31,328,True
56611,233,33,143.0,33,233,True
56612,142,32,250.0,32,142,True
56618,2065,32,892.0,32,2065,True
56620,103,32,435.0,32,103,True
56621,103,32,2.0,32,103,True
56622,2181,31,588.0,31,2181,True
56624,12,38,0.0,38,12,True
56625,103,32,204.0,32,103,True
56626,103,32,26.0,32,103,True
56627,103,32,783.0,32,103,True
56628,103,32,938.0,32,103,True
56629,218,37,309.0,37,218,True
56630,228,31,1061.0,31,228,True
56632,93,35,1070.0,35,93,True
56633,2429,32,175.0,32,2429,True
56634,41,35,1216.0,35,41,True
56643,356,33,0.0,33,356,True
56644,71,33,449.0,33,71,True
56645,305,32,898.0,32,305,True
56647,79,33,287.0,33,79,True
56648,356,33,982.0,33,356,True
56650,278,32,181.0,32,278,True
56653,2305,36,714.0,36,2305,True
56655,2350,37,626.0,37,2350,True
56656,2350,37,998.0,37,2350,True
56661,2393,36,903.0,36,2393,True
56663,2885,33,618.0,33,2885,True
56665,2885,33,562.0,33,2885,True
56666,2210,33,771.0,33,2210,True
56667,2210,33,465.0,33,2210,True
56668,2210,33,768.0,33,2210,True
56669,2174,33,353.0,33,2174,True
56671,9,34,59.0,34,9,True
56672,130,32,435.0,32,130,True
56675,198,34,75.0,34,198,True
56676,2623,31,918.0,31,2623,True
56678,2623,31,448.0,31,2623,True
56679,2405,33,823.0,33,2405,True
56681,2405,33,750.0,33,2405,True
56682,2142,33,1100.0,33,2142,True
56683,2275,34,1239.0,34,2275,True
56686,2449,33,1271.0,33,2449,True
56687,2449,33,806.0,33,2449,True
56691,195,30,759.0,30,195,True
56692,194,35,411.0,35,194,True
56694,194,35,1068.0,35,194,True
56695,194,35,1139.0,35,194,True
56696,194,35,644.0,35,194,True
56703,2523,35,460.0,35,2523,True
56704,151,33,37.0,33,151,True
56707,57,33,686.0,33,57,True
56708,164,32,930.0,32,164,True
56709,164,32,278.0,32,164,True
56710,164,32,760.0,32,164,True
56711,164,32,1133.0,32,164,True
56712,221,34,211.0,34,221,True
56713,2439,33,0.0,33,2439,True
56716,16,33,1085.0,33,16,True
56718,326,31,911.0,31,326,True
56721,2547,34,125.0,34,2547,True
56724,2567,34,530.0,34,2567,True
56725,2567,34,14.0,34,2567,True
56726,245,33,892.0,33,245,True
56727,2567,34,963.0,34,2567,True
56728,147,30,831.0,30,147,True
56729,179,31,0.0,31,179,True
56731,179,31,957.0,31,179,True
56732,2603,31,1023.0,31,2603,True
56733,2603,31,0.0,31,2603,True
56734,2599,33,673.0,33,2599,True
56735,245,33,803.0,33,245,True
56741,2655,31,750.0,31,2655,True
56742,2565,28,250.0,28,2565,True
56743,2655,31,928.0,31,2655,True
56744,333,34,491.0,34,333,True
56748,2250,38,1014.0,38,2250,True
56749,119,32,900.0,32,119,True
56752,5,36,1165.0,36,5,True
56753,259,32,265.0,32,259,True
56755,57,33,782.0,33,57,True
56756,259,33,348.0,33,259,True
56758,2603,31,758.0,31,2603,True
56759,277,35,644.0,35,277,True
56760,2006,35,732.0,35,2006,True
56761,113,32,691.0,32,113,True
56762,2473,33,600.0,33,2473,True
56763,8,36,47.0,36,8,True
56765,275,40,36.0,40,275,True
56766,2571,35,896.0,35,2571,True
56767,275,40,506.0,40,275,True
56768,2294,34,1031.0,34,2294,True
56769,275,40,1311.0,40,275,True
56771,2046,30,757.0,30,2046,True
56774,2099,33,581.0,33,2099,True
56777,2099,33,851.0,33,2099,True
56778,2117,32,254.0,32,2117,True
56780,139,32,646.0,32,139,True
56782,2674,34,628.0,34,2674,True
56783,2429,32,836.0,32,2429,True
56784,2429,32,826.0,32,2429,True
56785,2429,32,1003.0,32,2429,True
56787,2229,33,0.0,33,2229,True
56794,245,33,261.0,33,245,True
56795,52,33,411.0,33,52,True
56796,151,33,1018.0,33,151,True
56797,2250,38,654.0,38,2250,True
56798,2250,38,1278.0,38,2250,True
56799,2250,38,1058.0,38,2250,True
56801,301,31,413.0,31,301,True
56802,201,35,1088.0,35,201,True
56804,62,34,30.0,34,62,True
56806,2325,33,709.0,33,2325,True
56807,2325,33,1029.0,33,2325,True
56808,2325,33,922.0,33,2325,True
56810,82,34,849.0,34,82,True
56811,82,34,752.0,34,82,True
56817,2459,30,326.0,30,2459,True
56818,265,31,1005.0,31,265,True
56819,305,32,22.0,32,305,True
56821,2540,33,814.0,33,2540,True
56822,2540,33,293.0,33,2540,True
56824,2540,33,847.0,33,2540,True
56825,2193,30,979.0,30,2193,True
56827,2193,30,846.0,30,2193,True
56829,2653,29,810.0,29,2653,True
56830,2539,32,299.0,32,2539,True
56831,2635,30,675.0,30,2635,True
56832,158,31,709.0,31,158,True
56833,264,31,1047.0,31,264,True
56834,149,33,963.0,33,149,True
56835,264,31,510.0,31,264,True
56836,264,1,0.0,1,264,True
56840,2084,33,718.0,33,2084,True
56842,2130,32,876.0,32,2130,True
56843,2643,30,442.0,30,2643,True
56844,44,33,0.0,33,44,True
56845,45,35,856.0,35,45,True
56849,56,31,880.0,31,56,True
56854,160,32,329.0,32,160,True
56856,163,30,52.0,30,163,True
56857,163,30,0.0,30,163,True
56858,163,30,600.0,30,163,True
56860,2534,35,454.0,35,2534,True
56863,2534,35,818.0,35,2534,True
56867,2534,35,628.0,35,2534,True
56868,2750,31,821.0,31,2750,True
56871,2750,31,170.0,31,2750,True
56875,2083,34,756.0,34,2083,True
56876,2083,34,11.0,34,2083,True
56877,2083,34,560.0,34,2083,True
56878,295,35,1131.0,35,295,True
56883,2643,30,550.0,30,2643,True
56884,2643,30,937.0,30,2643,True
56887,2643,30,1129.0,30,2643,True
56890,2628,33,75.0,33,2628,True
56891,225,31,903.0,31,225,True
56892,225,31,18.0,31,225,True
56893,225,31,0.0,31,225,True
56894,225,31,34.0,31,225,True
56896,2182,30,0.0,30,2182,True
56898,2182,30,951.0,30,2182,True
56899,2182,30,1029.0,30,2182,True
56901,151,33,387.0,33,151,True
56903,325,34,982.0,34,325,True
56904,325,34,787.0,34,325,True
56906,2382,35,1163.0,35,2382,True
56907,46,5,0.0,5,46,True
56908,46,33,733.0,33,46,True
56910,46,33,921.0,33,46,True
56912,2348,36,1022.0,36,2348,True
56913,2348,36,1184.0,36,2348,True
56914,2348,36,1190.0,36,2348,True
56915,3084,30,386.0,30,3084,True
56916,249,31,839.0,31,249,True
56917,145,34,309.0,34,145,True
56919,145,34,965.0,34,145,True
56920,145,34,808.0,34,145,True
56923,97,36,1129.0,36,97,True
56924,2250,38,176.0,38,2250,True
56925,2737,32,0.0,32,2737,True
56926,2247,35,999.0,35,2247,True
56927,2377,31,1154.0,31,2377,True
56928,2377,31,0.0,31,2377,True
56929,2377,31,1092.0,31,2377,True
56930,2377,31,395.0,31,2377,True
56932,2174,33,685.0,33,2174,True
56933,127,39,1055.0,39,127,True
56934,127,39,1309.0,39,127,True
56935,2681,30,6.0,30,2681,True
56936,2529,32,666.0,32,2529,True
56938,2275,34,525.0,34,2275,True
56940,149,33,1189.0,33,149,True
56941,2634,31,0.0,31,2634,True
56946,195,30,4.0,30,195,True
56949,2050,30,575.0,30,2050,True
56950,2132,34,975.0,34,2132,True
56951,2132,34,766.0,34,2132,True
56953,2132,33,43.0,33,2132,True
56954,2132,34,711.0,34,2132,True
56955,2539,32,205.0,32,2539,True
56956,305,32,993.0,32,305,True
56959,2539,32,83.0,32,2539,True
56963,153,38,22.0,38,153,True
56964,153,38,81.0,38,153,True
56966,153,38,102.0,38,153,True
56970,2458,30,619.0,30,2458,True
56972,357,34,859.0,34,357,True
56976,2539,32,589.0,32,2539,True
56977,2539,32,1001.0,32,2539,True
56978,2539,32,77.0,32,2539,True
56979,2546,30,748.0,30,2546,True
56983,2294,34,634.0,34,2294,True
56984,2294,34,625.0,34,2294,True
56985,2294,34,1070.0,34,2294,True
56992,2617,34,922.0,34,2617,True
56994,2617,34,943.0,34,2617,True
56996,183,31,1064.0,31,183,True
56997,183,31,1156.0,31,183,True
56998,2670,36,529.0,36,2670,True
56999,2520,33,1121.0,33,2520,True
57000,2670,36,969.0,36,2670,True
57001,2670,36,240.0,36,2670,True
57003,2535,32,191.0,32,2535,True
57008,233,33,1019.0,33,233,True
57022,2599,33,1150.0,33,2599,True
57024,2599,33,1150.0,33,2599,True
57027,2599,33,1143.0,33,2599,True
57029,278,31,388.0,31,278,True
57030,197,32,982.0,32,197,True
57031,2546,30,874.0,30,2546,True
57034,235,32,634.0,32,235,True
57036,238,35,38.0,35,238,True
57037,26,36,24.0,36,26,True
57038,26,36,18.0,36,26,True
57039,2329,30,38.0,30,2329,True
57041,26,36,1243.0,36,26,True
57042,2754,32,1037.0,32,2754,True
57047,2349,29,747.0,29,2349,True
57048,111,35,1104.0,35,111,True
57049,111,35,600.0,35,111,True
57052,2250,38,145.0,38,2250,True
57053,202,34,962.0,34,202,True
57054,202,34,569.0,34,202,True
57055,232,33,83.0,33,232,True
57056,2142,33,1085.0,33,2142,True
57060,198,34,929.0,34,198,True
57061,228,31,753.0,31,228,True
57062,252,35,197.0,35,252,True
57064,47,31,0.0,31,47,True
57067,47,31,195.0,31,47,True
57068,47,32,565.0,32,47,True
57073,2430,33,200.0,33,2430,True
57078,2066,32,47.0,32,2066,True
57083,2005,31,222.0,31,2005,True
57084,2545,32,730.0,32,2545,True
57085,2005,31,525.0,31,2005,True
57086,2005,31,929.0,31,2005,True
57088,2005,31,310.0,31,2005,True
57089,2005,31,706.0,31,2005,True
57090,2628,33,211.0,33,2628,True
57091,8,36,957.0,36,8,True
57092,2305,36,133.0,36,2305,True
57096,344,32,0.0,32,344,True
57097,2031,31,782.0,31,2031,True
57102,2031,31,407.0,31,2031,True
57107,189,33,173.0,33,189,True
57110,2454,35,903.0,35,2454,True
57113,2608,31,14.0,31,2608,True
57114,135,33,1007.0,33,135,True
57116,166,34,1095.0,34,166,True
57118,155,30,722.0,30,155,True
57120,166,34,637.0,34,166,True
57121,2239,31,174.0,31,2239,True
57122,248,32,558.0,32,248,True
57125,350,32,1161.0,32,350,True
57126,350,32,1032.0,32,350,True
57127,350,32,456.0,32,350,True
57129,259,33,986.0,33,259,True
57130,350,32,865.0,32,350,True
57133,2459,30,0.0,30,2459,True
57135,2459,30,205.0,30,2459,True
57136,66,34,524.0,34,66,True
57139,204,31,642.0,31,204,True
57140,2599,33,85.0,33,2599,True
57141,264,31,138.0,31,264,True
57143,338,32,129.0,32,338,True
57144,58,32,1084.0,32,58,True
57146,2415,31,30.0,31,2415,True
57147,2597,35,1184.0,35,2597,True
57148,2597,35,399.0,35,2597,True
57149,2597,35,1188.0,35,2597,True
57150,2597,35,542.0,35,2597,True
57151,2379,33,830.0,33,2379,True
57156,2459,30,607.0,30,2459,True
57157,2739,33,41.0,33,2739,True
57158,2739,33,926.0,33,2739,True
57159,2739,33,1156.0,33,2739,True
57160,2628,33,1055.0,33,2628,True
57161,2916,29,87.0,29,2916,True
57165,2230,31,924.0,31,2230,True
57168,2569,33,366.0,33,2569,True
57171,333,34,1040.0,34,333,True
57173,59,31,0.0,31,59,True
57174,152,36,1256.0,36,152,True
57175,333,34,604.0,34,333,True
57176,333,34,1200.0,34,333,True
57179,68,34,248.0,34,68,True
57180,68,34,785.0,34,68,True
57181,3084,30,174.0,30,3084,True
57182,68,34,207.0,34,68,True
57183,68,34,999.0,34,68,True
57184,68,34,753.0,34,68,True
57185,2507,34,1257.0,34,2507,True
57192,2630,34,43.0,34,2630,True
57193,2630,34,142.0,34,2630,True
57196,68,34,88.0,34,68,True
57198,338,32,871.0,32,338,True
57204,2239,31,679.0,31,2239,True
57206,250,31,34.0,31,250,True
57216,326,31,834.0,31,326,True
57218,2329,30,715.0,30,2329,True
57219,2329,30,217.0,30,2329,True
57221,2329,30,32.0,30,2329,True
57240,135,33,936.0,33,135,True
57242,2413,34,0.0,34,2413,True
57243,2413,34,913.0,34,2413,True
57248,2306,32,675.0,32,2306,True
57250,311,30,116.0,30,311,True
57251,2309,35,0.0,35,2309,True
57252,311,30,882.0,30,311,True
57254,2870,31,63.0,31,2870,True
57255,2870,31,894.0,31,2870,True
57259,2870,31,987.0,31,2870,True
57260,2325,33,907.0,33,2325,True
57262,48,30,788.0,30,48,True
57264,48,30,563.0,30,48,True
57266,2565,28,880.0,28,2565,True
57272,2473,33,617.0,33,2473,True
57273,108,30,758.0,30,108,True
57274,108,30,902.0,30,108,True
57275,108,30,9.0,30,108,True
57276,108,30,1030.0,30,108,True
57277,108,30,292.0,30,108,True
57278,108,30,434.0,30,108,True
57281,2352,30,918.0,30,2352,True
57283,2430,33,1178.0,33,2430,True
57288,2739,1,0.0,1,2739,True
57292,2641,32,40.0,32,2641,True
57293,61,33,400.0,33,61,True
57294,2641,32,775.0,32,2641,True
57297,2641,32,212.0,32,2641,True
57298,227,33,653.0,33,227,True
57299,155,30,796.0,30,155,True
57301,158,31,1086.0,31,158,True
57303,2567,34,0.0,34,2567,True
57305,232,33,834.0,33,232,True
57306,232,33,102.0,33,232,True
57308,232,33,824.0,33,232,True
57309,2169,36,1067.0,36,2169,True
57310,2272,33,0.0,33,2272,True
57310,2029,6,0.0,6,2272,False
57312,2169,36,1149.0,36,2169,True
57324,70,30,921.0,30,70,True
57329,2320,30,47.0,30,2320,True
57330,276,32,463.0,32,276,True
57332,2084,32,0.0,32,2084,True
57333,276,32,478.0,32,276,True
57334,116,30,539.0,30,116,True
57338,2908,35,1191.0,35,2908,True
57340,2908,35,1084.0,35,2908,True
57342,2582,35,1010.0,35,2582,True
57343,2908,36,968.0,36,2908,True
57344,304,30,309.0,30,304,True
57345,300,34,879.0,34,300,True
57346,300,34,1012.0,34,300,True
57347,300,34,44.0,34,300,True
57349,300,34,567.0,34,300,True
57350,300,34,399.0,34,300,True
57355,2569,33,0.0,33,2569,True
57356,183,31,0.0,31,183,True
57357,2344,34,508.0,34,2344,True
57358,2368,32,500.0,32,2368,True
57359,2368,32,1035.0,32,2368,True
57361,2368,32,851.0,32,2368,True
57362,71,33,682.0,33,71,True
57363,2226,28,754.0,28,2226,True
57364,218,37,1224.0,37,218,True
57367,324,34,1064.0,34,324,True
57369,2277,28,616.0,28,2277,True
57369,2428,1,0.0,1,2277,False
57373,2277,28,546.0,28,2277,True
57373,2428,1,0.0,1,2277,False
57374,155,30,440.0,30,155,True
57377,120,35,8.0,35,120,True
57378,299,33,0.0,33,299,True
57381,120,35,5.0,35,120,True
57383,2363,33,1019.0,33,2363,True
57384,2363,33,749.0,33,2363,True
57385,45,34,99.0,34,45,True
57386,2363,33,803.0,33,2363,True
57389,112358,30,795.0,30,112358,True
57390,2450,34,61.0,34,2450,True
57391,2450,34,833.0,34,2450,True
57398,2197,33,535.0,33,2197,True
57400,155,30,621.0,30,155,True
57401,155,30,73.0,30,155,True
57402,2239,31,732.0,31,2239,True
57403,278,32,944.0,32,278,True
57404,2390,38,1278.0,38,2390,True
57405,218,37,939.0,37,218,True
57406,251,34,835.0,34,251,True
57408,2550,31,976.0,31,2550,True
57409,2428,33,1109.0,33,2428,True
57410,85,31,721.0,31,85,True
57413,2674,34,841.0,34,2674,True
57414,2241,35,958.0,35,2241,True
57415,2115,31,0.0,31,2115,True
57416,2115,31,60.0,31,2115,True
57425,231,33,85.0,33,231,True
57426,13,29,850.0,29,13,True
57428,2029,32,317.0,32,2029,True
57428,62,11,0.0,11,2029,False
57436,2011,29,601.0,29,2011,True
57440,302,32,562.0,32,302,True
57441,2934,33,731.0,33,2934,True
57442,2127,31,1106.0,31,2127,True
57444,2127,31,644.0,31,2127,True
57445,2127,31,735.0,31,2127,True
57446,232,33,6.0,33,232,True
57447,2296,32,592.0,32,2296,True
57454,2561,31,611.0,31,2561,True
57457,2561,31,930.0,31,2561,True
57459,294,32,38.0,32,294,True
57460,94,30,350.0,30,94,True
57463,2320,30,710.0,30,2320,True
57465,322,33,61.0,33,322,True
57466,322,33,967.0,33,322,True
57467,322,33,892.0,33,322,True
57468,322,33,1027.0,33,322,True
57475,2724,35,1145.0,35,2724,True
57483,27,31,552.0,31,27,True
57486,167,31,605.0,31,167,True
57487,2448,20,0.0,20,2448,True
57488,2692,30,6.0,30,2692,True
57489,2154,31,980.0,31,2154,True
57490,2154,31,101.0,31,2154,True
57493,2447,29,0.0,29,2447,True
57496,2447,29,349.0,29,2447,True
57502,55,31,941.0,31,55,True
57509,85,31,663.0,31,85,True
57512,2309,35,1140.0,35,2309,True
57518,116,30,26.0,30,116,True
57519,116,30,576.0,30,116,True
57523,349,30,81.0,30,349,True
57524,349,30,616.0,30,349,True
57525,349,30,199.0,30,349,True
57530,349,30,17.0,30,349,True
57541,2437,29,309.0,29,2437,True
57599,2430,33,343.0,33,2430,True
57632,197,32,11.0,32,197,True
57663,2110,29,0.0,29,2110,True
57664,2253,32,848.0,32,2253,True
57666,2110,29,877.0,29,2110,True
57675,2638,33,0.0,33,2638,True
57680,2582,35,335.0,35,2582,True
57685,2241,35,1200.0,35,2241,True
57686,2870,31,911.0,31,2870,True
57697,2437,29,995.0,29,2437,True
57747,2448,32,0.0,32,2448,True
57784,2174,33,5.0,33,2174,True
57789,2534,35,1017.0,35,2534,True
57790,2640,35,1234.0,35,2640,True
57798,2463,33,1111.0,33,2463,True
57806,2352,30,31.0,30,2352,True
57807,2325,33,210.0,33,2325,True
57816,2603,31,121.0,31,2603,True
57817,2885,33,409.0,33,2885,True
57819,139,32,0.0,32,139,True
57821,218,37,20.0,37,218,True
57823,2306,32,11.0,32,2306,True
57824,2306,32,65.0,32,2306,True
57825,197,32,18.0,32,197,True
57826,197,32,98.0,32,197,True
57837,2127,31,928.0,31,2127,True
57844,2142,33,1086.0,33,2142,True
57926,2294,34,25.0,34,2294,True
57928,127,39,32.0,39,127,True
57929,135,33,45.0,33,135,True
57931,213,34,6.0,34,213,True
57954,24,37,0.0,37,24,True
57968,265,31,0.0,31,265,True
58169,2515,34,892.0,34,2515,True
58170,2515,34,985.0,34,2515,True
58171,2261,35,833.0,35,2261,True
58172,2515,34,531.0,34,2515,True
58173,2515,34,744.0,34,2515,True
58174,2515,34,722.0,34,2515,True
58359,2541,31,10.0,31,2541,True
58421,156,33,25.0,33,156,True
58422,159,29,544.0,29,159,True
58426,159,29,814.0,29,159,True
58429,85,31,741.0,31,85,True
58430,2166,32,1112.0,32,2166,True
58431,151,33,7.0,33,151,True
58436,2241,35,121.0,35,2241,True
58438,2244,31,66.0,31,2244,True
58439,2244,31,733.0,31,2244,True
58440,2244,31,412.0,31,2244,True
58443,2247,35,705.0,35,2247,True
58446,2272,33,14.0,33,2272,True
58446,2029,6,0.0,6,2272,False
58447,2272,33,913.0,33,2272,True
58447,2029,6,34.0,6,2272,False
58448,2272,33,995.0,33,2272,True
58449,2272,33,20.0,33,2272,True
58449,2029,6,0.0,6,2272,False
58454,107,30,109.0,30,107,True
58455,107,30,9.0,30,107,True
58457,2413,34,0.0,34,2413,True
58466,2545,32,449.0,32,2545,True
58469,2504,33,993.0,33,2504,True
58472,2751,35,182.0,35,2751,True
58476,96,39,9.0,39,96,True
58477,96,39,16.0,39,96,True
58481,2335,32,216.0,32,2335,True
58483,2335,32,358.0,32,2335,True
58484,2335,32,858.0,32,2335,True
58486,288,31,253.0,31,288,True
58490,2350,37,32.0,37,2350,True
58491,2678,30,265.0,30,2678,True
58493,2382,35,1158.0,35,2382,True
58495,193,32,1034.0,32,193,True
58496,2439,33,27.0,33,2439,True
58504,2415,31,1065.0,31,2415,True
58507,2426,32,214.0,32,2426,True
58508,2426,32,836.0,32,2426,True
58512,2275,34,1105.0,34,2275,True
58703,219,28,281.0,28,219,True
58704,219,28,514.0,28,219,True
58705,219,28,0.0,28,219,True
58707,2502,29,7.0,29,2502,True
58708,2520,33,13.0,33,2520,True
58710,2523,35,924.0,35,2523,True
58714,23,30,870.0,30,23,True
58718,2523,35,258.0,35,2523,True
58719,2561,31,0.0,31,2561,True
58727,350,32,0.0,32,350,True
58728,2460,35,767.0,35,2460,True
58730,2634,31,886.0,31,2634,True
58750,302,32,23.0,32,302,True
58756,2016,32,1030.0,32,2016,True
58813,2506,32,847.0,32,2506,True
59126,2437,29,316.0,29,2437,True
59162,2344,34,30.0,34,2344,True
59220,2514,30,810.0,30,2514,True
59221,2514,30,873.0,30,2514,True
59223,2514,30,808.0,30,2514,True
59224,2514,30,1106.0,30,2514,True
59226,2514,30,0.0,30,2514,True
59287,193,32,34.0,32,193,True
59340,2571,35,457.0,35,2571,True
59920,2565,28,426.0,28,2565,True
60051,2599,24,0.0,24,2599,True
60059,294,32,623.0,32,294,True
60095,2504,33,817.0,33,2504,True
60157,147,30,870.0,30,147,True
60196,2504,33,1154.0,33,2504,True
60204,2130,32,378.0,32,2130,True
60379,258,34,21.0,34,258,True
60481,2483,36,7.0,36,2483,True
60554,24,37,14.0,37,24,True
60668,2612,33,9.0,33,2612,True
60679,2016,32,632.0,32,2016,True
60714,399,33,8.0,33,399,True
60715,158,31,812.0,31,158,True
60784,2169,36,343.0,36,2169,True
60788,154,32,8.0,32,154,True
60801,2711,34,21.0,34,2711,True
60839,127,39,219.0,39,127,True
60861,2368,32,32.0,32,2368,True
60891,189,33,54.0,33,189,True
60966,259,33,278.0,33,259,True
60976,57,33,610.0,33,57,True
61010,2065,21,573.0,21,2065,True
61017,12,38,23.0,38,12,True
61143,333,34,92.0,34,333,True
61155,103,32,1204.0,32,103,True
61157,41,35,947.0,35,41,True
61158,2086,34,0.0,34,2086,True
61160,154,32,1007.0,32,154,True
61161,154,32,673.0,32,154,True
61162,154,32,869.0,32,154,True
61163,154,32,103.0,32,154,True
61164,154,32,359.0,32,154,True
61165,45,34,0.0,34,45,True
61166,119,32,0.0,32,119,True
61167,104,30,713.0,30,104,True
61168,104,30,845.0,30,104,True
61169,104,30,1068.0,30,104,True
61170,156,33,0.0,33,156,True
61172,311,30,795.0,30,311,True
61173,311,30,917.0,30,311,True
61175,2184,31,986.0,31,2184,True
61177,264,31,298.0,31,264,True
61178,45,35,1162.0,35,45,True
61179,45,35,1107.0,35,45,True
61180,45,35,1055.0,35,45,True
61181,45,35,1103.0,35,45,True
61182,44,33,0.0,33,44,True
61183,257,35,1093.0,35,257,True
61184,2097,32,186.0,32,2097,True
61185,257,35,822.0,35,257,True
61186,2674,34,663.0,34,2674,True
61189,2752,37,963.0,37,2752,True
61190,2752,37,586.0,37,2752,True
61191,2428,32,0.0,32,2428,True
61192,193,32,449.0,32,193,True
61193,325,34,0.0,34,325,True
61194,338,32,880.0,32,338,True
61195,338,32,1144.0,32,338,True
61197,2382,35,148.0,35,2382,True
61199,326,31,723.0,31,326,True
61200,2454,35,1065.0,35,2454,True
61201,2229,33,675.0,33,2229,True
61202,2454,35,181.0,35,2454,True
61203,2454,35,764.0,35,2454,True
61206,56,31,660.0,31,56,True
61208,2473,18,0.0,18,2473,True
61208,66,13,39.0,13,2473,False
61210,315,30,241.0,30,315,True
61211,66,34,934.0,34,66,True
61212,66,34,1045.0,34,66,True
61213,164,30,112.0,30,164,True
61214,127,39,0.0,39,127,True
61215,152,36,0.0,36,152,True
61216,2428,33,283.0,33,2428,True
61217,269,32,707.0,32,269,True
61219,221,34,932.0,34,221,True
61220,221,34,1152.0,34,221,True
61222,147,30,905.0,30,147,True
61224,147,29,23.0,29,147,True
61225,147,30,794.0,30,147,True
61231,2692,30,997.0,30,2692,True
61233,2692,30,802.0,30,2692,True
61236,50,29,0.0,29,50,True
61239,2415,31,398.0,31,2415,True
61240,2272,33,632.0,33,2272,True
61240,2029,6,18.0,6,2272,False
61241,2272,33,956.0,33,2272,True
61241,2029,6,26.0,6,2272,False
61242,2272,33,712.0,33,2272,True
61242,2029,6,22.0,6,2272,False
61243,2430,33,2.0,33,2430,True
61244,2619,35,0.0,35,2619,True
61249,2506,32,593.0,32,2506,True
61250,2506,32,78.0,32,2506,True
61252,294,32,210.0,32,294,True
61258,2427,31,564.0,31,2427,True
61259,2427,31,214.0,31,2427,True
61260,2427,31,167.0,31,2427,True
61263,356,33,45.0,33,356,True
61264,135,33,436.0,33,135,True
61265,269,32,0.0,32,269,True
61266,2181,31,0.0,31,2181,True
61267,77,32,941.0,32,77,True
61268,77,32,720.0,32,77,True
61269,2550,31,38.0,31,2550,True
61270,213,34,444.0,34,213,True
61272,213,34,860.0,34,213,True
61273,2509,34,1065.0,34,2509,True
61274,2509,34,827.0,34,2509,True
61275,248,32,0.0,32,248,True
61277,2509,34,16.0,34,2509,True
61278,275,40,1239.0,40,275,True
61279,275,40,266.0,40,275,True
61281,13,29,879.0,29,13,True
61282,13,29,0.0,29,13,True
61284,13,29,226.0,29,13,True
61286,299,33,807.0,33,299,True
61287,239,34,203.0,34,239,True
61289,279,31,22.0,31,279,True
61290,279,31,13.0,31,279,True
61293,302,32,857.0,32,302,True
61298,2247,35,20.0,35,2247,True
61299,2247,35,1294.0,35,2247,True
61300,2247,35,688.0,35,2247,True
61301,2247,35,1104.0,35,2247,True
61303,2309,35,859.0,35,2309,True
61304,2572,7,99.0,7,2572,True
61305,261,34,0.0,34,261,True
61307,256,33,1174.0,33,256,True
61308,2168,36,0.0,36,2168,True
61309,256,33,330.0,33,256,True
61310,256,33,185.0,33,256,True
61315,119,32,900.0,32,119,True
61316,2729,33,702.0,33,2729,True
61317,2729,33,1000.0,33,2729,True
61319,248,32,877.0,32,248,True
61321,245,33,845.0,33,245,True
61322,265,31,0.0,31,265,True
61323,2,35,0.0,35,2,True
61323,202,1,0.0,1,2,False
61324,276,32,503.0,32,276,True
61327,276,32,920.0,32,276,True
61328,235,32,803.0,32,235,True
61330,338,32,598.0,32,338,True
61331,242,32,1055.0,32,242,True
61335,242,32,0.0,32,242,True
61338,2572,29,730.0,29,2572,True
61339,2572,29,274.0,29,2572,True
61341,2309,11,0.0,11,2309,True
61342,2572,29,307.0,29,2572,True
61343,2655,31,993.0,31,2655,True
61344,2655,31,439.0,31,2655,True
61345,526,33,724.0,33,526,True
61348,202,34,913.0,34,202,True
61349,202,34,1174.0,34,202,True
61350,202,34,730.0,34,202,True
61351,202,34,1069.0,34,202,True
61353,2116,30,746.0,30,2116,True
61355,2116,30,283.0,30,2116,True
61356,2116,30,702.0,30,2116,True
61357,2116,30,9.0,30,2116,True
61358,2630,34,1182.0,34,2630,True
61360,2628,33,790.0,33,2628,True
61362,2638,33,500.0,33,2638,True
61365,2739,33,1060.0,33,2739,True
61366,2739,33,1031.0,33,2739,True
61369,85,31,0.0,31,85,True
61370,85,31,0.0,31,85,True
61371,2350,37,884.0,37,2350,True
61372,2350,36,686.0,36,2350,True
61378,270,30,0.0,30,270,True
61380,2750,31,531.0,31,2750,True
61381,160,32,630.0,32,160,True
61394,225,31,842.0,31,225,True
61395,172,30,10.0,30,172,True
61396,238,34,0.0,34,238,True
61398,172,30,45.0,30,172,True
61399,108,30,1039.0,30,108,True
61400,108,30,238.0,30,108,True
61403,108,30,690.0,30,108,True
61404,108,29,0.0,29,108,True
61405,43,32,949.0,32,43,True
61406,43,32,1012.0,32,43,True
61407,43,32,42.0,32,43,True
61409,2099,33,602.0,33,2099,True
61411,314,35,1272.0,35,314,True
61413,314,35,26.0,35,314,True
61414,314,35,1201.0,35,314,True
61416,257,35,813.0,35,257,True
61417,2634,31,0.0,31,2634,True
61418,2520,33,339.0,33,2520,True
61421,2520,33,800.0,33,2520,True
61423,2520,33,578.0,33,2520,True
61425,2561,31,748.0,31,2561,True
61426,2561,31,141.0,31,2561,True
61427,2415,31,783.0,31,2415,True
61428,2415,31,1077.0,31,2415,True
61430,2006,35,806.0,35,2006,True
61431,2006,35,648.0,35,2006,True
61433,2050,30,762.0,30,2050,True
61434,179,31,1114.0,31,179,True
61436,2050,30,22.0,30,2050,True
61437,189,33,822.0,33,189,True
61438,189,33,892.0,33,189,True
61440,2084,33,861.0,33,2084,True
61444,2649,33,41.0,33,2649,True
61445,2649,33,897.0,33,2649,True
61446,2711,34,1024.0,34,2711,True
61447,2711,34,53.0,34,2711,True
61448,2711,34,77.0,34,2711,True
61450,2711,34,417.0,34,2711,True
61451,2711,34,290.0,34,2711,True
61452,2711,34,19.0,34,2711,True
61453,2711,34,399.0,34,2711,True
61454,71,33,807.0,33,71,True
61456,325,34,709.0,34,325,True
61457,156,33,558.0,33,156,True
61459,294,32,1080.0,32,294,True
61462,135,33,960.0,33,135,True
61463,2184,31,1011.0,31,2184,True
61465,2181,31,838.0,31,2181,True
61467,282,31,388.0,31,282,True
61469,2199,35,385.0,35,2199,True
61470,282,31,941.0,31,282,True
61474,2623,19,456.0,19,2623,True
61475,2623,31,455.0,31,2623,True
61477,79,33,1148.0,33,79,True
61479,79,33,507.0,33,79,True
61480,79,33,710.0,33,79,True
61481,36,34,943.0,34,36,True
61482,2239,31,249.0,31,2239,True
61484,2509,34,977.0,34,2509,True
61486,198,34,0.0,34,198,True
61488,278,32,1168.0,32,278,True
61489,140,33,350.0,33,140,True
61490,264,29,474.0,29,264,True
61491,2440,31,778.0,31,2440,True
61492,156,33,0.0,33,156,True
61494,42,30,0.0,30,42,True
61495,167,31,701.0,31,167,True
61496,2287,35,0.0,35,2287,True
61497,21,36,955.0,36,21,True
61498,21,36,632.0,36,21,True
61499,21,36,840.0,36,21,True
61500,2751,35,1176.0,35,2751,True
61501,2751,35,921.0,35,2751,True
61503,2751,35,589.0,35,2751,True
61504,2751,34,141.0,34,2751,True
61506,233,33,318.0,33,233,True
61507,161,29,543.0,29,161,True
61508,161,29,127.0,29,161,True
61511,161,29,0.0,29,161,True
61513,2405,33,469.0,33,2405,True
61514,183,31,7.0,31,183,True
61515,2634,31,163.0,31,2634,True
61516,116,30,797.0,30,116,True
61518,324,34,1059.0,34,324,True
61522,2529,32,55.0,32,2529,True
61523,2547,34,70.0,34,2547,True
61525,2529,32,722.0,32,2529,True
61527,2598,32,481.0,32,2598,True
61528,2598,32,882.0,32,2598,True
61529,2598,32,17.0,32,2598,True
61530,2598,32,856.0,32,2598,True
61534,104,30,622.0,30,104,True
61537,2046,30,1035.0,30,2046,True
61539,2057,33,950.0,33,2057,True
61540,2057,33,236.0,33,2057,True
61541,2057,33,228.0,33,2057,True
61543,356,33,0.0,33,356,True
61546,56,31,586.0,31,56,True
61548,12,38,1055.0,38,12,True
61549,12,38,27.0,38,12,True
61551,12,38,77.0,38,12,True
61552,12,38,988.0,38,12,True
61553,12,38,856.0,38,12,True
61554,9,34,972.0,34,9,True
61555,2502,29,0.0,29,2502,True
61558,8,36,634.0,36,8,True
61560,8,36,1057.0,36,8,True
61562,8,36,555.0,36,8,True
61563,2344,34,1062.0,34,2344,True
61564,2325,33,1054.0,33,2325,True
61565,526,33,283.0,33,526,True
61566,2,35,786.0,35,2,True
61569,239,34,1015.0,34,239,True
61570,248,32,657.0,32,248,True
61572,239,34,868.0,34,239,True
61573,30,32,705.0,32,30,True
61575,350,32,0.0,32,350,True
61576,2429,32,725.0,32,2429,True
61577,2429,32,277.0,32,2429,True
61578,41,35,484.0,35,41,True
61579,41,35,516.0,35,41,True
61580,44,33,0.0,33,44,True
61581,2172,30,796.0,30,2172,True
61582,2172,30,797.0,30,2172,True
61583,2172,30,531.0,30,2172,True
61585,150,21,386.0,21,150,True
61586,150,39,831.0,39,150,True
61587,57,33,759.0,33,57,True
61588,57,22,3.0,22,57,True
61589,2429,32,899.0,32,2429,True
61590,57,33,0.0,33,57,True
61591,52,33,540.0,33,52,True
61592,52,33,983.0,33,52,True
61593,52,33,1142.0,33,52,True
61595,2582,35,586.0,35,2582,True
61596,52,33,292.0,33,52,True
61597,52,33,170.0,33,52,True
61599,2230,31,5.0,31,2230,True
61601,2230,31,1065.0,31,2230,True
61602,61,33,930.0,33,61,True
61603,61,33,181.0,33,61,True
61604,61,33,1009.0,33,61,True
61605,2934,33,0.0,33,2934,True
61606,59,31,926.0,31,59,True
61607,120,35,0.0,35,120,True
61608,59,31,532.0,31,59,True
61609,59,31,224.0,31,59,True
61610,59,31,19.0,31,59,True
61612,36,34,33.0,34,36,True
61614,70,30,289.0,30,70,True
61616,158,31,0.0,31,158,True
61617,2305,36,27.0,36,2305,True
61618,2305,36,12.0,36,2305,True
61619,2350,37,677.0,37,2350,True
61621,2305,36,485.0,36,2305,True
61622,2305,36,978.0,36,2305,True
61624,2655,30,0.0,30,2655,True
61626,2413,34,822.0,34,2413,True
61627,2674,34,0.0,34,2674,True
61628,145,34,7.0,34,145,True
61629,2545,32,0.0,32,2545,True
61630,145,34,693.0,34,145,True
61631,145,34,291.0,34,145,True
61634,344,32,588.0,32,344,True
61636,344,32,803.0,32,344,True
61637,344,32,696.0,32,344,True
61639,202,34,0.0,34,202,True
61639,2,1,0.0,1,202,False
61640,62,34,492.0,34,62,True
61642,142,32,501.0,32,142,True
61643,62,35,832.0,35,62,True
61645,2348,36,878.0,36,2348,True
61646,93,35,1161.0,35,93,True
61647,93,35,73.0,35,93,True
61650,2529,32,0.0,32,2529,True
61651,153,38,382.0,38,153,True
61652,153,38,1251.0,38,153,True
61653,153,38,944.0,38,153,True
61654,153,38,1096.0,38,153,True
61656,87,38,904.0,38,87,True
61657,87,38,32.0,38,87,True
61658,87,38,139.0,38,87,True
61660,201,35,226.0,35,201,True
61661,201,35,38.0,35,201,True
61662,201,35,1079.0,35,201,True
61663,201,35,1135.0,35,201,True
61664,2405,33,0.0,33,2405,True
61666,197,32,10.0,32,197,True
61667,197,32,1078.0,32,197,True
61668,2390,37,0.0,37,2390,True
61673,2439,33,0.0,33,2439,True
61675,193,32,665.0,32,193,True
61676,36,34,256.0,34,36,True
61677,204,31,325.0,31,204,True
61678,204,31,946.0,31,204,True
61679,204,31,668.0,31,204,True
61680,227,3,0.0,3,227,True
61681,227,1,0.0,1,227,True
61682,2681,30,394.0,30,2681,True
61683,2739,1,0.0,1,2739,True
61685,2335,32,822.0,32,2335,True
61691,2547,34,354.0,34,2547,True
61692,2547,34,847.0,34,2547,True
61695,2653,29,812.0,29,2653,True
61697,2198,33,0.0,33,2198,True
61698,259,33,0.0,33,259,True
61699,2603,1,0.0,1,2603,True
61700,2603,31,968.0,31,2603,True
61701,2603,31,610.0,31,2603,True
61702,24,37,872.0,37,24,True
61703,24,37,272.0,37,24,True
61704,24,37,92.0,37,24,True
61706,2633,32,989.0,32,2633,True
61707,2633,32,810.0,32,2633,True
61708,251,34,723.0,34,251,True
61709,251,34,976.0,34,251,True
61710,251,34,359.0,34,251,True
61711,251,34,750.0,34,251,True
61712,251,34,13.0,34,251,True
61714,251,34,727.0,34,251,True
61718,249,31,0.0,31,249,True
61719,245,33,9.0,33,245,True
61720,245,33,1038.0,33,245,True
61726,250,31,460.0,31,250,True
61728,250,31,492.0,31,250,True
61733,26,36,838.0,36,26,True
61734,30,32,356.0,32,30,True
61735,30,32,0.0,32,30,True
61737,254,35,735.0,35,254,True
61739,93,35,709.0,35,93,True
61740,254,35,1056.0,35,254,True
61741,254,35,627.0,35,254,True
61742,3084,30,916.0,30,3084,True
61747,149,33,509.0,33,149,True
61751,2636,30,65.0,30,2636,True
61754,119,32,446.0,32,119,True
61756,221,34,458.0,34,221,True
61757,222,36,1095.0,36,222,True
61758,222,36,27.0,36,222,True
61759,222,36,33.0,36,222,True
61760,222,36,864.0,36,222,True
61761,2057,33,951.0,33,2057,True
61763,258,34,582.0,34,258,True
61764,258,34,590.0,34,258,True
61766,258,34,724.0,34,258,True
61767,258,34,18.0,34,258,True
61769,257,35,0.0,35,257,True
61770,265,31,494.0,31,265,True
61772,233,33,434.0,33,233,True
61773,265,31,559.0,31,265,True
61775,265,31,364.0,31,265,True
61776,248,32,976.0,32,248,True
61778,2199,35,534.0,35,2199,True
61779,305,32,10.0,32,305,True
61780,305,32,764.0,32,305,True
61781,305,32,0.0,32,305,True
61782,2572,29,0.0,29,2572,True
61783,2168,35,138.0,35,2168,True
61784,2168,36,1202.0,36,2168,True
61785,2168,35,249.0,35,2168,True
61786,98,32,1076.0,32,98,True
61787,256,33,0.0,33,256,True
61788,2086,34,1153.0,34,2086,True
61789,84,34,1186.0,34,84,True
61790,84,34,505.0,34,84,True
61791,2247,35,0.0,35,2247,True
61792,2193,30,0.0,30,2193,True
61793,97,36,1229.0,36,97,True
61794,59,31,684.0,31,59,True
61795,259,33,0.0,33,259,True
61796,120,35,1049.0,35,120,True
61797,41,35,271.0,35,41,True
61799,251,34,0.0,34,251,True
61800,2348,36,1098.0,36,2348,True
61804,2507,34,1123.0,34,2507,True
61805,38,34,0.0,34,38,True
61807,130,32,991.0,32,130,True
61810,130,32,645.0,32,130,True
61811,2599,33,203.0,33,2599,True
61813,2599,33,124.0,33,2599,True
61814,2599,33,819.0,33,2599,True
61816,119,32,271.0,32,119,True
61817,127,39,1022.0,39,127,True
61818,2507,34,344.0,34,2507,True
61820,325,34,126.0,34,325,True
61821,183,31,0.0,31,183,True
61824,151,33,427.0,33,151,True
61825,151,33,233.0,33,151,True
61826,151,33,486.0,33,151,True
61827,2294,34,677.0,34,2294,True
61828,2294,34,866.0,34,2294,True
61830,2294,34,697.0,34,2294,True
61832,113,32,291.0,32,113,True
61833,113,32,982.0,32,113,True
61835,228,31,958.0,31,228,True
61836,2226,28,0.0,28,2226,True
61837,228,31,753.0,31,228,True
61838,228,31,591.0,31,228,True
61839,228,31,296.0,31,228,True
61842,96,39,1012.0,39,96,True
61843,96,39,162.0,39,96,True
61844,179,31,1087.0,31,179,True
61846,2275,34,1162.0,34,2275,True
61847,104,30,290.0,30,104,True
61848,2539,32,87.0,32,2539,True
61850,2132,1,0.0,1,2132,True
61851,2306,32,71.0,32,2306,True
61852,46,33,69.0,33,46,True
61853,46,33,1102.0,33,46,True
61858,2066,32,185.0,32,2066,True
61859,2066,32,53.0,32,2066,True
61866,44,33,332.0,33,44,True
61868,44,33,1270.0,33,44,True
61869,44,33,672.0,33,44,True
61875,2463,33,819.0,33,2463,True
61876,2463,33,1044.0,33,2463,True
61879,301,31,381.0,31,301,True
61881,2097,32,24.0,32,2097,True
61884,2097,32,845.0,32,2097,True
61885,2097,32,15.0,32,2097,True
61886,2117,32,1093.0,32,2117,True
61887,2117,32,486.0,32,2117,True
61888,2117,32,4.0,32,2117,True
61889,2117,32,0.0,32,2117,True
61890,2117,32,982.0,32,2117,True
61891,2117,32,479.0,32,2117,True
61892,232,33,1147.0,33,232,True
61894,2335,32,814.0,32,2335,True
61895,38,34,893.0,34,38,True
61896,2174,33,493.0,33,2174,True
61897,38,34,706.0,34,38,True
61898,38,34,802.0,34,38,True
61899,38,34,113.0,34,38,True
61900,38,34,764.0,34,38,True
61901,48,30,707.0,30,48,True
61903,2439,33,0.0,33,2439,True
61904,9,34,654.0,34,9,True
61905,526,33,623.0,33,526,True
61906,30,32,887.0,32,30,True
61907,2439,33,17.0,33,2439,True
61908,2309,35,138.0,35,2309,True
61909,2309,35,798.0,35,2309,True
61910,2309,35,792.0,35,2309,True
61911,2638,33,767.0,33,2638,True
61913,2031,31,0.0,31,2031,True
61915,36,34,708.0,34,36,True
61916,2031,31,785.0,31,2031,True
61918,2031,31,494.0,31,2031,True
61919,2031,31,0.0,31,2031,True
61922,322,33,954.0,33,322,True
61923,322,33,478.0,33,322,True
61924,322,33,66.0,33,322,True
61925,322,33,17.0,33,322,True
61926,322,33,109.0,33,322,True
61930,2320,30,55.0,30,2320,True
61931,2320,30,0.0,30,2320,True
61935,2329,30,73.0,30,2329,True
61936,2329,30,602.0,30,2329,True
61937,2329,30,701.0,30,2329,True
61939,6,32,0.0,32,6,True
61940,248,32,26.0,32,248,True
61941,2351,31,651.0,31,2351,True
61942,2351,31,829.0,31,2351,True
61943,2368,32,627.0,32,2368,True
61944,2368,32,846.0,32,2368,True
61946,2368,32,772.0,32,2368,True
61947,2378,30,24.0,30,2378,True
61948,2378,30,219.0,30,2378,True
61949,2377,31,102.0,31,2377,True
61950,2377,31,548.0,31,2377,True
61954,2393,36,12.0,36,2393,True
61963,2413,34,27.0,34,2413,True
61965,2277,28,375.0,28,2277,True
61965,2428,1,0.0,1,2277,False
61968,2426,32,633.0,32,2426,True
61969,2426,32,424.0,32,2426,True
61970,2426,32,956.0,32,2426,True
61976,160,32,15.0,32,160,True
61977,160,32,487.0,32,160,True
61978,160,32,662.0,32,160,True
61980,2430,33,973.0,33,2430,True
61982,2430,33,784.0,33,2430,True
61983,2579,33,635.0,33,2579,True
61984,2579,33,753.0,33,2579,True
61985,2579,33,710.0,33,2579,True
61988,350,32,432.0,32,350,True
61990,2449,33,807.0,33,2449,True
61991,2449,33,0.0,33,2449,True
61992,2449,33,656.0,33,2449,True
61994,2032,29,776.0,29,2032,True
61996,111,35,1295.0,35,111,True
61998,111,35,969.0,35,111,True
61999,111,35,113.0,35,111,True
62001,2458,30,517.0,30,2458,True
62007,198,34,622.0,34,198,True
62008,2754,32,0.0,32,2754,True
62009,2492,32,1024.0,32,2492,True
62010,2492,32,619.0,32,2492,True
62011,239,34,99.0,34,239,True
62013,2492,32,913.0,32,2492,True
62014,2501,33,914.0,33,2501,True
62017,2653,29,113.0,29,2653,True
62018,2515,34,360.0,34,2515,True
62019,2515,34,220.0,34,2515,True
62020,2515,34,739.0,34,2515,True
62021,2515,34,872.0,34,2515,True
62022,2515,34,203.0,34,2515,True
62027,16,33,1183.0,33,16,True
62029,16,33,333.0,33,16,True
62031,2608,31,65.0,31,2608,True
62032,254,35,549.0,35,254,True
62034,2617,34,524.0,34,2617,True
62037,167,31,0.0,31,167,True
62039,301,31,512.0,31,301,True
62040,301,31,696.0,31,301,True
62042,2539,32,553.0,32,2539,True
62043,228,31,0.0,31,228,True
62046,23,30,217.0,30,23,True
62047,2539,32,935.0,32,2539,True
62048,2541,32,673.0,32,2541,True
62049,6,33,1109.0,33,6,True
62051,357,34,198.0,34,357,True
62052,233,33,1141.0,33,233,True
62053,233,33,985.0,33,233,True
62055,233,33,0.0,33,233,True
62056,233,33,612.0,33,233,True
62061,2612,34,498.0,34,2612,True
62062,2612,34,556.0,34,2612,True
62069,2617,34,885.0,34,2617,True
62073,2619,35,1158.0,35,2619,True
62074,2619,35,1156.0,35,2619,True
62075,2619,35,123.0,35,2619,True
62076,2540,33,298.0,33,2540,True
62077,2540,33,489.0,33,2540,True
62078,2540,33,1060.0,33,2540,True
62089,140,33,55.0,33,140,True
62107,261,34,252.0,34,261,True
62110,261,34,880.0,34,261,True
62182,2000,31,803.0,31,2000,True
62182,50,1,0.0,1,2000,False
62183,2502,29,604.0,29,2502,True
62185,2724,35,11.0,35,2724,True
62187,2916,29,0.0,29,2916,True
62189,2724,35,1104.0,35,2724,True
62191,2026,29,864.0,29,2026,True
62192,2026,29,959.0,29,2026,True
62193,2026,29,80.0,29,2026,True
62194,2026,29,394.0,29,2026,True
62196,2803,31,276.0,31,2803,True
62197,2803,31,1138.0,31,2803,True
62198,2803,31,359.0,31,2803,True
62200,2083,34,14.0,34,2083,True
62201,2083,34,761.0,34,2083,True
62202,2083,34,1008.0,34,2083,True
62203,2083,34,436.0,34,2083,True
62204,2464,38,33.0,38,2464,True
62207,2440,31,422.0,31,2440,True
62208,25,33,1148.0,33,25,True
62216,2115,31,899.0,31,2115,True
62218,2115,31,553.0,31,2115,True
62219,2115,31,1025.0,31,2115,True
62220,236,32,76.0,32,236,True
62221,2132,34,821.0,34,2132,True
62223,236,32,945.0,32,236,True
62224,93,35,0.0,35,93,True
62225,236,32,671.0,32,236,True
62226,2127,31,0.0,31,2127,True
62227,2506,32,297.0,32,2506,True
62229,282,31,0.0,31,282,True
62230,2643,30,729.0,30,2643,True
62232,324,34,532.0,34,324,True
62233,324,34,91.0,34,324,True
62235,324,34,936.0,34,324,True
62236,324,34,713.0,34,324,True
62237,324,34,31.0,34,324,True
62238,2142,33,388.0,33,2142,True
62239,2142,33,1020.0,33,2142,True
62240,171,28,800.0,28,171,True
62241,171,28,0.0,28,171,True
62243,171,28,957.0,28,171,True
62244,171,28,19.0,28,171,True
62249,2561,14,122.0,14,2561,True
62253,2154,31,933.0,31,2154,True
62254,2193,30,629.0,30,2193,True
62260,2198,33,264.0,33,2198,True
62336,276,32,0.0,32,276,True
62353,2199,35,980.0,35,2199,True
62354,42,30,0.0,30,42,True
62356,331,34,49.0,34,331,True
62358,331,34,65.0,34,331,True
62361,331,34,933.0,34,331,True
62362,2210,33,961.0,33,2210,True
62363,2210,33,533.0,33,2210,True
62364,339,36,825.0,36,339,True
62365,339,36,1318.0,36,339,True
62366,339,36,164.0,36,339,True
62367,248,32,431.0,32,248,True
62369,2226,28,355.0,28,2226,True
62370,2226,28,847.0,28,2226,True
62371,193,32,494.0,32,193,True
62372,145,34,975.0,34,145,True
62374,112358,30,0.0,30,112358,True
62379,21,36,8.0,36,21,True
62380,42,30,676.0,30,42,True
62383,62,35,42.0,35,62,True
62387,2547,34,143.0,34,2547,True
62389,107,30,12.0,30,107,True
62390,107,30,597.0,30,107,True
62391,107,30,279.0,30,107,True
62392,107,30,665.0,30,107,True
62393,107,30,14.0,30,107,True
62399,2277,28,222.0,28,2277,True
62399,2428,11,0.0,11,2277,False
62400,2378,30,1011.0,30,2378,True
62401,304,30,955.0,30,304,True
62402,304,30,998.0,30,304,True
62407,99,33,770.0,33,99,True
62408,8,36,0.0,36,8,True
62411,2641,32,227.0,32,2641,True
62415,2870,31,50.0,31,2870,True
62417,2870,31,771.0,31,2870,True
62418,2870,31,134.0,31,2870,True
62421,85,31,302.0,31,85,True
62422,294,32,360.0,32,294,True
62423,350,32,0.0,32,350,True
62428,2630,34,1187.0,34,2630,True
62430,55,30,252.0,30,55,True
62432,55,30,0.0,30,55,True
62435,288,31,0.0,31,288,True
62436,288,31,692.0,31,288,True
62437,2329,30,34.0,30,2329,True
62438,288,31,21.0,31,288,True
62439,288,31,69.0,31,288,True
62440,288,31,758.0,31,288,True
62447,309,36,43.0,36,309,True
62448,2377,31,425.0,31,2377,True
62449,309,36,713.0,36,309,True
62451,309,36,418.0,36,309,True
62459,2363,33,1072.0,33,2363,True
62466,2437,29,641.0,29,2437,True
62467,2437,29,709.0,29,2437,True
62472,36,34,1023.0,34,36,True
62479,2466,32,568.0,32,2466,True
62485,2534,35,952.0,35,2534,True
62489,2534,35,734.0,35,2534,True
62491,2569,33,21.0,33,2569,True
62497,2569,33,811.0,33,2569,True
62502,2908,36,682.0,36,2908,True
62503,2031,31,819.0,31,2031,True
62504,235,32,872.0,32,235,True
62511,2635,30,289.0,30,2635,True
62512,2635,30,257.0,30,2635,True
62518,2630,34,117.0,34,2630,True
62520,357,34,671.0,34,357,True
62521,357,34,362.0,34,357,True
62522,2916,29,159.0,29,2916,True
62523,357,34,177.0,34,357,True
62525,357,34,951.0,34,357,True
62534,292,31,1040.0,31,292,True
62538,300,34,891.0,34,300,True
62543,82,34,44.0,34,82,True
62544,82,34,222.0,34,82,True
62546,82,34,688.0,34,82,True
62547,2717,32,1118.0,32,2717,True
62548,2717,32,1056.0,32,2717,True
62549,2717,32,833.0,32,2717,True
62551,2717,32,776.0,32,2717,True
62559,98,32,327.0,32,98,True
62561,2747,35,15.0,35,2747,True
62562,277,35,21.0,35,277,True
62564,2747,35,743.0,35,2747,True
62565,2747,35,719.0,35,2747,True
62566,2747,35,965.0,35,2747,True
62568,2754,32,1018.0,32,2754,True
62570,2050,30,0.0,30,2050,True
62572,2934,33,0.0,33,2934,True
62573,2400,32,635.0,32,2400,True
62576,2400,32,0.0,32,2400,True
62581,2325,33,941.0,33,2325,True
62584,2250,38,16.0,38,2250,True
62585,2250,38,932.0,38,2250,True
62587,2032,29,502.0,29,2032,True
62588,2032,29,1017.0,29,2032,True
62591,2296,32,619.0,32,2296,True
62592,231,33,991.0,33,231,True
62593,231,33,562.0,33,231,True
62594,231,33,814.0,33,231,True
62595,231,33,151.0,33,231,True
62596,2261,35,1111.0,35,2261,True
62598,2261,35,659.0,35,2261,True
62600,2261,35,806.0,35,2261,True
62603,2261,35,183.0,35,2261,True
62605,155,30,16.0,30,155,True
62606,155,30,124.0,30,155,True
62608,2670,36,935.0,36,2670,True
62609,2670,36,779.0,36,2670,True
62610,236,32,923.0,32,236,True
62611,2670,36,1003.0,36,2670,True
62612,127,39,794.0,39,127,True
62614,193,28,0.0,28,193,True
62614,195,4,0.0,4,193,False
62615,127,39,1295.0,39,127,True
62618,2217,31,1075.0,31,2217,True
62619,2217,31,547.0,31,2217,True
62620,2217,31,541.0,31,2217,True
62626,2443,29,684.0,29,2443,True
62627,2443,29,0.0,29,2443,True
62630,2443,29,33.0,29,2443,True
62634,2450,34,120.0,34,2450,True
62635,2450,34,995.0,34,2450,True
62636,163,30,931.0,30,163,True
62637,163,1,0.0,1,163,True
62638,163,30,23.0,30,163,True
62639,2501,33,802.0,33,2501,True
62641,2029,32,994.0,32,2029,True
62641,62,11,0.0,11,2029,False
62642,2029,32,551.0,32,2029,True
62642,62,11,0.0,11,2029,False
62643,2448,32,1063.0,32,2448,True
62647,2754,32,552.0,32,2754,True
62650,94,30,805.0,30,94,True
62653,94,30,619.0,30,94,True
62654,94,30,542.0,30,94,True
62657,94,30,403.0,30,94,True
62661,2504,23,121.0,23,2504,True
62663,2239,31,0.0,31,2239,True
62667,2458,30,822.0,30,2458,True
62668,2005,31,259.0,31,2005,True
62671,2050,30,518.0,30,2050,True
62679,159,29,769.0,29,159,True
62680,159,29,404.0,29,159,True
62681,159,29,495.0,29,159,True
62682,159,29,537.0,29,159,True
62683,159,29,48.0,29,159,True
62684,159,29,999.0,29,159,True
62685,159,29,0.0,29,159,True
62686,2166,32,671.0,32,2166,True
62687,2166,32,122.0,32,2166,True
62688,2166,32,15.0,32,2166,True
62692,2169,36,150.0,36,2169,True
62700,2174,33,800.0,33,2174,True
62703,2241,35,1126.0,35,2241,True
62704,2241,35,508.0,35,2241,True
62706,2241,35,21.0,35,2241,True
62707,46,33,20.0,33,46,True
62708,25,33,0.0,33,25,True
62709,325,34,709.0,34,325,True
62710,2306,32,0.0,32,2306,True
62711,2459,30,786.0,30,2459,True
62715,2413,34,115.0,34,2413,True
62720,2352,30,58.0,30,2352,True
62721,2352,30,40.0,30,2352,True
62722,2352,30,892.0,30,2352,True
62724,2352,30,737.0,30,2352,True
62725,2352,30,33.0,30,2352,True
62726,311,30,0.0,30,311,True
62728,2241,35,473.0,35,2241,True
62729,2390,38,1120.0,38,2390,True
62731,2261,35,722.0,35,2261,True
62732,193,32,963.0,32,193,True
62734,2885,33,730.0,33,2885,True
62735,2885,33,0.0,33,2885,True
62737,2885,33,982.0,33,2885,True
62738,2640,35,755.0,35,2640,True
62739,158,31,874.0,31,158,True
62741,158,31,1095.0,31,158,True
62742,339,36,0.0,36,339,True
62743,166,34,0.0,34,166,True
62747,2464,38,1045.0,38,2464,True
62748,2253,32,769.0,32,2253,True
62749,2464,38,621.0,38,2464,True
62752,219,28,715.0,28,219,True
62753,219,28,0.0,28,219,True
62754,219,28,671.0,28,219,True
62755,252,35,41.0,35,252,True
62760,2628,33,74.0,33,2628,True
62770,2636,30,136.0,30,2636,True
62772,2678,30,693.0,30,2678,True
62773,2678,30,666.0,30,2678,True
62778,2737,32,1058.0,32,2737,True
62779,218,37,593.0,37,218,True
62781,295,35,955.0,35,295,True
62782,295,35,70.0,35,295,True
62784,295,35,786.0,35,295,True
62785,295,35,385.0,35,295,True
62786,103,32,29.0,32,103,True
62787,104,30,0.0,30,104,True
62788,2184,31,18.0,31,2184,True
62789,2184,31,13.0,31,2184,True
62793,221,34,20.0,34,221,True
62795,2571,35,1019.0,35,2571,True
62796,2571,35,7.0,35,2571,True
62798,2571,35,245.0,35,2571,True
62799,2459,30,768.0,30,2459,True
62801,2459,30,494.0,30,2459,True
62805,270,30,868.0,30,270,True
62807,253,29,743.0,29,253,True
62810,2244,31,282.0,31,2244,True
62811,2244,31,711.0,31,2244,True
62812,2244,31,692.0,31,2244,True
62813,2244,31,4.0,31,2244,True
62815,2655,31,45.0,31,2655,True
62817,314,35,0.0,35,314,True
62818,276,32,1033.0,32,276,True
62820,2400,32,888.0,32,2400,True
62823,202,34,8.0,34,202,True
62823,2,1,0.0,1,202,False
62827,2011,29,639.0,29,2011,True
62828,2011,29,939.0,29,2011,True
62829,2011,29,69.0,29,2011,True
62830,2011,29,25.0,29,2011,True
62841,27,31,1067.0,31,27,True
62842,27,31,455.0,31,27,True
62844,302,32,754.0,32,302,True
62848,2750,31,85.0,31,2750,True
62849,2750,31,287.0,31,2750,True
62851,43,32,146.0,32,43,True
62853,2099,1,0.0,1,2099,True
62862,2413,34,0.0,34,2413,True
62910,2415,31,375.0,31,2415,True
62967,2681,30,93.0,30,2681,True
62969,526,33,8.0,33,526,True
62971,2429,32,2.0,32,2429,True
62972,57,33,0.0,33,57,True
62973,61,33,161.0,33,61,True
62979,344,32,757.0,32,344,True
63022,204,31,929.0,31,204,True
63024,2182,30,53.0,30,2182,True
63029,30,32,104.0,32,30,True
63030,238,35,52.0,35,238,True
63031,238,35,18.0,35,238,True
63032,339,36,789.0,36,339,True
63035,97,36,636.0,36,97,True
63036,120,35,57.0,35,120,True
63038,2599,33,14.0,33,2599,True
63039,151,33,1.0,33,151,True
63040,213,34,582.0,34,213,True
63048,48,30,4.0,30,48,True
63049,48,30,5.0,30,48,True
63054,2415,31,663.0,31,2415,True
63055,2934,33,14.0,33,2934,True
63057,2447,29,748.0,29,2447,True
63058,2447,29,797.0,29,2447,True
63066,2016,32,628.0,32,2016,True
63068,2016,32,345.0,32,2016,True
63078,194,35,0.0,35,194,True
63079,194,35,13.0,35,194,True
63080,331,34,174.0,34,331,True
63081,2210,33,7.0,33,2210,True
63082,2210,33,10.0,33,2210,True
63084,339,36,948.0,36,339,True
63086,62,35,934.0,35,62,True
63089,2754,32,92.0,32,2754,True
63090,2032,29,20.0,29,2032,True
63091,349,30,834.0,30,349,True
63092,349,30,779.0,30,349,True
63095,349,30,846.0,30,349,True
63096,349,30,212.0,30,349,True
63098,349,30,650.0,30,349,True
63099,13,29,207.0,29,13,True
63101,349,30,939.0,30,349,True
63103,218,37,1109.0,37,218,True
63104,218,37,520.0,37,218,True
63111,2546,30,0.0,30,2546,True
63228,2010,29,503.0,29,2010,True
63230,2010,29,758.0,29,2010,True
63231,2010,29,296.0,29,2010,True
63233,2010,29,854.0,29,2010,True
63236,2514,30,517.0,30,2514,True
63237,338,32,0.0,32,338,True
63280,2244,31,72.0,31,2244,True
63387,151,33,593.0,33,151,True
63733,299,33,21.0,33,299,True
63787,315,30,1.0,30,315,True
63899,154,32,26.0,32,154,True
63901,2,35,6.0,35,2,True
63901,202,1,0.0,1,2,False
63902,2579,33,0.0,33,2579,True
63903,2579,33,179.0,33,2579,True
64334,154,32,0.0,32,154,True
64340,294,32,0.0,32,294,True
64470,164,32,20.0,32,164,True
64474,2582,35,1025.0,35,2582,True
64477,333,34,676.0,34,333,True
64485,2752,37,4.0,37,2752,True
64493,152,36,10.0,36,152,True
64497,2198,33,171.0,33,2198,True
64527,2379,33,351.0,33,2379,True
64666,2737,32,646.0,32,2737,True
64890,8,36,350.0,36,8,True
65142,164,32,29.0,32,164,True
65151,277,35,12.0,35,277,True
65274,2217,31,577.0,31,2217,True
65294,257,35,5.0,35,257,True
65302,2534,35,45.0,35,2534,True
65454,259,33,0.0,33,259,True
65466,2447,29,315.0,29,2447,True
65468,96,39,8.0,39,96,True
65475,227,33,6.0,33,227,True
65477,227,33,5.0,33,227,True
65730,41,35,7.0,35,41,True
65744,2599,33,15.0,33,2599,True
65773,2447,29,460.0,29,2447,True
65777,2029,31,6.0,31,2029,True
65777,62,11,0.0,11,2029,False
65778,2325,33,7.0,33,2325,True
65799,2296,32,29.0,32,2296,True
65814,2226,28,635.0,28,2226,True
65847,2934,33,888.0,33,2934,True
65857,2046,30,387.0,30,2046,True
65861,2029,6,0.0,6,2029,True
65907,13,29,48.0,29,13,True
65939,399,33,11.0,33,399,True
65942,2429,32,5.0,32,2429,True
65962,2115,14,9.0,14,2115,True
65963,108,30,21.0,30,108,True
65976,2448,32,926.0,32,2448,True
65982,2514,30,5.0,30,2514,True
65983,2514,30,8.0,30,2514,True
65986,2619,35,738.0,35,2619,True
65992,2459,30,348.0,30,2459,True
65995,2908,36,248.0,36,2908,True
65999,47,32,317.0,32,47,True
66007,2032,1,0.0,1,2032,True
66017,2032,1,0.0,1,2032,True
66028,295,35,17.0,35,295,True
66074,2415,31,0.0,31,2415,True
66075,127,39,23.0,39,127,True
66087,2413,34,956.0,34,2413,True
66090,2184,31,923.0,31,2184,True
66099,2670,36,35.0,36,2670,True
66102,2540,33,67.0,33,2540,True
66114,195,30,0.0,30,195,True
66116,2567,34,796.0,34,2567,True
66117,2567,34,445.0,34,2567,True
66118,2567,34,725.0,34,2567,True
66119,2567,34,804.0,34,2567,True
66120,228,31,363.0,31,228,True
66121,2275,34,0.0,34,2275,True
66122,228,31,331.0,31,228,True
66123,228,31,52.0,31,228,True
66124,52,33,116.0,33,52,True
66125,52,33,1110.0,33,52,True
66126,52,33,586.0,33,52,True
66127,59,31,651.0,31,59,True
66128,59,31,566.0,31,59,True
66129,2390,38,489.0,38,2390,True
66130,2390,37,824.0,37,2390,True
66131,2390,38,853.0,38,2390,True
66132,276,32,0.0,32,276,True
66133,152,36,681.0,36,152,True
66134,152,36,698.0,36,152,True
66135,152,36,1108.0,36,152,True
66136,152,36,11.0,36,152,True
66137,152,36,604.0,36,152,True
66138,258,34,244.0,34,258,True
66139,258,34,1065.0,34,258,True
66140,154,32,454.0,32,154,True
66141,154,32,89.0,32,154,True
66142,399,33,633.0,33,399,True
66144,161,29,327.0,29,161,True
66145,399,33,787.0,33,399,True
66146,66,34,1153.0,34,66,True
66147,66,34,488.0,34,66,True
66148,66,34,892.0,34,66,True
66149,2198,33,0.0,33,2198,True
66150,66,34,148.0,34,66,True
66151,2628,33,784.0,33,2628,True
66152,2628,33,83.0,33,2628,True
66153,2628,33,618.0,33,2628,True
66154,2628,33,256.0,33,2628,True
66155,277,35,539.0,35,277,True
66156,277,35,154.0,35,277,True
66157,277,35,847.0,35,277,True
66158,167,31,0.0,31,167,True
66160,2184,31,0.0,31,2184,True
66161,302,32,0.0,32,302,True
66162,2086,34,25.0,34,2086,True
66163,2086,34,856.0,34,2086,True
66164,305,32,123.0,32,305,True
66165,305,32,773.0,32,305,True
66166,305,32,961.0,32,305,True
66167,66,21,0.0,21,66,True
66167,269,16,129.0,16,66,False
66168,269,32,4.0,32,269,True
66169,269,32,673.0,32,269,True
66170,66,34,679.0,34,66,True
66171,269,32,899.0,32,269,True
66172,222,36,668.0,36,222,True
66173,222,36,917.0,36,222,True
66174,222,36,145.0,36,222,True
66175,2752,37,224.0,37,2752,True
66178,356,33,652.0,33,356,True
66179,356,33,1010.0,33,356,True
66180,356,33,275.0,33,356,True
66181,356,33,996.0,33,356,True
66182,356,33,190.0,33,356,True
66183,130,32,69.0,32,130,True
66184,130,32,633.0,32,130,True
66186,130,32,1160.0,32,130,True
66187,130,32,309.0,32,130,True
66188,135,28,75.0,28,135,True
66189,77,32,264.0,32,77,True
66190,213,34,252.0,34,213,True
66191,2181,31,0.0,31,2181,True
66192,213,34,826.0,34,213,True
66193,213,34,250.0,34,213,True
66194,2509,34,268.0,34,2509,True
66195,2509,34,438.0,34,2509,True
66196,2509,34,760.0,34,2509,True
66197,275,40,28.0,40,275,True
66198,275,40,1318.0,40,275,True
66199,275,40,0.0,40,275,True
66200,275,40,1152.0,40,275,True
66201,275,40,214.0,40,275,True
66202,275,40,39.0,40,275,True
66203,38,34,622.0,34,38,True
66204,38,34,670.0,34,38,True
66205,38,34,0.0,34,38,True
66206,38,32,535.0,32,38,True
66207,2483,36,831.0,36,2483,True
66208,2483,36,699.0,36,2483,True
66209,2483,36,1059.0,36,2483,True
66212,2492,32,205.0,32,2492,True
66213,66,34,0.0,34,66,True
66214,204,31,1080.0,31,204,True
66215,204,31,222.0,31,204,True
66216,24,36,0.0,36,24,True
66217,24,37,820.0,37,24,True
66218,57,19,0.0,19,57,True
66218,24,14,6.0,14,57,False
66220,26,36,99.0,36,26,True
66222,26,36,1307.0,36,26,True
66223,26,36,412.0,36,26,True
66224,30,32,6.0,32,30,True
66225,30,32,144.0,32,30,True
66226,30,32,866.0,32,30,True
66227,30,32,896.0,32,30,True
66228,30,32,16.0,32,30,True
66229,299,33,0.0,33,299,True
66230,2182,30,0.0,30,2182,True
66232,254,35,288.0,35,254,True
66233,23,30,0.0,30,23,True
66236,254,35,1165.0,35,254,True
66237,265,31,1015.0,31,265,True
66238,265,31,836.0,31,265,True
66240,193,32,0.0,32,193,True
66241,2,35,534.0,35,2,True
66242,2,28,261.0,28,2,True
66243,2,35,777.0,35,2,True
66244,2429,32,0.0,32,2429,True
66246,2,35,0.0,35,2,True
66246,202,1,0.0,1,2,False
66247,57,33,1000.0,33,57,True
66248,61,33,942.0,33,61,True
66249,61,33,250.0,33,61,True
66250,61,33,3.0,33,61,True
66251,61,33,364.0,33,61,True
66252,61,33,5.0,33,61,True
66253,99,33,1159.0,33,99,True
66254,99,33,192.0,33,99,True
66255,99,33,216.0,33,99,True
66256,99,33,1081.0,33,99,True
66257,99,33,114.0,33,99,True
66258,99,33,1108.0,33,99,True
66259,142,32,713.0,32,142,True
66260,142,32,942.0,32,142,True
66263,142,32,424.0,32,142,True
66264,2579,33,410.0,33,2579,True
66265,2579,33,282.0,33,2579,True
66266,2579,33,987.0,33,2579,True
66267,2382,35,0.0,35,2382,True
66268,324,34,0.0,34,324,True
66269,2579,33,31.0,33,2579,True
66270,2579,33,1011.0,33,2579,True
66271,2116,30,0.0,30,2116,True
66272,2633,32,795.0,32,2633,True
66274,258,34,0.0,34,258,True
66275,238,35,1020.0,35,238,True
66276,238,35,756.0,35,238,True
66277,103,32,530.0,32,103,True
66278,103,32,0.0,32,103,True
66279,103,32,8.0,32,103,True
66280,120,35,555.0,35,120,True
66282,58,32,0.0,32,58,True
66283,87,38,483.0,38,87,True
66284,87,38,1318.0,38,87,True
66285,87,38,1235.0,38,87,True
66286,87,38,192.0,38,87,True
66287,221,34,1081.0,34,221,True
66288,221,34,706.0,34,221,True
66289,221,34,130.0,34,221,True
66290,221,34,1077.0,34,221,True
66292,259,33,990.0,33,259,True
66293,2567,34,492.0,34,2567,True
66295,194,35,0.0,35,194,True
66296,239,34,940.0,34,239,True
66297,239,34,581.0,34,239,True
66298,239,34,730.0,34,239,True
66299,239,34,298.0,34,239,True
66300,201,35,459.0,35,201,True
66302,201,35,11.0,35,201,True
66303,201,35,65.0,35,201,True
66304,201,35,17.0,35,201,True
66305,201,35,1118.0,35,201,True
66307,197,32,276.0,32,197,True
66308,197,32,250.0,32,197,True
66311,156,33,758.0,33,156,True
66312,156,33,145.0,33,156,True
66313,198,34,436.0,34,198,True
66315,156,33,811.0,33,156,True
66317,156,33,632.0,33,156,True
66318,156,33,344.0,33,156,True
66321,12,38,1090.0,38,12,True
66322,12,38,12.0,38,12,True
66323,12,38,565.0,38,12,True
66324,242,32,0.0,32,242,True
66325,9,34,1060.0,34,9,True
66326,9,34,250.0,34,9,True
66327,25,33,648.0,33,25,True
66328,25,33,1027.0,33,25,True
66329,25,33,280.0,33,25,True
66330,25,33,0.0,33,25,True
66331,25,33,793.0,33,25,True
66332,8,36,1046.0,36,8,True
66333,8,36,485.0,36,8,True
66334,8,36,382.0,36,8,True
66335,2309,35,361.0,35,2309,True
66336,164,32,919.0,32,164,True
66337,218,37,809.0,37,218,True
66338,218,37,410.0,37,218,True
66340,2550,31,265.0,31,2550,True
66341,2550,29,772.0,29,2550,True
66342,2550,31,256.0,31,2550,True
66343,194,35,759.0,35,194,True
66344,194,35,500.0,35,194,True
66345,2729,33,0.0,33,2729,True
66346,36,34,89.0,34,36,True
66347,36,34,283.0,34,36,True
66348,278,31,600.0,31,278,True
66349,278,32,716.0,32,278,True
66350,278,32,706.0,32,278,True
66351,278,32,1066.0,32,278,True
66352,2440,31,873.0,31,2440,True
66353,2440,31,16.0,31,2440,True
66354,2440,31,756.0,31,2440,True
66355,2440,31,305.0,31,2440,True
66356,2440,31,327.0,31,2440,True
66357,21,36,396.0,36,21,True
66358,21,36,129.0,36,21,True
66360,23,30,201.0,30,23,True
66362,23,30,547.0,30,23,True
66363,23,30,871.0,30,23,True
66364,23,30,59.0,30,23,True
66365,23,30,805.0,30,23,True
66366,23,30,0.0,30,23,True
66367,2439,33,14.0,33,2439,True
66368,2439,33,63.0,33,2439,True
66369,2439,33,1078.0,33,2439,True
66370,328,31,72.0,31,328,True
66371,328,31,1066.0,31,328,True
66372,328,31,654.0,31,328,True
66373,155,30,370.0,30,155,True
66378,2751,35,0.0,35,2751,True
66379,2751,35,476.0,35,2751,True
66380,2168,36,1049.0,36,2168,True
66381,2168,36,1181.0,36,2168,True
66382,2168,36,1020.0,36,2168,True
66383,2168,36,407.0,36,2168,True
66384,231,33,0.0,33,231,True
66385,2184,31,166.0,31,2184,True
66386,2184,31,620.0,31,2184,True
66387,2184,31,455.0,31,2184,True
66388,2184,31,217.0,31,2184,True
66389,2230,31,530.0,31,2230,True
66390,2230,31,416.0,31,2230,True
66391,42,30,0.0,30,42,True
66393,2230,31,143.0,31,2230,True
66394,2244,31,879.0,31,2244,True
66396,45,35,276.0,35,45,True
66397,70,30,0.0,30,70,True
66398,113,32,109.0,32,113,True
66399,113,32,329.0,32,113,True
66400,113,32,310.0,32,113,True
66402,227,33,1052.0,33,227,True
66403,227,33,147.0,33,227,True
66404,227,33,949.0,33,227,True
66405,227,33,38.0,33,227,True
66406,257,35,338.0,35,257,True
66407,257,35,999.0,35,257,True
66410,139,32,216.0,32,139,True
66411,139,32,609.0,32,139,True
66412,139,32,455.0,32,139,True
66413,179,31,62.0,31,179,True
66414,179,31,59.0,31,179,True
66415,179,31,434.0,31,179,True
66416,179,31,294.0,31,179,True
66417,179,31,995.0,31,179,True
66418,2142,33,0.0,33,2142,True
66419,71,33,287.0,33,71,True
66421,2181,31,624.0,31,2181,True
66422,2181,31,23.0,31,2181,True
66423,2287,35,1013.0,35,2287,True
66424,2287,35,1046.0,35,2287,True
66425,2287,35,584.0,35,2287,True
66426,2433,38,735.0,38,2433,True
66427,2287,35,702.0,35,2287,True
66428,2287,35,606.0,35,2287,True
66429,2287,35,731.0,35,2287,True
66432,282,31,384.0,31,282,True
66434,282,31,889.0,31,282,True
66436,2350,37,8.0,37,2350,True
66437,85,31,0.0,31,85,True
66438,2623,31,967.0,31,2623,True
66439,2623,31,20.0,31,2623,True
66441,2623,31,418.0,31,2623,True
66443,2460,35,60.0,35,2460,True
66444,2460,35,0.0,35,2460,True
66445,2460,35,17.0,35,2460,True
66446,2460,35,115.0,35,2460,True
66447,2460,35,821.0,35,2460,True
66452,79,33,908.0,33,79,True
66453,79,33,638.0,33,79,True
66455,79,33,223.0,33,79,True
66456,13,29,0.0,29,13,True
66457,2250,38,0.0,38,2250,True
66458,279,31,893.0,31,279,True
66459,279,31,595.0,31,279,True
66460,279,31,804.0,31,279,True
66461,279,31,768.0,31,279,True
66462,2492,32,571.0,32,2492,True
66463,2492,32,102.0,32,2492,True
66464,2492,32,929.0,32,2492,True
66466,2492,32,267.0,32,2492,True
66467,2239,31,0.0,31,2239,True
66468,2492,32,519.0,32,2492,True
66469,2501,33,1064.0,33,2501,True
66470,2501,33,484.0,33,2501,True
66471,2501,33,148.0,33,2501,True
66472,2608,31,1041.0,31,2608,True
66473,2608,31,216.0,31,2608,True
66474,2608,31,445.0,31,2608,True
66475,301,31,357.0,31,301,True
66476,2539,32,837.0,32,2539,True
66477,2541,32,1080.0,32,2541,True
66478,2541,32,267.0,32,2541,True
66479,2541,32,633.0,32,2541,True
66480,2541,32,286.0,32,2541,True
66482,2507,34,0.0,34,2507,True
66483,2507,34,12.0,34,2507,True
66484,2066,32,968.0,32,2066,True
66485,2066,32,258.0,32,2066,True
66486,2066,32,730.0,32,2066,True
66487,2066,32,98.0,32,2066,True
66488,2066,32,286.0,32,2066,True
66489,2378,30,480.0,30,2378,True
66490,2378,30,21.0,30,2378,True
66491,2378,30,398.0,30,2378,True
66492,2378,30,974.0,30,2378,True
66494,2378,30,154.0,30,2378,True
66495,2619,35,931.0,35,2619,True
66496,2619,35,211.0,35,2619,True
66497,2619,35,856.0,35,2619,True
66499,261,34,927.0,34,261,True
66500,261,34,928.0,34,261,True
66501,2193,30,587.0,30,2193,True
66502,2193,30,798.0,30,2193,True
66503,2193,30,527.0,30,2193,True
66504,2193,30,816.0,30,2193,True
66507,526,33,92.0,33,526,True
66508,294,32,582.0,32,294,True
66509,294,32,323.0,32,294,True
66510,294,32,900.0,32,294,True
66511,2448,32,0.0,32,2448,True
66512,294,32,128.0,32,294,True
66513,338,32,235.0,32,338,True
66514,288,31,977.0,31,288,True
66515,2382,35,104.0,35,2382,True
66517,2382,35,945.0,35,2382,True
66518,2382,35,3.0,35,2382,True
66519,2382,35,149.0,35,2382,True
66520,2454,35,1135.0,35,2454,True
66522,2454,35,256.0,35,2454,True
66523,2454,35,1139.0,35,2454,True
66524,2454,35,590.0,35,2454,True
66525,2454,35,954.0,35,2454,True
66526,94,30,209.0,30,94,True
66527,94,30,376.0,30,94,True
66528,94,30,113.0,30,94,True
66529,94,30,374.0,30,94,True
66530,94,30,261.0,30,94,True
66531,94,30,43.0,30,94,True
66532,56,31,0.0,31,56,True
66533,56,31,492.0,31,56,True
66536,149,33,322.0,33,149,True
66537,149,33,249.0,33,149,True
66538,149,33,834.0,33,149,True
66539,149,33,1046.0,33,149,True
66540,2458,30,621.0,30,2458,True
66541,2458,30,784.0,30,2458,True
66542,2458,30,0.0,30,2458,True
66543,2458,30,193.0,30,2458,True
66544,2458,30,145.0,30,2458,True
66545,2458,30,422.0,30,2458,True
66546,2502,29,822.0,29,2502,True
66548,2502,29,415.0,29,2502,True
66549,2502,29,142.0,29,2502,True
66550,2502,29,823.0,29,2502,True
66551,16,33,25.0,33,16,True
66552,16,33,656.0,33,16,True
66553,16,33,806.0,33,16,True
66554,16,33,679.0,33,16,True
66555,2692,30,989.0,30,2692,True
66556,2692,30,845.0,30,2692,True
66557,2097,32,841.0,32,2097,True
66558,2097,32,529.0,32,2097,True
66563,150,39,847.0,39,150,True
66564,324,34,719.0,34,324,True
66565,324,34,915.0,34,324,True
66566,324,34,280.0,34,324,True
66567,324,34,51.0,34,324,True
66568,2241,35,966.0,35,2241,True
66570,2272,33,556.0,33,2272,True
66570,2029,6,15.0,6,2272,False
66571,2272,33,312.0,33,2272,True
66571,2029,6,0.0,6,2272,False
66572,2272,33,366.0,33,2272,True
66572,2029,6,9.0,6,2272,False
66574,2335,32,487.0,32,2335,True
66576,2335,32,560.0,32,2335,True
66578,2344,34,918.0,34,2344,True
66579,2344,34,687.0,34,2344,True
66582,2344,34,53.0,34,2344,True
66583,2344,34,862.0,34,2344,True
66584,2506,32,88.0,32,2506,True
66585,2506,32,0.0,32,2506,True
66586,2506,32,822.0,32,2506,True
66587,97,36,1260.0,36,97,True
66588,97,36,292.0,36,97,True
66589,97,28,807.0,28,97,True
66590,97,36,27.0,36,97,True
66591,97,31,11.0,31,97,True
66592,97,36,101.0,36,97,True
66593,235,32,682.0,32,235,True
66594,235,31,94.0,31,235,True
66595,235,32,528.0,32,235,True
66596,235,32,24.0,32,235,True
66597,235,32,796.0,32,235,True
66599,2633,7,48.0,7,2633,True
66600,183,31,366.0,31,183,True
66602,183,31,404.0,31,183,True
66603,183,31,89.0,31,183,True
66606,84,34,882.0,34,84,True
66607,84,34,0.0,34,84,True
66609,84,34,366.0,34,84,True
66610,84,34,631.0,34,84,True
66611,269,32,704.0,32,269,True
66612,96,39,425.0,39,96,True
66614,96,39,1005.0,39,96,True
66615,96,39,994.0,39,96,True
66616,96,39,20.0,39,96,True
66617,96,39,163.0,39,96,True
66619,96,39,75.0,39,96,True
66620,96,39,635.0,39,96,True
66621,145,34,560.0,34,145,True
66622,292,31,1053.0,31,292,True
66624,145,34,790.0,34,145,True
66625,245,33,283.0,33,245,True
66626,245,33,2.0,33,245,True
66627,245,33,240.0,33,245,True
66629,245,33,70.0,33,245,True
66630,150,39,18.0,39,150,True
66631,2427,31,25.0,31,2427,True
66632,2427,31,962.0,31,2427,True
66633,2427,31,1010.0,31,2427,True
66634,2427,31,95.0,31,2427,True
66635,2427,31,341.0,31,2427,True
66637,2678,30,634.0,30,2678,True
66638,2678,10,19.0,10,2678,True
66639,2678,30,572.0,30,2678,True
66640,2678,30,364.0,30,2678,True
66641,2678,30,700.0,30,2678,True
66642,2737,32,438.0,32,2737,True
66643,2737,32,879.0,32,2737,True
66645,2737,32,437.0,32,2737,True
66646,2737,32,31.0,32,2737,True
66647,2737,32,353.0,32,2737,True
66648,2523,35,0.0,35,2523,True
66648,2670,1,0.0,1,2523,False
66649,2670,36,761.0,36,2670,True
66650,2670,36,499.0,36,2670,True
66651,2670,36,9.0,36,2670,True
66653,13,29,642.0,29,13,True
66656,13,29,703.0,29,13,True
66657,13,29,0.0,29,13,True
66658,13,29,668.0,29,13,True
66659,2239,31,529.0,31,2239,True
66660,2239,31,525.0,31,2239,True
66665,2463,33,926.0,33,2463,True
66666,62,35,985.0,35,62,True
66667,62,35,90.0,35,62,True
66668,62,35,576.0,35,62,True
66669,62,35,589.0,35,62,True
66671,62,35,608.0,35,62,True
66672,299,33,26.0,33,299,True
66673,299,33,881.0,33,299,True
66677,299,33,760.0,33,299,True
66678,302,32,436.0,32,302,True
66679,41,35,920.0,35,41,True
66680,41,35,665.0,35,41,True
66681,41,35,715.0,35,41,True
66682,333,34,541.0,34,333,True
66684,333,34,800.0,34,333,True
66685,252,35,307.0,35,252,True
66687,252,35,407.0,35,252,True
66688,2934,33,679.0,33,2934,True
66689,2597,35,327.0,35,2597,True
66690,2934,33,922.0,33,2934,True
66691,2130,32,574.0,32,2130,True
66692,2130,32,294.0,32,2130,True
66692,30,1,0.0,1,2130,False
66693,2130,32,320.0,32,2130,True
66694,2130,32,223.0,32,2130,True
66695,2130,32,89.0,32,2130,True
66696,2110,29,0.0,29,2110,True
66697,2253,32,292.0,32,2253,True
66698,2253,32,11.0,32,2253,True
66700,2253,32,857.0,32,2253,True
66701,2253,32,74.0,32,2253,True
66702,70,30,790.0,30,70,True
66703,70,30,640.0,30,70,True
66705,70,30,901.0,30,70,True
66706,70,30,703.0,30,70,True
66707,70,30,49.0,30,70,True
66708,70,30,411.0,30,70,True
66709,70,30,203.0,30,70,True
66710,70,30,0.0,30,70,True
66711,166,34,322.0,34,166,True
66712,166,34,880.0,34,166,True
66713,166,34,43.0,34,166,True
66714,2547,34,150.0,34,2547,True
66715,2547,34,412.0,34,2547,True
66716,2547,34,974.0,34,2547,True
66722,140,33,1070.0,33,140,True
66723,140,33,881.0,33,140,True
66724,2674,34,0.0,34,2674,True
66726,140,33,57.0,33,140,True
66727,140,33,307.0,33,140,True
66728,3084,30,0.0,30,3084,True
66730,3084,30,234.0,30,3084,True
66731,2429,32,149.0,32,2429,True
66732,350,32,0.0,32,350,True
66733,151,33,1021.0,33,151,True
66734,151,33,800.0,33,151,True
66735,295,35,0.0,35,295,True
66736,151,33,14.0,33,151,True
66737,2348,36,100.0,36,2348,True
66738,276,32,713.0,32,276,True
66739,276,32,574.0,32,276,True
66740,276,32,124.0,32,276,True
66741,2640,35,1053.0,35,2640,True
66743,2393,36,151.0,36,2393,True
66746,2393,36,733.0,36,2393,True
66747,2393,36,1048.0,36,2393,True
66748,249,31,428.0,31,249,True
66749,249,31,0.0,31,249,True
66750,295,35,722.0,35,295,True
66751,295,35,236.0,35,295,True
66752,295,35,58.0,35,295,True
66753,295,35,848.0,35,295,True
66754,2458,30,48.0,30,2458,True
66755,242,32,7.0,32,242,True
66756,242,32,11.0,32,242,True
66757,242,32,726.0,32,242,True
66759,242,32,1013.0,32,242,True
66760,150,39,0.0,39,150,True
66761,2572,29,914.0,29,2572,True
66764,279,31,0.0,31,279,True
66765,2655,31,186.0,31,2655,True
66766,2655,31,576.0,31,2655,True
66768,2655,31,119.0,31,2655,True
66769,2655,31,320.0,31,2655,True
66770,2655,31,984.0,31,2655,True
66771,202,34,931.0,34,202,True
66772,202,34,238.0,34,202,True
66772,2,1,0.0,1,202,False
66773,328,31,0.0,31,328,True
66774,202,34,37.0,34,202,True
66774,2,1,0.0,1,202,False
66776,202,34,98.0,34,202,True
66778,5,36,618.0,36,5,True
66779,5,36,763.0,36,5,True
66781,5,36,604.0,36,5,True
66782,5,36,658.0,36,5,True
66784,2638,33,0.0,33,2638,True
66785,2638,33,940.0,33,2638,True
66786,2636,30,0.0,30,2636,True
66788,2636,30,350.0,30,2636,True
66789,2636,30,1005.0,30,2636,True
66790,2636,30,870.0,30,2636,True
66791,325,34,116.0,34,325,True
66792,2454,35,0.0,35,2454,True
66793,325,34,211.0,34,325,True
66794,2174,33,679.0,33,2174,True
66795,2174,33,673.0,33,2174,True
66796,2174,33,831.0,33,2174,True
66797,2739,33,235.0,33,2739,True
66798,2739,33,73.0,33,2739,True
66799,2739,33,638.0,33,2739,True
66800,270,30,669.0,30,270,True
66802,270,30,254.0,30,270,True
66803,270,30,45.0,30,270,True
66804,270,30,884.0,30,270,True
66805,270,30,196.0,30,270,True
66806,270,30,87.0,30,270,True
66807,2473,33,785.0,33,2473,True
66808,2473,33,463.0,33,2473,True
66809,2473,33,0.0,33,2473,True
66810,2473,33,1272.0,33,2473,True
66812,82,34,54.0,34,82,True
66814,82,34,562.0,34,82,True
66815,82,34,534.0,34,82,True
66816,82,34,69.0,34,82,True
66818,2674,34,0.0,34,2674,True
66819,2674,34,94.0,34,2674,True
66820,2674,34,633.0,34,2674,True
66821,2674,34,1039.0,34,2674,True
66822,2750,31,231.0,31,2750,True
66823,2437,29,97.0,29,2437,True
66824,2754,32,1117.0,32,2754,True
66825,2754,32,336.0,32,2754,True
66827,225,31,939.0,31,225,True
66828,225,31,826.0,31,225,True
66829,225,31,433.0,31,225,True
66832,225,31,1000.0,31,225,True
66833,171,28,459.0,28,171,True
66834,171,28,203.0,28,171,True
66835,171,28,322.0,28,171,True
66836,171,28,510.0,28,171,True
66837,171,28,60.0,28,171,True
66838,172,30,568.0,30,172,True
66839,172,30,479.0,30,172,True
66840,172,30,743.0,30,172,True
66841,172,30,26.0,30,172,True
66842,172,30,358.0,30,172,True
66843,159,29,190.0,29,159,True
66845,159,29,149.0,29,159,True
66846,159,29,7.0,29,159,True
66847,159,29,33.0,29,159,True
66848,108,30,346.0,30,108,True
66849,108,30,43.0,30,108,True
66850,108,18,0.0,18,108,True
66853,219,28,154.0,28,219,True
66854,219,28,736.0,28,219,True
66857,43,32,292.0,32,43,True
66858,43,32,276.0,32,43,True
66859,43,32,26.0,32,43,True
66863,2046,30,107.0,30,2046,True
66864,2046,30,886.0,30,2046,True
66866,2057,33,928.0,33,2057,True
66867,2057,33,150.0,33,2057,True
66868,2057,33,42.0,33,2057,True
66869,2057,33,124.0,33,2057,True
66870,2057,33,73.0,33,2057,True
66871,2057,33,497.0,33,2057,True
66872,153,38,582.0,38,153,True
66873,153,38,862.0,38,153,True
66874,153,38,562.0,38,153,True
66875,163,30,398.0,30,163,True
66876,163,30,828.0,30,163,True
66877,163,30,558.0,30,163,True
66878,163,30,18.0,30,163,True
66879,163,30,60.0,30,163,True
66880,163,30,968.0,30,163,True
66882,233,33,0.0,33,233,True
66884,2197,33,144.0,33,2197,True
66885,2197,33,81.0,33,2197,True
66886,2197,33,927.0,33,2197,True
66887,2197,33,0.0,33,2197,True
66889,2197,33,0.0,33,2197,True
66891,2198,33,953.0,33,2198,True
66893,55,31,222.0,31,55,True
66894,55,30,86.0,30,55,True
66895,55,30,0.0,30,55,True
66896,55,31,646.0,31,55,True
66897,55,31,715.0,31,55,True
66898,55,31,681.0,31,55,True
66902,93,35,1126.0,35,93,True
66903,93,35,744.0,35,93,True
66904,93,35,1085.0,35,93,True
66905,93,35,24.0,35,93,True
66906,2565,28,566.0,28,2565,True
66908,2565,28,608.0,28,2565,True
66909,2546,30,0.0,30,2546,True
66910,2546,30,871.0,30,2546,True
66912,2546,30,447.0,30,2546,True
66913,2546,30,20.0,30,2546,True
66915,2567,14,0.0,14,2567,True
66915,150,9,63.0,9,2567,False
66916,250,31,0.0,31,250,True
66919,2296,32,452.0,32,2296,True
66923,2630,34,213.0,34,2630,True
66924,2630,34,514.0,34,2630,True
66925,2630,34,1199.0,34,2630,True
66926,2630,34,357.0,34,2630,True
66927,2803,31,461.0,31,2803,True
66928,2803,31,0.0,31,2803,True
66929,2803,31,3.0,31,2803,True
66930,2803,31,18.0,31,2803,True
66931,2803,31,961.0,31,2803,True
66932,2115,31,0.0,31,2115,True
66934,2115,31,1147.0,31,2115,True
66935,2115,31,937.0,31,2115,True
66937,161,29,434.0,29,161,True
66938,161,29,856.0,29,161,True
66940,161,29,149.0,29,161,True
66942,112358,30,555.0,30,112358,True
66943,112358,30,688.0,30,112358,True
66944,112358,30,35.0,30,112358,True
66945,112358,30,245.0,30,112358,True
66946,112358,30,540.0,30,112358,True
66947,112358,30,699.0,30,112358,True
66948,116,30,718.0,30,116,True
66949,116,30,397.0,30,116,True
66950,116,30,542.0,30,116,True
66951,116,30,571.0,30,116,True
66953,2523,35,963.0,35,2523,True
66956,2523,35,791.0,35,2523,True
66958,2529,32,813.0,32,2529,True
66960,2529,32,16.0,32,2529,True
66961,2597,35,286.0,35,2597,True
66962,2597,35,676.0,35,2597,True
66965,2598,32,1002.0,32,2598,True
66966,2598,32,6.0,32,2598,True
66967,2598,32,148.0,32,2598,True
66968,2598,32,28.0,32,2598,True
66969,2681,30,334.0,30,2681,True
66970,2681,30,474.0,30,2681,True
66971,2132,34,1065.0,34,2132,True
66972,2132,34,742.0,34,2132,True
66973,2363,33,276.0,33,2363,True
66973,2132,1,0.0,1,2363,False
66974,2132,34,241.0,34,2132,True
66975,2132,8,0.0,8,2132,True
66976,42,30,735.0,30,42,True
66977,42,30,57.0,30,42,True
66980,311,30,217.0,30,311,True
66981,311,30,196.0,30,311,True
66982,311,30,116.0,30,311,True
66984,311,30,517.0,30,311,True
66985,311,30,373.0,30,311,True
66986,160,32,1015.0,32,160,True
66987,160,32,787.0,32,160,True
66991,160,32,78.0,32,160,True
66992,160,32,92.0,32,160,True
66993,160,32,795.0,32,160,True
67004,2349,29,706.0,29,2349,True
67007,2349,29,227.0,29,2349,True
67009,2349,29,569.0,29,2349,True
67010,2349,29,313.0,29,2349,True
67014,2349,29,425.0,29,2349,True
67016,2908,36,80.0,36,2908,True
67017,2908,35,40.0,35,2908,True
67018,2908,36,764.0,36,2908,True
67019,2908,36,154.0,36,2908,True
67020,2908,35,772.0,35,2908,True
67023,2509,34,11.0,34,2509,True
67024,2325,33,736.0,33,2325,True
67025,46,33,105.0,33,46,True
67026,127,39,277.0,39,127,True
67027,127,39,659.0,39,127,True
67028,2006,35,822.0,35,2006,True
67029,2006,35,673.0,35,2006,True
67030,2006,35,272.0,35,2006,True
67031,2006,35,273.0,35,2006,True
67032,2050,30,802.0,30,2050,True
67033,159,29,0.0,29,159,True
67035,2050,30,108.0,30,2050,True
67036,2750,31,0.0,31,2750,True
67037,2050,30,861.0,30,2050,True
67038,189,33,110.0,33,189,True
67039,189,33,896.0,33,189,True
67040,189,33,190.0,33,189,True
67041,2084,33,1139.0,33,2084,True
67042,314,11,0.0,11,314,True
67043,2117,32,96.0,32,2117,True
67045,2117,32,563.0,32,2117,True
67046,2117,32,754.0,32,2117,True
67047,2117,32,887.0,32,2117,True
67048,2199,35,160.0,35,2199,True
67049,2199,35,1095.0,35,2199,True
67050,2199,35,0.0,35,2199,True
67051,2199,35,74.0,35,2199,True
67052,85,31,0.0,31,85,True
67053,2032,29,0.0,29,2032,True
67055,2309,35,14.0,35,2309,True
67056,2309,35,289.0,35,2309,True
67058,193,32,322.0,32,193,True
67059,193,32,75.0,32,193,True
67060,2459,30,0.0,30,2459,True
67061,2459,30,377.0,30,2459,True
67063,195,30,141.0,30,195,True
67064,195,30,1047.0,30,195,True
67065,195,30,400.0,30,195,True
67066,195,30,722.0,30,195,True
67067,2649,33,983.0,33,2649,True
67068,2649,33,15.0,33,2649,True
67069,2649,33,633.0,33,2649,True
67071,2649,33,423.0,33,2649,True
67072,2711,34,841.0,34,2711,True
67074,2711,34,235.0,34,2711,True
67075,85,31,435.0,31,85,True
67076,44,33,1088.0,33,44,True
67078,44,33,15.0,33,44,True
67079,44,33,3.0,33,44,True
67080,44,33,207.0,33,44,True
67081,44,33,0.0,33,44,True
67082,349,30,93.0,30,349,True
67084,349,30,55.0,30,349,True
67085,349,30,0.0,30,349,True
67086,349,30,149.0,30,349,True
67087,349,30,68.0,30,349,True
67088,349,30,0.0,30,349,True
67089,349,30,60.0,30,349,True
67091,349,30,75.0,30,349,True
67092,104,30,113.0,30,104,True
67093,104,30,79.0,30,104,True
67094,104,30,945.0,30,104,True
67095,104,30,8.0,30,104,True
67096,2083,34,352.0,34,2083,True
67097,2083,34,565.0,34,2083,True
67098,2083,34,185.0,34,2083,True
67099,2599,33,952.0,33,2599,True
67100,2229,33,319.0,33,2229,True
67102,2229,33,10.0,33,2229,True
67103,2229,33,708.0,33,2229,True
67105,2885,33,831.0,33,2885,True
67106,2885,33,48.0,33,2885,True
67107,2885,33,1203.0,33,2885,True
67108,2885,33,531.0,33,2885,True
67109,2885,33,256.0,33,2885,True
67112,344,32,744.0,32,344,True
67113,344,32,371.0,32,344,True
67115,331,34,797.0,34,331,True
67116,331,34,205.0,34,331,True
67117,331,34,1101.0,34,331,True
67118,331,34,511.0,34,331,True
67119,304,30,1039.0,30,304,True
67120,304,30,957.0,30,304,True
67121,304,30,442.0,30,304,True
67122,304,30,514.0,30,304,True
67123,270,30,0.0,30,270,True
67124,304,29,196.0,29,304,True
67125,304,30,106.0,30,304,True
67126,304,29,0.0,29,304,True
67128,147,30,598.0,30,147,True
67129,147,30,472.0,30,147,True
67131,155,30,1025.0,30,155,True
67133,2464,38,1293.0,38,2464,True
67134,2464,38,6.0,38,2464,True
67135,2464,38,760.0,38,2464,True
67137,2464,38,16.0,38,2464,True
67138,2464,38,233.0,38,2464,True
67139,2464,38,11.0,38,2464,True
67140,2464,38,1111.0,38,2464,True
67141,302,32,25.0,32,302,True
67143,300,34,619.0,34,300,True
67144,300,34,820.0,34,300,True
67145,300,34,368.0,34,300,True
67146,300,34,19.0,34,300,True
67147,300,34,298.0,34,300,True
67148,27,31,720.0,31,27,True
67150,2540,33,602.0,33,2540,True
67151,2540,33,0.0,33,2540,True
67152,2540,33,980.0,33,2540,True
67153,2540,33,79.0,33,2540,True
67154,232,33,1073.0,33,232,True
67156,232,33,381.0,33,232,True
67158,48,30,303.0,30,48,True
67159,48,30,838.0,30,48,True
67160,48,5,0.0,5,48,True
67161,48,30,568.0,30,48,True
67162,2182,30,656.0,30,2182,True
67164,2182,30,672.0,30,2182,True
67165,2182,30,0.0,30,2182,True
67166,2885,33,0.0,33,2885,True
67167,2275,34,576.0,34,2275,True
67168,2275,34,78.0,34,2275,True
67169,256,33,1050.0,33,256,True
67170,256,33,523.0,33,256,True
67171,256,33,662.0,33,256,True
67172,2142,33,0.0,33,2142,True
67173,256,33,831.0,33,256,True
67174,256,33,139.0,33,256,True
67175,350,32,361.0,32,350,True
67176,350,32,981.0,32,350,True
67177,111,35,63.0,35,111,True
67178,111,35,1167.0,35,111,True
67179,111,35,13.0,35,111,True
67180,2099,33,1062.0,33,2099,True
67181,119,32,820.0,32,119,True
67182,119,32,749.0,32,119,True
67183,2065,32,204.0,32,2065,True
67184,2729,33,812.0,33,2729,True
67185,2065,32,114.0,32,2065,True
67186,2729,33,1090.0,33,2729,True
67187,2065,32,395.0,32,2065,True
67188,2729,33,231.0,33,2729,True
67189,2729,33,322.0,33,2729,True
67190,2142,33,10.0,33,2142,True
67191,2142,33,56.0,33,2142,True
67192,2142,33,26.0,33,2142,True
67193,2142,33,0.0,33,2142,True
67194,2142,33,13.0,33,2142,True
67195,2142,33,7.0,33,2142,True
67196,2142,33,297.0,33,2142,True
67197,107,30,441.0,30,107,True
67198,107,30,731.0,30,107,True
67199,107,30,386.0,30,107,True
67200,107,30,0.0,30,107,True
67201,107,30,196.0,30,107,True
67202,322,33,994.0,33,322,True
67203,322,33,278.0,33,322,True
67204,322,33,391.0,33,322,True
67205,322,33,35.0,33,322,True
67206,2329,30,847.0,30,2329,True
67207,2329,30,467.0,30,2329,True
67208,2329,30,23.0,30,2329,True
67209,2097,32,0.0,32,2097,True
67210,2329,30,866.0,30,2329,True
67211,2329,30,14.0,30,2329,True
67213,2352,30,309.0,30,2352,True
67215,2426,32,419.0,32,2426,True
67216,2426,32,128.0,32,2426,True
67217,2426,32,152.0,32,2426,True
67219,2426,32,157.0,32,2426,True
67221,2426,32,0.0,32,2426,True
67222,2426,32,609.0,32,2426,True
67223,2026,29,127.0,29,2026,True
67227,236,32,702.0,32,236,True
67228,236,32,823.0,32,236,True
67231,2643,30,594.0,30,2643,True
67232,2643,30,155.0,30,2643,True
67233,2643,30,641.0,30,2643,True
67236,2166,32,750.0,32,2166,True
67238,2166,32,404.0,32,2166,True
67240,2166,32,17.0,32,2166,True
67241,2210,33,0.0,33,2210,True
67242,2210,33,194.0,33,2210,True
67243,2210,33,607.0,33,2210,True
67244,231,33,15.0,33,231,True
67245,231,33,888.0,33,231,True
67246,231,33,91.0,33,231,True
67247,292,31,0.0,31,292,True
67248,2306,32,807.0,32,2306,True
67249,2306,32,780.0,32,2306,True
67250,2306,32,572.0,32,2306,True
67253,2641,32,139.0,32,2641,True
67254,2641,32,35.0,32,2641,True
67255,2641,32,545.0,32,2641,True
67256,2641,32,781.0,32,2641,True
67257,2226,28,253.0,28,2226,True
67258,2226,28,924.0,28,2226,True
67260,2226,28,0.0,28,2226,True
67262,290,31,769.0,31,290,True
67263,290,31,702.0,31,290,True
67265,290,30,352.0,30,290,True
67266,290,31,14.0,31,290,True
67268,290,31,32.0,31,290,True
67269,290,31,14.0,31,290,True
67270,2430,33,947.0,33,2430,True
67271,2430,33,800.0,33,2430,True
67272,2430,33,639.0,33,2430,True
67274,2430,33,339.0,33,2430,True
67276,2535,32,460.0,32,2535,True
67277,2535,32,415.0,32,2535,True
67278,2247,35,0.0,35,2247,True
67280,2535,32,0.0,32,2535,True
67281,2535,32,30.0,32,2535,True
67282,2717,32,150.0,32,2717,True
67283,2747,35,860.0,35,2747,True
67284,2747,35,618.0,35,2747,True
67285,2747,35,6.0,35,2747,True
67286,2000,31,438.0,31,2000,True
67286,50,1,0.0,1,2000,False
67287,2000,31,748.0,31,2000,True
67287,50,1,0.0,1,2000,False
67289,2000,31,894.0,31,2000,True
67289,50,1,0.0,1,2000,False
67290,2000,31,216.0,31,2000,True
67290,50,1,0.0,1,2000,False
67291,2000,31,741.0,31,2000,True
67291,50,1,0.0,1,2000,False
67292,2000,31,902.0,31,2000,True
67292,50,1,0.0,1,2000,False
67293,2000,31,88.0,31,2000,True
67293,50,1,0.0,1,2000,False
67296,2000,31,269.0,31,2000,True
67297,2000,31,0.0,31,2000,True
67297,50,1,0.0,1,2000,False
67299,2110,29,249.0,29,2110,True
67305,2277,28,235.0,28,2277,True
67305,2428,1,0.0,1,2277,False
67306,142,32,0.0,32,142,True
67307,2277,28,626.0,28,2277,True
67307,2428,11,0.0,11,2277,False
67308,2277,28,631.0,28,2277,True
67308,2428,1,0.0,1,2277,False
67309,2277,28,299.0,28,2277,True
67309,2428,11,0.0,11,2277,False
67313,2916,29,847.0,29,2916,True
67314,2916,29,1020.0,29,2916,True
67316,2916,29,237.0,29,2916,True
67317,2916,29,1070.0,29,2916,True
67318,2916,29,0.0,29,2916,True
67319,2916,29,99.0,29,2916,True
67320,2916,29,16.0,29,2916,True
67322,2320,30,893.0,30,2320,True
67324,2320,30,828.0,30,2320,True
67325,2320,30,286.0,30,2320,True
67326,2320,30,624.0,30,2320,True
67327,2377,31,929.0,31,2377,True
67328,2377,31,196.0,31,2377,True
67330,2377,31,41.0,31,2377,True
67331,2443,29,669.0,29,2443,True
67333,2443,29,749.0,29,2443,True
67334,2443,29,893.0,29,2443,True
67335,2443,29,638.0,29,2443,True
67341,2099,33,422.0,33,2099,True
67342,2099,33,718.0,33,2099,True
67343,2099,33,631.0,33,2099,True
67346,2099,33,359.0,33,2099,True
67347,2447,29,0.0,29,2447,True
67348,2447,29,601.0,29,2447,True
67349,56,31,0.0,31,56,True
67351,2466,32,565.0,32,2466,True
67352,2217,31,648.0,31,2217,True
67353,2217,31,0.0,31,2217,True
67354,2217,31,171.0,31,2217,True
67355,314,35,798.0,35,314,True
67357,314,35,528.0,35,314,True
67358,314,35,13.0,35,314,True
67359,2363,33,681.0,33,2363,True
67360,2466,32,624.0,32,2466,True
67362,2363,33,146.0,33,2363,True
67363,2466,32,1009.0,32,2466,True
67364,2466,32,237.0,32,2466,True
67365,2368,32,180.0,32,2368,True
67366,2368,32,185.0,32,2368,True
67367,198,34,408.0,34,198,True
67368,198,34,761.0,34,198,True
67370,2405,33,305.0,33,2405,True
67371,2405,33,14.0,33,2405,True
67372,2405,33,0.0,33,2405,True
67373,2405,33,1062.0,33,2405,True
67375,2405,33,486.0,33,2405,True
67376,198,34,478.0,34,198,True
67377,2405,33,499.0,33,2405,True
67380,198,34,158.0,34,198,True
67381,198,34,687.0,34,198,True
67382,2534,35,104.0,35,2534,True
67383,2534,35,1004.0,35,2534,True
67384,2534,35,466.0,35,2534,True
67385,2534,35,40.0,35,2534,True
67386,2545,32,1013.0,32,2545,True
67387,2545,32,687.0,32,2545,True
67389,2545,32,455.0,32,2545,True
67392,2617,34,267.0,34,2617,True
67394,2617,34,649.0,34,2617,True
67395,2617,34,508.0,34,2617,True
67396,2617,34,102.0,34,2617,True
67397,2617,34,26.0,34,2617,True
67413,357,34,913.0,34,357,True
67414,357,34,656.0,34,357,True
67416,2172,30,0.0,30,2172,True
67417,2172,30,240.0,30,2172,True
67418,2870,31,970.0,31,2870,True
67419,2870,31,10.0,31,2870,True
67421,85,31,521.0,31,85,True
67422,85,31,396.0,31,85,True
67423,85,31,274.0,31,85,True
67424,85,31,61.0,31,85,True
67425,2437,29,823.0,29,2437,True
67426,2437,29,251.0,29,2437,True
67427,2449,33,1077.0,33,2449,True
67428,2449,33,919.0,33,2449,True
67430,2305,36,1207.0,36,2305,True
67431,2305,36,1060.0,36,2305,True
67432,2305,36,525.0,36,2305,True
67439,233,33,188.0,33,233,True
67440,2571,35,304.0,35,2571,True
67441,2571,35,114.0,35,2571,True
67442,2571,35,199.0,35,2571,True
67443,2571,35,27.0,35,2571,True
67444,2710,28,793.0,28,2710,True
67445,2710,28,290.0,28,2710,True
67446,2710,28,890.0,28,2710,True
67447,2710,28,403.0,28,2710,True
67449,2031,31,421.0,31,2031,True
67450,2031,31,458.0,31,2031,True
67451,2032,29,897.0,29,2032,True
67453,2247,35,255.0,35,2247,True
67456,2447,29,540.0,29,2447,True
67457,309,36,427.0,36,309,True
67458,309,36,63.0,36,309,True
67459,309,36,86.0,36,309,True
67460,2433,38,474.0,38,2433,True
67461,2433,38,547.0,38,2433,True
67462,2433,38,1384.0,38,2433,True
67463,2433,38,1347.0,38,2433,True
67464,2433,38,133.0,38,2433,True
67466,2433,38,59.0,38,2433,True
67467,6,33,1087.0,33,6,True
67469,6,33,582.0,33,6,True
67472,6,33,143.0,33,6,True
67473,326,31,714.0,31,326,True
67477,326,31,152.0,31,326,True
67479,326,31,288.0,31,326,True
67480,315,30,956.0,30,315,True
67481,250,31,470.0,31,250,True
67482,315,30,882.0,30,315,True
67483,315,30,980.0,30,315,True
67484,250,31,762.0,31,250,True
67485,250,31,368.0,31,250,True
67486,250,31,383.0,31,250,True
67487,315,30,886.0,30,315,True
67489,326,31,917.0,31,326,True
67490,315,30,656.0,30,315,True
67491,315,30,1.0,30,315,True
67493,2653,29,745.0,29,2653,True
67495,2653,29,26.0,29,2653,True
67497,2653,29,911.0,29,2653,True
67499,2520,33,463.0,33,2520,True
67502,2520,33,980.0,33,2520,True
67503,2520,33,368.0,33,2520,True
67504,98,32,109.0,32,98,True
67506,2612,34,937.0,34,2612,True
67507,98,32,602.0,32,98,True
67508,2612,34,76.0,34,2612,True
67511,2612,34,807.0,34,2612,True
67512,2612,34,927.0,34,2612,True
67513,2561,31,1134.0,31,2561,True
67514,2561,31,834.0,31,2561,True
67515,2561,31,17.0,31,2561,True
67516,2561,31,15.0,31,2561,True
67517,2561,31,225.0,31,2561,True
67518,2561,31,733.0,31,2561,True
67519,2561,7,0.0,7,2561,True
67520,2154,31,369.0,31,2154,True
67521,2154,31,834.0,31,2154,True
67522,2154,31,548.0,31,2154,True
67523,2154,31,389.0,31,2154,True
67524,2154,31,723.0,31,2154,True
67525,2154,31,13.0,31,2154,True
67526,2154,31,64.0,31,2154,True
67528,2169,36,603.0,36,2169,True
67529,2169,36,32.0,36,2169,True
67531,2169,36,222.0,36,2169,True
67532,2169,36,112.0,36,2169,True
67533,2169,36,814.0,36,2169,True
67534,2169,36,654.0,36,2169,True
67535,2261,35,169.0,35,2261,True
67536,2261,35,26.0,35,2261,True
67537,103,32,345.0,32,103,True
67538,2261,35,209.0,35,2261,True
67539,47,31,61.0,31,47,True
67540,47,32,37.0,32,47,True
67542,47,32,553.0,32,47,True
67543,59,31,2.0,31,59,True
67544,47,32,971.0,32,47,True
67546,47,32,922.0,32,47,True
67547,47,32,166.0,32,47,True
67548,47,32,243.0,32,47,True
67549,47,32,770.0,32,47,True
67550,5,36,940.0,36,5,True
67551,2379,33,549.0,33,2379,True
67552,2379,33,279.0,33,2379,True
67553,2379,33,916.0,33,2379,True
67554,2379,33,127.0,33,2379,True
67555,2379,33,871.0,33,2379,True
67556,2415,31,395.0,31,2415,True
67557,2415,31,398.0,31,2415,True
67558,2415,31,343.0,31,2415,True
67561,2390,38,6.0,38,2390,True
67562,152,36,9.0,36,152,True
67565,2448,32,495.0,32,2448,True
67566,258,34,17.0,34,258,True
67567,258,34,13.0,34,258,True
67569,2448,32,615.0,32,2448,True
67570,2448,32,717.0,32,2448,True
67571,2448,32,532.0,32,2448,True
67572,2448,32,74.0,32,2448,True
67573,2448,32,160.0,32,2448,True
67575,2448,32,518.0,32,2448,True
67576,2428,33,1042.0,33,2428,True
67577,2569,33,516.0,33,2569,True
67580,2569,33,783.0,33,2569,True
67582,2569,33,571.0,33,2569,True
67583,2011,29,870.0,29,2011,True
67584,2011,29,511.0,29,2011,True
67585,6,32,0.0,32,6,True
67588,2011,29,792.0,29,2011,True
67589,2011,29,0.0,29,2011,True
67590,2011,29,46.0,29,2011,True
67591,2011,29,40.0,29,2011,True
67592,2011,29,29.0,29,2011,True
67594,2296,32,799.0,32,2296,True
67595,2296,32,6.0,32,2296,True
67596,2296,32,658.0,32,2296,True
67597,2296,32,0.0,32,2296,True
67598,2296,32,523.0,32,2296,True
67600,2296,32,470.0,32,2296,True
67601,2400,32,962.0,32,2400,True
67603,2400,32,561.0,32,2400,True
67604,2545,32,0.0,32,2545,True
67605,2428,33,1065.0,33,2428,True
67607,2582,35,1055.0,35,2582,True
67608,2582,35,60.0,35,2582,True
67611,2640,35,96.0,35,2640,True
67614,2640,35,74.0,35,2640,True
67615,2640,35,0.0,35,2640,True
67616,158,31,129.0,31,158,True
67617,250,31,0.0,31,250,True
67619,158,31,551.0,31,158,True
67620,58,32,937.0,32,58,True
67621,58,32,215.0,32,58,True
67622,57,33,0.0,33,57,True
67623,59,31,605.0,31,59,True
67624,58,32,496.0,32,58,True
67625,58,32,753.0,32,58,True
67626,2567,34,15.0,34,2567,True
67627,2567,34,22.0,34,2567,True
67628,2116,30,1013.0,30,2116,True
67629,2351,31,0.0,31,2351,True
67630,2116,30,398.0,30,2116,True
67632,221,34,6.0,34,221,True
67633,183,31,803.0,31,183,True
67634,526,33,8.0,33,526,True
67636,526,33,20.0,33,526,True
67637,338,32,8.0,32,338,True
67640,288,31,698.0,31,288,True
67643,2230,31,12.0,31,2230,True
67644,2325,33,6.0,33,2325,True
67645,2603,31,1197.0,31,2603,True
67646,2603,31,108.0,31,2603,True
67647,2603,31,98.0,31,2603,True
67648,239,34,15.0,34,239,True
67649,66,34,26.0,34,66,True
67651,251,30,47.0,30,251,True
67651,93,4,0.0,4,251,False
67652,251,34,757.0,34,251,True
67654,251,34,724.0,34,251,True
67656,277,35,433.0,35,277,True
67657,2752,36,5.0,36,2752,True
67659,2502,29,10.0,29,2502,True
67663,253,29,644.0,29,253,True
67664,253,29,620.0,29,253,True
67665,253,29,448.0,29,253,True
67666,253,29,618.0,29,253,True
67667,253,29,416.0,29,253,True
67669,2097,32,19.0,32,2097,True
67670,2097,32,9.0,32,2097,True
67673,2506,32,587.0,32,2506,True
67674,2506,32,5.0,32,2506,True
67675,2294,34,676.0,34,2294,True
67676,2294,34,24.0,34,2294,True
67677,130,32,57.0,32,130,True
67678,256,33,6.0,33,256,True
67679,2429,32,5.0,32,2429,True
67680,292,31,0.0,31,292,True
67682,2572,19,444.0,19,2572,True
67685,2638,33,0.0,33,2638,True
67686,2638,33,0.0,33,2638,True
67692,225,31,0.0,31,225,True
67713,2006,35,625.0,35,2006,True
67714,2363,33,536.0,33,2363,True
67715,2005,31,31.0,31,2005,True
67717,2005,31,712.0,31,2005,True
67718,2005,31,0.0,31,2005,True
67719,2005,31,688.0,31,2005,True
67723,2005,31,0.0,31,2005,True
67724,68,34,1004.0,34,68,True
67725,68,34,704.0,34,68,True
67726,68,34,99.0,34,68,True
67727,68,34,886.0,34,68,True
67729,36,34,10.0,34,36,True
67732,2440,31,24.0,31,2440,True
67733,167,31,263.0,31,167,True
67734,167,31,765.0,31,167,True
67735,167,31,89.0,31,167,True
67737,167,31,871.0,31,167,True
67738,252,35,0.0,35,252,True
67739,2181,31,852.0,31,2181,True
67740,2181,31,0.0,31,2181,True
67741,339,36,232.0,36,339,True
67742,339,36,694.0,36,339,True
67743,339,36,667.0,36,339,True
67745,339,36,1079.0,36,339,True
67746,2287,35,560.0,35,2287,True
67747,2460,35,0.0,35,2460,True
67749,2724,35,750.0,35,2724,True
67750,2724,35,229.0,35,2724,True
67751,2724,35,421.0,35,2724,True
67752,2724,35,49.0,35,2724,True
67753,116,30,19.0,30,116,True
67755,116,30,24.0,30,116,True
67757,2597,35,7.0,35,2597,True
67797,2546,30,21.0,30,2546,True
67798,2635,30,792.0,30,2635,True
67801,2635,30,443.0,30,2635,True
67802,2635,30,243.0,30,2635,True
67803,2635,30,528.0,30,2635,True
67804,38,34,3.0,34,38,True
67805,38,34,15.0,34,38,True
67807,2483,36,20.0,36,2483,True
67808,204,31,0.0,31,204,True
67809,26,36,1222.0,36,26,True
67810,264,31,993.0,31,264,True
67811,264,31,447.0,31,264,True
67813,264,31,7.0,31,264,True
67814,264,31,1104.0,31,264,True
67847,99,33,9.0,33,99,True
67848,99,33,6.0,33,99,True
67854,142,32,1.0,32,142,True
67887,2210,33,6.0,33,2210,True
68078,2132,34,11.0,34,2132,True
68079,2449,33,9.0,33,2449,True
68080,2653,29,4.0,29,2653,True
68083,2250,38,52.0,38,2250,True
68084,2250,38,0.0,38,2250,True
68085,2250,38,31.0,38,2250,True
68087,299,15,0.0,15,299,True
68089,2351,31,764.0,31,2351,True
68090,2351,31,481.0,31,2351,True
68091,2492,32,0.0,32,2492,True
68092,301,31,4.0,31,301,True
68095,2617,34,239.0,34,2617,True
68098,2296,32,123.0,32,2296,True
68099,2428,33,94.0,33,2428,True
68100,2542,31,131.0,31,2542,True
68101,2542,30,119.0,30,2542,True
68102,2542,31,743.0,31,2542,True
68103,2542,31,850.0,31,2542,True
68105,2542,31,485.0,31,2542,True
68106,2542,31,651.0,31,2542,True
68107,2514,30,459.0,30,2514,True
68108,2514,30,158.0,30,2514,True
68109,2514,30,0.0,30,2514,True
68110,2016,32,0.0,32,2016,True
68113,2016,32,0.0,32,2016,True
68115,2016,32,598.0,32,2016,True
68116,2016,32,1075.0,32,2016,True
68117,2016,14,61.0,14,2016,True
68118,2755,29,676.0,29,2755,True
68119,2755,29,230.0,29,2755,True
68120,2755,29,175.0,29,2755,True
68124,2755,29,916.0,29,2755,True
68125,2755,29,642.0,29,2755,True
68127,2755,29,814.0,29,2755,True
68128,2400,32,175.0,32,2400,True
68129,2400,32,77.0,32,2400,True
68130,2934,33,914.0,33,2934,True
68133,166,34,989.0,34,166,True
68134,292,31,325.0,31,292,True
68136,292,31,581.0,31,292,True
68520,2504,33,63.0,33,2504,True
68522,2010,29,162.0,29,2010,True
68523,2010,29,859.0,29,2010,True
68525,2010,29,0.0,29,2010,True
68529,251,34,11.0,34,251,True
68530,251,34,8.0,34,251,True
68532,277,35,122.0,35,277,True
68533,277,35,14.0,35,277,True
68578,2529,32,0.0,32,2529,True
68694,2,35,204.0,35,2,True
68694,202,1,8.0,1,2,False
68695,2029,32,9.0,32,2029,True
68695,62,11,0.0,11,2029,False
68696,2029,6,0.0,6,2029,True
68697,2029,32,479.0,32,2029,True
68697,62,11,0.0,11,2029,False
68698,2029,32,814.0,32,2029,True
68698,62,11,0.0,11,2029,False
68699,2029,31,97.0,31,2029,True
68699,62,11,0.0,11,2029,False
68700,2029,31,156.0,31,2029,True
68700,62,11,0.0,11,2029,False
68806,13,29,16.0,29,13,True
68948,328,31,0.0,31,328,True
2229314,16,33,1104.0,33,16,True
2533607,3084,30,5.0,30,3084,True
2568945,2032,1,0.0,1,2032,True
2568983,2405,1,0.0,1,2405,True
2569061,2099,1,0.0,1,2099,True
2570068,2032,1,0.0,1,2032,True
2570075,2032,1,0.0,1,2032,True
2593270,2433,1,0.0,1,2433,True
2593271,2433,1,0.0,1,2433,True
2593272,2433,1,0.0,1,2433,True
2596557,2405,1,0.0,1,2405,True
2610607,2193,30,24.0,30,2193,True
2611318,59,31,4.0,31,59,True
2617916,2335,32,569.0,32,2335,True
2951047,163,30,428.0,30,163,True
2951048,163,1,0.0,1,163,True
2976198,2541,31,18.0,31,2541,True
2984730,2483,1,0.0,1,2483,True
2987876,2405,1,0.0,1,2405,True
2988762,2099,1,0.0,1,2099,True
2991394,2351,31,0.0,31,2351,True
2991959,2099,1,0.0,1,2099,True
2991962,2099,1,0.0,1,2099,True
2991964,2099,1,0.0,1,2099,True
2992461,2405,1,0.0,1,2405,True
2992462,2405,1,0.0,1,2405,True
2992550,55,30,9.0,30,55,True
2993525,2433,1,0.0,1,2433,True
2993526,2433,1,0.0,1,2433,True
2993527,2433,1,0.0,1,2433,True
3002699,21,36,11.0,36,21,True
3007773,41,29,7.0,29,41,True
3011822,2692,30,0.0,30,2692,True
3021700,2032,1,0.0,1,2032,True
3040037,248,32,1.0,32,248,True
3043210,23,20,21.0,20,23,True
3044856,344,32,0.0,32,344,True
3056613,23,20,56.0,20,23,True
3057223,2640,26,56.0,26,2640,True
3057388,2032,1,0.0,1,2032,True
3057389,2032,1,0.0,1,2032,True
3057390,2032,1,0.0,1,2032,True
3057401,2433,1,0.0,1,2433,True
3057402,2433,1,0.0,1,2433,True
3057403,2433,1,0.0,1,2433,True
3057404,2433,1,0.0,1,2433,True
3058272,232,33,281.0,33,232,True
3058796,338,32,59.0,32,338,True
3058797,338,32,760.0,32,338,True
3059404,2509,34,12.0,34,2509,True
3059414,71,33,993.0,33,71,True
3059512,79,33,418.0,33,79,True
3062754,2239,31,19.0,31,2239,True
3062804,325,34,932.0,34,325,True
3064324,2450,34,65.0,34,2450,True
3064332,2569,33,601.0,33,2569,True
3064703,2277,28,79.0,28,2277,True
3064703,2428,1,0.0,1,2277,False
3064977,2545,32,0.0,32,2545,True
3066775,2099,1,0.0,1,2099,True
3066777,2099,1,0.0,1,2099,True
3066834,2405,1,0.0,1,2405,True
3066835,2405,1,0.0,1,2405,True
3066836,2405,1,0.0,1,2405,True
3066837,2405,1,0.0,1,2405,True
3066838,2405,1,0.0,1,2405,True
3073477,2099,1,0.0,1,2099,True
3074800,2306,32,799.0,32,2306,True
3077412,2428,33,1097.0,33,2428,True
3077436,2466,32,19.0,32,2466,True
3077451,2582,35,504.0,35,2582,True
3077465,2640,35,0.0,35,2640,True
3077886,120,35,383.0,35,120,True
3078213,154,32,9.0,32,154,True
3078214,154,32,26.0,32,154,True
3078304,139,32,0.0,32,139,True
3078307,179,31,0.0,31,179,True
3078308,179,31,1.0,31,179,True
3078324,2210,33,10.0,33,2210,True
3078333,27,31,6.0,31,27,True
3078334,27,31,890.0,31,27,True
3078413,2172,30,3.0,30,2172,True
3078503,2459,30,807.0,30,2459,True
3078654,111,35,249.0,35,111,True
3078810,2127,31,0.0,31,2127,True
3078851,2692,30,3.0,30,2692,True
3078875,2515,34,0.0,34,2515,True
3078876,2515,34,11.0,34,2515,True
3078927,2377,31,264.0,31,2377,True
3079114,193,32,38.0,32,193,True
3079116,195,30,16.0,30,195,True
3079272,2405,1,0.0,1,2405,True
3079276,2349,29,962.0,29,2349,True
3079729,119,32,0.0,32,119,True
3079758,2006,32,18.0,32,2006,True
3079782,3084,30,527.0,30,3084,True
3079808,254,35,40.0,35,254,True
3079809,2463,33,19.0,33,2463,True
3079823,68,34,19.0,34,68,True
3079836,2448,32,20.0,32,2448,True
3079841,46,33,10.0,33,46,True
3079862,2539,32,7.0,32,2539,True
3079864,2539,32,6.0,32,2539,True
3080366,47,32,559.0,32,47,True
3080874,3084,30,73.0,30,3084,True
3080887,2084,33,14.0,33,2084,True
3081478,57,33,24.0,33,57,True
3081775,331,34,7.0,34,331,True
3081912,164,32,48.0,32,164,True
3082305,2747,35,7.0,35,2747,True
3083086,290,31,24.0,31,290,True
3083592,2168,36,4.0,36,2168,True
3083593,2168,36,0.0,36,2168,True
3083689,6,32,0.0,32,6,True
3085086,2006,32,12.0,32,2006,True
3085293,57,33,452.0,33,57,True
3085343,21,36,14.0,36,21,True
3085345,21,36,8.0,36,21,True
3085357,325,34,7.0,34,325,True
3085606,299,33,423.0,33,299,True
3085631,189,33,19.0,33,189,True
3088180,2117,32,13.0,32,2117,True
3088316,245,33,1.0,33,245,True
3089433,252,35,308.0,35,252,True
3089725,251,34,9.0,34,251,True
3090195,2363,33,26.0,33,2363,True
3090367,58,32,32.0,32,58,True
3090679,2608,31,841.0,31,2608,True
3090921,227,33,307.0,33,227,True
3091075,2217,31,2.0,31,2217,True
3091586,41,35,2.0,35,41,True
3093022,219,28,99.0,28,219,True
3115471,344,32,0.0,32,344,True
3123848,242,26,346.0,26,242,True
3128257,84,10,8.0,10,84,True
3129673,228,31,162.0,31,228,True
3129674,228,31,918.0,31,228,True
3129896,2097,32,445.0,32,2097,True
3129897,2097,32,364.0,32,2097,True
3129898,2097,32,751.0,32,2097,True
3129899,2097,32,0.0,32,2097,True
3129900,2127,31,0.0,31,2127,True
3129901,2127,31,20.0,31,2127,True
3129902,2127,31,173.0,31,2127,True
3129903,2127,31,159.0,31,2127,True
3129904,2127,31,232.0,31,2127,True
3129905,2127,31,344.0,31,2127,True
3129906,2127,31,141.0,31,2127,True
3129907,2127,31,962.0,31,2127,True
3129908,324,34,376.0,34,324,True
3129909,2241,35,830.0,35,2241,True
3129910,2241,35,0.0,35,2241,True
3129911,2241,35,0.0,35,2241,True
3129912,2241,35,56.0,35,2241,True
3129913,2241,35,0.0,35,2241,True
3129914,2272,33,210.0,33,2272,True
3129914,2029,6,6.0,6,2272,False
3129915,2272,33,172.0,33,2272,True
3129915,2029,6,0.0,6,2272,False
3129916,2272,33,202.0,33,2272,True
3129916,2029,6,5.0,6,2272,False
3129917,2344,34,0.0,34,2344,True
3129918,2344,34,537.0,34,2344,True
3129919,2344,34,221.0,34,2344,True
3129921,2344,34,750.0,34,2344,True
3129922,2427,31,34.0,31,2427,True
3129923,2427,31,404.0,31,2427,True
3129924,2427,31,242.0,31,2427,True
3129925,2427,31,753.0,31,2427,True
3129926,2427,31,122.0,31,2427,True
3129927,2506,32,387.0,32,2506,True
3129928,2506,32,597.0,32,2506,True
3129929,2506,32,661.0,32,2506,True
3129930,2506,32,19.0,32,2506,True
3129931,2506,32,412.0,32,2506,True
3129932,2737,32,825.0,32,2737,True
3129933,2737,32,278.0,32,2737,True
3129934,232,33,514.0,33,232,True
3129935,232,33,509.0,33,232,True
3129936,232,33,0.0,33,232,True
3129937,232,33,895.0,33,232,True
3129938,48,30,218.0,30,48,True
3129939,48,30,725.0,30,48,True
3129940,48,30,990.0,30,48,True
3129941,48,30,133.0,30,48,True
3129942,48,30,224.0,30,48,True
3129943,2182,30,593.0,30,2182,True
3129944,2182,30,211.0,30,2182,True
3129945,2182,30,910.0,30,2182,True
3129946,2182,30,314.0,30,2182,True
3129947,2210,33,602.0,33,2210,True
3129948,2210,33,373.0,33,2210,True
3129949,2210,33,351.0,33,2210,True
3129950,2210,33,0.0,33,2210,True
3129951,2210,33,840.0,33,2210,True
3129952,2275,34,578.0,34,2275,True
3129953,2275,34,446.0,34,2275,True
3129954,2275,34,162.0,34,2275,True
3129956,256,33,884.0,33,256,True
3129957,256,33,558.0,33,256,True
3129958,256,33,0.0,33,256,True
3129959,256,33,283.0,33,256,True
3129960,256,33,0.0,33,256,True
3129961,350,32,251.0,32,350,True
3129962,350,32,849.0,32,350,True
3129963,350,32,0.0,32,350,True
3129964,2729,33,156.0,33,2729,True
3129965,2729,33,544.0,33,2729,True
3129966,2729,33,0.0,33,2729,True
3129967,2729,33,222.0,33,2729,True
3130509,526,33,0.0,33,526,True
3130510,526,33,391.0,33,526,True
3130511,526,33,252.0,33,526,True
3130513,338,32,10.0,32,338,True
3130514,338,32,78.0,32,338,True
3130516,288,31,560.0,31,288,True
3130517,288,31,213.0,31,288,True
3130518,288,31,442.0,31,288,True
3130519,288,31,231.0,31,288,True
3130522,2454,35,0.0,35,2454,True
3130523,2454,35,0.0,35,2454,True
3130524,2454,35,0.0,35,2454,True
3130525,94,30,829.0,30,94,True
3130526,94,30,108.0,30,94,True
3130531,56,31,939.0,31,56,True
3130532,56,31,720.0,31,56,True
3130533,56,31,218.0,31,56,True
3130534,56,31,364.0,31,56,True
3130535,56,31,0.0,31,56,True
3130536,56,31,82.0,31,56,True
3130537,56,31,751.0,31,56,True
3130549,104,30,110.0,30,104,True
3130550,104,30,673.0,30,104,True
3130551,104,30,130.0,30,104,True
3130556,2142,33,256.0,33,2142,True
3130557,2142,33,123.0,33,2142,True
3130560,107,30,301.0,30,107,True
3130563,2329,30,948.0,30,2329,True
3130564,2329,30,23.0,30,2329,True
3130565,2329,30,474.0,30,2329,True
3130568,2352,30,837.0,30,2352,True
3130569,2352,30,196.0,30,2352,True
3130570,2352,30,17.0,30,2352,True
3130571,2352,30,753.0,30,2352,True
3130572,2352,30,557.0,30,2352,True
3130577,2253,32,283.0,32,2253,True
3130578,2253,32,534.0,32,2253,True
3130579,2253,32,400.0,32,2253,True
3130580,2253,32,0.0,32,2253,True
3130581,2253,32,0.0,32,2253,True
3130582,2253,32,41.0,32,2253,True
3130607,140,33,211.0,33,140,True
3130608,140,33,762.0,33,140,True
3130609,140,33,442.0,33,140,True
3130610,140,33,521.0,33,140,True
3130611,140,33,636.0,33,140,True
3130612,140,33,394.0,33,140,True
3130693,2110,29,341.0,29,2110,True
3130694,2110,29,304.0,29,2110,True
3130695,2110,29,978.0,29,2110,True
3130696,2110,29,149.0,29,2110,True
3130697,2110,29,927.0,29,2110,True
3130698,2110,29,590.0,29,2110,True
3130700,2110,29,596.0,29,2110,True
3130703,2277,28,187.0,28,2277,True
3130703,2428,1,0.0,1,2277,False
3130704,2277,28,26.0,28,2277,True
3130704,2428,1,0.0,1,2277,False
3130705,2277,28,448.0,28,2277,True
3130705,2428,1,0.0,1,2277,False
3130710,2443,29,144.0,29,2443,True
3130711,2443,29,285.0,29,2443,True
3130712,2443,29,405.0,29,2443,True
3130713,2443,29,515.0,29,2443,True
3130714,2466,32,504.0,32,2466,True
3130715,2466,32,641.0,32,2466,True
3130716,2466,32,74.0,32,2466,True
3130717,2466,32,365.0,32,2466,True
3130719,2466,32,120.0,32,2466,True
3130720,2466,32,0.0,32,2466,True
3130721,2534,35,3.0,35,2534,True
3130722,2534,35,0.0,35,2534,True
3130723,2534,35,87.0,35,2534,True
3130724,2617,34,495.0,34,2617,True
3130725,2617,34,419.0,34,2617,True
3130726,2617,34,747.0,34,2617,True
3130727,2617,34,67.0,34,2617,True
3130736,399,33,418.0,33,399,True
3130737,399,33,54.0,33,399,True
3130738,399,33,1.0,33,399,True
3130739,399,33,339.0,33,399,True
3130740,399,33,979.0,33,399,True
3130741,399,33,1152.0,33,399,True
3130742,399,33,349.0,33,399,True
3130743,399,33,9.0,33,399,True
3130744,399,33,10.0,33,399,True
3130745,42,30,28.0,30,42,True
3130746,42,30,450.0,30,42,True
3130747,42,30,158.0,30,42,True
3130748,42,30,7.0,30,42,True
3130749,2349,29,831.0,29,2349,True
3130750,2349,29,0.0,29,2349,True
3130751,2349,29,0.0,29,2349,True
3130752,2349,29,534.0,29,2349,True
3130753,2349,29,0.0,29,2349,True
3130754,2349,29,21.0,29,2349,True
3130755,2349,29,539.0,29,2349,True
3130756,160,32,15.0,32,160,True
3130757,160,32,282.0,32,160,True
3130758,160,32,899.0,32,160,True
3130759,160,32,439.0,32,160,True
3130760,2619,35,668.0,35,2619,True
3130761,2619,35,376.0,35,2619,True
3130762,2619,35,405.0,35,2619,True
3130763,261,34,447.0,34,261,True
3130765,261,34,895.0,34,261,True
3130766,261,34,688.0,34,261,True
3130767,261,34,56.0,34,261,True
3130768,261,34,244.0,34,261,True
3131628,356,33,487.0,33,356,True
3131629,356,33,0.0,33,356,True
3131630,120,35,379.0,35,120,True
3131631,120,35,674.0,35,120,True
3131632,120,35,1180.0,35,120,True
3131633,120,35,474.0,35,120,True
3132041,2132,34,213.0,34,2132,True
3132042,2132,34,945.0,34,2132,True
3132043,2132,34,360.0,34,2132,True
3132044,248,1,0.0,1,248,True
3132045,248,32,38.0,32,248,True
3132046,248,32,142.0,32,248,True
3132047,248,32,457.0,32,248,True
3132048,248,32,0.0,32,248,True
3132050,235,32,416.0,32,235,True
3132051,235,32,0.0,32,235,True
3132052,235,32,205.0,32,235,True
3132053,235,32,0.0,32,235,True
3132054,58,32,367.0,32,58,True
3132055,58,32,678.0,32,58,True
3132056,58,32,671.0,32,58,True
3132057,58,32,404.0,32,58,True
3132058,58,32,838.0,32,58,True
3132059,2655,31,291.0,31,2655,True
3132060,202,34,6.0,34,202,True
3132060,2,1,0.0,1,202,False
3132062,2116,30,855.0,30,2116,True
3132063,2116,30,0.0,30,2116,True
3132064,2116,30,1050.0,30,2116,True
3132065,2116,30,73.0,30,2116,True
3132066,2116,30,6.0,30,2116,True
3132067,2116,30,2.0,30,2116,True
3132068,2116,30,333.0,30,2116,True
3132359,2429,32,880.0,32,2429,True
3132360,2429,32,813.0,32,2429,True
3132365,2229,33,533.0,33,2229,True
3132366,2229,33,73.0,33,2229,True
3132367,2229,33,194.0,33,2229,True
3132372,2348,36,382.0,36,2348,True
3132373,2348,36,291.0,36,2348,True
3132374,2348,36,183.0,36,2348,True
3132375,2348,36,178.0,36,2348,True
3132376,2348,36,0.0,36,2348,True
3132377,2348,36,558.0,36,2348,True
3132378,2348,36,186.0,36,2348,True
3132416,276,32,67.0,32,276,True
3132417,276,32,0.0,32,276,True
3132418,276,32,508.0,32,276,True
3132419,276,32,209.0,32,276,True
3132420,276,32,833.0,32,276,True
3132429,2393,36,641.0,36,2393,True
3132430,2393,36,284.0,36,2393,True
3132431,2393,36,623.0,36,2393,True
3132432,2393,36,0.0,36,2393,True
3132433,2393,36,269.0,36,2393,True
3132434,2393,36,524.0,36,2393,True
3132435,2393,36,0.0,36,2393,True
3132436,2393,36,451.0,36,2393,True
3132437,2393,36,648.0,36,2393,True
3132446,249,31,289.0,31,249,True
3132447,249,31,794.0,31,249,True
3132448,249,31,383.0,31,249,True
3132449,249,31,515.0,31,249,True
3132451,249,31,30.0,31,249,True
3132452,249,31,154.0,31,249,True
3132467,242,32,934.0,32,242,True
3132468,242,32,142.0,32,242,True
3132469,242,32,64.0,32,242,True
3132470,242,32,215.0,32,242,True
3132471,242,32,9.0,32,242,True
3132472,242,32,0.0,32,242,True
3132482,5,36,946.0,36,5,True
3132483,5,36,620.0,36,5,True
3132484,5,36,56.0,36,5,True
3132485,5,36,783.0,36,5,True
3132486,5,36,211.0,36,5,True
3132487,5,36,9.0,36,5,True
3132488,5,36,27.0,36,5,True
3132529,2636,30,22.0,30,2636,True
3132530,2636,30,447.0,30,2636,True
3132531,2636,30,147.0,30,2636,True
3132532,2636,30,1012.0,30,2636,True
3132533,2636,30,284.0,30,2636,True
3132536,2638,33,883.0,33,2638,True
3132538,2638,33,151.0,33,2638,True
3132539,2638,33,0.0,33,2638,True
3132540,2638,33,2.0,33,2638,True
3132543,98,32,23.0,32,98,True
3132544,98,32,465.0,32,98,True
3132546,98,32,109.0,32,98,True
3132547,98,32,482.0,32,98,True
3133269,2065,32,899.0,32,2065,True
3133270,2065,32,256.0,32,2065,True
3133271,2065,32,583.0,32,2065,True
3133594,2086,34,371.0,34,2086,True
3133595,2086,34,67.0,34,2086,True
3133596,2086,34,495.0,34,2086,True
3133597,66,34,69.0,34,66,True
3133598,66,34,8.0,34,66,True
3133599,66,34,35.0,34,66,True
3133600,2305,36,493.0,36,2305,True
3133601,2305,36,517.0,36,2305,True
3133602,2305,36,291.0,36,2305,True
3133603,2305,36,756.0,36,2305,True
3133604,2306,32,0.0,32,2306,True
3133605,2306,32,336.0,32,2306,True
3133606,2306,32,211.0,32,2306,True
3133607,201,35,0.0,35,201,True
3133608,201,35,0.0,35,201,True
3133609,201,35,403.0,35,201,True
3133610,201,35,0.0,35,201,True
3133611,201,35,360.0,35,201,True
3133623,2628,33,242.0,33,2628,True
3133624,2628,33,38.0,33,2628,True
3133625,2628,33,69.0,33,2628,True
3133626,2628,33,917.0,33,2628,True
3133627,251,34,179.0,34,251,True
3133628,251,34,755.0,34,251,True
3133629,2641,32,582.0,32,2641,True
3133630,2641,32,301.0,32,2641,True
3133631,2641,23,64.0,23,2641,True
3133632,2641,32,673.0,32,2641,True
3133633,2641,32,858.0,32,2641,True
3133634,2641,32,785.0,32,2641,True
3133635,277,35,832.0,35,277,True
3133636,277,35,718.0,35,277,True
3133637,277,35,452.0,35,277,True
3133638,277,35,439.0,35,277,True
3133639,277,35,131.0,35,277,True
3133794,2166,32,364.0,32,2166,True
3133795,2166,32,241.0,32,2166,True
3133796,2166,32,570.0,32,2166,True
3133797,2166,32,972.0,32,2166,True
3133798,2166,32,26.0,32,2166,True
3133805,2168,36,673.0,36,2168,True
3133806,2168,36,0.0,36,2168,True
3133807,2168,36,0.0,36,2168,True
3133808,2184,31,275.0,31,2184,True
3133809,2184,31,413.0,31,2184,True
3133810,2184,31,375.0,31,2184,True
3133811,2184,31,0.0,31,2184,True
3133816,2230,31,367.0,31,2230,True
3133817,2230,31,842.0,31,2230,True
3133818,2230,31,23.0,31,2230,True
3133819,2230,31,1049.0,31,2230,True
3133820,2230,31,108.0,31,2230,True
3133821,2244,31,812.0,31,2244,True
3133822,2244,31,30.0,31,2244,True
3133823,2244,31,0.0,31,2244,True
3133824,2244,31,423.0,31,2244,True
3133825,2244,31,936.0,31,2244,True
3133836,45,35,356.0,35,45,True
3133837,45,35,46.0,35,45,True
3133838,45,35,787.0,35,45,True
3133839,45,35,172.0,35,45,True
3133840,45,35,56.0,35,45,True
3133841,45,34,0.0,34,45,True
3133842,227,33,852.0,33,227,True
3133843,227,33,893.0,33,227,True
3133847,257,34,15.0,34,257,True
3133848,257,35,82.0,35,257,True
3133849,257,35,0.0,35,257,True
3133850,257,35,6.0,35,257,True
3133851,257,35,0.0,35,257,True
3133854,2603,31,622.0,31,2603,True
3133855,2603,31,26.0,31,2603,True
3133856,2603,31,0.0,31,2603,True
3133857,2603,31,752.0,31,2603,True
3133865,139,32,612.0,32,139,True
3133866,139,32,759.0,32,139,True
3133867,139,32,768.0,32,139,True
3133868,139,32,327.0,32,139,True
3133869,139,32,326.0,32,139,True
3133870,139,32,495.0,32,139,True
3133871,179,31,307.0,31,179,True
3133872,179,31,225.0,31,179,True
3133874,179,31,714.0,31,179,True
3133875,179,31,1.0,31,179,True
3133890,2174,33,0.0,33,2174,True
3133891,2174,33,481.0,33,2174,True
3133892,2739,33,447.0,33,2739,True
3133893,2739,33,134.0,33,2739,True
3133894,2739,33,89.0,33,2739,True
3133907,82,34,514.0,34,82,True
3133908,82,34,622.0,34,82,True
3133910,82,34,0.0,34,82,True
3133911,82,34,419.0,34,82,True
3133912,82,34,523.0,34,82,True
3133913,2473,33,21.0,33,2473,True
3133914,2473,33,23.0,33,2473,True
3133915,2473,33,238.0,33,2473,True
3133916,2473,33,86.0,33,2473,True
3133917,2473,33,0.0,33,2473,True
3133919,2674,34,921.0,34,2674,True
3133920,2674,34,305.0,34,2674,True
3133921,2674,34,924.0,34,2674,True
3133922,2674,34,672.0,34,2674,True
3133933,2750,31,722.0,31,2750,True
3133934,2750,31,287.0,31,2750,True
3133935,2750,31,0.0,31,2750,True
3133936,2750,31,241.0,31,2750,True
3133937,2750,31,699.0,31,2750,True
3133938,2750,31,480.0,31,2750,True
3133939,2750,31,872.0,31,2750,True
3133941,2754,32,265.0,32,2754,True
3133942,2754,32,0.0,32,2754,True
3133943,2754,32,0.0,32,2754,True
3133944,2754,32,0.0,32,2754,True
3133945,2754,32,227.0,32,2754,True
3133946,2754,32,572.0,32,2754,True
3133947,2754,32,8.0,32,2754,True
3133956,2803,31,524.0,31,2803,True
3133957,2803,31,31.0,31,2803,True
3133958,2803,31,177.0,31,2803,True
3133959,2803,31,0.0,31,2803,True
3133960,161,29,846.0,29,161,True
3133961,161,29,0.0,29,161,True
3133962,161,29,527.0,29,161,True
3133963,161,29,524.0,29,161,True
3133964,116,30,0.0,30,116,True
3133965,116,30,0.0,30,116,True
3133966,116,30,734.0,30,116,True
3133967,116,30,99.0,30,116,True
3133968,116,30,115.0,30,116,True
3133969,2523,35,973.0,35,2523,True
3133970,2523,35,3.0,35,2523,True
3133971,2523,35,1028.0,35,2523,True
3133972,2523,35,157.0,35,2523,True
3133973,2523,35,700.0,35,2523,True
3133974,2523,35,178.0,35,2523,True
3133975,2523,35,589.0,35,2523,True
3133976,2597,35,500.0,35,2597,True
3133977,2597,35,1023.0,35,2597,True
3133978,2597,35,310.0,35,2597,True
3133979,2597,35,633.0,35,2597,True
3134084,269,32,465.0,32,269,True
3134242,331,34,0.0,34,331,True
3134243,331,34,0.0,34,331,True
3134244,331,34,0.0,34,331,True
3134246,331,34,185.0,34,331,True
3134247,331,34,649.0,34,331,True
3134274,70,30,0.0,30,70,True
3134275,70,30,633.0,30,70,True
3134276,70,30,43.0,30,70,True
3134277,70,30,139.0,30,70,True
3134495,147,30,510.0,30,147,True
3134496,147,30,284.0,30,147,True
3134498,147,30,190.0,30,147,True
3134499,147,30,59.0,30,147,True
3134500,2464,38,20.0,38,2464,True
3134501,2464,38,138.0,38,2464,True
3134502,2464,38,365.0,38,2464,True
3134503,2458,30,73.0,30,2458,True
3134504,2502,29,339.0,29,2502,True
3134505,2502,29,634.0,29,2502,True
3134506,2502,29,19.0,29,2502,True
3134507,2502,29,302.0,29,2502,True
3134508,2502,29,0.0,29,2502,True
3134880,12,38,0.0,38,12,True
3134881,12,38,1081.0,38,12,True
3134882,12,38,308.0,38,12,True
3134883,12,38,57.0,38,12,True
3134884,12,38,328.0,38,12,True
3134885,9,34,359.0,34,9,True
3134886,9,34,866.0,34,9,True
3134887,9,34,865.0,34,9,True
3134888,9,34,229.0,34,9,True
3134889,9,34,23.0,34,9,True
3134890,9,34,243.0,34,9,True
3134891,25,33,210.0,33,25,True
3134892,25,33,394.0,33,25,True
3134893,25,33,11.0,33,25,True
3134894,38,34,579.0,34,38,True
3134895,38,34,258.0,34,38,True
3134896,38,34,4.0,34,38,True
3134897,2483,36,789.0,36,2483,True
3134898,2483,36,707.0,36,2483,True
3134900,2483,36,675.0,36,2483,True
3134901,2483,36,101.0,36,2483,True
3134902,204,31,0.0,31,204,True
3134903,204,31,1125.0,31,204,True
3134904,204,31,30.0,31,204,True
3134905,254,35,526.0,35,254,True
3134906,254,35,0.0,35,254,True
3134907,254,35,252.0,35,254,True
3134908,254,35,792.0,35,254,True
3134909,254,35,0.0,35,254,True
3134910,254,35,416.0,35,254,True
3134911,24,37,399.0,37,24,True
3134912,24,37,338.0,37,24,True
3134913,24,37,267.0,37,24,True
3134914,24,37,646.0,37,24,True
3134915,30,32,600.0,32,30,True
3134916,30,32,696.0,32,30,True
3134917,30,32,519.0,32,30,True
3134918,30,32,705.0,32,30,True
3134923,265,31,92.0,31,265,True
3134924,265,31,56.0,31,265,True
3134925,265,31,157.0,31,265,True
3134926,265,31,0.0,31,265,True
3134927,265,31,602.0,31,265,True
3134928,2172,30,234.0,30,2172,True
3134929,2172,30,246.0,30,2172,True
3134930,2172,30,264.0,30,2172,True
3134931,2172,30,126.0,30,2172,True
3134932,2870,31,0.0,31,2870,True
3134933,2870,31,482.0,31,2870,True
3134934,2870,31,7.0,31,2870,True
3134935,2870,31,0.0,31,2870,True
3134936,2870,31,243.0,31,2870,True
3134937,85,31,22.0,31,85,True
3134938,85,31,664.0,31,85,True
3134940,85,31,585.0,31,85,True
3135037,2437,29,380.0,29,2437,True
3135038,2437,29,173.0,29,2437,True
3135039,2449,33,95.0,33,2449,True
3135040,2449,33,912.0,33,2449,True
3135041,2449,33,38.0,33,2449,True
3135042,2449,33,0.0,33,2449,True
3135043,2449,33,0.0,33,2449,True
3135044,2449,33,80.0,33,2449,True
3135045,150,39,322.0,39,150,True
3135046,150,39,1322.0,39,150,True
3135047,150,39,1135.0,39,150,True
3135048,150,39,1143.0,39,150,True
3135049,150,39,12.0,39,150,True
3135050,198,34,724.0,34,198,True
3135052,198,34,0.0,34,198,True
3135053,198,34,404.0,34,198,True
3135054,52,33,737.0,33,52,True
3135055,52,33,198.0,33,52,True
3135056,52,33,361.0,33,52,True
3135057,59,31,451.0,31,59,True
3135058,59,31,0.0,31,59,True
3135059,59,31,34.0,31,59,True
3135060,59,31,0.0,31,59,True
3135061,59,31,112.0,31,59,True
3135075,2415,31,249.0,31,2415,True
3135077,2415,31,7.0,31,2415,True
3135078,2415,31,47.0,31,2415,True
3135079,2415,31,123.0,31,2415,True
3135094,252,35,157.0,35,252,True
3135095,252,35,0.0,35,252,True
3135096,252,35,560.0,35,252,True
3135097,252,35,262.0,35,252,True
3135098,252,35,202.0,35,252,True
3135118,2351,31,109.0,31,2351,True
3135119,2351,31,256.0,31,2351,True
3135120,2351,31,421.0,31,2351,True
3135121,2351,31,76.0,31,2351,True
3135122,2351,31,272.0,31,2351,True
3135123,2351,31,796.0,31,2351,True
3135128,279,31,401.0,31,279,True
3135129,279,31,525.0,31,279,True
3135130,279,31,573.0,31,279,True
3135131,279,31,777.0,31,279,True
3135132,279,31,65.0,31,279,True
3135133,279,31,738.0,31,279,True
3135134,279,31,75.0,31,279,True
3135135,279,30,25.0,30,279,True
3136083,2681,30,813.0,30,2681,True
3136084,2681,30,461.0,30,2681,True
3136085,2681,30,855.0,30,2681,True
3136086,2681,30,622.0,30,2681,True
3136087,2681,30,255.0,30,2681,True
3136088,2681,30,562.0,30,2681,True
3136168,333,34,613.0,34,333,True
3136169,333,34,0.0,34,333,True
3136170,333,34,5.0,34,333,True
3136171,333,34,76.0,34,333,True
3136172,333,34,712.0,34,333,True
3136173,8,36,122.0,36,8,True
3136174,8,36,648.0,36,8,True
3136175,8,36,33.0,36,8,True
3136176,2,35,1023.0,35,2,True
3136177,2,35,372.0,35,2,True
3136178,2,35,91.0,35,2,True
3136182,61,33,27.0,33,61,True
3136183,61,33,582.0,33,61,True
3136193,96,39,817.0,39,96,True
3136194,96,39,882.0,39,96,True
3136195,96,39,824.0,39,96,True
3136196,96,39,828.0,39,96,True
3136215,99,33,68.0,33,99,True
3136216,99,33,760.0,33,99,True
3136217,99,33,87.0,33,99,True
3136220,145,34,51.0,34,145,True
3136221,145,34,106.0,34,145,True
3136458,2571,35,1114.0,35,2571,True
3136459,2571,35,823.0,35,2571,True
3136460,2571,35,0.0,35,2571,True
3136461,2571,35,300.0,35,2571,True
3136462,2710,28,0.0,28,2710,True
3136463,2710,28,673.0,28,2710,True
3136464,2710,28,14.0,28,2710,True
3136465,2710,28,736.0,28,2710,True
3136466,2710,28,286.0,28,2710,True
3136467,2710,28,0.0,28,2710,True
3136468,2710,28,432.0,28,2710,True
3136469,2507,34,730.0,34,2507,True
3136470,2507,34,639.0,34,2507,True
3136471,2507,34,335.0,34,2507,True
3136472,2507,34,590.0,34,2507,True
3136473,2507,34,13.0,34,2507,True
3136474,2550,31,778.0,31,2550,True
3136475,2550,31,0.0,31,2550,True
3136476,2550,31,96.0,31,2550,True
3136477,2550,31,612.0,31,2550,True
3136478,2550,31,513.0,31,2550,True
3136479,2550,31,873.0,31,2550,True
3136480,2752,37,111.0,37,2752,True
3136481,2752,37,1051.0,37,2752,True
3136482,2752,37,0.0,37,2752,True
3136483,2752,37,453.0,37,2752,True
3136484,2752,37,106.0,37,2752,True
3136485,2752,37,40.0,37,2752,True
3136487,2294,27,146.0,27,2294,True
3136488,2294,34,32.0,34,2294,True
3136489,2294,34,331.0,34,2294,True
3136490,130,32,488.0,32,130,True
3136491,130,32,24.0,32,130,True
3136492,130,32,550.0,32,130,True
3136493,130,32,620.0,32,130,True
3136494,130,32,5.0,32,130,True
3136495,130,32,564.0,32,130,True
3136496,135,33,68.0,33,135,True
3136497,135,33,222.0,33,135,True
3136498,135,28,39.0,28,135,True
3136499,135,33,862.0,33,135,True
3136500,135,33,846.0,33,135,True
3136501,158,31,545.0,31,158,True
3136502,158,31,224.0,31,158,True
3136503,158,31,36.0,31,158,True
3136504,158,31,0.0,31,158,True
3136510,2492,32,855.0,32,2492,True
3136511,2492,32,97.0,32,2492,True
3136512,2492,32,251.0,32,2492,True
3136513,2492,32,0.0,32,2492,True
3136514,344,32,72.0,32,344,True
3136515,344,32,378.0,32,344,True
3136517,344,32,632.0,32,344,True
3136518,344,32,490.0,32,344,True
3136519,301,31,32.0,31,301,True
3136520,301,31,336.0,31,301,True
3136521,301,31,152.0,31,301,True
3136522,301,31,470.0,31,301,True
3136523,2539,32,143.0,32,2539,True
3136524,2539,32,732.0,32,2539,True
3136525,2539,32,38.0,32,2539,True
3136526,2539,32,11.0,32,2539,True
3136531,2541,32,130.0,32,2541,True
3136532,2541,31,230.0,31,2541,True
3136533,2541,32,729.0,32,2541,True
3136534,2541,32,272.0,32,2541,True
3136535,142,32,405.0,32,142,True
3136536,142,32,544.0,32,142,True
3136537,142,32,607.0,32,142,True
3136538,142,32,647.0,32,142,True
3136539,142,32,324.0,32,142,True
3136542,2579,33,0.0,33,2579,True
3136543,2579,33,48.0,33,2579,True
3136544,2579,33,573.0,33,2579,True
3136622,245,33,56.0,33,245,True
3136623,245,33,0.0,33,245,True
3136624,245,33,601.0,33,245,True
3136625,245,33,297.0,33,245,True
3136626,245,33,452.0,33,245,True
3136696,238,35,1009.0,35,238,True
3136697,238,35,777.0,35,238,True
3136698,238,35,1166.0,35,238,True
3136699,238,35,620.0,35,238,True
3136700,238,35,637.0,35,238,True
3136745,77,32,70.0,32,77,True
3136746,77,32,780.0,32,77,True
3136747,77,32,467.0,32,77,True
3136748,77,32,3.0,32,77,True
3136749,77,32,1066.0,32,77,True
3136750,77,32,210.0,32,77,True
3136776,194,35,1188.0,35,194,True
3136777,194,35,771.0,35,194,True
3136778,194,35,0.0,35,194,True
3136779,194,35,327.0,35,194,True
3136780,213,34,243.0,34,213,True
3136781,213,34,3.0,34,213,True
3136782,213,34,979.0,34,213,True
3136801,16,33,69.0,33,16,True
3136802,16,33,9.0,33,16,True
3136803,16,33,106.0,33,16,True
3136804,16,33,19.0,33,16,True
3136805,16,33,8.0,33,16,True
3136845,253,3,0.0,3,253,True
3136846,253,29,497.0,29,253,True
3136847,253,29,197.0,29,253,True
3136848,253,29,131.0,29,253,True
3136849,253,29,223.0,29,253,True
3136850,2692,30,0.0,30,2692,True
3136851,2692,30,797.0,30,2692,True
3136852,2692,30,387.0,30,2692,True
3136853,2692,30,0.0,30,2692,True
3136854,2692,30,304.0,30,2692,True
3136855,2692,30,372.0,30,2692,True
3136896,2006,35,601.0,35,2006,True
3136897,2006,35,796.0,35,2006,True
3136908,189,33,473.0,33,189,True
3136909,189,33,709.0,33,189,True
3136910,189,33,545.0,33,189,True
3136911,189,33,54.0,33,189,True
3136912,189,33,0.0,33,189,True
3136929,2084,33,974.0,33,2084,True
3136930,2084,33,14.0,33,2084,True
3136931,2084,33,31.0,33,2084,True
3136932,2084,33,715.0,33,2084,True
3136933,2084,33,388.0,33,2084,True
3136934,2084,33,0.0,33,2084,True
3136937,2117,32,508.0,32,2117,True
3136938,2117,32,0.0,32,2117,True
3136939,2117,32,276.0,32,2117,True
3136940,2309,35,0.0,35,2309,True
3136941,2309,35,429.0,35,2309,True
3136942,2309,35,92.0,35,2309,True
3136981,193,32,603.0,32,193,True
3136982,193,32,79.0,32,193,True
3136983,193,32,457.0,32,193,True
3136985,193,32,256.0,32,193,True
3136989,2509,34,889.0,34,2509,True
3136990,2509,34,496.0,34,2509,True
3136991,2509,34,667.0,34,2509,True
3136992,2509,34,42.0,34,2509,True
3136993,2509,34,407.0,34,2509,True
3136994,275,40,17.0,40,275,True
3136995,275,40,0.0,40,275,True
3136996,275,40,0.0,40,275,True
3137001,195,30,875.0,30,195,True
3137002,195,30,563.0,30,195,True
3137003,2649,33,208.0,33,2649,True
3137004,2649,33,0.0,33,2649,True
3137005,2649,33,345.0,33,2649,True
3137150,236,32,24.0,32,236,True
3137151,236,32,405.0,32,236,True
3137152,236,32,377.0,32,236,True
3137153,236,32,0.0,32,236,True
3137155,236,32,0.0,32,236,True
3137156,236,32,64.0,32,236,True
3137157,2643,30,36.0,30,2643,True
3137158,2643,30,91.0,30,2643,True
3137159,2643,30,746.0,30,2643,True
3137161,2382,35,0.0,35,2382,True
3137162,2382,35,397.0,35,2382,True
3137163,2382,35,473.0,35,2382,True
3137165,2382,35,25.0,35,2382,True
3137166,2382,35,107.0,35,2382,True
3137167,2382,35,43.0,35,2382,True
3137168,2382,35,501.0,35,2382,True
3137169,2430,33,379.0,33,2430,True
3137170,2430,33,0.0,33,2430,True
3137171,2430,33,28.0,33,2430,True
3137172,2430,33,0.0,33,2430,True
3137219,2535,32,610.0,32,2535,True
3137220,2535,32,393.0,32,2535,True
3137221,2535,32,962.0,32,2535,True
3137222,2535,32,693.0,32,2535,True
3137223,2535,32,856.0,32,2535,True
3137224,2535,32,15.0,32,2535,True
3137225,2535,32,288.0,32,2535,True
3137231,2747,35,304.0,35,2747,True
3137232,2747,35,0.0,35,2747,True
3137233,2747,35,15.0,35,2747,True
3137234,2747,35,265.0,35,2747,True
3137242,13,29,197.0,29,13,True
3137243,13,29,0.0,29,13,True
3137244,2463,33,457.0,33,2463,True
3137245,2463,33,0.0,33,2463,True
3137246,2463,33,0.0,33,2463,True
3137247,2463,33,29.0,33,2463,True
3137248,2463,33,291.0,33,2463,True
3137249,2463,33,0.0,33,2463,True
3137250,2463,33,0.0,33,2463,True
3137251,2463,33,0.0,33,2463,True
3137252,299,33,435.0,33,299,True
3137253,299,33,370.0,33,299,True
3137254,299,33,259.0,33,299,True
3137255,299,33,0.0,33,299,True
3137256,299,33,416.0,33,299,True
3137257,302,32,0.0,32,302,True
3137259,2540,33,733.0,33,2540,True
3137260,2540,33,0.0,33,2540,True
3137261,2540,33,420.0,33,2540,True
3137262,2540,33,27.0,33,2540,True
3137263,2540,33,0.0,33,2540,True
3137264,2540,33,16.0,33,2540,True
3137265,2540,33,0.0,33,2540,True
3137266,2540,33,0.0,33,2540,True
3137694,36,34,813.0,34,36,True
3137696,36,34,0.0,34,36,True
3137697,36,34,0.0,34,36,True
3137698,278,31,0.0,31,278,True
3137699,278,31,0.0,31,278,True
3137700,278,32,195.0,32,278,True
3137701,278,32,484.0,32,278,True
3137702,2440,31,734.0,31,2440,True
3137703,2440,31,133.0,31,2440,True
3137704,2440,31,318.0,31,2440,True
3137705,2440,31,736.0,31,2440,True
3137706,167,31,344.0,31,167,True
3137707,167,31,254.0,31,167,True
3137708,167,31,357.0,31,167,True
3137709,167,31,360.0,31,167,True
3137710,167,31,0.0,31,167,True
3137711,21,36,175.0,36,21,True
3137712,21,36,709.0,36,21,True
3137713,21,36,0.0,36,21,True
3137714,21,36,459.0,36,21,True
3137715,23,30,168.0,30,23,True
3137716,23,30,485.0,30,23,True
3137717,23,30,704.0,30,23,True
3137718,23,30,328.0,30,23,True
3137719,23,30,401.0,30,23,True
3137720,328,31,73.0,31,328,True
3137721,328,31,911.0,31,328,True
3137722,328,31,727.0,31,328,True
3137723,328,31,10.0,31,328,True
3137724,328,31,268.0,31,328,True
3137726,328,31,0.0,31,328,True
3137727,328,31,996.0,31,328,True
3137728,328,31,269.0,31,328,True
3137729,2439,33,520.0,33,2439,True
3137730,2439,33,947.0,33,2439,True
3137731,2439,33,562.0,33,2439,True
3137732,2439,33,827.0,33,2439,True
3137733,2439,33,742.0,33,2439,True
3137768,2751,35,166.0,35,2751,True
3137769,2751,35,63.0,35,2751,True
3137771,2751,35,224.0,35,2751,True
3137772,2751,35,0.0,35,2751,True
3137795,57,33,751.0,33,57,True
3137796,57,33,0.0,33,57,True
3137797,57,33,7.0,33,57,True
3137798,57,33,628.0,33,57,True
3138145,2390,38,459.0,38,2390,True
3138146,2390,38,503.0,38,2390,True
3138147,2390,38,593.0,38,2390,True
3138148,2390,38,360.0,38,2390,True
3138149,2390,38,6.0,38,2390,True
3138154,153,38,301.0,38,153,True
3138155,153,38,397.0,38,153,True
3138156,153,38,1031.0,38,153,True
3138158,152,36,686.0,36,152,True
3138159,152,36,10.0,36,152,True
3138160,152,36,597.0,36,152,True
3138161,152,36,216.0,36,152,True
3138190,87,38,62.0,38,87,True
3138191,87,38,194.0,38,87,True
3138192,87,38,386.0,38,87,True
3138195,221,34,0.0,34,221,True
3138196,221,34,115.0,34,221,True
3138197,221,34,185.0,34,221,True
3138200,258,34,0.0,34,258,True
3138201,258,34,496.0,34,258,True
3138202,258,34,63.0,34,258,True
3138203,258,34,264.0,34,258,True
3138206,2670,36,430.0,36,2670,True
3138207,2670,36,361.0,36,2670,True
3138208,2670,36,157.0,36,2670,True
3138209,2670,36,666.0,36,2670,True
3138212,325,34,151.0,34,325,True
3138213,325,34,0.0,34,325,True
3138214,325,34,316.0,34,325,True
3138215,325,34,19.0,34,325,True
3138222,154,32,815.0,32,154,True
3138223,154,32,77.0,32,154,True
3138224,154,32,713.0,32,154,True
3138225,71,33,368.0,33,71,True
3138226,71,33,553.0,33,71,True
3138227,71,33,864.0,33,71,True
3138228,71,33,0.0,33,71,True
3138229,71,33,999.0,33,71,True
3138230,71,33,267.0,33,71,True
3138231,225,31,56.0,31,225,True
3138233,225,31,16.0,31,225,True
3138234,225,31,292.0,31,225,True
3138235,225,31,178.0,31,225,True
3138236,225,31,414.0,31,225,True
3138237,2181,31,0.0,31,2181,True
3138238,2181,31,371.0,31,2181,True
3138239,2181,31,300.0,31,2181,True
3138240,2181,31,515.0,31,2181,True
3138241,2181,31,0.0,31,2181,True
3138242,2181,31,926.0,31,2181,True
3138245,172,30,172.0,30,172,True
3138246,172,30,156.0,30,172,True
3138247,172,30,17.0,30,172,True
3138248,172,30,100.0,30,172,True
3138249,159,29,195.0,29,159,True
3138250,159,29,53.0,29,159,True
3138251,159,29,4.0,29,159,True
3138252,159,29,609.0,29,159,True
3138253,2287,35,57.0,35,2287,True
3138254,2287,35,351.0,35,2287,True
3138255,2287,35,232.0,35,2287,True
3138256,2287,35,734.0,35,2287,True
3138257,163,30,868.0,30,163,True
3138258,163,30,151.0,30,163,True
3138259,163,30,12.0,30,163,True
3138260,163,30,9.0,30,163,True
3138261,163,30,68.0,30,163,True
3138262,43,32,43.0,32,43,True
3138264,43,32,0.0,32,43,True
3138265,43,32,595.0,32,43,True
3138266,43,32,35.0,32,43,True
3138267,282,31,688.0,31,282,True
3138268,282,31,125.0,31,282,True
3138269,282,31,41.0,31,282,True
3138270,282,31,244.0,31,282,True
3138271,2099,33,0.0,33,2099,True
3138272,2099,33,95.0,33,2099,True
3138273,2099,33,829.0,33,2099,True
3138274,2350,37,678.0,37,2350,True
3138276,2350,37,935.0,37,2350,True
3138277,2350,37,289.0,37,2350,True
3138278,2350,37,119.0,37,2350,True
3138279,2350,37,720.0,37,2350,True
3138280,2350,36,7.0,36,2350,True
3138281,2350,37,764.0,37,2350,True
3138282,2217,31,227.0,31,2217,True
3138283,2217,31,3.0,31,2217,True
3138284,2217,31,1.0,31,2217,True
3138285,2217,31,784.0,31,2217,True
3138286,2217,31,815.0,31,2217,True
3138287,2217,31,623.0,31,2217,True
3138288,2217,31,21.0,31,2217,True
3138289,2623,31,61.0,31,2623,True
3138290,2623,31,593.0,31,2623,True
3138291,2623,31,10.0,31,2623,True
3138292,2623,31,536.0,31,2623,True
3138293,2623,31,710.0,31,2623,True
3138294,2623,31,708.0,31,2623,True
3138468,2363,33,0.0,33,2363,True
3138469,2363,33,232.0,33,2363,True
3138470,2363,33,234.0,33,2363,True
3138471,2363,33,18.0,33,2363,True
3138472,2368,32,0.0,32,2368,True
3138473,2368,32,203.0,32,2368,True
3138474,2368,32,782.0,32,2368,True
3138475,2368,32,322.0,32,2368,True
3138476,2368,32,66.0,32,2368,True
3138477,315,30,139.0,30,315,True
3138478,315,30,510.0,30,315,True
3138479,315,30,207.0,30,315,True
3138480,315,30,88.0,30,315,True
3138481,315,30,77.0,30,315,True
3138490,2520,33,125.0,33,2520,True
3138491,2520,33,93.0,33,2520,True
3138492,2520,33,0.0,33,2520,True
3138493,2561,31,396.0,31,2561,True
3138494,2561,31,0.0,31,2561,True
3138495,2561,31,314.0,31,2561,True
3138496,2046,30,288.0,30,2046,True
3138497,2046,30,0.0,30,2046,True
3138498,2046,30,644.0,30,2046,True
3138499,2046,30,238.0,30,2046,True
3138500,2046,30,904.0,30,2046,True
3138501,2046,30,59.0,30,2046,True
3138504,2057,33,661.0,33,2057,True
3138505,2057,33,188.0,33,2057,True
3138509,2413,34,470.0,34,2413,True
3138510,2413,34,331.0,34,2413,True
3138511,2413,34,242.0,34,2413,True
3138512,2413,34,235.0,34,2413,True
3138513,93,35,404.0,35,93,True
3138515,93,35,312.0,35,93,True
3138547,2546,30,93.0,30,2546,True
3138548,2546,30,77.0,30,2546,True
3138550,2546,30,120.0,30,2546,True
3138551,2546,30,460.0,30,2546,True
3138552,2565,28,175.0,28,2565,True
3138553,2565,28,498.0,28,2565,True
3138555,2565,28,162.0,28,2565,True
3138556,2565,28,134.0,28,2565,True
3138566,2630,34,37.0,34,2630,True
3138567,2630,34,0.0,34,2630,True
3138568,2630,34,0.0,34,2630,True
3138569,2630,34,466.0,34,2630,True
3138570,2630,34,184.0,34,2630,True
3138571,2634,31,0.0,31,2634,True
3138572,2634,31,593.0,31,2634,True
3138573,2634,31,804.0,31,2634,True
3138574,2634,31,631.0,31,2634,True
3138575,2634,31,842.0,31,2634,True
3138576,2634,31,707.0,31,2634,True
3138577,2634,31,674.0,31,2634,True
3138578,2634,31,232.0,31,2634,True
3138579,2634,31,668.0,31,2634,True
3138582,2635,30,842.0,30,2635,True
3138583,2635,30,0.0,30,2635,True
3138584,2635,30,539.0,30,2635,True
3138585,2635,30,22.0,30,2635,True
3138586,2635,30,0.0,30,2635,True
3138587,2635,30,816.0,30,2635,True
3141192,2026,29,654.0,29,2026,True
3141193,2026,29,300.0,29,2026,True
3141194,2026,29,0.0,29,2026,True
3141195,2026,29,53.0,29,2026,True
3141196,2026,29,420.0,29,2026,True
3141197,2026,29,146.0,29,2026,True
3141198,2026,29,25.0,29,2026,True
3141209,2032,29,434.0,29,2032,True
3141210,2032,29,0.0,29,2032,True
3141211,2032,29,0.0,29,2032,True
3141212,2032,29,222.0,29,2032,True
3141213,2032,29,312.0,29,2032,True
3141214,2032,29,0.0,29,2032,True
3141215,2032,29,1039.0,29,2032,True
3141217,2032,29,322.0,29,2032,True
3141218,2032,29,26.0,29,2032,True
3141252,290,30,0.0,30,290,True
3141253,290,31,154.0,31,290,True
3141254,290,31,940.0,31,290,True
3141255,290,31,656.0,31,290,True
3141256,290,30,0.0,30,290,True
3141257,290,30,0.0,30,290,True
3141258,290,31,98.0,31,290,True
3141259,290,30,0.0,30,290,True
3141260,2247,35,251.0,35,2247,True
3141261,2247,35,13.0,35,2247,True
3141262,2247,35,208.0,35,2247,True
3141263,2247,35,0.0,35,2247,True
3141264,2247,35,16.0,35,2247,True
3141265,2247,35,0.0,35,2247,True
3141266,309,36,752.0,36,309,True
3141267,309,36,921.0,36,309,True
3141268,309,36,674.0,36,309,True
3141269,309,36,200.0,36,309,True
3141270,309,36,845.0,36,309,True
3141271,309,36,0.0,36,309,True
3142238,2483,1,0.0,1,2483,True
3142689,2099,1,0.0,1,2099,True
3142690,2099,1,0.0,1,2099,True
3142691,2099,1,0.0,1,2099,True
3142716,2405,1,0.0,1,2405,True
3142721,2405,1,0.0,1,2405,True
3143546,2433,38,0.0,38,2433,True
3143547,2433,38,119.0,38,2433,True
3143548,2433,38,677.0,38,2433,True
3143549,2433,38,0.0,38,2433,True
3143550,2433,38,1166.0,38,2433,True
3143551,2433,38,1059.0,38,2433,True
3143558,6,33,140.0,33,6,True
3143559,6,33,644.0,33,6,True
3143560,6,33,1032.0,33,6,True
3143561,6,33,910.0,33,6,True
3143562,6,32,61.0,32,6,True
3143563,250,31,11.0,31,250,True
3143564,250,31,130.0,31,250,True
3143565,250,31,673.0,31,250,True
3143566,250,31,536.0,31,250,True
3143567,250,31,607.0,31,250,True
3143730,326,31,45.0,31,326,True
3143731,326,31,378.0,31,326,True
3143732,326,31,664.0,31,326,True
3143733,326,31,612.0,31,326,True
3143735,326,31,29.0,31,326,True
3143736,326,31,45.0,31,326,True
3143737,326,31,13.0,31,326,True
3143748,2653,29,3.0,29,2653,True
3143749,2653,29,289.0,29,2653,True
3143750,2653,29,1006.0,29,2653,True
3143751,2653,29,1.0,29,2653,True
3143752,2653,29,117.0,29,2653,True
3143753,2653,29,0.0,29,2653,True
3143754,2653,29,0.0,29,2653,True
3143755,2653,29,1013.0,29,2653,True
3143756,2031,31,0.0,31,2031,True
3143757,2031,31,78.0,31,2031,True
3143758,2031,31,0.0,31,2031,True
3143759,2031,31,725.0,31,2031,True
3143760,2031,31,125.0,31,2031,True
3143992,2335,32,365.0,32,2335,True
3143993,2335,32,28.0,32,2335,True
3143994,2335,32,176.0,32,2335,True
3143995,2335,32,630.0,32,2335,True
3143996,2335,32,525.0,32,2335,True
3143997,2335,32,19.0,32,2335,True
3143998,2515,34,610.0,34,2515,True
3143999,2515,34,0.0,34,2515,True
3146181,2032,1,0.0,1,2032,True
3146182,2032,1,0.0,1,2032,True
3146183,2032,1,0.0,1,2032,True
3146184,2032,1,0.0,1,2032,True
3146185,2032,1,0.0,1,2032,True
3146268,2433,1,0.0,1,2433,True
3146269,2433,1,0.0,1,2433,True
3146270,2433,1,0.0,1,2433,True
3146271,2433,1,0.0,1,2433,True
3146272,2433,1,0.0,1,2433,True
3146273,2433,1,0.0,1,2433,True
3146550,2501,33,248.0,33,2501,True
3146551,2501,33,722.0,33,2501,True
3146552,2501,33,112.0,33,2501,True
3146553,2501,33,52.0,33,2501,True
3146554,2501,33,312.0,33,2501,True
3146555,2608,31,12.0,31,2608,True
3146556,2608,31,0.0,31,2608,True
3146557,2608,31,105.0,31,2608,True
3146558,2608,31,0.0,31,2608,True
3147337,2066,32,986.0,32,2066,True
3147338,2066,31,0.0,31,2066,True
3147339,2066,32,613.0,32,2066,True
3147340,2066,32,812.0,32,2066,True
3147341,2066,31,0.0,31,2066,True
3147344,2066,32,378.0,32,2066,True
3147345,2066,32,1011.0,32,2066,True
3147346,311,30,956.0,30,311,True
3147347,311,30,620.0,30,311,True
3147351,41,35,1100.0,35,41,True
3147352,41,35,155.0,35,41,True
3147353,151,33,12.0,33,151,True
3147354,151,33,458.0,33,151,True
3147355,151,33,798.0,33,151,True
3147356,151,33,239.0,33,151,True
3147357,218,37,635.0,37,218,True
3147360,97,36,589.0,36,97,True
3147361,97,36,22.0,36,97,True
3147362,97,36,106.0,36,97,True
3147363,97,36,236.0,36,97,True
3147364,97,26,16.0,26,97,True
3147365,97,36,166.0,36,97,True
3147365,30,1,0.0,1,97,False
3147366,97,36,623.0,36,97,True
3147460,111,35,448.0,35,111,True
3147463,119,32,613.0,32,119,True
3147464,119,32,0.0,32,119,True
3147465,119,32,610.0,32,119,True
3147466,119,32,545.0,32,119,True
3147475,295,35,255.0,35,295,True
3147476,295,35,0.0,35,295,True
3147485,270,30,643.0,30,270,True
3147486,270,30,0.0,30,270,True
3147487,270,30,25.0,30,270,True
3147488,270,30,0.0,30,270,True
3147498,259,33,318.0,33,259,True
3147499,259,33,661.0,33,259,True
3147500,259,33,863.0,33,259,True
3147501,259,33,978.0,33,259,True
3147502,259,33,428.0,33,259,True
3147503,259,33,535.0,33,259,True
3147541,2378,30,846.0,30,2378,True
3147542,2378,30,1048.0,30,2378,True
3147543,2378,30,201.0,30,2378,True
3147544,2378,30,0.0,30,2378,True
3147590,294,32,342.0,32,294,True
3147591,294,32,8.0,32,294,True
3147592,294,32,906.0,32,294,True
3147594,294,32,625.0,32,294,True
3147595,294,31,369.0,31,294,True
3147596,2325,33,37.0,33,2325,True
3147597,2325,33,142.0,33,2325,True
3147598,2325,33,0.0,33,2325,True
3147613,197,32,179.0,32,197,True
3147614,197,32,32.0,32,197,True
3147615,197,32,331.0,32,197,True
3147616,197,32,672.0,32,197,True
3147617,197,32,420.0,32,197,True
3147618,197,32,348.0,32,197,True
3147623,305,32,364.0,32,305,True
3147624,305,32,264.0,32,305,True
3147625,305,32,544.0,32,305,True
3147656,222,36,521.0,36,222,True
3147657,222,36,0.0,36,222,True
3147658,222,36,27.0,36,222,True
3147669,84,33,989.0,33,84,True
3147670,84,34,240.0,34,84,True
3147671,84,34,917.0,34,84,True
3147672,84,34,49.0,34,84,True
3147673,84,34,15.0,34,84,True
3147674,84,34,332.0,34,84,True
3147675,84,34,23.0,34,84,True
3147676,84,34,17.0,34,84,True
3147687,127,39,148.0,39,127,True
3147688,127,39,435.0,39,127,True
3147689,127,39,0.0,39,127,True
3147690,127,39,758.0,39,127,True
3148862,112358,30,431.0,30,112358,True
3148863,112358,30,158.0,30,112358,True
3148864,112358,30,888.0,30,112358,True
3148865,112358,30,174.0,30,112358,True
3148866,112358,30,937.0,30,112358,True
3148867,112358,30,0.0,30,112358,True
3148919,2239,31,431.0,31,2239,True
3148920,2239,31,0.0,31,2239,True
3148921,2239,31,0.0,31,2239,True
3148922,2239,31,460.0,31,2239,True
3148927,62,35,715.0,35,62,True
3148928,62,35,1155.0,35,62,True
3148930,62,34,2.0,34,62,True
3148931,62,34,0.0,34,62,True
3148950,300,34,0.0,34,300,True
3148951,300,34,0.0,34,300,True
3148952,300,34,62.0,34,300,True
3148954,2612,34,217.0,34,2612,True
3148955,2612,33,19.0,33,2612,True
3148956,2612,33,223.0,33,2612,True
3148957,2612,34,165.0,34,2612,True
3148966,2050,30,734.0,30,2050,True
3148967,2050,30,0.0,30,2050,True
3148968,2050,30,118.0,30,2050,True
3148969,2050,30,272.0,30,2050,True
3148970,2050,30,0.0,30,2050,True
3148971,2050,30,889.0,30,2050,True
3148982,2199,35,538.0,35,2199,True
3148983,2199,35,494.0,35,2199,True
3148984,2199,35,0.0,35,2199,True
3148985,2199,35,406.0,35,2199,True
3148986,339,36,192.0,36,339,True
3148987,339,36,0.0,36,339,True
3148990,2460,35,465.0,35,2460,True
3148991,2460,35,0.0,35,2460,True
3148992,79,33,844.0,33,79,True
3148993,79,33,0.0,33,79,True
3148994,79,33,127.0,33,79,True
3148995,79,33,733.0,33,79,True
3148996,79,33,57.0,33,79,True
3148997,79,33,0.0,33,79,True
3148998,2724,35,285.0,35,2724,True
3148999,2724,35,107.0,35,2724,True
3149000,2724,35,191.0,35,2724,True
3149001,2724,35,482.0,35,2724,True
3149002,2724,35,212.0,35,2724,True
3149003,2724,35,37.0,35,2724,True
3149004,2724,35,192.0,35,2724,True
3149007,68,34,352.0,34,68,True
3149008,68,34,164.0,34,68,True
3149009,68,34,0.0,34,68,True
3149010,68,34,358.0,34,68,True
3149011,68,34,259.0,34,68,True
3149013,2197,33,1145.0,33,2197,True
3149014,2197,33,730.0,33,2197,True
3149015,2197,33,246.0,33,2197,True
3149016,2197,33,260.0,33,2197,True
3149017,2197,33,749.0,33,2197,True
3149018,2083,34,441.0,34,2083,True
3149019,2083,34,622.0,34,2083,True
3149020,2083,34,830.0,34,2083,True
3149021,2083,34,359.0,34,2083,True
3149022,322,33,60.0,33,322,True
3149023,322,33,296.0,33,322,True
3149030,46,33,834.0,33,46,True
3149031,46,33,453.0,33,46,True
3149032,46,33,661.0,33,46,True
3149033,46,33,607.0,33,46,True
3149034,46,33,12.0,33,46,True
3149035,2005,31,128.0,31,2005,True
3149036,2005,31,558.0,31,2005,True
3149037,2005,29,0.0,29,2005,True
3149038,2005,31,20.0,31,2005,True
3149039,2005,31,864.0,31,2005,True
3149040,2005,31,23.0,31,2005,True
3149041,2005,31,10.0,31,2005,True
3149042,2005,31,219.0,31,2005,True
3149043,2005,31,16.0,31,2005,True
3149044,2005,31,5.0,31,2005,True
3149045,55,31,737.0,31,55,True
3149046,55,31,336.0,31,55,True
3149047,55,30,0.0,30,55,True
3149048,55,31,653.0,31,55,True
3149049,55,31,196.0,31,55,True
3149050,55,30,0.0,30,55,True
3149051,44,33,0.0,33,44,True
3149052,44,33,48.0,33,44,True
3149053,44,33,45.0,33,44,True
3149054,2633,32,457.0,32,2633,True
3149055,2633,32,0.0,32,2633,True
3149056,2633,32,475.0,32,2633,True
3149057,2633,32,103.0,32,2633,True
3149058,2633,32,364.0,32,2633,True
3149059,2633,32,214.0,32,2633,True
3149060,2633,32,992.0,32,2633,True
3149467,292,31,491.0,31,292,True
3149468,292,31,5.0,31,292,True
3149469,292,31,400.0,31,292,True
3149470,292,31,329.0,31,292,True
3149471,292,31,859.0,31,292,True
3149472,292,31,0.0,31,292,True
3149662,166,34,216.0,34,166,True
3149665,166,34,220.0,34,166,True
3149666,166,34,0.0,34,166,True
3149667,166,34,589.0,34,166,True
3149672,166,34,227.0,34,166,True
3149673,166,34,1048.0,34,166,True
3149674,166,34,0.0,34,166,True
3149897,164,32,39.0,32,164,True
3149898,164,32,0.0,32,164,True
3149899,164,32,298.0,32,164,True
3149900,164,32,486.0,32,164,True
3149901,164,32,0.0,32,164,True
3149902,164,32,643.0,32,164,True
3149934,113,32,742.0,32,113,True
3149935,113,32,293.0,32,113,True
3149937,239,10,0.0,10,239,True
3149938,239,34,36.0,34,239,True
3149939,239,34,1005.0,34,239,True
3149942,2377,31,17.0,31,2377,True
3149943,2377,31,195.0,31,2377,True
3149947,2885,33,430.0,33,2885,True
3151391,103,32,0.0,32,103,True
3151394,2226,28,508.0,28,2226,True
3151395,2226,28,709.0,28,2226,True
3151396,2226,28,31.0,28,2226,True
3151397,2226,28,6.0,28,2226,True
3151398,2226,28,1.0,28,2226,True
3151414,2448,32,645.0,32,2448,True
3151415,2448,32,110.0,32,2448,True
3151416,2448,32,0.0,32,2448,True
3151417,2448,32,520.0,32,2448,True
3151422,2459,30,0.0,30,2459,True
3151423,2459,30,0.0,30,2459,True
3151437,2447,29,210.0,29,2447,True
3151438,2447,29,0.0,29,2447,True
3151440,2447,29,180.0,29,2447,True
3151441,2447,29,0.0,29,2447,True
3151442,2447,29,665.0,29,2447,True
3151454,357,34,495.0,34,357,True
3151455,357,34,193.0,34,357,True
3151456,2193,30,355.0,30,2193,True
3151457,2193,30,93.0,30,2193,True
3151458,2193,30,0.0,30,2193,True
3151461,231,33,641.0,33,231,True
3151462,231,33,577.0,33,231,True
3151463,231,33,29.0,33,231,True
3151464,231,33,826.0,33,231,True
3151465,231,33,980.0,33,231,True
3151468,2717,32,443.0,32,2717,True
3151469,2717,32,413.0,32,2717,True
3151470,2717,32,471.0,32,2717,True
3151471,2717,32,66.0,32,2717,True
3151472,2717,32,7.0,32,2717,True
3151473,2011,29,110.0,29,2011,True
3151474,2011,29,57.0,29,2011,True
3151475,2011,29,14.0,29,2011,True
3151476,2011,29,424.0,29,2011,True
3151565,2130,32,547.0,32,2130,True
3151566,2130,32,642.0,32,2130,True
3151567,2130,32,679.0,32,2130,True
3151568,2130,32,736.0,32,2130,True
3151569,2130,32,26.0,32,2130,True
3151570,2130,32,9.0,32,2130,True
3151571,2130,32,328.0,32,2130,True
3151572,2130,32,235.0,32,2130,True
3151573,2130,32,161.0,32,2130,True
3151575,2130,32,58.0,32,2130,True
3152096,27,31,342.0,31,27,True
3152097,27,31,643.0,31,27,True
3152098,27,31,39.0,31,27,True
3152099,27,31,96.0,31,27,True
3152101,27,31,22.0,31,27,True
3152109,2154,31,284.0,31,2154,True
3152110,2154,31,225.0,31,2154,True
3152111,2154,31,323.0,31,2154,True
3152335,2572,29,397.0,29,2572,True
3152336,2572,29,19.0,29,2572,True
3152337,2572,29,563.0,29,2572,True
3152338,2572,20,300.0,20,2572,True
3152339,2572,29,234.0,29,2572,True
3152340,2572,19,547.0,19,2572,True
3152345,2000,31,195.0,31,2000,True
3152347,2000,31,209.0,31,2000,True
3152347,50,1,0.0,1,2000,False
3152348,2000,31,0.0,31,2000,True
3152348,50,1,0.0,1,2000,False
3152349,2000,31,243.0,31,2000,True
3152349,50,1,0.0,1,2000,False
3153164,183,31,5.0,31,183,True
3153165,183,31,450.0,31,183,True
3153166,183,31,847.0,31,183,True
3153167,149,33,225.0,33,149,True
3153168,149,33,829.0,33,149,True
3153169,149,33,44.0,33,149,True
3153170,149,33,0.0,33,149,True
3153171,149,33,0.0,33,149,True
3153174,2428,32,55.0,32,2428,True
3153175,2428,33,519.0,33,2428,True
3153183,2529,32,1012.0,32,2529,True
3153184,2529,32,142.0,32,2529,True
3153185,2529,32,0.0,32,2529,True
3153186,2529,32,32.0,32,2529,True
3153187,2529,32,322.0,32,2529,True
3153373,155,30,0.0,30,155,True
3153374,155,30,139.0,30,155,True
3153375,155,30,312.0,30,155,True
3153376,155,30,389.0,30,155,True
3153377,155,30,0.0,30,155,True
3153381,2379,33,710.0,33,2379,True
3153382,2379,33,83.0,33,2379,True
3153383,2379,33,0.0,33,2379,True
3153384,2379,33,0.0,33,2379,True
3153386,2379,33,673.0,33,2379,True
3153392,2504,33,497.0,33,2504,True
3153393,2504,33,401.0,33,2504,True
3153394,2504,33,0.0,33,2504,True
3153395,2504,33,408.0,33,2504,True
3153396,2504,33,0.0,33,2504,True
3153397,2504,33,331.0,33,2504,True
3153398,2504,33,0.0,33,2504,True
3153399,2934,33,498.0,33,2934,True
3153400,2934,33,463.0,33,2934,True
3153401,2934,33,0.0,33,2934,True
3153490,2115,31,283.0,31,2115,True
3153491,2115,31,240.0,31,2115,True
3153492,2115,31,846.0,31,2115,True
3153493,2115,31,225.0,31,2115,True
3153947,3084,30,809.0,30,3084,True
3153948,3084,30,537.0,30,3084,True
3153949,3084,30,102.0,30,3084,True
3153950,3084,30,252.0,30,3084,True
3153963,2405,33,0.0,33,2405,True
3153964,2405,33,10.0,33,2405,True
3153965,2405,33,495.0,33,2405,True
3154149,2450,34,424.0,34,2450,True
3154150,2450,34,1081.0,34,2450,True
3154151,2450,34,221.0,34,2450,True
3154152,2450,34,172.0,34,2450,True
3154153,2450,34,480.0,34,2450,True
3154154,2640,35,1023.0,35,2640,True
3154155,2640,35,521.0,35,2640,True
3154156,2640,35,780.0,35,2640,True
3154157,2640,35,223.0,35,2640,True
3154158,2640,35,375.0,35,2640,True
3154807,2739,33,82.0,33,2739,True
3154918,2582,35,87.0,35,2582,True
3154919,2582,35,10.0,35,2582,True
3154920,2582,35,686.0,35,2582,True
3154922,2582,35,9.0,35,2582,True
3154923,2582,35,147.0,35,2582,True
3154924,2582,35,0.0,35,2582,True
3154925,50,29,748.0,29,50,True
3154927,50,29,438.0,29,50,True
3154928,50,29,312.0,29,50,True
3154929,50,29,443.0,29,50,True
3154930,50,29,752.0,29,50,True
3154931,50,29,809.0,29,50,True
3154932,50,29,957.0,29,50,True
3154933,50,29,196.0,29,50,True
3154934,50,29,267.0,29,50,True
3154936,2542,31,557.0,31,2542,True
3154937,2542,31,712.0,31,2542,True
3154938,2542,31,470.0,31,2542,True
3154939,2542,31,483.0,31,2542,True
3154940,2542,30,7.0,30,2542,True
3154941,2542,30,1.0,30,2542,True
3154942,2542,30,3.0,30,2542,True
3155382,311,30,330.0,30,311,True
3155383,311,30,12.0,30,311,True
3155384,311,30,3.0,30,311,True
3155385,2619,35,195.0,35,2619,True
3155386,261,34,31.0,34,261,True
3155387,235,32,217.0,32,235,True
3155388,58,32,0.0,32,58,True
3155389,2655,30,0.0,30,2655,True
3155390,2655,31,687.0,31,2655,True
3155391,2655,31,6.0,31,2655,True
3155392,202,34,115.0,34,202,True
3155393,228,31,12.0,31,228,True
3155394,52,33,4.0,33,52,True
3155400,153,38,11.0,38,153,True
3155401,153,38,19.0,38,153,True
3155402,87,38,21.0,38,87,True
3155403,183,31,5.0,31,183,True
3155404,154,32,680.0,32,154,True
3155405,154,32,6.0,32,154,True
3155406,338,32,66.0,32,338,True
3155407,338,32,362.0,32,338,True
3155408,2454,35,13.0,35,2454,True
3155409,2166,32,21.0,32,2166,True
3155412,2168,36,7.0,36,2168,True
3155413,2168,36,3.0,36,2168,True
3155414,2184,31,28.0,31,2184,True
3155415,2184,31,10.0,31,2184,True
3155417,139,32,0.0,32,139,True
3155418,139,32,1.0,32,139,True
3155419,139,32,1.0,32,139,True
3155479,2305,36,13.0,36,2305,True
3155480,2628,33,0.0,33,2628,True
3155481,2641,32,433.0,32,2641,True
3155482,156,33,22.0,33,156,True
3155483,156,33,39.0,33,156,True
3155484,156,33,0.0,33,156,True
3155485,305,32,60.0,32,305,True
3155486,305,32,14.0,32,305,True
3155487,2507,34,5.0,34,2507,True
3155488,2599,33,201.0,33,2599,True
3155489,2599,33,0.0,33,2599,True
3155491,2599,33,0.0,33,2599,True
3155492,2599,33,96.0,33,2599,True
3155493,2599,27,0.0,27,2599,True
3155494,70,30,379.0,30,70,True
3155495,304,29,39.0,29,304,True
3155496,304,30,469.0,30,304,True
3155498,304,29,0.0,29,304,True
3155499,304,29,0.0,29,304,True
3155501,2464,38,0.0,38,2464,True
3155502,2464,38,4.0,38,2464,True
3155504,253,29,560.0,29,253,True
3155505,253,29,467.0,29,253,True
3155506,253,29,16.0,29,253,True
3155507,2692,30,0.0,30,2692,True
3155508,2692,30,19.0,30,2692,True
3155509,2294,34,0.0,34,2294,True
3155510,135,33,0.0,33,135,True
3155517,302,32,17.0,32,302,True
3155518,232,33,1.0,33,232,True
3155519,232,33,0.0,33,232,True
3155520,2275,34,19.0,34,2275,True
3155522,9,34,0.0,34,9,True
3155523,9,34,3.0,34,9,True
3155524,9,34,5.0,34,9,True
3155525,25,33,10.0,33,25,True
3155526,2483,36,1020.0,36,2483,True
3155527,2127,31,27.0,31,2127,True
3155528,2241,35,0.0,35,2241,True
3155529,2737,32,14.0,32,2737,True
3155530,2737,32,0.0,32,2737,True
3155531,2737,32,14.0,32,2737,True
3155533,26,35,0.0,35,26,True
3155534,26,36,377.0,36,26,True
3155535,26,36,1114.0,36,26,True
3155536,26,36,565.0,36,26,True
3155537,26,36,5.0,36,26,True
3155538,264,31,412.0,31,264,True
3155539,264,31,10.0,31,264,True
3155540,264,31,65.0,31,264,True
3155544,2,35,8.0,35,2,True
3155544,202,1,0.0,1,2,False
3155545,2400,32,191.0,32,2400,True
3155546,2400,32,110.0,32,2400,True
3155547,2400,32,441.0,32,2400,True
3155548,2400,32,577.0,32,2400,True
3155549,2400,32,499.0,32,2400,True
3155550,2400,12,0.0,12,2400,True
3155551,2400,32,0.0,32,2400,True
3155552,2400,32,0.0,32,2400,True
3155553,2400,32,254.0,32,2400,True
3155554,2400,32,730.0,32,2400,True
3155561,2016,32,0.0,32,2016,True
3155562,2016,32,480.0,32,2016,True
3155563,2016,10,0.0,10,2016,True
3155564,2016,32,212.0,32,2016,True
3155565,2016,32,40.0,32,2016,True
3155566,2016,32,43.0,32,2016,True
3155567,2016,32,0.0,32,2016,True
3155568,2016,32,497.0,32,2016,True
3155569,2016,32,16.0,32,2016,True
3155570,2016,32,183.0,32,2016,True
3155573,99,33,4.0,33,99,True
3155574,99,33,4.0,33,99,True
3155576,145,34,0.0,34,145,True
3155577,344,32,12.0,32,344,True
3155578,344,32,26.0,32,344,True
3155579,2569,33,887.0,33,2569,True
3155580,2569,33,615.0,33,2569,True
3155581,2569,33,0.0,33,2569,True
3155582,2569,33,517.0,33,2569,True
3155583,2569,33,313.0,33,2569,True
3155584,2569,33,538.0,33,2569,True
3155698,245,33,5.0,33,245,True
3155700,2908,35,0.0,35,2908,True
3155701,2908,36,435.0,36,2908,True
3155702,2908,36,138.0,36,2908,True
3155703,2908,36,644.0,36,2908,True
3155705,2229,33,0.0,33,2229,True
3155706,2229,33,83.0,33,2229,True
3155707,2229,33,836.0,33,2229,True
3155708,249,31,16.0,31,249,True
3155709,295,35,0.0,35,295,True
3155710,2636,30,640.0,30,2636,True
3155711,2636,30,9.0,30,2636,True
3155712,98,32,75.0,32,98,True
3155733,171,28,747.0,28,171,True
3155734,171,28,131.0,28,171,True
3155736,108,30,192.0,30,108,True
3155737,108,30,45.0,30,108,True
3155738,108,30,17.0,30,108,True
3155739,219,28,13.0,28,219,True
3155740,219,28,889.0,28,219,True
3155741,219,28,595.0,28,219,True
3155742,219,28,18.0,28,219,True
3155743,219,28,420.0,28,219,True
3155744,219,28,455.0,28,219,True
3155745,219,28,65.0,28,219,True
3155747,2099,33,501.0,33,2099,True
3155749,314,35,233.0,35,314,True
3155750,314,35,1201.0,35,314,True
3155751,314,35,637.0,35,314,True
3155752,2174,33,311.0,33,2174,True
3155753,2750,31,0.0,31,2750,True
3155754,2750,31,7.0,31,2750,True
3155756,195,30,12.0,30,195,True
3155757,195,30,0.0,30,195,True
3155758,195,30,12.0,30,195,True
3155759,2711,34,693.0,34,2711,True
3155769,36,34,0.0,34,36,True
3155770,278,32,27.0,32,278,True
3155771,167,31,572.0,31,167,True
3155837,2287,35,14.0,35,2287,True
3155840,282,31,8.0,31,282,True
3155841,282,31,10.0,31,282,True
3155873,328,31,0.0,31,328,True
3155879,161,29,63.0,29,161,True
3155880,2597,35,0.0,35,2597,True
3155881,2597,35,0.0,35,2597,True
3155882,2598,32,43.0,32,2598,True
3155883,2598,32,6.0,32,2598,True
3155884,2598,32,242.0,32,2598,True
3155885,2598,32,17.0,32,2598,True
3155886,349,30,165.0,30,349,True
3155887,349,30,15.0,30,349,True
3155888,349,30,188.0,30,349,True
3155889,349,30,0.0,30,349,True
3155890,349,30,41.0,30,349,True
3155891,349,30,0.0,30,349,True
3155892,349,30,4.0,30,349,True
3155893,2198,33,100.0,33,2198,True
3155894,2198,33,250.0,33,2198,True
3155895,2198,33,74.0,33,2198,True
3155896,2198,33,0.0,33,2198,True
3155897,2198,33,730.0,33,2198,True
3155898,2198,33,646.0,33,2198,True
3155899,104,30,229.0,30,104,True
3155900,2630,34,14.0,34,2630,True
3155901,2000,31,35.0,31,2000,True
3155901,50,1,0.0,1,2000,False
3155902,2000,31,420.0,31,2000,True
3155902,50,1,0.0,1,2000,False
3155903,2110,29,0.0,29,2110,True
3155904,2110,29,776.0,29,2110,True
3155905,2110,29,13.0,29,2110,True
3155906,2277,28,163.0,28,2277,True
3155906,2428,11,0.0,11,2277,False
3155907,2277,28,7.0,28,2277,True
3155908,2916,29,692.0,29,2916,True
3155909,2916,29,217.0,29,2916,True
3155910,2916,29,698.0,29,2916,True
3155911,2916,29,806.0,29,2916,True
3155912,2320,30,534.0,30,2320,True
3155913,2320,30,467.0,30,2320,True
3155914,2320,30,390.0,30,2320,True
3155915,2320,30,209.0,30,2320,True
3155916,2320,30,515.0,30,2320,True
3155917,2320,30,57.0,30,2320,True
3155918,2320,30,410.0,30,2320,True
3155919,2447,29,220.0,29,2447,True
3155920,2443,28,0.0,28,2443,True
3155921,2443,28,0.0,28,2443,True
3155922,2534,35,286.0,35,2534,True
3155923,2534,35,0.0,35,2534,True
3155926,2534,35,438.0,35,2534,True
3155927,2545,32,0.0,32,2545,True
3155928,2545,32,161.0,32,2545,True
3155929,2545,32,43.0,32,2545,True
3155930,2545,32,140.0,32,2545,True
3155931,2545,32,0.0,32,2545,True
3155932,2545,32,242.0,32,2545,True
3155933,2617,34,32.0,34,2617,True
3155934,357,34,6.0,34,357,True
3155935,357,34,99.0,34,357,True
3155936,2678,30,83.0,30,2678,True
3155938,2678,30,343.0,30,2678,True
3155939,2250,38,0.0,38,2250,True
3155940,2250,37,297.0,37,2250,True
3155941,2250,38,101.0,38,2250,True
3155942,2250,38,822.0,38,2250,True
3155943,2351,31,0.0,31,2351,True
3155944,2351,31,15.0,31,2351,True
3155945,2351,31,48.0,31,2351,True
3155986,2437,29,0.0,29,2437,True
3155987,2437,29,749.0,29,2437,True
3155991,2710,28,11.0,28,2710,True
3155992,2710,28,5.0,28,2710,True
3155993,233,33,670.0,33,233,True
3155994,233,33,0.0,33,233,True
3155995,233,33,0.0,33,233,True
3155996,233,33,138.0,33,233,True
3155997,233,33,299.0,33,233,True
3155998,2032,29,282.0,29,2032,True
3155999,6,33,25.0,33,6,True
3156000,6,32,15.0,32,6,True
3156001,2492,32,43.0,32,2492,True
3156002,2492,32,5.0,32,2492,True
3156006,301,31,0.0,31,301,True
3156023,2169,36,380.0,36,2169,True
3156024,2169,36,81.0,36,2169,True
3156025,2169,36,32.0,36,2169,True
3156026,2169,36,491.0,36,2169,True
3156038,2415,31,66.0,31,2415,True
3156043,2450,34,441.0,34,2450,True
3156054,2542,31,676.0,31,2542,True
3156059,2010,29,0.0,29,2010,True
3156060,2010,29,0.0,29,2010,True
3156061,2010,29,47.0,29,2010,True
3156063,2010,29,0.0,29,2010,True
3156064,2010,29,213.0,29,2010,True
3156065,2010,29,436.0,29,2010,True
3156066,2010,29,0.0,29,2010,True
3156067,2010,29,253.0,29,2010,True
3156068,2010,29,0.0,29,2010,True
3156069,2010,29,926.0,29,2010,True
3156070,2010,29,84.0,29,2010,True
3156071,2010,29,435.0,29,2010,True
3156083,2755,29,266.0,29,2755,True
3156084,2755,28,0.0,28,2755,True
3156085,2755,29,783.0,29,2755,True
3156086,2755,29,97.0,29,2755,True
3156087,2755,29,186.0,29,2755,True
3156088,2755,29,549.0,29,2755,True
3156089,2296,32,681.0,32,2296,True
3156090,2296,32,264.0,32,2296,True
3156091,2296,32,24.0,32,2296,True
3156092,2296,32,0.0,32,2296,True
3156093,2296,32,707.0,32,2296,True
3156094,2296,32,152.0,32,2296,True
3156095,2296,32,252.0,32,2296,True
3156096,2582,8,0.0,8,2582,True
3156099,2514,30,297.0,30,2514,True
3156100,2514,30,0.0,30,2514,True
3156101,2514,30,529.0,30,2514,True
3156102,2514,30,431.0,30,2514,True
3156103,2514,30,144.0,30,2514,True
3156104,2514,30,5.0,30,2514,True
3156144,2253,32,7.0,32,2253,True
3156145,2253,32,0.0,32,2253,True
3156146,2547,34,625.0,34,2547,True
3156147,2547,34,0.0,34,2547,True
3156148,2547,34,0.0,34,2547,True
3156150,292,31,20.0,31,292,True
3156151,140,33,0.0,33,140,True
3156386,2306,32,9.0,32,2306,True
3157412,356,33,16.0,33,356,True
3157429,42,30,1.0,30,42,True
3157432,2294,34,16.0,34,2294,True
3157465,130,32,0.0,32,130,True
3157466,127,39,0.0,39,127,True
3158210,25,33,19.0,33,25,True
3158224,2483,36,6.0,36,2483,True
3158225,2483,36,23.0,36,2483,True
3158226,2483,36,0.0,36,2483,True
3158227,2483,36,6.0,36,2483,True
3158246,204,31,0.0,31,204,True
3158247,204,31,58.0,31,204,True
3158248,204,31,9.0,31,204,True
3158249,204,31,68.0,31,204,True
3158250,204,31,123.0,31,204,True
3158260,264,31,11.0,31,264,True
3158267,2,35,21.0,35,2,True
3158267,202,1,5.0,1,2,False
3158268,2,35,0.0,35,2,True
3158268,202,1,0.0,1,2,False
3158290,238,34,5.0,34,238,True
3158314,2230,31,7.0,31,2230,True
3158315,294,32,6.0,32,294,True
3158316,113,32,1.0,32,113,True
3158317,113,32,0.0,32,113,True
3158318,2603,31,8.0,31,2603,True
3158350,13,29,12.0,29,13,True
3158352,71,33,11.0,33,71,True
3158377,350,32,13.0,32,350,True
3158381,111,35,0.0,35,111,True
3158385,2729,33,16.0,33,2729,True
3158386,2729,33,17.0,33,2729,True
3158387,2737,32,23.0,32,2737,True
3158390,325,34,4.0,34,325,True
3158391,2429,32,5.0,32,2429,True
3158392,193,32,1.0,32,193,True
3158393,2458,30,2.0,30,2458,True
3158394,2711,34,53.0,34,2711,True
3158395,2711,34,727.0,34,2711,True
3158396,2099,33,0.0,33,2099,True
3158397,2405,33,10.0,33,2405,True
3158398,2535,32,10.0,32,2535,True
3158438,2717,32,4.0,32,2717,True
3158439,2426,32,78.0,32,2426,True
3158440,2426,32,94.0,32,2426,True
3158441,2426,32,243.0,32,2426,True
3158442,2426,32,93.0,32,2426,True
3158443,2426,32,117.0,32,2426,True
3158444,2426,32,511.0,32,2426,True
3158581,315,30,0.0,30,315,True
3158613,47,32,54.0,32,47,True
3158616,2217,31,32.0,31,2217,True
3158665,2755,29,265.0,29,2755,True
3158666,2755,29,202.0,29,2755,True
3158668,43,10,3.0,10,43,True
3158669,43,10,0.0,10,43,True
3158672,2545,1,0.0,1,2545,True
3158673,2427,7,0.0,7,2427,True
3158680,2379,33,896.0,33,2379,True
3158682,55,30,1.0,30,55,True
3158702,2752,37,4.0,37,2752,True
3158704,249,6,0.0,6,249,True
3158705,249,6,0.0,6,249,True
3158706,249,31,9.0,31,249,True
3158707,249,6,0.0,6,249,True
3158712,25,8,4.0,8,25,True
3158727,2603,31,8.0,31,2603,True
3158731,2599,33,0.0,33,2599,True
3158733,2599,33,0.0,33,2599,True
3158735,41,30,0.0,30,41,True
3158747,218,37,11.0,37,218,True
3158748,218,37,8.0,37,218,True
3158752,120,35,4.0,35,120,True
3158754,2504,33,26.0,33,2504,True
3158755,2504,33,151.0,33,2504,True
3158756,2540,7,0.0,7,2540,True
3158757,2253,32,9.0,32,2253,True
3158761,2515,34,12.0,34,2515,True
3158763,2515,34,0.0,34,2515,True
3158765,2006,33,59.0,33,2006,True
3158791,328,31,384.0,31,328,True
3158803,2612,2,0.0,2,2612,True
3158814,2612,1,0.0,1,2612,True
3158816,2612,2,0.0,2,2612,True
3158817,2612,2,0.0,2,2612,True
3158823,2612,3,0.0,3,2612,True
3158826,357,1,0.0,1,357,True
3158840,119,10,0.0,10,119,True
3158843,333,7,0.0,7,333,True
3158846,304,29,0.0,29,304,True
3158850,2011,29,4.0,29,2011,True
3158854,2261,35,17.0,35,2261,True
3158855,2261,35,58.0,35,2261,True
3158857,2261,35,199.0,35,2261,True
3158865,2117,32,16.0,32,2117,True
3158897,147,30,0.0,30,147,True
3158900,2448,32,25.0,32,2448,True
3158901,2029,32,557.0,32,2029,True
3158901,62,11,0.0,11,2029,False
3158902,2029,32,62.0,32,2029,True
3158902,62,11,0.0,11,2029,False
3158904,2029,32,703.0,32,2029,True
3158904,62,11,0.0,11,2029,False
3158905,2029,32,174.0,32,2029,True
3158905,62,11,0.0,11,2029,False
3158906,2029,32,452.0,32,2029,True
3158906,62,11,0.0,11,2029,False
3159014,189,13,0.0,13,189,True
3159015,2166,32,8.0,32,2166,True
3159057,2086,34,15.0,34,2086,True
3159193,62,11,0.0,11,62,True
3159210,2550,31,0.0,31,2550,True
3159217,107,9,0.0,9,107,True
3159218,107,9,0.0,9,107,True
3159237,2542,29,0.0,29,2542,True
3159316,2449,30,0.0,30,2449,True
3159317,2449,29,0.0,29,2449,True
3159319,2415,29,202.0,29,2415,True
3159320,2379,32,0.0,32,2379,True
3159322,48,30,5.0,30,48,True
3159323,48,30,4.0,30,48,True
3159363,2447,29,32.0,29,2447,True
3159512,2443,29,20.0,29,2443,True
3159617,2681,6,0.0,6,2681,True
3159618,2681,6,0.0,6,2681,True
3159729,112358,30,4.0,30,112358,True
3160642,2117,30,10.0,30,2117,True
3160746,2415,27,4.0,27,2415,True
3160847,3084,1,0.0,1,3084,True
3160848,3084,1,0.0,1,3084,True
3160849,3084,1,0.0,1,3084,True
3160850,3084,1,0.0,1,3084,True
3160851,3084,1,0.0,1,3084,True
3160852,3084,1,0.0,1,3084,True
3160853,3084,1,0.0,1,3084,True
3160854,3084,1,0.0,1,3084,True
3160855,3084,1,0.0,1,3084,True
3160856,3084,1,0.0,1,3084,True
3160857,3084,1,0.0,1,3084,True
3160858,253,1,0.0,1,253,True
3160859,253,1,0.0,1,253,True
3160860,253,1,0.0,1,253,True
3160861,253,1,0.0,1,253,True
3160862,253,1,0.0,1,253,True
3160863,253,1,0.0,1,253,True
3160864,253,1,0.0,1,253,True
3160865,253,1,0.0,1,253,True
3160866,253,1,0.0,1,253,True
3160867,253,1,0.0,1,253,True
3160868,253,1,0.0,1,253,True
3160869,253,1,0.0,1,253,True
3160884,357,28,3.0,28,357,True
3160885,2296,27,43.0,27,2296,True
3160886,2296,28,57.0,28,2296,True
3161174,2649,26,0.0,26,2649,True
3161276,2569,30,83.0,30,2569,True
3161347,2382,31,0.0,31,2382,True
3161465,2127,27,0.0,27,2127,True
3161467,2132,1,0.0,1,2132,True
3161637,2181,8,0.0,8,2181,True
3161852,2678,24,12.0,24,2678,True
3161853,2678,24,57.0,24,2678,True
3161854,2678,24,9.0,24,2678,True
3161957,2473,2,0.0,2,2473,True
3161958,2473,2,0.0,2,2473,True
3161959,2473,2,0.0,2,2473,True
3161960,2473,2,0.0,2,2473,True
3161961,2473,2,0.0,2,2473,True
3161962,2473,2,0.0,2,2473,True
3161963,2473,2,0.0,2,2473,True
3161964,2473,2,0.0,2,2473,True
3161965,2473,2,0.0,2,2473,True
3161966,2473,2,0.0,2,2473,True
3161967,2473,2,0.0,2,2473,True
3161990,70,23,0.0,23,70,True
3162135,41,30,0.0,30,41,True
3162141,2229,24,0.0,24,2229,True
3162297,2885,26,0.0,26,2885,True
3162298,2885,26,0.0,26,2885,True
3162329,227,27,2.0,27,227,True
3162358,2523,28,0.0,28,2523,True
3162359,2523,28,5.0,28,2523,True
3162371,301,23,0.0,23,301,True
3163146,2561,17,5.0,17,2561,True
3163147,2449,25,5.0,25,2449,True
3163149,265,1,0.0,1,265,True
3163153,265,1,0.0,1,265,True
3163161,265,1,0.0,1,265,True
3163178,2,28,205.0,28,2,True
3163531,2636,1,0.0,1,2636,True
3163613,2717,23,8.0,23,2717,True
3163614,251,25,2.0,25,251,True
3163617,269,11,0.0,11,269,True
3163650,2428,22,9.0,22,2428,True
3163656,2132,26,7.0,26,2132,True
3163674,135,23,9.0,23,135,True
3163762,50,21,287.0,21,50,True
3163763,50,19,10.0,19,50,True
3163764,50,1,0.0,1,50,True
3163800,2350,27,2.0,27,2350,True
3164161,2430,11,6.0,11,2430,True
3164171,2400,21,328.0,21,2400,True
3164302,300,11,0.0,11,300,True
3164303,300,11,0.0,11,300,True
3164304,300,11,0.0,11,300,True
3164305,300,11,0.0,11,300,True
3164306,300,11,0.0,11,300,True
3164307,300,11,0.0,11,300,True
3164308,300,11,0.0,11,300,True
3164309,300,11,0.0,11,300,True
3164310,300,11,0.0,11,300,True
3164311,300,11,0.0,11,300,True
3164312,300,11,0.0,11,300,True
3164313,300,11,0.0,11,300,True
3164314,300,11,0.0,11,300,True
3164315,300,11,0.0,11,300,True
3164316,300,11,0.0,11,300,True
3164317,2483,1,0.0,1,2483,True
3164318,2483,1,0.0,1,2483,True
3164319,2483,1,0.0,1,2483,True
3164320,2483,1,0.0,1,2483,True
3164321,2483,1,0.0,1,2483,True
3164323,2483,1,0.0,1,2483,True
3164324,2483,1,0.0,1,2483,True
3164325,2483,1,0.0,1,2483,True
3164326,2483,1,0.0,1,2483,True
3164327,2483,1,0.0,1,2483,True
3164329,2483,1,0.0,1,2483,True
3164592,2405,1,0.0,1,2405,True
3164604,2378,18,5.0,18,2378,True
3164612,2117,22,4.0,22,2117,True
3164622,269,19,6.0,19,269,True
3164623,269,19,3.0,19,269,True
3164695,252,1,0.0,1,252,True
3165006,47,17,0.0,17,47,True
3165009,2483,22,35.0,22,2483,True
3165262,120,18,0.0,18,120,True
3165388,2363,1,0.0,1,2363,True
3165390,314,18,0.0,18,314,True
3165392,2561,1,0.0,1,2561,True
3165439,2378,1,0.0,1,2378,True
3165462,2029,1,0.0,1,2029,True
3165463,2448,14,5.0,14,2448,True
3165537,2400,15,47.0,15,2400,True
3165538,2400,13,0.0,13,2400,True
3165558,116,13,0.0,13,116,True
3165767,24,18,0.0,18,24,True
3165828,356,13,2.0,13,356,True
3165908,47,9,2.0,9,47,True
3166106,26,16,0.0,16,26,True
3166109,2492,1,0.0,1,2492,True
3166110,2492,1,0.0,1,2492,True
3166483,164,10,0.0,10,164,True
3166885,44,1,40.0,1,44,True
3166886,44,1,0.0,1,44,True
3167330,2169,15,0.0,15,2169,True
3167479,2569,10,3.0,10,2569,True
3171485,2623,8,0.0,8,2623,True
3171944,2641,1,0.0,1,2641,True
3173728,2483,1,0.0,1,2483,True
3203386,2168,13,0.0,13,2168,True
3218943,357,6,3.0,6,357,True
3261722,2210,1,0.0,1,2210,True
3261723,2210,1,0.0,1,2210,True
3261724,2210,1,0.0,1,2210,True
3261725,2210,1,0.0,1,2210,True
3261726,2210,1,0.0,1,2210,True
3284310,2305,8,1.0,8,2305,True
3344409,2294,1,0.0,1,2294,True
3346055,2603,1,0.0,1,2603,True
3346056,2603,1,0.0,1,2603,True
3349486,2272,4,0.0,4,2272,True
3350800,2565,2,0.0,2,2565,True
3350807,2565,2,0.0,2,2565,True
3350808,2565,2,0.0,2,2565,True
3350809,2565,2,0.0,2,2565,True
3350810,2565,2,0.0,2,2565,True
3350811,2565,2,0.0,2,2565,True
3351714,2541,4,0.0,4,2541,True
3371731,153,10,2.0,10,153,True
3376554,333,1,0.0,1,333,True
3390447,2534,1,0.0,1,2534,True
3439186,331,1,0.0,1,331,True
3439189,331,1,0.0,1,331,True
3440635,331,1,0.0,1,331,True
3459263,130,1,1.0,1,130,True
3459264,130,1,1.0,1,130,True
3479162,171,1,0.0,1,171,True
3479175,171,1,0.0,1,171,True
3479176,171,1,0.0,1,171,True
3479177,171,1,0.0,1,171,True
3479178,171,1,0.0,1,171,True
3479179,171,1,0.0,1,171,True
3479180,171,1,0.0,1,171,True
3479181,171,1,0.0,1,171,True
3479183,171,1,0.0,1,171,True
3479195,171,1,0.0,1,171,True
3479202,171,1,0.0,1,171,True
3479203,163,1,0.0,1,163,True
3479210,163,1,0.0,1,163,True
3479211,163,1,0.0,1,163,True
3479212,163,1,0.0,1,163,True
3479219,163,1,0.0,1,163,True
3479220,163,1,0.0,1,163,True
3479221,163,1,0.0,1,163,True
3479234,163,1,0.0,1,163,True
3479235,163,1,0.0,1,163,True
3479236,163,1,0.0,1,163,True
3479237,163,1,0.0,1,163,True
3479244,163,1,0.0,1,163,True
3479245,163,1,0.0,1,163,True
3479246,163,1,0.0,1,163,True
3482557,302,1,0.0,1,302,True
3509768,2550,1,0.0,1,2550,True
3527431,2230,1,0.0,1,2230,True
3527484,97,5,0.0,5,97,True
3527494,84,2,0.0,2,84,True
3527659,2117,2,0.0,2,2117,True
3910148,2546,30,604.0,30,2546,True
3914282,30,1,0.0,1,30,True
3914283,30,1,0.0,1,30,True
3917376,25,1,0.0,1,25,True
3917377,25,1,0.0,1,25,True
3917378,25,1,0.0,1,25,True
3948561,261,34,541.0,34,261,True
