team_id,season,A_hat_min,A_hat_max,T_j_hat,roster_n,perf_span
1,2011,-0.5024682998674325,0.996801758863415,0.27572704895417727,5,1.4992700587308474
1,2012,-0.887944892400559,3.034354508948963,0.458723155815626,5,3.922299401349522
1,2013,-0.02537597009872293,2.40009344678363,0.7831896523799026,6,2.425469416882353
1,2014,-1.8495844473925376,1.15552597445722,0.1641472444129834,8,3.0051104218497575
1,2015,-1.8687343662224707,2.078388985890524,-0.5156019641773024,10,3.9471233521129943
1,2016,-1.5747289751331384,3.8111098059558315,0.11263213072117939,8,5.38583878108897
1,2017,-2.1935627070845976,1.274153047842508,-0.07453565964857,8,3.467715754927106
1,2018,-2.205598650491519,0.7895001193751613,-0.672249629235634,9,2.99509876986668
1,2019,-1.1471915646771975,1.6553972687725103,0.23192938834214932,4,2.8025888334497076
2,2011,-1.350099511506771,0.9373319368593137,-0.11927342317417554,13,2.287431448366085
2,2012,-2.138111257807609,0.7908288572240144,-0.2697658859186929,12,2.928940115031623
2,2013,-1.0547093749794945,1.416967682040519,0.022276465807112105,12,2.4716770570200133
2,2014,-1.3546817811690426,1.8852985129611308,-0.15332556295175379,12,3.2399802941301736
2,2015,-1.5705085847415445,1.9029446348598325,-0.290101361541578,13,3.473453219601377
2,2016,-2.2391392177783933,1.5072088122314988,-0.4631296686234394,13,3.746348030009892
2,2017,-1.5589480591240816,1.4761019718585477,0.26161790522961786,12,3.0350500309826294
2,2018,-0.8976344954742465,1.7375705788536753,0.3558843506948374,10,2.6352050743279216
2,2019,-0.9541758047977411,1.461601232416945,0.2561477994998563,13,2.415777037214686
2,2020,-1.784369688412525,1.3540907613157358,0.11576746261748894,12,3.138460449728261
2,2021,-1.065144925180328,2.1899532171546654,0.3259736478751491,13,3.2550981423349934
3,2020,-0.8552360083102272,0.5212583325820658,0.02843937102803488,3,1.376494340892293
5,2011,-1.5422292528116879,1.6101216878578726,-0.15326754309259477,10,3.1523509406695602
5,2012,-1.7027816309677704,1.1950407967598133,-0.334086008943272,11,2.8978224277275837
5,2013,-0.8360740023684375,1.7788883922150671,0.30757981575310683,11,2.6149623945835048
5,2014,-0.6858144652394985,1.2592774201386352,0.05889527150526685,11,1.9450918853781336
5,2015,-1.492308403319384,1.1761812422341003,0.09935330891243488,12,2.6684896455534846
5,2016,-0.6536147751022168,3.549711726120158,0.5385969439592219,12,4.203326501222374
5,2017,-0.4079393444531325,1.6050086095186509,0.11962358642116558,11,2.0129479539717834
5,2018,-1.1169577531753134,2.072346180659802,0.14207044313008713,10,3.1893039338351152
5,2019,-1.434911318890032,0.9283895641742251,-0.20162539180156147,12,2.363300883064257
5,2020,-1.047259418142889,0.9843010393582138,0.035950644879349104,12,2.0315604575011026
5,2021,-1.4447790552614574,1.1090844530100532,0.04844314738814881,12,2.553863508271511
6,2011,-1.3357614711108818,1.1399289646079476,0.02427381168159728,13,2.475690435718829
6,2012,-1.3772869033829278,1.3554717375780698,0.025151742083653127,11,2.7327586409609976
6,2013,-1.3674428882120155,2.2502590182646736,0.07336353407181512,11,3.617701906476689
6,2014,-0.7482524984782531,1.5260455257971794,-0.022650665169465612,11,2.2742980242754327
6,2015,-1.1279445983848662,1.3043024649488701,0.18473523280381784,11,2.4322470633337363
6,2016,-0.9399799040345465,1.5865778245499293,0.06408907412144256,12,2.526557728584476
6,2017,-1.0909503843732762,1.0146759109638592,-0.03596519384081361,12,2.105626295337135
6,2018,-0.8322362877233827,1.9021034064853213,-0.049694918807684986,12,2.734339694208704
6,2019,-1.0626780776051217,1.408861799163371,0.13321054029300478,10,2.4715398767684924
6,2020,-0.6366163188743924,1.0515078917257925,0.0739616825264199,11,1.688124210600185
6,2021,-2.3538055842706553,1.8565328521085465,0.10146195690500479,9,4.210338436379201
8,2011,-0.5194634118802514,2.812711550099759,0.39324834965695304,13,3.33217496198001
8,2012,-1.4759802698240516,4.793366294139865,0.5894820340806736,12,6.269346563963917
8,2013,-1.3883496679456724,2.097629008627933,0.3029701546391858,13,3.4859786765736054
8,2014,-0.8361175180123122,1.1233642673419824,0.26688503063863356,14,1.9594817853542945
8,2015,-1.2158436576052134,2.1967790055620657,0.1295094337885902,13,3.412622663167279
8,2016,-0.9944038461836521,1.9748491701761728,0.16851803588238148,10,2.9692530163598247
8,2017,-1.7078882316046107,1.7367509673199202,0.13368867899313908,12,3.4446391989245306
8,2018,-1.0947908570761147,1.7326276683139128,0.16115659124458406,11,2.8274185253900272
8,2019,-0.7885195603963435,1.8608298858054741,0.09185431744911102,11,2.6493494462018177
8,2020,-1.1990171820057154,2.424228985190877,0.060109227860743936,9,3.6232461671965925
8,2021,-0.9307658724944382,1.8790852613372722,0.3814763642991819,11,2.8098511338317103
9,2011,-1.487335041010283,1.0607073099289395,-0.12184195532806809,13,2.5480423509392223
9,2012,-2.117932027697634,0.968639462764838,-0.10437149620648571,10,3.086571490462472
9,2013,-1.4164754553545071,1.562073492272282,-0.04743630888561098,10,2.9785489476267895
9,2014,-0.8241443949899085,1.4204163842125828,0.11712740436375253,13,2.2445607792024913
9,2015,-0.426023917541772,1.6233052764271854,0.31393827875259045,13,2.0493291939689575
9,2016,-1.6734926598506763,0.9405383720238985,0.12323989428815055,9,2.6140310318745748
9,2017,-1.6705286565676887,1.4526013027197398,-0.16143652941057393,11,3.1231299592874286
9,2018,-0.9852917317668196,1.3499925200202931,0.28955042172051143,10,2.3352842517871126
9,2019,-1.3969766656976705,1.3121839186562585,0.03680878810847857,11,2.709160584353929
9,2020,-1.391991902133032,1.8222887048332723,-0.018158048530118362,12,3.2142806069663044
9,2021,-1.8568710817456273,1.9001084451264731,-0.09078872377730704,13,3.7569795268721005
11,2014,-2.0633626278086785,2.699882454588469,0.18394660687617606,4,4.763245082397148
11,2018,-0.6796404696380344,0.9156794467087905,0.049648634977657105,5,1.595319916346825
12,2011,-1.5422292528116879,2.68024698992459,0.047365712032891895,13,4.222476242736278
12,2012,-1.5795789958350845,0.9695619913353513,-0.03801563825913626,11,2.5491409871704356
12,2013,-0.5450803933329084,1.7027224627379582,0.39362892682359024,10,2.2478028560708667
12,2014,-2.0633626278086785,2.5070674362605487,0.1116933339191488,13,4.570430064069227
12,2015,-2.135567960179089,1.3500538531987154,0.18680454884432068,13,3.4856218133778043
12,2016,-1.490005521373005,2.5906121614505753,0.4349229295876957,12,4.08061768282358
12,2017,-2.1935627070845976,1.4722237687121722,-0.10874983558854674,11,3.6657864757967697
12,2018,-1.0076501720644844,1.9191756813718257,0.12841595515208348,11,2.92682585343631
12,2019,-0.8623756263184874,0.832195458048886,0.12138562304614356,11,1.6945710843673734
12,2020,-0.3862328762568049,1.5259167913780711,0.33883589455410457,11,1.9121496676348761
12,2021,-0.7081134005838737,1.219436614632298,0.2575606417679196,11,1.9275500152161715
13,2011,-2.091171370825736,1.720826681481653,-0.4210738629221779,13,3.811998052307389
13,2012,-1.06817183113337,1.3049155175568097,0.03473998157747907,12,2.37308734869018
13,2013,-0.8444170293069563,1.3520441702776957,0.03958783960723422,11,2.196461199584652
13,2014,-1.1923692413132,1.1969528109729668,-0.05876010734426376,13,2.389322052286167
13,2015,-1.8353801669778933,1.1886385456646817,-0.31130847411257323,11,3.024018712642575
13,2016,-2.2391392177783933,1.0020123026905579,-0.037537249181364335,12,3.241151520468951
13,2017,-1.302900889431203,1.0041524235092978,-0.23316835983030224,14,2.307053312940501
13,2018,-1.3050331667091344,1.1488351599936328,-0.15418488192504531,12,2.453868326702767
13,2019,-0.8877722973166895,1.2696006045905466,-0.1509371927024015,11,2.157372901907236
13,2020,-0.8896483668325346,1.262893697414741,-0.019017411941983805,14,2.1525420642472755
13,2021,-0.9331575358755748,2.055613240951426,-0.13474583812754012,12,2.9887707768270007
16,2011,-1.3941659659345043,1.202138783674768,-0.17969715432211747,11,2.5963047496092724
16,2012,-1.663828296596047,1.7724378148263529,0.04078489988702749,11,3.4362661114224
16,2013,-1.5988444652522917,1.233197111463792,-0.0392475856308209,11,2.832041576716084
16,2014,-2.0633626278086785,1.250199168641511,-0.09040126110815971,14,3.3135617964501893
16,2015,-0.7082599623168007,1.5976212313475289,0.09949764269063893,11,2.3058811936643293
16,2016,-1.5640126808969246,1.1689108159990418,-0.0681444130687593,12,2.7329234968959666
16,2017,-1.1206723470499127,1.070455459008843,-0.013228046261688739,12,2.1911278060587556
16,2018,-1.1924624812363365,1.1951646765013162,-0.234681107569947,12,2.3876271577376524
16,2019,-1.2351143878124715,2.427369832152892,0.2386026109528356,12,3.6624842199653633
16,2020,-1.6352494681491934,1.021801729270172,-0.37213715524718044,13,2.6570511974193654
16,2021,-1.3108566283539296,1.7302818691161788,-0.01801976806392867,13,3.0411384974701083
21,2011,-0.9684719431613885,1.3416840654784965,0.26689877378672405,12,2.310156008639885
21,2012,-1.3958191332642989,2.1902671531622384,0.14365547026985165,10,3.5860862864265375
21,2013,-0.7438640186843142,1.6924570876766143,0.2701379618436573,11,2.4363211063609285
21,2014,-1.3849956458582462,1.6621873138484617,-0.01985284040964723,11,3.047182959706708
21,2015,-1.0744390167702116,0.8744826237943647,-0.05541206214511188,12,1.9489216405645764
21,2016,-1.1730967160958943,0.8434152800757548,-0.08554231508005145,11,2.016511996171649
21,2017,-1.2691671797359823,0.8613668180719605,-0.08233750047764392,11,2.1305339978079427
21,2018,-0.6058578762780855,1.1462536719414027,0.33228941801228856,12,1.7521115482194882
21,2019,-0.9784898055577501,1.3263255039863575,-0.03436965920265999,12,2.3048153095441077
21,2020,-0.8616383075701914,1.5411505881516074,0.18964051144428246,13,2.402788895721799
21,2021,-0.7910894770722829,3.7449360376274186,0.4711246352046003,12,4.536025514699702
22,2011,-2.310748218031355,0.8914141370505915,-0.27300853752466187,4,3.2021623550819465
22,2014,-1.1166306859657673,1.40798782561533,0.17321986267839326,5,2.5246185115810973
22,2015,-2.135567960179089,2.38819227224823,-0.11174343426958329,10,4.523760232427319
22,2017,-0.8336741757406345,1.20615862127531,-0.1780136338426524,4,2.0398327970159444
22,2018,-0.9570874116113951,2.372275892068935,0.2614496487162495,6,3.32936330368033
22,2020,-2.23173034920252,0.49503939275554565,-1.1026772529230084,4,2.7267697419580657
23,2011,-1.9008714365808659,2.947166986003752,-0.18250847278907684,11,4.848038422584618
23,2012,-2.3272915400886256,1.667496663633565,-0.09058047095279104,13,3.994788203722191
23,2013,-0.872386947204289,2.443216687288632,0.04152726914941191,14,3.3156036344929207
23,2014,-1.213090166832781,1.1402705782379503,-0.0989319337340278,10,2.3533607450707312
23,2015,-1.6471268051398558,0.9852784060047688,-0.4720856911418651,15,2.632405211144625
23,2016,-0.7442161718265697,1.0067816551447795,0.17610923846224188,11,1.750997826971349
23,2017,-1.6936036882081404,1.4868043735641632,0.05170240507444622,13,3.1804080617723036
23,2018,-1.8534544549099456,1.376511073379173,-0.4002301035157468,13,3.2299655282891186
23,2019,-1.2151331121547664,0.7704046910141007,-0.2333707530391817,13,1.985537803168867
23,2020,-1.2930063396759728,1.5618880542966393,0.04767810582902565,14,2.854894393972612
23,2021,-1.3799138456537658,2.1708120651790175,-0.16158460661378582,14,3.5507259108327833
24,2011,-1.0645012474048678,1.634467834876728,-0.014038127862364413,14,2.6989690822815957
24,2012,-2.3272915400886256,1.239436621319571,0.06133857130316417,16,3.5667281614081965
24,2013,-1.256220282041531,1.513512095758877,0.055920207823587816,13,2.769732377800408
24,2014,-1.3910457415724082,1.4784492686345172,-0.204421727345065,12,2.8694950102069257
24,2015,-1.4998761628118513,1.7367877151468012,-0.17342757349842738,12,3.2366638779586525
24,2016,-1.3507704663763107,0.9455485875109593,-0.0800375382303249,11,2.29631905388727
24,2017,-1.4463712063461565,1.7372344007362062,-0.1900256653032549,12,3.1836056070823626
24,2018,-2.205598650491519,1.7298346747516276,-0.0842012492583844,12,3.935433325243147
24,2019,-0.9765794197837494,1.3395388759615532,0.09237838916068723,12,2.3161182957453024
24,2020,-1.6591087033913263,1.7018192447707712,-0.20907532133164577,12,3.3609279481620975
24,2021,-1.1318354960943566,1.9276740881959527,-0.05302695377037644,12,3.0595095842903093
25,2011,-1.487335041010283,1.0515222548046887,0.04662551830787648,12,2.5388572958149718
25,2012,-1.0061398782402506,1.1710733690354556,0.15277000608158323,12,2.177213247275706
25,2013,-1.569840598017776,1.650869458601875,-0.1930552147356799,11,3.220710056619651
25,2014,-1.8399764392839468,1.034220869730521,-0.10080583432523596,13,2.874197309014468
25,2015,-1.0384349088853793,1.4039285282977254,-0.060179769388130966,10,2.4423634371831047
25,2016,-1.3212040141237649,1.4682259840161334,-0.16507895007060364,11,2.789429998139898
25,2017,-1.222213756124624,0.8555500485939291,-0.10225797564982911,13,2.077763804718553
25,2018,-2.0546797095279876,0.9037636448530948,-0.36101612756766516,12,2.9584433543810826
25,2019,-1.069276946010261,0.7224524549275169,-0.09006358534285666,10,1.7917294009377778
25,2020,-1.3149715566476532,1.5358720520269689,-0.23634236025496091,12,2.850843608674622
25,2021,-1.3307051378955972,2.0849777916671908,-0.15606232800131223,13,3.415682929562788
26,2011,-1.6778502466739824,1.537205875606867,0.05537268156036896,9,3.215056122280849
26,2012,-1.828288465004165,2.1916706126131045,0.1254121787340437,12,4.019959077617269
26,2013,-0.6568723167509558,2.208282721069461,0.590533640599126,9,2.8651550378204167
26,2014,-0.7379379092286027,1.7708142383240733,0.3582413527907097,11,2.508752147552676
26,2015,-1.3042786866988552,1.2899056188762268,-0.17799563362906862,11,2.594184305575082
26,2016,-1.0841214118553506,1.266455324978633,0.0024966389788968766,10,2.3505767368339834
26,2017,-1.7548889872962223,1.49811942237492,0.32462595359367286,11,3.2530084096711422
26,2018,-0.7848789648693091,1.498284570639588,0.3202279288320765,10,2.283163535508897
26,2019,-1.2427343658175283,1.5640076216257683,0.146918040145361,11,2.8067419874432966
26,2020,-1.1865691593922658,1.081901181574913,0.11041513222814223,11,2.2684703409671787
26,2021,-2.2144781536561617,1.339010443667628,0.027045019029160372,12,3.5534885973237897
27,2011,-1.2784093095273246,1.1739996397828785,-0.1409571615116517,10,2.452408949310203
27,2012,-1.148645430253845,1.4213754047500744,-0.3299432984824744,11,2.5700208350039193
27,2013,-1.383237519086286,1.4591854087173604,-0.22612685166828533,13,2.8424229278036464
27,2014,-1.2681077966606331,1.6414867350384692,-0.1009380553293703,11,2.9095945316991023
27,2015,-2.135567960179089,1.267498156560987,-0.22251178017555162,13,3.403066116740076
27,2016,-1.1245812071870926,1.326759439628235,-0.013514020444326957,12,2.4513406468153276
27,2017,-1.932045681826143,0.48500561222926886,-0.2467744673828481,12,2.417051294055412
27,2018,-1.3599321709544892,0.756041559294729,-0.20262892111943104,15,2.1159737302492183
27,2019,-2.208778244014208,1.0131322386716084,-0.07496502576018992,13,3.2219104826858165
27,2020,-0.5761915772994086,1.1754233974667714,0.006521326358526851,12,1.75161497476618
27,2021,-1.1828679633783477,1.4162071320009528,0.018487762070347944,11,2.5990750953793005
28,2015,-2.135567960179089,-0.6946665528133503,-1.4151172564962198,4,1.4409014073657387
28,2016,-0.2857731044013435,0.7940379769064663,0.14405338056212333,4,1.0798110813078097
28,2021,-1.235702953589342,2.5260016927769193,0.17693166257824397,14,3.7617046463662613
29,2011,-1.4568382566761695,0.6964999067412556,-0.3250419179102711,3,2.153338163417425
29,2012,-1.7233698697299962,1.1271404143627348,-0.47325201208763323,4,2.850510284092731
29,2020,-2.23173034920252,1.8977526734743582,-0.5991643626712166,5,4.129483022676878
30,2011,-0.7790226306695761,1.457390263500627,0.2069403892524485,8,2.2364128941702033
30,2012,-1.9386290789667355,0.5235402232202657,-0.6050401175866768,11,2.462169302187001
30,2013,-1.5257642292859797,1.07095814659974,-0.14372082436316624,13,2.5967223758857196
30,2014,-0.9347258587121073,1.3395823384879517,0.10093285173027709,12,2.274308197200059
30,2015,-1.719923323438972,1.0324853573549566,0.019166514577200592,11,2.7524086807939288
30,2016,-0.638411116062856,1.0499190210699496,0.36588059772258963,11,1.6883301371328057
30,2017,-0.41979505750551543,1.5305595113859884,0.3034968363604617,11,1.9503545688915038
30,2018,-1.1491660637467986,1.270194983674752,0.1767568367620731,12,2.4193610474215506
30,2019,-1.346239067052887,1.5405249991933831,0.1346459714985733,10,2.88676406624627
30,2020,-1.0906364897961558,1.5557146857374855,0.08927157623077675,10,2.646351175533641
30,2021,-1.288945936002738,1.243307436687994,0.23759830345465313,11,2.532253372690732
36,2011,-0.908720376076557,2.2055482983569488,0.16080416049769122,12,3.1142686744335055
36,2012,-1.4036466324813102,1.3880391948614514,0.08578625281826925,11,2.7916858273427616
36,2013,-0.7737033394434436,1.441973484797732,0.32419766577479725,10,2.2156768242411755
36,2014,-0.5024285584065231,1.231618448287585,0.2111789025556161,10,1.734047006694108
36,2015,-1.0439759849020143,1.6151201253256977,0.06852086769914417,11,2.659096110227712
36,2016,-1.1926930856121167,1.6933051451951482,0.2190603484878163,11,2.8859982308072647
36,2017,-0.6665255095208151,1.6118275865389522,0.2055564806179543,10,2.2783530960597673
36,2018,-0.446612373054497,1.2317673555140813,0.11572912515339115,10,1.6783797285685784
36,2019,-1.0808423972186343,1.2993929683151209,-0.0021036588772232745,12,2.380235365533755
36,2020,-0.6215464593995147,0.9504697226775919,0.41925231620535275,10,1.5720161820771066
36,2021,-0.70864095057063,1.4197379139046444,0.25034539140597334,9,2.1283788644752746
38,2011,-1.12324077906219,2.7074938096813086,0.2601403638455814,11,3.830734588743499
38,2012,-1.1194481993713667,1.1211974401564169,-0.07578897089336242,11,2.2406456395277834
38,2013,-1.1043267394884064,1.360368444729811,-0.058317254574302146,11,2.4646951842182174
38,2014,-0.8317732875351567,1.068548332919289,0.04467713249563784,12,1.9003216204544457
38,2015,-0.7682204204668371,1.9549312325560921,0.1996886282126531,11,2.723151653022929
38,2016,-0.6057973712754748,1.4942467731611033,0.2971885795315664,10,2.1000441444365783
38,2017,-1.0866766931999765,1.5505134519563322,0.08795380572977794,11,2.6371901451563087
38,2018,-1.1755768784154168,0.9081582946673442,0.06669312294094837,11,2.083735173082761
38,2019,-1.272084115187434,1.3287242032701965,0.08007651019333227,11,2.6008083184576307
38,2020,-1.701525121599563,1.1877391114461737,-0.07435578250375624,11,2.8892642330457368
38,2021,-2.3538055842706553,1.6567799388253601,0.10242914878806503,13,4.010585523096015
39,2020,-0.2571729498535759,1.2146036302167018,0.4478836568836481,5,1.4717765800702778
40,2018,-2.205598650491519,0.18285763258350052,-0.8123324853644244,5,2.3884562830750196
40,2020,-1.5500379137130038,-0.8001762346745355,-1.0501301276873583,3,0.7498616790384683
41,2011,-1.1252668355116557,2.495608239758527,0.0015936883867965692,11,3.620875075270183
41,2012,-0.5776441865353392,1.4121570965158736,0.12233959682370332,9,1.9898012830512128
41,2013,-2.3044467435477203,1.2642037053220025,-0.2549874499995456,11,3.5686504488697226
41,2014,-0.8010533720181302,1.335162291627413,-0.021133559513131873,13,2.1362156636455434
41,2015,-1.4374568131995644,1.3718894130138273,-0.11128315459592941,11,2.8093462262133917
41,2016,-1.1548450827869434,1.0908045577255248,0.05155817559954692,11,2.245649640512468
41,2017,-0.8747052952208403,1.2703043067160629,0.13428303466273453,10,2.145009601936903
41,2018,-1.54320522793454,1.047733520051881,-0.25997935445611425,12,2.5909387479864208
41,2019,-1.6087509904758976,1.6698870434226154,-0.08439904584768751,13,3.2786380338985133
41,2020,-0.788146368165897,1.4045318555353967,0.21043917003118912,10,2.192678223701294
41,2021,-1.106635334742861,2.0558342644514376,0.18083965124523912,11,3.1624695991942984
42,2011,-1.573812223985099,0.7123684999922462,-0.4719813927109435,13,2.286180723977345
42,2012,-2.3272915400886256,1.0836218640342703,-0.2610901670999013,12,3.410913404122896
42,2013,-1.1789560506652041,1.708016948287977,-0.06297850758729835,11,2.886972998953181
42,2014,-1.6735318282263032,1.3812851298197606,-0.14476681124043184,12,3.0548169580460636
42,2015,-1.3192937638881532,1.213982766709629,-0.2238877279542372,12,2.5332765305977825
42,2016,-2.2391392177783933,1.5648974604882253,-0.2846758773239129,14,3.804036678266619
42,2017,-1.4971238365849937,1.7112019691572904,-0.08009586589202307,12,3.208325805742284
42,2018,-1.613632114815598,1.1087295949171336,-0.33018723500690433,12,2.7223617097327315
42,2019,-1.042528089249605,1.803031881387285,0.26696267325718187,12,2.8455599706368897
42,2020,-1.5810239335079816,1.5875278294822153,-0.11502110905245322,10,3.168551762990197
42,2021,-1.3815424271564698,0.9018604850751947,-0.10220864485195821,11,2.2834029122316646
43,2011,-1.1974730814981924,1.6046717051056332,-0.09705715303596592,12,2.802144786603826
43,2012,-1.1496442828892983,1.9693525128744378,0.002674739230336405,16,3.118996795763736
43,2013,-1.1593253990451604,2.1788768234138183,0.33007978732429594,14,3.3382022224589787
43,2014,-0.8783802635152332,1.5957853682712857,-0.03227535149476238,15,2.474165631786519
43,2015,-1.6209603146913252,1.157920970942599,0.0793928520525752,14,2.7788812856339242
43,2016,-1.2963949545655316,1.3081358065140696,-0.018396867848016626,15,2.604530761079601
43,2017,-1.272804847320456,1.3277509434627173,0.15520844991554203,12,2.600555790783173
43,2018,-0.8107775008051306,0.9537118268847606,0.12369238601625289,13,1.7644893276898912
43,2019,-1.3087373637067425,1.6102148156719973,0.010531975992826587,16,2.91895217937874
43,2020,-0.5732225335908306,1.7256548469795523,0.36763602954494023,15,2.298877380570383
44,2011,-2.0587747868117923,2.3490156363668246,-0.33375171369319684,12,4.407790423178617
44,2012,-1.301535135157888,1.8913598366424196,-0.059480848186458914,12,3.1928949718003077
44,2013,-1.1786406988319507,1.0127407672072957,-0.3121296592674309,12,2.191381466039246
44,2014,-1.4235024188389869,1.5514320592278918,-0.18590697057310998,12,2.9749344780668787
44,2015,-1.0849106839749045,0.5476854480256133,-0.27538145076185927,11,1.6325961320005178
44,2016,-1.1044919927272845,1.0606693199381594,-0.3565607588068459,11,2.165161312665444
44,2017,-1.1311497919721265,0.720484145795323,-0.3334368812683612,11,1.8516339377674496
44,2018,-1.6225674587503292,1.2342009359575372,-0.46150274665285274,11,2.856768394707866
44,2019,-0.9644594313486957,1.6499496529180173,-0.023670199269367254,10,2.614409084266713
44,2020,-1.9205229330007842,1.4221411050212887,0.05520378137470614,12,3.3426640380220727
44,2021,-1.0607617256596127,1.5947049978080574,-0.15478397314475095,10,2.6554667234676703
45,2011,-1.612094613286203,1.145357379910088,-0.03585254464498275,12,2.757451993196291
45,2012,-1.070593950650445,0.7131993037639487,-0.15737739213585938,11,1.7837932544143937
45,2013,-0.7706781548503522,1.9319089039902484,0.26464236099129584,11,2.7025870588406007
45,2014,-1.0902659989777368,1.5050885375992178,0.27299811465052964,12,2.595354536576955
45,2015,-1.3350671783092343,0.6824551174603184,-0.06677661339354064,12,2.0175222957695524
45,2016,-2.0689853751497305,1.6077788595600364,-0.018533182337769814,11,3.6767642347097667
45,2017,-1.7814752733440027,1.67112938909718,-0.11532335826409412,12,3.452604662441183
45,2018,-2.0036335971432635,0.9492645056539009,-0.06583892270602949,11,2.9528981027971644
45,2019,-1.7530971693931328,0.7045354478432564,-0.2243822975217733,12,2.4576326172363894
45,2020,-1.0974388376912754,1.0189256788140635,-0.21641995098159872,14,2.116364516505339
45,2021,-1.7947542689299987,1.5853093747692024,-0.169424455239188,12,3.3800636436992013
46,2011,-1.3063009382609696,1.6989159483321257,0.12551551652734694,12,3.0052168865930953
46,2012,-1.6445974779440882,1.0405390561731465,0.14293142918189172,12,2.685136534117235
46,2013,-1.2047805974528956,1.2517970089147423,-0.10217618136118642,11,2.456577606367638
46,2014,-1.361667188560403,1.7747398391220428,-0.035852668542242824,12,3.136407027682446
46,2015,-1.7753426083376544,1.6422754638595907,0.04780490552856584,12,3.417618072197245
46,2016,-1.2878245521726874,1.201231627699776,-0.061590790677763074,12,2.4890561798724633
46,2017,-0.9831356087521227,1.5643668072136143,-0.025263728336757274,12,2.547502415965737
46,2018,-1.1882931965891959,1.5501269946295066,0.1719859036944267,10,2.7384201912187027
46,2019,-1.0211167266836456,1.782511933493123,0.24920946685664233,11,2.8036286601767686
46,2020,-1.3896396935978232,1.956326900746371,0.26272841523249885,14,3.345966594344194
46,2021,-1.3730138029712577,1.057880667461508,-0.1525514773998888,13,2.430894470432766
47,2011,-1.637303763972884,0.8867394474811285,-0.46986085759510227,13,2.5240432114540123
47,2012,-1.4385011572966804,1.9179225544911518,-0.14332688351931702,14,3.356423711787832
47,2013,-2.188225472762386,0.8720484987664632,-0.4772960625874174,10,3.0602739715288494
47,2014,-1.2029632741709169,2.302654823406274,-0.33135785382532046,12,3.505618097577191
47,2015,-1.6631412692395025,1.5742708847378488,-0.2366449267445478,15,3.2374121539773513
47,2016,-1.8404930721912403,2.7338800158191416,-0.22978546430544103,14,4.574373088010382
47,2017,-1.726425425325221,1.3496208559362282,-0.3592039600750282,14,3.076046281261449
47,2018,-1.3604525810957426,2.0834163961725483,-0.12064145976455097,13,3.443868977268291
47,2019,-1.5786126352753433,1.9439766013558604,0.27620883255157885,14,3.5225892366312035
47,2020,-1.715854992615859,1.6424844239211291,-0.09824147236061172,14,3.358339416536988
47,2021,-0.691398795248079,1.3041845037608024,0.394376391943631,12,1.9955832990088815
48,2011,-1.393113632694439,1.138893472004436,-0.29015321359349927,12,2.532007104698875
48,2012,-1.2911213645494544,1.8327629185592622,-0.02618722296421779,9,3.1238842831087164
48,2013,-1.8718453467356422,1.7951979543311076,-0.16114609217742,10,3.66704330106675
48,2014,-1.1894562199536836,1.4676916417675856,0.06243178804640017,10,2.657147861721269
48,2015,-1.517359435566726,0.8998334817335074,-0.13208484964637088,11,2.417192917300233
48,2016,-1.9358214983099076,1.2192012759904982,-0.5021809809081944,12,3.155022774300406
48,2017,-2.1935627070845976,1.0475895294674782,-0.3525040413970655,12,3.2411522365520757
48,2018,-1.8786076117372008,0.9954222999070444,-0.03256939279566994,12,2.874029911644245
48,2019,-0.8944328315017189,1.2009469399110138,0.04950535655866756,10,2.0953797714127327
48,2020,-1.1713198939966056,1.7012392540795958,0.07657622338247211,10,2.8725591480762014
48,2021,-1.086989795813995,0.9627396638589384,0.005455356675029419,9,2.049729459672933
49,2016,-1.6577802554637953,1.8645711044422995,0.30906947754340824,5,3.5223513599060947
49,2018,-1.5516165729828826,1.4567009835568443,-0.19097052838852546,4,3.008317556539727
49,2019,-1.104728097503717,0.9949386989849842,0.0821258099950605,5,2.0996667964887012
50,2011,-2.196043894864241,1.0560112674519997,-0.2703216581350635,13,3.252055162316241
50,2012,-1.7363574325334077,1.8175649827992033,-0.030223352948563088,14,3.553922415332611
50,2013,-1.3650837104700646,1.253546424125883,-0.05010194649927879,12,2.6186301345959473
50,2014,-1.3796117809221315,1.7050017681542822,0.023519727100666108,14,3.0846135490764137
50,2015,-1.400414180910855,1.6661834019927921,-0.4900300801590431,11,3.066597582903647
50,2016,-1.1692901369694204,1.1063762976974352,-0.22798018420099295,12,2.2756664346668556
50,2017,-1.3841052479512863,1.2279517067135144,-0.01343005898746776,13,2.6120569546648005
50,2018,-1.9741330837328441,1.2901298058943722,-0.4438718851267031,13,3.2642628896272163
50,2019,-2.208778244014208,0.8468042749192182,-0.4457159205389866,13,3.0555825189334263
50,2020,-1.7380909993652842,0.8635217903174468,-0.13010237773194727,11,2.601612789682731
50,2021,-2.3538055842706553,0.9557782025460326,-0.31225411087488847,13,3.309583786816688
51,2012,-1.7858445252843373,2.5328399975593925,0.13054074231509033,5,4.31868452284373
52,2011,-1.4006599697449074,1.2279679355949185,0.19925146960972737,12,2.628627905339826
52,2012,-0.757095197156189,1.4051423898327398,0.2885157199462538,12,2.1622375869889288
52,2013,-1.2738375334954164,1.2245222043113275,0.046092327332551426,12,2.498359737806744
52,2014,-0.6698086012642063,1.1371565487199695,0.06772870966792605,11,1.8069651499841757
52,2015,-1.2039506709339993,1.636203370866521,0.07643338880984134,12,2.8401540418005204
52,2016,-1.1470016144525668,1.6146491236026534,0.35348251857267976,12,2.76165073805522
52,2017,-0.5916889984839395,2.4492285342879634,0.5991093095682068,13,3.040917532771903
52,2018,-1.581343031051457,1.3148513498437033,0.25556375647452745,12,2.8961943808951602
52,2019,-0.5049971537202408,2.019609300187155,0.3386554376654123,12,2.524606453907396
52,2020,-0.39116077338082583,1.9275147132774348,0.4692890874640398,13,2.3186754866582606
52,2021,-0.30100617203408275,1.3191885648273796,0.5226752946551481,13,1.6201947368614622
53,2013,1.1563644309489054,1.9783070848918547,1.62261260306859,3,0.8219426539429493
53,2015,-0.6249455169730727,1.0940386425372217,0.3486710407657337,7,1.7189841595102944
53,2016,-2.2391392177783933,1.7473222380931364,0.7475596677127239,5,3.9864614558715297
53,2017,-0.7154229991020291,1.8061094439270584,0.026273809492021894,5,2.5215324430290877
53,2018,-1.8132094039863371,2.4461125782392648,-0.16615361746565652,5,4.259321982225602
53,2019,-1.7158987143220246,2.922224039448009,-0.6135259666771529,5,4.638122753770033
53,2020,-1.6352494681491934,1.989518962867178,-0.07292839123644079,4,3.6247684310163715
55,2011,-1.5477781262067758,1.0744879156422549,-0.20969659176633468,12,2.6222660418490307
55,2012,-0.7308523613411623,1.2884403543253784,0.042938245172395056,11,2.019292715666541
55,2013,-1.727644881131616,1.7163204445794926,-0.17431201579195235,13,3.4439653257111087
55,2014,-1.0815665399715855,1.0636873070449135,-0.018335046613918222,14,2.145253847016499
55,2015,-1.2778885510328162,1.2178582695031293,-0.19012115701045226,12,2.4957468205359454
55,2016,-1.9869835232804953,0.9814573064075907,-0.048646969165304844,12,2.968440829688086
55,2017,-0.957300405862813,0.873855032789003,-0.003986094833405636,12,1.831155438651816
55,2018,-0.9032722720044932,0.8334295509041878,0.010600973063556758,13,1.736701822908681
55,2019,-1.4420767533819228,3.0858018611068565,0.3006519063070345,12,4.527878614488779
55,2020,-0.979642202385041,1.8584242637345785,0.17262546110060475,12,2.8380664661196193
55,2021,-1.1654839477977619,1.8130365176472827,0.08504631847117064,14,2.978520465445045
56,2011,-2.310748218031355,0.9829044900529325,-0.2312691071771168,11,3.2936527080842875
56,2012,-1.5912620043390462,1.8799796015558365,0.04488821180586098,12,3.4712416058948827
56,2013,-1.4989131081045404,2.096802250105597,-0.0014726765412896943,13,3.5957153582101373
56,2014,-1.2239269727079638,1.3949865130556895,-0.1306692602076078,12,2.6189134857636533
56,2015,-1.1691096991410936,1.3602553406457427,-0.002303670198182985,11,2.5293650397868364
56,2016,-1.9313609436118413,1.3863962129097636,0.13232936839574375,11,3.317757156521605
56,2017,-0.6070260871833073,1.6227252662522154,0.2116958661858111,10,2.229751353435523
56,2018,-0.7599540581040072,1.3897076975681546,0.18362771268490485,12,2.149661755672162
56,2019,-0.853974611649005,1.041863054773732,0.08151308908718365,13,1.895837666422737
56,2020,-1.6929734243801604,1.258422244068186,-0.3913245951627909,12,2.951395668448346
56,2021,-1.0878057802187977,1.3732031846670563,0.07213220589959278,13,2.461008964885854
57,2011,-1.2146038936292942,1.3237945125102755,0.10496377759583861,11,2.53839840613957
57,2012,-1.6684678996973936,1.6217052505198972,0.21520028109901093,10,3.290173150217291
57,2013,-1.2469766624515293,1.2945060534603257,0.08785364736869405,12,2.541482715911855
57,2014,-1.6882424244369592,1.2117439060134625,-0.16755420807863355,12,2.899986330450422
57,2015,-2.135567960179089,1.2455753678466532,-0.034202064703360874,11,3.3811433280257424
57,2016,-1.1861116633972346,0.9957190502188454,0.0948474798737778,12,2.18183071361608
57,2017,-0.6009004631682445,1.4382681095569099,0.261481198777145,12,2.0391685727251545
57,2018,-0.791053322477402,1.8051055947605605,0.2891452454313487,11,2.5961589172379624
57,2019,-0.751384462251976,0.6245193730325972,0.05973888282652233,11,1.3759038352845732
57,2020,-0.9246592011552298,1.1346320578822893,0.11965198629415266,10,2.059291259037519
57,2021,-0.9734319661455771,3.6094084460296836,0.2560726615393778,13,4.582840412175261
58,2011,-1.4101996788464422,1.310592616905032,-0.12395722058981926,11,2.7207922957514743
58,2012,-0.7686407585012807,0.5133363893982368,-0.06020805819326265,10,1.2819771478995174
58,2013,-1.3815637636819535,0.8384284646171375,-0.18767148763606112,12,2.219992228299091
58,2014,-1.2349721786961312,1.0790188544337525,-0.1981333627674234,12,2.3139910331298834
58,2015,-1.2643252487486425,1.1860404068539905,-0.09970216352812514,11,2.450365655602633
58,2016,-1.5001235877174637,0.765299863950796,-0.2412948565000319,10,2.2654234516682594
58,2017,-1.2557085475370369,1.7193241048013337,-0.08047158140739014,11,2.9750326523383706
58,2018,-1.997513444011498,0.559629460171869,-0.24869084416953607,10,2.557142904183367
58,2019,-0.9149694785722265,1.0498572950126328,-0.011169867962517021,11,1.9648267735848592
58,2020,-0.7857160921035459,0.7659059478172638,-0.1810895038199216,11,1.5516220399208098
58,2021,-0.608244515274512,0.6945538267410849,-0.0671091348038443,12,1.3027983420155969
59,2011,-1.4066082589493938,1.849480454579142,-0.08175845933752686,11,3.256088713528536
59,2012,-1.3064208527331715,1.0981367876461485,-0.1678536068400923,11,2.40455764037932
59,2013,-2.024680570759071,1.2563627437798381,-0.09379437920841817,12,3.281043314538909
59,2014,-1.6617187736935042,0.8219634279985841,-0.1378056711256657,14,2.4836822016920883
59,2015,-1.3314935141044582,1.0559022622757266,-0.1623722680117696,12,2.3873957763801847
59,2016,-1.1792995068476069,1.3536292794048814,-0.030336794484798715,11,2.532928786252488
59,2017,-1.4193687412204603,1.338936111847041,-0.1707573259512364,12,2.7583048530675014
59,2018,-1.7686197168834754,1.2317401383382378,-0.22053743859760588,11,3.0003598552217134
59,2019,-0.9286296012842836,0.5213457595851034,-0.037996778685028196,12,1.449975360869387
59,2020,-1.3727978804857295,1.0304072057747795,-0.09499266892782231,11,2.4032050862605088
59,2021,-0.8555106017831331,1.3183321608888112,0.0896950005903931,9,2.1738427626719443
60,2014,-1.572464583890132,1.912911527931549,-0.16421487720347172,6,3.4853761118216813
60,2017,-1.3162152675078473,2.9060192854552636,0.4705027931902048,5,4.222234552963111
60,2020,-1.4364225077980843,-0.27961110211890494,-0.7456363491078678,4,1.1568114056791794
61,2011,-1.4343669419036646,1.7327934026014722,-0.22864711706301286,11,3.167160344505137
61,2012,-1.9347424543555167,1.3135110119610485,-0.31167055655514525,12,3.248253466316565
61,2013,-1.1852876643456234,1.9331348948379965,-0.1991611228174429,12,3.11842255918362
61,2014,-1.3725041837611487,1.0369668977769946,-0.06422064972156966,14,2.4094710815381433
61,2015,-2.135567960179089,0.9054504796756744,-0.21505352156600618,12,3.0410184398547635
61,2016,-1.3016117212394367,1.7917770727929483,-0.2054727417622571,11,3.0933887940323848
61,2017,-1.7078882316046107,2.0702208116185643,-0.10989847477661996,12,3.778109043223175
61,2018,-1.4452596261216164,1.6558445976098717,-0.1380516557135592,13,3.101104223731488
61,2019,-1.633752126039994,1.2261795356026823,-0.08130509383061575,14,2.859931661642676
61,2020,-0.9709866687943518,1.8990549386975304,0.26392283041237735,13,2.870041607491882
61,2021,-2.058596968909253,2.1186049384545984,0.2726496162932411,12,4.177201907363852
62,2011,-1.2722090758426157,1.479841565307755,-0.013444836576167048,11,2.7520506411503707
62,2012,-1.2300715718251185,2.022856639539497,0.36107874626087566,10,3.2529282113646154
62,2013,-1.3538971885303057,1.8230483013734093,0.12313491796936815,12,3.176945489903715
62,2014,-1.0238138289223446,1.6891037139751564,0.16096473222590063,13,2.712917542897501
62,2015,-0.6946665528133503,1.5838320141186506,0.24620306663901245,12,2.278498566932001
62,2016,-1.7408315357944522,2.1669497597638236,0.005133310959496514,13,3.9077812955582756
62,2017,-1.3255487509076,1.3373496317412379,-0.16397519230138446,11,2.662898382648838
62,2018,-0.695619089332835,1.6339090303656358,0.04628088729082153,11,2.329528119698471
62,2019,-0.8985921524273912,1.7641294801712706,0.30346435218668333,13,2.662721632598662
62,2020,-0.5475490379931265,0.8349652336747109,0.15172064381876807,12,1.3825142716678374
62,2021,-1.3373486472876432,1.9222714408052015,-0.0818771127623694,12,3.259620088092845
63,2017,0.3967011621419985,1.7291926717922184,1.0567203211276215,3,1.33249150965022
63,2019,-2.208778244014208,1.758901970007868,-0.3526220058957941,10,3.967680214022076
66,2011,-0.6104850206427109,1.3061963587046101,0.20579473956277536,10,1.9166813793473212
66,2012,-1.1060277178078417,1.181668133024054,0.37715740694265587,10,2.287695850831896
66,2013,-1.5965535487643197,1.954696616266796,0.26908793520515784,12,3.5512501650311155
66,2014,-0.9108193942607865,1.6082580440820997,0.30681671021472595,12,2.519077438342886
66,2015,-0.7781970691823787,1.456344160574738,0.29592385866284965,13,2.2345412297571166
66,2016,-1.394638830416135,2.0715224167332913,0.26897678997326546,10,3.4661612471494263
66,2017,-0.7608230044186365,1.2719172543190218,0.20328004728762475,10,2.0327402587376584
66,2018,-1.1459054693432658,1.2748402140578676,0.001352530004099821,10,2.420745683401133
66,2019,-0.7907430708843322,1.7227956788792549,0.2972715934375843,12,2.513538749763587
66,2020,-1.5500379137130038,1.1730470042694434,-0.01610749626784112,12,2.7230849179824475
66,2021,-1.4022288773078355,1.4409669804659233,-0.19156444396865688,12,2.843195857773759
67,2020,-0.9869006843955771,1.0489144965907777,0.16493724057013312,5,2.0358151809863547
68,2011,-0.8434435774418205,1.2797614864967,0.2674604628933599,12,2.1232050639385207
68,2012,-0.6273638753754466,0.9691142439522268,0.22929343969082186,12,1.5964781193276734
68,2013,-1.7401840520537055,1.9794444011249537,0.05183596386800485,12,3.719628453178659
68,2014,-2.0633626278086785,1.422780512206625,0.07328788386297405,13,3.4861431400153036
68,2015,-1.562482173158625,2.342909387038747,0.172146910601215,14,3.905391560197372
68,2016,-0.3365098865669815,1.3556072425609764,0.2560514535712397,11,1.692117129127958
68,2017,-0.9812589775919173,1.4462617652434102,0.12335833035752601,12,2.4275207428353274
68,2018,-0.9350872135694546,2.2174570339698567,0.10242023211897006,13,3.1525442475393115
68,2019,-1.1847856966604644,1.3964416866555833,0.19748560041569377,9,2.5812273833160475
68,2020,-1.0523249707561693,1.5462516762478602,0.22994787342376188,10,2.5985766470040295
68,2021,-1.2983694727130735,1.5534102020662426,0.2797476798837169,11,2.851779674779316
70,2011,-1.4114175140508936,1.0973181465791424,-0.016857303961286867,10,2.5087356606300357
70,2012,-1.181162822619694,1.0805521712207835,0.15672084873326672,12,2.2617149938404775
70,2013,-1.092126661463573,1.6309124862177864,-0.13765603964861692,11,2.7230391476813596
70,2014,-1.3469168339816104,1.80434431548813,-0.14855019903989602,11,3.1512611494697405
70,2015,-1.8004746096289173,1.705271296154123,0.08098982711017667,13,3.5057459057830402
70,2016,-1.049995885771261,1.6466279396611483,0.187846694946301,14,2.6966238254324093
70,2017,-1.1177015272238673,2.0708477027478502,0.038171697843294515,14,3.1885492299717173
70,2018,-0.9793822551628258,2.0384225020291122,0.014504085644366076,11,3.017804757191938
70,2019,-1.602157284393059,1.4533045515365597,-0.15809128724679458,12,3.0554618359296186
70,2020,-1.9666277354010415,2.3671550137548087,-0.14796362153765558,13,4.3337827491558505
70,2021,-1.288945936002738,1.5295236407593664,-0.2707584241224527,12,2.818469576762104
71,2011,-1.9166359281751157,1.633398559992853,-0.26537448393873436,11,3.550034488167969
71,2012,-2.3272915400886256,1.3788731461943204,-0.47421537579462186,12,3.7061646862829463
71,2013,-1.3700277264336314,1.3108649298103623,0.07305089096566278,13,2.6808926562439934
71,2014,-1.5973930001828707,1.2939907342333643,-0.4455840040519705,14,2.8913837344162348
71,2015,-1.2049189442858501,1.1084144126425104,-0.22101451408868392,12,2.3133333569283607
71,2016,-1.5236204949296572,0.29431292240164453,-0.534584968492471,12,1.8179334173313018
71,2017,-0.6760905261857546,0.5955964235290407,-0.04210573950432811,12,1.2716869497147953
71,2018,-1.210408532543594,0.88286227045318,-0.1296145929499766,12,2.093270802996774
71,2019,-1.5634251907481835,0.819627558967136,-0.22810621996801908,12,2.3830527497153193
71,2020,-1.0423727011807806,1.2982778998232387,0.06941545187569396,16,2.340650601004019
71,2021,-1.207033655366744,1.2621859021880604,0.04465210806351537,13,2.4692195575548044
72,2014,-1.6358062669763962,1.7235651395629665,-0.19515765413035838,4,3.3593714065393625
73,2016,-2.2391392177783933,2.799305122281457,-0.2344025174457219,6,5.038444340059851
73,2017,-0.9410337966362107,3.163573931543135,1.156827040861454,5,4.104607728179346
73,2019,-0.7087101101684324,1.9314098054001323,0.5443332290268426,5,2.640119915568565
74,2011,-2.310748218031355,-0.11497974597516339,-1.247623757695905,4,2.1957684720561916
75,2018,-0.8322362877233827,-0.8322362877233827,-0.8322362877233827,2,0.0
75,2019,-1.7158987143220246,4.3629488185482375,0.12168474963905052,6,6.078847532870262
75,2020,-0.724831281278326,4.353418577626209,1.0159655857373104,4,5.078249858904535
77,2011,-1.8586782384903744,1.4400198934727189,0.01681082803531865,13,3.2986981319630932
77,2012,-2.0655921495998864,1.8849640714306137,-0.22727091868936253,12,3.9505562210305003
77,2013,-1.8835372763792118,1.0012809113370287,-0.3009730333492387,14,2.8848181877162404
77,2014,-1.5186675379812502,0.7800698881195183,-0.389667780768262,10,2.2987374261007685
77,2015,-0.9735506961744611,0.7278599163075542,-0.12131783774721978,12,1.7014106124820154
77,2016,-1.0970424841726343,1.189692213015869,0.14418142227897454,11,2.2867346971885034
77,2017,-1.222213756124624,0.9656292347915574,0.041750244064360745,10,2.1878429909161814
77,2018,-1.0862437466679598,1.0404088833415517,-0.03767366471250858,10,2.126652630009511
77,2019,-1.5732230609900766,0.8901649067450288,-0.29950973630348954,11,2.4633879677351054
77,2020,-1.3606789038548046,0.7350497494725788,-0.12195203531686818,10,2.0957286533273836
77,2021,-0.9496419599013373,0.894252279353052,0.1886548512825524,10,1.8438942392543893
79,2011,-2.2538208872743426,1.0780623870001134,-0.2599871407620465,12,3.331883274274456
79,2012,-1.634557859383139,1.0085679744746268,-0.17999566324705218,13,2.6431258338577654
79,2013,-1.894613841304699,1.6793102078686994,-0.2905459284854995,12,3.5739240491733986
79,2014,-1.2905202263042612,1.6739205023182144,-0.12181401383309602,12,2.964440728622476
79,2015,-1.424809418429173,1.196830329503869,-0.2803775306289235,12,2.6216397479330418
79,2016,-0.7442161718265697,1.681062746681793,0.027610512698196175,12,2.4252789185083627
79,2017,-0.38611592491857094,0.4895971156692756,0.0018276478341841512,10,0.8757130405878466
79,2018,-1.1108895207488017,0.8644299744896757,-0.13320232607459934,11,1.9753194952384774
79,2019,-0.87053564218331,1.460649123603344,0.03395136982697709,10,2.331184765786654
79,2020,-1.9136072126407457,1.2131859691803304,-0.2790287246648899,12,3.126793181821076
79,2021,-1.5255814133956085,1.2408833467166052,-0.055002872395322804,11,2.7664647601122136
80,2020,-1.6591087033913263,0.9892664084854453,-0.4995498706236587,5,2.6483751118767715
82,2011,-1.9166359281751157,1.0701091442384636,-0.41839122972598114,13,2.986745072413579
82,2012,-1.2443975104800489,2.3408597497105106,-0.0806801948257082,14,3.5852572601905592
82,2013,-0.8870695827566865,0.7073588641602045,-0.14026828759251092,12,1.594428446916891
82,2014,-1.691052313600792,1.0560850654578926,-0.22243634709839036,15,2.7471373790586844
82,2015,-1.015766304642045,1.2350293834176145,-0.09759838256196283,14,2.2507956880596596
82,2016,-1.1396124847051317,1.5212298233998787,-0.10160850135482512,13,2.6608423081050105
82,2017,-1.5754315564737054,2.517313945864626,0.18795045067039454,12,4.092745502338332
82,2018,-1.3815812328306372,1.196999027951969,0.06995492604065617,11,2.5785802607826063
82,2019,-1.1737312316606228,1.1426009711729286,-0.0038403657365161685,11,2.3163322028335513
82,2020,-0.4422877060425394,0.6742021482367648,0.12479666285801892,11,1.1164898542793043
82,2021,-1.3919968697060847,1.5032151184672093,-0.12262052492809285,12,2.895211988173294
84,2011,-1.308332176440485,1.9001900174326198,-0.008384009124342626,14,3.2085221938731046
84,2012,-2.163729421033164,1.9850037822087492,0.23776480236285397,13,4.148733203241913
84,2013,-1.4847809390616775,2.046798914697567,0.1303980421867946,13,3.5315798537592444
84,2014,-1.4468860145156202,1.314451059431404,-0.11177398189001435,14,2.761337073947024
84,2015,-1.5090890874113765,1.6378745525380627,0.1738472461470049,12,3.146963639949439
84,2016,-1.5285893749494401,2.265937129687709,0.3297377198038982,12,3.7945265046371492
84,2017,-1.7273152106238103,2.5912302735700874,0.5624862357520439,13,4.318545484193898
84,2018,-1.331844455581938,1.649453595875179,0.02818760525667215,12,2.981298051457117
84,2019,-1.8211201869529403,1.3867873672268538,-0.05509502859982217,13,3.207907554179794
84,2020,-0.5947514290023584,1.257961534343112,0.1596331310454007,11,1.8527129633454704
84,2021,-1.3256652342188728,1.8043274422630942,-0.11902730618002463,10,3.129992676481967
85,2011,-1.4197117366172483,1.770121047065218,-0.13812312299036159,12,3.1898327836824665
85,2012,-1.034188669438384,2.525903211260165,0.10520746632590285,11,3.5600918806985486
85,2013,-2.096798073077923,1.7644435774537703,-0.03841583169037566,12,3.861241650531693
85,2014,-0.7238376462649849,1.0939368831982736,0.15358890044110876,12,1.8177745294632586
85,2015,-1.4806127750128442,0.8170988581933262,-0.04288634736700362,13,2.2977116332061702
85,2016,-0.8732698341991144,1.4771427565111261,-0.04328789308077791,11,2.3504125907102407
85,2017,-1.0110509406985428,1.3569527124525642,0.0449466908834923,12,2.3680036531511073
85,2018,-0.7240975190014821,0.9172057440668347,0.03275507066677441,11,1.6413032630683169
85,2019,-1.6567531707589624,1.727856960670114,0.279199167021044,12,3.3846101314290764
85,2020,-2.23173034920252,2.150315908015099,-0.26232916613105567,12,4.382046257217619
85,2021,-2.3538055842706553,2.373132366577174,-0.3958521100884116,13,4.726937950847829
87,2011,-0.7362215575813055,1.6852946543670804,0.2798531517198125,12,2.421516211948386
87,2012,-0.17614995334872574,1.1049222190139547,0.24824540748964835,10,1.2810721723626806
87,2013,-1.7853250673732266,1.2137975928383038,0.07948857728740538,11,2.9991226602115306
87,2014,-0.7315193875889898,1.4752420072763017,0.18713660588988634,10,2.2067613948652918
87,2015,-0.7986491286026305,1.6579556565581435,0.3026451294366139,13,2.456604785160774
87,2016,-1.0152256129055552,1.06232463581662,0.14812092526960444,11,2.0775502487221753
87,2017,-0.9430904943545166,1.5649527407042965,0.09442642540759678,11,2.508043235058813
87,2018,-1.0725064426410686,1.975077953817366,-0.005605665941337397,12,3.0475843964584346
87,2019,-0.7505988052267671,1.0845531589290176,0.11264976567112191,12,1.8351519641557847
87,2020,-1.4308609145015498,1.3153583254916963,0.22708366618066553,10,2.746219239993246
87,2021,-1.0953350908631165,0.9723852271729525,0.030464888567223392,10,2.067720318036069
89,2017,-1.5459967397779486,0.9633213835353167,-0.46488535735949793,5,2.5093181233132653
89,2019,0.3468933914267428,2.161420252589818,1.0856041927184845,3,1.8145268611630754
91,2021,-1.288945936002738,1.6651808301598725,0.1909428208238874,12,2.9541267661626103
92,2017,-1.1474946060507798,1.3158270512224037,0.3962631773644934,6,2.4633216572731835
93,2011,-1.1284113484626364,0.8958309127127734,0.10145165885170983,11,2.02424226117541
93,2012,-0.8158726003675638,2.0924157920863085,0.29426034173367777,10,2.9082883924538723
93,2013,-1.1013321292377345,2.349747594568432,-0.07149074689047828,12,3.4510797238061666
93,2014,-1.266114676783069,1.3516956561003455,0.08267263622857848,10,2.6178103328834146
93,2015,-1.3042786866988552,2.388043474135197,0.3527120036258266,11,3.692322160834052
93,2016,-1.3212040141237649,0.9354291446942178,-0.0748279054334094,11,2.2566331588179827
93,2017,-1.1933866259671022,1.8793428776779761,0.2858904419705265,11,3.0727295036450784
93,2018,-1.0507821971693068,1.8319688108654482,0.24969190345853895,12,2.882751008034755
93,2019,-1.210048670690573,2.410487074857357,0.3578208463194901,12,3.6205357455479303
93,2020,-1.7590473868583745,1.6438005089781873,0.1424764081330909,12,3.4028478958365618
93,2021,-1.1231894813195242,1.708383839054743,0.4422851131594116,14,2.8315733203742672
94,2013,-1.3586785076022863,1.7290166396785631,-0.12764755457006302,12,3.0876951472808494
94,2014,-1.0729816775183199,1.2217809714163808,0.0631167431223117,12,2.2947626489347006
94,2015,-0.627647882703316,1.7518397139740345,0.20657933610169263,15,2.3794875966773503
94,2016,-1.7721060765047412,2.073915786420449,-0.08218075696246648,12,3.8460218629251903
94,2017,-1.0259816448195789,1.5905325726298418,0.05579044074798554,12,2.6165142174494207
94,2018,-0.6396126586841687,1.606182601273104,0.39887623324345056,11,2.245795259957273
94,2019,-1.4617718375449538,2.0084489157196805,0.2777161954818193,11,3.470220753264634
94,2020,-0.9514787020636721,1.7266452203324452,0.1489477517961593,12,2.678123922396117
94,2021,-1.7596447660342087,1.3334130554613157,-0.3864607846876533,13,3.0930578214955244
95,2020,-1.7380909993652842,2.7475883100252525,-0.035991973855938275,4,4.4856793093905365
96,2011,-1.6276202489472065,1.5125693764979256,-0.04501486516043522,10,3.140189625445132
96,2012,-2.3272915400886256,1.1477331532864388,0.010967572783779944,10,3.4750246933750644
96,2013,-0.5835072700152079,1.1580155813184172,0.36936808644204583,9,1.7415228513336252
96,2014,-1.4779276814393871,1.1561402368687967,0.1300333808947072,12,2.634067918308184
96,2015,-1.7753426083376544,1.3705088866271073,0.17557950330125763,13,3.145851494964762
96,2016,-1.265700955298136,1.761063082527406,0.07324244244857056,11,3.026764037825542
96,2017,-0.9847729014455193,2.0156160804086216,0.30820660651779475,12,3.000388981854141
96,2018,-1.469868813294303,1.0959736406372227,0.03515857939649104,11,2.5658424539315257
96,2019,-0.4867969786982494,1.3694116229112718,0.28319807921440854,10,1.8562086016095212
96,2020,-0.5255175964220733,1.256687664965774,0.19477169831250501,9,1.7822052613878474
96,2021,-1.1505980289443076,0.9085628341628852,0.1463793659385451,11,2.0591608631071927
97,2011,-0.6165132265243616,1.4229167449615538,0.3588487198238246,13,2.0394299714859154
97,2012,-1.1783673867234283,1.8842864645509445,0.10402267913805993,16,3.062653851274373
97,2013,-1.1035869625175658,2.5052520233208355,0.19057350056476635,11,3.6088389858384016
97,2014,-1.1852687517493783,2.0548776104387407,0.25751275239858334,14,3.240146362188119
97,2015,-1.1387179299260624,1.3809176173206301,-0.21665447608553962,14,2.5196355472466925
97,2016,-1.3291860593729354,1.0756470723175657,0.1631191327277977,13,2.404833131690501
97,2017,-0.8382683937519317,1.0823072067631092,0.36394397654933736,13,1.920575600515041
97,2018,-0.2951821341895395,1.3651434927056354,0.41494079037383974,11,1.660325626895175
97,2019,-1.0429718678473086,1.4641745612011583,0.117684069629406,11,2.5071464290484666
97,2020,-0.7063038337218809,1.6610922429349821,0.18528398137827015,12,2.367396076656863
97,2021,-1.5551608480697172,0.9811615890564976,-0.21007509750394301,12,2.536322437126215
98,2011,-1.7867580144724913,1.5550881090312854,-0.020013163789867575,13,3.3418461235037764
98,2012,-1.4182304994435309,0.7498331612624862,-0.03118159813114196,12,2.168063660706017
98,2013,-1.2823097916528339,1.2850722845458875,0.00933173376335458,14,2.5673820761987214
98,2014,-0.8229919018647573,1.4033626789622078,-0.08018810596626019,15,2.226354580826965
98,2015,-1.8223285237952325,1.544189609613676,-0.07443226482065242,14,3.3665181334089085
98,2016,-0.8321528215884416,1.3553607077521097,0.3372498255497649,10,2.1875135293405514
98,2017,-1.916034435381748,0.9456824597989786,-0.17979279992459538,12,2.8617168951807264
98,2018,-1.8293349894591528,0.9142542055685166,0.028691846752774558,10,2.7435891950276696
98,2019,-1.8493869202803244,1.008545802565443,-0.2285547181920227,13,2.857932722845767
98,2020,-1.1057889108097234,1.6655611013807834,0.1988015219398352,10,2.771350012190507
98,2021,-1.0707369916855416,1.9732034212645495,0.20756553496500907,11,3.043940412950091
99,2011,-1.7618061000173073,0.8509407095142397,-0.27417864436045764,12,2.612746809531547
99,2012,-1.3577998513531018,1.0510096825841924,0.07175003818509375,11,2.408809533937294
99,2013,-0.8080461823329872,1.3171180860956426,0.17742604148832986,11,2.12516426842863
99,2014,-0.9679702984036572,1.3106901547836036,0.09326746775196644,11,2.278660453187261
99,2015,-1.4998761628118513,1.3330385338247166,-0.10081893046158424,11,2.8329146966365677
99,2016,-1.4302919658624307,1.5914657954222258,0.16111999343186562,12,3.0217577612846567
99,2017,-1.7548889872962223,1.362966180090733,-0.2629489653631844,19,3.1178551673869555
99,2018,-0.7750128559413769,1.3479764631710334,0.16447044472801195,14,2.1229893191124103
99,2019,-1.104728097503717,1.2451083629746922,0.21507035855937875,11,2.349836460478409
99,2020,-0.9672661470957828,1.2364677633137313,0.2232117311534003,11,2.203733910409514
99,2021,-0.9549796709932624,2.6961778998072172,0.10500606809186024,12,3.6511575708004798
100,2011,-1.7897184111027673,0.7633276428473137,-0.18423028982231549,4,2.553046053950081
100,2013,-1.4626278092107032,1.4547102218537873,0.25379414530600836,3,2.9173380310644905
100,2014,-0.6762902478992968,2.419691567388637,0.06992788335694772,8,3.095981815287934
100,2015,-2.135567960179089,1.9469860273571702,-0.026273260224750582,5,4.08255398753626
100,2016,-1.9358214983099076,1.0438290399981607,-0.36161284868534654,12,2.9796505383080683
100,2017,-0.9793765183846306,1.3583849494108278,-0.1270892650698305,9,2.3377614677954583
100,2018,-1.469868813294303,1.8000415742488787,-0.21552204649526444,11,3.269910387543182
100,2019,-0.48369989009156605,2.2868804965114644,0.4805675234984025,7,2.7705803866030303
100,2020,-1.2375955474469753,1.6629389329692024,0.06415418830319038,11,2.9005344804161775
100,2021,-1.4220533920362275,2.0508411426557314,-0.10207111970412122,4,3.472894534691959
101,2012,-0.6811179547562325,0.6506670413349608,-0.09683514646143636,5,1.3317849960911934
101,2013,-1.666182387595474,2.3403261485398565,0.4694639412479319,5,4.00650853613533
101,2014,-1.159663956049536,0.7768331977200553,-0.24177421413941375,4,1.9364971537695914
101,2015,-1.6387054059150412,0.5060846199914315,-0.4905518360214957,7,2.144790025906473
101,2016,-2.2391392177783933,0.309896232370229,-0.45639761344784496,8,2.5490354501486223
101,2017,-1.222213756124624,0.25423664933453577,-0.3872345794562859,3,1.4764504054591598
101,2018,-1.5189174691074507,2.372275892068935,-0.10478070311288937,9,3.8911933611763856
101,2020,-1.3727978804857295,4.926040223437403,0.31951032114944117,5,6.298838103923133
103,2011,-1.9358609179242006,1.7800762479958137,-0.2735738377803448,12,3.715937165920014
103,2012,-2.3272915400886256,0.6350376429694763,-0.5556312441782569,13,2.962329183058102
103,2013,-1.1101484087904492,1.3658255815792597,0.026056290005494514,10,2.4759739903697087
103,2014,-0.8584310654631551,1.3187556196025496,-0.17118008658330922,12,2.1771866850657045
103,2015,-2.135567960179089,1.6043131843540779,-0.5295722109640685,12,3.7398811445331672
103,2016,-1.014820343499968,1.1005824806246172,-0.3288349532165152,12,2.115402824124585
103,2017,-0.9446854844217744,1.5339554435689648,0.04314111674670423,12,2.4786409279907393
103,2018,-1.1400588862748615,1.745543067789825,0.15167309856608133,11,2.8856019540646862
103,2019,-1.763596733324494,1.166375057138787,-0.2066274955383759,12,2.9299717904632807
103,2020,-1.2235936488307,0.7040739872318234,-0.16898395456365403,12,1.9276676360625233
103,2021,-0.8954108485993769,1.3046079312510248,0.14153686566720988,12,2.2000187798504016
104,2011,-2.310748218031355,2.0484139957905207,-0.3834565504722672,11,4.359162213821875
104,2012,-1.4214090345506816,2.242139893468233,-0.1753941846107387,11,3.6635489280189146
104,2013,-1.2534642089613217,0.8865075135517358,0.020499120715224788,10,2.1399717225130575
104,2014,-0.544646804435675,0.7638047765020337,0.14365092840399124,10,1.3084515809377089
104,2015,-1.561757665210432,2.1269056564655395,-0.21164549378701625,12,3.688663321675971
104,2016,-0.8537731799223297,1.9030433887131182,0.2316196739377535,13,2.7568165686354478
104,2017,-1.1358716271504041,1.4221944247496852,0.00272961212132216,16,2.5580660519000893
104,2018,-1.0816893316593117,2.001686048147375,0.1721726993670377,13,3.0833753798066867
104,2019,-1.1982720952729116,2.0032049738870867,0.008629700192211274,12,3.2014770691599983
104,2020,-0.8792004533108998,1.8550233591229346,0.12047265071782949,10,2.7342238124338345
104,2021,-1.0644620101516633,1.5001754272961965,-0.034972354701851796,12,2.5646374374478595
107,2011,-2.310748218031355,1.712250121029344,-0.1648124652775247,12,4.022998339060699
107,2012,-0.8405005456260415,1.4465326250274007,-0.045301183289823965,12,2.287033170653442
107,2013,-1.933645546280225,1.7905809781739777,-0.3218074077921797,12,3.7242265244542025
107,2014,-1.093539662993989,1.15301807527353,-0.08794503748994673,11,2.2465577382675193
107,2015,-1.3424112221795999,1.289137465870914,0.09487473691668663,12,2.631548688050514
107,2016,-1.2039451945601414,0.8075677092064092,-0.2704157176877841,12,2.0115129037665507
107,2017,-1.2716043807497073,0.6767211176423762,-0.35317924287517777,9,1.9483254983920835
107,2018,-0.8322362877233827,0.596120022471616,-0.12963697552736184,11,1.4283563101949985
107,2019,-1.3340906279407556,0.6562641683485421,-0.19673400849965086,11,1.9903547962892976
107,2020,-1.4912713244466662,1.5963178367979447,-0.14143083087738473,12,3.087589161244611
107,2021,-1.9715482746360184,1.3732031846670563,-0.20754433503690492,10,3.3447514593030747
108,2011,-1.8586782384903744,1.2063375422198075,-0.20909353851127377,12,3.0650157807101817
108,2012,-0.444562112112083,1.3434323609388588,0.2564383709147616,10,1.7879944730509418
108,2013,-1.5385295164050246,1.0814316890010993,0.11062352664393313,9,2.619961205406124
108,2014,-1.4381622888558125,1.3570882588495816,0.14830033087818204,13,2.795250547705394
108,2015,-1.4653812590787454,1.3547708858185012,-0.2695430560634088,14,2.8201521448972464
108,2016,-1.3222530829279415,1.2920781829473138,-0.06577490534268438,11,2.614331265875255
108,2017,-1.4238144817955618,1.3470310520084552,-0.09698084118271388,14,2.770845533804017
108,2018,-1.3897398211243093,1.7276587130449095,-0.07772724144608034,13,3.1173985341692187
108,2019,-0.8380613578273685,2.4498089858682564,0.09104844286220094,14,3.2878703436956247
108,2020,-1.2773609395171972,2.446812427327486,0.2709545888735821,15,3.724173366844683
109,2011,-0.3345565931807826,2.9042019031021007,0.6745057584742072,4,3.2387584962828835
109,2012,-0.432226988273616,1.4792450488384934,0.15120388596736867,4,1.9114720371121094
109,2013,-1.7674243199189337,1.6887969193330017,0.230224207563003,3,3.4562212392519354
109,2014,-1.0692940888736218,1.1359384170397806,-0.18662978275025222,4,2.2052325059134024
109,2015,-2.135567960179089,2.1337695431268027,-0.10997524873131925,6,4.269337503305891
109,2016,-1.6577802554637953,-0.019404998031746036,-0.8041448607608194,6,1.6383752574320491
109,2018,-0.6360416644707919,1.3651434927056354,0.30977991512607345,4,2.0011851571764274
109,2019,-0.5851750873811332,1.2413784638310759,0.24796230164756955,5,1.826553551212209
109,2020,-1.8646651916312422,-0.11090943879069122,-1.2663881807809105,5,1.753755752840551
111,2011,-1.506016317277777,1.1429488958620424,-0.23470582294855113,12,2.648965213139819
111,2012,-1.5421933686224074,0.9241251296199551,-0.23948763961929934,11,2.4663184982423623
111,2013,-1.5761825215763081,1.2833886638078538,0.03797094755434093,11,2.859571185384162
111,2014,-0.8829951209186969,1.323537558502582,-0.12862380495665324,12,2.206532679421279
111,2015,-1.1063526692035615,1.3709900188466408,0.07372477374227707,10,2.4773426880502023
111,2016,-1.3904400027205857,1.1364934666289506,-0.05185279659420502,13,2.526933469349536
111,2017,-1.0362107655152673,1.6188758829714034,-0.02141032353021525,11,2.6550866484866704
111,2018,-2.205598650491519,1.385525548972866,-0.012470362379414216,12,3.591124199464385
111,2019,-1.3184152226347798,1.2303790269304002,0.08885654123345574,11,2.54879424956518
111,2020,-1.3727978804857295,2.089264929598504,-0.1439546430760818,12,3.4620628100842334
111,2021,-1.3159044081107865,1.6659591604748525,-0.2619266150009347,11,2.9818635685856387
113,2011,-1.591283654846986,2.340131459001051,0.035959682319923005,12,3.931415113848037
113,2012,-1.08766284829986,1.485694931710901,0.5485156621173924,12,2.573357780010761
113,2013,-0.9695624333847361,1.3974865209753098,0.3824357259989511,10,2.3670489543600457
113,2014,-1.270373479940257,1.8813537965367853,0.2698627511568452,11,3.1517272764770423
113,2015,-1.3979051236437279,0.8948330298195384,-0.008296644155684834,11,2.292738153463266
113,2016,-1.4885238487139754,1.605210571657974,-0.044413580568504994,10,3.0937344203719492
113,2017,-1.4778319011140908,1.5851259422071897,0.0722982846607764,12,3.0629578433212803
113,2018,-1.3472471737614338,1.9736638358495775,-0.07831017069647456,11,3.3209110096110113
113,2019,-1.0908503721984177,1.8362330686319863,-0.039759089497330646,14,2.927083440830404
113,2020,-1.784369688412525,1.8798611327751298,-0.07741782784649144,13,3.6642308211876546
113,2021,-1.6291094347549895,1.9869588053274432,0.062139706336928405,11,3.6160682400824324
116,2011,-1.5344664349811865,1.2472099542819188,-0.22244763755876143,11,2.7816763892631053
116,2012,-1.5421933686224074,1.0861787706340624,-0.1313369337642614,11,2.62837213925647
116,2013,-1.1364229721551091,1.3044784791267363,0.16126921776446537,11,2.4409014512818454
116,2014,-2.0633626278086785,1.4493750143297741,-0.0617769009290119,13,3.5127376421384526
116,2015,-1.4078399766610392,2.367248937838844,-0.0037850796286487054,14,3.775088914499883
116,2016,-2.2391392177783933,0.8426277086659814,-0.35413616755171473,12,3.0817669264443746
116,2017,-1.3101705508965902,0.8096650668512017,-0.18209833577978218,11,2.1198356177477917
116,2018,-1.2474388625137496,1.948763402116053,-0.07359476087770543,10,3.1962022646298025
116,2019,-1.300842268265449,1.0955971944855003,-0.19689703123466543,13,2.3964394627509495
116,2020,-1.5606893580175274,0.36889945390512335,-0.32590729907442734,12,1.9295888119226507
116,2021,-1.3256652342188728,1.1353090079263515,-0.20588491611648274,11,2.460974242145224
117,2011,1.0797766285259998,3.6933061977472947,2.3865414131366474,2,2.6135295692212948
117,2017,-1.4650509938646172,2.9869650313685945,0.053660924420583234,4,4.4520160252332115
117,2018,-0.9339668331136151,-0.00821887006250093,-0.5377654859515026,5,0.9257479630511142
117,2019,-1.6087509904758976,0.666352345856862,-0.7478785558855164,6,2.2751033363327595
117,2020,-2.23173034920252,3.3700031424287245,0.11269885285055614,5,5.6017334916312445
117,2021,-1.6941580145471666,0.5337867952666706,-0.5703583149912101,9,2.2279448098138372
119,2011,-1.296730138922072,0.9900802040139004,0.10669615509861721,9,2.2868103429359725
119,2012,-1.6360101312504463,0.646565170010686,-0.7217669573356481,11,2.282575301261132
119,2013,-1.6464051821997705,1.393597455007142,-0.16902917635846568,10,3.0400026372069124
119,2014,-1.8308319754262092,1.3490736216342862,-0.12642773367024276,12,3.1799055970604955
119,2015,-1.3922458055856524,1.1855340641151135,-0.12510801355806114,11,2.577779869700766
119,2016,-1.1376169733928392,1.3400787295478043,0.056268429389124394,10,2.4776957029406432
119,2017,-0.6611646994297945,1.2938933652329851,0.12915222193938397,12,1.9550580646627798
119,2018,-1.8886688744681028,2.3082993844865687,-0.19236722972691947,12,4.196968258954671
119,2019,-0.7791149993256761,1.734257993523259,0.0976538293700732,12,2.513372992848935
119,2020,-0.8738876931461662,2.2750140854226166,0.2619503945984218,13,3.1489017785687827
119,2021,-1.0214449615586234,1.4498906078962275,-0.1320232453283177,12,2.471335569454851
120,2011,-0.6776454169395625,1.759155034399558,0.44491167558045835,11,2.4368004513391206
120,2012,-1.5795789958350845,2.856610261937122,-0.19314454903582143,12,4.436189257772207
120,2013,-1.1757839031439792,1.2630223650295282,0.39335042067491854,10,2.4388062681735074
120,2014,-1.5447181727121273,1.1622883454703836,-0.245376462043442,12,2.707006518182511
120,2015,-1.1244090778171671,1.5361265899155336,0.016293112191904064,11,2.6605356677327006
120,2016,-1.3671007743064962,1.5973775140720288,0.05933413147471852,12,2.9644782883785252
120,2017,-0.32736722850994676,1.7221877514727957,0.2736548469760528,11,2.0495549799827426
120,2018,-0.6251419631789813,0.9463805427468266,0.1448969549598403,13,1.5715225059258078
120,2019,-1.6837543971681865,1.0211556952452066,-0.26400720225473423,11,2.7049100924133933
120,2020,-1.179117029696649,1.3028800675959575,-0.14268187674116078,14,2.4819970972926066
120,2021,-1.8666148955206279,0.9982064091476561,-0.12806912836425707,12,2.864821304668284
123,2015,-1.2569695410536386,1.6785828240243368,-0.1965598706537472,10,2.9355523650779753
126,2014,-0.6922336085879105,3.238336246511625,0.7871208507397278,6,3.930569855099536
127,2011,-1.1337371902174507,1.596058834712423,0.01553062363800317,11,2.7297960249298736
127,2012,-1.6543502502604386,1.5119598923865345,0.1502475757390955,12,3.166310142646973
127,2013,-1.2426069513726195,1.08012378873846,-0.024349848594459975,11,2.3227307401110795
127,2014,-1.0787614082920507,1.8138855432100491,0.06337159256524928,15,2.8926469515021
127,2015,-1.5090890874113765,1.1557194409084268,-0.17633450452024746,13,2.6648085283198033
127,2016,-1.1499528615051937,1.8876905992153734,0.19139866171092132,15,3.037643460720567
127,2017,-1.1553499359709336,2.5582091783752157,0.13445272436245292,11,3.7135591143461495
127,2018,-1.6269347335948323,2.30658131781769,0.058276066235865426,12,3.9335160514125223
127,2019,-0.48063580775777814,2.0698059219295195,0.2754255169583908,13,2.5504417296872974
127,2020,-0.4719469763711578,1.8438165686883752,0.32331583023208804,13,2.315763545059533
127,2021,-1.1679391577904745,1.168422483077072,-0.06323076439452116,13,2.3363616408675467
128,2013,-1.1364229721551091,2.56231897058816,0.3618992465124465,4,3.6987419427432693
128,2014,-1.572464583890132,0.7768331977200553,-0.6680843499058636,6,2.349297781610187
128,2016,-2.2391392177783933,0.7839273862575169,-0.6421741281432984,5,3.02306660403591
129,2011,-0.8697751582444793,0.43396237203888477,-0.2369668833116184,4,1.303737530283364
130,2011,-2.066773943358445,1.1597517645714248,-0.17446953337595963,11,3.22652570792987
130,2012,-1.2567031244528737,1.0171455930936297,-0.12046974061372727,12,2.273848717546503
130,2013,-0.9081884421128747,1.8036968549158907,0.25018531503348157,14,2.7118852970287657
130,2014,-1.2349721786961312,1.195878483453803,0.014454059248413706,12,2.4308506621499344
130,2015,-1.629988518998128,0.8691024164207846,-0.24359342202708562,13,2.499090935418913
130,2016,-1.3512455298797346,1.314213692069711,0.18723646656429263,13,2.6654592219494457
130,2017,-1.6362313417796948,1.2361121131551331,-0.11602247789167723,12,2.872343454934828
130,2018,-0.9691309283851584,1.4252758707414943,0.16001005831705906,12,2.394406799126653
130,2019,-1.6779849043457027,1.2413784638310759,-0.19342303836596006,13,2.9193633681767786
130,2020,-0.34585067736924685,2.7980543775174262,0.5428170342696186,12,3.143905054886673
130,2021,-1.207033655366744,1.8597997384308036,0.2203155546160498,13,3.0668333937975474
132,2018,-2.205598650491519,0.9825639773630831,-0.15226918566169956,5,3.1881626278546022
132,2019,-2.208778244014208,0.7856973892100007,-0.43453556286983147,7,2.9944756332242086
134,2014,0.5874868093514733,1.7599779065569245,1.0666788229919622,3,1.1724910972054512
134,2015,-2.135567960179089,1.2093817354913756,-0.36541295741330904,4,3.344949695670465
134,2016,-1.1229300101343649,3.341906820441749,0.8304361032426848,3,4.464836830576114
135,2011,-2.310748218031355,1.146784913593661,0.08514739064648956,12,3.457533131625016
135,2012,-0.9547422892735589,1.5005502909406974,0.2073886047439887,12,2.4552925802142562
135,2013,-1.0296125387829234,1.4822969901908825,0.1430013097932102,13,2.511909528973806
135,2014,-0.9512768194110122,0.8853757133453575,0.06060212410788535,12,1.8366525327563696
135,2015,-1.2879788970227721,1.390041866354101,0.05127154397089063,13,2.678020763376873
135,2016,-1.3743077035913878,0.8177984836946953,-0.15587879175846858,12,2.192106187286083
135,2017,-1.3776295882782197,0.8065320937508916,0.034799840917215594,10,2.1841616820291114
135,2018,-1.3849308971300718,1.4198623464135707,0.05542563154608407,11,2.8047932435436422
135,2019,-1.4420767533819228,1.0509123995178504,-0.19426299912254752,11,2.4929891528997734
135,2020,-1.515953291938528,2.015213523897168,-0.14627481611124285,11,3.5311668158356957
135,2021,-1.2116577357252276,1.6930718253955581,0.0002529083057618009,12,2.904729561120786
136,2011,-1.1099373348756252,3.797992274740358,1.024119134650622,4,4.907929609615983
136,2015,-0.33444120097191576,3.1618636845478916,0.8342043255011877,5,3.496304885519807
136,2016,0.17573647183609106,1.8303735184237937,0.8116991048028687,6,1.6546370465877027
137,2017,-2.1935627070845976,0.6962004220213237,-0.3051720419683217,5,2.8897631291059214
138,2012,0.12614024574330646,1.5981993172424658,1.0198903962963675,4,1.4720590714991593
139,2011,-1.0768874940548252,0.8305585628816131,0.04106764534002879,10,1.9074460569364384
139,2012,-1.7858445252843373,1.3967524909994002,-0.11769857292321206,12,3.1825970162837374
139,2013,-0.5074870952513952,1.3860273346618814,0.13448769231930824,11,1.8935144299132767
139,2014,-0.7749789402460289,1.0688599658507048,0.039098536576917114,11,1.8438389060967335
139,2015,-1.1294522642628626,0.911397466463876,-0.13917897158205036,12,2.0408497307267384
139,2016,-0.9505219000364817,0.7453773802002921,-0.14288809532849853,12,1.6958992802367738
139,2017,-1.6861416132995368,0.2639137587336127,-0.3210701248858571,10,1.9500553720331495
139,2018,-1.5133797176446762,0.32276720565065664,-0.11544303869643288,9,1.836146923295333
139,2019,-1.5885253527161793,0.7644268184018354,-0.10140699553539227,10,2.3529521711180146
139,2020,-1.497600034059964,1.7071611493508105,0.06903103704232383,12,3.2047611834107745
139,2021,-1.0048509179014091,1.8390792807842702,0.28566119582594496,12,2.8439301986856793
140,2011,-1.2128639820032592,1.7257571605683382,-0.06926439076922983,10,2.9386211425715976
140,2012,-0.728822963834691,1.7825667939077225,0.10822183834253422,12,2.5113897577424136
140,2013,-1.310383959383796,0.899507351591734,-0.20058565565501502,14,2.20989131097553
140,2014,-2.0633626278086785,1.4407119618665734,-0.24033022368366108,12,3.504074589675252
140,2015,-1.1537637382696126,1.7494792923911502,-0.09829027469451382,14,2.9032430306607626
140,2016,-1.3348030541779075,1.0006104257721655,-0.06446986403925802,13,2.335413479950073
140,2017,-1.0212450076501467,1.7070383749931604,0.1266652097808178,14,2.728283382643307
140,2018,-0.7211414243474386,0.9692676550040971,0.05979549842430291,12,1.6904090793515356
140,2019,-0.7998975466110295,0.9961385030981588,0.01397264827038887,11,1.7960360497091883
140,2020,-0.907673887963267,0.9005193341245128,0.15115874626807527,12,1.8081932220877799
140,2021,-1.057454708118408,2.1834224822622113,0.4062885773544468,17,3.240877190380619
141,2017,-2.1935627070845976,0.6395383998819921,-0.6896355401272682,5,2.8331011069665895
141,2018,-0.8976344954742465,0.9156794467087905,-0.013891669143920668,3,1.8133139421830369
141,2020,-1.6591087033913263,1.8977526734743582,-0.34891218171978783,6,3.5568613768656845
142,2011,-0.9776030742829529,1.9513762847327896,0.4861833752565939,11,2.9289793590157425
142,2012,-1.5421933686224074,1.8467565986018584,0.14242872004767917,11,3.388949967224266
142,2013,-1.2077108079678036,1.7573831654511827,0.3491942339459966,11,2.9650939734189863
142,2014,-1.5435882283655116,1.508631401414846,-0.18367830216591777,12,3.0522196297803577
142,2015,-0.9540288061391833,0.7783568604490767,-0.05956060834596968,11,1.73238566658826
142,2016,-1.348546764870924,0.9897906120262846,-0.01872905630376742,13,2.3383373768972087
142,2017,-1.60230682389157,0.8392045731348756,-0.041175978399163225,12,2.4415113970264457
142,2018,-1.0714871970743929,1.6812759611164136,0.09851484442499915,12,2.7527631581908065
142,2019,-1.5075268806310202,0.8260818230719214,-0.13344675944077553,11,2.3336087037029416
142,2020,-1.0387685870958665,1.0822307234598398,0.0010204331545207962,14,2.1209993105557063
142,2021,-1.3487695117481264,1.61419773664348,0.05107006127894654,11,2.9629672483916067
144,2015,-1.1958496510275203,2.0124815458737952,0.29465902213549283,8,3.2083311969013155
145,2011,-0.8909943063805644,2.209951577378452,0.3673448512171344,11,3.1009458837590165
145,2012,-1.217913689103752,1.9242367638646494,0.07403996516647374,13,3.1421504529684015
145,2013,-1.160260191979448,2.6533025976954625,0.2158269608619604,12,3.8135627896749105
145,2014,-0.6618038522866663,1.988122994831703,0.31130142315234677,11,2.649926847118369
145,2015,-1.146714053163386,2.024573026215325,0.09535587399769295,12,3.171287079378711
145,2016,-1.681034613956379,2.4631603889431446,-0.039411078303084796,13,4.144195002899524
145,2017,-2.1935627070845976,1.8368761527809943,-0.11196816773896537,11,4.030438859865592
145,2018,-0.9164759865548855,1.2513775486960097,0.26359458718366446,9,2.167853535250895
145,2019,-1.1110011096997994,1.4421485497844717,0.10703921483531703,11,2.553149659484271
145,2020,-1.922761835275617,1.837458885942264,-0.30710096290319444,12,3.7602207212178813
145,2021,-0.8107764761117301,1.112396701964869,-0.05683231716366108,12,1.923173178076599
147,2011,-1.7195797832469957,1.215196254914111,-0.12418309317048948,12,2.9347760381611065
147,2012,-1.3610168675148187,1.1907760486891563,0.1972206616138611,11,2.5517929162039747
147,2013,-0.9303011301446482,1.0666131038094704,0.22775031722034195,13,1.9969142339541186
147,2014,-1.0219574917814762,1.2544857945101402,0.09769611605333353,11,2.2764432862916166
147,2015,-2.135567960179089,1.42528034537992,-0.3649642385458942,12,3.560848305559009
147,2016,-1.5086358096343957,1.811155040330749,0.020998592893137914,11,3.3197908499651447
147,2017,-1.0866766931999765,2.341599530941143,0.09817831234980337,11,3.4282762241411193
147,2018,-1.5961183119849496,1.548718562301778,0.18024493908254238,12,3.1448368742867276
147,2019,-1.389562952653684,2.0241871286363087,-0.035676663450493175,12,3.413750081289993
147,2020,-1.2091916959682456,1.351567865953841,-0.2572970382269982,12,2.5607595619220866
147,2021,-1.5225025131321324,1.7716075703121223,0.21505085290616557,13,3.294110083444255
148,2011,-1.5422292528116879,3.773360256624343,0.46140947793958703,3,5.31558950943603
148,2012,-2.3272915400886256,2.4393759295276993,0.2607792169710097,6,4.7666674696163245
148,2013,-1.058554720728935,1.942912425152684,0.07761385689842315,4,3.0014671458816187
148,2015,-1.6387054059150412,0.26593438543047515,-0.8853216329303113,5,1.9046397913455164
148,2017,-2.1935627070845976,0.6257183944821548,-0.632150623121587,9,2.8192811015667525
148,2018,-1.1882931965891959,2.293347020645479,-0.02290616133607082,6,3.4816402172346748
148,2019,-1.1471915646771975,0.666352345856862,-0.4535493840627768,7,1.8135439105340594
148,2020,-1.1713198939966056,1.6405061900944877,0.20371394012356916,8,2.811826084091093
149,2011,-1.1415276053358234,1.399878704948452,-0.00961759713039991,12,2.5414063102842754
149,2012,-1.1422376963660321,1.3558850667899291,0.03173341184480641,14,2.498122763155961
149,2013,-0.6770877811580148,1.2952241385675975,0.1744811803492543,11,1.9723119197256125
149,2014,-1.5760741283307094,1.3844502911496217,-0.1944038972769132,12,2.960524419480331
149,2015,-1.3168739787212829,1.8594546334517745,0.026660113417118856,11,3.1763286121730574
149,2016,-1.121141213327243,2.092418901437239,-0.07966289136097754,11,3.2135601147644817
149,2017,-1.513618441412616,1.5450825358188978,-0.03214325705639446,12,3.0587009772315135
149,2018,-1.3472471737614338,1.1849383972050718,-0.010671419370402344,12,2.5321855709665053
149,2019,-1.566888623949969,1.4545460407460014,0.1934191878178907,12,3.0214346646959704
149,2020,-0.8637224099186878,1.682376128075154,0.2239070563967859,10,2.5460985379938417
149,2021,-1.5892909650013813,0.9301322121359997,0.0708491220740947,13,2.519423177137381
150,2011,-1.0336840621767154,2.559074927915051,0.580186830685235,10,3.5927589900917662
150,2012,-0.8162239297352348,1.337427116799745,0.5288509201110776,10,2.15365104653498
150,2013,-1.9929737378430243,1.9128426257282567,0.24604506312919838,10,3.9058163635712813
150,2014,-1.0937566256259386,2.0747294572269728,0.11342391253798989,12,3.1684860828529113
150,2015,-0.46412232763483213,2.0056053759507892,0.5503576838812831,10,2.4697277035856215
150,2016,-0.9472304126348421,1.8430907457244257,0.26971591021626157,9,2.7903211583592675
150,2017,-1.0222301485740413,1.5425085243854988,0.18848841585684384,12,2.56473867295954
150,2018,-1.2554737454318021,2.056983996024968,0.08523614980332957,12,3.31245774145677
150,2019,-1.5187469024451512,2.9908518651829263,0.2157209428357957,11,4.509598767628077
150,2020,-0.8246472451792874,2.8862610447058183,0.5601857651323648,11,3.710908289885106
150,2021,-0.8412385218404599,1.8200639299223433,0.25279325965879,11,2.6613024517628032
151,2011,-1.7343589941166047,1.679042780840909,-0.08334496087969478,12,3.4134017749575136
151,2012,-1.4300364869843765,1.4534066216851715,0.028515963910060383,11,2.883443108669548
151,2013,-1.6105712357897335,1.919538593249459,0.17188801490477854,11,3.5301098290391923
151,2014,-0.5727088115194333,1.316470404570515,0.36291812936224943,11,1.889179216089948
151,2015,-1.746135147377538,1.593080418530498,-0.14073153956631526,12,3.3392155659080363
151,2016,-1.7524200865382646,0.8406126747135274,-0.17517990534860287,12,2.5930327612517923
151,2017,-1.3763220031519274,0.581069146267297,-0.24076742591704825,11,1.9573911494192244
151,2018,-1.3802606920972063,0.8021784249924157,-0.3228425901221943,11,2.182439117089622
151,2019,-1.5983659033954267,1.463148283829561,-0.27882783481964946,13,3.061514187224988
151,2020,-1.6093155167990487,1.8718787196981879,-0.26831265846168423,14,3.4811942364972364
151,2021,-1.87290122698837,1.524071605598568,-0.3729000878947377,12,3.396972832586938
152,2011,-1.0700897988426548,1.5846657809343114,0.31435891272524435,10,2.654755579776966
152,2012,-1.0030295641215106,1.657978365831264,0.16609829773811874,11,2.6610079299527745
152,2013,-1.2368981352856565,2.0215672245730625,0.5928066043235334,9,3.258465359858719
152,2014,-0.9111746788580578,2.599177476727857,0.017749511139444594,9,3.5103521555859145
152,2015,-0.8025754687834719,1.0250079771557914,0.2524018131732189,10,1.8275834459392633
152,2016,-1.070962523549999,1.9968659911993356,0.03428387905304711,8,3.0678285147493347
152,2017,-1.7814752733440027,1.3465420872578557,0.09094723622803094,11,3.1280173606018584
152,2018,-0.8322362877233827,1.6821001499653554,0.4478541204909617,11,2.514336437688738
152,2019,-0.36583739386082653,1.2166165735833825,0.4317215576625372,10,1.582453967444209
152,2020,-1.0864870575801324,1.2784183439102719,0.1527770278798615,10,2.3649054014904043
152,2021,-1.5608249951349722,1.3451805623442161,0.007009488033192214,12,2.9060055574791885
153,2011,-0.846902569993894,1.9784882737325893,0.4356236925337515,12,2.8253908437264834
153,2012,-1.2421965063548281,2.251858910947463,0.23214623814812801,15,3.4940554173022913
153,2013,-1.5447564857313878,2.4896806763473256,0.17423690998337107,13,4.034437162078714
153,2014,-1.8594511326425132,1.4557302331717044,-0.04062837052718966,13,3.3151813658142175
153,2015,-2.135567960179089,1.6193234191850183,0.08357248769232355,13,3.7548913793641074
153,2016,-1.5415084630008755,1.9802510742747472,0.05770944830694095,13,3.5217595372756225
153,2017,-2.1935627070845976,1.689556497651484,0.21788983575476845,15,3.8831192047360816
153,2018,-1.126528222602269,1.5162505711023457,0.1015263048018633,15,2.6427787937046148
153,2019,-1.6976439169260178,1.683049730698097,0.47064022083006946,16,3.3806936476241147
153,2020,-1.18425172881619,1.8243396419601028,0.14210539533743208,14,3.008591370776293
153,2021,-1.288945936002738,1.6965509774059446,0.27152766720621063,12,2.9854969134086824
154,2011,-1.7984022412182439,1.247024884936155,-0.25842107352241456,13,3.045427126154399
154,2012,-1.4468076094723061,1.4116265578636116,-0.1258000395419656,10,2.8584341673359175
154,2013,-0.8085215017412887,1.3477809782108872,0.07607444515750743,10,2.156302479952176
154,2014,-1.0438051519778508,0.6955686533558569,0.09217815640823118,10,1.7393738053337078
154,2015,-1.3042786866988552,1.1912401551390264,0.05415748093068706,14,2.4955188418378818
154,2016,-2.0805867735107757,1.4946591880731097,0.04944235612993428,12,3.575245961583885
154,2017,-1.4238144817955618,2.7000979223360764,0.11223577306512729,11,4.123912404131638
154,2018,-1.4020355658931414,1.4330463126682338,-0.146263719478576,12,2.8350818785613754
154,2019,-1.6173228083835878,0.7916785510563701,-0.19583234685077064,12,2.4090013594399577
154,2020,-0.8249115109514771,1.449919433478689,0.1915945298622134,11,2.2748309444301658
154,2021,-1.4502883069524224,4.2057298490597175,0.21628296041090952,13,5.65601815601214
155,2011,-0.8377535346936597,1.5229310748277736,-0.09878787140702035,14,2.3606846095214333
155,2012,-1.9067032339460088,1.3162579849479674,-0.148620870677226,14,3.2229612188939765
155,2013,-1.000342532769562,2.3540891937644357,0.2656077289900955,12,3.354431726533998
155,2014,-1.0131627141796566,2.2836037530475055,0.06557498103213465,13,3.296766467227162
155,2015,-0.773177206419817,1.1227518052208225,0.02984610440633429,13,1.8959290116406395
155,2016,-1.0830653955756497,1.7034571252424373,-0.10438853164908596,13,2.786522520818087
155,2017,-0.8027676182100898,1.3750697983844293,0.2486730676202146,12,2.177837416594519
155,2018,-1.2548093224212706,1.208518459198932,0.05840469777849294,10,2.463327781620203
155,2019,-1.191889951175598,1.501767649328833,0.09947338825804554,15,2.693657600504431
155,2020,-1.2981081005973127,1.6609810162544443,0.048668195085215256,13,2.9590891168517572
155,2021,-1.3477418675021935,1.5850162585970111,-0.0016572460098229819,11,2.9327581260992046
156,2011,-1.4171215142875562,1.6267254926620016,0.23265817843190784,11,3.043847006949558
156,2012,-0.7533024523664973,3.3026425274533695,0.4832880147266619,14,4.055944979819866
156,2013,-1.621391906476018,3.402242332852033,0.31018545267109326,14,5.023634239328051
156,2014,-1.0815665399715855,3.177732576060038,0.39547498133780734,12,4.259299116031624
156,2015,-1.2909016179302077,1.0329063387403363,0.010140447941820103,14,2.323807956670544
156,2016,-1.0182853969177375,1.4558592542912083,0.31640885222458376,13,2.4741446512089458
156,2017,-1.0389403691510442,1.819429351182971,0.4586367331319071,14,2.8583697203340153
156,2018,-0.31970683828034635,2.0960248420868384,0.5964747418582369,13,2.415731680367185
156,2019,-0.9184757353891425,1.4750233876129237,0.4305105878129975,12,2.393499123002066
156,2020,-1.3370090276225297,1.5746264595530324,0.12878175337769496,12,2.911635487175562
156,2021,-2.14383325926008,1.167291097985415,0.05465118675412772,13,3.311124357245495
157,2020,-0.8399416267447574,2.689236919487427,0.5474789276446856,6,3.5291785462321843
158,2011,-1.4568382566761695,1.8218537647536475,0.05003218235315271,14,3.278692021429817
158,2012,-1.9757550454022592,1.3810102739065244,-0.3700110364112124,12,3.3567653193087836
158,2013,-1.8252575040020338,0.7027414828850894,-0.46415204748797745,10,2.5279989868871233
158,2014,-1.940638116829042,1.7207641574865087,-0.17714342844961026,11,3.6614022743155505
158,2015,-1.5351923737766981,1.6059992302181327,-0.3188463079966924,11,3.141191603994831
158,2016,-0.9439932835103364,1.649634197466582,-0.06430958913381747,13,2.5936274809769184
158,2017,-0.8336741757406345,1.1460705233787163,-0.04192300812241075,11,1.9797446991193508
158,2018,-1.438746569758042,1.6033360274982338,-0.07162560253782595,12,3.0420825972562757
158,2019,-1.077579323409197,1.653215351486916,-0.11168687791767513,12,2.7307946748961127
158,2020,-1.042439238671579,0.8937414260584551,0.03433104536882669,11,1.9361806647300341
158,2021,-1.0325248835770187,2.158492657720822,0.11482162476627085,12,3.1910175412978408
159,2011,-0.954538279408413,0.5641858671882027,-0.13993192556426354,13,1.5187241465966157
159,2012,-1.166926318110253,0.6121755473915279,-0.18761780159507746,11,1.7791018655017807
159,2013,-1.77352684746017,0.9031343450101282,-0.41426447552966994,13,2.676661192470298
159,2014,-0.9588420289919488,1.9984228000980058,0.026017389214103348,15,2.9572648290899544
159,2015,-2.135567960179089,0.7409244071050942,-0.2268684318367564,14,2.8764923672841833
159,2016,-1.715916151695255,1.6026522659042504,-0.18932836448501125,17,3.318568417599505
159,2017,-0.9402546992421933,1.3565887685478724,-0.16972706209833396,13,2.2968434677900658
159,2018,-1.2395452774416893,1.0356390153698474,-0.00526172227071714,12,2.2751842928115367
159,2019,-1.1103610064144849,1.5647027579233386,0.03666709281727522,14,2.6750637643378234
159,2020,-1.515953291938528,1.9729709434684728,0.03209092295970057,13,3.4889242354070005
160,2011,-2.1629561093352656,1.1048916273893876,-0.3951991130069064,13,3.2678477367246535
160,2012,-1.2763727278897508,0.7060423042126721,-0.2761292618332589,11,1.982415032102423
160,2013,-1.9394393149875295,1.1705149439287401,-0.46213483001580996,12,3.10995425891627
160,2014,-1.3516190438456306,0.7084381144690468,-0.25061724879828895,11,2.0600571583146774
160,2015,-1.0844544715232312,0.9769532067891983,0.09839838897521756,12,2.0614076783124293
160,2016,-1.1923024748871571,1.142668404466281,0.19156635120629134,11,2.3349708793534383
160,2017,-1.3688324657034878,1.1814782486556372,-0.22402232695610022,11,2.5503107143591253
160,2018,-0.4523701022768771,1.4730505354945602,0.039382541538929734,13,1.9254206377714373
160,2019,-1.2678264146018579,0.5653935617850532,-0.3226670362073466,13,1.833219976386911
160,2020,-0.6908214064814255,0.6907654959583218,0.017694493754512222,11,1.3815869024397474
160,2021,-0.8087910400564767,0.8883301991936063,0.014008777306210918,12,1.697121239250083
161,2011,-1.8673718919430855,0.9969574082740923,-0.1872889987068017,12,2.864329300217178
161,2012,-2.002626882715378,1.3364999267537263,-0.29584989241296755,11,3.3391268094691045
161,2013,-1.4073470727392632,2.1707401200255028,0.28657109018720495,12,3.578087192764766
161,2014,-1.4006502685186406,1.6425512619525284,-0.015339755834441637,12,3.043201530471169
161,2015,-0.9523460015758366,0.9145716749198755,0.040939757115956966,12,1.866917676495712
161,2016,-1.3158043952787375,0.9802027056444638,0.04597561659054605,12,2.2960071009232013
161,2017,-1.6960425126904646,1.251674972736359,-0.25666607810424663,13,2.9477174854268235
161,2018,-1.2844409681470372,1.1564431613658122,-0.08477105961722284,13,2.4408841295128494
161,2019,-0.979019417455493,1.9314098054001323,0.05765659281465366,12,2.910429222855625
161,2020,-1.5899991944141132,0.8876093556055398,-0.13794834322690996,12,2.477608550019653
161,2021,-1.9544832161701866,1.24243094716047,0.12135068007057627,11,3.1969141633306566
163,2011,-1.9766095375010653,1.2013436333870202,-0.20441984611130826,13,3.1779531708880855
163,2012,-1.699213002915651,1.5475226726095916,-0.17646175836918218,14,3.2467356755252426
163,2013,-1.1329774743043934,1.410446910735912,0.07690256488690408,10,2.5434243850403053
163,2014,-1.283701028643928,1.3078263303189055,-0.017451194365487373,13,2.591527358962834
163,2015,-1.8584715356856776,1.890480089813416,0.1466425569304269,14,3.7489516254990933
163,2016,-0.5513228755747214,1.4458382800276175,0.20982331308095506,14,1.9971611556023388
163,2017,-1.1199664981288373,0.8784746378189334,-0.05475854165463981,18,1.9984411359477707
163,2018,-1.2246255342285646,0.9180262723457834,-0.09286398028797216,16,2.142651806574348
163,2019,-1.4420767533819228,1.4354889138187412,-0.02124516766234726,15,2.877565667200664
163,2020,-1.0387685870958665,2.946231341643382,0.17947197093009387,15,3.9849999287392484
164,2011,-0.846902569993894,1.3375358273870857,0.06062726727871406,10,2.18443839738098
164,2012,-1.5935549312416928,1.3095602836151798,-0.2650617872754338,14,2.9031152148568724
164,2013,-0.5710781330335712,1.7239974776329625,0.17344512107245033,11,2.295075610666534
164,2014,-1.8740162394400963,1.1778793675285109,-0.06310445648679869,12,3.051895606968607
164,2015,-2.135567960179089,0.8779301444729126,-0.4668751995961991,14,3.013498104652002
164,2016,-1.558523847263742,1.0755704458053927,-0.27925307675093974,13,2.6340942930691345
164,2017,-1.9369799653215858,0.751780591709308,-0.42797954268813815,12,2.6887605570308937
164,2018,-1.5606494746059303,0.9444827228497694,-0.33394277921255955,12,2.5051321974556995
164,2019,-1.7775086555335475,1.0513453526278473,-0.12309610859632256,11,2.828854008161395
164,2020,-1.515953291938528,0.8464393351323092,0.04837847196021235,10,2.362392627070837
164,2021,-1.2749346248413178,1.1435770519836903,-0.1398667925413876,12,2.418511676825008
166,2011,-1.6703157470149659,2.432001063550974,0.08700318227798237,11,4.10231681056594
166,2012,-0.757095197156189,2.0210469329176557,0.45478438640128066,12,2.778142130073845
166,2013,-0.52909555663062,1.350593629517594,0.2793644662476329,13,1.8796891861482141
166,2014,-0.7911068091143364,1.2586737512411277,0.3217739766346108,11,2.049780560355464
166,2015,-0.9273587055556435,0.9407678546049056,0.02773948316343634,12,1.8681265601605492
166,2016,-0.9629853980634219,1.8645711044422995,-0.007966644037844193,12,2.8275565025057214
166,2017,-0.9393972170493878,1.278627194539701,0.29876917292870625,13,2.218024411589089
166,2018,-1.1986527225963477,2.1138474904727804,0.13717566673483275,13,3.312500213069128
166,2019,-1.3357749869164413,1.685332451972932,0.5126437814977717,15,3.0211074388893735
166,2020,-1.2736035796365461,2.3861861492748493,0.45922117439078775,15,3.659789728911395
166,2021,-1.7453143566889884,1.564331839484375,0.13257665161923565,15,3.3096461961733636
167,2011,-0.39913801882949396,1.2419389051377512,0.307737996971612,12,1.6410769239672451
167,2012,-0.7528108960840679,1.15788760510837,0.3915531558445515,11,1.9106985011924378
167,2013,-2.053258835721352,0.9464380163858737,-0.17329013659976078,11,2.999696852107226
167,2014,-1.4468860145156202,2.046756919530788,-0.17547225667178148,11,3.4936429340464086
167,2015,-0.9328320746919848,1.992857420475555,0.19429113073537715,12,2.9256894951675396
167,2016,-1.4609057064727957,2.252101448414532,-0.1961467669436096,13,3.7130071548873276
167,2017,-1.076511413480628,1.7637129191263345,0.1342997661569931,13,2.8402243326069625
167,2018,-0.7107824733289217,1.6964085875570574,0.5105238816874574,10,2.407191060885979
167,2019,-0.9765794197837494,1.4678366261220792,0.1417198760555157,12,2.444416045905829
167,2020,-1.2773609395171972,1.427080414975704,0.11447730917571998,14,2.704441354492901
167,2021,-1.5691721592311372,1.5347626081337136,-0.22347193549168806,15,3.1039347673648505
170,2013,-2.3044467435477203,1.1022892563473958,-0.49710693061635025,4,3.4067359998951163
170,2014,-0.9108193942607865,0.08070676989438545,-0.40635676793639386,5,0.9915261641551719
170,2018,-1.7151120923600418,0.3694557796987365,-0.9887207615115424,6,2.0845678720587784
170,2019,-2.208778244014208,3.705776112291992,-0.19466559798812533,6,5.9145543563061995
171,2011,-2.310748218031355,1.3708786185741395,-0.12649799589067906,16,3.6816268366054947
171,2012,-1.8107795851766402,1.090972970508673,-0.03535573475041761,15,2.901752555685313
171,2013,-1.8177701721341324,0.906615170933685,-0.2649302196641667,14,2.7243853430678175
171,2014,-1.8179136058494054,1.6004130170468158,-0.20536203419273538,13,3.4183266228962212
171,2015,-0.934816787374307,1.7489938277034667,-0.04929029318885141,12,2.683810615077774
171,2016,-1.326084651198411,1.3925342999364125,-0.00304017862302351,14,2.7186189511348235
171,2017,-1.9810801240621034,1.3180481839808258,-0.2516172369128419,16,3.2991283080429294
171,2018,-1.1466977633104793,1.3474902510055655,0.11728646584450224,14,2.4941880143160446
171,2019,-1.3102999346794986,1.2142118755803255,0.08606611695411018,13,2.524511810259824
171,2020,-1.720461022585383,2.0932829650074685,-0.3644516754827796,14,3.8137439875928516
172,2011,-1.3651882346459008,1.3647772678018357,0.016050505318102454,16,2.7299655024477367
172,2012,-1.1823567067003906,0.8284952275697028,-0.10325542779997608,14,2.0108519342700935
172,2013,-1.3805861334066718,0.8303459869745858,-0.06689943493580333,15,2.2109321203812575
172,2014,-1.6491674032524049,1.344664746171889,-0.41002821549331625,15,2.9938321494242937
172,2015,-1.6962687506163638,1.7349384798193046,-0.2334625536122855,15,3.4312072304356684
172,2016,-1.2878245521726874,2.052678453349882,-0.15257863000584188,14,3.340503005522569
172,2017,-1.6464811140151872,1.6039185117898243,-0.12361796979207693,14,3.250399625805011
172,2018,-1.4632406165627967,2.2588920024699144,0.034861075414853046,14,3.722132619032711
172,2019,-1.1989762807424176,2.531737072565212,-0.19716209442052252,15,3.73071335330763
172,2020,-1.784369688412525,2.114058927043147,-0.02064029974070574,14,3.898428615455672
173,2015,-0.7500858377120326,1.139207965652135,-0.09095321402501588,4,1.8892938033641675
173,2018,-0.9570874116113951,1.9144884378128895,0.7428944091852021,4,2.8715758494242847
173,2019,-1.9327657073865854,2.8914534110614283,0.48178840731480005,6,4.824219118448013
173,2020,-1.515953291938528,1.7050434657494378,0.06558537510746384,5,3.2209967576879657
179,2011,-1.8353756622253754,2.4146543803164553,-0.2388740022454388,10,4.25003004254183
179,2012,-1.1561506213268635,2.4959207191269144,0.14690378240519383,11,3.652071340453778
179,2013,-0.5394330445544413,2.2074352982411867,0.49862407381443413,11,2.746868342795628
179,2014,-1.1166306859657673,1.0217799579641034,0.07172523586235721,10,2.1384106439298707
179,2015,-1.5250165163800473,1.2079958980259684,-0.15621237189176165,11,2.7330124144060157
179,2016,-1.2233581737342054,1.4424650253715918,0.03011336809991808,9,2.6658231991057972
179,2017,-1.222213756124624,1.554304616610474,-0.0785467810348795,11,2.776518372735098
179,2018,-0.9091673744344609,1.7451697903483248,0.43963932190306404,10,2.6543371647827856
179,2019,-1.36955093670049,0.905845253342951,-0.2643571121661101,11,2.275396190043441
179,2020,-2.052786084886522,0.8489741052617028,-0.15352775646486289,11,2.9017601901482246
179,2021,-1.1271951033544467,0.7547240960265991,-0.038722280638458145,9,1.8819191993810458
182,2020,-1.0772512245831778,0.86997023227478,-0.14553002980886526,4,1.9472214568579578
183,2011,-1.1163220144179664,2.3003655732866477,0.6754915824735462,12,3.4166875877046143
183,2012,-0.8700327531443691,1.8048040992072598,0.5080132519755263,11,2.674836852351629
183,2013,-1.5965535487643197,1.1969073335414635,0.12058770156798893,10,2.793460882305783
183,2014,-1.2899759710919343,1.3729236796211477,0.05992438963488303,11,2.662899650713082
183,2015,-1.3260727875017078,1.5343970905362792,-0.015391288294683824,9,2.860469878037987
183,2016,-1.260008333880123,0.9780175772398102,-0.2377164197062441,9,2.238025911119933
183,2017,-1.4380690785601737,1.3013732219048295,0.15395666142078201,9,2.7394423004650035
183,2018,-1.0195129735554012,1.1825995556447007,-0.17169484304984037,9,2.202112529200102
183,2019,-0.9134975687139308,1.0572909286448386,0.10610242952644774,10,1.9707884973587695
183,2020,-1.2981081005973127,1.4781269092976614,-0.06600360317237176,11,2.7762350098949744
183,2021,-2.061491171020639,1.3031930751952983,0.032079602327637284,11,3.3646842462159374
185,2011,-1.2627678109136273,0.7633276428473137,-0.393332213897438,3,2.026095453760941
189,2011,-1.5788253940126245,1.5042020409727481,-0.09166188848514295,12,3.0830274349853726
189,2012,-1.2726820560295264,1.364791752752509,-0.10322440072531398,12,2.6374738087820355
189,2013,-1.1607568007257885,1.1531893748255144,-0.10953272721887308,11,2.313946175551303
189,2014,-1.1255621193793797,0.6871525352603266,-0.22878290521591235,10,1.8127146546397062
189,2015,-1.528872630761936,1.5716839791755859,-0.23838316982994384,14,3.100556609937522
189,2016,-1.149091163438522,1.1358087541169004,0.030403373272447572,13,2.284899917555422
189,2017,-0.8668421887002433,0.9470942762068526,0.07944167099464396,12,1.813936464907096
189,2018,-1.2921236844301438,1.1919179960777377,0.07434363160062797,11,2.4840416805078815
189,2019,-0.8944328315017189,1.6919468740793642,0.12541440693691286,14,2.5863797055810833
189,2020,-0.7440368576342223,1.922965688629316,0.26157607267549243,12,2.6670025462635385
189,2021,-1.3815424271564698,1.7806437290273354,0.07155059079143446,12,3.162186156183805
190,2014,-1.4006502685186406,1.1433100784334407,0.16647335646526043,5,2.5439603469520815
190,2018,-1.9194814915814904,1.6398159652592628,0.40665101035704027,4,3.559297456840753
190,2019,-2.208778244014208,0.5513471222620192,-0.5034150712792534,5,2.7601253662762275
190,2020,-1.515953291938528,-0.18665304273397082,-0.7371713277580803,4,1.3293002492045571
191,2014,-0.9588420289919488,1.3942670728349975,0.1311530421217566,6,2.3531091018269463
191,2019,-1.3087373637067425,4.160741832007855,0.943494054651171,4,5.469479195714598
191,2020,-0.9303175178134432,1.6453953776441046,0.035650618059841564,5,2.575712895457548
193,2011,-1.2957231696280211,0.8148706172988476,-0.10892781147476521,11,2.1105937869268687
193,2012,-1.3415180512521185,1.1677565521930398,-0.2310569046878151,10,2.5092746034451583
193,2013,-1.6417382207717708,1.2774928220562878,0.01594012974224216,12,2.9192310428280583
193,2014,-0.5914363240675098,0.8820256357026011,0.02322767552298317,12,1.4734619597701109
193,2015,-0.8867867404621155,1.0500984166499248,-0.06321216169793725,14,1.9368851571120402
193,2016,-0.9561401285323837,1.0033699241452805,-0.15410473588843124,14,1.9595100526776643
193,2017,-1.1022941325493187,1.7628815462250764,-0.18999265272495353,13,2.865175678774395
193,2018,-1.0113705089540093,0.960388891252394,0.025688408291682965,11,1.9717594002064032
193,2019,-1.2196548192394507,1.5145158698688272,-0.04608225606245318,12,2.7341706891082778
193,2020,-1.1279619898701956,1.2387038678350184,0.12239620346723486,12,2.3666658577052138
193,2021,-1.3776842400250642,1.2415269916016685,0.05478014211757809,12,2.619211231626733
194,2011,-0.5156674233576801,1.8531557317509713,0.4540033061739878,10,2.368823155108651
194,2012,-1.9140819761590373,2.195936571564475,0.24405682748448768,13,4.110018547723512
194,2013,-1.5628443490127293,2.0559373890256647,0.0644115055460926,11,3.618781738038394
194,2014,-0.9322910530588542,1.4830800177896168,0.23451015508579662,9,2.415371070848471
194,2015,-0.43523418263071145,1.9579019471099415,0.4546190926555268,10,2.393136129740653
194,2016,-1.1238791676238582,0.6631018682412191,-0.03466091860905476,11,1.7869810358650773
194,2017,-0.8579578995146339,0.9432222363139603,0.1063891007038504,10,1.8011801358285942
194,2018,-1.146646749152018,1.8961769396426482,0.16005961401808624,11,3.042823688794666
194,2019,-1.5814770244059746,1.8430996462532767,0.07667451084101247,12,3.4245766706592513
194,2020,-1.5500379137130038,1.1633214852518259,0.049774718285189874,13,2.7133593989648297
194,2021,-1.057454708118408,1.7397942111199465,0.10526243958127042,12,2.7972489192383545
195,2011,-1.1179249904176811,1.1644271824639525,0.07079594118614006,12,2.282352172881634
195,2012,-1.6445974779440882,1.244315333443002,0.07882728313420749,11,2.8889128113870903
195,2013,-0.16103494470878207,2.7869389266252007,0.7532700127318867,13,2.947973871333983
195,2014,-0.899138212839693,1.0853453479225963,0.10449187820787093,11,1.9844835607622893
195,2015,-1.0188693694706417,1.1604768064311726,0.031049459373542768,9,2.1793461759018142
195,2016,-0.8699573626075642,1.9004167668954322,0.08233798107804392,11,2.770374129502996
195,2017,-1.3436323749946206,2.44058124645361,0.21534837709726593,11,3.7842136214482305
195,2018,-1.1924624812363365,1.0652996253862677,0.04333144510170211,11,2.257762106622604
195,2019,-1.3848602242302595,1.4531986987560201,0.05783119799299348,11,2.8380589229862796
195,2020,-1.1819239985486647,1.1790663913803003,-0.01379425200486908,14,2.360990389928965
195,2021,-1.801656137020624,1.5890969853067407,0.17121504388221911,13,3.390753122327365
196,2011,-0.06923456947399245,3.398249809314744,1.4779689557433795,3,3.4674843787887366
196,2017,0.5262143556033286,1.9452284752665945,0.944988611832416,4,1.4190141196632657
196,2021,-2.09677049675771,2.9704926570689327,0.9282715195227411,5,5.067263153826643
197,2011,-1.3414450186551985,1.3448683096768927,-0.08043975309101896,12,2.6863133283320915
197,2012,-1.5575874504158629,1.4362168147889438,-0.11053759726002811,12,2.9938042652048065
197,2013,-1.2628968837071755,1.2651014909070952,0.12725748659471806,12,2.5279983746142705
197,2014,-1.3910457415724082,1.5769804108949816,-0.07540116432587486,13,2.96802615246739
197,2015,-1.3488689159276799,1.7674847318706717,-0.02949092390777743,13,3.1163536477983516
197,2016,-1.0764212931491972,1.3849166511957245,0.03914455290425368,13,2.4613379443449217
197,2017,-1.7814752733440027,2.2642537084974843,0.24638846496464392,14,4.045728981841487
197,2018,-1.581343031051457,1.2345926435966483,0.22835733381756526,13,2.815935674648105
197,2019,-1.4824294634152009,0.8837402685056501,-0.05407366439903598,13,2.3661697319208512
197,2020,-1.720461022585383,0.6998305714005254,-0.11700872696083854,12,2.420291593985908
197,2021,-2.3538055842706553,1.8878110900015523,0.03717680087036335,11,4.2416166742722075
198,2011,-1.302854493153103,1.9682631949645757,0.1563902392520852,11,3.2711176881176787
198,2012,-0.9963311206501869,1.9400969080422708,0.40947954637834183,9,2.9364280286924576
198,2013,-1.2985498786199396,1.7385950167759847,0.0925271438681436,11,3.037144895395924
198,2014,-0.9865644746689869,2.4336140959451504,0.16938513662929308,13,3.420178570614137
198,2015,-1.3670872095840283,1.7010787666252318,-0.052974097462517876,12,3.06816597620926
198,2016,-0.893400879087194,2.2824109724378747,0.1427855295659981,13,3.1758118515250686
198,2017,-1.070440482537128,1.606554066799496,0.07206350401539577,10,2.676994549336624
198,2018,-2.205598650491519,1.9431001537038923,0.14258760603775364,12,4.148698804195411
198,2019,-0.7999214065334215,2.1933355777979564,0.3192767912599513,11,2.993256984331378
198,2020,-0.5697677888006383,1.7469759091586359,0.40785791693979867,11,2.316743697959274
198,2021,-0.949425468439054,3.1226154639643497,0.4970861502269015,14,4.072040932403404
199,2011,-0.6296129816133332,2.0121709613292724,0.622141393555064,3,2.6417839429426055
199,2015,-1.054891904654785,1.4666855582352574,0.4467985983583535,5,2.5215774628900425
199,2016,-1.1229300101343649,0.8304361032426847,-0.08154732699469942,4,1.9533661133770495
199,2017,-0.5523179278763662,1.4328067098326371,0.22809041215927053,5,1.9851246377090033
199,2019,-1.0087237369375874,2.2197811123245144,0.3755553950988927,8,3.2285048492621016
200,2017,-1.1736463085766253,2.1580805932160843,0.18164586292946186,6,3.3317269017927096
200,2018,-1.608484579722764,1.6917810276342728,-0.08223634135968419,5,3.300265607357037
201,2011,-0.7387776073547632,0.8257454268245455,0.0026878597539215067,10,1.5645230341793086
201,2012,-1.0639151722119526,2.8799922502485362,0.15254526517763634,12,3.943907422460489
201,2013,-1.2996951122422484,2.025333069159022,0.08302672934525204,11,3.3250281814012705
201,2014,-1.0815665399715855,1.6739005131056337,0.29580069204368103,11,2.7554670530772194
201,2015,-1.6922136809896309,1.7364578481605606,-0.073286757323143,11,3.4286715291501917
201,2016,-1.2322494686149659,2.6486159148385857,0.040901899754311515,12,3.8808653834535516
201,2017,-0.5351620591041549,1.1715851840377518,0.11003540629806934,12,1.7067472431419066
201,2018,-1.4193224886013647,3.103604481833668,0.18652373576904782,12,4.522926970435033
201,2019,-0.9910758765394018,0.8327668501681882,0.043050650153787146,11,1.82384272670759
201,2020,-1.060458800952351,1.248374663821986,0.14272368663672555,9,2.308833464774337
201,2021,-1.3256652342188728,1.598034340101814,0.018523448730399666,12,2.923699574320687
202,2011,-1.5157285988385962,2.2476589899444273,-0.16424345142660512,12,3.7633875887830235
202,2012,-1.6730430638667773,1.4862556616151534,-0.15697927860142563,11,3.1592987254819307
202,2013,-2.3044467435477203,3.0089162949441586,0.27014301135086033,12,5.313363038491879
202,2014,-0.48756045248230045,1.1267713653353435,0.2907851069318916,11,1.614331817817644
202,2015,-1.5090890874113765,0.8898340578418186,-0.2604197961086819,11,2.398923145253195
202,2016,-0.5622652934507818,0.9236401318649168,0.15296340467855565,9,1.4859054253156985
202,2017,-0.7365392806446373,0.7298340287457399,-0.09927829778978975,13,1.4663733093903772
202,2018,-1.1491660637467986,1.1840696015635943,0.018839679384716233,11,2.3332356653103927
202,2019,-0.8817948948429448,0.9955052271800328,-0.012450965355841661,12,1.8773001220229775
202,2020,-0.8862847528416324,1.4209016642294887,-0.043533002374764596,10,2.3071864170711214
202,2021,-0.7892251113036298,1.1835204825340506,0.06304390120831176,12,1.9727455938376806
203,2012,-2.3272915400886256,3.711925163497669,0.5232187440041055,3,6.039216703586295
203,2016,-1.401982312045372,-0.495062330834599,-0.9358381258985762,4,0.9069199812107731
203,2018,-2.205598650491519,1.2278072564288216,-0.1455551063393146,3,3.4334059069203406
204,2011,-2.310748218031355,1.4310716012251772,0.021302076617790575,13,3.7418198192565324
204,2012,-1.1194481993713667,1.6877056234356829,0.2477000938331018,11,2.8071538228070496
204,2013,-1.4530398942410334,2.1262567626015847,0.15249840839498152,11,3.579296656842618
204,2014,-1.1736099232063129,2.1132371270325305,-0.024097768716445752,13,3.286847050238843
204,2015,-1.4998761628118513,1.3004277035392109,-0.36724500762244433,12,2.8003038663510624
204,2016,-0.9869814527931051,1.173730661708744,-0.012961986415384893,12,2.160712114501849
204,2017,-1.7548889872962223,1.7429567257531902,-0.3078788093777553,13,3.4978457130494123
204,2018,-1.67052240525718,1.11572012201046,-0.2837276924665344,12,2.78624252726764
204,2019,-1.0869481488252506,1.734257993523259,0.12687143869867906,10,2.8212061423485095
204,2020,-1.6562312076837322,1.5946666298162049,-0.06497899960031558,12,3.250897837499937
204,2021,-1.3938184771200328,1.1180206022893393,-0.04802457447757432,13,2.511839079409372
205,2014,-2.0633626278086785,2.7081663590795944,0.379354289117302,5,4.771528986888272
210,2017,-2.1935627070845976,1.4061422288258927,0.11939055967185715,5,3.5997049359104905
212,2017,-1.6496072945470122,-0.15372991006865314,-0.7271255901939758,6,1.495877384478359
212,2018,-1.3815812328306372,0.48141466796787813,-0.5665631772363418,5,1.8629959007985153
213,2011,-1.6013460962901238,1.7694104303914528,-0.26604938634757025,11,3.3707565266815767
213,2012,-2.3272915400886256,1.6510678809775643,-0.30134237806507264,11,3.97835942106619
213,2013,-1.4229193689117874,1.588965827760984,-0.23995705926357716,13,3.0118851966727713
213,2014,-1.2960114749465295,1.354897534541304,-0.1790805744189122,12,2.650909009487833
213,2015,-1.0214689338653735,1.8866151912304272,-0.04913089473525551,11,2.908084125095801
213,2016,-1.1525638829036755,1.2838264700202493,-0.15730617845432565,10,2.436390352923925
213,2017,-1.335975344975792,0.9098866100892615,-0.2215237443829692,11,2.2458619550650534
213,2018,-1.2831910934084423,1.6005470414308771,-0.21406216456573246,12,2.8837381348393194
213,2019,-1.1528913589286713,1.516221455811971,-0.08034297664567223,11,2.669112814740642
213,2020,-1.701525121599563,1.8340022605939887,0.19801314001757664,11,3.5355273821935516
213,2021,-1.288945936002738,1.4076669381446838,-0.0613335402589295,11,2.696612874147422
214,2021,-2.124451198489873,0.9073270885498423,-0.558173251207326,11,3.0317782870397156
215,2013,-1.5257642292859797,1.1022892563473958,-0.21965266587250193,5,2.6280534856333757
216,2011,0.3310357249112507,3.519395656048878,1.6233106707379994,3,3.1883599311376276
216,2015,-0.7411472433735355,2.5846263053293645,0.3468564420199586,5,3.3257735487029
216,2018,-0.6796404696380344,3.4349967680204694,0.6584630109209874,6,4.114637237658504
217,2012,-1.205722723708314,0.6635586369255391,-0.23975033876712676,4,1.869281360633853
218,2011,-2.310748218031355,1.433598444899694,0.03149066373948469,10,3.744346662931049
218,2012,-0.9572182604711076,1.7015017082248631,0.3647284712738326,9,2.6587199686959706
218,2013,-1.1211546875617417,2.4732091758222916,0.3131986491906632,10,3.594363863384033
218,2014,-1.227418466394193,1.1771547202227695,0.019770385428704306,10,2.4045731866169624
218,2015,-1.719923323438972,0.9899167102098293,-0.17987578777140525,12,2.7098400336488013
218,2016,-1.6577802554637953,0.9244618562804495,-0.11099073057117556,11,2.582242111744245
218,2017,-0.5225132406026091,0.5673711333489214,0.08690552731934878,10,1.0898843739515305
218,2018,-1.469868813294303,0.976110206861353,-0.04606467898870153,11,2.445979020155656
218,2019,-0.8287155608760943,1.4582454568956367,0.0033485963205317935,10,2.286961017771731
218,2020,-0.6768932967910201,1.2711554426202996,0.11509312714288568,11,1.9480487394113197
218,2021,-1.7574841812406214,1.2702471413262353,-0.15721552142928652,11,3.027731322566857
219,2011,-1.8715945236201168,0.9622384338453451,-0.39324939592327207,14,2.8338329574654617
219,2012,-1.5322554170848606,1.4267124251430139,-0.35974065189449844,14,2.9589678422278745
219,2013,-2.3044467435477203,1.4862071381956516,-0.1570912366421396,13,3.790653881743372
219,2014,-1.460896846635917,1.4277887551179267,-0.19652226273174306,17,2.888685601753844
219,2015,-1.4705365413949019,1.3306564043930373,-0.17636702720313494,12,2.801192945787939
219,2016,-1.3910390845194502,0.9260373548233076,0.01975572043589941,13,2.317076439342758
219,2017,-1.0628349925524776,1.7161168205292958,0.2567094079773006,16,2.7789518130817736
219,2018,-1.4632406165627967,1.354970438166612,0.025886085142020895,16,2.8182110547294084
219,2019,-1.1087282791939725,1.5394555577561404,0.0053222074039411815,13,2.648183836950113
219,2020,-0.9227217230777094,1.3471549371174414,0.1671510378028909,11,2.269876660195151
220,2016,-1.9600869158673864,1.636587197652261,-0.14066995290024364,4,3.596674113519647
220,2018,-1.7894282375314776,1.819773792104742,-0.11846815273717409,4,3.6092020296362195
221,2011,-0.700883053980182,1.6377448906759897,0.2787858264609264,12,2.3386279446561717
221,2012,-2.1748452932019813,1.0171030328501467,-0.06979920651868372,12,3.191948326052128
221,2013,-0.5149829451305231,1.0219639969878713,0.3353231263736484,10,1.5369469421183943
221,2014,-0.9108193942607865,1.4168659597673092,0.09711228453226055,11,2.3276853540280955
221,2015,-0.6673508863230047,0.956838390504087,-0.01766628062239711,13,1.6241892768270918
221,2016,-1.5415084630008755,1.4298817888292925,-0.07926240871046993,13,2.971390251830168
221,2017,-1.504787996403889,1.8228810864928318,-0.2365603072177055,11,3.327669082896721
221,2018,-1.3795160262700836,0.9790097269418404,-0.2989824887741963,12,2.358525753211924
221,2019,-0.9149694785722265,1.1527445617265824,0.016635017853904206,12,2.067714040298809
221,2020,-1.873841820570524,0.5324225263146485,-0.22066731034822576,12,2.4062643468851723
221,2021,-1.7087463742622053,1.5522298067557674,-0.016031130243580598,13,3.2609761810179725
222,2011,-1.194700456039559,1.2770696577443845,0.2106787778372277,9,2.4717701137839434
222,2012,-0.8457129801788311,1.7793758183500548,0.13880717861850853,10,2.625088798528886
222,2013,-2.3044467435477203,1.6742885946062729,-0.10195270094308755,10,3.978735338153993
222,2014,-1.5535838898932648,1.3833172864142116,0.03465295969866682,11,2.9369011763074764
222,2015,-1.4806127750128442,1.4487994930991388,0.0830749149040141,12,2.929412268111983
222,2016,-2.2391392177783933,1.2065106514720598,-0.16042877508712985,12,3.4456498692504534
222,2017,-1.4090116313092342,1.6389539662591508,-0.045433155556498385,10,3.047965597568385
222,2018,-1.7851816006645385,1.8756196916968102,0.04662903519164709,11,3.6608012923613487
222,2019,-1.6779849043457027,1.4321454224007204,0.0013078906323984896,10,3.110130326746423
222,2020,-1.2520354942881173,1.166678324201211,-0.09015218658432766,10,2.418713818489328
222,2021,-1.5479658504462852,1.0446038036470262,0.06735894339339772,10,2.592569654093311
224,2012,-2.3272915400886256,4.334147490533833,0.6065965358269512,5,6.661439030622459
224,2019,-0.48369989009156605,1.5550290736351922,0.22762529244728372,6,2.0387289637267583
224,2020,-0.5615838822532048,0.5802509471917353,-0.05613500304253336,5,1.14183482944494
224,2021,-1.5479658504462852,1.6598961668930339,0.007231833592154361,11,3.207862017339319
225,2011,-1.4799169042803635,1.3561181861417517,0.059895213605539774,11,2.836035090422115
225,2012,-1.4785367601251465,0.7031874017709769,-0.34241646659122793,13,2.181724161896123
225,2013,-1.4366379174126478,0.7061868305966249,-0.29877087119739937,10,2.142824748009273
225,2014,-2.0633626278086785,1.4127512567692562,-0.15781887683112636,11,3.4761138845779347
225,2015,-0.9777007578316204,2.007439550606926,-0.002370697496037466,12,2.985140308438546
225,2016,-0.9463269799039724,1.0393899302746046,0.003544673609901211,14,1.985716910178577
225,2017,-1.3105182062118943,1.2028802014793987,0.017788348321607764,13,2.5133984076912927
225,2018,-0.7691737302493356,1.766796811656119,0.2997016461116763,11,2.5359705419054546
225,2019,-1.0997993022067951,1.5703468941139982,0.04914361569394724,15,2.6701461963207933
225,2020,-1.50557971139847,1.3838823801925608,-0.20033600214528466,13,2.8894620915910307
226,2021,-1.2576265345830933,2.6155394409796267,0.7374562442337814,4,3.8731659755627197
227,2011,-1.6959330458556212,1.631224060466076,-0.1886651576672881,12,3.327157106321697
227,2012,-1.7528294634060269,1.4211877931718329,0.038193968936500323,14,3.1740172565778595
227,2013,-1.3774437503789814,1.5169357996647177,-0.2006834091349138,9,2.8943795500436993
227,2014,-0.9342971267960214,1.0843756195654262,-0.0995962387633227,11,2.018672746361448
227,2015,-1.7563833792933683,1.5762598097459601,-0.0372336478205952,11,3.332643189039328
227,2016,-0.8085139372438523,0.995330645281007,0.1326602096194375,9,1.8038445825248592
227,2017,-1.60230682389157,1.3449227571267348,-0.04003011061264309,12,2.9472295810183047
227,2018,-0.6381742147235374,1.3206020106699117,0.2934916400150172,12,1.958776225393449
227,2019,-0.6923140166124436,0.916013545537543,-0.027049435036569265,9,1.6083275621499866
227,2020,-0.8093528636138176,1.544311082675684,0.1074208923977459,9,2.353663946289502
227,2021,-0.5668835717662732,0.9536707839751148,0.1339955138575558,11,1.520554355741388
228,2011,-2.310748218031355,1.2029571267432877,-0.17038933603506123,12,3.5137053447746425
228,2012,-0.9377372543077084,0.6943033961464907,0.02018237531048228,11,1.632040650454199
228,2013,-1.6555446483296032,0.895402454734332,-0.2797494824415749,12,2.550947103063935
228,2014,-1.2349721786961312,1.2939425586936586,-0.13365207163245918,13,2.5289147373897896
228,2015,-0.7643173761301233,0.9252194761353973,0.04033558503061576,11,1.6895368522655207
228,2016,-1.106858935155197,1.5780856668533074,-0.08119046472520594,10,2.684944602008504
228,2017,-1.4702177436037662,1.2774381021798473,0.0021589178989979848,11,2.7476558457836138
228,2018,-1.084486517619571,0.8931837487109506,0.003955406461868612,12,1.9776702663305217
228,2019,-1.5379144397109583,1.5744537015647733,-0.20607980195792125,10,3.1123681412757316
228,2020,-2.23173034920252,1.9978613528119802,-0.011092223854542014,13,4.2295917020145
228,2021,-0.8366161739066311,1.017252908981994,-0.056123770087062624,12,1.853869082888625
229,2012,-2.3272915400886256,1.0034279752226034,-0.5786637945502304,4,3.330719515311229
229,2013,-1.9929737378430243,0.5271260355858828,-0.6351596809156801,5,2.5200997734289072
229,2014,-1.533192740376648,1.445114568432699,-0.08971130805940977,5,2.978307308809347
229,2015,-2.135567960179089,1.7668733514364527,-0.05807698644683821,6,3.902441311615542
229,2016,-0.897541612437013,1.7473222380931364,0.5442201772231752,6,2.6448638505301494
229,2017,-1.513618441412616,2.3393990640619453,0.16599347921576563,10,3.8530175054745612
229,2019,-0.48369989009156605,3.048603406035748,1.1108713840604305,4,3.532303296127314
229,2020,-1.2091916959682456,0.7506740560641146,-0.44524680274259953,10,1.9598657520323601
230,2016,-1.0764212931491972,2.917262013185868,0.6609458381821126,5,3.993683306335065
231,2011,-1.6994263138793473,1.4671051689751355,-0.005701574236155898,13,3.1665314828544826
231,2012,-0.853162062019144,0.9299253377472609,0.13881589406703548,11,1.783087399766405
231,2013,-1.7611798731325523,1.1475358310139654,-0.33960656801862826,12,2.908715704146518
231,2014,-1.1780598577647348,1.7387584305052803,-0.18791715631514724,11,2.916818288270015
231,2015,-1.2032199907071404,1.7538480486033032,-0.13777437085680577,12,2.9570680393104434
231,2016,-0.750860274253022,1.6924535243611707,0.047061565951128294,11,2.443313798614193
231,2017,-1.1574571593939589,1.6643679991786717,0.09082869566696607,11,2.8218251585726306
231,2018,-1.9688120362211505,1.4540081161788676,0.18928177939904123,13,3.422820152400018
231,2019,-1.3629333737037514,1.4074623017200856,0.12763416976889988,13,2.770395675423837
231,2020,-1.0486277752124502,1.3162358417712645,0.04646265644800668,12,2.3648636169837145
231,2021,-1.2932746337599246,1.5930404645906795,0.38550874630831505,12,2.886315098350604
232,2011,-2.310748218031355,2.865834980875312,0.1154127592704306,11,5.176583198906667
232,2012,-1.2687322077746235,1.2571677640177683,0.13147430093153642,10,2.525899971792392
232,2013,-1.5628443490127293,1.7232214336681808,0.08033083754659592,12,3.28606578268091
232,2014,-0.8584310654631551,0.5273453736043842,-0.1462082408878431,11,1.3857764390675391
232,2015,-1.2879788970227721,0.6038904471145798,-0.3024660108660375,11,1.891869344137352
232,2016,-0.9048727468924306,2.0643179683190658,-0.06014316941006801,10,2.9691907152114965
232,2017,-1.1330991734677456,1.3711364327035205,-0.24775990287261243,11,2.504235606171266
232,2018,-1.5731291413219823,1.5866136394943708,-0.24174645574584594,11,3.1597427808163534
232,2019,-1.9087646172450525,2.057512885755195,-0.0903694441115235,11,3.9662775030002475
232,2020,-1.0232755771983773,2.4390766269763713,-0.10222467855999172,11,3.4623522041747483
232,2021,-0.9390634801432791,2.353994965966454,0.29083156911938934,11,3.2930584461097334
233,2011,-1.9691842334892808,2.1350722482579436,0.3056173317546466,11,4.104256481747225
233,2012,-2.1566180245524915,2.2066278657381,-0.12312392717356171,11,4.3632458902905915
233,2013,-1.9505001461560199,1.3493712079881406,0.0759952821706755,10,3.2998713541441607
233,2014,-0.927284297597185,0.7220635812498044,0.08562049216390799,11,1.6493478788469895
233,2015,-0.6898474845612911,1.0884312633674116,0.13126860478915411,12,1.7782787479287028
233,2016,-1.560887095078029,1.771051175330467,0.2032447494622545,13,3.3319382704084957
233,2017,-0.8997416347532968,1.848809175999563,0.17148529911581786,13,2.74855081075286
233,2018,-1.0819385354994075,2.0003235854858987,0.3675664356946955,15,3.0822621209853063
233,2019,-1.5954170515083796,1.5314167316173168,-0.129596141013147,11,3.1268337831256963
233,2020,-2.23173034920252,2.1170095894737813,0.03971542743125032,12,4.348739938676301
233,2021,-1.5090169299781073,2.6340128425604834,-0.12231966550838888,13,4.143029772538591
235,2011,-0.38109733796893003,1.3101584450228458,0.4626327845205926,11,1.6912557829917758
235,2012,-0.5690894266055205,1.6807743676393978,0.3534503333760759,13,2.2498637942449182
235,2013,-0.4722525923436243,0.9428250180544329,0.40602094864099425,11,1.4150776103980571
235,2014,-0.2961296697019108,1.3875488804114668,0.3556787333230569,11,1.6836785501133775
235,2015,-0.6346289941731112,1.1046500287463785,0.1459048830256649,13,1.7392790229194897
235,2016,-1.4820205691826376,1.2204231317330676,-0.09835956401761543,15,2.702443700915705
235,2017,-1.501026880937209,1.588011379170807,-0.06878333987790498,11,3.089038260108016
235,2018,-0.9793822551628258,1.535933427562698,-0.07983371990865704,11,2.515315682725524
235,2019,-1.6087509904758976,1.747028961094231,0.09316184327677743,11,3.3557799515701285
235,2020,-0.9303175178134432,3.8886821694316174,0.3804916170481246,13,4.818999687245061
235,2021,-1.0650952830269673,1.2225678889212035,0.18500722277860657,11,2.2876631719481706
236,2011,-1.3792100783711525,1.4333185356029208,0.10590696533654893,12,2.8125286139740733
236,2012,-1.6445974779440882,1.1199428919222723,0.07465588021819773,14,2.7645403698663604
236,2013,-0.9765881402803307,1.9453422644940457,0.31206588644020206,13,2.9219304047743764
236,2014,-0.9896453923055627,1.837970662468596,0.3325180973622919,12,2.827616054774159
236,2015,-1.5351923737766981,1.3256449442867593,0.17427637679106572,13,2.8608373180634574
236,2016,-0.8826349723776644,1.703991135311924,0.41387049614654375,14,2.5866261076895882
236,2017,-1.1033567114923908,1.0088533656115652,0.2084671708475581,12,2.1122100771039563
236,2018,-1.4632406165627967,1.3215673657205347,-0.18858217921258438,11,2.7848079822833314
236,2019,-0.8375621165372362,1.2853855646964492,0.1263577749674107,11,2.1229476812336854
236,2020,-0.9131936647688502,1.5667977164222766,0.07333562888223219,13,2.4799913811911267
236,2021,-1.057454708118408,1.6598961668930339,0.2982199241960825,12,2.7173508750114417
237,2017,-2.1935627070845976,1.3320742260293803,-0.8418062252143349,6,3.5256369331139776
238,2011,-1.3404737729644407,2.0291235855620595,0.21418794893336515,11,3.3695973585265
238,2012,-1.3610168675148187,2.3152600940701507,-0.09456301898754224,13,3.6762769615849695
238,2013,-1.5628443490127293,0.99770260059949,-0.22677807544898929,10,2.5605469496122195
238,2014,-2.0633626278086785,0.9994431408020373,-0.07429603504366637,11,3.062805768610716
238,2015,-2.135567960179089,1.4243061050774417,0.025544787157066994,11,3.5598740652565306
238,2016,-1.954391970930427,1.6104377182228493,0.09059606481323909,13,3.5648296891532762
238,2017,-0.9382809858440162,1.1953886487461864,-0.050435570150307106,10,2.133669634590203
238,2018,-0.8073790503882128,1.1717262162068924,0.033967664352791145,11,1.9791052665951052
238,2019,-0.8261067467302757,1.812267703258713,0.1731974401144733,10,2.6383744499889885
238,2020,-2.23173034920252,2.3686730926937978,-0.255238016872318,13,4.600403441896318
238,2021,-2.3538055842706553,2.512603008313728,-0.27690504158844037,15,4.866408592584383
239,2011,-0.918309674776209,1.9406332916944633,0.08298994901082442,10,2.8589429664706723
239,2012,-0.9814089604322515,1.1923492633568014,0.2651838435492682,11,2.173758223789053
239,2013,-1.390204115467134,2.145167623662227,0.2985090494249129,12,3.535371739129361
239,2014,-0.6741717715649564,1.0549303411081816,0.3559520611263915,10,1.729102112673138
239,2015,-1.1201676395522262,1.6741886410932263,0.27695972431970317,11,2.7943562806454523
239,2016,-0.9237972218971546,1.5468453414338952,0.2896067172306045,11,2.47064256333105
239,2017,-0.9103994041627648,2.5364843584596213,0.4690245565117033,11,3.4468837626223863
239,2018,-1.2246255342285646,1.2064817539013661,0.08572824834176661,11,2.4311072881299305
239,2019,-0.9959958861049567,1.1834621641789966,0.15367651438759733,12,2.1794580502839533
239,2020,-1.9334899086758566,1.5396526089392615,0.010189685376605395,10,3.473142517615118
239,2021,-2.3538055842706553,2.6155394409796267,0.5531858600656261,13,4.969345025250282
241,2012,-0.8318664515815434,2.275008085747826,0.38705405462574494,4,3.1068745373293694
241,2014,-1.159663956049536,1.250199168641511,-0.030179487184433737,9,2.4098631246910474
241,2016,-1.242523853810511,0.08629663147999898,-0.3843272903937232,3,1.32882048529051
241,2018,-2.205598650491519,1.609296801642193,-0.44333990004125845,10,3.8148954521337117
241,2019,-2.208778244014208,1.9314098054001323,-0.7860590779427347,5,4.14018804941434
241,2021,-2.3538055842706553,1.928289597062035,-0.3926820473500411,14,4.28209518133269
242,2011,-1.9691842334892808,2.003744218289583,-0.10135943517047052,13,3.9729284517788637
242,2012,-1.899056173834325,1.6973278742457765,0.03489228822682648,14,3.5963840480801013
242,2013,-1.867431046768172,1.6479569273262673,-0.43146238117458474,10,3.5153879740944394
242,2014,-1.6523782189466396,0.8019676740521683,-0.31008830318209174,12,2.454345892998808
242,2015,-2.135567960179089,1.1715354673878824,-0.3904577325310327,11,3.3071034275669717
242,2016,-1.1875289279387973,2.214514715330644,0.11930188649961518,9,3.402043643269441
242,2017,-1.1862378690520323,2.0047932508714625,0.15195837395225784,13,3.191031119923495
242,2018,-0.4936511068747286,0.9558543133064186,0.09246625477583575,11,1.449505420181147
242,2019,-0.9910758765394018,1.0686599961611651,0.09665163925428621,10,2.059735872700567
242,2020,-1.2644640556025306,1.0240327226954105,0.1315336807287463,12,2.288496778297941
242,2021,-1.2384233979462307,1.8645749875369533,0.1544052881894986,12,3.102998385483184
244,2011,-0.38945080498218726,2.812711550099759,0.8914141370505911,3,3.202162355081946
244,2013,-1.6555446483296032,3.9849120254894177,0.20896868722810344,5,5.6404566738190205
244,2014,-0.27913704510473036,0.7404204307260973,0.362610641393363,6,1.0195574758308277
244,2015,-2.135567960179089,0.9208895705967202,-0.30056980890720414,9,3.056457530775809
244,2016,-0.7704428919309877,0.8614419145661297,-0.00523660090772984,9,1.6318848064971174
244,2017,-1.6385061636788985,2.3393990640619453,0.5585738847731434,10,3.9779052277408438
244,2018,-1.581343031051457,1.8000415742488787,0.28334006259784766,10,3.381384605300336
244,2019,-1.346239067052887,1.329844020442493,0.08892813715138395,11,2.67608308749538
245,2011,-1.1431570463824277,1.3874484726394856,0.06889810381798067,11,2.530605519021913
245,2012,-2.0001673019777013,1.2636792267916424,-0.23731745582772976,13,3.263846528769344
245,2013,-2.0404865692217062,1.5308551923683165,-0.3808366181339215,11,3.5713417615900225
245,2014,-1.5111023284003138,1.120461828463038,-0.12568659812228294,12,2.6315641568633517
245,2015,-1.0924911838032176,1.3051495260193673,0.11897168903210217,13,2.3976407098225847
245,2016,-1.0201212673250466,1.7473222380931364,0.34087628962129013,13,2.767443505418183
245,2017,-2.0488937143884316,1.4741169525746127,-0.30278126388836796,12,3.523010666963044
245,2018,-1.3815812328306372,1.3020065982286717,0.03452018540615746,12,2.6835878310593086
245,2019,-1.88914519751083,0.887993140655548,0.010477112542586275,11,2.777138338166378
245,2020,-1.4047369364273896,0.867687051868834,-0.3086049646773498,11,2.2724239882962234
245,2021,-2.3538055842706553,1.4701885429665507,-0.5490076262640516,13,3.823994127237206
248,2011,-1.5788253940126245,1.383131951875909,-0.023680940254930873,11,2.9619573458885338
248,2012,-1.4170327905625755,1.635823830252029,0.10151330691762493,11,3.0528566208146044
248,2013,-1.1722750749926854,1.9753350142267334,0.17632431025068737,13,3.1476100892194188
248,2014,-2.0633626278086785,1.1613296951734984,-0.1629430375289507,13,3.224692322982177
248,2015,-1.0271822622054438,0.7896959178836055,-0.08726414523295085,12,1.8168781800890494
248,2016,-1.146077205684587,1.9769770828335613,0.08967883116596151,13,3.1230542885181483
248,2017,-1.32677823243193,2.1358229366152446,0.041882680738559094,11,3.4626011690471747
248,2018,-1.824109105278148,1.9474592793936576,-0.004500257622884875,13,3.7715683846718058
248,2019,-0.643758706434904,1.340277304760302,0.3226628974665591,11,1.984036011195206
248,2020,-1.1893365764879684,1.962436075166719,0.12496696972097654,10,3.1517726516546873
248,2021,-1.0671834201345598,2.188486352872181,0.5331559871168763,14,3.2556697730067405
249,2011,-0.9285198633197236,2.812711550099759,0.5429933280340887,11,3.7412314134194826
249,2012,-1.2429018004944015,1.6098131955185928,0.19659782866893602,14,2.8527149960129945
249,2013,-1.1016038353385271,1.0953225160613118,-0.01653164394980111,11,2.196926351399839
249,2014,-1.5033240143241395,1.0693099390586225,-0.06261427711126988,12,2.572633953382762
249,2015,-1.1385996234900009,0.9578926884027226,0.016663851938498262,11,2.0964923118927237
249,2016,-1.6411699993976638,2.0734872663008073,0.14582614095092353,12,3.714657265698471
249,2017,-1.1199664981288373,1.166968750055023,0.013585446565799164,14,2.2869352481838603
249,2018,-1.6333643326714622,1.7937532850420648,0.05267011158402313,13,3.427117617713527
249,2019,-0.781895986811635,0.863786206105519,0.014115856018578898,11,1.6456821929171541
249,2020,-0.8963253916204449,1.2027837684548528,-0.08817202109362282,12,2.099109160075298
249,2021,-1.341184333842296,1.1800105054996588,0.13207134159263098,12,2.5211948393419545
250,2011,-0.8507649595665522,0.9812658568648309,0.14845304127482004,11,1.832030816431383
250,2012,-1.1792706289823631,2.225960000904725,0.42544097097653993,12,3.405230629887088
250,2013,-1.6815007321383277,0.9742164743964514,-0.07099380501114776,11,2.655717206534779
250,2014,-1.6102259718838663,2.278545933057087,-0.14333675809916968,13,3.8887719049409535
250,2015,-1.076081631233693,1.2775908853526143,0.2191271334313138,13,2.3536725165863075
250,2016,-0.5681673500478119,1.9776511222101583,0.36451992192360516,13,2.54581847225797
250,2017,-1.748081981299506,2.1931744907991537,0.344661767892658,13,3.94125647209866
250,2018,-1.2863094421477361,2.1571502086779364,0.17320472660298256,11,3.4434596508256723
250,2019,-0.9864370103775932,1.3393545163865201,-0.11262836441574464,11,2.3257915267641134
250,2020,-1.3370090276225297,1.1055894712702994,-0.18432531169624344,13,2.442598498892829
250,2021,-1.517841000583692,1.8272296879780758,0.06579822377276251,16,3.345070688561768
251,2011,-1.4203908802768628,2.134736485954823,0.2593143695600242,9,3.5551273662316856
251,2012,-0.6348643441135443,2.1079611572763626,0.3514525665578038,9,2.7428255013899068
251,2013,-0.654695654010134,1.5512470837978207,0.06628684386854322,11,2.2059427378079546
251,2014,-0.4833437789221982,1.4295414308205163,0.32412105934919855,10,1.9128852097427145
251,2015,-0.9092688900805881,1.1565577718817044,0.07493896464249535,11,2.0658266619622925
251,2016,-0.7496443600834752,1.5396940372664942,0.29020712388200504,12,2.2893383973499697
251,2017,-1.3098155182801654,0.8805728370448512,-0.058063182934302904,10,2.1903883553250165
251,2018,-1.3663216510221023,1.896257963970835,0.06401356849609129,11,3.262579614992937
251,2019,-0.9383234274069193,1.2413784638310759,-0.009912626371351567,11,2.179701891237995
251,2020,-1.2155036629635187,0.8731591944578111,-0.2004868723701806,12,2.0886628574213297
251,2021,-1.5712315645462016,1.1082932476592289,0.13971805694794467,12,2.6795248122054307
252,2011,-1.2310108288797565,3.893169052222647,0.22599925676787747,12,5.124179881102403
252,2012,-1.1390348481397548,1.9803267458322178,0.4377744519173988,12,3.1193615939719725
252,2013,-1.0269207435870518,2.6135480833685376,0.13364852346436576,13,3.6404688269555896
252,2014,-1.2184703769209808,2.3837098094219344,0.363934835662887,10,3.602180186342915
252,2015,-1.784128592528909,2.8339408936689696,0.1079243925834489,15,4.618069486197879
252,2016,-1.1183966694896013,1.5321439208727985,0.2596472038843907,13,2.6505405903623998
252,2017,-1.5269506819159884,2.6302718676519445,0.038951108131323485,15,4.157222549567933
252,2018,-0.973093965956012,1.3921264308154373,0.07763466780182898,11,2.3652203967714494
252,2019,-1.6567531707589624,2.186449532021341,-0.014836014160965218,14,3.843202702780303
252,2020,-1.1926991370451119,3.280275456735523,0.1385258200614383,13,4.472974593780634
252,2021,-1.3373486472876432,1.3904578548936195,0.27528731775230125,14,2.727806502181263
253,2011,-0.9688897073303491,1.0911188860772074,0.22169288938752252,12,2.0600085934075567
253,2012,-1.8314400633731194,1.1657299855025995,-0.18247009214938714,11,2.997170048875719
253,2013,-2.1547001061896935,1.7502314372234746,-0.09976076642064992,13,3.904931543413168
253,2014,-1.3583494796277873,0.3224018656354579,-0.2212108096216732,14,1.6807513452632452
253,2015,-0.6494364637929011,1.2892726440521096,0.27584514022414325,13,1.9387091078450107
253,2016,-1.323330504943042,0.9319096675739599,0.036352172707869945,13,2.2552401725170017
253,2017,-1.6496072945470122,2.6631820477152703,0.3704815472696971,18,4.312789342262283
253,2018,-1.2041885943064194,1.8781881110436875,-0.02047483756224801,13,3.082376705350107
253,2019,-1.1192550731156974,1.778069507273675,0.19684122943330196,14,2.8973245803893724
253,2020,-1.5899991944141132,1.210690676507455,0.09179113647803526,12,2.800689870921568
253,2021,-1.207033655366744,2.4640350194780942,0.49263227693276573,15,3.6710686748448382
254,2011,-1.7343589941166047,1.5203533035023795,-0.07322261536833517,11,3.254712297618984
254,2012,-1.5421933686224074,1.613964340765884,-0.47714888290317736,12,3.1561577093882915
254,2013,-1.2243070642439184,1.2358639716518414,-0.021835897602267836,12,2.46017103589576
254,2014,-0.4728529655125876,0.8562792347977823,0.25905020959768027,13,1.32913220031037
254,2015,-1.0271822622054438,1.0121522816628035,0.20897973365159606,13,2.0393345438682475
254,2016,-1.2092108054327544,3.0956842011085066,0.618762185374125,14,4.304895006541261
254,2017,-1.3936282768822663,1.5046074401771339,0.07438718651040774,14,2.8982357170594
254,2018,-1.303896089078096,1.6744291630200856,-0.05216438168996659,13,2.9783252520981813
254,2019,-0.6681422298191441,1.3862850455605777,0.29283529592629914,12,2.0544272753797217
254,2020,-0.7937853680918213,1.7267336796059218,0.16666175964810107,11,2.5205190476977433
254,2021,-1.8127881823280845,1.3052850294244558,-0.039778798894619743,11,3.1180732117525403
256,2011,-1.0543867792374646,1.8976355594674816,0.23971839595812955,10,2.9520223387049462
256,2012,-1.280493978133668,1.530127221450597,-0.08135796055913061,10,2.810621199584265
256,2013,-1.9898275458662091,1.7307162854542624,-0.0020402714958939563,12,3.7205438313204713
256,2014,-1.4261392054144115,0.9693888469084442,-0.2574059345345953,11,2.395528052322856
256,2015,-0.99528627089685,1.3303840737547148,0.22104776975411056,11,2.3256703446515647
256,2016,-1.1179469333145255,1.780542750225399,0.15494136384547538,12,2.8984896835399248
256,2017,-2.1935627070845976,0.9667416263203868,-0.23504963875168028,12,3.1603043334049845
256,2018,-1.0399361512284404,1.3482776391277813,-0.1243393364593588,12,2.3882137903562217
256,2019,-1.1848607694278657,1.1183782246922065,-0.0942848935920549,10,2.303238994120072
256,2020,-1.244451649528048,1.585300068634515,-0.028606510954220538,12,2.829751718162563
256,2021,-1.2509152342788836,2.1261981651485296,0.29985280943115905,12,3.3771133994274134
257,2011,-1.2361242412411426,2.001569574924502,-0.00042932721932691206,13,3.2376938161656446
257,2012,-0.9548094065963371,1.6751697262097418,0.2654615033449768,10,2.6299791328060786
257,2013,-1.6815007321383277,1.5110975763348098,0.03781138726260857,11,3.1925983084731375
257,2014,-0.9405854901685318,1.4370712919626356,0.052686256609436155,10,2.3776567821311674
257,2015,-1.3642825353117838,1.5242861680008004,-0.026278156512284528,9,2.8885687033125844
257,2016,-1.0332663330622174,2.029402757343151,0.2282704584940247,11,3.062669090405368
257,2017,-1.9115581729349278,1.7050307727194272,-0.22745474940411506,11,3.616588945654355
257,2018,-1.5668254585063393,1.2803058176967166,-0.29934247764418154,11,2.847131276203056
257,2019,-1.4420767533819228,1.5641028617683874,-0.15307776708842366,12,3.00617961515031
257,2020,-1.3765984666304938,1.6359158526395898,0.13910583563095497,10,3.0125143192700836
257,2021,-0.6486381736455586,1.2392986779986357,0.22679741792270852,11,1.8879368516441943
258,2011,-1.082521561287595,1.3152017959130686,-0.06339184970973583,11,2.3977233572006638
258,2012,-1.2210168439316818,2.19154177916138,-0.11817543350816577,12,3.4125586230930613
258,2013,-2.3044467435477203,1.5923841004311405,-0.26595903197669507,12,3.8968308439788606
258,2014,-2.0633626278086785,0.8117059977606538,-0.3212062911470036,15,2.875068625569332
258,2015,-0.9022540437050247,1.1773310846955718,-0.05483710874077157,12,2.0795851284005966
258,2016,-0.9299832673772581,1.520378220852476,0.0029604919295384557,11,2.450361488229734
258,2017,-1.4090116313092342,0.750925281010593,-0.11152615960630584,12,2.1599369123198273
258,2018,-1.1882931965891959,1.2278072564288216,0.012646491500139549,13,2.4161004530180175
258,2019,-1.0440540953402357,1.0563542870696567,-0.014923568578836272,13,2.1004083824098925
258,2020,-1.2681843105779151,0.7621797786428081,-0.5185786362549534,10,2.0303640892207233
258,2021,-1.1554757893533532,1.2188300403915298,-0.04546884818372014,13,2.374305829744883
259,2011,-1.5788253940126245,1.454994711545014,0.18100307388119985,11,3.0338201055576386
259,2012,-0.849174612328153,1.2133472724060843,0.15934001386587188,10,2.0625218847342373
259,2013,-1.2179130027173843,3.0448216434476008,-0.1369503096699496,12,4.262734646164985
259,2014,-1.2996420650580773,0.7637205669466078,-0.046752678899603085,11,2.063362632004685
259,2015,-0.585507355285643,1.3171580536973035,0.15542837110772495,11,1.9026654089829464
259,2016,-1.568926265590385,1.4012892893855067,-0.036245150233975586,12,2.9702155549758915
259,2017,-1.6705286565676887,1.612723233738969,0.3378973554620806,10,3.2832518903066576
259,2018,-1.0102647421562891,1.1906223549098287,0.40553543627120553,10,2.2008870970661176
259,2019,-1.1784147023047566,1.228235009705951,0.18446209052323742,9,2.4066497120107075
259,2020,-1.6093155167990487,1.4322783720557652,-0.026201599940048375,10,3.041593888854814
259,2021,-1.2291643417140126,1.3400250650622696,0.18461630628060144,12,2.569189406776282
261,2011,-1.4407267479713546,1.4156558357875495,-0.11445188635693107,14,2.8563825837589043
261,2012,-1.2567031244528737,1.5666511702834331,0.20065572805489304,11,2.8233542947363066
261,2013,-1.4314842836130335,1.3061367847138292,0.06446421515365695,10,2.7376210683268627
261,2014,-1.2658291295226731,1.0340973123512816,0.1382412242691275,13,2.2999264418739545
261,2015,-1.4383576017763122,1.3111337017582743,0.04600257886987773,13,2.7494913035345867
261,2016,-2.2391392177783933,0.8388497404862326,0.028415419360726852,12,3.077988958264626
261,2017,-1.3218392895564162,1.6683824867575334,0.03870896355736823,12,2.9902217763139496
261,2018,-1.7625785334695394,1.99259435417885,-0.051740060832227146,14,3.7551728876483894
261,2019,-0.9293629011791213,2.418731643066113,0.039082191841403185,13,3.3480945442452343
261,2020,-1.5500379137130038,1.6202988239402958,-0.08381984101730539,13,3.1703367376532996
261,2021,-1.6192856079106686,2.82851137063321,0.2905020607757627,12,4.447796978543879
263,2012,0.17074809639479607,0.6506670413349608,0.4107075688648784,2,0.47991894494016474
264,2011,-1.350099511506771,1.8514133177425014,0.481487798279656,12,3.2015128292492725
264,2012,-1.3230962044923,1.8146785924629305,0.030502484076945686,12,3.1377747969552305
264,2013,-2.148710240695372,1.444278198421809,-0.18400149660139747,10,3.592988439117181
264,2014,-1.7833433210664091,1.422409369532292,0.01820250138209711,11,3.2057526905987013
264,2015,-1.4046759419500912,1.0572603732387846,0.14932212699322964,11,2.4619363151888756
264,2016,-0.8438777082233578,2.0838642408951715,0.18214895623916014,11,2.9277419491185293
264,2017,-1.4650509938646172,3.070521930375904,0.2112078672247879,17,4.535572924240522
264,2018,-1.0345144651853562,1.7407588477571607,0.08264553387960406,11,2.7752733129425167
264,2019,-1.1370018147010135,1.0784955291259337,-0.08320254914236926,9,2.2154973438269474
264,2020,-1.020070126874759,1.5380751027310187,0.060298722889097496,12,2.5581452296057776
264,2021,-0.8467091421865535,1.5274802361045652,0.03173715730910427,11,2.3741893782911188
265,2011,-1.5991565835687005,2.4672365275667447,-0.04986383690578048,12,4.066393111135445
265,2012,-1.2421965063548281,2.554147867991488,0.2657054860721493,12,3.796344374346316
265,2013,-2.049141001166822,1.8058402680726093,-0.4091571937691463,13,3.854981269239431
265,2014,-1.4256059640567593,1.692288099552909,-0.24222069095785434,12,3.1178940636096684
265,2015,-1.5849050019501445,1.627980491895601,-0.1494243123791502,12,3.2128854938457456
265,2016,-1.5004713597786685,1.1521213957234289,-0.09029665616626269,13,2.6525927555020976
265,2017,-1.0968784076136597,1.0612524662960352,-0.13142353447179247,11,2.1581308739096947
265,2018,-1.1491660637467986,1.4118017084680312,-0.004295797532716121,12,2.5609677722148296
265,2019,-0.9487210115837564,2.1169021015208465,0.04563243628463518,12,3.065623113104603
265,2020,-1.3174165899236978,1.7157667175436544,0.05894913502412812,14,3.033183307467352
265,2021,-1.9508857173584704,1.388292288994739,-0.23000842415826575,14,3.3391780063532095
267,2018,-1.6562537053842643,-0.6449596018913641,-1.3115258799823637,3,1.0112941034929002
269,2011,-1.2406585196242237,1.7362768107178386,0.2669602434484901,13,2.9769353303420623
269,2012,-1.789553066481627,2.0398170386922136,0.1621838281652905,11,3.8293701051738407
269,2013,-1.6228865560100916,1.863733958625646,0.08023063268061094,12,3.486620514635738
269,2014,-0.982342467264645,1.6556232002071813,0.1882296760766062,11,2.6379656674718266
269,2015,-0.9108701827884564,1.1314108801144416,0.2345685534274,9,2.042281062902898
269,2016,-1.3411986423221824,1.2962795123949349,0.013572372114939068,10,2.637478154717117
269,2017,-0.9898336243160178,1.9000811831578757,0.45640222527783625,10,2.8899148074738936
269,2018,-0.9717184026920216,2.244044112165281,0.2301631197123494,10,3.215762514857303
269,2019,-1.362114021230089,2.9467676003691747,0.006956535873367409,10,4.308881621599264
269,2020,-1.0966793522466747,3.7590932038065956,0.1626164053290649,10,4.85577255605327
269,2021,-1.4072636746991731,0.9044262411269458,-0.1340654200192597,11,2.311689915826119
270,2011,-1.6500305556253065,1.8734105926090545,-0.2106763846054861,13,3.523441148234361
270,2012,-1.1541563413460005,1.0979982661698058,-0.07989799937781898,14,2.2521546075158065
270,2013,-1.2858603221382143,0.8495328371704018,-0.2887171638365413,13,2.135393159308616
270,2014,-0.7488918325226529,0.9135271144567326,0.055820752903499096,13,1.6624189469793855
270,2015,-1.815367647431147,1.1080901853614311,-0.3450212745451483,13,2.923457832792578
270,2016,-1.3532588942513868,1.371786013989297,0.04814605464287251,15,2.725044908240684
270,2017,-1.490172087423927,0.5681646444879752,-0.17700183418970677,11,2.0583367319119024
270,2018,-1.1755768784154168,0.9777848775659045,-0.07273953490591081,10,2.1533617559813214
270,2019,-0.9419238278522678,1.1143788304134579,0.02543136875887184,11,2.0563026582657256
270,2020,-1.2556707256607125,1.0659065845579159,0.005670165123623777,13,2.321577310218628
270,2021,-1.5455386223323564,1.4192156386045591,0.08050447617819385,11,2.9647542609369157
273,2011,-1.6959330458556212,1.5318466080669806,0.1056708296557688,6,3.227779653922602
273,2012,-0.6916703495340042,0.42055206004313817,-0.19289398779044842,5,1.1122224095771425
274,2020,-2.23173034920252,0.5980859237016354,-0.8404564946379228,10,2.8298162729041554
275,2011,-1.5302211439801308,1.8793332341320628,-0.1809344567152924,12,3.4095543781121935
275,2012,-0.9814089604322515,0.893003195609355,-0.13074832754017926,11,1.8744121560416065
275,2013,-0.6497464007415211,1.0398948241148844,0.12209870252701552,13,1.6896412248564054
275,2014,-1.159663956049536,1.3401020080800823,0.018465622340914943,13,2.4997659641296184
275,2015,-2.135567960179089,1.8870858544346432,-0.029571159237440487,12,4.022653814613732
275,2016,-1.6577802554637953,0.8435851645892767,-0.2632795800902844,10,2.501365420053072
275,2017,-1.6836045078306114,1.2293310159184638,-0.2298723239773636,14,2.9129355237490753
275,2018,-1.7287367189748049,1.7780974853649234,-0.33392995496978006,14,3.5068342043397283
275,2019,-0.8732337119450658,1.734257993523259,0.004047998017135328,12,2.6074917054683246
275,2020,-1.1769010016555843,1.891767915470479,0.10739622299757587,10,3.0686689171260633
275,2021,-0.7947953802705668,1.866882657699562,0.09585156341273639,10,2.661678037970129
276,2011,-1.178447548271971,1.5605942002821804,0.10472285660201322,11,2.7390417485541514
276,2012,-1.9256134058500953,1.4759521971179679,0.12100540661545683,11,3.401565602968063
276,2013,-1.8777713932673146,1.588965827760984,-0.19095477685469112,13,3.4667372210282985
276,2014,-1.4145533250072428,3.0733235305438242,0.3515953572501061,11,4.487876855551067
276,2015,-0.7911862643115338,1.3883756991392935,0.26752955980037235,12,2.179561963450827
276,2016,-1.9220343292431579,2.3448963661412723,0.05452200115164644,15,4.26693069538443
276,2017,-1.0603222642979617,1.6262867854303553,0.1418981536446767,14,2.6866090497283173
276,2018,-1.3336225471466705,1.8547770307360145,0.08247044854468119,12,3.1883995778826852
276,2019,-2.208778244014208,1.6823759377661873,-0.032884630019366846,12,3.8911541817803954
276,2020,-1.4725728642255584,1.2923760806941769,0.18075714259895778,12,2.7649489449197353
276,2021,-2.3538055842706553,1.5125726319976582,0.1572594455017877,11,3.8663782162683136
277,2011,-1.2845013449003884,2.1414367221222403,0.38802658545226354,11,3.4259380670226287
277,2012,-1.650482771583265,1.7502539038110219,-0.2201987902314392,12,3.400736675394287
277,2013,-1.0319992957310213,1.1728324197001705,0.14728699248028507,13,2.204831715431192
277,2014,-1.2220285779287476,1.5735515758313368,0.1987698508216541,11,2.7955801537600844
277,2015,-0.9256507478872474,1.207255257617459,0.306241058271086,14,2.1329060055047067
277,2016,-1.4577927724275737,1.948462057643946,0.20864986796341575,11,3.4062548300715196
277,2017,-0.5473818533524318,1.903537355297855,0.47138809575860985,15,2.4509192086502867
277,2018,-1.2986612411163347,1.8123919552090237,0.21059053824995955,12,3.1110531963253587
277,2019,-0.5396251235105045,1.734257993523259,0.43102350521587834,15,2.2738831170337637
277,2020,-1.0364521564898341,1.223060440365709,0.13093710381129034,12,2.259512596855543
277,2021,-1.9508857173584704,1.7398839299223088,-0.05796541998094444,13,3.690769647280779
278,2011,-1.109485052057111,1.4529971930307632,0.12090816887874464,11,2.562482245087874
278,2012,-2.0132522715021386,1.4441271504871498,-0.10080825074525933,9,3.4573794219892884
278,2013,-1.61800485769715,0.8516750750546843,-0.29767624146647303,11,2.469679932751834
278,2014,-1.206122760070321,1.067207225761934,0.07613190764655092,10,2.2733299858322553
278,2015,-1.4589015534051235,1.1138875332359144,0.07448587378397424,11,2.5727890866410377
278,2016,-1.4358068334891303,1.6999752465027624,0.07422643544313853,11,3.135782079991893
278,2017,-1.5355521274020347,0.8457641341700195,0.024355838397935647,11,2.3813162615720542
278,2018,-0.78516878936658,1.4021722840194204,0.2885123998766228,9,2.1873410733860004
278,2019,-0.9236996321851954,2.0703122183133837,0.21947205610294226,10,2.994011850498579
278,2020,-1.0204153292173024,1.3081692586172238,-0.030434323253514157,13,2.328584587834526
278,2021,-1.608403830483113,1.590787500744399,-0.18629419643131723,13,3.199191331227512
279,2011,-1.6876247327181115,1.1233974160255682,-0.18377742286931179,10,2.81102214874368
279,2012,-1.7457373390025381,1.5732755657673478,-0.38108452916672303,15,3.319012904769886
279,2013,-1.6555446483296032,0.9970618895552689,0.021942856891660648,14,2.652606537884872
279,2014,-1.3777981181982946,0.8444569078516919,0.12301702625062984,12,2.2222550260499867
279,2015,-0.9828468342864981,0.9059764439467983,0.03949494935136996,13,1.8888232782332963
279,2016,-0.7756775529701586,2.9930914430529896,0.2965377363949177,13,3.768768996023148
279,2017,-1.4659470722326617,0.9190710424360289,-0.19459675436632828,14,2.3850181146686906
279,2018,-1.7151120923600418,0.9579731878632665,-0.0407577231946986,10,2.673085280223308
279,2019,-1.2128567201001055,1.584057685377786,-0.10378336364063308,11,2.7969144054778914
279,2020,-0.7216521693206798,1.552268915977676,0.09388474805972453,12,2.2739210852983556
279,2021,-1.0511617427001931,0.6886505536376808,-0.03784038957045035,12,1.739812296337874
282,2011,-1.0664794171995131,1.0011557625188727,0.008082784098927608,13,2.067635179718386
282,2012,-1.4385011572966804,1.142490602643948,-0.0026353561836199957,11,2.5809917599406287
282,2013,-0.60525981380131,0.9619368368760617,0.08948054704776184,10,1.5671966506773716
282,2014,-0.7059999642025768,0.8009026538686042,0.05521081964883561,11,1.506902618071181
282,2015,-2.135567960179089,0.7170602478790662,-0.14133442620885395,11,2.8526282080581553
282,2016,-1.4602310935122327,1.111955468726579,-0.2576693249726168,11,2.5721865622388114
282,2017,-1.5325057821257266,1.226973241653024,-0.130013714227769,13,2.7594790237787503
282,2018,-2.205598650491519,1.346200563564006,-0.37003042790815766,13,3.5517992140555252
282,2019,-1.013845920809256,1.3526738415035042,0.017417309937175326,13,2.3665197623127603
282,2020,-0.7022921926555281,1.1142945331026293,-0.05836794409921251,11,1.8165867257581574
282,2021,-1.4502883069524224,1.4065225478631789,-0.15245381693672966,11,2.8568108548156013
286,2013,-0.8624420875074597,2.8126097787437194,0.9016102750484595,3,3.675051866251179
286,2014,-1.1386477078690909,1.0924105116676923,-0.018329934381932693,7,2.2310582195367834
286,2015,-1.7117734286009305,2.79383159133528,0.011569976274931082,10,4.50560501993621
286,2016,-1.1139283229759454,2.2749421366643685,0.28544824395272217,9,3.388870459640314
286,2017,-1.513618441412616,1.4328067098326371,-0.025624468710163762,5,2.9464251512452533
286,2018,-2.205598650491519,2.1489649387733034,-0.01213271601268178,13,4.3545635892648225
286,2019,-2.208778244014208,2.199755327121432,0.5139001189550753,5,4.40853357113564
286,2020,-1.8106850214001717,2.0629319943814335,-0.3599372676637377,9,3.873617015781605
286,2021,-1.7866520759540472,2.1655593796380663,-0.16728899270443168,11,3.9522114555921135
288,2011,-0.9218585218512337,1.9974929779313735,0.15330383374230624,12,2.919351499782607
288,2012,-0.5000165021656459,1.9498429223781573,0.4912901834934375,11,2.4498594245438032
288,2013,-1.511344182725577,1.3750420601066593,0.007065764129169303,13,2.886386242832236
288,2014,-1.6951890948697685,1.4501188148971706,-0.11022351608972325,12,3.145307909766939
288,2015,-1.4494244328620707,1.933124001337271,-0.01469696782130767,14,3.3825484341993417
288,2016,-1.4925970816696106,1.4602616827404968,0.1955066443348178,13,2.9528587644101076
288,2017,-0.706184625927138,2.2485581468044997,0.4916927877863746,11,2.9547427727316378
288,2018,-1.581343031051457,2.6894865408306017,0.17431276068063564,12,4.270829571882059
288,2019,-1.0370269092743003,2.587003353582194,0.3184698373630478,14,3.624030262856494
288,2020,-1.0387685870958665,2.2302565012743147,-0.07510990450272641,14,3.2690250883701815
288,2021,-1.511543715584167,1.3732031846670563,0.03726204591899252,15,2.884746900251223
289,2017,-2.1935627070845976,1.4676756465337641,0.09782456184662214,4,3.6612383536183617
290,2011,-1.467251792790257,0.9829044900529325,-0.20390700989028457,10,2.4501562828431895
290,2012,-1.45053216078625,1.9601240062162544,-0.1080504877195818,11,3.4106561670025046
290,2013,-1.376215931844983,1.2618553453354577,-0.2831175711461974,11,2.6380712771804404
290,2014,-2.0633626278086785,1.7334269306238304,-0.3317246885045957,13,3.7967895584325086
290,2015,-0.6748980883830277,1.4832552616318275,0.29167908538771153,12,2.1581533500148553
290,2016,-0.7687231070061077,1.798595054245825,0.3287205178677992,12,2.567318161251933
290,2017,-1.1773822660803175,2.190555543218328,0.19392190659874767,10,3.3679378092986454
290,2018,-0.9457959662985257,1.8149694260180975,0.17130942675389735,11,2.7607653923166233
290,2019,-0.5822757960300028,2.5228652410307526,0.7354123638516114,11,3.1051410370607555
290,2020,-0.9936294933945334,2.648567768506518,0.35458598791514023,12,3.6421972619010514
290,2021,-1.160380204190863,2.404077950543445,0.242154064233177,16,3.564458154734308
291,2011,-0.3059161348496148,2.3003655732866477,0.6361204609612207,3,2.6062817081362626
291,2016,-2.2391392177783933,0.4440559929043673,-0.6307775668531909,5,2.6831952106827606
291,2017,-1.9507254693446043,0.8661864884393192,-0.33393188786743444,4,2.8169119577839234
291,2018,-1.3977384370984975,2.33535754898377,0.42896991438379983,7,3.733095986082268
291,2019,-2.208778244014208,-0.0006779509932263078,-1.1663462808478435,4,2.2081002930209817
292,2011,-2.118618476726438,2.069158596462087,-0.15424294218961368,13,4.187777073188525
292,2012,-0.8845897720096775,0.9346044342174481,-0.015493588347374743,10,1.8191942062271256
292,2013,-1.3310936007205443,1.1202801438214525,0.011127059503838048,11,2.4513737445419967
292,2014,-2.0633626278086785,1.105825062738793,-0.3672518124583792,13,3.1691876905474716
292,2015,-1.4151172564962196,1.4427389536494069,-0.19773842437318673,11,2.857856210145626
292,2016,-1.5348004749741686,0.762381814491225,-0.257976691088184,11,2.2971822894653937
292,2017,-1.166708101784054,2.481538686304283,0.028873429410709934,12,3.648246788088337
292,2018,-1.608484579722764,2.498658931587475,0.1805067414199355,14,4.107143511310239
292,2019,-1.3807406341313397,0.80584825372986,-0.1364184032502613,12,2.1865888878611996
292,2020,-1.523040193495597,1.7646915538547703,0.032018610580583064,12,3.2877317473503673
292,2021,-1.1611627782105878,3.394631669514629,0.20879341251253788,15,4.555794447725217
294,2011,-1.5943322335045467,1.5841268097826042,0.0673493691564417,12,3.178459043287151
294,2012,-1.4464496891753078,1.5176488892534559,-0.019928819491913104,12,2.9640985784287635
294,2013,-1.3990019595224406,1.8532245995692669,0.0555330565750576,12,3.2522265590917074
294,2014,-1.396202534563674,2.052429919361031,0.36490229179861733,13,3.448632453924705
294,2015,-1.8406466194901951,1.0264101282068372,-0.29509394281278056,13,2.867056747697032
294,2016,-1.651660687439431,1.3583121228827548,-0.11529728259602434,12,3.0099728103221857
294,2017,-0.9751654680191972,1.361574453428906,0.33948221282849544,11,2.3367399214481033
294,2018,-1.4263859623961226,1.813786772780586,-0.005105360983820497,12,3.2401727351767087
294,2019,-0.7638408193610549,1.466951410431893,0.18707938721952055,13,2.230792229792948
294,2020,-1.6352494681491934,1.2176862187492774,-0.12370617940173609,11,2.852935686898471
294,2021,-1.4583554254999065,1.9896583528221559,-0.019548261055841027,12,3.4480137783220624
295,2011,-1.139671699601386,1.6590337989007269,0.02577611314734923,11,2.798705498502113
295,2012,-2.3272915400886256,1.502108425902539,-0.19255158540344866,12,3.829399965991165
295,2013,-1.748244947646477,1.1902158636108402,-0.0752576399716051,10,2.9384608112573174
295,2014,-1.483631404416021,1.4137922486211432,-0.20955733899638024,10,2.897423653037164
295,2015,-1.6387054059150412,1.6291213932831194,-0.1073910781202798,12,3.2678267991981604
295,2016,-1.2466041623630917,2.146566502428357,-0.26161183089214085,12,3.393170664791449
295,2017,-2.1935627070845976,3.2459914182912546,-0.14813095845904267,17,5.439554125375852
295,2018,-1.3898603676416508,1.6183798860520349,0.1199151812922325,11,3.0082402536936854
295,2019,-1.455191384142738,1.1498320171884149,-0.09144234755689513,10,2.605023401331153
295,2020,-1.3817450937015294,0.8512852890128686,-0.09483435241597479,11,2.2330303827143982
295,2021,-1.1469646495670154,1.2890202350606605,0.020833063432453593,10,2.435984884627676
297,2015,-0.9735506961744611,0.6947740900036117,-0.16975530596988056,6,1.6683247861780728
297,2020,-2.23173034920252,3.4944861089094186,0.3727745559387165,5,5.726216458111939
299,2011,-1.7414749104612313,1.429286247939801,-0.06972058030357783,13,3.1707611584010325
299,2012,-0.9115407390839697,1.721513166163861,0.22442709604034608,11,2.633053905247831
299,2013,-1.7688450141613379,1.4203387192827437,0.07208645895615257,12,3.1891837334440813
299,2014,-1.4742849751064226,1.5378717361789875,-0.16473376634846842,14,3.01215671128541
299,2015,-0.967269521774436,1.4566140199731483,-0.09149875611319466,13,2.4238835417475846
299,2016,-1.649592101064998,1.7019786006803794,0.07141373933425083,10,3.3515707017453775
299,2017,-1.7535987704733154,1.3266058911943464,-0.04530553714820107,14,3.0802046616676617
299,2018,-1.8786076117372008,1.8895434100330446,-0.052311258932906224,14,3.7681510217702456
299,2019,-1.5055615901858699,1.9785338970194826,0.04482937263177874,14,3.4840954872053524
299,2020,-1.3896396935978232,1.472290786289468,-0.030542289473479742,12,2.8619304798872913
299,2021,-2.09677049675771,1.1730313582023708,-0.04571722622030145,14,3.2698018549600807
300,2011,-1.0939265231002155,1.9596738154671014,0.2969463879067777,11,3.0536003385673167
300,2012,-1.0187945876449287,0.6400723005715403,0.14072057736154966,11,1.658866888216469
300,2013,-0.5477660172305611,0.994089433059654,0.2621081900327768,12,1.541855450290215
300,2014,-0.5643703865574022,0.7930166497173703,0.09799685900546828,14,1.3573870362747726
300,2015,-0.9893963861381606,1.684271341226728,0.26694548794022965,13,2.673667727364889
300,2016,-1.8988315325210676,1.415892391266011,-0.0811107261576542,12,3.3147239237870787
300,2017,-1.20455286610717,2.2376979986836583,0.16448783456924804,13,3.4422508647908283
300,2018,-1.523787548408047,1.571147847120856,0.10109182558322208,13,3.094935395528903
300,2019,-1.2625814211268727,1.4978090299547118,0.0938754293315839,13,2.7603904510815847
300,2020,-0.9648683009476665,1.7374057263172245,0.15495544845461187,12,2.702274027264891
300,2021,-0.8820800009241367,1.9583488329726941,0.1531627569249201,15,2.840428833896831
301,2011,-1.350099511506771,1.2850744632716748,-0.21701559195425899,11,2.635173974778446
301,2012,-0.4877309709627586,1.3159744843624528,0.17839997486151407,10,1.8037054553252114
301,2013,-0.9545637332705453,1.4423212864687542,0.013241626578933685,12,2.3968850197392997
301,2014,-0.9671466951484655,1.3408614949344997,-0.020717750046303822,10,2.3080081900829654
301,2015,-0.7229195215852277,1.798914121073472,0.08650136482277537,14,2.5218336426586996
301,2016,-1.2931992113004032,1.29172664313639,-0.24687728845528156,13,2.5849258544367935
301,2017,-1.0011231366897047,0.9341809150065175,-0.10467523480587719,9,1.935304051696222
301,2018,-0.9570874116113951,1.6188639375723084,0.11097804688113433,10,2.5759513491837036
301,2019,-1.1989762807424176,1.5344206201063961,0.0728465502077455,11,2.7333969008488137
301,2020,-0.7080097184743954,0.6679214366061058,0.0004591844538738111,11,1.3759311550805013
301,2021,-1.7056301461945318,0.9590910992295326,-0.058100915483448395,12,2.6647212454240643
302,2011,-1.7370482128907014,1.5414291388053802,0.10796070288625904,11,3.2784773516960817
302,2012,-1.5912620043390462,1.1223822436265758,-0.040862111150877255,12,2.7136442479656218
302,2013,-1.533110290741279,2.354547479532517,-0.008073018006925463,11,3.8876577702737958
302,2014,-1.5515116186009257,1.912911527931549,0.03948291574729013,11,3.4644231465324746
302,2015,-1.8223285237952325,2.3846045490089343,0.08698274311902007,11,4.2069330728041665
302,2016,-1.5114518091669238,1.428405321623414,-0.2575835160902042,11,2.9398571307903376
302,2017,-1.3771193111557642,1.452213885611246,-0.24791916582358783,12,2.8293331967670103
302,2018,-1.3560961580576203,2.2308891157127273,0.06854955715682244,11,3.5869852737703476
302,2019,-0.8005510163222553,1.3708545433749384,-0.08350342855959357,13,2.1714055596971935
302,2020,-1.4302811345053859,1.8584242637345785,0.21186528784173458,13,3.2887053982399643
302,2021,-1.9988523681813497,1.0565292369795383,-0.2688457018287419,14,3.055381605160888
304,2011,-1.4066082589493938,1.0001668208080916,-0.18200183073966003,10,2.4067750797574856
304,2012,-1.6135659296647908,1.5981993172424658,-0.20197526201305063,12,3.2117652469072566
304,2013,-1.326951672453195,0.6206769572690167,-0.3718408579093136,12,1.9476286297222116
304,2014,-1.1723208001918208,1.1179212526155557,-0.04659146983012495,10,2.2902420528073764
304,2015,-2.135567960179089,1.704910740815765,-0.12818043210940766,11,3.840478700994854
304,2016,-0.8404663108894824,1.7259993047245217,0.09069553663725269,13,2.566465615614004
304,2017,-1.0888913510909022,0.9997857610873283,-0.158193409342987,12,2.0886771121782304
304,2018,-1.0422131778986763,1.2598203651180553,-0.05068139476482317,13,2.302033543016732
304,2019,-1.0990787180990582,1.1937900954470029,0.11531913032276038,12,2.292868813546061
304,2020,-1.3927242747538846,1.596844608256043,0.1353128127261688,11,2.9895688830099276
304,2021,-1.4694306221498423,0.7404891805227362,-0.08781416844782618,13,2.2099198026725784
305,2011,-1.6774475117256162,1.8791998126860394,0.1665748773038499,11,3.5566473244116557
305,2012,-1.5962284654439691,1.941433191200059,0.17812828997882812,11,3.537661656644028
305,2013,-1.1786406988319507,1.855315983544678,0.025791208251963276,12,3.033956682376629
305,2014,-1.1644152634720342,1.3263146769826335,-0.07811422238122966,14,2.490729940454668
305,2015,-2.135567960179089,0.9688131207308357,0.04026382133696005,12,3.104381080909925
305,2016,-1.7408315357944522,1.0977019494793683,-0.37584865953739144,14,2.83853348527382
305,2017,-2.014630005591971,2.430058299484877,0.1354974849183076,18,4.444688305076848
305,2018,-1.2649394979106037,1.2413423651289022,-0.09640756815934427,12,2.506281863039506
305,2019,-1.1982720952729116,1.5047492048879674,0.19475092706037897,9,2.703021300160879
305,2020,-1.507910853092865,1.1912122231165716,-0.051510458674801064,12,2.6991230762094367
305,2021,-0.6336476909147885,1.1717432512109638,0.06782998363259594,12,1.8053909421257521
306,2020,-0.5039926247721939,0.86997023227478,-0.025925188225028206,5,1.373962857046974
309,2011,-0.8328271310704567,1.4782912794802443,0.19565138402515872,13,2.311118410550701
309,2012,-0.8552324685894664,0.8689579326789822,0.2336886782260808,13,1.7241904012684488
309,2013,-1.3700277264336314,1.5775704738937388,-0.05087237996904652,13,2.94759820032737
309,2014,-1.1942316648053501,2.1225382601994687,0.3326989854230099,15,3.316769925004819
309,2015,-1.3070496509437894,2.0916822254680305,0.3758689942314648,15,3.39873187641182
309,2016,-1.0567142096809057,2.0353213154661787,0.2271060735569093,14,3.092035525147084
309,2017,-0.5051105037380663,1.0151630410303711,0.37320250701025864,13,1.5202735447684375
309,2018,-0.5132328163279487,1.7627955535623654,0.5184296620349769,13,2.276028369890314
309,2019,-0.6753752627496374,2.2266401674841685,0.41840993890632067,12,2.902015430233806
309,2020,-1.1015560482593745,1.0369209131915824,0.004231389722250644,13,2.138476961450957
309,2021,-1.6176063212706138,1.4543179230517256,0.17524832316518793,12,3.0719242443223393
310,2011,-1.642470856970775,0.4162545617803672,-0.7067355696616826,5,2.058725418751142
310,2012,-2.3272915400886256,0.7655194384146583,-0.5204670708762037,4,3.092810978503284
310,2013,-1.3509579505741602,0.2412460915387401,-0.4240445903999109,5,1.5922040421129005
310,2016,-1.1139283229759454,1.0973556963749524,-0.126324208304562,5,2.211284019350898
310,2020,-1.0710107968825326,1.3471549371174414,0.023242038016137778,9,2.418165733999974
311,2011,-1.1187596189151368,0.9904500861768369,0.07450564759543472,11,2.1092097050919736
311,2012,-1.8207765907555817,1.9253235553533898,0.06727160824509683,12,3.7461001461089714
311,2013,-1.439243949923564,1.6709324082095884,-0.11041297022935138,13,3.1101763581331525
311,2014,-1.1457608995609336,0.9900902221624862,0.18385191524541256,13,2.13585112172342
311,2015,-1.698931170068259,0.999978498616795,-0.10695585028039763,12,2.698909668685054
311,2016,-0.8750567363698392,1.807409235089121,0.13556845061892647,14,2.68246597145896
311,2017,-1.1199664981288373,1.608969205204209,0.015604186994894834,13,2.7289357033330464
311,2018,-1.6848351443272345,1.2956355951356204,-0.15971940978582197,13,2.980470739462855
311,2019,-1.3796708180978994,0.5606449459212747,-0.2531297260349719,12,1.9403157640191742
311,2020,-1.720461022585383,0.9419176281777556,-0.4007787710514627,14,2.6623786507631384
311,2021,-1.608403830483113,0.28847675191652844,-0.5640656698661375,13,1.8968805823996413
314,2011,-1.6959330458556212,2.167535134853619,0.5772664228713887,9,3.86346818070924
314,2012,-1.4549602384594944,1.9486263640195427,0.2472959766746826,13,3.403586602479037
314,2013,-1.2534642089613217,2.50138675137426,0.07238983260781963,13,3.7548509603355815
314,2014,-1.6491674032524049,1.1662406771774017,0.061185132375992296,12,2.8154080804298065
314,2015,-2.135567960179089,1.907594190380894,0.08688325474972021,11,4.043162150559983
314,2016,-2.2391392177783933,3.076732785766102,-0.1810309656340392,13,5.315872003544495
314,2017,-2.1935627070845976,3.433870754858513,0.018516927093632507,12,5.62743346194311
314,2018,-0.7014398722216555,1.010306429746085,0.2976185266657656,11,1.7117463019677406
314,2019,-1.9569419879671068,1.2120403965874935,-0.03461192451770031,10,3.1689823845546004
314,2020,-1.7284496058137755,1.402534206538253,-0.2536526454173416,11,3.1309838123520284
314,2021,-1.5892909650013813,1.63127303501218,-0.2796004041136249,14,3.220564000013561
315,2011,-0.7387776073547632,1.384054499370891,0.06860688856254743,9,2.122832106725654
315,2012,-1.5151210178821932,1.409750203668394,-0.1187962294394217,12,2.924871221550587
315,2013,-0.7348189982642114,1.696191815005003,0.29503743388639264,10,2.4310108132692143
315,2014,-1.2773549458600288,2.450765036920566,0.16973350137492585,9,3.7281199827805946
315,2015,-1.9484379072744475,1.1042637103460093,-0.25715509932248487,12,3.052701617620457
315,2016,-1.8515665762353277,1.0692128151871545,-0.3570757743281568,11,2.9207793914224824
315,2017,-1.0547397990625595,1.1554165118968036,0.06589005165100455,11,2.210156310959363
315,2018,-0.8168052499394711,2.0371100773457593,0.30974631260131774,11,2.8539153272852307
315,2019,-0.7434607233077168,1.1563263692110954,0.18382537967287266,11,1.8997870925188123
315,2020,-1.4895362124964473,1.1932243871681958,-0.06146180755125341,11,2.6827605996646433
315,2021,-1.4452313072659397,0.9518891499175758,0.024192897276931757,11,2.3971204571835156
316,2015,-0.9735506961744611,0.4842527804858903,-0.3346477423649067,5,1.4578034766603514
316,2016,-0.3609025703004611,5.069373451319412,1.729625281513588,5,5.430276021619873
316,2019,-2.208778244014208,0.9949386989849842,-0.2755410847650452,6,3.2037169429991925
316,2021,-1.207033655366744,1.905633008801015,-0.16575481516070342,5,3.112666664167759
317,2012,-1.6135659296647908,1.1271404143627348,-0.1890030298492712,4,2.740706344027526
319,2017,-2.1935627070845976,1.7923174709925351,-0.08832446415044448,6,3.9858801780771325
322,2011,-2.310748218031355,1.6940982948538308,-0.18332667012840595,13,4.004846512885186
322,2012,-1.9774953250789247,1.6114461930264847,-0.03936362661035153,12,3.5889415181054094
322,2013,-1.748244947646477,1.6369339497894282,-0.2654957459630534,12,3.385178897435905
322,2014,-2.0633626278086785,1.7504528927692675,-0.15738381545396285,14,3.813815520577946
322,2015,-1.6728931963460536,2.468208957973775,-0.08832498882097876,14,4.141102154319829
322,2016,-1.4916776948024815,1.3340914774235269,-0.1761217325905526,11,2.8257691722260083
322,2017,-1.513618441412616,1.7707184054999248,-0.22219168753253338,10,3.2843368469125407
322,2018,-1.6969459235403574,2.0086901883276713,-0.2247021975193579,12,3.7056361118680288
322,2019,-1.2310010393616984,2.2950191350892166,0.02987079313374737,12,3.526020174450915
322,2020,-1.5034688083815977,1.8139660614200448,0.18765048128033637,13,3.3174348698016427
322,2021,-1.982791136684096,2.0745959788213852,0.06681565511526777,10,4.057387115505481
323,2017,-1.853590574248607,2.5660471526192725,-0.2142632504907965,5,4.4196377268678795
324,2011,-0.8761794829546431,2.4994064563651226,0.4587186792201165,12,3.3755859393197656
324,2012,-1.1231532402938125,1.8228907131166363,0.05026272221305448,12,2.946043953410449
324,2013,-0.8650639141548055,2.260527996145448,0.06990908735380894,11,3.125591910300254
324,2014,-1.6215543882819867,1.215172088340769,0.02088314678158411,12,2.836726476622756
324,2015,-2.135567960179089,4.139325265445901,0.2865797445453857,13,6.27489322562499
324,2016,-0.9239336964765157,0.8350507813871273,0.07955537332729765,13,1.758984477863643
324,2017,-2.1935627070845976,2.0331178633088007,0.05707032969836049,18,4.226680570393398
324,2018,-1.377162908875351,1.231584380638855,0.05486943991737645,11,2.6087472895142056
324,2019,-1.763596733324494,1.699923580822429,-0.04062823557177879,15,3.4635203141469226
324,2020,-1.0704401383022375,1.719955487775771,0.25493625148901333,13,2.7903956260780083
324,2021,-1.288945936002738,2.046864394075986,0.11684887116673752,14,3.335810330078724
325,2011,-1.3372908620864434,2.354191804313706,0.10955384216206017,10,3.6914826664001494
325,2012,-1.134250201095843,0.8639643501972564,0.022996720215147492,12,1.9982145512930996
325,2013,-1.2426069513726195,1.6178059208817888,-0.029193275976554117,12,2.8604128722544084
325,2014,-1.1013608159360428,0.9314718089103678,0.04153351009155547,11,2.0328326248464106
325,2015,-1.2464041170261808,1.430002732182158,-0.07293680428835476,12,2.676406849208339
325,2016,-1.7166844675044814,1.19396478349404,-0.3691762233489038,15,2.9106492509985213
325,2017,-1.8260252661808238,1.4107061700770471,-0.23802188879312466,14,3.236731436257871
325,2018,-1.4641119288091917,0.9371069851335069,-0.15281543384663374,12,2.4012189139426985
325,2019,-1.100590864620648,1.6819069474316597,0.12051858182344556,11,2.7824978120523074
325,2020,-1.244451649528048,1.5444869579170386,-0.1452961968298187,14,2.7889386074450866
325,2021,-1.7729730488517914,1.7773366656362057,-0.04580051915795684,14,3.550309714487997
326,2011,-1.2686886041741794,1.8213183010226897,0.43471375154368186,14,3.0900069051968693
326,2012,-0.7792106386059419,1.7761252484529397,0.33590178188650516,15,2.555335887058882
326,2013,-1.348169971647337,2.8839208322687093,0.045785483332809775,12,4.232090803916046
326,2014,-1.2856899612948585,1.5368686370366929,-0.22352760285353201,12,2.8225585983315513
326,2015,-1.354126720734707,0.865655254726648,-0.0007314029921508434,13,2.219781975461355
326,2016,-1.2848329966204681,1.2666760942048287,-0.10641926215290597,14,2.551509090825297
326,2017,-1.2358947272649052,2.0156160804086216,-0.06651010722442367,13,3.251510807673527
326,2018,-1.0371201833344799,0.9950880073989378,-0.09724642338632836,13,2.0322081907334177
326,2019,-1.2919533845867899,1.2004923770471299,-0.015977652057806973,12,2.4924457616339195
326,2020,-0.5630476390165259,1.7440738228460881,0.164346387880115,13,2.307121461862614
326,2021,-1.6136903677440178,1.0699017814017804,-0.2452027345676129,12,2.683592149145798
328,2011,-0.6386567455868909,1.574413116714596,0.1512262771392075,12,2.213069862301487
328,2012,-1.9534352679618552,1.4595107001631797,-0.11194634453035296,13,3.412945968125035
328,2013,-0.6201491421665255,1.4730649022644735,0.2678345951171901,11,2.093214044430999
328,2014,-1.0169746920875662,1.380938341562675,-0.06117183298947244,13,2.397913033650241
328,2015,-1.5918315800410745,1.4757821580292334,-0.3282872419941993,12,3.0676137380703077
328,2016,-1.031701372971151,1.1446680756937546,-0.05816067341805867,12,2.1763694486649054
328,2017,-1.295523110914056,1.0607656254309827,0.03946154676862265,11,2.3562887363450384
328,2018,-1.7106932945390374,1.1003818825637368,-0.006259855214901148,13,2.811075177102774
328,2019,-0.7216417320119306,1.8689332409250037,0.3267656476090135,12,2.5905749729369343
328,2020,-0.6557074708230874,1.8584242637345785,0.4496976700136653,11,2.514131734557666
328,2021,-0.5971262919051098,1.5506797927117095,0.28231814927639387,12,2.1478060846168194
329,2014,-0.8738789060060463,0.4441976505860597,-0.19106314719354564,5,1.318076556592106
329,2015,-0.900509611008456,1.6562778486781176,0.8068279949961228,4,2.5567874596865736
329,2016,-0.8438777082233578,2.1669497597638236,0.45783423101139714,4,3.0108274679871814
329,2017,-2.1935627070845976,1.20615862127531,-0.4640297569147716,5,3.3997213283599077
329,2019,-1.6976439169260178,0.009179639600617477,-0.7990581291646109,3,1.7068235565266352
329,2020,-2.23173034920252,1.3471549371174414,-0.08811749978594059,5,3.578885286319961
331,2011,-1.5189407993201829,0.9366777853780657,-0.19345935271161263,12,2.4556185846982483
331,2012,-1.7665071318984698,2.4290547441008874,0.1449188595151095,10,4.195561875999357
331,2013,-1.3774437503789814,2.56231897058816,0.3961861167902868,14,3.939762720967141
331,2014,-0.9468363703091581,1.8110438250354985,0.12260892211756187,10,2.7578801953446566
331,2015,-1.2533834250572082,2.3057393549937655,0.3482958766990585,12,3.5591227800509735
331,2016,-1.5618278053730363,1.669852541784702,0.0928118941788352,13,3.2316803471577384
331,2018,-0.8765382994255807,1.9379742762641368,0.2176989608639013,12,2.8145125756897174
331,2019,-1.1737312316606228,1.6272512535242984,0.028378339474076746,13,2.800982485184921
331,2020,-0.658380508269457,2.1190713714217466,0.5823510475898558,14,2.7774518796912036
331,2021,-0.8939173568065747,2.385477171292114,0.3190752690196282,12,3.2793945280986887
332,2017,-1.1736463085766253,-0.21039193220798472,-0.6999518034918115,5,0.9632543763686406
333,2011,-1.7908677415592276,1.9615038354577232,-0.2917119963513834,14,3.752371577016951
333,2012,-1.9859445090163572,1.4225852525723905,-0.12119795007559715,12,3.4085297615887478
333,2013,-1.618197765151582,1.196179072779398,-0.0802099149257424,11,2.81437683793098
333,2014,-1.1580178746802114,1.4653655190603543,0.09050895335618803,10,2.623383393740566
333,2015,-1.2824026531862176,1.503368384288357,0.10125954262689905,11,2.7857710374745746
333,2016,-1.041713295399072,1.5229883199586036,-0.18124259764391734,11,2.5647016153576754
333,2017,-1.5754315564737054,1.6918330967552966,0.04732019052847241,13,3.267264653229002
333,2018,-1.2246255342285646,2.191387232332504,0.01252375698368676,12,3.4160127665610687
333,2019,-0.9400109385485229,1.0558861677103617,0.12926033024161335,11,1.9958971062588846
333,2020,-0.5174001132862917,1.4336774385449567,0.4564329862119432,9,1.9510775518312484
333,2021,-1.207033655366744,1.5263679285960032,0.27724547812274625,14,2.7334015839627472
338,2011,-1.6210517107829359,1.5568216905021603,-0.31056691802653735,12,3.177873401285096
338,2012,-1.7260902376144946,1.127757387385498,-0.24965926104271371,9,2.8538476249999927
338,2013,-1.2356668220119975,1.588965827760984,-0.2496149601078357,11,2.8246326497729815
338,2014,-1.283701028643928,0.8658260002532892,-0.07767033082523425,13,2.149527028897217
338,2015,-1.4095323673203835,1.0491516276917763,-0.13537429553289468,13,2.4586839950121595
338,2016,-1.6154296025799502,1.5751025859627092,-0.045329678188651905,10,3.1905321885426594
338,2017,-1.4720784380435883,2.0585196406829898,-0.08348817155318318,12,3.530598078726578
338,2018,-0.9999752022599491,1.529113733634182,0.1349943258795326,10,2.529088935894131
338,2019,-1.3142931716098751,1.527303052879027,-0.15372208437957033,11,2.841596224488902
338,2020,-1.8153503435918876,0.7099387763824236,-0.42500758794901194,14,2.5252891199743113
338,2021,-0.8008852638799422,1.3875562351250958,-0.10493980891790192,14,2.1884414990050383
339,2011,-0.9857155193767565,1.4486408145884735,0.07020347964219588,11,2.43435633396523
339,2012,-1.316769141171711,2.1087498077308338,0.030501506296283606,12,3.425518948902545
339,2013,-0.9538410978260714,2.453782714697529,0.15720201935210149,11,3.4076238125236005
339,2014,-0.632636463538303,1.9171461116969808,0.05739128253503983,11,2.549782575235284
339,2015,-0.8313037552359636,1.8165250501601709,0.24055425259355198,11,2.6478288053961343
339,2016,-1.260008333880123,1.6224489411011263,-0.019281976516117866,12,2.882457274981249
339,2017,-0.980194152181735,1.6622529229400549,-0.1501135544746135,11,2.64244707512179
339,2018,-0.9469916333994264,1.9582360443629554,-0.1607586002825331,12,2.9052276777623818
339,2019,-0.735857514910885,0.652648196238792,0.07631922726490499,10,1.388505711149677
339,2020,-1.8646651916312422,1.7807365221130838,-0.05408466222535222,11,3.645401713744326
339,2021,-1.2996078598902763,1.056010949012783,-0.18666544086523043,11,2.355618808903059
341,2017,-2.1935627070845976,1.7923174709925351,-0.032520462193348865,5,3.9858801780771325
341,2018,-1.3732578245714364,0.00950193461837814,-0.5601174555017333,5,1.3827597591898146
341,2019,-1.8144746202604611,2.8514515941588745,0.021578480160441393,4,4.665926214419335
342,2012,-1.9534352679618552,-1.4861149278033918,-1.6730430638667773,3,0.46732034015846335
344,2011,-1.308332176440485,2.01418068665673,0.024035269314220918,13,3.3225128630972147
344,2012,-2.1528252797627996,1.2725994232047517,0.04338962069880357,10,3.4254247029675513
344,2013,-2.3044467435477203,0.750104102795174,-0.10882995146117187,10,3.0545508463428943
344,2014,-1.2986945209355578,1.1544740500773947,-0.09292368708111831,12,2.4531685710129523
344,2015,-2.135567960179089,1.1457951586063932,-0.22119275071860867,12,3.2813631187854826
344,2016,-1.9290811045439409,1.616416130806153,-0.010457496473895688,10,3.545497235350094
344,2017,-1.2690770827060263,1.316300780941398,0.024421065179218958,11,2.585377863647424
344,2018,-2.205598650491519,3.83719574568828,0.12057535296778903,13,6.042794396179799
344,2019,-1.3293265341712925,1.5425589543171379,0.18669617120928622,9,2.8718854884884304
344,2020,-1.301783778741428,1.7671072085132418,0.3237760170220781,12,3.0688909872546697
344,2021,-1.1652712918141412,2.8225954836983886,0.2933033276416559,12,3.98786677551253
347,2018,-0.9570874116113951,2.4638333829201446,0.8297699828906109,3,3.42092079453154
347,2019,-2.208778244014208,2.720017052907626,0.5086308963553632,4,4.928795296921834
347,2020,-2.23173034920252,0.5050642815127444,-0.6218243501487356,4,2.7367946307152646
349,2011,-1.642470856970775,1.516537465333521,-0.19395862373959244,15,3.159008322304296
349,2012,-1.8216350906697056,2.180239767660565,-0.23928066494160471,15,4.001874858330271
349,2013,-1.4059669193995579,2.781584458066511,0.10176289031485636,15,4.187551377466069
349,2014,-1.290588498601214,1.8755950864282522,-0.14346642958464764,15,3.166183585029466
349,2015,-1.9236706943900097,1.9009998122284768,-0.04401760599581873,18,3.8246705066184865
349,2016,-2.1350152245280176,2.165696605902179,-0.1086618116197051,16,4.300711830430197
349,2017,-1.5864696127346138,1.5486678595802261,0.04263971160762314,14,3.13513747231484
349,2018,-1.3014276999146321,1.1395329502969052,0.011628859646926023,12,2.4409606502115375
349,2019,-0.8712725599155957,1.3758001537471254,0.212955812252592,13,2.247072713662721
349,2020,-1.4364225077980843,1.5836793168200611,-0.23835766316574425,13,3.0201018246181457
349,2021,-0.9044132852393231,1.3732031846670563,0.19056572826154347,14,2.2776164699063792
350,2011,-1.8777797869216835,1.4028549089576725,-0.24470655110717204,10,3.280634695879356
350,2012,-0.9046304240089014,1.3555904597984978,-0.04154873913440978,12,2.260220883807399
350,2013,-1.4785713496337527,1.6081074824871824,-0.015220100420014029,13,3.086678832120935
350,2014,-1.2785716760178443,1.6183727015804212,0.04462211886156098,13,2.8969443775982655
350,2015,-1.1619859281752116,1.2059720008372774,0.11063328490997151,10,2.367957929012489
350,2016,-0.5976550888901163,1.295434853480323,0.2742978203601071,13,1.8930899423704393
350,2017,-0.8565936453700271,1.254361509166985,0.33061122149916206,12,2.110955154537012
350,2018,-2.205598650491519,1.9130305159840486,-0.09827382207549028,12,4.118629166475568
350,2019,-0.8210057134842613,1.4191467905234192,0.21176923218929108,10,2.2401525040076806
350,2020,-0.7379347514341885,1.6453953776441046,0.19599002240609956,13,2.383330129078293
350,2021,-1.4593234797256047,1.537630042120191,0.09501352422556962,11,2.9969535218457954
351,2014,-1.4322079999134043,0.47053756947676045,-0.4564834470885657,5,1.9027455693901647
351,2021,-1.3373486472876432,2.272825990962366,0.13415095649881592,4,3.610174638250009
352,2016,-1.681034613956379,1.2490145561091954,-0.3875451203924168,5,2.9300491700655744
352,2017,-1.222213756124624,2.9060192854552636,0.2709239261843609,5,4.128233041579888
353,2015,-1.0271822622054438,3.0876996415217133,0.1457872950527261,5,4.114881903727158
353,2017,-1.7814752733440027,1.3421474744097064,0.024831211036738614,6,3.123622747753709
353,2018,-0.1859481170089656,1.4730505354945602,0.6672710060302641,5,1.6589986525035259
353,2019,-2.208778244014208,1.4229656589808273,-0.356815719808786,9,3.6317439029950354
353,2020,-2.23173034920252,2.4363808938235167,-0.3549606510130216,7,4.668111243026036
354,2013,-0.7973192965895124,2.27603863446252,0.49087611595219294,5,3.0733579310520325
354,2017,-2.1935627070845976,3.781705082154028,0.03939550360801072,10,5.975267789238625
354,2018,-1.5189174691074507,4.661213163349163,2.0590528970516413,3,6.180130632456613
354,2021,-2.3538055842706553,4.106342948554712,-0.058199985582852956,11,6.460148532825367
355,2016,-0.2770527199666247,1.0829119954478814,0.5060782631513,3,1.359964715414506
355,2017,-2.1935627070845976,1.4328067098326371,-0.43769130837610887,3,3.6263694169172345
355,2018,0.001590861100128733,1.7182938145602986,0.9976873129054702,5,1.7167029534601699
355,2019,-2.208778244014208,2.161420252589818,-0.017098875639335542,6,4.370198496604026
355,2020,-1.4058337446671443,2.5997647873294283,0.055380545539590896,6,4.005598531996572
356,2011,-0.6111389680263221,1.055324294540274,0.17187439933387727,11,1.6664632625665963
356,2012,-1.6837684487228732,1.11393315540349,-0.2535179974247584,12,2.797701604126363
356,2013,-1.4760610900777835,1.7341668169771798,0.1647618006465611,11,3.2102279070549633
356,2014,-1.0766941028111037,1.1461082221561647,-0.15465185877644685,11,2.2228023249672684
356,2015,-0.8537844996390148,2.0270361055441555,0.3784332536030556,11,2.88082060518317
356,2016,-1.5068931965424492,1.9629641589516844,0.039978777879245773,12,3.469857355494134
356,2017,-1.3066788822950566,1.2629701474308401,-0.010659253161751541,12,2.5696490297258965
356,2018,-1.5189174691074507,1.9197103479374835,-0.008101894329622864,12,3.4386278170449343
356,2019,-1.9087646172450525,1.105293396468269,-0.11035980377332032,13,3.0140580137133215
356,2020,-1.3129717383860524,1.3115795366570044,-0.06221997504407103,13,2.624551275043057
356,2021,-0.9985296682933057,2.5264830785199446,0.29522519349580645,11,3.52501274681325
357,2011,-1.1284113484626364,1.121918745262871,-0.17448195086551255,11,2.2503300937255073
357,2012,-2.3272915400886256,1.1535644304897532,-0.4738270443201572,13,3.4808559705783786
357,2013,-1.2803291510946373,1.2735382071108228,-0.2436380054593863,12,2.5538673582054603
357,2014,-1.7982776840926635,1.1956798703452556,-0.15457087144484552,13,2.993957554437919
357,2015,-1.3350671783092343,1.4153938871077805,-0.08756596354578969,13,2.7504610654170145
357,2016,-1.1781038492954767,2.1551326628891894,-0.03335563944611019,12,3.333236512184666
357,2017,-1.7595557289960988,2.3492963605054973,-0.36647190476808916,12,4.108852089501596
357,2018,-1.3892643789160533,1.433339896587939,-0.2839044811603488,15,2.822604275503992
357,2019,-1.527265807896621,1.0885743205931726,-0.055117091604240276,12,2.6158401284897934
357,2020,-1.5276873420576098,1.0901079276027479,-0.2132722551183223,14,2.6177952696603577
357,2021,-1.1450459835341003,0.8870716061099634,0.014234210912264414,16,2.0321175896440637
361,2014,-0.9036159990511122,0.4218087195289637,-0.3568783026368309,5,1.3254247185800758
366,2014,-1.0692940888736218,2.050024429853626,0.3659160623862889,6,3.1193185187272476
366,2015,-1.8223285237952325,1.1895891337418463,-0.28226140084267326,5,3.0119176575370785
366,2016,-2.2391392177783933,2.4801276527754035,-0.18258376703467438,8,4.719266870553797
366,2017,-1.7935954919834318,0.5880274706644179,-0.6403303103514258,9,2.3816229626478496
366,2018,-2.205598650491519,1.2278072564288216,-0.6226647583399334,4,3.4334059069203406
366,2019,-2.208778244014208,1.7013993582104467,-0.12629904138143927,5,3.910177602224655
366,2020,-2.23173034920252,3.2614424158467235,-0.20641085855530833,8,5.493172765049243
367,2020,-1.0387685870958665,0.8358856105003039,-0.016229933861591734,3,1.8746541975961704
368,2011,-0.575382812696623,-0.05039832032645166,-0.26155874947978713,3,0.5249844923701713
368,2013,-1.5257642292859797,2.8867700181972182,0.30352167723366547,3,4.4125342474831974
368,2014,-1.6617187736935042,2.9973499340425205,-0.09238533466381654,10,4.659068707736025
368,2016,-1.0363275716102593,2.069756620553334,0.5647427598108279,6,3.1060841921635935
370,2020,-2.23173034920252,1.2387038678350184,-0.6745279244058996,6,3.470434217037538
380,2013,-0.7973192965895124,2.047014365562008,0.4497722558499565,5,2.8443336621515205
380,2017,-1.3436323749946206,0.6910493290995665,-0.3134137906431335,4,2.0346817040941874
383,2013,-1.6815007321383277,0.7098081503686957,-0.6198792771398859,4,2.3913088825070234
383,2014,-1.1166306859657673,2.97325130279561,0.3901803222162725,6,4.089881988761377
386,2014,-0.7379379092286027,1.5929814234467032,0.280160012013,5,2.3309193326753057
386,2018,-2.205598650491519,-1.0611300148514056,-1.6333643326714622,2,1.1444686356401135
386,2019,-1.1737312316606228,1.2413784638310759,-0.0811816075096163,4,2.4151096954916986
386,2020,0.49503939275554565,1.8584242637345785,1.176731828245062,2,1.3633848709790328
388,2017,-1.1056518820094272,1.2980429815012533,0.3013222792636526,5,2.4036948635106805
389,2012,-1.2567031244528737,3.168395660174902,0.2863388303128631,5,4.425098784627776
390,2016,-1.3935261816844324,1.7473222380931364,0.6336800700229648,4,3.140848419777569
391,2011,-1.6959330458556212,0.31839561035171676,-1.0077465760981463,5,2.014328656207338
391,2013,-2.3044467435477203,0.8102833134992432,-0.9943134133023414,5,3.1147300570469634
391,2014,-2.0633626278086785,1.3942670728349975,-0.10038286199659403,5,3.4576297006436763
391,2015,-2.135567960179089,1.866935949170185,-0.26149849486533827,6,4.002503909349274
391,2016,-0.8438777082233578,2.331545037660516,0.1304838378753599,4,3.1754227458838735
391,2017,-1.5754315564737054,1.5152241965807558,-0.060464269102823785,5,3.0906557530544614
391,2019,-1.5814770244059746,-0.08560488534018706,-0.6787463366114208,4,1.4958721390657876
391,2020,-1.1580647633065317,0.49503939275554565,-0.5831708093770395,3,1.6531041560620774
399,2011,-1.9264887354215217,1.4503906808777993,-0.47977808817587725,12,3.376879416299321
399,2012,-1.1962179032305147,3.002094077056442,-0.01901893423289791,12,4.198311980286957
399,2013,-1.3509579505741602,1.265089029793711,-0.058140410133475685,12,2.616046980367871
399,2014,-1.0319890885162355,1.0029184375631388,-0.11256348160551972,13,2.0349075260793743
399,2015,-0.9912688755493728,0.8993652217884399,0.07790825139971365,10,1.8906340973378128
399,2016,-0.522746090944818,1.432601596840121,0.45547797606483714,11,1.955347687784939
399,2017,-0.9793765183846306,1.4017432662232574,0.10655946020829153,12,2.381119784607888
399,2018,-1.1284516993008238,1.2737903712536478,0.06222421642801901,10,2.402242070554472
399,2019,-1.4587441770913203,1.3115036001693943,-0.31513529259139267,12,2.770247777260715
399,2020,-1.5810239335079816,1.4861407734793817,-0.35233238117253635,13,3.0671647069873633
399,2021,-1.4051124430865107,1.3181242373428537,-0.017952876796458052,11,2.7232366804293644
401,2016,-1.149091163438522,2.295460688275472,0.36011670273017493,5,3.444551851713994
402,2016,-0.970719663637452,2.7838022166197343,0.03360091598607875,6,3.7545218802571863
405,2014,-1.2082499061441137,1.0292950488781651,-0.24292265590944898,5,2.237544955022279
405,2015,-2.135567960179089,3.1292641051957246,0.0922726315614563,6,5.264832065374813
407,2013,-1.6273315137549023,2.187952377193092,0.28796107971176826,5,3.8152838909479945
407,2018,-0.3328317921713333,2.548347989859722,0.7509195078889711,5,2.8811797820310554
408,2012,-0.817487364192052,5.3274156317070025,2.2709009556141613,3,6.144902995899055
408,2016,-0.8250228229591006,1.0788607134805324,-0.05750956713721919,9,1.903883536439633
408,2018,-0.8850579170606186,1.3994775517748388,0.0959480076677626,5,2.2845354688354576
408,2019,-0.8817948948429448,3.436932732459893,1.6869487074046572,5,4.318727627302838
408,2020,-0.8683454782234873,1.9862415953888632,0.512784783168023,8,2.8545870736123504
409,2020,-1.4364225077980843,1.8584242637345785,0.01264383427763191,4,3.294846771532663
411,2015,-1.7117734286009305,0.3487448111411501,-1.0354505914758607,4,2.0605182397420805
411,2016,-1.5851103851744706,1.6161886375710472,-0.17843142607397794,4,3.201299022745518
411,2018,-1.3099275443383867,0.9416900975187931,-0.29918758079752555,4,2.25161764185718
413,2014,-1.4006502685186406,0.6979388692331463,-0.07206977679908837,5,2.098589137751787
413,2021,-1.0227310239357583,0.7934462650545233,-0.035206029217122625,4,1.8161772889902816
415,2011,-1.487335041010283,2.607773159374515,0.002569583434051892,4,4.095108200384798
415,2013,-1.3310936007205443,1.8670667257116056,0.04630864084480357,4,3.19816032643215
415,2016,-1.3291860593729354,3.785853664391078,0.219424458602914,5,5.1150397237640135
415,2017,-0.25086480516465054,1.8861028869472913,0.8833895035303947,5,2.136967692111942
415,2018,-1.7320254219507825,3.1352549824956775,0.6512819642496325,5,4.8672804044464595
415,2021,-2.3538055842706553,1.7120221636613935,0.09335827459524278,5,4.065827747932049
417,2016,-1.7408315357944522,1.5978299334979544,-0.5279861615424137,5,3.338661469292407
417,2020,-1.4364225077980843,0.452433615537451,-0.3803802206604896,4,1.8888561233355352
418,2013,-1.0066425531114858,1.2894725530449298,-0.05857995348255418,5,2.2961151061564156
418,2014,0.39112759178405443,1.5514320592278918,1.0642529398844858,3,1.1603044674438374
418,2019,-0.2372601252454745,2.8096315128516594,1.2712499504790868,3,3.046891638097134
418,2020,-0.18665304273397082,1.3471549371174414,0.31535415840097214,4,1.5338079798514122
420,2020,-1.2981081005973127,0.04574210572836442,-0.5277754402203798,5,1.3438502063256772
422,2011,-0.649085590529372,1.1599825926381093,0.2539595560476464,3,1.8090681831674813
424,2015,-1.1749670219352633,1.8152907374366454,0.33593209204789676,4,2.9902577593719086
427,2014,-1.8179136058494054,-0.5906684960530388,-1.1445962480562357,4,1.2272451097963666
427,2018,-0.6605659923773657,1.7428181424668725,0.5901747308579012,4,2.403384134844238
427,2020,-2.23173034920252,0.6313778798534493,-0.4149379082408953,5,2.8631082290559693
429,2011,-2.310748218031355,1.2024813372585517,-0.841442661830851,4,3.5132295552899064
429,2012,-2.3272915400886256,0.7570227049572318,-0.24771602638346424,4,3.0843142450458574
437,2017,-0.5396442230176154,1.20615862127531,0.3042698712004246,4,1.7458028442929252
437,2018,-0.8322362877233827,2.7244200876505085,1.0067687888737915,6,3.5566563753738913
440,2013,-1.7674243199189337,3.6135403648415103,1.6165130891212012,4,5.380964684760444
440,2014,-0.780693545311831,2.7563636215734157,1.1040911493480878,4,3.537057166885247
445,2011,-2.310748218031355,3.2610142798112314,-0.15346536185767,4,5.571762497842586
450,2014,-0.9588420289919488,1.664394393197785,0.02330270802406398,4,2.6232364221897337
450,2015,-2.135567960179089,0.7912630235325675,-0.48523717899758706,6,2.926830983711657
450,2016,-0.07407825467575202,2.2179461599668584,0.8193776415760864,6,2.2920244146426105
450,2017,-1.2663659811682593,1.20615862127531,-0.4757652014806671,6,2.472524602443569
450,2018,-1.269215221331426,1.609296801642193,-0.14353205572075886,4,2.878512022973619
455,2014,-0.8584310654631551,1.250199168641511,0.5187572360395231,4,2.108630234104666
455,2017,-1.1474946060507798,1.4894687319719686,0.045717997566631106,5,2.636963338022748
459,2011,-1.423995565854816,0.3495097384982619,-0.537242913678277,2,1.773505304353078
459,2013,-0.8069803699674495,1.0628289938003483,0.08558994074687955,5,1.8698093637677977
459,2017,-1.9935790995340148,0.07291817848867399,-0.9461826503714235,8,2.066497278022689
459,2018,-2.205598650491519,0.7373206982973443,-1.0165403277485439,3,2.9429193487888634
459,2019,-1.0190690344123858,-0.5658464783735967,-0.846363772527908,3,0.45322255603878914
461,2014,-0.40658172958358374,0.715753717601158,0.20957696692254565,4,1.1223354471847418
461,2015,-1.2350045805755023,4.514746227662782,0.47481460171207873,7,5.749750808238284
465,2013,-0.69337947266136,1.1996245706301136,-0.18952738170417668,4,1.8930040432914736
465,2019,-1.5410059779796368,1.2413784638310759,-0.3159165685164162,7,2.782384441810713
465,2020,-1.7380909993652842,0.9769254247395144,-0.4816357701600003,6,2.7150164241047987
467,2017,-1.60230682389157,3.9259356839632367,0.6471506890306854,6,5.528242507854807
467,2021,-1.151544691064942,3.1386283910059722,0.4923414915823221,5,4.290173082070915
469,2014,-0.5340264140624371,2.0562006866969624,0.47199011783516165,5,2.5902271007593995
469,2016,-2.2391392177783933,2.200329221714901,0.21011854033661476,5,4.439468439493295
469,2017,-1.5754315564737054,1.6311237873202984,0.3292848881011456,6,3.2065553437940038
469,2019,-1.3807406341313397,2.0255049883413676,-0.19351239895610106,9,3.4062456224727073
469,2020,-2.23173034920252,1.9436358181707687,0.354834331204778,7,4.175366167373289
476,2017,-1.6705286565676887,1.4186412042978043,0.11392031209169615,5,3.0891698608654927
477,2014,-2.0633626278086785,0.057316921919442876,-1.0361584709091198,4,2.1206795497281212
477,2017,-1.0603222642979617,3.9259356839632367,0.2460126630491094,6,4.986257948261199
477,2020,-2.23173034920252,-1.5390428744309148,-1.7933629134774944,3,0.6926874747716052
481,2012,-2.3272915400886256,1.0034279752226034,-0.8422818022712919,5,3.330719515311229
481,2013,-0.043755573110408105,1.7331662933650098,0.6107506262241175,3,1.7769218664754178
481,2014,-1.1989552026477597,1.250199168641511,-0.09564729662727112,4,2.4491543712892705
481,2015,-0.40648627134020276,2.667436731040039,0.5688135174672676,4,3.073923002380242
482,2015,-1.746135147377538,2.727474289680279,-0.036361943948091294,5,4.473609437057817
484,2012,-1.7858445252843373,0.12614024574330646,-1.0369664797070341,5,1.9119847710276439
484,2013,-1.7853250673732266,2.435359865002007,-0.422421359715942,5,4.220684932375233
484,2014,-1.4322079999134043,0.6477333874687495,-0.36286270351848,5,2.0799413873821537
484,2015,-1.8473876787059413,2.238597026466903,0.5467230298138898,5,4.085984705172844
484,2018,-1.0980483579365703,2.626602255544516,0.06775087593052734,4,3.724650613481086
484,2020,-1.7380909993652842,1.4022147107531329,-0.43609767382529013,8,3.140305710118417
484,2021,-1.801656137020624,1.9465891491190115,0.0002863646860506534,9,3.7482452861396354
486,2015,-1.7117734286009305,1.890480089813416,-0.0028618795365189216,11,3.6022535184143463
486,2016,-2.2391392177783933,1.7473222380931364,-0.25521023323966197,5,3.9864614558715297
486,2019,-2.208778244014208,0.44518845432831816,-0.8817948948429449,2,2.653966698342526
486,2020,-1.0387685870958665,1.3471549371174414,0.06701520008760894,5,2.385923524213308
487,2014,-0.25596528429039345,2.109270745498968,0.7984892924335076,4,2.3652360297893615
487,2020,-2.23173034920252,0.41929578881226603,-0.4959394255023624,3,2.651026138014786
487,2021,-2.3538055842706553,4.634335857487554,-0.10576854903838491,6,6.988141441758209
488,2015,-2.135567960179089,0.37034753089176065,-1.0690410723778059,4,2.5059154910708497
489,2012,-1.7384679114889618,1.230184549367676,-0.5622580183661825,5,2.968652460856638
489,2014,-1.2600749195783296,0.5874868093514733,-0.3086181400331389,9,1.847561728929803
489,2015,-1.7753426083376544,0.9352055309282226,-0.38263432740970155,12,2.7105481392658772
491,2013,0.002760706116696803,1.942912425152684,0.9728365656346903,2,1.9401517190359872
492,2018,-2.205598650491519,2.9445102098889917,0.9138215430795047,4,5.150108860380511
492,2019,-1.2230191846298413,1.9314098054001323,0.26866621552679615,4,3.154428990029974
492,2020,-1.0387685870958665,0.7301057498208963,-0.3126633803332741,4,1.7688743369167628
494,2012,-0.8318664515815434,0.7448317395617938,-0.04618856987274469,4,1.576698191143337
494,2013,-0.6358413558439902,-0.43560870931954243,-0.5610362447430692,3,0.20023264652444772
494,2014,0.057316921919442876,0.8360039440852374,0.4596173092576903,3,0.7786870221657944
494,2016,-2.050590365135821,0.8050677121598657,-0.5100876278227596,11,2.8556580772956863
494,2017,-2.1935627070845976,1.7865988480684647,-0.5750271937750168,12,3.980161555153062
494,2018,-1.886212054498929,1.0561369610828044,-0.43211777922527517,13,2.9423490155817333
494,2019,-2.208778244014208,1.3459286670991146,-0.295921870719855,8,3.554706911113323
494,2020,-1.5810239335079816,3.5294020629222964,-0.17800380787043016,9,5.110425996430278
495,2011,-1.7414749104612313,1.399343338201521,-0.10622773277982844,4,3.140818248662752
495,2013,-0.8444170293069563,1.588965827760984,0.31941125440105506,4,2.43338285706794
495,2014,-1.159663956049536,2.039142453510604,0.12989995340749583,10,3.1988064095601403
495,2015,-2.135567960179089,1.6001023552135663,-0.19246024891267202,8,3.7356703153926554
495,2016,-2.2391392177783933,1.4428008768807281,-0.6210234393360953,4,3.6819400946591214
495,2018,-0.31130573632857245,1.1237646531888115,0.45327926620072506,5,1.435070389517384
495,2021,-2.067112602044678,2.9704926570689327,-0.048712832841632005,6,5.037605259113611
500,2013,-2.3044467435477203,1.3108649298103623,-0.19652254603793531,3,3.6153116733580823
500,2015,-2.135567960179089,0.02578415086951879,-1.0659757616345216,5,2.161352111048608
502,2012,-1.9859445090163572,0.43116149479268195,-0.8198069049244867,4,2.4171060038090393
506,2021,-2.0432215201925126,2.695690167193341,0.3214515920346816,5,4.738911687385853
507,2018,-1.6333643326714622,1.2278072564288216,0.0768316084790486,5,2.861171589100284
507,2019,-0.40869648339927733,1.8686796834393093,0.49280550223336245,4,2.277376166838587
508,2011,-2.310748218031355,1.5318466080669806,-0.1734704751014876,4,3.8425948260983356
509,2017,-1.7855961476814086,1.281707984127752,-0.36455145225768204,8,3.067304131809161
509,2020,-0.5138654117689387,2.540116699224095,1.0854607854934102,4,3.053982110993034
510,2011,-1.308332176440485,0.7633276428473137,-0.5102400176566425,3,2.071659819287799
510,2018,-1.7764229121264763,1.2278072564288216,-0.32542305706058505,11,3.004230168555298
510,2021,-1.6761676262819807,0.3296407293644969,-0.6906076636014775,4,2.0058083556464776
511,2020,-2.23173034920252,0.2169806361742957,-0.8205277400359791,6,2.448710985376816
512,2013,-1.8835372763792118,0.6419195266318397,-0.3473546120193715,5,2.5254568030110516
512,2014,-1.2349721786961312,1.7235651395629665,-0.014381287514569616,6,2.958537318259098
512,2018,-0.9793822551628258,0.43548281637028163,-0.36321664791861474,5,1.4148650715331075
524,2013,-0.5155815080815589,1.3893036446169476,0.35194007667349064,5,1.9048851526985064
524,2014,-2.0633626278086785,2.109270745498968,-0.05662126197501378,9,4.172633373307646
524,2015,-0.569370778259808,2.1871362619181265,0.2643586961444232,5,2.7565070401779344
524,2016,-2.2391392177783933,0.9806950350409195,-0.8208022294114862,5,3.2198342528193127
524,2017,-2.1935627070845976,2.2098858706006164,-0.17860872382952675,9,4.403448577685214
526,2011,-1.656689524227383,1.6596055153285623,-0.264298226282237,15,3.3162950395559454
526,2012,-0.9382716982637779,1.2978885412717813,0.32336349244282553,11,2.2361602395355593
526,2013,-2.0160458123396685,1.4062942167796189,-0.0907033763001443,12,3.4223400291192876
526,2014,-1.6287971463070143,1.1945915175658415,-0.2308135354237191,12,2.823388663872856
526,2015,-1.422754543107699,0.9391004163530398,-0.21172813582176678,13,2.361854959460739
526,2016,-0.8136398426912054,1.38878378398274,0.04274781059100351,13,2.202423626673945
526,2017,-1.1474946060507798,1.7923174709925351,0.316575331830388,12,2.9398120770433147
526,2018,-1.2584521934100457,1.6180357691977412,0.049821774029527706,15,2.876487962607787
526,2019,-0.7080374338752281,1.1276370339021105,0.18162734413565104,12,1.8356744677773387
526,2020,-1.275843659056648,0.5924240263969053,-0.25285319264342043,12,1.8682676854535534
526,2021,-1.2810871932110928,1.1824507673592206,0.1363253614593371,11,2.4635379605703136
530,2014,-0.4728529655125876,2.8349461147698625,1.2121926834399912,4,3.30779908028245
531,2011,-0.8232921563158704,0.17563666944403872,-0.4561214888392229,3,0.9989288257599092
531,2015,-0.077137378228034,0.979894542233319,0.6050832910845733,3,1.057031920461353
531,2016,-2.2391392177783933,1.50424532005219,-0.25780279449770876,14,3.7433845378305834
531,2017,-1.8260252661808238,2.0930424460648513,-0.3845891558262164,9,3.919067712245675
531,2018,-0.7341389760970873,-0.3328317921713333,-0.478177022247007,4,0.40130718392575404
533,2011,-1.1579697702018545,1.2362623906748011,0.08279972011985536,4,2.3942321608766557
533,2012,-1.0610041667560157,3.128475414168146,-0.023230012860034698,5,4.189479580924162
533,2013,-1.1508430187155119,1.0327640318597402,-0.059039493427885836,2,2.183607050575252
533,2015,-1.5351923737766981,1.2415447133343607,-0.2710863496894172,4,2.7767370871110586
533,2016,-2.2391392177783933,1.5396940372664942,-0.3849994012110786,11,3.7788332550448875
533,2017,-1.222213756124624,2.1127509755046185,0.11743833874100618,4,3.334964731629243
533,2018,-1.7478111962354737,2.4461125782392648,0.21018495544408164,5,4.193923774474738
534,2012,-1.6543502502604386,-0.582628936830363,-0.9564852089571335,4,1.0717213134300756
534,2015,-2.135567960179089,1.849904017641039,-0.15157224148900408,8,3.9854719778201284
534,2016,-2.2391392177783933,3.5238974521228403,-0.1596986942166357,14,5.763036669901234
534,2018,-1.5189174691074507,1.3385622856843165,-0.3348583055493414,5,2.8574797547917674
534,2019,-0.8944328315017189,4.947102335220454,1.030533868659089,6,5.841535166722173
535,2012,-1.6445974779440882,-1.2443975104800489,-1.4444974942120685,2,0.4001999674640393
535,2014,-0.40658172958358374,1.250199168641511,0.41567249397998185,4,1.6567808982250947
535,2015,-2.135567960179089,1.3225954174986834,-0.6820031123509945,6,3.4581633776777725
535,2018,-1.608484579722764,-0.14555510633931468,-0.6956238260778039,3,1.4629294733834493
535,2020,-0.4422877060425394,1.7050434657494378,0.6581166779696327,4,2.1473311717919774
538,2011,-1.423995565854816,2.0807887260810283,0.3562275616208113,4,3.5047842919358443
538,2014,-0.9108193942607865,0.6289063318071005,0.02637233666455016,4,1.539725726067887
542,2015,-0.33444120097191576,1.139207965652135,0.21888300718577378,3,1.4736491666240508
542,2016,-0.495062330834599,0.9583350749518962,-0.0174287389329688,4,1.4533974057864951
542,2017,-0.9344066595438911,2.274642467331281,-0.06076000821150743,8,3.209049126875172
542,2018,-1.2246255342285646,3.110642753772234,0.41194703457342374,5,4.335268288000798
542,2020,-1.0387685870958665,1.7448088578196594,-0.146784363931099,5,2.783577444915526
543,2019,-1.1737312316606228,-0.13868421930703778,-0.5270550339070822,4,1.0350470123535849
546,2012,-0.1290166599832143,0.9054656365369789,0.3882244882768823,2,1.0344822965201932
546,2013,-1.6331687140117368,-0.02537597009872293,-0.8667656759000447,3,1.607792743913014
546,2014,-2.0633626278086785,2.133815647694895,0.01756343163243759,9,4.197178275503573
546,2015,-1.4151172564962196,1.4666855582352574,-0.4168368170716093,11,2.881802814731477
546,2016,-1.8903238403896345,3.6014903571031507,0.03390560987142846,11,5.491814197492785
546,2020,-1.9760956858939516,1.184478333193807,-0.5734434212928659,8,3.1605740190877585
546,2021,-1.8455771157791494,0.3083435363991387,-0.8679758643338604,9,2.153920652178288
548,2014,-1.787232478104496,3.569692426156644,0.28177128646469973,4,5.35692490426114
548,2017,-1.2663659811682593,3.2459914182912546,0.8190907817261084,3,4.512357399459514
548,2019,-0.32687458518950785,1.1224075428708937,0.3816679661093676,4,1.4492821280604016
551,2012,-1.5912620043390462,0.2242775171765838,-0.798803537515332,4,1.81553952151563
551,2013,-2.3044467435477203,0.7546631339091187,-0.7551675099351329,5,3.059109877456839
551,2014,-1.572464583890132,1.8215029266501643,-0.6459167674070132,8,3.393967510540296
551,2015,-2.135567960179089,2.047694190237572,-0.5230455415142053,5,4.183262150416661
551,2017,-2.1935627070845976,-1.1474946060507798,-1.48123344778294,6,1.0460681010338178
551,2018,-1.5516165729828826,-0.5575638151697555,-0.9980794350710855,3,0.9940527578131271
551,2019,-2.208778244014208,2.483434878655378,0.2768346537682421,4,4.692213122669586
551,2020,-1.2091916959682456,1.8584242637345785,0.2987496934456197,5,3.067615959702824
552,2011,-2.310748218031355,2.5199424204922667,0.26791455142999593,5,4.830690638523622
552,2013,-1.6173739368461844,2.9631114411640564,0.14510249201250494,5,4.580485378010241
552,2016,-1.8163326997314129,2.0909827084268895,0.1368329450379422,5,3.9073154081583024
552,2017,-1.222213756124624,1.4489958590153031,0.25229395143261596,5,2.671209615139927
554,2014,-1.4953234627029317,0.8179954560610515,-0.42276637014229657,6,2.3133189187639833
554,2015,-1.6387054059150412,1.2093817354913756,-0.15158789429553562,5,2.848087141406417
554,2016,-0.11591518149899141,1.6098580499596356,0.56197377343381,4,1.725773231458627
554,2018,-2.205598650491519,0.8463177112154503,-0.2741385521848258,6,3.0519163617069696
554,2019,-2.208778244014208,1.734257993523259,-0.5713624135710965,10,3.9430362375374672
555,2012,-1.4036466324813102,1.2413365120305482,-0.013841092126353361,5,2.6449831445118583
555,2018,-2.205598650491519,1.0258422030805663,-0.14125464356543369,5,3.231440853572085
555,2019,-1.4694589494759327,0.594474081110085,-0.562590541803907,5,2.0639330305860177
556,2011,-1.0712014999351178,3.2543891163179586,0.5432012429095334,4,4.325590616253076
556,2012,-1.0187945876449287,0.12614024574330646,-0.43889252917556276,3,1.1449348333882352
556,2013,-1.705460194115612,1.0327640318597402,-0.45742810069192147,5,2.738224225975352
556,2015,-1.4806127750128442,1.7239893809791391,-0.14627153666224874,5,3.2046021559919833
556,2016,-1.8903238403896345,1.4151171167705092,-0.46316917787477635,6,3.305440957160144
556,2020,-1.873841820570524,2.610290920524487,0.3986445179724367,5,4.484132741095011
556,2021,-1.6761676262819807,3.1556856393763963,1.051775434447354,6,4.831853265658377
559,2017,-2.1935627070845976,0.15107269178430432,-0.7955435110240399,6,2.3446353988689017
559,2018,-1.2246255342285646,0.1713746696841014,-0.3588035699207846,5,1.396000203912666
561,2011,-2.1710174970823246,3.7886086487913997,0.15687428266093653,6,5.959626145873724
561,2012,-2.3272915400886256,1.471570579909205,-0.48194188305876534,7,3.7988621199978305
561,2013,-0.821241954477738,3.9250133705462074,1.5518857080342348,2,4.746255325023945
561,2014,-2.0633626278086785,0.7768331977200553,-0.5822489432105623,6,2.840195825528734
561,2015,-2.135567960179089,1.7437819827286685,-0.6688679201881019,4,3.8793499429077576
561,2017,-2.1935627070845976,2.2260750197832824,0.7811934552303215,4,4.4196377268678795
561,2018,-2.205598650491519,2.854157422864772,-0.38038852851752997,12,5.059756073356291
561,2019,-1.2230191846298413,1.8882828465520665,0.4001658049814358,5,3.111302031181908
561,2020,-2.23173034920252,1.4494088024408684,-0.15552764891966472,12,3.6811391516433885
562,2017,-1.5754315564737054,2.9060192854552636,0.25403633235457773,5,4.481450841928969
564,2012,-0.8998403192409561,-0.2490904979721655,-0.5744654086065608,2,0.6507498212687906
564,2014,-0.5571981748767743,1.424597157928363,0.2380918655039908,8,1.9817953328051372
565,2020,-2.23173034920252,1.3471549371174414,-0.07603458650975495,9,3.578885286319961
568,2011,-0.9383929229962352,1.9929579871987813,-0.022574489442798495,4,2.9313509101950164
569,2020,-0.5364688977878016,1.2317070246555073,0.35127945368922486,4,1.768175922443309
571,2011,-0.9741934959101949,-0.38945080498218726,-0.6818221504461911,2,0.5847426909280076
571,2018,-0.21200812389261137,3.287850800581026,1.4494403760834287,6,3.4998589244736373
573,2018,-2.205598650491519,2.2727568802741427,-0.025895342157480832,6,4.478355530765661
573,2020,-2.23173034920252,1.9177018668206238,0.1891399917014736,8,4.149432216023143
573,2021,-2.055644882755639,0.40094002755287045,-0.6026662284098798,9,2.4565849103085093
576,2015,-2.135567960179089,0.43747026725972993,-0.9669797652172921,4,2.5730382274388193
580,2015,-1.5090890874113765,1.6001023552135663,0.08621890237289742,4,3.109191442624943
580,2021,-1.288945936002738,0.3083435363991387,-0.602111462869931,4,1.5972894724018767
585,2014,-1.7752268194217058,1.7410972125600577,0.06389083535655883,11,3.5163240319817635
587,2012,-0.5327814338801268,1.8048040992072598,0.5435310969269443,3,2.3375855330873865
587,2013,-1.7853250673732266,-0.07963955994274667,-0.6909861492837716,3,1.70568550743048
587,2014,-0.5040394294791776,2.906980066866606,0.4936444757423287,4,3.4110194963457836
587,2017,-1.9875189902143,2.1127509755046185,0.05275295527654078,4,4.100269965718919
587,2018,-1.3732578245714364,1.9506295526225774,-0.29736588574011474,6,3.323887377194014
587,2019,-1.633752126039994,2.864981620464151,-0.2876755804067989,5,4.498733746504145
589,2020,-2.23173034920252,-0.1440472655158758,-1.1627652919887455,4,2.087683083686644
594,2012,-2.3272915400886256,-0.08415390732800215,-1.3520143084535718,3,2.2431376327606234
594,2013,-2.0312248087190397,0.8376055069821109,-0.6509923869788004,5,2.8688303157011505
594,2015,-1.054891904654785,1.6107756989718314,-0.09904131981489173,6,2.6656676036266163
594,2016,-2.1485378210540405,1.1878188758655532,-0.643505480728062,10,3.3363566969195935
594,2017,-2.1935627070845976,0.720484145795323,-0.7593694684333555,7,2.9140468528799204
594,2018,-1.608484579722764,0.7700198021727763,-0.5828609059098511,5,2.3785043818955405
594,2020,-1.7699386993547832,1.6224538052958999,-0.20799439668195036,11,3.392392504650683
596,2012,-2.3272915400886256,3.2805525418129338,0.33283962696724223,4,5.607844081901559
596,2013,-1.2426069513726195,0.4040141756235521,-0.4708779773494916,3,1.6466211269961715
596,2014,-2.0633626278086785,1.250199168641511,-0.6222422175812657,10,3.3135617964501893
596,2018,-2.205598650491519,1.609296801642193,0.01699261292551313,4,3.8148954521337117
596,2020,-1.5500379137130038,1.7448088578196594,-0.1548173532372906,8,3.2948467715326633
597,2013,-2.3044467435477203,0.2074323347159597,-1.4024960893341507,4,2.51187907826368
597,2014,-2.0633626278086785,0.1456785698247811,-0.9172432012443057,5,2.20904119763346
597,2015,-1.0439759849020143,0.5327679793870934,-0.10660980262965197,4,1.5767439642891077
597,2017,-1.805023126700608,2.7681927451163486,-0.02852569012526282,8,4.573215871816957
597,2018,-1.9070416151071412,2.548347989859722,-0.010778390639448653,11,4.455389604966863
597,2019,-0.6506429566002089,1.8802963726913133,0.3545369320782948,6,2.530939329291522
598,2011,-2.0545752296247994,0.6641639053996145,-0.4540333156682921,4,2.718739135024414
598,2016,-1.5415084630008755,4.220404807939364,1.1500929160036413,6,5.761913270940239
603,2012,-1.345918825755853,1.4528107669709436,0.5800527815529719,4,2.7987295927267963
603,2013,-0.6358413558439902,2.7193114129796396,1.8898693682532461,5,3.35515276882363
606,2012,-0.23369641617871031,1.3528561386592726,0.5489235413624253,3,1.5865525548379829
606,2020,0.245959464403607,2.9739209763537877,1.1888282936650247,4,2.7279615119501806
608,2011,-1.8149295307928601,1.6558012798766042,-0.42540535885491665,5,3.4707308106694645
612,2013,-1.4059669193995579,3.292333827708542,0.803136752250731,5,4.6983007471080995
612,2014,-1.572464583890132,1.445114568432699,-0.1088824423117053,10,3.0175791523228312
612,2015,-1.8782641374352071,2.367248937838844,-0.3992850790064046,5,4.245513075274051
612,2019,-1.346239067052887,1.457013258071406,-0.19645470041407442,5,2.803252325124293
612,2020,-2.23173034920252,0.569136396613102,-0.7904255660842835,9,2.800866745815622
612,2021,-1.111469327958085,2.1186049384545984,0.4737826005938063,5,3.230074266412683
613,2015,-2.135567960179089,3.988263021125299,0.2959531647505946,4,6.123830981304389
613,2016,-0.970719663637452,3.2205797326543544,0.364318795622478,7,4.191299396291806
614,2013,-2.3044467435477203,3.535672113415336,0.039088131105403545,4,5.840118856963056
614,2014,-0.8938702290615528,3.459240366274971,0.8627309799656957,6,4.353110595336524
619,2016,0.5513838013316777,2.0073088547804105,1.0366921524812553,3,1.4559250534487327
620,2014,-1.572464583890132,1.3729236796211477,-0.1735071578737515,6,2.94538826351128
628,2011,-1.6703157470149659,1.0797766285259998,0.07657195170511984,3,2.750092375540966
628,2012,-2.3272915400886256,1.0374149090523097,-0.9136475111092743,4,3.364706449140935
628,2013,-1.6273315137549023,1.8485266658482309,-0.1374368703083545,4,3.475858179603133
628,2014,-1.2681077966606331,0.1456785698247811,-0.43288292390144845,4,1.4137863664854142
628,2016,-1.8813798563540254,1.0654275153782695,-0.5632686771874065,10,2.946807371732295
628,2018,-1.1755768784154168,1.1094139492936377,-0.10402093255900953,6,2.2849908277090547
630,2011,-1.10522827258874,-0.2488680674420041,-0.7545672398359795,5,0.8563602051467358
630,2014,-0.9588420289919488,1.445114568432699,0.1510516043058287,5,2.4039565974246475
630,2015,-1.8080903675959665,2.249784149194898,0.3971825593481239,7,4.057874516790864
630,2017,-0.957300405862813,1.3233903912187552,0.18304499267797114,2,2.280690797081568
630,2018,-0.8322362877233827,1.0904710201520078,0.03755987536310349,3,1.9227073078753905
630,2019,-2.208778244014208,0.40858201710980024,-0.5565872132094644,6,2.6173602611240083
630,2020,-2.23173034920252,0.6313778798534493,-0.7620014582871225,5,2.8631082290559693
2000,2014,-1.8779885412939827,1.6956688024184243,0.14064842796884047,12,3.573657343712407
2000,2015,-1.5180387855937725,1.7632273458510133,-0.17062302688247363,14,3.2812661314447857
2000,2016,-1.0010232024735837,1.6005951743153053,0.09636439960560926,11,2.601618376788889
2000,2017,-1.4493451028665083,2.117984412718198,-0.062079805501750074,12,3.5673295155847065
2000,2018,-1.581343031051457,1.901024100923006,-0.014449921932247726,13,3.482367131974463
2000,2019,-1.196377047889723,1.92866067654926,0.2265278516863965,14,3.1250377244389833
2000,2020,-1.2866567454556905,1.8073954633812368,0.44229573807085415,13,3.0940522088369273
2000,2021,-1.9811047073768844,2.399680645982618,0.36062656558081313,15,4.380785353359503
2001,2013,0.031600799237502065,2.7869389266252007,0.9972397213522951,3,2.7553381273876987
2001,2015,-2.135567960179089,1.8393324739332932,-0.16196971102942867,8,3.9749004341123824
2001,2016,-1.6049294407079226,0.9998607151172249,-0.35413776701661087,6,2.6047901558251474
2001,2018,-0.8322362877233827,5.453537603407703,0.9743220361546687,5,6.285773891131086
2001,2021,-1.487059358936304,4.548062506354737,0.3093453196859837,10,6.035121865291041
2003,2017,-1.8844971317791512,2.14231376966427,-0.375332298909783,7,4.026810901443421
2003,2021,-1.7691767577706223,0.8988566140749837,-1.0187747871935422,9,2.668033371845606
2005,2011,-1.4407267479713546,1.4427142538533593,-0.11891173382022481,11,2.883441001824714
2005,2012,-1.6907254551160162,1.3715305538270224,-0.1833317294945203,16,3.062256008943039
2005,2013,-0.5563839564295266,2.0489470598143327,0.22945268580740102,14,2.605331016243859
2005,2014,-1.3328135703235975,0.9319865535335597,-0.23845091346342828,16,2.264800123857157
2005,2015,-1.2059541489753867,1.0278841381451245,-0.08322929153354335,15,2.233838287120511
2005,2016,-0.8048883646429777,0.7940379769064663,0.007088724756565083,14,1.598926341549444
2005,2017,-1.5958095064938445,0.9228485105786509,0.05834541082995613,16,2.5186580170724953
2005,2018,-1.3099275443383867,1.6647861900368648,0.09273762995258755,15,2.9747137343752517
2005,2019,-0.981229226667638,1.1624196536017806,0.04699488821096307,12,2.1436488802694185
2005,2020,-1.3896396935978232,1.5939746120360592,0.3332165828743043,15,2.9836143056338824
2005,2021,-1.1278158576464081,0.7731261977734708,-0.3478275186555577,12,1.900942055419879
2006,2011,-2.310748218031355,2.0491189885032948,0.01142895768212058,12,4.35986720653465
2006,2012,-0.9418241786776522,1.8746423353643733,0.4275514656241113,12,2.8164665140420255
2006,2013,-1.6555446483296032,1.3404501317200028,0.16575669081624325,12,2.995994780049606
2006,2014,-1.2533808553430765,0.9628283225776896,0.03682656965260489,11,2.216209177920766
2006,2015,-1.1586856501006222,1.5540129162574232,0.19981844190245204,13,2.7126985663580454
2006,2016,-0.3274819893844835,1.496206555833513,0.34483664735694536,10,1.8236885452179963
2006,2017,-0.7578238194106923,1.585309698787567,0.27762557458738885,12,2.3431335181982593
2006,2018,-1.581343031051457,1.1220683063968546,-0.2851053959073735,12,2.7034113374483115
2006,2019,-1.4656675684783007,0.927727854026959,-0.23407669141950346,12,2.3933954225052596
2006,2020,-1.6591087033913263,1.9211271056781902,0.04758754601078778,10,3.5802358090695163
2006,2021,-0.6261817278359869,2.346264587394636,0.34049060301146555,11,2.972446315230623
2008,2013,-1.8177701721341324,0.6156126849338078,-0.6425502428907048,5,2.43338285706794
2008,2014,-2.0633626278086785,0.7768331977200553,-1.0006416204742625,5,2.840195825528734
2010,2011,-1.9905319825231604,1.1185442575854738,-0.2862836321213215,14,3.1090762401086343
2010,2012,-1.375657392856846,1.7834203470404317,-0.2299808464192209,15,3.1590777398972776
2010,2013,-1.1533508528999294,1.0087553212452984,-0.08594826283068567,13,2.1621061741452277
2010,2014,-0.9207551117913717,0.46368340157201543,-0.12580305845753592,14,1.3844385133633872
2010,2015,-1.1127058500120524,1.7623348750813594,-0.10208390190546579,13,2.875040725093412
2010,2016,-1.3671007743064962,1.642146641280952,-0.28548206220930655,14,3.0092474155874482
2010,2017,-1.3436323749946206,0.9086334175098572,-0.33823892065875893,13,2.2522657925044776
2010,2018,-1.3550267943964498,0.5586515808341379,-0.24835433476219615,12,1.9136783752305877
2010,2019,-1.4470553344899246,0.8316484219448987,-0.23183693097304253,13,2.2787037564348234
2010,2020,-1.9970493468208834,0.823926094088207,-0.24614133302277666,13,2.8209754409090904
2010,2021,-1.6978520409376183,1.7817567186221974,-0.3838320490710043,13,3.4796087595598157
2011,2011,-1.2612289263216774,2.355259785088052,0.055143761993928696,17,3.6164887114097297
2011,2012,-1.0307991468416597,1.0564964201060392,-0.2606858190421304,12,2.0872955669476987
2011,2013,-1.7853250673732266,2.281921826691157,-0.3245451335091443,17,4.067246894064383
2011,2014,-1.0815665399715855,0.6363503934465912,0.015536248064983821,11,1.7179169334181768
2011,2015,-1.1418428516509935,1.043214533933113,0.12246389532368643,15,2.1850573855841064
2011,2016,-0.9472304126348421,0.9937837921662012,-0.05163878194462255,12,1.9410142048010433
2011,2017,-1.4778319011140908,1.0341882817084662,-0.26876934806812397,14,2.512020182822557
2011,2018,-0.8322362877233827,1.356882666463421,-0.12612705399654345,14,2.189118954186804
2011,2019,-1.2447638697633199,1.5779791182550063,-0.11420563918514404,13,2.822742988018326
2011,2020,-1.1210418120687389,0.80172983085156,-0.18719062951127535,13,1.9227716429202988
2011,2021,-2.3538055842706553,0.8451465007723906,-0.2960244771374935,11,3.1989520850430457
2013,2016,-0.8438777082233578,1.1433129265974504,-0.1000024905344516,4,1.9871906348208084
2013,2018,-1.269215221331426,-0.282891342616128,-0.7760532819737771,2,0.986323878715298
2015,2012,-1.7233698697299962,1.733561070943538,-0.3467240403278469,5,3.4569309406735345
2016,2011,-1.1734780004417131,2.0291235855620595,-0.04322304172667387,13,3.2026015860037726
2016,2012,-1.4739239624079539,1.8346746700937366,-0.09608489671846976,14,3.3085986325016905
2016,2013,-1.748244947646477,1.2709395533719068,-0.546471884334997,15,3.0191845010183838
2016,2014,-1.4432808881220935,1.501226577463495,-0.22964444822897914,14,2.9445074655855885
2016,2015,-1.4269279237697094,1.2918188825840757,-0.2499968406761751,15,2.718746806353785
2016,2016,-0.9646214927040822,0.7366919705694558,-0.1796699824598939,13,1.701313463273538
2016,2017,-2.1935627070845976,2.0296936014370264,-0.3745771573305183,14,4.2232563085216235
2016,2018,-1.351354118626171,1.451725032967105,-0.08757873889378244,14,2.803079151593276
2016,2019,-1.5814770244059746,1.2957973393491398,-0.21387934164622907,14,2.8772743637551144
2016,2020,-1.7545456443598588,1.8442223379952136,0.028632320353249252,14,3.5987679823550724
2016,2021,-2.3538055842706553,2.49130581534837,-0.3350730992091028,16,4.845111399619025
2019,2011,-2.310748218031355,0.13453939857667668,-1.106769064240801,5,2.4452876166080317
2019,2012,-1.7233698697299962,2.1215980982199447,0.2186693532039728,5,3.844967967949941
2019,2013,-2.081966025187223,0.6904860036128215,-0.5630572341941151,6,2.7724520288000445
2019,2014,-1.0278745664179942,1.5815553482865303,-0.06649765995792298,6,2.6094299147045246
2019,2015,-1.1749670219352633,0.12870567996707158,-0.5703676208043909,8,1.3036727019023349
2019,2016,-1.3212040141237649,1.5523322755776812,0.2651211703185618,14,2.873536289701446
2019,2017,-1.513618441412616,3.714149765147373,0.23083011639362144,14,5.227768206559989
2019,2018,-2.205598650491519,1.7597433828530997,-0.06563643696793212,8,3.9653420333446188
2019,2019,-1.4949527182531148,4.034362465420115,0.12205776326007674,11,5.52931518367323
2023,2011,-1.2860562644051323,-0.11497974597516339,-0.7714923396404489,3,1.171076518429969
2023,2014,-2.0633626278086785,3.358829402746178,0.06955749652104821,6,5.422192030554856
2023,2015,-1.1958496510275203,1.4666855582352574,0.2614699672229398,5,2.662535209262778
2023,2018,-1.7478111962354737,0.6035516369887599,-0.5920915767444336,6,2.3513628332242336
2023,2020,-1.4058337446671443,3.058795726226988,-0.05551252592872537,7,4.464629470894132
2025,2016,-0.970719663637452,2.9432606748545957,0.3300238224853413,5,3.9139803384920477
2025,2019,-2.208778244014208,2.9664568177537176,0.40990130378272277,6,5.175235061767926
2026,2011,-1.6245705705137952,1.9573468869364725,-0.08733709714039942,13,3.5819174574502677
2026,2012,-1.9704287348767082,1.1620336664278998,0.11016926464352693,12,3.132462401304608
2026,2013,-1.2426069513726195,1.588965827760984,0.21088556439917097,12,2.8315727791336034
2026,2014,-0.7621834833489699,1.134944845286722,0.29924863421720777,12,1.897128328635692
2026,2015,-1.054891904654785,1.477954338793384,-0.1765762155410521,15,2.5328462434481693
2026,2016,-1.6577802554637953,1.8946940844671107,-0.14262409606401183,13,3.5524743399309058
2026,2017,-0.9674337034138112,1.4806248210890807,0.10264898340305935,14,2.448058524502892
2026,2018,-1.1521672926864144,2.9445102098889917,0.4702478949046252,14,4.096677502575406
2026,2019,-0.9833950755800752,2.8914534110614283,0.4779239529819595,15,3.8748484866415036
2026,2020,-1.029224892999013,1.6834497958715424,-0.12802072717975985,10,2.7126746888705555
2026,2021,-1.5827003217318187,1.905633008801015,0.18653537552381114,16,3.488333330532834
2028,2013,-2.3044467435477203,-0.22796003884974483,-0.9649942556252963,5,2.0764867046979756
2028,2015,-1.6019007722658525,2.1871362619181265,0.3536491985176783,9,3.7890370341839787
2028,2016,-0.897541612437013,1.5661194446444304,0.4012151992618113,5,2.4636610570814437
2028,2017,-1.7246356273108174,4.0619245370976325,0.5992100426920265,7,5.78656016440845
2028,2019,-1.0258673727529677,3.587485025165868,0.1578877159714248,6,4.613352397918836
2028,2020,-2.23173034920252,2.155290324350981,-0.4518247075067861,5,4.387020673553501
2029,2011,-2.169735563862609,3.1786729621091245,-0.37448717521938246,15,5.348408525971733
2029,2012,-1.699213002915651,1.1852516098172687,-0.4327614749944574,14,2.88446461273292
2029,2013,-1.6856262024125621,0.9945868671706608,-0.38015225715606643,13,2.680213069583223
2029,2014,-1.5456185971133365,0.8801778387995203,-0.28110829182130564,12,2.425796435912857
2029,2015,-1.6387054059150412,1.7437819827286685,-0.16056176959549584,18,3.3824873886437095
2029,2016,-1.8120183475064435,0.5117706985367396,-0.5376331278165808,15,2.323789046043183
2029,2017,-1.593611884432849,0.6781902872629586,-0.4611304248961305,15,2.271802171695808
2029,2018,-1.997513444011498,1.5326154860214143,-0.6239038836310419,16,3.5301289300329124
2029,2019,-1.8637625732296796,1.7015947791511352,-0.5797162736247112,17,3.565357352380815
2029,2020,-1.6739819928929158,1.1636223583318022,-0.46528201860353957,19,2.837604351224718
2029,2021,-2.0760161108094595,1.1200808092591088,-0.5899759521203116,14,3.1960969200685683
2031,2011,-1.0430880692154094,1.8602138022972021,0.09013061457794005,13,2.9033018715126113
2031,2012,-0.6065284245462296,0.8234313848744874,-0.05802969670030838,11,1.4299598094207169
2031,2013,-1.032341645991411,1.3524202364006848,0.13031394463212764,12,2.3847618823920955
2031,2014,-0.7866450536753093,1.4210013230977065,0.1424154894195598,12,2.207646376773016
2031,2015,-1.7661060608545407,1.2877200968108504,0.0026877667444974995,12,3.053826157665391
2031,2016,-1.6785430755464594,1.6122211376731292,-0.0419607297762046,12,3.290764213219589
2031,2017,-1.6074038573673721,0.5364519104189669,-0.22826222763430218,12,2.143855767786339
2031,2018,-1.482776354297763,0.70197031572931,-0.22806946755174887,15,2.184746670027073
2031,2019,-0.8706946538993071,1.6282237464791791,0.09177896671904287,11,2.498918400378486
2031,2020,-0.6680327779488755,1.684785624506117,0.4143058868244016,12,2.3528184024549925
2031,2021,-1.3266771833823097,1.1290759727279047,-0.053944806450613836,12,2.455753156110214
2032,2011,-0.6029282953209838,2.6907244127633043,0.47607763645066603,12,3.293652708084288
2032,2012,-0.9223790227280245,0.7366820400136956,-0.09880242238157698,11,1.6590610627417202
2032,2013,-0.457339384136149,1.129180377844788,0.2761524452340335,10,1.586519761980937
2032,2014,-0.9342971267960214,1.3905128603478711,0.27660327365775883,10,2.3248099871438925
2032,2015,-2.135567960179089,1.067976073521446,-0.27947563718765356,12,3.203544033700535
2032,2016,-1.7025001756418412,1.2453848435453163,-0.06301503514601337,12,2.9478850191871575
2032,2017,-0.7134119246693997,1.9452284752665945,0.18458684620325996,13,2.658640399935994
2032,2018,-1.1558949337260644,1.6196633653708168,0.022627048002972164,11,2.7755582990968812
2032,2019,-1.2071198449623513,2.1985584247051912,-0.08576259749144911,12,3.4056782696675425
2032,2020,-0.8001762346745355,0.715994935072642,0.05924613964366512,11,1.5161711697471776
2032,2021,-0.9629684926554161,1.1622404241611481,0.17992135815163882,13,2.125208916816564
2033,2012,-2.074034065422104,1.4792450488384934,-0.15154305354518338,3,3.5532791142605973
2033,2015,-1.2350045805755023,3.431551113733992,0.13595529272453769,6,4.666555694309494
2033,2016,-2.2391392177783933,1.7473222380931364,0.124423557711796,5,3.9864614558715297
2033,2020,-2.23173034920252,1.7682002649197899,-0.12980235927609513,7,3.99993061412231
2036,2011,-0.11497974597516339,1.3488659020622977,0.5320824607660332,3,1.463845648037461
2036,2012,-1.7457373390025381,1.9907484029755753,-0.07667608071088114,5,3.7364857419781137
2036,2014,-1.1166306859657673,1.3729236796211477,0.2441259411779007,5,2.489554365586915
2036,2018,-1.7374069359114725,2.7884463050289767,0.43495703931484686,9,4.5258532409404495
2040,2011,-1.1284113484626364,2.209951577378452,0.9297296441967481,4,3.3383629258410883
2040,2014,-2.0633626278086785,1.7235651395629665,-0.11977764131940768,5,3.786927767371645
2040,2015,-1.4998761628118513,2.2671863401051127,0.2604809005856478,9,3.767062502916964
2040,2016,-1.5415084630008755,3.5203705018964624,0.4157982379678074,8,5.061878964897338
2040,2020,-1.515953291938528,1.6539165330877235,-0.34276061046107004,5,3.169869825026251
2042,2018,-1.5189174691074507,1.3259045680551167,-0.15733516812007914,5,2.8448220371625674
2044,2015,-1.1531351824297218,2.367248937838844,0.23377140758749004,4,3.5203841202685657
2045,2011,-1.5157285988385962,1.2024813372585517,-0.15662363079002228,2,2.718209936097148
2045,2012,-1.4214090345506816,-0.9619034157995505,-1.191656225175116,2,0.45950561875113105
2045,2015,-1.2710271157596458,0.6353962847550237,-0.6235451371933748,3,1.9064234005146696
2045,2017,-0.4937020429046438,0.5765805975049566,0.12061348331976146,3,1.0702826404096004
2046,2011,-1.0157300722192086,2.1041479651454567,0.49327549162327783,12,3.119878037364665
2046,2012,-1.6730430638667773,1.1817884873229578,0.006473395575638923,13,2.854831551189735
2046,2013,-1.1118699199036128,1.563518686772038,-0.011911287265750572,14,2.675388606675651
2046,2014,-1.1617131593868582,1.148970193189876,0.25282297663317427,12,2.310683352576734
2046,2015,-0.9247264413843506,1.1758203673073908,-0.10672879223847835,12,2.1005468086917416
2046,2016,-2.2391392177783933,1.6487287973048879,-0.09985280248748432,13,3.8878680150832814
2046,2017,-1.7299643441264283,1.6329958805627873,-0.18137224959557408,12,3.362960224689216
2046,2018,-1.2027532239439946,1.389379299107426,-0.07196388027750246,13,2.5921325230514207
2046,2019,-0.7237107915068901,2.056525378321995,0.26263418722048476,12,2.7802361698288847
2046,2020,-0.5494893390429069,2.0226399083765068,0.348787278721963,12,2.5721292474194137
2046,2021,-0.7821753805017407,1.9993406578485917,0.11820940602054902,11,2.7815160383503326
2047,2012,-1.8207765907555817,1.7435878675139875,0.019416752234440483,5,3.5643644582695693
2047,2013,-0.6116586690656751,1.8884591024770379,0.2916246220972569,5,2.5001177715427128
2047,2015,-1.0098637356746056,2.9342703249966577,0.1337683709238378,4,3.9441340606712636
2047,2016,-0.11591518149899141,1.4151171167705092,0.6496009676357589,2,1.5310322982695006
2047,2017,-2.1935627070845976,1.7727788426686282,-0.16128091533319497,9,3.966341549753226
2047,2019,-1.633752126039994,1.5550290736351922,0.012601126548288896,6,3.1887811996751863
2047,2020,-2.23173034920252,0.452433615537451,-0.8896483668325346,2,2.684163964739971
2048,2015,-2.135567960179089,2.1871362619181265,-0.3425480697509765,9,4.322704222097215
2048,2018,-0.7970218681652255,2.476318495308945,0.24495920656883954,8,3.2733403634741705
2048,2019,-2.208778244014208,0.9759817939968234,-0.5042887208344635,4,3.1847600380110315
2048,2020,-1.6591087033913263,2.617081974198718,-0.18231155586440062,5,4.276190677590044
2050,2011,-2.310748218031355,1.5115154185109045,-0.063929942408242,12,3.8222636365422593
2050,2012,-1.3828125368209947,1.3756848622279763,-0.10873840659699997,12,2.758497399048971
2050,2013,-1.3470502096193506,1.6171497863950697,-0.24943587888315982,11,2.96419999601442
2050,2014,-1.0673787352340551,0.551790359085265,-0.13172419640731817,11,1.6191690943193202
2050,2015,-1.2016503813309252,2.4491183359846245,0.19686219623496948,12,3.6507687173155494
2050,2016,-1.2659552495150848,0.8800386389149795,0.1182061331986863,11,2.1459938884300644
2050,2017,-2.1935627070845976,1.4337261746949388,0.0026983994703750195,11,3.6272888817795366
2050,2018,-0.9489272074357081,1.260231866252833,0.16408367416764358,11,2.209159073688541
2050,2019,-0.8803756613144196,1.3882630918850374,0.14266225333155627,11,2.2686387531994567
2050,2020,-1.4364225077980843,1.383550380707136,-0.06140960294851574,12,2.8199728885052204
2050,2021,-1.057454708118408,1.7565885723655392,0.08172480474044984,13,2.814043280483947
2053,2011,-0.537242913678277,0.8693302587396813,0.19746537919457907,5,1.4065731724179584
2056,2012,-1.7665071318984698,1.7851274533058512,0.17521926635639307,5,3.551634585204321
2056,2014,-2.0633626278086785,1.692007408168203,-0.41893881827532653,5,3.7553700359768816
2056,2015,-1.6552674910571763,2.427286496479083,0.27168315552421235,5,4.082553987536259
2056,2021,-0.6597106892989684,2.9704926570689327,1.2377514377736138,4,3.6302033463679013
2057,2011,-0.35387122325905435,2.141273166463211,0.6194761487784309,12,2.4951443897222654
2057,2012,-2.3272915400886256,3.325415294468146,0.5737774856357224,15,5.6527068345567715
2057,2013,-1.0342554082271502,1.9753906709807614,0.17328493413228735,13,3.0096460792079114
2057,2014,-1.5958891793468262,1.6121849111108597,0.27624929375684387,12,3.2080740904576857
2057,2015,-1.4403962285552678,2.02029504632841,0.24859192262312865,15,3.460691274883678
2057,2016,-2.108740945857362,2.475318617241551,0.3679283160334204,13,4.584059563098913
2057,2017,-1.548967225866511,2.1658885656448534,0.0868462452464981,12,3.7148557915113645
2057,2018,-1.364764550837558,1.151378700281622,0.19265326793032644,12,2.51614325111918
2057,2019,-1.7328945601734793,2.3183432679622205,0.22553451639522823,13,4.0512378281357
2057,2020,-0.8865800495431657,2.1838343614590725,0.4148296865385087,13,3.070414411002238
2057,2021,-0.7855577386397223,2.123015599719613,0.43136730429297937,13,2.9085733383593357
2058,2016,-2.2391392177783933,2.711788719352378,-0.12794294780029158,10,4.950927937130771
2058,2017,-1.6705286565676887,0.07291817848867399,-0.8914904561600926,4,1.7434468350563628
2058,2020,-0.18665304273397082,1.3471549371174414,0.6597817313321789,6,1.5338079798514122
2058,2021,-2.3538055842706553,0.9590910992295326,-0.32625464834802226,6,3.312896683500188
2059,2021,-2.3538055842706553,3.0672980796387437,-0.6426004500782548,7,5.421103663909399
2061,2013,-1.2521730756264489,1.6839271099880255,-0.1344490608618222,5,2.9361001856144746
2061,2015,-2.135567960179089,1.9812932037230209,-0.15269920303883916,5,4.11686116390211
2061,2017,-1.4380690785601737,1.6141251806784993,0.25828808769409545,5,3.0521942592386733
2061,2018,-2.205598650491519,1.3770857741210103,-1.0523753833165437,6,3.5826844246125296
2062,2018,-2.205598650491519,3.412701924469039,0.4848430741158326,5,5.618300574960558
2064,2011,-0.7737102875920208,0.7633276428473137,-0.19149895030439412,3,1.5370379304393345
2064,2013,-2.0160458123396685,1.588965827760984,-0.26160681415735093,3,3.6050116401006527
2064,2014,-2.0633626278086785,1.970538689608944,0.07293538405903163,8,4.033901317417623
2064,2015,-2.135567960179089,2.563023585578754,0.09071277983376519,5,4.698591545757843
2064,2017,-2.1935627070845976,4.12020547415523,0.33842022508440006,5,6.313768181239828
2064,2018,-0.8976344954742465,1.0643117370516624,-0.09353380471930947,4,1.961946232525909
2064,2019,-1.05872600806578,2.6789437587666107,0.5473084772862805,5,3.737669766832391
2064,2021,-0.933992719913432,1.5506797927117095,0.7076659044996078,4,2.4846725126251417
2065,2011,-1.0873914978857626,1.3241387796292328,-0.20044771977758216,10,2.4115302775149954
2065,2012,-1.0568007231930856,0.8899639038218913,-0.033976711786745155,12,1.9467646270149768
2065,2013,-1.9730924821597455,1.514612462683908,-0.15616220434657857,12,3.4877049448436535
2065,2014,-1.3855886239893216,0.8649012853333496,0.04065877566417028,11,2.2504899093226713
2065,2015,-1.460145425476399,1.2204555709006057,-0.28723377534447797,13,2.680600996377005
2065,2016,-0.6307686015766234,1.0175172865261044,0.0783431222369618,9,1.6482858881027278
2065,2017,-1.199388323856635,1.3297848513974884,-0.07923329329097875,10,2.5291731752541233
2065,2018,-1.1651726180914157,1.9452353563823255,0.11752884707266209,12,3.110407974473741
2065,2019,-0.9576225147955886,2.191421615266733,0.32157229211444793,12,3.1490441300623218
2065,2020,-0.8633330338448879,1.728440536628527,0.24087481876361197,10,2.591773570473415
2066,2011,-1.1938694450477558,1.0402352595583164,-0.11216267066203782,11,2.2341047046060725
2066,2012,-2.107990374874598,1.0435571260094856,-0.630298560730116,14,3.1515475008840834
2066,2013,-2.006227908298543,1.2900939083866645,-0.45576113452924005,13,3.2963218166852073
2066,2014,-2.0633626278086785,1.0191808123853587,-0.6132699958395781,14,3.082543440194037
2066,2015,-1.547444936764502,1.1426733370022208,-0.2274223798853647,13,2.690118273766723
2066,2016,-1.3720275451735688,1.097676667506665,-0.30798202399659447,11,2.4697042126802335
2066,2017,-1.3394455260680689,0.9310366640669939,0.11386958755714807,14,2.2704821901350627
2066,2018,-2.205598650491519,0.7700198021727763,-0.004709223089526343,14,2.9756184526642953
2066,2019,-1.1865095898378275,1.3754834948780659,-0.10517501967059247,12,2.561993084715893
2066,2020,-0.6605124186230249,1.658061960060295,0.019808486831629,11,2.31857437868332
2066,2021,-0.7790131466913407,0.8593825582698182,-0.12024403210291228,13,1.6383957049611588
2067,2016,-1.948459736621094,1.0438290399981607,-0.5467044436990283,5,2.9922887766192545
2069,2014,-1.533192740376648,1.250199168641511,0.2914201880677415,7,2.7833919090181594
2069,2015,-0.077137378228034,1.8989559804449794,0.9109093011084727,2,1.9760933586730134
2069,2016,-2.2391392177783933,4.349595688453719,0.619907111144102,5,6.588734906232112
2069,2018,-1.5189174691074507,1.3770857741210103,-0.13356127506361154,6,2.896003243228461
2071,2019,-0.4198080992055424,0.40858201710980024,0.033100863448513054,5,0.8283901163153427
2073,2014,-2.0633626278086785,4.991317325923983,0.8982827295879194,9,7.054679953732662
2073,2015,-1.2710271157596458,2.3929793201132323,0.468034842567488,4,3.664006435872878
2073,2018,-1.4426195600647767,1.3913027758059808,-0.25960058025734084,9,2.8339223358707573
2073,2020,-1.7748513764808231,1.4173291584178325,-0.3471248034299509,10,3.1921805348986556
2073,2021,-0.8008852638799422,0.5826255670136021,-0.046974880327114145,5,1.3835108308935444
2074,2015,-0.5595820458728125,1.8393324739332932,0.4643489091485853,4,2.3989145198061057
2075,2016,-1.0764212931491972,1.946645310886713,0.2069918073518341,4,3.02306660403591
2077,2011,-1.2860562644051323,1.0195006312538692,-0.16044767898238751,3,2.3055568956590013
2077,2012,-0.36454611142307997,0.8131011457762476,0.093861673706897,4,1.1776472571993275
2077,2013,-1.5628443490127293,3.319371415009297,-0.002950110870862055,4,4.8822157640220265
2077,2014,-1.6358062669763962,2.4551307309870345,0.7181622518793503,3,4.09093699796343
2077,2015,-1.356702334575987,3.2678123174424307,0.567513010105962,5,4.6245146520184175
2077,2017,-0.9410337966362107,1.20615862127531,0.23628507631302287,8,2.1471924179115205
2077,2018,-0.3328317921713333,2.476318495308945,1.1078763738762973,5,2.8091502874802785
2077,2019,-1.1865095898378275,4.034362465420115,0.19644925244676326,11,5.220872055257942
2077,2020,-2.23173034920252,0.8803438128148376,-0.6756932681938412,2,3.1120741620173575
2079,2012,-1.5421933686224074,0.3799435339328169,-0.5811249173447952,2,1.9221369025552244
2079,2014,-1.4006502685186406,2.97325130279561,0.9481552664266286,4,4.37390157131425
2079,2016,-1.6577802554637953,0.3769761126372982,-0.9248527065457484,4,2.0347563681010934
2079,2017,-2.1935627070845976,1.20615862127531,-0.6233637307048284,9,3.3997213283599077
2079,2018,-1.8344196335271579,4.309068967767589,-0.22370192047840565,10,6.143488601294747
2079,2019,-1.7775086555335475,2.1358635362354086,0.19323352221565065,5,3.913372191768956
2079,2020,-1.5390428744309148,0.8358856105003039,-0.7345651797988813,9,2.3749284849312184
2081,2019,-1.3807406341313397,0.9074923308137902,-0.546501805517889,5,2.28823296494513
2081,2020,-1.0772512245831778,2.7236492780097343,0.5632562109936988,4,3.800900502592912
2083,2011,-1.6959330458556212,1.8167847837310518,0.014006291406066506,13,3.512717829586673
2083,2012,-1.2459299076917592,3.73937614851397,0.5131870652523355,13,4.985306056205729
2083,2013,-1.1272259345850886,2.29259460570834,0.02836168961098427,13,3.4198205402934287
2083,2014,-1.0219574917814762,0.9259759008870895,-0.19767829662841005,13,1.9479333926685656
2083,2015,-0.6818013616761562,1.745431366207796,0.18876858104233354,12,2.4272327278839523
2083,2016,-0.5862909679978128,2.4622854339831393,0.47226700117085335,14,3.0485764019809523
2083,2017,-1.0770861761735036,1.5106112775463465,0.15914351891608866,12,2.58769745371985
2083,2018,-1.1957733837502422,2.2118651938120997,-0.005853794130219658,14,3.407638577562342
2083,2019,-0.7524306889438369,1.726243692227451,0.28057739465386167,12,2.478674381171288
2083,2020,-1.2296424690329308,0.7145880241142691,-0.15847433296935692,13,1.9442304931472
2083,2021,-0.8067453405606618,3.7050749812751436,0.27061611085163034,12,4.511820321835805
2084,2011,-1.1619312081669042,1.8830796958549596,0.19580835900812493,13,3.045010904021864
2084,2012,-1.0425854413257232,2.22121270492211,0.2632393573588274,12,3.263798146247833
2084,2013,-1.3310936007205443,2.3645916883847984,-0.07223710013889757,12,3.6956852891053424
2084,2014,-2.0633626278086785,1.7306303033080634,-0.11674739142885994,11,3.793992931116742
2084,2015,-0.9735506961744611,2.0737252530639108,0.29045082796563776,9,3.047275949238372
2084,2016,-0.7953246520300509,1.2064288829540748,0.3025011382696305,10,2.001753534984126
2084,2017,-1.0400858278196288,1.712797462603354,0.17902488712542608,12,2.7528832904229827
2084,2018,-1.2246255342285646,1.8451267023195497,0.21874415663743627,13,3.0697522365481142
2084,2019,-0.538638691171905,1.6646545294890585,0.4539289431204052,11,2.2032932206609637
2084,2020,-1.4501347119602297,1.327633744646605,0.26948197839522536,11,2.777768456606835
2084,2021,-1.176855446711378,1.8904404586960253,0.20678724385436542,12,3.0672959054074034
2086,2011,-2.310748218031355,1.7594567545606101,-0.03512189191010118,14,4.070204972591965
2086,2012,-1.7155267311539102,1.3076178944252248,-0.20152574950972849,14,3.023144625579135
2086,2013,-1.3870004822673188,1.656276873124829,0.10514561789192074,12,3.0432773553921475
2086,2014,-2.0633626278086785,1.3573265845802571,-0.08090194745605221,12,3.4206892123889356
2086,2015,-0.7571546240511504,1.401190039718633,0.1293350254522552,11,2.1583446637697836
2086,2016,-0.9834038591788614,1.6629932457573928,0.12477968676358453,12,2.6463971049362542
2086,2017,-1.0212450076501467,1.5924115050500793,0.18936761437774313,13,2.613656512700226
2086,2018,-0.9947643779918012,1.879302212345652,-0.0003227334634808103,12,2.874066590337453
2086,2019,-1.075588944076754,1.2108461035846574,-0.031568104391674894,12,2.2864350476614117
2086,2020,-1.2899184317498988,1.4383599648014362,-0.07369184541158495,11,2.7282783965513353
2086,2021,-1.9562579822506327,0.8870716061099634,-0.42744089825627457,12,2.843329588360596
2088,2012,-1.345918825755853,1.4792450488384934,-0.654097208203646,5,2.825163874594346
2088,2016,-1.242523853810511,2.1210529995810927,0.21087355197598442,3,3.3635768533916037
2092,2014,-1.533192740376648,1.4711032884048572,-0.40722423931722823,5,3.0042960287815053
2092,2015,-1.6387054059150412,1.0664351673003298,-0.5592970099872141,5,2.7051405732153713
2092,2016,-0.9103187324878834,0.40704640379150137,-0.2210481795367541,5,1.3173651362793848
2092,2017,-2.1935627070845976,1.3850913227679365,-0.016824783197144855,6,3.578654029852534
2092,2019,-2.208778244014208,1.142802557892639,-0.23533934203184298,10,3.351580801906847
2093,2013,-1.2996951122422484,0.9990548321081499,0.0844263774288656,5,2.2987499443503983
2093,2015,-2.135567960179089,2.907586965600996,-0.5508551387133551,10,5.043154925780085
2093,2016,-1.7580145593111396,1.128733391492382,-0.4501922268166746,5,2.886747950803522
2093,2017,-1.8844971317791512,2.0267810108794255,-0.33540514371121505,11,3.9112781426585768
2094,2015,-1.5090890874113765,2.2671863401051127,0.0495935120694031,4,3.776275427516489
2094,2018,-2.205598650491519,2.2170937041855296,0.2735193177734982,7,4.422692354677048
2094,2019,-2.208778244014208,0.9675565028909737,-0.6667771433544761,8,3.176334746905182
2094,2020,-2.23173034920252,1.136632273216267,-0.6232236396918508,12,3.368362622418787
2096,2011,0.07431063954692231,1.3895282811744494,0.6231651231232285,4,1.315217641627527
2096,2012,-0.08415390732800215,2.7758465744417933,1.3458463335568955,2,2.8600004817697955
2096,2013,-2.3044467435477203,-0.6358413558439902,-1.3349442285383222,5,1.6686053877037301
2096,2014,-1.4322079999134043,0.7613130019521387,-0.21390243528872402,13,2.193521001865543
2096,2015,-1.4151172564962196,2.3243649673815305,0.3430712916585952,5,3.73948222387775
2097,2011,-1.6276202489472065,1.295814984842267,0.013911066088145798,14,2.9234352337894736
2097,2012,-0.7873883741902553,1.736155864944197,0.22232017241138183,11,2.5235442391344525
2097,2013,-1.8463982057466963,2.7328525400861823,0.08665835022295121,13,4.579250745832878
2097,2014,-1.2287747439147405,1.4374520465735856,0.161166028830601,10,2.6662267904883263
2097,2015,-1.468231769622178,1.4666855582352574,0.22814141370302285,11,2.9349173278574354
2097,2016,-1.745726503200974,2.675986554517755,0.2888731516595117,12,4.421713057718729
2097,2017,-1.6269424856912797,2.829082807913387,-0.18119851074939575,12,4.456025293604666
2097,2018,-0.9494745382035895,4.055318003304396,0.43385558735757696,12,5.004792541507985
2097,2019,-0.7040370007171994,3.6526513725646916,0.1128524966040732,12,4.356688373281891
2097,2020,-1.5068928228592369,1.176731828245062,0.08835842394412154,13,2.683624651104299
2097,2021,-2.0432215201925126,1.0806393563886696,-0.03623414979968601,13,3.1238608765811824
2098,2014,-1.460896846635917,1.8449410295428275,0.05436422114500899,7,3.305837876178744
2098,2016,-1.1926930856121167,3.1868777638245227,0.4784311797405543,6,4.379570849436639
2098,2020,-1.6352494681491934,1.7050434657494378,0.3046475155708474,6,3.340292933898631
2099,2011,-1.2328255135674064,1.5482445945225927,-0.09674915543161167,12,2.781070108089999
2099,2012,-1.6730430638667773,1.4821933910486964,-0.3119623898025756,11,3.1552364549154737
2099,2013,-0.7812469441691781,1.5395988044561395,0.2465800545992208,10,2.3208457486253176
2099,2014,-0.9689752454948544,2.042953198433745,0.059649210386043816,10,3.011928443928599
2099,2015,-1.2008514783550073,0.8008661875330796,0.06142694430288738,11,2.001717665888087
2099,2016,-1.6883780955856162,1.1099163994817762,-0.03899818766480837,12,2.7982944950673927
2099,2017,-1.2189759262880906,1.6270765000246319,0.318665912430137,12,2.8460524263127223
2099,2018,-1.4793012471045237,1.4312922725492179,0.03488240055353084,12,2.910593519653742
2099,2019,-1.3371597072953993,1.3701402931190816,-0.09413202845170877,11,2.707300000414481
2099,2020,-1.640721769810233,1.1965869477253392,0.09955475122220529,12,2.8373087175355725
2099,2021,-1.5067581367848117,1.8088275862312042,0.05277518255519637,13,3.315585723016016
2102,2019,-1.05872600806578,1.9314098054001323,-0.08624731378700827,6,2.9901358134659124
2104,2013,-1.3310936007205443,2.075642399174572,0.40028537698311933,6,3.4067359998951163
2104,2014,-1.0692940888736218,2.3547197674582407,0.19935958016211985,8,3.4240138563318627
2104,2015,-0.934816787374307,0.851666664847442,-0.13875882846415882,10,1.786483452221749
2104,2016,-1.789054859857414,0.9500299469188305,-0.48879528866083216,9,2.7390848067762446
2104,2018,-1.0039065830693998,4.152560436398001,1.1099939149482783,5,5.1564670194674
2105,2020,-2.0080500188075225,1.8139660614200448,-0.3972386439989692,3,3.8220160802275673
2107,2015,-1.4806127750128442,1.1268503206489984,-0.08015764569280487,9,2.6074630956618425
2107,2016,-0.897541612437013,1.5661194446444304,0.12799650510056662,5,2.4636610570814437
2107,2021,-0.36606757417054253,1.2602635250022773,0.295917010260112,5,1.62633109917282
2108,2014,0.08070676989438545,1.1652360456556088,0.4447305888051069,5,1.0845292757612233
2108,2015,-1.1531351824297218,2.1871362619181265,0.41511862205167543,5,3.3402714443478483
2108,2018,-1.581343031051457,1.3158433053242147,0.10440153131825851,5,2.897186336375672
2109,2012,-0.6449383155181581,0.6923168117045218,-0.07448070308416248,5,1.3372551272226798
2109,2014,-1.6215543882819867,2.212200980514147,-0.02501277875595606,8,3.8337553687961337
2109,2016,-2.2391392177783933,0.7507068741252539,-0.4542357755205388,6,2.9898460919036474
2109,2019,-1.6567531707589624,0.49134439690818815,-0.6204002059383195,10,2.1480975676671505
2109,2021,-1.3256652342188728,0.8762686821420281,-0.2282032999590534,5,2.201933916360901
2110,2011,-1.2040809081150345,1.6227187830084955,-0.04538436446845583,12,2.8267996911235302
2110,2012,-1.375657392856846,2.1410255638894147,0.02261008299050263,16,3.5166829567462607
2110,2013,-1.140061675492781,1.894331519628333,0.22556854810479335,13,3.034393195121114
2110,2014,-1.1942316648053501,2.5152056664316116,0.09433447897138872,15,3.7094373312369617
2110,2015,-1.2168724319928796,1.223588695029381,-0.036625274960973106,10,2.4404611270222607
2110,2016,-0.4999752234738773,1.7993994753496552,0.1420918992707347,10,2.2993746988235326
2110,2017,-1.256537040610842,1.6644088549704523,-0.03895047939930131,11,2.920945895581294
2110,2018,-2.205598650491519,2.59407918602937,0.06900600697978385,13,4.799677836520889
2110,2019,-0.7560806828161938,0.7712313233490139,0.116923148548827,11,1.5273120061652077
2110,2020,-0.765260280661658,1.1305653376571556,0.09348853792456024,11,1.8958256183188136
2110,2021,-2.03434768979028,1.2841300191201173,0.07825667720519582,13,3.318477708910397
2113,2011,-1.5700070467352905,0.7363620651203077,-0.2533948496508588,13,2.3063691118555982
2113,2012,-2.3272915400886256,2.644996879197423,-0.12465500347506886,3,4.972288419286048
2113,2013,-1.6896973901831882,2.990594353432118,-0.11910593617822696,4,4.680291743615307
2113,2014,-2.0633626278086785,3.544203489260873,0.31966685042222526,7,5.607566117069552
2113,2015,-2.135567960179089,3.431551113733992,0.4884978603897454,5,5.567119073913081
2113,2016,-1.6325037788414214,0.9319096675739599,-0.12094938142909295,7,2.564413446415381
2113,2017,-1.689900288068315,1.395032028406416,-0.22194675607124223,9,3.084932316474731
2113,2018,-1.6333643326714622,1.8715708639763855,-0.3231923513891853,10,3.504935196647848
2113,2019,-2.208778244014208,1.5211208996023151,-0.2780314367254599,9,3.729899143616523
2113,2020,-1.5500379137130038,2.106312422094403,0.02976493927157886,4,3.6563503358074065
2114,2018,-2.205598650491519,1.3385622856843165,-0.6680445104924436,5,3.5441609361758353
2114,2019,-1.6087509904758976,1.5288915228181825,-0.4664411486312052,6,3.13764251329408
2114,2020,-0.1440472655158758,0.9892664084854453,0.3750695354521157,4,1.1333136740013212
2115,2011,-1.5098103386460942,1.9385446006102354,0.083088570395233,11,3.4483549392563297
2115,2012,-1.6912166326507174,1.9838473332160473,-0.06803780389986681,11,3.675063965866765
2115,2013,-1.1064736446835037,2.1015249369742484,0.19721767225141562,8,3.207998581657752
2115,2014,-1.533192740376648,1.459530499387979,0.03641531471872432,11,2.992723239764627
2115,2015,-1.2950421392157414,1.2185791694342691,-0.3683943145386479,10,2.5136213086500105
2115,2016,-1.5631404243893257,0.5125366131306094,-0.15811103878391256,12,2.075677037519935
2115,2017,-1.029091228473133,0.4637704944701874,-0.18833085136277392,11,1.4928617229433205
2115,2018,-1.206270527895162,1.2278072564288216,-0.07070053877924469,12,2.434077784323984
2115,2019,-1.645487352937427,1.6833679464804714,-0.21487563630859255,14,3.3288552994178984
2115,2020,-1.6513705730425263,1.0317742413880961,-0.10027376999933517,15,2.6831448144306225
2115,2021,-1.017022711981106,1.2132985180129632,0.31479963538602596,11,2.230321229994069
2116,2011,-1.0725787740663357,1.391173579751242,0.12217506376754021,14,2.4637523538175774
2116,2012,-1.3316960327945082,1.1459538267665337,-0.16710683511715937,12,2.477649859561042
2116,2013,-1.2179130027173843,1.2841297592442469,0.06973106657092412,10,2.502042761961631
2116,2014,-1.4969418079026633,1.4992351282912124,0.11495421108527755,13,2.9961769361938755
2116,2015,-1.3463816769929071,1.15895535816971,0.03514032847198194,10,2.505337035162617
2116,2016,-1.5640126808969246,1.4720941579275872,0.04380344589746434,11,3.036106838824512
2116,2017,-1.702273497784033,1.051625833622587,-0.15259508967130697,9,2.75389933140662
2116,2018,-2.205598650491519,1.3354068717454135,-0.20742753796935554,12,3.5410055222369325
2116,2019,-1.3969766656976705,1.0251561088434966,-0.013052718028282747,10,2.422132774541167
2116,2020,-0.47549385818365253,1.2018194940181537,0.1039881954388639,11,1.6773133522018062
2116,2021,-1.8879294881534414,1.1007972281334029,-0.10198950857465625,10,2.9887267162868443
2117,2011,-1.2496132451339068,1.375461934911816,-0.4643703026591983,12,2.625075180045723
2117,2012,-2.3272915400886256,1.5942301657183697,-0.6319226836299887,13,3.9215217058069953
2117,2013,-0.7690164337358372,1.931644462314372,0.030059134655573597,12,2.700660896050209
2117,2014,-1.2291792384925468,1.4181379731399617,0.07494629163038483,14,2.6473172116325085
2117,2015,-0.4159736880142158,1.580142361964843,0.5833691077236277,11,1.9961160499790587
2117,2016,-0.4263978864667332,1.3375809605243099,0.35252622586065324,9,1.7639788469910431
2117,2017,-1.1474946060507798,3.3371120238690093,0.29453335514894463,11,4.484606629919789
2117,2018,-1.5749730757510483,1.1899388089260239,-0.003151255032040884,11,2.764911884677072
2117,2019,-0.6494866409880278,1.3311810313736485,0.3283203096077764,11,1.9806676723616763
2117,2020,-0.5838982749257032,1.6725081449647103,0.42564836417200164,12,2.2564064198904137
2117,2021,-1.3256652342188728,2.1075208975060855,0.2336549086759006,13,3.433186131724958
2119,2016,-1.276889900843886,3.2205797326543544,0.16146364333908597,5,4.49746963349824
2119,2018,-1.8934708407714878,3.412701924469039,0.2806193229090219,7,5.306172765240527
2119,2019,-1.6567531707589624,1.3603493847912582,0.05940236409166574,6,3.0171025555502204
2119,2020,-2.23173034920252,3.4077252534834797,-0.27799359528364614,10,5.639455602686
2120,2017,-0.43886782793109697,2.857451837907265,0.8001288562974807,5,3.2963196658383622
2120,2019,-1.6087509904758976,3.048603406035748,0.4905732579865682,4,4.6573543965116455
2122,2020,-1.5810239335079816,2.9218644630982245,0.2164681890165167,5,4.502888396606206
2123,2013,-0.8624420875074597,-0.03328941028430945,-0.3588328856630958,3,0.8291526772231502
2123,2015,-1.8353801669778933,0.8456073654051977,-0.2864760713236216,6,2.680987532383091
2123,2016,-1.3291860593729354,1.5661194446444304,-0.11525864963867023,5,2.895305504017366
2124,2011,-0.5901833705246375,0.9142867253011767,0.35991463443394495,5,1.5044700958258144
2124,2012,-1.3355885866576132,0.8528529519264357,0.011317252800563149,5,2.188441538584049
2124,2013,-0.8800275101420969,4.8909739578582405,0.9511279351066196,5,5.771001468000337
2124,2014,-0.25596528429039345,1.7522539862854796,0.4570858791261445,9,2.0082192705758732
2124,2015,-0.9500161693085447,2.927058606241074,0.5476566687693812,11,3.8770747755496187
2124,2016,-2.2391392177783933,2.3187150467680557,0.34324979529706295,9,4.5578542645464495
2124,2017,-1.3436323749946206,1.8861028869472913,0.10289336435733312,8,3.229735261941912
2124,2018,-0.8567606156299566,2.0452848533146173,0.2795228406216554,8,2.902045468944574
2124,2020,-1.9271443673880553,1.7173844494953685,-0.3160835849405072,9,3.644528816883424
2127,2011,-1.1399576069545185,1.5123410505740957,-0.03542132807560288,12,2.6522986575286143
2127,2012,-1.7528294634060269,1.2296488655716427,0.14250335247898027,11,2.9824783289776695
2127,2013,-1.4989131081045404,1.8851570818076215,0.23873371974393268,12,3.384070189912162
2127,2014,-1.4953234627029317,1.5050885375992178,0.4612273281312317,14,3.0004120003021493
2127,2015,-1.054891904654785,2.1832278494207515,-0.06414614755663464,13,3.2381197540755364
2127,2016,-1.1600700647052544,0.9202460394899052,-0.02123763133377705,12,2.08031610419516
2127,2017,-1.025719502686156,2.9060192854552636,0.2795159677466886,12,3.93173878814142
2127,2018,-0.8850579170606186,1.3992951178796778,-0.04981618991278653,15,2.2843530349402963
2127,2019,-0.803158844521685,1.7891223207335203,0.20479327729676852,13,2.5922811652552054
2127,2020,-1.1163476955518818,1.96582438486203,-0.05358723377489758,12,3.082172080413912
2127,2021,-1.3373486472876432,2.0266397870132784,-0.09228032340289524,10,3.3639884343009214
2129,2015,-1.6019007722658525,2.1421080929379475,0.23450513091455763,6,3.7440088652038
2129,2016,-1.6325037788414214,2.7694918421627595,0.2947303463968048,6,4.401995621004181
2130,2011,-1.7522315281914806,2.5471466316504854,-0.1400228408448402,14,4.299378159841966
2130,2012,-1.699213002915651,1.1494368245271185,-0.19552168023951674,9,2.8486498274427694
2130,2013,-1.8444655114943713,0.8431688495464961,-0.22110154063892123,13,2.6876343610408675
2130,2014,-1.6491674032524049,1.1677038542070666,-0.28234628384883903,14,2.8168712574594714
2130,2015,-1.6387054059150412,1.183362247798174,-0.26484206505150365,17,2.822067653713215
2130,2016,-1.3908404778492882,1.438882957487213,0.03250067261623974,14,2.8297234353365015
2130,2017,-1.3527714108235451,1.5146459635118967,-0.364096813426484,13,2.867417374335442
2130,2018,-1.5668254585063393,1.3896513059132822,-0.17518215813813898,16,2.9564767644196213
2130,2019,-1.4824294634152009,0.7214918366215123,-0.3192800724814325,12,2.203921300036713
2130,2020,-1.1680368894913242,1.4299037298647237,-0.09881575805906194,13,2.5979406193560477
2130,2021,-1.1981439504915201,0.6504752484852186,-0.27908566963689735,12,1.8486191989767389
2132,2011,-0.9383929229962352,1.3076952432112443,0.09905972618759754,11,2.2460881662074796
2132,2012,-1.5692657193626218,0.918846553366059,-0.1005051615421877,12,2.4881122727286806
2132,2013,-1.6505911972210678,1.6795103061635122,0.023809502141348093,12,3.33010150338458
2132,2014,-0.8492331146055556,1.979817214335069,-0.06855941879220437,11,2.8290503289406246
2132,2015,-0.9627412332534877,0.7262223350056416,0.007044149612190434,11,1.6889635682591293
2132,2016,-0.2545000016009721,0.7239934726168366,0.1810089834885435,10,0.9784934742178086
2132,2017,-0.6961573579642787,1.9346703344952898,0.3674711924674094,11,2.6308276924595684
2132,2018,-1.1300739085646652,1.1294758223404109,0.1352800381634837,12,2.259549730905076
2132,2019,-1.3868572554416472,1.781984004320918,-0.023127903680290916,11,3.1688412597625653
2132,2020,-1.0387685870958665,1.1919064886241098,-0.020335933391406685,12,2.2306750757199763
2132,2021,-2.3538055842706553,1.6655175979170727,0.01500304678373173,12,4.019323182187728
2133,2014,-1.5111023284003138,2.722893300397151,0.3159004182007153,5,4.233995628797465
2133,2017,-1.5355521274020347,0.683124570758401,-0.33302026361277925,4,2.2186766981604356
2134,2019,-1.2504013807238512,0.6849015754689334,-0.3497332317821613,3,1.9353029561927846
2141,2011,-2.310748218031355,0.7633276428473137,-1.3592485468070052,4,3.0740758608786685
2141,2014,-1.533192740376648,1.0924105116676923,-0.3726571683342128,4,2.6256032520443404
2141,2017,-0.4937020429046438,0.6395383998819921,0.07291817848867416,2,1.133240442786636
2141,2018,-0.5575638151697555,1.0904710201520078,0.13906926739379186,3,1.6480348353217633
2141,2019,-1.1865095898378275,1.3913852772156532,0.09688203578578036,4,2.5778948670534807
2141,2021,-1.6761676262819807,1.2111593251480255,-0.13670887153702588,5,2.887326951430006
2142,2011,-0.6743580259286419,1.0256628680883912,0.007162639212598783,11,1.7000208940170332
2142,2012,-0.9547422892735589,0.6731591756357431,0.0381485653075829,11,1.627901464909302
2142,2013,-1.360589150503186,2.1485939180928306,-0.17535840619765977,12,3.5091830685960166
2142,2014,-1.0609405717397138,1.287853279964809,-0.03184078079044866,13,2.3487938517045226
2142,2015,-2.135567960179089,1.2971677456039938,-0.39442620753608987,12,3.4327357057830827
2142,2016,-1.379046506408851,0.8004419978549372,-0.0451933172590169,11,2.179488504263788
2142,2017,-1.0393847965328507,1.20615862127531,-0.016948089738358544,11,2.2455434178081606
2142,2018,-1.2773660243502287,0.9536569748876537,0.06547737702874772,13,2.2310229992378825
2142,2019,-1.2243335300423537,1.433960531724048,0.25897025937919504,10,2.6582940617664015
2142,2020,-1.081374364313961,1.259548497651767,0.1911914199872278,11,2.340922861965728
2142,2021,-0.5999191047705559,2.728479100644406,0.7278061629561275,12,3.3283982054149615
2144,2011,-0.9658400288969377,0.9829044900529325,-0.059002095782941355,4,1.9487445189498702
2144,2014,-1.460896846635917,2.7726464805240307,0.42928045077323795,4,4.233543327159948
2144,2019,-2.208778244014208,0.30042663441872575,-0.3616001884178207,4,2.509204878432934
2144,2020,-1.5810239335079816,0.6313778798534493,-0.3716075264067533,4,2.212401813361431
2145,2011,-2.0261115642462935,2.0330546288624154,-0.3420702936688976,5,4.059166193108709
2145,2014,-1.0438051519778508,3.494870063010995,0.6856055126706766,4,4.538675214988846
2148,2018,-1.5618350429439551,1.4919154031150015,-0.08530330690335246,10,3.053750446058957
2148,2020,-1.5658912261662483,0.7745332913062475,-0.3951483696205477,9,2.3404245174724956
2150,2012,-1.5421933686224074,5.261990784084818,0.9170191989640839,4,6.804184152707226
2150,2015,-1.1531351824297218,2.3929793201132323,0.07503896391536138,10,3.546114502542954
2150,2016,-1.5747289751331384,0.8881710622587552,-0.37520231875495935,4,2.4629000373918934
2150,2017,-2.1935627070845976,0.9446415960168557,-0.3698928653458656,6,3.1382043031014533
2151,2013,-2.3044467435477203,2.0215672245730625,0.23751906412005144,5,4.326013968120783
2151,2019,0.7484989341388922,3.6564881593227736,1.7543382706588664,3,2.9079892251838815
2151,2020,-0.8463553996593093,2.241876258697432,1.0906269268672029,4,3.088231658356741
2153,2019,-2.208778244014208,1.2413784638310759,-0.06596848609530788,7,3.450156707845284
2153,2020,-1.720461022585383,1.1085625846961107,-0.37695884764146076,6,2.829023607281494
2154,2011,-0.8834987111948304,1.7947609909052877,0.22519497773687888,11,2.678259702100118
2154,2012,-1.6488116388215235,1.6701878227167144,-0.0017875409973313605,11,3.3189994615382377
2154,2013,-2.3044467435477203,1.5305061795431354,-0.24823737407484386,13,3.8349529230908557
2154,2014,-1.1797461487552947,1.3481115700918278,-0.11150965317513577,13,2.5278577188471223
2154,2015,-1.4222504317802085,1.1925590847010465,0.06130110012237089,13,2.6148095164812553
2154,2016,-1.5378172949861797,1.004494477539107,-0.12779775047352168,13,2.5423117725252866
2154,2017,-1.509747790943895,1.0153218731137352,-0.22313689443641913,13,2.5250696640576304
2154,2018,-1.0554076716732048,0.6298545423022455,-0.2910381797590961,14,1.6852622139754503
2154,2019,-0.7743044873473517,0.9429865323417539,-0.07702380986899927,12,1.7172910196891056
2154,2020,-1.1392285249574792,1.1467373610835234,-0.05046283233544016,11,2.2859658860410024
2154,2021,-1.667251337361077,1.1007325697055526,0.035422737554838823,12,2.7679839070666294
2155,2018,-0.7128134735696318,2.57131391565852,0.08247101914742012,5,3.2841273892281517
2155,2020,-0.6411146663936484,1.6725081449647103,0.330020629750186,5,2.313622811358359
2157,2013,-2.004953468831666,0.19846133800787538,-0.7320912050834245,5,2.2034148068395414
2157,2014,-2.0633626278086785,1.5815553482865303,-0.1067832813333284,4,3.6449179760952086
2157,2016,-1.4341806545735651,1.3782054366235503,-0.28809879837423946,5,2.8123860911971157
2157,2017,-2.1935627070845976,2.5364843584596213,0.5163600908834446,3,4.730047065544219
2157,2019,-0.2372601252454745,0.5513471222620192,0.15704349850827237,2,0.7886072475074937
2157,2021,-2.3538055842706553,3.5309451035257315,-0.1108010699963549,8,5.884750687796387
2161,2012,0.5804794653418123,0.7448317395617938,0.6626556024518031,2,0.16435227421998155
2161,2016,-1.0258683399044495,0.08629663147999898,-0.37095623642945663,5,1.1121649713844484
2161,2017,0.17146082568751195,0.2789618953589716,0.22521136052324175,2,0.10750106967145964
2161,2019,-1.9212651850271008,0.9949386989849842,-0.34295491052495597,8,2.916203884012085
2161,2020,-0.8001762346745355,1.1085625846961107,-0.2397558954985526,6,1.908738819370646
2164,2014,-2.0633626278086785,1.445114568432699,-0.5867539505435376,9,3.5084771962413774
2166,2011,-1.384165068475728,1.7229704344959558,0.22576102514774857,12,3.107135502971684
2166,2012,-1.5070397191537708,3.01404113990078,0.21597101002116306,11,4.521080859054551
2166,2013,-1.9929737378430243,2.2371229148330416,0.04603432109025712,14,4.230096652676066
2166,2014,-2.0633626278086785,2.6415289837255687,0.12847994697895268,12,4.704891611534247
2166,2015,-1.5813751111922665,1.804900121067007,0.15438575909751504,13,3.3862752322592735
2166,2016,-1.2525906756687724,2.36306548844272,0.24857846566992298,10,3.615656164111492
2166,2017,-0.9439819907038964,1.9576121769199237,-0.09402874492613401,11,2.90159416762382
2166,2018,-1.608484579722764,1.6607749089480934,-0.054011537015292065,12,3.2692594886708575
2166,2019,-1.346239067052887,1.046086574707758,-0.06693532304018711,11,2.392325641760645
2166,2020,-1.270238779743426,1.2037326935836496,0.011732428008031587,11,2.473971473327076
2166,2021,-1.3668624956320976,1.3534835615509835,0.036153202554236846,11,2.720346057183081
2167,2019,0.30042663441872575,3.3645518225050965,1.8324892284619112,2,3.0641251880863707
2168,2011,-1.202065120665278,2.0330546288624154,0.1983520750362117,12,3.2351197495276933
2168,2012,-0.8656726038483258,0.9618565887908993,0.3281738253106481,10,1.8275291926392252
2168,2013,-1.098287040363247,1.295913268630221,0.22931671212210833,10,2.394200308993468
2168,2014,-0.6965183867729754,1.0403058461249364,0.17593284397178208,12,1.7368242328979118
2168,2015,-0.967269521774436,1.297690948729399,0.09832896903526564,10,2.2649604705038353
2168,2016,-1.0666505542867668,1.1540064766647862,0.04592736204841469,12,2.220657030951553
2168,2017,-0.7663212060278438,1.4886280491509105,0.40537025061664755,11,2.2549492551787544
2168,2018,-1.0113705089540093,1.1753086951609266,-0.0400075814582286,10,2.186679204114936
2168,2019,-0.9149694785722265,1.5456878183603846,0.012314372480145141,10,2.4606572969326113
2168,2020,-0.8504062036053421,2.2993354261383483,0.4352317516176608,11,3.1497416297436907
2168,2021,-2.3538055842706553,1.0921500643865076,-0.28145530046274186,12,3.445955648657163
2169,2011,-1.748417267870623,0.8217578070456409,-0.47316186593896714,15,2.5701750749162637
2169,2012,-1.928089080021057,1.1567015680071842,-0.3676841629964713,12,3.084790648028241
2169,2013,-1.6730825427949576,0.6689262373578316,-0.31183170349436623,15,2.3420087801527893
2169,2014,-1.5003788274409278,0.8567683484825176,-0.32025017780819554,16,2.3571471759234455
2169,2015,-1.3470149511729634,2.279248680653836,0.18512835040114753,15,3.6262636318267996
2169,2016,-1.6563518550649878,0.8159060100857696,-0.3225383534687267,16,2.472257865150757
2169,2017,-1.6136528856159567,1.7974145044683376,-0.017733637232614903,13,3.4110673900842943
2169,2018,-1.647153111414114,0.9744193666192024,-0.11544489334449858,15,2.6215724780333165
2169,2019,-2.0587714306296303,1.0910275981222215,-0.3597880220980007,12,3.149799028751852
2169,2020,-0.9354411903779671,1.776621171475837,0.09132605528413718,12,2.7120623618538042
2169,2021,-1.172971122825044,1.4080350423206793,0.049242296933400084,14,2.5810061651457232
2170,2020,-1.515953291938528,3.0424163885321596,0.2220678657642187,5,4.558369680470688
2171,2016,1.0164709711833562,2.572107366894143,1.652624686267836,3,1.5556363957107868
2172,2011,-1.5572982521297207,0.6474398623776813,-0.26880521292066084,10,2.204738114507402
2172,2012,-1.0856520961639495,1.4628375635413937,0.12193380141283057,11,2.5484896597053432
2172,2013,-2.068482345286587,1.0474455005840373,-0.08983880348496676,12,3.1159278458706243
2172,2014,-1.1731519959265382,0.5364196573221183,-0.04000339724490838,10,1.7095716532486565
2172,2015,-1.4494244328620707,0.7027769421718945,-0.1568294204391649,11,2.152201375033965
2172,2016,-1.0420213545507002,1.4191683987378583,0.017424501053171247,11,2.4611897532885587
2172,2017,-1.513618441412616,1.9798883029020475,0.06826327898799416,12,3.4935067443146632
2172,2018,-1.0076501720644844,1.8665804484140016,0.0651663636523521,12,2.874230620478486
2172,2019,-1.1894137621508285,1.9232678426677543,0.05890370621627994,13,3.112681604818583
2172,2020,-1.0214792861957698,1.8911455006380753,-0.12387585124596545,13,2.9126247868338453
2172,2021,-1.3373486472876432,2.0315841499939946,0.004991144613563732,13,3.368932797281638
2174,2011,-1.3254674933907562,1.1521435620098328,0.18133195308426933,10,2.477611055400589
2174,2012,-1.4113436733780378,1.332174316993582,0.3344591375868155,10,2.74351799037162
2174,2013,-1.2887738988584934,1.6727644427063701,0.22638886323971816,11,2.9615383415648635
2174,2014,-1.159663956049536,1.439117171516047,-0.03980917699202909,10,2.5987811275655828
2174,2015,-1.0392299328355923,1.8262194986528126,0.1263084265407101,11,2.865449431488405
2174,2016,-1.050746133930256,2.0795273594157644,0.3867032103424026,11,3.1302734933460203
2174,2017,-1.278253118680007,1.729853068320649,-0.03593360635305586,13,3.008106187000656
2174,2018,-1.793589941661078,1.5438985938913288,0.05702877933058961,15,3.337488535552407
2174,2019,-1.2064169267875782,2.6128311302294684,-0.06965326118272822,14,3.8192480570170466
2174,2020,-1.720461022585383,2.499017381943902,-0.1556383370637642,12,4.219478404529285
2174,2021,-2.067112602044678,2.2895363098905124,-0.06467480134373403,10,4.35664891193519
2175,2011,-1.2128639820032592,1.7720087846981267,-0.032297649811746806,4,2.984872766701386
2176,2011,-1.2507220591076764,2.9042019031021007,0.903970399290223,5,4.154923962209777
2176,2013,-1.7204348578514148,0.1873373020898504,-0.9763056325769797,4,1.9077721599412651
2176,2014,-2.0633626278086785,2.9341404094604595,0.2153548410712002,10,4.997503037269138
2176,2015,-1.1244090778171671,1.691826403136154,0.2012151980008643,8,2.8162354809533214
2176,2016,-1.7223756957209728,3.5297304851895412,0.15912642542487346,10,5.2521061809105145
2177,2012,-0.36454611142307997,2.12867105471964,0.9043422846223216,5,2.49321716614272
2177,2013,-1.7366574102318677,0.36750306029158647,-0.7664851600283099,3,2.1041604705234542
2178,2011,-0.9857155193767565,3.3250575269128704,1.1764414934282792,5,4.3107730462896265
2178,2018,-0.7750128559413769,0.29142382726872884,-0.24179451433632404,2,1.0664366832101058
2178,2020,-0.9303175178134432,2.106312422094403,0.4477183516556066,4,3.0366299399078462
2178,2021,-1.057454708118408,1.5506797927117095,0.15802263008707051,4,2.6081345008301176
2181,2011,-1.3348511193397143,1.210944684688319,-0.2730160099275931,13,2.5457958040280335
2181,2012,-1.5550638304497226,1.6302877983650632,-0.2284316613405598,11,3.185351628814786
2181,2013,-0.5387267565596459,0.990815851721937,0.3269320557200405,11,1.5295426082815828
2181,2014,-1.1166306859657673,1.5915102549711446,0.173435863814985,11,2.7081409409369117
2181,2015,-2.135567960179089,0.6264190787779151,-0.29288853876806104,11,2.7619870389570043
2181,2016,-1.481895673331665,1.3000607088977942,-0.12723434101939357,11,2.7819563822294593
2181,2017,-0.8387389374961055,1.3098538251904268,0.07920578512644978,12,2.1485927626865324
2181,2018,-0.96303270322511,1.7304045937734218,0.08883257639518674,10,2.693437296998532
2181,2019,-0.7509655505584543,1.412768537870906,0.24365182945566383,11,2.1637340884293605
2181,2020,-1.3370090276225297,1.510538830623353,-0.060764121358775514,13,2.847547858245883
2181,2021,-1.714889795309905,1.8496673738778435,0.2342599638897564,15,3.5645571691877485
2182,2011,-1.3708329368274454,1.697026023668493,-0.026901988461526874,8,3.0678589604959385
2182,2012,-1.632514397198167,1.1219264801461009,-0.011850316967732496,9,2.754440877344268
2182,2013,-1.9071597464754038,2.502235443253149,0.08909768927042586,10,4.409395189728553
2182,2014,-1.4870910110347326,1.3687635267065836,-0.15558953448392304,11,2.8558545377413163
2182,2015,-1.8282667121626992,1.9112785580784273,-0.3134811782303352,10,3.7395452702411265
2182,2016,-1.3406753669285598,0.8228941491369819,-0.23749978653852133,10,2.1635695160655417
2182,2017,-1.1557530384273627,1.2935101456422144,0.009635441956868884,12,2.449263184069577
2182,2018,-0.8438258435273333,1.972959732593257,0.10662579285356998,11,2.81678557612059
2182,2019,-1.254479580142108,1.9314098054001323,0.27297035821865223,14,3.1858893855422403
2182,2020,-1.6182071572619554,0.9591784348393925,-0.1785885169963647,12,2.577385592101348
2182,2021,-1.0921010567015415,1.015534749261351,0.07061608406735495,11,2.107635805962892
2184,2011,-1.017201444889341,1.7027169054012399,0.3836205941148854,11,2.719918350290581
2184,2012,-1.5795789958350845,1.7646166353836839,0.0567419443838763,11,3.3441956312187684
2184,2013,-1.5965535487643197,1.211855186037366,-0.07335721651401741,13,2.8084087348016857
2184,2014,-1.3430231068412462,1.8588125598262397,0.0821911036802876,11,3.2018356666674856
2184,2015,-1.6209603146913252,1.3358531059926055,0.29285911427381045,12,2.9568134206839307
2184,2016,-0.7846194973928351,1.3895181231834768,0.2857672118932118,12,2.174137620576312
2184,2017,-0.8922339689564033,0.8019032586438198,0.05824776108521764,13,1.6941372276002231
2184,2018,-1.094464052782671,1.0813247983812317,0.03299332272411411,11,2.1757888511639027
2184,2019,-1.4824294634152009,0.9714515521219851,-0.0605648163412193,13,2.4538810155371857
2184,2020,-1.6352494681491934,1.2416549173393021,-0.06404167044428136,10,2.8769043854884955
2184,2021,-1.6808734454346796,1.506060908137631,-0.18498199391229672,14,3.186934353572311
2189,2014,-1.6063196214017559,1.3570882588495816,-0.40102942490289256,6,2.9634078802513377
2189,2015,-1.5090890874113765,2.4959008492107855,-0.13152543989063545,5,4.004989936622162
2189,2017,0.25423664933453577,0.5262143556033286,0.3934633323054654,4,0.27197770626879286
2189,2019,-1.41258823451145,0.44518845432831816,-0.4130966832585582,5,1.8577766888397682
2191,2016,-1.3671007743064962,1.2490145561091954,-0.25256504373539734,5,2.616115330415692
2191,2017,-0.25086480516465054,1.017285214144204,0.2910365002723384,5,1.2681500193088544
2191,2018,-1.1651726180914157,0.7876270119518549,-0.22317901662921913,8,1.9527996300432706
2191,2020,-1.515953291938528,2.7475883100252525,-0.04721158391285978,7,4.26354160196378
2192,2016,-0.8438777082233578,1.7141017259608737,0.4049462564727952,6,2.5579794341842317
2192,2017,-2.1935627070845976,2.9869650313685945,0.024765837329974467,6,5.180527738453192
2192,2019,-0.5431853505716571,0.602460554970838,0.013623738552886566,5,1.145645905542495
2193,2011,-1.4066082589493938,1.7054676871660526,-0.21889196700265912,11,3.1120759461154464
2193,2012,-1.6445974779440882,0.9937035768549781,-0.1570248584179188,10,2.6383010547990664
2193,2013,-1.1572165199576785,1.7187462468046077,0.07985185721013305,12,2.875962766762286
2193,2014,-0.9860943514591249,2.1653733790896585,0.13836404373284114,12,3.1514677305487835
2193,2015,-1.5972343660122392,3.1639879679141973,-0.011591638808244339,12,4.761222333926437
2193,2016,-1.315656779799521,1.7544536539354827,0.17288313981780654,13,3.0701104337350036
2193,2017,-0.7637733633818328,1.898354134977417,0.2487752040684953,12,2.6621274983592498
2193,2018,-0.9857065804109394,1.1133603928648104,0.2661153209232282,13,2.09906697327575
2193,2019,-0.5316187332560839,1.9314098054001323,0.5858042451303208,13,2.463028538656216
2193,2020,-1.720461022585383,2.0354021075635877,0.2624951737767495,12,3.7558631301489704
2193,2021,-1.3171541386058616,1.528286771025538,-0.1372347569437589,11,2.8454409096313995
2194,2013,-0.5347137565892185,1.0327640318597402,0.07080335005972212,3,1.5674777884489588
2194,2018,-0.6796404696380344,1.9144884378128895,0.26972351287866936,5,2.5941289074509237
2194,2019,-1.2230191846298413,2.720017052907626,0.5408174232185952,5,3.9430362375374672
2194,2020,-1.1713198939966056,1.6224538052958999,-0.26376585797930197,5,2.7937736992925055
2194,2021,-1.8568710817456273,1.2529770953464852,-0.16466782047289533,6,3.1098481770921125
2196,2013,-1.0066425531114858,0.291161637324749,-0.3577404578933684,2,1.2978041904362347
2196,2014,-1.589996656887223,2.2442677075765682,0.4184297272809929,8,3.8342643644637913
2196,2018,-1.269215221331426,4.362656127964785,0.972846333597731,5,5.631871349296211
2197,2011,-1.4171215142875562,0.8291152585470515,-0.30875496845576456,13,2.2462367728346075
2197,2012,-1.6759769135359333,1.4005127273049287,0.013027481136972838,14,3.0764896408408617
2197,2013,-1.3216435702076592,1.1975645639786272,-0.13136713662023075,10,2.5192081341862864
2197,2014,-1.1870487642846614,1.7330800334508356,-0.07502021905706936,15,2.9201287977354973
2197,2015,-1.2862561550244869,1.8416835585749214,-0.13297977574373637,13,3.1279397135994085
2197,2016,-1.5951723672145308,2.08793761565178,-0.13679898339134366,14,3.683109982866311
2197,2017,-1.45848782527705,1.1942576131246918,-0.1123851687261346,13,2.652745438401742
2197,2018,-1.6603431218490827,0.9156794467087905,-0.21418692512565002,14,2.5760225685578733
2197,2019,-1.6779849043457027,1.0663944394140423,-0.18922902081187867,14,2.744379343759745
2197,2020,-0.8966021594873014,1.2462922808460335,0.3484496320493648,11,2.1428944403333348
2197,2021,-1.714889795309905,1.4237046585009006,-0.1832914720496183,14,3.1385944538108053
2198,2011,-1.7489653487187329,1.054311594835248,-0.16499658921968074,12,2.803276943553981
2198,2012,-1.6135659296647908,1.6162891368615033,-0.18966834744418268,11,3.2298550665262944
2198,2013,-0.5347137565892185,1.13479905722946,0.30278760213306555,12,1.6695128138186783
2198,2014,-1.1797461487552947,1.3631615026114043,0.09756829254420976,11,2.542907651366699
2198,2015,-1.503593658702888,1.7267760649799753,0.008775251349264634,12,3.2303697236828635
2198,2016,-1.3935261816844324,1.8386786464568594,0.22980009216258881,13,3.232204828141292
2198,2017,-1.513618441412616,1.3867299006204334,-0.14573851782993297,11,2.900348342033049
2198,2018,-2.096601637573413,1.395921293302511,0.01149630401327401,13,3.492522930875924
2198,2019,-1.034256811556239,2.4852255067891997,0.23786713375473215,12,3.519482318345439
2198,2020,-0.6894482921143599,2.234293874616245,0.17945526104713275,11,2.9237421667306047
2198,2021,-2.3538055842706553,3.434952716419833,0.6915608675233547,15,5.788758300690488
2199,2011,-1.2738575506714869,2.4271315881682427,-0.17640913154428592,13,3.70098913883973
2199,2012,-1.3352902404020683,0.98643450830775,-0.4046582636473625,12,2.3217247487098183
2199,2013,-1.5410325138793473,1.3446928239272753,-0.26693934864291763,14,2.8857253378066225
2199,2014,-1.7523423869866392,1.19361082676665,-0.20561968816795684,13,2.945953213753289
2199,2015,-1.3552309259633868,2.1724331863327615,0.02534435415514196,13,3.527664112296148
2199,2016,-1.2519258855460569,2.201318628543404,0.06514144552499573,12,3.453244514089461
2199,2017,-1.40625882051704,2.102175970111654,0.07191639489908859,12,3.5084347906286943
2199,2018,-2.205598650491519,1.4779643352572618,-0.2686075034851037,12,3.6835629857487806
2199,2019,-1.1070475305846217,0.6509392746534295,-0.21573341981677438,16,1.7579868052380512
2199,2020,-1.4579173143225284,0.6602011170587105,-0.14222182981022383,12,2.118118431381239
2199,2021,-1.8149609429784561,1.072030758894312,-0.22992790221511103,12,2.886991701872768
2201,2012,-1.7233698697299962,2.0600217710461237,0.020277739124302613,4,3.78339164077612
2201,2013,-1.9422688299376085,1.942912425152684,0.07987571531994352,4,3.885181255090292
2201,2017,-1.5754315564737054,2.974013712022462,0.26018902337745553,4,4.549445268496168
2201,2018,-2.205598650491519,1.571147847120856,-0.09811953340965385,6,3.776746497612375
2201,2019,-1.7328945601734793,1.5067751336653281,-0.25613508876862595,11,3.2396696938388074
2201,2020,-1.2091916959682456,1.5576776010186157,0.2293088992708212,10,2.7668692969868616
2202,2015,-1.2753283139905882,4.02480762203675,0.5420926106447137,6,5.300135936027338
2202,2018,-1.9603553714257804,1.7182938145602986,-0.15072405907061245,12,3.678649185986079
2202,2019,-1.8637625732296796,1.4713889110207612,-0.5048437075972018,5,3.335151484250441
2202,2020,-1.6093155167990487,0.569136396613102,-0.3892814039193476,5,2.1784519134121507
2204,2014,-1.8625407007510915,1.3827416404995188,-0.23955526396511626,5,3.2452823412506104
2204,2015,-1.2622943799574293,1.8152907374366454,0.28847708019411045,4,3.077585117394075
2204,2016,-2.2391392177783933,3.468748775855843,-0.07104779416462721,5,5.707887993634236
2205,2020,-1.6352494681491934,1.2146036302167018,0.009522891479123352,5,2.8498530983658954
2206,2013,-0.014204054542600179,2.2378679229791016,0.9032240120743075,6,2.2520719775217017
2206,2014,-1.6951890948697685,2.614606967179825,0.15942058003891443,9,4.309796062049593
2206,2015,-1.1840292949375635,3.8338807274789706,0.46695605031469206,7,5.017910022416534
2206,2016,-0.970719663637452,3.53435668382865,0.41915059350983114,6,4.505076347466102
2206,2017,-0.8336741757406345,2.1580805932160843,0.013919107377588169,10,2.991754768956719
2206,2018,-1.8934708407714878,1.6201965029340035,-0.3951021674197365,11,3.5136673437054915
2206,2019,-1.4297106003072082,2.3121167524727153,0.41676432695926874,9,3.7418273527799233
2206,2021,-2.09677049675771,2.4244107861623085,0.2508715578877734,4,4.521181282920018
2207,2012,-2.0001673019777013,1.955062122454383,0.3811283650079028,4,3.9552294244320843
2207,2017,-2.1935627070845976,2.442420922497094,0.044955102627705044,5,4.635983629581691
2207,2018,-1.9603553714257804,2.7299223407064708,0.7269907541185148,5,4.690277712132251
2210,2011,-0.841520784523168,1.7335440484678357,0.2124430499985574,11,2.5750648329910035
2210,2012,-1.239036648947333,1.5271711352642194,-0.07446842050182335,12,2.7662077842115522
2210,2013,-1.2069747435815086,2.145167623662227,0.06452470704032952,12,3.3521423672437356
2210,2014,-0.8338962598950335,1.5608455870587163,0.23313269840122006,12,2.3947418469537496
2210,2015,-1.0477079232790298,3.174970731916288,0.39440878195227796,11,4.222678655195318
2210,2016,-1.5942704528579987,1.1678947009025071,0.1494132578880353,12,2.762165153760506
2210,2017,-1.6803972235585738,1.1573587935955028,-0.12845698724245705,11,2.8377560171540765
2210,2018,-1.67052240525718,0.9065160614693036,-0.08170059558536587,13,2.5770384667264836
2210,2019,-1.0532233657885146,1.2979384098613265,-0.08563321926340171,12,2.351161775649841
2210,2020,-1.3896396935978232,1.7328651888233033,-0.07175803694133598,11,3.1225048824211266
2210,2021,-2.061491171020639,2.5120114196202463,0.003396855498184174,12,4.573502590640885
2211,2016,-0.970719663637452,0.5949857235052725,-0.32792044523512975,4,1.5657053871427244
2211,2021,-0.8191549147080683,1.5802592273858183,0.011441478270630773,8,2.3994141420938866
2212,2013,-1.6370045884662283,4.477626767764216,0.5729270515064308,5,6.1146313562304435
2212,2018,-1.1213652062008852,0.23101199312936804,-0.245161767518434,3,1.3523771993302534
2213,2011,-1.1099373348756252,0.7084334310459086,-0.10502650068697408,4,1.8183707659215338
2213,2012,-1.4861149278033918,0.8621697814928861,-0.6769451439092086,4,2.348284709296278
2213,2014,-2.0633626278086785,2.2586744979959166,0.3437719380908251,3,4.322037125804595
2213,2020,-2.23173034920252,1.3471549371174414,0.06853703855145266,5,3.578885286319961
2214,2011,-0.6400548153799048,3.222588331550248,1.6276330298189972,3,3.8626431469301528
2214,2012,-2.3272915400886256,-1.4861149278033918,-1.9067032339460086,2,0.8411766122852338
2214,2014,-2.0633626278086785,1.9379195414896635,0.14845234744813599,10,4.001282169298342
2214,2016,-1.7580145593111396,1.4815581410350345,0.13353432522042033,5,3.239572700346174
2214,2018,-1.6773823571191588,3.802861686619077,0.1302721247777457,5,5.480244043738236
2214,2021,-2.3538055842706553,3.236707569135912,-0.43584814960628115,4,5.590513153406567
2215,2011,-1.1722016028911075,1.0797766285259998,-0.07655977747581405,4,2.251978231417107
2215,2015,-0.7632809055450523,1.0344151360255358,0.0900783406514468,3,1.797696041570588
2215,2018,-2.205598650491519,1.8636231651177733,-0.1709877426868729,2,4.069221815609293
2215,2020,-2.23173034920252,2.106312422094403,-0.10646336047145,4,4.338042771296923
2217,2011,-0.4147613098247512,0.7606798600214061,0.09451854638070689,10,1.1754411698461573
2217,2012,-1.0347518675527785,1.7131718528128321,-0.022604052007797824,11,2.747923720365611
2217,2013,-0.7063129970000639,1.1346782762253962,-0.02014993888758544,11,1.84099127322546
2217,2014,-0.7263113766094793,1.0780204538736857,-0.1358519036449443,12,1.804331830483165
2217,2015,-1.4933057049579266,1.6382214400645123,-0.13811154062274308,13,3.1315271450224387
2217,2016,-1.1435528130469568,1.3105702109425055,0.1507527888327399,12,2.454123023989462
2217,2017,-1.1142860949068492,1.5985548964784386,0.030765572344968874,11,2.7128409913852876
2217,2018,-1.1284516993008238,1.9657758289536083,0.08584462511062353,11,3.0942275282544323
2217,2019,-1.5187469024451512,0.7416454528453741,-0.0982561900593354,12,2.2603923552905254
2217,2020,-1.0322138521392366,0.6206718127576203,-0.365004561550223,10,1.6528856648968568
2217,2021,-1.4593234797256047,0.6858009909724927,-0.3306890303234951,12,2.1451244706980974
2220,2011,-0.11497974597516339,1.0306385872715456,0.4498737377784223,3,1.145618333246709
2220,2014,-1.0438051519778508,1.692007408168203,0.4533937964799678,5,2.735812560146054
2220,2018,-1.5516165729828826,1.1397712075334283,-0.15816127670215074,5,2.691387780516311
2220,2019,-0.48369989009156605,3.311472488538246,0.8369055470141149,5,3.795172378629812
2221,2015,-0.45451631825239397,1.7754501455279155,0.604431858906871,5,2.2299664637803094
2221,2016,-0.31464058390937893,2.3222926403822997,0.5375549494857413,5,2.6369332242916785
2221,2017,-1.3436323749946206,0.8661864884393192,-0.6106719314661251,6,2.2098188634339397
2221,2018,-1.7151120923600418,1.9144884378128895,-0.001134064222824166,3,3.6296005301729313
2221,2020,-1.2981081005973127,0.86997023227478,-0.2944560535814013,5,2.168078332872093
2222,2011,-0.6029282953209838,2.739519267697886,0.5968510789528569,4,3.3424475630188697
2222,2012,-2.3272915400886256,0.7570227049572318,-0.8406287079595145,4,3.0843142450458574
2222,2015,-0.7500858377120326,3.8338807274789706,1.1887031847063296,6,4.5839665651910035
2222,2017,-0.648234830557367,2.6631820477152703,0.4127063437203164,4,3.311416878272637
2224,2019,-1.633752126039994,2.2430368628829322,-0.308162079530346,7,3.876788988922926
2225,2012,-0.582628936830363,2.275008085747826,0.39899444741667106,3,2.8576370225781886
2225,2014,-2.0633626278086785,3.853712008709518,0.38767693672222486,10,5.917074636518196
2225,2015,-0.7411472433735355,1.9812932037230209,0.5097674483254784,6,2.7224404470965564
2225,2016,-1.6049294407079226,1.2490145561091954,-0.44128680590295577,10,2.853943996817118
2225,2017,-2.1935627070845976,1.0861684567449603,-0.6448035769359658,12,3.279731163829558
2225,2018,-1.5189174691074507,0.7986315180637791,-0.1289975001991684,10,2.3175489871712296
2225,2019,-2.208778244014208,0.9759817939968234,-0.4357997400347754,11,3.1847600380110315
2225,2020,-0.11090943879069122,1.8977526734743582,0.7161323972145627,6,2.0086621122650494
2226,2011,-1.8715945236201168,1.059948997844378,-0.039277098139206566,11,2.9315435214644947
2226,2012,-1.6135659296647908,1.676485459696362,-0.015310558362950366,12,3.290051389361153
2226,2013,-1.933645546280225,2.158733521123233,-0.4731593410074406,13,4.092379067403458
2226,2014,-1.0479162708320076,1.6435596233508898,-0.1566218454428354,11,2.691475894182897
2226,2015,-1.6707610545772378,0.9958398227574766,-0.19965893892412614,11,2.6666008773347145
2226,2016,-1.4061472717753871,0.6929320704169709,-0.12607591145565025,12,2.099079342192358
2226,2017,-1.1109330025195008,1.4031518197410242,0.054574282565397446,11,2.514084822260525
2226,2018,-1.3753544009591443,1.518626720099698,-0.18029295887761573,12,2.893981121058842
2226,2019,-0.9893263041723405,2.182330293243426,0.17874267614387296,12,3.171656597415766
2226,2020,-0.8812075996478176,1.1543372015864055,0.1468965153601242,13,2.035544801234223
2226,2021,-0.7769941820277775,1.5075735197900482,0.38926174600602415,13,2.2845677018178256
2227,2011,-1.3885254597677545,2.0807887260810283,0.5111903553874222,4,3.469314185848783
2227,2014,-1.572464583890132,2.4336140959451504,0.9937926010590559,4,4.006078679835283
2227,2015,-1.79249619652058,2.3929793201132323,-0.22029443413363392,5,4.1854755166338125
2227,2016,-2.2391392177783933,1.636587197652261,-0.44684039453312835,9,3.8757264154306545
2227,2017,-1.768597541039609,2.7791640120089984,-0.3872907639897917,9,4.547761553048607
2227,2018,-1.7151120923600418,0.3034287430271913,-0.6725456520121682,8,2.018540835387233
2227,2019,-1.1632762113338189,2.3914306997795034,0.4378031783595461,8,3.554706911113322
2227,2020,-0.5799371401317686,4.031318901857413,1.051394666574368,3,4.611256041989182
2227,2021,-2.3538055842706553,2.9704926570689327,0.0014630017091496138,10,5.324298241339588
2228,2015,-0.498179997263477,2.1216407434015023,0.3649508741879,6,2.6198207406649794
2228,2020,-1.6093155167990487,2.2889668545700625,0.37952395556105467,5,3.8982823713691115
2228,2021,-1.4937266375927218,2.9704926570689327,0.2982561180919995,9,4.464219294661655
2229,2011,-1.472363892337173,1.5047479139478104,0.03965671596606092,14,2.9771118062849835
2229,2012,-1.9821934427408374,1.3068735806606615,-0.5065227746155159,14,3.2890670234014987
2229,2013,-0.8444170293069563,1.4370667746709114,0.19388064082463022,11,2.2814838039778675
2229,2014,-1.6063196214017559,1.1445133327322181,-0.3092663686612874,14,2.750832954133974
2229,2015,-1.4354434518979307,1.3439511964494193,-0.29530980833349985,12,2.77939464834735
2229,2016,-0.9672157422171731,1.3508309365361841,-0.037786992099254645,11,2.3180466787533573
2229,2017,-1.033340348993518,1.4820132027431097,-0.11240201177306641,12,2.5153535517366277
2229,2018,-1.4204122684515241,1.0561369610828044,-0.09219791368621166,14,2.4765492295343288
2229,2019,-0.9170134102711871,1.8150765769138946,0.4142845063126798,13,2.7320899871850814
2229,2020,-0.8775575381625347,1.6306716819579432,0.0784467718615384,13,2.508229220120478
2229,2021,-1.8397354092447642,1.6788715297454009,0.0773127628494126,15,3.518606938990165
2230,2011,-1.3365692480345939,1.2972460818420297,-0.20585746608901329,10,2.6338153298766236
2230,2012,-0.7999187337816192,1.6366426444633362,-0.09071453583237192,11,2.4365613782449556
2230,2013,-1.748244947646477,1.2749809429780237,0.023417345335661775,13,3.0232258906245004
2230,2014,-0.9633137723069961,1.4157149880528335,-0.028262427812530265,10,2.3790287603598297
2230,2015,-2.135567960179089,1.5436933531657306,-0.25988740819766576,11,3.6792613133448198
2230,2016,-1.1051811004721808,0.9654248183947572,0.00821005735106689,11,2.070605918866938
2230,2017,-1.262132206164075,0.8518017026330494,-0.37648798216675433,12,2.1139339087971245
2230,2018,-1.980457279545923,0.6087945453267221,-0.5036031717735233,13,2.589251824872645
2230,2019,-1.6492933724717294,0.7126531501612788,-0.24841793233141524,13,2.361946522633008
2230,2020,-1.4606356270914278,0.6843984026137446,-0.1930075471481908,11,2.1450340297051724
2230,2021,-2.3538055842706553,0.6206341063238647,-0.7380103131931292,10,2.97443969059452
2231,2017,-1.9102525963879384,5.390431025410581,0.9013526035782402,4,7.30068362179852
2231,2021,0.513124237989123,1.7120221636613935,0.978463304667878,6,1.1988979256722705
2232,2014,-0.4854760580704931,1.6183727015804212,0.5307382572819419,5,2.1038487596509143
2232,2015,-1.6852862703772957,1.4666855582352574,-0.045542649170838424,13,3.1519718286125533
2232,2016,-1.242523853810511,3.4173263614987777,0.38706867975643383,12,4.659850215309289
2232,2017,-1.222213756124624,3.3059865005564295,0.34302457867051434,15,4.528200256681053
2232,2019,-1.5516055377579634,1.5067751336653281,-0.07757619504330816,8,3.0583806714232917
2235,2011,-1.3191108435543653,4.805168126595192,0.5391038047213637,4,6.1242789701495575
2235,2013,-1.2996951122422484,1.4633718738478,0.20181413475736137,5,2.7630669860900485
2235,2015,-1.6019007722658525,1.1895891337418463,-0.4078985811757411,6,2.7914899060076985
2235,2016,-1.7580145593111396,1.8750934386018396,-0.40848149759210356,12,3.6331079979129792
2235,2017,-1.222213756124624,0.07291817848867399,-0.5746477888179751,3,1.295131934613298
2235,2020,-1.6352494681491934,-0.1440472655158758,-0.8404118577307765,6,1.4912022026333176
2235,2021,-2.0030282883706354,3.4510930292960458,-0.015816928162818444,11,5.454121317666681
2237,2016,-0.31464058390937893,1.4151171167705092,0.4928660601331803,6,1.729757700679888
2237,2017,-0.19372663157876954,1.9738376309049666,0.9509721653732068,4,2.167564262483736
2239,2011,-1.02317717682563,1.3626131571766393,0.08301165245999399,11,2.3857903340022695
2239,2012,-1.1662308639766128,1.966343349173411,0.24247198375034504,11,3.132574213150024
2239,2013,-1.122153920846648,1.932128415656528,0.3314054038403532,10,3.054282336503176
2239,2014,-0.8764151186324913,1.2594635539065167,-0.14632245570477784,11,2.135878672539008
2239,2015,-1.1822305450977875,1.9494618029712008,0.056709424093138484,11,3.131692348068988
2239,2016,-1.7025001756418412,1.4110559294682763,0.023512093510635823,12,3.1135561051101175
2239,2017,-1.402929840024154,1.5017865628718234,-0.09875062702725831,14,2.9047164028959775
2239,2018,-1.290023741979428,1.857101976310707,-0.17309706757316654,14,3.147125718290135
2239,2019,-1.0091852963633863,1.7868195149310317,-0.10703617672807453,12,2.7960048112944182
2239,2020,-2.23173034920252,1.3586997283636346,-0.30956149617261497,12,3.590430077566155
2239,2021,-1.4502883069524224,1.8872733596929478,0.38634489879228234,12,3.33756166664537
2241,2011,-2.310748218031355,1.2120672296331492,-0.3044933554383683,14,3.522815447664504
2241,2012,-1.8207765907555817,1.2799162747561612,0.14684528219702858,14,3.1006928655117427
2241,2013,-1.8325179470254533,1.6355377484704177,-0.09219362971711849,12,3.4680556954958712
2241,2014,-1.0438051519778508,1.1955199310763265,0.17065680284395893,14,2.2393250830541773
2241,2015,-1.1233644921948924,1.9849493859289733,0.1912082230885788,11,3.108313878123866
2241,2016,-1.0868586174277355,1.3888514557305238,0.1504873451768462,12,2.4757100731582593
2241,2017,-1.1588649114967995,1.164495369702272,0.14534744528714744,12,2.3233602811990712
2241,2018,-1.7188706100468731,1.4782284166264665,-0.0677112904961278,12,3.1970990266733397
2241,2019,-1.182910052323122,1.5394672811898216,0.1931469562182942,11,2.7223773335129433
2241,2020,-1.1804613634380359,0.8690418573626347,0.11589057169148512,10,2.0495032208006707
2241,2021,-1.5255814133956085,1.4659148455859048,0.07721426554423473,11,2.9914962589815133
2242,2013,-1.5257642292859797,-0.07963955994274667,-0.8027018946143631,2,1.446124669343233
2242,2016,-1.6049294407079226,3.053232025361396,0.217864610109311,5,4.658161466069319
2242,2020,-2.23173034920252,3.624627392048326,0.785161496095925,5,5.8563577412508465
2244,2011,-1.3435644862923182,1.3548850042335048,0.09309195570381441,12,2.6984494905258227
2244,2012,-1.0104602121516566,2.032640993152626,0.20108784540371152,11,3.043101205304283
2244,2013,-0.5524110864588034,1.7031049585159623,0.1403579803024474,12,2.2555160449747658
2244,2014,-1.533192740376648,1.2743857510973522,-0.12768158320248016,12,2.8075784914740005
2244,2015,-1.0348793851080387,0.8509157260276771,-0.11142809667837383,13,1.8857951111357156
2244,2016,-1.1978992852746355,0.7716882502087885,-0.11354905610030436,12,1.969587535483424
2244,2017,-1.3936282768822663,1.1031367628401614,-0.019063726610761316,12,2.496765039722428
2244,2018,-0.47417268713889427,1.0673141589433965,0.11026595136639122,8,1.5414868460822908
2244,2019,-1.2158063134636141,0.8875162373854057,0.07324283580610012,12,2.10332255084902
2244,2020,-1.1092286504382145,0.8967783617603228,0.009600733192577038,10,2.006007012198537
2244,2021,-1.0647649574200184,2.5298610784753115,0.1850584435010587,12,3.59462603589533
2246,2019,-1.5814770244059746,2.0628443466513815,0.5916408034273307,7,3.644321371057356
2247,2011,-1.0843881671489075,1.043459256068871,-0.1041596256390064,13,2.127847423217778
2247,2012,-0.6205563847272817,0.7140797547805081,0.1183139204318698,11,1.33463613950779
2247,2013,-1.9030640042375448,1.6489798943707517,-0.2857081381438908,12,3.5520438986082965
2247,2014,-1.4920588698000252,1.5525205249572016,-0.09464415959441211,13,3.0445793947572266
2247,2015,-0.847953936575663,2.001364574511276,0.25542575115330557,11,2.8493185110869392
2247,2016,-0.7951428301405816,0.9868568612032389,-0.1457783356530942,11,1.7819996913438205
2247,2017,-0.8859775807923254,1.1586402799640534,0.11402246369788128,12,2.0446178607563787
2247,2018,-2.205598650491519,1.9605292038582647,-0.1370239075240695,11,4.166127854349783
2247,2019,-0.7822711436551003,1.3436895358923855,0.19854805013827476,10,2.125960679547486
2247,2020,-0.9504010491620402,1.2350645702080914,0.2826182365312988,10,2.1854656193701314
2247,2021,-1.3548135431120936,1.1697170737193077,0.2511458041150884,11,2.5245306168314015
2248,2020,-0.5274992604787291,0.9892664084854453,0.2962741799076514,4,1.5167656689641744
2249,2011,-1.2128639820032592,1.2916844314358347,-0.20465877718059633,5,2.504548413439094
2249,2019,-0.8944328315017189,1.7013993582104467,0.46293715774734095,6,2.5958321897121657
2250,2011,-1.3254674933907562,1.8190708677955432,0.38409983568366984,12,3.1445383611862994
2250,2012,-1.3048381074814577,1.2699810181345148,0.2865302014039633,12,2.5748191256159725
2250,2013,-1.3852599644866437,2.957419713771262,0.5462304647647217,12,4.342679678257905
2250,2014,-1.3270155619308588,1.466771835076164,0.2719822502376645,13,2.793787397007023
2250,2015,-0.8886340499587383,2.2462008572629566,0.35276768592590463,13,3.1348349072216948
2250,2016,-1.5415084630008755,2.0078106210657176,0.14779659511230772,12,3.5493190840665934
2250,2017,-1.9590991671977074,2.622709174758605,0.3887806733040478,14,4.581808341956313
2250,2018,-1.8534544549099456,1.6312100392262507,0.243668331667309,11,3.4846644941361964
2250,2019,-1.1924530122458297,2.2946492224481227,0.38502740842820277,13,3.4871022346939524
2250,2020,-0.8236443349126993,2.5790932795496335,0.6599364762509407,12,3.4027376144623327
2250,2021,-1.9811047073768844,2.676208470144725,0.38580987790336857,14,4.657313177521609
2251,2014,-2.0633626278086785,2.4144235836104966,-0.4533631560841137,10,4.4777862114191755
2251,2015,-2.135567960179089,1.118080379033869,-0.39877892705985124,9,3.2536483392129583
2251,2016,-1.6049294407079226,0.40054471921761986,-0.7909013198060516,5,2.0054741599255426
2251,2017,-1.7246356273108174,0.9633213835353167,-0.8953045919394743,5,2.687957010846134
2251,2018,-0.9793822551628258,0.16226749221216435,-0.5387190924580076,5,1.1416497473749903
2251,2019,-1.5814770244059746,-0.27669048762084886,-0.9876318698435135,3,1.3047865367851257
2251,2020,-1.7545456443598588,0.15419317501078741,-0.9771988741060094,8,1.9087388193706463
2252,2017,-1.222213756124624,1.0442671294486474,-0.2248360172579741,7,2.266480885573271
2253,2011,-0.6029282953209838,1.5318466080669806,0.14192251336112127,4,2.1347749033879646
2253,2014,-0.8854519559808703,1.5601006316188673,0.1499765917518858,13,2.4455525875997375
2253,2015,-1.4326892248787286,1.36932735503487,0.1215697100536815,12,2.8020165799135985
2253,2016,-1.1034612448847598,1.5127123055227067,0.20965967253289733,13,2.6161735504074666
2253,2017,-1.0152928427302808,1.5676961505971654,0.10866752481687952,11,2.5829889933274464
2253,2018,-0.8660272773169747,1.7210036850472132,0.23915564129177846,13,2.587030962364188
2253,2019,-0.7798305067049895,1.842858567862215,0.2662623111154969,11,2.6226890745672042
2253,2020,-1.8340764285003024,1.1257069453491404,-0.22026556439330952,10,2.959783373849443
2253,2021,-0.382495161030874,2.14052851944835,0.4070805727502894,13,2.523023680479224
2256,2013,-1.8835372763792118,-0.14809516559213023,-1.0638128326955638,4,1.7354421107870814
2256,2014,-1.7263902417289985,1.7846446196818646,-0.08364920153098841,11,3.511034861410863
2256,2015,-1.5813751111922665,2.7875118483205177,0.20444981522443312,8,4.368886959512784
2256,2016,-0.10748968929153342,1.5396940372664942,0.7826141822522885,6,1.6471837265580276
2256,2017,-1.6422565457289369,1.504379790429688,-0.4358644638156201,9,3.146636336158625
2256,2018,-2.205598650491519,1.9144884378128895,-0.018527133936180176,9,4.120087088304409
2256,2019,-2.208778244014208,1.2413784638310759,-0.6769340990215111,9,3.450156707845284
2256,2020,-1.187888807359198,2.018195928302434,0.15916849374805161,12,3.2060847356616318
2256,2021,-1.623019551145614,1.4598778072004917,-0.5727939262435104,14,3.0828973583461057
2257,2011,-1.7195797832469957,2.0330546288624154,-0.17780924145949142,3,3.752634412109411
2257,2012,-0.5544892174229715,0.5276109016067136,-0.01343915790812894,2,1.0821001190296853
2257,2013,-1.3310936007205443,1.4633718738478,-0.17936456214166935,4,2.7944654745683444
2257,2014,-1.2082499061441137,-0.07522554993856484,-0.7847299165504574,5,1.1330243562055489
2257,2015,-0.9828468342864981,1.7941631508183795,0.44458059014668877,5,2.7770099851048777
2257,2021,-0.33237709942308297,5.352890514210714,1.3460058322703798,12,5.685267613633798
2258,2014,-2.0633626278086785,-0.25596528429039345,-0.774931422107632,5,1.807397343518285
2261,2011,-1.4997483049854752,1.342044626908349,-0.1809236601735586,10,2.841792931893824
2261,2012,-2.3272915400886256,1.394518187852645,-0.5273691221839201,14,3.7218097279412703
2261,2013,-0.84305378961112,0.7848914923820123,-0.09597913578343298,12,1.6279452819931324
2261,2014,-1.6617187736935042,1.1621661772374148,-0.0005424512005427802,14,2.823884950930919
2261,2015,-1.3902741287830174,1.2342821054343316,-0.11524753664557914,15,2.6245562342173487
2261,2016,-1.7363422773982005,1.272268914601779,-0.2869739526369926,13,3.0086111919999796
2261,2017,-1.7290045131472187,1.2238470777183892,-0.16600672470478525,12,2.952851590865608
2261,2018,-1.0611300148514056,1.5930632039735388,0.18002666129842818,14,2.654193218824944
2261,2019,-1.5516055377579634,2.4130787418679445,-0.04537800579397221,14,3.964684279625908
2261,2020,-1.3252363786543722,2.4566770296627607,0.017020356160828032,12,3.781913408317133
2261,2021,-1.487059358936304,2.171542978242488,-0.2037997387889343,12,3.6586023371787917
2262,2013,-1.3700277264336314,3.2575712154647145,0.43783411091055857,3,4.627598941898346
2264,2012,-1.6543502502604386,1.9253235553533898,0.2826925596963916,4,3.5796738056138286
2264,2019,-1.6779849043457027,1.7721718034995806,0.05222629639714476,9,3.4501567078452835
2265,2013,-2.3044467435477203,1.0898103699008936,-0.9093477108929189,5,3.3942571134486137
2265,2014,-1.6358062669763962,1.7599779065569245,0.09641921778849072,4,3.395784173533321
2267,2014,-1.4220280865602548,1.4868821541022388,0.4835244442324329,4,2.9089102406624936
2267,2015,-1.4494244328620707,3.6745183598440505,0.7370760977917605,5,5.123942792706121
2267,2016,-1.1292721079050696,2.613944293717382,0.5308347689451779,7,3.7432164016224516
2267,2017,-1.2557085475370369,1.7545007710107792,-0.3365160381277798,6,3.0102093185478163
2267,2018,-1.6333643326714622,0.5411260750447536,-0.366326797988601,5,2.174490407716216
2267,2019,-2.208778244014208,2.2074223420277552,0.2946557285306467,7,4.416200586041963
2267,2021,-1.608403830483113,2.3896601216500684,0.6416365391884493,5,3.9980639521331813
2269,2011,-1.7195797832469957,1.275673619660425,-0.6335122398170738,4,2.9952534029074207
2269,2014,-1.572464583890132,1.3027953876327838,-0.37214952374382704,8,2.875259971522916
2269,2016,-1.6577802554637953,0.8614419145661297,-0.2580893442911248,5,2.519222170029925
2269,2020,-1.701525121599563,-0.2275545888633415,-0.9719934649528272,3,1.4739705327362216
2269,2021,-1.9811047073768844,0.2018575715723469,-0.7047521011890886,6,2.182962278949231
2271,2011,-0.38945080498218726,4.093576492132538,1.2329781215926656,3,4.483027297114726
2271,2012,0.49906187718976003,2.2909329979479525,1.256126615495265,3,1.7918711207581923
2271,2016,-0.5648254063123508,0.2523991921413129,-0.12883482294892998,3,0.8172245984536637
2271,2017,-1.4650509938646172,2.3393990640619453,0.6247327473703892,7,3.8044500579265623
2271,2018,-1.1882931965891959,1.3385622856843165,0.2779418358464161,6,2.526855482273512
2272,2011,-1.547318782382679,2.2626468510672777,-0.1508777185687021,13,3.8099656334499565
2272,2012,-1.105722706863216,2.5737650924371747,0.09380491935547547,11,3.6794877993003907
2272,2013,-1.4282222582850397,2.649826514549109,0.1425245954313355,15,4.078048772834149
2272,2014,-0.9861985763310628,2.2247761675974496,0.14491304625652832,12,3.2109747439285123
2272,2015,-1.4234945902599738,3.2678123174424307,0.308648119068974,13,4.691306907702405
2272,2016,-1.4319631378705215,2.3753099915331397,0.1881827762052617,13,3.8072731294036615
2272,2017,-2.1935627070845976,1.392676998392312,-0.34372011823661697,12,3.5862397054769097
2272,2018,-0.9280522665211597,1.5549955153512667,0.14832939768436107,13,2.4830477818724264
2272,2019,-1.4233767170250375,1.6690306932284873,-0.029731603032665293,13,3.092407410253525
2272,2020,-1.0055822423227676,1.0156192455106041,0.029093475704409275,11,2.0212014878333715
2272,2021,-1.8820323223798059,2.264444412021726,-0.18063964745288333,12,4.146476734401532
2273,2014,-1.2349721786961312,2.670297081405878,0.0762515607563011,5,3.9052692601020094
2273,2015,-1.1531351824297218,3.977347101372529,1.1762441219561786,4,5.130482283802251
2274,2013,-2.3044467435477203,-0.8886603539809188,-1.5330246723093992,3,1.4157863895668015
2274,2017,0.3967011621419985,0.5262143556033286,0.4614577588726636,2,0.1295131934613301
2274,2020,-1.5500379137130038,1.6539165330877235,-0.37818537759167875,4,3.2039544468007275
2275,2011,-1.8304238647690632,2.3119222494553644,-0.28069441570395526,11,4.142346114224427
2275,2012,-0.8443283273191023,2.18631437348521,0.058869787459888134,10,3.0306427008043126
2275,2013,-1.361831068388771,0.7894257461529463,-0.2887798758028771,14,2.1512568145417172
2275,2014,-1.6735318282263032,1.5359457912209638,-0.10553334000983798,9,3.209477619447267
2275,2015,-1.1571781156714889,1.4569056844296076,0.376511573419639,10,2.6140838001010964
2275,2016,-0.818039532120487,1.0612986502052049,0.21089761519518113,9,1.8793381823256918
2275,2017,-0.9674337034138112,2.1640911502606985,0.10533259532570446,10,3.1315248536745095
2275,2018,-0.7530038437175287,2.2217650723519604,0.19361484524987244,10,2.9747689160694892
2275,2019,-1.0889905405907385,2.7431499301528306,0.3184418450459131,12,3.8321404707435693
2275,2020,-1.8167871276002059,1.256836065538389,-0.17257006732406302,12,3.073623193138595
2275,2021,-1.3919968697060847,1.5212385796949557,-0.09093704541283075,11,2.91323544940104
2277,2011,-1.2860562644051323,2.416395463655321,0.002008090380247518,13,3.702451728060453
2277,2012,-2.3272915400886256,1.691461519036509,0.14236046723345386,13,4.018753059125134
2277,2013,-1.7008168875308671,1.4782316818193255,-0.19317961968560318,14,3.1790485693501926
2277,2014,-0.8537517195899685,1.3072538750704548,0.08684638305350537,13,2.1610055946604234
2277,2015,-1.5813751111922665,1.255459916109535,0.2588722915091149,15,2.8368350273018015
2277,2016,-0.6415115350817879,1.9818199707914617,0.3002448108722125,15,2.6233315058732494
2277,2017,-0.6473337647401499,1.3231122612782011,0.3308615214276064,13,1.970446026018351
2277,2018,-1.0171119904037087,2.189160910366517,0.3618307284597112,13,3.2062729007702258
2277,2019,-0.34230002501593954,2.4353019022407514,0.546989704736091,11,2.7776019272566908
2277,2020,-0.8001762346745355,1.8605501237205126,0.4164113035894819,13,2.6607263583950482
2277,2021,-0.6885463470857205,1.511240546479564,0.16115960817211028,12,2.1997868935652845
2281,2011,0.5437507956416944,2.2376293312278994,1.4992848751262908,4,1.693878535586205
2281,2012,-2.3272915400886256,0.7448317395617938,-0.5510227302495971,4,3.0721232796504196
2281,2013,-2.3044467435477203,2.56231897058816,0.04457884114186461,3,4.86676571413588
2281,2014,-1.6215543882819867,2.2586744979959166,-0.13141474798405128,12,3.8802288862779033
2281,2015,-1.784128592528909,3.121775012641849,0.36111922044350514,14,4.905903605170758
2281,2017,-2.1935627070845976,2.0156160804086216,-0.1479672507661919,9,4.209178787493219
2281,2019,-1.281870471757266,2.251180427102866,-0.05349057899635013,11,3.5330508988601323
2281,2020,-0.8463553996593093,2.42082052301343,0.6025156350530211,5,3.267175922672739
2287,2011,-1.5422292528116879,1.1083769741704295,-0.1739558233235576,12,2.6506062269821173
2287,2012,-1.0307991468416597,1.436243898767116,0.035550910262678065,12,2.4670430456087757
2287,2013,-1.4468668820259794,2.461485346912618,0.31926426579771094,12,3.9083522289385972
2287,2014,-0.7671037343318317,1.1804888924188566,0.013801925646318809,11,1.9475926267506882
2287,2015,-1.1418428516509935,1.3685315114119785,0.08954329202529025,12,2.5103743630629722
2287,2016,-1.146284172740651,1.2769197863002961,-0.191048981876565,11,2.423203959040947
2287,2017,-1.3652042108344677,1.2986196615863532,-0.23321720233411122,12,2.6638238724208207
2287,2018,-0.9570874116113951,1.8684539452061364,-0.09437659646603365,12,2.8255413568175314
2287,2019,-1.4837453126554165,1.803031881387285,-0.0558766959021411,10,3.2867771940427017
2287,2020,-1.3289484751758633,1.2389381034058229,-0.14526958025296147,12,2.5678865785816862
2287,2021,-1.109164436944518,1.414845740744573,0.19974930951980133,13,2.5240101776890906
2288,2011,-2.0972707276925586,0.37906816023747975,-0.8675033924382001,5,2.4763388879300385
2288,2015,-2.135567960179089,0.9520779127474935,-0.4389874691839429,6,3.0876458729265828
2288,2019,-1.8801918908860857,2.3914306997795034,0.18006752129389314,5,4.271622590665589
2288,2020,-1.6093155167990487,2.625328253660285,0.12835503875183796,4,4.234643770459334
2292,2018,-0.3328317921713333,1.0904710201520078,0.359611748776797,4,1.423302812323341
2294,2011,-0.9067231854185017,1.1521435620098328,0.00636671715459168,11,2.0588667474283344
2294,2012,-1.4549602384594944,1.3346171973257497,0.12881622933302714,13,2.789577435785244
2294,2013,-1.1632740933365486,1.4286697932606256,0.05652700158329633,14,2.591943886597174
2294,2014,-1.6010051678388846,1.6589936530581344,0.11517519494480083,15,3.259998820897019
2294,2015,-1.5351923737766981,1.6215487936063417,0.0785880457832824,13,3.15674116738304
2294,2016,-0.4464657612293538,1.946645310886713,0.2648433260897462,13,2.3931110721160667
2294,2017,-0.8984307724712995,2.3489220929929258,0.34828184140164425,12,3.2473528654642254
2294,2018,-1.7416248792860674,1.6359743922165546,-0.07943636190184007,14,3.377599271502622
2294,2019,-0.8223411373973964,1.6004856837517307,0.2438007084883614,13,2.422826821149127
2294,2020,-1.287848515447805,3.1131235597314286,0.24563366197481046,13,4.400972075179234
2294,2021,-1.2874376362176558,3.357118621670823,0.5248464950326264,13,4.644556257888479
2295,2014,-2.0633626278086785,0.20381123292039866,-0.6957654428859512,12,2.267173860729077
2295,2015,-0.9828468342864981,2.667436731040039,0.6181547294532113,3,3.650283565326537
2296,2011,-1.8673718919430855,2.4316947635457047,-0.3016824419704418,15,4.29906665548879
2296,2012,-1.7139335936306428,1.4766449555400458,-0.45636341601445773,13,3.190578549170689
2296,2013,-2.3044467435477203,3.113494846646922,-0.17042431481888917,15,5.417941590194642
2296,2014,-1.7235101358650695,1.014469269028276,-0.2788235342980811,11,2.7379794048933457
2296,2015,-1.6387054059150412,1.4402372945170907,-0.2960889462674363,17,3.078942700432132
2296,2016,-2.2391392177783933,0.7330922769946588,-0.4536957969831219,13,2.972231494773052
2296,2017,-1.689900288068315,0.6641740616817013,-0.47250125523160236,14,2.3540743497500163
2296,2018,-2.205598650491519,1.3524840072387785,-0.36418475542145845,16,3.5580826577302975
2296,2019,-1.4087419059631274,0.9038009418362636,-0.4578409897019847,14,2.3125428477993912
2296,2020,-1.6166094406162768,2.083748776807456,-0.1208594851739458,13,3.700358217423733
2296,2021,-1.3515847388420272,2.585132609531417,-0.350403588966131,13,3.9367173483734446
2299,2011,-2.310748218031355,-0.11497974597516339,-0.8958941783757929,4,2.1957684720561916
2299,2012,-1.9859445090163572,-0.36454611142307997,-1.1752453102197187,2,1.6213983975932773
2299,2015,-1.1531351824297218,1.3596879289754253,0.07014407904055173,8,2.5128231114051474
2299,2016,-1.9985768885447666,2.295460688275472,0.03750446051299912,13,4.294037576820239
2299,2017,-1.853590574248607,1.4579898307834516,-0.14434033439668975,13,3.3115804050320587
2299,2018,-0.5706434567199283,1.033463525848425,0.36729106735264916,8,1.6041069825683534
2299,2019,0.44518845432831816,1.9806977583693506,1.2129431063488343,2,1.5355093040410324
2299,2020,-0.05327843579036952,0.27348935122145274,0.12480136348062355,3,0.32676778701182224
2301,2016,-2.2391392177783933,1.8832243331796663,-0.4227554469103557,4,4.12236355095806
2301,2017,-0.8714488571668557,2.0156160804086216,-0.14500150473941625,10,2.8870649375754773
2304,2011,-2.310748218031355,1.6416350316697899,-0.4638236080679616,4,3.952383249701145
2305,2011,-1.612094613286203,2.3603614776346515,0.4783525485998757,14,3.9724560909208546
2305,2012,-1.2163035615986941,2.040874903143816,0.3261062896339709,11,3.25717846474251
2305,2013,-2.3044467435477203,1.5464684613235251,-0.09061482774243522,15,3.8509152048712454
2305,2014,-1.8562650155305418,1.3829725507292365,0.2518788519694629,13,3.2392375662597783
2305,2015,-0.8013999903959977,1.3193541259892718,0.2347770516930486,12,2.1207541163852697
2305,2016,-1.5415084630008755,1.6493939458075972,0.1947865590434508,15,3.1909024088084728
2305,2017,-0.5936938466799352,1.7388338524469082,0.3534854937917354,11,2.3325276991268433
2305,2018,-1.3472471737614338,1.5760064403853655,0.39512268306406945,11,2.923253614146799
2305,2019,-0.7942139937976417,2.328927860869263,0.3376975097472966,11,3.1231418546669047
2305,2020,-0.6775966774672464,1.4873023074508878,0.3289177959621492,12,2.164898984918134
2305,2021,-1.8879294881534414,1.9869321735639849,0.1440309096739116,12,3.8748616617174263
2306,2011,-1.1895667037851563,2.4431339186041354,0.32405866891262924,14,3.632700622389292
2306,2012,-1.1042742880558234,1.4570987242139748,0.23479883028485918,13,2.561373012269798
2306,2013,-1.6687875482320138,1.3329515083837251,0.009966021772053003,13,3.001739056615739
2306,2014,-1.6358062669763962,1.445114568432699,-0.16048468158937193,13,3.080920835409095
2306,2015,-1.9138908205843599,1.0961935606783917,-0.11759529985155626,12,3.0100843812627516
2306,2016,-1.070858049490684,0.9578773119894439,-0.018759561265547176,10,2.028735361480128
2306,2017,-0.975329231088964,0.834760492967085,0.05281709176494794,14,1.810089724056049
2306,2018,-2.205598650491519,1.173912611537182,-0.31573346120308543,15,3.379511262028701
2306,2019,-1.5187469024451512,0.7200013003590553,-0.378181584849607,13,2.2387482028042065
2306,2020,-0.9869006843955771,2.1424627785218777,0.1936327602931172,17,3.1293634629174547
2306,2021,-1.33470162401425,1.2529770953464852,-0.042960431750739034,13,2.587678719360735
2309,2011,-1.1353662712248054,1.3219035132635948,0.036047906924290635,11,2.4572697844884
2309,2012,-1.699213002915651,1.2724670971660563,0.13142235100918206,12,2.9716801000817075
2309,2013,-1.0795529008888023,1.544761143545252,0.04519272607965511,12,2.6243140444340542
2309,2014,-0.5040394294791776,0.7098925553675265,0.09118226390115762,12,1.213931984846704
2309,2015,-1.312907987115605,1.856685066049616,-0.04745773677126468,11,3.169593053165221
2309,2016,-1.5385895058679153,1.568761985382224,0.1075273867825178,11,3.107351491250139
2309,2017,-0.7539412976813793,1.76553305978636,0.13091484509788762,12,2.5194743574677396
2309,2018,-1.7374069359114725,1.1718457028165052,-0.10621447437453295,12,2.9092526387279776
2309,2019,-0.7327112003099647,1.9228908999486627,0.22437235919320256,11,2.655602100258627
2309,2020,-1.2852482900104643,1.291483388219131,0.07990200831936368,12,2.5767316782295953
2309,2021,-0.7978698846170477,2.1630716050855665,0.35348152180150455,11,2.960941489702614
2310,2014,-1.5111023284003138,4.89511714473672,0.4808786799130127,6,6.406219473137034
2310,2016,-1.0764212931491972,1.5661194446444304,0.679767238842818,6,2.6425407377936274
2310,2018,-1.7764229121264763,2.4461125782392648,-0.09581789412735633,5,4.2225354903657415
2312,2011,-1.2627678109136273,3.6009361298122387,1.2560527344682577,4,4.863703940725866
2312,2015,-0.569370778259808,3.201103918953276,0.9205270249527573,4,3.770474697213084
2316,2018,-2.205598650491519,2.869870951042897,0.057411979534116565,5,5.075469601534416
2316,2019,-1.346239067052887,1.3526738415035042,0.17367841107417187,4,2.698912908556391
2316,2020,-1.3641217949431355,-0.3644858519921055,-0.6826718587389711,5,0.99963594295103
2318,2012,-1.7233698697299962,3.4976303772413813,0.2703369809758249,4,5.221000246971378
2318,2013,-1.6555446483296032,0.9806201134939988,-0.37850146242787663,4,2.636164761823602
2318,2016,-1.0764212931491972,2.4117324807383915,0.4443800502969616,4,3.4881537738875887
2318,2018,-0.7750128559413769,-0.02070398245130225,-0.3978584191963396,2,0.7543088734900747
2318,2019,-2.208778244014208,1.2413784638310759,-0.7680183595343719,4,3.450156707845284
2320,2011,-1.4114175140508936,2.888056546689923,0.4884394682368606,15,4.299474060740817
2320,2012,-1.3032504468718193,1.9477568449679568,-0.005365982581413946,12,3.251007291839776
2320,2013,-1.5546043224067847,0.8154977053358171,-0.22291906519702331,13,2.3701020277426017
2320,2014,-1.2018365607316293,0.7209828241724879,-0.17657443864446334,12,1.922819384904117
2320,2015,-1.5224184251298385,1.5623976082414353,-0.08231209311457925,14,3.0848160333712737
2320,2016,-1.5004713597786685,1.467618198614412,0.1703482361151399,14,2.96808955839308
2320,2017,-0.2579549434928255,1.1793891619968855,0.394419846786118,13,1.437344105489711
2320,2018,-0.9633613374349133,1.270482358096758,0.11896261411156363,11,2.233843695531671
2320,2019,-1.0722560343710557,1.4847505137620707,0.26953681356715686,13,2.5570065481331263
2320,2020,-1.4089980994737934,1.2252932517409552,-0.06106678489889839,11,2.6342913512147486
2320,2021,-1.5931915497935714,0.9336072785872236,-0.22037565436378118,11,2.526798828380795
2322,2011,-2.310748218031355,0.3241739484360751,-0.5652696855045359,5,2.63492216646743
2322,2017,-0.8336741757406345,1.3158270512224037,0.2616988707635447,4,2.1495012269630385
2322,2021,-1.7326374561143703,2.3896601216500684,-0.019686066984926292,6,4.122297577764439
2324,2012,0.37148342432649967,1.1921140561392494,0.808589087319545,3,0.8206306318127496
2324,2015,0.3582998602616123,7.870691813194096,2.7375785128360484,5,7.512391952932484
2325,2011,-0.8154398241650344,1.835321839049163,0.5367822804870588,9,2.6507616632141975
2325,2012,-1.1872149874644142,1.5748333002345427,0.1021180822637791,10,2.762048287698957
2325,2013,-1.8020709278949845,2.367648342022725,0.2688958570118936,11,4.169719269917709
2325,2014,-0.8327413278890758,1.410396812744701,-0.04823601170926933,10,2.2431381406337767
2325,2015,-1.3124860561126235,1.7469367807304914,-0.12469237846753933,10,3.059422836843115
2325,2016,-1.2542487404454272,1.3146037723703292,-0.2413869773809,10,2.5688525128157567
2325,2017,-0.7128817847043513,1.468782596905229,0.08277596625460984,11,2.1816643816095804
2325,2018,-1.8934708407714878,1.845170463666864,0.06226999975353795,11,3.7386413044383517
2325,2019,-0.6315637489992211,1.0179870223159133,0.013935144450568334,12,1.6495507713151345
2325,2020,-0.778486020818051,1.1833327233070206,0.15297045894690653,10,1.9618187441250714
2325,2021,-1.5346827779107188,0.5970103085199595,-0.09336904909946597,12,2.1316930864306785
2326,2013,-1.2304018962901468,0.476562235958497,-0.2407462870313826,3,1.7069641322486437
2326,2014,0.30346722679859983,1.5050885375992178,0.9053242260780455,3,1.201621310800618
2326,2017,-1.513618441412616,3.4726395068485822,0.49231832754400495,10,4.986257948261198
2326,2018,-1.1957733837502422,2.9445102098889917,0.7546540472135382,7,4.140283593639234
2326,2020,-1.1580647633065317,3.255893756488088,0.05242353570957764,8,4.41395851979462
2326,2021,-2.3538055842706553,1.5063106407005464,-0.34395414425293847,14,3.8601162249712018
2327,2012,-1.4785367601251465,3.197473370229207,0.473953831585578,5,4.676010130354353
2327,2013,-0.8624420875074597,0.5271260355858828,-0.25697492041370645,3,1.3895681230933423
2327,2014,-2.0633626278086785,1.9357636782518952,-0.029149557879141197,10,3.9991263060605737
2327,2016,-1.5415084630008755,2.295460688275472,0.7213463165510877,5,3.8369691512763477
2327,2017,-1.5754315564737054,4.344362924376764,0.705464841891591,5,5.919794480850469
2327,2018,-1.3099275443383867,1.3770857741210103,-0.07191103761116813,3,2.687013318459397
2327,2019,-1.633752126039994,0.17064017518943617,-0.7239406870063302,3,1.8043923012294303
2329,2011,-1.1929024504391121,2.547210133543945,-0.01654883532378441,13,3.7401125839830573
2329,2012,-2.3272915400886256,2.883840427722081,-0.07735213397522071,14,5.211131967810706
2329,2013,-0.9704488107487222,3.7031307186329148,0.3116162055410174,12,4.673579529381637
2329,2014,-0.6719025139968552,1.2109389577830967,-0.05495572604050558,11,1.882841471779952
2329,2015,-0.7551239545210038,2.9499664187588124,0.46068974829072995,15,3.705090373279816
2329,2016,-0.7175577361648773,1.9111178187452655,0.00953943312178249,9,2.628675554910143
2329,2017,-0.8925046280117545,2.1894936155590736,0.08988392683636845,10,3.081998243570828
2329,2018,-0.8322362877233827,1.2105539604141464,0.0809546969732597,11,2.0427902481375293
2329,2019,-0.6577903661755024,1.0942502460125136,0.24250302416667882,11,1.7520406121880159
2329,2020,-2.0382770904825223,0.9019512708346304,-0.09113564857525117,11,2.9402283613171525
2329,2021,-0.7287591068191414,1.3937943933352208,0.05452697928924738,10,2.1225535001543623
2330,2019,-1.7328945601734793,2.8096315128516594,-0.35458167661961765,5,4.5425260730251384
2331,2013,-1.2521730756264489,0.8810726329775833,-0.1325948906335897,4,2.133245708604032
2331,2019,-1.3087373637067425,0.2753345856343962,-0.7413687363967318,5,1.5840719493411388
2332,2018,-2.205598650491519,0.9636991097426417,-0.4595503473995509,4,3.1692977602341608
2332,2021,-2.3538055842706553,1.6689975314081442,-0.2752167994655115,8,4.0228031156788
2333,2012,-0.4430559285697019,2.3342288529920454,0.9455864622111718,2,2.777284781561747
2333,2013,-0.8886603539809188,1.3456275420541899,0.22848359403663554,2,2.2342878960351085
2333,2015,-1.0439759849020143,2.5750712562089024,-0.10808581005457071,5,3.6190472411109167
2333,2017,-1.513618441412616,-0.2897187632030492,-0.9016686023078325,2,1.2238996782095668
2333,2019,-1.346239067052887,2.3914306997795034,-0.31940671352750505,5,3.7376697668323904
2334,2013,-0.8624420875074597,-0.3577404578933683,-0.610091272700414,2,0.5047016296140914
2335,2011,-2.310748218031355,0.9466017046932861,-0.32703778416572227,12,3.257349922724641
2335,2012,-1.5675191160890596,1.1350007536241367,-0.16602553658719937,14,2.7025198697131962
2335,2013,-1.5686837379460756,1.3957266008761766,-0.1292214107137325,13,2.964410338822252
2335,2014,-0.9036159990511122,1.970538689608944,0.24158450458197503,13,2.8741546886600564
2335,2015,-0.9117886826903795,0.6966706783776452,0.03943645217381099,13,1.6084593610680247
2335,2016,-1.7025001756418412,0.9605206349605976,-0.2923256255046724,12,2.663020810602439
2335,2017,-1.16723174003255,0.939037659761317,-0.0601936747084595,14,2.106269399793867
2335,2018,-1.4208201574811554,1.4134951686800803,0.0832710835846892,12,2.834315326161236
2335,2019,-0.48369989009156605,1.3665542174036935,0.2743399761701601,11,1.8502541074952596
2335,2020,-1.464826359276814,2.3861861492748493,0.1467228149684005,14,3.8510125085516633
2335,2021,-1.7947542689299987,1.4753130139530215,0.11922865419049264,16,3.27006728288302
2336,2014,-1.6063196214017559,2.2247761675974496,0.339448148210644,5,3.8310957889992054
2336,2015,-1.6552674910571763,2.4006031370834213,0.6794403807103444,5,4.055870628140598
2336,2017,-1.5754315564737054,0.7981920618721211,-0.24488953737541178,5,2.3736236183458264
2336,2018,-2.205598650491519,1.3770857741210103,-0.4448327966366888,5,3.5826844246125296
2336,2021,-1.9065645319981301,2.568658827533869,-0.16765630898626505,9,4.4752233595319995
2339,2018,-0.70348356621387,0.8844666657367877,0.052495891233679336,5,1.5879502319506575
2339,2019,-1.0190690344123858,1.5982912267116223,0.6317964103467875,5,2.6173602611240083
2339,2021,-1.5479658504462852,2.089935640232001,0.4978378988991348,7,3.637901490678286
2344,2011,-1.075628452499747,1.9731983847210568,0.20766155643471798,11,3.048826837220804
2344,2012,-1.7102767169850939,2.145163446178646,0.2421732092008985,11,3.85544016316374
2344,2013,-1.701426614658157,1.2639384905469357,0.008693645065604874,13,2.965365105205093
2344,2014,-1.3772210436952554,1.6787051857540236,0.10101631859934679,10,3.055926229449279
2344,2015,-1.6006625653333393,1.314841687952321,0.13681469696745144,12,2.9155042532856603
2344,2016,-1.8672678133127656,1.3838752558310767,0.1829839315015516,11,3.2511430691438425
2344,2017,-1.891365255674828,1.173279304753454,-0.5051642264277402,11,3.064644560428282
2344,2018,-1.4318733756925688,1.4683643581875716,-0.30492414243068805,12,2.9002377338801404
2344,2019,-1.05872600806578,2.1674300267444178,0.15644789459988942,12,3.226156034810198
2344,2020,-1.4966079660665281,0.970158362945209,-0.005118587568822039,12,2.466766329011737
2344,2021,-1.8337578490700444,1.0865102024410787,-0.19948176802064937,14,2.920268051511123
2345,2015,-0.6946665528133503,2.667436731040039,0.5548804982915786,6,3.3621032838533895
2345,2016,-1.7580145593111396,2.685313168886438,-0.04321155797009316,6,4.443327728197578
2345,2017,-0.8336741757406345,1.20615862127531,0.15224500948373867,5,2.0398327970159444
2345,2018,-1.3099275443383867,2.476318495308945,0.5696066067838448,5,3.786246039647332
2345,2020,-1.5810239335079816,2.241876258697432,0.017679100467379437,5,3.8229001922054135
2347,2011,-1.3885254597677545,0.5071546544407576,-0.32530585894928055,5,1.895680114208512
2347,2012,-2.3272915400886256,2.5040818227804102,-0.22721275495581236,5,4.831373362869035
2347,2013,-0.5524110864588034,1.093440591412603,0.11631104113499538,5,1.6458516778714065
2347,2014,-2.0633626278086785,1.8967478118513041,0.1078357486152275,11,3.9601104396599824
2347,2015,-1.7753426083376544,2.175325594644637,-0.1866127019618464,11,3.9506682029822917
2347,2016,-2.2391392177783933,1.0084522268755685,-0.23605141508162109,12,3.2475914446539615
2347,2017,-2.1935627070845976,1.7545007710107792,0.043338836671532335,13,3.948063478095377
2347,2018,-1.5189174691074507,1.3259045680551167,-0.5307364153525257,12,2.8448220371625674
2347,2019,-2.208778244014208,1.5413920906002307,0.0011854269413950254,12,3.750170334614439
2347,2020,-1.5606893580175274,1.0095242497287658,-0.4359163500575544,10,2.570213607746293
2348,2011,-1.1469909278415733,1.243964910997724,-0.07093049364115314,13,2.3909558388392975
2348,2012,-1.345918825755853,1.5981993172424658,0.08320194656738135,13,2.9441181429983185
2348,2013,-0.4008182576812938,2.1788768234138183,0.5953428094378024,13,2.579695081095112
2348,2014,-0.8361175180123122,1.6315217563282394,0.47280415437707063,11,2.4676392743405513
2348,2015,-1.0510185137747696,1.3420174036817556,0.1693390969630102,12,2.393035917456525
2348,2016,-0.949116410890526,1.6704624413861018,0.16001684854750026,13,2.6195788522766277
2348,2017,-2.0046892999534913,1.6055528174436657,-0.0749707517795103,12,3.6102421173971573
2348,2018,-0.6132944617748393,1.9741998448897655,0.2828897463268257,13,2.587494306664605
2348,2019,-1.071794783474285,1.2270624608939584,0.16653846342580725,10,2.2988572443682433
2348,2020,-1.4003745603123308,1.537879231372737,0.13126958962183008,14,2.9382537916850677
2348,2021,-1.0817483648884063,1.6291790616545365,0.2753806639370176,14,2.710927426542943
2349,2014,-1.2882604532004471,1.2200758795828732,-0.17240693569090215,11,2.5083363327833204
2349,2015,-0.8235650812677935,1.0687028748976952,-0.0382105397131021,11,1.8922679561654887
2349,2016,-1.6577802554637953,1.0994645101835396,0.23166145010151226,12,2.757244765647335
2349,2017,-0.7858655945605734,1.4781363275441028,0.21357162896870285,11,2.264001922104676
2349,2018,-0.48889569703134866,1.792442957158316,0.19468552920459772,11,2.2813386541896645
2349,2019,-0.9981969430158628,1.5943438044493492,0.19013325054793448,11,2.592540747465212
2349,2020,-2.09667807424705,1.874534696640031,0.07740121152082563,11,3.971212770887081
2349,2021,-0.8073750801442616,2.3277551858468617,0.1448640202049907,11,3.1351302659911235
2350,2011,-1.573812223985099,2.6846250558964817,0.22193666473354515,13,4.258437279881581
2350,2012,-1.7731045955242364,1.361009537343306,-0.46240652533652793,11,3.134114132867542
2350,2013,-1.9754259628737454,2.56231897058816,0.07071485589508596,12,4.537744933461905
2350,2014,-2.0200480945217483,0.9535564935307321,-0.20363048735715505,13,2.9736045880524804
2350,2015,-1.9104271152781924,1.0423363217728345,-0.10568092292585123,12,2.952763437051027
2350,2016,-1.195528982989261,0.9891129023685516,-0.11421106690172922,12,2.184641885357813
2350,2017,-0.9936610617811007,1.81499760426264,-0.04701584771049503,12,2.8086586660437405
2350,2018,-1.0516715963750407,1.78096709698821,0.10702080156891065,12,2.8326386933632506
2350,2019,-1.093576075821793,1.4142464408421132,-0.1876313580067062,11,2.5078225166639063
2350,2020,-0.8964887439088342,1.2148684679927277,-0.006819762645857918,11,2.111357211901562
2350,2021,-2.3538055842706553,1.5606433917598301,0.0886415076858283,14,3.9144489760304855
2351,2011,-1.5422292528116879,1.56750874102381,-0.0332654713014073,13,3.109737993835498
2351,2012,-0.8773354576510154,1.4732500061337837,0.1778478540194495,13,2.350585463784799
2351,2013,-1.4173400817305473,1.9006833177715707,-0.15045578134902618,12,3.3180233995021178
2351,2014,-1.4381622888558125,1.3628660475094776,-0.06791566556346099,13,2.80102833636529
2351,2015,-1.3850984771761,2.44740379361508,-0.272426321544518,13,3.8325022707911796
2351,2016,-0.7789818240580073,1.989545005909635,0.0046364142032092786,12,2.768526829967642
2351,2017,-0.9388027155702178,0.8552196454446097,0.042615082651506736,12,1.7940223610148274
2351,2018,-1.0121687897972829,1.2866656434045989,0.018973603748632762,11,2.2988344332018817
2351,2019,-1.340814292355017,0.9914503759188862,-0.11217222392229018,13,2.332264668273903
2351,2020,-0.9000521031299764,0.9847361739457998,-0.17821657705861152,12,1.8847882770757762
2351,2021,-1.2514508779651352,1.401726210959947,-0.04137622207980096,10,2.6531770889250823
2352,2011,-1.6703157470149659,2.2034749301070913,-0.07204614405417316,13,3.873790677122057
2352,2012,-2.3272915400886256,1.3783718292319245,-0.1724011555449133,11,3.70566336932055
2352,2013,-1.8177701721341324,1.3315770468962242,-0.2602227818515037,13,3.1493472190303566
2352,2014,-1.4669215044476445,1.9966608920176532,-0.320492409349166,13,3.4635823964652976
2352,2015,-2.135567960179089,0.5055461665507122,-0.5270917463607325,13,2.6411141267298013
2352,2016,-1.3471912208025716,1.0944149428621,-0.23406704556536798,12,2.4416061636646713
2352,2017,-1.643131634873946,1.0461717352348434,-0.3904957362815132,13,2.6893033701087896
2352,2018,-1.153789401106732,1.1723701319898496,-0.28899514981958124,14,2.3261595330965816
2352,2019,-1.4899955965464404,2.2141670092761743,0.014479635224544332,12,3.7041626058226145
2352,2020,-2.23173034920252,2.2840153789909037,-0.04079536503776938,13,4.515745728193424
2352,2021,-1.092926995774315,2.16871598072603,0.04096822610243405,12,3.2616429765003447
2353,2011,-2.310748218031355,3.6178266565203634,0.8489449054472467,5,5.928574874551718
2353,2013,-1.705460194115612,1.0811294054163703,-0.3633035093005336,5,2.7865895995319825
2353,2016,-1.3935261816844324,1.9964760790851068,0.23108055013357753,8,3.3900022607695393
2353,2017,-1.5459967397779486,1.6617913766225139,-0.05998791113240662,9,3.2077881164004625
2353,2018,0.8663961083319437,1.8337024164735878,1.3253569693035427,4,0.9673063081416441
2353,2021,-1.5551608480697172,2.1186049384545984,0.500444157589946,6,3.6737657865243154
2355,2012,-1.699213002915651,1.7552189515357095,-0.6091343879183249,4,3.45443195445136
2355,2018,-1.0611300148514056,2.57131391565852,0.7745810902133708,6,3.6324439305099254
2358,2011,-2.310748218031355,1.378142815023047,-0.39020425494808886,4,3.688891033054402
2358,2012,-0.6297819801616672,1.7640651281156103,0.49783884161073055,4,2.3938471082772774
2358,2014,-1.6358062669763962,1.066112402172056,-0.20270266657726776,5,2.7019186691484522
2358,2015,-1.5592073972327933,4.149214774075729,-0.2103929101206531,8,5.708422171308522
2358,2016,-1.3291860593729354,-0.43046689057742155,-0.9844951610266847,5,0.8987191687955138
2358,2018,-1.9603553714257804,3.412701924469039,-0.4236312543127263,7,5.373057295894819
2358,2019,-2.208778244014208,0.7186274474908814,-0.5709993098203785,5,2.9274056915050894
2361,2017,-1.4650509938646172,1.5578539311056452,-0.3347468680862925,5,3.0229049249702626
2361,2018,-1.7151120923600418,1.2278072564288216,-0.11172411040665628,5,2.9429193487888634
2362,2013,-1.705460194115612,-1.5628443490127293,-1.6216193639642202,3,0.14261584510288272
2362,2014,-2.0633626278086785,2.014867275514632,-0.7121039465575116,10,4.078229903323311
2362,2015,-1.2710271157596458,1.8989559804449794,-0.07828095077356216,6,3.169983096204625
2362,2016,-1.8031199960424447,2.1210529995810927,0.02195650916850216,5,3.9241729956235374
2362,2019,-1.6087509904758976,2.276425476184661,0.8493236194666922,3,3.8851764666605586
2362,2020,-1.5810239335079816,3.136597580277422,0.48179816193632546,7,4.717621513785404
2363,2011,-1.2860562644051323,1.0906722678225615,-0.37909881689929054,12,2.376728532227694
2363,2012,-1.9783590194369731,2.3312056669052383,-0.19874459773414696,14,4.3095646863422115
2363,2013,-1.5726022752566107,1.395675841951332,-0.30095879278466037,13,2.9682781172079427
2363,2014,-1.504448589853225,1.9801847047925247,0.048470680931169574,12,3.4846332946457497
2363,2015,-1.096733834708463,1.5621329036691998,0.15643860789287536,12,2.6588667383776627
2363,2016,-1.4183971533342548,1.4117156991460458,-0.3106124827739394,11,2.8301128524803003
2363,2017,-1.7078882316046107,1.362382139646334,-0.1583802416870758,12,3.0702703712509445
2363,2018,-1.6269347335948323,0.8799291248906373,-0.11404571896308827,10,2.5068638584854694
2363,2019,-1.7683327068424697,1.4117565728604724,-0.3019152659830248,14,3.1800892797029423
2363,2020,-1.314067455274325,1.398039562041422,-0.1409863971591353,13,2.712107017315747
2363,2021,-1.8083896668651367,0.836792576801255,-0.4380356644082841,12,2.6451822436663917
2365,2013,-1.9799956959386615,0.8102833134992432,0.13849053622537708,5,2.7902790094379046
2365,2017,-0.6825754500357498,2.8060274816799726,0.49304455987728524,5,3.4886029317157226
2366,2011,-2.310748218031355,1.0707352289351804,-0.624776612263244,5,3.381483446966535
2366,2016,-1.0258683399044495,0.9583350749518962,-0.2915702807279817,7,1.9842034148563457
2366,2017,-1.869779723431273,1.20615862127531,-0.24876231825781062,7,3.075938344706583
2368,2011,-1.5455561747390458,0.7598383399405272,-0.1883041698946658,13,2.305394514679573
2368,2012,-1.1906174197839998,2.177370099471643,0.29227932475901514,11,3.367987519255643
2368,2013,-0.8424305943215947,1.403225044542587,0.041556633515282854,12,2.2456556388641817
2368,2014,-1.533192740376648,1.2965210949665373,-0.38516511375574475,12,2.8297138353431857
2368,2015,-1.8954177256181326,2.0131143528159843,-0.29515589411135085,13,3.908532078434117
2368,2016,-1.294042295085143,1.6487344302961175,-0.11135051516419402,13,2.9427767253812602
2368,2017,-0.9898948921473799,1.239107462343115,-0.032231546069810775,11,2.229002354490495
2368,2018,-0.8322362877233827,1.4114874078278525,0.08064471792359126,11,2.2437236955512354
2368,2019,-1.007384390389511,1.4015782656676066,-0.024377294892573526,10,2.408962656057118
2368,2020,-2.23173034920252,1.1173182673537743,-0.3510746487700822,12,3.3490486165562943
2368,2021,-1.0811684436577782,0.9590910992295326,-0.09664663439287156,11,2.040259542887311
2369,2012,-1.7858445252843373,3.5609447459080115,0.6335212191994917,5,5.346789271192349
2369,2014,-0.169898744122856,1.4903123422973223,0.7303851394392876,7,1.6602110864201785
2369,2015,-2.135567960179089,1.5590510330663943,-0.41338583705991605,11,3.6946189932454834
2369,2016,-2.2391392177783933,2.1744431083650864,-0.2114491876045932,8,4.41358232614348
2369,2017,-1.6872212326480156,2.0267810108794255,0.1722479687116853,10,3.714002243527441
2369,2018,-0.9570874116113951,-0.02070398245130225,-0.6209497703744387,3,0.9363834291600929
2369,2019,-1.763596733324494,0.9675565028909737,-0.35680291569229217,13,2.7311532362154676
2369,2020,-2.23173034920252,2.5888090160447748,0.06813923322703776,9,4.820539365247295
2369,2021,-2.3538055842706553,1.0005023077732853,-0.3104630078597781,4,3.3543078920439404
2370,2013,-2.0160458123396685,2.1080875039354776,-0.32980194696753895,7,4.124133316275146
2370,2014,-0.9207551117913717,1.6354970519496728,0.15665219963919366,9,2.5562521637410445
2370,2019,-1.6087509904758976,1.8164045818052899,0.3686486570303635,7,3.4251555722811875
2370,2020,-0.9869006843955771,1.6224538052958999,0.3939085931316117,6,2.609354489691477
2371,2021,-2.3538055842706553,2.92612350505777,-0.254955984371353,10,5.279929089328425
2372,2013,-1.4059669193995579,0.5271260355858828,-0.33108101866674977,3,1.9330929549854408
2372,2020,-0.8463553996593093,1.6453953776441046,0.03486771853246875,5,2.4917507773034138
2373,2020,-1.3727978804857295,1.49031034857024,0.13445508040138657,5,2.8631082290559693
2374,2011,-2.0457416783004354,1.6643498779324408,-0.870465279441695,4,3.710091556232876
2374,2017,-2.1935627070845976,0.3967011621419985,-0.7622947452534244,4,2.5902638692265962
2375,2013,-1.6815007321383277,2.468123505153272,0.5111570573379697,4,4.1496242372916
2375,2014,-1.003022852944618,0.2650862021292927,-0.19959513488284183,6,1.2681090550739107
2375,2015,-2.135567960179089,1.9812932037230209,-0.565061664320136,5,4.11686116390211
2375,2016,-2.2391392177783933,4.360070624711639,0.7934888464564748,5,6.5992098424900325
2375,2017,-0.8336741757406345,2.0267810108794255,0.5383283051641511,6,2.86045518662006
2377,2011,-1.6546954428438343,1.6451203784508317,0.08485619544317073,13,3.2998158212946658
2377,2012,-1.4655984250647278,1.439771435108027,-0.1238246545835319,11,2.9053698601727547
2377,2013,-0.9707916086242968,2.321843488242622,0.1606289391996746,13,3.292635096866919
2377,2014,-2.0633626278086785,1.5699596389246155,-0.23676720895052045,14,3.633322266733294
2377,2015,-0.8858065354230913,1.3941126851536496,-0.013889381718510063,12,2.279919220576741
2377,2016,-0.765957344687998,0.8243697488533152,0.12476652967373279,11,1.5903270935413132
2377,2017,-0.8504629230411773,1.1153081216426262,0.1129543593571701,11,1.9657710446838035
2377,2018,-0.8976344954742465,1.8715708639763855,0.3987668518220972,13,2.769205359450632
2377,2019,-1.2230191846298413,1.27130547368847,-0.11646213441163594,12,2.494324658318311
2377,2020,-0.7772713688420878,1.9539304120569683,0.31922327495175995,12,2.731201780899056
2377,2021,-0.3088981181278403,1.6110973614077613,0.5196493783838376,14,1.9199954795356016
2378,2011,-1.7807351385695158,1.009482693159758,-0.13405295899133596,11,2.790217831729274
2378,2012,-1.509835743334212,1.937675384076214,-0.08969037649740562,14,3.4475111274104258
2378,2013,-2.3044467435477203,1.588965827760984,-0.1683011419233938,13,3.893412571308704
2378,2014,-1.460896846635917,1.5942998167344158,-0.11511170642141874,13,3.0551966633703325
2378,2015,-1.5351923737766981,0.9520779127474935,-0.2316497473620597,12,2.4872702865241916
2378,2016,-1.5955684107880634,2.179494472139656,-0.15686733243617987,14,3.7750628829277195
2378,2017,-0.8984307724712995,1.5163409646938744,0.3075672124674176,14,2.414771737165174
2378,2018,-0.7825422548600619,1.7583161552411657,0.14731163961377694,12,2.5408584101012277
2378,2019,-1.2678264146018579,0.5312369192290411,-0.16141026305381725,13,1.799063333830899
2378,2020,-1.0232755771983773,1.1245448475377309,0.05254521880294879,13,2.147820424736108
2378,2021,-1.288945936002738,1.1933641592108275,-0.13299566081576797,11,2.4823100952135655
2379,2011,-1.5422292528116879,1.9451233971439184,-0.2228026570911541,13,3.4873526499556062
2379,2012,-0.9181409759184903,0.8708744671982029,-0.23430103085886797,11,1.7890154431166931
2379,2013,-1.6913109055463498,1.0713445032517341,-0.31354663294883395,12,2.762655408798084
2379,2014,-1.5186675379812502,1.0948103391501842,-0.19723935582077332,13,2.6134778771314346
2379,2015,-1.3961024285397803,2.1656302707634136,-0.06502174542834795,12,3.561732699303194
2379,2016,-1.5464561988503616,1.3302987879221788,-0.4062161399003724,15,2.87675498677254
2379,2017,-1.4573173238728978,1.7220696399758404,-0.03869696613701148,12,3.179386963848738
2379,2018,-1.7151120923600418,0.6975168153076173,-0.4534306010063443,11,2.412628907667659
2379,2019,-0.9149694785722265,0.4238057842468853,-0.19282636893966015,11,1.3387752628191119
2379,2020,-1.3197364152368156,1.0993416242160592,-0.19216037738191685,13,2.4190780394528746
2380,2019,-1.6567531707589624,0.017129309434362146,-0.6119368974763532,3,1.6738824801933245
2380,2020,0.06898162057459814,2.199270481479337,0.7027466377069014,5,2.130288860904739
2381,2012,-1.0655266216607748,0.334058193695165,-0.0942260049434728,4,1.3995848153559398
2381,2013,-1.6273315137549023,1.7232214336681808,-0.3368612415900751,3,3.350552947423083
2381,2014,-0.6827118792877661,2.480950693037296,0.725134208346869,5,3.163662572325062
2381,2015,-2.135567960179089,1.8269109100766925,-0.3344412009719157,3,3.9624788702557816
2381,2016,-1.7025001756418412,1.6850337778451439,-0.31314438241792275,9,3.387533953486985
2381,2017,-0.561696469471842,2.252226722309128,0.914411473216146,4,2.8139231917809697
2381,2019,-1.2678264146018579,2.6553771145873397,-0.07915163655597804,8,3.9232035291891973
2381,2020,-0.4422877060425394,2.625328253660285,0.6096015937197562,4,3.0676159597028243
2382,2011,-1.4854929533659407,1.825025257057189,-0.08678283532056875,14,3.3105182104231297
2382,2012,-2.3272915400886256,1.2518324768897222,-0.07363019073906693,15,3.579124016978348
2382,2013,-1.3284414123204704,1.3116367176862658,0.09237066130998518,14,2.640078130006736
2382,2014,-0.9759398710788949,1.0456583170087832,0.3042288051340703,13,2.021598188087678
2382,2015,-1.2652248282132066,1.1476553670085357,-0.09377014254460699,14,2.4128801952217422
2382,2016,-1.388370004635079,1.3608143565543107,-0.05914781379301959,15,2.74918436118939
2382,2017,-1.0603222642979617,1.5234659452555677,-0.130640923534977,13,2.5837882095535294
2382,2018,-0.6173564622562593,1.8202130993668395,0.24411831653021754,13,2.437569561623099
2382,2019,-0.7125937817123696,1.3884781684291307,0.08706518931208802,12,2.1010719501415003
2382,2020,-1.5648573144845148,1.2671604166263248,0.11944477470082383,13,2.83201773111084
2382,2021,-1.623019551145614,1.8744967617756376,0.19919077287570958,15,3.4975163129212516
2383,2015,-2.135567960179089,2.4491183359846245,0.4257746389531897,4,4.584686296163714
2383,2016,-2.2391392177783933,-0.11591518149899141,-1.1175470714530453,5,2.1232240362794017
2383,2020,-2.23173034920252,0.8358856105003039,-0.6177460431316024,5,3.067615959702824
2383,2021,-1.902046945611539,-0.09501239097507251,-0.9145899986585796,5,1.8070345546364666
2384,2016,-1.2132116372232202,1.5318378350730542,0.2005086465611091,5,2.7450494722962744
2384,2018,-1.6562537053842643,-1.1755768784154168,-1.422455112674927,4,0.4806768269688475
2385,2021,-1.7804196198187,1.0865102024410787,-0.03432283759476818,6,2.8669298222597783
2387,2017,-2.1935627070845976,1.20615862127531,-0.37066450911638044,5,3.3997213283599077
2389,2014,-1.7982776840926635,2.670297081405878,0.060409404258562296,8,4.468574765498541
2390,2011,-0.6842530535452872,1.2236170765617667,0.18907329853016794,11,1.907870130107054
2390,2012,-0.7512580360300462,1.0297416902401297,0.21913134843610377,11,1.780999726270176
2390,2013,-1.2469766624515293,1.153885339849696,0.0675691635442664,11,2.400862002301225
2390,2014,-1.5952758312841164,0.8523444074896874,-0.22290665970830073,9,2.447620238773804
2390,2015,-1.2569695410536386,0.9649632372041512,0.14246383711627417,11,2.2219327782577896
2390,2016,-0.6471100594399555,1.1370951836849945,0.31487386931112227,10,1.78420524312495
2390,2017,-1.853590574248607,0.7256454048333677,-0.13845052425567045,10,2.5792359790819748
2390,2018,-0.6771792467656899,0.8496350116086103,0.24332792895779826,10,1.5268142583743
2390,2019,-1.0400476654865711,1.0913716504464983,0.10380507796340857,9,2.131419315933069
2390,2020,-1.2091916959682456,1.438686530117952,0.04882505406606648,11,2.6478782260861973
2390,2021,-1.7326374561143703,1.7001337784335224,-0.12401765390972293,12,3.432771234547893
2391,2014,-0.40658172958358374,1.5514320592278918,0.5724251648221541,2,1.9580137888114755
2391,2015,-1.460145425476399,1.9169672480370508,0.42894833030511464,5,3.37711267351345
2391,2016,0.2976998905034894,1.7473222380931364,1.2641147888965873,3,1.449622347589647
2391,2018,-0.6319542764863629,2.6011696191969573,0.4080820873314182,8,3.2331238956833204
2391,2020,-1.3896396935978232,0.5585869926740602,-0.007239149413578624,7,1.9482266862718833
2392,2012,-1.2443975104800489,1.955062122454383,0.5572770827431606,4,3.199459632934432
2393,2011,-2.015164000639176,1.1067260204320413,-0.04124822100910102,12,3.1218900210712173
2393,2012,-1.2996761324103296,1.8369965198762672,0.18061919552517766,13,3.136672652286597
2393,2013,-1.9214881299763724,1.4114019618837237,0.0710197136249709,14,3.3328900918600963
2393,2014,-1.616590250759215,1.4158772584640207,-0.050542720094872234,15,3.0324675092232356
2393,2015,-0.8473448476335611,1.125541164035504,0.061414867196155735,12,1.9728860116690652
2393,2016,-0.7372952317990148,1.352112697209321,0.004454367213107903,12,2.0894079290083356
2393,2017,-1.210984288483468,1.7563473862952017,0.1338039320177369,11,2.96733167477867
2393,2018,-1.2823298351852088,2.182584957984939,0.02865205637126358,12,3.4649147931701476
2393,2019,-1.3184152226347798,1.2902302402253456,-0.37833395375861656,11,2.6086454628601254
2393,2020,-1.8340764285003024,1.138676182574531,-0.01907780206462628,11,2.9727526110748332
2393,2021,-0.675229115817793,0.7728035957500389,-0.0886501401829138,12,1.4480327115678318
2395,2015,-1.1063526692035615,0.9124927092484348,0.144539761366695,4,2.018845378451996
2395,2021,-1.2495066897705929,1.8701376871920845,0.270201968591406,5,3.119644376962677
2396,2015,-0.7500858377120326,1.6668107537027212,0.500205011270998,6,2.416896591414754
2396,2016,-1.1926930856121167,3.7405529660289014,0.7275543862905575,7,4.933246051641018
2396,2017,-2.1935627070845976,4.605879949635217,0.36080314247885553,9,6.799442656719815
2396,2018,-1.4426195600647767,0.8844666657367877,-0.028854409576790495,5,2.3270862258015645
2396,2019,-1.3672766079543826,0.9538654048439686,-0.35581079824724393,10,2.3211420127983513
2397,2011,-0.8875649491060457,2.1230150428513395,0.5611626349025386,3,3.010579991957385
2397,2012,-0.7828361208108193,1.1324631138303023,0.20113408589034226,5,1.9152992346411217
2397,2013,-1.342030152887142,0.7425717905199614,-0.2565973170066682,5,2.0846019434071033
2397,2014,-1.4870910110347326,1.7522539862854796,0.1746578539859276,10,3.239344997320212
2397,2015,-1.3042786866988552,1.1614098363357366,-0.033537940338858846,8,2.4656885230345917
2397,2016,-1.558523847263742,1.7473222380931364,-0.19898370503793253,10,3.3058460853568783
2397,2017,-2.1935627070845976,1.7545007710107792,-0.04869700356520114,9,3.948063478095377
2397,2018,-1.5189174691074507,1.5892184045256998,-0.19973386687439518,11,3.1081358736331506
2397,2019,-0.9601501021273434,2.5618088088089,0.28948455259980427,9,3.5219589109362435
2397,2020,-1.911233159382822,2.241876258697432,-0.39646834463197944,9,4.153109418080254
2398,2014,-0.9207551117913717,0.8179954560610515,-0.11300611584861527,4,1.7387505678524233
2398,2016,-2.2391392177783933,-2.2391392177783933,-2.2391392177783933,2,0.0
2398,2017,-1.1474946060507798,-0.08339084810258593,-0.5370770136247222,5,1.0641037579481938
2398,2018,-0.9695725240001963,1.2278072564288216,-0.19194471414500963,7,2.197379780429018
2398,2019,-1.7383023293080329,2.3914306997795034,-0.037481755585034714,9,4.129733029087536
2399,2014,-0.6226835858738136,1.6478265842155342,0.07564784763396644,5,2.2705101700893477
2399,2016,-1.0258683399044495,0.49072025743798053,-0.29277274408138565,4,1.51658859734243
2399,2017,-1.222213756124624,1.9452284752665945,-0.10325250434795923,7,3.1674422313912185
2399,2019,-2.208778244014208,0.8273596588896417,-0.7956807270840687,5,3.0361379029038496
2400,2011,-0.9847823977579858,1.152003901119329,0.15897214293230422,13,2.1367862988773147
2400,2012,-0.7888564379740387,0.9303057026581417,0.23512345914817873,9,1.7191621406321804
2400,2013,-1.866984656883821,2.1719139395307026,-0.2830517096327196,13,4.038898596414524
2400,2014,-1.0493765043047953,1.450554067961755,0.06627598144369809,16,2.4999305722665506
2400,2015,-1.539919740598764,1.2340991105896066,-0.2451811788011741,15,2.7740188511883703
2400,2016,-1.828768185556324,2.2404690810231593,-0.3702071377120841,16,4.069237266579483
2400,2017,-1.2807608161824853,1.9875871057043037,-0.18795599674823005,16,3.268347921886789
2400,2018,-1.0672501679831707,1.1491250377285638,-0.2829430751485286,15,2.2163752057117345
2400,2019,-1.7099604067353715,0.971834971030663,-0.35738711241047755,16,2.6817953777660346
2400,2020,-1.824009240634423,1.8750509085026155,-0.23817011395169949,12,3.6990601491370385
2400,2021,-2.0110921342533947,0.5398347642834687,-0.5280986547562189,12,2.550926898536863
2401,2012,-0.7029504956757603,3.134260957067675,1.0412090910321454,3,3.8372114527434356
2401,2014,-1.4322079999134043,1.912911527931549,0.21531596376922643,5,3.345119527844953
2401,2015,-2.135567960179089,1.4666855582352574,-0.15745273656664666,5,3.6022535184143463
2401,2016,-0.5552029131430056,1.4815581410350345,0.2566345134959363,5,2.03676105417804
2401,2017,-1.853590574248607,2.622709174758605,-0.1550585367946788,5,4.476299749007212
2401,2018,-2.205598650491519,1.8715708639763855,-0.05425772199620558,5,4.077169514467904
2401,2019,-1.8637625732296796,0.927727854026959,-0.4768516006848776,11,2.7914904272566385
2402,2014,-1.1166306859657673,3.7353705159791533,0.8633449096470802,5,4.852001201944921
2402,2015,-0.784722890773709,3.010508494698549,1.0307496518594856,5,3.795231385472258
2402,2017,-1.222213756124624,1.6918330967552966,-0.019337995631913518,6,2.9140468528799204
2402,2018,-1.269215221331426,0.5840436488812578,-0.347491365368248,5,1.853258870212684
2402,2019,-1.4420767533819228,1.6553972687725103,0.1613579478716197,10,3.097474022154433
2402,2020,-0.8001762346745355,2.0629319943814335,0.7243015103274998,5,2.863108229055969
2402,2021,-1.8568710817456273,1.5017207284235294,-0.5363771191930091,5,3.3585918101691568
2403,2017,-1.3066788822950566,1.7923174709925351,0.8038705347221995,4,3.0989963532875917
2404,2016,-0.8438777082233578,1.1364934666289506,0.005328477812626284,5,1.9803711748523085
2404,2017,-1.556114958017115,2.2612445507663157,-0.04940692722742072,6,3.8173595087834307
2404,2018,-1.793589941661078,1.0693423684171137,-0.31342602086034044,9,2.862932310078192
2404,2019,-1.6567531707589624,1.3793847321448873,-0.2569753064331617,5,3.0361379029038496
2405,2011,-1.2559182657690668,1.0926929136557422,-0.0055796849728739955,12,2.3486111794248092
2405,2012,-1.9140819761590373,0.5873433024790946,-0.013329761354882522,12,2.501425278638132
2405,2013,-1.0966942724478774,1.3832761070125996,0.07465252599289467,12,2.479970379460477
2405,2014,-1.1250088447431381,1.2297450834782382,-0.05910439444633767,14,2.3547539282213763
2405,2015,-0.8111030301762384,1.1378009727731528,0.04366309028126538,10,1.9489040029493911
2405,2016,-1.224825911720071,1.8441218722623143,0.34948033614405155,12,3.0689477839823853
2405,2017,-1.1250788610286266,1.8436063703427925,0.19560410527336008,13,2.968685231371419
2405,2018,-0.9339668331136151,1.441933646322778,0.16295993251057592,13,2.3759004794363934
2405,2019,-1.431278140837806,1.0135002108215958,-0.17643133580549358,13,2.4447783516594015
2405,2020,-0.9685943657954749,1.658529489418104,0.03534537460822867,12,2.6271238552135787
2405,2021,-1.6761676262819807,1.7996768248937598,0.1484770938078422,13,3.4758444511757407
2407,2014,-1.4006502685186406,3.3014517093011526,0.7670689641621595,6,4.702101977819793
2409,2020,-1.0387685870958665,0.7301057498208963,-0.07041311174234614,6,1.7688743369167628
2410,2011,-1.5265451922970008,2.3003655732866477,0.045008749338361916,8,3.8269107655836487
2410,2012,-1.0610041667560157,1.471570579909205,0.32013639299700375,5,2.5325747466652206
2410,2013,-1.8325179470254533,-0.34081257714854796,-0.8463119198886675,6,1.4917053698769054
2410,2014,-1.7621297372222977,1.9602481250236943,-0.5999777760603248,11,3.7223778622459918
2410,2015,-1.4151172564962196,0.9992175443952278,-0.16982603162269738,10,2.4143348008914476
2410,2016,-2.2391392177783933,1.0438290399981607,-0.3730995547792879,13,3.282968257776554
2410,2017,-1.7548889872962223,2.8060274816799726,-0.28850972363569477,11,4.560916468976195
2410,2018,-1.8622580597994849,1.8773705361164539,-0.3192437580796439,10,3.7396285959159385
2413,2011,-1.6909748589832365,1.5052081690645656,-0.16169141645222543,12,3.196183028047802
2413,2012,-1.600989266926045,1.3599769169294973,-0.03774460837859277,13,2.9609661838555423
2413,2013,-1.8530365903525083,1.5370536601435345,0.2087969579352653,15,3.390090250496043
2413,2014,-0.5562597546568789,1.4401485709857895,0.40632621198535523,11,1.9964083256426686
2413,2015,-0.8851989703162579,2.667436731040039,0.38888106172583053,14,3.552635701356297
2413,2016,-0.6513113497617671,1.5479991652995597,0.3821997029103984,14,2.1993105150613266
2413,2017,-1.1056518820094272,2.7171458783241578,0.4818774855185195,14,3.822797760333585
2413,2018,-1.0697350421870455,1.0626849159633327,0.03544850816975784,12,2.132419958150378
2413,2019,-1.0039616158777598,1.17271862884908,0.05806414088150838,11,2.17668024472684
2413,2020,-0.9170377950441669,0.8779718050693976,0.06525101282925833,11,1.7950096001135645
2413,2021,-1.176855446711378,1.6190989766668278,-0.12510483176692214,12,2.795954423378206
2415,2011,-1.1030755584004497,1.1825198056944046,-0.056594122750960416,13,2.2855953640948545
2415,2012,-0.7826457293636696,1.2356037762038508,0.17590044291397075,11,2.0182495055675203
2415,2013,-1.1262982586126988,1.0316808735425032,-0.05704022661535973,11,2.157979132155202
2415,2014,-1.4920588698000252,1.6309598309116655,-0.14325310801299962,13,3.1230187007116905
2415,2015,-1.2158436576052134,1.1456926704557613,-0.0857225826634833,15,2.361536328060975
2415,2016,-1.3106378535061576,0.8831837944575702,-0.024640641045559516,12,2.193821647963728
2415,2017,-1.516327382710114,2.2297306341148517,-0.14093978459668197,12,3.746058016824966
2415,2018,-1.6474587739970792,3.232281225208905,0.08340217426812202,14,4.8797399992059844
2415,2019,-0.6280579113403227,1.126219695211407,0.25882147442775066,12,1.7542776065517298
2415,2020,-1.890884131457762,1.0706229273122037,-0.13250439719411714,14,2.961507058769966
2415,2021,-1.7453143566889884,2.7878342502492535,-0.10489355165338309,15,4.533148606938242
2418,2014,-0.9886939370680765,3.0344247513454596,0.6546074768320211,5,4.023118688413536
2419,2011,-0.6029282953209838,0.6641639053996145,-0.09421113643621198,4,1.2670922007205982
2419,2013,-1.6273315137549023,2.3099681557811143,-0.21255287917793259,5,3.9372996695360163
2419,2014,-1.5111023284003138,0.0667842413378721,-0.7710735271931045,4,1.5778865697381859
2419,2016,-2.2391392177783933,1.1364934666289506,-0.11718591694494311,5,3.3756326844073437
2419,2017,-1.689900288068315,1.6594547983899641,0.03974550932652916,5,3.349355086458279
2419,2020,-1.2981081005973127,2.6046011187974276,0.09612054853886165,6,3.9027092193947404
2419,2021,-2.3538055842706553,0.6830163756045169,-0.48230743561700123,7,3.036821959875172
2424,2015,-0.5917450237157977,3.2678123174424307,1.6358389972613279,4,3.8595573411582285
2424,2016,-1.871965136316542,2.04455839927654,-0.34854072769393185,8,3.916523535593082
2424,2018,-2.205598650491519,2.7884463050289767,0.30649061791805077,8,4.994044955520495
2424,2020,-1.9205229330007842,3.624627392048326,0.841924890541987,6,5.545150325049111
2426,2011,-0.9771417783854622,1.3249064431979045,0.17803314658058117,10,2.302048221583367
2426,2012,-1.7059908288563665,1.345682361507717,-0.47264064112253623,15,3.0516731903640837
2426,2013,-1.7853250673732266,0.6567402825180546,-0.3531627285947567,16,2.442065349891281
2426,2014,-1.317811223607386,0.6631353069636536,-0.2732104701376875,16,1.9809465305710396
2426,2015,-0.9040282957639277,1.1687548161107624,-0.1588134718626551,18,2.07278311187469
2426,2016,-1.8257284001324572,0.7925229033826477,-0.27569204046966844,14,2.618251303515105
2426,2017,-1.132378014995378,0.9068873775816562,-0.18581193667214324,15,2.0392653925770343
2426,2018,-1.5434417970140248,1.1591391382904148,-0.0830920637646983,13,2.7025809353044394
2426,2019,-1.068230571999238,1.00447631784919,-0.19514894309583192,14,2.072706889848428
2426,2020,-1.2882060464454395,1.1204693047785572,-0.27168720110253725,13,2.4086753512239967
2426,2021,-1.0759740063491543,1.5717733239957048,0.20270150992561764,13,2.647747330344859
2427,2011,-0.8669987168961424,1.217963109804434,0.15922559424046598,14,2.0849618267005763
2427,2012,-1.1194481993713667,1.5981993172424658,0.45039216400058363,15,2.7176475166138325
2427,2013,-1.4513956745531167,1.716155349146749,0.10060732266290065,11,3.1675510236998656
2427,2014,-1.6576203670188594,1.6514955799763096,-0.07723202125598584,13,3.3091159469951688
2427,2015,-1.076081631233693,2.1158045090782385,0.1422912986687595,16,3.191886140311931
2427,2016,-0.635888414873539,1.473024431496472,0.3042048394991095,12,2.108912846370011
2427,2017,-0.8336741757406345,1.8061094439270584,0.36379916581075816,13,2.6397836196676927
2427,2018,-0.7535855797234453,1.3213241488352119,0.14107387156976084,11,2.0749097285586573
2427,2019,-1.1737312316606228,1.06394183314189,-0.38074710712799315,11,2.2376730648025127
2427,2020,-1.5810239335079816,1.3541586265231553,-0.13502297555003598,12,2.935182560031137
2427,2021,-1.0811684436577782,1.9529601042795888,0.1515203083300651,11,3.034128547937367
2428,2011,-2.0545752296247994,1.6547440971746035,-0.5979126067114818,15,3.709319326799403
2428,2012,-1.803892759111147,1.3748589502390574,-0.06440060555451738,13,3.1787517093502045
2428,2013,-1.1552897291085873,1.2364435627531534,-0.08630523488790104,11,2.3917332918617404
2428,2014,-0.7659892260239483,2.0377534688541443,0.13959986782166442,12,2.8037426948780926
2428,2015,-1.3496217379795954,1.4182867585636634,0.010776114018633442,11,2.7679084965432588
2428,2016,-1.0764212931491972,1.015809396261803,-0.13706455307577345,14,2.092230689411
2428,2017,-1.0143235747383565,1.5152241965807558,0.11189762304505126,12,2.5295477713191126
2428,2018,-1.3006699618458477,1.380027222745487,-0.10679482917449798,14,2.6806971845913345
2428,2019,-1.3595089005445995,1.2242815524938842,-0.05618779911352273,12,2.5837904530384836
2428,2020,-1.6093155167990487,1.4883029107233996,0.047218500683534455,12,3.0976184275224483
2428,2021,-1.487059358936304,1.6216704359295704,-0.12837005973845425,14,3.1087297948658743
2429,2011,-1.5919894735813067,1.6482888755245058,0.08014689387745012,11,3.2402783491058127
2429,2012,-1.205722723708314,1.8301808163431448,-0.0777765908788142,11,3.035903540051459
2429,2013,-0.4846475097256938,1.4697797286392886,0.2702790310534466,12,1.9544272383649823
2429,2014,-1.781357368536322,1.1670318316103967,0.038939451248250344,9,2.9483892001467185
2429,2015,0.17981154269137367,1.008216928618886,0.4024937045268275,10,0.8284053859275123
2429,2016,-1.8515665762353277,1.044719215773046,0.09952141808506348,12,2.8962857920083738
2429,2017,-1.4189426575848718,1.7222769424269122,0.06883086299007043,12,3.141219600011784
2429,2018,-1.0160721945506135,1.5701409832185327,0.003605326804175125,11,2.586213177769146
2429,2019,-1.5187469024451512,1.831368086733987,-0.43226304716819647,10,3.350114989179138
2429,2020,-1.7803394121891918,0.7401633797459942,-0.20444351987223605,12,2.520502791935186
2429,2021,-1.3185253706768465,1.2416616987045488,-0.415361373022832,12,2.5601870693813953
2430,2011,-2.0410924407612967,1.6183358806801265,0.14738642427149176,11,3.659428321441423
2430,2012,-1.7795486297633571,2.815783330062283,-0.01437708921816891,12,4.59533195982564
2430,2013,-1.7295804578511331,2.6054278510397135,0.041994741030635475,12,4.335008308890846
2430,2014,-1.8758025261228188,1.294470806209705,0.09998671691002613,11,3.170273332332524
2430,2015,-0.6862647953359993,1.7239893809791391,0.19695547582631653,12,2.4102541763151386
2430,2016,-1.1939995102465315,0.9634558533764289,0.02265884583729115,11,2.1574553636229603
2430,2017,-1.0149926465864962,1.3175695486197754,0.06901985392581958,13,2.332562195206272
2430,2018,-1.3421073445594573,1.4553624237490785,0.03295648698417422,12,2.797469768308536
2430,2019,-1.079636048719388,1.9603044378486871,0.09022675375651881,11,3.0399404865680753
2430,2020,-1.089532917398277,2.2537007695553175,0.11253121314719583,12,3.3432336869535946
2430,2021,-1.2089074657080903,2.290364179260229,0.05406332209164238,12,3.4992716449683194
2433,2011,-1.8266417832473127,0.9306795528211522,-0.4053554924276843,11,2.7573213360684647
2433,2012,-1.1256106653954345,1.1947329050621238,-0.11143123888318289,10,2.3203435704575583
2433,2013,-1.0066425531114858,1.6933026949751804,-0.18284730443930353,10,2.6999452480866664
2433,2014,-1.3777981181982946,1.2382941561991752,-0.21585828232102333,12,2.6160922743974697
2433,2015,-1.3230295725668304,0.7954415841283525,-0.06360356676724091,11,2.118471156695183
2433,2016,-1.446376996440305,1.2985797962354841,-0.07476705776917013,12,2.744956792675789
2433,2017,-1.211953027769413,0.4577922911331921,-0.1617424029704605,11,1.669745318902605
2433,2018,-1.2195949028631135,0.9608335602306758,-0.29012832475256506,12,2.180428463093789
2433,2019,-1.2934305460144386,1.982477106851994,0.04846213146271272,10,3.2759076528664326
2433,2020,-1.6948975562545259,0.8321605152244052,-0.28379037260649836,12,2.527058071478931
2433,2021,-1.3327072914110085,1.6837872487451986,-0.06999857807220353,13,3.016494540156207
2437,2012,-1.3176309204646643,2.077294658097835,0.23957006563142857,12,3.3949255785624994
2437,2013,-0.8818536886464632,2.2755175325992654,0.15871518276255217,12,3.1573712212457288
2437,2014,-0.793881160337502,1.6382739736311727,0.5945930218371396,11,2.4321551339686747
2437,2015,-1.6774779173749526,1.4123802288119258,0.27557942684665243,12,3.089858146186878
2437,2016,-1.9899853767864228,2.406122261560446,0.10587456727169443,13,4.396107638346869
2437,2017,-0.6973528315227802,2.0329090352173784,0.34688341640155534,12,2.7302618667401584
2437,2018,-0.7208825826340742,1.6038801143876418,0.15164212117452466,11,2.324762697021716
2437,2019,-1.271698644352526,1.4369083686632584,0.08559162565356182,11,2.7086070130157847
2437,2020,-1.6352494681491934,1.1555657890275077,-0.009299124749054727,11,2.790815257176701
2437,2021,-1.5067581367848117,1.473440584320638,-0.15253471248310463,14,2.9801987211054497
2438,2020,-1.5500379137130038,1.0008111997316387,-0.20111526769876392,5,2.5508491134446425
2439,2011,-0.5447897447606306,1.1841832666580836,0.36705751677670045,10,1.7289730114187143
2439,2012,-0.012840283165091873,2.1215980982199447,0.7412866856507526,11,2.1344383813850367
2439,2013,-1.358383875753082,2.3184683937535624,0.2396586609077965,11,3.6768522695066443
2439,2014,-0.9813832657024943,1.2345691601676894,-0.007057083559464781,12,2.2159524258701837
2439,2015,-0.6751949121732728,1.866935949170185,0.501766976136959,10,2.5421308613434577
2439,2016,-1.0764212931491972,1.4865977852903929,0.11238563695029105,13,2.56301907843959
2439,2017,-0.9040132377067016,0.9071881527009462,-0.07333928124968364,13,1.8112013904076478
2439,2018,-0.8765382994255807,1.8392357056064166,0.22339626793695366,11,2.715774005031997
2439,2019,-0.6977607077316018,1.2602834320932417,0.18916734178994418,14,1.9580441398248434
2439,2020,-2.1594296363475713,1.988886091905848,-0.144733148342288,11,4.1483157282534195
2439,2021,-0.9985296682933057,1.735418870650772,-0.03818472500596006,10,2.7339485389440776
2440,2011,-1.3575464007046363,1.2318972229074057,-0.08592630376351153,14,2.589443623612042
2440,2012,-1.4227219077471134,1.495520481940043,-0.013857479691761725,11,2.9182423896871565
2440,2013,-1.5771059335230175,1.6230853147539517,-0.12680292566264198,11,3.200191248276969
2440,2014,-1.7621297372222977,1.3842429306338324,-0.2802135516687019,11,3.14637266785613
2440,2015,-1.5721823388157077,0.8601205327977903,-0.3023326044385051,12,2.432302871613498
2440,2016,-1.893206612103591,1.4151171167705092,0.043018787400892156,12,3.3083237288741003
2440,2017,-1.9742258471904097,1.5845147045927837,-0.05641113640382396,11,3.5587405517831936
2440,2018,-0.6110235581499918,1.67738584474116,0.3304849088508969,9,2.2884094028911517
2440,2019,-0.7402500042646769,1.6782200108192387,0.269625468430801,9,2.4184700150839156
2440,2020,-1.2298838778212158,2.463073759996219,0.27203623575747415,9,3.6929576378174347
2440,2021,-1.7408107209585317,1.642077291194194,0.06831049821550092,12,3.382888012152726
2442,2011,-1.0811178736798877,1.0195006312538692,-0.24024734822107163,4,2.100618504933757
2442,2012,-0.45801017945477274,1.9001601524217804,0.9316687038754267,3,2.3581703318765532
2443,2011,-0.5541334403864017,0.8048692085348632,0.006750085942350781,5,1.359002648921265
2443,2012,-1.3898608875916485,0.9783849713480827,-0.07032351666555565,8,2.3682458589397313
2443,2013,-2.3044467435477203,2.0561753363180286,0.09214632948756651,16,4.360622079865749
2443,2014,-0.7379379092286027,1.912911527931549,0.26260349345392764,16,2.6508494371601516
2443,2015,-1.7753426083376544,1.1085667873987433,0.11434864190658216,12,2.8839093957363975
2443,2016,-1.1879147927711748,1.3543968453505122,-0.032773632321556494,13,2.542311638121687
2443,2017,-1.6705286565676887,1.8726386440626976,-0.1613583539034322,14,3.5431673006303863
2443,2018,-0.7464011400503743,1.6880493351044707,0.01622927735371396,15,2.4344504751548453
2443,2019,-1.5618738612932173,0.7900045787445499,0.04895195889097478,14,2.3518784400377672
2443,2020,-0.7310995802297575,1.7448088578196594,0.42630117647197846,12,2.4759084380494167
2443,2021,-2.3538055842706553,1.1799508781295454,-0.043014444118137436,13,3.5337564624002007
2444,2013,-0.43560870931954243,1.7331662933650098,0.6487787920227337,2,2.1687750026845523
2444,2014,-1.8792758613392235,3.569692426156644,0.7544172780204058,11,5.448968287495868
2444,2020,-2.23173034920252,1.6725081449647103,-0.23276894529144915,5,3.90423849416723
2444,2021,-1.3373486472876432,3.7449360376274186,1.3315879800221033,5,5.082284684915062
2447,2011,-1.3735299677634685,2.4901916006670453,-0.11693561010546931,10,3.8637215684305137
2447,2012,-1.3926508597716993,1.7507235018831424,-0.1179719809797876,13,3.1433743616548417
2447,2013,-2.3044467435477203,2.5521445474924054,-0.27396121827587055,14,4.856591291040125
2447,2014,-1.5017419843425448,1.5946195704230721,-0.1173939098133833,13,3.096361554765617
2447,2015,-1.8553926865246395,1.6546292200655708,-0.08543010862958463,13,3.51002190659021
2447,2016,-1.6734926598506763,1.1110649718311552,-0.16103430935312724,12,2.7845576316818317
2447,2017,-1.9463102468402405,3.4414494029186744,0.03082152519987826,12,5.387759649758915
2447,2018,-2.205598650491519,2.8284626908905186,0.1764503046410389,14,5.034061341382038
2447,2019,-1.194026271118536,1.2284565285957,0.13688425486151146,11,2.422482799714236
2447,2020,-0.5069663557953098,1.4705647745767507,0.3898000234544153,12,1.9775311303720606
2447,2021,-0.496411050242681,1.518411318521772,0.27337644903811803,14,2.014822368764453
2448,2011,-1.297316615543882,1.7367292484138999,-0.02181068048682634,12,3.0340458639577816
2448,2012,-0.7325608792978698,1.3098199289227905,0.2634764328412234,15,2.0423808082206603
2448,2013,-1.47385206166853,0.8061993142985696,-0.2309563184162215,14,2.2800513759670995
2448,2014,-1.4390683763035703,1.2354459994676457,-0.40347779855451166,13,2.674514375771216
2448,2015,-1.2710271157596458,1.1515307348932686,-0.18164206337690728,14,2.4225578506529146
2448,2016,-1.5296842129199006,0.9856896073048583,-0.2939902111740733,17,2.515373820224759
2448,2017,-1.7246356273108174,0.4506649927508861,-0.424774770844713,14,2.1753006200617033
2448,2018,-0.8322362877233827,1.4627798772292946,0.2951655381420581,14,2.2950161649526772
2448,2019,-1.5814770244059746,1.6348976639301398,0.07059699433941959,13,3.2163746883361144
2448,2020,-1.18425172881619,1.129614851086228,-0.004734107295158252,13,2.313866579902418
2448,2021,-0.5657702247179838,2.23328213134499,0.43573202105945547,15,2.799052356062974
2449,2011,-0.8966733220271677,1.5318466080669806,0.5202357624159967,11,2.428519930094148
2449,2012,-1.3525646906384676,1.6692678418160851,0.17657569187772526,12,3.0218325324545527
2449,2013,-1.39469885559836,1.578471454253413,0.259559813597389,12,2.973170309851773
2449,2014,-1.4006502685186406,2.2519736652427316,0.28329558360190316,12,3.6526239337613724
2449,2015,-0.998014217521927,1.4014992239130466,0.057382182799503925,10,2.3995134414349737
2449,2016,-1.4969788403555022,0.9239820453605793,-0.07385314346697151,11,2.4209608857160814
2449,2017,-0.6582046878252845,1.2197847588639268,0.0799039757439675,12,1.8779894466892113
2449,2018,-1.0332161456894513,1.7585436657046754,0.06220098212504839,11,2.791759811394127
2449,2019,-1.1175658899050018,1.4133488916364483,0.1511394795790193,12,2.5309147815414503
2449,2020,-1.1631054468083908,2.4363808938235167,0.32282610240016235,12,3.5994863406319073
2449,2021,-1.3430913418468693,1.5476198511936985,-0.03430484265717115,11,2.890711193040568
2450,2011,-1.7984022412182439,1.5391658363071679,-0.12686466804001265,14,3.337568077525412
2450,2012,-1.8207765907555817,1.6695718782848488,-0.3629888742831248,17,3.4903484690404305
2450,2013,-1.1064736446835037,1.0609810985786328,-0.06852590823570932,15,2.1674547432621365
2450,2014,-1.0058429055373415,1.3487719451949494,0.06515614972282523,13,2.3546148507322906
2450,2015,-1.7753426083376544,1.9064411825611645,-0.19773220141044526,13,3.6817837908988187
2450,2016,-1.9733751207202914,1.515028431454006,0.024540285555682512,12,3.4884035521742973
2450,2017,-0.8182501092225557,1.5668247100230563,-0.10063153649342614,12,2.385074819245612
2450,2018,-0.7241798581654836,0.7269510036222604,0.23790389587867292,10,1.4511308617877439
2450,2019,-1.263529830905911,1.1115705876943225,0.13959944330795895,12,2.3751004186002334
2450,2020,-0.8845762504970471,1.4601723672117564,0.1581643098480997,13,2.3447486177088033
2450,2021,-1.5807963581206117,1.9147343733161253,0.07487703104323987,14,3.495530731436737
2453,2011,-1.5788253940126245,1.1048916273893876,0.10056214207240392,5,2.6837170214020123
2453,2015,-1.068233584352616,1.9469860273571702,0.3404408010087614,6,3.015219611709786
2453,2019,-1.6215175277852234,0.7407674905358776,-0.21867226678291685,12,2.362285018321101
2453,2020,-1.2329716646481124,0.827057938673821,-0.11319285312023004,12,2.0600296033219334
2453,2021,-2.3538055842706553,1.6858717055510923,0.10428549866977498,13,4.039677289821748
2454,2011,-1.5678465516523434,1.4900287683633713,-0.12751051154459578,11,3.0578753200157145
2454,2012,-1.6135659296647908,1.9768640301682943,0.15176622821343705,10,3.5904299598330853
2454,2013,-1.4033008071617294,2.312610572690088,0.1700112249965944,11,3.7159113798518177
2454,2014,-0.8129619499029466,1.5263293183456934,0.35153528652567867,11,2.33929126824864
2454,2015,-0.7002950739358729,1.3686435397358325,0.38335613085721765,9,2.0689386136717056
2454,2016,-0.7030715008370698,1.6321065890795081,0.3913341157017495,10,2.335178089916578
2454,2017,-0.828711078910912,2.4382723912849404,0.054984599279861046,12,3.2669834701958527
2454,2018,-1.1725384661084075,1.6988537985367953,0.2576251662629118,11,2.871392264645203
2454,2019,-0.6842903963616407,1.328224513685305,0.22812000126731521,11,2.0125149100469457
2454,2020,-0.812624531322605,1.1759735496738837,0.3021736619218058,11,1.9885980809964887
2454,2021,-1.5659825924626838,1.6367290572182076,0.1216353457794046,12,3.202711649680891
2455,2017,-0.08339084810258593,1.3032935163713069,0.5467578276696082,5,1.3866843644738929
2455,2018,-0.9339668331136151,0.08333862078870798,-0.41095697274044496,4,1.017305453902323
2455,2021,-2.3538055842706553,2.260586224890321,-0.30231399023272837,12,4.614391809160976
2458,2011,-2.310748218031355,2.3374369890486353,-0.12685760619557498,11,4.64818520707999
2458,2012,-2.3272915400886256,1.1015600926581162,-0.05000584971779142,12,3.428851632746742
2458,2013,-1.043422428953808,0.9990548321081499,0.14293891558413704,12,2.042477261061958
2458,2014,-0.9319025021915406,1.2352056763498813,0.0930838270796595,12,2.167108178541422
2458,2015,-1.3460329424444377,2.517342834439442,0.307255501609106,13,3.86337577688388
2458,2016,-1.7615943558771165,1.588845886823888,0.2173645312353585,13,3.3504402427010045
2458,2017,-1.9307823145543632,1.73612578486906,0.010965670607705424,12,3.6669080994234236
2458,2018,-1.4208201574811554,2.4837975961808314,0.16629479100611164,13,3.904617753661987
2458,2019,-0.8874416324989929,2.5914397842922736,0.14737448893755167,12,3.4788814167912667
2458,2020,-1.1425043924964449,4.2102631661734105,0.49010893456317334,11,5.352767558669855
2458,2021,-2.1720002784688157,1.3074324416858023,-0.3110209147506276,14,3.479432720154618
2459,2011,-1.3914671591561552,2.8793736660419857,-0.06046663090820994,14,4.270840825198141
2459,2012,-1.2306464751834318,1.2189743519128302,-0.16715066870064485,13,2.449620827096262
2459,2013,-1.2798644879401668,1.6937574704670155,-0.22992063553327993,13,2.9736219584071826
2459,2014,-1.3083738640605342,0.9729688988189852,-0.03537476058318959,13,2.2813427628795195
2459,2015,-1.1515377307585846,1.2678598770240759,0.1376137509857778,11,2.4193976077826607
2459,2016,-1.401982312045372,1.818509049805128,0.10132326381272425,13,3.2204913618505
2459,2017,-1.0713245986939484,1.3005953248408626,0.08580997689071786,11,2.371919923534811
2459,2018,-0.8400952998136152,2.3607272680967846,-0.019583700547055324,11,3.2008225679103997
2459,2019,-1.7328945601734793,2.0894426496686624,-0.20054421243389003,13,3.822337209842142
2459,2020,-1.3370090276225297,2.243640995031909,2.8191661795172142e-05,13,3.5806500226544387
2459,2021,-1.8057160594268742,1.2380267008195744,-0.33555749935704465,12,3.043742760246449
2460,2011,-1.0811178736798877,1.139304118802952,-0.18763006565005777,11,2.22042199248284
2460,2012,-1.7744055038448099,1.1498135081076644,-0.07834803759046689,12,2.9242190119524745
2460,2013,-1.395983810242356,1.064687313743697,-0.006135621927478296,12,2.460671123986053
2460,2014,-1.134326610112364,1.394896190320559,0.05398288405177096,11,2.529222800432923
2460,2015,-1.7117734286009305,1.483629365941816,-0.03469111193701609,12,3.195402794542747
2460,2016,-1.5134159493856734,0.6864091087079714,0.08549286367334787,10,2.1998250580936447
2460,2017,-1.748739355710404,1.4952505709657782,-0.2881304545939046,12,3.243989926676182
2460,2018,-1.0611300148514056,1.4157507039371446,-0.18829061045551962,14,2.47688071878855
2460,2019,-0.81921426873745,1.2447709483029,-0.1250256851859566,11,2.06398521704035
2460,2020,-1.8825708090737436,1.8110845112700287,0.15555454883921746,12,3.6936553203437725
2460,2021,-1.235702953589342,2.22802170965277,-0.0038289423361350344,14,3.463724663242112
2462,2015,-1.1063526692035615,1.58288728463572,-0.23104081860622924,5,2.6892399538392815
2462,2016,-1.165861133505289,1.2490145561091954,-0.10599902528559874,4,2.4148756896144845
2462,2017,-0.4937020429046438,0.07291817848867399,-0.2103919322079849,2,0.5666202213933178
2462,2018,-2.205598650491519,0.08333862078870798,-0.7010666636458269,9,2.288937271280227
2462,2019,-1.9087646172450525,0.6849015754689334,-0.7104071045909812,9,2.593666192713986
2462,2020,-2.23173034920252,0.8803438128148376,-0.689425787669615,11,3.1120741620173575
2463,2011,-1.446732813346522,2.211902958585103,-0.11985709389551874,13,3.658635771931625
2463,2012,-1.9194483341321487,1.4601167242710202,-0.1821113856521889,14,3.379565058403169
2463,2013,-1.0279180316432273,1.7777918416119838,0.16696249041027988,13,2.805709873255211
2463,2014,-1.7352872024175707,1.2913103571830769,0.011163474668045053,10,3.0265975596006474
2463,2015,-0.9279159185650839,1.2986700023390658,0.0384668953145329,9,2.22658592090415
2463,2016,-0.9893121326720913,1.5988901626085588,0.20549579974150273,10,2.58820229528065
2463,2017,-1.3693878396034078,1.209548173945659,0.22833161028265556,11,2.578936013549067
2463,2018,-1.2045544730262534,1.2764587571341708,-0.22910645108619695,12,2.481013230160424
2463,2019,-1.6305396896267301,2.6362486864878387,-0.2319968352916592,13,4.266788376114569
2463,2020,-1.1339127767117345,2.8689683286611203,0.1299140564544822,11,4.002881105372855
2463,2021,-1.6438991520920438,2.467421854534015,0.018450894801899285,13,4.111321006626059
2464,2011,-1.4711896845981054,2.268130268739779,0.07544408902770312,12,3.7393199533378843
2464,2012,-0.7286753538451949,0.844728323299768,0.005745304002693537,12,1.5734036771449629
2464,2013,-1.145477419995362,1.697213172792885,-0.013501959393804552,12,2.842690592788247
2464,2014,-1.691052313600792,1.390902429637273,-0.3279138917019497,12,3.081954743238065
2464,2015,-1.698931170068259,1.3646748391297183,-0.12518792830205003,12,3.0636060091979775
2464,2016,-0.7501249585694623,0.9885867856605746,-0.13898292126783268,13,1.7387117442300368
2464,2017,-1.0195582195934063,0.9136009995470094,-0.06129854791225211,14,1.9331592191404157
2464,2018,-1.3432548413115264,0.863301834803717,-0.05495234279211958,13,2.2065566761152433
2464,2019,-0.9211599511341498,0.9736938916706659,0.09031233042097896,11,1.8948538428048156
2464,2020,-1.5810239335079816,0.7910459746101454,-0.019843755881961758,12,2.372069908118127
2464,2021,-1.3875440515831006,1.6584334475959626,-0.276021213823668,11,3.045977499179063
2465,2012,-2.3272915400886256,1.2183131052426825,-0.011392632860318663,3,3.5456046453313084
2465,2015,-1.1063526692035615,1.0940386425372217,-0.10393639983037896,7,2.200391311740783
2465,2017,-1.4702177436037662,0.4506649927508861,-0.3105525315766907,7,1.9208827363546523
2465,2019,-1.0190690344123858,2.864981620464151,0.6340079956161798,5,3.884050654876537
2465,2021,-1.4593234797256047,0.21233160089957226,-0.4595690110437642,12,1.671655080625177
2466,2011,-1.2300184231911981,3.1525655772724113,0.25247961613470077,13,4.382584000463609
2466,2012,-1.1641831379164505,1.2488582105010573,0.06814306223065462,12,2.413041348417508
2466,2013,-1.3700277264336314,3.087484901779624,0.44541288685453984,14,4.457512628213255
2466,2014,-1.4420697909742681,2.0370608089594984,0.15563253370640234,14,3.4791305999337663
2466,2015,-1.1149294632950242,2.941146116317641,0.45554583414037825,12,4.056075579612665
2466,2016,-1.2878245521726874,3.574450405367588,0.3356573686200592,13,4.862274957540276
2466,2017,-1.8064058298336474,2.245879221696059,0.06685986062896065,14,4.052285051529706
2466,2018,-2.088217251964328,1.4340866500355178,-0.31799841255809946,16,3.5223039019998454
2466,2019,-0.9895499337230175,1.1898835875945788,-0.09487472555214004,14,2.179433521317596
2466,2020,-0.8136814621700825,1.9681967956259054,0.2672127427326378,15,2.781878257795988
2466,2021,-2.0332026794157985,1.3437406647545054,0.07527903775512643,14,3.3769433441703036
2468,2011,-1.5157285988385962,1.275673619660425,-0.1200274895890856,2,2.7914022184990213
2468,2014,-1.2349721786961312,1.5708664392657228,0.30606310470365283,5,2.8058386179618537
2468,2015,-1.5592073972327933,0.6353962847550237,-0.34209994981250336,5,2.194603681987817
2468,2016,-2.2391392177783933,1.5661194446444304,-0.6862260256681012,5,3.8052586624228235
2468,2018,-1.482776354297763,0.6416160040277877,-0.6327245295007339,8,2.124392358325551
2468,2020,-2.23173034920252,1.3471549371174414,-0.15946873298982608,7,3.578885286319961
2470,2014,-1.460896846635917,2.906980066866606,0.805462276011896,6,4.367876913502522
2470,2015,-1.4806127750128442,1.3424699196692456,-0.21639141785691268,5,2.82308269468209
2473,2011,-1.0298832759985765,2.3675328812225134,0.5179508908936754,10,3.39741615722109
2473,2012,-1.8231000538259168,3.4325408393597985,-0.03174813629397188,11,5.255640893185715
2473,2013,-2.3044467435477203,2.075234455694762,-0.16110483924955762,10,4.379681199242482
2473,2014,-0.5110634078500312,1.570350066849259,0.16880018562716617,10,2.08141347469929
2473,2015,-2.135567960179089,1.2514565744306267,0.05699293008510481,12,3.387024534609716
2473,2016,-1.0080261211121855,2.388224964377304,0.3357035285412296,11,3.3962510854894896
2473,2017,-0.9413633227899723,1.4045597670450771,0.30378512819808684,11,2.3459230898350496
2473,2018,-1.5618350429439551,2.4911555566864823,-0.3074876612985744,13,4.052990599630437
2473,2019,-1.4824294634152009,2.192266426605753,0.13540268529531022,12,3.6746958900209536
2473,2020,-1.4364225077980843,1.5401506431914602,-0.3816023347680135,14,2.9765731509895446
2473,2021,-1.701579049706556,1.214009342777757,-0.21982431674038752,13,2.915588392484313
2474,2011,-1.8953325611558594,0.5971613800971154,-0.14083082851882234,4,2.4924939412529747
2474,2012,-1.6445974779440882,2.7758465744417933,0.8896842876701676,4,4.420444052385881
2474,2013,-0.3124682186921042,1.8963405044432502,0.775973685488025,4,2.2088087231353546
2474,2014,-1.7051397308951446,3.0800765786214668,0.11872017637101921,9,4.785216309516612
2474,2015,-0.998014217521927,0.5060846199914315,-0.10047081292655291,5,1.5040988375133586
2474,2016,-1.774052047926715,1.1094884051536917,-0.26260488727323383,9,2.883540453080407
2474,2017,-1.5754315564737054,1.5839054355375222,-0.02055623299259446,5,3.1593369920112275
2474,2018,-1.2831910934084423,1.6398159652592628,-0.16338042127477675,8,2.923007058667705
2474,2019,-2.208778244014208,2.8514515941588745,-0.04115094314294993,5,5.060229838173083
2474,2020,-1.5390428744309148,2.0629319943814335,0.3803855664639845,4,3.6019748688123485
2475,2011,-1.8715945236201168,2.629730844095077,-0.3038749798507043,5,4.501325367715194
2476,2013,-1.7674243199189337,-0.43560870931954243,-0.9998235058370912,4,1.3318156105993912
2476,2017,-1.3776295882782197,0.5262143556033286,-0.4701886993331299,5,1.9038439438815482
2476,2018,-1.1755768784154168,3.340672429918262,0.1699144904512148,6,4.516249308333679
2476,2019,-1.7487573496348368,1.575264596848361,0.10736689501384862,5,3.3240219464831977
2477,2011,-1.642470856970775,0.48386620094925276,-0.864534757419996,4,2.126337057920028
2477,2012,-2.3272915400886256,1.471570579909205,-0.42749344027135316,4,3.7988621199978305
2477,2013,0.9990548321081499,2.746466862474383,1.6224260045954908,3,1.7474120303662328
2477,2015,-0.9828468342864981,2.4491183359846245,0.21434820569151167,5,3.4319651702711225
2477,2016,-1.4341806545735651,1.5661194446444304,-0.28094877361849996,6,3.000300099217996
2477,2017,-1.513618441412616,0.8661864884393192,-0.21848650679931783,3,2.379804929851935
2479,2014,-0.5340264140624371,1.912911527931549,0.40307989198381045,5,2.446937941993986
2479,2015,-1.2059541489753867,1.0243035472019164,-0.1402189516877712,6,2.2302576961773033
2479,2018,-1.930926177937892,2.293347020645479,0.0033165238966738064,10,4.22427319858337
2483,2011,-2.050233314567061,2.106545541002509,-0.03625532503941606,12,4.15677885556957
2483,2012,-1.205722723708314,1.3878342864653697,0.20777729986735383,12,2.593557010173684
2483,2013,-1.3310936007205443,1.3599415588604717,0.316745039262614,13,2.6910351595810162
2483,2014,-0.8913632785819233,2.1020728269664377,0.305297719950584,12,2.993436105548361
2483,2015,-2.135567960179089,1.9244605893196824,0.16708990383227196,12,4.060028549498772
2483,2016,-2.2391392177783933,1.3203177812499884,-0.18867645180789774,12,3.5594569990283818
2483,2017,-1.5355521274020347,2.134750677102734,0.2446458054453856,11,3.6703028045047685
2483,2018,-0.7760764885023809,0.998913529300799,0.23098168353309986,11,1.7749900178031799
2483,2019,-1.0046967083903506,2.657487560334737,0.19980474318471145,11,3.6621842687250874
2483,2020,-0.8519191544767518,1.7728373280013137,0.2981873810862049,10,2.6247564824780656
2483,2021,-0.8712385601628365,2.0042071053520036,0.2617440804649324,12,2.87544566551484
2484,2016,0.3769761126372982,3.703641285881943,1.6575807157358435,4,3.326665173244645
2486,2014,-1.9017254670062302,0.48553106176839056,-0.7373625842972745,7,2.387256528774621
2486,2015,-1.6852862703772957,-0.25613134187595177,-1.1694029003679185,3,1.4291549285013438
2486,2016,-1.276889900843886,0.8614419145661297,-0.001619500594164422,4,2.138331815410016
2486,2017,-1.0603222642979617,2.0331178633088007,0.18355525032849598,6,3.0934401276067627
2486,2018,-0.5575638151697555,1.354970438166612,0.5606244295778814,3,1.9125342533363674
2486,2020,-0.5274992604787291,1.176731828245062,0.03948531326976301,4,1.704231088723791
2487,2015,-0.8256575898465993,1.4666855582352574,-0.054829050161855616,5,2.292343148081857
2488,2015,-1.1531351824297218,3.826782690989484,1.0515355641895077,4,4.979917873419206
2488,2016,-0.41923290096747756,2.036662182470909,0.695526430187596,6,2.4558950834383864
2488,2018,-1.7764229121264763,2.658393050978964,0.3035998275754402,5,4.43481596310544
2489,2011,-2.310748218031355,0.9496352707793541,-0.5350036393040939,5,3.2603834888107093
2489,2012,-1.0610041667560157,1.934669962156559,0.4497218941788358,4,2.995674128912575
2489,2015,-0.1183059898670548,3.1040735211508697,1.271962343568524,4,3.2223795110179245
2489,2017,-2.1935627070845976,2.240856416863108,-0.31978834811972334,5,4.4344191239477055
2489,2019,-1.2570108763327503,3.048603406035748,0.36689309566349915,5,4.305614282368499
2489,2020,-1.2091916959682456,2.009911471621138,0.4636768067477815,4,3.2191031675893838
2491,2016,-1.6577802554637953,2.5341238412256755,0.12996381478112648,5,4.191904096689471
2491,2017,-0.793677454230518,1.5351639111165911,0.7513205127959328,5,2.328841365347109
2491,2020,-1.4848325503183541,2.0009897490412807,-0.06948115960503394,11,3.4858222993596346
2491,2021,-2.3538055842706553,0.9347315647920313,-0.8540333390163088,4,3.2885371490626865
2492,2011,-1.547318782382679,2.588074190957417,-0.1995926317256937,14,4.135392973340096
2492,2012,-2.3272915400886256,1.5981993172424658,-0.34068657990146695,12,3.9254908573310914
2492,2013,-1.2244247631504428,1.2177535426916395,-0.2746208406332116,12,2.4421783058420825
2492,2014,-1.2137313979496558,1.3521549162245936,0.006262491232666372,13,2.565886314174249
2492,2015,-2.135567960179089,1.3892933928005742,-0.4737542861436205,13,3.5248613529796633
2492,2016,-1.6625848749870564,1.3934942982228824,-0.22552572479916436,14,3.056079173209939
2492,2017,-1.702491848543722,2.052881669093249,-0.3494908332522852,13,3.755373517636971
2492,2018,-1.4750867554020848,1.238025726389894,-0.0628889717996145,14,2.7131124817919785
2492,2019,-0.7382196472276936,1.6221455478476992,0.1908270806064277,10,2.360365195075393
2492,2020,-1.7054236894495844,1.6649480704255206,0.02178702176580103,11,3.370371759875105
2492,2021,-0.8972734216972967,1.430166200786192,0.22748181807456228,12,2.327439622483489
2494,2011,-0.8232921563158704,1.1825198056944046,-0.04422390955993958,4,2.005811962010275
2494,2012,-1.7858445252843373,3.244372902574859,0.357073120329425,4,5.0302174278591965
2494,2013,-1.360589150503186,1.1217563192039395,0.07042256095141726,4,2.482345469707125
2496,2012,-0.8318664515815434,1.4112711811790803,0.32762981269568725,3,2.243137632760624
2496,2015,-0.37837112192818834,0.4747606763530461,0.03921394271420159,8,0.8531317982812344
2496,2016,-1.338970501936435,1.7997756783019727,0.23269908608596582,9,3.1387461802384076
2496,2017,-2.1935627070845976,0.8661864884393192,-0.45397143923856687,5,3.0597491955239167
2496,2018,-1.5516165729828826,1.1577377481243247,-0.4400247022433138,8,2.7093543211072073
2496,2019,-1.05872600806578,-0.5658464783735967,-0.8122862432196885,2,0.4928795296921834
2496,2020,-0.8001762346745355,1.8198378994615871,0.11843154299164109,9,2.6200141341361225
2496,2021,-2.3538055842706553,1.9616782534466952,-0.06585211547587588,8,4.31548383771735
2500,2013,-2.3044467435477203,0.8102833134992432,-0.5313428366140595,4,3.1147300570469634
2500,2016,-2.2391392177783933,0.8881710622587552,-0.48161521209733854,6,3.1273102800371486
2501,2011,-1.350099511506771,1.0874113825305305,0.12399131589553929,12,2.4375108940373016
2501,2012,-1.3000602877029197,1.0907435897717304,-0.08848664260701641,13,2.3908038774746503
2501,2013,-1.5098727494030868,1.153885339849696,-0.2533332028933663,13,2.6637580892527826
2501,2014,-1.4322079999134043,1.5673084112976319,-0.04186578715092247,13,2.999516411211036
2501,2015,-1.2593441313755993,2.0767446218376873,0.13866320161160564,13,3.3360887532132866
2501,2016,-1.7120404252798245,1.8457659145746894,-0.019604995132224298,13,3.5578063398545137
2501,2017,-1.4978668368024541,1.3791983296050054,-0.17603727076251177,13,2.8770651664074594
2501,2018,-0.800645628047118,0.9178892011138883,0.12121397023868186,12,1.7185348291610063
2501,2019,-0.8314162706278325,1.045697934132388,-0.07417526481373948,14,1.8771142047602205
2501,2020,-0.8993314980184652,1.1280395114243826,0.05414986294548968,12,2.027371009442848
2501,2021,-1.7056301461945318,2.084135493192747,-0.3084270044152107,14,3.7897656393872787
2502,2011,-1.8421390928974117,1.4383419830981916,0.14165411779327908,11,3.2804810759956036
2502,2012,-0.9826482629917878,2.4536047876459572,0.3498814729776331,12,3.436253050637745
2502,2013,-1.7765263948956929,1.071979199608359,0.07258328915284769,12,2.8485055945040516
2502,2014,-2.0633626278086785,1.6661469823002797,-0.03951410356295018,12,3.729509610108958
2502,2015,-0.5968570201941529,1.8387287527251959,0.2526691043065727,12,2.4355857729193486
2502,2016,-1.3597727201596734,2.345071695643884,0.1458283950430245,13,3.7048444158035574
2502,2017,-0.920760633412908,1.6918330967552966,0.5475968235960882,13,2.6125937301682045
2502,2018,-0.48889569703134866,3.680240047086207,0.9730487322870376,14,4.169135744117556
2502,2019,-0.5748028355287074,1.4073063983708982,0.4094734927680273,12,1.9821092338996056
2502,2020,-0.5281046711674409,1.4750894248960649,0.36353769780027223,12,2.0031940960635057
2502,2021,-1.111469327958085,1.9634534421911287,0.030259115027261484,15,3.0749227701492137
2504,2011,-2.310748218031355,1.1556485132042065,-0.4292832237845934,14,3.4663967312355615
2504,2012,-1.7325201980687635,1.5037717021176629,-0.10255759497189074,15,3.2362919001864263
2504,2013,-1.8020709278949845,1.7137271145764006,-0.3005558007598412,14,3.515798042471385
2504,2014,-1.4459287526937363,1.1396105796376113,-0.1701056402592703,13,2.5855393323313476
2504,2015,-1.7538722231285622,1.1075485005081476,-0.13088658199435,13,2.8614207236367095
2504,2016,-1.805206212414387,1.1628313029182145,-0.3663776064479354,14,2.9680375153326013
2504,2017,-1.5459967397779486,1.1890171691995457,-0.24753259605179806,16,2.7350139089774945
2504,2018,-1.8132094039863371,1.882249884696267,-0.18801424941057995,13,3.695459288682604
2504,2019,-1.3215950905682778,1.2251500691563566,0.0004375908202253383,12,2.5467451597246344
2504,2020,-1.4029358618442134,1.6988373062933915,-0.02189146316216145,14,3.101773168137605
2504,2021,-1.801656137020624,1.3790357492506835,0.05809308105745055,13,3.1806918862713074
2506,2011,-1.806801355592229,1.4377422449788584,-0.1701289430610518,10,3.2445436005710873
2506,2012,-2.3272915400886256,2.0383166387325877,-0.18318290071388124,13,4.365608178821214
2506,2013,-1.5508830200686163,1.0811294054163703,-0.059674883863943484,12,2.6320124254849864
2506,2014,-1.679975312516921,1.5367624474277155,-0.2936183675745043,9,3.2167377599446363
2506,2015,-1.3042786866988552,1.5489614578614046,-0.2682288255955747,12,2.8532401445602598
2506,2016,-1.261567459491426,2.6102452971384977,-0.08960422940833833,12,3.8718127566299234
2506,2017,-1.1377486299541917,0.5495146263895957,-0.22188504936392384,11,1.6872632563437873
2506,2018,-1.1953718627694307,1.7438104563128036,-0.11853783906414561,12,2.939182319082234
2506,2019,-1.3807406341313397,2.276425476184661,0.2395094920541623,14,3.657166110316001
2506,2020,-1.9063771413552508,1.0503146864524056,-0.12414867865486837,11,2.9566918278076564
2506,2021,-1.0759740063491543,1.357068947572088,-0.19947133964121083,13,2.4330429539212424
2507,2011,-1.361959372081149,2.8741228829369474,0.06984418092923099,11,4.236082255018096
2507,2012,-2.3272915400886256,0.8916109629228691,-0.3204199411914179,11,3.2189025030114946
2507,2013,-1.7462513928224581,1.753204075185917,-0.21938749634206137,10,3.4994554680083754
2507,2014,-1.7299224470338168,1.5535868009345186,-0.3303624280142026,10,3.283509247968335
2507,2015,-1.025571236481645,1.6988116799469213,0.013292560459713044,10,2.7243829164285662
2507,2016,-1.6577802554637953,2.058452577094796,-0.1410763059917599,12,3.716232832558591
2507,2017,-1.1736463085766253,1.0679074766839645,-0.11629059505840078,11,2.2415537852605896
2507,2018,-0.8322362877233827,1.163830748846455,0.1721296342686365,11,1.9960670365698376
2507,2019,-1.05872600806578,1.2197879963226572,-0.048823307511578644,12,2.2785140043884375
2507,2020,-0.9592378029554227,1.1927716502565804,0.10414565955198879,12,2.152009453212003
2507,2021,-0.9620321122077398,1.5418059623094769,-0.09671728937789387,11,2.5038380745172164
2508,2011,-2.310748218031355,2.346942480269658,0.6027343489788098,3,4.657690698301013
2508,2019,-0.8944328315017189,1.8686796834393093,0.5427232142911231,6,2.763112514941028
2508,2020,-2.23173034920252,3.3354245406285314,-0.058115323542182296,6,5.567154889831052
2509,2011,-1.4296436719196348,2.14832275223737,-0.028131007382650022,11,3.5779664241570046
2509,2012,-1.1437264574762365,1.6608401287956214,0.11300151287237528,13,2.804566586271858
2509,2013,-1.7853250673732266,1.2521311523805871,-0.2046055035111813,14,3.037456219753814
2509,2014,-0.7021156195372492,0.8012649897676144,0.2069465124511853,12,1.5033806093048636
2509,2015,-0.8610605728285586,1.6119377162358357,0.27849776338941096,11,2.4729982890643942
2509,2016,-0.495062330834599,2.5326551448998282,0.3787664280552505,13,3.0277174757344274
2509,2017,-1.921585000815805,2.2031443480670716,0.03113074392610325,12,4.124729348882877
2509,2018,-0.8965408799600177,2.109243980699324,0.21499239992381738,12,3.005784860659342
2509,2019,-1.010701848762439,2.52131895231015,0.27653490569081945,10,3.532020801072589
2509,2020,-0.8562801253829647,1.5828898960966005,0.19654447529063301,11,2.439170021479565
2509,2021,-1.8320243566193757,2.2585665764346206,0.1463865445225018,10,4.0905909330539965
2511,2011,-1.1099373348756252,0.40167165921452913,-0.0932844232962991,4,1.5116089940901543
2511,2021,-1.4593234797256047,1.7248077855102366,0.08310905817296213,10,3.184131265235841
2512,2016,-1.8620415124932486,0.14749231172364108,-1.038843837604993,3,2.0095338242168896
2512,2019,-1.8637625732296796,0.7484989341388922,-0.5576318195453938,2,2.6122615073685718
2514,2011,-1.0972972203160913,1.3337017551558326,0.1606733490513748,12,2.430998975471924
2514,2012,-1.0541593701434069,1.718122663189444,0.06770079864226837,12,2.772282033332851
2514,2013,-0.3688644938113931,1.5208197500834688,0.35079709796038716,12,1.889684243894862
2514,2014,-2.0633626278086785,1.1539288634025646,0.0013080306143836336,12,3.217291491211243
2514,2015,-1.3350671783092343,1.5285799485860192,-0.1185409345263861,11,2.8636471268952537
2514,2016,-0.982869276225009,0.7205064085504699,-0.17209899389394331,12,1.7033756847754788
2514,2017,-1.0821153497361662,1.5740938299722695,0.11067772516374999,11,2.6562091797084357
2514,2018,-1.1291795012948715,1.5943630472032355,0.029150078044540506,9,2.723542548498107
2514,2019,-1.0417301622143256,2.304634304613584,0.03750238610984643,9,3.34636446682791
2514,2020,-1.091554505773152,1.2429155598459862,0.08846157249371242,10,2.334470065619138
2514,2021,-1.434817120696973,0.9790003341063369,-0.030920481759161386,12,2.41381745480331
2515,2011,-1.410680961467781,0.8304681452690003,-0.2823060146132557,13,2.2411491067367812
2515,2012,-0.9877875508571632,1.3061241046434264,-0.10846479737032773,13,2.2939116555005894
2515,2013,-1.1786406988319507,1.8045333034605622,-0.05018571644496789,14,2.983174002292513
2515,2014,-1.5535838898932648,2.317779279203501,0.037911345943321094,14,3.8713631690967656
2515,2015,-0.9929176505745383,2.104752885488023,0.26013580799720865,11,3.0976705360625614
2515,2016,-0.7356246600682259,1.4059211272529277,0.10835762951693446,14,2.141545787321154
2515,2017,-1.274719104825163,0.5987156173608595,-0.055849006506836774,11,1.8734347221860226
2515,2018,-0.8804244408029666,1.1104258579016306,-0.037727425752494353,13,1.990850298704597
2515,2019,-1.8144746202604611,0.983904082648592,-0.014373937713649886,13,2.798378702909053
2515,2020,-0.8683454782234873,2.108980092672778,0.01563853831333965,14,2.9773255708962654
2515,2021,-1.1958999473191334,1.6990618748474031,0.13042528067313103,13,2.8949618221665365
2518,2013,-1.9505001461560199,0.8810726329775833,-0.7068329305208396,5,2.8315727791336034
2518,2015,-1.6852862703772957,0.9968264036594731,-0.5006079544548643,6,2.6821126740367687
2518,2016,-1.4341806545735651,1.2490145561091954,0.3510024216247968,5,2.6831952106827606
2518,2021,-1.6761676262819807,1.7120221636613935,-0.1360342681561074,10,3.3881897899433744
2519,2015,-2.135567960179089,1.1664977650340618,-0.23795226744296022,4,3.3020657252131507
2519,2020,-0.9869006843955771,1.9978613528119802,0.7142355446216385,4,2.9847620372075574
2520,2011,-0.6957445954682866,1.4403562550646392,0.21316656437424983,11,2.1361008505329258
2520,2012,-1.1265531601991152,1.403316792410426,0.2073980648811854,11,2.529869952609541
2520,2013,-1.4847809390616775,0.8311875420700278,-0.14817411413749595,12,2.3159684811317054
2520,2014,-1.6555396374763476,1.3292646345004095,0.03890737992010952,11,2.984804271976757
2520,2015,-1.3608897841760037,1.1826904675718855,0.020013474773148077,12,2.543580251747889
2520,2016,-0.7957652423766325,0.8413082708496069,-0.11365028192018571,12,1.6370735132262393
2520,2017,-0.9071816639213892,1.0372552686561554,0.15017564789510174,10,1.9444369325775446
2520,2018,-0.6953719972756991,1.7915007635351463,0.35992103187241625,11,2.4868727608108454
2520,2019,-0.8106755258023935,1.1179953762657475,0.36303828976819535,11,1.928670902068141
2520,2020,-1.3370090276225297,1.4712494338691737,-0.1223801703137453,12,2.8082584614917034
2520,2021,-1.3815424271564698,1.0865102024410787,0.10361685276010552,11,2.4680526295975485
2521,2013,-1.1593253990451604,3.292333827708542,1.0357290781981845,4,4.451659226753702
2521,2014,-1.2082499061441137,2.779535382387752,0.277296046052571,10,3.9877852885318656
2521,2016,-2.1145622972824083,2.456452400916438,0.043145270065129165,9,4.571014698198846
2521,2018,-1.5189174691074507,2.6734518488163332,0.1995256121028155,5,4.192369317923784
2521,2020,-1.5500379137130038,2.114058927043147,-0.2189746668304565,4,3.6640968407561507
2522,2014,-2.0633626278086785,1.40798782561533,-0.1078012726686434,5,3.4713504534240087
2522,2016,-1.3671007743064962,2.0795273594157644,0.7116186084913689,4,3.4466281337222604
2523,2011,-1.1951561717447414,1.630691491053433,0.04977310145507887,11,2.825847662798174
2523,2012,-0.8535577711247349,1.906221410062241,0.09925613334456541,11,2.7597791811869756
2523,2013,-1.5257642292859797,1.5936851157262066,-0.0558968495938748,12,3.1194493450121863
2523,2014,-0.9439830074832035,2.21414441851793,0.16840734182251038,11,3.158127426001134
2523,2015,-1.5390164220977325,1.7813736867709402,-0.09751001930238806,11,3.320390108868673
2523,2016,-1.396168722422226,1.672388752080514,-0.24012747329322226,11,3.06855747450274
2523,2017,-1.9810801240621034,1.088463026327143,-0.40787840543678283,12,3.0695431503892463
2523,2018,-0.8322362877233827,1.4909034945070085,-0.07522547575594078,12,2.323139782230391
2523,2019,-1.0738582743282592,1.2152012505697307,0.05762879851206748,11,2.28905952489799
2523,2020,-1.244451649528048,1.1020258079174439,0.0887401466728495,10,2.346477457445492
2523,2021,-0.8679963933038626,2.2054478612259625,0.24291784666191701,11,3.073444254529825
2524,2018,-1.581343031051457,0.8238771497323109,-0.005838592388783085,7,2.405220180783768
2524,2019,-1.6087509904758976,0.49134439690818815,-0.7128012050789209,5,2.1000953873840857
2524,2020,-2.23173034920252,4.031318901857413,-0.4467463016194852,5,6.263049251059933
2525,2011,-2.310748218031355,1.399343338201521,-0.5864330907855213,4,3.710091556232876
2525,2012,-1.6730430638667773,0.5276109016067136,-0.5886628489957818,3,2.200653965473491
2525,2013,-1.705460194115612,1.0811294054163703,-0.929743538259663,5,2.7865895995319825
2525,2014,-1.4786164284351155,1.5263293183456934,-0.36461262019754326,12,3.004945746780809
2525,2015,-1.1063526692035615,2.1871362619181265,0.03818800443406667,11,3.293488931121688
2525,2016,-1.1229300101343649,0.9114512876684608,-0.17314722505088698,6,2.0343812978028257
2525,2018,-2.205598650491519,1.7560235498011814,-0.001581231455308707,5,3.9616222002927004
2529,2011,-2.0269201911036374,1.7392247415389543,-0.11978750445489257,10,3.7661449326425918
2529,2012,-0.879962019746393,2.788181758281836,0.19698404611696985,10,3.6681437780282287
2529,2013,-1.250472431314657,2.8212657057461787,0.0846917794153843,12,4.071738137060835
2529,2014,-0.8993919117751843,1.3027953876327838,0.15735503925031544,11,2.202187299407968
2529,2015,-1.0098637356746056,1.1605651999510345,0.13457712528735463,11,2.1704289356256403
2529,2016,-1.5539661550504742,2.0606453631771777,-0.07399087123619509,11,3.614611518227652
2529,2017,-1.5093420623832325,1.7618822999495258,-0.11858387314689174,11,3.2712243623327586
2529,2018,-2.205598650491519,0.911009205166845,-0.15770364976694976,11,3.116607855658364
2529,2019,-0.7368152241885677,1.6982173955022888,0.32450706692998865,10,2.4350326196908565
2529,2020,-0.6360490113528557,1.1711441853312137,0.1445438783088987,10,1.8071931966840693
2529,2021,-1.8397354092447642,1.5415197097158562,-0.18944607770851468,11,3.3812551189606204
2532,2013,-0.014204054542600179,1.588965827760984,0.9365936678625557,3,1.603169882303584
2532,2014,-0.3452194740937655,-0.13045157987940115,-0.23783552698658333,2,0.21476789421436437
2534,2011,-2.0778636831163046,2.622071186634415,-0.14135759817329782,11,4.69993486975072
2534,2012,-1.3218524649139047,1.2270619998220715,-0.3113974008842978,10,2.5489144647359763
2534,2013,-1.2918742433172514,0.9094174323580274,0.17040836037869583,13,2.2012916756752787
2534,2014,-2.0633626278086785,1.4382026748230825,0.2407935527744877,12,3.501565302631761
2534,2015,-1.3350671783092343,2.100558494951945,0.336190799087329,14,3.435625673261179
2534,2016,-0.6526269094058452,1.975892469533366,0.3433114580725963,13,2.6285193789392114
2534,2017,-0.461869446197154,1.4110877276215792,0.32883887614946333,13,1.8729571738187332
2534,2018,-0.8190308803890737,1.4329908763643,0.037406991536275976,14,2.252021756753374
2534,2019,-0.8417350201509822,1.3894912517941314,0.16536128433165767,12,2.2312262719451135
2534,2020,-0.7688283343564045,2.0379853409111064,0.2986243877776798,12,2.806813675267511
2534,2021,-1.0199287617034745,2.576051980510034,0.17611589741867906,15,3.5959807422135084
2535,2011,-1.2168708587770845,0.4323089319243845,-0.08411257771995627,11,1.649179790701469
2535,2012,-2.3272915400886256,1.841558588721213,-0.11946307857382676,12,4.168850128809838
2535,2013,-1.266980519456479,1.4332293249086356,-0.031179396567727658,10,2.700209844365115
2535,2014,-1.0498025488945029,1.472775221193984,-0.00023463751032954633,14,2.522577770088487
2535,2015,-1.3100515288758015,1.3017631079946008,0.10395561060119,12,2.6118146368704025
2535,2016,-2.2391392177783933,1.1253211598720467,-0.10260730529081222,11,3.36446037765044
2535,2017,-1.60230682389157,1.3701526000088118,-0.10556357502912499,13,2.972459423900382
2535,2018,-2.205598650491519,1.3259045680551167,0.023544221707283233,13,3.5315032185466357
2535,2019,-1.1737312316606228,0.9755273476443671,0.07579044187045703,10,2.14925857930499
2535,2020,-1.2551088030219435,1.5465649677335094,0.203072583925188,9,2.801673770755453
2535,2021,-1.1971476904624,2.2975013593636087,0.2956867786944376,16,3.494649049826009
2536,2020,-0.8683454782234873,1.1915512290165735,0.12298261884048356,3,2.059896707240061
2539,2011,-1.511282180386735,1.4059812669423726,-0.04588097807531139,12,2.9172634473291073
2539,2012,-1.1740399887823163,1.5756130637480408,0.317441276826672,13,2.7496530525303573
2539,2013,-2.3044467435477203,1.2847929706274914,-0.06455992788370236,11,3.5892397141752115
2539,2014,-1.5435882283655116,1.2171955650912105,-0.021432504542298964,12,2.760783793456722
2539,2015,-1.293482722108203,1.7033927786806446,-0.09412162795741592,14,2.996875500788848
2539,2016,-1.0393920598807516,1.8314893705587543,0.029966971703769496,12,2.870881430439506
2539,2017,-1.0006780304670861,2.5615292505217844,0.2558003566760754,12,3.5622072809888703
2539,2018,-1.4208201574811554,1.490472189198684,-0.07737903174206008,13,2.9112923466798395
2539,2019,-1.5913817805050519,1.3816287365077138,0.310239306276081,11,2.9730105170127654
2539,2020,-1.6370847939370496,1.362213360482042,0.226861803820416,11,2.9992981544190913
2539,2021,-0.989741856158006,2.7212701861977178,0.35645426398658225,11,3.7110120423557236
2540,2011,-2.0261115642462935,2.655300992307822,-0.3382586152476927,12,4.681412556554116
2540,2012,-1.3816550870620883,2.188157480771994,0.04627879067474627,11,3.5698125678340826
2540,2013,-1.6218354485780127,2.399070587238836,-0.19780405728879205,12,4.020906035816848
2540,2014,-0.8298469225607978,2.466185148990205,0.1106787548116948,11,3.2960320715510028
2540,2015,-0.9986440922410061,1.683586301374728,0.14301595798619962,13,2.6822303936157343
2540,2016,-1.4418469266040874,1.488017685060752,-0.21703881413894227,14,2.9298646116648395
2540,2017,-2.1935627070845976,0.945460115657727,-0.30451276090163926,15,3.1390228227423247
2540,2018,-1.4789518977041454,1.7853688994329797,-0.2673085730954225,14,3.264320797137125
2540,2019,-1.0648760200227234,1.3459286670991146,0.08268437934780846,13,2.4108046871218383
2540,2020,-0.8645157454398382,1.5368789763922348,0.12532139489526267,10,2.401394721832073
2540,2021,-0.9314205951591618,1.5496296352676582,0.18913043994394796,13,2.48105023042682
2541,2011,-1.3771893882634296,2.453285163304847,0.12990234374273377,11,3.830474551568277
2541,2012,-1.495619748281191,2.0216069234262584,0.013273628476826489,11,3.5172266717074496
2541,2013,-1.2065949429170684,2.3183886209258753,0.0875385068128457,12,3.5249835638429436
2541,2014,-1.6868215145757024,1.4255861824422775,-0.08461776976038098,12,3.11240769701798
2541,2015,-1.1820302641282325,1.363172526096914,-0.2968670632257171,12,2.5452027902251464
2541,2016,-1.5866787996411464,1.7832363052631504,-0.40584286619538584,12,3.3699151049042966
2541,2017,-1.1668363891207425,2.0156160804086216,-0.01220364766493757,12,3.1824524695293643
2541,2018,-0.8166593989207196,1.2246428270215217,-0.030198442995300945,11,2.0413022259422413
2541,2019,-1.798858635161303,0.7396004070230855,-0.3868706928151582,11,2.5384590421843884
2541,2020,-1.025056382933721,1.6401630892138128,0.3019169880053825,12,2.665219472147534
2541,2021,-2.3538055842706553,1.4872952898386187,-0.3136894976394571,13,3.841100874109274
2542,2011,-1.7914786469369854,1.5680595436008917,-0.6314941509039443,12,3.359538190537877
2542,2012,-1.345918825755853,2.1292338894543636,-0.16449160642067123,13,3.475152715210217
2542,2013,-1.3287925294609058,1.505733730037045,-0.301433838627274,13,2.8345262594979506
2542,2014,-1.0438051519778508,1.6744268034811547,-0.16821237638462885,16,2.7182319554590055
2542,2015,-1.464340596499397,0.6493675330488092,-0.21258209522043414,12,2.1137081295482063
2542,2016,-1.2634318684392076,0.9402271728470153,-0.28549493318337005,13,2.203659041286223
2542,2017,-1.9742258471904097,1.9815336610766925,0.26444475044558013,13,3.955759508267102
2542,2018,-0.9770316806030904,1.4371612751434768,0.46529646013089987,16,2.414192955746567
2542,2019,-0.9541758047977411,0.7541238075162641,0.19620023536592615,13,1.708299612314005
2544,2014,-0.139359004063407,2.853535521762571,0.9545136394069249,4,2.992894525825978
2544,2015,-0.7632809055450523,0.9124927092484348,0.06078988965005905,4,1.6757736147934872
2544,2016,-1.8620415124932486,0.08629663147999898,-0.7402333551074639,9,1.9483381439732474
2544,2017,-2.1935627070845976,1.4489958590153031,-0.03838222214215625,4,3.6425585660999005
2544,2018,-2.205598650491519,1.0717433515688062,-0.6090314223818971,11,3.277342002060325
2544,2019,-1.1865095898378275,0.3788392868697549,-0.4038351514840363,2,1.5653488767075823
2545,2011,-0.9134410085410511,1.5680122064302595,0.15105461450773397,12,2.4814532149713107
2545,2012,-1.2443975104800489,1.4679697627338513,0.003162846492381991,13,2.7123672732139
2545,2013,-1.6110992993420608,1.9455054405181909,-0.10261134436579936,11,3.5566047398602514
2545,2014,-1.1537574287831363,1.877089238240196,0.1975481903321206,11,3.030846667023332
2545,2015,-2.135567960179089,1.0370589918188677,-0.05390774173023601,12,3.172626951997957
2545,2016,-1.0305245329664656,1.1174853791149424,0.17103673542196418,11,2.148009912081408
2545,2017,-1.0744289918015297,3.0551298700324523,0.2772771115802723,12,4.129558861833982
2545,2018,-0.9124977245085335,2.170505410063019,0.11191248979271123,11,3.0830031345715527
2545,2019,-0.9525044871611295,1.956654854481927,0.006175247859257703,14,2.909159341643057
2545,2020,-1.0994276597453572,1.1503960135010391,0.10740072598026183,11,2.2498236732463965
2545,2021,-1.4502883069524224,1.348907169224177,-0.2549150885069745,14,2.7991954761765996
2546,2011,-1.4032719491372831,1.125718699617563,-0.05240310279490152,11,2.528990648754846
2546,2012,-1.425489586377429,1.4937516669365387,-0.03689310513130886,13,2.9192412533139676
2546,2013,-1.7747307474512979,1.5622375950060043,0.08098550473971836,10,3.3369683424573022
2546,2014,-0.7211603811453107,1.9538767983961374,0.48038682984501463,13,2.675037179541448
2546,2015,-0.6946665528133503,4.0397237856740755,0.37983019114838984,14,4.734390338487426
2546,2016,-1.8163326997314129,1.1252000402674083,-0.22766554014212487,13,2.941532739998821
2546,2017,-1.2472485229019428,1.2437246028041486,-0.01934682951553367,12,2.490973125706091
2546,2018,-1.7478111962354737,2.032124223271873,0.17857804131082197,11,3.7799354195073467
2546,2019,-2.0116264321373345,3.6299484923393486,0.3654847954815548,12,5.641574924476683
2546,2020,-1.3568917236576405,2.381055130943208,0.28655103515698155,13,3.7379468546008487
2546,2021,-1.2149973493174657,1.2150876611363652,0.10068703725316397,12,2.4300850104538307
2547,2011,-1.3160942475589983,1.9639925307588908,0.14646291977240355,11,3.280086778317889
2547,2012,-1.345918825755853,2.5683776660125073,0.23900442247993683,13,3.9142964917683605
2547,2013,-1.7130423023362715,1.2295738981017188,-0.00393025954937634,13,2.9426162004379903
2547,2014,-0.8659384272223173,1.85418173174069,0.06573047220478385,12,2.7201201589630073
2547,2015,-1.4671085443908598,1.46356672402018,-0.0985198639519523,12,2.93067526841104
2547,2016,-0.7949991203090094,0.5392158230506743,-0.07012238996059049,11,1.3342149433596837
2547,2017,-1.0110509406985428,1.7473387510958664,0.09973975370322213,12,2.7583896917944095
2547,2018,-0.7836830728780445,1.1087295949171336,0.10017736270047473,10,1.892412667795178
2547,2019,-0.9149694785722265,0.8497390537513411,0.0030701384854108314,13,1.7647085323235676
2547,2020,-1.1713198939966056,1.8779943814998281,0.16129568752385676,13,3.0493142754964335
2547,2021,-0.8137193161145762,1.9121023869800426,0.15542717102986092,13,2.725821703094619
2550,2011,-1.792645544849557,2.1230150428513395,0.14743900616754288,12,3.9156605877008968
2550,2012,-1.137748856048901,1.454214131355804,-0.09382286822352692,10,2.591962987404705
2550,2013,-1.6674427121347308,1.6582955736418328,-0.04487522896994678,12,3.3257382857765636
2550,2014,-1.1424271966426858,1.1286005706066418,-0.017379406912265544,12,2.2710277672493273
2550,2015,-1.5667910888505079,1.355960552546292,-0.1504462397951705,12,2.9227516413968
2550,2016,-1.5468338886098643,1.7168982723105832,-0.08603409692228552,12,3.2637321609204477
2550,2017,-1.8217181867952326,1.2896822571858806,-0.41969439420047305,13,3.111400443981113
2550,2018,-0.9267592033794891,1.757992407124721,0.03392806351768302,12,2.68475161050421
2550,2019,-1.1865095898378275,2.214644256314005,-0.03984603076884364,11,3.4011538461518325
2550,2020,-0.6599943777622996,2.54281876437043,0.2343567611236787,10,3.2028131421327295
2550,2021,-1.2559270321804767,1.3226806466105494,0.05985429666357684,9,2.578607678791026
2553,2013,-1.6815007321383277,0.3909927288967671,-0.8399816765242566,5,2.0724934610350947
2553,2014,-1.533192740376648,1.250199168641511,-0.2311660336780373,6,2.7833919090181594
2553,2017,-0.957300405862813,1.0701697681409135,-0.05886719980003371,6,2.027470174003726
2553,2019,-2.208778244014208,0.40858201710980024,-0.5312882584756391,3,2.6173602611240083
2557,2014,-1.6063196214017559,1.8024594680498764,-0.27637525531387813,5,3.4087790894516323
2557,2015,-0.934816787374307,2.2979748317154916,0.5110107786490925,3,3.2327916190897987
2560,2020,-1.6093155167990487,0.7506740560641146,-0.5334460200190918,6,2.3599895728631632
2561,2011,-1.1835870690425099,1.545119819901517,-0.12722070301266583,12,2.7287068889440267
2561,2012,-1.5421933686224074,0.8694742193841545,-0.1614438595941211,8,2.411667588006562
2561,2013,-1.074948036818656,0.4859416928876915,-0.24614267360986222,11,1.5608897297063473
2561,2014,-0.9179338586654032,0.7951949498892353,0.03422762345800383,11,1.7131288085546386
2561,2015,-0.7528847914947945,1.3485788855003606,0.31882481441019866,11,2.101463676995155
2561,2016,-1.9220343292431579,1.1985740677214995,-0.15806983300921887,12,3.1206083969646574
2561,2017,-2.1935627070845976,1.7553443743180646,-0.19751713206819901,13,3.948907081402662
2561,2018,-1.0035309369089052,1.7108995448397235,0.005676032930686543,13,2.7144304817486287
2561,2019,-1.935884493111191,1.087293795325364,-0.5025487299445902,12,3.0231782884365552
2561,2020,-1.9805805045484879,1.7479900891852775,-0.06196598243660218,11,3.7285705937337656
2561,2021,-2.3538055842706553,1.5470015210423897,-0.22890783513844407,11,3.900807105313045
2562,2013,-0.821241954477738,1.1217563192039395,0.1972253340169835,3,1.9429982736816775
2562,2014,-2.0633626278086785,2.212200980514147,-0.5317669004272696,5,4.275563608322825
2562,2017,-1.6496072945470122,1.20615862127531,-0.22601678042629764,13,2.855765915822322
2562,2018,-2.205598650491519,2.9445102098889917,-0.19720639371517004,12,5.150108860380511
2562,2019,-1.2459438139178496,1.3793847321448873,0.005991883335884232,13,2.625328546062737
2562,2020,-1.6513705730425263,1.2146036302167018,-0.061683479019440685,9,2.865974203259228
2564,2015,-1.698931170068259,3.9162179507570123,1.3285991733627074,4,5.615149120825271
2564,2016,-2.2391392177783933,1.338454396465287,-0.11818616530497247,10,3.57759361424368
2564,2017,-1.853590574248607,1.6918330967552966,0.028136501211083503,5,3.5454236710039035
2564,2020,-1.1580647633065317,1.3471549371174414,0.09454508690545482,2,2.5052197004239734
2565,2011,-1.5265451922970008,1.1825198056944046,-0.1333583808083611,15,2.7090649979914057
2565,2012,-1.7539052350852078,1.792115421009155,-0.2693854986056728,12,3.546020656094363
2565,2013,-1.7011092022311174,1.6439747965863816,-0.19309884704506936,13,3.3450839988174987
2565,2014,-1.0843557334029408,1.3207004834596001,0.2049912662867649,11,2.405056216862541
2565,2015,-1.1475212808425825,1.131021025837557,0.20303636614655654,12,2.27854230668014
2565,2016,-1.0065760467933795,0.7660394181862986,-0.11119861764431475,12,1.7726154649796781
2565,2017,-1.379046138831703,1.5601247644217409,-0.070091757135736,11,2.939170903253444
2565,2018,-1.2518747874580909,1.7459777184548362,0.001079749673662693,12,2.997852505912927
2565,2019,-1.2640924787708563,1.0406558452626895,0.029063737219044927,12,2.304748324033546
2565,2020,-1.8276626555857503,0.9760578687644048,-0.17260661601142532,12,2.803720524350155
2565,2021,-1.5551608480697172,1.2584082533856074,-0.12166918610565286,13,2.8135691014553244
2566,2019,-2.208778244014208,0.8963627930465474,-0.1683881870916326,5,3.1051410370607555
2567,2011,-1.4733461821153735,1.865253170541771,-0.22174086413577757,10,3.3385993526571447
2567,2012,-2.036514439545582,1.1654082556024807,-0.3354198908785406,12,3.201922695148063
2567,2013,-1.7111648279197273,1.0703452342855002,-0.18539562378329755,9,2.7815100622052276
2567,2014,-1.034306169283775,1.2215103219189984,0.20713820788888374,11,2.2558164912027734
2567,2015,-0.7590971035492167,1.6039765271766393,0.47479291185683453,11,2.363073630725856
2567,2016,-1.2931992113004032,1.021602324110506,0.26794535499755856,9,2.3148015354109095
2567,2017,-1.4484183063481795,1.5902275579519518,-0.1460387387196078,11,3.0386458643001313
2567,2018,-1.844187502394641,1.1934731973596182,-0.11461120592137716,11,3.0376606997542592
2567,2019,-1.4420767533819228,1.6173993669805615,-0.16706597980144627,10,3.0594761203624845
2567,2020,-1.024395553817473,1.043727706320749,0.03416439032331203,10,2.068123260138222
2567,2021,-1.0759740063491543,1.7269531695153817,0.09955171482305336,12,2.8029271758645358
2568,2014,-1.2681077966606331,1.8638217235396943,-0.09903187061874551,11,3.1319295202003277
2568,2015,-1.2350045805755023,2.8521676807023137,0.38754892729147244,3,4.087172261277816
2569,2011,-0.8697751582444793,1.153886461237636,0.013741065849855339,11,2.023661619482115
2569,2012,-2.0565680326864815,1.7179600552627363,-0.14117658268392275,10,3.774528087949218
2569,2013,-2.3044467435477203,0.7294928539621528,-0.6221090856137957,14,3.033939597509873
2569,2014,-1.1797461487552947,0.8395848826260699,-0.21874487721480693,15,2.0193310313813644
2569,2015,-1.4494244328620707,1.080874865733157,-0.24416552212895032,13,2.530299298595228
2569,2016,-1.6325037788414214,2.1297060822616296,-0.17525173904311003,11,3.762209861103051
2569,2017,-1.689900288068315,1.5642183051525207,-0.3793481072187662,14,3.2541185932208356
2569,2018,-1.4564919071634448,1.3385622856843165,0.013391340009181376,14,2.7950541928477612
2569,2019,-1.4694589494759327,1.1666997472110479,-0.10997418310505205,13,2.6361586966869806
2569,2020,-1.106491307215458,1.0548684799769728,0.015159910729891939,14,2.161359787192431
2569,2021,-1.4489826461470492,1.3732031846670563,-0.17609644699619015,16,2.8221858308141057
2571,2011,-1.6703157470149659,2.187324990046983,0.18055734174177884,12,3.8576407370619488
2571,2012,-0.5608206542896346,2.344967780000738,0.4119595715973685,10,2.9057884342903724
2571,2013,-0.694289680159036,2.252333893254664,0.3275713540719404,10,2.9466235734137003
2571,2014,-1.7982776840926635,1.2599353933127655,-0.13035819973823162,11,3.058213077405429
2571,2015,-0.7960365010702365,1.6001023552135663,0.3435650992498883,14,2.3961388562838026
2571,2016,-1.914659796951641,2.879454705376765,0.07298586707942428,11,4.794114502328406
2571,2017,-1.165354305336723,3.029456236572443,0.00398623443150522,13,4.194810541909166
2571,2018,-0.7390340515275411,3.061057015903719,0.43509431709432295,10,3.8000910674312602
2571,2019,-0.710923066319522,3.0339530590809907,0.2939008060572586,10,3.7448761254005127
2571,2020,-1.1077829039119538,2.246037753216408,0.30483268216343024,12,3.353820657128362
2571,2021,-1.288945936002738,2.2699270989979343,0.3643693831013545,11,3.5588730350006723
2572,2011,-0.6400548153799048,2.2564036833270484,0.2952931299565561,11,2.896458498706953
2572,2012,-1.7457373390025381,2.3347704494127592,0.1795718787660985,11,4.080507788415297
2572,2013,-0.9967356508944152,2.367648342022725,0.6250562108041154,11,3.3643839929171397
2572,2014,-1.0763442203554308,0.9817587193088376,0.1308592353933571,12,2.0581029396642685
2572,2015,-1.6237024513457894,1.0860168889703363,-0.2046911498574161,12,2.7097193403161257
2572,2016,-1.3022729763505518,1.401062284714552,-0.09082909483814393,11,2.703335261065104
2572,2017,-1.7876258320565488,0.6828714081008421,-0.26194759251325367,14,2.470497240157391
2572,2018,-2.205598650491519,1.0197220499488011,-0.3182063454480773,12,3.22532070044032
2572,2019,-1.7562986757722034,1.0814374243945395,0.02970540693630506,13,2.837736100166743
2572,2020,-2.23173034920252,1.0996118751093786,-0.3634044529414063,14,3.3313422243118986
2572,2021,-1.4032932807831853,0.7772375819968256,-0.2810341956305077,13,2.180530862780011
2573,2013,-0.8886603539809188,0.4209420563683724,-0.2469397839272708,3,1.3096024103492911
2573,2015,-1.6019007722658525,0.4506653350927495,-0.4355193386485433,7,2.052566107358602
2573,2017,-1.00366024215863,1.088926851331865,0.01223678137985278,5,2.0925870934904953
2573,2018,-2.205598650491519,2.8435276832148646,-0.09830039712045881,13,5.049126333706384
2573,2020,-1.5068928228592369,0.9602484196774456,-0.32012878647086007,10,2.4671412425366825
2574,2013,-0.43560870931954243,1.588965827760984,0.6545468106468949,3,2.024574537080526
2574,2014,-1.460896846635917,2.3547197674582407,-0.053883328448589445,11,3.8156166140941576
2574,2018,-1.608484579722764,0.8844666657367877,-0.24407892801615907,3,2.492951245459552
2574,2019,-1.5814770244059746,1.6621292818609887,-0.3670870220455813,9,3.2436063062669636
2574,2020,-1.898810787684384,0.7301057498208963,-0.39558205138945457,11,2.6289165375052805
2576,2012,-1.205722723708314,1.492104969747031,0.5511034480291209,4,2.697827693455345
2576,2013,-0.7012768612441364,1.4633718738478,0.7923852029771877,4,2.1646487350919363
2576,2017,-0.8336741757406345,1.5321592965974926,-0.1267684717766168,8,2.365833472338127
2576,2018,-1.469868813294303,0.7876270119518549,-0.432431415733175,9,2.257495825246158
2576,2019,-0.7301396549376579,1.9806977583693506,0.0912732300837562,6,2.7108374133070083
2576,2020,-1.2981081005973127,1.3471549371174414,-0.02915166352137735,6,2.645263037714754
2576,2021,-1.9811047073768844,1.3322470443490597,0.13434739642481489,8,3.313351751725944
2579,2011,-0.9021420284104018,1.0606837547306722,-0.02508962046289627,11,1.962825783141074
2579,2012,-1.323513056022228,1.0999171960332559,-0.043979553767840046,11,2.423430252055484
2579,2013,-1.2996951122422484,1.7561675946270017,0.15585908033802792,13,3.05586270686925
2579,2014,-1.317811223607386,1.189015811855745,-0.12876982606559484,14,2.506827035463131
2579,2015,-1.2059541489753867,0.6892995405835294,-0.07390807676631216,12,1.895253689558916
2579,2016,-1.203726175407868,1.4556299364440002,0.07847945123758265,13,2.659356111851868
2579,2017,-1.8158158928223858,2.043308046115814,-0.21310233805001283,14,3.8591239389381995
2579,2018,-2.205598650491519,1.6030208279254043,-0.21666008818620033,13,3.808619478416923
2579,2019,-2.208778244014208,1.7089230644269322,-0.11799099276314078,12,3.9177013084411403
2579,2020,-2.027222618555665,1.0993859557568288,-0.18028727846049178,14,3.1266085743124936
2579,2021,-1.0227310239357583,1.6186029390004033,0.08078520422792919,14,2.6413339629361614
2582,2011,-1.2128639820032592,0.7189900102384864,-0.4034124865245313,14,1.9318539922417455
2582,2012,-1.2976545939034214,1.0275332454718664,-0.19467289408466454,11,2.325187839375288
2582,2013,-1.5134041893770631,2.3243380747173203,0.0227836077076218,10,3.8377422640943832
2582,2014,-1.6569824074893158,1.244515529196485,-0.0033352452901653693,12,2.901497936685801
2582,2015,-1.9421583752977816,1.8754132645606372,-0.1132988019087997,13,3.8175716398584187
2582,2016,-1.3291860593729354,1.338454396465287,0.03272549653813281,11,2.6676404558382227
2582,2017,-1.3436323749946206,1.3756823502506457,-0.18449246745340306,14,2.7193147252452663
2582,2018,-1.3326988436473646,1.1346768972899337,-0.028720167852242188,15,2.4673757409372983
2582,2019,-1.8801918908860857,0.9680595053450544,-0.20812860436754338,15,2.84825139623114
2582,2020,-0.5061963718696816,2.1730515416528173,0.3145892367974121,16,2.6792479135224987
2582,2021,-2.07773086064564,1.1980019177511807,-0.1400747397035329,17,3.2757327783968204
2584,2017,-2.1935627070845976,1.20615862127531,-0.08694677851570427,6,3.3997213283599077
2585,2011,-1.5422292528116879,0.4559200567594465,-0.2455998191846598,3,1.9981493095711345
2585,2012,-1.2663480651342767,1.5981993172424658,0.08340499135040036,5,2.8645473823767427
2585,2013,0.291161637324749,1.588965827760984,0.879229161116168,4,1.297804190436235
2585,2014,-1.6358062669763962,3.9424681282572904,1.1899309003679428,4,5.578274395233686
2585,2015,-0.6946665528133503,1.866935949170185,0.8200310203810154,4,2.5616025019835353
2585,2016,-2.2391392177783933,1.1433129265974504,-0.34087217603889464,5,3.3824521443758435
2585,2017,-0.5746477888179751,0.3967011621419985,-0.0021619336628215247,3,0.9713489509599735
2585,2020,0.245959464403607,2.3861861492748493,1.0436690538536755,5,2.140226684871242
2585,2021,-0.933992719913432,2.3049553769014843,0.1468733344529911,6,3.2389480968149162
2586,2020,-1.6591087033913263,1.60278960042601,0.07997618948067489,5,3.261898303817336
2587,2012,-1.634557859383139,1.9253235553533898,0.48235746581507616,4,3.5598814147365285
2587,2013,-0.7470817150242386,1.588965827760984,0.8353545308144884,4,2.3360475427852228
2587,2014,-0.5669153648956897,-0.024247676147023268,-0.19104164108708965,5,0.5426676887486664
2587,2019,-1.5187469024451512,-0.16424093566144732,-0.835853957362244,6,1.3545059667837038
2588,2014,-2.0633626278086785,2.0785896177540586,-0.1876499680324104,4,4.141952245562737
2588,2018,-1.1491660637467986,2.0452848533146173,0.013915907945483752,4,3.194450917061416
2588,2019,-0.32687458518950785,0.6140772442228426,0.15951114305745587,3,0.9409518294123504
2588,2020,-2.23173034920252,4.448855518594742,0.5424614752243819,4,6.680585867797262
2589,2012,-0.16150348087147184,0.7448317395617938,0.3358038316389888,4,0.9063352204332656
2589,2017,-1.490172087423927,2.3393990640619453,0.38115013577399914,5,3.8295711514858723
2589,2019,-1.5187469024451512,-0.10034914477542327,-0.7754996790878732,5,1.418397757669728
2589,2020,-1.6591087033913263,3.2992741842010567,-0.4725247282566345,6,4.958382887592383
2590,2011,-2.310748218031355,1.354496077631673,-0.5347093346720584,5,3.665244295663028
2590,2012,-1.7233698697299962,0.8621697814928861,-0.40437550523313137,5,2.5855396512228825
2590,2013,-1.6173739368461844,2.187952377193092,0.08466132946866098,5,3.8053263140392763
2590,2014,-1.6063196214017559,0.02941324363354638,-0.33034709102723536,10,1.6357328650353022
2590,2015,-1.5351923737766981,1.5346526057525092,-0.15625535347067812,12,3.0698449795292073
2590,2016,-0.785741811991898,1.8303735184237937,0.10013851153510867,3,2.616115330415692
2590,2017,-2.1935627070845976,0.8544633114449748,-0.3636445516633179,10,3.0480260185295722
2590,2018,-1.6969459235403574,1.827290827478405,0.2102862350555397,9,3.5242367510187624
2590,2019,-1.5618738612932173,3.2278323259238144,0.16642753254955217,10,4.789706187217032
2590,2020,-1.9666277354010415,2.7652038241498786,0.19820955212671587,9,4.73183155955092
2590,2021,-1.0686301467059272,2.5298610784753115,0.4877135393420332,5,3.5984912251812387
2591,2016,-2.2391392177783933,2.0795273594157644,-0.3782226663694185,5,4.318666577194158
2591,2021,-1.608403830483113,1.1699117972704538,-0.20762016017708737,8,2.7783156277535666
2592,2013,0.5271260355858828,1.7331662933650098,1.0235252141500453,3,1.2060402577791272
2592,2014,-1.1678053855248436,0.7972662612130678,-0.3619270063567816,11,1.9650716467379112
2592,2015,-1.7513275848815586,0.7462348545523884,-0.7673902455268489,12,2.497562439433947
2592,2016,-2.2391392177783933,-0.2459084898426285,-1.4317557495316529,6,1.9932307279357648
2592,2017,-1.3162152675078473,2.7360332190372683,0.8171571369129719,5,4.052248486545116
2592,2018,-1.6562537053842643,2.1179495285933543,-0.5602855498845063,9,3.7742032339776186
2592,2019,-1.1737312316606228,-0.7168185865675987,-0.9452749091141107,2,0.4569126450930241
2592,2020,-2.23173034920252,1.8139660614200448,0.011185757562435533,8,4.045696410622565
2592,2021,-1.3815424271564698,1.1998539396001862,-0.34588945927191234,12,2.581396366756656
2595,2011,-2.310748218031355,-0.11497974597516339,-1.4771694462322453,4,2.1957684720561916
2595,2014,-2.0633626278086785,2.906980066866606,-0.292960175809654,5,4.970342694675285
2595,2015,-2.135567960179089,2.667436731040039,0.08504979804152617,5,4.803004691219128
2595,2017,-1.6269424856912797,0.8284118070130978,-0.3048699346234937,7,2.4553542927043774
2595,2018,-1.7625785334695394,2.067084255898238,-0.6230657149985439,9,3.8296627893677773
2595,2019,-1.6087509904758976,1.9314098054001323,-0.449098799118356,10,3.54016079587603
2595,2020,-1.9395764482784417,1.1869063422075923,-0.42921366576774356,10,3.126482790486034
2595,2021,-2.157647228010776,0.6278014308795141,-0.558991825144989,9,2.78544865889029
2597,2011,-1.7964976093341802,1.6800772690143946,-0.043132418315653454,12,3.4765748783485746
2597,2012,-1.637868414607538,1.392829840401527,0.10039396748879519,13,3.0306982550090646
2597,2013,-1.2770184261190345,1.8932605978632673,0.15455893587759204,12,3.1702790239823018
2597,2014,-0.9159101329248672,1.2260125861856703,-0.00411505298009114,13,2.1419227191105374
2597,2015,-1.0897524225749238,1.296308702634579,0.11777681985138369,11,2.386061125209503
2597,2016,-1.7478499538505639,1.7141017259608737,-0.1391319013398829,13,3.4619516798114374
2597,2017,-1.1024188632127698,0.7930375234032587,-0.26153070908580883,11,1.8954563866160286
2597,2018,-1.1279603001442586,1.2056085113409745,-0.014190522425222452,13,2.3335688114852333
2597,2019,-1.7487573496348368,1.0608470081880086,-0.1188487691084188,12,2.8096043578228453
2597,2020,-1.0675146536526532,1.0659065845579159,-0.04125811659818745,13,2.133421238210569
2597,2021,-0.9561772959190136,1.7062550321040433,0.18162497437268044,11,2.6624323280230566
2598,2011,-1.2415044403344269,1.487770963554904,-0.047402798046709105,11,2.7292754038893308
2598,2012,-0.8793645845156821,4.028265086066475,0.5088987465475847,12,4.907629670582157
2598,2013,-1.2275453940368022,1.9450006056682698,-0.05241277783710289,13,3.172545999705072
2598,2014,-0.9718363889780279,0.7559842460478393,-0.12551944692884598,11,1.7278206350258674
2598,2015,-1.1302879085285737,1.0946964482136523,-0.05419039626325727,12,2.224984356742226
2598,2016,-1.4493685519925241,0.9668844714565226,-0.0427030177599123,12,2.4162530234490465
2598,2017,-1.6637360065609756,1.2687301794659827,-0.07451906847776042,13,2.932466186026958
2598,2018,-0.9217521878695047,1.825699630209527,0.40911585035178294,14,2.747451818079032
2598,2019,-1.41258823451145,1.1305038626337793,0.09202244137625064,12,2.5430920971452293
2598,2020,-0.6698113410834992,1.9436358181707687,0.37079437725269665,12,2.613447159254268
2598,2021,-1.1403608688025633,1.0723408622981143,0.0321225353540067,12,2.212701731100678
2599,2011,-1.3191108435543653,1.793919062991314,-0.04790501486010926,11,3.1130299065456795
2599,2012,-0.9445813276555847,1.4522961172354694,0.15954655632555736,8,2.396877444891054
2599,2013,-2.3044467435477203,1.6590060539115108,-0.1828510267028612,11,3.9634527974592313
2599,2014,-1.3059770743343497,1.4515758524036773,0.13127276257702758,12,2.757552926738027
2599,2015,-1.3727378033384037,1.4792151356906114,-0.12018680183908968,11,2.8519529390290153
2599,2016,-1.165861133505289,0.7923262516272986,-0.04964666493793713,12,1.9581873851325877
2599,2017,-1.2382691106859458,1.3164198535464418,0.11082101257174883,11,2.554688964232388
2599,2018,-2.205598650491519,1.7969484157741757,-0.19045384230566603,10,4.002547066265695
2599,2019,-1.2083610573527501,1.6611128001608295,0.1456556279885119,11,2.8694738575135794
2599,2020,-1.0168793804517076,1.7387028475209687,0.22396349620401834,11,2.7555822279726763
2599,2021,-1.3815424271564698,2.125859456739636,0.1021958659717609,12,3.507401883896106
2601,2012,-0.4430559285697019,0.28970236479876843,-0.051476099838402935,3,0.7327582933684703
2601,2014,-1.353313671426495,2.7965280069849325,0.20236560584870844,3,4.149841678411428
2601,2015,-1.3350671783092343,-0.33444120097191576,-0.8250436813875972,4,1.0006259773373185
2601,2016,-1.9708196967101175,0.9319096675739599,-0.34391803496011236,5,2.9027293642840775
2601,2017,-1.513618441412616,1.7727788426686282,-0.5973649371749671,6,3.286397284081244
2602,2011,-1.4568382566761695,1.1825198056944046,-0.007778928315854324,3,2.639358062370574
2603,2011,-1.3537246009653545,1.5459998118463483,-0.1762955346484704,11,2.899724412811703
2603,2012,-1.0535334447894513,1.3308486110122753,0.16037965882707553,9,2.3843820558017264
2603,2013,-1.8835372763792118,1.1421807785944111,0.021896968909131932,10,3.025718054973623
2603,2014,-1.589996656887223,1.1775215337884202,-0.14158941460352475,11,2.767518190675643
2603,2015,-1.1829058726645512,1.1747736189819644,-0.2981056849964674,11,2.3576794916465156
2603,2016,-1.3230584286766023,1.4376394978771276,-0.09216287568262573,11,2.76069792655373
2603,2017,-0.7266778699749927,2.240856416863108,0.2677881845769986,15,2.9675342868381005
2603,2018,-0.9466831512873941,1.303266726910587,0.03518357873541584,11,2.249949878197981
2603,2019,-0.9981969430158628,1.480678182812443,-0.03883815032305151,10,2.4788751258283055
2603,2020,-1.3002396582425302,2.0244271766996054,-0.04988281759553736,11,3.3246668349421356
2603,2021,-1.374995200509236,1.6501326287986509,-0.013830911778199367,12,3.0251278293078867
2605,2012,-1.1496442828892983,2.5218442248497817,0.8757770502210296,4,3.67148850773908
2605,2018,-1.4426195600647767,2.0452848533146173,0.014465145959296186,5,3.487904413379394
2605,2019,-0.9376678779659455,1.0913716504464983,0.18857910817442872,9,2.0290395284124436
2606,2014,-1.4006502685186406,1.664394393197785,-0.028429886483341698,6,3.0650446617164255
2606,2016,-1.2878245521726874,1.5978299334979544,0.0534704032038516,4,2.885654485670642
2606,2018,-1.581343031051457,1.442395125611343,0.07201301545152401,6,3.0237381566628
2606,2021,-1.2495066897705929,1.2971417812193478,-0.07655757680269493,8,2.5466484709899406
2608,2011,-0.8328271310704567,2.915180745462382,0.7145062478712388,10,3.7480078765328386
2608,2012,-0.6619317824330111,1.2056502315093567,0.39635830298217595,12,1.8675820139423678
2608,2013,-0.9796049658107308,1.4672966849075868,0.42822961861806047,12,2.4469016507183174
2608,2014,-0.9807137240180225,2.3547197674582407,0.3235128106160199,12,3.3354334914762633
2608,2015,-1.1380208320028085,1.8444499721513687,0.16026541850617204,10,2.982470804154177
2608,2016,-1.7092930749093924,1.5299856852435587,0.25045555841041267,11,3.239278760152951
2608,2017,-0.5916889984839395,2.004163949154002,0.40444511970185687,11,2.5958529476379417
2608,2018,-0.9793822551628258,2.2376325231700984,0.29542795269444005,12,3.217014778332924
2608,2019,-0.7933293382315275,1.7279742704355499,-0.02165478851804555,12,2.5213036086670773
2608,2020,-1.1257191528470802,1.8845417370757018,0.19003443729785124,13,3.0102608899227823
2608,2021,-1.181402163578329,1.3732031846670563,0.016386628465935305,12,2.554605348245385
2610,2017,-0.30482863577353775,1.7212679134510538,0.7457532592661777,4,2.0260965492245915
2610,2018,-1.0980483579365703,0.48141466796787813,-0.4125278201143769,3,1.5794630259044484
2610,2019,-2.208778244014208,1.691398903984808,-0.3655938763066309,4,3.900177147999016
2610,2020,-0.6979223693511082,1.176731828245062,0.025992582991722663,4,1.8746541975961701
2610,2021,-1.608403830483113,3.479773358414459,0.733880142620213,6,5.088177188897571
2612,2011,-1.850950546532409,1.047271596811217,-0.3947016023714868,11,2.898222143343626
2612,2012,-1.7500134728340533,0.8131011457762476,-0.22658943908998389,11,2.563114618610301
2612,2013,-1.4608740197641679,1.0047654903429306,-0.21667565047453527,11,2.4656395101070983
2612,2014,-1.0270223128695246,1.2119657632978553,-0.20185273839473636,12,2.23898807616738
2612,2015,-1.1876065079647873,0.9671029534916618,-0.08279422748699194,12,2.154709461456449
2612,2016,-0.9310815525705476,0.5929691906195461,-0.17340588429572534,10,1.5240507431900938
2612,2017,-0.9298279102801067,1.2142339688486115,0.048594004310008945,10,2.144061879128718
2612,2018,-1.5107426931385928,0.9453676959623667,-0.18165131045585864,10,2.4561103891009592
2612,2019,-1.8181944657675722,1.0189816028724075,-0.5138034096001055,13,2.8371760686399794
2612,2020,-0.9157276878651351,0.9892664084854453,0.05197962488692723,13,1.9049940963505805
2612,2021,-1.9763869747579759,1.1917771667076404,-0.35171959673327696,12,3.168164141465616
2615,2015,-1.068233584352616,3.010508494698549,0.6218395743221362,6,4.078742079051165
2616,2019,-2.208778244014208,-0.4198080992055424,-1.6124548624113195,3,1.7889701448086657
2616,2020,-1.0387685870958665,1.1915512290165735,-0.10654291632460385,10,2.23031981611244
2617,2011,-0.6921632591281975,1.8086906157109528,0.3556557179260897,12,2.5008538748391502
2617,2012,-1.285637946497083,1.7408483793527478,-0.04841627090860839,11,3.026486325849831
2617,2013,-2.3044467435477203,1.588965827760984,-0.17459614684886554,14,3.893412571308704
2617,2014,-2.0633626278086785,1.489681295848818,-0.12089412681831554,15,3.5530439236574964
2617,2015,-1.1586856501006222,2.3006201436438296,0.3952921105627431,15,3.459305793744452
2617,2016,-1.5093342662113614,2.035763810499011,0.38412268448268566,13,3.545098076710372
2617,2017,-1.3984011553440943,0.856572880569921,0.03395820370701132,13,2.254974035914015
2617,2018,-1.0121225417887305,2.1901395533803663,0.3688166252542968,12,3.2022620951690968
2617,2019,-2.208778244014208,1.3073470433309857,-0.3609340587295753,14,3.5161252873451936
2617,2020,-0.8390419572409061,2.0282849201024282,0.5078203579048753,12,2.8673268773433342
2617,2021,-0.8254638588789319,1.7762906555172244,0.27939336345327326,11,2.6017545143961565
2619,2011,-0.6076008532490559,0.6147776259015001,-0.08334876390458423,12,1.222378479150556
2619,2012,-1.25245475772416,1.1419380762333022,0.14573960972283445,11,2.394392833957462
2619,2013,-1.1364229721551091,1.2373867661377898,0.12526712709828736,12,2.373809738292899
2619,2014,-1.3634683869743152,1.174816457149568,-0.10105091556288946,13,2.538284844123883
2619,2015,-0.9746521343393945,1.4479887406656329,-0.06647142015596161,12,2.4226408750050274
2619,2016,-1.3861409149936554,1.9684864210731177,0.015734473205629384,11,3.3546273360667733
2619,2017,-1.0296941442226473,1.021093145739589,-0.05529678843987105,11,2.050787289962236
2619,2018,-0.8646547125955919,1.4762774207454255,-0.07448789202178661,13,2.3409321333410174
2619,2019,-1.3241226779000326,1.407283938496845,-0.05876036033889609,11,2.7314066163968773
2619,2020,-1.621214623889115,1.7195471629667258,-0.11655112798658769,10,3.3407617868558406
2619,2021,-1.6761676262819807,0.6161545284765836,-0.2799319281170124,12,2.292322154758564
2623,2011,-1.5572982521297207,1.6555732124031735,-0.14707232893042768,11,3.212871464532894
2623,2012,-1.5421933686224074,1.7988633866268027,-0.13464390172162308,12,3.34105675524921
2623,2013,-1.0540076695507643,0.8089087636064599,-0.30165405703321224,11,1.862916433157224
2623,2014,-0.8304094012225616,1.498152772457512,0.1455859557277117,14,2.3285621736800737
2623,2015,-0.9930621800849865,2.1776566473959837,0.14530330289738594,12,3.1707188274809703
2623,2016,-1.5851103851744706,1.0921399154846212,-0.2348172022596973,13,2.6772503006590918
2623,2017,-1.6459565870803172,1.1277297440914806,-0.028592881121805105,17,2.773686331171798
2623,2018,-1.0947908570761147,1.3422541199928333,0.0274605393636409,12,2.4370449770689477
2623,2019,-1.5647489918830884,0.8518446419775759,-0.07078595182572404,12,2.416593633860664
2623,2020,-1.1271361250296925,2.284622417389062,0.0016531880797288807,12,3.4117585424187546
2623,2021,-1.5773454240752987,2.0227807327761007,-0.22411011831545213,12,3.6001261568513994
2626,2014,-2.0633626278086785,4.3088715961339945,0.46983050309680213,5,6.372234223942673
2626,2016,-1.5415084630008755,0.9319096675739599,0.007231207924034255,6,2.4734181305748355
2626,2020,-1.873841820570524,1.021801729270172,-0.7952817762789632,5,2.8956435498406963
2627,2021,-0.7524015073546062,1.4242580993100389,0.5101540847420662,13,2.176659606664645
2628,2011,-2.310748218031355,1.489353458331296,-0.018971766176560014,11,3.800101676362651
2628,2012,-1.067078608030305,1.2605226843537696,0.2572987628376879,11,2.3276012923840748
2628,2013,-1.9111727464458312,1.0545758669931227,-0.4136120597491259,12,2.965748613438954
2628,2014,-1.3118331482014192,1.164450804223207,-0.23050337355790648,11,2.476283952424626
2628,2015,-1.1876065079647873,1.36932735503487,0.2128673898287909,15,2.5569338629996574
2628,2016,-1.6143952582761387,0.8614419145661297,-0.039360323417928854,11,2.4758371728422683
2628,2017,-1.7078882316046107,5.149835362172802,0.2764808283060617,19,6.857723593777413
2628,2018,-0.9736118250671614,1.6756428095053875,0.5458529087970411,11,2.6492546345725487
2628,2019,-1.9433815741799552,1.2572778034985659,-0.025508611545416022,12,3.2006593776785213
2628,2020,-2.23173034920252,1.0675545241236943,-0.30512877142997213,10,3.299284873326214
2628,2021,-1.1464647154598473,1.003619280459374,-0.23611485807208268,13,2.1500839959192213
2630,2011,-1.8586782384903744,1.6678230960154146,-0.1887432085607663,12,3.526501334505789
2630,2012,-2.0132522715021386,1.9464759496974042,-0.3449665911288171,13,3.959728221199543
2630,2013,-2.3044467435477203,2.2264263243228624,-0.300724836368461,13,4.530873067870583
2630,2014,-1.6904076204160168,1.781309073604449,-0.033137954262495724,13,3.471716694020466
2630,2015,-1.4252644495058377,2.732342199840298,0.2720057983791061,13,4.157606649346135
2630,2016,-1.1101931830761862,1.01902639519353,0.057118747611116065,13,2.1292195782697165
2630,2017,-0.9431844300676122,1.561056359943125,0.32599399155504066,13,2.504240790010737
2630,2018,-2.205598650491519,0.713824336231166,-0.13129879439943337,13,2.919422986722685
2630,2019,-0.3839019687902562,1.6288791495565946,0.31855255685528827,12,2.012781118346851
2630,2020,-1.5810239335079816,2.0570769673281495,-0.022201924333366225,13,3.638100900836131
2630,2021,-1.6165950585467126,1.6978555164560554,-0.1367021079371261,15,3.314450575002768
2631,2012,-1.8207765907555817,2.275008085747826,-0.396788660983948,3,4.095784676503408
2631,2014,-0.9108193942607865,2.1779964716475644,-0.08829377516001317,7,3.0888158659083507
2631,2015,-1.4806127750128442,2.7634968248644225,0.2615680175293671,3,4.244109599877267
2632,2016,-1.5640126808969246,3.151643887320607,0.16687596190897755,8,4.715656568217532
2632,2017,-2.1935627070845976,2.6631820477152703,-0.009599940111396107,6,4.856744754799868
2632,2018,-1.8169111893307257,0.9156794467087905,-0.5222926421508094,14,2.7325906360395162
2632,2020,-1.701525121599563,1.6725081449647103,-0.2113270955336756,3,3.3740332665642736
2633,2011,-1.019797725273909,2.1428889016514545,-0.021819074508668785,14,3.1626866269253635
2633,2012,-1.6011891849753601,1.2213183179949283,0.11692925040347474,12,2.8225075029702884
2633,2013,-1.9071597464754038,1.3359642888311762,-0.14513122243160134,12,3.2431240353065798
2633,2014,-1.2349721786961312,1.7871575453962434,-0.11612801913671385,13,3.0221297240923746
2633,2015,-0.9909266552623809,1.0450792944621499,-0.019324499849264945,11,2.036005949724531
2633,2016,-1.4639939346922626,2.3041220181880595,0.062301158999201856,12,3.768115952880322
2633,2017,-1.385708134008976,1.16439300299079,0.1508479853913319,12,2.550101136999766
2633,2018,-1.2641809018198127,1.4153319087432392,-0.05939094984987364,12,2.679512810563052
2633,2019,-1.1238233044402193,1.8577908815748139,0.15484100440516038,10,2.981614186015033
2633,2020,-0.6493306564908016,1.0329487342499502,0.034345793895030875,11,1.6822793907407516
2633,2021,-1.8397354092447642,1.246668936338924,-0.06370236628391697,12,3.0864043455836883
2634,2011,-0.9963321141887811,1.498923518981683,0.04961381975391814,10,2.495255633170464
2634,2012,-1.6488116388215235,2.1709849481759904,-0.3669358189347244,15,3.819796586997514
2634,2013,-1.727644881131616,1.6364464688745046,-0.26109163603020197,14,3.3640913500061207
2634,2014,-1.5930506308931678,2.104934190340677,-0.16088377309581292,13,3.697984821233845
2634,2015,-0.8093651723051505,0.9642941179816243,-0.1463676643868965,10,1.773659290286775
2634,2016,-0.9123568007168564,1.277373529880639,0.021883403204161267,12,2.1897303305974956
2634,2017,-0.9885981856405797,0.8828831344615674,-0.12490835445178818,12,1.8714813201021472
2634,2018,-1.7553159086003265,1.0324101722951438,-0.4529709086807694,13,2.78772608089547
2634,2019,-1.4984518629872379,1.3603493847912582,0.2001016917166273,13,2.858801247778496
2634,2020,-1.2223011658815053,1.3791092700310124,0.14352992763292852,12,2.6014104359125176
2634,2021,-1.5691721592311372,1.2722002369993675,-0.18676765998963946,13,2.8413723962305046
2635,2011,-1.4324408292088786,1.989687693729761,0.14723569875736311,13,3.42212852293864
2635,2012,-1.3865176969622015,2.3335428981591004,0.20466316205030713,10,3.7200605951213017
2635,2013,-1.4902349890915274,2.04414558557578,-0.06993600213551215,12,3.5343805746673076
2635,2014,-0.717228148000789,1.000697157548168,0.15738839267239088,14,1.717925305548957
2635,2015,-0.8665922889194896,1.2901045034110246,0.2398572603145288,12,2.1566967923305143
2635,2016,-1.1605653534842046,1.5418157853041388,0.2003685372798441,13,2.7023811387883434
2635,2017,-0.952394603080187,1.3606914089280329,0.14544121560853726,12,2.31308601200822
2635,2018,-1.07058843332777,1.0002719490463656,-0.02559971748383745,13,2.0708603823741356
2635,2019,-0.6753752627496374,0.9325216406396856,-0.03721906810958075,12,1.6078969033893231
2635,2020,-1.3633243606101764,1.015415297709375,-0.17817824596842782,14,2.3787396583195513
2635,2021,-1.6549914400948345,1.38675594382683,-0.27038701586164876,14,3.041747383921664
2636,2011,-1.3407728250356588,1.9522617969180016,-0.09233040902173073,13,3.2930346219536606
2636,2012,-1.232912270772079,1.9670743346915307,0.19555730064065155,11,3.19998660546361
2636,2013,-1.6856262024125621,1.5263931257220937,-0.3242120699816899,10,3.212019328134656
2636,2014,-1.2018365607316293,0.8936216524880788,-0.025881370249437662,11,2.095458213219708
2636,2015,-1.403860214251175,1.2982219608566763,-0.0685701387169487,13,2.702082175107851
2636,2016,-1.575943619086786,1.7902797968848556,0.18922425601953313,15,3.3662234159716418
2636,2017,-1.5269506819159884,2.802712836250957,0.047332503613458046,13,4.329663518166946
2636,2018,-1.2647913626109846,2.7097867497644113,0.40441333434249666,13,3.974578112375396
2636,2019,-0.7605643172643358,2.908568282387186,0.08458977294545676,12,3.6691325996515216
2636,2020,-1.2773609395171972,3.3131127369330224,0.10293633829322506,12,4.59047367645022
2636,2021,-1.2095485060880247,2.12399988480288,0.26082175863420687,13,3.3335483908909045
2637,2011,-0.38945080498218726,1.3895282811744494,0.5940361465673805,4,1.7789790861566366
2637,2012,-1.1641831379164505,2.325142068600075,0.0047533397622987195,4,3.4893252065165257
2637,2015,-1.4494244328620707,-0.10930035607101912,-0.8835984104846372,5,1.3401240767910516
2637,2016,0.0032453511493424035,1.850420379193262,0.9268328651713023,2,1.8471750280439196
2637,2017,-1.222213756124624,0.4062241910729786,-0.41316677237626886,4,1.6284379471976025
2637,2018,-0.7750128559413769,2.224602519728275,0.7658557979358056,4,2.999615375669652
2638,2011,-1.3941659659345043,2.517643186490114,0.11794343806485134,10,3.9118091524246186
2638,2012,-1.1496442828892983,1.0633392490902978,-0.1572715817824781,12,2.212983531979596
2638,2013,-0.518932698106786,0.9120860344180242,0.0507726727881665,12,1.43101873252481
2638,2014,-1.283701028643928,1.1176566967835035,-0.16016790270482315,14,2.401357725427432
2638,2015,-0.6087850119769819,1.6353016803738012,0.20985981603435025,9,2.244086692350783
2638,2016,-1.22808015288344,1.4017804148196005,-0.07662746514598913,14,2.6298605677030404
2638,2017,-2.1935627070845976,0.9799127476045085,-0.23577765193328926,13,3.173475454689106
2638,2018,-1.5778845511653623,0.8987268180658496,0.022099603505066102,11,2.476611369231212
2638,2019,-1.2921314434058668,1.008669946879634,-0.14015436952524604,9,2.3008013902855007
2638,2020,-1.418347329584347,1.7909930730193264,-0.03781612975932145,11,3.209340402603673
2638,2021,-1.5719156327452615,1.6252073363034136,0.05960567190558524,11,3.1971229690486753
2639,2013,-1.5257642292859797,1.2350192303692833,-0.26063203245513256,4,2.760783459655263
2639,2016,-1.9358214983099076,3.506055233330576,0.12880692793831267,10,5.441876731640484
2639,2017,-1.0110509406985428,1.7545007710107792,0.5535834318458983,5,2.765551711709322
2639,2018,-1.6170147807337463,1.582987177834374,-0.29162862646852206,9,3.2000019585681203
2639,2019,-2.208778244014208,1.9314098054001323,-0.20497774591117532,13,4.14018804941434
2639,2020,-2.23173034920252,1.658362353319177,-0.3378622794781246,8,3.890092702521697
2640,2011,-0.8697751582444793,1.226034563083376,-0.10916728427477129,12,2.0958097213278553
2640,2012,-1.263610146489233,1.0784208835642382,-0.09303184402703875,12,2.3420310300534712
2640,2013,-1.8177701721341324,1.4123137147251987,0.0937557764744573,10,3.2300838868593313
2640,2014,-0.927284297597185,2.419691567388637,0.15752284109271267,10,3.346975864985822
2640,2015,-1.6487769441771503,1.2108633313996897,-0.18067041228530245,13,2.85964027557684
2640,2016,-1.517452230077513,1.2558406887391123,-0.14010499059854087,11,2.773292918816625
2640,2017,-0.8643483531393706,1.3106276699957637,0.049777184908101055,11,2.1749760231351343
2640,2018,-1.7374069359114725,2.0456066948881944,-0.08610327527668292,13,3.783013630799667
2640,2019,-1.2444487293990667,1.6285531567314193,0.2487496462095769,13,2.873001886130486
2640,2020,-1.4766912592616002,1.2943949574665328,0.08970761322762082,15,2.7710862167281327
2640,2021,-1.9872145578177658,1.5924389946045687,0.08069828358146912,12,3.5796535524223345
2641,2011,-0.9313552035345166,1.0203460866611516,0.29500955390595734,12,1.9517012901956683
2641,2012,-0.9991179417435196,1.4602766654984005,-0.13609024614177936,12,2.4593946072419204
2641,2013,-0.9476514535462022,1.4074077285807851,0.0879668802340677,13,2.355059182126987
2641,2014,-1.6010051678388846,1.074320092396809,-0.09606213602621205,12,2.6753252602356934
2641,2015,-1.5238645325238227,1.9812932037230209,0.009952724231342436,15,3.5051577362468436
2641,2016,-1.6325037788414214,1.1168104772154968,-0.0392684500412352,13,2.749314256056918
2641,2017,-0.902411710794906,1.2386055904749276,0.04022755643838228,11,2.1410173012698337
2641,2018,-1.8267400676589296,1.8834811972612104,-0.07257132868893514,13,3.71022126492014
2641,2019,-1.1244432786914045,1.727867335115581,-0.13712261894530028,13,2.852310613806986
2641,2020,-0.9150835883490227,1.21964120957635,0.12396825401451946,11,2.1347247979253727
2641,2021,-0.8140085341931032,1.5693615409269357,0.25184068808554777,16,2.383370075120039
2642,2012,-1.5795789958350845,2.5795720315752386,0.6434119378164853,5,4.159151027410323
2642,2016,-1.6049294407079226,1.946645310886713,0.39687057274794385,6,3.551574751594636
2642,2019,-0.7811271924920216,0.6465238590301647,0.019456387002823615,5,1.4276510515221863
2642,2020,-0.6154595747354408,3.136597580277422,0.4695816479562474,5,3.7520571550128627
2643,2011,-1.4040685399632085,1.3588512066191702,-0.3449979153929678,12,2.7629197465823787
2643,2012,-0.5229431109294224,1.353810781377495,-0.05797825273310558,11,1.8767538923069176
2643,2013,-0.8456011572179384,1.5235303223608374,0.03388979937648389,13,2.3691314795787757
2643,2014,-1.3270155619308588,0.8656465423610248,-0.16381810782048395,12,2.1926621042918835
2643,2015,-1.660545518190384,1.3167246057414803,-0.1118775509695403,11,2.9772701239318646
2643,2016,-1.5415084630008755,2.064859591529204,0.44105071593012823,13,3.60636805453008
2643,2017,-0.9936610617811007,2.196564953556139,0.831287897076229,14,3.1902260153372395
2643,2018,-0.7065059305685534,2.0059286975618567,0.6052477161464755,13,2.71243462813041
2643,2019,-0.9420540420999974,1.9684776047406192,0.39208448199972856,13,2.9105316468406164
2643,2020,-2.0008345242786514,2.8809629169688535,0.20576968306153934,15,4.881797441247505
2643,2021,-1.411343596723188,2.104764587588517,0.3167795716860558,13,3.5161081843117046
2644,2014,-1.3777981181982946,0.6233090990428267,0.10110033166659216,5,2.0011072172411213
2644,2015,-0.498179997263477,0.6353962847550237,0.13548667471976242,4,1.1335762820185007
2644,2016,-1.1139283229759454,1.0746068674148157,0.13491151244774588,3,2.188535190390761
2644,2020,-0.8001762346745355,0.7301057498208963,-0.04372379360956092,6,1.5302819844954318
2645,2015,-1.6209603146913252,0.4842527804858903,-0.26738626534775256,3,2.1052130951772154
2645,2020,-1.2981081005973127,1.2317070246555073,-0.19863959535355197,7,2.52981512525282
2646,2016,-0.970719663637452,0.5513838013316777,-0.040545323934094935,3,1.5221034649691298
2648,2011,-1.522523638318876,1.1343367984706012,-0.2903482428166128,5,2.6568604367894775
2648,2013,-1.6815007321383277,1.0811294054163703,-0.794587055773412,6,2.762630137554698
2648,2014,-1.3385209848351995,1.40798782561533,-0.007062865029700063,8,2.7465088104505293
2648,2015,-2.135567960179089,1.9469860273571702,-0.3808797083297938,10,4.08255398753626
2648,2016,-2.2391392177783933,1.765778078166616,-0.05715063461480493,12,4.00491729594501
2648,2017,-1.768597541039609,2.0771616062270217,-0.2206774967280035,10,3.845759147266631
2648,2018,-2.205598650491519,0.7034940391158631,-0.9821958008970623,12,2.909092689607382
2648,2020,-1.2091916959682456,-1.0387685870958665,-1.123980141532056,2,0.1704231088723791
2648,2021,-1.935040554052935,0.5550793085587782,-0.4442359040300426,10,2.490119862611713
2649,2011,-1.4006599697449074,1.097784172300819,-0.3145613576503397,11,2.4984441420457264
2649,2012,-1.6730430638667773,1.5947468186872054,-0.0722104464509797,12,3.2677898825539824
2649,2013,-1.8020709278949845,1.8942495202481329,-0.3353859418184275,12,3.6963204481431173
2649,2014,-0.9193948647484941,1.3559123612675348,0.3619560015151061,9,2.2753072260160287
2649,2015,-0.9433327531388799,1.3945092582305985,0.3598115092538818,10,2.3378420113694784
2649,2016,-0.9141815827358208,2.0422491283239497,0.07321311783776556,11,2.9564307110597703
2649,2017,-1.2617872319044747,1.6989167718762448,0.11984288572159722,11,2.9607040037807195
2649,2018,-1.1755768784154168,1.5720954292478808,0.40072083543018255,11,2.7476723076632976
2649,2019,-1.2082327987390757,1.8633232214122937,0.1332184259945239,10,3.0715560201513696
2649,2020,-1.0289902119966314,1.7870002552416449,0.1410785297224712,10,2.8159904672382763
2649,2021,-2.036613348616382,1.595005657745301,-0.051280169716111886,11,3.631619006361683
2650,2014,-2.0633626278086785,4.298676021375686,0.6242733599810197,9,6.362038649184364
2650,2017,-1.1474946060507798,2.3130446351599305,0.25475749125819225,8,3.4605392412107103
2650,2018,-0.3172254016853315,2.6197285700451762,1.2034275437236626,5,2.9369539717305075
2650,2019,-2.208778244014208,1.329844020442493,0.0633756877980921,4,3.538622264456701
2650,2020,-0.7580717018943007,2.323214560659249,0.812117848148851,6,3.0812862625535495
2652,2015,-2.135567960179089,1.7239893809791391,-0.4578724550707925,5,3.8595573411582285
2652,2016,-2.2391392177783933,1.1433129265974504,-0.8448541487407469,9,3.3824521443758435
2652,2017,-1.5269506819159884,1.5962905769887417,0.21351956079810294,7,3.12324125890473
2652,2018,-1.9840885919805291,0.6219120963840555,-0.7592764522361914,8,2.6060006883645848
2652,2019,-0.5658464783735967,2.3914306997795034,0.7896986076464954,5,2.9572771781531
2652,2020,-1.5810239335079816,1.6725081449647103,-0.04809437205403415,8,3.253532078472692
2653,2011,-1.3145199297836385,1.3936237725958176,0.007425011655026454,11,2.708143702379456
2653,2012,-0.5033260912277145,1.213607307571514,0.31542010212599825,10,1.7169333987992283
2653,2013,-1.1508430187155119,0.4619253465926747,-0.1476165237214956,12,1.6127683653081866
2653,2014,-0.973038951855917,0.7905902008379843,0.05861804495273321,9,1.7636291526939014
2653,2015,-1.2131916267442737,1.8304599283214351,-0.02365711184526912,10,3.0436515550657086
2653,2016,-1.6673107302558379,1.098469811047013,-0.23833355522280747,11,2.765780541302851
2653,2017,-1.181347942653816,1.819223123110703,0.24785413438740245,12,3.000571065764519
2653,2018,-0.9180714353963912,1.753415074278355,0.11690773301262487,10,2.671486509674746
2653,2019,-0.46417070117923426,2.157349271223629,0.15569395947417647,13,2.6215199724028633
2653,2020,-1.0106988985757097,1.3673746280006052,0.09995440217185562,14,2.3780735265763147
2653,2021,-1.1891153439776205,0.7391098935013991,-0.24415922276506527,13,1.9282252374790196
2654,2011,-0.23366993365387623,2.1516199671150997,0.6735961061341629,4,2.385289900768976
2654,2013,-1.3310936007205443,1.0811294054163703,-0.18044264839579544,5,2.4122230061369145
2654,2014,-1.4006502685186406,2.3547197674582407,0.6113966508141044,6,3.755370035976881
2654,2015,-0.9735506961744611,2.667436731040039,0.5856828025757487,6,3.6409874272145
2654,2017,-1.1736463085766253,-0.41979505750551543,-0.8622931361040633,4,0.75385125107111
2654,2019,-1.346239067052887,0.9074923308137902,-0.24713538177228198,5,2.253731397866677
2654,2021,-1.8568710817456273,3.6094084460296836,0.39870667650025987,6,5.466279527775311
2655,2011,-0.9881806964905325,1.304558189517726,-0.15394041549455117,12,2.2927388860082587
2655,2012,-1.509480944811315,1.2155978691595133,-0.1274956468358107,14,2.7250788139708284
2655,2013,-1.5744318864273383,1.5391301468482324,-0.04061946729192667,13,3.1135620332755707
2655,2014,-1.533192740376648,1.0363209984309751,-0.5947072173044196,14,2.5695137388076232
2655,2015,-0.8186150609738441,0.9334214422162153,-0.06031461156164077,12,1.7520365031900593
2655,2016,-1.1448164651862087,0.8001712396163071,-0.19832772785589628,12,1.9449877048025157
2655,2017,-1.5192378155090787,1.2887686722448033,0.0007643787152538592,10,2.808006487753882
2655,2018,-1.5410684749585497,1.320307891005122,-0.2282094518970841,11,2.8613763659636717
2655,2019,-1.5187469024451512,1.2278218559417036,-0.25383671802737073,11,2.7465687583868545
2655,2020,-1.5038214774086296,1.102981477037132,-0.2125061610371822,11,2.6068029544457616
2655,2021,-1.6632908954888466,1.0368305520914507,-0.13402926501495985,10,2.7001214475802975
2657,2013,-0.6116586690656751,0.6419195266318397,0.15314603305391575,4,1.2535781956975147
2657,2014,-1.460896846635917,1.5708664392657228,-0.36555292911578596,4,3.03176328590164
2657,2019,-1.5516055377579634,1.44432885841021,-0.1340381067941441,6,2.9959343961681735
2657,2021,-2.3538055842706553,2.1637808023205105,-0.07505971776762821,6,4.517586386591166
2658,2011,-1.308332176440485,0.7228792762568047,-0.09203155547508457,4,2.0312114526972898
2658,2015,-1.1063526692035615,2.067061144637649,0.7905896162407583,6,3.1734138138412105
2658,2017,-1.3066788822950566,1.8861028869472913,0.2517282910422018,6,3.192781769242348
2660,2018,-2.205598650491519,1.3318498596688317,0.0036480181621204124,6,3.537448510160351
2660,2019,-1.41258823451145,0.8273596588896417,-0.5431438520299255,5,2.2399478934010917
2660,2020,-2.0433679657119956,1.2504283077574427,-0.3325925026416328,8,3.2937962734694386
2662,2012,-0.5429775140290387,0.9942776468838362,0.11748011356554469,4,1.537255160912875
2662,2013,-1.3310936007205443,2.5159688209297233,0.5924376101045895,2,3.847062421650268
2662,2014,-2.0633626278086785,0.4612558837724182,-0.5615118963948332,6,2.524618511581097
2662,2018,-1.6562537053842643,4.349085353629132,0.5309447631562669,4,6.005339059013396
2662,2019,-1.5814770244059746,0.8101088753504153,-0.06831244381840336,6,2.39158589975639
2662,2020,-0.4422877060425394,1.5175780459898207,0.566617098481945,5,1.9598657520323601
2666,2011,-1.1722016028911075,1.7720087846981267,0.06489312257990443,6,2.9442103875892345
2666,2013,-1.5965535487643197,4.022348684828924,0.8665288874531797,5,5.618902233593244
2666,2014,-2.0633626278086785,2.2697566444723387,-0.5366332371540501,6,4.333119272281017
2666,2015,-1.4494244328620707,2.23079994092921,-0.22952193212038108,8,3.6802243737912805
2666,2016,-2.2391392177783933,2.1210529995810927,-0.6307127553746719,3,4.3601922173594865
2666,2017,-1.853590574248607,1.2491930684697394,-0.4681714832463678,11,3.1027836427183466
2666,2019,-1.633752126039994,2.4959809030475424,0.14773788103727234,6,4.129733029087537
2666,2020,-1.5810239335079816,1.7050434657494378,-0.17316963339564875,6,3.286067399257419
2667,2014,-2.0633626278086785,1.445114568432699,-0.5033100163406659,5,3.5084771962413774
2667,2016,-1.4849438072081038,3.2573455168323524,0.10385790524172635,7,4.742289324040456
2670,2011,-1.2012666133128216,1.4608589124844409,0.13948491537054966,12,2.6621255257972622
2670,2012,-1.6837684487228732,0.948283612386325,-0.15470139029210309,12,2.6320520611091984
2670,2013,-1.1831439230108136,1.9528727314109433,0.14731084705787378,12,3.136016654421757
2670,2014,-0.8889356619782316,1.6421978847028578,0.18196050476843484,12,2.5311335466810894
2670,2015,-0.6946665528133503,1.8272826596657956,0.16750556674600675,13,2.521949212479146
2670,2016,-1.9171557924964622,1.6133539602845568,0.04022863041153618,12,3.530509752781019
2670,2017,-1.295523110914056,1.1127596836830047,0.04647836888113826,12,2.408282794597061
2670,2018,-1.171440244792621,2.047877448270053,0.03305224560641984,12,3.219317693062674
2670,2019,-1.2719807273144952,1.280319284461384,0.08550875676775342,12,2.552300011775879
2670,2020,-0.8236443349126993,1.135135666600856,0.20026673021845165,13,1.9587800015135555
2670,2021,-1.3693127019097504,2.1906150295515676,0.10504053265565479,12,3.5599277314613182
2671,2011,-0.537242913678277,1.0195006312538692,0.29337785879152045,4,1.5567435449321463
2671,2012,-1.6730430638667773,3.8505301370226,0.11060415255157334,5,5.523573200889377
2671,2013,-1.360589150503186,1.7069480268915507,0.12592287044525885,5,3.067537177394737
2671,2014,-2.0633626278086785,1.7924183716969966,-0.4173663756645423,9,3.855780999505675
2672,2021,-1.5827003217318187,0.7306154658846922,-0.35165803138572593,5,2.313315787616511
2674,2011,-1.3783538852280823,1.8155281052957168,0.29649915946012206,11,3.193881990523799
2674,2012,-2.3272915400886256,2.2352068488759436,-0.06538845839499331,13,4.562498388964569
2674,2013,-1.1186358081237495,1.8830904650301434,0.3741296136034435,11,3.001726273153893
2674,2014,-0.5962894660215716,1.2751600861288952,0.21558000526479384,12,1.8714495521504668
2674,2015,-0.9308798982831435,1.816856496983909,0.140415126762025,11,2.7477363952670526
2674,2016,-0.8779084767490904,1.75488508655495,0.10616812955756513,13,2.6327935633040402
2674,2017,-1.065404060005525,2.2504302363652524,-0.032190210312365665,11,3.3158342963707774
2674,2018,-1.4208201574811554,1.0768009781151955,0.033031321057165434,12,2.4976211355963507
2674,2019,-1.1200977051117518,1.6478624437783649,-0.05865142439948276,11,2.7679601488901167
2674,2020,-1.1410224524192938,1.8733654678001026,0.17418340071041863,12,3.0143879202193964
2674,2021,-0.9912432386375135,1.2596378205165994,0.07893757328168907,13,2.250881059154113
2676,2014,-0.8584310654631551,2.670297081405878,1.3369381036541075,4,3.5287281468690335
2677,2014,-2.0633626278086785,1.1176566967835035,-0.459440929669813,4,3.181019324592182
2678,2011,-1.4430655153639889,2.3602744816594354,0.3500537741301396,11,3.803339997023424
2678,2012,-1.1641831379164505,2.390109620348304,0.24797007031869545,13,3.5542927582647543
2678,2013,-1.4229193689117874,2.830232013861383,0.21961337518558124,13,4.25315138277317
2678,2014,-0.8652385884142597,2.4226902658469633,0.23252047398671724,14,3.287928854261223
2678,2015,-0.49722525209559626,2.2979748317154916,0.5611051915061906,13,2.7952000838110878
2678,2016,-1.9290811045439409,1.8625435795795422,-0.26581515303424913,11,3.791624684123483
2678,2017,-1.4090116313092342,2.0176588752581694,-0.32458475117152447,12,3.4266705065674037
2678,2018,-1.1367771954587476,1.1625917252359212,-0.06964138620082504,11,2.299368920694669
2678,2019,-1.2230191846298413,2.154000560744989,0.016797661351380177,11,3.37701974537483
2678,2020,-0.4663609254572477,1.4344448221496358,0.36147888831260766,13,1.9008057476068836
2678,2021,-1.3815424271564698,1.689647325425919,0.07390198421807888,13,3.071189752582389
2679,2014,-0.19948411730544688,2.985874395353515,0.9813603414158172,5,3.185358512658962
2679,2016,-0.2043828496772998,2.6193606815650337,0.614062920912236,7,2.8237435312423336
2679,2017,-1.869779723431273,3.8059455194328855,0.5490564508869856,6,5.675725242864159
2679,2019,-1.1471915646771975,2.0741749105523515,0.09260190675541442,6,3.2213664752295488
2681,2011,-1.6703157470149659,1.1969573914169012,-0.19268550964432551,11,2.867273138431867
2681,2012,-1.5421933686224074,1.983261090713635,0.12671848207766565,12,3.5254544593360424
2681,2013,-1.1786406988319507,1.702919366433434,0.08471863179685674,12,2.8815600652653846
2681,2014,-0.8064943601896412,1.2078533309871955,0.042034675832204556,12,2.0143476911768365
2681,2015,-1.7482288721775463,1.6028279281855442,0.037642546762170014,12,3.3510568003630903
2681,2016,-1.0617033447361695,0.8440484106529778,0.10286100819129636,11,1.9057517553891472
2681,2017,-1.286970352855289,1.5839054355375222,-0.08844149427079892,13,2.8708757883928113
2681,2018,-1.146839119723132,1.4247521459271202,0.10486020595382013,12,2.571591265650252
2681,2019,-1.737672508806418,1.0751859441853493,-0.15486920093543693,13,2.812858452991767
2681,2020,-1.3228071018831649,1.405384610111383,0.03153478043278262,11,2.7281917119945476
2681,2021,-1.9811047073768844,1.5968237108033192,-0.36025708598727796,12,3.5779284181802034
2683,2016,-0.18728405666804698,2.4117324807383915,0.7292112486279075,5,2.5990165374064387
2684,2012,-0.9736740030779044,1.3528561386592726,-0.12597102052494025,3,2.326530141737177
2684,2013,-1.6273315137549023,0.9899792783288754,-0.4463539395146062,5,2.617310792083778
2684,2014,-2.0633626278086785,1.0135161831807835,-0.5937384370645735,9,3.076878810989462
2684,2015,-2.135567960179089,1.1746109486340943,-0.866216788143612,10,3.3101789088131834
2684,2016,-1.3089648780750365,0.9998607151172249,-0.21040105839691273,6,2.308825593192261
2684,2017,-2.1935627070845976,1.0964901913282163,-0.5069942223732752,11,3.2900528984128137
2684,2018,-1.025365369987652,2.9769008316523915,0.5062237478436832,7,4.002266201640044
2684,2019,-0.8944328315017189,0.9012221686913999,-0.059840544482401545,11,1.7956550001931189
2685,2018,-0.9339668331136151,0.7373206982973443,-0.35677810561546264,4,1.6712875314109592
2687,2021,-1.7056301461945318,0.13086692835448557,-0.6134845411583963,6,1.8364970745490174
2688,2014,-0.6432647150443117,0.7768331977200553,0.23572692406328802,4,1.420097912764367
2688,2018,-0.20277853812132016,1.3651434927056354,0.5387200898448283,4,1.5679220308269555
2689,2014,-1.6063196214017559,2.291604304668714,-0.21113020545894923,12,3.8979239260704697
2689,2015,-2.135567960179089,0.9520779127474935,-0.2136152532322523,6,3.0876458729265828
2689,2017,-0.15372991006865314,0.5262143556033286,0.18624222276733776,2,0.6799442656719817
2689,2018,-1.6773823571191588,1.9144884378128895,-0.28372152105869475,10,3.5918707949320483
2689,2019,-1.8801918908860857,1.5550290736351922,-0.26999967157497234,9,3.435220964521278
2689,2020,-2.23173034920252,-0.18665304273397082,-1.2632682593604425,4,2.0450773064685492
2691,2013,-2.3044467435477203,2.2842180726375383,-0.2288744126775827,6,4.588664816185259
2691,2014,-0.9108193942607865,3.123081923156836,0.5897223457958549,4,4.033901317417622
2691,2015,-0.7411472433735355,0.5187241060209556,-0.277864603332565,5,1.259871349394491
2691,2016,-1.789054859857414,0.6148047790387249,-0.6036185932494011,12,2.403859638896139
2691,2017,-2.1935627070845976,1.20615862127531,-0.1741881922940608,9,3.3997213283599077
2691,2018,-1.6691289775352156,2.343664176177932,-0.04623582438731978,13,4.012793153713147
2691,2019,-0.40869648339927733,2.276425476184661,0.7998968730546191,5,2.6851219595839386
2691,2021,-1.3256652342188728,0.01792726868970653,-0.7527265531264732,7,1.3435925029085793
2692,2011,-1.8304238647690632,2.462159039648683,0.19025654872950087,11,4.292582904417746
2692,2012,-1.0425854413257232,3.1749200217106326,0.24926520271248706,11,4.217505463036356
2692,2013,-0.6615616701053192,1.4907375289435625,0.3427766153024185,11,2.1522991990488816
2692,2014,-2.0633626278086785,1.7713613152676575,0.011620075883244284,11,3.834723943076336
2692,2015,-1.50261385358432,1.223693309064112,0.1340986269420056,9,2.726307162648432
2692,2016,-1.6049294407079226,1.543599519738857,0.08731791010126944,12,3.1485289604467797
2692,2017,-0.9602509125483066,2.832112300056135,0.5751305047221174,11,3.7923632126044415
2692,2018,-0.9673211102907403,2.3902459589680927,0.24585944139260169,11,3.357567069258833
2692,2019,-0.9391205755271436,2.1514591702312096,0.2242834777734452,10,3.0905797457583533
2692,2020,-1.2121049115045255,2.4553376907495106,0.015949332363940864,11,3.6674426022540363
2692,2021,-1.2682690496286035,1.8423011071751223,0.5907548410213056,12,3.1105701568037256
2695,2011,-1.7807351385695158,0.6641639053996145,-0.06920262379625655,5,2.44489904396913
2695,2013,-1.4626278092107032,-0.11440217218657427,-0.7914497593289299,3,1.348225637024129
2695,2014,-1.6617187736935042,2.5855151164647223,0.04976715586823791,9,4.247233890158227
2695,2019,-1.633752126039994,0.09132622788264776,-0.3773314224188657,5,1.7250783539226417
2697,2011,-0.7737102875920208,0.9829044900529325,0.10459710123045585,2,1.7566147776449532
2701,2011,-0.6400548153799048,3.3696093509835756,1.2667632548462837,3,4.00966416636348
2701,2013,-0.29494348093677636,1.477725468580735,0.5095817992805344,4,1.7726689495175114
2701,2014,-2.0633626278086785,2.133815647694895,0.4586260728228546,6,4.197178275503573
2701,2015,-1.5090890874113765,3.010508494698549,1.0453174956295452,5,4.519597582109926
2701,2016,-2.2391392177783933,1.0973556963749524,-0.4914514056028313,4,3.336494914153346
2701,2018,0.24683414016586724,2.1641906855889146,1.2618068928447534,5,1.9173565454230475
2701,2019,-0.8287155608760943,3.114320676661373,0.132188889746017,6,3.9430362375374672
2701,2020,-2.23173034920252,1.7050434657494378,-0.1847594526353887,5,3.936773814951958
2701,2021,-1.3815424271564698,2.1186049384545984,0.20105623402518613,6,3.500147365611068
2703,2011,-2.310748218031355,1.5318466080669806,-0.3010968226513025,6,3.8425948260983356
2703,2012,-2.3272915400886256,2.545731593149971,0.06506458815759553,5,4.873023133238597
2703,2014,-1.8740162394400963,1.1920665055458937,-0.6289110689763039,7,3.06608274498599
2703,2018,-1.10690876027701,1.8636231651177733,-0.009236175516403433,5,2.9705319253947833
2703,2020,-2.23173034920252,2.540116699224095,0.4353363294538026,5,4.771847048426615
2703,2021,-1.9988523681813497,0.5629838870719017,-0.7311669359189011,7,2.5618362552532514
2706,2011,-1.7195797832469957,1.6741649349595114,0.6020141002626261,7,3.393744718206507
2706,2012,-0.5155265290127372,2.383297488708684,0.977913317751538,5,2.898824017721421
2706,2014,-2.0633626278086785,4.298676021375686,0.4396218213432139,6,6.362038649184364
2706,2015,-0.25613134187595177,1.042891026657099,0.5134725080988604,5,1.2990223685330506
2706,2016,-1.3291860593729354,2.743937602061019,0.05412233463482904,6,4.0731236614339545
2706,2021,-1.0187576670392364,1.73388145262877,0.12678063790858815,8,2.7526391196680065
2710,2011,-1.642470856970775,1.3087281988096577,-0.32926717265350586,12,2.9511990557804326
2710,2012,-1.7074771941942428,0.7626530705013098,-0.4267330405734245,12,2.4701302646955527
2710,2013,-0.6241318443513322,0.7827541337021108,-0.03753788604885203,9,1.406885978053443
2710,2014,-0.9220246756980577,0.86506266664573,-0.2360770336402148,10,1.7870873423437876
2710,2015,-0.9551685021676083,1.3776410892407454,0.03488963775579816,10,2.3328095914083535
2710,2016,-1.107846101922959,1.4596056181990058,0.00149929313498251,12,2.567451720121965
2710,2017,-0.9221222102995915,1.6948249313065082,-0.08408213081481425,13,2.6169471416061
2710,2018,-1.8534544549099456,1.0699073056292765,-0.17507727415422256,14,2.923361760539222
2710,2019,-1.9623384791681162,1.234831676909168,-0.21037081681396508,12,3.1971701560772843
2710,2020,-0.5393892448186624,1.4085072563114978,0.23736364006065785,10,1.94789650113016
2710,2021,-2.3538055842706553,1.2079663426944487,-0.001799808309889501,14,3.561771926965104
2711,2011,-0.8478836997848038,1.2701347442354185,0.265916101001231,12,2.1180184440202225
2711,2012,-1.217913689103752,2.383297488708684,0.23220647575100184,13,3.601211177812436
2711,2013,-1.470144049695855,1.2837461041975866,-0.014848238334959688,13,2.7538901538934417
2711,2014,-1.5874471094675384,1.6636560772894848,0.14721611833530557,13,3.2511031867570233
2711,2015,-1.4494244328620707,1.2123709666760678,-0.08234248306042015,14,2.6617953995381383
2711,2016,-1.0847145736387065,1.715015453210091,0.04761786555397374,10,2.7997300268487972
2711,2017,-1.9794070328572018,1.958186682696411,0.0003280374712512392,12,3.9375937155536125
2711,2018,-1.1618432547877353,1.7379132768855579,-0.04177554914788881,13,2.899756531673293
2711,2019,-1.153953263271701,1.2379386266348194,-0.07701593105812009,12,2.3918918899065202
2711,2020,-0.8827658951280731,1.5347858162060606,-0.09730384697130103,14,2.417551711334134
2711,2021,-1.682272472750347,1.2220194074438333,-0.32615357094643616,15,2.9042918801941804
2714,2011,-1.350099511506771,0.21274689164516392,-0.415673783243809,5,1.562846403151935
2714,2012,-1.9534352679618552,0.7060423042126721,-0.9472557861653346,5,2.659477572174527
2714,2013,-1.1364229721551091,0.5271260355858828,-0.5472086083550771,5,1.663549007740992
2714,2014,-1.7400883062037822,0.39112759178405443,-0.7051684710601,8,2.1312158979878366
2714,2015,-2.135567960179089,2.156478785165664,-0.18885012126933598,8,4.292046745344753
2714,2016,-1.5415084630008755,1.5978299334979544,0.32941037935701295,3,3.1393383964988297
2714,2017,-1.60230682389157,0.1600905202414922,-0.5736976434780925,5,1.7623973441330623
2714,2018,-1.726518756502634,3.3620866039738986,0.18898210531535603,9,5.0886053604765324
2714,2019,-2.208778244014208,5.222328511344864,0.4598586527368979,6,7.431106755359073
2716,2012,-1.2567031244528737,4.004145326574425,1.0123815223067731,3,5.260848451027298
2716,2013,0.291161637324749,2.590129060383222,1.3931364454540878,4,2.298967423058473
2716,2020,-2.23173034920252,3.8076385714624155,0.2963654271021122,5,6.039368920664936
2716,2021,-1.1368231291073212,1.4712823627969964,0.11985208643185792,7,2.6081054919043174
2717,2011,-1.0811178736798877,1.4342807238105777,-0.10114117213695302,12,2.5153985974904653
2717,2012,-1.5008724122294486,1.3297564340354833,-0.11410511555479755,11,2.830628846264932
2717,2013,-1.395983810242356,1.4308577030377878,-0.07845488872653265,11,2.8268415132801437
2717,2014,-1.015004093338562,1.1803173732857954,0.1116593455433546,11,2.1953214666243577
2717,2015,-1.1749670219352633,1.5338462170531522,-0.10667427901194446,10,2.7088132389884154
2717,2016,-1.5496204485215443,1.2824473398844758,-0.25753757770843394,12,2.83206778840602
2717,2017,-1.4493451028665083,0.43847961164565336,-0.29617568779690273,15,1.8878247145121616
2717,2018,-1.7614764933774452,5.267108323393928,0.21065586728768826,16,7.028584816771373
2717,2019,-1.5618738612932173,1.2453949442825836,-0.1892723129990377,12,2.807268805575801
2717,2020,-1.028211403360409,1.8609335610431292,0.4861877731437281,13,2.8891449644035383
2717,2021,-2.3538055842706553,1.328657263125968,-0.02651754012728141,15,3.682462847396623
2720,2013,-0.6358413558439902,3.334288704554541,0.8086617264388828,5,3.970130060398531
2721,2018,-0.8322362877233827,1.2278072564288216,0.132446729517993,5,2.0600435441522045
2721,2021,0.057788325041981684,0.7720727380641997,0.4357865679078141,4,0.714284413022218
2724,2011,-2.310748218031355,1.4398507835010903,0.06721872270905073,14,3.7505990015324455
2724,2012,-1.205722723708314,1.8381187844655622,0.1705213119049109,13,3.043841508173876
2724,2013,-0.9471102507978969,2.022450986364302,0.23472801384548383,12,2.969561237162199
2724,2014,-1.6735318282263032,1.9048542348094821,-0.03517481259448304,12,3.5783860630357855
2724,2015,-0.8551913780371198,1.687623774031337,0.1257426541313894,15,2.5428151520684565
2724,2016,-1.2963949545655316,1.6305313751281503,0.13756531422151627,16,2.926926329693682
2724,2017,-1.222213756124624,1.8676949203639557,0.3034173613139802,16,3.0899086764885797
2724,2018,-1.469868813294303,1.8373135413099553,0.3049385284533712,13,3.307182354604258
2724,2019,-1.7905774309420524,1.5458862218514287,-0.21907180529273057,13,3.336463652793481
2724,2020,-1.3834019850377886,1.2338990736263036,-0.0015055553613390615,12,2.617301058664092
2724,2021,-1.3762295137296163,1.2429582545697708,-0.059196514739098996,13,2.619187768299387
2725,2016,-1.4639939346922626,0.5949857235052725,-0.5641636418369889,5,2.058979658197535
2725,2020,-1.3370090276225297,0.9261096093150929,-0.15333760312998337,8,2.2631186369376226
2726,2015,-0.7632809055450523,1.9812932037230209,0.7009003714975136,7,2.7445741092680733
2726,2019,-2.208778244014208,1.6472792529893445,-0.44259165701678527,15,3.856057497003553
2726,2020,-2.23173034920252,2.937770619926313,-0.1698639624222987,10,5.169500969128833
2728,2011,-2.310748218031355,1.7453240984057772,-0.7025511241457553,3,4.056072316437132
2728,2012,-1.9859445090163572,0.9650556305761608,-0.13590844430590296,5,2.951000139592518
2728,2014,-1.6215543882819867,6.330993923198468,1.2965890337918136,5,7.952548311480455
2728,2016,-1.4418469266040874,3.806993990293427,0.7252178625643138,4,5.248840916897515
2728,2018,-1.5189174691074507,3.83719574568828,0.6014707849239594,6,5.35611321479573
2728,2019,-1.346239067052887,3.1820916119940477,0.15847471460058024,6,4.528330679046935
2728,2020,-1.6352494681491934,1.1519430124090797,-0.2490326018126602,10,2.7871924805582733
2729,2011,-1.8715945236201168,1.2508663539846911,-0.23746770592692412,11,3.1224608776048077
2729,2012,-1.1496442828892983,0.9512784239543021,-0.28171421583807876,12,2.1009227068436003
2729,2013,-1.6896973901831882,1.7318433533135968,-0.3772337802824051,11,3.4215407434967853
2729,2014,-2.0633626278086785,1.421841087860617,-0.13041451308670085,12,3.4852037156692957
2729,2015,-1.1295331937750823,1.7882090127714139,0.03513090910508514,11,2.917742206546496
2729,2016,-1.648836271428186,1.619499826682426,0.06118247025766751,12,3.2683360981106118
2729,2017,-1.4525978021856434,2.2368433678821598,0.30476335712669,11,3.689441170067803
2729,2018,-1.2953008307892961,2.215393674599167,0.3063886431400018,10,3.510694505388463
2729,2019,-1.4110541497147204,2.529728120558112,-0.13780340631534715,11,3.940782270272832
2729,2020,-1.5001350144299312,2.77417881710578,-0.028454837675904728,12,4.274313831535711
2729,2021,-1.8102834721339056,0.9956304008857849,-0.42832842955262557,11,2.8059138730196906
2730,2013,-1.5257642292859797,0.6545468106468949,-0.17582578709275548,5,2.1803110399328745
2730,2014,-1.4322079999134043,0.8024205474995938,-0.2127983081173319,10,2.2346285474129983
2730,2015,-1.8080903675959665,0.26593438543047515,-0.560556681565024,5,2.0740247530264417
2730,2016,0.7839273862575169,2.557072221317041,1.35075237451425,4,1.773144835059524
2730,2018,-0.4142564381852543,0.5411260750447536,0.05203596319720131,5,0.955382513230008
2730,2019,-1.5187469024451512,1.2413784638310759,-0.02087563414214585,11,2.760125366276227
2730,2020,-1.3727978804857295,1.924394499427113,0.13593567326028574,5,3.2971923799128424
2730,2021,-1.4502883069524224,2.1578366097065746,-0.00587411223004539,9,3.608124916658997
2732,2017,0.25423664933453577,2.1505256569308395,0.9781127562943791,5,1.8962890075963037
2732,2019,-1.7273610289660286,1.6472792529893445,-0.23928821404016182,8,3.374640281955373
2733,2013,-0.07963955994274667,1.7145597816741678,0.5565679248612059,4,1.7941993416169144
2733,2014,-1.2681077966606331,2.170633000988786,0.1180541613321235,6,3.438740797649419
2733,2018,-0.7341389760970873,2.1641906855889146,0.931731734065821,3,2.898329661686002
2736,2013,-1.6173739368461844,2.56231897058816,0.44873149101652815,5,4.179692907434344
2736,2019,-1.6087509904758976,1.4878182286771673,0.07989713733906098,5,3.096569219153065
2737,2011,-1.6703157470149659,0.8403771020852749,-0.16101667506492906,11,2.510692849100241
2737,2012,-1.3610168675148187,1.251194600572314,-0.2689216592650238,12,2.612211468087133
2737,2013,-1.4632107863120447,0.8258052240825338,-0.12402590419182757,10,2.2890160103945787
2737,2014,-1.770127070600697,1.320877400184363,0.078700310139716,13,3.09100447078506
2737,2015,-1.6707610545772378,1.9024969479867098,0.1659527215003153,12,3.5732580025639473
2737,2016,-1.789054859857414,1.798683981330332,0.18019637185685933,14,3.587738841187746
2737,2017,-1.921585000815805,2.1317055309533632,0.12660520540834397,14,4.053290531769168
2737,2018,-1.269215221331426,2.003092461217286,0.2505842793493214,16,3.272307682548712
2737,2019,-0.8780035138453127,3.436932732459893,0.9793253538493624,12,4.314936246305206
2737,2020,-0.9131936647688502,2.6643835494435386,0.5517574836635222,12,3.577577214212389
2737,2021,-0.7232392478604066,2.4570781837969013,0.6917995218675453,12,3.1803174316573077
2739,2011,-1.0298832759985765,1.4810289755753445,-0.04033876578404643,12,2.510912251573921
2739,2012,-1.554557119354159,1.0471782937433247,-0.23529998879582897,13,2.601735413097484
2739,2013,-1.4173400817305473,1.2732837273846027,-0.15584428591698896,11,2.69062380911515
2739,2014,-1.6115132919291073,1.8523722064803694,0.06506236381758636,12,3.4638854984094767
2739,2015,-1.9598482763539988,1.6910473690707533,-0.15566321352126225,13,3.650895645424752
2739,2016,-0.6457850247680135,1.462938808000087,0.4346057262479228,12,2.1087238327681
2739,2017,-0.5161107522252836,1.8378635978286708,0.47526265728805045,11,2.3539743500539543
2739,2018,-0.9039592737867089,1.452649767147499,0.27966385664559706,12,2.3566090409342078
2739,2019,-1.0808423972186343,1.3344821529402393,0.41865450419990763,12,2.4153245501588736
2739,2020,-0.9361101565288249,1.7330389743316448,0.4544129291101975,11,2.6691491308604696
2739,2021,-1.288945936002738,1.6165473998210649,0.007614241855078811,12,2.905493335823803
2740,2018,-0.6209497703744385,2.003092461217286,0.3974977630643995,5,2.6240422315917242
2741,2019,-1.6173228083835878,1.734257993523259,-0.029890707879480737,10,3.351580801906847
2741,2020,-1.5810239335079816,-0.30463827195331017,-0.8537851578850444,3,1.2763856615546714
2742,2014,-0.9944717257279723,2.2247761675974496,0.7088341891530479,6,3.219247893325422
2742,2018,-2.205598650491519,0.6856905342835046,-0.5884757918542297,9,2.8912891847750237
2742,2019,-0.48369989009156605,3.6299484923393486,1.9494188651388853,4,4.113648382430915
2744,2020,-0.08439917741054331,0.8803438128148376,0.3167126034716939,3,0.964742990225381
2746,2014,-1.2986945209355578,0.6477333874687495,-0.19196708775555776,5,1.9464279084043072
2747,2011,-1.5902616881379172,2.610659615581912,0.028858452867272365,13,4.200921303719829
2747,2012,-2.1528252797627996,0.7241275301751279,-0.4815048907002576,10,2.8769528099379276
2747,2013,-1.9151054864168502,1.644247547840418,-0.4853233545226777,13,3.559353034257268
2747,2014,-1.589996656887223,1.3354987792431994,-0.240838153216421,14,2.925495436130422
2747,2015,-1.0691113264379997,1.23534817631874,0.044318048509420074,10,2.30445950275674
2747,2016,-1.0219961988048518,1.1164571379918602,0.076049508587295,13,2.138453336796712
2747,2017,-2.1935627070845976,1.921629728114478,-0.1696311059182265,13,4.115192435199075
2747,2018,-1.4282237281699324,2.3061910889611075,-0.03140425467103564,13,3.73441481713104
2747,2019,-1.810683239262829,2.2468886154799748,0.028864189766858863,14,4.057571854742804
2747,2020,-1.701525121599563,1.6810588205980157,-0.030291187043991755,11,3.382583942197579
2747,2021,-1.3465059169901927,1.4951780171050177,0.1312502934511806,13,2.8416839340952107
2749,2011,-1.5422292528116879,1.7880195964735364,-0.26427536746534747,4,3.3302488492852245
2750,2011,-1.4333053049852784,1.6179737334795294,-0.19322990095557283,11,3.051279038464808
2750,2012,-1.7731045955242364,1.031715880513792,-0.37449832780848014,12,2.8048204760380284
2750,2013,-1.7401840520537055,1.3062040209061618,0.005977912951046567,12,3.0463880729598674
2750,2014,-1.3469168339816104,1.2024074119619412,-0.059442687036460676,14,2.5493242459435517
2750,2015,-1.7117734286009305,1.2563845053711429,-0.07900304728195601,13,2.9681579339720736
2750,2016,-1.1059319003732886,1.3517663727043339,0.003068508528700146,15,2.4576982730776225
2750,2017,-1.4108930487571367,2.090438469377214,0.09086997873609899,11,3.5013315181343505
2750,2018,-1.5189174691074507,0.9805455141608961,-0.10479203726478446,11,2.499462983268347
2750,2019,-1.6779849043457027,2.5447709979059607,0.1754960000569397,11,4.222755902251663
2750,2020,-1.5500379137130038,2.980594888309629,0.5735586753767867,12,4.530632802022633
2750,2021,-1.0120824274530793,2.0588843231659824,0.4855905004309022,11,3.0709667506190614
2751,2011,-0.8477844047216274,1.4586953067862731,0.08798833115800964,11,2.3064797115079005
2751,2012,-1.4549602384594944,1.5753501271532278,-0.30762290716313617,13,3.0303103656127224
2751,2013,-0.9471102507978969,1.3974865209753098,-0.1447860993621655,12,2.344596771773207
2751,2014,-1.5535838898932648,0.9870970236989759,-0.25951564462206195,11,2.5406809135922406
2751,2015,-1.8188863321866189,1.1803696593594406,-0.21345890182097005,12,2.9992559915460593
2751,2016,-1.0741635884411793,2.405531318473703,0.02896212757532561,11,3.479694906914882
2751,2017,-1.3436323749946206,1.9512039336605664,0.05264332636830846,13,3.294836308655187
2751,2018,-2.205598650491519,1.9682107368579826,-0.17447056427446025,13,4.173809387349502
2751,2019,-1.3023811428006165,1.781083567187709,-0.2633843187845068,14,3.0834647099883252
2751,2020,-1.720461022585383,1.0178096653702056,-0.25986824853900276,12,2.7382706879555885
2751,2021,-0.2004227399955333,1.5479067207110115,0.4183027265915081,11,1.748329460706545
2752,2011,-1.5017808862211792,1.638237670027358,-0.097845936824563,11,3.1400185562485374
2752,2012,-1.699213002915651,1.418766294894533,0.015418865342688286,11,3.1179792978101837
2752,2013,-1.9016799258261303,1.1496313352786787,-0.006240391514357446,10,3.051311261104809
2752,2014,-0.8985954508746725,1.128701902771671,0.04475449447040662,11,2.0272973536463432
2752,2015,-1.0321749905746946,1.4087404614243026,0.20780748595270326,12,2.4409154519989973
2752,2016,-0.9351564985680799,1.423936721761375,0.442990456060198,11,2.359093220329455
2752,2017,-1.7935954919834318,1.3882865495803052,-0.03765490384864488,11,3.181882041563737
2752,2018,-1.3897398211243093,2.372275892068935,0.5075740423483269,10,3.762015713193244
2752,2019,-1.7038772623783127,1.1510602254058067,-0.08470327185189133,10,2.8549374877841194
2752,2020,-1.2773609395171972,1.315413160742098,-0.16749455488231,11,2.5927741002592954
2752,2021,-0.8042248774721804,2.353994965966454,0.5280475061701253,12,3.1582198434386344
2753,2017,-2.1935627070845976,2.16505438055631,-0.10117423032206865,9,4.358617087640908
2753,2020,-1.6948975562545259,2.2110237993326045,0.22667688014826093,9,3.9059213555871306
2754,2011,-1.3017987385530212,1.3934177261330032,0.14812094572409626,12,2.695216464686024
2754,2012,-1.5945332467201554,1.4635902702348194,-0.38222197796598456,14,3.058123516954975
2754,2013,-1.414523870105731,1.5045657437458093,0.0466311403555612,12,2.9190896138515403
2754,2014,-1.7551243211621494,1.806242072840344,-0.02356528161645504,14,3.5613663940024933
2754,2015,-0.8826102146436642,1.1623694456776605,0.13363802598522853,11,2.044979660321325
2754,2016,-1.6734926598506763,1.9771579880340395,0.05637783043911598,12,3.650650647884716
2754,2017,-2.1935627070845976,2.1113382091467368,-0.05419910008326692,12,4.304900916231334
2754,2018,-0.763568169584976,1.8074731887660218,0.17246777860168816,13,2.571041358350998
2754,2019,-0.6645154682647607,1.3156895313846664,0.1983207721432517,14,1.980204999649427
2754,2020,-0.9976319746094299,1.5540269189856475,0.13463973342178273,12,2.5516588935950772
2754,2021,-1.0191335251240425,1.3822713325233529,0.004251554445400705,15,2.401404857647395
2755,2011,-1.665426949526291,1.275673619660425,-0.17526928003104564,13,2.941100569186716
2755,2012,-1.277359853696677,2.692706151458105,-0.36054919158425447,11,3.970066005154782
2755,2013,-1.309827061465497,0.8469835139664973,-0.436117338580825,14,2.156810575431994
2755,2014,-0.8315552685335152,0.9971635405489511,-0.1129106522653704,12,1.8287188090824662
2755,2015,-1.5545593281767751,0.931697411936097,-0.42132973669471296,13,2.4862567401128723
2755,2016,-1.6372617038526918,3.268472004149378,0.0326696232404318,14,4.90573370800207
2755,2017,-1.2793519297105047,1.3862061682601021,-0.09624218543687847,15,2.6655580979706066
2755,2018,-1.0920615995984355,1.054402917695471,0.012962133882763108,12,2.1464645172939063
2755,2019,-0.8287155608760943,0.7135429391252622,0.07247681207825316,13,1.5422585000013567
2755,2020,-1.2981081005973127,1.5355173206079655,0.22287009324462043,13,2.8336254212052783
2755,2021,-1.5067581367848117,1.293905125753488,0.018643127149858472,13,2.8006632625382997
2757,2015,-2.135567960179089,1.333268761256948,-0.060936767166382216,4,3.468836721436037
2758,2011,-2.310748218031355,0.13453939857667668,-0.911031858179861,4,2.4452876166080317
2758,2013,-2.3044467435477203,0.291161637324749,-0.38664580009363225,5,2.595608380872469
2758,2014,-1.159663956049536,2.2247761675974496,0.37074571550397517,5,3.3844401236469857
2758,2015,-1.6116038120460932,2.838972612869294,-0.3448550582507683,10,4.450576424915387
2758,2016,-1.6411699993976638,2.928496002795812,-0.10110994324396061,11,4.569666002193475
2758,2017,-1.6567646026067175,0.5551481541425615,-0.4998980656486292,13,2.211912756749279
2758,2018,-2.205598650491519,1.8286532901398813,-0.531974005174328,13,4.034251940631401
2758,2019,-1.7038772623783127,-0.16424093566144732,-0.8440692869018197,14,1.5396363267168653
2758,2020,-1.9395764482784417,1.021801729270172,-0.3843559683410759,8,2.961378177548614
2758,2021,-1.8879294881534414,2.831597920338335,-0.31179127891901254,14,4.719527408491777
2771,2020,-1.2406544237600692,0.5748691648062918,-0.12150667140911095,10,1.815523588566361
2771,2021,-1.0340778890402527,1.519935813365391,0.040837934664317545,10,2.5540137024056437
2772,2015,-1.146714053163386,2.5473616137595614,0.024460845888569515,10,3.6940756669229473
2772,2017,-1.2663659811682593,3.75594961754524,0.8613462373318056,4,5.022315598713499
2775,2017,-1.0110509406985428,1.6918330967552966,0.3667864299566371,4,2.702884037453839
2776,2014,-2.0633626278086785,1.5708664392657228,-0.2608987447441347,5,3.6342290670744015
2776,2017,-0.6582046878252845,3.118501868477758,0.9307472486879358,3,3.7767065563030426
2776,2019,-2.208778244014208,4.69153517167636,0.1862274323276436,5,6.900313415690569
2782,2019,-1.4949527182531148,2.1358635362354086,0.38866697736441536,4,3.6308162544885234
2782,2020,-1.0387685870958665,1.60278960042601,-0.15304181848414042,4,2.6415581875218765
2785,2017,-2.1935627070845976,2.3393990640619453,0.1022352559176477,5,4.532961771146542
2790,2014,-1.1989552026477597,1.3942670728349975,0.28110239976665846,5,2.5932222754827574
2790,2015,-0.034253407770720105,2.367248937838844,0.7862598936458808,3,2.401502345609564
2790,2016,-1.242523853810511,1.4006734158434382,-0.08147818520722483,5,2.643197269653949
2790,2019,-1.4949527182531148,1.6247292091472185,-0.18959970609608254,5,3.1196819274003333
2800,2011,-0.9857155193767565,0.48386620094925276,-0.05211083497738084,5,1.4695817203260093
2800,2015,-2.135567960179089,0.1567751879027678,-0.9893963861381607,2,2.292343148081857
2800,2016,-1.2878245521726874,2.0539731193140236,0.1951088775525317,5,3.3417976714867113
2800,2020,-2.23173034920252,1.6725081449647103,-0.4965132406837509,3,3.90423849416723
2803,2011,-2.310748218031355,1.3618936545933757,-0.28953128951296125,14,3.6726418726247307
2803,2012,-1.5062738444376784,1.7545774004252164,-0.2681750109026181,11,3.260851244862895
2803,2013,-1.6806958923303053,1.8344283080083807,0.11594237913172564,11,3.5151242003386862
2803,2014,-1.5486345817581637,1.3810376968759999,-0.10411429769993698,13,2.929672278634164
2803,2015,-1.4383576017763122,1.3783801042758186,0.045289405656184896,11,2.816737706052131
2803,2016,-1.6696447240824606,0.7301469480499125,-0.4723687849053264,14,2.3997916721323733
2803,2017,-1.513618441412616,1.668163862711286,-0.11545789844825978,13,3.181782304123902
2803,2018,-1.0756169596063436,1.2487001929820893,-0.039622895867023916,12,2.324317152588433
2803,2019,-1.5187469024451512,1.3797008977080347,-0.22154860891650055,12,2.898447800153186
2803,2020,-1.3081470495070462,1.2895948142532605,-0.041753185989557295,12,2.597741863760307
2803,2021,-0.8205424831253942,1.535247044186087,0.6095945894990041,11,2.3557895273114813
2804,2012,-2.3272915400886256,3.6286256227585474,0.4505572487802093,4,5.955917162847173
2804,2014,-2.0633626278086785,0.7580860305548492,-0.5149715307810346,9,2.821448658363528
2804,2015,-0.4202091418865432,1.35752636070755,0.4561832725501941,5,1.7777355025940933
2804,2016,-1.2056121736635523,1.369295720726009,0.2864096717107586,5,2.574907894389561
2804,2017,-0.35587550256572853,0.6062077986235614,0.27036429844416265,5,0.96208330118929
2804,2021,-0.1797171357236568,3.6094084460296836,1.2933387110469625,5,3.7891255817533405
2810,2013,-1.7674243199189337,-0.07963955994274667,-0.7867403948009519,6,1.687784759976187
2810,2014,-0.8584310654631551,2.670297081405878,0.21626879416732064,5,3.5287281468690335
2810,2016,-1.6411699993976638,1.0973556963749524,-0.47138251531603337,4,2.7385256957726165
2810,2018,-1.10690876027701,0.08333862078870798,-0.5355067832828733,5,1.190247381065718
2810,2019,-0.32687458518950785,4.346519500891831,2.0098224578511616,2,4.6733940860813385
2810,2021,-2.3538055842706553,1.535247044186087,0.12778533827110616,12,3.889052628456742
2812,2012,-0.30123174275644954,1.5981993172424658,0.42411349328063624,4,1.8994310599989153
2815,2019,-1.194026271118536,2.3914306997795034,0.2421738975069861,5,3.5854569708980395
2815,2020,-2.23173034920252,3.733078461330749,0.25268313965550426,9,5.964808810533269
2816,2015,-1.2350045805755023,2.4491183359846245,0.9258752070222643,6,3.684122916560127
2816,2017,-2.1935627070845976,2.957530214672838,0.4781676778891778,5,5.151092921757435
2816,2019,-0.7560806828161938,1.8802963726913133,0.34027645298830295,8,2.636377055507507
2816,2020,-1.2556707256607125,1.3471549371174414,0.04946042810376179,5,2.602825662778154
2816,2021,-1.8213757601366967,1.0215985838238761,0.047943476777582934,8,2.842974343960573
2822,2013,-2.3044467435477203,3.6854187507733633,0.45713750026453753,5,5.989865494321084
2822,2014,-1.589996656887223,1.250199168641511,-0.23405279838769158,8,2.840195825528734
2822,2016,-1.7025001756418412,0.8129953343732468,-0.3883357401347889,9,2.515495510015088
2822,2018,-1.290023741979428,0.9910206421584532,-0.1035460083726132,7,2.281044384137881
2822,2019,-1.5187469024451512,1.1529129072196582,-0.027534493050687253,8,2.6716598096648094
2822,2020,-0.9869006843955771,1.1187154507565928,0.23305067290954945,8,2.10561613515217
2823,2011,-0.6400548153799048,3.222588331550248,0.6859435385747483,4,3.8626431469301528
2823,2015,-1.5351923737766981,1.9812932037230209,-0.37462733392768577,7,3.516485577499719
2824,2011,-1.2995390532686353,-0.21478740379589942,-0.7535096756059685,4,1.0847516494727358
2824,2013,-1.727644881131616,1.588965827760984,0.10933637687355363,6,3.3166107088926
2824,2017,-1.4238144817955618,0.720484145795323,-0.47344786439638903,9,2.144298627590885
2824,2018,-2.205598650491519,2.422035397966331,-0.4900078129147762,9,4.62763404845785
2825,2015,-0.934816787374307,1.6233052764271854,0.2720686577263257,4,2.558122063801492
2825,2016,-1.4639939346922626,0.5015530331332835,-0.15298713265891095,6,1.9655469678255462
2825,2018,-1.5516165729828826,0.9156794467087905,-0.13001397738769357,5,2.4672960196916733
2825,2019,-1.5516055377579634,2.3914306997795034,0.5431324634338159,4,3.943036237537467
2825,2020,-1.8448238317625243,1.4589951023149401,-0.5627961639797482,7,3.3038189340774644
2825,2021,-1.9508857173584704,1.7120221636613935,-0.35943908049486284,10,3.662907881019864
2826,2017,-0.4937020429046438,2.832112300056135,0.7873740016093514,6,3.3258143429607787
2826,2020,-1.3641217949431355,1.570835267512439,0.182363638199395,5,2.9349570624555748
2827,2015,0.9520779127474935,1.6107756989718314,1.2814268058596625,2,0.6586977862243378
2827,2016,-1.6049294407079226,0.3769761126372982,-0.6517013920072088,6,1.9819055533452208
2827,2018,-2.205598650491519,2.658393050978964,-0.14828003166226722,3,4.863991701470483
2828,2013,-0.043755573110408105,2.734087172263544,1.1466452138561032,4,2.777842745373952
2828,2014,-0.9944717257279723,1.0292950488781651,0.19165784513650683,3,2.0237667746061376
2828,2016,-1.4916776948024815,2.834538998785372,0.41677835666928287,4,4.326216693587853
2828,2017,-2.1935627070845976,3.211122481590127,0.08499280692756607,8,5.4046851886747245
2828,2018,-1.7151120923600418,1.9144884378128895,-0.06158998847312585,11,3.6296005301729313
2828,2019,-2.208778244014208,0.9759817939968234,-0.6263936840024499,5,3.1847600380110315
2828,2020,-1.6591087033913263,0.917688702759046,-0.4306989346392177,5,2.5767974061503724
2829,2018,-1.1882931965891959,1.0258422030805663,-0.33686384390176743,6,2.214135399669762
2834,2016,-1.914659796951641,0.8050677121598657,-0.6168448921881478,10,2.7197275091115065
2834,2017,-1.593611884432849,2.9060192854552636,0.4234234652062599,9,4.499631169888112
2834,2021,-1.87290122698837,2.404077950543445,0.05996522548992776,9,4.276979177531815
2837,2019,-1.8878334339820884,2.0876433166987867,0.10700683831103815,9,3.9754767506808752
2838,2015,-1.5351923737766981,1.139207965652135,0.2741213252450533,4,2.674400339428833
2838,2016,-0.43046689057742155,2.1210529995810927,0.49087049094182694,6,2.5515198901585143
2838,2019,-2.208778244014208,1.482087071355165,-0.3337226130863918,13,3.690865315369373
2838,2020,-1.6093155167990487,3.7807969318150145,0.5529775500026269,4,5.3901124486140635
2839,2011,-1.5788253940126245,0.5206374433042605,-0.5445931634450392,4,2.099462837316885
2839,2014,-0.8064943601896412,2.7081663590795944,0.40434521795790374,9,3.5146607192692354
2839,2015,-1.2622943799574293,1.0991086686011404,-0.38067246315719644,8,2.3614030485585698
2839,2016,-1.5415084630008755,3.468748775855843,0.3923999218415631,7,5.010257238856719
2839,2017,-1.222213756124624,4.296814374329771,1.2002716579361585,3,5.519028130454395
2839,2018,-0.48889569703134866,1.2278072564288216,0.161574254505482,6,1.7167029534601703
2839,2021,-1.7056301461945318,1.522283535424565,-0.5490691061873681,5,3.2279136816190968
2841,2011,-0.005191322372353755,1.9161060906768146,0.444849560378269,5,1.9212974130491682
2841,2013,-1.705460194115612,4.022348684828924,-0.07387415234100211,8,5.727808878944536
2842,2011,-1.2128639820032592,1.6558012798766042,0.020872521248734087,5,2.8686652618798636
2842,2012,-0.9084394229810023,1.6500780510397934,0.5194683931650931,6,2.5585174740207957
2842,2013,-1.5744318864273383,1.588965827760984,-0.11791141501650144,5,3.1633977141883225
2842,2015,-2.135567960179089,2.078388985890524,-0.02455278875168798,8,4.213956946069613
2842,2016,-0.6888486516061318,2.613944293717382,0.44441287688997766,5,3.302792945323514
2842,2017,-1.5247650687187142,1.1443455062142207,-0.1611221755320606,9,2.669110574932935
2842,2020,-0.9303175178134432,1.3471549371174414,0.015918061675698092,6,2.2774724549308845
2844,2014,-0.7379379092286027,2.4927848423103325,0.002879835263475461,5,3.230722751538935
2844,2015,-1.8473876787059413,3.7590287063171144,0.15534005134096227,10,5.6064163850230555
2844,2016,-1.5415084630008755,-0.1462469534458402,-0.6427426074952943,5,1.3952615095550354
2844,2017,-0.5523179278763662,1.6594547983899641,0.6023173129249482,5,2.2117727262663305
2846,2016,-1.6049294407079226,4.072758087351529,0.9168242389363593,6,5.677687528059452
2846,2018,-2.205598650491519,3.680240047086207,0.8176258504620075,4,5.885838697577726
2846,2019,-1.8801918908860857,1.9702848105589523,-0.3046405248922719,7,3.850476701445038
2846,2020,-0.5039926247721939,1.964204124413986,0.46929962665688985,5,2.46819674918618
2848,2013,0.11215416278182025,2.367648342022725,0.8890466022981318,3,2.2554941792409045
2848,2016,-1.3671007743064962,1.3885407070646991,0.2826573478060171,5,2.755641481371195
2848,2017,-0.7867814677632565,1.7923174709925351,0.683267710892642,3,2.5790989387557914
2849,2014,-2.0633626278086785,3.2893141203031666,0.27312325430363477,3,5.352676748111845
2849,2016,-0.970719663637452,1.4151171167705092,0.17689802820435208,3,2.385836780407961
2849,2017,-1.6496072945470122,2.2260750197832824,0.15834707340643606,3,3.8756823143302945
2849,2018,-1.3472471737614338,3.5167445277090486,0.9766599724966856,5,4.863991701470482
2849,2019,-1.1737312316606228,1.113594882059028,0.29298469286666035,4,2.2873261137196508
2849,2020,-0.6979223693511082,1.6453953776441046,0.3139648395786429,4,2.3433177469952127
2850,2013,-1.6555446483296032,0.8679634997408533,-0.1927776916577681,5,2.5235081480704564
2850,2018,-2.205598650491519,4.375096004439134,0.2229607667367198,12,6.580694654930653
2850,2020,-2.23173034920252,2.540116699224095,-0.020001179219216444,6,4.771847048426615
2853,2019,-1.633752126039994,0.30042663441872575,-0.49066990364276863,3,1.9341787604587197
2855,2011,-1.8304238647690632,1.9588015887445738,-0.20837614799838666,4,3.789225453513637
2855,2012,-1.8514744664727358,-0.047974268089927295,-0.7262193627392253,3,1.8035001983828085
2855,2013,-1.5965535487643197,1.1996245706301136,-0.25095700155595146,5,2.7961781193944333
2855,2014,-1.159663956049536,1.437759270327371,0.01769173180768847,11,2.597423226376907
2855,2015,-1.054891904654785,0.6947740900036117,-0.24168261611196118,10,1.7496659946583968
2855,2016,-1.558523847263742,3.0848849634184528,0.1693561842393975,12,4.643408810682194
2855,2017,-2.1935627070845976,2.3393990640619453,0.397552015210485,8,4.532961771146542
2855,2018,-0.48889569703134866,1.2278072564288216,0.5056033166680012,4,1.7167029534601703
2855,2019,-1.5516055377579634,2.9664568177537176,0.25472746013902225,10,4.518062355511681
2855,2020,-2.23173034920252,0.9769254247395144,-0.6701007424141836,9,3.2086557739420343
2856,2019,-0.6485162933325828,1.8689949101828307,0.15219543344090855,12,2.5175112035154132
2856,2020,-0.6721243758062067,1.743237103192378,0.43938511010163855,12,2.4153614789985847
2856,2021,-1.5691721592311372,3.236707569135912,0.3861315237395493,12,4.805879728367049
2857,2014,-0.6432647150443117,1.250199168641511,0.6107230294251024,5,1.8934638836858229
2857,2015,-2.135567960179089,1.7239893809791391,0.17052395557908992,6,3.8595573411582285
2857,2020,-1.1580647633065317,3.3700031424287245,0.09196763913391123,8,4.528067905735256
2860,2014,-0.8799477005050393,2.593535032067264,0.5389681879488599,4,3.4734827325723034
2861,2015,-1.5813751111922665,1.0940386425372217,-0.3029350190053775,5,2.6754137537294884
2862,2011,-1.5422292528116879,2.3003655732866477,0.3607700896370116,4,3.8425948260983356
2862,2014,-1.3836576439214603,0.7768331977200553,-0.08269176538269787,9,2.160490841641516
2862,2015,-2.135567960179089,1.328137345988552,-0.23161703986099208,10,3.463705306167641
2862,2016,-1.8163326997314129,2.9432606748545957,0.22827657026345394,5,4.759593374586009
2862,2017,-1.60230682389157,1.5268870484790746,-0.14325446252853968,9,3.129193872370645
2862,2019,-0.6163982250086922,4.091507918138048,1.1359360087994759,3,4.70790614314674
2862,2020,-2.23173034920252,1.5027586452183093,-0.48395492121177175,6,3.734488994420829
2862,2021,-2.3538055842706553,2.455237988552198,-0.05448162601472859,5,4.809043572822853
2863,2011,-2.310748218031355,0.9829044900529325,-0.4036887858293102,5,3.2936527080842875
2863,2016,-1.401982312045372,1.4151171167705092,0.13394158627142988,5,2.8170994288158813
2863,2018,-1.2246255342285646,2.1641906855889146,0.21788800162159286,5,3.388816219817479
2865,2018,-1.1491660637467986,2.293347020645479,0.006617549964509473,4,3.4425130843922775
2866,2012,-2.3272915400886256,1.9001601524217804,0.09083030937153175,4,4.227451692510406
2866,2014,-1.0366251697536903,0.5019755371850166,-0.20401305354869248,11,1.5386007069387069
2866,2020,-0.6154595747354408,2.241876258697432,0.2761619853215088,9,2.857335833432873
2868,2012,0.8131011457762476,3.4882504707722504,2.150675808274249,2,2.6751493249960028
2868,2013,-2.3044467435477203,-0.4504407572102423,-1.1221820566078793,3,1.854005986337478
2868,2014,-1.5111023284003138,3.048989858143043,-0.292662541018573,5,4.560092186543357
2868,2015,-1.6387054059150412,0.7462348545523884,-0.6590809817332534,5,2.3849402604674297
2868,2016,-1.8031199960424447,2.1533507197096813,-0.1727312673053246,10,3.956470715752126
2868,2017,-1.60230682389157,2.851185070481717,0.15542855047702922,11,4.453491894373287
2868,2018,-1.5189174691074507,1.078528738736633,-0.3035574991850135,9,2.597446207844084
2868,2019,-2.208778244014208,1.8362330686319863,-0.47079399244205783,14,4.045011312646194
2870,2011,-1.27396040660516,1.8222190130618168,0.3122533347066911,12,3.096179419666977
2870,2012,-1.0942539210987368,2.855009279880694,0.1788548766536212,11,3.9492632009794306
2870,2013,-1.2163314397758556,2.2044958152250267,0.21767935911403086,10,3.4208272550008822
2870,2014,-0.544646804435675,1.707539729089063,0.3339935696727578,12,2.252186533524738
2870,2015,-0.5505764120767765,2.061748086350902,0.2445644800665688,11,2.6123244984276788
2870,2016,-1.0979531065682562,1.5834950549751283,0.4574233437607541,11,2.6814481615433845
2870,2017,-0.9221222102995915,1.7043936435349516,0.43290979855422007,12,2.626515853834543
2870,2018,-1.169098754062737,2.7872294324764617,0.5368182026428391,12,3.9563281865391984
2870,2019,-1.5618738612932173,1.7081105383671749,0.20561765955467595,11,3.269984399660392
2870,2020,-1.0843014787793264,1.0632641666811375,-0.04118875040541828,11,2.147565645460464
2870,2021,-1.6793944737009743,1.2107438280723357,0.024066737714659614,11,2.8901383017733098
2871,2011,-1.487335041010283,3.8374035037259824,0.36243355060069066,3,5.324738544736265
2871,2014,-0.9944717257279723,1.0135161831807835,0.27842232633318065,4,2.007987908908756
2871,2016,-1.6577802554637953,1.1918317073569398,-0.28601899961829313,10,2.849611962820735
2871,2017,-1.60230682389157,0.3247493879968153,-0.5921185474419369,5,1.9270562118883854
2871,2018,-1.8622580597994849,2.476318495308945,-0.2865530131784645,12,4.33857655510843
2871,2019,-1.5187469024451512,0.8963627930465474,-0.3111920546993019,2,2.4151096954916986
2871,2020,-0.18665304273397082,0.5802509471917353,0.22294340643089497,4,0.7669039899257062
2874,2014,-0.8584310654631551,-0.07522554993856484,-0.43064120731759753,5,0.7832055155245903
2874,2016,-1.4916776948024815,1.1433129265974504,-0.26704881574497735,5,2.6349906213999317
2875,2021,-1.0227310239357583,0.8762686821420281,0.04089809525143391,5,1.8989997060777863
2876,2013,0.002760706116696803,3.065777492740148,1.5342690994284225,2,3.063016786623451
2876,2016,-2.2391392177783933,4.737168329996784,0.393658587208065,5,6.9763075477751775
2879,2017,-2.1935627070845976,1.3233903912187552,-0.7888114551215845,6,3.516953098303353
2880,2018,-1.5189174691074507,1.8000415742488787,0.2870941040283061,7,3.3189590433563296
2880,2019,-2.208778244014208,2.2914261575231185,-0.05442113277619485,6,4.500204401537326
2880,2020,-1.681132612845603,2.2889668545700625,0.1860454031820375,5,3.9700994674156656
2884,2015,-0.569370778259808,2.87626302196261,0.8508448105061104,5,3.445633800222418
2885,2011,-1.1453710986408763,1.438124783040192,-0.08714057688189389,13,2.5834958816810683
2885,2012,-1.6445974779440882,1.7552189515357095,-0.2235663269656535,15,3.399816429479798
2885,2013,-0.8376261934267668,1.6181143710755947,0.152291938185397,11,2.4557405645023618
2885,2014,-0.8465179002987219,1.3143762064932476,0.15253153019858898,12,2.1608941067919694
2885,2015,-1.2372064470293007,1.3259491364850708,0.12466569459115502,11,2.5631555835143716
2885,2016,-2.2391392177783933,1.2490145561091954,-0.1066594428326511,12,3.4881537738875887
2885,2017,-1.1130734245560876,1.9069368338063215,0.1102119732591207,13,3.020010258362409
2885,2018,-0.6822444938374429,1.1465869016414587,0.31946144379287084,13,1.8288313954789017
2885,2019,-0.8896006792498348,1.0561706650970497,-0.041503574715235136,12,1.9457713443468845
2885,2020,-0.8190124730235879,1.5218121604959667,-0.06222399198028432,11,2.3408246335195546
2885,2021,-1.2695848514887758,1.3028822644984202,0.025074348272189084,12,2.572467115987196
2886,2011,-0.7737102875920208,1.263758596943841,0.14630944715056265,5,2.037468884535862
2886,2018,-1.3099275443383867,3.3532490083318898,0.3780570657181436,5,4.663176552670277
2887,2014,-1.572464583890132,1.250199168641511,-0.6374239245594046,6,2.822663752531643
2887,2015,-1.1418428516509935,1.008216928618886,0.07690344445465498,7,2.1500597802698795
2887,2017,-1.4238144817955618,0.7425602583171408,-0.44346359724478907,8,2.1663747401127025
2887,2018,-0.70348356621387,2.1433821649409124,0.46347182516865343,5,2.8468657311547823
2887,2019,-1.2678264146018579,2.6841712689300126,0.3782735407628622,8,3.9519976835318706
2887,2021,-2.3538055842706553,4.5861417785788765,0.7942938359524156,5,6.939947362849532
2888,2015,-0.2677328024827613,1.6001023552135663,0.4492109453938209,5,1.8678351576963275
2888,2016,-1.7408315357944522,1.0973556963749524,-0.6544449734745557,5,2.8381872321694046
2888,2018,-2.205598650491519,3.6311913912730596,0.7779126893151218,7,5.836790041764578
2890,2011,-0.9986426676563136,3.511365154844911,1.1011412979496988,6,4.510007822501224
2890,2012,0.3799435339328169,2.6076112519847463,1.2832415224701499,3,2.2276677180519293
2890,2013,-1.3310936007205443,1.7743664263947319,0.6107337218118671,4,3.105460027115276
2890,2014,-1.8348411246052172,2.6542507773068458,0.014911663582190073,11,4.489091901912063
2890,2015,-1.0439759849020143,2.347236418292098,0.44534518505875775,10,3.391212403194112
2890,2016,-1.276889900843886,2.917262013185868,0.3461832645044078,12,4.194151914029754
2890,2017,-0.4937020429046438,1.7291926717922184,0.6177453144437872,2,2.2228947146968623
2890,2018,-1.6905877644534677,3.100574114749007,0.478429382996576,10,4.791161879202475
2890,2019,-2.208778244014208,3.311472488538246,0.3635123114460047,9,5.520250732552454
2890,2020,-1.784369688412525,0.8883234901533438,-0.5140867830449739,10,2.672693178565869
2892,2017,-0.5452129721222181,2.274642467331281,0.4257544277315225,5,2.819855439453499
2892,2018,-2.205598650491519,1.2840925991652208,-0.6225124294142368,9,3.48969124965674
2892,2019,-1.3206190914995803,1.2755384312354845,-0.1467832320557824,7,2.596157522735065
2892,2020,-0.9928854423994566,1.8584242637345785,0.25275753997154476,7,2.8513097061340353
2892,2021,-2.3538055842706553,0.7998172202151006,-0.5619107358066883,5,3.1536228044857557
2893,2012,-0.48000172487399445,1.7552189515357095,0.28231320553791006,5,2.235220676409704
2893,2018,-0.9339668331136151,1.3651434927056354,0.18951987753976313,4,2.2991103258192505
2893,2019,-0.8287155608760943,1.4878182286771673,0.2660246389624329,5,2.3165337895532616
2894,2012,-2.3272915400886256,2.252447793464315,-0.08408373910875888,4,4.57973933355294
2895,2015,-1.3042786866988552,1.9365447128110413,-0.18181129578088107,5,3.2408233995098965
2896,2012,-0.08415390732800215,3.1080034931390395,0.9491632601993076,5,3.1921574004670417
2896,2013,-0.6651151345756345,1.110827441810792,0.2395169597134256,5,1.7759425763864265
2896,2015,-1.4151172564962196,1.1664977650340618,-0.43450379870564765,3,2.5816150215302813
2896,2017,-1.5754315564737054,2.5364843584596213,-0.10457376618673928,5,4.111915914933327
2896,2021,-1.3373486472876432,0.48582014444379146,-0.27458429621754266,4,1.8231687917314348
2899,2016,0.08629663147999898,1.946645310886713,1.016470971183356,2,1.8603486794067141
2899,2017,-2.1935627070845976,-0.15372991006865314,-1.1736463085766253,2,2.0398327970159444
2901,2016,-1.980757456749683,1.4670241669771695,-0.07990267350428051,5,3.4477816237268524
2901,2017,-1.932045681826143,0.07291817848867399,-0.7399639083563551,4,2.0049638603148168
2901,2018,-0.6449596018913641,2.8809286190200964,0.61120966270087,4,3.525888220911461
2902,2012,-2.3272915400886256,1.074800536264987,-0.811336310142103,4,3.402092076353613
2903,2014,-2.0633626278086785,2.1538978404006537,0.053969889801816384,5,4.217260468209332
2903,2021,-1.9153339643956304,0.23889616803383962,-0.9514093615481346,7,2.15423013242947
2904,2011,-0.9383929229962352,1.407891936257357,0.23282745982742237,4,2.346284859253592
2904,2019,-2.208778244014208,2.1039176407923965,0.19609289119886064,7,4.312695884806605
2905,2017,-1.1862378690520323,1.4894687319719686,-0.0002097304261900579,5,2.675706601024001
2905,2018,-1.4426195600647767,4.132996869976803,1.3451886549560133,2,5.575616430041579
2905,2020,-1.6352494681491934,-0.6049643099661741,-0.9483926960271806,3,1.0302851581830192
2906,2012,-1.1005756471726595,1.7042936647379006,0.3827117798087092,5,2.80486931191056
2906,2015,-0.9593219133499147,2.667436731040039,0.3753800170041263,9,3.6267586443899535
2906,2016,-1.6049294407079226,2.743937602061019,-0.06862913079120318,5,4.3488670427689415
2906,2017,-0.8984307724712995,1.3158270512224037,-0.02543525471784654,3,2.2142578236937034
2906,2018,-1.5189174691074507,1.3651434927056354,-0.33248498349386646,4,2.884060961813086
2906,2019,-1.6976439169260178,1.8164045818052899,-0.6446287573316938,13,3.5140484987313076
2906,2020,-2.23173034920252,3.54954588254511,0.47005540299331844,6,5.78127623174763
2906,2021,-1.7574841812406214,1.0005023077732853,-0.42235847445417535,6,2.7579864890139065
2907,2015,-1.3636564919474432,1.2951496764060026,-0.20371594285438652,5,2.658806168353446
2907,2016,-1.4341806545735651,5.295272933818799,0.7236147502260865,6,6.729453588392364
2908,2011,-1.0456187175468907,1.3053180921179521,-0.21115803845473133,11,2.3509368096648426
2908,2012,-1.2858347820211933,2.0179547752541076,0.19694516319611252,12,3.3037895572753007
2908,2013,-1.6903438143192182,2.0266417277614734,0.14907376481425255,11,3.7169855420806917
2908,2014,-0.990478359966774,1.3215864963926822,0.15502414621626587,11,2.312064856359456
2908,2015,-1.0042817312555752,2.1532611658591505,0.296099121509523,13,3.157542897114726
2908,2016,-0.765821120276223,1.4877869870598337,0.2311143074645239,12,2.2536081073360568
2908,2017,-1.286970352855289,2.6415965154717154,0.05197188255385528,11,3.928566868327004
2908,2018,-0.6624948721003546,1.8027407927291619,0.17259758350529528,10,2.4652356648295166
2908,2019,-1.100203301821297,1.5744381460240613,-0.03599063334502027,13,2.6746414478453584
2908,2020,-0.7570137990606265,1.138782657934359,0.061410819321247326,13,1.8957964569949854
2908,2021,-1.3565560724007009,0.7875303781197016,-0.12394789635628996,12,2.1440864505204025
2911,2015,-2.135567960179089,0.6353962847550237,-0.5569580267014734,3,2.7709642449341128
2911,2016,-1.6734926598506763,2.799305122281457,-0.04920190648433391,5,4.472797782132133
2911,2017,-1.0909503843732762,1.9907096970506735,0.45701697843769723,5,3.0816600814239496
2911,2018,-0.09273347700207847,3.3962741450100893,1.0017333305661702,5,3.489007622012168
2911,2021,-1.4593234797256047,0.513124237989123,-0.19648433135081256,3,1.9724477177147277
2913,2012,-2.3272915400886256,2.325142068600075,-0.0010747357442753014,2,4.652433608688701
2913,2013,-2.004953468831666,0.8956183835553241,-0.4897612167548127,5,2.90057185238699
2913,2014,-1.7752268194217058,0.9074169138363192,-0.02886380423603495,8,2.682643733258025
2913,2015,-1.6209603146913252,2.280097643038497,0.5959380660485515,4,3.9010579577298223
2913,2017,-1.6269424856912797,0.5765805975049566,-0.5618596415291707,6,2.2035230831962362
2913,2018,-2.205598650491519,3.100574114749007,0.2592245103345083,9,5.306172765240526
2913,2019,-1.9787677968245223,0.791358023677343,-0.7707017614406085,12,2.7701258205018653
2913,2020,-1.9395764482784417,0.9342066348497534,-0.4189987279896988,9,2.873783083128195
2915,2020,-1.9334899086758566,2.3696935903517167,0.25229866077832996,6,4.303183499027574
2915,2021,-1.4768623445206057,1.6394180967340357,-0.04593349237735054,10,3.1162804412546414
2916,2014,-1.1989552026477597,2.089322591770829,0.12261044657923018,13,3.2882777944185886
2916,2015,-1.5558949802043665,2.065938947279887,-0.03453041359295206,11,3.6218339274842535
2916,2016,-1.3532588942513868,1.4985476266917166,-0.06796803306633606,11,2.8518065209431036
2916,2017,-1.3324979164956254,1.348161723442677,-0.032054831788567974,12,2.6806596399383027
2916,2018,-1.9194814915814904,1.1504782945612464,-0.0716031432932049,13,3.0699597861427366
2916,2019,-1.2268105656274733,1.554126481952303,-0.05843923026066861,11,2.7809370475797763
2916,2020,-1.4722851956067724,0.8401461882221133,-0.01877670610761486,12,2.3124313838288857
2916,2021,-1.3055843680069241,1.8032426580060232,-0.08437532523267725,14,3.108827026012947
2917,2012,-1.4214090345506816,1.7688728327786,-0.10295612703404328,4,3.190281867329282
2917,2014,-0.7379379092286027,3.3014517093011526,0.973868197010271,5,4.039389618529755
2917,2018,-1.1755768784154168,2.7537654372823064,-0.11503594272224489,5,3.929342315697723
2920,2011,-0.7207089796458369,3.4531440211161484,0.7809947454960414,3,4.173853000761985
2920,2012,-0.817487364192052,3.0871786079542596,0.9324340484563071,3,3.9046659721463115
2920,2014,-0.6136793418617206,0.5473224239399557,-0.20785169759951305,3,1.1610017658016762
2920,2016,-1.3935261816844324,1.1547401297879094,0.03264151742264434,5,2.548266311472342
2920,2017,-1.2663659811682593,2.5912302735700874,0.6340780567579427,4,3.857596254738347
2920,2018,-1.7080035915175567,0.5411260750447536,-0.5046226799612094,8,2.24912966656231
2920,2019,-1.5187469024451512,1.1368282605630369,-0.1861972149271606,12,2.655575163008188
2920,2020,-2.23173034920252,2.4363808938235167,-0.4228111862577585,10,4.668111243026036
2920,2021,-2.3538055842706553,1.7226102567549668,-0.4026501955323251,11,4.076415841025622
2922,2014,-1.1797461487552947,0.6979388692331463,-0.11604691247661895,6,1.877685017988441
2922,2015,-2.135567960179089,2.4491183359846245,0.09838101498355016,8,4.584686296163714
2922,2017,-2.1935627070845976,1.8861028869472913,0.26659927234675374,5,4.079665594031889
2922,2020,-0.6841042794425367,1.7050434657494378,0.5232052660191836,4,2.3891477451919743
2923,2012,-1.6730430638667773,-0.36454611142307997,-1.1199057157883052,4,1.3084969524436973
2923,2017,-1.0212450076501467,1.373358030866781,-0.029136655249341628,8,2.3946030385169275
2927,2014,-0.9588420289919488,0.39112759178405443,-0.19847602310811424,4,1.3499696207760032
2930,2011,-0.7737102875920208,4.0020861391301965,0.8296581487740109,4,4.775796426722217
2930,2012,0.5276109016067136,0.871256565884856,0.6597823109444606,3,0.34364566427814236
2930,2015,-1.068233584352616,3.010508494698549,0.37220577349977785,3,4.078742079051165
2930,2016,-2.2391392177783933,1.6675930089757063,-0.7431088214221608,3,3.9067322267541
2930,2018,-0.00821887006250093,0.26645360249112615,0.11385778440577772,3,0.2746724725536271
2930,2019,-1.4949527182531148,2.1358635362354086,0.026684311701328383,6,3.6308162544885234
2931,2011,1.5318466080669806,2.2434382425296353,1.887642425298308,2,0.7115916344626547
2931,2016,-1.1229300101343649,1.369295720726009,-0.01960557983458903,6,2.492225730860374
2931,2019,-1.9212651850271008,-0.8287155608760943,-1.1632843285856254,4,1.0925496241510064
2934,2011,-1.0680366998038082,2.671957160865388,0.02300363486542807,13,3.7399938606691965
2934,2012,-1.0187945876449287,1.7414654069260824,0.3752080958214792,12,2.760259994571011
2934,2013,-1.5257642292859797,1.5510839757158181,-0.18670187074316777,13,3.076848205001798
2934,2014,-0.6432647150443117,3.668203722807866,0.3367998199520439,13,4.311468437852178
2934,2015,-0.6076607240917079,1.2696257377530724,0.060572039281252175,10,1.8772864618447804
2934,2016,-1.2665708733164383,1.429347469087136,0.07765272452394664,10,2.695918342403574
2934,2017,-1.5339152851640185,1.8936894338446075,-0.11875238600491671,12,3.427604719008626
2934,2018,-1.3099275443383867,2.1106830610654805,0.11690613061690756,11,3.4206106054038674
2934,2019,-1.1865095898378275,1.1406439614122355,-0.18929143011209618,14,2.327153551250063
2934,2020,-0.7749981472330887,1.068280758962639,0.050249356632238305,11,1.8432789061957278
2934,2021,-0.9262235660728999,1.7067487165175126,0.10831361329461961,13,2.6329722825904125
2936,2019,-1.5814770244059746,0.9759817939968234,-0.2275142555963885,4,2.557458818402798
2937,2011,-1.4799169042803635,1.3488659020622977,-0.04541410819680647,3,2.8287828063426614
2937,2012,-1.5421933686224074,0.42055206004313817,-0.511752018572996,4,1.9627454286655457
2937,2014,-0.6226835858738136,0.20381123292039866,-0.17769366095007236,3,0.8264948187942123
2937,2015,-2.135567960179089,0.7462348545523884,-0.4491796463732617,5,2.8818028147314774
2937,2016,0.011282571826502517,1.2490145561091954,0.7210309823942005,4,1.2377319842826928
2937,2017,-1.222213756124624,0.4670887672840258,-0.4890889475522586,5,1.6893025234086498
2937,2018,-1.1882931965891959,1.2278072564288216,0.15175287836283993,6,2.4161004530180175
2937,2019,-0.7450753982616632,2.276425476184661,0.6718862302422948,6,3.0215008744463243
2937,2020,-1.984910674283902,0.8883234901533438,-1.0220972955046712,6,2.8732341644372457
2937,2021,-2.211824297834933,2.23328213134499,-0.6240856281193652,15,4.445106429179923
2938,2019,-1.1471915646771975,2.600531106315582,0.4382591243869438,10,3.747722670992779
2939,2012,-0.36454611142307997,1.7688728327786,0.5898032962831381,4,2.13341894420168
2939,2018,-2.205598650491519,0.7373206982973443,-0.5195511069145661,5,2.9429193487888634
2942,2016,-2.2391392177783933,3.9322097667919556,-0.03401327753375707,5,6.171348984570349
2945,2015,-2.135567960179089,3.4063605296891364,-0.38750476295701713,10,5.5419284898682255
2945,2017,-1.0603222642979617,3.7285325100584674,1.3462303683384724,5,4.788854774356429
2945,2019,-0.013223975385391057,2.6789437587666107,1.2871191777608428,4,2.692167734152002
2945,2020,0.49503939275554565,0.569136396613102,0.5320878946843238,2,0.07409700385755635
2947,2011,-0.6296129816133332,1.1475871254571473,0.29989395111535794,5,1.7772001070704806
2947,2012,-1.5191022459322245,1.738395419290005,0.13735191566592161,6,3.2574976652222296
2947,2013,-1.3216435702076592,1.7166186989514334,0.15992800640368768,6,3.038262269159093
2947,2014,-1.2082499061441137,1.3537479747805796,-0.32871812352102414,8,2.561997880924693
2947,2015,-1.1989820453913589,1.1506984074971567,-0.349909676342701,9,2.3496804528885153
2947,2016,-1.2244035744656403,1.5865778245499293,-0.19388907250982673,8,2.81098139901557
2947,2017,-0.8714488571668557,3.05172162809926,0.3733199369143893,5,3.9231704852661156
2947,2018,-2.205598650491519,1.354970438166612,-0.5056594052147306,6,3.5605690886581307
2947,2019,-0.8732337119450658,2.319552435032727,-0.0051806580001435565,6,3.192786146977793
2947,2021,-2.0875906722036763,1.3732031846670563,-0.37871324284146235,6,3.4607938568707324
2948,2011,-2.310748218031355,3.5446343741184894,1.0019649802617536,3,5.855382592149844
2948,2014,-0.8361175180123122,2.099128223930403,0.32216430337284413,8,2.9352457419427154
2948,2015,-0.9828468342864981,1.7668733514364527,0.1725528903761957,5,2.7497201857229507
2949,2011,-1.9327880712020107,2.739519267697886,-0.22337727787842562,6,4.672307338899897
2949,2012,-2.3272915400886256,-0.03742187331215555,-1.2932781437609915,3,2.28986966677647
2949,2013,-2.0160458123396685,0.4939435420804108,-1.2846265853001482,5,2.509989354420079
2950,2018,-0.7750128559413769,1.6398159652592628,0.19397058890058594,3,2.41482882120064
2951,2018,-2.205598650491519,1.2278072564288216,-0.043480876674115265,4,3.4334059069203406
2951,2019,-2.208778244014208,-1.2678264146018579,-1.6760700654580099,3,0.9409518294123502
2952,2021,-2.3538055842706553,2.4498946068046177,-0.2285099402758774,9,4.803700191075273
2957,2013,-0.07963955994274667,2.5159688209297233,0.8772294137751354,7,2.59560838087247
2959,2011,-2.310748218031355,2.812711550099759,-0.042002103697635816,5,5.123459768131114
2959,2014,-1.4322079999134043,1.0924105116676923,-0.18782927332442628,4,2.524618511581097
2963,2015,-0.7632809055450523,0.32913181557809545,-0.09733738187491266,5,1.0924127211231478
2975,2015,-1.1958496510275203,1.4666855582352574,0.5471294648963294,4,2.662535209262778
2975,2021,-2.3538055842706553,0.8283188617229462,-0.7923936261250978,14,3.1821244459936016
2976,2015,-1.4806127750128442,-0.25613134187595177,-0.7449747047174243,3,1.2244814331368925
2976,2016,-0.9933700128185402,4.17906372617477,1.059657636955298,3,5.172433738993311
2976,2018,-2.205598650491519,2.658393050978964,-0.20636122254593273,5,4.863991701470483
2979,2015,-1.8080903675959665,1.6233052764271854,-0.3128962107670922,6,3.431395644023152
2981,2016,-1.4341806545735651,3.0628545185307416,-0.13472625019997206,6,4.497035173104306
2981,2017,-1.0603222642979617,2.0156160804086216,0.6362203535404997,6,3.075938344706583
2981,2018,-2.205598650491519,3.23062736879902,-0.4612397560224396,5,5.4362260192905385
2981,2019,-1.3241226779000326,0.9616360280598367,0.01744667186001898,6,2.285758705959869
2981,2020,-1.784369688412525,3.392232243585991,0.3727502642902582,6,5.1766019319985155
2982,2011,-1.94478680602199,1.5318466080669806,-0.33912760545338994,5,3.4766334140889708
2985,2011,-1.7195797832469957,5.374441434165316,1.146915343144892,4,7.094021217412312
2985,2012,-2.3272915400886256,2.0343649680570315,0.5026795722199278,4,4.361656508145657
2985,2014,-0.3345477774868405,1.0135161831807835,0.5426448945830243,3,1.348063960667624
2985,2015,-1.5180387855937725,1.8269109100766925,-0.17760275324502378,11,3.344949695670465
2985,2018,-2.205598650491519,1.2278072564288216,-0.3428315857995294,5,3.4334059069203406
2985,2019,-2.208778244014208,2.1358635362354086,-0.3507084571686968,5,4.344641780249617
2985,2020,-2.23173034920252,3.56265535245837,0.27104252414109087,5,5.7943857016608895
2986,2013,0.12893611352021975,3.6135403648415103,1.1039578617350996,5,3.4846042513212905
2986,2020,-0.9976319746094299,1.8584242637345785,0.3946601605664207,5,2.8560562383440082
2990,2011,-0.8328271310704567,1.3058116182964903,0.08606569447671138,3,2.138638749366947
2990,2012,0.0621376774172562,0.3799435339328169,0.21578813930888918,3,0.3178058565155607
2990,2015,-2.135567960179089,2.4673115355725757,0.025543398754670665,5,4.602879495751665
2990,2019,-2.0171028713561365,0.7678275431464291,-0.33126398268331597,11,2.7849304145025657
3066,2015,-0.5145538768926331,1.3743200834041203,0.3042450653320265,4,1.8888739602967535
3066,2018,-1.8132094039863371,0.9825639773630831,-0.11337078161698796,9,2.79577338134942
3067,2015,-1.4494244328620707,1.139207965652135,-0.4050308153731667,6,2.5886323985142057
3067,2017,-1.4090116313092342,3.423368183249163,0.5360009399336526,4,4.832379814558397
3067,2019,-0.8287155608760943,1.2413784638310759,0.5513471222620191,3,2.07009402470717
3067,2020,-1.6948975562545259,3.434838020804085,0.17332549117666154,9,5.129735577058611
3068,2017,-1.3776295882782197,0.6910493290995665,-0.2601352232229351,5,2.0686789173777864
3068,2018,-1.7320254219507825,1.9741998448897655,0.037365715756055566,7,3.7062252668405478
3069,2014,-1.826679642347951,1.250199168641511,-0.3119619928776576,7,3.076878810989462
3075,2014,-0.25596528429039345,3.067313702178712,1.3446219478449226,5,3.3232789864691057
3075,2015,-0.6946665528133503,2.007023585997409,0.2450842378031524,4,2.7016901388107595
3075,2016,-2.2391392177783933,3.5238974521228403,-0.7225506204359634,8,5.763036669901234
3075,2017,-1.286970352855289,0.8400347859134739,-0.5750304509476526,8,2.1270051387687627
3077,2015,-1.9408515537783135,0.7462348545523884,-0.7175633710804946,8,2.687086408330702
3077,2016,-0.7225506204359635,1.2490145561091954,0.3138751942121578,4,1.971565176545159
3077,2017,-2.1935627070845976,1.5351639111165911,-0.7702701010826203,5,3.728726618201189
3077,2018,-1.0920615995984355,0.19233563370681403,-0.46690302885734064,6,1.2843972333052496
3077,2019,-1.4420767533819228,2.9069713572736267,0.32190731294655645,10,4.349048110655549
3077,2020,-2.23173034920252,0.5212583325820658,-0.6032595954481021,9,2.752988681784586
3078,2014,-1.6140661130357716,1.6979777897834285,-0.2721465938679934,7,3.3120439028192
3078,2016,-0.6536147751022168,3.4452595248532325,0.6693412452288743,5,4.098874299955449
3078,2017,0.17146082568751195,1.5152241965807558,0.7856733889200576,4,1.343763370893244
3078,2018,-2.205598650491519,2.100707063272976,-0.1632406468924261,9,4.306305713764495
3078,2019,-0.5987051136864088,0.6849015754689334,0.1448890168837316,5,1.2836066891553422
3078,2020,-1.515953291938528,1.6725081449647103,-0.16097738564178726,5,3.1884614369032382
3078,2021,-1.5989683652452962,1.2287454804446645,-0.23018104460913555,11,2.827713845689961
3079,2011,-1.6245705705137952,2.4359865671489422,-0.5247842468586317,6,4.060557137662737
3079,2013,-0.7850662279150553,2.8126097787437194,0.44773140934121675,7,3.5976760066587747
3079,2014,-1.2681077966606331,0.762910669163542,0.026788755830184613,8,2.0310184658241752
3079,2015,0.8663099718328665,2.5846263053293645,1.4960142506744545,4,1.7183163334964981
3079,2016,-2.2391392177783933,3.2150648650276548,0.272082921160409,7,5.454204082806048
3079,2017,-2.1935627070845976,2.2878881348443714,-0.09706569630815753,9,4.481450841928969
3079,2021,-2.014986605276318,1.1327510060259134,-0.32464753503893173,9,3.1477376113022313
3080,2011,-1.612094613286203,-0.38945080498218726,-1.0007727091341951,2,1.2226438083040159
3080,2012,-0.16150348087147184,-0.047974268089927295,-0.10473887448069957,2,0.11352921278154454
3080,2014,-2.0633626278086785,0.7613130019521387,-0.5398116339811673,9,2.8246756297608173
3080,2016,-0.7593164046139618,1.850420379193262,0.20326887552079262,5,2.609736783807224
3080,2017,-1.4380690785601737,0.3247493879968153,-0.3502787066775378,4,1.762818466556989
3081,2020,-2.23173034920252,3.2218091347136113,0.11537457798985659,5,5.453539483916131
3082,2014,-2.0633626278086785,1.5815553482865303,-0.4021280174915807,6,3.6449179760952086
3082,2015,0.02578415086951879,2.885755126095455,1.4872378760115366,6,2.859970975225936
3082,2017,-0.43074424052760857,2.5364843584596213,0.539284942835952,4,2.96722859898723
3082,2018,-1.7151120923600418,0.31223234791673066,-0.4985422241104645,6,2.0273444402767726
3082,2019,-2.208778244014208,0.017129309434362146,-0.6516079671286101,5,2.2259075534485704
3082,2020,-1.4058337446671443,0.6761139459324486,-0.41183053418156224,6,2.081947690599593
3082,2021,-1.8879294881534414,1.1247359334045421,-0.4332937295911667,9,3.0126654215579833
3083,2013,-0.5074870952513952,1.1022892563473958,0.1568888191603849,3,1.609776351598791
3083,2015,-1.076081631233693,2.7634968248644225,0.268927854740829,4,3.839578456098115
3083,2016,-1.774052047926715,2.5906121614505753,0.1408206405282474,8,4.36466420937729
3083,2021,-1.7574841812406214,2.0633899937295954,0.6521808151480216,7,3.820874174970217
3084,2011,-1.3632590828290259,1.9858438043295126,0.058317145660576955,10,3.3491028871585384
3084,2012,-1.3405561333278049,1.4847881181956217,-0.1287864591274468,12,2.8253442515234264
3084,2013,-1.8403313376963517,1.1915213333657444,-0.046079050491541235,10,3.0318526710620963
3084,2014,-1.3496723947270992,0.7389991145423183,-0.18518459629373374,10,2.0886715092694175
3084,2015,-1.4636450241018015,0.6963643484878138,-0.3375330864497595,13,2.1600093725896152
3084,2016,-1.2056121736635523,1.2965606422464488,0.18417356896138654,13,2.502172815910001
3084,2017,-0.648234830557367,0.8661864884393192,0.21268699373756927,12,1.5144213189966862
3084,2018,-1.2246255342285646,1.96170418421598,0.09890137468907698,14,3.1863297184445445
3084,2019,-2.082166988680436,1.8488811399633016,0.2948848156969324,11,3.931048128643738
3084,2020,-1.8448238317625243,1.1788687951274746,-0.03925141953816018,10,3.023692626889999
3084,2021,-1.3981623101840628,1.4500487262946378,0.054317425122990835,12,2.8482110364787006
3086,2011,-0.3059161348496148,1.0707352289351804,0.25879418881752925,5,1.376651363784795
3086,2012,-0.757095197156189,-0.1290166599832143,-0.44305592856970166,2,0.6280785371729747
3086,2013,-1.414523870105731,1.2072587129267973,-0.15845299089136727,5,2.6217825830325285
3086,2014,-1.3657706706612702,0.6365766137433277,-0.2013238486777661,9,2.002347284404598
3086,2015,-0.17070240468035472,1.2093817354913756,0.5193396654055105,2,1.3800841401717303
3086,2016,-1.1926930856121167,0.08629663147999898,-0.5538664557583745,3,1.2789897170921156
3086,2018,-1.3472471737614338,1.9144884378128895,-0.03591330587540862,10,3.2617356115743235
3086,2019,-1.2763034581100772,0.9074923308137902,-0.25354473810079736,11,2.1837957889238675
3087,2013,0.6419195266318397,2.2037151811255162,1.4124963867104767,4,1.5617956544936766
3087,2015,-2.135567960179089,0.9520779127474935,-0.3636023008828891,6,3.0876458729265828
3088,2011,-1.1284113484626364,2.5798270151847085,0.7605854426900874,6,3.708238363647345
3088,2012,-1.4549602384594944,1.4860424356044346,-0.12417570056208585,4,2.9410026740639292
3088,2013,-0.9695624333847361,2.805657256294954,0.918047411455109,2,3.77521968967969
3088,2014,-1.460896846635917,0.6477333874687495,-0.43726285732849296,4,2.1086302341046665
3088,2015,-1.1063526692035615,1.4666855582352574,0.48035423771704344,4,2.573038227438819
3088,2016,-1.4780874852938286,2.362255122243532,-0.15251699452633996,10,3.8403426075373606
3088,2017,-0.957300405862813,1.4676756465337641,0.5602224995880878,5,2.424976052396577
3088,2019,-0.6405251949936245,4.69153517167636,1.0615218098033048,5,5.332060366669984
3088,2020,-0.5138654117689387,3.2992741842010567,1.1227943605653716,4,3.8131395959699956
3090,2014,-2.0633626278086785,1.1433100784334407,-0.09912206484281594,9,3.206672706242119
3090,2015,-2.135567960179089,2.9342703249966577,-0.21088246705050478,10,5.069838285175747
3090,2016,-1.2624561610898684,1.320201367821187,0.05743609898990453,7,2.5826575289110556
3090,2017,-1.1056518820094272,1.8861028869472913,0.4434354266207836,7,2.9917547689567185
3090,2018,-1.1020038946956952,3.802861686619077,0.820433166675671,7,4.904865581314772
3090,2020,-1.784369688412525,1.8139660614200448,-0.01600883796298439,5,3.59833574983257
3091,2012,-0.6449383155181581,1.955062122454383,0.11757667693833626,5,2.600000437972541
3091,2013,-0.18076715919751823,0.8589509706406018,0.3150530326486889,5,1.03971812983812
3091,2014,-1.2986945209355578,0.5874868093514733,-0.05022711205091064,5,1.8861813302870312
3092,2020,-0.6979223693511082,3.56265535245837,1.474887951491474,5,4.2605777218094785
3093,2013,-1.2426069513726195,0.7546631339091187,0.07872082424122398,5,1.997270085281738
3093,2014,-1.460896846635917,2.645383082936328,0.32682554979295525,10,4.106279929572245
3093,2015,-1.79249619652058,2.628702822239885,0.5579608325585059,8,4.421199018760465
3093,2016,-1.242523853810511,1.636587197652261,-0.33432001852555604,5,2.879111051462772
3094,2012,-1.699213002915651,1.5981993172424658,0.06658608751311998,5,3.2974123201581165
3094,2016,-1.242523853810511,1.5173340771774713,-0.16619037126437258,4,2.759857930987982
3094,2017,-1.9742258471904097,1.5578539311056452,0.036614146506187994,3,3.5320797782960547
3094,2018,-1.936311912693845,1.141972108755813,-0.07258350230468112,6,3.078284021449658
3094,2019,-2.208778244014208,2.6214411469691887,-0.33406307353240977,10,4.830219390983396
3094,2020,-1.515953291938528,1.4797062440181805,-0.018123523960173693,2,2.995659535956708
3096,2011,-0.954538279408413,2.5798270151847085,0.7414090983847206,4,3.5343652945931217
3096,2012,-0.5630259862319554,1.0949312586102746,0.12903520489835973,4,1.6579572448422302
3096,2013,-2.3044467435477203,1.5396821243266967,-0.2815547934728503,8,3.844128867874417
3096,2014,-1.2901982086369677,0.909552628819529,-0.37093298857297036,12,2.199750837456497
3096,2015,-1.6552674910571763,0.8870125782605349,-0.4570070907225769,11,2.5422800693177114
3096,2016,-1.0258683399044495,1.320201367821187,0.14772471210491006,10,2.3460697077256363
3096,2017,-2.1935627070845976,2.237534754597979,-0.4482262802822987,9,4.431097461682576
3096,2018,-1.7016124623197257,1.4874766107337212,-0.19125863310026556,12,3.189089073053447
3096,2019,-2.208778244014208,3.116463631138295,-0.4049557144587479,12,5.3252418751525035
3096,2020,-2.23173034920252,2.132763902407189,-0.2925154101314652,13,4.36449425160971
3096,2021,-1.897437163584405,2.455237988552198,-0.35992125071323344,12,4.352675152136603
3097,2015,-2.135567960179089,0.6835869672756171,-0.6919041185607798,6,2.819154927454706
3097,2016,0.5513838013316777,1.2490145561091954,0.9001991787204366,2,0.6976307547775177
3097,2017,-1.2491956714290677,2.81655293470895,0.8792774841339089,8,4.065748606138017
3097,2018,-0.4142564381852543,2.6992669308232533,0.6710645680310084,5,3.1135233690085076
3097,2019,-1.633752126039994,1.2413784638310759,-0.12416838389028906,12,2.8751305898710697
3097,2020,-1.890884131457762,3.691941848844312,0.37336459029087293,8,5.582825980302074
3098,2013,-0.69337947266136,1.588965827760984,0.04289012080275314,7,2.282345300422344
3098,2014,-1.159663956049536,1.912911527931549,0.3851973374423112,4,3.072575483981085
3098,2015,-1.6552674910571763,2.9499664187588124,-0.12403850582734509,6,4.605233909815989
3098,2016,-1.5415084630008755,3.66389024572368,0.026925334884574454,9,5.205398708724555
3098,2017,-2.1935627070845976,1.3539725920735668,-0.24303894319694364,11,3.5475352991581643
3099,2015,-0.2396450557504857,3.8159813311141786,1.5325664784351605,5,4.055626386864664
3101,2019,-1.6779849043457027,1.9314098054001323,-0.5009104620141509,5,3.609394709745835
3101,2021,-1.512839503074454,1.4298877286813176,0.11103548523616595,15,2.9427272317557716
3103,2020,-0.2186073756475418,1.6224538052958999,0.46131274012943674,6,1.8410611809434416
3105,2012,-1.5421933686224074,-0.45801017945477274,-1.00010177403859,2,1.0841831891676348
3105,2013,-1.6331687140117368,2.2260697030660443,0.320284332449837,6,3.859238417077781
3105,2014,-2.0633626278086785,0.6979388692331463,-0.4647065694569758,9,2.761301497041825
3105,2018,-0.4142564381852543,2.434139061562995,0.705477065486636,4,2.8483954997482495
3105,2019,-2.208778244014208,2.4332507810867194,-0.06349678945073452,9,4.6420290251009275
3106,2013,-0.7470817150242386,1.588965827760984,0.7583711458817937,3,2.3360475427852228
3106,2015,-0.8013999903959977,1.9169672480370508,0.15100678850960395,6,2.7183672384330486
3106,2017,-0.3391692552519209,1.64960053367008,0.34140209999314414,4,1.988769788922001
3106,2019,-1.6567531707589624,3.099155152670844,0.8755611363919162,6,4.755908323429806
3107,2017,-1.9102525963879384,1.546130754111301,-0.07990262828122952,4,3.456383350499239
3107,2018,-2.205598650491519,1.9144884378128895,0.5135527766416865,5,4.120087088304409
3107,2019,-1.633752126039994,2.8096315128516594,0.41856836411160964,5,4.443383638891653
3109,2017,-2.1935627070845976,1.4186412042978043,-0.17325743689919465,4,3.6122039113824016
3109,2018,-1.269215221331426,1.6398159652592628,-0.3338823561663573,10,2.909031186590689
3111,2020,-1.4364225077980843,1.776621171475837,-0.15429539171354067,9,3.2130436792739214
3117,2012,-1.5795789958350845,1.733561070943538,-0.176154779260164,5,3.3131400667786224
3117,2018,-1.8504187290859666,1.2605063603042532,-0.4762491579429159,10,3.1109250893902196
3117,2019,-2.208778244014208,1.7013993582104467,-0.39881937613382185,14,3.910177602224655
3117,2020,-1.6591087033913263,2.4363808938235167,-0.06426953618834744,5,4.0954895972148435
3119,2013,-2.3044467435477203,2.367648342022725,-0.9715854581496316,5,4.6720950855704455
3119,2014,-1.6491674032524049,0.47053756947676045,-0.42083485581639435,6,2.1197049727291652
3119,2015,-0.784722890773709,0.5661221786316708,-0.28603146989441075,5,1.3508450694053797
3119,2016,-1.9600869158673864,1.0973556963749524,-0.38259466353465105,9,3.0574426122423386
3120,2012,-0.6143500750714223,1.1006018846230314,0.017069431197571216,5,1.7149519596944538
3120,2013,-1.3883496679456724,-0.7776182842109737,-1.170194347399761,4,0.6107313837346987
3120,2014,-0.25596528429039345,2.278545933057087,1.1139766102384088,5,2.5345112173474806
3120,2015,-1.312195727398667,1.3424699196692456,0.45758137064660803,3,2.6546656470679126
3120,2016,-1.6325037788414214,2.245629920077078,-0.2522254841215641,9,3.8781336989184996
3120,2017,-2.1935627070845976,0.7528624441606557,-0.34864867405581434,9,2.9464251512452533
3120,2018,-2.205598650491519,0.422440438756149,-0.5686148046217642,10,2.628039089247668
3120,2019,0.009179639600617477,1.44432885841021,0.8161490656652705,3,1.4351492188095927
3120,2020,-2.23173034920252,1.7945155979074365,-0.29747083851032785,8,4.026245947109956
3121,2017,-0.4937020429046438,1.3320742260293803,0.21385780426453715,4,1.8257762689340242
3121,2018,-2.205598650491519,1.3651434927056354,-0.43715184235331683,5,3.5707421431971547
3122,2011,-2.310748218031355,1.8811734104395563,-0.46301593208281594,4,4.1919216284709115
3122,2012,0.6506670413349608,2.824915210158432,1.257928732341333,4,2.174248168823471
3122,2017,-1.3693878396034078,3.1827407889264188,0.6917841929324554,10,4.552128628529827
3122,2018,-1.0113705089540093,1.5399350661488522,0.40397774179720275,5,2.5513055751028615
3122,2020,-1.4912713244466662,4.926040223437403,0.37206048409587034,5,6.417311547884069
3122,2021,-1.7574841812406214,1.2241228339095478,-0.668819518371932,4,2.9816070151501695
3126,2019,-0.8287155608760943,1.7721718034995806,0.5111023150797456,5,2.6008873643756747
3126,2020,-1.6591087033913263,1.1915512290165735,-0.3430596040854271,7,2.8506599324078996
3129,2012,-1.699213002915651,4.9822431597692685,1.0939851403697807,3,6.68145616268492
3131,2014,-1.6215543882819867,0.9815319959563608,-0.5234306269101412,5,2.6030863842383476
3131,2016,-0.970719663637452,1.5396940372664942,0.40044005194701743,4,2.510413700903946
3134,2012,-1.4861149278033918,0.6168266029096929,-0.6563700765274108,4,2.1029415307130845
3134,2013,-1.3187726748619724,-0.8444170293069563,-1.178145184302616,4,0.4743556455550161
3134,2014,-1.8495844473925376,0.8360039440852374,-0.7373029555976088,10,2.6855883914777747
3134,2015,-1.7353175692441616,0.6395014169697408,-0.7525526265614586,9,2.3748189862139024
3134,2019,-1.820028192426007,1.1224075428708937,-0.24047999528537542,14,2.942435735296901
3134,2020,-2.23173034920252,3.434838020804085,-0.23299638997484362,12,5.666568370006605
3134,2021,-1.6217145760864622,1.0410934923854782,-0.5587442337752095,11,2.66280806847194
3138,2013,-1.6273315137549023,2.187952377193092,-0.3217144552825966,3,3.8152838909479945
3140,2015,-2.135567960179089,3.5112078254434,0.3006744810570885,6,5.64677578562249
3140,2016,-1.517452230077513,2.069756620553334,0.32335834082463794,5,3.587208850630847
3141,2012,-2.3272915400886256,0.47663050086215397,-0.6632247636113152,4,2.8039220409507797
3141,2013,-1.058554720728935,2.318980684881366,0.3218725681935564,5,3.377535405610301
3141,2014,-0.9982891932354032,0.7481443509975431,-0.3377767363784254,9,1.7464335442329464
3141,2015,-1.4806127750128442,1.0664351673003298,-0.47414716474578766,10,2.547047942313174
3141,2016,-2.2391392177783933,1.1094884051536917,-0.3678739089682164,5,3.348627622932085
3141,2017,-2.1935627070845976,2.177507572235284,0.026434094506852707,12,4.3710702793198815
3141,2018,-1.9070416151071412,1.9843204223604223,-0.10398189388068223,11,3.8913620374675633
3141,2020,-2.23173034920252,0.6313778798534493,-0.8713056542249974,12,2.8631082290559693
3142,2015,-1.9236706943900097,4.108338138405779,0.26527392642022385,5,6.032008832795789
3142,2016,-1.4639939346922626,0.9319096675739599,-0.2901696794259626,5,2.3959036022662223
3149,2016,-1.906934096455766,2.3106265742488965,-0.726356073626345,6,4.217560670704662
3149,2020,-1.4912713244466662,2.0629319943814335,0.4227030637858902,3,3.5542033188280997
3152,2013,-1.7966103212031068,-0.48199830591385884,-1.1393043135584828,2,1.314612015289248
3152,2014,-1.4006502685186406,0.5401502122593276,-0.4365613199518169,10,1.9408004807779682
3152,2015,-1.749612226063266,1.414478985504615,-0.6332818981687812,9,3.164091211567881
3152,2017,-1.6269424856912797,1.2890786536743322,-0.36123268374555095,10,2.916021139365612
3152,2018,-2.205598650491519,0.8663961083319437,-0.2934371817533214,10,3.071994758823463
3152,2020,-1.2981081005973127,1.136632273216267,-0.15352920208963572,4,2.4347403738135798
3153,2012,-1.4214090345506816,1.0374149090523097,-0.28104510275651695,5,2.458823943602991
3153,2014,-2.0633626278086785,2.1538978404006537,-0.15304404667337979,4,4.217260468209332
3153,2015,-0.6946665528133503,1.1895891337418463,0.25361898878632366,3,1.8842556865551967
3153,2016,-1.5415084630008755,-0.578113611165256,-1.0598110370830658,2,0.9633948518356196
3153,2019,-1.6567531707589624,2.227137523215443,0.6039209387625187,3,3.883890693974405
3153,2020,-1.4364225077980843,0.6964485214229031,0.018267834843483998,5,2.1328710292209876
3154,2011,-0.9231445308291784,0.7084334310459086,0.05240601349502939,4,1.631577961875087
3154,2013,-0.9502162839620842,3.813773011365958,1.105475488726971,4,4.763989295328042
3154,2015,-2.135567960179089,1.6107756989718314,-0.3136111938893076,5,3.7463436591509205
3154,2016,-1.5747289751331384,2.1210529995810927,0.2729419524707953,6,3.6957819747142313
3154,2019,-2.208778244014208,1.369162045603123,-0.4012988409973488,6,3.577940289617331
3155,2014,-1.460896846635917,0.4612558837724182,-0.5301031529721792,3,1.9221527304083352
3155,2015,-2.135567960179089,1.7437819827286685,-0.03363406281308501,8,3.8793499429077576
3155,2016,-1.242523853810511,1.7473222380931364,-0.0885378029235893,5,2.9898460919036474
3155,2017,-1.853590574248607,1.0701697681409135,-0.6736257562824605,5,2.9237603423895204
3156,2012,-2.3272915400886256,1.934669962156559,0.2729211239865624,5,4.261961502245184
3157,2014,-2.0633626278086785,2.670297081405878,-0.10734112001959956,4,4.733659709214557
3157,2015,-2.135567960179089,2.563023585578754,0.15990532224181284,6,4.698591545757843
3157,2016,-1.2878245521726874,1.5978299334979544,0.8270637179201671,6,2.885654485670642
3157,2017,-0.4937020429046438,1.9452284752665945,0.5936104875268194,4,2.4389305181712384
3157,2018,-1.5997034904467529,2.9445102098889917,0.3363195094101514,11,4.544213700335744
3158,2011,-1.487335041010283,5.648912493172341,2.3549548172447117,4,7.136247534182624
3158,2014,-0.9944717257279723,5.194915592986976,1.3188601489810419,5,6.189387318714948
3158,2015,-0.6134890087364074,1.9365447128110413,0.6645131262552175,8,2.550033721547449
3158,2016,-2.2391392177783933,2.3678563326391764,0.43501044082175405,12,4.60699555041757
3158,2017,-1.513618441412616,3.385467165095763,0.741632891011183,10,4.899085606508379
3158,2018,-1.0611300148514056,2.860082195784394,0.18095212049311563,9,3.921212210635799
3158,2019,-2.208778244014208,4.346519500891831,0.5923829383839772,5,6.555297744906039
3158,2020,-1.9454195262969234,2.42082052301343,0.1016142425807283,10,4.3662400493103535
3158,2021,-2.3538055842706553,2.034446675930199,-0.0351831414314694,17,4.388252260200854
3159,2013,-2.3044467435477203,-0.18076715919751823,-1.1083395645242233,4,2.123679584350202
3159,2016,-0.495062330834599,2.743937602061019,0.9592400475237751,5,3.2389999328956183
3159,2021,-1.288945936002738,1.286528562133621,-0.15964933238241047,10,2.575474498136359
3160,2013,-0.48752087693699175,2.8867700181972182,0.649602794683328,3,3.37429089513421
3160,2014,-0.7379379092286027,2.1847935214864367,0.532867658860536,6,2.9227314307150394
3160,2015,-1.6387054059150412,2.007023585997409,-0.03652023861593168,5,3.64572899191245
3163,2012,-1.3142616414225377,0.6168266029096929,-0.3625384036166658,5,1.9310882443322306
3163,2013,-1.1920431517452337,0.5507224754119958,-0.19585947236820755,4,1.7427656271572296
3163,2014,-1.1678053855248436,2.2543088039294474,0.006749594787605728,7,3.422114189454291
3163,2016,-1.446376996440305,1.9833627190328982,-0.2824341540306306,10,3.429739715473203
3163,2017,-2.1935627070845976,3.09489269258637,-0.3308584565089579,13,5.288455399670967
3164,2013,-0.8624420875074597,0.7546631339091187,0.13274264755013968,4,1.6171052214165784
3164,2014,-1.353313671426495,2.4049252492226376,0.08796553708300023,10,3.7582389206491325
3164,2015,-1.400414180910855,2.1528290855522756,0.19653356552085774,11,3.553243266463131
3164,2016,-1.974216146343893,2.529476068042614,-0.07002866946244629,13,4.503692214386507
3164,2017,-1.4208987688209822,1.7047844161014298,-0.19717688290084706,11,3.125683184922412
3164,2018,-2.205598650491519,0.8172913327753027,-0.3828914366088119,11,3.022889983266822
3164,2019,-1.7487573496348368,0.7289789527649445,-0.3147157689546823,12,2.4777363023997814
3164,2020,-2.23173034920252,0.3102816298658636,-0.8758469981358707,8,2.5420119790683837
3165,2011,-1.5902616881379172,0.3393171792778421,-0.6371491050869312,4,1.9295788674157595
3165,2016,-1.3671007743064962,0.9001991787204365,-0.16466557371389737,6,2.267299953026933
3165,2017,-2.1935627070845976,2.206076659028224,0.6957728425939766,6,4.3996393661128215
3166,2014,-1.5435882283655116,1.8874225910357783,0.07253164590140009,8,3.4310108194012896
3166,2015,-2.135567960179089,1.9812932037230209,-0.07713737822803413,2,4.11686116390211
3166,2016,-2.2391392177783933,1.9964760790851068,-0.059043109098650515,4,4.2356152968635
3166,2017,-1.513618441412616,2.60604387412939,0.2746938624529597,8,4.119662315542006
3166,2018,-1.6562537053842643,0.9636991097426417,-0.16445183800587115,8,2.619952815126906
3166,2019,-1.7069372683276212,1.405671640395137,-0.2913734821536473,12,3.112608908722758
3166,2020,-1.4364225077980843,0.6313778798534493,-0.6126282414924604,13,2.0678003876515336
3166,2021,-2.3538055842706553,1.2555081709111287,-0.599134721182758,9,3.609313755181784
3167,2012,-1.6651605521050683,0.05879113789693948,-0.8518888336448196,5,1.7239516900020078
3167,2014,-1.7051397308951446,2.8870188512253394,0.3392314738997785,7,4.592158582120484
3167,2021,-1.8213757601366967,1.3732031846670563,-0.1778210181163423,5,3.194578944803753
3168,2014,-1.6425928758784958,2.2442677075765682,-0.1057309932120403,9,3.8868605834550642
3168,2015,-2.135567960179089,3.1040735211508697,0.24578805625113195,6,5.239641481329959
3168,2016,-1.906934096455766,3.4520590448803037,0.00023538850510034236,5,5.35899314133607
3168,2017,-2.1935627070845976,1.5152241965807558,-0.5761195296527629,4,3.708786903665353
3168,2020,-2.23173034920252,2.540116699224095,-0.4422877060425394,4,4.771847048426615
3168,2021,-1.7804196198187,1.0750424831520395,-0.3453102567194006,12,2.8554621029707397
3169,2012,-1.803892759111147,0.6635586369255391,-0.7399601180170456,4,2.467451396036686
3169,2013,-1.727644881131616,0.2464097686890168,-0.8289531549729905,5,1.9740546498206328
3169,2014,-2.0633626278086785,0.768741471721398,-0.43685677378619914,13,2.8321040995300764
3169,2015,-2.135567960179089,0.8615069671416471,-0.6848833701377665,15,2.997074927320736
3169,2016,-1.6577802554637953,1.005654990489131,-0.5775070177862308,13,2.6634352459529262
3169,2017,-2.1935627070845976,1.5548479882865829,-0.45446743877369045,12,3.7484106953711804
3169,2018,-2.205598650491519,0.8794907151470479,-0.45293783557151723,10,3.085089365638567
3169,2019,-1.456016780484328,1.7161706713327205,-0.17063666377577225,11,3.1721874518170488
3169,2020,-1.6591087033913263,1.2353147719199427,0.19410588692844738,9,2.894423475311269
3170,2012,-2.3272915400886256,2.0114088811720547,-0.22548520048523757,4,4.338700421260681
3170,2014,-0.5040394294791776,1.9984228000980058,0.8850089383439853,3,2.5024622295771835
3170,2015,-2.135567960179089,1.042891026657099,-0.4252038631515713,5,3.178458986836188
3170,2016,-1.681034613956379,3.468748775855843,0.2346773007371572,10,5.149783389812222
3170,2017,-1.0362107655152673,1.7727788426686282,0.2383523145671288,9,2.8089896081838956
3170,2018,-2.205598650491519,0.929250221044444,-0.4297587935080724,11,3.1348488715359633
3170,2020,-2.0008345242786514,2.323214560659249,0.06171474067592012,9,4.324049084937901
3171,2013,-0.43560870931954243,0.9278202967840342,0.15832035934141753,4,1.3634290061035768
3171,2014,-1.6657352122346558,2.1779964716475644,0.026965233121102748,11,3.84373168388222
3171,2015,-0.6946665528133503,0.8456073654051977,0.03834096911426957,11,1.5402739182185479
3171,2016,-1.2798969299593064,0.5513838013316777,-0.4913413002028095,13,1.8312807312909842
3171,2017,-1.8209905067163885,0.8970930459698637,-0.5476211616098393,12,2.7180835526862523
3171,2018,-1.7625785334695394,1.0316126331762308,-0.48953540554694563,11,2.79419116664577
3171,2019,-1.8694185678327047,1.3766787268838323,-0.40171884589480694,12,3.246097294716537
3173,2015,-0.498179997263477,1.226535323674301,0.5082158233717344,5,1.7247153209377781
3173,2016,-0.6536147751022168,1.5479991652995597,0.337762695617539,4,2.2016139404017765
3173,2019,-1.2678264146018579,2.0375684733338337,0.01836983677827097,6,3.305394887935692
3174,2012,-1.0187945876449287,2.9066962696861625,0.2897023647987684,3,3.9254908573310914
3174,2014,-1.6735318282263032,1.7522539862854796,0.11108111687101613,9,3.4257858145117828
3174,2015,-2.135567960179089,1.748601050980728,-0.46647786941670905,9,3.884169011159817
3174,2016,-1.7408315357944522,0.46136692974748167,-0.502048829918383,10,2.202198465541934
3174,2017,-1.8979347654880836,2.133355347191648,-0.3313575197447384,11,4.031290112679732
3174,2018,-2.205598650491519,0.6995909630564615,-0.6180632194510867,11,2.9051896135479804
3174,2019,-1.9327657073865854,0.6465238590301647,-0.6726297213542212,13,2.57928956641675
3174,2020,-2.23173034920252,0.15419317501078741,-1.0605817133542554,12,2.3859235242133074
3178,2014,-1.533192740376648,1.7599779065569245,-0.29698822469624236,9,3.2931706469335724
3178,2015,-2.135567960179089,2.667436731040039,-0.9924581588592954,9,4.803004691219128
3178,2016,-1.5415084630008755,0.2976998905034894,-0.57541696314656,8,1.8392083535043648
3178,2017,-1.7078882316046107,2.5660471526192725,-0.12275368911136443,11,4.273935384223883
3178,2018,-1.6333643326714622,0.9636991097426417,-0.3419060411819666,8,2.597063442414104
3178,2019,-0.7811271924920216,2.3914306997795034,0.8624275436718719,6,3.172557892271525
3178,2020,-0.8001762346745355,1.964204124413986,0.07385477611278146,5,2.7643803590885216
3179,2017,-1.490172087423927,1.4186412042978043,-0.21525851784701378,6,2.9088132917217315
3179,2018,-1.0980483579365703,1.8337024164735878,0.14808687288303302,9,2.9317507744101583
3182,2012,-1.345918825755853,0.5153052876338888,-0.37856083844768595,3,1.8612241133897418
3182,2013,-1.058554720728935,2.0561753363180286,0.3845501529482885,5,3.1147300570469634
3182,2019,-1.8144746202604611,3.386070471410577,0.500964329969861,5,5.200545091671038
3184,2012,-1.803892759111147,1.5981993172424658,0.1041912646055412,5,3.402092076353613
3184,2013,-0.9790296979958212,0.6619628345922446,-0.36597341515596504,5,1.6409925325880659
3184,2014,-2.0633626278086785,1.335162291627413,-0.1690967701882492,8,3.398524919436092
3185,2014,-1.8034754280870953,2.0785896177540586,-0.3278650957106531,10,3.882065045841154
3185,2017,-1.689900288068315,0.9936760382528157,-0.36366807780214105,6,2.6835763263211305
3185,2018,-1.7151120923600418,0.3694557796987365,-0.887693450037004,4,2.0845678720587784
3185,2019,-1.6779849043457027,1.6247292091472185,-0.3655900565809938,11,3.302714113492921
3185,2020,-2.23173034920252,-0.27961110211890494,-1.0691348864949446,5,1.952119247083615
3188,2012,-1.4214090345506816,-0.0010747357442753515,-0.7492665829107995,4,1.4203342988064063
3188,2013,-1.3700277264336314,1.7331662933650098,0.017024186876331043,6,3.103194019798641
3188,2014,-0.3345477774868405,1.5929814234467032,0.6601262192352365,4,1.9275292009335439
3188,2016,-1.5415084630008755,1.703991135311924,0.5163683198705292,5,3.2454995983127994
3188,2017,-1.556114958017115,2.6631820477152703,-0.049379048765513384,11,4.219297005732385
3188,2021,-2.3538055842706553,3.02965152641715,0.8340559663361387,5,5.3834571106878055
3189,2012,-2.3272915400886256,0.4436431827333214,-0.7289964344201509,5,2.7709347228219467
3189,2013,-2.3044467435477203,0.6904860036128215,-0.5515616648124575,5,2.994932747160542
3189,2016,-0.8438777082233578,1.6675930089757063,0.7789187551975758,5,2.5114707171990642
3189,2017,-2.1935627070845976,0.9573985240782437,-0.641958087380766,9,3.1509612311628414
3189,2018,-1.4426195600647767,3.0454927365631193,0.20819520300727268,5,4.488112296627896
3189,2021,-0.8954108485993769,1.2903807675795516,0.34312390882724775,9,2.1857916161789284
3192,2012,-1.137748856048901,1.2413365120305482,-0.18441536212563603,4,2.3790853680794495
3192,2014,-1.6215543882819867,1.250199168641511,-0.4832059818760706,11,2.8717535569234975
3192,2015,-0.6946665528133503,1.866935949170185,0.7262223350056418,4,2.5616025019835353
3192,2016,-1.9358214983099076,0.6030601535374195,-0.6438948007774922,12,2.538881651847327
3192,2017,-2.1935627070845976,1.8861028869472913,-0.5807254524624169,11,4.079665594031889
3192,2018,-2.205598650491519,1.7428181424668725,0.06201252951536161,8,3.9484167929583913
3192,2019,-1.8951276342100911,0.20633145147749052,-0.642018769326025,3,2.1014590856875817
3192,2020,-2.23173034920252,1.4797062440181805,0.06754249209967553,5,3.7114365932207005
3216,2013,-0.3577404578933683,0.5074623357307881,0.07486093891870993,2,0.8652027936241564
3216,2014,-1.2986945209355578,1.664394393197785,-0.27494957690042504,5,2.9630889141333427
3216,2016,-1.9708196967101175,1.9964760790851068,-0.2440068282035388,5,3.9672957757952245
3216,2017,-2.1935627070845976,3.44026120848325,-0.3459525562349686,5,5.633823915567847
3216,2018,-1.1957733837502422,1.2278072564288216,-0.21254018236648595,5,2.423580640179064
3216,2019,-2.208778244014208,-0.2372601252454745,-1.2230191846298413,2,1.9715181187687336
3216,2020,-1.5500379137130038,2.199270481479337,-0.2889069080573982,3,3.749308395192341
3217,2018,-1.7320254219507825,0.8463177112154503,-0.543466482676687,5,2.578343133166233
3217,2019,-2.208778244014208,2.7508220235133876,-0.8900012392391357,5,4.959600267527596
3217,2020,-1.8825708090737436,0.452433615537451,-0.9291189152401715,8,2.3350044246111947
3218,2013,2.27603863446252,2.9631114411640564,2.6195750378132883,2,0.6870728067015364
3218,2016,-2.2391392177783933,1.031004945241221,-1.0543928772959767,5,3.2701441630196144
3219,2014,-1.2986945209355578,1.7235651395629665,-0.14508520532455374,6,3.0222596604985243
3219,2015,0.006312510229441438,2.0354624295638386,1.045419892146026,5,2.0291499193343974
3229,2013,-1.3310936007205443,-0.10062830695788787,-0.8089209393448575,4,1.2304652937626563
3229,2014,-1.1797461487552947,2.050024429853626,0.09105104858281092,5,3.229770578608921
3229,2015,-1.8687343662224707,1.5726341911297967,-0.14536181250699653,9,3.441368557352267
3238,2014,-1.460896846635917,1.250199168641511,0.3207992473013038,5,2.7110960152774277
3238,2020,-1.2981081005973127,1.1915512290165735,-0.44543044103373924,6,2.489659329613886
3238,2021,-2.3538055842706553,1.1770448284071766,-0.5248406094184406,8,3.530850412677832
3239,2014,-2.0633626278086785,3.048989858143043,-0.4834205736501444,6,5.112352485951721
3239,2015,-1.4151172564962196,0.26593438543047515,-0.4871163472291235,9,1.6810516419266948
3239,2018,-2.205598650491519,5.119000617605208,1.453319598951544,5,7.324599268096726
3240,2014,-1.6491674032524049,2.722893300397151,-0.08560101004761679,5,4.372060703649556
3242,2014,-2.0633626278086785,1.7235651395629665,-0.17508040700821487,9,3.786927767371645
3242,2015,-1.5180387855937725,1.715116835367281,-0.29225460832792116,12,3.2331556209610532
3242,2016,-2.2391392177783933,3.24224528404496,0.5566708854906582,5,5.481384501823353
3242,2017,-1.3776295882782197,2.3393990640619453,0.050253369632941275,4,3.717028652340165
3242,2018,-1.8934708407714878,2.5153344715239494,-0.18754384895132983,8,4.408805312295437
3242,2019,-0.8287155608760943,0.7105851241625706,0.05240138297362416,3,1.5393006850386648
3242,2020,-2.23173034920252,2.0629319943814335,-0.3194507223524046,14,4.294662343583953
3242,2021,-1.207033655366744,0.925962132394531,-0.5428687871364644,15,2.132995787761275
3243,2014,-0.7379379092286027,1.445114568432699,0.23236177956525106,5,2.1830524776613016
3243,2015,-1.7629210444810532,0.7996015733437116,-0.8215377963639496,9,2.562522617824765
3243,2016,-0.8943088471229373,2.061324339069319,0.44695595139311706,9,2.955633186192256
3243,2018,-2.205598650491519,0.9416900975187931,-0.38000539534954175,9,3.147288748010312
3243,2019,-2.208778244014208,1.2944577977979261,-0.8362206873936705,8,3.5032360418121344
3243,2020,-1.2091916959682456,2.0899424493725274,0.10141937355840337,11,3.2991341453407728
3244,2014,-2.0633626278086785,1.4309389029933395,-0.30633622804441474,7,3.494301530802018
3244,2015,-1.4494244328620707,1.0664351673003298,-0.20901711533332112,4,2.5158596001624005
3244,2017,-2.1935627070845976,1.077867250393804,-0.23746858957588404,9,3.271429957478402
3244,2018,-1.7478111962354737,2.372275892068935,-0.02500676655336455,9,4.120087088304409
3244,2019,-1.1380399553725682,4.174011665499568,0.07393352861482422,9,5.312051620872136
3244,2020,-2.23173034920252,1.4389212265102607,0.044210422208064225,5,3.670651575712781
3244,2021,-1.608403830483113,2.7834227188597036,0.07721231523176329,7,4.391826549342817
3245,2014,-2.0633626278086785,2.2697566444723387,-0.08097520955442115,6,4.333119272281017
3245,2015,-1.492308403319384,2.257424135448163,-0.0538936347571113,9,3.749732538767547
3245,2016,-1.7223756957209728,2.6701142417671018,0.28210673057683056,5,4.392489937488074
3245,2017,-1.274719104825163,2.6318482105875294,0.2458234913316926,8,3.9065673154126923
3245,2019,-1.9212651850271008,1.9314098054001323,0.03028499382076979,5,3.852674990427233
3245,2020,-1.6093155167990487,1.5175780459898207,-0.32002764967757175,3,3.1268935627888697
3246,2014,-2.0633626278086785,0.30346722679859983,-0.687771730240224,11,2.3668298546072783
3246,2015,-1.4806127750128442,0.8402066854675451,-0.3120462400167868,10,2.320819460480389
3246,2016,-1.6577802554637953,1.703991135311924,-0.6792234092514844,15,3.3617713907757194
3246,2017,-1.869779723431273,2.6631820477152703,0.10415991638367486,17,4.532961771146543
3246,2018,-1.8169111893307257,0.8045106377674096,-0.47431974712067654,12,2.6214218270981355
3246,2019,-1.5263296644404156,1.5067751336653281,-0.2821184688711662,13,3.033104798105744
3246,2020,-2.23173034920252,3.0056627527291306,0.17357392840177366,12,5.237393101931651
3246,2021,-2.3538055842706553,3.088400991825242,-0.8261194114523254,18,5.442206576095897
3247,2014,-2.0633626278086785,1.7556577477610318,-0.14828779184997595,7,3.8190203755697105
3247,2017,-1.5459967397779486,0.6578164715398411,-0.2939744307554314,3,2.2038132113177897
3247,2021,-2.3538055842706553,3.719838335479689,-0.06567748954111287,7,6.073643919750344
3248,2014,-1.7235101358650695,1.7157409086386453,-0.6426653897141507,11,3.439251044503715
3249,2014,-2.0633626278086785,0.11968984985262285,-0.9112165375878436,12,2.183052477661301
3249,2015,-1.6209603146913252,1.9812932037230209,-0.049506797452914274,15,3.6022535184143463
3249,2020,-1.9805805045484879,1.5640570756822874,-0.14382259664002262,11,3.5446375802307752
3249,2021,-2.3538055842706553,0.13086692835448557,-0.7701222973437258,15,2.4846725126251408
3250,2014,-2.0633626278086785,2.4259791609302876,0.32917150801530237,4,4.489341788738966
3250,2018,-1.2246255342285646,0.6740321101513475,-0.26268871608359795,6,1.8986576443799121
3250,2019,-1.2570108763327503,0.7484989341388922,-0.46960750123973494,4,2.0055098104716427
3250,2020,-1.2981081005973127,2.009911471621138,-0.057338801910846844,4,3.3080195722184507
5345,2019,-2.208778244014208,0.41991258101077,-0.7114699757826509,5,2.628690825024978
5901,2020,-2.23173034920252,0.5050642815127444,-1.1194102674932391,5,2.7367946307152646
6183,2019,-2.208778244014208,1.7013993582104467,-0.6739872686717686,10,3.910177602224655
6304,2021,-1.608403830483113,1.6837872487451986,-0.20061279790158393,5,3.292191079228312
7560,2019,-2.208778244014208,6.4166135255990016,0.17600040349643323,5,8.62539176961321
7639,2015,-1.9297249019839835,2.102377355602495,-0.3185209974018124,11,4.0321022575864784
7639,2016,-1.4849438072081038,2.0463068472835015,-0.0010157045085707583,10,3.5312506544916054
7639,2017,-1.7548889872962223,3.35335103918683,-0.10755978381272027,13,5.1082400264830525
7639,2018,-0.48889569703134866,0.5411260750447536,0.026115189006702483,2,1.0300217720761022
7639,2020,-2.23173034920252,0.8358856105003039,-0.4439893820621647,6,3.067615959702824
7933,2019,-2.208778244014208,9.468675228692906,0.9589182944545965,8,11.677453472707114
49865,2021,-1.7056301461945318,5.100211953604768,1.1107763108745476,5,6.8058420997993
66786,2020,-1.5500379137130038,-0.08439917741054331,-0.8197093448452929,4,1.4656387363024606
86853,2018,-0.5706434567199283,2.580361098548956,0.735419079288546,5,3.1510045552688846
94822,2014,-0.07522554993856484,3.238336246511625,0.7748282760180684,6,3.3135617964501902
94822,2016,-0.41923290096747756,1.8645711044422995,0.5622871236800856,5,2.283804005409777
94822,2019,-1.6173228083835878,2.9025650268676935,0.0964203440363699,10,4.519887835251281
94822,2020,-1.0387685870958665,1.6453953776441046,0.537754415556251,6,2.6841639647399713
94822,2021,-0.9203406731407663,3.5029224812028916,0.39222512824005457,8,4.423263154343658
107554,2014,-0.5571981748767743,0.9188429889964922,-0.11751291000754815,5,1.4760411638732664
107730,2014,-0.4854760580704931,2.1538978404006537,0.5038333632295247,5,2.639373898471147
107730,2015,-1.6387054059150412,1.2951496764060026,0.011284530798237907,8,2.9338550823210436
107730,2016,0.2723314994206704,1.11982367559484,0.5996388226327636,5,0.8474921761741696
107730,2017,-1.402929840024154,2.240856416863108,-0.23656470446417266,9,3.643786256887262
107730,2018,-1.6969459235403574,0.9494229937055509,-0.08259825471529814,13,2.6463689172459084
107730,2019,-2.208778244014208,2.053180042147613,0.3657046184759969,5,4.261958286161821
107730,2020,-1.1580647633065317,2.241876258697432,0.8637168036830918,4,3.3999410220039636
107730,2021,-2.3538055842706553,1.356928037204446,-0.1985239794141235,10,3.7107336214751014
107738,2014,0.057316921919442876,7.403956790620435,2.018245571119071,6,7.346639868700992
108782,2015,-1.6443515713044055,1.4666855582352574,-0.05414487556523341,13,3.111037129539663
108782,2016,-1.4639939346922626,2.917262013185868,0.815185036468921,5,4.381255947878131
108789,2015,-2.135567960179089,1.7587601678364209,-0.12104445749202646,6,3.89432812801551
108798,2015,-1.4383576017763122,2.4491183359846245,-0.33099471924179563,6,3.8874759377609367
108799,2015,-0.9144650725810055,1.0664351673003298,-0.1494420936099375,8,1.9809002398813353
108799,2016,-1.5747289751331384,3.151643887320607,0.5114940197183165,6,4.726372862453745
108799,2018,-1.0611300148514056,4.362656127964785,1.334858387949197,5,5.423786142816191
108799,2020,-1.5500379137130038,2.2110237993326045,0.05974750065369908,6,3.761061713045608
108806,2015,-2.135567960179089,3.988263021125299,0.14374805729671386,5,6.123830981304389
108806,2016,-2.2391392177783933,0.2723314994206704,-0.7861605889712995,9,2.511470717199064
108806,2018,-2.205598650491519,1.7182938145602986,-0.444092131543178,12,3.923892465051818
108806,2019,-2.208778244014208,1.6726480523117362,-0.2524685519155457,15,3.8814262963259445
108806,2020,-1.464826359276814,1.6373348251974384,-0.054776697740917785,11,3.1021611844742525
108807,2015,-0.4729894132186213,2.4491183359846245,0.8180280190802266,5,2.9221077492032457
108807,2017,-0.8984307724712995,1.7291926717922184,0.41745648160695525,3,2.627623444263518
108807,2018,-1.1755768784154168,0.5411260750447536,-0.08833167455730889,3,1.7167029534601705
108807,2019,0.20633145147749052,2.0741749105523515,1.1758151410845405,4,1.867843459074861
108807,2020,-1.3370090276225297,0.6313778798534493,-0.046290676676580586,4,1.968386907475979
108808,2015,-1.1063526692035615,2.7634968248644225,1.2285937542562522,5,3.869849494067984
108817,2015,-1.3966441615299923,2.067061144637649,0.3607919140026782,13,3.463705306167641
108817,2016,-1.165861133505289,2.065390971274376,0.7479220583751097,7,3.231252104779665
108817,2017,-1.7246356273108174,2.751486497802541,0.21898767936891206,9,4.476122125113358
108817,2021,-1.3815424271564698,5.704591753973046,0.8973836719078978,9,7.086134181129516
108818,2015,1.8269109100766925,3.683456954182548,2.7551839321296203,2,1.8565460441058557
108818,2017,-0.38037799862598026,2.133355347191648,0.7000637417126419,4,2.5137333458176285
108818,2019,-2.208778244014208,0.22662649093540427,-0.6483789264791806,4,2.4354047349496124
108818,2020,-2.23173034920252,1.7050434657494378,0.21229196212637133,6,3.936773814951958
108820,2015,-1.4151172564962196,-0.6346289941731112,-0.9567535876467018,4,0.7804882623231083
108822,2015,-1.2059541489753867,2.4491183359846245,0.039526288091486804,6,3.6550724849600114
108822,2019,-2.208778244014208,-0.13868421930703778,-1.2317926923706535,5,2.07009402470717
108838,2015,0.9124927092484348,3.492953162343327,1.8132870025390992,3,2.5804604530948922
108838,2017,-1.768597541039609,1.20615862127531,-0.4637699071905384,7,2.974756162314919
108838,2018,-0.6209497703744385,1.3385622856843165,0.526921815987716,4,1.9595120560587551
108842,2015,-1.3902741287830174,0.8456073654051977,-0.3789590434649795,4,2.235881494188215
108842,2016,-1.3089648780750365,1.7141017259608737,0.20256842394291863,3,3.02306660403591
108842,2017,-1.689900288068315,1.927311630321351,-0.025328698571385165,5,3.617211918389666
108842,2018,-1.7894282375314776,1.3318498596688317,-0.5495872155880215,4,3.1212780972003094
108842,2019,-2.208778244014208,2.128561617277006,-0.06923657841247861,5,4.337339861291214
108842,2020,-0.7134153792485971,1.8584242637345785,0.6198355874798198,4,2.571839642983176
108854,2015,-2.135567960179089,1.0164038684334642,-0.9535141984936957,5,3.1519718286125533
108854,2017,-1.6496072945470122,2.0156160804086216,-0.017110257158835518,6,3.6652233749556338
108854,2019,-2.208778244014208,2.465627618227789,-0.3888218318829696,10,4.674405862241997
108858,2015,-1.3636564919474432,3.734771106866512,0.5213615763047722,5,5.098427598813955
108859,2015,-1.8782641374352071,0.7462348545523884,-0.5650470031336546,6,2.6244989919875956
108859,2016,-1.3671007743064962,1.3301344113158835,0.11242375533652689,8,2.6972351856223797
108859,2017,-0.8859775807923254,1.4598691681678404,0.034103759756284414,7,2.3458467489601658
108859,2018,-1.5997034904467529,2.181531119462249,0.03391170132386963,5,3.781234609909002
108860,2015,-0.934816787374307,3.1618636845478916,1.3651514517113235,4,4.096680471922198
108860,2017,-2.1935627070845976,2.442420922497094,-0.1613799616838199,7,4.635983629581691
108862,2015,-1.3042786866988552,0.9208895705967202,-0.3118042506429798,4,2.225168257295575
108862,2017,-2.1935627070845976,1.0442671294486474,-0.6042591261535863,4,3.237829836533245
108862,2018,-2.205598650491519,1.6398159652592628,-0.7959654046016865,7,3.845414615750782
108874,2015,-2.135567960179089,1.106460206393823,-0.2479164841080418,4,3.2420281665729123
108874,2016,-2.2391392177783933,1.0973556963749524,-0.7390952233160627,4,3.336494914153346
108942,2015,-2.135567960179089,1.2461394244547874,-1.134491183530656,11,3.3817073846338763
108942,2016,-2.2391392177783933,0.17573647183609106,-0.8849120139938652,7,2.4148756896144845
108942,2017,-2.1935627070845976,2.7752607728260363,-0.4445766276775223,7,4.968823479910634
108942,2018,-1.1882931965891959,0.7700198021727763,-0.3224097467869493,5,1.958312998761972
108942,2019,-0.8287155608760943,0.7105851241625706,-0.1116530770091046,4,1.5393006850386648
108942,2020,-1.701525121599563,1.9787229288209642,-0.22683793507745514,5,3.680248050420527
108994,2015,-2.135567960179089,3.628037669283866,0.49065437741125023,6,5.763605629462955
109014,2015,-1.4494244328620707,2.1216407434015023,0.24687599200080834,4,3.571065176263573
109014,2016,-1.2217610337278466,3.7405529660289014,0.16086418698800092,10,4.9623139997567485
109014,2017,-1.3436323749946206,3.1893293961519222,0.8436593703478046,10,4.532961771146542
109014,2018,-2.205598650491519,3.3321528122832236,0.21976023712356996,11,5.537751462774743
109014,2019,-1.8853260526537126,2.67452048093604,0.3440917663924584,10,4.559846533589752
109014,2020,-1.244451649528048,2.0629319943814335,0.07375365361338844,9,3.3073836439094815
109567,2016,-0.586855851200062,1.636587197652261,0.4396553245232102,5,2.223443048852323
109597,2016,-1.691977841482301,0.608333250701271,-0.37252601742997804,9,2.300311092183572
109597,2017,-0.9711909935169903,1.5839054355375222,0.06790283523813595,10,2.5550964290545126
109597,2018,-0.9570874116113951,1.033463525848425,-0.12880847711997834,8,1.9905509374598203
109597,2019,-1.2678264146018579,3.5414829357279314,0.7519226660700875,5,4.809309350329789
109597,2020,-0.4422877060425394,1.7945155979074365,0.5933231742927417,4,2.236803303949976
109636,2017,-2.1935627070845976,1.6594547983899641,-0.6529356822704101,12,3.8530175054745617
109636,2018,-2.205598650491519,0.655572938608765,-0.4825626690080437,5,2.861171589100284
109636,2020,-1.681132612845603,1.3471549371174414,-0.5678639919507823,5,3.0282875499630446
109656,2016,-1.5747289751331384,0.5513838013316777,-0.2758807741219588,5,2.126112776464816
109656,2019,-1.6779849043457027,2.1039176407923965,-0.09753465589774572,6,3.781902545138099
109656,2020,-2.23173034920252,2.114058927043147,-0.35030292548449893,6,4.345789276245667
109658,2016,-1.6049294407079226,1.6850337778451439,0.0020548384861256873,5,3.2899632185530665
109661,2016,-1.6577802554637953,1.972970999746242,-0.05921422549474488,7,3.630751255210037
109661,2018,-0.6449596018913641,2.189160910366517,0.7113913506205208,4,2.834120512257881
109661,2019,-2.208778244014208,4.900635578212437,1.620705340015276,5,7.109413822226646
109661,2020,-0.8896483668325346,4.008377329509208,1.1341273704180619,6,4.898025696341742
109670,2016,-1.1139283229759454,0.6566865567697936,-0.25358606624689384,8,1.770614879745739
109670,2017,-2.1935627070845976,1.7596016282176208,-0.19471249357219944,9,3.953164335302218
109670,2018,-1.8934708407714878,1.4687480218267401,-0.5615528321637024,9,3.362218862598228
109670,2019,-2.208778244014208,2.235491413549208,-0.2500845577454733,12,4.4442696575634155
109670,2020,-2.23173034920252,0.9495010164152232,-0.4931780505968057,12,3.181231365617743
109671,2016,-1.6049294407079226,1.9833627190328982,-0.0034336075466219937,6,3.5882921597408206
109671,2018,0.1977854843527193,1.2278072564288216,0.7127963703907705,2,1.0300217720761022
109683,2016,-1.681034613956379,1.2490145561091954,-0.04885369932905048,6,2.9300491700655744
109684,2016,-1.7223756957209728,1.5661194446444304,-0.6811482623644066,5,3.288495140365403
109684,2017,-1.1056518820094272,1.20615862127531,-0.2261878277285128,5,2.311810503284737
109684,2018,-1.0611300148514056,1.8636231651177733,-0.2065934335734541,5,2.924753179969179
109684,2019,-1.5516055377579634,0.927727854026959,-0.3119388418655022,2,2.4793333917849223
109700,2016,-1.0258683399044495,1.5661194446444304,0.07733652190430877,6,2.5919877845488797
109700,2017,-2.1935627070845976,2.2612445507663157,0.08577722665276047,5,4.454807257850913
109700,2018,-1.3099275443383867,1.354970438166612,-0.2398959223183776,6,2.6648979825049985
109700,2019,-1.6567531707589624,1.8686796834393093,0.06623417909831862,3,3.5254328541982716
109708,2016,-1.5851103851744706,2.613944293717382,0.2572380974610897,4,4.199054678891852
109708,2018,-1.4426195600647767,1.8520628758688837,0.2000623587134792,5,3.2946824359336606
109998,2016,-1.8903238403896345,2.4745820982859157,-0.29499998931887417,10,4.36490593867555
109998,2019,-1.9327657073865854,0.7484989341388922,-0.21097321699522464,3,2.6812646415254777
110031,2016,-1.338970501936435,2.834538998785372,0.3687177258085496,6,4.173509500721807
110031,2017,-2.1935627070845976,1.6014750548055317,-0.3327167216905251,10,3.7950377618901294
110031,2018,-1.581343031051457,1.3770857741210103,0.10382782909940075,4,2.958428805172467
110031,2019,-1.5187469024451512,1.1033721955172644,0.004340458763639499,5,2.6221190979624156
110031,2020,-0.8683454782234873,0.7301057498208963,0.16183283161541143,4,1.5984512280443837
110031,2021,-1.608403830483113,1.4435241048356924,-0.33035215424494957,13,3.0519279353188056
110411,2017,-2.1935627070845976,1.5351639111165911,-0.2922064799689489,5,3.728726618201189
110412,2017,0.18624222276733754,3.127740241652649,1.5067136952317657,3,2.9414980188853117
110413,2017,-1.0603222642979617,1.3539725920735668,-0.3695762084522614,4,2.4142948563715283
110414,2017,-1.513618441412616,1.9452284752665945,0.06809277180516131,6,3.45884691667921
110414,2018,-1.0920615995984355,2.854157422864772,0.42849613237356843,5,3.9462190224632074
110414,2020,-1.1580647633065317,1.964204124413986,0.2945251189701986,4,3.1222688877205176
110418,2017,-2.1935627070845976,3.0476743408035936,-0.09908297240595423,8,5.241237047888191
110418,2018,-1.581343031051457,4.152560436398001,0.05498904226743022,5,5.733903467449458
110418,2019,-1.5647489918830884,1.2413784638310759,-0.5405252031084762,8,2.806127455714164
110418,2020,-1.873841820570524,1.0951207620244863,-0.718153793217239,8,2.9689625825950103
110426,2017,-2.1935627070845976,-0.19372663157876954,-1.1327800931206367,3,1.999836075505828
110426,2019,-1.5187469024451512,2.4959809030475424,0.3709980216246519,4,4.014727805492694
110436,2017,-2.1935627070845976,0.5262143556033286,-0.5919657360768055,7,2.719777062687926
110436,2018,-2.205598650491519,0.7638334852233704,-0.5453017060402627,5,2.9694321357148894
110437,2017,-1.513618441412616,1.7291926717922184,-0.029509323070887293,4,3.2428111132048345
110450,2017,-2.1935627070845976,2.0875678545538046,-0.17891303101946723,3,4.2811305616384026
110450,2019,-1.9433815741799552,0.858027718514933,-0.5509362662347603,5,2.8014092926948884
111162,2018,-0.11569940280087672,1.8520628758688837,0.8499133864667775,4,1.9677622786697604
111166,2018,-2.205598650491519,0.998913529300799,-0.5355247271608451,14,3.204512179792318
111166,2019,-1.9825384598932059,0.927727854026959,-0.5618492103382751,8,2.910266313920165
111166,2020,-1.6591087033913263,1.7945155979074365,0.10305883264868805,5,3.453624301298763
111168,2018,-2.205598650491519,2.9445102098889917,0.2583393804183338,6,5.150108860380511
111170,2018,-1.8706322205480712,1.9144884378128895,-0.4041068363418064,10,3.7851206583609605
111170,2019,-2.208778244014208,0.5513471222620192,-0.6157058858699942,5,2.7601253662762275
111170,2020,-1.9205229330007842,2.114058927043147,-0.0972920560817581,6,4.034581860043931
111171,2018,-1.3815812328306372,1.8939904920999322,0.6025786678923175,6,3.275571724930569
111171,2019,-0.6753752627496374,2.2703725696796693,0.3749621846565621,7,2.9457478324293067
111172,2018,-2.205598650491519,3.1897534889547305,0.5729861256682498,4,5.395352139446249
111172,2020,-2.23173034920252,5.893306517037392,0.6529898438328094,6,8.125036866239913
111174,2018,-1.290023741979428,0.7373206982973443,-0.2704745669125421,6,2.027344440276772
111175,2018,-1.4952388076804142,4.841918737397602,0.6644773285812159,5,6.337157545078016
111176,2018,-2.205598650491519,0.33766498426428876,-1.1126311034552105,6,2.543263634755808
111176,2019,-2.208778244014208,-0.13868421930703778,-0.7888895761357495,5,2.07009402470717
111179,2018,-1.6773823571191588,0.9636991097426417,-0.20866453304968569,7,2.6410814668618006
111179,2020,-1.4364225077980843,0.8997942763274462,-0.4498534592091465,5,2.3362167841255306
111180,2018,-1.7625785334695394,0.7986315180637791,-0.8538267995726619,6,2.5612100515333185
111180,2019,-1.4949527182531148,0.594474081110085,-0.4171531006604126,6,2.0894267993632
111180,2020,-2.23173034920252,-0.5417011862180939,-1.3941567697606303,7,1.690029162984426
111199,2018,-0.48889569703134866,0.26645360249112615,-0.04636782458383818,3,0.7553492995224749
111229,2018,-0.4142564381852543,4.036957543909099,0.9000443350072637,6,4.4512139820943535
111242,2018,-1.6969459235403574,0.9416900975187931,-0.3075499422052824,5,2.6386360210591504
111254,2018,-1.4952388076804142,1.4919154031150015,0.08567848057195811,6,2.9871542107954157
111254,2020,-2.23173034920252,2.018195928302434,0.1595746080738178,7,4.249926277504954
111902,2020,-0.6154595747354408,3.3700031424287245,0.6161447976598553,4,3.9854627171641654
111910,2019,-1.1471915646771975,0.49134439690818815,-0.4190837953803743,8,1.6385359615853856
111910,2020,-1.6093155167990487,1.8584242637345785,-0.34843570683834574,14,3.467739780533627
111912,2019,-1.6567531707589624,2.833758482836591,0.3505359601164401,5,4.490511653595553
111912,2020,-0.9976319746094299,3.9716708137520804,0.9876008658905544,7,4.96930278836151
111913,2019,-2.208778244014208,1.1224075428708937,-0.3470965405231275,6,3.3311857868851016
111914,2019,-2.208778244014208,1.2413784638310759,0.226046632665178,5,3.450156707845284
111921,2019,-1.5187469024451512,1.7978553521932186,0.10753509169973204,9,3.3166022546383696
111921,2020,-1.7979260720728278,2.114058927043147,0.10771452200041198,8,3.911984999115975
111921,2021,-0.6766516382486851,1.4687675120757153,0.12577290857125445,6,2.1454191503244004
111922,2019,-1.104728097503717,1.5067751336653281,0.06924260375076059,6,2.611503231169045
111926,2019,-2.208778244014208,2.339155598145484,-0.34593661418848276,12,4.547933842159692
111926,2020,-1.9454195262969234,0.3246162838831667,-0.48096355893177783,11,2.27003581018009
111942,2019,0.32133667507233327,1.8164045818052899,1.0688706284388116,2,1.4950679067329566
111942,2020,0.917688702759046,1.4705647745767507,1.1366850688686563,3,0.5528760718177047
111943,2019,-1.6779849043457027,2.9171688647844993,0.04014258441461349,6,4.595153769130202
111943,2021,-2.029717865232594,0.7306154658846922,-0.3739674745860496,5,2.7603333311172857
111946,2019,-1.7775086555335475,2.0628443466513815,-0.4308785404070336,12,3.840353002184929
111946,2020,-1.4115691377541957,1.0631164223301426,-0.35712571437998225,11,2.474685560084338
111946,2021,-1.8759839472273592,0.5427284046320228,-0.8294703673862723,12,2.418712351859382
111947,2019,-2.208778244014208,2.1039176407923965,-0.3013344641054582,5,4.312695884806605
111948,2019,-1.5814770244059746,1.6247292091472185,-0.12790721465857502,4,3.206206233553193
111949,2019,-2.208778244014208,2.276425476184661,-0.3622929771273879,5,4.48520372019887
111950,2019,-1.5516055377579634,0.7105851241625706,-0.11458971832933168,4,2.262190661920534
111951,2019,-1.2230191846298413,0.40858201710980024,-0.32834412499242144,5,1.6316012017396415
111951,2020,-1.5500379137130038,1.9436358181707687,0.44453218048973164,5,3.4936737318837725
111966,2019,-1.2230191846298413,1.6045528541305796,-0.33513492232232894,5,2.8275720387604206
111966,2020,-1.8227148879088102,0.452433615537451,-0.672595601782574,4,2.2751485034462613
111982,2019,-1.41258823451145,3.5414829357279314,0.962933124396639,5,4.954071170239382
111995,2020,-1.873841820570524,1.5027586452183093,0.619922227550161,5,3.376600465788833
111995,2021,-1.828874771744217,1.905633008801015,0.34393897314840405,10,3.734507780545232
112006,2019,-1.1632762113338189,2.465627618227789,0.30917428247441836,4,3.628903829561608
112358,2011,-1.4568382566761695,2.0646864239526166,0.5633948955580974,13,3.521524680628786
112358,2012,-0.357981745440921,2.7616366527862963,0.6728785025070231,12,3.1196183982272174
112358,2013,-1.0066425531114858,2.7280865363971545,0.5869212437656207,12,3.7347290895086402
112358,2014,-0.410084437613658,1.5627993381179441,0.39461073796716434,11,1.972883775731602
112358,2015,-0.8520063616636322,0.9184180415960929,0.088370243055713,12,1.770424403259725
112358,2016,-1.5901803761248885,1.2660632060304446,-0.11957345830999731,11,2.856243582155333
112358,2017,-1.3255487509076,2.832112300056135,0.07047262497850422,14,4.1576610509637355
112358,2018,-0.9618648780867016,2.0742371848709884,0.191624469868251,11,3.0361020629576903
112358,2019,-1.5187469024451512,1.9841687409728168,0.19439245128934787,12,3.502915643417968
112358,2020,-1.841306499785797,1.7173844494953685,0.05685026468612928,11,3.5586909492811656
112358,2021,-2.3538055842706553,1.5227821319153925,-0.06257761399975063,9,3.876587716186048
112679,2020,-2.23173034920252,0.6843984026137446,-1.2342817647744568,4,2.916128751816265
112679,2021,-1.4220533920362275,1.5017207284235294,-0.31252087711969717,10,2.9237741204597567
112686,2020,-1.1713198939966056,0.6843984026137446,-0.37979923278933375,5,1.8557182966103503
112686,2021,-1.7574841812406214,1.0343842056727188,-0.6868524691814846,5,2.7918683869133405
112694,2020,-1.890884131457762,2.4578434742512223,-0.36981693602451227,7,4.3487276057089845
112698,2020,-1.6591087033913263,1.8584242637345785,-0.6956994592353816,4,3.517532967125905
112706,2020,-1.1713198939966056,1.5576776010186157,0.02663203495807611,5,2.7289974950152214
121894,2020,-0.8001762346745355,-0.11090943879069122,-0.46463206920580696,5,0.6892667958838442
123306,2021,-1.2576265345830933,2.1718479208679944,0.21390814895249777,9,3.4294744554510874
123313,2021,-0.6145348254330566,1.106988272600077,0.039095106551558435,6,1.7215230980331335
123366,2021,-1.87290122698837,2.1186049384545984,-0.09558595114730217,4,3.9915061654429684
123391,2021,-1.6291094347549895,1.8593347632241488,-0.6489051343718137,9,3.4884441979791383
123410,2021,-1.8213757601366967,1.8309060159401085,-0.8193875172254428,7,3.652281776076805
