covariate,coef,exp(coef),se(coef),coef lower 95%,coef upper 95%,exp(coef) lower 95%,exp(coef) upper 95%,cmp to,z,p,-log2(p)
sex,-1.689725896476323,0.18457010837706517,1.2481659798123885,-4.136086263636752,0.7566344706841064,0.015985291454501782,2.131091885517537,0.0,-1.3537669859663257,0.17581072945628745,2.5079049762773318
married,-1.750050317253402,0.17376519984287686,1.559693243547744,-4.8069929015374395,1.3068922670306353,0.008172397990089815,3.6946737925697977,0.0,-1.1220477645159659,0.2618421317410924,1.9332308418994448
age,0.09741993742394706,1.1023231831965876,0.2578751972931045,-0.4080061617766986,0.6028460366245927,0.6649747813836651,1.8273120037488786,0.0,0.3777794004485752,0.7055944777373195,0.503088825052246
job_code_changed,0.6954746310162769,2.004660322143356,1.0270388010572058,-1.317484429781044,2.708433691813598,0.2678081455136849,15.005753463800268,0.0,0.6771649038968871,0.49830133264586063,1.0049096625496348
