pool_id,T_j,pool_sd,min,max,roster_n,T_j_star,team_L_C,arm,rho
0,0.5511277868620258,0.20892837930256347,0.07272989631224841,0.9279632196964752,16,0.07314921470201208,0.17128974171620934,rho_low,0.001
1,0.5052205562254021,0.22512716773333674,0.06350257098267952,0.8841406164622914,16,0.37879855298551024,0.1508085289343784,rho_low,0.001
2,0.5195930872099742,0.20012951343155846,0.06639509688724096,0.7744450196421088,16,0.9261985439813103,0.13105304238389665,rho_low,0.001
3,0.45855259953200184,0.18856245948438494,0.10109612973800479,0.7291447527067608,16,0.7230237104792231,0.08624000175326411,rho_low,0.001
4,0.4875131803603229,0.18707340808618406,0.15024039307391426,0.8241199663716849,16,0.7605585801759555,0.10209721213338085,rho_low,0.001
5,0.5680931503530229,0.25516447109080137,0.12489577032575604,0.967003538303188,16,0.2342906764552779,0.2372876118733717,rho_low,0.001
6,0.5445493175487716,0.25938495312779486,0.047817445271406814,0.9569126629644814,16,0.73452961108271,0.2126030783219443,rho_low,0.001
7,0.4898905191921902,0.24673207265607502,0.15675517815167897,0.9027543264092143,16,0.40631912639094736,0.1718289134055983,rho_low,0.001
8,0.40153549774206576,0.24434846878142955,0.09328997128219654,0.9113551097339426,16,0.059390610473203265,0.1077594430103671,rho_low,0.001
9,0.47238247319712845,0.2404788664663705,0.13145217684046595,0.96031806034746,16,0.3948135675183053,0.1397746424748234,rho_low,0.001
10,0.5378467918384412,0.21333254555899658,0.1679536215273622,0.9732726872063745,16,0.13125378743236893,0.1662063923202238,rho_low,0.001
11,0.49397670564648055,0.22732060197496948,0.15047843725889265,0.8213678205545665,16,0.8536994629314485,0.14104822670725745,rho_low,0.001
12,0.5226629001165818,0.2027734165784175,0.15156920830447082,0.8058148764443565,16,0.8402940644749076,0.14518508477507544,rho_low,0.001
13,0.4683087253960054,0.20196097356443865,0.23723432772388864,0.8685842242914161,16,0.28746892829992543,0.12020276191047338,rho_low,0.001
14,0.4602217554448365,0.16075388797946555,0.191503936156009,0.6953077128374872,16,0.6119223027755851,0.06679802074066625,rho_low,0.001
15,0.4739023130272161,0.21132417444941187,0.13819891316870606,0.8528074930633672,16,0.3637597183572606,0.1284439865259453,rho_low,0.001
16,0.4856569918287774,0.2515475187075862,0.05884658177515258,0.9370464636513792,16,0.15422617434361496,0.15081448368092498,rho_low,0.001
17,0.3873438630655678,0.2533229069578228,0.06003334426436107,0.8042399622793043,16,0.6494073114086196,0.08527093634563314,rho_low,0.001
18,0.5065941743180842,0.23238159022168825,0.1628214348920096,0.9598169641259775,16,0.7601066433109224,0.15572771292271106,rho_low,0.001
19,0.5380616565457722,0.19004683675416553,0.27074952499007593,0.8530762777119206,16,0.7747227410657531,0.15935203998913658,rho_low,0.001
20,0.5143653806593634,0.21862433196767178,0.14757947911206387,0.8416764957162005,16,0.14922058589316578,0.1516937152758339,rho_low,0.001
21,0.4960290488977408,0.22670147005566504,0.11664231310782082,0.8899150967813628,16,0.5125785184951382,0.14743648780614765,rho_low,0.001
22,0.4758428833992217,0.2529384512787627,0.08031181187748539,0.8087225901435202,16,0.023899357199450355,0.15428289580445942,rho_low,0.001
23,0.4838543593185556,0.2528269685837968,0.15906691083865887,0.9442707161630557,16,0.09016949762849769,0.15975356548477526,rho_low,0.001
24,0.5172437904165134,0.17852438446462016,0.17431601214392622,0.7867180189912985,16,0.0810511530853878,0.11963449899774266,rho_low,0.001
25,0.49770566421354123,0.2151896313252299,0.15459960223470853,0.8263572882970754,16,0.05719079355050116,0.1412104976776941,rho_low,0.001
26,0.5229768730036345,0.1885701267547093,0.22433586792375193,0.8679630162255321,16,0.3337693490578346,0.1405089299867537,rho_low,0.001
27,0.6134069569946662,0.2364738473713438,0.22278292709653702,0.9355051961492689,16,0.35767960085317085,0.28122664264445085,rho_low,0.001
28,0.4817870997958553,0.2416367532728318,0.12855865020489354,0.9800084864385671,16,0.6978703420702284,0.14389538611482985,rho_low,0.001
29,0.4329507913961576,0.23229359286768722,0.06019247291261088,0.9739783362134355,16,0.32987972136375243,0.11477487551441963,rho_low,0.001
30,0.5082406627971277,0.22225516079188123,0.10309147039489668,0.8962193014060021,16,0.14039580417774822,0.151753905678237,rho_low,0.001
31,0.3915940345991014,0.23213497590246002,0.06084362483128286,0.8184411095646719,16,0.9468756309901694,0.09076526342674562,rho_low,0.001
32,0.46472649710580677,0.16654966904641927,0.15623599856217588,0.7523489984279835,16,0.875476403985699,0.07943911346491803,rho_low,0.001
33,0.4305747819550549,0.2406244423523169,0.08515153010371274,0.8119248103546455,16,0.12422575540377634,0.10941317971385472,rho_low,0.001
34,0.47279857392379243,0.2509955602188756,0.11745504770899604,0.9395582128996094,16,0.3627786999691487,0.14725447257627,rho_low,0.001
35,0.5784822520460918,0.31269943372785497,0.003988706884776067,0.9664703852113936,16,0.1680846509849716,0.30186862028452066,rho_low,0.001
36,0.46510783878090645,0.23223442285385046,0.06798130927523484,0.7909849899406103,16,0.9591114274329677,0.1138601014404686,rho_low,0.001
37,0.4626884759517726,0.18234722871978645,0.14826130565276985,0.8059740905430568,16,0.35597759210456126,0.08160982823224605,rho_low,0.001
38,0.5282272036500107,0.23787878653624805,0.14671047848580787,0.9542651724399542,16,0.09811742691793435,0.180024928572912,rho_low,0.001
39,0.5142913272714547,0.25229220041332573,0.07817488967564905,0.9074864404933698,16,0.7268439883298804,0.1794547814985171,rho_low,0.001
40,0.4135672022917603,0.2263383476315956,0.07784920425881442,0.9270661257057028,16,0.7117175161853958,0.09407941821429283,rho_low,0.001
41,0.37697915556542194,0.17932920985223852,0.10465587870107193,0.6516411908337745,16,0.24103445572369164,0.042484631773626234,rho_low,0.001
42,0.5570651575047291,0.2040171449432692,0.19274293108080828,0.819960639029621,16,0.3214618509201238,0.18338040515362197,rho_low,0.001
43,0.46657758889389506,0.2370877381017413,0.021831645496400848,0.8327580435296454,16,0.41501889749172627,0.11183700276756547,rho_low,0.001
44,0.4706699347217166,0.20584479114774007,0.10202287124385387,0.9305626820088484,16,0.26770000177164766,0.11076107156912494,rho_low,0.001
45,0.5239258067134729,0.2136975170844923,0.12953449309012374,0.8937141434093219,16,0.2888877081762501,0.16270682781341003,rho_low,0.001
46,0.37300631680693463,0.20011247841437868,0.17255852756893206,0.8944628335846727,16,0.8015903920186569,0.06701296627072016,rho_low,0.001
47,0.500836191730521,0.21813837037471295,0.0679375656417303,0.813787326567853,16,0.7518506052266137,0.14093582057652632,rho_low,0.001
48,0.44779880387859294,0.2098297838346493,0.16744954645681928,0.8933134733119081,16,0.6926292119704864,0.11421736789225831,rho_low,0.001
49,0.529301013976997,0.23960130873821542,0.14594023652573201,0.9586451856451979,16,0.6867735568448488,0.17796175616008242,rho_low,0.001
50,0.5064201339330221,0.2458810642576365,0.051314134098143296,0.8912379696162352,16,0.5218819306638737,0.16270649394490844,rho_low,0.001
51,0.47436131694153383,0.1748719541794689,0.11097266785988104,0.7916882838704764,16,0.350921277961059,0.08843811712520055,rho_low,0.001
52,0.5698355345866957,0.20659049749811845,0.24245202903204136,0.8429205134189258,16,0.7205449454774036,0.20830552739669791,rho_low,0.001
53,0.6242243376003277,0.22399419177692673,0.19844263074070348,0.8991409816135325,16,0.11636773753496898,0.28032096197447715,rho_low,0.001
54,0.40465483239802363,0.17877393507126133,0.06503830764374231,0.6839973409350465,16,0.14107050520669207,0.05207450419700117,rho_low,0.001
55,0.42222665041270435,0.24023273321486724,0.022336368034710955,0.8452841308773709,16,0.12626520794575957,0.11577835749247511,rho_low,0.001
56,0.4224955575820708,0.27745776170299197,0.0357913384783139,0.9413023621955494,16,0.7327180517503236,0.1464376294697726,rho_low,0.001
57,0.4229206315968015,0.2689401985874331,0.02991273000184691,0.8662182927438181,16,0.5915408843637119,0.13486869566641232,rho_low,0.001
58,0.5258773520548898,0.22190420037123973,0.18259703275948214,0.9253594978334992,16,0.45016037936884756,0.17290259807983835,rho_low,0.001
59,0.4345089737484602,0.19011091308580796,0.04873440131431452,0.7072994795223045,16,0.47623134142880175,0.07144338713795637,rho_low,0.001
60,0.44511129409952066,0.167877396991959,0.14942713636112376,0.7457881375321185,16,0.8275593271711471,0.06724718973244878,rho_low,0.001
61,0.5647474380990869,0.22642464521725902,0.025743825067012036,0.9232133990424983,16,0.1216797789663413,0.19307643987740972,rho_low,0.001
62,0.47009846528917504,0.22729869474823475,0.10956570509409594,0.8349933494871314,16,0.38324428034558056,0.12138195882296965,rho_low,0.001
63,0.478194865113789,0.2368163877426442,0.18333654242484043,0.9314180230724877,16,0.7601662055006726,0.14682186843575107,rho_low,0.001
64,0.49300925264563755,0.2633508105888119,0.1297735606714794,0.9260450375349061,16,0.6578393705710703,0.17096190055989408,rho_low,0.001
65,0.47414385632639494,0.18773029073815742,0.23216107006545014,0.8306494611731671,16,0.4351467214778807,0.11431006961796053,rho_low,0.001
66,0.567011692428537,0.188496038568577,0.15934038413569093,0.8891385619625389,16,0.22434120963101267,0.17489132031865165,rho_low,0.001
67,0.5336097999755585,0.23587514230108786,0.10584886785804012,0.8673990437594605,16,0.9464412133049587,0.18662261685928805,rho_low,0.001
68,0.5873834868960216,0.25129506075893054,0.24156682017116662,0.9590368205838424,16,0.4079193628565091,0.26318079414694645,rho_low,0.001
69,0.544736907669637,0.22852744047545775,0.23150666872795445,0.9141880962502537,16,0.8778350039035832,0.19401303267730108,rho_low,0.001
70,0.507712859716586,0.24180756989600669,0.10087917207768603,0.8145801825583726,16,0.7778304800332757,0.16407366805552562,rho_low,0.001
71,0.6747614941941187,0.18308153125676138,0.29789180701048845,0.9203503138463948,16,0.8615300330102996,0.3163167718371739,rho_low,0.001
72,0.4806596075704162,0.1952362631912603,0.2045862945862879,0.8559004677775122,16,0.016921994238677573,0.11373101603894888,rho_low,0.001
73,0.508440491078407,0.20834524240270944,0.27432801821113717,0.9354881762996999,16,0.47739142797999323,0.1541207074372687,rho_low,0.001
74,0.4405144916141709,0.2128107919270013,0.13407475022346094,0.7770494476877771,16,0.25943382681763894,0.09737072754296024,rho_low,0.001
75,0.38490443963888155,0.19878125063280677,0.0932809238921645,0.7523432280065728,16,0.27402135522523396,0.05798572867820873,rho_low,0.001
76,0.5223495995573704,0.24596089091875512,0.1497913040732705,0.9308682004918859,16,0.2698403223244006,0.1920626656042426,rho_low,0.001
77,0.44088508510247715,0.24731600529204814,0.07615105184865995,0.8188295489205049,16,0.38931367184596566,0.12107644943092165,rho_low,0.001
78,0.48298998369887003,0.17822970208208816,0.16794764290794786,0.8783748195123708,16,0.41070461615316833,0.09779909207408613,rho_low,0.001
79,0.5160796375057009,0.23119848279594096,0.11902914820426781,0.940165170349519,16,0.6340402481482471,0.1674406247631577,rho_low,0.001
80,0.43668190387070915,0.19415798508053886,0.17087892026035845,0.8245650912127779,16,0.3003645523480759,0.09539501803658425,rho_low,0.001
81,0.46716895992993823,0.24400062703949937,0.08464156371571979,0.9790575940811641,16,0.2727771461258405,0.12554968390860755,rho_low,0.001
82,0.5374165432860133,0.19744563697608103,0.1799541514897672,0.9289926490237649,16,0.36060820265249927,0.14932859807300486,rho_low,0.001
83,0.5461902406441472,0.2792210673831472,0.07651131962793878,0.8938074687519825,16,0.6865144929354994,0.24582873950274603,rho_low,0.001
84,0.5247998391772974,0.21668668930693588,0.1551474563909843,0.8906772942765563,16,0.0001711756244947571,0.16843938098358008,rho_low,0.001
85,0.5358902559571349,0.2477716969420618,0.03382602747133074,0.9174324303063754,16,0.7469279572267308,0.18943410457696427,rho_low,0.001
86,0.44303402279503884,0.25535199755829185,0.03988649235765733,0.9292648108095224,16,0.3389687519924398,0.1309878175097782,rho_low,0.001
87,0.4071483262187207,0.2746274145140754,0.046837563456402435,0.9270152123075872,16,0.5762397732508459,0.13553732114914943,rho_low,0.001
88,0.5890161643058657,0.17410984976672095,0.22730694568399762,0.8975566919718424,16,0.7615222922385597,0.18915051843347427,rho_low,0.001
89,0.5036571713928931,0.20938113320259774,0.17108949211047772,0.7507832378493712,16,0.5108351676332793,0.13643858222395164,rho_low,0.001
90,0.4961988461937867,0.18247788191481976,0.15088248575091082,0.7762070838039622,16,0.647151248530974,0.10526872667108718,rho_low,0.001
91,0.4876108518589077,0.23672698315335927,0.10901977367262906,0.8316403787516616,16,0.9199407301330876,0.14399513274744527,rho_low,0.001
92,0.43493417799319406,0.20518946212630615,0.030122122419501202,0.7969825136557269,16,0.029866272394770244,0.09286589150144059,rho_low,0.001
93,0.5226582731631292,0.2324605828593193,0.17530722722766282,0.9011525321992006,16,0.34952883617399033,0.18213922684959424,rho_low,0.001
94,0.5539205531880307,0.2191437153597167,0.07273949023768954,0.9360627401144065,16,0.9268541592993467,0.1863360330087794,rho_low,0.001
95,0.44637026896837534,0.22774205757380228,0.03103067308627657,0.8989775696414459,16,0.8374298297042314,0.11159223629686724,rho_low,0.001
96,0.5281519063299386,0.2391971427073747,0.1342054758524807,0.8635286015913157,16,0.6168279813515756,0.18874792383035222,rho_low,0.001
97,0.5643704226073042,0.27188701313251157,0.21292808230504506,0.9773328784482527,16,0.22930295139803325,0.2621741141389701,rho_low,0.001
98,0.5472977329313269,0.24397073341951417,0.05732444851400862,0.9427898751596511,16,0.33053303792794875,0.18766431394199562,rho_low,0.001
99,0.5282567874144887,0.2829755162944341,0.13411790478825514,0.9473908884383335,16,0.8579563762666257,0.22526061950328524,rho_low,0.001
100,0.4052971527898983,0.15846787152290842,0.07718164472797935,0.7458234151024546,16,0.698271457281969,0.049347348097829924,rho_low,0.001
101,0.4845276169353281,0.26715412716232473,0.1582065460649652,0.8979040093271963,16,0.2856502296610026,0.1853324947505674,rho_low,0.001
102,0.437459781591803,0.1880258250220077,0.1669297841631481,0.7422220925304319,16,0.13224550180524286,0.07432960035695721,rho_low,0.001
103,0.6233964434281711,0.19814089788220005,0.2743869934417212,0.8554816573024662,16,0.7807703341042288,0.26122146071657837,rho_low,0.001
104,0.5362661861419418,0.22564258615679225,0.12748270386212615,0.8402458337348614,16,0.5762246797205511,0.18406459173663614,rho_low,0.001
105,0.5014430843934766,0.18182702641167622,0.15696098577890572,0.838249695428253,16,0.963438189908024,0.11351696183475003,rho_low,0.001
106,0.5295071775791512,0.2422993347753159,0.09001381045344937,0.8834155356989576,16,0.4064911771303944,0.17230288413310565,rho_low,0.001
107,0.4456391075099333,0.24950750685020934,0.07760087751064898,0.9316116805786745,16,0.349026963756198,0.12529177749018525,rho_low,0.001
108,0.53028181744097,0.22753502433617573,0.0352685414933491,0.9007138203882238,16,0.2907561429598794,0.16136322205153825,rho_low,0.001
109,0.5176824417747192,0.25563442746486476,0.12493064183280833,0.8798076000732065,16,0.4818801371926721,0.19581921741348945,rho_low,0.001
110,0.5111479815466504,0.2620756323515748,0.011680304082745544,0.9760608213072217,16,0.32272964247161806,0.18681944593345437,rho_low,0.001
111,0.4522258743659593,0.2236448298015566,0.1278281008825172,0.8854049352853756,16,0.07319059978704145,0.11821743199075746,rho_low,0.001
112,0.5855226039481376,0.1871624581524864,0.30462922074778637,0.9082296195835637,16,0.3121290578928153,0.20283601703047124,rho_low,0.001
113,0.5702056031265352,0.20653172822796279,0.22763782108827915,0.84391245903013,16,0.2188859333030625,0.19876671598668297,rho_low,0.001
114,0.5807177480849441,0.27227746250548424,0.1331470492820624,0.9746756141044987,16,0.8153849962785588,0.26261552105776365,rho_low,0.001
115,0.37676003439101813,0.21494350712886623,0.14098596361149732,0.8339462896532112,16,0.23559253312526796,0.08084764168959142,rho_low,0.001
116,0.4833861410223112,0.2327147617109543,0.041932085260499914,0.8993053279269421,16,0.45887157101893683,0.12864632789663605,rho_low,0.001
117,0.48600460053957895,0.17825304595117802,0.1918929349570522,0.7131954666220905,16,0.6727382423624793,0.09109973147329806,rho_low,0.001
118,0.5357386712433654,0.24612181974027936,0.05631398464071049,0.8842124935251735,16,0.14922687273244606,0.1940341244873202,rho_low,0.001
119,0.5371750571839681,0.21324560629796904,0.18606196839258266,0.9102023352654535,16,0.531282484435957,0.16943564375948433,rho_low,0.001
120,0.47827389340678417,0.231608536085351,0.09804379532563604,0.9411992450599738,16,0.8471869516385989,0.14542689965622352,rho_low,0.001
121,0.5699160999085423,0.20790533037140885,0.20787186069661626,0.9519937186641629,16,0.5840807517660912,0.19025260527475174,rho_low,0.001
122,0.4667612633458164,0.17808834917802913,0.19362106341418822,0.7333229145944757,16,0.4823864389691985,0.08511815555389916,rho_low,0.001
123,0.47202526653865023,0.232733255409373,0.11415200840288593,0.8995058338353338,16,0.8388788947055122,0.14386544301151027,rho_low,0.001
124,0.5137559356557853,0.20247869026789278,0.1734456946886017,0.9126720320913592,16,0.9472519273788725,0.14205391979873155,rho_low,0.001
125,0.4892918391331153,0.17000543462132503,0.12241000918064203,0.8093970752951994,16,0.8209853994034504,0.09168493352008053,rho_low,0.001
126,0.49709975408604107,0.22999383214763974,0.21780613368519025,0.8821375924637588,16,0.40840944860075457,0.15748109284687373,rho_low,0.001
127,0.49457687218883967,0.21623254196637032,0.11100895685311842,0.8358690472882502,16,0.6116930886692934,0.13561963991849002,rho_low,0.001
128,0.5057930761384407,0.2723607517375565,0.1375169724714392,0.9302930046814016,16,0.5266416950300847,0.19442416302941512,rho_low,0.001
129,0.46283836493481273,0.21492052799248107,0.08340163279092552,0.8103923698211999,16,0.30330862268411773,0.1148141103738434,rho_low,0.001
130,0.44254865628694146,0.18513518175009444,0.19096854291523882,0.7695270694406913,16,0.4353201289591915,0.08373133603635696,rho_low,0.001
131,0.5254921081806097,0.2544667052949248,0.07568274479628509,0.8282900010025822,16,0.8292667794441382,0.19792017878399285,rho_low,0.001
132,0.5959872113334697,0.1845709342331822,0.30082214869263163,0.9799285130594729,16,0.30047984286702967,0.20368142978780635,rho_low,0.001
133,0.43783335848052013,0.2562323921853076,0.12011620983317443,0.9243286589041189,16,0.8895570571156132,0.14142495192679835,rho_low,0.001
134,0.4901312802134595,0.18566398557957056,0.10190561191068126,0.9411232805674061,16,0.9914293192081454,0.09903732168958213,rho_low,0.001
135,0.529650730322723,0.23840391416431012,0.17662919466409033,0.9941340690499976,16,0.3067672957354898,0.18466103662588537,rho_low,0.001
136,0.5786708895360205,0.18605211552734677,0.2636684083829773,0.8650783930998406,16,0.12273805462617138,0.18595129870724467,rho_low,0.001
137,0.4192845046256712,0.18233604983635504,0.13424375097899494,0.70368679612053,16,0.9571743488553465,0.06119036825885046,rho_low,0.001
138,0.4576490664192814,0.20502220438889068,0.09647276888852405,0.8385722207090326,16,0.17106515967605973,0.09278013101336076,rho_low,0.001
139,0.5658055727604736,0.20485910770170682,0.2235123237863047,0.8799540853109397,16,0.7714638089361773,0.1937439570262748,rho_low,0.001
140,0.47128688904891725,0.23897355798292275,0.12382777404095291,0.9744374795166356,16,0.039113478648201805,0.14086210885977116,rho_low,0.001
141,0.5091265026162523,0.19894512596412237,0.21533557754278046,0.9569756743168408,16,0.23556509847015417,0.12826633630952983,rho_low,0.001
142,0.4809382841320755,0.16066341437247497,0.10090334227220306,0.747972591932609,16,0.2601553110299646,0.08136335438130192,rho_low,0.001
143,0.46719242291807433,0.21611265542662453,0.22639332712759008,0.8807572526049903,16,0.29723503205329516,0.12696885272863023,rho_low,0.001
144,0.5039178658870807,0.2045409853057795,0.11720670483128617,0.860429069934956,16,0.9193037603731687,0.13133380441389989,rho_low,0.001
145,0.42571785402120915,0.22355972584139366,0.07342072236834743,0.7932972263693596,16,0.17530970920991185,0.09644960562385411,rho_low,0.001
146,0.551352914112296,0.18100484453461835,0.2368142545594646,0.8045660301698624,16,0.17363896408860913,0.1573051841048719,rho_low,0.001
147,0.5811773368160335,0.23508210327215875,0.19520476635397765,0.9505400726434304,16,0.6916749367101237,0.23637760467536878,rho_low,0.001
148,0.47958051069165525,0.24130249622916206,0.05718856724076916,0.8753750506404058,16,0.9523171069997972,0.14836482834956505,rho_low,0.001
149,0.5386871640398394,0.2286715864110904,0.05853915960047564,0.8101837664202232,16,0.3892843584315542,0.17189844409660957,rho_low,0.001
150,0.42180534262030717,0.26601309914484744,0.1436623712452638,0.9636394581346615,16,0.7731286561517726,0.13997790991925108,rho_low,0.001
151,0.5924230522910056,0.2721520619585524,0.01480128510475752,0.9658234970681596,16,0.031035892505590468,0.275479312483901,rho_low,0.001
152,0.4528050425378943,0.18930600478201276,0.19032576358104697,0.8221824666451677,16,0.8240637188070686,0.09505073546055103,rho_low,0.001
153,0.5261887485122481,0.23001910521677937,0.11900755586220639,0.8843269255918986,16,0.7233969011224191,0.1640998408112946,rho_low,0.001
154,0.539554774038063,0.2124524945259709,0.21160932550675932,0.8386253858247009,16,0.8966156518554624,0.17412310515833462,rho_low,0.001
155,0.6151036474528118,0.25179882436826884,0.10934370341526675,0.9207152061105965,16,0.6374542835383026,0.29175599242357914,rho_low,0.001
156,0.44979683086360633,0.25027955674405394,0.053279239937912164,0.9082281614290438,16,0.9413366441604656,0.13459569422714257,rho_low,0.001
157,0.546371236578509,0.20372020686787637,0.17264935732975142,0.8925759154947605,16,0.3898574094947437,0.16894387871150082,rho_low,0.001
158,0.49446895170797317,0.24039237008194297,0.06429479884437699,0.9594136735978744,16,0.7325314447207496,0.1476869099322778,rho_low,0.001
159,0.4734820237487147,0.23924629997126076,0.08155072897409266,0.8449198139031756,16,0.7255642082109406,0.1395258256343596,rho_low,0.001
160,0.5029343005355108,0.16668702629098348,0.2532188987489223,0.7714752355329821,16,0.26860786068493503,0.11139263520374268,rho_low,0.001
161,0.47378708543825704,0.2532173829652397,0.09325966176098822,0.8779898624195795,16,0.9205795390951387,0.1604668844435298,rho_low,0.001
162,0.48217353812511743,0.24993642781715522,0.10773442784175354,0.9057260947827066,16,0.7791767912046089,0.15441735894192937,rho_low,0.001
163,0.5060333179189165,0.28551539656869596,0.1120780669030477,0.9035135927996436,16,0.8663517835245634,0.2029849674956747,rho_low,0.001
164,0.5686831642838561,0.3110538359695026,0.0194389327268941,0.9432662735540809,16,0.36259100079846707,0.2971039848582434,rho_low,0.001
165,0.5331123091280033,0.24551759305152035,0.18800426082056235,0.9429953093246952,16,0.8412547834955745,0.1939132456537485,rho_low,0.001
166,0.5026147244078456,0.26059036285168696,0.10812422883655738,0.9368684856121025,16,0.31497646062973417,0.18506918026908534,rho_low,0.001
167,0.4804262712493431,0.23274934927649024,0.0640523432989134,0.8502954215395521,16,0.9644010500004486,0.13574691609793926,rho_low,0.001
168,0.467162984834289,0.18965968812904155,0.10628343820309252,0.7654067275187204,16,0.02394713636581347,0.08786397240556912,rho_low,0.001
169,0.49470814029767796,0.22172072180184968,0.03476922843791063,0.8500537356940462,16,0.6191875473523993,0.13984120894882066,rho_low,0.001
170,0.5223036290246985,0.20107145781389588,0.15634476053501745,0.8380091177049565,16,0.11223951134664445,0.14602475074275859,rho_low,0.001
171,0.504029134735263,0.2403346550538011,0.12027525519205343,0.9400486457048377,16,0.7187331733278222,0.16411498517696013,rho_low,0.001
172,0.4846830613106053,0.15283599907759884,0.2571972225222639,0.7753050650498743,16,0.36368830367403804,0.0870569563636332,rho_low,0.001
173,0.5461042428760736,0.22215263173029906,0.06915218280253067,0.8757287202702525,16,0.8706405934280971,0.17553420218705454,rho_low,0.001
174,0.5444391601925025,0.23046097040303556,0.0783494981905525,0.9153481604974151,16,0.8727025109053593,0.19063186444617,rho_low,0.001
175,0.5089139063176544,0.25577917295531377,0.025019357798647,0.8795755956733323,16,0.3680898735038748,0.17670521443173573,rho_low,0.001
176,0.5319104346714716,0.28035093667557665,0.09978965140451249,0.9554408741036622,16,0.8099817769615278,0.22031880093691408,rho_low,0.001
177,0.5002888153046983,0.17910511274049828,0.17760269229549489,0.7480219172507325,16,0.6811368771594715,0.10058994096498688,rho_low,0.001
178,0.5151426000589056,0.24218319065950883,0.1267394858961378,0.9565029190755708,16,0.4265669286537124,0.17387326234542919,rho_low,0.001
179,0.5177358086322454,0.18800680784211948,0.17410844423795419,0.8526748341586377,16,0.3432364439538024,0.1353001979917172,rho_low,0.001
180,0.4852111870183534,0.2503442403285655,0.05033570565904846,0.8038588074751584,16,0.2103049314692208,0.14950708474906718,rho_low,0.001
181,0.39582842701225895,0.21499370418197236,0.11826469059254925,0.7943341852037126,16,0.06320845285650911,0.07432813697028982,rho_low,0.001
182,0.49954538826398365,0.22044109813944773,0.11016919690735562,0.8064577798827067,16,0.5173593686025637,0.13890553438022374,rho_low,0.001
183,0.4361521309082763,0.19120196898810723,0.12333708644614175,0.7734247069246184,16,0.5400405370755103,0.07990649579632154,rho_low,0.001
184,0.5488299075306038,0.20682610672079502,0.24856385371783238,0.8715955212846233,16,0.4440186584603416,0.17988091380592205,rho_low,0.001
185,0.5530227417700325,0.2058818743124675,0.0432881144823915,0.8222831435153438,16,0.9505971797134382,0.16692586408268362,rho_low,0.001
186,0.43067996184559026,0.21516981521453854,0.10229330666750774,0.9058835062731716,16,0.013690117263167267,0.10849083062057631,rho_low,0.001
187,0.5814516257634357,0.1965597158089634,0.17070696308246863,0.9027256456708439,16,0.8503049599765884,0.19698458113872858,rho_low,0.001
188,0.5994557710790096,0.1340555621543647,0.3697598054694097,0.8746479567854638,16,0.8008214470330771,0.17157272270345025,rho_low,0.001
189,0.4227173695318708,0.19657261588707098,0.08508570088754709,0.8079113526551363,16,0.758752394254019,0.07868106110415338,rho_low,0.001
190,0.5015223110331698,0.26361151629628177,0.06259483302281849,0.9306400379900313,16,0.5249153123806438,0.1694008376096672,rho_low,0.001
191,0.5469530219672882,0.19407168688064183,0.19756816462892807,0.884093496768168,16,0.19035537820796056,0.15991864810247833,rho_low,0.001
192,0.4049616484970466,0.15897020985754604,0.12998345202984246,0.7114096768801159,16,0.8628793687734381,0.04737335087206706,rho_low,0.001
193,0.3634794313117673,0.23300285024401624,0.08311373587423058,0.7748758202737752,16,0.7445946545633017,0.07047634588354271,rho_low,0.001
194,0.4563432730849655,0.22279458848355696,0.1398100506640602,0.8477690176231906,16,0.8328212143804856,0.11104558871017298,rho_low,0.001
195,0.48969875832679366,0.23443569780988008,0.1334156683451713,0.8398898105977717,16,0.23578757327313637,0.14874748393258846,rho_low,0.001
196,0.4291258076690967,0.20803200668793728,0.0893811716195884,0.6985692525024615,16,0.5543749931039361,0.07597538540379827,rho_low,0.001
197,0.459226386640359,0.25615122710288735,0.09933131736575886,0.8856992226592051,16,0.41595923895505993,0.15037739295432176,rho_low,0.001
198,0.40271659272570864,0.1946569132908406,0.05354689782630131,0.650968457870289,16,0.6396714352382278,0.051658193276995994,rho_low,0.001
199,0.5414297787356496,0.23967430786387217,0.16066481464218296,0.8907649612021767,16,0.7526076935359698,0.19558446753253925,rho_low,0.001
200,0.5348071477454122,0.19513376230245838,0.24281518565970722,0.8716754164553487,16,0.17371536844498714,0.15394199839256598,rho_low,0.001
201,0.429199253416218,0.18514346571714557,0.0984941300168158,0.7619434911922517,16,0.1740382321149514,0.06996297812875045,rho_low,0.001
202,0.43127020218660195,0.242404409683791,0.1549352672397889,0.9123855622179065,16,0.043606875938773215,0.12857388331614755,rho_low,0.001
203,0.5616818097955104,0.18684005300632603,0.07400820236144509,0.7603294324821432,16,0.15718503833113262,0.15600736596263357,rho_low,0.001
204,0.5639873686556209,0.20117844972027302,0.3000756844891463,0.9150318542134337,16,0.2401732296296688,0.19417106870461678,rho_low,0.001
205,0.6693193982141733,0.13659873003805867,0.37284656620961415,0.9290726039072319,16,0.07251857909945669,0.265615976379835,rho_low,0.001
206,0.5124869393766023,0.2795178520849861,0.12490573015397699,0.9429548253214357,16,0.35569095490512004,0.21002838072708624,rho_low,0.001
207,0.4366580692083253,0.17164489195622676,0.1275656832363508,0.7250765298508407,16,0.6751662952455647,0.063308658460386,rho_low,0.001
208,0.45436872475736395,0.15544160033051913,0.15177132590862055,0.7080979103356375,16,0.7930731277441504,0.06216379223897155,rho_low,0.001
209,0.5400126248656258,0.2676834205395571,0.14444974737398134,0.9525301446714877,16,0.34581626285830025,0.2190768651319677,rho_low,0.001
210,0.5000055623870235,0.23742203774853649,0.1290872991142091,0.8510294957419161,16,0.08382489796229442,0.1534868477052213,rho_low,0.001
211,0.35111797497383107,0.2171167956396505,0.005530601487247747,0.6765301075603501,16,0.7593723261584083,0.04519235302472835,rho_low,0.001
212,0.48179933528747443,0.18259121341936363,0.1086694408356726,0.7397155613995999,16,0.39118368836963113,0.09174823730637546,rho_low,0.001
213,0.5964511603534913,0.20964447870204048,0.05748561449100725,0.9049413198286851,16,0.25142759505407275,0.21984572982807488,rho_low,0.001
214,0.43230196788269465,0.20499383859916326,0.1059931363095801,0.7302020815753608,16,0.4706909754473476,0.08602346350502445,rho_low,0.001
215,0.5044533271529491,0.2226199183288227,0.07815199551361886,0.8321005079556221,16,0.9698642760741001,0.14079031465903688,rho_low,0.001
216,0.47432241142066184,0.23278141286958748,0.09610593325171854,0.8021840056641633,16,0.37263983664795264,0.12779456954352114,rho_low,0.001
217,0.5184850564555793,0.185250443426698,0.19337684337890754,0.8255669756364179,16,0.959453074386708,0.13385911632168848,rho_low,0.001
218,0.5793967622309333,0.22782721610014683,0.21439912716451562,0.9168349305685392,16,0.2531691596797929,0.22991521641244783,rho_low,0.001
219,0.5387006864003271,0.21845192999352345,0.15718247493058857,0.917855416019892,16,0.10554476001890012,0.18057082810097955,rho_low,0.001
220,0.44818537315425816,0.23894982778100335,0.12074154279616787,0.8533615003718463,16,0.1571788030023924,0.12878864329557382,rho_low,0.001
221,0.4396650907612288,0.21886349091893464,0.012621599208395446,0.799161498115109,16,0.7737817398421739,0.08938898003391804,rho_low,0.001
222,0.46665900173800307,0.2581311840317201,0.13686165249877474,0.8554234704714564,16,0.5376131164488933,0.1487157027581792,rho_low,0.001
223,0.55639960219986,0.2760767216337416,0.1592080383318947,0.9476207563198334,16,0.5819222503830604,0.256217977392475,rho_low,0.001
224,0.6502727057934373,0.2109969031869187,0.11133553476345338,0.9329608195446002,16,0.9677083968521879,0.2904164527173734,rho_low,0.001
225,0.45779459924832555,0.18850677619895218,0.15874070638857798,0.8641663518687237,16,0.5048373705189647,0.0936447263642445,rho_low,0.001
226,0.4503373296960556,0.2460483039832269,0.07183158971241546,0.8577676417683479,16,0.11702088894450602,0.13603431210203848,rho_low,0.001
227,0.5008246090753896,0.1971235129064569,0.12414440953396057,0.9360562086419896,16,0.718515234359992,0.12649946983891427,rho_low,0.001
228,0.5627807815442669,0.22769294452054925,0.05745020700596361,0.8749251167047567,16,0.207851364069643,0.20119318641900966,rho_low,0.001
229,0.5780280522584024,0.18329696089768915,0.3156058320691589,0.9071745773848003,16,0.5815380148024186,0.1935125432319104,rho_low,0.001
230,0.44841389874541987,0.2539001103451008,0.017649235384665878,0.9317826170179921,16,0.854378765461995,0.1254152127973782,rho_low,0.001
231,0.4233806102448385,0.2067935676050457,0.06798678726251589,0.7362200909418339,16,0.47708107543259803,0.07421531037636943,rho_low,0.001
232,0.4613454333568465,0.1821362856076772,0.1923931071816893,0.7402368824961306,16,0.3142851009015948,0.08869376636107236,rho_low,0.001
233,0.4150720879081412,0.169815904362195,0.09692363346542777,0.6402096095629902,16,0.5755465872070433,0.049710049202578925,rho_low,0.001
234,0.4858558753137836,0.21516954711667294,0.08393830391773166,0.8337430696575474,16,0.12695129128211402,0.13567860676473953,rho_low,0.001
235,0.5424215397744869,0.24362869598001902,0.07305742522267575,0.8858497306039471,16,0.30756405627775874,0.18676985387994147,rho_low,0.001
236,0.6314006969599164,0.1812884437324312,0.24171628424186248,0.9680896832752763,16,0.5041427868603767,0.24196204008341032,rho_low,0.001
237,0.5660368933770686,0.2090580076990629,0.20754692430509744,0.8763183187324165,16,0.25415116362123913,0.19975028779790155,rho_low,0.001
238,0.427534739401362,0.23970433307156191,0.036580797969461426,0.8769851680473775,16,0.03925812152232944,0.11154915029116727,rho_low,0.001
239,0.5093738258556547,0.20786388720578872,0.16691995679866814,0.8986799647550685,16,0.5851409794218585,0.14489065105051807,rho_low,0.001
240,0.62404194209408,0.2143153140769614,0.18569436705756934,0.9411932522814013,16,0.4012473648112821,0.263593872266501,rho_low,0.001
241,0.46014580527149646,0.22926471378774319,0.13590210792731133,0.8708251250831834,16,0.39061025943482974,0.11834839218406537,rho_low,0.001
242,0.4029828165924046,0.23251493023222383,0.0459806497191438,0.7188836482948834,16,0.996812795897975,0.0730777796299031,rho_low,0.001
243,0.5454731342532397,0.23129836926763445,0.15808348922071933,0.9275631722012064,16,0.11178403188695996,0.1909882234228692,rho_low,0.001
244,0.5138585499836497,0.21520351966190943,0.2360332304913347,0.8953505014261234,16,0.1541756378062098,0.16065392631157988,rho_low,0.001
245,0.48186627910854474,0.15390575682717333,0.1419845503228063,0.6861991370538191,16,0.8762618174844566,0.07182692206071473,rho_low,0.001
246,0.4609964788464083,0.23519744960205985,0.12479333610130303,0.827991657690658,16,0.13026165905404785,0.13723696524685886,rho_low,0.001
247,0.490372797810228,0.16153369999378495,0.1682456350879089,0.7402995270043523,16,0.9176228320811173,0.0827091773729399,rho_low,0.001
248,0.47437695036025734,0.21034776237031105,0.0946470884810458,0.7455975178623448,16,0.6719608612842088,0.10616252595960249,rho_low,0.001
249,0.534078913814118,0.2813813498746713,0.14040175438165467,0.9263514197037089,16,0.528162904923863,0.23729283121796196,rho_low,0.001
250,0.548229124077815,0.250271972142427,0.18796733394418452,0.9201790008561437,16,0.2784006815294713,0.21856182235627847,rho_low,0.001
251,0.4623453561269792,0.21751679875034938,0.05523494428857771,0.9566706584160742,16,0.35947348207133867,0.11290586888549509,rho_low,0.001
252,0.6132619343487798,0.22459259743860244,0.22523400417201295,0.9426959938686006,16,0.8259545699134301,0.2652214300361466,rho_low,0.001
253,0.5000745838180158,0.2266319236225619,0.073295706859953,0.8690753317514233,16,0.05750454825193074,0.14902910163860864,rho_low,0.001
254,0.43295490681790577,0.20551700105811901,0.17842637772512188,0.7761457260489746,16,0.768548607006254,0.09823787097822277,rho_low,0.001
255,0.5188594590982512,0.19641243028463384,0.17008096378907306,0.8435591191335933,16,0.8278206853570748,0.14159033943049293,rho_low,0.001
256,0.5387936939611149,0.20565684157051212,0.04571675971269008,0.8829903585284696,16,0.7059669088836537,0.15316899115629745,rho_low,0.001
257,0.501220734521367,0.20870718799579493,0.09052603081296677,0.8800879868063337,16,0.05450466474017679,0.13597937004069832,rho_low,0.001
258,0.4271784244551371,0.24807847712523026,0.08072131051126116,0.9207590273178653,16,0.7426549203646741,0.12429174822565317,rho_low,0.001
259,0.40975312719887264,0.262258825140086,0.02640551169536081,0.8111403016003421,16,0.723163899106161,0.10667049503717911,rho_low,0.001
260,0.446802346753422,0.2047288776188227,0.08420332944969539,0.7539443367505428,16,0.01309387603292167,0.0861184980850429,rho_low,0.001
261,0.4851865186934921,0.25466644179235004,0.06265275299662616,0.815290239705327,16,0.8922833652878921,0.1627855878522125,rho_low,0.001
262,0.47613470906832894,0.22152704448939906,0.04922153792923485,0.7859313120182084,16,0.13219582532671925,0.12202115319686668,rho_low,0.001
263,0.43202933758856066,0.21994542627200464,0.0795541630310013,0.81745168128245,16,0.960782172022048,0.09484318355305354,rho_low,0.001
264,0.39970768091130493,0.23428891828237794,0.09094065764428773,0.8307600560930309,16,0.07077058109418988,0.10090783274134937,rho_low,0.001
265,0.5179086210665259,0.2369894709902904,0.18685592850469013,0.9229188135254316,16,0.2380494288559516,0.17498457694681,rho_low,0.001
266,0.448352577009858,0.20270990700178865,0.11175269906341977,0.8631775322278107,16,0.6902421913196527,0.10085695942663343,rho_low,0.001
267,0.5446829966527694,0.22930204571766752,0.17775773247831952,0.9202459404414879,16,0.13724131447688948,0.19602944898995284,rho_low,0.001
268,0.49433294634989944,0.1557956410133838,0.21858324175901953,0.7227870065370355,16,0.18496755698090106,0.08690106404166423,rho_low,0.001
269,0.5766795170664045,0.20459139746387503,0.08724301902642585,0.8866469865051746,16,0.011171643657057806,0.19792876377423888,rho_low,0.001
270,0.49046891763562217,0.17439986186109266,0.1755025231223328,0.8404512653910234,16,0.826480075803284,0.10208740880153347,rho_low,0.001
271,0.5208552377122923,0.2478003492455926,0.10794348603649909,0.8923543953146285,16,0.03761730072921454,0.19271824137231788,rho_low,0.001
272,0.5654136085855136,0.18645498915516143,0.23235530739078195,0.8036436008092799,16,0.6325730157274954,0.17487103809595902,rho_low,0.001
273,0.5674515845099781,0.253484946175678,0.15936273798975015,0.9342731904206063,16,0.5823073282289144,0.23650133688468752,rho_low,0.001
274,0.5876851855470737,0.2062524332980146,0.34602702666036395,0.8934775906998841,16,0.5112402605537932,0.22930171388721543,rho_low,0.001
275,0.39311394629532653,0.18133565173586996,0.09221767403755608,0.7114842179809571,16,0.37515772483462484,0.051742371734241926,rho_low,0.001
276,0.5225413599583937,0.2239411957026736,0.1619049305946235,0.8928338168607153,16,0.29956256445540974,0.17578326839157934,rho_low,0.001
277,0.44752866502995986,0.2213680351880974,0.1530389796258085,0.8845809483796643,16,0.9569475247611086,0.12085719656921075,rho_low,0.001
278,0.5119154959282799,0.19957940894807322,0.19108443960549318,0.8793400860077814,16,0.7853582753981895,0.13043205572913966,rho_low,0.001
279,0.651430759098514,0.1816701202464707,0.31580423806417013,0.9542024509834364,16,0.9227325986658982,0.2776824826797849,rho_low,0.001
280,0.5775690234305163,0.2034580071059712,0.07510503587737481,0.8448001226737761,16,0.7338979527594727,0.1950099055630682,rho_low,0.001
281,0.51311463685765,0.17067854195349488,0.18567899579448532,0.836144337984331,16,0.8290089211880176,0.11654438216528079,rho_low,0.001
282,0.511791287970686,0.25599676960541395,0.1385501975125814,0.8312074994397002,16,0.9641754218689419,0.18462100427126057,rho_low,0.001
283,0.6190747101579076,0.2313439329674841,0.11995291916025792,0.9825476344114833,16,0.4536445566132734,0.26919631881590655,rho_low,0.001
284,0.4153461902888483,0.2057409135491092,0.14243768338926382,0.7434077444542991,16,0.9068962734212147,0.07820553354716786,rho_low,0.001
285,0.4045563983837273,0.2804831469911143,0.08344602583458752,0.8967841497205212,16,0.04307416268999342,0.14436121370545396,rho_low,0.001
286,0.5383504122912124,0.22901562472585263,0.23076261687371288,0.921661246905096,16,0.10787213524592076,0.19605553071878198,rho_low,0.001
287,0.4751100432528591,0.22491459154598803,0.16306383468822017,0.8525988009100296,16,0.49037433514535433,0.13514643213176186,rho_low,0.001
288,0.5712452178833637,0.209493770200399,0.2140766436740322,0.8684745732550969,16,0.4539732505280023,0.20646014295848267,rho_low,0.001
289,0.5578554950876456,0.1743207464925681,0.1686176731809496,0.8858630550081676,16,0.4382130800392191,0.15595207698739644,rho_low,0.001
290,0.586468569970308,0.19682681820615214,0.10192731415375661,0.8461594279924013,16,0.5371916517753879,0.20333493885170467,rho_low,0.001
291,0.40442481274284237,0.2218067435843202,0.037515428539321154,0.8854241665649416,16,0.5383727928389844,0.08061559533517687,rho_low,0.001
292,0.5508361608098427,0.1931307568142011,0.17586897527620834,0.8711178999232023,16,0.8705647383026276,0.16201737270942915,rho_low,0.001
293,0.5341859378128161,0.2121907013877351,0.14644515446968942,0.830876276169688,16,0.34591281267867235,0.16458748684067448,rho_low,0.001
294,0.4860879849729067,0.2340761669293224,0.11451048790691945,0.8938061206952113,16,0.3162409556935577,0.15005939338565177,rho_low,0.001
295,0.43630231928512697,0.22133945600554766,0.12213662933287181,0.847664639988591,16,0.7018952392952498,0.10064153506936455,rho_low,0.001
296,0.5675148149228799,0.26378940921028665,0.1156609573202866,0.9257216153974367,16,0.648476937660066,0.2441264127350252,rho_low,0.001
297,0.4860877874412905,0.17732963004404986,0.15473293117005535,0.7854460802061555,16,0.829846984023332,0.10404301010574478,rho_low,0.001
298,0.4986996441794236,0.2378290547284538,0.019783178448875054,0.8275438475451504,16,0.30927812694474066,0.1457726617603153,rho_low,0.001
299,0.4584065161662194,0.2124586998115636,0.15437931263900445,0.8523290996323037,16,0.006394216253686746,0.10155790065596652,rho_low,0.001
300,0.3673802649922521,0.24115419151390832,0.03561790824082482,0.8867504872611358,16,0.9440636840859176,0.08587834078357975,rho_low,0.001
301,0.39457998612262013,0.1970199642309206,0.038927154541127405,0.707272277394723,16,0.04422539373850798,0.054568513128579195,rho_low,0.001
302,0.48382895843740303,0.22185815648180468,0.17939219435383338,0.9187081310045496,16,0.6800129433604662,0.1328146595891313,rho_low,0.001
303,0.5312326303164367,0.18232799350039813,0.1695569906873075,0.7662814136154551,16,0.3218319917857779,0.13527732040629697,rho_low,0.001
304,0.5726936734964607,0.20706409128129652,0.12301334445472535,0.9553488097003359,16,0.4235330553909131,0.19516782384364934,rho_low,0.001
305,0.5480886297797761,0.21013724283459637,0.14162515360355127,0.9537624690131322,16,0.8380327774092649,0.15968635012882165,rho_low,0.001
306,0.5673978589822782,0.20628454040089522,0.11576315775448634,0.810723418219872,16,0.4195794877385256,0.1823265961705439,rho_low,0.001
307,0.572592344679888,0.22424590423517163,0.27755512467987636,0.9660921844690447,16,0.14437152810335563,0.2209191479088308,rho_low,0.001
308,0.5146036341828311,0.20266882428389915,0.1549784312229185,0.8622291930585374,16,0.7544350849353898,0.13691781890498422,rho_low,0.001
309,0.5088648578906131,0.23676626985225493,0.15080535105749399,0.8815510462635304,16,0.020211517060039652,0.16414091391745395,rho_low,0.001
310,0.4824431435572899,0.20022293214269446,0.17220050917849225,0.8680136130645478,16,0.27473298843389526,0.11859073885307454,rho_low,0.001
311,0.5305773162316981,0.2131850056807935,0.11922855511223265,0.9073470429454275,16,0.5380736118916079,0.16403856907030248,rho_low,0.001
312,0.5267453492938574,0.2564862215648092,0.1324260248754965,0.9296945825170633,16,0.4377636955146402,0.19480207525718404,rho_low,0.001
313,0.5500461234761387,0.2109148425768475,0.08331970887534564,0.7896273309606797,16,0.6202283390131521,0.1710104413724841,rho_low,0.001
314,0.4425972154776429,0.23759602079644243,0.027430953940913553,0.7962446775039745,16,0.3813476927138095,0.10392727139102781,rho_low,0.001
315,0.506200603913608,0.24209663172125592,0.13413603024670195,0.8516949982475527,16,0.3905847122961462,0.16675539105684756,rho_low,0.001
316,0.4894322681480847,0.205226953675232,0.2192434687863659,0.8505054712576914,16,0.34865726010413156,0.13003273676423774,rho_low,0.001
317,0.5256862427014946,0.24674999998691005,0.11825930583785578,0.8904255240811771,16,0.8872704689328854,0.1935575345514864,rho_low,0.001
318,0.5001089308481668,0.25227209543212026,0.09175713512294346,0.8653619512191362,16,0.017296511094167966,0.16817133079095647,rho_low,0.001
319,0.46375937697639863,0.2256515251745063,0.09023668966333633,0.9870725877100675,16,0.9396419673418005,0.10649639080763049,rho_low,0.001
320,0.543858408753407,0.2057799135113227,0.18822664816219234,0.9225522617480286,16,0.35822167520172743,0.17644290378930194,rho_low,0.001
321,0.5003495124426354,0.2949012258113432,0.0919582010310425,0.9443579526191693,16,0.36488275569030726,0.21719026233247243,rho_low,0.001
322,0.5615706862372191,0.19697727538018975,0.26401182345565305,0.8781928051150262,16,0.725892848049817,0.18793858761850585,rho_low,0.001
323,0.5366431491106127,0.2795816889811528,0.0768594993250966,0.9406392249138215,16,0.38827673872586066,0.2223309848697725,rho_low,0.001
324,0.5726054748182509,0.18527063940981253,0.31682502173929705,0.8100268204315358,16,0.6166448221012272,0.19112455356939154,rho_low,0.001
325,0.5267115792752319,0.2738307975330983,0.15198504576769306,0.976626898772575,16,0.9036306790861411,0.2128505772743018,rho_low,0.001
326,0.4640095550734476,0.2306940942454008,0.08939362238037689,0.7958704999064332,16,0.8461980475259694,0.11638271497723193,rho_low,0.001
327,0.4821122443105877,0.17319568963961424,0.17468931570607696,0.7518268889994018,16,0.515366677609178,0.09054973631776436,rho_low,0.001
328,0.5149862042409464,0.24725531077124577,0.09136550445606978,0.9263983386398282,16,0.7166521279125396,0.1799180053902268,rho_low,0.001
329,0.6055803662624619,0.18499181417590024,0.28286471458838697,0.8917168047265509,16,0.3924347451053921,0.22275162625500083,rho_low,0.001
330,0.5492637315997854,0.22706549997095377,0.1863199382778696,0.9479079503917609,16,0.776044156830853,0.1911796263421015,rho_low,0.001
331,0.44795973844275083,0.23399922721035102,0.04295381164819121,0.8767090473263371,16,0.17018343674961434,0.11512762204531324,rho_low,0.001
332,0.4949222770671804,0.2134454050282685,0.14809420031573317,0.8119374016333243,16,0.04563178143557589,0.12662702209724136,rho_low,0.001
333,0.46231916531291256,0.1846049442728167,0.11980380446041147,0.8145527375064583,16,0.5407326759187577,0.08757691756260039,rho_low,0.001
334,0.43186515137931125,0.15894603416684522,0.15352008468514833,0.7096912838106965,16,0.21533868480646745,0.05735108793441794,rho_low,0.001
335,0.5016588983892035,0.18742144738964706,0.1650426806732508,0.8660449472420724,16,0.7287259428631626,0.12815596689119899,rho_low,0.001
336,0.540321091553181,0.25683828883232424,0.07731642536612754,0.9365006568595694,16,0.10132350869529805,0.21064489485504442,rho_low,0.001
337,0.48695986250070267,0.26371944153403915,0.04436692656879741,0.9738624954507865,16,0.00849513816858416,0.16504920242519905,rho_low,0.001
338,0.38902775966614095,0.1760907599578325,0.12299158454088535,0.7223804598953655,16,0.6757033497418591,0.051056598613900696,rho_low,0.001
339,0.44583108275374345,0.20437337223548277,0.14090043309406217,0.8329906084836693,16,0.5007994379181666,0.09985192974082925,rho_low,0.001
340,0.48800010274115313,0.1755401258197917,0.13507083260692948,0.9594668296512289,16,0.9520154068301836,0.09699275577545287,rho_low,0.001
341,0.518151582421989,0.26809189654359133,0.0407648823820205,0.9614892291241085,16,0.24748560786359575,0.20111830756799406,rho_low,0.001
342,0.5434879786277487,0.27641990281197837,0.06249012364757512,0.8523748749933961,16,0.12325611750061172,0.21829641697560948,rho_low,0.001
343,0.5556465919650858,0.26025390777504004,0.1322875815728927,0.9726438224940603,16,0.023106181818359217,0.22149502961542789,rho_low,0.001
344,0.44065236820331627,0.22951705994167193,0.03240134879515086,0.8475649553871603,16,0.44424734894538775,0.11008278898526347,rho_low,0.001
345,0.4873815958426249,0.22881666047961216,0.13025159650172505,0.8725700981125164,16,0.10081688539591105,0.14332456006922423,rho_low,0.001
346,0.5838746591247987,0.2201316433032366,0.10929675517587663,0.8677166534684521,16,0.775643438329605,0.21428144235924532,rho_low,0.001
347,0.36140261331423124,0.21920724323351032,0.03987716915105195,0.7280554749584132,16,0.07198579438560071,0.05218760659802309,rho_low,0.001
348,0.5698823153360093,0.26210441064951817,0.11688041936804315,0.8521563585408465,16,0.9207548104503314,0.24210041328660217,rho_low,0.001
349,0.5833961671217736,0.21166679341282987,0.24818234804034917,0.973475515285742,16,0.5408539232420617,0.2090715548766526,rho_low,0.001
0,0.4239648815552149,0.2246721919215416,0.03476922843791063,0.8012978893187209,16,0.07314921470201208,0.09334877623223528,rho_moderate,1.0
1,0.5628880218003438,0.22484044987796514,0.07615105184865995,0.9586451856451979,16,0.37879855298551024,0.1913601579170766,rho_moderate,1.0
2,0.6303138538113154,0.19450100637628637,0.3548229389658608,0.955265900351283,16,0.9261985439813103,0.2660842186882977,rho_moderate,1.0
3,0.4001654658513107,0.23330806308877403,0.03988649235765733,0.819960639029621,16,0.7230237104792231,0.08852018948453202,rho_moderate,1.0
4,0.5140814543309039,0.2505546551506487,0.14729197701585095,0.8448001226737761,16,0.7605585801759555,0.1799515110127724,rho_moderate,1.0
5,0.46785570973469964,0.20327076580908998,0.18239129984349542,0.8473389418034187,16,0.2342906764552779,0.10604212279838747,rho_moderate,1.0
6,0.5278876452291275,0.19737146517755758,0.1682456350879089,0.9483468862866714,16,0.73452961108271,0.13802397237382993,rho_moderate,1.0
7,0.44888617346597665,0.2610306941663545,0.10465587870107193,0.9505400726434304,16,0.40631912639094736,0.14926205577623727,rho_moderate,1.0
8,0.5514739269782548,0.2503082345428669,0.06003334426436107,0.9598169641259775,16,0.059390610473203265,0.206541687791455,rho_moderate,1.0
9,0.45949068451432346,0.21726318643741252,0.12873573500743068,0.8016893099625124,16,0.3948135675183053,0.11414463494618665,rho_moderate,1.0
10,0.3674954144577102,0.2359110526017845,0.09023668966333633,0.9537624690131322,16,0.13125378743236893,0.10108589718783777,rho_moderate,1.0
11,0.6261770238599289,0.22865547844694098,0.12241000918064203,0.9073759078894715,16,0.8536994629314485,0.2831009299486086,rho_moderate,1.0
12,0.536589960227937,0.2620549800439871,0.12074154279616787,0.9411992450599738,16,0.8402940644749076,0.21370371153741385,rho_moderate,1.0
13,0.4354769304500382,0.2907523245058388,0.05033570565904846,0.9726438224940603,16,0.28746892829992543,0.1541681464236209,rho_moderate,1.0
14,0.5737875518710644,0.27218078505390475,0.06429479884437699,0.9465534652839491,16,0.6119223027755851,0.2472403818230645,rho_moderate,1.0
15,0.46440309200763485,0.20619040054830906,0.0937531856916565,0.7895645843748842,16,0.3637597183572606,0.09289065397570019,rho_moderate,1.0
16,0.48933302694920566,0.2150588877093651,0.15352008468514833,0.8271639743567287,16,0.15422617434361496,0.1333502232602603,rho_moderate,1.0
17,0.5666644370004417,0.22383174823459878,0.24592075367096466,0.9408918244265704,16,0.6494073114086196,0.21560083567221514,rho_moderate,1.0
18,0.6014937787364255,0.1977279672867735,0.24245202903204136,0.8832485712218093,16,0.7601066433109224,0.23129030040744952,rho_moderate,1.0
19,0.5995378282837298,0.2555563930632973,0.03561790824082482,0.8981649223717015,16,0.7747227410657531,0.2696781168372174,rho_moderate,1.0
20,0.4259012868237949,0.21574681116600014,0.14486130575841547,0.8891385619625389,16,0.14922058589316578,0.09645405485660005,rho_moderate,1.0
21,0.5534131913286114,0.14439457252320112,0.29434677059435965,0.8533615003718463,16,0.5125785184951382,0.13171666258622755,rho_moderate,1.0
22,0.5359551064484778,0.2092426943277977,0.10109612973800479,0.8157521519122642,16,0.023899357199450355,0.16379293954353094,rho_moderate,1.0
23,0.45038554749184556,0.17349148403293133,0.2452547867513864,0.8221824666451677,16,0.09016949762849769,0.08729725359387995,rho_moderate,1.0
24,0.5357151424062605,0.24407751024527963,0.19337684337890754,0.9020848457104685,16,0.0810511530853878,0.19798871782356753,rho_moderate,1.0
25,0.5200712057519155,0.2725043767802475,0.04952904926988473,0.9542024509834364,16,0.05719079355050116,0.19985909430360585,rho_moderate,1.0
26,0.43943054603886933,0.15641310899701874,0.1405053734195307,0.7095301791171292,16,0.3337693490578346,0.05652859177060921,rho_moderate,1.0
27,0.5544778308969388,0.24750808728694992,0.14644515446968942,0.9305626820088484,16,0.35767960085317085,0.21368613877754616,rho_moderate,1.0
28,0.5936529509556505,0.1735133241029628,0.28371866567652926,0.8767090473263371,16,0.6978703420702284,0.19761866913486872,rho_moderate,1.0
29,0.4400712828160483,0.2318542181613312,0.05631398464071049,0.8306494611731671,16,0.32987972136375243,0.10058575797682923,rho_moderate,1.0
30,0.5270464972826765,0.1778425235942629,0.27755512467987636,0.9342731904206063,16,0.14039580417774822,0.13478206179327146,rho_moderate,1.0
31,0.5471916472904149,0.23194425898998933,0.17435919444710574,0.9306400379900313,16,0.9468756309901694,0.1983322942883417,rho_moderate,1.0
32,0.5341935170484136,0.23421887254193335,0.08311373587423058,0.8091615981569247,16,0.875476403985699,0.1692315412772863,rho_moderate,1.0
33,0.4470784694863375,0.20542015654232115,0.08724301902642585,0.8559004677775122,16,0.12422575540377634,0.10046103927579426,rho_moderate,1.0
34,0.43953427419940805,0.22983808218041737,0.11004705960614605,0.8650783930998406,16,0.3627786999691487,0.12137035275289086,rho_moderate,1.0
35,0.477939061515304,0.2495653396443619,0.10934370341526675,0.9799285130594729,16,0.1680846509849716,0.14186079169289967,rho_moderate,1.0
36,0.5518298612890511,0.2098390612654337,0.263380937145458,0.8923543953146285,16,0.9591114274329677,0.18819385273079603,rho_moderate,1.0
37,0.5026224409144674,0.2160114000034394,0.1903444085250563,0.8793400860077814,16,0.35597759210456126,0.14316721605064378,rho_moderate,1.0
38,0.4047209245925139,0.24625656928211098,0.07718164472797935,0.9146176190187333,16,0.09811742691793435,0.0998485656444559,rho_moderate,1.0
39,0.6713440472113792,0.2122785935168751,0.21119196656150568,0.917855416019892,16,0.7268439883298804,0.3373875058563947,rho_moderate,1.0
40,0.4637479970123045,0.264271559028468,0.08464156371571979,0.9413023621955494,16,0.7117175161853958,0.15292566309071756,rho_moderate,1.0
41,0.41151222528505765,0.24206573158116929,0.05718856724076916,0.7625004874339091,16,0.24103445572369164,0.09777367555573588,rho_moderate,1.0
42,0.5064936942250069,0.20829146312030383,0.1156609573202866,0.8769851680473775,16,0.3214618509201238,0.13212743681057446,rho_moderate,1.0
43,0.41083922027070285,0.2275453146508956,0.05748561449100725,0.8392416392112327,16,0.41501889749172627,0.096239283510088,rho_moderate,1.0
44,0.49781743114902244,0.23227907272229328,0.04571675971269008,0.9027543264092143,16,0.26770000177164766,0.1506451180502388,rho_moderate,1.0
45,0.5135261933837199,0.21750847954242852,0.1775791747987434,0.8664856597391659,16,0.2888877081762501,0.15832031738733496,rho_moderate,1.0
46,0.5671950672462394,0.22050597353820803,0.1322875815728927,0.8438350496767466,16,0.8015903920186569,0.19680636754592673,rho_moderate,1.0
47,0.5571821823979952,0.2528931621537579,0.167819641511483,0.9773328784482527,16,0.7518506052266137,0.2220529073608854,rho_moderate,1.0
48,0.521872268827136,0.16755973617867564,0.3087959838750568,0.9074864404933698,16,0.6926292119704864,0.1300478823118674,rho_moderate,1.0
49,0.5149229516476351,0.13331490933941148,0.277645116573655,0.8677166534684521,16,0.6867735568448488,0.09563875100103446,rho_moderate,1.0
50,0.5731042988815591,0.20457410311612945,0.2287778738764574,0.8521563585408465,16,0.5218819306638737,0.20336889017005302,rho_moderate,1.0
51,0.5408972842979776,0.1978733396276387,0.20880847568876107,0.8387000361264997,16,0.350921277961059,0.16696977938459048,rho_moderate,1.0
52,0.5037040535610892,0.27244989222792454,0.08340163279092552,0.9395582128996094,16,0.7205449454774036,0.1927615923210825,rho_moderate,1.0
53,0.45459093458913524,0.2271454982367765,0.16794764290794786,0.869595146510316,16,0.11636773753496898,0.13185742601088635,rho_moderate,1.0
54,0.4987625510026929,0.19092516022652573,0.234294755338888,0.8191583891425611,16,0.14107050520669207,0.126736498429842,rho_moderate,1.0
55,0.502455185272967,0.1833811141853341,0.228956379702904,0.7496200530022502,16,0.12626520794575957,0.11677127940169926,rho_moderate,1.0
56,0.5538972187209085,0.20749743070685145,0.25588613507109176,0.9371730475082439,16,0.7327180517503236,0.1871856750689076,rho_moderate,1.0
57,0.47217224161784843,0.18283074903065624,0.14807530211784903,0.9123855622179065,16,0.5915408843637119,0.09718746151467136,rho_moderate,1.0
58,0.4644339515409564,0.22204163129834142,0.15024039307391426,0.8376498474862057,16,0.45016037936884756,0.12487138542260501,rho_moderate,1.0
59,0.5011616245464243,0.24230207362491843,0.041932085260499914,0.8477690176231906,16,0.47623134142880175,0.1503375448158794,rho_moderate,1.0
60,0.4760477782900592,0.22568239650282454,0.045301514050539594,0.8505054712576914,16,0.8275593271711471,0.1295026024609427,rho_moderate,1.0
61,0.46029125419115546,0.20233819831605204,0.1375169724714392,0.7776777723398562,16,0.1216797789663413,0.0967440346964582,rho_moderate,1.0
62,0.44546786684337514,0.2397502816480913,0.05523494428857771,0.8368955979323663,16,0.38324428034558056,0.11322410328648762,rho_moderate,1.0
63,0.4672110749651508,0.23256684081936366,0.11719548916748558,0.8757287202702525,16,0.7601662055006726,0.1350109432728477,rho_moderate,1.0
64,0.5540052901368727,0.2340436246456845,0.13943296143912212,0.8144446706393853,16,0.6578393705710703,0.19280650408007405,rho_moderate,1.0
65,0.5290554462479654,0.21685933002974203,0.03382602747133074,0.8707418820818317,16,0.4351467214778807,0.15022994639665022,rho_moderate,1.0
66,0.4726088970378258,0.17544986009433106,0.1321147499224773,0.7502261612993206,16,0.22434120963101267,0.08582687156735518,rho_moderate,1.0
67,0.5607982783409249,0.19666487612835637,0.25555169721669235,0.9158263653451891,16,0.9464412133049587,0.1822347016179733,rho_moderate,1.0
68,0.38101148119210104,0.19167743557003727,0.09001381045344937,0.7632566728070849,16,0.4079193628565091,0.050140910307600366,rho_moderate,1.0
69,0.6041051352865352,0.23080347775947013,0.21858324175901953,0.9569756743168408,16,0.8778350039035832,0.2552648215506749,rho_moderate,1.0
70,0.41217673884165534,0.2401094330490617,0.12953449309012374,0.940165170349519,16,0.7778304800332757,0.11145235454566314,rho_moderate,1.0
71,0.595705359066528,0.19636964732439657,0.2699649703256335,0.9355051961492689,16,0.8615300330102996,0.21552533421090353,rho_moderate,1.0
72,0.512622192666523,0.19143332564567891,0.19387815895176397,0.8841406164622914,16,0.016921994238677573,0.13519383542981656,rho_moderate,1.0
73,0.5082407559025135,0.18494330000664688,0.10563245541049482,0.7434077444542991,16,0.47739142797999323,0.11132877909322744,rho_moderate,1.0
74,0.41942276282512836,0.20518585102170372,0.05899615397519374,0.7078514456426329,16,0.25943382681763894,0.06105852846198801,rho_moderate,1.0
75,0.4835499999681865,0.3013076668134192,0.09424228227302,0.8947043840110926,16,0.27402135522523396,0.21292525587831587,rho_moderate,1.0
76,0.3520160344720227,0.22228697912970685,0.0768594993250966,0.8353740906366093,16,0.2698403223244006,0.06716128915365555,rho_moderate,1.0
77,0.5803653173239082,0.1667879302827067,0.31382042181008835,0.8259668837774082,16,0.38931367184596566,0.17964830204274115,rho_moderate,1.0
78,0.48586782787777977,0.1658326715815042,0.20758648839481345,0.7304494159152612,16,0.41070461615316833,0.09019649005607175,rho_moderate,1.0
79,0.5361193938494769,0.2740498934881557,0.14243768338926382,0.9696250196268384,16,0.6340402481482471,0.23262783086680489,rho_moderate,1.0
80,0.45422639660952463,0.22982769661152802,0.08875397710189162,0.8685842242914161,16,0.3003645523480759,0.12668287079999035,rho_moderate,1.0
81,0.44663787999803006,0.22417598587120566,0.11415200840288593,0.8330991685889435,16,0.2727771461258405,0.11288921190521761,rho_moderate,1.0
82,0.44723884776918554,0.17784749933180302,0.15551094837591006,0.7940996874701354,16,0.36060820265249927,0.07310395277595721,rho_moderate,1.0
83,0.5220874834953448,0.23408520149330111,0.027430953940913553,0.796621718536946,16,0.6865144929354994,0.1684330322314205,rho_moderate,1.0
84,0.5561128510114841,0.2402467209523321,0.1568379990522224,0.9800084864385671,16,0.0001711756244947571,0.2049139804220341,rho_moderate,1.0
85,0.41005713329475585,0.20751908972415395,0.15365983717923065,0.8622291930585374,16,0.7469279572267308,0.08133589478547051,rho_moderate,1.0
86,0.5505832254135067,0.23959262732569991,0.06084362483128286,0.8875995079848611,16,0.3389687519924398,0.2103636692378088,rho_moderate,1.0
87,0.46745713682355194,0.2671565411355303,0.030122122419501202,0.8416764957162005,16,0.5762397732508459,0.1530759454853255,rho_moderate,1.0
88,0.5208700488954309,0.2437105223291091,0.07817488967564905,0.8546241607610466,16,0.7615222922385597,0.17109649229890445,rho_moderate,1.0
89,0.45890962543882224,0.1761921996438492,0.15473293117005535,0.7026276391473213,16,0.5108351676332793,0.0790404078087699,rho_moderate,1.0
90,0.4830236684129871,0.19398491104629825,0.12382777404095291,0.8444284525548126,16,0.647151248530974,0.11170263403865245,rho_moderate,1.0
91,0.5832364968602206,0.236256718434448,0.14719742438182934,0.9208786098885029,16,0.9199407301330876,0.2265305439734827,rho_moderate,1.0
92,0.4677527561296383,0.2348620973847149,0.08479284576449715,0.8394730522660265,16,0.029866272394770244,0.11710896293004568,rho_moderate,1.0
93,0.5202707463245466,0.2148709546613431,0.12496948703665603,0.8798076000732065,16,0.34952883617399033,0.14802922616716613,rho_moderate,1.0
94,0.5394034111005039,0.20787328234677807,0.1932570866787858,0.8217815884956744,16,0.9268541592993467,0.1707262671552681,rho_moderate,1.0
95,0.6480082451128863,0.18124116001978388,0.24202854707938984,0.9073470429454275,16,0.8374298297042314,0.26946572909362065,rho_moderate,1.0
96,0.5612788216552395,0.22505452437499893,0.12011620983317443,0.8811164853245939,16,0.6168279813515756,0.2010501695002405,rho_moderate,1.0
97,0.47199103887567234,0.18646494433697242,0.19032576358104697,0.7267771904189624,16,0.22930295139803325,0.09692054331976369,rho_moderate,1.0
98,0.5342229769517969,0.24532381534539002,0.18820733409850304,0.9232133990424983,16,0.33053303792794875,0.19567893163198846,rho_moderate,1.0
99,0.5984296852167929,0.24237028776602018,0.20343215341877519,0.9202459404414879,16,0.8579563762666257,0.26197292389676524,rho_moderate,1.0
100,0.44747146685127537,0.20411648748448535,0.06249012364757512,0.7827486613429537,16,0.698271457281969,0.09276105675564807,rho_moderate,1.0
101,0.388302357839692,0.22997584403801916,0.051314134098143296,0.8207839618498661,16,0.2856502296610026,0.08629134228144446,rho_moderate,1.0
102,0.5394639282429029,0.23552315999710768,0.187080175106767,0.8807572526049903,16,0.13224550180524286,0.19103754769135706,rho_moderate,1.0
103,0.465499435028007,0.23176112404230234,0.10455844489608795,0.9360627401144065,16,0.7807703341042288,0.1256181030321468,rho_moderate,1.0
104,0.523664785001734,0.17238793091388685,0.22278292709653702,0.8788541062357194,16,0.5762246797205511,0.11701632889498624,rho_moderate,1.0
105,0.5369075937241384,0.19164015783931268,0.12636156766200696,0.9035662755834202,16,0.963438189908024,0.14536501007978872,rho_moderate,1.0
106,0.5030561288852022,0.23149471239413127,0.19844263074070348,0.96031806034746,16,0.4064911771303944,0.1604022729919916,rho_moderate,1.0
107,0.3815449789818913,0.12833040724896547,0.21855360325840506,0.6074993434407724,16,0.349026963756198,0.030142881497431197,rho_moderate,1.0
108,0.42607470297726363,0.16812020289445023,0.0432881144823915,0.6698650928898158,16,0.2907561429598794,0.05125547693374457,rho_moderate,1.0
109,0.5006741333364323,0.2622734348786972,0.0194389327268941,0.8684745732550969,16,0.4818801371926721,0.17683434805062914,rho_moderate,1.0
110,0.551364741795375,0.22995722500654728,0.019783178448875054,0.8653619512191362,16,0.32272964247161806,0.19032125923470597,rho_moderate,1.0
111,0.48317572261250624,0.20857578158117349,0.08508570088754709,0.7946006056824699,16,0.07319059978704145,0.11804296458538009,rho_moderate,1.0
112,0.45232722169493556,0.22786683684532788,0.14574525162540508,0.7827819156787648,16,0.3121290578928153,0.11074055082705846,rho_moderate,1.0
113,0.45455856621519247,0.246446833536117,0.06265275299662616,0.9569126629644814,16,0.2188859333030625,0.1280642847627737,rho_moderate,1.0
114,0.49799484459513876,0.21345280916365955,0.05732444851400862,0.8342925964395708,16,0.8153849962785588,0.1329240576794924,rho_moderate,1.0
115,0.4760323683819024,0.18846893209611415,0.13145217684046595,0.9452164792672467,16,0.23559253312526796,0.10382156261118206,rho_moderate,1.0
116,0.5008024020830883,0.22057907780963662,0.09328997128219654,0.8411082693609231,16,0.45887157101893683,0.13843373398006098,rho_moderate,1.0
117,0.44519557428676876,0.21255946250359406,0.07273949023768954,0.8752617642342546,16,0.6727382423624793,0.09508650603082992,rho_moderate,1.0
118,0.4645306956682578,0.2470932082575163,0.07784920425881442,0.8953505014261234,16,0.14922687273244606,0.1464486905632623,rho_moderate,1.0
119,0.48659005959454127,0.24236202181704974,0.08393830391773166,0.8238658892529386,16,0.531282484435957,0.15032754703188028,rho_moderate,1.0
120,0.4917497939240929,0.1732936775335561,0.11133553476345338,0.7605649840590601,16,0.8471869516385989,0.09203897077188312,rho_moderate,1.0
121,0.4504824335551662,0.2054285274690811,0.04295381164819121,0.8224744478070245,16,0.5840807517660912,0.0815435220717693,rho_moderate,1.0
122,0.5180097133041819,0.22789061327336788,0.07731642536612754,0.8798992710688937,16,0.4823864389691985,0.1565381050817161,rho_moderate,1.0
123,0.5229838647330719,0.20331622245785747,0.14072714292262276,0.8657333293010758,16,0.8388788947055122,0.14566064177848312,rho_moderate,1.0
124,0.6309361505553257,0.1661717219225713,0.32667898050377997,0.9270661257057028,16,0.9472519273788725,0.2324127706728432,rho_moderate,1.0
125,0.5127619357554433,0.21554202072877826,0.14942713636112376,0.9406392249138215,16,0.8209853994034504,0.14654554370080392,rho_moderate,1.0
126,0.5042062822659585,0.2420544929165443,0.0932809238921645,0.8867504872611358,16,0.40840944860075457,0.16754482574610244,rho_moderate,1.0
127,0.5041841789739675,0.2051962896992703,0.18106989647026503,0.8627559093082846,16,0.6116930886692934,0.14092227410629568,rho_moderate,1.0
128,0.5410793746672153,0.24186887377110325,0.07791332621258804,0.8842124935251735,16,0.5266416950300847,0.19462860576883614,rho_moderate,1.0
129,0.5183397401719438,0.1764825814051822,0.2012242856885374,0.8021840056641633,16,0.30330862268411773,0.11747809104109756,rho_moderate,1.0
130,0.4574275124907548,0.2147534507019374,0.09146771686960771,0.9027256456708439,16,0.4353201289591915,0.11223452968489249,rho_moderate,1.0
131,0.615687024190692,0.19095678311968056,0.3538698440382063,0.9739783362134355,16,0.8292667794441382,0.23711422766003673,rho_moderate,1.0
132,0.32607684158348293,0.21460943965978582,0.047817445271406814,0.830876276169688,16,0.30047984286702967,0.05527859934952966,rho_moderate,1.0
133,0.4229494965849831,0.14893938870861417,0.1926230558708774,0.7397700236753316,16,0.8895570571156132,0.05868386453179999,rho_moderate,1.0
134,0.5609365899343243,0.2714379084470822,0.0459806497191438,0.9660921844690447,16,0.9914293192081454,0.24203868493494746,rho_moderate,1.0
135,0.42617700458507696,0.26660183025095197,0.0919582010310425,0.9565029190755708,16,0.3067672957354898,0.13444844818964613,rho_moderate,1.0
136,0.44188989628999303,0.23526747670056353,0.07510503587737481,0.7765319647671018,16,0.12273805462617138,0.11397949251579034,rho_moderate,1.0
137,0.525049795757166,0.2153921463842447,0.07400820236144509,0.8986799647550685,16,0.9571743488553465,0.1573932211721913,rho_moderate,1.0
138,0.4493589305265542,0.2430964837797543,0.13863526502917448,0.9253594978334992,16,0.17106515967605973,0.12820549249932509,rho_moderate,1.0
139,0.5127328307732103,0.22237715036643738,0.08939362238037689,0.8038643829959252,16,0.7714638089361773,0.14380409577094805,rho_moderate,1.0
140,0.3982258994864452,0.22105770296586552,0.09647276888852405,0.6888816559711753,16,0.039113478648201805,0.07191488094761715,rho_moderate,1.0
141,0.34205483558640837,0.2110770531518796,0.08420332944969539,0.906829594765781,16,0.23556509847015417,0.06557449674464971,rho_moderate,1.0
142,0.42938723062887724,0.2179853657315746,0.12044073998134486,0.9525301446714877,16,0.2601553110299646,0.09870645152367333,rho_moderate,1.0
143,0.49531205092703495,0.23282479896207717,0.18326143838253164,0.9455288050545347,16,0.29723503205329516,0.15751200869805873,rho_moderate,1.0
144,0.6085871641816405,0.2285348828744311,0.1621257285540391,0.931281272580282,16,0.9193037603731687,0.2596061446896539,rho_moderate,1.0
145,0.48142518450895316,0.20611827330007057,0.2502663266343199,0.8358690472882502,16,0.17530970920991185,0.1282745220062757,rho_moderate,1.0
146,0.4970694587080977,0.18528820530513673,0.09094065764428773,0.7738350396972928,16,0.17363896408860913,0.10295755142329417,rho_moderate,1.0
147,0.5186288182898869,0.2659683241506246,0.12447769619424126,0.9479079503917609,16,0.6916749367101237,0.20284669534870808,rho_moderate,1.0
148,0.49584946582610434,0.26031535174305664,0.13413603024670195,0.8866469865051746,16,0.9523171069997972,0.18412516194200482,rho_moderate,1.0
149,0.48353510801899724,0.16068246106624298,0.20998442785802346,0.7397427957086343,16,0.3892843584315542,0.08789872986271068,rho_moderate,1.0
150,0.5278019675567391,0.24442215097608663,0.11047157144258253,0.8265164383030164,16,0.7731286561517726,0.1850607953785332,rho_moderate,1.0
151,0.42459026278855977,0.22422784491922293,0.10202287124385387,0.8539497464857806,16,0.031035892505590468,0.10339690756819114,rho_moderate,1.0
152,0.5497283393634436,0.21455263450459514,0.23438727369010257,0.8714452150867503,16,0.8240637188070686,0.1919197142232212,rho_moderate,1.0
153,0.531725871072874,0.23612404584804803,0.16054121137090352,0.880493818078651,16,0.7233969011224191,0.18731157592655912,rho_moderate,1.0
154,0.5327036842686784,0.2408267126187883,0.07815199551361886,0.9263983386398282,16,0.8966156518554624,0.18745468492960116,rho_moderate,1.0
155,0.4201938493144783,0.18650107911726654,0.011680304082745544,0.7178395816898039,16,0.6374542835383026,0.058807111781909296,rho_moderate,1.0
156,0.561061870826088,0.25576289428299465,0.14671047848580787,0.9658234970681596,16,0.9413366441604656,0.2364167765037468,rho_moderate,1.0
157,0.4508759568501328,0.2019769955482919,0.10309598603645616,0.8095748263278311,16,0.3898574094947437,0.08618342249232022,rho_moderate,1.0
158,0.48487386192419996,0.21140150777887715,0.1331470492820624,0.8295038308300328,16,0.7325314447207496,0.12311561281285024,rho_moderate,1.0
159,0.5749880101940847,0.24519117519444042,0.17852351320425286,0.8996189931549817,16,0.7255642082109406,0.243088194600842,rho_moderate,1.0
160,0.4955659572880197,0.19193775983446684,0.15459960223470853,0.8444857675520844,16,0.26860786068493503,0.11291571275313574,rho_moderate,1.0
161,0.46488449856330405,0.23871750397768418,0.11921000480205624,0.9058835062731716,16,0.9205795390951387,0.1337936975672355,rho_moderate,1.0
162,0.5048745455431747,0.24651491377030985,0.1513549365373744,0.9308682004918859,16,0.7791767912046089,0.16570597173331558,rho_moderate,1.0
163,0.6156507481445428,0.2379395964156565,0.1695811913248536,0.9941340690499976,16,0.8663517835245634,0.2781080609511972,rho_moderate,1.0
164,0.5364928026941719,0.2427286500186072,0.06350257098267952,0.9744374795166356,16,0.36259100079846707,0.1896808581617792,rho_moderate,1.0
165,0.6086627034528433,0.22545764344675326,0.14354489327064537,0.8939550971206525,16,0.8412547834955745,0.2549734343183081,rho_moderate,1.0
166,0.4151045091676944,0.1911579316306019,0.15723554847242455,0.8592639419375409,16,0.31497646062973417,0.07579131837701089,rho_moderate,1.0
167,0.5986721174423445,0.2297785126210959,0.10865433559497371,0.967003538303188,16,0.9644010500004486,0.2411751491762998,rho_moderate,1.0
168,0.4072552722790183,0.1843081072084916,0.017649235384665878,0.7053149054234432,16,0.02394713636581347,0.05319156792268076,rho_moderate,1.0
169,0.4054773422454737,0.23876525768781312,0.005530601487247747,0.7441813499955265,16,0.6191875473523993,0.07587395976845529,rho_moderate,1.0
170,0.46241567977937026,0.19716415551616284,0.07600119297234448,0.7840857883345032,16,0.11223951134664445,0.0946394227434847,rho_moderate,1.0
171,0.531885374197806,0.1855861871098024,0.11826469059254925,0.855071096802885,16,0.7187331733278222,0.13904667436974244,rho_moderate,1.0
172,0.489269310183716,0.21612931546441777,0.14959126774416717,0.8746479567854638,16,0.36368830367403804,0.1404819799090816,rho_moderate,1.0
173,0.5431284921210402,0.24558977291443143,0.14070576526815942,0.9354881762996999,16,0.8706405934280971,0.20787272771773568,rho_moderate,1.0
174,0.6371528166476307,0.20090232336043323,0.3013937901977897,0.9429548253214357,16,0.8727025109053593,0.276551575898615,rho_moderate,1.0
175,0.5093468348091701,0.22281938600091575,0.06259483302281849,0.8829903585284696,16,0.3680898735038748,0.13917138670302137,rho_moderate,1.0
176,0.5627512782119054,0.23671189285882718,0.18819413360168843,0.9257216153974367,16,0.8099817769615278,0.21845681701012037,rho_moderate,1.0
177,0.4952101685423279,0.1600670593107495,0.2158526657327996,0.7523432280065728,16,0.6811368771594715,0.09493829198643639,rho_moderate,1.0
178,0.5079761494969091,0.2660301074474919,0.053279239937912164,0.8935078283608042,16,0.4265669286537124,0.18250416284987722,rho_moderate,1.0
179,0.5287946887363437,0.2357067937083444,0.1436623712452638,0.8904255240811771,16,0.3432364439538024,0.18544303622503117,rho_moderate,1.0
180,0.4331110702032541,0.21237158494873157,0.15285839938445653,0.7717019599493435,16,0.2103049314692208,0.09279479337367973,rho_moderate,1.0
181,0.49407886095041337,0.26084006505991253,0.08873950353267414,0.973475515285742,16,0.06320845285650911,0.1684036008287343,rho_moderate,1.0
182,0.6033769525194115,0.2503345457672474,0.17296965575508239,0.9149171316018543,16,0.5173593686025637,0.28493733805391264,rho_moderate,1.0
183,0.5476424506284656,0.20878350310581253,0.1476660133527458,0.8321005079556221,16,0.5400405370755103,0.16389037364871345,rho_moderate,1.0
184,0.5399115656895378,0.2360126859915274,0.15889580362574163,0.8771160005612766,16,0.4440186584603416,0.19118721429922345,rho_moderate,1.0
185,0.5501174607939862,0.2011230012461416,0.23004579639268327,0.8543843241169155,16,0.9505971797134382,0.1656899401217131,rho_moderate,1.0
186,0.5087109505066486,0.23965270101844696,0.08515153010371274,0.8839843194910754,16,0.013690117263167267,0.16459291300637044,rho_moderate,1.0
187,0.6198049625510589,0.2078322842700636,0.2996545559002374,0.9746756141044987,16,0.8503049599765884,0.25666677021645407,rho_moderate,1.0
188,0.530938676066491,0.21920215623587525,0.16516282069401356,0.9378706490293509,16,0.8008214470330771,0.1663569747122253,rho_moderate,1.0
189,0.5009690270387728,0.23827322955478947,0.04873440131431452,0.9369490179208296,16,0.758752394254019,0.14904625811227348,rho_moderate,1.0
190,0.523029315819229,0.22043228149955824,0.14162515360355127,0.8556370686187452,16,0.5249153123806438,0.15948087313466475,rho_moderate,1.0
191,0.4292513992361193,0.1759427332998789,0.08344602583458752,0.7302020815753608,16,0.19035537820796056,0.062482441759945224,rho_moderate,1.0
192,0.5576790214376832,0.22889933153142245,0.2219755477924452,0.9732726872063745,16,0.8628793687734381,0.21023928778568557,rho_moderate,1.0
193,0.5404481623978663,0.21661696123688323,0.091486580991411,0.7683221770678513,16,0.7445946545633017,0.16292525802563693,rho_moderate,1.0
194,0.5924226137122287,0.2011780432700669,0.29516082187167497,0.892746423926319,16,0.8328212143804856,0.22590687972559143,rho_moderate,1.0
195,0.494552332591087,0.2763573735260358,0.08155072897409266,0.9031676101783317,16,0.23578757327313637,0.18314107401318921,rho_moderate,1.0
196,0.5064577016413696,0.2588185950887495,0.12489577032575604,0.9326264105612468,16,0.5543749931039361,0.1858394473722564,rho_moderate,1.0
197,0.4481212022949249,0.2139945963763953,0.1363841190473593,0.9368684856121025,16,0.41595923895505993,0.10362759078742213,rho_moderate,1.0
198,0.545918046244475,0.2597672853646373,0.1508551716032288,0.9323666788825328,16,0.6396714352382278,0.21771906265544785,rho_moderate,1.0
199,0.45136587062644395,0.19559422451571168,0.168078599763065,0.8515116491584506,16,0.7526076935359698,0.10158188657162374,rho_moderate,1.0
200,0.36128632859301146,0.23744049331226116,0.09708719105763525,0.8337430696575474,16,0.17371536844498714,0.08751126952287785,rho_moderate,1.0
201,0.4281827996535663,0.20613520316746203,0.025743825067012036,0.6972207539420573,16,0.1740382321149514,0.0690667685492169,rho_moderate,1.0
202,0.43605267749185045,0.20155951862864277,0.15659825056018253,0.7977230720642624,16,0.043606875938773215,0.08134564323179354,rho_moderate,1.0
203,0.5018273396085029,0.2204128042583993,0.1086694408356726,0.7909343171023446,16,0.15718503833113262,0.130754700519062,rho_moderate,1.0
204,0.4899203561533361,0.24591596700233956,0.10090334227220306,0.8509549607061814,16,0.2401732296296688,0.1486379376754829,rho_moderate,1.0
205,0.4086378580045209,0.21888345146949428,0.07813792216484061,0.8012727226682531,16,0.07251857909945669,0.09105388783378926,rho_moderate,1.0
206,0.522582544466976,0.19567133027945857,0.2363357939038277,0.8795755956733323,16,0.35569095490512004,0.15195516841949352,rho_moderate,1.0
207,0.5892922494286836,0.20906420444527726,0.16154251852241708,0.9542651724399542,16,0.6751662952455647,0.2063438035161366,rho_moderate,1.0
208,0.5049397642244791,0.1559756520865076,0.14809420031573317,0.7028261017139179,16,0.7930731277441504,0.08611709487043136,rho_moderate,1.0
209,0.5649113520418121,0.23783641179515128,0.2069652261477743,0.9411932522814013,16,0.34581626285830025,0.22667733898109554,rho_moderate,1.0
210,0.4156112382344583,0.2479947309604762,0.025019357798647,0.7525791480149934,16,0.08382489796229442,0.10797695044002921,rho_moderate,1.0
211,0.421954589237768,0.20814415323068422,0.08031181187748539,0.7888377987770369,16,0.7593723261584083,0.08055203433802707,rho_moderate,1.0
212,0.39771195692030487,0.1841830011203403,0.10190561191068126,0.7250459328165411,16,0.39118368836963113,0.05667425949958689,rho_moderate,1.0
213,0.43153752089398073,0.23527643862916192,0.06798130927523484,0.8690753317514233,16,0.25142759505407275,0.11590110851484034,rho_moderate,1.0
214,0.5249504814306938,0.25526652288763635,0.07651131962793878,0.884093496768168,16,0.4706909754473476,0.20052660022530613,rho_moderate,1.0
215,0.6170613263845723,0.1774780025680947,0.38313253755448917,0.9476207563198334,16,0.9698642760741001,0.2225550922075102,rho_moderate,1.0
216,0.4608038778911729,0.23682287668085433,0.1398100506640602,0.9275631722012064,16,0.37263983664795264,0.1323463147882844,rho_moderate,1.0
217,0.5766130562070818,0.1823869536136691,0.3053744585630063,0.8429205134189258,16,0.959453074386708,0.1925880228345008,rho_moderate,1.0
218,0.4168866367226207,0.1850919722867164,0.1275656832363508,0.6974260534539265,16,0.2531691596797929,0.056697572682547374,rho_moderate,1.0
219,0.44395666842296266,0.23515894311541663,0.12637208884985607,0.8267448464862786,16,0.10554476001890012,0.1078152242578241,rho_moderate,1.0
220,0.43151017430990996,0.29735755527072594,0.0407648823820205,0.9282316759609668,16,0.1571788030023924,0.17099545938627153,rho_moderate,1.0
221,0.5389056894943206,0.15701006519783123,0.2700134390389885,0.836144337984331,16,0.7737817398421739,0.12767618652601337,rho_moderate,1.0
222,0.4993594146828001,0.15813829697489162,0.21389020846662415,0.8554234704714564,16,0.5376131164488933,0.09560672815126496,rho_moderate,1.0
223,0.556251286037661,0.24160658693170253,0.0357913384783139,0.8312074994397002,16,0.5819222503830604,0.1988326194527784,rho_moderate,1.0
224,0.5717491236845816,0.25748752160041394,0.2019236074406426,0.9316116805786745,16,0.9677083968521879,0.24752169133755472,rho_moderate,1.0
225,0.5580921473199693,0.23062707937572458,0.21312232871178513,0.9636394581346615,16,0.5048373705189647,0.20337384154780003,rho_moderate,1.0
226,0.39573046403379986,0.15397434872048688,0.1497913040732705,0.644202484299072,16,0.11702088894450602,0.039377598908272526,rho_moderate,1.0
227,0.5944316215102403,0.18564458275390291,0.2578131441671903,0.9204357273246654,16,0.718515234359992,0.20611422267731508,rho_moderate,1.0
228,0.46383099407048983,0.22799431203328152,0.10087917207768603,0.8025278495408898,16,0.207851364069643,0.12015040694089858,rho_moderate,1.0
229,0.48740935844787237,0.25136177904957896,0.09779733670131109,0.8335971521393123,16,0.5815380148024186,0.15677128096177304,rho_moderate,1.0
230,0.4459613178854581,0.22804311520330656,0.15484371445428108,0.9153481604974151,16,0.854378765461995,0.12079544522188575,rho_moderate,1.0
231,0.4521277781343878,0.26799600755432396,0.09325966176098822,0.9499151409557371,16,0.47708107543259803,0.16044922861281274,rho_moderate,1.0
232,0.4625658463347299,0.2294039310736452,0.0352685414933491,0.7763919641207583,16,0.3142851009015948,0.10855080900194287,rho_moderate,1.0
233,0.6010967633836507,0.2001038003296226,0.25390648295393475,0.921661246905096,16,0.5755465872070433,0.22836819553979124,rho_moderate,1.0
234,0.484126902007993,0.20792922747285597,0.17008096378907306,0.9174324303063754,16,0.12695129128211402,0.13422848214328104,rho_moderate,1.0
235,0.5350629169116126,0.2416399019115763,0.003988706884776067,0.9290726039072319,16,0.30756405627775874,0.1825300751348152,rho_moderate,1.0
236,0.48644963804468244,0.2229982445827656,0.13686165249877474,0.9391507493820604,16,0.5041427868603767,0.13564900473460287,rho_moderate,1.0
237,0.5667952317749652,0.15418533445043,0.27954825297604263,0.8679630162255321,16,0.25415116362123913,0.1545260914372963,rho_moderate,1.0
238,0.47563114210731305,0.1627899598150964,0.17382332369922235,0.7564529438650749,16,0.03925812152232944,0.08595719429867768,rho_moderate,1.0
239,0.4950123952314404,0.2511921782860848,0.11825930583785578,0.9680896832752763,16,0.5851409794218585,0.15495256816690392,rho_moderate,1.0
240,0.4596623428321991,0.1978204260606005,0.15275387765098505,0.7977352353660824,16,0.4012473648112821,0.08959286692383242,rho_moderate,1.0
241,0.40111680927567245,0.24716044245534632,0.03240134879515086,0.9113551097339426,16,0.39061025943482974,0.10209089578967376,rho_moderate,1.0
242,0.5566751185036011,0.20306996413528342,0.28315447505594515,0.9203503138463948,16,0.996812795897975,0.19089308495806184,rho_moderate,1.0
243,0.450832598130722,0.22503066620458723,0.0679375656417303,0.8180786672527861,16,0.11178403188695996,0.11750677914876242,rho_moderate,1.0
244,0.4638212714145328,0.25886192380939965,0.07568274479628509,0.9270152123075872,16,0.1541756378062098,0.14588460371254056,rho_moderate,1.0
245,0.5200353911116578,0.23838123074128745,0.0984941300168158,0.976626898772575,16,0.8762618174844566,0.17620107607241248,rho_moderate,1.0
246,0.5317716928125504,0.24934848445636282,0.05313671844402097,0.8302130659132861,16,0.13026165905404785,0.19136674427245415,rho_moderate,1.0
247,0.5324339075768025,0.21046087295830443,0.14355901636004562,0.9289926490237649,16,0.9176228320811173,0.15353123473945518,rho_moderate,1.0
248,0.5067186533953649,0.22317274263528608,0.12967759339817836,0.8979040093271963,16,0.6719608612842088,0.1547208957841721,rho_moderate,1.0
249,0.4955063392732766,0.21696756794401104,0.06639509688724096,0.8925759154947605,16,0.528162904923863,0.13072766649351955,rho_moderate,1.0
250,0.36024304764980564,0.147127507316974,0.11902914820426781,0.6658914450715224,16,0.2784006815294713,0.029318160814890873,rho_moderate,1.0
251,0.5539362482200746,0.21012012197805782,0.16626178007435682,0.8711178999232023,16,0.35947348207133867,0.17436878370354944,rho_moderate,1.0
252,0.5505507466809394,0.23110849850989126,0.15934038413569093,0.9494887955346633,16,0.8259545699134301,0.19694284590424174,rho_moderate,1.0
253,0.4525151575447679,0.19256907215772878,0.18800426082056235,0.819356209912705,16,0.05750454825193074,0.09340457760369433,rho_moderate,1.0
254,0.5908968080546397,0.1916269477645285,0.1530389796258085,0.8528074930633672,16,0.768548607006254,0.2003227249005499,rho_moderate,1.0
255,0.5684077834626803,0.25893974782802087,0.1592529157862009,0.9417613676462039,16,0.8278206853570748,0.2476064606374221,rho_moderate,1.0
256,0.5897678941588718,0.2133184374467912,0.2997520110997619,0.9382150546548906,16,0.7059669088836537,0.2337839556068952,rho_moderate,1.0
257,0.5313688049233717,0.225242178234665,0.17047811693258863,0.8781928051150262,16,0.05450466474017679,0.17182648055852026,rho_moderate,1.0
258,0.562756130025096,0.1888684116671619,0.16544705567418497,0.8181422811029088,16,0.7426549203646741,0.17342650801462345,rho_moderate,1.0
259,0.5481318790397486,0.24350122091053966,0.17468931570607696,0.9229188135254316,16,0.723163899106161,0.21152278405550018,rho_moderate,1.0
260,0.4621238423557373,0.21547748148882057,0.1363495226400026,0.7943341852037126,16,0.01309387603292167,0.1029620884610489,rho_moderate,1.0
261,0.6046780756116619,0.20755028336059267,0.2925193801605117,0.9554408741036622,16,0.8922833652878921,0.2386655641770957,rho_moderate,1.0
262,0.5298235219223871,0.2327929142152751,0.21784381989581014,0.8962193014060021,16,0.13219582532671925,0.18840825828252744,rho_moderate,1.0
263,0.501082169796235,0.25159930067763236,0.12479333610130303,0.9329608195446002,16,0.960782172022048,0.18145404104461604,rho_moderate,1.0
264,0.44806130271735156,0.2501850801852461,0.10956570509409594,0.8991409816135325,16,0.07077058109418988,0.14051937242007964,rho_moderate,1.0
265,0.526016473140645,0.26351815838934084,0.11922855511223265,0.9007138203882238,16,0.2380494288559516,0.20680486792245326,rho_moderate,1.0
266,0.5330424811785384,0.22424224189245046,0.12213662933287181,0.8398898105977717,16,0.6902421913196527,0.15770200795602668,rho_moderate,1.0
267,0.46481319398307275,0.19034204642979263,0.12490573015397699,0.7313834636505187,16,0.13724131447688948,0.08617211313392832,rho_moderate,1.0
268,0.39146782190701895,0.23000859412989075,0.0946470884810458,0.8406405794164196,16,0.18496755698090106,0.08881523995412918,rho_moderate,1.0
269,0.5140700195352192,0.24319402601304835,0.04922153792923485,0.8845809483796643,16,0.011171643657057806,0.1758852292169832,rho_moderate,1.0
270,0.5194216570647705,0.20788858360575527,0.09610593325171854,0.8718946821186083,16,0.826480075803284,0.15565768856511097,rho_moderate,1.0
271,0.38667057198530325,0.168887993652821,0.162471503609394,0.77077833162765,16,0.03761730072921454,0.05087507078980232,rho_moderate,1.0
272,0.5380575005351299,0.2263550391472686,0.17760269229549489,0.8468911691629334,16,0.6325730157274954,0.19592242051132555,rho_moderate,1.0
273,0.5093063839902735,0.2698332634175918,0.05853915960047564,0.9057260947827066,16,0.5823073282289144,0.1912920161089588,rho_moderate,1.0
274,0.4705724854594233,0.19283087274182806,0.17108949211047772,0.8103923698211999,16,0.5112402605537932,0.09975346350774746,rho_moderate,1.0
275,0.5251864536677,0.267056100006251,0.16933826137057936,0.9427898751596511,16,0.37515772483462484,0.22325969521811706,rho_moderate,1.0
276,0.4051206304555017,0.1668327488947144,0.0783494981905525,0.8218400682055587,16,0.29956256445540974,0.05524669870197285,rho_moderate,1.0
277,0.6411065957695107,0.1894374991474774,0.32028773811668904,0.9365006568595694,16,0.9569475247611086,0.27140189568292683,rho_moderate,1.0
278,0.5770751914940137,0.18880618930384457,0.2524132158453545,0.9790575940811641,16,0.7853582753981895,0.18787877610530343,rho_moderate,1.0
279,0.5671644978340692,0.25127882289633263,0.15906691083865887,0.8973394714308673,16,0.9227325986658982,0.2404023075583321,rho_moderate,1.0
280,0.6251693504871582,0.22876327291735035,0.14108968232280458,0.9519937186641629,16,0.7338979527594727,0.27121008933147867,rho_moderate,1.0
281,0.6923728540716484,0.18015469807357118,0.33901579241379615,0.9738624954507865,16,0.8290089211880176,0.3316297024937304,rho_moderate,1.0
282,0.581875261017635,0.27558765487185083,0.09175713512294346,0.9594668296512289,16,0.9641754218689419,0.2758354439527883,rho_moderate,1.0
283,0.551296875632789,0.21941052358232838,0.2946581144914863,0.9664703852113936,16,0.4536445566132734,0.1926838009907429,rho_moderate,1.0
284,0.589605159250799,0.2250045290265077,0.20705120938685034,0.9400486457048377,16,0.9068962734212147,0.24285293241487865,rho_moderate,1.0
285,0.4365524235170819,0.24630657508841286,0.0795541630310013,0.8995058338353338,16,0.04307416268999342,0.1159769881007629,rho_moderate,1.0
286,0.5525102505688171,0.2299630157460517,0.16423993963164876,0.8441601524144468,16,0.10787213524592076,0.19952035896919568,rho_moderate,1.0
287,0.4736829339628216,0.258362722913854,0.02640551169536081,0.9187081310045496,16,0.49037433514535433,0.14933414226081385,rho_moderate,1.0
288,0.4827639184251216,0.22941244800437782,0.2484167559065043,0.9760608213072217,16,0.4539732505280023,0.14458846087079166,rho_moderate,1.0
289,0.4435945526551407,0.17826782955494655,0.1549352672397889,0.7438446086654343,16,0.4382130800392191,0.07333703465787555,rho_moderate,1.0
290,0.4544295374641583,0.2395984962794353,0.06019247291261088,0.8907606722185296,16,0.5371916517753879,0.1159729463159432,rho_moderate,1.0
291,0.4183056378360291,0.17220181395882134,0.12027525519205343,0.7705832991690472,16,0.5383727928389844,0.05963380665608697,rho_moderate,1.0
292,0.4421673796783801,0.22491148948634251,0.02991273000184691,0.7969825136557269,16,0.8705647383026276,0.09358408422387299,rho_moderate,1.0
293,0.5569689373922704,0.21971455695625025,0.2540562416708335,0.9302930046814016,16,0.34591281267867235,0.20423396999455032,rho_moderate,1.0
294,0.41882646799862777,0.17390576039372804,0.0748351683004641,0.7868854606813536,16,0.3162409556935577,0.0588732818145291,rho_moderate,1.0
295,0.5976022907826762,0.20441167072729174,0.18644376309351957,0.9197660364238585,16,0.7018952392952498,0.21891584990868077,rho_moderate,1.0
296,0.4868218856836569,0.1833787054832787,0.18606196839258266,0.8721006420738013,16,0.648476937660066,0.10849327721396132,rho_moderate,1.0
297,0.44055084338006556,0.22915204442707032,0.12748270386212615,0.8612213587242205,16,0.829846984023332,0.12485121114905794,rho_moderate,1.0
298,0.3978010590247084,0.2215018679269306,0.12942383352707357,0.9292648108095224,16,0.30927812694474066,0.08939816060725421,rho_moderate,1.0
299,0.45899736726655455,0.21775349229979377,0.05698593557212347,0.8265722639961216,16,0.006394216253686746,0.10764876259317971,rho_moderate,1.0
300,0.5889265137390516,0.28008988468299917,0.036580797969461426,0.9825476344114833,16,0.9440636840859176,0.283221380770596,rho_moderate,1.0
301,0.3780188193392028,0.20552484022473222,0.0767005049262174,0.8587535662752506,16,0.04422539373850798,0.07960574731751849,rho_moderate,1.0
302,0.5071790778101685,0.2383072476240002,0.11576315775448634,0.8309964570445424,16,0.6800129433604662,0.16323426416534115,rho_moderate,1.0
303,0.44071658275362785,0.2459986479913347,0.038927154541127405,0.8944628335846727,16,0.3218319917857779,0.12588710668834624,rho_moderate,1.0
304,0.42339270155496544,0.2637629094771277,0.05354689782630131,0.8079113526551363,16,0.4235330553909131,0.1230076730683634,rho_moderate,1.0
305,0.5565071315558251,0.23744357387036813,0.11175269906341977,0.9870725877100675,16,0.8380327774092649,0.21092016178378392,rho_moderate,1.0
306,0.39755827652254916,0.16989197305669593,0.20493409465960816,0.8654946244009767,16,0.4195794877385256,0.06314457845966226,rho_moderate,1.0
307,0.5290578007875679,0.2124038251442775,0.11745504770899604,0.8567946768967101,16,0.14437152810335563,0.157787002330077,rho_moderate,1.0
308,0.5747349704132543,0.23574051283835706,0.08072131051126116,0.9590368205838424,16,0.7544350849353898,0.22349168501045677,rho_moderate,1.0
309,0.4480513174289731,0.21341063555593026,0.1364602081003112,0.9126720320913592,16,0.020211517060039652,0.1032697732697728,rho_moderate,1.0
310,0.4234072470338129,0.2498076832909848,0.012621599208395446,0.8644804787275877,16,0.27473298843389526,0.1008282649973617,rho_moderate,1.0
311,0.533778792239857,0.17825589140065487,0.23549129963707363,0.827149748348458,16,0.5380736118916079,0.13609244679276486,rho_moderate,1.0
312,0.5898576357716012,0.2004566495304458,0.10929675517587663,0.9594136735978744,16,0.4377636955146402,0.1966226353024465,rho_moderate,1.0
313,0.5368765716911807,0.18659779459499656,0.18925532657105437,0.8257298630227792,16,0.6202283390131521,0.14952120633551377,rho_moderate,1.0
314,0.48074227411613224,0.15895362635426583,0.26405714817399656,0.7334853396286859,16,0.3813476927138095,0.08698065214136116,rho_moderate,1.0
315,0.5065820381980034,0.21932371816486282,0.1152933735612499,0.9240083782779559,16,0.3905847122961462,0.1544167410813293,rho_moderate,1.0
316,0.4278417545099924,0.225667689204203,0.10584886785804012,0.9614892291241085,16,0.34865726010413156,0.09643180133676336,rho_moderate,1.0
317,0.4649301658762521,0.19389441054334458,0.18212472300754304,0.9082281614290438,16,0.8872704689328854,0.1006453004267817,rho_moderate,1.0
318,0.42133803121660374,0.1873344904447643,0.04816997456063293,0.7081835456241667,16,0.017296511094167966,0.0597619321248606,rho_moderate,1.0
319,0.5697659717502229,0.1889220193819233,0.24820303982210107,0.8967841497205212,16,0.9396419673418005,0.18170752585992514,rho_moderate,1.0
320,0.422635799043427,0.19851097362432987,0.14906833073104467,0.7424003036533048,16,0.35822167520172743,0.06865592203596906,rho_moderate,1.0
321,0.6534371890969628,0.22596837003484094,0.1120780669030477,0.9314525888328524,16,0.36488275569030726,0.3123213322223726,rho_moderate,1.0
322,0.4906615769689433,0.2350544975857544,0.08331970887534564,0.9049413198286851,16,0.725892848049817,0.14003468911763836,rho_moderate,1.0
323,0.55545342442948,0.18325409482501265,0.2254335405101195,0.9429953093246952,16,0.38827673872586066,0.1610776583882092,rho_moderate,1.0
324,0.478536298968802,0.21888085116979525,0.11664231310782082,0.8434559811824079,16,0.6166448221012272,0.12710509165539158,rho_moderate,1.0
325,0.5141677601834944,0.19758758481148167,0.19895487218880611,0.8485849979269156,16,0.9036306790861411,0.13772020708093438,rho_moderate,1.0
326,0.49914321552988355,0.20521360731574761,0.14757947911206387,0.812588693529002,16,0.8461980475259694,0.1260499496218831,rho_moderate,1.0
327,0.5423476866400946,0.23845085124328647,0.03103067308627657,0.8858497306039471,16,0.515366677609178,0.18567979617842137,rho_moderate,1.0
328,0.5937790113816886,0.16069090420149199,0.2455557815421696,0.8642724842296596,16,0.7166521279125396,0.1834285462424363,rho_moderate,1.0
329,0.45979896990935143,0.1749353598203327,0.1746672650302193,0.7906582021265138,16,0.3924347451053921,0.08454644935642745,rho_moderate,1.0
330,0.39962518869997676,0.21569543956259365,0.022336368034710955,0.7983040875335664,16,0.776044156830853,0.06850277142882057,rho_moderate,1.0
331,0.45959522133179365,0.2046547920409387,0.10192731415375661,0.8270410662269859,16,0.17018343674961434,0.10512762585495909,rho_moderate,1.0
332,0.47781472667185093,0.2022252137514048,0.09692363346542777,0.7518268889994018,16,0.04563178143557589,0.1020748442743656,rho_moderate,1.0
333,0.4371018816500108,0.2263680007479678,0.1500425593521526,0.8725700981125164,16,0.5407326759187577,0.12191728978247172,rho_moderate,1.0
334,0.4337133515551784,0.1928126936982132,0.1844932113017415,0.7864385255747693,16,0.21533868480646745,0.0878217226459069,rho_moderate,1.0
335,0.5737117015079238,0.17628825492398553,0.19673042491623402,0.8246457763512177,16,0.7287259428631626,0.16705713789422935,rho_moderate,1.0
336,0.3867249320227707,0.22050069827798938,0.037515428539321154,0.8135574615028923,16,0.10132350869529805,0.07060464506134856,rho_moderate,1.0
337,0.5101314559244265,0.24895639263177305,0.0893811716195884,0.9102023352654535,16,0.00849513816858416,0.1783556063591201,rho_moderate,1.0
338,0.496288200451724,0.2311726393426969,0.08834231914724626,0.9263514197037089,16,0.6757033497418591,0.157279975923849,rho_moderate,1.0
339,0.45373962847938526,0.22924302022421553,0.15696098577890572,0.9443579526191693,16,0.5007994379181666,0.12018096377517337,rho_moderate,1.0
340,0.5374275204027525,0.21542091622203685,0.1939050500731674,0.8992307853688366,16,0.9520154068301836,0.1680834460384574,rho_moderate,1.0
341,0.47436800628283227,0.23192346228260982,0.12430681265095797,0.8256548834151709,16,0.24748560786359575,0.1344232231479757,rho_moderate,1.0
342,0.4760387909402607,0.2470391421995288,0.05884658177515258,0.8119374016333243,16,0.12325611750061172,0.13633693708477604,rho_moderate,1.0
343,0.3472211288729465,0.1907567846134094,0.01480128510475752,0.5969784094803497,16,0.023106181818359217,0.031645190076681935,rho_moderate,1.0
344,0.47472376509463443,0.2048198548571731,0.08278274089783405,0.7924574147406955,16,0.44424734894538775,0.10514050226445759,rho_moderate,1.0
345,0.46296622153395245,0.26921196012184934,0.04436692656879741,0.9092847248355362,16,0.10081688539591105,0.16870497478548688,rho_moderate,1.0
346,0.4976582299124883,0.2231036146445124,0.09052603081296677,0.8101837664202232,16,0.775643438329605,0.14228625927564326,rho_moderate,1.0
347,0.4913156791741936,0.279017200624115,0.06798678726251589,0.9411232805674061,16,0.07198579438560071,0.18141863907870695,rho_moderate,1.0
348,0.49101963386658243,0.21874510514613058,0.22904437239673878,0.9296945825170633,16,0.9207548104503314,0.14416454299994044,rho_moderate,1.0
349,0.541798555557862,0.20064259895526318,0.30161475928009857,0.9207590273178653,16,0.5408539232420617,0.17591640432809622,rho_moderate,1.0
0,0.22854726038651377,0.0978787661551325,0.07400820236144509,0.40161803855695166,16,0.07314921470201208,0.004912892645708969,rho_high,8.0
1,0.4163296102841443,0.21103157192209862,0.04873440131431452,0.9058835062731716,16,0.37879855298551024,0.08236678164957084,rho_high,8.0
2,0.7130300000878134,0.15107722950466015,0.40767109025116316,0.9744374795166356,16,0.9261985439813103,0.344916990877203,rho_high,8.0
3,0.5849439517260313,0.15794247704676384,0.3611149262307266,0.8904255240811771,16,0.7230237104792231,0.17655626569194974,rho_high,8.0
4,0.6601796485568621,0.16466147860641095,0.28193783444873455,0.8981649223717015,16,0.7605585801759555,0.2753692693783798,rho_high,8.0
5,0.38949488244689917,0.2091938806570859,0.003988706884776067,0.754920194467433,16,0.2342906764552779,0.06689790498095638,rho_high,8.0
6,0.7053912043512018,0.17995613087794654,0.3720141849434003,0.9696250196268384,16,0.73452961108271,0.35834429682339325,rho_high,8.0
7,0.47485312243051864,0.1667852018686843,0.17913761307804119,0.7495353719290312,16,0.40631912639094736,0.0858490535707773,rho_high,8.0
8,0.3596699566095311,0.18005108797014024,0.14911185461307638,0.6948418145645816,16,0.059390610473203265,0.04324264649627191,rho_high,8.0
9,0.535503579004498,0.1958304462973815,0.17842637772512188,0.9279632196964752,16,0.3948135675183053,0.14522496931641588,rho_high,8.0
10,0.3092275431609642,0.09493044755283891,0.1405053734195307,0.5003586913501329,16,0.13125378743236893,0.010857969263846263,rho_high,8.0
11,0.721749402793025,0.13113452369778433,0.3605682301129268,0.9187081310045496,16,0.8536994629314485,0.3554032211060385,rho_high,8.0
12,0.6823302613064107,0.1738418180484858,0.33865968810377184,0.9411932522814013,16,0.8402940644749076,0.3199995139035563,rho_high,8.0
13,0.37129309566598034,0.14534801525167143,0.12301334445472535,0.6237937090799252,16,0.28746892829992543,0.030909988104606642,rho_high,8.0
14,0.5616544462059364,0.17011915524008617,0.3066901685917334,0.9073470429454275,16,0.6119223027755851,0.1600342262078271,rho_high,8.0
15,0.40915700709708575,0.14149298917209868,0.19772992812202334,0.7428717017650602,16,0.3637597183572606,0.046097034118391805,rho_high,8.0
16,0.2436139535134701,0.15806994175248895,0.021831645496400848,0.5466006309164575,16,0.15422617434361496,0.010843272317915266,rho_high,8.0
17,0.5604625440683221,0.14929073850766283,0.39422444414128843,0.8798992710688937,16,0.6494073114086196,0.1458629022409785,rho_high,8.0
18,0.6012124132557642,0.15749663806880781,0.35113098119587266,0.8771160005612766,16,0.7601066433109224,0.19776263524283472,rho_high,8.0
19,0.6471757616014463,0.1618991583391935,0.39857507803504594,0.931281272580282,16,0.7747227410657531,0.2573705635511432,rho_high,8.0
20,0.33292702106943556,0.16275405941198107,0.07600119297234448,0.6724619149468936,16,0.14922058589316578,0.026981634100479608,rho_high,8.0
21,0.470341396868732,0.14456681879664973,0.22407505845666312,0.7291795344302986,16,0.5125785184951382,0.06918575943715544,rho_high,8.0
22,0.39112187243087565,0.22894986221338093,0.027430953940913553,0.8241199663716849,16,0.023899357199450355,0.08473070102570009,rho_high,8.0
23,0.2833576781116646,0.1644106982126848,0.0352685414933491,0.5664573347154724,16,0.09016949762849769,0.014543528543869247,rho_high,8.0
24,0.30430766464939624,0.11876270836606305,0.12299158454088535,0.5486949183776025,16,0.0810511530853878,0.012939417788899756,rho_high,8.0
25,0.2689590939915708,0.15461327475250602,0.05853915960047564,0.634157257066893,16,0.05719079355050116,0.016526970507143898,rho_high,8.0
26,0.35834942035334527,0.2057630316126485,0.10090334227220306,0.825977516338561,16,0.3337693490578346,0.06097220994624639,rho_high,8.0
27,0.38894117672348344,0.16793948178154458,0.15959336791952614,0.6579119672702581,16,0.35767960085317085,0.04319239487266696,rho_high,8.0
28,0.6253243072182243,0.159449824068228,0.36865419685894657,0.8854049352853756,16,0.6978703420702284,0.2268835840960726,rho_high,8.0
29,0.4550313556832915,0.16138114247893387,0.14968313198265235,0.7490461151621308,16,0.32987972136375243,0.06658059907415939,rho_high,8.0
30,0.3245278138584579,0.1723480351514333,0.10812422883655738,0.7936799758980527,16,0.14039580417774822,0.04274862181535768,rho_high,8.0
31,0.7117103724531241,0.1074330405174353,0.4331449465878885,0.8715955212846233,16,0.9468756309901694,0.32244664408409585,rho_high,8.0
32,0.6485698819893527,0.2018412472621493,0.28818506576331554,0.8883556567133207,16,0.875476403985699,0.2953244574150765,rho_high,8.0
33,0.3344728371281105,0.11594821262690082,0.0459806497191438,0.5345411311346134,16,0.12422575540377634,0.015246103354217692,rho_high,8.0
34,0.3643542870747897,0.17859667380830863,0.04952904926988473,0.7486076273894637,16,0.3627786999691487,0.0420635504445958,rho_high,8.0
35,0.33126223341258476,0.10918417715534327,0.11995291916025792,0.5253515413855528,16,0.1680846509849716,0.014027011053494381,rho_high,8.0
36,0.730935708379774,0.15843268323715726,0.44944024960647255,0.9292648108095224,16,0.9591114274329677,0.3944207934767877,rho_high,8.0
37,0.42375131053350135,0.16341454676754477,0.1508551716032288,0.6430901206849661,16,0.35597759210456126,0.05078148263134353,rho_high,8.0
38,0.3135910174588926,0.1628446733604899,0.10455844489608795,0.5691939340290352,16,0.09811742691793435,0.02046271302559693,rho_high,8.0
39,0.5970931427058759,0.12067618221841978,0.3809588158126976,0.8392294463718613,16,0.7268439883298804,0.15953118186595203,rho_high,8.0
40,0.5546711600533103,0.15877391144403477,0.29152715948017244,0.7831421331911926,16,0.7117175161853958,0.14827830235579847,rho_high,8.0
41,0.3614211818552931,0.16169862562137602,0.09647276888852405,0.7327876479141359,16,0.24103445572369164,0.03737467426211326,rho_high,8.0
42,0.4042499597999885,0.17431525508876541,0.09094065764428773,0.7300067016003627,16,0.3214618509201238,0.05159301073497372,rho_high,8.0
43,0.47624499958919103,0.17152144109652448,0.22522711048184968,0.7744450196421088,16,0.41501889749172627,0.09528517629048992,rho_high,8.0
44,0.30412713653632334,0.12909949748917174,0.17586897527620834,0.6985628690316795,16,0.26770000177164766,0.02261018063878185,rho_high,8.0
45,0.32211392441032977,0.1665520378168969,0.08464156371571979,0.6506920389727702,16,0.2888877081762501,0.026572942680214047,rho_high,8.0
46,0.6850746931613727,0.16693020914132478,0.3476382412566768,0.9565029190755708,16,0.8015903920186569,0.31175121952023094,rho_high,8.0
47,0.6578625750094147,0.17146852610985316,0.34854726743399295,0.9738624954507865,16,0.7518506052266137,0.26923668414735263,rho_high,8.0
48,0.6583137589439614,0.13226324550407903,0.4027201757173436,0.9417613676462039,16,0.6926292119704864,0.24273689137693732,rho_high,8.0
49,0.5678687239379732,0.18695269356298225,0.1975046483203666,0.8764280262368688,16,0.6867735568448488,0.1751062768464264,rho_high,8.0
50,0.4493432178504727,0.21374299057226975,0.1375169724714392,0.8650783930998406,16,0.5218819306638737,0.10903260137628713,rho_high,8.0
51,0.4111500008747696,0.19443913887332348,0.025019357798647,0.7916029185595556,16,0.350921277961059,0.0651742282943085,rho_high,8.0
52,0.6102013041845289,0.11349417426749764,0.35373022043961366,0.8019470364141638,16,0.7205449454774036,0.16952673630185192,rho_high,8.0
53,0.32707951466468077,0.12861328243725373,0.0679375656417303,0.5876677647056102,16,0.11636773753496898,0.016771716358908405,rho_high,8.0
54,0.3463974523775734,0.1558652544152699,0.05718856724076916,0.5745776042931156,16,0.14107050520669207,0.02327586051494686,rho_high,8.0
55,0.30226067392397843,0.10169250206139291,0.11576315775448634,0.523578974047483,16,0.12626520794575957,0.010624387327698664,rho_high,8.0
56,0.6456014471919792,0.18195989378641447,0.3202410483903626,0.9270661257057028,16,0.7327180517503236,0.27525639844765626,rho_high,8.0
57,0.5253796715215815,0.14274639562586217,0.2772045322000409,0.8091615981569247,16,0.5915408843637119,0.10559557762072679,rho_high,8.0
58,0.46556704242924585,0.1369387314128235,0.19362106341418822,0.7410226343451044,16,0.45016037936884756,0.06212864161453776,rho_high,8.0
59,0.43769510568011993,0.14156562664487704,0.23125998418903415,0.7019608259731683,16,0.47623134142880175,0.05189933396173355,rho_high,8.0
60,0.7027427372419096,0.16212251806985759,0.37174031241883265,0.8800879868063337,16,0.8275593271711471,0.3512462632864308,rho_high,8.0
61,0.2546835571863491,0.19509371980091927,0.03103067308627657,0.7095301791171292,16,0.1216797789663413,0.028988625597819742,rho_high,8.0
62,0.4468752444920059,0.14194660831837516,0.2355254260756802,0.7603294324821432,16,0.38324428034558056,0.05855106191138327,rho_high,8.0
63,0.6782963586023133,0.2134296303284439,0.270094183177562,0.9314180230724877,16,0.7601662055006726,0.3518335010414417,rho_high,8.0
64,0.5323882244030567,0.17989271486576516,0.13413603024670195,0.8469488517064008,16,0.6578393705710703,0.13712865933407103,rho_high,8.0
65,0.4136133030267144,0.1313464956570621,0.22730694568399762,0.669450532879556,16,0.4351467214778807,0.042308419960947474,rho_high,8.0
66,0.3605846114485353,0.1755853595365999,0.07731642536612754,0.6585761021715442,16,0.22434120963101267,0.03748088106648731,rho_high,8.0
67,0.7538353165744873,0.11755345561597987,0.5192774386579052,0.9586451856451979,16,0.9464412133049587,0.402957491174007,rho_high,8.0
68,0.4087937502722813,0.13260007213357142,0.20705120938685034,0.6238705940427928,16,0.4079193628565091,0.03723846665457772,rho_high,8.0
69,0.7046871767700992,0.15148625681055128,0.3970935209072314,0.9476207563198334,16,0.8778350039035832,0.33747827559102933,rho_high,8.0
70,0.6476068511738886,0.16600581563404812,0.41566562823736597,0.8767090473263371,16,0.7778304800332757,0.2697794641421779,rho_high,8.0
71,0.7313214037102279,0.15272337954765478,0.5089153249378602,0.976626898772575,16,0.8615300330102996,0.3796890551690226,rho_high,8.0
72,0.36622713475846536,0.16258283915022434,0.16066481464218296,0.7309855490917149,16,0.016921994238677573,0.046582801236252275,rho_high,8.0
73,0.4743424071361246,0.12739783002390473,0.22746304171542317,0.6747423991630714,16,0.47739142797999323,0.06000099649638489,rho_high,8.0
74,0.35226590934340857,0.20642676085820155,0.04571675971269008,0.7127861921644973,16,0.25943382681763894,0.047366002717296955,rho_high,8.0
75,0.33793760661039396,0.1319405435336828,0.1363495226400026,0.5404405149990237,16,0.27402135522523396,0.0183469370753828,rho_high,8.0
76,0.3540574538651433,0.20442570651389602,0.012621599208395446,0.6920656528572285,16,0.2698403223244006,0.048402181026308964,rho_high,8.0
77,0.4053905054525582,0.14512387720049458,0.2255483974732614,0.6486668556742421,16,0.38931367184596566,0.04228344222247784,rho_high,8.0
78,0.4059801875480633,0.19700466687693424,0.08420332944969539,0.7717714021397625,16,0.41070461615316833,0.06606733858168937,rho_high,8.0
79,0.5696407569854716,0.1936047269174382,0.19344025524021097,0.8858497306039471,16,0.6340402481482471,0.18743279833134477,rho_high,8.0
80,0.39207522283683194,0.21450336312631754,0.05523494428857771,0.7724947445057372,16,0.3003645523480759,0.06393283326173124,rho_high,8.0
81,0.37944952396209647,0.1825739746403551,0.10901977367262906,0.6540650191787777,16,0.2727771461258405,0.04273402236280555,rho_high,8.0
82,0.3580684314534351,0.18408052142492434,0.02991273000184691,0.7002813431389254,16,0.36060820265249927,0.03875620681386586,rho_high,8.0
83,0.6620298540413911,0.1565472922329568,0.3763961507865268,0.9598169641259775,16,0.6865144929354994,0.268960432926282,rho_high,8.0
84,0.23388697477364648,0.16328609390922147,0.01480128510475752,0.6765301075603501,16,0.0001711756244947571,0.01741145206372811,rho_high,8.0
85,0.6078037145833611,0.18235265270329837,0.3825832932215291,0.9519937186641629,16,0.7469279572267308,0.22431530346724182,rho_high,8.0
86,0.4401585346562678,0.15960317422182646,0.15437931263900445,0.6952001256987093,16,0.3389687519924398,0.057837153240013636,rho_high,8.0
87,0.562302339810065,0.16336988115948844,0.20998442785802346,0.8420454958116488,16,0.5762397732508459,0.15276882065382955,rho_high,8.0
88,0.5840305216604108,0.14394893659699923,0.35456022720833397,0.869595146510316,16,0.7615222922385597,0.16433763854653965,rho_high,8.0
89,0.5676362913596744,0.21185752898830126,0.20716867983319026,0.9870725877100675,16,0.5108351676332793,0.19700182516286002,rho_high,8.0
90,0.5029973515861372,0.1921911168104703,0.18822664816219234,0.9035662755834202,16,0.647151248530974,0.12500320391646508,rho_high,8.0
91,0.7178058725871475,0.19098705420847997,0.31875634095120436,0.9566706584160742,16,0.9199407301330876,0.39283675746428,rho_high,8.0
92,0.23160140137824992,0.14393354215252466,0.06249012364757512,0.5325873116073545,16,0.029866272394770244,0.009534295356870148,rho_high,8.0
93,0.41600171553752024,0.16228570376347515,0.17530722722766282,0.7557735596116184,16,0.34952883617399033,0.0569396641758304,rho_high,8.0
94,0.7537921685819302,0.15493663012951409,0.3745075638180592,0.9452164792672467,16,0.9268541592993467,0.4285956994760517,rho_high,8.0
95,0.6844567244379389,0.1773742878066903,0.3178165528595809,0.9355051961492689,16,0.8374298297042314,0.32895466502555204,rho_high,8.0
96,0.5776422002276966,0.20379981131309682,0.18666377474518403,0.9314525888328524,16,0.6168279813515756,0.204123434517496,rho_high,8.0
97,0.37076557899202,0.17359632648599546,0.10934370341526675,0.7045953672868162,16,0.22930295139803325,0.03910315548269081,rho_high,8.0
98,0.38566956616707937,0.1852224296257701,0.036580797969461426,0.7210800470601272,16,0.33053303792794875,0.04644281543944953,rho_high,8.0
99,0.6434127578239816,0.1572393205056106,0.4271854528961577,0.9825476344114833,16,0.8579563762666257,0.2422428270692831,rho_high,8.0
100,0.6658934328704766,0.16300356919726472,0.3497591650576907,0.9342731904206063,16,0.698271457281969,0.287712353070978,rho_high,8.0
101,0.4054317652059432,0.17825207464714296,0.15473293117005535,0.8407486352301973,16,0.2856502296610026,0.06551587995698373,rho_high,8.0
102,0.3640408154127031,0.1539451449973105,0.1398100506640602,0.6083095691594336,16,0.13224550180524286,0.028637786066381395,rho_high,8.0
103,0.7245520413632497,0.15668671513223717,0.4261839319061946,0.9326264105612468,16,0.7807703341042288,0.3813167339265691,rho_high,8.0
104,0.6358078493828604,0.1876428884760064,0.29893969139333365,0.8738415870353368,16,0.5762246797205511,0.2648006422399613,rho_high,8.0
105,0.7310701199196806,0.12107427992960337,0.5545047802274355,0.9590368205838424,16,0.963438189908024,0.362583367079881,rho_high,8.0
106,0.4271029716655295,0.16910620146411728,0.11826469059254925,0.7552104797838239,16,0.4064911771303944,0.060416432649494194,rho_high,8.0
107,0.4068110310112484,0.16363290593190002,0.1479343130641416,0.6893701419378129,16,0.349026963756198,0.0480936426256243,rho_high,8.0
108,0.37182061985658393,0.17740246608635643,0.11100895685311842,0.8532771702101051,16,0.2907561429598794,0.055376896601719676,rho_high,8.0
109,0.5919401952425337,0.184285245129516,0.35179405839132066,0.9232133990424983,16,0.4818801371926721,0.20549450913460757,rho_high,8.0
110,0.39593842452999595,0.15756172886154124,0.1385501975125814,0.7968731210490533,16,0.32272964247161806,0.05038132416201999,rho_high,8.0
111,0.28865758782645007,0.1766221267678516,0.10192731415375661,0.7081348935073407,16,0.07319059978704145,0.02936426336144426,rho_high,8.0
112,0.4132324304470054,0.24116071084547544,0.1086694408356726,0.9020848457104685,16,0.3121290578928153,0.10678511895809431,rho_high,8.0
113,0.38992411829494844,0.21113067762951884,0.09424228227302,0.7359122063121699,16,0.2188859333030625,0.07212155825194497,rho_high,8.0
114,0.7173487187945433,0.1744045574071711,0.45266605792427467,0.9941340690499976,16,0.8153849962785588,0.37239001479882283,rho_high,8.0
115,0.33522744119783404,0.1796348626225988,0.09610593325171854,0.7371571271348843,16,0.23559253312526796,0.042952712377910596,rho_high,8.0
116,0.43034306681218726,0.15555622965529622,0.1774723250568234,0.666849920378606,16,0.45887157101893683,0.050420970506315624,rho_high,8.0
117,0.5804714154886306,0.17520107914504296,0.3721056057734614,0.8947043840110926,16,0.6727382423624793,0.19173391488159686,rho_high,8.0
118,0.3486801506543312,0.19198706242713648,0.07226634078691119,0.6865356664924251,16,0.14922687273244606,0.04120249029748092,rho_high,8.0
119,0.5223396806398353,0.18695098311432312,0.21973310963321527,0.8342925964395708,16,0.531282484435957,0.13600684276461178,rho_high,8.0
120,0.7017065210247511,0.15048690004851425,0.42236133117642227,0.9202459404414879,16,0.8471869516385989,0.33799314146726994,rho_high,8.0
121,0.5746820411202624,0.21497530942756404,0.10213102712821913,0.8604151721826352,16,0.5840807517660912,0.20279313572978097,rho_high,8.0
122,0.5222098967746649,0.14111937301115152,0.3125189989224304,0.7334853396286859,16,0.4823864389691985,0.10517506570707663,rho_high,8.0
123,0.6988002079693859,0.14642337117886312,0.4080927692016485,0.8786610018409856,16,0.8388788947055122,0.32967118133431605,rho_high,8.0
124,0.7093090736621853,0.19530409042567776,0.22926287778394216,0.9658234970681596,16,0.9472519273788725,0.3708529240767602,rho_high,8.0
125,0.7675553988202313,0.13745706449796546,0.427311066679566,0.9378706490293509,16,0.8209853994034504,0.45479565584665493,rho_high,8.0
126,0.421320822684922,0.1506192216220904,0.23436964407018632,0.8253509855737702,16,0.40840944860075457,0.06154832966127968,rho_high,8.0
127,0.6650358138178043,0.1798526890881364,0.3043246585788043,0.9732726872063745,16,0.6116930886692934,0.2940351422289489,rho_high,8.0
128,0.5992629268808625,0.18420293508076233,0.2540562416708335,0.8934775906998841,16,0.5266416950300847,0.2123443175885084,rho_high,8.0
129,0.46716354359041656,0.2111060791493727,0.16000763725035877,0.9306400379900313,16,0.30330862268411773,0.1170991194610728,rho_high,8.0
130,0.5025112355766419,0.19107621535768007,0.05884658177515258,0.8302130659132861,16,0.4353201289591915,0.11788949845358028,rho_high,8.0
131,0.684122174918743,0.1508296539535982,0.4219003881341322,0.9290726039072319,16,0.8292667794441382,0.2999283540300274,rho_high,8.0
132,0.33893848607271,0.18849165370320622,0.07813792216484061,0.7080979103356375,16,0.30047984286702967,0.038401978368194666,rho_high,8.0
133,0.6894092755180273,0.13543644633107077,0.38407819310739705,0.8530762777119206,16,0.8895570571156132,0.30422670004807373,rho_high,8.0
134,0.6563503810437331,0.13667312441364168,0.444882838603439,0.8708205408799516,16,0.9914293192081454,0.25478174448206864,rho_high,8.0
135,0.37484236569426443,0.2019202312358746,0.022336368034710955,0.6427026941610567,16,0.3067672957354898,0.04402255349886895,rho_high,8.0
136,0.31606975541285887,0.14998210960045685,0.017649235384665878,0.5773884234846968,16,0.12273805462617138,0.016619759075359584,rho_high,8.0
137,0.7235089730365772,0.16576040999906366,0.3407881367897585,0.9680896832752763,16,0.9571743488553465,0.3844079782785734,rho_high,8.0
138,0.34028993368188815,0.1455076887641437,0.0937531856916565,0.629905745421253,16,0.17106515967605973,0.022896773126853693,rho_high,8.0
139,0.6797788175269501,0.2148063756079159,0.24592075367096466,0.9395582128996094,16,0.7714638089361773,0.35276483474094644,rho_high,8.0
140,0.2579303893050953,0.1116772234681339,0.1120780669030477,0.4877344200209055,16,0.039113478648201805,0.007625254040284301,rho_high,8.0
141,0.38237683279216167,0.22191728833390129,0.13507083260692948,0.8093970752951994,16,0.23556509847015417,0.08511187546726258,rho_high,8.0
142,0.461494017196123,0.1953649614907833,0.07510503587737481,0.7770494476877771,16,0.2601553110299646,0.09018197750519365,rho_high,8.0
143,0.358235718490995,0.1352927557856259,0.07927057475053982,0.5833707246865641,16,0.29723503205329516,0.023056320372814774,rho_high,8.0
144,0.7082387228516782,0.14205114179944617,0.4098237652471532,0.9594668296512289,16,0.9193037603731687,0.33286182764202565,rho_high,8.0
145,0.3062993137366451,0.17596880095402181,0.06503830764374231,0.6073972167958609,16,0.17530970920991185,0.02312752163228212,rho_high,8.0
146,0.3170396176888104,0.23632705790221845,0.0640523432989134,0.8652331603237157,16,0.17363896408860913,0.07126890404257676,rho_high,8.0
147,0.5658643498429785,0.15919226339500944,0.30668025690953393,0.8939550971206525,16,0.6916749367101237,0.15748797205995269,rho_high,8.0
148,0.6867683973683031,0.16171694914691662,0.3617969233823651,0.9479079503917609,16,0.9523171069997972,0.3116776959568632,rho_high,8.0
149,0.42936794791181715,0.18665884017022993,0.11175269906341977,0.7029976217901681,16,0.3892843584315542,0.06608846386289179,rho_high,8.0
150,0.6719005434584956,0.2005299329174061,0.3028290385504721,0.9773328784482527,16,0.7731286561517726,0.32284466135301865,rho_high,8.0
151,0.37446607263140735,0.1577269566692563,0.07615105184865995,0.6573212878814191,16,0.031035892505590468,0.03354133680263253,rho_high,8.0
152,0.7605754997376635,0.15357127654850034,0.505738481113799,0.9790575940811641,16,0.8240637188070686,0.435838907183641,rho_high,8.0
153,0.6422357627075517,0.1508484045268151,0.35504358496502203,0.9443579526191693,16,0.7233969011224191,0.23682103714100497,rho_high,8.0
154,0.7069083812192305,0.11813035689670387,0.5403720363109079,0.8858630550081676,16,0.8966156518554624,0.3167832212806684,rho_high,8.0
155,0.6324102332142628,0.17444881923047595,0.3024632318973843,0.8821375924637588,16,0.6374542835383026,0.2503786201091576,rho_high,8.0
156,0.7475373128365205,0.11817342535261528,0.5739089580816567,0.9149241395077387,16,0.9413366441604656,0.39361571348475066,rho_high,8.0
157,0.4380050475451005,0.13112157167470248,0.23333055893491814,0.7084671834670551,16,0.3898574094947437,0.05275969022767807,rho_high,8.0
158,0.6386022233886472,0.1667053720020292,0.35470654368083976,0.9465534652839491,16,0.7325314447207496,0.24417333441502193,rho_high,8.0
159,0.677245492695877,0.13567801161966941,0.47412537667239923,0.8612213587242205,16,0.7255642082109406,0.287128069318169,rho_high,8.0
160,0.38019972324120743,0.1491374345185036,0.19748023052142558,0.6676028324570729,16,0.26860786068493503,0.03964002558133494,rho_high,8.0
161,0.6188363242925096,0.1292063896050112,0.33577709679243634,0.7956447048551606,16,0.9205795390951387,0.19056959387294062,rho_high,8.0
162,0.7407409443472729,0.12343237429913806,0.5338484342208252,0.9799285130594729,16,0.7791767912046089,0.37916065060487736,rho_high,8.0
163,0.7565160985080016,0.19177802648545678,0.35693141460698585,0.9664703852113936,16,0.8663517835245634,0.46257022257424857,rho_high,8.0
164,0.2948989078305412,0.1743929462446485,0.091486580991411,0.6394977098576433,16,0.36259100079846707,0.02248787325983913,rho_high,8.0
165,0.6806440788783177,0.16369657006133018,0.4415616781000343,0.9360562086419896,16,0.8412547834955745,0.3063831535188562,rho_high,8.0
166,0.4299019732828672,0.20696870854004185,0.162471503609394,0.789995253886308,16,0.31497646062973417,0.09425924894358259,rho_high,8.0
167,0.7150633567214616,0.10054371159770711,0.5246721513353699,0.8815510462635304,16,0.9644010500004486,0.3236320703704629,rho_high,8.0
168,0.30266807830418213,0.21120553136945136,0.06019247291261088,0.811634200033206,16,0.02394713636581347,0.05512355118587416,rho_high,8.0
169,0.6311153103364839,0.17194159149426708,0.25447260007521916,0.8791900583336847,16,0.6191875473523993,0.23877666930377198,rho_high,8.0
170,0.323438322018725,0.1408454753064729,0.11146754070874622,0.6260070987095434,16,0.11223951134664445,0.02122141530820337,rho_high,8.0
171,0.6681567498725179,0.1671554924017058,0.31167444078005024,0.9207590273178653,16,0.7187331733278222,0.2863766685969998,rho_high,8.0
172,0.4364422100377336,0.1273476294944431,0.1262694151359281,0.6836895175721075,16,0.36368830367403804,0.044642895155405225,rho_high,8.0
173,0.675486793251871,0.13153153538520285,0.43414646685674163,0.9275631722012064,16,0.8706405934280971,0.26871664890714586,rho_high,8.0
174,0.7169761793851969,0.13782734696569013,0.289884934930199,0.8418081598036476,16,0.8727025109053593,0.3540583260237054,rho_high,8.0
175,0.4070700396507004,0.19585208535901974,0.10584886785804012,0.7176062421252826,16,0.3680898735038748,0.05896043018208558,rho_high,8.0
176,0.6834687025181305,0.1746039680150093,0.308384500034912,0.8763183187324165,16,0.8099817769615278,0.3273920959265071,rho_high,8.0
177,0.6412116923825361,0.15207585915007224,0.4042127249695021,0.9432662735540809,16,0.6811368771594715,0.23365998064089244,rho_high,8.0
178,0.4585948864604637,0.18442925693283949,0.16423993963164876,0.843818132281868,16,0.4265669286537124,0.09146729192734697,rho_high,8.0
179,0.433082672094546,0.211238377725385,0.09804379532563604,0.738980576765674,16,0.3432364439538024,0.08180529090041476,rho_high,8.0
180,0.2988834326022572,0.1377928137264616,0.1363841190473593,0.6325212038925971,16,0.2103049314692208,0.01941023168099971,rho_high,8.0
181,0.2636763767002072,0.1439419081327667,0.05698593557212347,0.5606282943273823,16,0.06320845285650911,0.011213869373345583,rho_high,8.0
182,0.4999013362191293,0.1783754708413139,0.0795541630310013,0.7639105045514192,16,0.5173593686025637,0.10348979687335584,rho_high,8.0
183,0.5978843010503704,0.19763807125540922,0.3359779451993458,0.9360627401144065,16,0.5400405370755103,0.2251692460214428,rho_high,8.0
184,0.40757399452097653,0.18738210495697605,0.08278274089783405,0.7814603985689486,16,0.4440186584603416,0.06023917051626049,rho_high,8.0
185,0.6867661690329392,0.16401405737024635,0.4142049464761935,0.9413023621955494,16,0.9505971797134382,0.3120143883920762,rho_high,8.0
186,0.211238659867814,0.10582008993336363,0.06003334426436107,0.44373096285008934,16,0.013690117263167267,0.004652519055061779,rho_high,8.0
187,0.6823697125047604,0.18304768014738715,0.3952175747711823,0.955265900351283,16,0.8503049599765884,0.3192563212186781,rho_high,8.0
188,0.6164201266980434,0.17195672983063762,0.3935865999449646,0.9636394581346615,16,0.8008214470330771,0.2160017849665371,rho_high,8.0
189,0.7082450477552904,0.1255258086806219,0.48372064485591326,0.8933134733119081,16,0.758752394254019,0.32761157257145423,rho_high,8.0
190,0.4495432732732703,0.1816044349190494,0.019783178448875054,0.7216469520336147,16,0.5249153123806438,0.07520667940366416,rho_high,8.0
191,0.24774284373126915,0.1374618084289568,0.030122122419501202,0.523207295196748,16,0.19035537820796056,0.009477567443361836,rho_high,8.0
192,0.6515021863898894,0.1518048594995831,0.3909468684842224,0.8906772942765563,16,0.8628793687734381,0.25774448495764296,rho_high,8.0
193,0.6163089189290104,0.15466192763907838,0.3051567907798756,0.9146176190187333,16,0.7445946545633017,0.204595172826622,rho_high,8.0
194,0.6831814417558909,0.15450018207913926,0.3660594149694899,0.9263514197037089,16,0.8328212143804856,0.30241591671254214,rho_high,8.0
195,0.3719751955671464,0.14333938650852546,0.09328997128219654,0.6364792198087679,16,0.23578757327313637,0.028776201786405924,rho_high,8.0
196,0.5468438525428818,0.16518223428367854,0.17895196089077625,0.7940089273482119,16,0.5543749931039361,0.13358130144554325,rho_high,8.0
197,0.45420711141369735,0.1459635331132496,0.2635040516636053,0.7962446775039745,16,0.41595923895505993,0.07513917772266043,rho_high,8.0
198,0.6071839232954119,0.14366441111171824,0.2929870806339116,0.8038588074751584,16,0.6396714352382278,0.18584043158081684,rho_high,8.0
199,0.665811714659096,0.21679905228040477,0.14108968232280458,0.9660921844690447,16,0.7526076935359698,0.32609454714672426,rho_high,8.0
200,0.27535608456625366,0.21397944345465125,0.046837563456402435,0.7578798950621274,16,0.17371536844498714,0.0389397101831059,rho_high,8.0
201,0.3789259606207242,0.20202339207427014,0.0767005049262174,0.752737996197246,16,0.1740382321149514,0.055291828093013244,rho_high,8.0
202,0.2699883678453307,0.12003120814655462,0.09146771686960771,0.5234764437930991,16,0.043606875938773215,0.009683046213419306,rho_high,8.0
203,0.3563551258713445,0.13776670364721125,0.08393830391773166,0.5705035835009975,16,0.15718503833113262,0.021697201221786415,rho_high,8.0
204,0.3756335445064834,0.16312653271261607,0.11900755586220639,0.7028177328041985,16,0.2401732296296688,0.04470771146713883,rho_high,8.0
205,0.3315543431688308,0.15012255139538622,0.10202287124385387,0.6274605190613504,16,0.07251857909945669,0.025728522825724028,rho_high,8.0
206,0.4846332038555162,0.17402227959745148,0.18606196839258266,0.7949201235219086,16,0.35569095490512004,0.09785367813545731,rho_high,8.0
207,0.6029769019027577,0.19763180857202048,0.2743377845698824,0.9207152061105965,16,0.6751662952455647,0.226010201498447,rho_high,8.0
208,0.6436124948896085,0.18233917460450014,0.3342687266044986,0.9316116805786745,16,0.7930731277441504,0.271585423222784,rho_high,8.0
209,0.44679027456997494,0.19165212129391618,0.12636156766200696,0.7894377818795045,16,0.34581626285830025,0.08548151156904056,rho_high,8.0
210,0.320228516799741,0.13516674706238396,0.1500425593521526,0.630677025173508,16,0.08382489796229442,0.020152851445376565,rho_high,8.0
211,0.68385515837458,0.16133637592173297,0.40203520100081375,0.9554408741036622,16,0.7593723261584083,0.30344080224857467,rho_high,8.0
212,0.37951066720452,0.19369891331384073,0.12011620983317443,0.6479651383224607,16,0.39118368836963113,0.04896358405064774,rho_high,8.0
213,0.3404448930687923,0.2023454370148098,0.04295381164819121,0.644550879451086,16,0.25142759505407275,0.03921318392645512,rho_high,8.0
214,0.5151553872031425,0.13244807294924618,0.2717631199082257,0.758547370317414,16,0.4706909754473476,0.09336504425703042,rho_high,8.0
215,0.754204282265959,0.09789777919301684,0.5385232588093047,0.9317826170179921,16,0.9698642760741001,0.40246591327903336,rho_high,8.0
216,0.5032393275207196,0.1583968143064665,0.2294172728016527,0.7775921081642927,16,0.37263983664795264,0.09842825596218249,rho_high,8.0
217,0.7557330413434932,0.1379891196409478,0.5674783677012708,0.9760608213072217,16,0.959453074386708,0.40997186226704724,rho_high,8.0
218,0.36624308043006387,0.15624409769394673,0.09692363346542777,0.5981345964133252,16,0.2531691596797929,0.02977055895670996,rho_high,8.0
219,0.293259839916063,0.135939420990137,0.10087917207768603,0.6096753498090295,16,0.10554476001890012,0.015701122995042116,rho_high,8.0
220,0.4028805217121362,0.2352133506671569,0.07784920425881442,0.8144446706393853,16,0.1571788030023924,0.09338220496277637,rho_high,8.0
221,0.7306824656373128,0.1182537888978218,0.5296726764175372,0.9365006568595694,16,0.7737817398421739,0.3566897085212443,rho_high,8.0
222,0.5220477721239165,0.12539826201564508,0.2550485289661252,0.7735241435980845,16,0.5376131164488933,0.0927194702824824,rho_high,8.0
223,0.505535430516455,0.22344388296706422,0.12074154279616787,0.8935078283608042,16,0.5819222503830604,0.14870847321678687,rho_high,8.0
224,0.6961402384748158,0.13817765840584262,0.5223188447093221,0.9427898751596511,16,0.9677083968521879,0.30501547771905635,rho_high,8.0
225,0.5304362429782212,0.15813591508244398,0.21780613368519025,0.7498162980972818,16,0.5048373705189647,0.11867173309837019,rho_high,8.0
226,0.24894415762169084,0.11987820325087345,0.07718164472797935,0.44962368307034367,16,0.11702088894450602,0.006885623320321928,rho_high,8.0
227,0.6077438767204388,0.11353385269119039,0.37717263467364737,0.7668815149690312,16,0.718515234359992,0.1643952038520233,rho_high,8.0
228,0.35142132474218957,0.13777053551843194,0.10956570509409594,0.5688144339541801,16,0.207851364069643,0.022802821474516764,rho_high,8.0
229,0.5479627804404832,0.15902180699360724,0.3167717389752456,0.8045660301698624,16,0.5815380148024186,0.13921218786159859,rho_high,8.0
230,0.6466488959581038,0.20795928030224203,0.34158533255057816,0.9800084864385671,16,0.854378765461995,0.29053236191477,rho_high,8.0
231,0.5444519360203839,0.20107309454412123,0.24523591666942657,0.8716754164553487,16,0.47708107543259803,0.16924000803102068,rho_high,8.0
232,0.3708489991596015,0.18613323264412143,0.03382602747133074,0.7969825136557269,16,0.3142851009015948,0.05012870373661951,rho_high,8.0
233,0.5292354668446217,0.21050617013188114,0.17410844423795419,0.8714452150867503,16,0.5755465872070433,0.1549416786867945,rho_high,8.0
234,0.30444525117974114,0.12845375829997227,0.045301514050539594,0.5564529852377293,16,0.12695129128211402,0.013684988144745324,rho_high,8.0
235,0.40870060283090665,0.1660772894270431,0.1342054758524807,0.6832850753456478,16,0.30756405627775874,0.04641348852629555,rho_high,8.0
236,0.5104138027976576,0.1589114473443859,0.23497582148772442,0.8949714147759544,16,0.5041427868603767,0.10745424985888549,rho_high,8.0
237,0.3522986161371284,0.11063343586979149,0.1418263437073478,0.5479919300015967,16,0.25415116362123913,0.01764486320511034,rho_high,8.0
238,0.2854318139519338,0.15134050831898216,0.05631398464071049,0.5790537298639016,16,0.03925812152232944,0.014704157284712874,rho_high,8.0
239,0.5230226589340137,0.15032389973529933,0.2527385606619291,0.8788541062357194,16,0.5851409794218585,0.10851731024037119,rho_high,8.0
240,0.40404504587972256,0.1607192603487226,0.10929675517587663,0.721436999338754,16,0.4012473648112821,0.050154168556734754,rho_high,8.0
241,0.4420756301873429,0.2167022543685154,0.09733647038710476,0.7906170862590721,16,0.39061025943482974,0.08944380518445846,rho_high,8.0
242,0.6991066853743513,0.14083431201525304,0.4936332755311654,0.9201790008561437,16,0.996812795897975,0.3201976256410171,rho_high,8.0
243,0.25150771488428686,0.11308694884881755,0.0783494981905525,0.43107613296531605,16,0.11178403188695996,0.006816667740221194,rho_high,8.0
244,0.3738464582489993,0.15808444510414704,0.08479284576449715,0.5324285940363657,16,0.1541756378062098,0.027026067812056836,rho_high,8.0
245,0.7406069512745297,0.14944368914087397,0.518296475938724,0.9542651724399542,16,0.8762618174844566,0.40041883425412605,rho_high,8.0
246,0.2732734491765925,0.1381657511142801,0.005530601487247747,0.5505699558575723,16,0.13026165905404785,0.011368540811217706,rho_high,8.0
247,0.7580416177016581,0.12445927456278322,0.48603115054592366,0.9594136735978744,16,0.9176228320811173,0.425807597964035,rho_high,8.0
248,0.5007893497803555,0.2096646792508569,0.14757947911206387,0.9141880962502537,16,0.6719608612842088,0.133691037682598,rho_high,8.0
249,0.54069690706543,0.17647335195488237,0.12213662933287181,0.7713945633824585,16,0.528162904923863,0.1261802890057718,rho_high,8.0
250,0.3967664529026893,0.18753479869825795,0.15718247493058857,0.7016070172083064,16,0.2784006815294713,0.059459948660182865,rho_high,8.0
251,0.44728743984783237,0.20634842424478,0.14072714292262276,0.9153481604974151,16,0.35947348207133867,0.0961835881643497,rho_high,8.0
252,0.658148249462544,0.14144660718938518,0.4677209482607477,0.9082281614290438,16,0.8259545699134301,0.2524263007638456,rho_high,8.0
253,0.20435897822282148,0.129524580966733,0.011680304082745544,0.41469044980310404,16,0.05750454825193074,0.005304686926547595,rho_high,8.0
254,0.6980638210671171,0.15266712654737416,0.461699857884487,0.9150318542134337,16,0.768548607006254,0.3312544004283826,rho_high,8.0
255,0.6842845733717958,0.14457240452230397,0.3840983790916243,0.8843269255918986,16,0.8278206853570748,0.3017005791309716,rho_high,8.0
256,0.5639161371849662,0.15304239499501718,0.313882967187082,0.8199701614703276,16,0.7059669088836537,0.15328842425883438,rho_high,8.0
257,0.2646329385588268,0.1263740575278982,0.06798678726251589,0.45376771298138574,16,0.05450466474017679,0.008685781381287623,rho_high,8.0
258,0.6768179491374413,0.12687132446346197,0.5153381234272165,0.9204357273246654,16,0.7426549203646741,0.2691269574637226,rho_high,8.0
259,0.6495297033693801,0.12059314240790235,0.3817121512361127,0.9739783362134355,16,0.723163899106161,0.21374967157742422,rho_high,8.0
260,0.290966985755339,0.12886519797444745,0.047817445271406814,0.5276426993274582,16,0.01309387603292167,0.011717198199697786,rho_high,8.0
261,0.6548347072434484,0.19538508329887283,0.214482561381224,0.9323666788825328,16,0.8922833652878921,0.28822732396294437,rho_high,8.0
262,0.29669289965930556,0.148562072404906,0.025743825067012036,0.5023055575163546,16,0.13219582532671925,0.014132295729278866,rho_high,8.0
263,0.7158800401814461,0.20904579194834666,0.3722249683995289,0.9429953093246952,16,0.960782172022048,0.4042011295153978,rho_high,8.0
264,0.2947943569026012,0.16217426877877403,0.0194389327268941,0.5685433603021398,16,0.07077058109418988,0.017782691165303302,rho_high,8.0
265,0.31093232966811035,0.11941493298239303,0.12490573015397699,0.5193704541087678,16,0.2380494288559516,0.013172615718335275,rho_high,8.0
266,0.6275095352322996,0.1774954589241808,0.2667015626311695,0.9031676101783317,16,0.6902421913196527,0.24094604860003993,rho_high,8.0
267,0.2937858531633148,0.12421575881484777,0.05354689782630131,0.5029305653925417,16,0.13724131447688948,0.01072878661425207,rho_high,8.0
268,0.3254127187328207,0.16696298101148377,0.02640551169536081,0.5757038493416841,16,0.18496755698090106,0.021732362787205948,rho_high,8.0
269,0.3181848055650493,0.1422150971349007,0.08155072897409266,0.6016056674907523,16,0.011171643657057806,0.01829549772634283,rho_high,8.0
270,0.6990615456953732,0.14914866381455738,0.34471427334833443,0.8856992226592051,16,0.826480075803284,0.33199296385742033,rho_high,8.0
271,0.2762399820648233,0.19749884348941749,0.04922153792923485,0.7239786378554302,16,0.03761730072921454,0.03187183967658773,rho_high,8.0
272,0.5066889894582971,0.1877427859318616,0.15906691083865887,0.9253594978334992,16,0.6325730157274954,0.1148510821069647,rho_high,8.0
273,0.5323366330633443,0.16532702189958753,0.2934418205644879,0.8567946768967101,16,0.5823073282289144,0.13109763842496103,rho_high,8.0
274,0.531842351166254,0.16836210356195658,0.2873283640261075,0.8839843194910754,16,0.5112402605537932,0.130909327047636,rho_high,8.0
275,0.44588157931354283,0.1417667281290849,0.21858324175901953,0.7621443463326673,16,0.37515772483462484,0.06060644114299599,rho_high,8.0
276,0.3472978091454371,0.1851128371719423,0.0407648823820205,0.6302813836670185,16,0.29956256445540974,0.03287956095408706,rho_high,8.0
277,0.7031979439027619,0.15424120970122504,0.46356918067157704,0.967003538303188,16,0.9569475247611086,0.3349460396491681,rho_high,8.0
278,0.565421889856012,0.15046266958541668,0.20267572207407547,0.7985654392051147,16,0.7853582753981895,0.14094098888357398,rho_high,8.0
279,0.7214115228809935,0.15658098366602718,0.38187153444009453,0.9411232805674061,16,0.9227325986658982,0.368054975912586,rho_high,8.0
280,0.5649243011854995,0.1284368898708247,0.30161475928009857,0.7920606569988338,16,0.7338979527594727,0.13282334508237242,rho_high,8.0
281,0.712994443986736,0.15960083982328432,0.3879250399042154,0.973475515285742,16,0.8290089211880176,0.3518525068698398,rho_high,8.0
282,0.7049161765109558,0.18748828666285447,0.18276249490908777,0.9391507493820604,16,0.9641754218689419,0.36385507715354654,rho_high,8.0
283,0.4990094320676067,0.17505693862498953,0.12967759339817836,0.7706933634114745,16,0.4536445566132734,0.10137462042149488,rho_high,8.0
284,0.7318637052533135,0.11428027483768047,0.477949421530184,0.8979040093271963,16,0.9068962734212147,0.36570751473775776,rho_high,8.0
285,0.315948478464966,0.16779618240647948,0.04436692656879741,0.6012593857000631,16,0.04307416268999342,0.020649837441531205,rho_high,8.0
286,0.2267578538503609,0.09898793449435819,0.053279239937912164,0.47430982676623423,16,0.10787213524592076,0.005388152261875297,rho_high,8.0
287,0.5161040893392657,0.21394404050481977,0.08724301902642585,0.8832485712218093,16,0.49037433514535433,0.1464998862063261,rho_high,8.0
288,0.4260385798742479,0.15686924364680835,0.12235790368995596,0.753209867053399,16,0.4539732505280023,0.0556645018162478,rho_high,8.0
289,0.4676575321955525,0.18969032733036195,0.17706772168905197,0.8237016756118332,16,0.4382130800392191,0.09927713636738848,rho_high,8.0
290,0.518610735185218,0.16943385778494754,0.15936273798975015,0.7564529438650749,16,0.5371916517753879,0.11696848521900614,rho_high,8.0
291,0.5255165711726796,0.1363248548896219,0.27732106027805975,0.7559749586961347,16,0.5383727928389844,0.10220934182741855,rho_high,8.0
292,0.701288037605255,0.19347000755021204,0.15934038413569093,0.9302930046814016,16,0.8705647383026276,0.36755016905952753,rho_high,8.0
293,0.3747605506979909,0.16872932464323248,0.03561790824082482,0.6982307125434306,16,0.34591281267867235,0.040073293399619306,rho_high,8.0
294,0.3246577605942157,0.1473707881005206,0.1537890214482103,0.7003069539707261,16,0.3162409556935577,0.026713943731794643,rho_high,8.0
295,0.661958566428033,0.1806492315655002,0.3703278272614383,0.8653619512191362,16,0.7018952392952498,0.3042853440171971,rho_high,8.0
296,0.5964232718857833,0.10088225199289749,0.46121517800044115,0.8409432160657492,16,0.648476937660066,0.14625422757141446,rho_high,8.0
297,0.6474786812468177,0.1583533999449408,0.3811493240377567,0.8962193014060021,16,0.829846984023332,0.2551200119597262,rho_high,8.0
298,0.3414068774180135,0.19359034949091108,0.0946470884810458,0.7924574147406955,16,0.30927812694474066,0.050450812066108915,rho_high,8.0
299,0.311266234589146,0.16497312312584517,0.07273949023768954,0.6037238640971894,16,0.006394216253686746,0.02251919447715413,rho_high,8.0
300,0.7341479163964229,0.17809143571552055,0.3848922750590175,0.9505400726434304,16,0.9440636840859176,0.4128385658395134,rho_high,8.0
301,0.1964222748075183,0.1341502915384885,0.03988649235765733,0.49466747370463143,16,0.04422539373850798,0.006560435218754124,rho_high,8.0
302,0.647233440451712,0.14363561604634006,0.3320946620677519,0.8556370686187452,16,0.6800129433604662,0.24191443687854175,rho_high,8.0
303,0.3929551584990895,0.17729632454092079,0.15939178553585767,0.7336718314172588,16,0.3218319917857779,0.0586255507484721,rho_high,8.0
304,0.44874789680728444,0.2006954683317431,0.13943296143912212,0.8485509643304033,16,0.4235330553909131,0.10377550912236633,rho_high,8.0
305,0.7531403623516703,0.11158194448234555,0.5059930436217186,0.9270152123075872,16,0.8380327774092649,0.4031749359819252,rho_high,8.0
306,0.4542275182180238,0.17016644751384416,0.22348542645958458,0.8923543953146285,16,0.4195794877385256,0.0811452525308242,rho_high,8.0
307,0.357481310487314,0.16575157464480925,0.11825930583785578,0.6538380975920174,16,0.14437152810335563,0.03153067707886957,rho_high,8.0
308,0.7025354903764485,0.19515675960680035,0.32935745973297664,0.9726438224940603,16,0.7544350849353898,0.35488565359825136,rho_high,8.0
309,0.2590876174972189,0.13638177242968738,0.07651131962793878,0.5666686249085389,16,0.020211517060039652,0.011620727955926459,rho_high,8.0
310,0.37758456555949765,0.18205715882843476,0.08873950353267414,0.6261833368486841,16,0.27473298843389526,0.04063558535571395,rho_high,8.0
311,0.49314756318671243,0.17017752602970446,0.0432881144823915,0.7412035818244541,16,0.5380736118916079,0.08744503681341757,rho_high,8.0
312,0.4793488256648018,0.23326291826226644,0.037515428539321154,0.8753750506404058,16,0.4377636955146402,0.13294417413901927,rho_high,8.0
313,0.5803802807122637,0.17264634193193368,0.35235440467169676,0.9011525321992006,16,0.6202283390131521,0.18756717012384705,rho_high,8.0
314,0.4604929557089896,0.1817735140035851,0.22383146847560847,0.7521485832062969,16,0.3813476927138095,0.09199029702483684,rho_high,8.0
315,0.42937252693453876,0.10482897026297254,0.2494634978925486,0.6283327533550298,16,0.3905847122961462,0.03690245616553637,rho_high,8.0
316,0.5418930179890082,0.19375109143965505,0.2599727325791919,0.9569756743168408,16,0.34865726010413156,0.1580236739264953,rho_high,8.0
317,0.6588315944913695,0.14211677792566957,0.305907635916015,0.9149171316018543,16,0.8872704689328854,0.25281968889055184,rho_high,8.0
318,0.32217480270458354,0.14353749629400778,0.038927154541127405,0.6287661151422448,16,0.017296511094167966,0.02177996549237085,rho_high,8.0
319,0.7161054186611774,0.15681221533608986,0.45494650639810147,0.9483468862866714,16,0.9396419673418005,0.3605000734269481,rho_high,8.0
320,0.35389089103715116,0.15515953735779264,0.09427012823248888,0.6002091756878971,16,0.35822167520172743,0.026724069038004943,rho_high,8.0
321,0.37836442216055544,0.15737944590574743,0.20758648839481345,0.7664375043550432,16,0.36488275569030726,0.044708155117026506,rho_high,8.0
322,0.5607817296064705,0.17220860767041676,0.31130034341259305,0.9208786098885029,16,0.725892848049817,0.16239310474550597,rho_high,8.0
323,0.41199534189836046,0.17262901119265492,0.14774375799593348,0.799161498115109,16,0.38827673872586066,0.06503246230660341,rho_high,8.0
324,0.6043032345216868,0.14956506171055203,0.2651422686178349,0.8468911691629334,16,0.6166448221012272,0.1860988773170064,rho_high,8.0
325,0.7595233517666421,0.1100117109451852,0.5218049722013665,0.96031806034746,16,0.9036306790861411,0.4126970114812214,rho_high,8.0
326,0.619194740589447,0.13933052311710678,0.42323475212349837,0.8261466823503271,16,0.8461980475259694,0.20425295434088894,rho_high,8.0
327,0.47184234608250447,0.2286421799989306,0.20403046722182508,0.852802591778653,16,0.515366677609178,0.13987710475833579,rho_high,8.0
328,0.6220458569644902,0.16864814709971612,0.2685297803129927,0.8967841497205212,16,0.7166521279125396,0.22017442015359245,rho_high,8.0
329,0.5316729317527191,0.16328679919003417,0.14942713636112376,0.7992229913578751,16,0.3924347451053921,0.1133158711359763,rho_high,8.0
330,0.6657655883625635,0.12099663582897614,0.3983464923203737,0.8448001226737761,16,0.776044156830853,0.2535443473538594,rho_high,8.0
331,0.3668868978877078,0.15690277206885694,0.09175713512294346,0.595381414502854,16,0.17018343674961434,0.030193355256043254,rho_high,8.0
332,0.25775069372793563,0.14386829924037628,0.09978965140451249,0.6733556943972067,16,0.04563178143557589,0.017947771201162126,rho_high,8.0
333,0.469226754223411,0.16108497438498526,0.19760204731508507,0.7958704999064332,16,0.5407326759187577,0.08105035856811743,rho_high,8.0
334,0.3645905902609651,0.11707437430355008,0.1926230558708774,0.590680548877512,16,0.21533868480646745,0.02240074363863571,rho_high,8.0
335,0.6797816258952981,0.14569511439541089,0.4308932203134118,0.9174324303063754,16,0.7287259428631626,0.2870020385376198,rho_high,8.0
336,0.31765000002243104,0.0978017982860355,0.1844932113017415,0.4822563435859623,16,0.10132350869529805,0.011559882146421403,rho_high,8.0
337,0.31516980787168825,0.16259770556783817,0.051314134098143296,0.5735441975659266,16,0.00849513816858416,0.01896525388066851,rho_high,8.0
338,0.6809936668139299,0.1503725900591145,0.3034952636072772,0.9614892291241085,16,0.6757033497418591,0.2899534025481753,rho_high,8.0
339,0.44030723614320827,0.14623516700037473,0.15275387765098505,0.6495338179935826,16,0.5007994379181666,0.050886087719029374,rho_high,8.0
340,0.7666651409140043,0.14199425500674548,0.3972318416379667,0.9308682004918859,16,0.9520154068301836,0.45113902882053786,rho_high,8.0
341,0.3703558336999932,0.1494449862710225,0.15428952652597355,0.6733567702155734,16,0.24748560786359575,0.035373315737167135,rho_high,8.0
342,0.35569902823840893,0.12740219522236002,0.15285839938445653,0.6564021916187276,16,0.12325611750061172,0.02505162301012706,rho_high,8.0
343,0.38327238438638583,0.1813647585078709,0.1156609573202866,0.6500480737718723,16,0.023106181818359217,0.044071531662002714,rho_high,8.0
344,0.509034898189763,0.21956310412528882,0.08311373587423058,0.8989775696414459,16,0.44424734894538775,0.13601950884126404,rho_high,8.0
345,0.3582915238170563,0.16542052620789335,0.06915218280253067,0.7464174875126945,16,0.10081688539591105,0.03808904195843756,rho_high,8.0
346,0.7075361746022888,0.12880535526125872,0.4750596465370144,0.9257216153974367,16,0.775643438329605,0.3270517252834157,rho_high,8.0
347,0.3679102009446207,0.17273690726249252,0.03476922843791063,0.7326746965911253,16,0.07198579438560071,0.04126034179692271,rho_high,8.0
348,0.7148399480548563,0.1581248349046516,0.3970745524041855,0.9240083782779559,16,0.9207548104503314,0.36721501295888576,rho_high,8.0
349,0.5191950614950744,0.15506850197509348,0.23403295347205708,0.7591021814958251,16,0.5408539232420617,0.10575036840252283,rho_high,8.0
0,0.30168347929086775,0.14029623602166175,0.05718856724076916,0.5084349829892166,16,0.07314921470201208,0.013770924314393038,rho_very_high,32.0
1,0.40712353090735304,0.08364661780036085,0.22763782108827915,0.49525114206870374,16,0.37879855298551024,0.023546423228371163,rho_very_high,32.0
2,0.7155871271442735,0.11105220918033501,0.5286550264381275,0.8476994722769393,16,0.9261985439813103,0.33730070023719977,rho_very_high,32.0
3,0.6570724521108823,0.11777599604598928,0.5212541763008935,0.8912379696162352,16,0.7230237104792231,0.2345033142865517,rho_very_high,32.0
4,0.7015705889747433,0.10902231488513815,0.5694628108309127,0.9417613676462039,16,0.7605585801759555,0.2979688329743645,rho_very_high,32.0
5,0.3495219953857271,0.11678603286012361,0.09804379532563604,0.5499175849728818,16,0.2342906764552779,0.017300694103957973,rho_very_high,32.0
6,0.6845086633548568,0.09397662451430139,0.5407575738446506,0.8939550971206525,16,0.73452961108271,0.26320030400669875,rho_very_high,32.0
7,0.431610651659863,0.10311258884195829,0.1871311018031872,0.583742636317047,16,0.40631912639094736,0.03409167863980067,rho_very_high,32.0
8,0.2844989022127708,0.13362434135277806,0.07342072236834743,0.5318318176145082,16,0.059390610473203265,0.012694269053480381,rho_very_high,32.0
9,0.3908179732652563,0.09972889107433704,0.19274293108080828,0.5206275680088928,16,0.3948135675183053,0.022435761836700374,rho_very_high,32.0
10,0.23936573098345995,0.12541461358373018,0.0407648823820205,0.43938103038432513,16,0.13125378743236893,0.006653575951876481,rho_very_high,32.0
11,0.6796192907174747,0.12107901141567995,0.5240474253839703,0.9082281614290438,16,0.8536994629314485,0.2733497193987588,rho_very_high,32.0
12,0.7541906470745903,0.09493491209916288,0.6279047021913345,0.9738624954507865,16,0.8402940644749076,0.38943954880939885,rho_very_high,32.0
13,0.31995827956442346,0.12350045266982178,0.04873440131431452,0.4837362358802531,16,0.28746892829992543,0.01292889688678988,rho_very_high,32.0
14,0.5832367542404981,0.09710797251316618,0.42177360253633867,0.7518465976040833,16,0.6119223027755851,0.12837269442355642,rho_very_high,32.0
15,0.37879696411193114,0.12222264717002902,0.1766249463302824,0.618575775540314,16,0.3637597183572606,0.02668700542945659,rho_very_high,32.0
16,0.2574144510680454,0.10103742412690353,0.07760087751064898,0.4361093870129676,16,0.15422617434361496,0.006530862416978053,rho_very_high,32.0
17,0.6667705037471684,0.07018925526994566,0.5328086193473822,0.764370189842393,16,0.6494073114086196,0.22251869013134207,rho_very_high,32.0
18,0.7139464124791124,0.14402790494455286,0.5106089614483896,0.9207590273178653,16,0.7601066433109224,0.3535376565173752,rho_very_high,32.0
19,0.7437044619766547,0.10900340048434129,0.49293173994216744,0.8839843194910754,16,0.7747227410657531,0.38660069289908044,rho_very_high,32.0
20,0.3268979569199077,0.13099932010843404,0.022336368034710955,0.4778115615012461,16,0.14922058589316578,0.01437399804701968,rho_very_high,32.0
21,0.5367278687061194,0.07221661332261416,0.3605021412426334,0.6339582621597343,16,0.5125785184951382,0.07633315383470413,rho_very_high,32.0
22,0.31054541785204265,0.2561506342425662,0.021831645496400848,0.8854241665649416,16,0.023899357199450355,0.07952626998316735,rho_very_high,32.0
23,0.25399485547970635,0.14376184720376012,0.027430953940913553,0.4930127796871602,16,0.09016949762849769,0.009336130833977585,rho_very_high,32.0
24,0.2722244268234356,0.14317887395001747,0.05899615397519374,0.5222040609120802,16,0.0810511530853878,0.010929698341051737,rho_very_high,32.0
25,0.24010544472251805,0.13036978781622402,0.038927154541127405,0.46504040754582626,16,0.05719079355050116,0.007454577623919535,rho_very_high,32.0
26,0.3894439174654535,0.08809414841955764,0.24271623311269508,0.523207295196748,16,0.3337693490578346,0.020977711886745645,rho_very_high,32.0
27,0.40969687352212397,0.1012873776681421,0.20331585435843028,0.5992548754236103,16,0.35767960085317085,0.028702390190429958,rho_very_high,32.0
28,0.7045281612754344,0.136987285110721,0.49737490882129126,0.9360562086419896,16,0.6978703420702284,0.321849935936791,rho_very_high,32.0
29,0.35923029751488345,0.10432724185568795,0.09692363346542777,0.5109982171407887,16,0.32987972136375243,0.016785923158980576,rho_very_high,32.0
30,0.1975990133174476,0.06658914587956953,0.09647276888852405,0.32017066693759066,16,0.14039580417774822,0.0028458390700919103,rho_very_high,32.0
31,0.7583818904242077,0.1464453277341282,0.48928988412562063,0.9317826170179921,16,0.9468756309901694,0.43519446910692555,rho_very_high,32.0
32,0.7596467888842696,0.11904076405049265,0.5486683271640416,0.9566706584160742,16,0.875476403985699,0.4177673660048268,rho_very_high,32.0
33,0.19589687727781463,0.09265316640968148,0.02640551169536081,0.40161803855695166,16,0.12422575540377634,0.00346108582064653,rho_very_high,32.0
34,0.36817001478814476,0.10154233838919512,0.13025159650172505,0.5286846836473141,16,0.3627786999691487,0.01898212765887424,rho_very_high,32.0
35,0.25144174117322915,0.10708468018163321,0.08072131051126116,0.43882651693212266,16,0.1680846509849716,0.006464505206900935,rho_very_high,32.0
36,0.7503924278106235,0.12251011919929393,0.5360262463543632,0.9375077191387037,16,0.9591114274329677,0.4069625736667881,rho_very_high,32.0
37,0.3540529134812404,0.12169698663342426,0.12213662933287181,0.5689460947384813,16,0.35597759210456126,0.019494064750768994,rho_very_high,32.0
38,0.28218330181924955,0.15389364260147134,0.03382602747133074,0.5136721366840841,16,0.09811742691793435,0.012947850326327523,rho_very_high,32.0
39,0.6944190025722103,0.07690178340998662,0.573286863966316,0.8644804787275877,16,0.7268439883298804,0.2718148589240877,rho_very_high,32.0
40,0.6405785985551267,0.0737725139612792,0.5331445858029593,0.7933814831896826,16,0.7117175161853958,0.18508970939179326,rho_very_high,32.0
41,0.3132834418324676,0.084821918450109,0.1731558354103183,0.44079255936496475,16,0.24103445572369164,0.00979893735286326,rho_very_high,32.0
42,0.3426355826377757,0.0826750246943781,0.22816315710029986,0.468059914917836,16,0.3214618509201238,0.013174253920092666,rho_very_high,32.0
43,0.41217291133101563,0.11019781837660038,0.15874070638857798,0.5641258346320965,16,0.41501889749172627,0.029468378014650493,rho_very_high,32.0
44,0.3176391666721139,0.11604654298377626,0.09052603081296677,0.5025494150071809,16,0.26770000177164766,0.013075236294573717,rho_very_high,32.0
45,0.3124854339937868,0.078600870265019,0.1686176731809496,0.4917882289658448,16,0.2888877081762501,0.009769553257551569,rho_very_high,32.0
46,0.7346216607875313,0.11389739714923369,0.518296475938724,0.8829903585284696,16,0.8015903920186569,0.36838423010449134,rho_very_high,32.0
47,0.7049781904998451,0.08814348961851007,0.5455937099285597,0.8684745732550969,16,0.7518506052266137,0.29713739016783786,rho_very_high,32.0
48,0.6644884406387686,0.10740573153948982,0.4676095854535993,0.8438350496767466,16,0.6926292119704864,0.2412440145041046,rho_very_high,32.0
49,0.6851132126622664,0.07499747268384697,0.5677826855064977,0.8261466823503271,16,0.6867735568448488,0.2548677538881844,rho_very_high,32.0
50,0.5310498222787494,0.08452601913988896,0.39509627538297004,0.669450532879556,16,0.5218819306638737,0.07825225299726483,rho_very_high,32.0
51,0.3952100173891414,0.10033470154678054,0.19844263074070348,0.6479003468582196,16,0.350921277961059,0.027183707711037404,rho_very_high,32.0
52,0.6751249492733333,0.10195587301568093,0.47988607931864424,0.8562521768009353,16,0.7205449454774036,0.25466029568448045,rho_very_high,32.0
53,0.32239373988637515,0.1539643657835338,0.0748351683004641,0.5037268222418468,16,0.11636773753496898,0.01697122431809034,rho_very_high,32.0
54,0.20319034325462487,0.09136996773049594,0.03240134879515086,0.3414363551837505,16,0.14107050520669207,0.0035040672743186295,rho_very_high,32.0
55,0.2992836555319991,0.1075678080592887,0.15557545047573537,0.46990723420557123,16,0.12626520794575957,0.01056597280961797,rho_very_high,32.0
56,0.7099030809309376,0.06927138000735322,0.6004848985188825,0.8477690176231906,16,0.7327180517503236,0.29758589670656915,rho_very_high,32.0
57,0.6242981193781656,0.12654078867956184,0.3634477554231741,0.845250661685514,16,0.5915408843637119,0.19552163335642125,rho_very_high,32.0
58,0.4432190484610461,0.08308222561064964,0.31949740023417617,0.5782686482989626,16,0.45016037936884756,0.03490382960245504,rho_very_high,32.0
59,0.4803055763513805,0.10151507292995811,0.2798409650960937,0.6325522306647958,16,0.47623134142880175,0.05440496073028968,rho_very_high,32.0
60,0.7099224012329091,0.13053398401941724,0.4870190772398195,0.9153481604974151,16,0.8275593271711471,0.33655061233326355,rho_very_high,32.0
61,0.3439736958610496,0.1327758988291739,0.08939362238037689,0.5154469459323318,16,0.1216797789663413,0.017664935517479788,rho_very_high,32.0
62,0.45096271904169044,0.11602485786393923,0.1867311396124675,0.6418149283025888,16,0.38324428034558056,0.04629565798002862,rho_very_high,32.0
63,0.6900581531055184,0.08669756309178842,0.5432745653313108,0.8103923698211999,16,0.7601662055006726,0.27197454513325586,rho_very_high,32.0
64,0.5861149343787408,0.1026892126759859,0.41568077725334424,0.7515457884905743,16,0.6578393705710703,0.13612047076643977,rho_very_high,32.0
65,0.42748907147949045,0.12788757095684136,0.18606196839258266,0.6498807580215799,16,0.4351467214778807,0.039528650484089344,rho_very_high,32.0
66,0.28898270359567885,0.09730284114211799,0.07305742522267575,0.4365960404288686,16,0.22434120963101267,0.008332977665214129,rho_very_high,32.0
67,0.8216159926807203,0.13449717154277516,0.540545681694017,0.9799285130594729,16,0.9464412133049587,0.5476056004824201,rho_very_high,32.0
68,0.43336876167441357,0.11900797897931883,0.2564826770120122,0.6439269920510734,16,0.4079193628565091,0.042282805749509766,rho_very_high,32.0
69,0.70603299099805,0.14661189482000672,0.5153299935211008,0.9473908884383335,16,0.8778350039035832,0.3347568035316475,rho_very_high,32.0
70,0.7117965763144485,0.10146666004726994,0.48657329194623183,0.8523290996323037,16,0.7778304800332757,0.32053660488503893,rho_very_high,32.0
71,0.7624437183961946,0.07881543872834816,0.629905745421253,0.8917168047265509,16,0.8615300330102996,0.4096437722499683,rho_very_high,32.0
72,0.2209028837183359,0.2101541138194415,0.051314134098143296,0.8923543953146285,16,0.016921994238677573,0.04789916775647082,rho_very_high,32.0
73,0.46290207334892286,0.1320930084338504,0.23427350203165223,0.6409214065225729,16,0.47739142797999323,0.05490728480519916,rho_very_high,32.0
74,0.2664590772092723,0.08602315471418379,0.10309147039489668,0.38313253755448917,16,0.25943382681763894,0.006081381544041191,rho_very_high,32.0
75,0.32702886666572856,0.1103702438077488,0.11995291916025792,0.49626762082866277,16,0.27402135522523396,0.013722433001491514,rho_very_high,32.0
76,0.32014932854951006,0.12485905195662544,0.1419845503228063,0.5711498621119776,16,0.2698403223244006,0.01662494039420994,rho_very_high,32.0
77,0.40796889289277355,0.1448392067450052,0.14486130575841547,0.7044511264015725,16,0.38931367184596566,0.044403646498682746,rho_very_high,32.0
78,0.44284851636495115,0.07923832886685354,0.2502663266343199,0.5765096782190398,16,0.41070461615316833,0.033251010222702736,rho_very_high,32.0
79,0.626154830988813,0.10703913320425697,0.4477674353131713,0.787031580252271,16,0.6340402481482471,0.18680959849831102,rho_very_high,32.0
80,0.34435411051041476,0.14452474672966345,0.12637208884985607,0.576162438505059,16,0.3003645523480759,0.022105592443105688,rho_very_high,32.0
81,0.3786761282101103,0.10025727761641776,0.22730694568399762,0.5215645585275409,16,0.2727771461258405,0.020679406539476194,rho_very_high,32.0
82,0.3781619039611549,0.13376514821824395,0.20754511035921616,0.6926325751972129,16,0.36060820265249927,0.033068421473020686,rho_very_high,32.0
83,0.6348483780022572,0.10725007368247372,0.47412537667239923,0.8442519144719309,16,0.6865144929354994,0.19834037449655803,rho_very_high,32.0
84,0.34242110322541286,0.23290230546661977,0.05523494428857771,0.8653619512191362,16,0.0001711756244947571,0.0818565902790857,rho_very_high,32.0
85,0.664079899065211,0.12253840811821948,0.5187399167935219,0.8783748195123708,16,0.7469279572267308,0.25071820230896524,rho_very_high,32.0
86,0.3325739580494273,0.061867034178432395,0.21549467222124233,0.4443688659247706,16,0.3389687519924398,0.010468038240155072,rho_very_high,32.0
87,0.5544609625827027,0.07353356404979397,0.40711896189738855,0.6902174548937292,16,0.5762397732508459,0.0907227764394545,rho_very_high,32.0
88,0.7315981983631903,0.1479102579398792,0.48307471285606635,0.9773328784482527,16,0.7615222922385597,0.376857718137879,rho_very_high,32.0
89,0.49227781455661085,0.10525863480488815,0.3320946620677519,0.7289656262554846,16,0.5108351676332793,0.06828851168774419,rho_very_high,32.0
90,0.6303442912010799,0.061229339483140535,0.5275194982229616,0.7453094473560572,16,0.647151248530974,0.16452663862105482,rho_very_high,32.0
91,0.7323494232898297,0.1513883882312586,0.5437507439509806,0.9790575940811641,16,0.9199407301330876,0.3665871896471617,rho_very_high,32.0
92,0.24631723148719625,0.19841345594326165,0.03103067308627657,0.7057988908328768,16,0.029866272394770244,0.02484297123886491,rho_very_high,32.0
93,0.34154915122822826,0.15074101635720946,0.019783178448875054,0.5194614776550786,16,0.34952883617399033,0.01935594515228035,rho_very_high,32.0
94,0.7589702974896028,0.13934709059290493,0.5086964614589883,0.9282316759609668,16,0.9268541592993467,0.434603979652107,rho_very_high,32.0
95,0.7669300187027511,0.12742354090982042,0.529760177798036,0.9726438224940603,16,0.8374298297042314,0.4356653778863872,rho_very_high,32.0
96,0.602611977183545,0.11254112202268077,0.39294242153168174,0.7717714021397625,16,0.6168279813515756,0.15823788417063306,rho_very_high,32.0
97,0.2529561409104319,0.07731585668184918,0.1152933735612499,0.3648366590957166,16,0.22930295139803325,0.005166748859576951,rho_very_high,32.0
98,0.3562130217926469,0.13455113624791087,0.17775773247831952,0.6037199917930213,16,0.33053303792794875,0.02288292094004873,rho_very_high,32.0
99,0.7672371149337798,0.11148966694587804,0.5190949779091085,0.9499151409557371,16,0.8579563762666257,0.43627451638998704,rho_very_high,32.0
100,0.6663112745838963,0.10769711161677105,0.5511067520377094,0.9123855622179065,16,0.698271457281969,0.2352602896981695,rho_very_high,32.0
101,0.27148976490077464,0.11185939044484797,0.12873573500743068,0.5003586913501329,16,0.2856502296610026,0.008855963629787246,rho_very_high,32.0
102,0.25759778774743186,0.10031012227143042,0.02991273000184691,0.42588568511482433,16,0.13224550180524286,0.00608677899563465,rho_very_high,32.0
103,0.7335853743376557,0.09204448967172282,0.6035911702962924,0.8753750506404058,16,0.7807703341042288,0.3552778349238474,rho_very_high,32.0
104,0.559197974585878,0.1044400249284647,0.3461592908701354,0.7747474196691201,16,0.5762246797205511,0.10981295296187078,rho_very_high,32.0
105,0.7439598531329528,0.14819573338625763,0.5224200910363643,0.9598169641259775,16,0.963438189908024,0.4015163675139625,rho_very_high,32.0
106,0.4407054304414445,0.13557634346147196,0.12967759339817836,0.6329485838416623,16,0.4064911771303944,0.0450375455877146,rho_very_high,32.0
107,0.35838048710883896,0.11204851195740158,0.17132297107195107,0.553181068623719,16,0.349026963756198,0.018946958839229838,rho_very_high,32.0
108,0.33286616980970146,0.110565553318856,0.1619049305946235,0.5381729730352558,16,0.2907561429598794,0.01462368195436566,rho_very_high,32.0
109,0.4603919027328472,0.10470277296237301,0.3087959838750568,0.6253755709493063,16,0.4818801371926721,0.04744808102244546,rho_very_high,32.0
110,0.3313330401226184,0.09676256478003557,0.1530389796258085,0.4825515511345705,16,0.32272964247161806,0.01285210620494728,rho_very_high,32.0
111,0.293548000621938,0.11296224675696288,0.06259483302281849,0.45953510756581906,16,0.07319059978704145,0.009960926949617708,rho_very_high,32.0
112,0.3439907851338746,0.10253555244669908,0.07927057475053982,0.5491532032807085,16,0.3121290578928153,0.015153952426975368,rho_very_high,32.0
113,0.30777819499691017,0.12820741954390458,0.13145217684046595,0.4928533098509007,16,0.2188859333030625,0.013036478385805248,rho_very_high,32.0
114,0.7382183528634809,0.1185168182310149,0.5379700441598945,0.9201790008561437,16,0.8153849962785588,0.38108724154397944,rho_very_high,32.0
115,0.30226538836352307,0.10202369275967277,0.1621257285540391,0.5150763274133694,16,0.23559253312526796,0.010736448798824634,rho_very_high,32.0
116,0.47245172604715996,0.08539191208907486,0.3156058320691589,0.6085884355585109,16,0.45887157101893683,0.0460400285070279,rho_very_high,32.0
117,0.6489628219854158,0.09278269029584947,0.48946045017331136,0.819960639029621,16,0.6727382423624793,0.20857592749206802,rho_very_high,32.0
118,0.20243277933042483,0.10962035369054803,0.04295381164819121,0.47337966851649566,16,0.14922687273244606,0.004874889040261422,rho_very_high,32.0
119,0.5573843478816326,0.11625716696958747,0.3971634759858175,0.7426474260672888,16,0.531282484435957,0.11824447541256083,rho_very_high,32.0
120,0.7134387459689919,0.09843664593323621,0.5560628816302773,0.863617189424638,16,0.8471869516385989,0.3210946085016133,rho_very_high,32.0
121,0.5761034724238936,0.09011237831568426,0.39267022587140527,0.799161498115109,16,0.5840807517660912,0.11875115739654146,rho_very_high,32.0
122,0.4629080850433986,0.09830715233921651,0.22923960129241383,0.6598901580255082,16,0.4823864389691985,0.045303790063526105,rho_very_high,32.0
123,0.791114646144699,0.08574210951789214,0.6564999605825177,0.9092847248355362,16,0.8388788947055122,0.4716834403962721,rho_very_high,32.0
124,0.8180849459098979,0.10851724858983938,0.5654179715856921,0.9658234970681596,16,0.9472519273788725,0.5377736952871919,rho_very_high,32.0
125,0.7121472929675965,0.10373035706996395,0.5403720363109079,0.8949714147759544,16,0.8209853994034504,0.32192049183416294,rho_very_high,32.0
126,0.41110474657474777,0.104230723338963,0.24171628424186248,0.5677887929663222,16,0.40840944860075457,0.0288941953797196,rho_very_high,32.0
127,0.5736949907767088,0.08727394767554224,0.46199247767577234,0.7901945695856575,16,0.6116930886692934,0.11702047022643841,rho_very_high,32.0
128,0.5235360353697233,0.10390819939904503,0.3329283024527879,0.7115268615575657,16,0.5266416950300847,0.08241267587087958,rho_very_high,32.0
129,0.38638239980464173,0.09833735796914773,0.18239129984349542,0.5234653153126795,16,0.30330862268411773,0.020985588885939672,rho_very_high,32.0
130,0.44321835280211697,0.12738402951138197,0.156047980857062,0.6592478469028666,16,0.4353201289591915,0.04605877432466849,rho_very_high,32.0
131,0.7276299230130647,0.09574135448534549,0.5729281204384439,0.9174324303063754,16,0.8292667794441382,0.3434593694417776,rho_very_high,32.0
132,0.35521072526344677,0.09265503676806165,0.1746672650302193,0.5723438637824563,16,0.30047984286702967,0.016509480856608864,rho_very_high,32.0
133,0.7853712429848448,0.1190445697899081,0.5555353745575902,0.9519937186641629,16,0.8895570571156132,0.4715093135306631,rho_very_high,32.0
134,0.7932326589577408,0.12574117100074242,0.5670427412904356,0.9825476344114833,16,0.9914293192081454,0.4783805045567833,rho_very_high,32.0
135,0.3627994967372103,0.09014902798599957,0.17620748715564508,0.5101873681962119,16,0.3067672957354898,0.016669220223522442,rho_very_high,32.0
136,0.26547304893178036,0.11146055256199978,0.07600119297234448,0.42556410804048955,16,0.12273805462617138,0.007357237220878753,rho_very_high,32.0
137,0.7463179278288672,0.13131723907093423,0.5183040615126064,0.9590368205838424,16,0.9571743488553465,0.3986952948076196,rho_very_high,32.0
138,0.2647079056900823,0.12341622169906229,0.08875397710189162,0.47527785944635664,16,0.17106515967605973,0.008914513856355276,rho_very_high,32.0
139,0.7047934827368362,0.1250211211172812,0.4476314257466237,0.8934775906998841,16,0.7714638089361773,0.31992695171958474,rho_very_high,32.0
140,0.25811838077845994,0.0796099618681809,0.14826130565276985,0.45495753270096984,16,0.039113478648201805,0.005977655422610675,rho_very_high,32.0
141,0.28276870653662867,0.09266818134404184,0.09328997128219654,0.44659567516344917,16,0.23556509847015417,0.007755174198959704,rho_very_high,32.0
142,0.28224833720869796,0.09879711322023106,0.10465587870107193,0.4566778520582137,16,0.2601553110299646,0.00832643964319008,rho_very_high,32.0
143,0.31426362089455134,0.1055559417917902,0.14543691413559395,0.5350759154938138,16,0.29723503205329516,0.012444812272129263,rho_very_high,32.0
144,0.8028863596308051,0.14949264455367445,0.5100065263064493,0.9941340690499976,16,0.9193037603731687,0.5101860334836055,rho_very_high,32.0
145,0.22443281836758766,0.07257505609479901,0.05853915960047564,0.36981072388707725,16,0.17530970920991185,0.003813579345911148,rho_very_high,32.0
146,0.25337636388696383,0.14302938561114134,0.04816997456063293,0.49259253798116115,16,0.17363896408860913,0.009243888295113358,rho_very_high,32.0
147,0.6333551907986383,0.11307023172287033,0.4170830484174417,0.8345939216972339,16,0.6916749367101237,0.20021314464922435,rho_very_high,32.0
148,0.8122652674128616,0.12570424723520213,0.5609595962863312,0.9760608213072217,16,0.9523171069997972,0.5278293104447394,rho_very_high,32.0
149,0.38707026487662555,0.11309478713170067,0.15047843725889265,0.5290000440118127,16,0.3892843584315542,0.023371372112118975,rho_very_high,32.0
150,0.7040056261018094,0.09094204204941828,0.5564529852377293,0.8622291930585374,16,0.7731286561517726,0.2990547157830221,rho_very_high,32.0
151,0.2823367051960791,0.21702669169697297,0.05033570565904846,0.8416764957162005,16,0.031035892505590468,0.053828826206740246,rho_very_high,32.0
152,0.7645608845725542,0.1017856335694513,0.5282955894164559,0.8973394714308673,16,0.8240637188070686,0.42546832939925394,rho_very_high,32.0
153,0.6474467731061089,0.12404194880416758,0.4326765714427939,0.8631775322278107,16,0.7233969011224191,0.22707886021855742,rho_very_high,32.0
154,0.736392387375169,0.12128486031530641,0.5129907306653456,0.9329608195446002,16,0.8966156518554624,0.3729642130177431,rho_very_high,32.0
155,0.5924183341380178,0.10316402037697349,0.38427177583618305,0.7539443367505428,16,0.6374542835383026,0.141104513227264,rho_very_high,32.0
156,0.7483472705566331,0.14573607508682015,0.5038496559850412,0.9071745773848003,16,0.9413366441604656,0.42068058327975905,rho_very_high,32.0
157,0.3855304605735712,0.09559903274217202,0.2591743899716471,0.5907100515250243,16,0.3898574094947437,0.023146891530828766,rho_very_high,32.0
158,0.6692236944185151,0.09005175633370456,0.5319042920365642,0.8435591191335933,16,0.7325314447207496,0.23768420051568395,rho_very_high,32.0
159,0.6807137014061115,0.12549182413451948,0.49322042730377313,0.9483468862866714,16,0.7255642082109406,0.26933033968980585,rho_very_high,32.0
160,0.3008934680451508,0.09482599156880758,0.08515153010371274,0.4585789733803136,16,0.26860786068493503,0.009088398600413442,rho_very_high,32.0
161,0.7202143452581545,0.12800581173019399,0.5158609134673889,0.9391507493820604,16,0.9205795390951387,0.3436742618329933,rho_very_high,32.0
162,0.7126805810554512,0.09660848247935204,0.5068268098552967,0.8788541062357194,16,0.7791767912046089,0.3172267550726781,rho_very_high,32.0
163,0.7229394343122666,0.13155518784507436,0.5400348596651551,0.9314180230724877,16,0.8663517835245634,0.35780311170608137,rho_very_high,32.0
164,0.3999162169616061,0.09562391173903362,0.18800426082056235,0.5931107996386162,16,0.36259100079846707,0.025401857712320168,rho_very_high,32.0
165,0.7544140077690558,0.10092940117439554,0.5777715397784443,0.9232133990424983,16,0.8412547834955745,0.4036130400598194,rho_very_high,32.0
166,0.38046627828114726,0.08985946393273309,0.23605256141937944,0.5314710328495422,16,0.31497646062973417,0.020108454326095773,rho_very_high,32.0
167,0.7859317077312106,0.12596994312818946,0.5944601837227795,0.9746756141044987,16,0.9644010500004486,0.47428070557286994,rho_very_high,32.0
168,0.37064577794969766,0.20858957451627316,0.025019357798647,0.732139947493788,16,0.02394713636581347,0.05772797812255515,rho_very_high,32.0
169,0.5869471038850467,0.10915992029872158,0.3571856803577273,0.7523432280065728,16,0.6191875473523993,0.13910485494807792,rho_very_high,32.0
170,0.25848922567871513,0.10310673543769959,0.11451048790691945,0.3999980762241946,16,0.11223951134664445,0.0065661383384679195,rho_very_high,32.0
171,0.6885660684128694,0.11821079858122112,0.47202281901163584,0.880493818078651,16,0.7187331733278222,0.2882660169096443,rho_very_high,32.0
172,0.42869193162568137,0.09394650699061195,0.2863350673972326,0.5611076295276083,16,0.36368830367403804,0.03170353407509519,rho_very_high,32.0
173,0.6600315411187061,0.12199802644137439,0.49162909935838645,0.8577676417683479,16,0.8706405934280971,0.2480466719325092,rho_very_high,32.0
174,0.7951734499091456,0.0967394593929053,0.6297744620074816,0.9429953093246952,16,0.8727025109053593,0.48168848434128525,rho_very_high,32.0
175,0.3761880541893934,0.11086350089622717,0.1700596066818354,0.5666686249085389,16,0.3680898735038748,0.02172663309718468,rho_very_high,32.0
176,0.7234286106256663,0.10325985544323961,0.5092572959073673,0.9207152061105965,16,0.8099817769615278,0.3415929832473071,rho_very_high,32.0
177,0.6663879834260106,0.08497317229746706,0.5748223910740036,0.8339803341366576,16,0.6811368771594715,0.2294903785399506,rho_very_high,32.0
178,0.4271863322654724,0.13037106641563592,0.2170567268904009,0.6573212878814191,16,0.4265669286537124,0.0428079063581963,rho_very_high,32.0
179,0.37425927348616994,0.08914848635301714,0.21161298717494445,0.48887229657697706,16,0.3432364439538024,0.01802034202824046,rho_very_high,32.0
180,0.23408269967076456,0.07895279688051926,0.12011620983317443,0.37067939768380986,16,0.2103049314692208,0.00438603367554873,rho_very_high,32.0
181,0.393396757218714,0.21165037261714156,0.1086694408356726,0.9073470429454275,16,0.06320845285650911,0.08609011506567671,rho_very_high,32.0
182,0.5333815401239732,0.0780594168595426,0.4112790268074674,0.6476625756522593,16,0.5173593686025637,0.07745850062458828,rho_very_high,32.0
183,0.524640951560492,0.12044189264381035,0.321020793703965,0.7115933972557407,16,0.5400405370755103,0.08933381976315523,rho_very_high,32.0
184,0.4549737796925514,0.07551820171554453,0.34576163760698764,0.5477774181791032,16,0.4440186584603416,0.03636257753351968,rho_very_high,32.0
185,0.7181660654870607,0.14344725283891985,0.5272584548926664,0.9378706490293509,16,0.9505971797134382,0.35237505960337917,rho_very_high,32.0
186,0.4069903257207262,0.19498724360368674,0.12953449309012374,0.8177058349559587,16,0.013690117263167267,0.07559472442595568,rho_very_high,32.0
187,0.841140847561918,0.08694665634837542,0.726408962355452,0.9696250196268384,16,0.8503049599765884,0.5761854210327122,rho_very_high,32.0
188,0.7555525593072944,0.1167372522545298,0.5340474623504889,0.9569126629644814,16,0.8008214470330771,0.40906709408257247,rho_very_high,32.0
189,0.7350976167346087,0.1474939763794941,0.47430982676623423,0.9314525888328524,16,0.758752394254019,0.39213399268821897,rho_very_high,32.0
190,0.5339190976217362,0.1252580411614713,0.3052391815149145,0.8263572882970754,16,0.5249153123806438,0.1033765083509724,rho_very_high,32.0
191,0.3575502560457289,0.08825480824094345,0.2219755477924452,0.5758175932780982,16,0.19035537820796056,0.017041347369376528,rho_very_high,32.0
192,0.7670244771898895,0.13770457212940063,0.484539814903108,0.9554408741036622,16,0.8628793687734381,0.4508976796393467,rho_very_high,32.0
193,0.678311634338826,0.09004784692536254,0.47389621005856636,0.808814667877755,16,0.7445946545633017,0.2535020227786058,rho_very_high,32.0
194,0.7108759258981958,0.09641804299683024,0.563616036133857,0.8404512653910234,16,0.8328212143804856,0.31618117599598006,rho_very_high,32.0
195,0.2947483240734589,0.1391322402446975,0.06798130927523484,0.6032017622331627,16,0.23578757327313637,0.015501005035090398,rho_very_high,32.0
196,0.5729168230412015,0.08958622597007292,0.3502030428278514,0.7262052777340275,16,0.5543749931039361,0.11261778617650424,rho_very_high,32.0
197,0.4295971798082793,0.119422554150595,0.21542370113593445,0.6387543742075237,16,0.41595923895505993,0.03911881818860849,rho_very_high,32.0
198,0.6183556055355989,0.12064748292469235,0.4375731114419567,0.8991409816135325,16,0.6396714352382278,0.18402033627755643,rho_very_high,32.0
199,0.7016323023565887,0.11431668105165356,0.49277776076550267,0.9455288050545347,16,0.7526076935359698,0.30264266804608875,rho_very_high,32.0
200,0.2503113226991892,0.12076033754702017,0.04436692656879741,0.42882459039093895,16,0.17371536844498714,0.006939343353307886,rho_very_high,32.0
201,0.20292428321316192,0.08298167955072493,0.09094065764428773,0.38977630771433147,16,0.1740382321149514,0.003559977128945292,rho_very_high,32.0
202,0.2815080479232797,0.14060485671207318,0.0352685414933491,0.5197568844014798,16,0.043606875938773215,0.01151835125563596,rho_very_high,32.0
203,0.2376382920696554,0.11265481157860213,0.012621599208395446,0.4026798763318951,16,0.15718503833113262,0.005612373703685443,rho_very_high,32.0
204,0.28475155510741496,0.12324738064257494,0.07273949023768954,0.5785037925219316,16,0.2401732296296688,0.012326375399758453,rho_very_high,32.0
205,0.20562609650309505,0.12922823109597498,0.046837563456402435,0.4882960817012369,16,0.07251857909945669,0.005962890399464319,rho_very_high,32.0
206,0.44140117337716556,0.0906226885633688,0.20722527190846074,0.5673265955405188,16,0.35569095490512004,0.034259005949927215,rho_very_high,32.0
207,0.6627417064015401,0.11751935988552295,0.470119018872768,0.8528074930633672,16,0.6751662952455647,0.24688202160001502,rho_very_high,32.0
208,0.696553138562962,0.12473470049691855,0.4856567078607568,0.8975566919718424,16,0.7930731277441504,0.30896059141002524,rho_very_high,32.0
209,0.41482105805462444,0.1531667221424484,0.15156920830447082,0.5983241029725099,16,0.34581626285830025,0.04001081790072116,rho_very_high,32.0
210,0.27948525399631324,0.14867462015567906,0.10773442784175354,0.5097700128431272,16,0.08382489796229442,0.013202479665861064,rho_very_high,32.0
211,0.7221910160559624,0.10391269369566325,0.5976189044780531,0.967003538303188,16,0.7593723261584083,0.32922572033067576,rho_very_high,32.0
212,0.4165715327198147,0.1019307620720395,0.2054821085468131,0.626057633323494,16,0.39118368836963113,0.03215106374175212,rho_very_high,32.0
213,0.24301365044563508,0.13880744735638678,0.011680304082745544,0.5741913320794411,16,0.25142759505407275,0.01052658475039554,rho_very_high,32.0
214,0.4844531739165714,0.0758846466333016,0.3004741806181463,0.620920181530921,16,0.4706909754473476,0.0483829534834387,rho_very_high,32.0
215,0.7535389159028535,0.144685727342677,0.5076234106740954,0.9525301446714877,16,0.9698642760741001,0.42362088812761545,rho_very_high,32.0
216,0.4024418586656518,0.10480203073537765,0.17939219435383338,0.5283437164534243,16,0.37263983664795264,0.025946010006893377,rho_very_high,32.0
217,0.7346216258185878,0.12959049657700067,0.5044595642635266,0.9732726872063745,16,0.959453074386708,0.3753860329964637,rho_very_high,32.0
218,0.33772029259854486,0.1213284506482385,0.15484371445428108,0.47691049596007595,16,0.2531691596797929,0.015665895143140193,rho_very_high,32.0
219,0.26899185126295144,0.13062156617566903,0.047817445271406814,0.48318721408188614,16,0.10554476001890012,0.0100591107951373,rho_very_high,32.0
220,0.21055922951644546,0.10732301818123395,0.025743825067012036,0.42949110501638593,16,0.1571788030023924,0.004669950392091638,rho_very_high,32.0
221,0.7370687271689678,0.07502372820207644,0.6521855212394009,0.9494887955346633,16,0.7737817398421739,0.3463597870352923,rho_very_high,32.0
222,0.5258783294912184,0.07249644441237366,0.38407819310739705,0.6226700693943478,16,0.5376131164488933,0.06959576543408319,rho_very_high,32.0
223,0.5349362382230581,0.09821127710358268,0.33655129012687335,0.7033261328371467,16,0.5819222503830604,0.08713577366944071,rho_very_high,32.0
224,0.7650113930670958,0.12099662433358627,0.5658927577473329,0.9326264105612468,16,0.9677083968521879,0.4312735428284101,rho_very_high,32.0
225,0.4934218321781846,0.0953621167146849,0.29309557905399397,0.6471501262179482,16,0.5048373705189647,0.05939921910653576,rho_very_high,32.0
226,0.2708858642256533,0.161504421754846,0.0432881144823915,0.537342573116331,16,0.11702088894450602,0.014402994401817382,rho_very_high,32.0
227,0.7188491640955649,0.10478509385669593,0.5398141248946567,0.9395582128996094,16,0.718515234359992,0.3256521161412904,rho_very_high,32.0
228,0.3067608833591982,0.11898293183442886,0.14243768338926382,0.5283400691778916,16,0.207851364069643,0.013247063327512302,rho_very_high,32.0
229,0.6388486869440465,0.09069902705674016,0.48765127753797033,0.7907150727929363,16,0.5815380148024186,0.19301334788341223,rho_very_high,32.0
230,0.7258994272409602,0.10013215582779594,0.5580735693244991,0.9187081310045496,16,0.854378765461995,0.3430266937228717,rho_very_high,32.0
231,0.47914902914159113,0.06474671863078041,0.33808806505716316,0.557781766015271,16,0.47708107543259803,0.04320680320846741,rho_very_high,32.0
232,0.34085799753445956,0.10612006241009546,0.14774375799593348,0.5445361529569647,16,0.3142851009015948,0.015641462594201332,rho_very_high,32.0
233,0.5916374137627731,0.08543443535187681,0.4204804281363103,0.7423490024255894,16,0.5755465872070433,0.13093175279957553,rho_very_high,32.0
234,0.2959072888304354,0.11931798826288646,0.030122122419501202,0.4707981562699713,16,0.12695129128211402,0.010614945738025693,rho_very_high,32.0
235,0.3387010744375032,0.12721169073013944,0.1500855713209643,0.5973661096258784,16,0.30756405627775874,0.01929212290253937,rho_very_high,32.0
236,0.4864367392282742,0.06182206212623538,0.32189541067646615,0.5661477086419465,16,0.5041427868603767,0.045223984928270705,rho_very_high,32.0
237,0.31550694076241637,0.09395447080267837,0.1262694151359281,0.515996243245731,16,0.25415116362123913,0.011078834337983803,rho_very_high,32.0
238,0.249186028032846,0.13003625607927005,0.07813792216484061,0.523578974047483,16,0.03925812152232944,0.00895707652313888,rho_very_high,32.0
239,0.5581457475950102,0.09098526620448473,0.387668270709502,0.7490643878832701,16,0.5851409794218585,0.10197621582427706,rho_very_high,32.0
240,0.4011468865555835,0.11049347141081957,0.21591047311987777,0.6450190282938283,16,0.4012473648112821,0.03053325879267004,rho_very_high,32.0
241,0.4590536483841223,0.0975623001507961,0.3053744585630063,0.6596511361405631,16,0.39061025943482974,0.04633487894795569,rho_very_high,32.0
242,0.7670379338191032,0.12848177149875156,0.5357513931615497,0.9479079503917609,16,0.996812795897975,0.4425530332821096,rho_very_high,32.0
243,0.20021028825463447,0.1053931775345304,0.037515428539321154,0.3935865999449646,16,0.11178403188695996,0.003993514693961158,rho_very_high,32.0
244,0.2425684926646192,0.09683133947666113,0.08420332944969539,0.41144598134530647,16,0.1541756378062098,0.005373422257934479,rho_very_high,32.0
245,0.7200003919984402,0.12552764645207223,0.5280687618589178,0.9739783362134355,16,0.8762618174844566,0.3352917253591139,rho_very_high,32.0
246,0.21039386381391237,0.08309759735047582,0.07510503587737481,0.36150668327791236,16,0.13026165905404785,0.0036318784624829827,rho_very_high,32.0
247,0.7668995846126309,0.10107015029298702,0.5628751739489759,0.8986799647550685,16,0.9176228320811173,0.43075862070403653,rho_very_high,32.0
248,0.6162598880522838,0.13492708814657292,0.4007402220770939,0.8181813290907791,16,0.6719608612842088,0.1953419061432715,rho_very_high,32.0
249,0.5119202549689295,0.12776596345154234,0.25050679573812873,0.712654661331726,16,0.528162904923863,0.08555114807512622,rho_very_high,32.0
250,0.36504138654234647,0.13753993233481923,0.1528993913771743,0.6729939032843293,16,0.2784006815294713,0.029616570657705617,rho_very_high,32.0
251,0.4177051001331688,0.09551817285278641,0.1975046483203666,0.5655799400072309,16,0.35947348207133867,0.0285066861198447,rho_very_high,32.0
252,0.7767903613250111,0.11603477854633108,0.5448629217373328,0.9382150546548906,16,0.8259545699134301,0.45381148253054676,rho_very_high,32.0
253,0.244707987572771,0.15866009731287112,0.08278274089783405,0.49005278548557557,16,0.05750454825193074,0.010881826502210413,rho_very_high,32.0
254,0.6844486115673367,0.11514961597552495,0.5114173417348137,0.9027543264092143,16,0.768548607006254,0.2742027749828158,rho_very_high,32.0
255,0.8146201342827651,0.08975596154875098,0.6898561067740506,0.9800084864385671,16,0.8278206853570748,0.5194128589367965,rho_very_high,32.0
256,0.6501800448301334,0.12657323802866546,0.4400142362585982,0.8434559811824079,16,0.7059669088836537,0.23552125643653432,rho_very_high,32.0
257,0.20486911240103045,0.10989973747879402,0.04571675971269008,0.42741447225799134,16,0.05450466474017679,0.00454642553963752,rho_very_high,32.0
258,0.6861060701071823,0.10305696935102727,0.5323471877930924,0.9035135927996436,16,0.7426549203646741,0.2718139671009874,rho_very_high,32.0
259,0.6038296911044493,0.1038264190466014,0.38187153444009453,0.7940996874701354,16,0.723163899106161,0.15549664405942187,rho_very_high,32.0
260,0.19276489330631766,0.15197374055602378,0.041932085260499914,0.5460822450747221,16,0.01309387603292167,0.008858064703502954,rho_very_high,32.0
261,0.7721790360343171,0.13681362333832855,0.5079474760443451,0.9432662735540809,16,0.8922833652878921,0.4620153341539831,rho_very_high,32.0
262,0.25463511515418463,0.13235962632681766,0.03561790824082482,0.4876266840651076,16,0.13219582532671925,0.008816942211759219,rho_very_high,32.0
263,0.8161533238214307,0.12147322805880556,0.5506470167990818,0.9594668296512289,16,0.960782172022048,0.5375424801655992,rho_very_high,32.0
264,0.20483652365386423,0.11907344804489657,0.0357913384783139,0.4775081793605828,16,0.07077058109418988,0.005599554400292337,rho_very_high,32.0
265,0.2669462806799565,0.08291661369516373,0.15536226413808846,0.3926880912520873,16,0.2380494288559516,0.006279126885932888,rho_very_high,32.0
266,0.6602940421589623,0.09872490220266181,0.4680394239268536,0.8087225901435202,16,0.6902421913196527,0.22987607039231042,rho_very_high,32.0
267,0.32653256745364334,0.1108487714806586,0.1364602081003112,0.48161925098652797,16,0.13724131447688948,0.01325563767484796,rho_very_high,32.0
268,0.2905689167347279,0.1281623669108486,0.0946470884810458,0.5658844739080416,16,0.18496755698090106,0.014028588778323976,rho_very_high,32.0
269,0.26287920135304077,0.16387441944375641,0.017649235384665878,0.5625979294069859,16,0.011171643657057806,0.013969403533351332,rho_very_high,32.0
270,0.7203537164604302,0.0993024426448207,0.5017337378778394,0.8448001226737761,16,0.826480075803284,0.3373444562278716,rho_very_high,32.0
271,0.2730113452144358,0.1436906263636519,0.0194389327268941,0.47408683528048,16,0.03761730072921454,0.009946272564017103,rho_very_high,32.0
272,0.6120273427448658,0.0820985665178877,0.44969374373764,0.7367192736410112,16,0.6325730157274954,0.15198176328160667,rho_very_high,32.0
273,0.5879113085745639,0.1182334092659861,0.398090600343297,0.8505054712576914,16,0.5823073282289144,0.14777100179300248,rho_very_high,32.0
274,0.5436770535504994,0.1402599156386285,0.3213712242540023,0.7559749586961347,16,0.5112402605537932,0.11944763122816233,rho_very_high,32.0
275,0.42358285797664574,0.1039579272354706,0.2641312990773172,0.5993348087840882,16,0.37515772483462484,0.03328914532580228,rho_very_high,32.0
276,0.36308848849967257,0.08800639850355725,0.18569436705756934,0.5119780630094103,16,0.29956256445540974,0.01658501823379003,rho_very_high,32.0
277,0.7813150335774722,0.142891693410524,0.5459217209341015,0.9565029190755708,16,0.9569475247611086,0.4720677970836303,rho_very_high,32.0
278,0.7067654789806289,0.09505846884371369,0.5588208700030797,0.8738415870353368,16,0.7853582753981895,0.3055467109207875,rho_very_high,32.0
279,0.8311188194266271,0.11125955905133164,0.6140992493646871,0.9744374795166356,16,0.9227325986658982,0.562251903558436,rho_very_high,32.0
280,0.6860677118237374,0.09283586551823075,0.5111720971158513,0.8058148764443565,16,0.7338979527594727,0.2693114275239565,rho_very_high,32.0
281,0.7445260879737824,0.12129663610802367,0.5713129131790726,0.96031806034746,16,0.8290089211880176,0.3882542163380189,rho_very_high,32.0
282,0.7974358054282353,0.128018810867838,0.5436018395534254,0.9614892291241085,16,0.9641754218689419,0.49629730354032575,rho_very_high,32.0
283,0.4206116447575025,0.07227358624172808,0.30984509871146365,0.5204513176029482,16,0.4536445566132734,0.02595527014363542,rho_very_high,32.0
284,0.7719384743401781,0.11025667809931057,0.6038320011264152,0.9408918244265704,16,0.9068962734212147,0.43862263318539163,rho_very_high,32.0
285,0.31302150197124845,0.20008704905290475,0.0795541630310013,0.7032560686571234,16,0.04307416268999342,0.039236048735287854,rho_very_high,32.0
286,0.27799442668028734,0.17588947792580725,0.01480128510475752,0.5412282279085473,16,0.10787213524592076,0.017056145768115556,rho_very_high,32.0
287,0.5206223631356088,0.09107554785713384,0.37843068354168374,0.7553419511097997,16,0.49037433514535433,0.07751700546016624,rho_very_high,32.0
288,0.45999304875729513,0.08836356278079682,0.2673925850823382,0.6278720984083425,16,0.4539732505280023,0.04272003664346788,rho_very_high,32.0
289,0.41632142754948054,0.09195528594322434,0.24990735929412516,0.5755137635599633,16,0.4382130800392191,0.028505430026583643,rho_very_high,32.0
290,0.5380479617968347,0.09531310487459302,0.401042774807254,0.6921763822193352,16,0.5371916517753879,0.08876600583449247,rho_very_high,32.0
291,0.5423685794139922,0.07219808842900902,0.4610707136288308,0.7467495698794819,16,0.5383727928389844,0.08385454235922604,rho_very_high,32.0
292,0.719483075192314,0.11644135061456665,0.5163962214610225,0.9305626820088484,16,0.8705647383026276,0.33793502919216056,rho_very_high,32.0
293,0.33832509343951617,0.10682828526787598,0.22037864945863725,0.5462303641794042,16,0.34591281267867235,0.017095157687153577,rho_very_high,32.0
294,0.35180151076198185,0.09853275159712943,0.14574525162540508,0.5071295808299501,16,0.3162409556935577,0.015332287600421645,rho_very_high,32.0
295,0.612334140475644,0.08361037225668688,0.45589812075001784,0.7940089273482119,16,0.7018952392952498,0.15371698341460485,rho_very_high,32.0
296,0.594084637483842,0.10381298704129913,0.36557523955098475,0.7061439188209572,16,0.648476937660066,0.14167332287548778,rho_very_high,32.0
297,0.7505450292807364,0.1069319767466353,0.5609257442344939,0.9505400726434304,16,0.829846984023332,0.3936749994989827,rho_very_high,32.0
298,0.3627439697053608,0.1131931497522979,0.16390107224798287,0.5425732790108571,16,0.30927812694474066,0.019767052746645933,rho_very_high,32.0
299,0.3272350049345347,0.22452924324834067,0.03987716915105195,0.874911657335114,16,0.006394216253686746,0.06716137770569396,rho_very_high,32.0
300,0.7499978795996995,0.10988953694432298,0.5408232408149999,0.9020848457104685,16,0.9440636840859176,0.3985656308042829,rho_very_high,32.0
301,0.38920897478029876,0.26268928645676415,0.06798678726251589,0.8592741721185067,16,0.04422539373850798,0.11688909961116052,rho_very_high,32.0
302,0.6815092363548159,0.08317452598991668,0.561948962995019,0.8587535662752506,16,0.6800129433604662,0.25158759518083057,rho_very_high,32.0
303,0.3543743680499221,0.1384955195233498,0.005530601487247747,0.5323374609836827,16,0.3218319917857779,0.02026280815599537,rho_very_high,32.0
304,0.4261936594642197,0.07203232140503864,0.28596102733294276,0.5387020225354126,16,0.4235330553909131,0.027259213039546214,rho_very_high,32.0
305,0.6761827395102843,0.11813256594559303,0.4462448095254856,0.8307600560930309,16,0.8380327774092649,0.2686093930183385,rho_very_high,32.0
306,0.46518383146666975,0.11203330597481459,0.29338796933694533,0.6269581640189177,16,0.4195794877385256,0.05186028724851907,rho_very_high,32.0
307,0.23979583903476934,0.11346234096539944,0.06265275299662616,0.5120555848685137,16,0.14437152810335563,0.0070946502979724125,rho_very_high,32.0
308,0.6200451079430105,0.10987374375530491,0.4195467278599808,0.8012978893187209,16,0.7544350849353898,0.18053732250502053,rho_very_high,32.0
309,0.30677672474821066,0.21850285016722895,0.11133553476345338,0.8048290317012097,16,0.020211517060039652,0.06648671581170158,rho_very_high,32.0
310,0.28152165854176264,0.0921271185457085,0.0919582010310425,0.4258105393626234,16,0.27473298843389526,0.007583553692048652,rho_very_high,32.0
311,0.5330722663828492,0.12983350470379199,0.3426582109703955,0.7756819972003707,16,0.5380736118916079,0.10679208979278147,rho_very_high,32.0
312,0.465978398749994,0.14213047366726383,0.19108443960549318,0.7104250950422489,16,0.4377636955146402,0.06310208151913359,rho_very_high,32.0
313,0.5990367546439207,0.09016698789805762,0.42945515847846055,0.7610826803705992,16,0.6202283390131521,0.1423147812922585,rho_very_high,32.0
314,0.4001590196744325,0.09821028515185462,0.22305131719782237,0.5551370073876114,16,0.3813476927138095,0.025115165546969142,rho_very_high,32.0
315,0.4115137854584743,0.10483805218029793,0.18473240792854298,0.5726553062747047,16,0.3905847122961462,0.028176170342006816,rho_very_high,32.0
316,0.35573317903514745,0.10828578289122313,0.1497913040732705,0.526254083197062,16,0.34865726010413156,0.01712738504586391,rho_very_high,32.0
317,0.7222551731920352,0.13557722885479453,0.5200050608012168,0.9553488097003359,16,0.8872704689328854,0.3535878448853093,rho_very_high,32.0
318,0.30274170279257573,0.16918229360825418,0.04952904926988473,0.5524944788411494,16,0.017296511094167966,0.018387192421110598,rho_very_high,32.0
319,0.7162038912442034,0.1347068401186321,0.486851577060029,0.8875995079848611,16,0.9396419673418005,0.3498022061737683,rho_very_high,32.0
320,0.38139576613237564,0.10845680324436716,0.1824398963079202,0.5415549540870531,16,0.35822167520172743,0.022469731399921516,rho_very_high,32.0
321,0.36990351407779193,0.10246335604832126,0.2578131441671903,0.5927779885510522,16,0.36488275569030726,0.02151887263823224,rho_very_high,32.0
322,0.6626359298269718,0.12358976081145363,0.44482099524669666,0.9537624690131322,16,0.725892848049817,0.24148752377579694,rho_very_high,32.0
323,0.40291713301395105,0.08586977742163558,0.2771197654299881,0.5466006309164575,16,0.38827673872586066,0.02441558839502856,rho_very_high,32.0
324,0.5643598273911452,0.08360758399485727,0.45310510716779673,0.7339592931364581,16,0.6166448221012272,0.10547596632905869,rho_very_high,32.0
325,0.7383062619716179,0.12845594979912509,0.5472123004254399,0.9426959938686006,16,0.9036306790861411,0.373883306842062,rho_very_high,32.0
326,0.7458911638917457,0.1402446484505466,0.4809105892292745,0.9243286589041189,16,0.8461980475259694,0.408838041858937,rho_very_high,32.0
327,0.48562986304628797,0.08620400926131856,0.3410898152295251,0.6729885905703151,16,0.515366677609178,0.05372534143960532,rho_very_high,32.0
328,0.6546069101473551,0.12230235514413379,0.4740845337922474,0.8791900583336847,16,0.7166521279125396,0.23519319833368413,rho_very_high,32.0
329,0.440266683841241,0.11125666685086939,0.1682456350879089,0.6334190600415679,16,0.3924347451053921,0.03985738558102492,rho_very_high,32.0
330,0.7456598613723641,0.10454721003971888,0.6055265705424158,0.9411932522814013,16,0.776044156830853,0.3775634890120347,rho_very_high,32.0
331,0.22241450423977524,0.1345914080652024,0.03476922843791063,0.47781375738490184,16,0.17018343674961434,0.006310607852975269,rho_very_high,32.0
332,0.2918137619081328,0.11847928157796364,0.06915218280253067,0.46651570627624933,16,0.04563178143557589,0.010250168115465868,rho_very_high,32.0
333,0.48026141685486434,0.09803428398114651,0.24893592685408225,0.5996768996747197,16,0.5407326759187577,0.05110812830414038,rho_very_high,32.0
334,0.2380193902108647,0.08739225738936794,0.05313671844402097,0.33666315310613837,16,0.21533868480646745,0.004511009518863672,rho_very_high,32.0
335,0.6434493605024445,0.08040749556897323,0.5492903829262986,0.781324790279572,16,0.7287259428631626,0.1937463094322206,rho_very_high,32.0
336,0.2859710994107129,0.1177953771891181,0.08340163279092552,0.4299685991387659,16,0.10132350869529805,0.009270206346929662,rho_very_high,32.0
337,0.245943689135164,0.14549292614695586,0.003988706884776067,0.4937002740225057,16,0.00849513816858416,0.009277646712628344,rho_very_high,32.0
338,0.7016434946825534,0.09977646604327711,0.5175217185808605,0.8779898624195795,16,0.6757033497418591,0.2992646354974031,rho_very_high,32.0
339,0.49543572403085423,0.1027649376052499,0.30242007425190803,0.6762830995021446,16,0.5007994379181666,0.06465736687991827,rho_very_high,32.0
340,0.7678411610031203,0.12542291704752712,0.4804549012248659,0.9569756743168408,16,0.9520154068301836,0.43484786351184346,rho_very_high,32.0
341,0.28384430679276645,0.106668155666559,0.0640523432989134,0.47277203960017466,16,0.24748560786359575,0.008772839511867928,rho_very_high,32.0
342,0.2813208277544049,0.1293113455630993,0.06019247291261088,0.49808529598373036,16,0.12325611750061172,0.010629545676873164,rho_very_high,32.0
343,0.40946483679929846,0.26864484793791094,0.07815199551361886,0.9229188135254316,16,0.023106181818359217,0.12825828268221576,rho_very_high,32.0
344,0.4158463583084393,0.10174900222521065,0.1482612705590765,0.5576284704981681,16,0.44424734894538775,0.028192871027815748,rho_very_high,32.0
345,0.24758365040217128,0.09511558803953087,0.08331970887534564,0.424722662787597,16,0.10081688539591105,0.00573725687300027,rho_very_high,32.0
346,0.6987645154026935,0.14596922554132036,0.4161068705121331,0.9354881762996999,16,0.775643438329605,0.32432108055195713,rho_very_high,32.0
347,0.2622899701359127,0.13434701075695268,0.11146754070874622,0.5647273382605992,16,0.07198579438560071,0.012414618912266735,rho_very_high,32.0
348,0.7826371313337956,0.13232093158315616,0.45394952800805544,0.9586451856451979,16,0.9207548104503314,0.47072571374894545,rho_very_high,32.0
349,0.5767622779074242,0.09251576860409591,0.45136880919497413,0.7406452596124843,16,0.5408539232420617,0.1209012012444555,rho_very_high,32.0
