county,printed_school_label,applicants_with_label,classification,directory_code_candidates,directory_name_candidates
AB,"*COLEGIUL NATIONAL ""BETHLEN GABOR"" AIUD / AB",31,direct_whole_name_match,254,"*COLEGIUL NATIONAL ""BETHLEN GABOR"" AIUD"
AB,*SCOALA CLASELE I-VIII NR.1 BLAJ / AB,4,direct_whole_name_match,270,*SCOALA CLASELE I-VIII NR.1 BLAJ
AB,*SCOALA CU CLASELE I-VIII LUNCA MURES / AB,2,direct_whole_name_match,105,*SCOALA CU CLASELE I-VIII LUNCA MURES
AB,*SCOALA CU CLASELE I-VIII RIMETEA / AB,1,direct_whole_name_match,267,*SCOALA CU CLASELE I-VIII RIMETEA
AB,*SCOALA CU CLASELE I-VIII UNIREA I / AB,2,direct_whole_name_match,271,*SCOALA CU CLASELE I-VIII UNIREA I
AB,"*SCOALA CU CLS. I-VIII ""VASILE GOLDIS"" ALBA IULIA / AB",9,direct_whole_name_match,258,"*SCOALA CU CLS. I-VIII ""VASILE GOLDIS"" ALBA IULIA"
AB,*SCOALA GENERALA CLASELE I - VIII BETA / AB,1,direct_whole_name_match,194,*SCOALA GENERALA CLASELE I - VIII BETA
AB,*SCOALA GENERALA CLASELE I - VIII SINMICLAUS / AB,1,ambiguous_same_directory_name,206 | 240,*SCOALA GENERALA CLASELE I - VIII SINMICLAUS | SCOALA GENERALA CLASELE I - VIII SINMICLAUS
AB,*SCOALA GENERALA CLASELE I-VIII LOPADEA NOUA / AB,3,direct_whole_name_match,193,*SCOALA GENERALA CLASELE I-VIII LOPADEA NOUA
AB,"COLEGIUL NATIONAL ""INOCHENTIE MICU CLAIN"" BLAJ / AB",69,direct_whole_name_match,279,"COLEGIUL NATIONAL ""INOCHENTIE MICU CLAIN"" BLAJ"
AB,"COLEGIUL TEHNIC ""ALEXANDRU DOMSA"" ALBA IULIA / AB",64,direct_whole_name_match,278,"COLEGIUL TEHNIC ""ALEXANDRU DOMSA"" ALBA IULIA"
AB,"GRUP SCOLAR ""DORIN PAVEL"" ALBA IULIA / AB",88,direct_whole_name_match,257,"GRUP SCOLAR ""DORIN PAVEL"" ALBA IULIA"
AB,"GRUP SCOLAR INDUSTRIAL ""DR.LAZAR CHIRILA"" BAIA DE / AB",58,direct_whole_name_match,280,"GRUP SCOLAR INDUSTRIAL ""DR.LAZAR CHIRILA"" BAIA DE"
AB,GRUP SCOLAR INDUSTRIAL JIDVEI / AB,10,direct_whole_name_match,255,GRUP SCOLAR INDUSTRIAL JIDVEI
AB,LICEU CU PROGRAM SPORTIV ALBA IULIA / AB,114,direct_whole_name_match,285,LICEU CU PROGRAM SPORTIV ALBA IULIA
AB,LICEUL CU PROGRAM SPORT SEBES / AB,8,direct_whole_name_match,103,LICEUL CU PROGRAM SPORT SEBES
AB,LICEUL DE MUZICA SI ARTE PLASTICE ALBA-IULIA / AB,9,direct_whole_name_match,102,LICEUL DE MUZICA SI ARTE PLASTICE ALBA-IULIA
AB,"LICEUL TEORETIC ""PETRU MAIOR"" OCNA-MURES / AB",60,direct_whole_name_match,273,"LICEUL TEORETIC ""PETRU MAIOR"" OCNA-MURES"
AB,LICEUL TEORETIC LUPENI / HD,1,outside_county_origin,,
AB,LICEUL TEORETIC TEIUS / AB,59,direct_whole_name_match,256,LICEUL TEORETIC TEIUS
AB,SC.CU CLS I-VIII APOLDU DE JOS / SB,1,outside_county_origin,,
AB,SC.CU CLS I-VIII JINA / SB,2,outside_county_origin,,
AB,SCOALA CIRSTANESTI / VL,1,outside_county_origin,,
AB,"SCOALA CU CLASELE I-VIII ""ALEXNDRU VLAHUTA"" (NR.15 / CJ",1,outside_county_origin,,
AB,"SCOALA CU CLASELE I-VIII ""AVRAM IANCU"" (NR.2) CIMP / CJ",1,outside_county_origin,,
AB,SCOALA CU CLASELE I-VIII AUREL VLAICU / BT,1,outside_county_origin,,
AB,SCOALA CU CLASELE I-VIII NR 8 DOROHOI / BT,1,outside_county_origin,,
AB,SCOALA CU CLASELE I-VIII RADAUTI-PRUT / BT,1,outside_county_origin,,
AB,"SCOALA GENERALA CLASELE I - VIII ""AVRAM IANCU"" ABR / AB",54,direct_whole_name_match,118,"SCOALA GENERALA CLASELE I - VIII ""AVRAM IANCU"" ABR"
AB,"SCOALA GENERALA CLASELE I - VIII ""LUCIAN BLAGA"" OC / AB",50,direct_whole_name_match,135,"SCOALA GENERALA CLASELE I - VIII ""LUCIAN BLAGA"" OC"
AB,SCOALA GENERALA CLASELE I - VIII AMPOITA / AB,4,direct_whole_name_match,200,SCOALA GENERALA CLASELE I - VIII AMPOITA
AB,SCOALA GENERALA CLASELE I - VIII BALCACIU / AB,2,direct_whole_name_match,188,SCOALA GENERALA CLASELE I - VIII BALCACIU
AB,SCOALA GENERALA CLASELE I - VIII BARABANT / AB,25,direct_whole_name_match,113,SCOALA GENERALA CLASELE I - VIII BARABANT
AB,SCOALA GENERALA CLASELE I - VIII BENIC / AB,6,direct_whole_name_match,175,SCOALA GENERALA CLASELE I - VIII BENIC
AB,SCOALA GENERALA CLASELE I - VIII BIIA / AB,3,direct_whole_name_match,239,SCOALA GENERALA CLASELE I - VIII BIIA
AB,SCOALA GENERALA CLASELE I - VIII BUCERDEA GRINOASA / AB,5,direct_whole_name_match,170,SCOALA GENERALA CLASELE I - VIII BUCERDEA GRINOASA
AB,SCOALA GENERALA CLASELE I - VIII BUCIUM SASA / AB,8,direct_whole_name_match,158,SCOALA GENERALA CLASELE I - VIII BUCIUM SASA
AB,SCOALA GENERALA CLASELE I - VIII BUNINGINEA / AB,5,direct_whole_name_match,165,SCOALA GENERALA CLASELE I - VIII BUNINGINEA
AB,SCOALA GENERALA CLASELE I - VIII CAPILNA / AB,10,ambiguous_same_directory_name,189 | 226,SCOALA GENERALA CLASELE I - VIII CAPILNA | SCOALA GENERALA CLASELE I - VIII CAPILNA
AB,SCOALA GENERALA CLASELE I - VIII CARPINIS / AB,11,direct_whole_name_match,221,SCOALA GENERALA CLASELE I - VIII CARPINIS
AB,SCOALA GENERALA CLASELE I - VIII CERTEGE / AB,1,direct_whole_name_match,129,SCOALA GENERALA CLASELE I - VIII CERTEGE
AB,SCOALA GENERALA CLASELE I - VIII CHETANI / MS,1,outside_county_origin,,
AB,SCOALA GENERALA CLASELE I - VIII CIMPENI / AB,83,direct_whole_name_match,275,SCOALA GENERALA CLASELE I - VIII CIMPENI
AB,SCOALA GENERALA CLASELE I - VIII CISTEIU DE MURES / AB,2,direct_whole_name_match,136,SCOALA GENERALA CLASELE I - VIII CISTEIU DE MURES
AB,SCOALA GENERALA CLASELE I - VIII CIUGUD / AB,7,direct_whole_name_match,116,SCOALA GENERALA CLASELE I - VIII CIUGUD
AB,SCOALA GENERALA CLASELE I - VIII CIUGUZEL / AB,3,direct_whole_name_match,195,SCOALA GENERALA CLASELE I - VIII CIUGUZEL
AB,SCOALA GENERALA CLASELE I - VIII CIUMBRUD / AB,13,direct_whole_name_match,122,SCOALA GENERALA CLASELE I - VIII CIUMBRUD
AB,SCOALA GENERALA CLASELE I - VIII CUNTA / AB,2,direct_whole_name_match,244,SCOALA GENERALA CLASELE I - VIII CUNTA
AB,SCOALA GENERALA CLASELE I - VIII CUT / AB,8,direct_whole_name_match,167,SCOALA GENERALA CLASELE I - VIII CUT
AB,SCOALA GENERALA CLASELE I - VIII DRASOV / AB,2,direct_whole_name_match,242,SCOALA GENERALA CLASELE I - VIII DRASOV
AB,SCOALA GENERALA CLASELE I - VIII FEISA / AB,2,direct_whole_name_match,190,SCOALA GENERALA CLASELE I - VIII FEISA
AB,SCOALA GENERALA CLASELE I - VIII FENES / AB,5,direct_whole_name_match,145,SCOALA GENERALA CLASELE I - VIII FENES
AB,SCOALA GENERALA CLASELE I - VIII GEOAGIU DE SUS / AB,7,direct_whole_name_match,236,SCOALA GENERALA CLASELE I - VIII GEOAGIU DE SUS
AB,SCOALA GENERALA CLASELE I - VIII GHETAR / AB,2,direct_whole_name_match,178,SCOALA GENERALA CLASELE I - VIII GHETAR
AB,SCOALA GENERALA CLASELE I - VIII GHIRBOM / AB,3,direct_whole_name_match,153,SCOALA GENERALA CLASELE I - VIII GHIRBOM
AB,SCOALA GENERALA CLASELE I - VIII GIRDE / AB,5,direct_whole_name_match,156,SCOALA GENERALA CLASELE I - VIII GIRDE
AB,SCOALA GENERALA CLASELE I - VIII HAPRIA / AB,1,direct_whole_name_match,117,SCOALA GENERALA CLASELE I - VIII HAPRIA
AB,SCOALA GENERALA CLASELE I - VIII IGHIEL / AB,7,direct_whole_name_match,184,SCOALA GENERALA CLASELE I - VIII IGHIEL
AB,SCOALA GENERALA CLASELE I - VIII IZVORUL AMPOIULUI / AB,4,direct_whole_name_match,146,SCOALA GENERALA CLASELE I - VIII IZVORUL AMPOIULUI
AB,SCOALA GENERALA CLASELE I - VIII LANCRAM / AB,10,direct_whole_name_match,144,SCOALA GENERALA CLASELE I - VIII LANCRAM
AB,SCOALA GENERALA CLASELE I - VIII LAZESTI / AB,5,direct_whole_name_match,230,SCOALA GENERALA CLASELE I - VIII LAZESTI
AB,SCOALA GENERALA CLASELE I - VIII LOMAN / AB,4,direct_whole_name_match,227,SCOALA GENERALA CLASELE I - VIII LOMAN
AB,SCOALA GENERALA CLASELE I - VIII MANARADE / AB,6,direct_whole_name_match,128,SCOALA GENERALA CLASELE I - VIII MANARADE
AB,SCOALA GENERALA CLASELE I - VIII MATISESTI / AB,2,direct_whole_name_match,182,SCOALA GENERALA CLASELE I - VIII MATISESTI
AB,SCOALA GENERALA CLASELE I - VIII MICESTI / AB,14,direct_whole_name_match,114,SCOALA GENERALA CLASELE I - VIII MICESTI
AB,SCOALA GENERALA CLASELE I - VIII MIHOESTI / AB,7,direct_whole_name_match,130,SCOALA GENERALA CLASELE I - VIII MIHOESTI
AB,SCOALA GENERALA CLASELE I - VIII MUSCA / AB,20,direct_whole_name_match,198,SCOALA GENERALA CLASELE I - VIII MUSCA
AB,SCOALA GENERALA CLASELE I - VIII NR 1 BLAJ / AB,95,direct_whole_name_match,124,SCOALA GENERALA CLASELE I - VIII NR 1 BLAJ
AB,SCOALA GENERALA CLASELE I - VIII NR 2 BLAJ / AB,1,direct_whole_name_match,125,SCOALA GENERALA CLASELE I - VIII NR 2 BLAJ
AB,SCOALA GENERALA CLASELE I - VIII NR 3 TIUR / AB,3,direct_whole_name_match,126,SCOALA GENERALA CLASELE I - VIII NR 3 TIUR
AB,SCOALA GENERALA CLASELE I - VIII NR 4 BLAJ / AB,10,direct_whole_name_match,127,SCOALA GENERALA CLASELE I - VIII NR 4 BLAJ
AB,"SCOALA GENERALA CLASELE I - VIII NR.1 ""OVIDIU HULE / AB",144,direct_whole_name_match,119,"SCOALA GENERALA CLASELE I - VIII NR.1 ""OVIDIU HULE"
AB,"SCOALA GENERALA CLASELE I - VIII NR.1 ""VASILE GOLD / AB",142,direct_whole_name_match,108,"SCOALA GENERALA CLASELE I - VIII NR.1 ""VASILE GOLD"
AB,SCOALA GENERALA CLASELE I - VIII NR.1 CUGIR / AB,38,direct_whole_name_match,132,SCOALA GENERALA CLASELE I - VIII NR.1 CUGIR
AB,SCOALA GENERALA CLASELE I - VIII NR.1 SEBES / AB,27,direct_whole_name_match,139,SCOALA GENERALA CLASELE I - VIII NR.1 SEBES
AB,"SCOALA GENERALA CLASELE I - VIII NR.2 ""ION BERCIU"" / AB",69,direct_whole_name_match,109,"SCOALA GENERALA CLASELE I - VIII NR.2 ""ION BERCIU"""
AB,SCOALA GENERALA CLASELE I - VIII NR.2 AIUD / AB,2,direct_whole_name_match,120,SCOALA GENERALA CLASELE I - VIII NR.2 AIUD
AB,SCOALA GENERALA CLASELE I - VIII NR.2 CUGIR / AB,68,direct_whole_name_match,133,SCOALA GENERALA CLASELE I - VIII NR.2 CUGIR
AB,SCOALA GENERALA CLASELE I - VIII NR.2 SEBES / AB,75,direct_whole_name_match,140,SCOALA GENERALA CLASELE I - VIII NR.2 SEBES
AB,"SCOALA GENERALA CLASELE I - VIII NR.3 ""AVRAM IANCU / AB",49,direct_whole_name_match,110,"SCOALA GENERALA CLASELE I - VIII NR.3 ""AVRAM IANCU"
AB,"SCOALA GENERALA CLASELE I - VIII NR.3 ""AXENTE SEVE / AB",79,direct_whole_name_match,121,"SCOALA GENERALA CLASELE I - VIII NR.3 ""AXENTE SEVE"
AB,SCOALA GENERALA CLASELE I - VIII NR.3 CUGIR / AB,98,direct_whole_name_match,276,SCOALA GENERALA CLASELE I - VIII NR.3 CUGIR
AB,SCOALA GENERALA CLASELE I - VIII NR.3 SEBES / AB,81,direct_whole_name_match,141,SCOALA GENERALA CLASELE I - VIII NR.3 SEBES
AB,SCOALA GENERALA CLASELE I - VIII NR.4 CUGIR / AB,76,direct_whole_name_match,101,SCOALA GENERALA CLASELE I - VIII NR.4 CUGIR
AB,"SCOALA GENERALA CLASELE I - VIII NR.6 ""ION AGARBIC / AB",75,direct_whole_name_match,111,"SCOALA GENERALA CLASELE I - VIII NR.6 ""ION AGARBIC"
AB,"SCOALA GENERALA CLASELE I - VIII NR.7 ""MIHAI EMINE / AB",97,direct_whole_name_match,274,"SCOALA GENERALA CLASELE I - VIII NR.7 ""MIHAI EMINE"
AB,SCOALA GENERALA CLASELE I - VIII OARDA / AB,13,direct_whole_name_match,115,SCOALA GENERALA CLASELE I - VIII OARDA
AB,SCOALA GENERALA CLASELE I - VIII PANADE / AB,2,direct_whole_name_match,232,SCOALA GENERALA CLASELE I - VIII PANADE
AB,SCOALA GENERALA CLASELE I - VIII PETRESTI / AB,30,direct_whole_name_match,142,SCOALA GENERALA CLASELE I - VIII PETRESTI
AB,SCOALA GENERALA CLASELE I - VIII PIANU DE JOS / AB,7,direct_whole_name_match,211,SCOALA GENERALA CLASELE I - VIII PIANU DE JOS
AB,SCOALA GENERALA CLASELE I - VIII PONOREL / AB,4,direct_whole_name_match,252,SCOALA GENERALA CLASELE I - VIII PONOREL
AB,SCOALA GENERALA CLASELE I - VIII POSAGA DE SUS / AB,4,direct_whole_name_match,216,SCOALA GENERALA CLASELE I - VIII POSAGA DE SUS
AB,SCOALA GENERALA CLASELE I - VIII RAHAU-SEBES / AB,7,direct_whole_name_match,143,SCOALA GENERALA CLASELE I - VIII RAHAU-SEBES
AB,SCOALA GENERALA CLASELE I - VIII RAZBOIENI / AB,14,direct_whole_name_match,138,SCOALA GENERALA CLASELE I - VIII RAZBOIENI
AB,SCOALA GENERALA CLASELE I - VIII SAMBRIAS / MS,1,outside_county_origin,,
AB,SCOALA GENERALA CLASELE I - VIII SARD / AB,2,direct_whole_name_match,185,SCOALA GENERALA CLASELE I - VIII SARD
AB,SCOALA GENERALA CLASELE I - VIII SINMICLAUS / AB,3,ambiguous_same_directory_name,206 | 240,*SCOALA GENERALA CLASELE I - VIII SINMICLAUS | SCOALA GENERALA CLASELE I - VIII SINMICLAUS
AB,SCOALA GENERALA CLASELE I - VIII TAUTI / AB,1,direct_whole_name_match,201,SCOALA GENERALA CLASELE I - VIII TAUTI
AB,SCOALA GENERALA CLASELE I - VIII TELNA / AB,9,direct_whole_name_match,186,SCOALA GENERALA CLASELE I - VIII TELNA
AB,SCOALA GENERALA CLASELE I - VIII TIRSA / AB,5,direct_whole_name_match,151,SCOALA GENERALA CLASELE I - VIII TIRSA
AB,SCOALA GENERALA CLASELE I - VIII UIOARA DE SUS / AB,8,direct_whole_name_match,137,SCOALA GENERALA CLASELE I - VIII UIOARA DE SUS
AB,SCOALA GENERALA CLASELE I - VIII UNIREA II / AB,6,direct_whole_name_match,248,SCOALA GENERALA CLASELE I - VIII UNIREA II
AB,SCOALA GENERALA CLASELE I - VIII VALEA LARGA / MS,1,outside_county_origin,,
AB,SCOALA GENERALA CLASELE I - VIII VINEREA / AB,18,direct_whole_name_match,134,SCOALA GENERALA CLASELE I - VIII VINEREA
AB,SCOALA GENERALA CLASELE I - VIII VINGARD / AB,4,direct_whole_name_match,243,SCOALA GENERALA CLASELE I - VIII VINGARD
AB,SCOALA GENERALA CLASELE I - VIII VIRSI / AB,6,direct_whole_name_match,131,SCOALA GENERALA CLASELE I - VIII VIRSI
AB,"SCOALA GENERALA CLASELE I-VIII ""DAVID PRODAN"" SALI / AB",3,direct_whole_name_match,224,"SCOALA GENERALA CLASELE I-VIII ""DAVID PRODAN"" SALI"
AB,"SCOALA GENERALA CLASELE I-VIII ""DR.PETRU SPAN"" LUP / AB",15,direct_whole_name_match,197,"SCOALA GENERALA CLASELE I-VIII ""DR.PETRU SPAN"" LUP"
AB,SCOALA GENERALA CLASELE I-VIII ALBAC / AB,8,direct_whole_name_match,147,SCOALA GENERALA CLASELE I-VIII ALBAC
AB,SCOALA GENERALA CLASELE I-VIII ALMASU MARE / AB,4,direct_whole_name_match,148,SCOALA GENERALA CLASELE I-VIII ALMASU MARE
AB,SCOALA GENERALA CLASELE I-VIII ARIESENI / AB,4,direct_whole_name_match,149,SCOALA GENERALA CLASELE I-VIII ARIESENI
AB,SCOALA GENERALA CLASELE I-VIII AVRAM IANCU / AB,3,direct_whole_name_match,150,SCOALA GENERALA CLASELE I-VIII AVRAM IANCU
AB,SCOALA GENERALA CLASELE I-VIII BERGHIN / AB,1,direct_whole_name_match,152,SCOALA GENERALA CLASELE I-VIII BERGHIN
AB,SCOALA GENERALA CLASELE I-VIII BISTRA / AB,54,direct_whole_name_match,155,SCOALA GENERALA CLASELE I-VIII BISTRA
AB,SCOALA GENERALA CLASELE I-VIII BLANDIANA / AB,3,direct_whole_name_match,154,SCOALA GENERALA CLASELE I-VIII BLANDIANA
AB,SCOALA GENERALA CLASELE I-VIII BUCIUM / AB,7,direct_whole_name_match,157,SCOALA GENERALA CLASELE I-VIII BUCIUM
AB,SCOALA GENERALA CLASELE I-VIII CENADE / AB,2,direct_whole_name_match,159,SCOALA GENERALA CLASELE I-VIII CENADE
AB,SCOALA GENERALA CLASELE I-VIII CERGAU MARE / AB,5,direct_whole_name_match,160,SCOALA GENERALA CLASELE I-VIII CERGAU MARE
AB,SCOALA GENERALA CLASELE I-VIII CILNIC / AB,9,direct_whole_name_match,166,SCOALA GENERALA CLASELE I-VIII CILNIC
AB,SCOALA GENERALA CLASELE I-VIII CIURULEASA / AB,5,direct_whole_name_match,164,SCOALA GENERALA CLASELE I-VIII CIURULEASA
AB,SCOALA GENERALA CLASELE I-VIII CRACIUNELU DE JOS / AB,9,direct_whole_name_match,169,SCOALA GENERALA CLASELE I-VIII CRACIUNELU DE JOS
AB,SCOALA GENERALA CLASELE I-VIII DAIA ROMANA / AB,21,direct_whole_name_match,171,SCOALA GENERALA CLASELE I-VIII DAIA ROMANA
AB,SCOALA GENERALA CLASELE I-VIII DOSTAT / AB,2,direct_whole_name_match,172,SCOALA GENERALA CLASELE I-VIII DOSTAT
AB,SCOALA GENERALA CLASELE I-VIII GALDA DE JOS / AB,13,direct_whole_name_match,174,SCOALA GENERALA CLASELE I-VIII GALDA DE JOS
AB,SCOALA GENERALA CLASELE I-VIII GIRBOVA / AB,6,direct_whole_name_match,123,SCOALA GENERALA CLASELE I-VIII GIRBOVA
AB,SCOALA GENERALA CLASELE I-VIII GIRBOVA DE JOS / AB,7,direct_whole_name_match,176,SCOALA GENERALA CLASELE I-VIII GIRBOVA DE JOS
AB,SCOALA GENERALA CLASELE I-VIII GIRDA DE SUS / AB,10,direct_whole_name_match,177,SCOALA GENERALA CLASELE I-VIII GIRDA DE SUS
AB,SCOALA GENERALA CLASELE I-VIII HOPIRTA / AB,1,direct_whole_name_match,179,SCOALA GENERALA CLASELE I-VIII HOPIRTA
AB,SCOALA GENERALA CLASELE I-VIII HOREA / AB,5,direct_whole_name_match,181,SCOALA GENERALA CLASELE I-VIII HOREA
AB,SCOALA GENERALA CLASELE I-VIII IGHIU / AB,7,direct_whole_name_match,183,SCOALA GENERALA CLASELE I-VIII IGHIU
AB,SCOALA GENERALA CLASELE I-VIII INTREGALDE / AB,4,direct_whole_name_match,187,SCOALA GENERALA CLASELE I-VIII INTREGALDE
AB,SCOALA GENERALA CLASELE I-VIII LIVEZILE / AB,18,direct_whole_name_match,192,SCOALA GENERALA CLASELE I-VIII LIVEZILE
AB,SCOALA GENERALA CLASELE I-VIII LUNCA MURESULUI / AB,7,direct_whole_name_match,196,SCOALA GENERALA CLASELE I-VIII LUNCA MURESULUI
AB,SCOALA GENERALA CLASELE I-VIII METES / AB,3,direct_whole_name_match,199,SCOALA GENERALA CLASELE I-VIII METES
AB,SCOALA GENERALA CLASELE I-VIII MIHALT / AB,17,direct_whole_name_match,202,SCOALA GENERALA CLASELE I-VIII MIHALT
AB,SCOALA GENERALA CLASELE I-VIII MIRASLAU / AB,3,direct_whole_name_match,204,SCOALA GENERALA CLASELE I-VIII MIRASLAU
AB,SCOALA GENERALA CLASELE I-VIII MOGOS / AB,6,direct_whole_name_match,205,SCOALA GENERALA CLASELE I-VIII MOGOS
AB,SCOALA GENERALA CLASELE I-VIII NOSLAC / AB,2,direct_whole_name_match,207,SCOALA GENERALA CLASELE I-VIII NOSLAC
AB,SCOALA GENERALA CLASELE I-VIII NR 1 CETATEA DE BAL / AB,3,direct_whole_name_match,162,SCOALA GENERALA CLASELE I-VIII NR 1 CETATEA DE BAL
AB,SCOALA GENERALA CLASELE I-VIII NR.1 CRICAU / AB,6,direct_whole_name_match,168,SCOALA GENERALA CLASELE I-VIII NR.1 CRICAU
AB,SCOALA GENERALA CLASELE I-VIII NR.4 SEBES / AB,15,direct_whole_name_match,262,SCOALA GENERALA CLASELE I-VIII NR.4 SEBES
AB,SCOALA GENERALA CLASELE I-VIII OBREJA / AB,5,direct_whole_name_match,203,SCOALA GENERALA CLASELE I-VIII OBREJA
AB,SCOALA GENERALA CLASELE I-VIII OCOLIS / AB,1,direct_whole_name_match,209,SCOALA GENERALA CLASELE I-VIII OCOLIS
AB,SCOALA GENERALA CLASELE I-VIII OHABA / AB,1,direct_whole_name_match,210,SCOALA GENERALA CLASELE I-VIII OHABA
AB,SCOALA GENERALA CLASELE I-VIII PIANU DE SUS / AB,8,direct_whole_name_match,266,SCOALA GENERALA CLASELE I-VIII PIANU DE SUS
AB,SCOALA GENERALA CLASELE I-VIII POIANA VADULUI / AB,4,direct_whole_name_match,213,SCOALA GENERALA CLASELE I-VIII POIANA VADULUI
AB,SCOALA GENERALA CLASELE I-VIII PONOR / AB,2,direct_whole_name_match,214,SCOALA GENERALA CLASELE I-VIII PONOR
AB,SCOALA GENERALA CLASELE I-VIII POSAGA DE JOS / AB,1,direct_whole_name_match,215,SCOALA GENERALA CLASELE I-VIII POSAGA DE JOS
AB,SCOALA GENERALA CLASELE I-VIII RADESTI / AB,5,direct_whole_name_match,217,SCOALA GENERALA CLASELE I-VIII RADESTI
AB,SCOALA GENERALA CLASELE I-VIII RIMET / AB,1,direct_whole_name_match,219,SCOALA GENERALA CLASELE I-VIII RIMET
AB,SCOALA GENERALA CLASELE I-VIII ROSIA DE SECAS / AB,5,direct_whole_name_match,222,SCOALA GENERALA CLASELE I-VIII ROSIA DE SECAS
AB,SCOALA GENERALA CLASELE I-VIII ROSIA MONTANA / AB,14,direct_whole_name_match,220,SCOALA GENERALA CLASELE I-VIII ROSIA MONTANA
AB,SCOALA GENERALA CLASELE I-VIII SALCIUA / AB,12,direct_whole_name_match,223,SCOALA GENERALA CLASELE I-VIII SALCIUA
AB,SCOALA GENERALA CLASELE I-VIII SASCIORI / AB,16,direct_whole_name_match,225,SCOALA GENERALA CLASELE I-VIII SASCIORI
AB,SCOALA GENERALA CLASELE I-VIII SCARISOARA / AB,9,direct_whole_name_match,229,SCOALA GENERALA CLASELE I-VIII SCARISOARA
AB,SCOALA GENERALA CLASELE I-VIII SIBOT / AB,8,direct_whole_name_match,237,SCOALA GENERALA CLASELE I-VIII SIBOT
AB,SCOALA GENERALA CLASELE I-VIII SINCEL / AB,8,direct_whole_name_match,231,SCOALA GENERALA CLASELE I-VIII SINCEL
AB,SCOALA GENERALA CLASELE I-VIII SINTIMBRU / AB,3,direct_whole_name_match,233,SCOALA GENERALA CLASELE I-VIII SINTIMBRU
AB,SCOALA GENERALA CLASELE I-VIII SOHODOL / AB,11,direct_whole_name_match,234,SCOALA GENERALA CLASELE I-VIII SOHODOL
AB,SCOALA GENERALA CLASELE I-VIII SONA / AB,8,direct_whole_name_match,238,SCOALA GENERALA CLASELE I-VIII SONA
AB,SCOALA GENERALA CLASELE I-VIII SPRING / AB,4,direct_whole_name_match,241,SCOALA GENERALA CLASELE I-VIII SPRING
AB,SCOALA GENERALA CLASELE I-VIII STREMT / AB,10,direct_whole_name_match,235,SCOALA GENERALA CLASELE I-VIII STREMT
AB,SCOALA GENERALA CLASELE I-VIII SUGAG / AB,23,direct_whole_name_match,245,SCOALA GENERALA CLASELE I-VIII SUGAG
AB,SCOALA GENERALA CLASELE I-VIII UNIREA I / AB,11,direct_whole_name_match,247,SCOALA GENERALA CLASELE I-VIII UNIREA I
AB,SCOALA GENERALA CLASELE I-VIII VADU MOTILOR / AB,22,direct_whole_name_match,249,SCOALA GENERALA CLASELE I-VIII VADU MOTILOR
AB,SCOALA GENERALA CLASELE I-VIII VALEA LUNGA / AB,9,direct_whole_name_match,250,SCOALA GENERALA CLASELE I-VIII VALEA LUNGA
AB,SCOALA GENERALA CLASELE I-VIII VIDRA / AB,5,direct_whole_name_match,251,SCOALA GENERALA CLASELE I-VIII VIDRA
AB,SCOALA GENERALA CLASELE I-VIII VINTU DE JOS / AB,31,direct_whole_name_match,253,SCOALA GENERALA CLASELE I-VIII VINTU DE JOS
AB,SCOALA GENERALA CLASELE I-VIII ZLATNA / AB,65,direct_whole_name_match,277,SCOALA GENERALA CLASELE I-VIII ZLATNA
AB,"SCOALA GENERALA CLS I - VIII ""I.D.SARBU"" PETRILA / HD",1,outside_county_origin,,
AB,SCOALA GENERALA CLS I - VIII NR 1 LUPENI / HD,1,outside_county_origin,,
AB,SCOALA GENERALA CLS I - VIII NR 4 VULCAN / HD,1,outside_county_origin,,
AB,SCOALA GENERALA CLS I - VIII NR 6 HUNEDOARA / HD,1,outside_county_origin,,
AB,SCOALA GENERALA NR 3 CU  CLASELE I-VIII CORABIA / OT,1,outside_county_origin,,
AB,scoala cu clasele I-VIII Dorobantu / CT,1,outside_county_origin,,
AR,CENTRUL SCOLAR (SPECIAL) ARAD / AR,4,direct_whole_name_match,228,CENTRUL SCOLAR (SPECIAL) ARAD
AR,"COLEGIUL NATIONAL ""ELENA GHIBA BIRTA"" ARAD / AR",64,direct_whole_name_match,102,"COLEGIUL NATIONAL ""ELENA GHIBA BIRTA"" ARAD"
AR,"COLEGIUL NATIONAL ""MOISE NICOARA"" ARAD / AR",70,direct_whole_name_match,101,"COLEGIUL NATIONAL ""MOISE NICOARA"" ARAD"
AR,GRUP SCOLAR CU PROFIL SPORTIV DEVA / HD,1,outside_county_origin,,
AR,GRUP SCOLAR CURTICI / AR,38,direct_whole_name_match,138,GRUP SCOLAR CURTICI
AR,GRUP SCOLAR FELDRU / BN,1,outside_county_origin,,
AR,GRUP SCOLAR INDUSTRIAL MINIER ANINA / CS,1,outside_county_origin,,
AR,GRUP SCOLAR PINCOTA / AR,48,direct_whole_name_match,121,GRUP SCOLAR PINCOTA
AR,"GRUPUL SCOLAR ""GH.LAZAR"" PECICA / AR",50,direct_whole_name_match,105,"GRUPUL SCOLAR ""GH.LAZAR"" PECICA"
AR,"GRUPUL SCOLAR ""MIHAI VELICIU"" CHISINEU-CRIS / AR",64,direct_whole_name_match,107,"GRUPUL SCOLAR ""MIHAI VELICIU"" CHISINEU-CRIS"
AR,"GRUPUL SCOLAR ""NICOLAE BALCESCU"" FLAMINZI / BT",4,outside_county_origin,,
AR,GRUPUL SCOLAR BELIU / AR,25,direct_whole_name_match,227,GRUPUL SCOLAR BELIU
AR,GRUPUL SCOLAR CERMEI / AR,15,direct_whole_name_match,122,GRUPUL SCOLAR CERMEI
AR,"GRUPUL SCOLAR INDUSTRIAL ""ATANASIE MARIENESCU"" LIP / AR",121,direct_whole_name_match,110,"GRUPUL SCOLAR INDUSTRIAL ""ATANASIE MARIENESCU"" LIP"
AR,"GRUPUL SCOLAR INDUSTRIAL ""ION BUTEANU"" GURAHONT / AR",67,direct_whole_name_match,109,"GRUPUL SCOLAR INDUSTRIAL ""ION BUTEANU"" GURAHONT"
AR,"GRUPUL SCOLAR INDUSTRIAL ""J GREGOR TAJOVSKI"" NADLA / AR",57,direct_whole_name_match,104,"GRUPUL SCOLAR INDUSTRIAL ""J GREGOR TAJOVSKI"" NADLA"
AR,"GRUPUL SCOLAR INDUSTRIAL ""MIHAI VITEAZU"" INEU / AR",104,direct_whole_name_match,231,"GRUPUL SCOLAR INDUSTRIAL ""MIHAI VITEAZU"" INEU"
AR,GRUPUL SCOLAR INDUSTRIAL SEBIS / AR,70,direct_whole_name_match,108,GRUPUL SCOLAR INDUSTRIAL SEBIS
AR,GRUPUL SCOLAR SAVARSIN / AR,27,direct_whole_name_match,123,GRUPUL SCOLAR SAVARSIN
AR,LIC.TEORETIC SALONTA / BH,1,outside_county_origin,,
AR,"LICEUL DE ARTA ""SABIN DRAGOI"" ARAD / AR",16,direct_whole_name_match,234,"LICEUL DE ARTA ""SABIN DRAGOI"" ARAD"
AR,"LICEUL PEDAGOGIC ""DIMITRIE TICHINDEAL"" ARAD / AR",29,direct_whole_name_match,111,"LICEUL PEDAGOGIC ""DIMITRIE TICHINDEAL"" ARAD"
AR,"LICEUL TEORETIC ""ADAM MULLER GUTTENBRUNN"" (LIMBA G / AR",64,direct_whole_name_match,103,"LICEUL TEORETIC ""ADAM MULLER GUTTENBRUNN"" (LIMBA G"
AR,"SC. CU CLASELE I-VIII ""I. CREANGA"" TG FRUMOS / IS",1,outside_county_origin,,
AR,"SC.CU CLS.I-VIII ""M.POMPILIU"" STEI / BH",1,outside_county_origin,,
AR,SC.CU CLS.I-VIII CALACEA / BH,1,outside_county_origin,,
AR,SC.CU CLS.I-VIII NR 14 SEVERIN / MH,1,outside_county_origin,,
AR,SC.CU CLS.I-VIII OLCEA / BH,1,outside_county_origin,,
AR,SC.CU CLS.I-VIII TALPOS / BH,1,outside_county_origin,,
AR,SC.CU CLS.I-VIII TOPA DE SUS / BH,1,outside_county_origin,,
AR,SCOALA CU CL.I-VIII NR.2 TIMISOARA / TM,1,outside_county_origin,,
AR,"SCOALA CU CLASELE I-VIII ""ADAM MULLER GUTTENBRUNN"" / AR",15,direct_whole_name_match,213,"SCOALA CU CLASELE I-VIII ""ADAM MULLER GUTTENBRUNN"""
AR,"SCOALA CU CLASELE I-VIII ""AUREL VLAICU"" ARAD / AR",79,direct_whole_name_match,229,"SCOALA CU CLASELE I-VIII ""AUREL VLAICU"" ARAD"
AR,"SCOALA CU CLASELE I-VIII ""AVRAM IANCU"" ARAD / AR",80,direct_whole_name_match,233,"SCOALA CU CLASELE I-VIII ""AVRAM IANCU"" ARAD"
AR,"SCOALA CU CLASELE I-VIII ""GHEORGHE GROZA"" MONEASA / AR",9,direct_whole_name_match,171,"SCOALA CU CLASELE I-VIII ""GHEORGHE GROZA"" MONEASA"
AR,"SCOALA CU CLASELE I-VIII ""IOAN OPRIS"" (NR. 8) TURD / CJ",1,outside_county_origin,,
AR,"SCOALA CU CLASELE I-VIII ""SFANTA ANA"" SINTANA / AR",72,direct_whole_name_match,188,"SCOALA CU CLASELE I-VIII ""SFANTA ANA"" SINTANA"
AR,"SCOALA CU CLASELE I-VIII ""STEFAN AUGUSTIN DOINAS"" / AR",6,direct_whole_name_match,189,"SCOALA CU CLASELE I-VIII ""STEFAN AUGUSTIN DOINAS"""
AR,SCOALA CU CLASELE I-VIII ADEA / AR,1,direct_whole_name_match,225,SCOALA CU CLASELE I-VIII ADEA
AR,SCOALA CU CLASELE I-VIII AGRISU MARE / AR,10,direct_whole_name_match,205,SCOALA CU CLASELE I-VIII AGRISU MARE
AR,SCOALA CU CLASELE I-VIII ALMAS / AR,24,direct_whole_name_match,141,SCOALA CU CLASELE I-VIII ALMAS
AR,SCOALA CU CLASELE I-VIII ANDREI SAGUNA / AR,12,direct_whole_name_match,218,SCOALA CU CLASELE I-VIII ANDREI SAGUNA
AR,SCOALA CU CLASELE I-VIII APATEU / AR,14,direct_whole_name_match,142,SCOALA CU CLASELE I-VIII APATEU
AR,SCOALA CU CLASELE I-VIII AVRAM IANCU-VIRFURILE / AR,6,direct_whole_name_match,212,SCOALA CU CLASELE I-VIII AVRAM IANCU-VIRFURILE
AR,SCOALA CU CLASELE I-VIII BERECHIU / AR,3,direct_whole_name_match,143,SCOALA CU CLASELE I-VIII BERECHIU
AR,SCOALA CU CLASELE I-VIII BIRCHIS / AR,8,direct_whole_name_match,145,SCOALA CU CLASELE I-VIII BIRCHIS
AR,SCOALA CU CLASELE I-VIII BIRSA / AR,14,direct_whole_name_match,147,SCOALA CU CLASELE I-VIII BIRSA
AR,SCOALA CU CLASELE I-VIII BIRZAVA / AR,18,direct_whole_name_match,148,SCOALA CU CLASELE I-VIII BIRZAVA
AR,SCOALA CU CLASELE I-VIII BLAGESTI / VS,1,outside_county_origin,,
AR,SCOALA CU CLASELE I-VIII BOCSIG / AR,10,direct_whole_name_match,149,SCOALA CU CLASELE I-VIII BOCSIG
AR,SCOALA CU CLASELE I-VIII BOGATA / SV,4,outside_county_origin,,
AR,SCOALA CU CLASELE I-VIII BUTENI / AR,16,direct_whole_name_match,151,SCOALA CU CLASELE I-VIII BUTENI
AR,SCOALA CU CLASELE I-VIII CAPALNAS / AR,6,direct_whole_name_match,146,SCOALA CU CLASELE I-VIII CAPALNAS
AR,SCOALA CU CLASELE I-VIII CARAND / AR,5,direct_whole_name_match,153,SCOALA CU CLASELE I-VIII CARAND
AR,SCOALA CU CLASELE I-VIII CHERELUS / AR,1,direct_whole_name_match,196,SCOALA CU CLASELE I-VIII CHERELUS
AR,SCOALA CU CLASELE I-VIII CHESINT / AR,7,direct_whole_name_match,214,SCOALA CU CLASELE I-VIII CHESINT
AR,SCOALA CU CLASELE I-VIII CHIER / AR,9,direct_whole_name_match,206,SCOALA CU CLASELE I-VIII CHIER
AR,SCOALA CU CLASELE I-VIII CHISINDIA / AR,9,direct_whole_name_match,154,SCOALA CU CLASELE I-VIII CHISINDIA
AR,SCOALA CU CLASELE I-VIII CINTEI / AR,9,direct_whole_name_match,216,SCOALA CU CLASELE I-VIII CINTEI
AR,SCOALA CU CLASELE I-VIII CONOP / AR,16,direct_whole_name_match,155,SCOALA CU CLASELE I-VIII CONOP
AR,SCOALA CU CLASELE I-VIII COVASINT / AR,11,direct_whole_name_match,156,SCOALA CU CLASELE I-VIII COVASINT
AR,SCOALA CU CLASELE I-VIII CRAIVA / AR,7,direct_whole_name_match,157,SCOALA CU CLASELE I-VIII CRAIVA
AR,SCOALA CU CLASELE I-VIII CUIED / AR,7,direct_whole_name_match,152,SCOALA CU CLASELE I-VIII CUIED
AR,SCOALA CU CLASELE I-VIII DEZNA / AR,9,direct_whole_name_match,159,SCOALA CU CLASELE I-VIII DEZNA
AR,SCOALA CU CLASELE I-VIII DIECI / AR,5,direct_whole_name_match,223,SCOALA CU CLASELE I-VIII DIECI
AR,SCOALA CU CLASELE I-VIII DOROBANTI / AR,5,direct_whole_name_match,139,SCOALA CU CLASELE I-VIII DOROBANTI
AR,SCOALA CU CLASELE I-VIII DRAUT / AR,7,direct_whole_name_match,207,SCOALA CU CLASELE I-VIII DRAUT
AR,SCOALA CU CLASELE I-VIII FELNAC / AR,9,direct_whole_name_match,161,SCOALA CU CLASELE I-VIII FELNAC
AR,SCOALA CU CLASELE I-VIII FINTINELE / AR,11,direct_whole_name_match,236,SCOALA CU CLASELE I-VIII FINTINELE
AR,SCOALA CU CLASELE I-VIII FISCUT / AR,2,direct_whole_name_match,192,SCOALA CU CLASELE I-VIII FISCUT
AR,SCOALA CU CLASELE I-VIII FRUMUSENI / AR,4,direct_whole_name_match,131,SCOALA CU CLASELE I-VIII FRUMUSENI
AR,SCOALA CU CLASELE I-VIII GALSA / AR,27,direct_whole_name_match,201,SCOALA CU CLASELE I-VIII GALSA
AR,SCOALA CU CLASELE I-VIII GHIOROC / AR,19,direct_whole_name_match,163,SCOALA CU CLASELE I-VIII GHIOROC
AR,SCOALA CU CLASELE I-VIII GRANICERI / AR,6,direct_whole_name_match,164,SCOALA CU CLASELE I-VIII GRANICERI
AR,SCOALA CU CLASELE I-VIII GROSENI / AR,1,direct_whole_name_match,144,SCOALA CU CLASELE I-VIII GROSENI
AR,SCOALA CU CLASELE I-VIII GURBA / AR,4,direct_whole_name_match,197,SCOALA CU CLASELE I-VIII GURBA
AR,SCOALA CU CLASELE I-VIII HALMAGEL / AR,7,direct_whole_name_match,166,SCOALA CU CLASELE I-VIII HALMAGEL
AR,SCOALA CU CLASELE I-VIII HALMAGIU / AR,22,direct_whole_name_match,117,SCOALA CU CLASELE I-VIII HALMAGIU
AR,SCOALA CU CLASELE I-VIII HASMAS / AR,4,direct_whole_name_match,167,SCOALA CU CLASELE I-VIII HASMAS
AR,SCOALA CU CLASELE I-VIII HORIA / AR,24,direct_whole_name_match,135,SCOALA CU CLASELE I-VIII HORIA
AR,SCOALA CU CLASELE I-VIII IACOBINI / AR,7,direct_whole_name_match,150,SCOALA CU CLASELE I-VIII IACOBINI
AR,SCOALA CU CLASELE I-VIII IRATOSU / AR,10,direct_whole_name_match,168,SCOALA CU CLASELE I-VIII IRATOSU
AR,SCOALA CU CLASELE I-VIII LIVADA-ARAD / AR,10,direct_whole_name_match,132,SCOALA CU CLASELE I-VIII LIVADA-ARAD
AR,SCOALA CU CLASELE I-VIII LIVENI / BT,1,outside_county_origin,,
AR,SCOALA CU CLASELE I-VIII MACEA / AR,23,direct_whole_name_match,118,SCOALA CU CLASELE I-VIII MACEA
AR,SCOALA CU CLASELE I-VIII MADERAT / AR,7,direct_whole_name_match,140,SCOALA CU CLASELE I-VIII MADERAT
AR,SCOALA CU CLASELE I-VIII MANASTUR / AR,4,direct_whole_name_match,210,SCOALA CU CLASELE I-VIII MANASTUR
AR,SCOALA CU CLASELE I-VIII MARGAU COM. MARGAU / CJ,2,outside_county_origin,,
AR,SCOALA CU CLASELE I-VIII MINDRULOC / AR,7,direct_whole_name_match,136,SCOALA CU CLASELE I-VIII MINDRULOC
AR,SCOALA CU CLASELE I-VIII MISCA-CRIS / AR,4,direct_whole_name_match,226,SCOALA CU CLASELE I-VIII MISCA-CRIS
AR,SCOALA CU CLASELE I-VIII MORODA / AR,5,direct_whole_name_match,184,SCOALA CU CLASELE I-VIII MORODA
AR,SCOALA CU CLASELE I-VIII NADAB / AR,5,direct_whole_name_match,137,SCOALA CU CLASELE I-VIII NADAB
AR,SCOALA CU CLASELE I-VIII NADAS / AR,5,direct_whole_name_match,203,SCOALA CU CLASELE I-VIII NADAS
AR,SCOALA CU CLASELE I-VIII NR  1 ARAD / AR,103,direct_whole_name_match,112,SCOALA CU CLASELE I-VIII NR  1 ARAD
AR,SCOALA CU CLASELE I-VIII NR  2 ARAD / AR,25,direct_whole_name_match,124,SCOALA CU CLASELE I-VIII NR  2 ARAD
AR,SCOALA CU CLASELE I-VIII NR  2 PECICA / AR,21,direct_whole_name_match,106,SCOALA CU CLASELE I-VIII NR  2 PECICA
AR,SCOALA CU CLASELE I-VIII NR  2 SINTANA / AR,21,direct_whole_name_match,221,SCOALA CU CLASELE I-VIII NR  2 SINTANA
AR,SCOALA CU CLASELE I-VIII NR  3 ARAD / AR,49,direct_whole_name_match,125,SCOALA CU CLASELE I-VIII NR  3 ARAD
AR,SCOALA CU CLASELE I-VIII NR  4 ARAD / AR,133,direct_whole_name_match,115,SCOALA CU CLASELE I-VIII NR  4 ARAD
AR,SCOALA CU CLASELE I-VIII NR  5 ARAD / AR,88,direct_whole_name_match,120,SCOALA CU CLASELE I-VIII NR  5 ARAD
AR,SCOALA CU CLASELE I-VIII NR  6 ARAD / AR,47,direct_whole_name_match,222,SCOALA CU CLASELE I-VIII NR  6 ARAD
AR,SCOALA CU CLASELE I-VIII NR  7 ARAD / AR,21,direct_whole_name_match,126,SCOALA CU CLASELE I-VIII NR  7 ARAD
AR,SCOALA CU CLASELE I-VIII NR  8 ARAD / AR,3,direct_whole_name_match,113,SCOALA CU CLASELE I-VIII NR  8 ARAD
AR,SCOALA CU CLASELE I-VIII NR  9 ARAD / AR,26,direct_whole_name_match,114,SCOALA CU CLASELE I-VIII NR  9 ARAD
AR,SCOALA CU CLASELE I-VIII NR 1 BAIA / SV,4,outside_county_origin,,
AR,SCOALA CU CLASELE I-VIII NR 1 CEHU SILVANIEI / SJ,1,outside_county_origin,,
AR,SCOALA CU CLASELE I-VIII NR 1 FLAMINZI / BT,1,outside_county_origin,,
AR,SCOALA CU CLASELE I-VIII NR 1 PLESESTI / SV,1,outside_county_origin,,
AR,SCOALA CU CLASELE I-VIII NR 10 ARAD / AR,37,direct_whole_name_match,127,SCOALA CU CLASELE I-VIII NR 10 ARAD
AR,SCOALA CU CLASELE I-VIII NR 11 ARAD / AR,48,direct_whole_name_match,128,SCOALA CU CLASELE I-VIII NR 11 ARAD
AR,SCOALA CU CLASELE I-VIII NR 12 ARAD / AR,130,direct_whole_name_match,130,SCOALA CU CLASELE I-VIII NR 12 ARAD
AR,SCOALA CU CLASELE I-VIII NR 13 ARAD / AR,38,direct_whole_name_match,129,SCOALA CU CLASELE I-VIII NR 13 ARAD
AR,SCOALA CU CLASELE I-VIII NR 2 FLAMINZI / BT,6,outside_county_origin,,
AR,SCOALA CU CLASELE I-VIII NR 20 ARAD / AR,38,direct_whole_name_match,232,SCOALA CU CLASELE I-VIII NR 20 ARAD
AR,SCOALA CU CLASELE I-VIII NR 22 ARAD / AR,144,direct_whole_name_match,235,SCOALA CU CLASELE I-VIII NR 22 ARAD
AR,SCOALA CU CLASELE I-VIII NR 3 BAIA / SV,3,outside_county_origin,,
AR,SCOALA CU CLASELE I-VIII NR 4 VATRA DORNEI / SV,1,outside_county_origin,,
AR,SCOALA CU CLASELE I-VIII NR 5 RADAUTI / SV,1,outside_county_origin,,
AR,SCOALA CU CLASELE I-VIII OLARI / AR,4,direct_whole_name_match,172,SCOALA CU CLASELE I-VIII OLARI
AR,SCOALA CU CLASELE I-VIII PAULIS / AR,10,direct_whole_name_match,173,SCOALA CU CLASELE I-VIII PAULIS
AR,SCOALA CU CLASELE I-VIII PEREGU MARE / AR,9,direct_whole_name_match,176,SCOALA CU CLASELE I-VIII PEREGU MARE
AR,SCOALA CU CLASELE I-VIII PEREGU MIC / AR,2,direct_whole_name_match,177,SCOALA CU CLASELE I-VIII PEREGU MIC
AR,SCOALA CU CLASELE I-VIII PETRIS / AR,15,direct_whole_name_match,178,SCOALA CU CLASELE I-VIII PETRIS
AR,SCOALA CU CLASELE I-VIII PILU / AR,6,direct_whole_name_match,179,SCOALA CU CLASELE I-VIII PILU
AR,SCOALA CU CLASELE I-VIII PLESCUTA / AR,14,direct_whole_name_match,180,SCOALA CU CLASELE I-VIII PLESCUTA
AR,SCOALA CU CLASELE I-VIII POIANA / BT,1,outside_county_origin,,
AR,SCOALA CU CLASELE I-VIII RADNA / AR,31,direct_whole_name_match,116,SCOALA CU CLASELE I-VIII RADNA
AR,SCOALA CU CLASELE I-VIII SAGU / AR,32,direct_whole_name_match,191,SCOALA CU CLASELE I-VIII SAGU
AR,SCOALA CU CLASELE I-VIII SATU NOU / AR,1,direct_whole_name_match,119,SCOALA CU CLASELE I-VIII SATU NOU
AR,SCOALA CU CLASELE I-VIII SECUSIGIU / AR,20,direct_whole_name_match,181,SCOALA CU CLASELE I-VIII SECUSIGIU
AR,SCOALA CU CLASELE I-VIII SEITIN / AR,4,direct_whole_name_match,193,SCOALA CU CLASELE I-VIII SEITIN
AR,SCOALA CU CLASELE I-VIII SELEUS / AR,17,direct_whole_name_match,183,SCOALA CU CLASELE I-VIII SELEUS
AR,SCOALA CU CLASELE I-VIII SEMLAC / AR,36,direct_whole_name_match,185,SCOALA CU CLASELE I-VIII SEMLAC
AR,SCOALA CU CLASELE I-VIII SEPREUS / AR,12,direct_whole_name_match,194,SCOALA CU CLASELE I-VIII SEPREUS
AR,SCOALA CU CLASELE I-VIII SERBAUTI / SV,1,outside_county_origin,,
AR,SCOALA CU CLASELE I-VIII SICLAU / AR,6,direct_whole_name_match,165,SCOALA CU CLASELE I-VIII SICLAU
AR,SCOALA CU CLASELE I-VIII SICULA / AR,29,direct_whole_name_match,195,SCOALA CU CLASELE I-VIII SICULA
AR,SCOALA CU CLASELE I-VIII SILINDIA / AR,4,direct_whole_name_match,198,SCOALA CU CLASELE I-VIII SILINDIA
AR,SCOALA CU CLASELE I-VIII SIMAND / AR,20,direct_whole_name_match,199,SCOALA CU CLASELE I-VIII SIMAND
AR,SCOALA CU CLASELE I-VIII SIMBATENI / AR,9,direct_whole_name_match,174,SCOALA CU CLASELE I-VIII SIMBATENI
AR,SCOALA CU CLASELE I-VIII SIMPETRU GERMAN / AR,4,direct_whole_name_match,182,SCOALA CU CLASELE I-VIII SIMPETRU GERMAN
AR,SCOALA CU CLASELE I-VIII SINMARTIN / AR,5,direct_whole_name_match,169,SCOALA CU CLASELE I-VIII SINMARTIN
AR,SCOALA CU CLASELE I-VIII SINTEA MARE / AR,4,direct_whole_name_match,186,SCOALA CU CLASELE I-VIII SINTEA MARE
AR,SCOALA CU CLASELE I-VIII SIRIA / AR,17,direct_whole_name_match,200,SCOALA CU CLASELE I-VIII SIRIA
AR,SCOALA CU CLASELE I-VIII SOCODOR / AR,17,direct_whole_name_match,190,SCOALA CU CLASELE I-VIII SOCODOR
AR,SCOALA CU CLASELE I-VIII SOFRONEA / AR,4,direct_whole_name_match,133,SCOALA CU CLASELE I-VIII SOFRONEA
AR,SCOALA CU CLASELE I-VIII SUCEVITA / SV,1,outside_county_origin,,
AR,SCOALA CU CLASELE I-VIII TAUT / AR,7,direct_whole_name_match,202,SCOALA CU CLASELE I-VIII TAUT
AR,SCOALA CU CLASELE I-VIII TIPAR / AR,3,direct_whole_name_match,187,SCOALA CU CLASELE I-VIII TIPAR
AR,SCOALA CU CLASELE I-VIII TIRNOVA / AR,23,direct_whole_name_match,204,SCOALA CU CLASELE I-VIII TIRNOVA
AR,SCOALA CU CLASELE I-VIII TURNU / AR,7,direct_whole_name_match,175,SCOALA CU CLASELE I-VIII TURNU
AR,SCOALA CU CLASELE I-VIII USUSAU / AR,1,direct_whole_name_match,160,SCOALA CU CLASELE I-VIII USUSAU
AR,SCOALA CU CLASELE I-VIII VALEA GLODULUI / SV,1,outside_county_origin,,
AR,SCOALA CU CLASELE I-VIII VARADIA DE MURES / AR,17,direct_whole_name_match,208,SCOALA CU CLASELE I-VIII VARADIA DE MURES
AR,SCOALA CU CLASELE I-VIII VINGA / AR,16,direct_whole_name_match,220,SCOALA CU CLASELE I-VIII VINGA
AR,SCOALA CU CLASELE I-VIII VIRFURILE / AR,8,direct_whole_name_match,211,SCOALA CU CLASELE I-VIII VIRFURILE
AR,SCOALA CU CLASELE I-VIII VLADIMIRESCU / AR,31,direct_whole_name_match,134,SCOALA CU CLASELE I-VIII VLADIMIRESCU
AR,SCOALA CU CLASELE I-VIII ZADARENI / AR,25,direct_whole_name_match,162,SCOALA CU CLASELE I-VIII ZADARENI
AR,SCOALA CU CLASELE I-VIII ZARAND / AR,1,direct_whole_name_match,215,SCOALA CU CLASELE I-VIII ZARAND
AR,SCOALA CU CLASELE I-VIII ZERIND / AR,3,direct_whole_name_match,224,SCOALA CU CLASELE I-VIII ZERIND
AR,SCOALA CU CLASELE I-VIII ZIMANDU NOU / AR,5,direct_whole_name_match,217,SCOALA CU CLASELE I-VIII ZIMANDU NOU
AR,SCOALA CU CLS. I-VII SIEU / MM,1,outside_county_origin,,
AR,"SCOALA CU CLS. I-VIII""Octavian Goga""  ROZAVLEA / MM",1,outside_county_origin,,
AR,SCOALA CU CLS.I - VIII BISTRA / MM,1,outside_county_origin,,
AR,"SCOALA CU CLS.I-VIII ""Alexandru Filipescu"" PETROVA / MM",1,outside_county_origin,,
AR,"SCOALA CU CLS.I-VIII""Mihai Eminescu"" SALISTEA DE S / MM",2,outside_county_origin,,
AR,SCOALA GENERALA CLASELE I - VIII BREAZA / MS,1,outside_county_origin,,
AR,SCOALA GENERALA CLASELE I - VIII TIRSA / AB,1,outside_county_origin,,
AR,SCOALA GENERALA CLS I - VIII  ANA COLDA  PETRILA / HD,1,outside_county_origin,,
AR,SCOALA GENERALA CLS I - VIII  MIRCEA SANTIMBREANU  / HD,1,outside_county_origin,,
AR,SCOALA GENERALA CLS I - VIII  OVID DENSUSIANU  HAT / HD,1,outside_county_origin,,
AR,SCOALA GENERALA CLS I - VIII NR 2 LUPENI / HD,1,outside_county_origin,,
AR,SCOALA GENERALA CLS I - VIII SALASUL DE SUS / HD,1,outside_county_origin,,
AR,SCOALA GENERALA CLS I - VIII VATA DE JOS / HD,2,outside_county_origin,,
AR,SCOALA GENERALA CORNEA / CS,1,outside_county_origin,,
AR,"SCOALA GENERALA CU CL.I-VIII. ""PETOFI SANDOR""TG.SE / CV",1,outside_county_origin,,
AR,"SCOALA GENERALA CU CL.I-VIII.""TUROCZI MOZES"" TG.SE / CV",1,outside_county_origin,,
AR,SCOALA GENERALA DE 8 ANI NR 1 ADJUD / VN,1,outside_county_origin,,
AR,SCOALA GENERALA NR 1 LUNCA ILVEI / BN,1,outside_county_origin,,
AR,SCOALA GENERALA NR 1 REBRISOARA / BN,1,outside_county_origin,,
AR,SCOALA GENERALA PLOPSORU / GJ,1,outside_county_origin,,
AR,SCOALA GENERALA PLUGOVA / CS,1,outside_county_origin,,
AR,"SCOALA GENERALA SADU, BUMBESTI-JIU / GJ",1,outside_county_origin,,
BC,GRUPUL SCOLAR BROSTENI / SV,1,outside_county_origin,,
BC,GRUPUL SCOLAR INDUSTRIAL DE CONSTRUCTII DE MASINI / BC,53,direct_whole_name_match,116,GRUPUL SCOLAR INDUSTRIAL DE CONSTRUCTII DE MASINI
BC,GRUPUL SCOLAR MARASESTI / VN,1,outside_county_origin,,
BC,"LICEUL  PEDAGOGIC ""STEFAN CEL MARE"" BACAU / BC",76,direct_whole_name_match,120,"LICEUL  PEDAGOGIC ""STEFAN CEL MARE"" BACAU"
BC,LICEUL CU PROGRAM DE EDUCATIE FIZICA SI SPORT BACA / BC,27,direct_whole_name_match,393,LICEUL CU PROGRAM DE EDUCATIE FIZICA SI SPORT BACA
BC,"LICEUL CU PROGRAM SPORTIV ""N.COMANECI"" ONESTI / BC",47,direct_whole_name_match,136,"LICEUL CU PROGRAM SPORTIV ""N.COMANECI"" ONESTI"
BC,LICEUL CU PROGRAM SPORTIV BRAILA / BR,1,outside_county_origin,,
BC,"LICEUL DE ARTA ""G.APOSTU"" BACAU / BC",14,direct_whole_name_match,394,"LICEUL DE ARTA ""G.APOSTU"" BACAU"
BC,"LICEUL TEORETIC ""EMIL BOTTA"" ADJUD / VN",1,outside_county_origin,,
BC,"LICEUL TEORETIC ""V.ALECSANDRI"" BACAU / BC",29,direct_whole_name_match,117,"LICEUL TEORETIC ""V.ALECSANDRI"" BACAU"
BC,LICEUL TEORETIC LUPENI / HD,1,outside_county_origin,,
BC,LICEUL TEORETIC STEFANESTI / BT,1,outside_county_origin,,
BC,SCOALA CL I-VIII SI COMPLEM. PINCESTI/POIENARI / NT,1,outside_county_origin,,
BC,SCOALA CL I-VIII SI COMPLEMENTARA NR.1 CRACAOANI / NT,1,outside_county_origin,,
BC,SCOALA CL I-VIII SI COMPLEMENTARA PILDESTI/CORDUN / NT,1,outside_county_origin,,
BC,SCOALA CL.I-VIII SI COMP.BURUIENESTI/DOLJESTI / NT,1,outside_county_origin,,
BC,SCOALA CL.I-VIII SI COMPLEMENTARA ROTUNDA/DOLJESTI / NT,1,outside_county_origin,,
BC,SCOALA CU CL I-VIII BAHNA / NT,3,outside_county_origin,,
BC,SCOALA CU CL I-VIII DOLJESTI / NT,2,outside_county_origin,,
BC,SCOALA CU CL I-VIII HOCIUNGI/MOLDOVENI / NT,1,outside_county_origin,,
BC,SCOALA CU CL I-VIII IZVOARE/BAHNA / NT,2,outside_county_origin,,
BC,SCOALA CU CL I-VIII MOLDOVENI / NT,1,outside_county_origin,,
BC,SCOALA CU CL I-VIII NR 2 SILISTEA/ROMANI / NT,2,outside_county_origin,,
BC,SCOALA CU CL I-VIII NR 2 TIRGU NEAMT / NT,1,outside_county_origin,,
BC,SCOALA CU CL I-VIII NR.1 PIATRA SOIMULUI / NT,1,outside_county_origin,,
BC,SCOALA CU CL I-VIII NR.1 ROMAN / NT,2,outside_county_origin,,
BC,SCOALA CU CL I-VIII NR.11 ROMAN / NT,1,outside_county_origin,,
BC,SCOALA CU CL I-VIII NR.3 PIATRA NEAMT / NT,1,outside_county_origin,,
BC,SCOALA CU CL I-VIII NR.3 TIBUCANI / NT,1,outside_county_origin,,
BC,SCOALA CU CL I-VIII POIANA LARGULUI/POIANA TEIULUI / NT,1,outside_county_origin,,
BC,SCOALA CU CL I-VIII POIANA/BRUSTURI-DRAGANESTI / NT,1,outside_county_origin,,
BC,SCOALA CU CL I-VIII ROMANI / NT,6,outside_county_origin,,
BC,SCOALA CU CL I-VIII SI COMPLEMENTARA NR.1 PIPIRIG / NT,1,outside_county_origin,,
BC,SCOALA CU CL I-VIII SI COMPLEMENTARA NR.1 PODOLENI / NT,1,outside_county_origin,,
BC,SCOALA CU CL I-VIII SI COMPLEMENTARA TARCAU / NT,1,outside_county_origin,,
BC,SCOALA CU CL I-VIII SI COMPLEMENTARA VALEA URSULUI / NT,1,outside_county_origin,,
BC,SCOALA CU CL I-VIII TAMASENI / NT,1,outside_county_origin,,
BC,SCOALA CU CL I-VIII TASCA / NT,1,outside_county_origin,,
BC,SCOALA CU CL. I-VIII SI COMPLEMENTARA GHERAESTI / NT,1,outside_county_origin,,
BC,SCOALA CU CL.I-VIII  GOSMANI/ROMANI / NT,2,outside_county_origin,,
BC,SCOALA CU CL.I-VIII VADURI/VIISOARA / NT,2,outside_county_origin,,
BC,SCOALA CU CLASELE I-VIII DRAGOMIRESTI / VS,1,outside_county_origin,,
BC,SCOALA CU CLASELE I-VIII DUMBRAVA ROSIE / NT,1,outside_county_origin,,
BC,SCOALA CU CLASELE I-VIII IUGANI / IS,6,outside_county_origin,,
BC,SCOALA CU CLASELE I-VIII MIRCESTI / IS,4,outside_county_origin,,
BC,SCOALA CU CLASELE I-VIII MOGOSESTI-SIRET / IS,2,outside_county_origin,,
BC,SCOALA CU CLASELE I-VIII NR 1 MALINI / SV,1,outside_county_origin,,
BC,SCOALA CU CLASELE I-VIII NR 1 RAUCESTI / NT,1,outside_county_origin,,
BC,SCOALA CU CLASELE I-VIII NR 10 BRAILA / BR,2,outside_county_origin,,
BC,SCOALA CU CLASELE I-VIII NR 8 ROMAN / NT,1,outside_county_origin,,
BC,SCOALA CU CLASELE I-VIII NR.  87 / B,1,outside_county_origin,,
BC,SCOALA CU CLASELE I-VIII NR. 1 BUTEA / IS,1,outside_county_origin,,
BC,SCOALA CU CLASELE I-VIII NR. 156 / B,1,outside_county_origin,,
BC,SCOALA CU CLASELE I-VIII NR. 2 BUTEA / IS,1,outside_county_origin,,
BC,SCOALA CU CLASELE I-VIII NR.01 BIRLAD / VS,1,outside_county_origin,,
BC,SCOALA CU CLASELE I-VIII NR.08 VASLUI / VS,1,outside_county_origin,,
BC,SCOALA CU CLASELE I-VIII NR.1  Rm. SARAT / BZ,1,outside_county_origin,,
BC,SCOALA CU CLASELE I-VIII NR.1 FOCURI / IS,1,outside_county_origin,,
BC,SCOALA CU CLASELE I-VIII NR.16  BUZAU / BZ,1,outside_county_origin,,
BC,SCOALA CU CLASELE I-VIII NR.5 ROMAN / NT,1,outside_county_origin,,
BC,SCOALA CU CLASELE I-VIII PIHNESTI / VS,1,outside_county_origin,,
BC,SCOALA CU CLASELE I-VIII RACHITENI / IS,1,outside_county_origin,,
BC,SCOALA CU CLASELE I-VIII SI COMPLEMENT.BALTATESTI / NT,1,outside_county_origin,,
BC,SCOALA CU CLASELE I-VIII SIRET / SV,2,outside_county_origin,,
BC,SCOALA CU CLASELE I-VIII SLOBOZIA/ROZNOV / NT,1,outside_county_origin,,
BC,SCOALA CU CLS.I-VIII NR.9 ROMAN / NT,1,outside_county_origin,,
BC,"SCOALA DE ARTE SI MESERII NR  6 ""D.LEONIDA"" BACAU / BC",13,direct_whole_name_match,103,"SCOALA DE ARTE SI MESERII NR  6 ""D.LEONIDA"" BACAU"
BC,SCOALA GENERALA CLASELE I - VIII NR.1 CUGIR / AB,1,outside_county_origin,,
BC,"SCOALA GENERALA CU CL.I-VIII""GODRI FERENC"" SF.GHE. / CV",1,outside_county_origin,,
BC,"SCOALA GENERALA CU CL.I-VIII. ""PETOFI SANDOR""TG.SE / CV",1,outside_county_origin,,
BC,"SCOALA GENERALA CU CL.I-VIII.""TUROCZI MOZES"" TG.SE / CV",1,outside_county_origin,,
BC,SCOALA GENERALA CU CLASELE I-VIII  IZBICENI / OT,1,outside_county_origin,,
BC,"SCOALA GENERALA CU CLASELE I-VIII ""AL.PIRU"" MARGIN / BC",10,direct_whole_name_match,130,"SCOALA GENERALA CU CLASELE I-VIII ""AL.PIRU"" MARGIN"
BC,"SCOALA GENERALA CU CLASELE I-VIII ""C.NEGRI"" NEGRI / BC",8,direct_whole_name_match,272,"SCOALA GENERALA CU CLASELE I-VIII ""C.NEGRI"" NEGRI"
BC,"SCOALA GENERALA CU CLASELE I-VIII ""G-AL N.SOVA"" PO / BC",29,direct_whole_name_match,315,"SCOALA GENERALA CU CLASELE I-VIII ""G-AL N.SOVA"" PO"
BC,"SCOALA GENERALA CU CLASELE I-VIII ""G.AVRAMESCU"" PR / BC",8,direct_whole_name_match,363,"SCOALA GENERALA CU CLASELE I-VIII ""G.AVRAMESCU"" PR"
BC,"SCOALA GENERALA CU CLASELE I-VIII ""G.J.CANCICOV"" P / BC",6,direct_whole_name_match,291,"SCOALA GENERALA CU CLASELE I-VIII ""G.J.CANCICOV"" P"
BC,"SCOALA GENERALA CU CLASELE I-VIII ""GR.TABACARU"" HE / BC",12,direct_whole_name_match,122,"SCOALA GENERALA CU CLASELE I-VIII ""GR.TABACARU"" HE"
BC,"SCOALA GENERALA CU CLASELE I-VIII ""I.CREANGA"" BACA / BC",148,direct_whole_name_match,401,"SCOALA GENERALA CU CLASELE I-VIII ""I.CREANGA"" BACA"
BC,"SCOALA GENERALA CU CLASELE I-VIII ""I.SIMIONESCU"" L / BC",13,direct_whole_name_match,121,"SCOALA GENERALA CU CLASELE I-VIII ""I.SIMIONESCU"" L"
BC,"SCOALA GENERALA CU CLASELE I-VIII ""M.SADOVEANU"" BA / BC",113,direct_whole_name_match,400,"SCOALA GENERALA CU CLASELE I-VIII ""M.SADOVEANU"" BA"
BC,"SCOALA GENERALA CU CLASELE I-VIII ""V.BORCEA"" BERES / BC",6,direct_whole_name_match,181,"SCOALA GENERALA CU CLASELE I-VIII ""V.BORCEA"" BERES"
BC,SCOALA GENERALA CU CLASELE I-VIII ALBELE / BC,1,direct_whole_name_match,190,SCOALA GENERALA CU CLASELE I-VIII ALBELE
BC,SCOALA GENERALA CU CLASELE I-VIII ARINI / BC,1,direct_whole_name_match,235,SCOALA GENERALA CU CLASELE I-VIII ARINI
BC,SCOALA GENERALA CU CLASELE I-VIII ASAU / BC,37,direct_whole_name_match,176,SCOALA GENERALA CU CLASELE I-VIII ASAU
BC,SCOALA GENERALA CU CLASELE I-VIII BARATI / BC,11,direct_whole_name_match,128,SCOALA GENERALA CU CLASELE I-VIII BARATI
BC,SCOALA GENERALA CU CLASELE I-VIII BASASTI / BC,6,direct_whole_name_match,301,SCOALA GENERALA CU CLASELE I-VIII BASASTI
BC,SCOALA GENERALA CU CLASELE I-VIII BENESTI / BC,3,direct_whole_name_match,345,SCOALA GENERALA CU CLASELE I-VIII BENESTI
BC,SCOALA GENERALA CU CLASELE I-VIII BERESTI / BC,12,direct_whole_name_match,328,SCOALA GENERALA CU CLASELE I-VIII BERESTI
BC,SCOALA GENERALA CU CLASELE I-VIII BERESTI-TAZLAU / BC,11,direct_whole_name_match,185,SCOALA GENERALA CU CLASELE I-VIII BERESTI-TAZLAU
BC,SCOALA GENERALA CU CLASELE I-VIII BIJGHIR / BC,6,direct_whole_name_match,198,SCOALA GENERALA CU CLASELE I-VIII BIJGHIR
BC,SCOALA GENERALA CU CLASELE I-VIII BLAGA / BC,2,direct_whole_name_match,221,SCOALA GENERALA CU CLASELE I-VIII BLAGA
BC,SCOALA GENERALA CU CLASELE I-VIII BLIDARI / BC,6,direct_whole_name_match,201,SCOALA GENERALA CU CLASELE I-VIII BLIDARI
BC,SCOALA GENERALA CU CLASELE I-VIII BOGDANESTI / BC,9,ambiguous_same_directory_name,196 | 361,SCOALA GENERALA CU CLASELE I-VIII BOGDANESTI | SCOALA GENERALA CU CLASELE I-VIII BOGDANESTI
BC,SCOALA GENERALA CU CLASELE I-VIII BOLOVANIS / BC,1,direct_whole_name_match,237,SCOALA GENERALA CU CLASELE I-VIII BOLOVANIS
BC,SCOALA GENERALA CU CLASELE I-VIII BOTESTI / BC,2,direct_whole_name_match,365,SCOALA GENERALA CU CLASELE I-VIII BOTESTI
BC,SCOALA GENERALA CU CLASELE I-VIII BRATESTI / BC,7,direct_whole_name_match,191,SCOALA GENERALA CU CLASELE I-VIII BRATESTI
BC,SCOALA GENERALA CU CLASELE I-VIII BRUSTUROASA / BC,20,direct_whole_name_match,197,SCOALA GENERALA CU CLASELE I-VIII BRUSTUROASA
BC,SCOALA GENERALA CU CLASELE I-VIII BUCIUMI / BC,6,direct_whole_name_match,137,SCOALA GENERALA CU CLASELE I-VIII BUCIUMI
BC,SCOALA GENERALA CU CLASELE I-VIII BUCSESTI / BC,13,direct_whole_name_match,311,SCOALA GENERALA CU CLASELE I-VIII BUCSESTI
BC,SCOALA GENERALA CU CLASELE I-VIII BUDA / BC,4,direct_whole_name_match,325,SCOALA GENERALA CU CLASELE I-VIII BUDA
BC,SCOALA GENERALA CU CLASELE I-VIII BUHOCI / BC,7,direct_whole_name_match,199,SCOALA GENERALA CU CLASELE I-VIII BUHOCI
BC,SCOALA GENERALA CU CLASELE I-VIII BURDUSACI / BC,1,direct_whole_name_match,322,SCOALA GENERALA CU CLASELE I-VIII BURDUSACI
BC,SCOALA GENERALA CU CLASELE I-VIII CABESTI / BC,5,direct_whole_name_match,308,SCOALA GENERALA CU CLASELE I-VIII CABESTI
BC,SCOALA GENERALA CU CLASELE I-VIII CAIUTI / BC,4,direct_whole_name_match,203,SCOALA GENERALA CU CLASELE I-VIII CAIUTI
BC,SCOALA GENERALA CU CLASELE I-VIII CALUGARENI / BC,4,direct_whole_name_match,215,SCOALA GENERALA CU CLASELE I-VIII CALUGARENI
BC,SCOALA GENERALA CU CLASELE I-VIII CARACLAU / BC,3,direct_whole_name_match,192,SCOALA GENERALA CU CLASELE I-VIII CARACLAU
BC,SCOALA GENERALA CU CLASELE I-VIII CASIN / BC,19,direct_whole_name_match,200,SCOALA GENERALA CU CLASELE I-VIII CASIN
BC,SCOALA GENERALA CU CLASELE I-VIII CHETRIS / BC,1,direct_whole_name_match,353,SCOALA GENERALA CU CLASELE I-VIII CHETRIS
BC,SCOALA GENERALA CU CLASELE I-VIII CIRLIGI / BC,6,direct_whole_name_match,233,SCOALA GENERALA CU CLASELE I-VIII CIRLIGI
BC,SCOALA GENERALA CU CLASELE I-VIII CIUGHES / BC,6,direct_whole_name_match,286,SCOALA GENERALA CU CLASELE I-VIII CIUGHES
BC,SCOALA GENERALA CU CLASELE I-VIII CIUTURESTI / BC,3,direct_whole_name_match,340,SCOALA GENERALA CU CLASELE I-VIII CIUTURESTI
BC,SCOALA GENERALA CU CLASELE I-VIII COCIU / BC,6,direct_whole_name_match,267,SCOALA GENERALA CU CLASELE I-VIII COCIU
BC,SCOALA GENERALA CU CLASELE I-VIII COLONESTI / BC,2,direct_whole_name_match,208,SCOALA GENERALA CU CLASELE I-VIII COLONESTI
BC,SCOALA GENERALA CU CLASELE I-VIII COMAN / BC,3,direct_whole_name_match,332,SCOALA GENERALA CU CLASELE I-VIII COMAN
BC,SCOALA GENERALA CU CLASELE I-VIII CORBASCA / BC,6,direct_whole_name_match,212,SCOALA GENERALA CU CLASELE I-VIII CORBASCA
BC,SCOALA GENERALA CU CLASELE I-VIII CORNATEL / BC,9,direct_whole_name_match,368,SCOALA GENERALA CU CLASELE I-VIII CORNATEL
BC,SCOALA GENERALA CU CLASELE I-VIII CORNII DE SUS / BC,2,direct_whole_name_match,357,SCOALA GENERALA CU CLASELE I-VIII CORNII DE SUS
BC,SCOALA GENERALA CU CLASELE I-VIII COTOFANESTI / BC,5,direct_whole_name_match,214,SCOALA GENERALA CU CLASELE I-VIII COTOFANESTI
BC,SCOALA GENERALA CU CLASELE I-VIII COTUMBA / BC,5,direct_whole_name_match,167,SCOALA GENERALA CU CLASELE I-VIII COTUMBA
BC,SCOALA GENERALA CU CLASELE I-VIII CRAIESTI / BC,1,direct_whole_name_match,346,SCOALA GENERALA CU CLASELE I-VIII CRAIESTI
BC,SCOALA GENERALA CU CLASELE I-VIII CRIHAN / BC,6,direct_whole_name_match,126,SCOALA GENERALA CU CLASELE I-VIII CRIHAN
BC,SCOALA GENERALA CU CLASELE I-VIII CUCUIETI / BC,37,ambiguous_same_directory_name,224 | 352,SCOALA GENERALA CU CLASELE I-VIII CUCUIETI | SCOALA GENERALA CU CLASELE I-VIII CUCUIETI
BC,SCOALA GENERALA CU CLASELE I-VIII DAMIENESTI / BC,4,direct_whole_name_match,216,SCOALA GENERALA CU CLASELE I-VIII DAMIENESTI
BC,SCOALA GENERALA CU CLASELE I-VIII DELENI / BC,7,direct_whole_name_match,247,SCOALA GENERALA CU CLASELE I-VIII DELENI
BC,SCOALA GENERALA CU CLASELE I-VIII DOFTEANA / BC,39,direct_whole_name_match,226,SCOALA GENERALA CU CLASELE I-VIII DOFTEANA
BC,SCOALA GENERALA CU CLASELE I-VIII DUMBRAVA / BC,9,ambiguous_same_directory_name,139 | 323,SCOALA GENERALA CU CLASELE I-VIII DUMBRAVA | SCOALA GENERALA CU CLASELE I-VIII DUMBRAVA
BC,SCOALA GENERALA CU CLASELE I-VIII ENACHESTI / BC,11,direct_whole_name_match,183,SCOALA GENERALA CU CLASELE I-VIII ENACHESTI
BC,SCOALA GENERALA CU CLASELE I-VIII FERESTRAU-OITUZ / BC,4,direct_whole_name_match,279,SCOALA GENERALA CU CLASELE I-VIII FERESTRAU-OITUZ
BC,SCOALA GENERALA CU CLASELE I-VIII FILIPENI / BC,5,direct_whole_name_match,231,SCOALA GENERALA CU CLASELE I-VIII FILIPENI
BC,SCOALA GENERALA CU CLASELE I-VIII FILIPESTI / BC,3,direct_whole_name_match,232,SCOALA GENERALA CU CLASELE I-VIII FILIPESTI
BC,SCOALA GENERALA CU CLASELE I-VIII FINTINELE / BC,2,direct_whole_name_match,268,SCOALA GENERALA CU CLASELE I-VIII FINTINELE
BC,SCOALA GENERALA CU CLASELE I-VIII FUNDENI / BC,3,direct_whole_name_match,341,SCOALA GENERALA CU CLASELE I-VIII FUNDENI
BC,SCOALA GENERALA CU CLASELE I-VIII FUNDU RACACIUNI / BC,2,direct_whole_name_match,321,SCOALA GENERALA CU CLASELE I-VIII FUNDU RACACIUNI
BC,SCOALA GENERALA CU CLASELE I-VIII GAICEANA / BC,4,direct_whole_name_match,236,SCOALA GENERALA CU CLASELE I-VIII GAICEANA
BC,SCOALA GENERALA CU CLASELE I-VIII GALBENI / BC,4,direct_whole_name_match,274,SCOALA GENERALA CU CLASELE I-VIII GALBENI
BC,SCOALA GENERALA CU CLASELE I-VIII GHEORGHE DOJA / BC,14,direct_whole_name_match,318,SCOALA GENERALA CU CLASELE I-VIII GHEORGHE DOJA
BC,SCOALA GENERALA CU CLASELE I-VIII GHERDANA / BC,7,direct_whole_name_match,356,SCOALA GENERALA CU CLASELE I-VIII GHERDANA
BC,SCOALA GENERALA CU CLASELE I-VIII GIOSENI / BC,3,direct_whole_name_match,355,SCOALA GENERALA CU CLASELE I-VIII GIOSENI
BC,SCOALA GENERALA CU CLASELE I-VIII GISTENI / BC,4,direct_whole_name_match,319,SCOALA GENERALA CU CLASELE I-VIII GISTENI
BC,SCOALA GENERALA CU CLASELE I-VIII GLAVANESTI / BC,17,direct_whole_name_match,244,SCOALA GENERALA CU CLASELE I-VIII GLAVANESTI
BC,SCOALA GENERALA CU CLASELE I-VIII GODINESTII DE JO / BC,5,direct_whole_name_match,372,SCOALA GENERALA CU CLASELE I-VIII GODINESTII DE JO
BC,SCOALA GENERALA CU CLASELE I-VIII GOIOASA / BC,9,direct_whole_name_match,168,SCOALA GENERALA CU CLASELE I-VIII GOIOASA
BC,SCOALA GENERALA CU CLASELE I-VIII GRIGORENI / BC,5,direct_whole_name_match,337,SCOALA GENERALA CU CLASELE I-VIII GRIGORENI
BC,SCOALA GENERALA CU CLASELE I-VIII GURA VAII / BC,11,ambiguous_same_directory_name,141 | 317,SCOALA GENERALA CU CLASELE I-VIII GURA VAII | SCOALA GENERALA CU CLASELE I-VIII GURA VAII
BC,SCOALA GENERALA CU CLASELE I-VIII HAGHIAC / BC,22,direct_whole_name_match,225,SCOALA GENERALA CU CLASELE I-VIII HAGHIAC
BC,SCOALA GENERALA CU CLASELE I-VIII HELEGIU / BC,5,direct_whole_name_match,249,SCOALA GENERALA CU CLASELE I-VIII HELEGIU
BC,SCOALA GENERALA CU CLASELE I-VIII HOLT / BC,4,direct_whole_name_match,124,SCOALA GENERALA CU CLASELE I-VIII HOLT
BC,SCOALA GENERALA CU CLASELE I-VIII HORGESTI / BC,5,direct_whole_name_match,252,SCOALA GENERALA CU CLASELE I-VIII HORGESTI
BC,SCOALA GENERALA CU CLASELE I-VIII HURUIESTI / BC,4,direct_whole_name_match,254,SCOALA GENERALA CU CLASELE I-VIII HURUIESTI
BC,SCOALA GENERALA CU CLASELE I-VIII ITESTI / BC,2,direct_whole_name_match,182,SCOALA GENERALA CU CLASELE I-VIII ITESTI
BC,SCOALA GENERALA CU CLASELE I-VIII IZVORU BERHECIUL / BC,6,direct_whole_name_match,255,SCOALA GENERALA CU CLASELE I-VIII IZVORU BERHECIUL
BC,SCOALA GENERALA CU CLASELE I-VIII LAPOS / BC,8,direct_whole_name_match,219,SCOALA GENERALA CU CLASELE I-VIII LAPOS
BC,SCOALA GENERALA CU CLASELE I-VIII LARGA / BC,9,direct_whole_name_match,227,SCOALA GENERALA CU CLASELE I-VIII LARGA
BC,SCOALA GENERALA CU CLASELE I-VIII LEHANCEA / BC,2,direct_whole_name_match,309,SCOALA GENERALA CU CLASELE I-VIII LEHANCEA
BC,SCOALA GENERALA CU CLASELE I-VIII LEONTINESTI / BC,8,direct_whole_name_match,172,SCOALA GENERALA CU CLASELE I-VIII LEONTINESTI
BC,SCOALA GENERALA CU CLASELE I-VIII LESPEZI / BC,18,direct_whole_name_match,243,SCOALA GENERALA CU CLASELE I-VIII LESPEZI
BC,SCOALA GENERALA CU CLASELE I-VIII LETEA VECHE / BC,5,direct_whole_name_match,123,SCOALA GENERALA CU CLASELE I-VIII LETEA VECHE
BC,SCOALA GENERALA CU CLASELE I-VIII LIPOVA / BC,4,direct_whole_name_match,256,SCOALA GENERALA CU CLASELE I-VIII LIPOVA
BC,SCOALA GENERALA CU CLASELE I-VIII LUDASI / BC,6,direct_whole_name_match,177,SCOALA GENERALA CU CLASELE I-VIII LUDASI
BC,SCOALA GENERALA CU CLASELE I-VIII MAGIRESTI / BC,19,direct_whole_name_match,264,SCOALA GENERALA CU CLASELE I-VIII MAGIRESTI
BC,SCOALA GENERALA CU CLASELE I-VIII MARASTI / BC,3,direct_whole_name_match,230,SCOALA GENERALA CU CLASELE I-VIII MARASTI
BC,SCOALA GENERALA CU CLASELE I-VIII MARVILA / BC,4,direct_whole_name_match,210,SCOALA GENERALA CU CLASELE I-VIII MARVILA
BC,SCOALA GENERALA CU CLASELE I-VIII MOTOSENI / BC,2,direct_whole_name_match,271,SCOALA GENERALA CU CLASELE I-VIII MOTOSENI
BC,SCOALA GENERALA CU CLASELE I-VIII NICOLAE BALCESCU / BC,28,direct_whole_name_match,277,SCOALA GENERALA CU CLASELE I-VIII NICOLAE BALCESCU
BC,SCOALA GENERALA CU CLASELE I-VIII NICORESTI / BC,5,direct_whole_name_match,299,SCOALA GENERALA CU CLASELE I-VIII NICORESTI
BC,"SCOALA GENERALA CU CLASELE I-VIII NR  1 ""AL.CEL BU / BC",17,direct_whole_name_match,188,"SCOALA GENERALA CU CLASELE I-VIII NR  1 ""AL.CEL BU"
BC,"SCOALA GENERALA CU CLASELE I-VIII NR  1 ""P.SAVIN"" / BC",5,direct_whole_name_match,364,"SCOALA GENERALA CU CLASELE I-VIII NR  1 ""P.SAVIN"""
BC,"SCOALA GENERALA CU CLASELE I-VIII NR  1 ""ST.LUCHIA / BC",124,direct_whole_name_match,155,"SCOALA GENERALA CU CLASELE I-VIII NR  1 ""ST.LUCHIA"
BC,SCOALA GENERALA CU CLASELE I-VIII NR  1 APA ASAU / BC,11,direct_whole_name_match,174,SCOALA GENERALA CU CLASELE I-VIII NR  1 APA ASAU
BC,SCOALA GENERALA CU CLASELE I-VIII NR  1 ARDEOANI / BC,11,direct_whole_name_match,173,SCOALA GENERALA CU CLASELE I-VIII NR  1 ARDEOANI
BC,SCOALA GENERALA CU CLASELE I-VIII NR  1 BACAU / BC,95,direct_whole_name_match,101,SCOALA GENERALA CU CLASELE I-VIII NR  1 BACAU
BC,SCOALA GENERALA CU CLASELE I-VIII NR  1 BAHNASENI / BC,7,direct_whole_name_match,305,SCOALA GENERALA CU CLASELE I-VIII NR  1 BAHNASENI
BC,SCOALA GENERALA CU CLASELE I-VIII NR  1 BALCANI / BC,11,direct_whole_name_match,178,SCOALA GENERALA CU CLASELE I-VIII NR  1 BALCANI
BC,SCOALA GENERALA CU CLASELE I-VIII NR  1 BIRSANESTI / BC,7,direct_whole_name_match,189,SCOALA GENERALA CU CLASELE I-VIII NR  1 BIRSANESTI
BC,SCOALA GENERALA CU CLASELE I-VIII NR  1 BLAGESTI / BC,13,direct_whole_name_match,193,SCOALA GENERALA CU CLASELE I-VIII NR  1 BLAGESTI
BC,SCOALA GENERALA CU CLASELE I-VIII NR  1 BOLATAU / BC,10,direct_whole_name_match,374,SCOALA GENERALA CU CLASELE I-VIII NR  1 BOLATAU
BC,SCOALA GENERALA CU CLASELE I-VIII NR  1 BRATILA / BC,1,direct_whole_name_match,246,SCOALA GENERALA CU CLASELE I-VIII NR  1 BRATILA
BC,SCOALA GENERALA CU CLASELE I-VIII NR  1 BUDA / BC,3,direct_whole_name_match,194,SCOALA GENERALA CU CLASELE I-VIII NR  1 BUDA
BC,SCOALA GENERALA CU CLASELE I-VIII NR  1 BUHUSI / BC,20,direct_whole_name_match,142,SCOALA GENERALA CU CLASELE I-VIII NR  1 BUHUSI
BC,SCOALA GENERALA CU CLASELE I-VIII NR  1 CERNU / BC,16,direct_whole_name_match,312,SCOALA GENERALA CU CLASELE I-VIII NR  1 CERNU
BC,SCOALA GENERALA CU CLASELE I-VIII NR  1 CLEJA / BC,7,direct_whole_name_match,206,SCOALA GENERALA CU CLASELE I-VIII NR  1 CLEJA
BC,SCOALA GENERALA CU CLASELE I-VIII NR  1 COMANESTI / BC,76,direct_whole_name_match,149,SCOALA GENERALA CU CLASELE I-VIII NR  1 COMANESTI
BC,SCOALA GENERALA CU CLASELE I-VIII NR  1 DEALU MORI / BC,17,direct_whole_name_match,223,SCOALA GENERALA CU CLASELE I-VIII NR  1 DEALU MORI
BC,SCOALA GENERALA CU CLASELE I-VIII NR  1 DRAGUGESTI / BC,3,direct_whole_name_match,248,SCOALA GENERALA CU CLASELE I-VIII NR  1 DRAGUGESTI
BC,SCOALA GENERALA CU CLASELE I-VIII NR  1 DRAGUSANI / BC,8,direct_whole_name_match,290,SCOALA GENERALA CU CLASELE I-VIII NR  1 DRAGUSANI
BC,SCOALA GENERALA CU CLASELE I-VIII NR  1 FARAOANI / BC,16,direct_whole_name_match,229,SCOALA GENERALA CU CLASELE I-VIII NR  1 FARAOANI
BC,SCOALA GENERALA CU CLASELE I-VIII NR  1 FRUMOASA / BC,19,direct_whole_name_match,179,SCOALA GENERALA CU CLASELE I-VIII NR  1 FRUMOASA
BC,SCOALA GENERALA CU CLASELE I-VIII NR  1 FRUMUSELU / BC,11,direct_whole_name_match,245,SCOALA GENERALA CU CLASELE I-VIII NR  1 FRUMUSELU
BC,SCOALA GENERALA CU CLASELE I-VIII NR  1 GIRLENII D / BC,14,direct_whole_name_match,241,SCOALA GENERALA CU CLASELE I-VIII NR  1 GIRLENII D
BC,SCOALA GENERALA CU CLASELE I-VIII NR  1 LIVEZI / BC,10,direct_whole_name_match,259,SCOALA GENERALA CU CLASELE I-VIII NR  1 LIVEZI
BC,SCOALA GENERALA CU CLASELE I-VIII NR  1 LUNCANI / BC,8,direct_whole_name_match,129,SCOALA GENERALA CU CLASELE I-VIII NR  1 LUNCANI
BC,SCOALA GENERALA CU CLASELE I-VIII NR  1 MAGURA / BC,8,direct_whole_name_match,127,SCOALA GENERALA CU CLASELE I-VIII NR  1 MAGURA
BC,SCOALA GENERALA CU CLASELE I-VIII NR  1 MANASTIREA / BC,21,direct_whole_name_match,265,SCOALA GENERALA CU CLASELE I-VIII NR  1 MANASTIREA
BC,SCOALA GENERALA CU CLASELE I-VIII NR  1 NANESTI / BC,3,direct_whole_name_match,292,SCOALA GENERALA CU CLASELE I-VIII NR  1 NANESTI
BC,SCOALA GENERALA CU CLASELE I-VIII NR  1 NEGOIESTI / BC,8,direct_whole_name_match,138,SCOALA GENERALA CU CLASELE I-VIII NR  1 NEGOIESTI
BC,SCOALA GENERALA CU CLASELE I-VIII NR  1 OITUZ / BC,22,direct_whole_name_match,381,SCOALA GENERALA CU CLASELE I-VIII NR  1 OITUZ
BC,SCOALA GENERALA CU CLASELE I-VIII NR  1 ONESTI / BC,143,direct_whole_name_match,131,SCOALA GENERALA CU CLASELE I-VIII NR  1 ONESTI
BC,SCOALA GENERALA CU CLASELE I-VIII NR  1 ORBENI / BC,11,direct_whole_name_match,285,SCOALA GENERALA CU CLASELE I-VIII NR  1 ORBENI
BC,SCOALA GENERALA CU CLASELE I-VIII NR  1 PANCESTI / BC,17,direct_whole_name_match,329,SCOALA GENERALA CU CLASELE I-VIII NR  1 PANCESTI
BC,SCOALA GENERALA CU CLASELE I-VIII NR  1 PINCESTI / BC,4,direct_whole_name_match,297,SCOALA GENERALA CU CLASELE I-VIII NR  1 PINCESTI
BC,SCOALA GENERALA CU CLASELE I-VIII NR  1 PODU TURCU / BC,56,direct_whole_name_match,379,SCOALA GENERALA CU CLASELE I-VIII NR  1 PODU TURCU
BC,SCOALA GENERALA CU CLASELE I-VIII NR  1 POIANA / BC,6,direct_whole_name_match,273,SCOALA GENERALA CU CLASELE I-VIII NR  1 POIANA
BC,SCOALA GENERALA CU CLASELE I-VIII NR  1 RACACIUNI / BC,26,direct_whole_name_match,320,SCOALA GENERALA CU CLASELE I-VIII NR  1 RACACIUNI
BC,SCOALA GENERALA CU CLASELE I-VIII NR  1 RACHITOASA / BC,7,direct_whole_name_match,324,SCOALA GENERALA CU CLASELE I-VIII NR  1 RACHITOASA
BC,SCOALA GENERALA CU CLASELE I-VIII NR  1 RACOVA / BC,19,direct_whole_name_match,316,SCOALA GENERALA CU CLASELE I-VIII NR  1 RACOVA
BC,SCOALA GENERALA CU CLASELE I-VIII NR  1 ROSIORI / BC,7,direct_whole_name_match,326,SCOALA GENERALA CU CLASELE I-VIII NR  1 ROSIORI
BC,SCOALA GENERALA CU CLASELE I-VIII NR  1 SANDULENI / BC,8,direct_whole_name_match,331,SCOALA GENERALA CU CLASELE I-VIII NR  1 SANDULENI
BC,SCOALA GENERALA CU CLASELE I-VIII NR  1 SARATA / BC,5,direct_whole_name_match,275,SCOALA GENERALA CU CLASELE I-VIII NR  1 SARATA
BC,SCOALA GENERALA CU CLASELE I-VIII NR  1 SCHITU FRU / BC,21,direct_whole_name_match,180,SCOALA GENERALA CU CLASELE I-VIII NR  1 SCHITU FRU
BC,SCOALA GENERALA CU CLASELE I-VIII NR  1 SCURTA / BC,6,direct_whole_name_match,284,SCOALA GENERALA CU CLASELE I-VIII NR  1 SCURTA
BC,SCOALA GENERALA CU CLASELE I-VIII NR  1 SLANIC MOL / BC,38,direct_whole_name_match,163,SCOALA GENERALA CU CLASELE I-VIII NR  1 SLANIC MOL
BC,SCOALA GENERALA CU CLASELE I-VIII NR  1 SLOBOZIA / BC,2,direct_whole_name_match,347,SCOALA GENERALA CU CLASELE I-VIII NR  1 SLOBOZIA
BC,SCOALA GENERALA CU CLASELE I-VIII NR  1 TAMASI / BC,6,direct_whole_name_match,354,SCOALA GENERALA CU CLASELE I-VIII NR  1 TAMASI
BC,SCOALA GENERALA CU CLASELE I-VIII NR  1 TARHAUS / BC,5,direct_whole_name_match,240,SCOALA GENERALA CU CLASELE I-VIII NR  1 TARHAUS
BC,SCOALA GENERALA CU CLASELE I-VIII NR  1 TIRGU OCNA / BC,52,direct_whole_name_match,376,SCOALA GENERALA CU CLASELE I-VIII NR  1 TIRGU OCNA
BC,SCOALA GENERALA CU CLASELE I-VIII NR  1 TURLUIANU / BC,1,direct_whole_name_match,184,SCOALA GENERALA CU CLASELE I-VIII NR  1 TURLUIANU
BC,SCOALA GENERALA CU CLASELE I-VIII NR  1 VALEA LUI / BC,9,direct_whole_name_match,195,SCOALA GENERALA CU CLASELE I-VIII NR  1 VALEA LUI
BC,SCOALA GENERALA CU CLASELE I-VIII NR  1 VALEA SEAC / BC,22,ambiguous_same_directory_name,278 | 370,SCOALA GENERALA CU CLASELE I-VIII NR  1 VALEA SEAC | SCOALA GENERALA CU CLASELE I-VIII NR  1 VALEA SEAC
BC,SCOALA GENERALA CU CLASELE I-VIII NR  1 VERSESTI / BC,6,direct_whole_name_match,333,SCOALA GENERALA CU CLASELE I-VIII NR  1 VERSESTI
BC,SCOALA GENERALA CU CLASELE I-VIII NR  1 VLADNIC / BC,1,direct_whole_name_match,293,SCOALA GENERALA CU CLASELE I-VIII NR  1 VLADNIC
BC,SCOALA GENERALA CU CLASELE I-VIII NR  1 ZEMES / BC,32,direct_whole_name_match,375,SCOALA GENERALA CU CLASELE I-VIII NR  1 ZEMES
BC,"SCOALA GENERALA CU CLASELE I-VIII NR  2 ""D.GHICA"" / BC",52,direct_whole_name_match,385,"SCOALA GENERALA CU CLASELE I-VIII NR  2 ""D.GHICA"""
BC,"SCOALA GENERALA CU CLASELE I-VIII NR  2 ""G.ENESCU"" / BC",113,direct_whole_name_match,151,"SCOALA GENERALA CU CLASELE I-VIII NR  2 ""G.ENESCU"""
BC,SCOALA GENERALA CU CLASELE I-VIII NR  2 APA ASAU / BC,10,direct_whole_name_match,175,SCOALA GENERALA CU CLASELE I-VIII NR  2 APA ASAU
BC,SCOALA GENERALA CU CLASELE I-VIII NR  2 BACAU / BC,135,direct_whole_name_match,102,SCOALA GENERALA CU CLASELE I-VIII NR  2 BACAU
BC,SCOALA GENERALA CU CLASELE I-VIII NR  2 BRATILA / BC,1,direct_whole_name_match,250,SCOALA GENERALA CU CLASELE I-VIII NR  2 BRATILA
BC,SCOALA GENERALA CU CLASELE I-VIII NR  2 BUHUSI / BC,54,direct_whole_name_match,143,SCOALA GENERALA CU CLASELE I-VIII NR  2 BUHUSI
BC,SCOALA GENERALA CU CLASELE I-VIII NR  2 CLEJA / BC,9,direct_whole_name_match,204,SCOALA GENERALA CU CLASELE I-VIII NR  2 CLEJA
BC,SCOALA GENERALA CU CLASELE I-VIII NR  2 DARMANESTI / BC,42,direct_whole_name_match,217,SCOALA GENERALA CU CLASELE I-VIII NR  2 DARMANESTI
BC,SCOALA GENERALA CU CLASELE I-VIII NR  2 FARAOANI / BC,18,direct_whole_name_match,228,SCOALA GENERALA CU CLASELE I-VIII NR  2 FARAOANI
BC,SCOALA GENERALA CU CLASELE I-VIII NR  2 GIRLENI / BC,8,direct_whole_name_match,242,SCOALA GENERALA CU CLASELE I-VIII NR  2 GIRLENI
BC,SCOALA GENERALA CU CLASELE I-VIII NR  2 MAGURA / BC,13,direct_whole_name_match,125,SCOALA GENERALA CU CLASELE I-VIII NR  2 MAGURA
BC,SCOALA GENERALA CU CLASELE I-VIII NR  2 MANASTIREA / BC,9,direct_whole_name_match,266,SCOALA GENERALA CU CLASELE I-VIII NR  2 MANASTIREA
BC,SCOALA GENERALA CU CLASELE I-VIII NR  2 NEGULESTI / BC,2,direct_whole_name_match,222,SCOALA GENERALA CU CLASELE I-VIII NR  2 NEGULESTI
BC,SCOALA GENERALA CU CLASELE I-VIII NR  2 OITUZ / BC,35,direct_whole_name_match,280,SCOALA GENERALA CU CLASELE I-VIII NR  2 OITUZ
BC,SCOALA GENERALA CU CLASELE I-VIII NR  2 SLANIC MOL / BC,25,direct_whole_name_match,164,SCOALA GENERALA CU CLASELE I-VIII NR  2 SLANIC MOL
BC,SCOALA GENERALA CU CLASELE I-VIII NR  2 TIRGU OCNA / BC,100,direct_whole_name_match,158,SCOALA GENERALA CU CLASELE I-VIII NR  2 TIRGU OCNA
BC,SCOALA GENERALA CU CLASELE I-VIII NR  2 ZEMES / BC,14,direct_whole_name_match,373,SCOALA GENERALA CU CLASELE I-VIII NR  2 ZEMES
BC,SCOALA GENERALA CU CLASELE I-VIII NR  3 BUHUSI / BC,2,direct_whole_name_match,144,SCOALA GENERALA CU CLASELE I-VIII NR  3 BUHUSI
BC,SCOALA GENERALA CU CLASELE I-VIII NR  3 COMANESTI / BC,9,direct_whole_name_match,146,SCOALA GENERALA CU CLASELE I-VIII NR  3 COMANESTI
BC,SCOALA GENERALA CU CLASELE I-VIII NR  3 DARMANESTI / BC,16,direct_whole_name_match,218,SCOALA GENERALA CU CLASELE I-VIII NR  3 DARMANESTI
BC,SCOALA GENERALA CU CLASELE I-VIII NR  3 MOINESTI / BC,17,direct_whole_name_match,152,SCOALA GENERALA CU CLASELE I-VIII NR  3 MOINESTI
BC,SCOALA GENERALA CU CLASELE I-VIII NR  3 SLANIC MOL / BC,15,direct_whole_name_match,165,SCOALA GENERALA CU CLASELE I-VIII NR  3 SLANIC MOL
BC,SCOALA GENERALA CU CLASELE I-VIII NR  3 TIRGU OCNA / BC,12,direct_whole_name_match,159,SCOALA GENERALA CU CLASELE I-VIII NR  3 TIRGU OCNA
BC,"SCOALA GENERALA CU CLASELE I-VIII NR  4 ""G.M.CANCI / BC",162,direct_whole_name_match,110,"SCOALA GENERALA CU CLASELE I-VIII NR  4 ""G.M.CANCI"
BC,SCOALA GENERALA CU CLASELE I-VIII NR  4 BUHUSI / BC,94,direct_whole_name_match,145,SCOALA GENERALA CU CLASELE I-VIII NR  4 BUHUSI
BC,SCOALA GENERALA CU CLASELE I-VIII NR  4 COMANESTI / BC,1,direct_whole_name_match,147,SCOALA GENERALA CU CLASELE I-VIII NR  4 COMANESTI
BC,SCOALA GENERALA CU CLASELE I-VIII NR  4 MOINESTI / BC,54,direct_whole_name_match,156,SCOALA GENERALA CU CLASELE I-VIII NR  4 MOINESTI
BC,SCOALA GENERALA CU CLASELE I-VIII NR  4 TIRGU OCNA / BC,10,direct_whole_name_match,160,SCOALA GENERALA CU CLASELE I-VIII NR  4 TIRGU OCNA
BC,"SCOALA GENERALA CU CLASELE I-VIII NR  5 ""ALEX.CEL / BC",70,direct_whole_name_match,111,"SCOALA GENERALA CU CLASELE I-VIII NR  5 ""ALEX.CEL"
BC,SCOALA GENERALA CU CLASELE I-VIII NR  5 BUHUSI / BC,33,direct_whole_name_match,384,SCOALA GENERALA CU CLASELE I-VIII NR  5 BUHUSI
BC,SCOALA GENERALA CU CLASELE I-VIII NR  5 COMANESTI / BC,33,direct_whole_name_match,150,SCOALA GENERALA CU CLASELE I-VIII NR  5 COMANESTI
BC,SCOALA GENERALA CU CLASELE I-VIII NR  5 ONESTI / BC,170,direct_whole_name_match,134,SCOALA GENERALA CU CLASELE I-VIII NR  5 ONESTI
BC,SCOALA GENERALA CU CLASELE I-VIII NR  5 TIRGU OCNA / BC,10,direct_whole_name_match,161,SCOALA GENERALA CU CLASELE I-VIII NR  5 TIRGU OCNA
BC,SCOALA GENERALA CU CLASELE I-VIII NR  6 COMANESTI / BC,4,direct_whole_name_match,148,SCOALA GENERALA CU CLASELE I-VIII NR  6 COMANESTI
BC,SCOALA GENERALA CU CLASELE I-VIII NR  6 MOINESTI / BC,17,direct_whole_name_match,157,SCOALA GENERALA CU CLASELE I-VIII NR  6 MOINESTI
BC,SCOALA GENERALA CU CLASELE I-VIII NR  6 ONESTI / BC,4,direct_whole_name_match,132,SCOALA GENERALA CU CLASELE I-VIII NR  6 ONESTI
BC,SCOALA GENERALA CU CLASELE I-VIII NR  6 TIRGU OCNA / BC,2,direct_whole_name_match,162,SCOALA GENERALA CU CLASELE I-VIII NR  6 TIRGU OCNA
BC,SCOALA GENERALA CU CLASELE I-VIII NR  7 BACAU / BC,13,direct_whole_name_match,104,SCOALA GENERALA CU CLASELE I-VIII NR  7 BACAU
BC,SCOALA GENERALA CU CLASELE I-VIII NR  7 MOINESTI / BC,11,direct_whole_name_match,153,SCOALA GENERALA CU CLASELE I-VIII NR  7 MOINESTI
BC,SCOALA GENERALA CU CLASELE I-VIII NR  7 ONESTI / BC,66,direct_whole_name_match,387,SCOALA GENERALA CU CLASELE I-VIII NR  7 ONESTI
BC,"SCOALA GENERALA CU CLASELE I-VIII NR  8 ""DOMNITA M / BC",77,direct_whole_name_match,112,"SCOALA GENERALA CU CLASELE I-VIII NR  8 ""DOMNITA M"
BC,SCOALA GENERALA CU CLASELE I-VIII NR  8 MOINESTI ( / BC,22,direct_whole_name_match,154,SCOALA GENERALA CU CLASELE I-VIII NR  8 MOINESTI (
BC,SCOALA GENERALA CU CLASELE I-VIII NR  8 ONESTI / BC,174,direct_whole_name_match,390,SCOALA GENERALA CU CLASELE I-VIII NR  8 ONESTI
BC,SCOALA GENERALA CU CLASELE I-VIII NR  9 BACAU / BC,10,direct_whole_name_match,105,SCOALA GENERALA CU CLASELE I-VIII NR  9 BACAU
BC,SCOALA GENERALA CU CLASELE I-VIII NR  9 ONESTI / BC,60,direct_whole_name_match,135,SCOALA GENERALA CU CLASELE I-VIII NR  9 ONESTI
BC,"SCOALA GENERALA CU CLASELE I-VIII NR 10 ""E.RACOVIT / BC",73,direct_whole_name_match,133,"SCOALA GENERALA CU CLASELE I-VIII NR 10 ""E.RACOVIT"
BC,SCOALA GENERALA CU CLASELE I-VIII NR 10 BACAU / BC,130,direct_whole_name_match,106,SCOALA GENERALA CU CLASELE I-VIII NR 10 BACAU
BC,SCOALA GENERALA CU CLASELE I-VIII NR 10 COMANESTI / BC,180,direct_whole_name_match,396,SCOALA GENERALA CU CLASELE I-VIII NR 10 COMANESTI
BC,"SCOALA GENERALA CU CLASELE I-VIII NR 11 ""M.DRAGAN"" / BC",218,direct_whole_name_match,395,"SCOALA GENERALA CU CLASELE I-VIII NR 11 ""M.DRAGAN"""
BC,SCOALA GENERALA CU CLASELE I-VIII NR 15 BACAU / BC,112,direct_whole_name_match,113,SCOALA GENERALA CU CLASELE I-VIII NR 15 BACAU
BC,"SCOALA GENERALA CU CLASELE I-VIII NR 16 ""ALECU RUS / BC",77,direct_whole_name_match,391,"SCOALA GENERALA CU CLASELE I-VIII NR 16 ""ALECU RUS"
BC,"SCOALA GENERALA CU CLASELE I-VIII NR 18 ""S.HARET"" / BC",119,direct_whole_name_match,114,"SCOALA GENERALA CU CLASELE I-VIII NR 18 ""S.HARET"""
BC,"SCOALA GENERALA CU CLASELE I-VIII NR 19 ""A.I.CUZA"" / BC",251,direct_whole_name_match,107,"SCOALA GENERALA CU CLASELE I-VIII NR 19 ""A.I.CUZA"""
BC,SCOALA GENERALA CU CLASELE I-VIII NR 20 BACAU / BC,51,direct_whole_name_match,380,SCOALA GENERALA CU CLASELE I-VIII NR 20 BACAU
BC,"SCOALA GENERALA CU CLASELE I-VIII NR 27 ""GEORGE BA / BC",87,direct_whole_name_match,115,"SCOALA GENERALA CU CLASELE I-VIII NR 27 ""GEORGE BA"
BC,"SCOALA GENERALA CU CLASELE I-VIII NR 28 ""M.COSTIN"" / BC",177,direct_whole_name_match,108,"SCOALA GENERALA CU CLASELE I-VIII NR 28 ""M.COSTIN"""
BC,SCOALA GENERALA CU CLASELE I-VIII NR 29 BACAU / BC,113,direct_whole_name_match,392,SCOALA GENERALA CU CLASELE I-VIII NR 29 BACAU
BC,SCOALA GENERALA CU CLASELE I-VIII ONCESTI / BC,5,direct_whole_name_match,283,SCOALA GENERALA CU CLASELE I-VIII ONCESTI
BC,SCOALA GENERALA CU CLASELE I-VIII ONISCANI / BC,5,direct_whole_name_match,234,SCOALA GENERALA CU CLASELE I-VIII ONISCANI
BC,SCOALA GENERALA CU CLASELE I-VIII OSEBITI / BC,3,direct_whole_name_match,261,SCOALA GENERALA CU CLASELE I-VIII OSEBITI
BC,SCOALA GENERALA CU CLASELE I-VIII PALANCA / BC,17,direct_whole_name_match,287,SCOALA GENERALA CU CLASELE I-VIII PALANCA
BC,SCOALA GENERALA CU CLASELE I-VIII PARAVA / BC,8,direct_whole_name_match,288,SCOALA GENERALA CU CLASELE I-VIII PARAVA
BC,SCOALA GENERALA CU CLASELE I-VIII PETRESTI / BC,1,direct_whole_name_match,382,SCOALA GENERALA CU CLASELE I-VIII PETRESTI
BC,SCOALA GENERALA CU CLASELE I-VIII PETRICICA / BC,7,direct_whole_name_match,350,SCOALA GENERALA CU CLASELE I-VIII PETRICICA
BC,SCOALA GENERALA CU CLASELE I-VIII PIRGARESTI / BC,5,direct_whole_name_match,298,SCOALA GENERALA CU CLASELE I-VIII PIRGARESTI
BC,SCOALA GENERALA CU CLASELE I-VIII PIRJOL / BC,15,direct_whole_name_match,304,SCOALA GENERALA CU CLASELE I-VIII PIRJOL
BC,SCOALA GENERALA CU CLASELE I-VIII PLOPANA / BC,8,direct_whole_name_match,306,SCOALA GENERALA CU CLASELE I-VIII PLOPANA
BC,SCOALA GENERALA CU CLASELE I-VIII PLOPU / BC,12,direct_whole_name_match,220,SCOALA GENERALA CU CLASELE I-VIII PLOPU
BC,SCOALA GENERALA CU CLASELE I-VIII POIANA / BC,3,direct_whole_name_match,260,SCOALA GENERALA CU CLASELE I-VIII POIANA
BC,SCOALA GENERALA CU CLASELE I-VIII POIANA SARATA / BC,1,direct_whole_name_match,281,SCOALA GENERALA CU CLASELE I-VIII POIANA SARATA
BC,SCOALA GENERALA CU CLASELE I-VIII PRELUCI / BC,14,direct_whole_name_match,171,SCOALA GENERALA CU CLASELE I-VIII PRELUCI
BC,SCOALA GENERALA CU CLASELE I-VIII PROHOZESTI / BC,16,direct_whole_name_match,313,SCOALA GENERALA CU CLASELE I-VIII PROHOZESTI
BC,SCOALA GENERALA CU CLASELE I-VIII PUSTIANA / BC,1,direct_whole_name_match,302,SCOALA GENERALA CU CLASELE I-VIII PUSTIANA
BC,SCOALA GENERALA CU CLASELE I-VIII RACATAU-RAZESI / BC,1,direct_whole_name_match,251,SCOALA GENERALA CU CLASELE I-VIII RACATAU-RAZESI
BC,SCOALA GENERALA CU CLASELE I-VIII RACHITIS / BC,1,direct_whole_name_match,339,SCOALA GENERALA CU CLASELE I-VIII RACHITIS
BC,SCOALA GENERALA CU CLASELE I-VIII RADOAIA / BC,2,direct_whole_name_match,289,SCOALA GENERALA CU CLASELE I-VIII RADOAIA
BC,SCOALA GENERALA CU CLASELE I-VIII RECEA / BC,3,direct_whole_name_match,253,SCOALA GENERALA CU CLASELE I-VIII RECEA
BC,SCOALA GENERALA CU CLASELE I-VIII RUSENII RAZESI / BC,1,direct_whole_name_match,307,SCOALA GENERALA CU CLASELE I-VIII RUSENII RAZESI
BC,SCOALA GENERALA CU CLASELE I-VIII SASCUT / BC,49,direct_whole_name_match,327,SCOALA GENERALA CU CLASELE I-VIII SASCUT
BC,SCOALA GENERALA CU CLASELE I-VIII SASCUT-SAT / BC,17,direct_whole_name_match,330,SCOALA GENERALA CU CLASELE I-VIII SASCUT-SAT
BC,SCOALA GENERALA CU CLASELE I-VIII SATU NOU / BC,3,ambiguous_same_directory_name,258 | 300,SCOALA GENERALA CU CLASELE I-VIII SATU NOU | SCOALA GENERALA CU CLASELE I-VIII SATU NOU
BC,SCOALA GENERALA CU CLASELE I-VIII SAUCESTI / BC,9,direct_whole_name_match,336,SCOALA GENERALA CU CLASELE I-VIII SAUCESTI
BC,SCOALA GENERALA CU CLASELE I-VIII SCARISOARA / BC,5,direct_whole_name_match,211,SCOALA GENERALA CU CLASELE I-VIII SCARISOARA
BC,SCOALA GENERALA CU CLASELE I-VIII SCHINENI / BC,2,direct_whole_name_match,334,SCOALA GENERALA CU CLASELE I-VIII SCHINENI
BC,SCOALA GENERALA CU CLASELE I-VIII SCORTENI / BC,13,direct_whole_name_match,338,SCOALA GENERALA CU CLASELE I-VIII SCORTENI
BC,SCOALA GENERALA CU CLASELE I-VIII SECUIENI / BC,16,direct_whole_name_match,343,SCOALA GENERALA CU CLASELE I-VIII SECUIENI
BC,SCOALA GENERALA CU CLASELE I-VIII SENDRESTI / BC,3,direct_whole_name_match,269,SCOALA GENERALA CU CLASELE I-VIII SENDRESTI
BC,SCOALA GENERALA CU CLASELE I-VIII SIRBI / BC,3,direct_whole_name_match,310,SCOALA GENERALA CU CLASELE I-VIII SIRBI
BC,SCOALA GENERALA CU CLASELE I-VIII SIRETU / BC,2,direct_whole_name_match,335,SCOALA GENERALA CU CLASELE I-VIII SIRETU
BC,SCOALA GENERALA CU CLASELE I-VIII SOCI / BC,1,direct_whole_name_match,296,SCOALA GENERALA CU CLASELE I-VIII SOCI
BC,SCOALA GENERALA CU CLASELE I-VIII SOLONT / BC,15,direct_whole_name_match,351,SCOALA GENERALA CU CLASELE I-VIII SOLONT
BC,SCOALA GENERALA CU CLASELE I-VIII SOMUSCA / BC,2,direct_whole_name_match,205,SCOALA GENERALA CU CLASELE I-VIII SOMUSCA
BC,SCOALA GENERALA CU CLASELE I-VIII SPRIA / BC,4,direct_whole_name_match,207,SCOALA GENERALA CU CLASELE I-VIII SPRIA
BC,SCOALA GENERALA CU CLASELE I-VIII STANISESTI / BC,6,direct_whole_name_match,344,SCOALA GENERALA CU CLASELE I-VIII STANISESTI
BC,SCOALA GENERALA CU CLASELE I-VIII STRUGARI / BC,16,direct_whole_name_match,349,SCOALA GENERALA CU CLASELE I-VIII STRUGARI
BC,SCOALA GENERALA CU CLASELE I-VIII SULTA / BC,9,direct_whole_name_match,169,SCOALA GENERALA CU CLASELE I-VIII SULTA
BC,SCOALA GENERALA CU CLASELE I-VIII TARITA / BC,11,direct_whole_name_match,303,SCOALA GENERALA CU CLASELE I-VIII TARITA
BC,SCOALA GENERALA CU CLASELE I-VIII TARNITA / BC,2,direct_whole_name_match,282,SCOALA GENERALA CU CLASELE I-VIII TARNITA
BC,SCOALA GENERALA CU CLASELE I-VIII TEMELIA / BC,2,direct_whole_name_match,140,SCOALA GENERALA CU CLASELE I-VIII TEMELIA
BC,SCOALA GENERALA CU CLASELE I-VIII TEPOAIA / BC,3,direct_whole_name_match,270,SCOALA GENERALA CU CLASELE I-VIII TEPOAIA
BC,SCOALA GENERALA CU CLASELE I-VIII TESCANI / BC,11,direct_whole_name_match,186,SCOALA GENERALA CU CLASELE I-VIII TESCANI
BC,SCOALA GENERALA CU CLASELE I-VIII TIRGU TROTUS / BC,15,direct_whole_name_match,360,SCOALA GENERALA CU CLASELE I-VIII TIRGU TROTUS
BC,SCOALA GENERALA CU CLASELE I-VIII TISA-SILVESTRI / BC,5,direct_whole_name_match,342,SCOALA GENERALA CU CLASELE I-VIII TISA-SILVESTRI
BC,SCOALA GENERALA CU CLASELE I-VIII TRAIAN / BC,8,direct_whole_name_match,362,SCOALA GENERALA CU CLASELE I-VIII TRAIAN
BC,SCOALA GENERALA CU CLASELE I-VIII TREBES / BC,13,direct_whole_name_match,389,SCOALA GENERALA CU CLASELE I-VIII TREBES
BC,SCOALA GENERALA CU CLASELE I-VIII TUTA / BC,16,direct_whole_name_match,358,SCOALA GENERALA CU CLASELE I-VIII TUTA
BC,SCOALA GENERALA CU CLASELE I-VIII UNGURENI / BC,6,direct_whole_name_match,367,SCOALA GENERALA CU CLASELE I-VIII UNGURENI
BC,SCOALA GENERALA CU CLASELE I-VIII URECHESTI / BC,7,direct_whole_name_match,369,SCOALA GENERALA CU CLASELE I-VIII URECHESTI
BC,SCOALA GENERALA CU CLASELE I-VIII VALEA ARINILOR / BC,17,direct_whole_name_match,263,SCOALA GENERALA CU CLASELE I-VIII VALEA ARINILOR
BC,SCOALA GENERALA CU CLASELE I-VIII VIFORENI / BC,3,direct_whole_name_match,366,SCOALA GENERALA CU CLASELE I-VIII VIFORENI
BC,SCOALA GENERALA CU CLASELE I-VIII VIISOARA / BC,4,direct_whole_name_match,359,SCOALA GENERALA CU CLASELE I-VIII VIISOARA
BC,SCOALA GENERALA CU CLASELE I-VIII VULTURENI / BC,17,direct_whole_name_match,371,SCOALA GENERALA CU CLASELE I-VIII VULTURENI
BC,SCOALA GENERALA DE 8 ANI ANGHELESTI / VN,1,outside_county_origin,,
BC,SCOALA GENERALA DE 8 ANI BOGHESTI / VN,4,outside_county_origin,,
BC,SCOALA GENERALA DE 8 ANI COPACESTI / VN,1,outside_county_origin,,
BC,SCOALA GENERALA DE 8 ANI DOMNESTI-TIRG / VN,1,outside_county_origin,,
BC,SCOALA GENERALA DE 8 ANI FELDIOARA / VN,2,outside_county_origin,,
BC,SCOALA GENERALA DE 8 ANI LESPEZI / VN,1,outside_county_origin,,
BC,SCOALA GENERALA DE 8 ANI NR 2 ADJUD / VN,1,outside_county_origin,,
BC,SCOALA GENERALA DE 8 ANI NR 4 ADJUD / VN,3,outside_county_origin,,
BC,SCOALA GENERALA DE 8 ANI NR.1 PAUNESTI / VN,5,outside_county_origin,,
BC,SCOALA GENERALA DE 8 ANI PLOSCUTENI / VN,3,outside_county_origin,,
BC,SCOALA GENERALA DE 8 ANI PUFESTI / VN,1,outside_county_origin,,
BC,SCOALA GENERALA DE 8 ANI PURANII DE SUS / TR,1,outside_county_origin,,
BC,SCOALA GENERALA DE 8 ANI SERBANESTI / VN,1,outside_county_origin,,
BC,SCOALA GENERALA DE 8 ANI TANASOAIA / VN,1,outside_county_origin,,
BC,SCOALA GENERALA DE 8 ANI VIZANTEA-MANASTIREASCA / VN,7,outside_county_origin,,
BC,SCOALA GENERALA NR 1 BALAN / HR,1,outside_county_origin,,
BC,SCOALA GENERALA NR 3 BRASOV / BV,1,outside_county_origin,,
BC,"SCOALA NR.11 ""IORGU IORDAN"" TECUCI / GL",2,outside_county_origin,,
BC,SCOALA NR.2 BARCEA / GL,1,outside_county_origin,,
BC,SCOALA PENTRU AMBLIOPI / B,1,outside_county_origin,,
BC,SCOALA POIANA / GL,1,outside_county_origin,,
BC,SCOALA PROFESIONALA AGAS / BC,16,direct_whole_name_match,170,SCOALA PROFESIONALA AGAS
BC,SCOALA PROFESIONALA DE PRESTARI SERVICII NR  3 BAC / BC,24,direct_whole_name_match,109,SCOALA PROFESIONALA DE PRESTARI SERVICII NR  3 BAC
BC,SCOALA PROFESIONALA FAGET / BC,6,direct_whole_name_match,238,SCOALA PROFESIONALA FAGET
BC,SCOALA PROFESIONALA LUIZI-CALUGARA / BC,3,direct_whole_name_match,262,SCOALA PROFESIONALA LUIZI-CALUGARA
BC,scoala sanatoriala Mangalia / CT,2,outside_county_origin,,
BR,"COLEGIUL NATIONAL ""NICOLAE BALCESCU"" BRAILA / BR",29,direct_whole_name_match,130,"COLEGIUL NATIONAL ""NICOLAE BALCESCU"" BRAILA"
BR,"GRUPUL SCOLAR ""N.ONCESCU"" IANCA / BR",23,direct_whole_name_match,135,"GRUPUL SCOLAR ""N.ONCESCU"" IANCA"
BR,GRUPUL SCOLAR GRIGORE MOISIL / BR,10,direct_whole_name_match,136,GRUPUL SCOLAR GRIGORE MOISIL
BR,"GRUPUL SCOLAR INDUSTRIAL ""ANGHEL SALIGNY"" BRAILA / BR",43,direct_whole_name_match,137,"GRUPUL SCOLAR INDUSTRIAL ""ANGHEL SALIGNY"" BRAILA"
BR,"GRUPUL SCOLAR INDUSTRIAL ""GEORGE VILSAN"" FAUREI / BR",41,direct_whole_name_match,138,"GRUPUL SCOLAR INDUSTRIAL ""GEORGE VILSAN"" FAUREI"
BR,GRUPUL SCOLAR INDUSTRIAL IANCA / BR,37,direct_whole_name_match,139,GRUPUL SCOLAR INDUSTRIAL IANCA
BR,GRUPUL SCOLAR INSURATEI / BR,17,direct_whole_name_match,140,GRUPUL SCOLAR INSURATEI
BR,"LICEUL ""MATEI BASARAB"" MAXINENI / BR",15,direct_whole_name_match,224,"LICEUL ""MATEI BASARAB"" MAXINENI"
BR,LICEUL CU PROGRAM SPORTIV BRAILA / BR,57,direct_whole_name_match,131,LICEUL CU PROGRAM SPORTIV BRAILA
BR,"LICEUL DE ARTA ""HARICLEA DARCLEE"" BRAILA / BR",51,direct_whole_name_match,132,"LICEUL DE ARTA ""HARICLEA DARCLEE"" BRAILA"
BR,"LICEUL PEDAGOGIC ""D.P.PERPESSICIUS""BRAILA / BR",23,direct_whole_name_match,133,"LICEUL PEDAGOGIC ""D.P.PERPESSICIUS""BRAILA"
BR,"LICEUL TEORETIC ""NICOLAE IORGA"" BRAILA / BR",29,direct_whole_name_match,134,"LICEUL TEORETIC ""NICOLAE IORGA"" BRAILA"
BR,SC. CU CLASELE I-VIII C.A.ROSETTI / BZ,1,outside_county_origin,,
BR,SC. CU CLASELE I-VIII LUNCA comuna C.A.ROSETTI / BZ,2,outside_county_origin,,
BR,SC. CU CLASELE I-VIII RUSETU comuna RUSETU / BZ,1,outside_county_origin,,
BR,SCOALA BUCIUMENI / GL,2,outside_county_origin,,
BR,SCOALA CU CLASE I-VIII CARCALIU / TL,6,outside_county_origin,,
BR,SCOALA CU CLASE I-VIII CERNA / TL,2,outside_county_origin,,
BR,SCOALA CU CLASE I-VIII CHILIA VECHE / TL,1,outside_county_origin,,
BR,SCOALA CU CLASE I-VIII DOROBANTU / TL,1,outside_county_origin,,
BR,SCOALA CU CLASE I-VIII GRECI / TL,3,outside_county_origin,,
BR,SCOALA CU CLASE I-VIII MIRCEA VODA / TL,1,outside_county_origin,,
BR,SCOALA CU CLASE I-VIII NR.1 MACIN / TL,2,outside_county_origin,,
BR,SCOALA CU CLASE I-VIII PECENEAGA / TL,4,outside_county_origin,,
BR,SCOALA CU CLASE I-VIII SMIRDAN / TL,8,outside_county_origin,,
BR,SCOALA CU CLASE I-VIII TURCOAIA / TL,3,outside_county_origin,,
BR,SCOALA CU CLASE I-VIII VACARENI / TL,1,outside_county_origin,,
BR,"SCOALA CU CLASELE I-VIII ""AL.VECHIU"" ZAVOAIA / BR",4,direct_whole_name_match,223,"SCOALA CU CLASELE I-VIII ""AL.VECHIU"" ZAVOAIA"
BR,"SCOALA CU CLASELE I-VIII ""ALEXANDRU IOAN CUZA"" / BR",74,direct_whole_name_match,101,"SCOALA CU CLASELE I-VIII ""ALEXANDRU IOAN CUZA"""
BR,"SCOALA CU CLASELE I-VIII ""AUREL VLAICU"" / BR",49,direct_whole_name_match,102,"SCOALA CU CLASELE I-VIII ""AUREL VLAICU"""
BR,"SCOALA CU CLASELE I-VIII ""D.CANTEMIR"" BRAILA / BR",129,direct_whole_name_match,125,"SCOALA CU CLASELE I-VIII ""D.CANTEMIR"" BRAILA"
BR,"SCOALA CU CLASELE I-VIII ""ECATERINA TEODOROIU"" / BR",44,direct_whole_name_match,103,"SCOALA CU CLASELE I-VIII ""ECATERINA TEODOROIU"""
BR,"SCOALA CU CLASELE I-VIII ""GEORGE COSBUC"" BRAILA / BR",56,direct_whole_name_match,104,"SCOALA CU CLASELE I-VIII ""GEORGE COSBUC"" BRAILA"
BR,"SCOALA CU CLASELE I-VIII ""I.L.CARAGIALE"" BRAILA / BR",79,direct_whole_name_match,105,"SCOALA CU CLASELE I-VIII ""I.L.CARAGIALE"" BRAILA"
BR,"SCOALA CU CLASELE I-VIII ""ION CREANGA"" BRAILA / BR",125,direct_whole_name_match,106,"SCOALA CU CLASELE I-VIII ""ION CREANGA"" BRAILA"
BR,"SCOALA CU CLASELE I-VIII ""M.KOGALNICEANU"" BRAILA / BR",18,direct_whole_name_match,118,"SCOALA CU CLASELE I-VIII ""M.KOGALNICEANU"" BRAILA"
BR,"SCOALA CU CLASELE I-VIII ""M.VITEAZUL"" BRAILA / BR",97,direct_whole_name_match,124,"SCOALA CU CLASELE I-VIII ""M.VITEAZUL"" BRAILA"
BR,"SCOALA CU CLASELE I-VIII ""MIHAI EMINESCU"" BRAILA / BR",174,direct_whole_name_match,107,"SCOALA CU CLASELE I-VIII ""MIHAI EMINESCU"" BRAILA"
BR,"SCOALA CU CLASELE I-VIII ""MIHAIL SADOVEANU"" BRAILA / BR",151,direct_whole_name_match,108,"SCOALA CU CLASELE I-VIII ""MIHAIL SADOVEANU"" BRAILA"
BR,"SCOALA CU CLASELE I-VIII ""NEDELCU CHERCEA"" BRAILA / BR",20,direct_whole_name_match,109,"SCOALA CU CLASELE I-VIII ""NEDELCU CHERCEA"" BRAILA"
BR,"SCOALA CU CLASELE I-VIII ""SANDU ALDEA"" BRAILA / BR",54,direct_whole_name_match,110,"SCOALA CU CLASELE I-VIII ""SANDU ALDEA"" BRAILA"
BR,"SCOALA CU CLASELE I-VIII ""SPIRU HARET"" BRAILA / BR",60,direct_whole_name_match,111,"SCOALA CU CLASELE I-VIII ""SPIRU HARET"" BRAILA"
BR,"SCOALA CU CLASELE I-VIII ""VASILE ALECSANDRI"" / BR",90,direct_whole_name_match,112,"SCOALA CU CLASELE I-VIII ""VASILE ALECSANDRI"""
BR,SCOALA CU CLASELE I-VIII AGAUA / BR,1,direct_whole_name_match,147,SCOALA CU CLASELE I-VIII AGAUA
BR,SCOALA CU CLASELE I-VIII BALDOVINESTI / BR,4,direct_whole_name_match,148,SCOALA CU CLASELE I-VIII BALDOVINESTI
BR,SCOALA CU CLASELE I-VIII BATOGU / BR,3,direct_whole_name_match,149,SCOALA CU CLASELE I-VIII BATOGU
BR,SCOALA CU CLASELE I-VIII BERTESTII DE JOS / BR,6,direct_whole_name_match,150,SCOALA CU CLASELE I-VIII BERTESTII DE JOS
BR,SCOALA CU CLASELE I-VIII BORDEI VERDE / BR,7,direct_whole_name_match,178,SCOALA CU CLASELE I-VIII BORDEI VERDE
BR,SCOALA CU CLASELE I-VIII CAZASU / BR,16,direct_whole_name_match,179,SCOALA CU CLASELE I-VIII CAZASU
BR,SCOALA CU CLASELE I-VIII CIOCILE / BR,2,direct_whole_name_match,151,SCOALA CU CLASELE I-VIII CIOCILE
BR,SCOALA CU CLASELE I-VIII CIRESU / BR,4,direct_whole_name_match,152,SCOALA CU CLASELE I-VIII CIRESU
BR,SCOALA CU CLASELE I-VIII COLTEA / BR,3,direct_whole_name_match,153,SCOALA CU CLASELE I-VIII COLTEA
BR,SCOALA CU CLASELE I-VIII CONSTANTIN GABRIELESCU / BR,1,direct_whole_name_match,154,SCOALA CU CLASELE I-VIII CONSTANTIN GABRIELESCU
BR,SCOALA CU CLASELE I-VIII CORBU NOU / BR,5,direct_whole_name_match,155,SCOALA CU CLASELE I-VIII CORBU NOU
BR,SCOALA CU CLASELE I-VIII CUZA VODA-SALCIA / BR,2,direct_whole_name_match,156,SCOALA CU CLASELE I-VIII CUZA VODA-SALCIA
BR,SCOALA CU CLASELE I-VIII CUZA VODA-STANC. / BR,4,direct_whole_name_match,157,SCOALA CU CLASELE I-VIII CUZA VODA-STANC.
BR,SCOALA CU CLASELE I-VIII DEDULESTI / BR,2,direct_whole_name_match,158,SCOALA CU CLASELE I-VIII DEDULESTI
BR,SCOALA CU CLASELE I-VIII DROGU / BR,1,direct_whole_name_match,159,SCOALA CU CLASELE I-VIII DROGU
BR,SCOALA CU CLASELE I-VIII DUDESTI / BR,6,direct_whole_name_match,161,SCOALA CU CLASELE I-VIII DUDESTI
BR,SCOALA CU CLASELE I-VIII FILIPESTI / BR,2,direct_whole_name_match,162,SCOALA CU CLASELE I-VIII FILIPESTI
BR,SCOALA CU CLASELE I-VIII FRECATEI / BR,2,direct_whole_name_match,163,SCOALA CU CLASELE I-VIII FRECATEI
BR,SCOALA CU CLASELE I-VIII GALBENU / BR,4,direct_whole_name_match,164,SCOALA CU CLASELE I-VIII GALBENU
BR,SCOALA CU CLASELE I-VIII GEMENELE / BR,8,direct_whole_name_match,165,SCOALA CU CLASELE I-VIII GEMENELE
BR,SCOALA CU CLASELE I-VIII GRADISTEA / BR,3,direct_whole_name_match,180,SCOALA CU CLASELE I-VIII GRADISTEA
BR,SCOALA CU CLASELE I-VIII GROPENI / BR,18,direct_whole_name_match,166,SCOALA CU CLASELE I-VIII GROPENI
BR,SCOALA CU CLASELE I-VIII GULIANCA / BR,1,direct_whole_name_match,167,SCOALA CU CLASELE I-VIII GULIANCA
BR,SCOALA CU CLASELE I-VIII IBRIANU / BR,1,direct_whole_name_match,168,SCOALA CU CLASELE I-VIII IBRIANU
BR,SCOALA CU CLASELE I-VIII JIRLAU / BR,10,direct_whole_name_match,169,SCOALA CU CLASELE I-VIII JIRLAU
BR,SCOALA CU CLASELE I-VIII LANURILE / BR,3,direct_whole_name_match,171,SCOALA CU CLASELE I-VIII LANURILE
BR,SCOALA CU CLASELE I-VIII LISCOTEANCA / BR,1,direct_whole_name_match,173,SCOALA CU CLASELE I-VIII LISCOTEANCA
BR,SCOALA CU CLASELE I-VIII MAGURENI / BR,1,direct_whole_name_match,174,SCOALA CU CLASELE I-VIII MAGURENI
BR,SCOALA CU CLASELE I-VIII MARASU / BR,1,direct_whole_name_match,175,SCOALA CU CLASELE I-VIII MARASU
BR,SCOALA CU CLASELE I-VIII MIHAI BRAVU / BR,2,direct_whole_name_match,176,SCOALA CU CLASELE I-VIII MIHAI BRAVU
BR,SCOALA CU CLASELE I-VIII MIRCEA VODA / BR,11,direct_whole_name_match,181,SCOALA CU CLASELE I-VIII MIRCEA VODA
BR,SCOALA CU CLASELE I-VIII MOVILA MIRESII / BR,13,direct_whole_name_match,177,SCOALA CU CLASELE I-VIII MOVILA MIRESII
BR,SCOALA CU CLASELE I-VIII NR 1 BARAGANUL / BR,4,direct_whole_name_match,226,SCOALA CU CLASELE I-VIII NR 1 BARAGANUL
BR,SCOALA CU CLASELE I-VIII NR 1 BRAILA / BR,61,direct_whole_name_match,113,SCOALA CU CLASELE I-VIII NR 1 BRAILA
BR,SCOALA CU CLASELE I-VIII NR 1 INSURATEI / BR,10,direct_whole_name_match,114,SCOALA CU CLASELE I-VIII NR 1 INSURATEI
BR,SCOALA CU CLASELE I-VIII NR 1 TUFESTI / BR,8,direct_whole_name_match,183,SCOALA CU CLASELE I-VIII NR 1 TUFESTI
BR,SCOALA CU CLASELE I-VIII NR 1 ULMU / BR,5,direct_whole_name_match,184,SCOALA CU CLASELE I-VIII NR 1 ULMU
BR,SCOALA CU CLASELE I-VIII NR 1 VIZIRU / BR,9,direct_whole_name_match,185,SCOALA CU CLASELE I-VIII NR 1 VIZIRU
BR,SCOALA CU CLASELE I-VIII NR 10 BRAILA / BR,56,direct_whole_name_match,115,SCOALA CU CLASELE I-VIII NR 10 BRAILA
BR,SCOALA CU CLASELE I-VIII NR 16 BRAILA / BR,13,direct_whole_name_match,116,SCOALA CU CLASELE I-VIII NR 16 BRAILA
BR,SCOALA CU CLASELE I-VIII NR 18 BRAILA / BR,68,direct_whole_name_match,117,SCOALA CU CLASELE I-VIII NR 18 BRAILA
BR,SCOALA CU CLASELE I-VIII NR 2 BARAGANUL / BR,7,direct_whole_name_match,186,SCOALA CU CLASELE I-VIII NR 2 BARAGANUL
BR,SCOALA CU CLASELE I-VIII NR 2 BRAILA / BR,109,direct_whole_name_match,119,SCOALA CU CLASELE I-VIII NR 2 BRAILA
BR,SCOALA CU CLASELE I-VIII NR 2 INSURATEI / BR,9,direct_whole_name_match,120,SCOALA CU CLASELE I-VIII NR 2 INSURATEI
BR,SCOALA CU CLASELE I-VIII NR 2 TUFESTI / BR,5,direct_whole_name_match,187,SCOALA CU CLASELE I-VIII NR 2 TUFESTI
BR,SCOALA CU CLASELE I-VIII NR 2 ULMU / BR,2,direct_whole_name_match,188,SCOALA CU CLASELE I-VIII NR 2 ULMU
BR,SCOALA CU CLASELE I-VIII NR 2 VIZIRU / BR,6,direct_whole_name_match,189,SCOALA CU CLASELE I-VIII NR 2 VIZIRU
BR,SCOALA CU CLASELE I-VIII NR 21 BRAILA / BR,21,direct_whole_name_match,121,SCOALA CU CLASELE I-VIII NR 21 BRAILA
BR,SCOALA CU CLASELE I-VIII NR 22 BRAILA / BR,62,direct_whole_name_match,122,SCOALA CU CLASELE I-VIII NR 22 BRAILA
BR,SCOALA CU CLASELE I-VIII NR 24 BRAILA / BR,14,direct_whole_name_match,123,SCOALA CU CLASELE I-VIII NR 24 BRAILA
BR,SCOALA CU CLASELE I-VIII NR 26 CHISCANI / BR,13,direct_whole_name_match,190,SCOALA CU CLASELE I-VIII NR 26 CHISCANI
BR,SCOALA CU CLASELE I-VIII NR 33 BRAILA / BR,64,direct_whole_name_match,126,SCOALA CU CLASELE I-VIII NR 33 BRAILA
BR,SCOALA CU CLASELE I-VIII NR 5 BRAILA / BR,7,direct_whole_name_match,127,SCOALA CU CLASELE I-VIII NR 5 BRAILA
BR,SCOALA CU CLASELE I-VIII NR 8 BRAILA / BR,103,direct_whole_name_match,128,SCOALA CU CLASELE I-VIII NR 8 BRAILA
BR,SCOALA CU CLASELE I-VIII NR 9 BRAILA / BR,15,direct_whole_name_match,129,SCOALA CU CLASELE I-VIII NR 9 BRAILA
BR,SCOALA CU CLASELE I-VIII OPRISENESTI / BR,2,direct_whole_name_match,191,SCOALA CU CLASELE I-VIII OPRISENESTI
BR,SCOALA CU CLASELE I-VIII PERISORU / BR,2,direct_whole_name_match,192,SCOALA CU CLASELE I-VIII PERISORU
BR,SCOALA CU CLASELE I-VIII PLOPU / BR,7,direct_whole_name_match,193,SCOALA CU CLASELE I-VIII PLOPU
BR,SCOALA CU CLASELE I-VIII RACOVITA / BR,11,direct_whole_name_match,194,SCOALA CU CLASELE I-VIII RACOVITA
BR,SCOALA CU CLASELE I-VIII RIMNICELU / BR,7,direct_whole_name_match,182,SCOALA CU CLASELE I-VIII RIMNICELU
BR,SCOALA CU CLASELE I-VIII ROMANU / BR,3,direct_whole_name_match,195,SCOALA CU CLASELE I-VIII ROMANU
BR,SCOALA CU CLASELE I-VIII ROSIORI / BR,7,direct_whole_name_match,196,SCOALA CU CLASELE I-VIII ROSIORI
BR,SCOALA CU CLASELE I-VIII SALCIA TUDOR / BR,3,direct_whole_name_match,197,SCOALA CU CLASELE I-VIII SALCIA TUDOR
BR,SCOALA CU CLASELE I-VIII SATUC / BR,1,direct_whole_name_match,198,SCOALA CU CLASELE I-VIII SATUC
BR,SCOALA CU CLASELE I-VIII SCARLATESTI / BR,4,direct_whole_name_match,199,SCOALA CU CLASELE I-VIII SCARLATESTI
BR,SCOALA CU CLASELE I-VIII SCORTARU NOU / BR,3,direct_whole_name_match,200,SCOALA CU CLASELE I-VIII SCORTARU NOU
BR,SCOALA CU CLASELE I-VIII SCORTARU VECHI / BR,2,direct_whole_name_match,201,SCOALA CU CLASELE I-VIII SCORTARU VECHI
BR,SCOALA CU CLASELE I-VIII SILISTEA / BR,3,direct_whole_name_match,202,SCOALA CU CLASELE I-VIII SILISTEA
BR,SCOALA CU CLASELE I-VIII SILISTRARU / BR,1,direct_whole_name_match,203,SCOALA CU CLASELE I-VIII SILISTRARU
BR,SCOALA CU CLASELE I-VIII SPIRU HARET / BR,2,direct_whole_name_match,204,SCOALA CU CLASELE I-VIII SPIRU HARET
BR,SCOALA CU CLASELE I-VIII STANCUTA / BR,13,direct_whole_name_match,205,SCOALA CU CLASELE I-VIII STANCUTA
BR,SCOALA CU CLASELE I-VIII SURDILA GAISEANCA / BR,10,direct_whole_name_match,206,SCOALA CU CLASELE I-VIII SURDILA GAISEANCA
BR,SCOALA CU CLASELE I-VIII SURDILA GRECI / BR,4,direct_whole_name_match,207,SCOALA CU CLASELE I-VIII SURDILA GRECI
BR,SCOALA CU CLASELE I-VIII SUTESTI / BR,20,direct_whole_name_match,208,SCOALA CU CLASELE I-VIII SUTESTI
BR,SCOALA CU CLASELE I-VIII TACAU / BR,1,direct_whole_name_match,209,SCOALA CU CLASELE I-VIII TACAU
BR,SCOALA CU CLASELE I-VIII TATARU / BR,7,direct_whole_name_match,210,SCOALA CU CLASELE I-VIII TATARU
BR,SCOALA CU CLASELE I-VIII TEPES VODA / BR,7,direct_whole_name_match,211,SCOALA CU CLASELE I-VIII TEPES VODA
BR,SCOALA CU CLASELE I-VIII TICHILESTI / BR,18,direct_whole_name_match,212,SCOALA CU CLASELE I-VIII TICHILESTI
BR,SCOALA CU CLASELE I-VIII TRAIAN / BR,10,direct_whole_name_match,214,SCOALA CU CLASELE I-VIII TRAIAN
BR,SCOALA CU CLASELE I-VIII TUDOR VLADIMIRESCU / BR,1,direct_whole_name_match,215,SCOALA CU CLASELE I-VIII TUDOR VLADIMIRESCU
BR,SCOALA CU CLASELE I-VIII UNIREA / BR,3,direct_whole_name_match,216,SCOALA CU CLASELE I-VIII UNIREA
BR,SCOALA CU CLASELE I-VIII URLEASCA / BR,4,direct_whole_name_match,217,SCOALA CU CLASELE I-VIII URLEASCA
BR,SCOALA CU CLASELE I-VIII VADENI / BR,6,direct_whole_name_match,218,SCOALA CU CLASELE I-VIII VADENI
BR,SCOALA CU CLASELE I-VIII VICTORIA / BR,3,direct_whole_name_match,220,SCOALA CU CLASELE I-VIII VICTORIA
BR,SCOALA CU CLASELE I-VIII VISANI / BR,1,direct_whole_name_match,221,SCOALA CU CLASELE I-VIII VISANI
BR,SCOALA CU CLASELE I-VIII VULTURENI / BR,3,direct_whole_name_match,222,SCOALA CU CLASELE I-VIII VULTURENI
BR,SCOALA DRAGANESTI / GL,2,outside_county_origin,,
BR,SCOALA GENERALA CU CLASELE I-VIII NR 10 BACAU / BC,1,outside_county_origin,,
BR,SCOALA GENERALA DE 8 ANI JITIA / VN,1,outside_county_origin,,
BR,SCOALA GENERALA DE 8 ANI NR 1 POPESTI / VN,1,outside_county_origin,,
BR,SCOALA GENERALA I-VIII COLELIA / IL,1,outside_county_origin,,
BR,SCOALA GENERALA I-VIII NR.1 FETESTI / IL,1,outside_county_origin,,
BR,SCOALA GRIVITA / GL,2,outside_county_origin,,
BR,SCOALA NORMALA  SLOBOZIA / IL,1,outside_county_origin,,
BR,"SCOALA NR.1 IVESTI""HORTENSIA PAPADAT BENGESCU"" / GL",1,outside_county_origin,,
BR,"SCOALA NR.1 PISCU ""DIMITRIE LUCHIAN"" / GL",1,outside_county_origin,,
BR,SCOALA NR.2 COROD / GL,1,outside_county_origin,,
BR,"SCOALA NR.22 ""DIMITRIE CANTEMIR""GALATI / GL",1,outside_county_origin,,
BR,SCOALA NR.24                    GALATI / GL,1,outside_county_origin,,
BR,SCOALA POIANA / GL,1,outside_county_origin,,
BR,SCOALA UMBRARESTI ( NR.1) / GL,1,outside_county_origin,,
BR,scoala cu clasele I-VIII Topraisar / CT,1,outside_county_origin,,
BR,scoala cu clasele I-VIII nr. 2 Navodari / CT,1,outside_county_origin,,
BR,scoala cu clasele I-VIII nr.37 Constanta / CT,1,outside_county_origin,,
BR,scoala sanatoriala Mangalia / CT,1,outside_county_origin,,
BT,"COLEGIUL NATIONAL ""A.T.LAURIAN"" BOTOSANI / BT",77,direct_whole_name_match,101,"COLEGIUL NATIONAL ""A.T.LAURIAN"" BOTOSANI"
BT,"COLEGIUL NATIONAL ""LIVIU REBREANU"" BISTRITA / BN",1,outside_county_origin,,
BT,"COLEGIUL NATIONAL ""MIHAI EMINESCU"" BOTOSANI / BT",44,direct_whole_name_match,102,"COLEGIUL NATIONAL ""MIHAI EMINESCU"" BOTOSANI"
BT,GRUP SCOLAR COTUSCA / BT,6,direct_whole_name_match,113,GRUP SCOLAR COTUSCA
BT,GRUP SCOLAR DOLHASCA / SV,1,outside_county_origin,,
BT,GRUP SCOLAR DUMBRAVENI / SV,2,outside_county_origin,,
BT,GRUP SCOLAR INDUSTRIAL MINIER MOLDOVA NOUA / CS,1,outside_county_origin,,
BT,"GRUPUL SCOLAR ""NICOLAE BALCESCU"" FLAMINZI / BT",39,direct_whole_name_match,111,"GRUPUL SCOLAR ""NICOLAE BALCESCU"" FLAMINZI"
BT,GRUPUL SCOLAR DARABANI / BT,23,direct_whole_name_match,109,GRUPUL SCOLAR DARABANI
BT,GRUPUL SCOLAR INDUSTRIAL BUCECEA / BT,48,direct_whole_name_match,110,GRUPUL SCOLAR INDUSTRIAL BUCECEA
BT,GRUPUL SCOLAR INDUSTRIAL VORONA / BT,3,direct_whole_name_match,112,GRUPUL SCOLAR INDUSTRIAL VORONA
BT,LICEUL CU PROGRAM SPORTIV BOTOSANI / BT,10,direct_whole_name_match,108,LICEUL CU PROGRAM SPORTIV BOTOSANI
BT,LICEUL CU PROGRAM SPORTIV SUCEAVA / SV,1,outside_county_origin,,
BT,"LICEUL DE ARTA ""STEFAN LUCHIAN"" BOTOSANI / BT",19,direct_whole_name_match,107,"LICEUL DE ARTA ""STEFAN LUCHIAN"" BOTOSANI"
BT,"LICEUL PEDAGOGIC ""NICOLAE IORGA"" BOTOSANI / BT",66,direct_whole_name_match,103,"LICEUL PEDAGOGIC ""NICOLAE IORGA"" BOTOSANI"
BT,"LICEUL TEORETIC ""ANASTASIE BASOTA"" POMIRLA / BT",15,direct_whole_name_match,106,"LICEUL TEORETIC ""ANASTASIE BASOTA"" POMIRLA"
BT,"LICEUL TEORETIC ""GRIGORE GHICA VOIEVOD"" DOROHOI / BT",27,direct_whole_name_match,104,"LICEUL TEORETIC ""GRIGORE GHICA VOIEVOD"" DOROHOI"
BT,LICEUL TEORETIC NR 3 RESITA / CS,1,outside_county_origin,,
BT,LICEUL TEORETIC STEFANESTI / BT,17,direct_whole_name_match,105,LICEUL TEORETIC STEFANESTI
BT,SCOALA CU CLASE I-VIII CASIMCEA / TL,1,outside_county_origin,,
BT,"SCOALA CU CLASELE I-VIII ""P. RARES"" HIRLAU / IS",1,outside_county_origin,,
BT,"SCOALA CU CLASELE I-VIII ""TIBERIU CRUDU"" NR 1 TUDO / BT",12,direct_whole_name_match,280,"SCOALA CU CLASELE I-VIII ""TIBERIU CRUDU"" NR 1 TUDO"
BT,SCOALA CU CLASELE I-VIII ADASENI / BT,6,direct_whole_name_match,153,SCOALA CU CLASELE I-VIII ADASENI
BT,SCOALA CU CLASELE I-VIII ARBOREA / BT,2,direct_whole_name_match,202,SCOALA CU CLASELE I-VIII ARBOREA
BT,SCOALA CU CLASELE I-VIII AUREL VLAICU / BT,2,direct_whole_name_match,154,SCOALA CU CLASELE I-VIII AUREL VLAICU
BT,SCOALA CU CLASELE I-VIII AVRAMENI / BT,5,direct_whole_name_match,150,SCOALA CU CLASELE I-VIII AVRAMENI
BT,SCOALA CU CLASELE I-VIII BAJURA / BT,18,direct_whole_name_match,138,SCOALA CU CLASELE I-VIII BAJURA
BT,SCOALA CU CLASELE I-VIII BARANCA / BT,1,direct_whole_name_match,219,SCOALA CU CLASELE I-VIII BARANCA
BT,SCOALA CU CLASELE I-VIII BOBULESTI / BT,2,direct_whole_name_match,271,SCOALA CU CLASELE I-VIII BOBULESTI
BT,SCOALA CU CLASELE I-VIII BOGDANESTI / BT,3,direct_whole_name_match,259,SCOALA CU CLASELE I-VIII BOGDANESTI
BT,SCOALA CU CLASELE I-VIII BRAESTI / BT,4,direct_whole_name_match,158,SCOALA CU CLASELE I-VIII BRAESTI
BT,SCOALA CU CLASELE I-VIII BREHUIESTI / BT,2,direct_whole_name_match,115,SCOALA CU CLASELE I-VIII BREHUIESTI
BT,SCOALA CU CLASELE I-VIII BROSCAUTI / BT,6,direct_whole_name_match,159,SCOALA CU CLASELE I-VIII BROSCAUTI
BT,SCOALA CU CLASELE I-VIII BUHACENI / BT,6,direct_whole_name_match,278,SCOALA CU CLASELE I-VIII BUHACENI
BT,SCOALA CU CLASELE I-VIII BUZENI / BT,3,direct_whole_name_match,156,SCOALA CU CLASELE I-VIII BUZENI
BT,SCOALA CU CLASELE I-VIII CATAMARESTI-DEAL / BT,11,direct_whole_name_match,228,SCOALA CU CLASELE I-VIII CATAMARESTI-DEAL
BT,SCOALA CU CLASELE I-VIII CERNESTI / BT,3,direct_whole_name_match,276,SCOALA CU CLASELE I-VIII CERNESTI
BT,SCOALA CU CLASELE I-VIII CERVICESTI / BT,5,direct_whole_name_match,229,SCOALA CU CLASELE I-VIII CERVICESTI
BT,SCOALA CU CLASELE I-VIII CODRENI / BT,4,direct_whole_name_match,239,SCOALA CU CLASELE I-VIII CODRENI
BT,SCOALA CU CLASELE I-VIII CONCESTI / BT,4,direct_whole_name_match,161,SCOALA CU CLASELE I-VIII CONCESTI
BT,SCOALA CU CLASELE I-VIII COPALAU / BT,11,direct_whole_name_match,162,SCOALA CU CLASELE I-VIII COPALAU
BT,SCOALA CU CLASELE I-VIII CORLATENI / BT,5,direct_whole_name_match,166,SCOALA CU CLASELE I-VIII CORLATENI
BT,SCOALA CU CLASELE I-VIII COSULA / BT,7,direct_whole_name_match,163,SCOALA CU CLASELE I-VIII COSULA
BT,SCOALA CU CLASELE I-VIII COTU MICULINTI / BT,1,direct_whole_name_match,173,SCOALA CU CLASELE I-VIII COTU MICULINTI
BT,SCOALA CU CLASELE I-VIII CRASNALEUCA / BT,3,direct_whole_name_match,172,SCOALA CU CLASELE I-VIII CRASNALEUCA
BT,SCOALA CU CLASELE I-VIII CUCORANI / BT,3,direct_whole_name_match,230,SCOALA CU CLASELE I-VIII CUCORANI
BT,SCOALA CU CLASELE I-VIII CUZA VODA / BT,5,direct_whole_name_match,291,SCOALA CU CLASELE I-VIII CUZA VODA
BT,SCOALA CU CLASELE I-VIII DEALU CRUCI / BT,1,direct_whole_name_match,298,SCOALA CU CLASELE I-VIII DEALU CRUCI
BT,SCOALA CU CLASELE I-VIII DERSCA / BT,16,direct_whole_name_match,181,SCOALA CU CLASELE I-VIII DERSCA
BT,SCOALA CU CLASELE I-VIII DIMACHENI / BT,1,direct_whole_name_match,167,SCOALA CU CLASELE I-VIII DIMACHENI
BT,SCOALA CU CLASELE I-VIII DOBIRCENI / BT,6,direct_whole_name_match,187,SCOALA CU CLASELE I-VIII DOBIRCENI
BT,SCOALA CU CLASELE I-VIII DOINA / BT,2,direct_whole_name_match,254,SCOALA CU CLASELE I-VIII DOINA
BT,SCOALA CU CLASELE I-VIII DOROBANTI / BT,1,direct_whole_name_match,245,SCOALA CU CLASELE I-VIII DOROBANTI
BT,SCOALA CU CLASELE I-VIII DRAGUSENI / BT,5,direct_whole_name_match,189,SCOALA CU CLASELE I-VIII DRAGUSENI
BT,SCOALA CU CLASELE I-VIII DRISLEA / BT,5,direct_whole_name_match,279,SCOALA CU CLASELE I-VIII DRISLEA
BT,SCOALA CU CLASELE I-VIII DUMBRAVITA / BT,11,direct_whole_name_match,221,SCOALA CU CLASELE I-VIII DUMBRAVITA
BT,SCOALA CU CLASELE I-VIII DURNESTI / BT,8,direct_whole_name_match,191,SCOALA CU CLASELE I-VIII DURNESTI
BT,SCOALA CU CLASELE I-VIII EZER / BT,7,direct_whole_name_match,211,SCOALA CU CLASELE I-VIII EZER
BT,SCOALA CU CLASELE I-VIII FUNDU HERTII / BT,7,direct_whole_name_match,180,SCOALA CU CLASELE I-VIII FUNDU HERTII
BT,SCOALA CU CLASELE I-VIII GORBANESTI / BT,3,direct_whole_name_match,203,SCOALA CU CLASELE I-VIII GORBANESTI
BT,SCOALA CU CLASELE I-VIII GURANDA / BT,8,direct_whole_name_match,192,SCOALA CU CLASELE I-VIII GURANDA
BT,SCOALA CU CLASELE I-VIII HANESTI / BT,5,direct_whole_name_match,208,SCOALA CU CLASELE I-VIII HANESTI
BT,SCOALA CU CLASELE I-VIII HANTASTI / SV,1,outside_county_origin,,
BT,SCOALA CU CLASELE I-VIII HILISEU-HORIA / BT,2,direct_whole_name_match,210,SCOALA CU CLASELE I-VIII HILISEU-HORIA
BT,SCOALA CU CLASELE I-VIII HORIA / BT,1,direct_whole_name_match,242,SCOALA CU CLASELE I-VIII HORIA
BT,SCOALA CU CLASELE I-VIII HULUB / BT,1,direct_whole_name_match,185,SCOALA CU CLASELE I-VIII HULUB
BT,SCOALA CU CLASELE I-VIII HUMORENI / SV,1,outside_county_origin,,
BT,SCOALA CU CLASELE I-VIII IONASENI / BT,10,ambiguous_same_directory_name,277 | 294,SCOALA CU CLASELE I-VIII IONASENI | SCOALA CU CLASELE I-VIII IONASENI
BT,SCOALA CU CLASELE I-VIII IPOTESTI / BT,6,direct_whole_name_match,232,SCOALA CU CLASELE I-VIII IPOTESTI
BT,SCOALA CU CLASELE I-VIII LISMANITA / BT,13,direct_whole_name_match,139,SCOALA CU CLASELE I-VIII LISMANITA
BT,SCOALA CU CLASELE I-VIII LISNA / BT,6,direct_whole_name_match,263,SCOALA CU CLASELE I-VIII LISNA
BT,SCOALA CU CLASELE I-VIII LIVENI / BT,6,direct_whole_name_match,227,SCOALA CU CLASELE I-VIII LIVENI
BT,SCOALA CU CLASELE I-VIII LOZNA / BT,5,direct_whole_name_match,182,SCOALA CU CLASELE I-VIII LOZNA
BT,SCOALA CU CLASELE I-VIII MANASTIREA DOAMNEI / BT,2,direct_whole_name_match,126,SCOALA CU CLASELE I-VIII MANASTIREA DOAMNEI
BT,SCOALA CU CLASELE I-VIII MANOLEASA / BT,6,direct_whole_name_match,226,SCOALA CU CLASELE I-VIII MANOLEASA
BT,SCOALA CU CLASELE I-VIII MIHALASENI / BT,4,direct_whole_name_match,236,SCOALA CU CLASELE I-VIII MIHALASENI
BT,SCOALA CU CLASELE I-VIII MILETIN / BT,3,direct_whole_name_match,249,SCOALA CU CLASELE I-VIII MILETIN
BT,SCOALA CU CLASELE I-VIII MINDRESTI / BT,15,direct_whole_name_match,116,SCOALA CU CLASELE I-VIII MINDRESTI
BT,SCOALA CU CLASELE I-VIII NASTASE / BT,3,direct_whole_name_match,237,SCOALA CU CLASELE I-VIII NASTASE
BT,SCOALA CU CLASELE I-VIII NEGRENI / BT,1,direct_whole_name_match,274,SCOALA CU CLASELE I-VIII NEGRENI
BT,SCOALA CU CLASELE I-VIII NICHITENI / BT,7,direct_whole_name_match,176,SCOALA CU CLASELE I-VIII NICHITENI
BT,SCOALA CU CLASELE I-VIII NICSENI / BT,2,direct_whole_name_match,244,SCOALA CU CLASELE I-VIII NICSENI
BT,SCOALA CU CLASELE I-VIII NR  1 BOTOSANI / BT,26,direct_whole_name_match,119,SCOALA CU CLASELE I-VIII NR  1 BOTOSANI
BT,SCOALA CU CLASELE I-VIII NR  2 BOTOSANI / BT,82,direct_whole_name_match,307,SCOALA CU CLASELE I-VIII NR  2 BOTOSANI
BT,SCOALA CU CLASELE I-VIII NR  3 BOTOSANI / BT,38,direct_whole_name_match,120,SCOALA CU CLASELE I-VIII NR  3 BOTOSANI
BT,SCOALA CU CLASELE I-VIII NR  4 BOTOSANI / BT,78,direct_whole_name_match,121,SCOALA CU CLASELE I-VIII NR  4 BOTOSANI
BT,SCOALA CU CLASELE I-VIII NR  6 BOTOSANI / BT,291,direct_whole_name_match,314,SCOALA CU CLASELE I-VIII NR  6 BOTOSANI
BT,SCOALA CU CLASELE I-VIII NR  7 BOTOSANI / BT,135,direct_whole_name_match,122,SCOALA CU CLASELE I-VIII NR  7 BOTOSANI
BT,SCOALA CU CLASELE I-VIII NR  8 BOTOSANI / BT,290,direct_whole_name_match,123,SCOALA CU CLASELE I-VIII NR  8 BOTOSANI
BT,SCOALA CU CLASELE I-VIII NR 1 ALBA / BT,7,direct_whole_name_match,216,SCOALA CU CLASELE I-VIII NR 1 ALBA
BT,SCOALA CU CLASELE I-VIII NR 1 ALBESTI / BT,19,direct_whole_name_match,147,SCOALA CU CLASELE I-VIII NR 1 ALBESTI
BT,SCOALA CU CLASELE I-VIII NR 1 BALUSENI / BT,4,direct_whole_name_match,155,SCOALA CU CLASELE I-VIII NR 1 BALUSENI
BT,SCOALA CU CLASELE I-VIII NR 1 BLINDESTI / BT,7,direct_whole_name_match,266,SCOALA CU CLASELE I-VIII NR 1 BLINDESTI
BT,SCOALA CU CLASELE I-VIII NR 1 CALARASI / BT,6,direct_whole_name_match,160,SCOALA CU CLASELE I-VIII NR 1 CALARASI
BT,SCOALA CU CLASELE I-VIII NR 1 CALUGARENI / BT,1,direct_whole_name_match,283,SCOALA CU CLASELE I-VIII NR 1 CALUGARENI
BT,SCOALA CU CLASELE I-VIII NR 1 CASVANA / SV,1,outside_county_origin,,
BT,SCOALA CU CLASELE I-VIII NR 1 CINDESTI / BT,5,direct_whole_name_match,234,SCOALA CU CLASELE I-VIII NR 1 CINDESTI
BT,SCOALA CU CLASELE I-VIII NR 1 CORDARENI / BT,11,direct_whole_name_match,165,SCOALA CU CLASELE I-VIII NR 1 CORDARENI
BT,SCOALA CU CLASELE I-VIII NR 1 CORNI / BT,6,direct_whole_name_match,169,SCOALA CU CLASELE I-VIII NR 1 CORNI
BT,SCOALA CU CLASELE I-VIII NR 1 COSTESTI / BT,3,direct_whole_name_match,132,SCOALA CU CLASELE I-VIII NR 1 COSTESTI
BT,SCOALA CU CLASELE I-VIII NR 1 CRISTESTI / BT,13,direct_whole_name_match,177,SCOALA CU CLASELE I-VIII NR 1 CRISTESTI
BT,SCOALA CU CLASELE I-VIII NR 1 CRISTINESTI / BT,8,direct_whole_name_match,179,SCOALA CU CLASELE I-VIII NR 1 CRISTINESTI
BT,SCOALA CU CLASELE I-VIII NR 1 DARABANI / BT,67,direct_whole_name_match,135,SCOALA CU CLASELE I-VIII NR 1 DARABANI
BT,SCOALA CU CLASELE I-VIII NR 1 DINGENI / BT,6,direct_whole_name_match,184,SCOALA CU CLASELE I-VIII NR 1 DINGENI
BT,SCOALA CU CLASELE I-VIII NR 1 DORNESTI / SV,1,outside_county_origin,,
BT,SCOALA CU CLASELE I-VIII NR 1 DOROHOI / BT,30,direct_whole_name_match,140,SCOALA CU CLASELE I-VIII NR 1 DOROHOI
BT,SCOALA CU CLASELE I-VIII NR 1 DRACSANI / BT,7,direct_whole_name_match,267,SCOALA CU CLASELE I-VIII NR 1 DRACSANI
BT,SCOALA CU CLASELE I-VIII NR 1 DRAXINI / BT,5,direct_whole_name_match,157,SCOALA CU CLASELE I-VIII NR 1 DRAXINI
BT,SCOALA CU CLASELE I-VIII NR 1 DUMENI / BT,4,direct_whole_name_match,200,SCOALA CU CLASELE I-VIII NR 1 DUMENI
BT,SCOALA CU CLASELE I-VIII NR 1 FLAMINZI / BT,10,direct_whole_name_match,193,SCOALA CU CLASELE I-VIII NR 1 FLAMINZI
BT,SCOALA CU CLASELE I-VIII NR 1 FRUMUSICA / BT,6,direct_whole_name_match,196,SCOALA CU CLASELE I-VIII NR 1 FRUMUSICA
BT,SCOALA CU CLASELE I-VIII NR 1 GURA HUMORULUI / SV,1,outside_county_origin,,
BT,SCOALA CU CLASELE I-VIII NR 1 HAVIRNA / BT,19,direct_whole_name_match,206,SCOALA CU CLASELE I-VIII NR 1 HAVIRNA
BT,SCOALA CU CLASELE I-VIII NR 1 HLIPICENI / BT,4,direct_whole_name_match,213,SCOALA CU CLASELE I-VIII NR 1 HLIPICENI
BT,SCOALA CU CLASELE I-VIII NR 1 HORODISTEA / BT,1,direct_whole_name_match,247,SCOALA CU CLASELE I-VIII NR 1 HORODISTEA
BT,SCOALA CU CLASELE I-VIII NR 1 HUDESTI / BT,6,direct_whole_name_match,215,SCOALA CU CLASELE I-VIII NR 1 HUDESTI
BT,SCOALA CU CLASELE I-VIII NR 1 IBANESTI / BT,12,direct_whole_name_match,220,SCOALA CU CLASELE I-VIII NR 1 IBANESTI
BT,SCOALA CU CLASELE I-VIII NR 1 JIJIA / BT,1,direct_whole_name_match,149,SCOALA CU CLASELE I-VIII NR 1 JIJIA
BT,SCOALA CU CLASELE I-VIII NR 1 JOLDESTI / BT,5,direct_whole_name_match,303,SCOALA CU CLASELE I-VIII NR 1 JOLDESTI
BT,SCOALA CU CLASELE I-VIII NR 1 LEORDA / BT,14,direct_whole_name_match,222,SCOALA CU CLASELE I-VIII NR 1 LEORDA
BT,SCOALA CU CLASELE I-VIII NR 1 LUNCA / BT,18,direct_whole_name_match,223,SCOALA CU CLASELE I-VIII NR 1 LUNCA
BT,SCOALA CU CLASELE I-VIII NR 1 MIHAILENI / BT,7,direct_whole_name_match,233,SCOALA CU CLASELE I-VIII NR 1 MIHAILENI
BT,SCOALA CU CLASELE I-VIII NR 1 MILEANCA / BT,6,direct_whole_name_match,238,SCOALA CU CLASELE I-VIII NR 1 MILEANCA
BT,SCOALA CU CLASELE I-VIII NR 1 MINASTIRENI / BT,1,direct_whole_name_match,287,SCOALA CU CLASELE I-VIII NR 1 MINASTIRENI
BT,SCOALA CU CLASELE I-VIII NR 1 MIORCANI / BT,11,direct_whole_name_match,252,SCOALA CU CLASELE I-VIII NR 1 MIORCANI
BT,SCOALA CU CLASELE I-VIII NR 1 MITOC / BT,5,direct_whole_name_match,241,SCOALA CU CLASELE I-VIII NR 1 MITOC
BT,SCOALA CU CLASELE I-VIII NR 1 MLENAUTI / BT,4,direct_whole_name_match,217,SCOALA CU CLASELE I-VIII NR 1 MLENAUTI
BT,SCOALA CU CLASELE I-VIII NR 1 ONEAGA / BT,2,direct_whole_name_match,178,SCOALA CU CLASELE I-VIII NR 1 ONEAGA
BT,SCOALA CU CLASELE I-VIII NR 1 OROFTIANA / BT,4,direct_whole_name_match,262,SCOALA CU CLASELE I-VIII NR 1 OROFTIANA
BT,SCOALA CU CLASELE I-VIII NR 1 PALTINIS / BT,6,direct_whole_name_match,246,SCOALA CU CLASELE I-VIII NR 1 PALTINIS
BT,SCOALA CU CLASELE I-VIII NR 1 RADENI / BT,10,direct_whole_name_match,197,SCOALA CU CLASELE I-VIII NR 1 RADENI
BT,SCOALA CU CLASELE I-VIII NR 1 RAUSENI / BT,3,direct_whole_name_match,253,SCOALA CU CLASELE I-VIII NR 1 RAUSENI
BT,SCOALA CU CLASELE I-VIII NR 1 ROMA / BT,10,direct_whole_name_match,256,SCOALA CU CLASELE I-VIII NR 1 ROMA
BT,SCOALA CU CLASELE I-VIII NR 1 SANTA MARE / BT,2,direct_whole_name_match,258,SCOALA CU CLASELE I-VIII NR 1 SANTA MARE
BT,SCOALA CU CLASELE I-VIII NR 1 SAUCENITA / BT,1,direct_whole_name_match,289,SCOALA CU CLASELE I-VIII NR 1 SAUCENITA
BT,SCOALA CU CLASELE I-VIII NR 1 SENDRICENI / BT,8,direct_whole_name_match,269,SCOALA CU CLASELE I-VIII NR 1 SENDRICENI
BT,SCOALA CU CLASELE I-VIII NR 1 SOCRUJENI / BT,2,direct_whole_name_match,204,SCOALA CU CLASELE I-VIII NR 1 SOCRUJENI
BT,SCOALA CU CLASELE I-VIII NR 1 SUHARAU / BT,4,direct_whole_name_match,260,SCOALA CU CLASELE I-VIII NR 1 SUHARAU
BT,SCOALA CU CLASELE I-VIII NR 1 TODIRENI / BT,11,direct_whole_name_match,275,SCOALA CU CLASELE I-VIII NR 1 TODIRENI
BT,SCOALA CU CLASELE I-VIII NR 1 UNGURENI / BT,6,direct_whole_name_match,282,SCOALA CU CLASELE I-VIII NR 1 UNGURENI
BT,SCOALA CU CLASELE I-VIII NR 1 VIRFU CIMPULUI / BT,6,direct_whole_name_match,292,SCOALA CU CLASELE I-VIII NR 1 VIRFU CIMPULUI
BT,SCOALA CU CLASELE I-VIII NR 1 VLADENI-DEAL / BT,4,direct_whole_name_match,199,SCOALA CU CLASELE I-VIII NR 1 VLADENI-DEAL
BT,SCOALA CU CLASELE I-VIII NR 1 VORNICENI / BT,5,direct_whole_name_match,296,SCOALA CU CLASELE I-VIII NR 1 VORNICENI
BT,SCOALA CU CLASELE I-VIII NR 1 VORONA / BT,2,direct_whole_name_match,299,SCOALA CU CLASELE I-VIII NR 1 VORONA
BT,SCOALA CU CLASELE I-VIII NR 1 VORONA MARE / BT,6,direct_whole_name_match,300,SCOALA CU CLASELE I-VIII NR 1 VORONA MARE
BT,SCOALA CU CLASELE I-VIII NR 1 ZLATUNOAIA / BT,14,direct_whole_name_match,224,SCOALA CU CLASELE I-VIII NR 1 ZLATUNOAIA
BT,SCOALA CU CLASELE I-VIII NR 10 BOTOSANI / BT,73,direct_whole_name_match,124,SCOALA CU CLASELE I-VIII NR 10 BOTOSANI
BT,SCOALA CU CLASELE I-VIII NR 11 BOTOSANI / BT,125,direct_whole_name_match,125,SCOALA CU CLASELE I-VIII NR 11 BOTOSANI
BT,SCOALA CU CLASELE I-VIII NR 12 BOTOSANI / BT,110,direct_whole_name_match,306,SCOALA CU CLASELE I-VIII NR 12 BOTOSANI
BT,SCOALA CU CLASELE I-VIII NR 13 BOTOSANI / BT,139,direct_whole_name_match,305,SCOALA CU CLASELE I-VIII NR 13 BOTOSANI
BT,SCOALA CU CLASELE I-VIII NR 14 BOTOSANI / BT,148,direct_whole_name_match,310,SCOALA CU CLASELE I-VIII NR 14 BOTOSANI
BT,SCOALA CU CLASELE I-VIII NR 16 BOTOSANI / BT,41,direct_whole_name_match,311,SCOALA CU CLASELE I-VIII NR 16 BOTOSANI
BT,SCOALA CU CLASELE I-VIII NR 17 BOTOSANI / BT,108,direct_whole_name_match,312,SCOALA CU CLASELE I-VIII NR 17 BOTOSANI
BT,SCOALA CU CLASELE I-VIII NR 2 DARABANI / BT,14,direct_whole_name_match,136,SCOALA CU CLASELE I-VIII NR 2 DARABANI
BT,SCOALA CU CLASELE I-VIII NR 2 DOROHOI / BT,38,direct_whole_name_match,141,SCOALA CU CLASELE I-VIII NR 2 DOROHOI
BT,SCOALA CU CLASELE I-VIII NR 2 FLAMINZI / BT,30,direct_whole_name_match,195,SCOALA CU CLASELE I-VIII NR 2 FLAMINZI
BT,SCOALA CU CLASELE I-VIII NR 2 HUDESTI / BT,5,direct_whole_name_match,218,SCOALA CU CLASELE I-VIII NR 2 HUDESTI
BT,SCOALA CU CLASELE I-VIII NR 2 SUHARAU / BT,5,direct_whole_name_match,261,SCOALA CU CLASELE I-VIII NR 2 SUHARAU
BT,SCOALA CU CLASELE I-VIII NR 2 TUDORA / BT,7,direct_whole_name_match,281,SCOALA CU CLASELE I-VIII NR 2 TUDORA
BT,SCOALA CU CLASELE I-VIII NR 2 UNGURENI / BT,4,direct_whole_name_match,309,SCOALA CU CLASELE I-VIII NR 2 UNGURENI
BT,SCOALA CU CLASELE I-VIII NR 2 VIRFU CIMPULUI / BT,9,direct_whole_name_match,293,SCOALA CU CLASELE I-VIII NR 2 VIRFU CIMPULUI
BT,SCOALA CU CLASELE I-VIII NR 2 VORNICENI / BT,2,direct_whole_name_match,297,SCOALA CU CLASELE I-VIII NR 2 VORNICENI
BT,SCOALA CU CLASELE I-VIII NR 2 VORONA / BT,3,direct_whole_name_match,304,SCOALA CU CLASELE I-VIII NR 2 VORONA
BT,SCOALA CU CLASELE I-VIII NR 3 DARABANI / BT,9,direct_whole_name_match,137,SCOALA CU CLASELE I-VIII NR 3 DARABANI
BT,SCOALA CU CLASELE I-VIII NR 3 ICUSENI / BT,4,direct_whole_name_match,301,SCOALA CU CLASELE I-VIII NR 3 ICUSENI
BT,SCOALA CU CLASELE I-VIII NR 3 VORNICENI / BT,2,direct_whole_name_match,295,SCOALA CU CLASELE I-VIII NR 3 VORNICENI
BT,SCOALA CU CLASELE I-VIII NR 4 DOROHOI / BT,10,direct_whole_name_match,142,SCOALA CU CLASELE I-VIII NR 4 DOROHOI
BT,SCOALA CU CLASELE I-VIII NR 5 DOROHOI / BT,137,direct_whole_name_match,144,SCOALA CU CLASELE I-VIII NR 5 DOROHOI
BT,SCOALA CU CLASELE I-VIII NR 7 DOROHOI / BT,62,direct_whole_name_match,143,SCOALA CU CLASELE I-VIII NR 7 DOROHOI
BT,SCOALA CU CLASELE I-VIII NR 8 DOROHOI / BT,170,direct_whole_name_match,313,SCOALA CU CLASELE I-VIII NR 8 DOROHOI
BT,SCOALA CU CLASELE I-VIII NR.1 IACOBENI / BT,5,direct_whole_name_match,186,SCOALA CU CLASELE I-VIII NR.1 IACOBENI
BT,SCOALA CU CLASELE I-VIII ORASENI-DEAL / BT,6,direct_whole_name_match,128,SCOALA CU CLASELE I-VIII ORASENI-DEAL
BT,SCOALA CU CLASELE I-VIII ORASENI-VALE / BT,1,direct_whole_name_match,129,SCOALA CU CLASELE I-VIII ORASENI-VALE
BT,SCOALA CU CLASELE I-VIII PADURENI / BT,4,ambiguous_same_directory_name,188 | 270,SCOALA CU CLASELE I-VIII PADURENI | SCOALA CU CLASELE I-VIII PADURENI
BT,SCOALA CU CLASELE I-VIII PETRICANI / BT,6,direct_whole_name_match,146,SCOALA CU CLASELE I-VIII PETRICANI
BT,SCOALA CU CLASELE I-VIII PLOPENII MARI / BT,12,direct_whole_name_match,285,SCOALA CU CLASELE I-VIII PLOPENII MARI
BT,SCOALA CU CLASELE I-VIII PODRIGA / BT,5,direct_whole_name_match,190,SCOALA CU CLASELE I-VIII PODRIGA
BT,SCOALA CU CLASELE I-VIII POIANA / BT,16,ambiguous_same_directory_name,194 | 302,SCOALA CU CLASELE I-VIII POIANA | SCOALA CU CLASELE I-VIII POIANA
BT,SCOALA CU CLASELE I-VIII POIANA / SV,1,outside_county_origin,,
BT,SCOALA CU CLASELE I-VIII PRAJENI / BT,14,direct_whole_name_match,248,SCOALA CU CLASELE I-VIII PRAJENI
BT,SCOALA CU CLASELE I-VIII PRISACANI / BT,10,direct_whole_name_match,243,SCOALA CU CLASELE I-VIII PRISACANI
BT,SCOALA CU CLASELE I-VIII RADAUTI-PRUT / BT,5,direct_whole_name_match,250,SCOALA CU CLASELE I-VIII RADAUTI-PRUT
BT,SCOALA CU CLASELE I-VIII REDIU / BT,6,direct_whole_name_match,251,SCOALA CU CLASELE I-VIII REDIU
BT,SCOALA CU CLASELE I-VIII RIPICENI / BT,7,direct_whole_name_match,255,SCOALA CU CLASELE I-VIII RIPICENI
BT,SCOALA CU CLASELE I-VIII ROMANESTI / BT,7,direct_whole_name_match,257,SCOALA CU CLASELE I-VIII ROMANESTI
BT,SCOALA CU CLASELE I-VIII ROSIORI / BT,2,direct_whole_name_match,131,SCOALA CU CLASELE I-VIII ROSIORI
BT,SCOALA CU CLASELE I-VIII SARAFINESTI / BT,2,direct_whole_name_match,170,SCOALA CU CLASELE I-VIII SARAFINESTI
BT,SCOALA CU CLASELE I-VIII SAVENI / BT,84,direct_whole_name_match,145,SCOALA CU CLASELE I-VIII SAVENI
BT,SCOALA CU CLASELE I-VIII SIRBI / BT,16,direct_whole_name_match,118,SCOALA CU CLASELE I-VIII SIRBI
BT,SCOALA CU CLASELE I-VIII SIRET / SV,2,outside_county_origin,,
BT,SCOALA CU CLASELE I-VIII SMIRDAN / BT,11,direct_whole_name_match,264,SCOALA CU CLASELE I-VIII SMIRDAN
BT,SCOALA CU CLASELE I-VIII STAUCENI / BT,10,direct_whole_name_match,133,SCOALA CU CLASELE I-VIII STAUCENI
BT,SCOALA CU CLASELE I-VIII STINCA / BT,7,direct_whole_name_match,272,SCOALA CU CLASELE I-VIII STINCA
BT,SCOALA CU CLASELE I-VIII STINCESTI / BT,4,direct_whole_name_match,231,SCOALA CU CLASELE I-VIII STINCESTI
BT,SCOALA CU CLASELE I-VIII STIUBIENI / BT,9,direct_whole_name_match,273,SCOALA CU CLASELE I-VIII STIUBIENI
BT,SCOALA CU CLASELE I-VIII STORESTI / BT,1,direct_whole_name_match,198,SCOALA CU CLASELE I-VIII STORESTI
BT,SCOALA CU CLASELE I-VIII STRATENI / BT,7,direct_whole_name_match,183,SCOALA CU CLASELE I-VIII STRATENI
BT,SCOALA CU CLASELE I-VIII STROIESTI / BT,1,direct_whole_name_match,225,SCOALA CU CLASELE I-VIII STROIESTI
BT,SCOALA CU CLASELE I-VIII SULITA / BT,8,direct_whole_name_match,265,SCOALA CU CLASELE I-VIII SULITA
BT,SCOALA CU CLASELE I-VIII TATARASENI / BT,5,direct_whole_name_match,207,SCOALA CU CLASELE I-VIII TATARASENI
BT,SCOALA CU CLASELE I-VIII TRUSESTI / BT,33,direct_whole_name_match,308,SCOALA CU CLASELE I-VIII TRUSESTI
BT,SCOALA CU CLASELE I-VIII TUDOR VLADIMIRESCU / BT,6,ambiguous_same_directory_name,148 | 152,SCOALA CU CLASELE I-VIII TUDOR VLADIMIRESCU | SCOALA CU CLASELE I-VIII TUDOR VLADIMIRESCU
BT,SCOALA CU CLASELE I-VIII UNTENI / BT,10,direct_whole_name_match,286,SCOALA CU CLASELE I-VIII UNTENI
BT,SCOALA CU CLASELE I-VIII VACULESTI / BT,5,direct_whole_name_match,288,SCOALA CU CLASELE I-VIII VACULESTI
BT,SCOALA CU CLASELE I-VIII VICTORIA / BT,3,direct_whole_name_match,214,SCOALA CU CLASELE I-VIII VICTORIA
BT,SCOALA CU CLASELE I-VIII VIISOARA / BT,10,direct_whole_name_match,290,SCOALA CU CLASELE I-VIII VIISOARA
BT,SCOALA CU CLASELE I-VIII VINATORI / BT,2,direct_whole_name_match,205,SCOALA CU CLASELE I-VIII VINATORI
BT,SCOALA CU CLASELE I-VIII VLADENI / BT,14,ambiguous_same_directory_name,114 | 168,SCOALA CU CLASELE I-VIII VLADENI | SCOALA CU CLASELE I-VIII VLADENI
BT,SCOALA CU CLASELE I-VIII VLASINESTI / BT,6,direct_whole_name_match,117,SCOALA CU CLASELE I-VIII VLASINESTI
BT,SCOALA CU CLASELE I-VIII ZAMOSTEA / SV,1,outside_county_origin,,
BT,"SCOALA GENERALA NR 1 ""TEODOR CHINDEA"" VOSLABENI / HR",1,outside_county_origin,,
BZ,"COLEGIUL NATIONAL ""B. P. HASDEU""  BUZAU / BZ",59,direct_whole_name_match,115,"COLEGIUL NATIONAL ""B. P. HASDEU""  BUZAU"
BZ,"COLEGIUL NATIONAL ""MIHAI EMINESCU"" BUZAU / BZ",21,direct_whole_name_match,114,"COLEGIUL NATIONAL ""MIHAI EMINESCU"" BUZAU"
BZ,GRUPUL SC. IND. DE TRANSPORTURI CAI FERATE BUZAU / BZ,25,direct_whole_name_match,119,GRUPUL SC. IND. DE TRANSPORTURI CAI FERATE BUZAU
BZ,"GRUPUL SC. TEHNOLOGIC  ""DIMITRIE FILIPESCU""BUZAU / BZ",30,direct_whole_name_match,118,"GRUPUL SC. TEHNOLOGIC  ""DIMITRIE FILIPESCU""BUZAU"
BZ,GRUPUL SCOLAR FORESTIER NEHOIU oras NEHOIU / BZ,74,direct_whole_name_match,220,GRUPUL SCOLAR FORESTIER NEHOIU oras NEHOIU
BZ,GRUPUL SCOLAR INDUSTRIAL  PETROL comuna BERCA / BZ,60,direct_whole_name_match,137,GRUPUL SCOLAR INDUSTRIAL  PETROL comuna BERCA
BZ,GRUPUL SCOLAR INDUSTRIAL  Rm. SARAT / BZ,2,direct_whole_name_match,130,GRUPUL SCOLAR INDUSTRIAL  Rm. SARAT
BZ,"GRUPUL SCOLAR INDUSTRIAL ""GEORGE VILSAN"" FAUREI / BR",3,outside_county_origin,,
BZ,GRUPUL SCOLAR INDUSTRIAL IANCA / BR,3,outside_county_origin,,
BZ,LICEUL CU PROGRAM DE EDUCATIE FIZICA SI SPORT BACA / BC,1,outside_county_origin,,
BZ,LICEUL CU PROGRAM SPORTIV  BUZAU / BZ,11,direct_whole_name_match,117,LICEUL CU PROGRAM SPORTIV  BUZAU
BZ,LICEUL DE ARTA  BUZAU / BZ,27,direct_whole_name_match,116,LICEUL DE ARTA  BUZAU
BZ,"LICEUL PEDAGOGIC ""SPIRU HARET""  BUZAU / BZ",97,direct_whole_name_match,101,"LICEUL PEDAGOGIC ""SPIRU HARET""  BUZAU"
BZ,"LICEUL TEORETIC  ""RADU VLADESCU""comuna PATARLAGELE / BZ",60,direct_whole_name_match,230,"LICEUL TEORETIC  ""RADU VLADESCU""comuna PATARLAGELE"
BZ,LICEUL TEORETIC POGOANELE oras POGOANELE / BZ,46,direct_whole_name_match,242,LICEUL TEORETIC POGOANELE oras POGOANELE
BZ,LICEUL TEORETIC TANDAREI / IL,1,outside_county_origin,,
BZ,LICEUL TEORETIC URLATI / PH,1,outside_county_origin,,
BZ,SC. CLS. I-VIII MOROIENI / DB,1,outside_county_origin,,
BZ,SC. CLS. I-VIII N8  TIRGOVISTE / DB,1,outside_county_origin,,
BZ,SC. CU CLASELE I-VIII ALBESTI comuna SMEENI / BZ,10,direct_whole_name_match,269,SC. CU CLASELE I-VIII ALBESTI comuna SMEENI
BZ,SC. CU CLASELE I-VIII ALDENI comuna CERNATESTI / BZ,7,direct_whole_name_match,163,SC. CU CLASELE I-VIII ALDENI comuna CERNATESTI
BZ,SC. CU CLASELE I-VIII ALICENI comuna POSTA CALNAU / BZ,8,direct_whole_name_match,245,SC. CU CLASELE I-VIII ALICENI comuna POSTA CALNAU
BZ,SC. CU CLASELE I-VIII AMARA comuna BALTA ALBA / BZ,1,direct_whole_name_match,132,SC. CU CLASELE I-VIII AMARA comuna BALTA ALBA
BZ,SC. CU CLASELE I-VIII AMARU comuna AMARU / BZ,9,direct_whole_name_match,131,SC. CU CLASELE I-VIII AMARU comuna AMARU
BZ,SC. CU CLASELE I-VIII BABENI comuna TOPLICENI / BZ,5,direct_whole_name_match,276,SC. CU CLASELE I-VIII BABENI comuna TOPLICENI
BZ,SC. CU CLASELE I-VIII BADILA comuna PARSCOV / BZ,3,direct_whole_name_match,237,SC. CU CLASELE I-VIII BADILA comuna PARSCOV
BZ,SC. CU CLASELE I-VIII BALACEANU comuna BALACEANU / BZ,4,direct_whole_name_match,133,SC. CU CLASELE I-VIII BALACEANU comuna BALACEANU
BZ,SC. CU CLASELE I-VIII BALANESTI comuna COZIENI / BZ,6,direct_whole_name_match,179,SC. CU CLASELE I-VIII BALANESTI comuna COZIENI
BZ,SC. CU CLASELE I-VIII BALTA TOCILA  SCORTOASA / BZ,7,direct_whole_name_match,263,SC. CU CLASELE I-VIII BALTA TOCILA  SCORTOASA
BZ,SC. CU CLASELE I-VIII BASCENII DE SUS CALVINI / BZ,8,direct_whole_name_match,156,SC. CU CLASELE I-VIII BASCENII DE SUS CALVINI
BZ,SC. CU CLASELE I-VIII BESLII comuna MANZALESTI / BZ,6,direct_whole_name_match,213,SC. CU CLASELE I-VIII BESLII comuna MANZALESTI
BZ,SC. CU CLASELE I-VIII BISCA CHIOJDULUI CHIOJDU / BZ,3,direct_whole_name_match,166,SC. CU CLASELE I-VIII BISCA CHIOJDULUI CHIOJDU
BZ,SC. CU CLASELE I-VIII BISCA ROZILEI oras NEHOIU / BZ,18,direct_whole_name_match,222,SC. CU CLASELE I-VIII BISCA ROZILEI oras NEHOIU
BZ,SC. CU CLASELE I-VIII BISOCA comuna BISOCA / BZ,3,direct_whole_name_match,140,SC. CU CLASELE I-VIII BISOCA comuna BISOCA
BZ,SC. CU CLASELE I-VIII BLAJANI comuna BLAJANI / BZ,4,direct_whole_name_match,144,SC. CU CLASELE I-VIII BLAJANI comuna BLAJANI
BZ,SC. CU CLASELE I-VIII BOBOC comuna COCHIRLEANCA / BZ,10,direct_whole_name_match,174,SC. CU CLASELE I-VIII BOBOC comuna COCHIRLEANCA
BZ,SC. CU CLASELE I-VIII BOLDU comuna BOLDU / BZ,7,direct_whole_name_match,145,SC. CU CLASELE I-VIII BOLDU comuna BOLDU
BZ,SC. CU CLASELE I-VIII BOZIORU comuna BOZIORU / BZ,4,direct_whole_name_match,146,SC. CU CLASELE I-VIII BOZIORU comuna BOZIORU
BZ,SC. CU CLASELE I-VIII BRADEANU comuna BRADEANU / BZ,5,direct_whole_name_match,147,SC. CU CLASELE I-VIII BRADEANU comuna BRADEANU
BZ,SC. CU CLASELE I-VIII BRAGAREASA COMUNA SCUTELNICI / BZ,9,direct_whole_name_match,266,SC. CU CLASELE I-VIII BRAGAREASA COMUNA SCUTELNICI
BZ,SC. CU CLASELE I-VIII BRAIESTI comuna BRAIESTI / BZ,8,direct_whole_name_match,149,SC. CU CLASELE I-VIII BRAIESTI comuna BRAIESTI
BZ,SC. CU CLASELE I-VIII BRATILESTI comuna BRAIESTI / BZ,4,direct_whole_name_match,150,SC. CU CLASELE I-VIII BRATILESTI comuna BRAIESTI
BZ,SC. CU CLASELE I-VIII BREAZA comuna BREAZA / BZ,5,direct_whole_name_match,151,SC. CU CLASELE I-VIII BREAZA comuna BREAZA
BZ,SC. CU CLASELE I-VIII BUDA comuna BUDA / BZ,7,direct_whole_name_match,153,SC. CU CLASELE I-VIII BUDA comuna BUDA
BZ,SC. CU CLASELE I-VIII BUDA-CRACIUNESTI CISLAU / BZ,1,direct_whole_name_match,170,SC. CU CLASELE I-VIII BUDA-CRACIUNESTI CISLAU
BZ,SC. CU CLASELE I-VIII C.A.ROSETTI / BZ,10,direct_whole_name_match,157,SC. CU CLASELE I-VIII C.A.ROSETTI
BZ,SC. CU CLASELE I-VIII CALDARASTI oras POGOANELE / BZ,13,direct_whole_name_match,243,SC. CU CLASELE I-VIII CALDARASTI oras POGOANELE
BZ,SC. CU CLASELE I-VIII CALDARUSANCA GL. SARAT / BZ,3,direct_whole_name_match,185,SC. CU CLASELE I-VIII CALDARUSANCA GL. SARAT
BZ,SC. CU CLASELE I-VIII CALVINI comuna CALVINI / BZ,4,direct_whole_name_match,155,SC. CU CLASELE I-VIII CALVINI comuna CALVINI
BZ,SC. CU CLASELE I-VIII CANDESTI comuna VERNESTI / BZ,12,direct_whole_name_match,291,SC. CU CLASELE I-VIII CANDESTI comuna VERNESTI
BZ,SC. CU CLASELE I-VIII CANESTI comuna CANESTI / BZ,7,direct_whole_name_match,159,SC. CU CLASELE I-VIII CANESTI comuna CANESTI
BZ,SC. CU CLASELE I-VIII CAPATANESTI comuna MARACINE / BZ,15,direct_whole_name_match,204,SC. CU CLASELE I-VIII CAPATANESTI comuna MARACINE
BZ,SC. CU CLASELE I-VIII CERNATESTI comuna CERNATESTI / BZ,5,direct_whole_name_match,162,SC. CU CLASELE I-VIII CERNATESTI comuna CERNATESTI
BZ,SC. CU CLASELE I-VIII CHILIILE comuna CHILIILE / BZ,3,direct_whole_name_match,164,SC. CU CLASELE I-VIII CHILIILE comuna CHILIILE
BZ,SC. CU CLASELE I-VIII CHIOJDU comuna CHIOJDU / BZ,7,direct_whole_name_match,165,SC. CU CLASELE I-VIII CHIOJDU comuna CHIOJDU
BZ,SC. CU CLASELE I-VIII CILIBIA comuna CILIBIA / BZ,6,direct_whole_name_match,168,SC. CU CLASELE I-VIII CILIBIA comuna CILIBIA
BZ,SC. CU CLASELE I-VIII CISLAU comuna CISLAU / BZ,16,direct_whole_name_match,169,SC. CU CLASELE I-VIII CISLAU comuna CISLAU
BZ,SC. CU CLASELE I-VIII CIUTA comuna MAGURA / BZ,2,direct_whole_name_match,202,SC. CU CLASELE I-VIII CIUTA comuna MAGURA
BZ,SC. CU CLASELE I-VIII CLONDIRU comuna ULMENI / BZ,5,direct_whole_name_match,281,SC. CU CLASELE I-VIII CLONDIRU comuna ULMENI
BZ,SC. CU CLASELE I-VIII COLTI comuna COLTI / BZ,8,direct_whole_name_match,175,SC. CU CLASELE I-VIII COLTI comuna COLTI
BZ,SC. CU CLASELE I-VIII CORBU  comuna CATINA / BZ,5,direct_whole_name_match,161,SC. CU CLASELE I-VIII CORBU  comuna CATINA
BZ,SC. CU CLASELE I-VIII COSTESTI comuna COSTESTI / BZ,12,direct_whole_name_match,176,SC. CU CLASELE I-VIII COSTESTI comuna COSTESTI
BZ,SC. CU CLASELE I-VIII COTATCU comuna PODGORIA / BZ,3,direct_whole_name_match,240,SC. CU CLASELE I-VIII COTATCU comuna PODGORIA
BZ,SC. CU CLASELE I-VIII COZIENI comuna COZIENI / BZ,9,direct_whole_name_match,178,SC. CU CLASELE I-VIII COZIENI comuna COZIENI
BZ,SC. CU CLASELE I-VIII DAMBROCA comuna SAGEATA / BZ,3,direct_whole_name_match,255,SC. CU CLASELE I-VIII DAMBROCA comuna SAGEATA
BZ,SC. CU CLASELE I-VIII DEDULESTI comuna TOPLICE / BZ,1,direct_whole_name_match,277,SC. CU CLASELE I-VIII DEDULESTI comuna TOPLICE
BZ,SC. CU CLASELE I-VIII DIMIANA comuna BECENI / BZ,16,direct_whole_name_match,134,SC. CU CLASELE I-VIII DIMIANA comuna BECENI
BZ,SC. CU CLASELE I-VIII FINTESTI comuna NAENI / BZ,1,direct_whole_name_match,219,SC. CU CLASELE I-VIII FINTESTI comuna NAENI
BZ,SC. CU CLASELE I-VIII FLORICA comuna MIHAILESTI / BZ,3,direct_whole_name_match,211,SC. CU CLASELE I-VIII FLORICA comuna MIHAILESTI
BZ,SC. CU CLASELE I-VIII FOCSANEI comuna VADU PASII / BZ,2,direct_whole_name_match,283,SC. CU CLASELE I-VIII FOCSANEI comuna VADU PASII
BZ,SC. CU CLASELE I-VIII FUNDENI comuna ZARNESTI / BZ,8,direct_whole_name_match,299,SC. CU CLASELE I-VIII FUNDENI comuna ZARNESTI
BZ,SC. CU CLASELE I-VIII GALBINASI comuna GALBINASI / BZ,16,direct_whole_name_match,180,SC. CU CLASELE I-VIII GALBINASI comuna GALBINASI
BZ,SC. CU CLASELE I-VIII GAVANESTI comuna SAGEATA / BZ,7,direct_whole_name_match,256,SC. CU CLASELE I-VIII GAVANESTI comuna SAGEATA
BZ,SC. CU CLASELE I-VIII GHERASENI comuna GHERASENI / BZ,17,direct_whole_name_match,181,SC. CU CLASELE I-VIII GHERASENI comuna GHERASENI
BZ,SC. CU CLASELE I-VIII GHERGHEASA com. GHERGHEASA / BZ,2,direct_whole_name_match,182,SC. CU CLASELE I-VIII GHERGHEASA com. GHERGHEASA
BZ,SC. CU CLASELE I-VIII GLODEANU SARAT / BZ,5,direct_whole_name_match,184,SC. CU CLASELE I-VIII GLODEANU SARAT
BZ,SC. CU CLASELE I-VIII GLODEANU SILISTEA / BZ,10,direct_whole_name_match,187,SC. CU CLASELE I-VIII GLODEANU SILISTEA
BZ,SC. CU CLASELE I-VIII GRAJDANA comuna TISAU / BZ,11,direct_whole_name_match,272,SC. CU CLASELE I-VIII GRAJDANA comuna TISAU
BZ,SC. CU CLASELE I-VIII GREBANU comuna GREBANU / BZ,11,direct_whole_name_match,189,SC. CU CLASELE I-VIII GREBANU comuna GREBANU
BZ,SC. CU CLASELE I-VIII GRECEANCA comuna BREAZA / BZ,7,direct_whole_name_match,152,SC. CU CLASELE I-VIII GRECEANCA comuna BREAZA
BZ,SC. CU CLASELE I-VIII GURA BADICULUI  MANZALESTI / BZ,3,direct_whole_name_match,214,SC. CU CLASELE I-VIII GURA BADICULUI  MANZALESTI
BZ,SC. CU CLASELE I-VIII GURA TEGHII  GURA TEGHII / BZ,15,direct_whole_name_match,192,SC. CU CLASELE I-VIII GURA TEGHII  GURA TEGHII
BZ,SC. CU CLASELE I-VIII HALES comuna TISAU / BZ,9,direct_whole_name_match,273,SC. CU CLASELE I-VIII HALES comuna TISAU
BZ,SC. CU CLASELE I-VIII IZVORUL DULCE comuna BECENI / BZ,8,direct_whole_name_match,135,SC. CU CLASELE I-VIII IZVORUL DULCE comuna BECENI
BZ,SC. CU CLASELE I-VIII IZVORUL DULCE comuna MEREI / BZ,7,direct_whole_name_match,208,SC. CU CLASELE I-VIII IZVORUL DULCE comuna MEREI
BZ,SC. CU CLASELE I-VIII JOSENI comuna BERCA / BZ,6,direct_whole_name_match,138,SC. CU CLASELE I-VIII JOSENI comuna BERCA
BZ,SC. CU CLASELE I-VIII LARGU comuna LARGU / BZ,2,direct_whole_name_match,195,SC. CU CLASELE I-VIII LARGU comuna LARGU
BZ,SC. CU CLASELE I-VIII LIMPEZIS comuna M. BANULUI / BZ,3,direct_whole_name_match,216,SC. CU CLASELE I-VIII LIMPEZIS comuna M. BANULUI
BZ,SC. CU CLASELE I-VIII LIPIA comuna MEREI / BZ,9,direct_whole_name_match,209,SC. CU CLASELE I-VIII LIPIA comuna MEREI
BZ,SC. CU CLASELE I-VIII LOPATAREASA comuna BISOCA / BZ,4,direct_whole_name_match,141,SC. CU CLASELE I-VIII LOPATAREASA comuna BISOCA
BZ,SC. CU CLASELE I-VIII LOPATARI comuna LOPATARI / BZ,19,direct_whole_name_match,197,SC. CU CLASELE I-VIII LOPATARI comuna LOPATARI
BZ,SC. CU CLASELE I-VIII LUCIU comuna LUCIU / BZ,3,direct_whole_name_match,199,SC. CU CLASELE I-VIII LUCIU comuna LUCIU
BZ,SC. CU CLASELE I-VIII LUNCA FRUMOASA   PARSCOV / BZ,6,direct_whole_name_match,238,SC. CU CLASELE I-VIII LUNCA FRUMOASA   PARSCOV
BZ,SC. CU CLASELE I-VIII LUNCA PRIPORULUI oras NEHOIU / BZ,14,direct_whole_name_match,223,SC. CU CLASELE I-VIII LUNCA PRIPORULUI oras NEHOIU
BZ,SC. CU CLASELE I-VIII LUNCA comuna C.A.ROSETTI / BZ,3,direct_whole_name_match,158,SC. CU CLASELE I-VIII LUNCA comuna C.A.ROSETTI
BZ,SC. CU CLASELE I-VIII MAGURA comuna MAGURA / BZ,8,direct_whole_name_match,201,SC. CU CLASELE I-VIII MAGURA comuna MAGURA
BZ,SC. CU CLASELE I-VIII MALU ROSU comuna LOPATARI / BZ,3,direct_whole_name_match,196,SC. CU CLASELE I-VIII MALU ROSU comuna LOPATARI
BZ,SC. CU CLASELE I-VIII MANZALESTI comuna MANZALESTI / BZ,10,direct_whole_name_match,212,SC. CU CLASELE I-VIII MANZALESTI comuna MANZALESTI
BZ,SC. CU CLASELE I-VIII MARGARITESTI / BZ,3,direct_whole_name_match,206,SC. CU CLASELE I-VIII MARGARITESTI
BZ,SC. CU CLASELE I-VIII MARUNTISU comuna PATARLAGELE / BZ,20,direct_whole_name_match,231,SC. CU CLASELE I-VIII MARUNTISU comuna PATARLAGELE
BZ,SC. CU CLASELE I-VIII MATESTI comuna SAPOCA / BZ,8,direct_whole_name_match,260,SC. CU CLASELE I-VIII MATESTI comuna SAPOCA
BZ,SC. CU CLASELE I-VIII MAXENU comuna TINTESTI / BZ,7,direct_whole_name_match,278,SC. CU CLASELE I-VIII MAXENU comuna TINTESTI
BZ,SC. CU CLASELE I-VIII MEREI comuna MEREI / BZ,7,direct_whole_name_match,207,SC. CU CLASELE I-VIII MEREI comuna MEREI
BZ,SC. CU CLASELE I-VIII MIHAILESTI comuna MIHAILE / BZ,9,direct_whole_name_match,210,SC. CU CLASELE I-VIII MIHAILESTI comuna MIHAILE
BZ,SC. CU CLASELE I-VIII MLAJET oras NEHOIU / BZ,3,direct_whole_name_match,224,SC. CU CLASELE I-VIII MLAJET oras NEHOIU
BZ,SC. CU CLASELE I-VIII MOVILA BANULUI / BZ,1,direct_whole_name_match,215,SC. CU CLASELE I-VIII MOVILA BANULUI
BZ,SC. CU CLASELE I-VIII MUSCEL comuna PATARLAGELE / BZ,7,direct_whole_name_match,232,SC. CU CLASELE I-VIII MUSCEL comuna PATARLAGELE
BZ,SC. CU CLASELE I-VIII NAENI comuna NAENI / BZ,5,direct_whole_name_match,218,SC. CU CLASELE I-VIII NAENI comuna NAENI
BZ,SC. CU CLASELE I-VIII NICOLESTI comuna PUIESTI / BZ,4,direct_whole_name_match,247,SC. CU CLASELE I-VIII NICOLESTI comuna PUIESTI
BZ,SC. CU CLASELE I-VIII NICULESTI comuna V. VODA / BZ,7,direct_whole_name_match,295,SC. CU CLASELE I-VIII NICULESTI comuna V. VODA
BZ,SC. CU CLASELE I-VIII NISCOV comuna VERNESTI / BZ,2,direct_whole_name_match,292,SC. CU CLASELE I-VIII NISCOV comuna VERNESTI
BZ,SC. CU CLASELE I-VIII NR. 1 COCHIRLEANCA / BZ,2,direct_whole_name_match,172,SC. CU CLASELE I-VIII NR. 1 COCHIRLEANCA
BZ,SC. CU CLASELE I-VIII NR. 1 PADINA comuna PADINA / BZ,8,direct_whole_name_match,227,SC. CU CLASELE I-VIII NR. 1 PADINA comuna PADINA
BZ,SC. CU CLASELE I-VIII NR. 1 RAMNICELU / BZ,4,direct_whole_name_match,249,SC. CU CLASELE I-VIII NR. 1 RAMNICELU
BZ,SC. CU CLASELE I-VIII NR. 2 COCHIRLEANCA / BZ,2,direct_whole_name_match,173,SC. CU CLASELE I-VIII NR. 2 COCHIRLEANCA
BZ,SC. CU CLASELE I-VIII NR. 2 PADINA comuna PADINA / BZ,5,direct_whole_name_match,228,SC. CU CLASELE I-VIII NR. 2 PADINA comuna PADINA
BZ,SC. CU CLASELE I-VIII NR. 2 POGOANELE / BZ,7,direct_whole_name_match,241,SC. CU CLASELE I-VIII NR. 2 POGOANELE
BZ,SC. CU CLASELE I-VIII NR. 2 RAMNICELU / BZ,6,direct_whole_name_match,250,SC. CU CLASELE I-VIII NR. 2 RAMNICELU
BZ,SC. CU CLASELE I-VIII NR.1 VALCELE COMUNA VALCELE / BZ,5,direct_whole_name_match,298,SC. CU CLASELE I-VIII NR.1 VALCELE COMUNA VALCELE
BZ,SC. CU CLASELE I-VIII NR.2 NEHOIU oras NEHOIU / BZ,14,direct_whole_name_match,221,SC. CU CLASELE I-VIII NR.2 NEHOIU oras NEHOIU
BZ,SC. CU CLASELE I-VIII ODAILE comuna ODAILE / BZ,2,direct_whole_name_match,226,SC. CU CLASELE I-VIII ODAILE comuna ODAILE
BZ,SC. CU CLASELE I-VIII OREAVU comuna VL. RAMNICULUI / BZ,15,direct_whole_name_match,287,SC. CU CLASELE I-VIII OREAVU comuna VL. RAMNICULUI
BZ,SC. CU CLASELE I-VIII PALTINENI oras NEHOIU / BZ,11,direct_whole_name_match,225,SC. CU CLASELE I-VIII PALTINENI oras NEHOIU
BZ,SC. CU CLASELE I-VIII PALTINIS comuna GURA TEGHII / BZ,12,direct_whole_name_match,193,SC. CU CLASELE I-VIII PALTINIS comuna GURA TEGHII
BZ,SC. CU CLASELE I-VIII PANATAU comuna PANATAU / BZ,6,direct_whole_name_match,229,SC. CU CLASELE I-VIII PANATAU comuna PANATAU
BZ,SC. CU CLASELE I-VIII PARSCOV comuna PARSCOV / BZ,24,direct_whole_name_match,236,SC. CU CLASELE I-VIII PARSCOV comuna PARSCOV
BZ,SC. CU CLASELE I-VIII PIETROASELE / BZ,2,direct_whole_name_match,234,SC. CU CLASELE I-VIII PIETROASELE
BZ,SC. CU CLASELE I-VIII PITULICEA -GLODEANU SARAT / BZ,1,direct_whole_name_match,186,SC. CU CLASELE I-VIII PITULICEA -GLODEANU SARAT
BZ,SC. CU CLASELE I-VIII PLAIU NUCULUI  LOPATARI / BZ,4,direct_whole_name_match,198,SC. CU CLASELE I-VIII PLAIU NUCULUI  LOPATARI
BZ,SC. CU CLASELE I-VIII PLESCOI comuna BERCA / BZ,12,direct_whole_name_match,139,SC. CU CLASELE I-VIII PLESCOI comuna BERCA
BZ,SC. CU CLASELE I-VIII PLESI comuna BISOCA / BZ,1,direct_whole_name_match,142,SC. CU CLASELE I-VIII PLESI comuna BISOCA
BZ,SC. CU CLASELE I-VIII PLEVNA comuna GREBANU / BZ,26,direct_whole_name_match,191,SC. CU CLASELE I-VIII PLEVNA comuna GREBANU
BZ,SC. CU CLASELE I-VIII PODGORIA comuna PODGORIA / BZ,9,direct_whole_name_match,239,SC. CU CLASELE I-VIII PODGORIA comuna PODGORIA
BZ,SC. CU CLASELE I-VIII POGONELE comuna TINTESTI / BZ,9,direct_whole_name_match,279,SC. CU CLASELE I-VIII POGONELE comuna TINTESTI
BZ,SC. CU CLASELE I-VIII POSTA CALNAU / BZ,16,direct_whole_name_match,244,SC. CU CLASELE I-VIII POSTA CALNAU
BZ,SC. CU CLASELE I-VIII POTOCENI comuna MARACINENI / BZ,13,direct_whole_name_match,205,SC. CU CLASELE I-VIII POTOCENI comuna MARACINENI
BZ,SC. CU CLASELE I-VIII PUIESTI comuna PUIESTI / BZ,10,direct_whole_name_match,246,SC. CU CLASELE I-VIII PUIESTI comuna PUIESTI
BZ,SC. CU CLASELE I-VIII RACOVITENI comuna RACOVITENI / BZ,2,direct_whole_name_match,248,SC. CU CLASELE I-VIII RACOVITENI comuna RACOVITENI
BZ,SC. CU CLASELE I-VIII ROBEASCA comuna ROBEASCA / BZ,3,direct_whole_name_match,252,SC. CU CLASELE I-VIII ROBEASCA comuna ROBEASCA
BZ,SC. CU CLASELE I-VIII RUBLA comuna VL. RAMNICULUI / BZ,9,direct_whole_name_match,288,SC. CU CLASELE I-VIII RUBLA comuna VL. RAMNICULUI
BZ,SC. CU CLASELE I-VIII RUSETU comuna RUSETU / BZ,4,direct_whole_name_match,253,SC. CU CLASELE I-VIII RUSETU comuna RUSETU
BZ,SC. CU CLASELE I-VIII SAGEATA comuna SAGEATA / BZ,3,direct_whole_name_match,254,SC. CU CLASELE I-VIII SAGEATA comuna SAGEATA
BZ,SC. CU CLASELE I-VIII SAHATENI comuna SAHATENI / BZ,3,direct_whole_name_match,257,SC. CU CLASELE I-VIII SAHATENI comuna SAHATENI
BZ,SC. CU CLASELE I-VIII SAPOCA comuna SAPOCA / BZ,10,direct_whole_name_match,259,SC. CU CLASELE I-VIII SAPOCA comuna SAPOCA
BZ,SC. CU CLASELE I-VIII SARANGA comuna PIETROASELE / BZ,6,direct_whole_name_match,235,SC. CU CLASELE I-VIII SARANGA comuna PIETROASELE
BZ,SC. CU CLASELE I-VIII SARULESTI comuna SARULESTI / BZ,4,direct_whole_name_match,261,SC. CU CLASELE I-VIII SARULESTI comuna SARULESTI
BZ,SC. CU CLASELE I-VIII SCARISOARA comuna CISLAU / BZ,12,direct_whole_name_match,171,SC. CU CLASELE I-VIII SCARISOARA comuna CISLAU
BZ,SC. CU CLASELE I-VIII SCORTOASA comuna SCORTOASA / BZ,4,direct_whole_name_match,262,SC. CU CLASELE I-VIII SCORTOASA comuna SCORTOASA
BZ,SC. CU CLASELE I-VIII SCURTESTI comuna VADU PASII / BZ,6,direct_whole_name_match,284,SC. CU CLASELE I-VIII SCURTESTI comuna VADU PASII
BZ,SC. CU CLASELE I-VIII SCUTELNICI comuna SCUTELNICI / BZ,6,direct_whole_name_match,264,SC. CU CLASELE I-VIII SCUTELNICI comuna SCUTELNICI
BZ,SC. CU CLASELE I-VIII SIBICIU DE SUS  PATARLAGELE / BZ,13,direct_whole_name_match,233,SC. CU CLASELE I-VIII SIBICIU DE SUS  PATARLAGELE
BZ,SC. CU CLASELE I-VIII SIRIU-LUNCA JARISTEI / BZ,32,direct_whole_name_match,267,SC. CU CLASELE I-VIII SIRIU-LUNCA JARISTEI
BZ,SC. CU CLASELE I-VIII SMARDAN comuna BRADEANU / BZ,9,direct_whole_name_match,148,SC. CU CLASELE I-VIII SMARDAN comuna BRADEANU
BZ,SC. CU CLASELE I-VIII SMEENI comuna SMEENI / BZ,26,direct_whole_name_match,268,SC. CU CLASELE I-VIII SMEENI comuna SMEENI
BZ,SC. CU CLASELE I-VIII SPATARU comuna COSTESTI / BZ,11,direct_whole_name_match,177,SC. CU CLASELE I-VIII SPATARU comuna COSTESTI
BZ,SC. CU CLASELE I-VIII STALPU comuna STALPU / BZ,11,direct_whole_name_match,271,SC. CU CLASELE I-VIII STALPU comuna STALPU
BZ,SC. CU CLASELE I-VIII STANCESTI comuna VADU PASII / BZ,4,direct_whole_name_match,285,SC. CU CLASELE I-VIII STANCESTI comuna VADU PASII
BZ,SC. CU CLASELE I-VIII STIUBEI comuna RAMNICELU / BZ,3,direct_whole_name_match,251,SC. CU CLASELE I-VIII STIUBEI comuna RAMNICELU
BZ,SC. CU CLASELE I-VIII TISAU comuna TISAU / BZ,9,direct_whole_name_match,274,SC. CU CLASELE I-VIII TISAU comuna TISAU
BZ,SC. CU CLASELE I-VIII TOPLICENI comuna TOPLICENI / BZ,7,direct_whole_name_match,275,SC. CU CLASELE I-VIII TOPLICENI comuna TOPLICENI
BZ,SC. CU CLASELE I-VIII UDATI comuna SMEENI / BZ,2,direct_whole_name_match,270,SC. CU CLASELE I-VIII UDATI comuna SMEENI
BZ,SC. CU CLASELE I-VIII ULMENI comuna ULMENI / BZ,4,direct_whole_name_match,280,SC. CU CLASELE I-VIII ULMENI comuna ULMENI
BZ,SC. CU CLASELE I-VIII UNGURIU comuna MAGURA / BZ,18,direct_whole_name_match,203,SC. CU CLASELE I-VIII UNGURIU comuna MAGURA
BZ,SC. CU CLASELE I-VIII URSOAIA comuna VIPERESTI / BZ,7,direct_whole_name_match,297,SC. CU CLASELE I-VIII URSOAIA comuna VIPERESTI
BZ,SC. CU CLASELE I-VIII VACAREASCA GL. SILISTEA / BZ,5,direct_whole_name_match,188,SC. CU CLASELE I-VIII VACAREASCA GL. SILISTEA
BZ,SC. CU CLASELE I-VIII VADU PASII comuna VADU PASII / BZ,20,direct_whole_name_match,282,SC. CU CLASELE I-VIII VADU PASII comuna VADU PASII
BZ,SC. CU CLASELE I-VIII VADU SORESTI comuna ZARNEST / BZ,3,direct_whole_name_match,300,SC. CU CLASELE I-VIII VADU SORESTI comuna ZARNEST
BZ,SC. CU CLASELE I-VIII VALEA PARULUI comuna BECENI / BZ,10,direct_whole_name_match,136,SC. CU CLASELE I-VIII VALEA PARULUI comuna BECENI
BZ,SC. CU CLASELE I-VIII VALEA RAMNICULUI / BZ,17,direct_whole_name_match,286,SC. CU CLASELE I-VIII VALEA RAMNICULUI
BZ,SC. CU CLASELE I-VIII VALEA SALCIEI / BZ,3,direct_whole_name_match,289,SC. CU CLASELE I-VIII VALEA SALCIEI
BZ,SC. CU CLASELE I-VIII VARLAAM comuna GURA TEGHII / BZ,7,direct_whole_name_match,194,SC. CU CLASELE I-VIII VARLAAM comuna GURA TEGHII
BZ,SC. CU CLASELE I-VIII VERNESTI comuna VERNESTI / BZ,20,direct_whole_name_match,290,SC. CU CLASELE I-VIII VERNESTI comuna VERNESTI
BZ,SC. CU CLASELE I-VIII VINTILA VODA / BZ,7,direct_whole_name_match,294,SC. CU CLASELE I-VIII VINTILA VODA
BZ,SC. CU CLASELE I-VIII VINTILEANCA comuna SAHATENI / BZ,2,direct_whole_name_match,258,SC. CU CLASELE I-VIII VINTILEANCA comuna SAHATENI
BZ,SC. CU CLASELE I-VIII VIPERESTI comuna VIPERESTI / BZ,12,direct_whole_name_match,296,SC. CU CLASELE I-VIII VIPERESTI comuna VIPERESTI
BZ,SC. CU CLASELE I-VIII ZARNESTI comuna ZARNESTI / BZ,2,direct_whole_name_match,301,SC. CU CLASELE I-VIII ZARNESTI comuna ZARNESTI
BZ,SC. CU CLASELE I-VIII ZIDURI comuna ZIDURI / BZ,6,direct_whole_name_match,302,SC. CU CLASELE I-VIII ZIDURI comuna ZIDURI
BZ,SC. CU CLASELE I-VIII ZOITA comuna ZIDURI / BZ,3,direct_whole_name_match,303,SC. CU CLASELE I-VIII ZOITA comuna ZIDURI
BZ,SC. CU CLASELE I-VIII ZORESTI comuna VERNESTI / BZ,8,direct_whole_name_match,293,SC. CU CLASELE I-VIII ZORESTI comuna VERNESTI
BZ,SC. CU CLASELE I-VIIII CATINA comuna CATINA / BZ,1,direct_whole_name_match,160,SC. CU CLASELE I-VIIII CATINA comuna CATINA
BZ,SCOALA CLASELE I-VIII NR.8 CALARASI / CL,1,outside_county_origin,,
BZ,SCOALA CU CLASELE I-VIII DROGU / BR,1,outside_county_origin,,
BZ,SCOALA CU CLASELE I-VIII FINTINELE / PH,1,outside_county_origin,,
BZ,SCOALA CU CLASELE I-VIII GALBENU / BR,2,outside_county_origin,,
BZ,SCOALA CU CLASELE I-VIII GURA VADULUI / PH,1,outside_county_origin,,
BZ,SCOALA CU CLASELE I-VIII JIRLAU / BR,1,outside_county_origin,,
BZ,SCOALA CU CLASELE I-VIII NR 8  Rm. SARAT / BZ,53,direct_whole_name_match,127,SCOALA CU CLASELE I-VIII NR 8  Rm. SARAT
BZ,SCOALA CU CLASELE I-VIII NR. 1 MIZIL / PH,1,outside_county_origin,,
BZ,SCOALA CU CLASELE I-VIII NR. 113 / B,1,outside_county_origin,,
BZ,SCOALA CU CLASELE I-VIII NR. 180 / B,1,outside_county_origin,,
BZ,SCOALA CU CLASELE I-VIII NR.1  BUZAU / BZ,130,direct_whole_name_match,113,SCOALA CU CLASELE I-VIII NR.1  BUZAU
BZ,SCOALA CU CLASELE I-VIII NR.1  Rm. SARAT / BZ,164,direct_whole_name_match,126,SCOALA CU CLASELE I-VIII NR.1  Rm. SARAT
BZ,SCOALA CU CLASELE I-VIII NR.10  BUZAU / BZ,41,direct_whole_name_match,112,SCOALA CU CLASELE I-VIII NR.10  BUZAU
BZ,SCOALA CU CLASELE I-VIII NR.12 BUZAU / BZ,116,direct_whole_name_match,111,SCOALA CU CLASELE I-VIII NR.12 BUZAU
BZ,SCOALA CU CLASELE I-VIII NR.14  BUZAU / BZ,30,direct_whole_name_match,110,SCOALA CU CLASELE I-VIII NR.14  BUZAU
BZ,SCOALA CU CLASELE I-VIII NR.15  BUZAU / BZ,202,direct_whole_name_match,109,SCOALA CU CLASELE I-VIII NR.15  BUZAU
BZ,SCOALA CU CLASELE I-VIII NR.16  BUZAU / BZ,110,direct_whole_name_match,108,SCOALA CU CLASELE I-VIII NR.16  BUZAU
BZ,SCOALA CU CLASELE I-VIII NR.2  BUZAU / BZ,29,direct_whole_name_match,107,SCOALA CU CLASELE I-VIII NR.2  BUZAU
BZ,SCOALA CU CLASELE I-VIII NR.2  Rm. SARAT / BZ,75,direct_whole_name_match,125,SCOALA CU CLASELE I-VIII NR.2  Rm. SARAT
BZ,SCOALA CU CLASELE I-VIII NR.5  BUZAU / BZ,104,direct_whole_name_match,106,SCOALA CU CLASELE I-VIII NR.5  BUZAU
BZ,SCOALA CU CLASELE I-VIII NR.5  Rm. SARAT / BZ,172,direct_whole_name_match,123,SCOALA CU CLASELE I-VIII NR.5  Rm. SARAT
BZ,SCOALA CU CLASELE I-VIII NR.6  BUZAU / BZ,75,direct_whole_name_match,105,SCOALA CU CLASELE I-VIII NR.6  BUZAU
BZ,SCOALA CU CLASELE I-VIII NR.6  Rm. SARAT / BZ,58,direct_whole_name_match,122,SCOALA CU CLASELE I-VIII NR.6  Rm. SARAT
BZ,SCOALA CU CLASELE I-VIII NR.7 BUZAU / BZ,232,direct_whole_name_match,104,SCOALA CU CLASELE I-VIII NR.7 BUZAU
BZ,SCOALA CU CLASELE I-VIII NR.8  BUZAU / BZ,61,direct_whole_name_match,103,SCOALA CU CLASELE I-VIII NR.8  BUZAU
BZ,SCOALA CU CLASELE I-VIII Nr.11  BUZAU / BZ,254,direct_whole_name_match,102,SCOALA CU CLASELE I-VIII Nr.11  BUZAU
BZ,SCOALA CU CLASELE I-VIII PERISORU / BR,1,outside_county_origin,,
BZ,SCOALA CU CLASELE I-VIII PLOPENI / PH,1,outside_county_origin,,
BZ,SCOALA CU CLASELE I-VIII RACOVITA / BR,1,outside_county_origin,,
BZ,SCOALA CU CLASELE I-VIII ROSIORI / BR,1,outside_county_origin,,
BZ,SCOALA CU CLASELE I-VIII SURDILA GRECI / BR,1,outside_county_origin,,
BZ,SCOALA CU CLASELE I-VIII VISANI / BR,2,outside_county_origin,,
BZ,SCOALA CU CLS.I-VIII NR.9  BORSA / MM,1,outside_county_origin,,
BZ,SCOALA GENERALA CU CL.I-VIII NR.6      SF.GHEORGHE / CV,1,outside_county_origin,,
BZ,SCOALA GENERALA CU CLASELE I-VIII  REDEA / OT,1,outside_county_origin,,
BZ,SCOALA GENERALA CU CLASELE I-VIII BRATESTI / BC,1,outside_county_origin,,
BZ,SCOALA GENERALA CU CLASELE I-VIII CUCUIETI / BC,1,outside_county_origin,,
BZ,SCOALA GENERALA CU CLASELE I-VIII NR  1 SLANIC MOL / BC,1,outside_county_origin,,
BZ,SCOALA GENERALA CU CLASELE I-VIII NR  2 TIRGU OCNA / BC,1,outside_county_origin,,
BZ,SCOALA GENERALA CU CLASELE I-VIII PALANCA / BC,2,outside_county_origin,,
BZ,SCOALA GENERALA CU CLASELE I-VIII PRELUCI / BC,1,outside_county_origin,,
BZ,SCOALA GENERALA DE 8 ANI BAHNELE / VN,1,outside_county_origin,,
BZ,SCOALA GENERALA DE 8 ANI BALESTI / VN,3,outside_county_origin,,
BZ,SCOALA GENERALA DE 8 ANI BOGZA / VN,1,outside_county_origin,,
BZ,SCOALA GENERALA DE 8 ANI CIORASTI / VN,2,outside_county_origin,,
BZ,SCOALA GENERALA DE 8 ANI COROTENI / VN,1,outside_county_origin,,
BZ,SCOALA GENERALA DE 8 ANI MIHALCENI / VN,2,outside_county_origin,,
BZ,SCOALA GENERALA DE 8 ANI NR 1 ADJUD / VN,1,outside_county_origin,,
BZ,SCOALA GENERALA DE 8 ANI NR 1 GUGESTI / VN,1,outside_county_origin,,
BZ,SCOALA GENERALA DE 8 ANI NR 1 POPESTI / VN,1,outside_county_origin,,
BZ,SCOALA GENERALA DE 8 ANI NR 1 SIHLEA / VN,5,outside_county_origin,,
BZ,SCOALA GENERALA DE 8 ANI NR 2 GUGESTI / VN,1,outside_county_origin,,
BZ,SCOALA GENERALA DE 8 ANI NR 2 STRAOANE / VN,1,outside_county_origin,,
BZ,SCOALA GENERALA DE 8 ANI NR 4 ADJUD / VN,1,outside_county_origin,,
BZ,SCOALA GENERALA DE 8 ANI OBREJITA / VN,1,outside_county_origin,,
BZ,SCOALA GENERALA DE 8 ANI SLIMNIC / VN,1,outside_county_origin,,
BZ,SCOALA GENERALA DE 8 ANI SLOBOZIA BRADULUI / VN,1,outside_county_origin,,
BZ,SCOALA GENERALA DE 8 ANI TIMBOESTI / VN,2,outside_county_origin,,
BZ,SCOALA GENERALA I-VIII NR.2 SLOBOZIA / IL,1,outside_county_origin,,
BZ,SCOALA GENERALA I-VIII NR.7 FETESTI / IL,1,outside_county_origin,,
BZ,scoala cu clasele I-VIII Viisoara / CT,1,outside_county_origin,,
BZ,scoala sanatoriala Mangalia / CT,2,outside_county_origin,,
CL,"COLEGIUL ""BARBU STIRBEI"" CALARASI / CL",54,direct_whole_name_match,101,"COLEGIUL ""BARBU STIRBEI"" CALARASI"
CL,COLEGIUL ECONOMIC SI ADMINISTRATIV CALARASI / CL,25,direct_whole_name_match,104,COLEGIUL ECONOMIC SI ADMINISTRATIV CALARASI
CL,GRUPUL SC.GOSPODARIREA APELOR SARULESTI / CL,10,direct_whole_name_match,107,GRUPUL SC.GOSPODARIREA APELOR SARULESTI
CL,"GRUPUL SCOLAR ""DANUBIUS"" CALARASI / CL",18,direct_whole_name_match,103,"GRUPUL SCOLAR ""DANUBIUS"" CALARASI"
CL,GRUPUL SCOLAR AGRICOL FUNDULEA / CL,17,direct_whole_name_match,106,GRUPUL SCOLAR AGRICOL FUNDULEA
CL,"LICEUL ""MIHAI EMINESCU"" CALARASI / CL",30,direct_whole_name_match,102,"LICEUL ""MIHAI EMINESCU"" CALARASI"
CL,"LICEUL ""NEAGOE BASARAB"" OLTENITA / CL",28,direct_whole_name_match,105,"LICEUL ""NEAGOE BASARAB"" OLTENITA"
CL,"LICEUL TEORETIC ""LUCIAN BLAGA"" / B",1,outside_county_origin,,
CL,SC.CU CLS. I - VIII GREACA / GR,3,outside_county_origin,,
CL,SC.CU CLS. I - VIII NR 6 GIURGIU / GR,2,outside_county_origin,,
CL,SCOALA CLASELE I-VIII ALEXANDRU ODOBESCU / CL,5,direct_whole_name_match,140,SCOALA CLASELE I-VIII ALEXANDRU ODOBESCU
CL,SCOALA CLASELE I-VIII ARTARI / CL,4,direct_whole_name_match,173,SCOALA CLASELE I-VIII ARTARI
CL,SCOALA CLASELE I-VIII BUDESTI / CL,18,direct_whole_name_match,158,SCOALA CLASELE I-VIII BUDESTI
CL,SCOALA CLASELE I-VIII C. BRINCOVEANU / CL,1,direct_whole_name_match,126,SCOALA CLASELE I-VIII C. BRINCOVEANU
CL,SCOALA CLASELE I-VIII CASCIOARELE / CL,9,direct_whole_name_match,165,SCOALA CLASELE I-VIII CASCIOARELE
CL,SCOALA CLASELE I-VIII COSLOGENI / CL,4,direct_whole_name_match,118,SCOALA CLASELE I-VIII COSLOGENI
CL,SCOALA CLASELE I-VIII CRIVAT BUDESTI / CL,2,direct_whole_name_match,159,SCOALA CLASELE I-VIII CRIVAT BUDESTI
CL,SCOALA CLASELE I-VIII CUZA VODA / CL,13,direct_whole_name_match,115,SCOALA CLASELE I-VIII CUZA VODA
CL,SCOALA CLASELE I-VIII DICHISENI / CL,3,direct_whole_name_match,117,SCOALA CLASELE I-VIII DICHISENI
CL,SCOALA CLASELE I-VIII DILGA GARA / CL,14,direct_whole_name_match,120,SCOALA CLASELE I-VIII DILGA GARA
CL,SCOALA CLASELE I-VIII DOR MARUNT GARA / CL,5,direct_whole_name_match,119,SCOALA CLASELE I-VIII DOR MARUNT GARA
CL,SCOALA CLASELE I-VIII DOR MARUNT SAT / CL,26,direct_whole_name_match,121,SCOALA CLASELE I-VIII DOR MARUNT SAT
CL,SCOALA CLASELE I-VIII DOROBANTU / CL,5,direct_whole_name_match,122,SCOALA CLASELE I-VIII DOROBANTU
CL,SCOALA CLASELE I-VIII DRAGALINA / CL,47,direct_whole_name_match,124,SCOALA CLASELE I-VIII DRAGALINA
CL,SCOALA CLASELE I-VIII DRAGOS VODA / CL,11,direct_whole_name_match,127,SCOALA CLASELE I-VIII DRAGOS VODA
CL,SCOALA CLASELE I-VIII DRAJNA / CL,11,direct_whole_name_match,125,SCOALA CLASELE I-VIII DRAJNA
CL,SCOALA CLASELE I-VIII FRASINET / CL,5,direct_whole_name_match,166,SCOALA CLASELE I-VIII FRASINET
CL,SCOALA CLASELE I-VIII GILDAU / CL,2,direct_whole_name_match,133,SCOALA CLASELE I-VIII GILDAU
CL,SCOALA CLASELE I-VIII GRADISTEA / CL,11,direct_whole_name_match,128,SCOALA CLASELE I-VIII GRADISTEA
CL,SCOALA CLASELE I-VIII GRUIU / CL,1,direct_whole_name_match,161,SCOALA CLASELE I-VIII GRUIU
CL,SCOALA CLASELE I-VIII GURBANESTI / CL,5,direct_whole_name_match,170,SCOALA CLASELE I-VIII GURBANESTI
CL,SCOALA CLASELE I-VIII IEZERU / CL,2,direct_whole_name_match,134,SCOALA CLASELE I-VIII IEZERU
CL,SCOALA CLASELE I-VIII ILEANA / CL,12,direct_whole_name_match,171,SCOALA CLASELE I-VIII ILEANA
CL,SCOALA CLASELE I-VIII INDEPENDENTA / CL,9,direct_whole_name_match,130,SCOALA CLASELE I-VIII INDEPENDENTA
CL,SCOALA CLASELE I-VIII JEGALIA / CL,3,direct_whole_name_match,132,SCOALA CLASELE I-VIII JEGALIA
CL,SCOALA CLASELE I-VIII LEHLIU SAT / CL,11,direct_whole_name_match,136,SCOALA CLASELE I-VIII LEHLIU SAT
CL,SCOALA CLASELE I-VIII LEHLIU-GARA / CL,75,direct_whole_name_match,212,SCOALA CLASELE I-VIII LEHLIU-GARA
CL,SCOALA CLASELE I-VIII LUICA / CL,3,direct_whole_name_match,174,SCOALA CLASELE I-VIII LUICA
CL,SCOALA CLASELE I-VIII MANASTIREA / CL,16,direct_whole_name_match,175,SCOALA CLASELE I-VIII MANASTIREA
CL,SCOALA CLASELE I-VIII MIHAI VITEAZU / CL,1,direct_whole_name_match,150,SCOALA CLASELE I-VIII MIHAI VITEAZU
CL,SCOALA CLASELE I-VIII MITRENI / CL,14,direct_whole_name_match,202,SCOALA CLASELE I-VIII MITRENI
CL,SCOALA CLASELE I-VIII NANA / CL,10,direct_whole_name_match,193,SCOALA CLASELE I-VIII NANA
CL,SCOALA CLASELE I-VIII NEGOIESTI / CL,1,direct_whole_name_match,192,SCOALA CLASELE I-VIII NEGOIESTI
CL,SCOALA CLASELE I-VIII NICOLAE BALCESCU (PREASNA) / CL,4,direct_whole_name_match,177,SCOALA CLASELE I-VIII NICOLAE BALCESCU (PREASNA)
CL,SCOALA CLASELE I-VIII NICOLAE BALCESCU / CL,3,direct_whole_name_match,139,SCOALA CLASELE I-VIII NICOLAE BALCESCU
CL,SCOALA CLASELE I-VIII NR 3 ULMENI / CL,2,direct_whole_name_match,208,SCOALA CLASELE I-VIII NR 3 ULMENI
CL,SCOALA CLASELE I-VIII NR. 1 CIOCANESTI / CL,13,direct_whole_name_match,114,SCOALA CLASELE I-VIII NR. 1 CIOCANESTI
CL,SCOALA CLASELE I-VIII NR. 1 OLTENITA / CL,109,direct_whole_name_match,194,SCOALA CLASELE I-VIII NR. 1 OLTENITA
CL,SCOALA CLASELE I-VIII NR. 1 PERISORU / CL,8,direct_whole_name_match,141,SCOALA CLASELE I-VIII NR. 1 PERISORU
CL,SCOALA CLASELE I-VIII NR. 1 STEFAN VODA / CL,13,direct_whole_name_match,145,SCOALA CLASELE I-VIII NR. 1 STEFAN VODA
CL,SCOALA CLASELE I-VIII NR. 1 TAMADAU MARE / CL,11,direct_whole_name_match,183,SCOALA CLASELE I-VIII NR. 1 TAMADAU MARE
CL,SCOALA CLASELE I-VIII NR. 1 ULMENI / CL,11,direct_whole_name_match,184,SCOALA CLASELE I-VIII NR. 1 ULMENI
CL,SCOALA CLASELE I-VIII NR. 1 UNIREA / CL,11,direct_whole_name_match,147,SCOALA CLASELE I-VIII NR. 1 UNIREA
CL,SCOALA CLASELE I-VIII NR. 10 CALARASI / CL,148,direct_whole_name_match,209,SCOALA CLASELE I-VIII NR. 10 CALARASI
CL,SCOALA CLASELE I-VIII NR. 2 CHIRNOGI / CL,8,direct_whole_name_match,109,SCOALA CLASELE I-VIII NR. 2 CHIRNOGI
CL,SCOALA CLASELE I-VIII NR. 2 MODELU / CL,10,direct_whole_name_match,210,SCOALA CLASELE I-VIII NR. 2 MODELU
CL,SCOALA CLASELE I-VIII NR. 2 OLTENITA / CL,83,direct_whole_name_match,195,SCOALA CLASELE I-VIII NR. 2 OLTENITA
CL,SCOALA CLASELE I-VIII NR. 2 ULMENI / CL,1,direct_whole_name_match,185,SCOALA CLASELE I-VIII NR. 2 ULMENI
CL,SCOALA CLASELE I-VIII NR. 3 OLTENITA / CL,19,direct_whole_name_match,196,SCOALA CLASELE I-VIII NR. 3 OLTENITA
CL,SCOALA CLASELE I-VIII NR. 4 OLTENITA / CL,5,direct_whole_name_match,197,SCOALA CLASELE I-VIII NR. 4 OLTENITA
CL,SCOALA CLASELE I-VIII NR. 5 OLTENITA / CL,48,direct_whole_name_match,198,SCOALA CLASELE I-VIII NR. 5 OLTENITA
CL,SCOALA CLASELE I-VIII NR. 6 OLTENITA / CL,49,direct_whole_name_match,199,SCOALA CLASELE I-VIII NR. 6 OLTENITA
CL,SCOALA CLASELE I-VIII NR.1 CALARASI / CL,55,direct_whole_name_match,152,SCOALA CLASELE I-VIII NR.1 CALARASI
CL,SCOALA CLASELE I-VIII NR.1 CHIRNOGI / CL,23,direct_whole_name_match,190,SCOALA CLASELE I-VIII NR.1 CHIRNOGI
CL,SCOALA CLASELE I-VIII NR.1 CHISELET / CL,9,direct_whole_name_match,164,SCOALA CLASELE I-VIII NR.1 CHISELET
CL,SCOALA CLASELE I-VIII NR.1 CURCANI / CL,11,direct_whole_name_match,163,SCOALA CLASELE I-VIII NR.1 CURCANI
CL,SCOALA CLASELE I-VIII NR.1 FUNDULEA / CL,28,direct_whole_name_match,168,SCOALA CLASELE I-VIII NR.1 FUNDULEA
CL,SCOALA CLASELE I-VIII NR.1 MODELU / CL,21,direct_whole_name_match,151,SCOALA CLASELE I-VIII NR.1 MODELU
CL,SCOALA CLASELE I-VIII NR.1 VALEA ARGOVEI / CL,7,direct_whole_name_match,188,SCOALA CLASELE I-VIII NR.1 VALEA ARGOVEI
CL,SCOALA CLASELE I-VIII NR.11 CALARASI / CL,107,direct_whole_name_match,108,SCOALA CLASELE I-VIII NR.11 CALARASI
CL,SCOALA CLASELE I-VIII NR.2 BORCEA / CL,1,direct_whole_name_match,112,SCOALA CLASELE I-VIII NR.2 BORCEA
CL,SCOALA CLASELE I-VIII NR.2 STANCEA / CL,6,direct_whole_name_match,180,SCOALA CLASELE I-VIII NR.2 STANCEA
CL,SCOALA CLASELE I-VIII NR.3 CHIRNOGI / CL,11,direct_whole_name_match,110,SCOALA CLASELE I-VIII NR.3 CHIRNOGI
CL,SCOALA CLASELE I-VIII NR.3 GOSTILELE / CL,4,direct_whole_name_match,169,SCOALA CLASELE I-VIII NR.3 GOSTILELE
CL,SCOALA CLASELE I-VIII NR.5 CALARASI / CL,121,direct_whole_name_match,153,SCOALA CLASELE I-VIII NR.5 CALARASI
CL,SCOALA CLASELE I-VIII NR.6 CALARASI / CL,4,direct_whole_name_match,154,SCOALA CLASELE I-VIII NR.6 CALARASI
CL,SCOALA CLASELE I-VIII NR.7 CALARASI / CL,5,direct_whole_name_match,155,SCOALA CLASELE I-VIII NR.7 CALARASI
CL,SCOALA CLASELE I-VIII NR.8 CALARASI / CL,89,direct_whole_name_match,156,SCOALA CLASELE I-VIII NR.8 CALARASI
CL,SCOALA CLASELE I-VIII NR.9 CALARASI / CL,52,direct_whole_name_match,157,SCOALA CLASELE I-VIII NR.9 CALARASI
CL,SCOALA CLASELE I-VIII PLEVNA LUPSANU / CL,7,direct_whole_name_match,137,SCOALA CLASELE I-VIII PLEVNA LUPSANU
CL,SCOALA CLASELE I-VIII POTCOAVA / CL,4,direct_whole_name_match,131,SCOALA CLASELE I-VIII POTCOAVA
CL,SCOALA CLASELE I-VIII RADOVANU / CL,8,direct_whole_name_match,178,SCOALA CLASELE I-VIII RADOVANU
CL,SCOALA CLASELE I-VIII RADU VODA / CL,19,direct_whole_name_match,138,SCOALA CLASELE I-VIII RADU VODA
CL,SCOALA CLASELE I-VIII RASA / CL,10,direct_whole_name_match,129,SCOALA CLASELE I-VIII RASA
CL,SCOALA CLASELE I-VIII RAZVANI / CL,16,direct_whole_name_match,135,SCOALA CLASELE I-VIII RAZVANI
CL,SCOALA CLASELE I-VIII ROSETI / CL,25,direct_whole_name_match,143,SCOALA CLASELE I-VIII ROSETI
CL,SCOALA CLASELE I-VIII SILISTEA / CL,3,direct_whole_name_match,189,SCOALA CLASELE I-VIII SILISTEA
CL,SCOALA CLASELE I-VIII SOHATU / CL,2,direct_whole_name_match,181,SCOALA CLASELE I-VIII SOHATU
CL,SCOALA CLASELE I-VIII SOLDANU / CL,4,direct_whole_name_match,191,SCOALA CLASELE I-VIII SOLDANU
CL,SCOALA CLASELE I-VIII SPANTOV / CL,7,direct_whole_name_match,179,SCOALA CLASELE I-VIII SPANTOV
CL,SCOALA CLASELE I-VIII STEFAN CEL MARE / CL,4,direct_whole_name_match,144,SCOALA CLASELE I-VIII STEFAN CEL MARE
CL,SCOALA CLASELE I-VIII STEFANESTI / CL,1,direct_whole_name_match,172,SCOALA CLASELE I-VIII STEFANESTI
CL,SCOALA CLASELE I-VIII SULTANA / CL,3,direct_whole_name_match,176,SCOALA CLASELE I-VIII SULTANA
CL,SCOALA CLASELE I-VIII TUDOR VLADIMIRESCU / CL,6,direct_whole_name_match,142,SCOALA CLASELE I-VIII TUDOR VLADIMIRESCU
CL,SCOALA CLASELE I-VIII ULMU / CL,4,direct_whole_name_match,146,SCOALA CLASELE I-VIII ULMU
CL,SCOALA CLASELE I-VIII VALEA ROSIE / CL,25,direct_whole_name_match,203,SCOALA CLASELE I-VIII VALEA ROSIE
CL,SCOALA CLASELE I-VIII VARASTI / CL,2,direct_whole_name_match,123,SCOALA CLASELE I-VIII VARASTI
CL,SCOALA CLASELE I-VIII VILCELELE / CL,9,direct_whole_name_match,148,SCOALA CLASELE I-VIII VILCELELE
CL,SCOALA CLASELE I-VIII VLAD TEPES / CL,6,direct_whole_name_match,149,SCOALA CLASELE I-VIII VLAD TEPES
CL,SCOALA CU CLASELE I-VIII LIVENI / BT,1,outside_county_origin,,
CL,SCOALA CU CLASELE I-VIII NR.  12 / B,1,outside_county_origin,,
CL,SCOALA CU CLASELE I-VIII NR.  24 / B,2,outside_county_origin,,
CL,SCOALA CU CLASELE I-VIII NR.  97 / B,1,outside_county_origin,,
CL,"SCOALA CU CLASELE I-VIII NR.  98 ""AVRAM IANCU"" / B",1,outside_county_origin,,
CL,SCOALA CU CLASELE I-VIII NR.  99 / B,1,outside_county_origin,,
CL,SCOALA CU CLASELE I-VIII NR. 280 / B,1,outside_county_origin,,
CL,SCOALA CU CLS. I-VIII NR.2 PERISORU / CL,14,direct_whole_name_match,211,SCOALA CU CLS. I-VIII NR.2 PERISORU
CL,SCOALA GENERALA I-VIII AMARA / IL,1,outside_county_origin,,
CL,SCOALA GENERALA I-VIII HORIA / IL,1,outside_county_origin,,
CL,SCOALA GENERALA I-VIII NR.2 SLOBOZIA / IL,1,outside_county_origin,,
CL,SCOALA GENERALA I-VIII NR.3 SLOBOZIA / IL,1,outside_county_origin,,
CL,SCOALA GENERALA I-VIII NR.6 SLOBOZIA / IL,1,outside_county_origin,,
CL,SCOALA GENERALA I-VIII RASI / IL,3,outside_county_origin,,
CL,SCOALA GENERALA I-VIII SALCIOARA / IL,6,outside_county_origin,,
CL,grup scolar Ostrov / CT,4,outside_county_origin,,
CL,liceul teoretic  A.Saligny  Cernavoda / CT,1,outside_county_origin,,
CL,scoala cu clasele I-VIII Canlia / CT,2,outside_county_origin,,
CL,scoala cu clasele I-VIII Coslugea / CT,1,outside_county_origin,,
CL,scoala cu clasele I-VIII Girlita / CT,3,outside_county_origin,,
CL,scoala cu clasele I-VIII Lipnita / CT,2,outside_county_origin,,
CS,GRUP SCOLAR CONSTRUCTII DE MASINI CARANSEBES / CS,4,direct_whole_name_match,268,GRUP SCOLAR CONSTRUCTII DE MASINI CARANSEBES
CS,GRUP SCOLAR INDUSTRIAL MINIER ANINA / CS,41,direct_whole_name_match,266,GRUP SCOLAR INDUSTRIAL MINIER ANINA
CS,GRUP SCOLAR INDUSTRIAL MINIER MOLDOVA NOUA / CS,102,direct_whole_name_match,265,GRUP SCOLAR INDUSTRIAL MINIER MOLDOVA NOUA
CS,GRUP SCOLAR INDUSTRIAL OTELU ROSU / CS,18,direct_whole_name_match,267,GRUP SCOLAR INDUSTRIAL OTELU ROSU
CS,LICEU BILINGV ROMANO-CROAT CARASOVA / CS,7,direct_whole_name_match,152,LICEU BILINGV ROMANO-CROAT CARASOVA
CS,LICEUL CU PROGRAM DE EDUCATIE FIZICA RESITA / CS,4,direct_whole_name_match,251,LICEUL CU PROGRAM DE EDUCATIE FIZICA RESITA
CS,LICEUL DE ARTA RESITA / CS,37,direct_whole_name_match,254,LICEUL DE ARTA RESITA
CS,LICEUL PEDAGOGIC CARANSEBES / CS,64,direct_whole_name_match,269,LICEUL PEDAGOGIC CARANSEBES
CS,LICEUL TEORETIC BAILE HERCULANE / CS,44,direct_whole_name_match,120,LICEUL TEORETIC BAILE HERCULANE
CS,LICEUL TEORETIC BOCSA / CS,14,direct_whole_name_match,235,LICEUL TEORETIC BOCSA
CS,LICEUL TEORETIC DIACONOVIC- TIETZ RESITA / CS,36,direct_whole_name_match,232,LICEUL TEORETIC DIACONOVIC- TIETZ RESITA
CS,LICEUL TEORETIC MEHADIA / CS,16,direct_whole_name_match,258,LICEUL TEORETIC MEHADIA
CS,LICEUL TEORETIC NR 3 RESITA / CS,50,direct_whole_name_match,234,LICEUL TEORETIC NR 3 RESITA
CS,LICEUL TEORETIC TRAIAN DODA CARANSEBES / CS,55,direct_whole_name_match,236,LICEUL TEORETIC TRAIAN DODA CARANSEBES
CS,LICEUL TEORETIC TRAIAN LALESCU RESITA / CS,79,direct_whole_name_match,233,LICEUL TEORETIC TRAIAN LALESCU RESITA
CS,SC.CU CLS.I-VIII DANCEU / MH,1,outside_county_origin,,
CS,SC.CU CLS.I-VIII ISVERNA / MH,1,outside_county_origin,,
CS,SC.CU CLS.I-VIII NR 06 SEVERIN / MH,1,outside_county_origin,,
CS,SC.CU CLS.I-VIII SOVARNA / MH,1,outside_county_origin,,
CS,SC.CU CLS.I-VIII TIMNA / MH,1,outside_county_origin,,
CS,SCOALA CU CLASELE I - VIII ARGETOAIA / DJ,1,outside_county_origin,,
CS,SCOALA CU CLASELE I - VIII BRANISTE / DJ,1,outside_county_origin,,
CS,SCOALA CU CLASELE I-VIII CERVICESTI / BT,1,outside_county_origin,,
CS,SCOALA CU CLASELE I-VIII TODIRESTI / SV,1,outside_county_origin,,
CS,"SCOALA CU CLS.I-VIII ""George Cosbuc""  SIGHETU MARM / MM",1,outside_county_origin,,
CS,SCOALA CU CLS.I-VIII NR 1 RUSCOVA / MM,1,outside_county_origin,,
CS,SCOALA GENERALA ARMENIS / CS,6,direct_whole_name_match,133,SCOALA GENERALA ARMENIS
CS,SCOALA GENERALA BANIA / CS,5,direct_whole_name_match,136,SCOALA GENERALA BANIA
CS,SCOALA GENERALA BAUTAR / CS,16,direct_whole_name_match,134,SCOALA GENERALA BAUTAR
CS,SCOALA GENERALA BELOBRESCA / CS,6,direct_whole_name_match,203,SCOALA GENERALA BELOBRESCA
CS,SCOALA GENERALA BERLISTE / CS,2,direct_whole_name_match,137,SCOALA GENERALA BERLISTE
CS,SCOALA GENERALA BERZASCA / CS,4,direct_whole_name_match,237,SCOALA GENERALA BERZASCA
CS,SCOALA GENERALA BERZOVIA / CS,5,direct_whole_name_match,139,SCOALA GENERALA BERZOVIA
CS,SCOALA GENERALA BINIS / CS,6,direct_whole_name_match,166,SCOALA GENERALA BINIS
CS,SCOALA GENERALA BOGILTIN / CS,2,direct_whole_name_match,163,SCOALA GENERALA BOGILTIN
CS,SCOALA GENERALA BORLOVA / CS,5,direct_whole_name_match,224,SCOALA GENERALA BORLOVA
CS,SCOALA GENERALA BOZOVICI / CS,14,direct_whole_name_match,264,SCOALA GENERALA BOZOVICI
CS,SCOALA GENERALA BRADET ANINA / CS,3,direct_whole_name_match,118,SCOALA GENERALA BRADET ANINA
CS,SCOALA GENERALA BREBU / CS,2,direct_whole_name_match,143,SCOALA GENERALA BREBU
CS,SCOALA GENERALA BUCOSNITA / CS,12,direct_whole_name_match,101,SCOALA GENERALA BUCOSNITA
CS,SCOALA GENERALA BUCOVA / CS,6,direct_whole_name_match,135,SCOALA GENERALA BUCOVA
CS,SCOALA GENERALA CARBUNARI / CS,6,direct_whole_name_match,151,SCOALA GENERALA CARBUNARI
CS,SCOALA GENERALA CICLOVA ROMANA / CS,11,direct_whole_name_match,156,SCOALA GENERALA CICLOVA ROMANA
CS,SCOALA GENERALA CILNIC / CS,6,direct_whole_name_match,114,SCOALA GENERALA CILNIC
CS,SCOALA GENERALA CIUDANOVITA / CS,4,direct_whole_name_match,157,SCOALA GENERALA CIUDANOVITA
CS,SCOALA GENERALA CLOCOTICI / CS,4,direct_whole_name_match,187,SCOALA GENERALA CLOCOTICI
CS,SCOALA GENERALA CLS I - VIII SARMIZEGETUSA / HD,1,outside_county_origin,,
CS,SCOALA GENERALA CLS.I-VIII HUMELE / AG,1,outside_county_origin,,
CS,SCOALA GENERALA CONSTANTIN DAICOVICIU / CS,7,direct_whole_name_match,153,SCOALA GENERALA CONSTANTIN DAICOVICIU
CS,SCOALA GENERALA COPACELE / CS,4,direct_whole_name_match,158,SCOALA GENERALA COPACELE
CS,SCOALA GENERALA CORNEA / CS,3,direct_whole_name_match,160,SCOALA GENERALA CORNEA
CS,SCOALA GENERALA CORNEREVA / CS,4,direct_whole_name_match,162,SCOALA GENERALA CORNEREVA
CS,SCOALA GENERALA CORNUTEL / CS,5,direct_whole_name_match,198,SCOALA GENERALA CORNUTEL
CS,SCOALA GENERALA CUPTOARE / CS,1,direct_whole_name_match,161,SCOALA GENERALA CUPTOARE
CS,SCOALA GENERALA DALBOSET / CS,11,direct_whole_name_match,164,SCOALA GENERALA DALBOSET
CS,SCOALA GENERALA DE 8 ANI NR.1 BILIESTI / VN,1,outside_county_origin,,
CS,SCOALA GENERALA DELINESTI / CS,1,direct_whole_name_match,199,SCOALA GENERALA DELINESTI
CS,SCOALA GENERALA DOMAN / CS,6,direct_whole_name_match,115,SCOALA GENERALA DOMAN
CS,SCOALA GENERALA DOMASNEA / CS,8,direct_whole_name_match,168,SCOALA GENERALA DOMASNEA
CS,SCOALA GENERALA EFTIMIE MURGU / CS,22,direct_whole_name_match,173,SCOALA GENERALA EFTIMIE MURGU
CS,SCOALA GENERALA FIRLIUG / CS,1,direct_whole_name_match,174,SCOALA GENERALA FIRLIUG
CS,SCOALA GENERALA FIZES / CS,1,direct_whole_name_match,140,SCOALA GENERALA FIZES
CS,SCOALA GENERALA FOROTIC / CS,4,direct_whole_name_match,175,SCOALA GENERALA FOROTIC
CS,SCOALA GENERALA GARINA / CS,1,direct_whole_name_match,144,SCOALA GENERALA GARINA
CS,SCOALA GENERALA GHERTENIS / CS,2,direct_whole_name_match,141,SCOALA GENERALA GHERTENIS
CS,SCOALA GENERALA GLIMBOCA / CS,26,direct_whole_name_match,177,SCOALA GENERALA GLIMBOCA
CS,SCOALA GENERALA GLOBU CRAIOVEI / CS,3,direct_whole_name_match,180,SCOALA GENERALA GLOBU CRAIOVEI
CS,SCOALA GENERALA GOLET / CS,1,direct_whole_name_match,150,SCOALA GENERALA GOLET
CS,SCOALA GENERALA GORUIA / CS,3,direct_whole_name_match,102,SCOALA GENERALA GORUIA
CS,SCOALA GENERALA GRADINARI / CS,13,direct_whole_name_match,178,SCOALA GENERALA GRADINARI
CS,SCOALA GENERALA GREONI / CS,4,direct_whole_name_match,103,SCOALA GENERALA GREONI
CS,SCOALA GENERALA IABLANITA / CS,3,direct_whole_name_match,179,SCOALA GENERALA IABLANITA
CS,SCOALA GENERALA ILOVA / CS,2,direct_whole_name_match,213,SCOALA GENERALA ILOVA
CS,SCOALA GENERALA LAPUSNICEL / CS,2,direct_whole_name_match,181,SCOALA GENERALA LAPUSNICEL
CS,SCOALA GENERALA LAPUSNICU MARE / CS,5,direct_whole_name_match,183,SCOALA GENERALA LAPUSNICU MARE
CS,SCOALA GENERALA LIUBCOVA / CS,4,direct_whole_name_match,138,SCOALA GENERALA LIUBCOVA
CS,SCOALA GENERALA LUNCAVITA / CS,4,direct_whole_name_match,185,SCOALA GENERALA LUNCAVITA
CS,SCOALA GENERALA LUPAC / CS,6,direct_whole_name_match,186,SCOALA GENERALA LUPAC
CS,SCOALA GENERALA MARGA / CS,9,direct_whole_name_match,189,SCOALA GENERALA MARGA
CS,SCOALA GENERALA MARU / CS,5,direct_whole_name_match,107,SCOALA GENERALA MARU
CS,SCOALA GENERALA MAURENI / CS,3,direct_whole_name_match,190,SCOALA GENERALA MAURENI
CS,SCOALA GENERALA MEHADICA / CS,1,direct_whole_name_match,192,SCOALA GENERALA MEHADICA
CS,SCOALA GENERALA MOCERIS / CS,6,direct_whole_name_match,184,SCOALA GENERALA MOCERIS
CS,"SCOALA GENERALA MOTRU-SEC, PADES / GJ",1,outside_county_origin,,
CS,SCOALA GENERALA NAIDAS / CS,1,direct_whole_name_match,195,SCOALA GENERALA NAIDAS
CS,SCOALA GENERALA NR 1 BOCSA / CS,104,direct_whole_name_match,121,SCOALA GENERALA NR 1 BOCSA
CS,SCOALA GENERALA NR 1 CARANSEBES / CS,7,direct_whole_name_match,125,SCOALA GENERALA NR 1 CARANSEBES
CS,SCOALA GENERALA NR 1 DOGNECEA / CS,3,direct_whole_name_match,169,SCOALA GENERALA NR 1 DOGNECEA
CS,SCOALA GENERALA NR 1 MOLDOVA NOUA / CS,23,direct_whole_name_match,127,SCOALA GENERALA NR 1 MOLDOVA NOUA
CS,SCOALA GENERALA NR 1 ORAVITA / CS,83,direct_whole_name_match,129,SCOALA GENERALA NR 1 ORAVITA
CS,SCOALA GENERALA NR 1 OTELU ROSU / CS,75,direct_whole_name_match,132,SCOALA GENERALA NR 1 OTELU ROSU
CS,SCOALA GENERALA NR 1 RESITA / CS,15,direct_whole_name_match,108,SCOALA GENERALA NR 1 RESITA
CS,SCOALA GENERALA NR 10 RESITA / CS,30,direct_whole_name_match,260,SCOALA GENERALA NR 10 RESITA
CS,SCOALA GENERALA NR 12 RESITA / CS,84,direct_whole_name_match,261,SCOALA GENERALA NR 12 RESITA
CS,SCOALA GENERALA NR 2 ANINA / CS,28,direct_whole_name_match,117,SCOALA GENERALA NR 2 ANINA
CS,SCOALA GENERALA NR 2 BOCSA / CS,20,direct_whole_name_match,122,SCOALA GENERALA NR 2 BOCSA
CS,SCOALA GENERALA NR 2 CARANSEBES / CS,99,direct_whole_name_match,126,SCOALA GENERALA NR 2 CARANSEBES
CS,SCOALA GENERALA NR 2 ORAVITA / CS,21,direct_whole_name_match,130,SCOALA GENERALA NR 2 ORAVITA
CS,SCOALA GENERALA NR 2 RESITA / CS,104,direct_whole_name_match,109,SCOALA GENERALA NR 2 RESITA
CS,SCOALA GENERALA NR 3 ANINA / CS,25,direct_whole_name_match,119,SCOALA GENERALA NR 3 ANINA
CS,SCOALA GENERALA NR 3 BOCSA / CS,5,direct_whole_name_match,123,SCOALA GENERALA NR 3 BOCSA
CS,SCOALA GENERALA NR 3 MOLDOVA NOUA / CS,32,direct_whole_name_match,128,SCOALA GENERALA NR 3 MOLDOVA NOUA
CS,SCOALA GENERALA NR 3 ORAVITA / CS,26,direct_whole_name_match,131,SCOALA GENERALA NR 3 ORAVITA
CS,SCOALA GENERALA NR 3 OTELU ROSU / CS,75,direct_whole_name_match,271,SCOALA GENERALA NR 3 OTELU ROSU
CS,SCOALA GENERALA NR 5 RESITA / CS,13,direct_whole_name_match,110,SCOALA GENERALA NR 5 RESITA
CS,SCOALA GENERALA NR 6 RESITA / CS,80,direct_whole_name_match,111,SCOALA GENERALA NR 6 RESITA
CS,SCOALA GENERALA NR 7 CARANSEBES / CS,8,direct_whole_name_match,262,SCOALA GENERALA NR 7 CARANSEBES
CS,SCOALA GENERALA NR 7 RESITA / CS,59,direct_whole_name_match,112,SCOALA GENERALA NR 7 RESITA
CS,SCOALA GENERALA NR 8 CARANSEBES / CS,81,direct_whole_name_match,263,SCOALA GENERALA NR 8 CARANSEBES
CS,SCOALA GENERALA NR 8 RESITA / CS,78,direct_whole_name_match,113,SCOALA GENERALA NR 8 RESITA
CS,SCOALA GENERALA NR 9 RESITA / CS,120,direct_whole_name_match,259,SCOALA GENERALA NR 9 RESITA
CS,SCOALA GENERALA OBREJA / CS,6,direct_whole_name_match,196,SCOALA GENERALA OBREJA
CS,SCOALA GENERALA OCNA DE FIER / CS,1,direct_whole_name_match,124,SCOALA GENERALA OCNA DE FIER
CS,SCOALA GENERALA PADINA MATEI / CS,2,direct_whole_name_match,176,SCOALA GENERALA PADINA MATEI
CS,SCOALA GENERALA PALTINIS / CS,1,direct_whole_name_match,197,SCOALA GENERALA PALTINIS
CS,SCOALA GENERALA PATAS / CS,12,direct_whole_name_match,205,SCOALA GENERALA PATAS
CS,SCOALA GENERALA PESCARI / CS,9,direct_whole_name_match,200,SCOALA GENERALA PESCARI
CS,SCOALA GENERALA PETROSNITA / CS,2,direct_whole_name_match,148,SCOALA GENERALA PETROSNITA
CS,SCOALA GENERALA PIRVOVA / CS,4,direct_whole_name_match,182,SCOALA GENERALA PIRVOVA
CS,SCOALA GENERALA PLUGOVA / CS,8,direct_whole_name_match,193,SCOALA GENERALA PLUGOVA
CS,SCOALA GENERALA POJEJENA / CS,7,direct_whole_name_match,202,SCOALA GENERALA POJEJENA
CS,SCOALA GENERALA PRIGOR / CS,7,direct_whole_name_match,204,SCOALA GENERALA PRIGOR
CS,SCOALA GENERALA PRILIPET / CS,8,direct_whole_name_match,142,SCOALA GENERALA PRILIPET
CS,SCOALA GENERALA RACASDIA / CS,10,direct_whole_name_match,208,SCOALA GENERALA RACASDIA
CS,SCOALA GENERALA RAMNA / CS,4,direct_whole_name_match,206,SCOALA GENERALA RAMNA
CS,SCOALA GENERALA RUSCA MONTANA / CS,15,direct_whole_name_match,209,SCOALA GENERALA RUSCA MONTANA
CS,SCOALA GENERALA RUSCA-TEREGOVA / CS,9,direct_whole_name_match,219,SCOALA GENERALA RUSCA-TEREGOVA
CS,SCOALA GENERALA SACU / CS,4,direct_whole_name_match,210,SCOALA GENERALA SACU
CS,SCOALA GENERALA SASCA MONTANA / CS,8,direct_whole_name_match,211,SCOALA GENERALA SASCA MONTANA
CS,SCOALA GENERALA SICHEVITA / CS,5,direct_whole_name_match,214,SCOALA GENERALA SICHEVITA
CS,SCOALA GENERALA SLATINA TIMIS / CS,10,direct_whole_name_match,212,SCOALA GENERALA SLATINA TIMIS
CS,SCOALA GENERALA SOCENI / CS,1,direct_whole_name_match,172,SCOALA GENERALA SOCENI
CS,SCOALA GENERALA SOCOL / CS,2,direct_whole_name_match,215,SCOALA GENERALA SOCOL
CS,SCOALA GENERALA SOPOTU NOU / CS,4,direct_whole_name_match,217,SCOALA GENERALA SOPOTU NOU
CS,SCOALA GENERALA SOPOTU VECHI / CS,9,direct_whole_name_match,165,SCOALA GENERALA SOPOTU VECHI
CS,SCOALA GENERALA TEREGOVA / CS,22,direct_whole_name_match,218,SCOALA GENERALA TEREGOVA
CS,SCOALA GENERALA TICVANIU MARE / CS,5,direct_whole_name_match,220,SCOALA GENERALA TICVANIU MARE
CS,SCOALA GENERALA TIRNOVA / CS,12,direct_whole_name_match,221,SCOALA GENERALA TIRNOVA
CS,SCOALA GENERALA TIROL / CS,2,direct_whole_name_match,167,SCOALA GENERALA TIROL
CS,SCOALA GENERALA TOPLET / CS,6,direct_whole_name_match,222,SCOALA GENERALA TOPLET
CS,SCOALA GENERALA TURNU RUIENI / CS,4,direct_whole_name_match,223,SCOALA GENERALA TURNU RUIENI
CS,SCOALA GENERALA VALEA BOLVASNITA / CS,8,direct_whole_name_match,194,SCOALA GENERALA VALEA BOLVASNITA
CS,SCOALA GENERALA VALEAPAI / CS,1,direct_whole_name_match,207,SCOALA GENERALA VALEAPAI
CS,SCOALA GENERALA VALISOARA / CS,4,direct_whole_name_match,149,SCOALA GENERALA VALISOARA
CS,SCOALA GENERALA VALIUG / CS,5,direct_whole_name_match,226,SCOALA GENERALA VALIUG
CS,SCOALA GENERALA VARADIA / CS,3,direct_whole_name_match,227,SCOALA GENERALA VARADIA
CS,SCOALA GENERALA VERENDIN / CS,5,direct_whole_name_match,240,SCOALA GENERALA VERENDIN
CS,SCOALA GENERALA VERMES / CS,8,direct_whole_name_match,228,SCOALA GENERALA VERMES
CS,SCOALA GENERALA VIRCIOROVA / CS,9,direct_whole_name_match,145,SCOALA GENERALA VIRCIOROVA
CS,SCOALA GENERALA VRANI / CS,8,direct_whole_name_match,229,SCOALA GENERALA VRANI
CS,SCOALA GENERALA ZAGUJENI / CS,9,direct_whole_name_match,154,SCOALA GENERALA ZAGUJENI
CS,SCOALA GENERALA ZAVOI / CS,13,direct_whole_name_match,230,SCOALA GENERALA ZAVOI
CS,SCOALA GENERALA ZERVESTI / CS,1,direct_whole_name_match,225,SCOALA GENERALA ZERVESTI
CS,SCOALA GENERALA ZLATITA / CS,2,direct_whole_name_match,216,SCOALA GENERALA ZLATITA
CS,SCOALA GENERALA ZORILE / CS,3,direct_whole_name_match,159,SCOALA GENERALA ZORILE
CS,SCOALA GENERALA ZORLENTU MARE / CS,3,direct_whole_name_match,231,SCOALA GENERALA ZORLENTU MARE
CV,"GRUPUL SCOLAR ""KOROSI CSOMA SANDOR""    COVASNA / CV",74,direct_whole_name_match,162,"GRUPUL SCOLAR ""KOROSI CSOMA SANDOR""    COVASNA"
CV,"GRUPUL SCOLAR ""KOS KAROLY""             SF.GHEORGHE / CV",11,direct_whole_name_match,101,"GRUPUL SCOLAR ""KOS KAROLY""             SF.GHEORGHE"
CV,LICEUL DE ARTA                         SF.GHEORGHE / CV,20,direct_whole_name_match,105,LICEUL DE ARTA                         SF.GHEORGHE
CV,"LICEUL TEORETIC ""APRILY LAJOS"" BRASOV / BV",1,outside_county_origin,,
CV,"LICEUL TEORETIC ""MIHAI VITEAZUL""       SF.GHEORGHE / CV",105,direct_whole_name_match,102,"LICEUL TEORETIC ""MIHAI VITEAZUL""       SF.GHEORGHE"
CV,"LICEUL TEORETIC ""MIKES  KELEMEN""       SF.GHEORGHE / CV",119,direct_whole_name_match,103,"LICEUL TEORETIC ""MIKES  KELEMEN""       SF.GHEORGHE"
CV,"LICEUL TEORETIC ""NAGY MOZES""           TG.SECUIESC / CV",57,direct_whole_name_match,137,"LICEUL TEORETIC ""NAGY MOZES""           TG.SECUIESC"
CV,"LICEUL TEORETIC ""SZEKELY MIKO""         SF.GHEORGHE / CV",83,direct_whole_name_match,104,"LICEUL TEORETIC ""SZEKELY MIKO""         SF.GHEORGHE"
CV,SCOALA CU CL I-VIII NR 1 IVANES/BICAZ-CHEI / NT,1,outside_county_origin,,
CV,SCOALA CU CLASELE I-VIII NR 1 VORONA / BT,1,outside_county_origin,,
CV,"SCOALA GENERALA ""JOKAI MOR"" BAILE TUSNAD / HR",1,outside_county_origin,,
CV,SCOALA GENERALA BOD COLONIE / BV,1,outside_county_origin,,
CV,SCOALA GENERALA CLASELE I - VIII NR 02 SOVATA / MS,1,outside_county_origin,,
CV,SCOALA GENERALA CU CL I-VIII.          LADAUTI / CV,2,direct_whole_name_match,175,SCOALA GENERALA CU CL I-VIII.          LADAUTI
CV,SCOALA GENERALA CU CL I-VIII. BOROSNEU MARE / CV,2,direct_whole_name_match,120,SCOALA GENERALA CU CL I-VIII. BOROSNEU MARE
CV,"SCOALA GENERALA CU CL.I-VIII ""BIBO JOZSEF""  BRATES / CV",7,direct_whole_name_match,165,"SCOALA GENERALA CU CL.I-VIII ""BIBO JOZSEF""  BRATES"
CV,"SCOALA GENERALA CU CL.I-VIII ""BOD PETER""    CERNAT / CV",2,direct_whole_name_match,145,"SCOALA GENERALA CU CL.I-VIII ""BOD PETER""    CERNAT"
CV,"SCOALA GENERALA CU CL.I-VIII ""KARATNA"" TURIA / CV",12,direct_whole_name_match,160,"SCOALA GENERALA CU CL.I-VIII ""KARATNA"" TURIA"
CV,SCOALA GENERALA CU CL.I-VIII NR.6      SF.GHEORGHE / CV,49,direct_whole_name_match,113,SCOALA GENERALA CU CL.I-VIII NR.6      SF.GHEORGHE
CV,"SCOALA GENERALA CU CL.I-VIII""GODRI FERENC"" SF.GHE. / CV",21,direct_whole_name_match,108,"SCOALA GENERALA CU CL.I-VIII""GODRI FERENC"" SF.GHE."
CV,"SCOALA GENERALA CU CL.I-VIII""NICOLAE COLAN""SF.GHE. / CV",74,direct_whole_name_match,109,"SCOALA GENERALA CU CL.I-VIII""NICOLAE COLAN""SF.GHE."
CV,"SCOALA GENERALA CU CL.I-VIII""SZEMERJA"" SF.GHEORGHE / CV",6,direct_whole_name_match,111,"SCOALA GENERALA CU CL.I-VIII""SZEMERJA"" SF.GHEORGHE"
CV,"SCOALA GENERALA CU CL.I-VIII""VARADI JOZSEF""SF.GHE. / CV",61,direct_whole_name_match,112,"SCOALA GENERALA CU CL.I-VIII""VARADI JOZSEF""SF.GHE."
CV,SCOALA GENERALA CU CL.I-VIII.          AITA MEDIE / CV,3,direct_whole_name_match,182,SCOALA GENERALA CU CL.I-VIII.          AITA MEDIE
CV,SCOALA GENERALA CU CL.I-VIII.          AITA SEACA / CV,5,direct_whole_name_match,183,SCOALA GENERALA CU CL.I-VIII.          AITA SEACA
CV,SCOALA GENERALA CU CL.I-VIII.          ALUNGENI / CV,3,direct_whole_name_match,141,SCOALA GENERALA CU CL.I-VIII.          ALUNGENI
CV,SCOALA GENERALA CU CL.I-VIII.          ANINOASA / CV,1,direct_whole_name_match,114,SCOALA GENERALA CU CL.I-VIII.          ANINOASA
CV,SCOALA GENERALA CU CL.I-VIII.          BACEL / CV,9,direct_whole_name_match,117,SCOALA GENERALA CU CL.I-VIII.          BACEL
CV,SCOALA GENERALA CU CL.I-VIII.          BARCANI / CV,11,direct_whole_name_match,171,SCOALA GENERALA CU CL.I-VIII.          BARCANI
CV,SCOALA GENERALA CU CL.I-VIII.          BODOC / CV,5,direct_whole_name_match,119,SCOALA GENERALA CU CL.I-VIII.          BODOC
CV,SCOALA GENERALA CU CL.I-VIII.          BRADET / CV,9,direct_whole_name_match,172,SCOALA GENERALA CU CL.I-VIII.          BRADET
CV,SCOALA GENERALA CU CL.I-VIII.          BRETCU / CV,18,direct_whole_name_match,142,SCOALA GENERALA CU CL.I-VIII.          BRETCU
CV,SCOALA GENERALA CU CL.I-VIII.          CAPENI / CV,4,direct_whole_name_match,184,SCOALA GENERALA CU CL.I-VIII.          CAPENI
CV,SCOALA GENERALA CU CL.I-VIII.          CIUMERNIC / CV,3,direct_whole_name_match,173,SCOALA GENERALA CU CL.I-VIII.          CIUMERNIC
CV,SCOALA GENERALA CU CL.I-VIII.          COMANDAU / CV,9,direct_whole_name_match,166,SCOALA GENERALA CU CL.I-VIII.          COMANDAU
CV,SCOALA GENERALA CU CL.I-VIII.          DOBARLAU / CV,2,direct_whole_name_match,123,SCOALA GENERALA CU CL.I-VIII.          DOBARLAU
CV,SCOALA GENERALA CU CL.I-VIII.          DOBOSENI / CV,4,direct_whole_name_match,191,SCOALA GENERALA CU CL.I-VIII.          DOBOSENI
CV,SCOALA GENERALA CU CL.I-VIII.          ESTELNIC / CV,4,direct_whole_name_match,146,SCOALA GENERALA CU CL.I-VIII.          ESTELNIC
CV,SCOALA GENERALA CU CL.I-VIII.          FILIA / CV,13,direct_whole_name_match,192,SCOALA GENERALA CU CL.I-VIII.          FILIA
CV,SCOALA GENERALA CU CL.I-VIII.          HAGHIG / CV,6,direct_whole_name_match,125,SCOALA GENERALA CU CL.I-VIII.          HAGHIG
CV,SCOALA GENERALA CU CL.I-VIII.          LUNGA / CV,5,direct_whole_name_match,150,SCOALA GENERALA CU CL.I-VIII.          LUNGA
CV,SCOALA GENERALA CU CL.I-VIII.          MALNAS SAT / CV,2,direct_whole_name_match,129,SCOALA GENERALA CU CL.I-VIII.          MALNAS SAT
CV,SCOALA GENERALA CU CL.I-VIII.          MARTANUS / CV,4,direct_whole_name_match,151,SCOALA GENERALA CU CL.I-VIII.          MARTANUS
CV,SCOALA GENERALA CU CL.I-VIII.          MARTINENI / CV,1,direct_whole_name_match,152,SCOALA GENERALA CU CL.I-VIII.          MARTINENI
CV,SCOALA GENERALA CU CL.I-VIII.          MERENI / CV,5,direct_whole_name_match,153,SCOALA GENERALA CU CL.I-VIII.          MERENI
CV,SCOALA GENERALA CU CL.I-VIII.          MICFALAU / CV,5,direct_whole_name_match,130,SCOALA GENERALA CU CL.I-VIII.          MICFALAU
CV,SCOALA GENERALA CU CL.I-VIII.          PAPAUTI / CV,6,direct_whole_name_match,167,SCOALA GENERALA CU CL.I-VIII.          PAPAUTI
CV,SCOALA GENERALA CU CL.I-VIII.          PETRICENI / CV,1,direct_whole_name_match,156,SCOALA GENERALA CU CL.I-VIII.          PETRICENI
CV,SCOALA GENERALA CU CL.I-VIII.          POIAN / CV,5,direct_whole_name_match,157,SCOALA GENERALA CU CL.I-VIII.          POIAN
CV,SCOALA GENERALA CU CL.I-VIII.          SANZIENI / CV,20,direct_whole_name_match,158,SCOALA GENERALA CU CL.I-VIII.          SANZIENI
CV,SCOALA GENERALA CU CL.I-VIII.          SARAMAS / CV,5,direct_whole_name_match,176,SCOALA GENERALA CU CL.I-VIII.          SARAMAS
CV,SCOALA GENERALA CU CL.I-VIII.          TAMASFALAU / CV,6,direct_whole_name_match,168,SCOALA GENERALA CU CL.I-VIII.          TAMASFALAU
CV,SCOALA GENERALA CU CL.I-VIII.          VALEA MARE / CV,4,direct_whole_name_match,179,SCOALA GENERALA CU CL.I-VIII.          VALEA MARE
CV,SCOALA GENERALA CU CL.I-VIII.          VALEA SEACA / CV,1,direct_whole_name_match,161,SCOALA GENERALA CU CL.I-VIII.          VALEA SEACA
CV,SCOALA GENERALA CU CL.I-VIII.          ZABRATAU / CV,6,direct_whole_name_match,180,SCOALA GENERALA CU CL.I-VIII.          ZABRATAU
CV,SCOALA GENERALA CU CL.I-VIII.          ZAGON / CV,18,direct_whole_name_match,170,SCOALA GENERALA CU CL.I-VIII.          ZAGON
CV,SCOALA GENERALA CU CL.I-VIII.       RACOSUL DE SUS / CV,1,direct_whole_name_match,194,SCOALA GENERALA CU CL.I-VIII.       RACOSUL DE SUS
CV,SCOALA GENERALA CU CL.I-VIII.  SANTIONLUNCA / CV,2,direct_whole_name_match,134,SCOALA GENERALA CU CL.I-VIII.  SANTIONLUNCA
CV,SCOALA GENERALA CU CL.I-VIII.  VALEA CRISULUI / CV,3,direct_whole_name_match,135,SCOALA GENERALA CU CL.I-VIII.  VALEA CRISULUI
CV,"SCOALA GENERALA CU CL.I-VIII. ""ANTOS JANOS"" RECI / CV",3,direct_whole_name_match,133,"SCOALA GENERALA CU CL.I-VIII. ""ANTOS JANOS"" RECI"
CV,"SCOALA GENERALA CU CL.I-VIII. ""GABOR ARON"" CHICHIS / CV",1,direct_whole_name_match,121,"SCOALA GENERALA CU CL.I-VIII. ""GABOR ARON"" CHICHIS"
CV,"SCOALA GENERALA CU CL.I-VIII. ""KICSI ANTAL"" TURIA / CV",10,direct_whole_name_match,159,"SCOALA GENERALA CU CL.I-VIII. ""KICSI ANTAL"" TURIA"
CV,"SCOALA GENERALA CU CL.I-VIII. ""KUN KOCSARD"" OJDULA / CV",7,direct_whole_name_match,155,"SCOALA GENERALA CU CL.I-VIII. ""KUN KOCSARD"" OJDULA"
CV,"SCOALA GENERALA CU CL.I-VIII. ""PETOFI SANDOR""TG.SE / CV",83,direct_whole_name_match,140,"SCOALA GENERALA CU CL.I-VIII. ""PETOFI SANDOR""TG.SE"
CV,SCOALA GENERALA CU CL.I-VIII. NR.1     GHELINTA / CV,21,direct_whole_name_match,147,SCOALA GENERALA CU CL.I-VIII. NR.1     GHELINTA
CV,SCOALA GENERALA CU CL.I-VIII. NR.1     LEMNIA / CV,3,direct_whole_name_match,148,SCOALA GENERALA CU CL.I-VIII. NR.1     LEMNIA
CV,SCOALA GENERALA CU CL.I-VIII. NR.1     LET / CV,1,direct_whole_name_match,127,SCOALA GENERALA CU CL.I-VIII. NR.1     LET
CV,SCOALA GENERALA CU CL.I-VIII. NR.1     ZABALA / CV,13,direct_whole_name_match,169,SCOALA GENERALA CU CL.I-VIII. NR.1     ZABALA
CV,SCOALA GENERALA CU CL.I-VIII. NR.1    INT.BUZAULUI / CV,55,direct_whole_name_match,174,SCOALA GENERALA CU CL.I-VIII. NR.1    INT.BUZAULUI
CV,SCOALA GENERALA CU CL.I-VIII. NR.1   SITA BUZAULUI / CV,10,direct_whole_name_match,178,SCOALA GENERALA CU CL.I-VIII. NR.1   SITA BUZAULUI
CV,SCOALA GENERALA CU CL.I-VIII. NR.2     LEMNIA / CV,6,direct_whole_name_match,149,SCOALA GENERALA CU CL.I-VIII. NR.2     LEMNIA
CV,SCOALA GENERALA CU CL.I-VIII. NR.3   SITA BUZAULUI / CV,6,direct_whole_name_match,177,SCOALA GENERALA CU CL.I-VIII. NR.3   SITA BUZAULUI
CV,"SCOALA GENERALA CU CL.I-VIII.""AVRAM IANCU"" COVASNA / CV",42,direct_whole_name_match,163,"SCOALA GENERALA CU CL.I-VIII.""AVRAM IANCU"" COVASNA"
CV,"SCOALA GENERALA CU CL.I-VIII.""BARTALIS "" BIBORTENI / CV",3,direct_whole_name_match,189,"SCOALA GENERALA CU CL.I-VIII.""BARTALIS "" BIBORTENI"
CV,"SCOALA GENERALA CU CL.I-VIII.""BENEDEK ELEK"" BATANI / CV",10,direct_whole_name_match,187,"SCOALA GENERALA CU CL.I-VIII.""BENEDEK ELEK"" BATANI"
CV,"SCOALA GENERALA CU CL.I-VIII.""BENKO JOZSEF"" BRADUT / CV",15,direct_whole_name_match,190,"SCOALA GENERALA CU CL.I-VIII.""BENKO JOZSEF"" BRADUT"
CV,"SCOALA GENERALA CU CL.I-VIII.""BOLONI F. S."" BELIN / CV",7,direct_whole_name_match,188,"SCOALA GENERALA CU CL.I-VIII.""BOLONI F. S."" BELIN"
CV,"SCOALA GENERALA CU CL.I-VIII.""BORBATH K."" VARHIS / CV",18,direct_whole_name_match,195,"SCOALA GENERALA CU CL.I-VIII.""BORBATH K."" VARHIS"
CV,"SCOALA GENERALA CU CL.I-VIII.""CETCZ J."" GHIDFALAU / CV",3,direct_whole_name_match,124,"SCOALA GENERALA CU CL.I-VIII.""CETCZ J."" GHIDFALAU"
CV,"SCOALA GENERALA CU CL.I-VIII.""DR.GELEI J."" ARCUS / CV",2,direct_whole_name_match,116,"SCOALA GENERALA CU CL.I-VIII.""DR.GELEI J."" ARCUS"
CV,"SCOALA GENERALA CU CL.I-VIII.""GAAL MOZES"" BARAOLT / CV",77,direct_whole_name_match,185,"SCOALA GENERALA CU CL.I-VIII.""GAAL MOZES"" BARAOLT"
CV,"SCOALA GENERALA CU CL.I-VIII.""LUKACS LASZLO""ILIENI / CV",6,direct_whole_name_match,126,"SCOALA GENERALA CU CL.I-VIII.""LUKACS LASZLO""ILIENI"
CV,"SCOALA GENERALA CU CL.I-VIII.""MATHE J.""  HERCULIAN / CV",4,direct_whole_name_match,193,"SCOALA GENERALA CU CL.I-VIII.""MATHE J.""  HERCULIAN"
CV,"SCOALA GENERALA CU CL.I-VIII.""MOLNAR JOZSIAS""TG.SE / CV",30,direct_whole_name_match,138,"SCOALA GENERALA CU CL.I-VIII.""MOLNAR JOZSIAS""TG.SE"
CV,"SCOALA GENERALA CU CL.I-VIII.""TATRANGI S."" OZUN / CV",6,direct_whole_name_match,132,"SCOALA GENERALA CU CL.I-VIII.""TATRANGI S."" OZUN"
CV,"SCOALA GENERALA CU CL.I-VIII.""TUROCZI MOZES"" TG.SE / CV",67,direct_whole_name_match,139,"SCOALA GENERALA CU CL.I-VIII.""TUROCZI MOZES"" TG.SE"
CV,"SCOALA GENERALA CU CL.I-VIII.""VEGH ANTAL""   CERNAT / CV",9,direct_whole_name_match,144,"SCOALA GENERALA CU CL.I-VIII.""VEGH ANTAL""   CERNAT"
CV,SCOALA GENERALA CU CL.I-VIII.BALINT GABOR CATALINA / CV,3,direct_whole_name_match,143,SCOALA GENERALA CU CL.I-VIII.BALINT GABOR CATALINA
CV,SCOALA GENERALA CU CL.I-VIII.KRIZA JANOS AITA MARE / CV,4,direct_whole_name_match,181,SCOALA GENERALA CU CL.I-VIII.KRIZA JANOS AITA MARE
CV,SCOALA GENERALA CU CL.I-VIII.NR.1      BIXAD / CV,1,direct_whole_name_match,118,SCOALA GENERALA CU CL.I-VIII.NR.1      BIXAD
CV,SCOALA GENERALA CU CLASELE I-VIII BOLOVANIS / BC,1,outside_county_origin,,
CV,SCOALA GENERALA CU CLASELE I-VIII CORNII DE SUS / BC,1,outside_county_origin,,
CV,SCOALA GENERALA CU CLASELE I-VIII RACHITIS / BC,2,outside_county_origin,,
CV,SCOALA GENERALA LUNCA CALNICULUI / BV,2,outside_county_origin,,
CV,"SCOALA GENERALA NR 1 ""TOMPA LASZLO"" ODORHEI / HR",1,outside_county_origin,,
CV,SCOALA GENERALA NR 1 FAGARAS / BV,2,outside_county_origin,,
CV,SCOALA GENERALA NR 1 SACELE / BV,1,outside_county_origin,,
CV,SCOALA GENERALA NR 27 BRASOV / BV,1,outside_county_origin,,
CV,SCOALA GENERALA ORMENIS / BV,1,outside_county_origin,,
CV,SCOALA GENERALA PREJMER / BV,2,outside_county_origin,,
CV,SCOALA GENERALA RACOS / BV,2,outside_county_origin,,
CV,SCOALA GENERALA VAMA BUZAULUI / BV,9,outside_county_origin,,
DB,GRUP SCOLAR AGRICOL NUCET / DB,7,direct_whole_name_match,312,GRUP SCOLAR AGRICOL NUCET
DB,GRUP SCOLAR IND.RUCAR / AG,1,outside_county_origin,,
DB,GRUP SCOLAR INDUSTRIAL STOINA / GJ,1,outside_county_origin,,
DB,"GRUPUL SC.AGROMONTAN ""ROMEO CONSTANTINESCU"" VALENI / PH",1,outside_county_origin,,
DB,LICEUL DE MUZICA SI ARTE PLASTICE TIRGOVISTE / DB,25,direct_whole_name_match,322,LICEUL DE MUZICA SI ARTE PLASTICE TIRGOVISTE
DB,LICEUL TEORETIC BALENI / DB,37,direct_whole_name_match,287,LICEUL TEORETIC BALENI
DB,LICEUL TEORETIC VISINA / DB,25,direct_whole_name_match,290,LICEUL TEORETIC VISINA
DB,SC. CLS  I-VIII FIENI NR 1 CLS / DB,58,direct_whole_name_match,317,SC. CLS  I-VIII FIENI NR 1 CLS
DB,"SC. CLS. I-VIII ""IOSIF GABREA"" VALENI DIMBOVITA / DB",4,direct_whole_name_match,276,"SC. CLS. I-VIII ""IOSIF GABREA"" VALENI DIMBOVITA"
DB,SC. CLS. I-VIII ADINCA GURA OCNITEI / DB,14,direct_whole_name_match,205,SC. CLS. I-VIII ADINCA GURA OCNITEI
DB,SC. CLS. I-VIII ANINOASA / DB,4,direct_whole_name_match,107,SC. CLS. I-VIII ANINOASA
DB,SC. CLS. I-VIII BADENI RUNCU / DB,2,direct_whole_name_match,256,SC. CLS. I-VIII BADENI RUNCU
DB,SC. CLS. I-VIII BADULESTI CRINGURILE / DB,6,direct_whole_name_match,185,SC. CLS. I-VIII BADULESTI CRINGURILE
DB,SC. CLS. I-VIII BALTENI CONTESTI / DB,2,direct_whole_name_match,172,SC. CLS. I-VIII BALTENI CONTESTI
DB,SC. CLS. I-VIII BARBULETU / DB,13,direct_whole_name_match,150,SC. CLS. I-VIII BARBULETU
DB,SC. CLS. I-VIII BILCIURESTI / DB,5,direct_whole_name_match,156,SC. CLS. I-VIII BILCIURESTI
DB,SC. CLS. I-VIII BILDANA TARTASESTI / DB,5,direct_whole_name_match,304,SC. CLS. I-VIII BILDANA TARTASESTI
DB,SC. CLS. I-VIII BRANESTI / DB,37,direct_whole_name_match,141,SC. CLS. I-VIII BRANESTI
DB,SC. CLS. I-VIII BRANISTEA / DB,9,direct_whole_name_match,147,SC. CLS. I-VIII BRANISTEA
DB,SC. CLS. I-VIII BREZOAELE / DB,12,direct_whole_name_match,299,SC. CLS. I-VIII BREZOAELE
DB,SC. CLS. I-VIII BREZOAIA BREZOAELE / DB,5,direct_whole_name_match,298,SC. CLS. I-VIII BREZOAIA BREZOAELE
DB,SC. CLS. I-VIII BROSTENI VISINA / DB,1,direct_whole_name_match,277,SC. CLS. I-VIII BROSTENI VISINA
DB,SC. CLS. I-VIII BUCIUMENI / DB,18,direct_whole_name_match,157,SC. CLS. I-VIII BUCIUMENI
DB,SC. CLS. I-VIII BUCSANI / DB,34,direct_whole_name_match,159,SC. CLS. I-VIII BUCSANI
DB,SC. CLS. I-VIII BUNGETU VACARESTI / DB,12,direct_whole_name_match,274,SC. CLS. I-VIII BUNGETU VACARESTI
DB,SC. CLS. I-VIII BURDUCA DRAGODANA / DB,11,direct_whole_name_match,193,SC. CLS. I-VIII BURDUCA DRAGODANA
DB,SC. CLS. I-VIII BUTOIU DE JOS / DB,6,direct_whole_name_match,210,SC. CLS. I-VIII BUTOIU DE JOS
DB,SC. CLS. I-VIII BUTOIU DE SUS / DB,2,direct_whole_name_match,211,SC. CLS. I-VIII BUTOIU DE SUS
DB,SC. CLS. I-VIII CAPRIORU TATARANI / DB,10,direct_whole_name_match,264,SC. CLS. I-VIII CAPRIORU TATARANI
DB,SC. CLS. I-VIII CAPSUNA COBIA / DB,17,direct_whole_name_match,166,SC. CLS. I-VIII CAPSUNA COBIA
DB,SC. CLS. I-VIII CATUNU CORNESTI / DB,2,direct_whole_name_match,181,SC. CLS. I-VIII CATUNU CORNESTI
DB,SC. CLS. I-VIII CAZACI NUCET / DB,25,direct_whole_name_match,238,SC. CLS. I-VIII CAZACI NUCET
DB,SC. CLS. I-VIII CINDESTI DEAL / DB,2,direct_whole_name_match,163,SC. CLS. I-VIII CINDESTI DEAL
DB,SC. CLS. I-VIII CINDESTI VALE / DB,4,direct_whole_name_match,162,SC. CLS. I-VIII CINDESTI VALE
DB,SC. CLS. I-VIII COJASCA / DB,1,direct_whole_name_match,167,SC. CLS. I-VIII COJASCA
DB,SC. CLS. I-VIII COJOCARU MOGOSANI / DB,7,direct_whole_name_match,233,SC. CLS. I-VIII COJOCARU MOGOSANI
DB,SC. CLS. I-VIII COLACU RACARI / DB,5,direct_whole_name_match,252,SC. CLS. I-VIII COLACU RACARI
DB,SC. CLS. I-VIII COLANU ULMI / DB,2,direct_whole_name_match,119,SC. CLS. I-VIII COLANU ULMI
DB,SC. CLS. I-VIII COLIBASI IEDERA / DB,2,direct_whole_name_match,135,SC. CLS. I-VIII COLIBASI IEDERA
DB,SC. CLS. I-VIII COMISANI / DB,18,direct_whole_name_match,169,SC. CLS. I-VIII COMISANI
DB,SC. CLS. I-VIII CONTESTI NR 1 / DB,9,direct_whole_name_match,171,SC. CLS. I-VIII CONTESTI NR 1
DB,SC. CLS. I-VIII CORBII MARI / DB,8,direct_whole_name_match,173,SC. CLS. I-VIII CORBII MARI
DB,SC. CLS. I-VIII CORNATEL / DB,1,direct_whole_name_match,177,SC. CLS. I-VIII CORNATEL
DB,SC. CLS. I-VIII CORNESTI / DB,1,direct_whole_name_match,180,SC. CLS. I-VIII CORNESTI
DB,SC. CLS. I-VIII COSTESTI VALE / DB,5,direct_whole_name_match,183,SC. CLS. I-VIII COSTESTI VALE
DB,SC. CLS. I-VIII CRETULESTI MATASARU / DB,8,direct_whole_name_match,229,SC. CLS. I-VIII CRETULESTI MATASARU
DB,SC. CLS. I-VIII CROITORI ULIESTI / DB,10,direct_whole_name_match,268,SC. CLS. I-VIII CROITORI ULIESTI
DB,SC. CLS. I-VIII CROVU ODOBESTI / DB,8,direct_whole_name_match,241,SC. CLS. I-VIII CROVU ODOBESTI
DB,SC. CLS. I-VIII DARMANESTI / DB,12,direct_whole_name_match,187,SC. CLS. I-VIII DARMANESTI
DB,SC. CLS. I-VIII DECINDENI DRAGOMIRESTI / DB,7,direct_whole_name_match,197,SC. CLS. I-VIII DECINDENI DRAGOMIRESTI
DB,SC. CLS. I-VIII DIMBOVICIOARA BRANISTE / DB,4,direct_whole_name_match,148,SC. CLS. I-VIII DIMBOVICIOARA BRANISTE
DB,SC. CLS. I-VIII DOBRA / DB,13,direct_whole_name_match,190,SC. CLS. I-VIII DOBRA
DB,SC. CLS. I-VIII DRAGAESTI PAMINTENI / DB,14,direct_whole_name_match,227,SC. CLS. I-VIII DRAGAESTI PAMINTENI
DB,SC. CLS. I-VIII DRAGODANA / DB,8,direct_whole_name_match,192,SC. CLS. I-VIII DRAGODANA
DB,SC. CLS. I-VIII DRAGODANESTI CINDESTI / DB,19,direct_whole_name_match,164,SC. CLS. I-VIII DRAGODANESTI CINDESTI
DB,SC. CLS. I-VIII DRAGOMIRESTI / DB,7,direct_whole_name_match,196,SC. CLS. I-VIII DRAGOMIRESTI
DB,SC. CLS. I-VIII FIERBINTI SELARU / DB,9,direct_whole_name_match,261,SC. CLS. I-VIII FIERBINTI SELARU
DB,SC. CLS. I-VIII FINTA / DB,4,direct_whole_name_match,200,SC. CLS. I-VIII FINTA
DB,SC. CLS. I-VIII FRASIN CORNESTI / DB,4,direct_whole_name_match,182,SC. CLS. I-VIII FRASIN CORNESTI
DB,SC. CLS. I-VIII GEMENEA BRATULESTI / DB,10,direct_whole_name_match,282,SC. CLS. I-VIII GEMENEA BRATULESTI
DB,SC. CLS. I-VIII GHEBOAIA FINTA / DB,9,direct_whole_name_match,201,SC. CLS. I-VIII GHEBOAIA FINTA
DB,SC. CLS. I-VIII GHEBOIENI TATARANI / DB,13,direct_whole_name_match,265,SC. CLS. I-VIII GHEBOIENI TATARANI
DB,SC. CLS. I-VIII GHERGANI RACARI / DB,8,direct_whole_name_match,253,SC. CLS. I-VIII GHERGANI RACARI
DB,SC. CLS. I-VIII GHERGHESTI PETRESTI / DB,12,direct_whole_name_match,128,SC. CLS. I-VIII GHERGHESTI PETRESTI
DB,SC. CLS. I-VIII GHERGHITESTI COBIA / DB,7,direct_whole_name_match,165,SC. CLS. I-VIII GHERGHITESTI COBIA
DB,SC. CLS. I-VIII GHIMPATI RACARI / DB,2,direct_whole_name_match,254,SC. CLS. I-VIII GHIMPATI RACARI
DB,SC. CLS. I-VIII GHINESTI SALCIOARA / DB,1,direct_whole_name_match,257,SC. CLS. I-VIII GHINESTI SALCIOARA
DB,"SC. CLS. I-VIII GLODENI ""BUICA IONESCU"" / DB",21,direct_whole_name_match,202,"SC. CLS. I-VIII GLODENI ""BUICA IONESCU"""
DB,SC. CLS. I-VIII GLOGOVEANU SELARU / DB,4,direct_whole_name_match,262,SC. CLS. I-VIII GLOGOVEANU SELARU
DB,"SC. CLS. I-VIII GORGOTA  ""ION HARALAMBIE"" VALEA LU / DB",7,direct_whole_name_match,271,"SC. CLS. I-VIII GORGOTA  ""ION HARALAMBIE"" VALEA LU"
DB,SC. CLS. I-VIII GORGOTA RAZVAD / DB,9,direct_whole_name_match,113,SC. CLS. I-VIII GORGOTA RAZVAD
DB,SC. CLS. I-VIII GRECI PETRESTI / DB,11,direct_whole_name_match,129,SC. CLS. I-VIII GRECI PETRESTI
DB,SC. CLS. I-VIII GROZAVESTI NR 1 CORBII MARI / DB,1,direct_whole_name_match,174,SC. CLS. I-VIII GROZAVESTI NR 1 CORBII MARI
DB,SC. CLS. I-VIII GULIA TARTASESTI / DB,1,direct_whole_name_match,305,SC. CLS. I-VIII GULIA TARTASESTI
DB,SC. CLS. I-VIII GURA BARBULETULUI / DB,9,direct_whole_name_match,149,SC. CLS. I-VIII GURA BARBULETULUI
DB,SC. CLS. I-VIII GURA FOII / DB,17,direct_whole_name_match,126,SC. CLS. I-VIII GURA FOII
DB,SC. CLS. I-VIII GURA OCNITEI / DB,30,direct_whole_name_match,204,SC. CLS. I-VIII GURA OCNITEI
DB,SC. CLS. I-VIII GURA SUTII / DB,15,direct_whole_name_match,207,SC. CLS. I-VIII GURA SUTII
DB,SC. CLS. I-VIII GURA VULCANEI BRANESTI / DB,19,direct_whole_name_match,142,SC. CLS. I-VIII GURA VULCANEI BRANESTI
DB,SC. CLS. I-VIII HABENI BUCSANI / DB,9,direct_whole_name_match,160,SC. CLS. I-VIII HABENI BUCSANI
DB,SC. CLS. I-VIII HULUBESTI  NR1 / DB,5,direct_whole_name_match,209,SC. CLS. I-VIII HULUBESTI  NR1
DB,SC. CLS. I-VIII IEDERA DE JOS / DB,15,direct_whole_name_match,134,SC. CLS. I-VIII IEDERA DE JOS
DB,SC. CLS. I-VIII IONESTI PETRESTI / DB,10,direct_whole_name_match,130,SC. CLS. I-VIII IONESTI PETRESTI
DB,SC. CLS. I-VIII JUGURENI ULIESTI / DB,9,direct_whole_name_match,269,SC. CLS. I-VIII JUGURENI ULIESTI
DB,SC. CLS. I-VIII LACULETE GLODENI / DB,8,direct_whole_name_match,203,SC. CLS. I-VIII LACULETE GLODENI
DB,SC. CLS. I-VIII LAZURI COMISANI / DB,10,direct_whole_name_match,170,SC. CLS. I-VIII LAZURI COMISANI
DB,SC. CLS. I-VIII LUCIENI / DB,17,direct_whole_name_match,215,SC. CLS. I-VIII LUCIENI
DB,SC. CLS. I-VIII MAGURA BEZDEAD / DB,8,direct_whole_name_match,155,SC. CLS. I-VIII MAGURA BEZDEAD
DB,SC. CLS. I-VIII MALU CU FLORI / DB,5,direct_whole_name_match,224,SC. CLS. I-VIII MALU CU FLORI
DB,SC. CLS. I-VIII MANESTI / DB,11,direct_whole_name_match,226,SC. CLS. I-VIII MANESTI
DB,SC. CLS. I-VIII MARCESTI DOBRA / DB,14,direct_whole_name_match,191,SC. CLS. I-VIII MARCESTI DOBRA
DB,SC. CLS. I-VIII MARGINENII DE SUS / DB,11,direct_whole_name_match,188,SC. CLS. I-VIII MARGINENII DE SUS
DB,SC. CLS. I-VIII MATASARU / DB,6,direct_whole_name_match,230,SC. CLS. I-VIII MATASARU
DB,SC. CLS. I-VIII MIRCEA VODA SALCIOARA / DB,2,direct_whole_name_match,258,SC. CLS. I-VIII MIRCEA VODA SALCIOARA
DB,SC. CLS. I-VIII MIULESTI ODOBESTI / DB,2,direct_whole_name_match,242,SC. CLS. I-VIII MIULESTI ODOBESTI
DB,SC. CLS. I-VIII MOGOSANI / DB,13,direct_whole_name_match,232,SC. CLS. I-VIII MOGOSANI
DB,SC. CLS. I-VIII MOROIENI / DB,18,direct_whole_name_match,234,SC. CLS. I-VIII MOROIENI
DB,SC. CLS. I-VIII MORTENI / DB,24,direct_whole_name_match,236,SC. CLS. I-VIII MORTENI
DB,SC. CLS. I-VIII MOTAIENI / DB,9,direct_whole_name_match,121,SC. CLS. I-VIII MOTAIENI
DB,SC. CLS. I-VIII N1  TIRGOVISTE / DB,44,direct_whole_name_match,101,SC. CLS. I-VIII N1  TIRGOVISTE
DB,SC. CLS. I-VIII N1 BEZDEAD / DB,8,direct_whole_name_match,153,SC. CLS. I-VIII N1 BEZDEAD
DB,SC. CLS. I-VIII N1 DOICESTI / DB,11,direct_whole_name_match,110,SC. CLS. I-VIII N1 DOICESTI
DB,SC. CLS. I-VIII N1 GAIESTI / DB,12,direct_whole_name_match,122,SC. CLS. I-VIII N1 GAIESTI
DB,SC. CLS. I-VIII N1 GHIRDOVENI / DB,17,direct_whole_name_match,212,SC. CLS. I-VIII N1 GHIRDOVENI
DB,SC. CLS. I-VIII N1 I.L. CARAGIALE / DB,30,direct_whole_name_match,214,SC. CLS. I-VIII N1 I.L. CARAGIALE
DB,SC. CLS. I-VIII N1 LUNGULETU / DB,10,direct_whole_name_match,221,SC. CLS. I-VIII N1 LUNGULETU
DB,SC. CLS. I-VIII N1 MORENI / DB,57,direct_whole_name_match,131,SC. CLS. I-VIII N1 MORENI
DB,SC. CLS. I-VIII N1 PICIOR DE MUNTE   PAUNEI / DB,17,direct_whole_name_match,194,SC. CLS. I-VIII N1 PICIOR DE MUNTE   PAUNEI
DB,SC. CLS. I-VIII N1 PUCIOASA / DB,55,direct_whole_name_match,136,SC. CLS. I-VIII N1 PUCIOASA
DB,SC. CLS. I-VIII N1 SOTINGA / DB,22,direct_whole_name_match,115,SC. CLS. I-VIII N1 SOTINGA
DB,SC. CLS. I-VIII N1 TITU / DB,94,direct_whole_name_match,145,SC. CLS. I-VIII N1 TITU
DB,"SC. CLS. I-VIII N2  "" VASILE VOICULESCU"" BEZDEAD / DB",6,direct_whole_name_match,154,"SC. CLS. I-VIII N2  "" VASILE VOICULESCU"" BEZDEAD"
DB,"SC. CLS. I-VIII N2 ""I.AL-BRATESCU VOINESTI "" / DB",137,direct_whole_name_match,102,"SC. CLS. I-VIII N2 ""I.AL-BRATESCU VOINESTI """
DB,SC. CLS. I-VIII N2 GAIESTI / DB,13,direct_whole_name_match,123,SC. CLS. I-VIII N2 GAIESTI
DB,SC. CLS. I-VIII N2 GHIRDOVENI / DB,8,direct_whole_name_match,213,SC. CLS. I-VIII N2 GHIRDOVENI
DB,SC. CLS. I-VIII N2 LUNGULETU / DB,11,direct_whole_name_match,222,SC. CLS. I-VIII N2 LUNGULETU
DB,SC. CLS. I-VIII N2 MORENI(SCHELA MARE) / DB,10,direct_whole_name_match,132,SC. CLS. I-VIII N2 MORENI(SCHELA MARE)
DB,SC. CLS. I-VIII N2 PICIOR DE MUNTE    BOBOCI / DB,25,direct_whole_name_match,195,SC. CLS. I-VIII N2 PICIOR DE MUNTE    BOBOCI
DB,SC. CLS. I-VIII N2 PUCIOASA / DB,9,direct_whole_name_match,137,SC. CLS. I-VIII N2 PUCIOASA
DB,SC. CLS. I-VIII N2 SOTINGA / DB,5,direct_whole_name_match,116,SC. CLS. I-VIII N2 SOTINGA
DB,SC. CLS. I-VIII N2 TITU / DB,18,direct_whole_name_match,144,SC. CLS. I-VIII N2 TITU
DB,"SC. CLS. I-VIII N3 "" SMARANDA GHEORGHIU"" TIRGOVIST / DB",71,direct_whole_name_match,103,"SC. CLS. I-VIII N3 "" SMARANDA GHEORGHIU"" TIRGOVIST"
DB,SC. CLS. I-VIII N3 DOICESTI / DB,34,direct_whole_name_match,111,SC. CLS. I-VIII N3 DOICESTI
DB,SC. CLS. I-VIII N3 GAIESTI / DB,91,direct_whole_name_match,124,SC. CLS. I-VIII N3 GAIESTI
DB,SC. CLS. I-VIII N3 MORENI / DB,92,direct_whole_name_match,133,SC. CLS. I-VIII N3 MORENI
DB,SC. CLS. I-VIII N3 PUCIOASA / DB,12,direct_whole_name_match,138,SC. CLS. I-VIII N3 PUCIOASA
DB,"SC. CLS. I-VIII N4 ""ELENA DONICI CANTACUZINO"" PUCI / DB",64,direct_whole_name_match,139,"SC. CLS. I-VIII N4 ""ELENA DONICI CANTACUZINO"" PUCI"
DB,"SC. CLS. I-VIII N4 ""ELENA VACARESCU"" TIRGOVISTE / DB",10,direct_whole_name_match,104,"SC. CLS. I-VIII N4 ""ELENA VACARESCU"" TIRGOVISTE"
DB,SC. CLS. I-VIII N4 MORENI / DB,119,direct_whole_name_match,320,SC. CLS. I-VIII N4 MORENI
DB,"SC. CLS. I-VIII N5 "" CORESI  TIRGOVISTE / DB",151,direct_whole_name_match,105,"SC. CLS. I-VIII N5 "" CORESI  TIRGOVISTE"
DB,SC. CLS. I-VIII N5 PUCIOASA / DB,4,direct_whole_name_match,140,SC. CLS. I-VIII N5 PUCIOASA
DB,SC. CLS. I-VIII N6  TIRGOVISTE / DB,108,direct_whole_name_match,313,SC. CLS. I-VIII N6  TIRGOVISTE
DB,SC. CLS. I-VIII N6 GAIESTI / DB,116,direct_whole_name_match,125,SC. CLS. I-VIII N6 GAIESTI
DB,SC. CLS. I-VIII N8  TIRGOVISTE / DB,164,direct_whole_name_match,106,SC. CLS. I-VIII N8  TIRGOVISTE
DB,"SC. CLS. I-VIII N9  TIRGOVISTE  "" GR. ALEXANDRESCU / DB",97,direct_whole_name_match,319,"SC. CLS. I-VIII N9  TIRGOVISTE  "" GR. ALEXANDRESCU"
DB,SC. CLS. I-VIII NR.10 TIRGOVISTE / DB,78,direct_whole_name_match,314,SC. CLS. I-VIII NR.10 TIRGOVISTE
DB,SC. CLS. I-VIII NR.11 TIRGOVISTE / DB,75,direct_whole_name_match,316,SC. CLS. I-VIII NR.11 TIRGOVISTE
DB,SC. CLS. I-VIII NR.12 TIRGOVISTE / DB,77,direct_whole_name_match,321,SC. CLS. I-VIII NR.12 TIRGOVISTE
DB,"SC. CLS. I-VIII NR.13 ""MATEI BASARAB"" TIRGOVISTE / DB",92,direct_whole_name_match,324,"SC. CLS. I-VIII NR.13 ""MATEI BASARAB"" TIRGOVISTE"
DB,SC. CLS. I-VIII NUCET / DB,8,direct_whole_name_match,237,SC. CLS. I-VIII NUCET
DB,SC. CLS. I-VIII OCNITA NR 1 / DB,19,direct_whole_name_match,239,SC. CLS. I-VIII OCNITA NR 1
DB,SC. CLS. I-VIII ODOBESTI / DB,3,direct_whole_name_match,240,SC. CLS. I-VIII ODOBESTI
DB,SC. CLS. I-VIII PATROAIA VALE / DB,1,direct_whole_name_match,186,SC. CLS. I-VIII PATROAIA VALE
DB,SC. CLS. I-VIII PETRESTI / DB,11,direct_whole_name_match,127,SC. CLS. I-VIII PETRESTI
DB,SC. CLS. I-VIII PETRESTI CORBII MARI / DB,3,direct_whole_name_match,175,SC. CLS. I-VIII PETRESTI CORBII MARI
DB,SC. CLS. I-VIII PIERSINARI VACARESTI / DB,13,direct_whole_name_match,275,SC. CLS. I-VIII PIERSINARI VACARESTI
DB,SC. CLS. I-VIII PIETRARI / DB,13,direct_whole_name_match,151,SC. CLS. I-VIII PIETRARI
DB,"SC. CLS. I-VIII PIETROSITA  "" SF. NICOLAE"" / DB",7,direct_whole_name_match,243,"SC. CLS. I-VIII PIETROSITA  "" SF. NICOLAE"""
DB,SC. CLS. I-VIII POIANA NR1 / DB,13,direct_whole_name_match,245,SC. CLS. I-VIII POIANA NR1
DB,SC. CLS. I-VIII POROINICA MATASARU / DB,10,direct_whole_name_match,231,SC. CLS. I-VIII POROINICA MATASARU
DB,SC. CLS. I-VIII POTLOGI / DB,8,direct_whole_name_match,246,SC. CLS. I-VIII POTLOGI
DB,SC. CLS. I-VIII PRIBOIU TATARANI / DB,4,direct_whole_name_match,266,SC. CLS. I-VIII PRIBOIU TATARANI
DB,SC. CLS. I-VIII PRODULESTI / DB,8,direct_whole_name_match,249,SC. CLS. I-VIII PRODULESTI
DB,SC. CLS. I-VIII PUCHENI / DB,11,direct_whole_name_match,250,SC. CLS. I-VIII PUCHENI
DB,SC. CLS. I-VIII RACARI / DB,12,direct_whole_name_match,251,SC. CLS. I-VIII RACARI
DB,SC. CLS. I-VIII RACIU LUCIENI / DB,16,direct_whole_name_match,216,SC. CLS. I-VIII RACIU LUCIENI
DB,SC. CLS. I-VIII RACOVITA BUCSANI / DB,7,direct_whole_name_match,161,SC. CLS. I-VIII RACOVITA BUCSANI
DB,SC. CLS. I-VIII RASCAIETI VISINA / DB,15,direct_whole_name_match,278,SC. CLS. I-VIII RASCAIETI VISINA
DB,SC. CLS. I-VIII RAZVAD NR1 / DB,30,direct_whole_name_match,112,SC. CLS. I-VIII RAZVAD NR1
DB,SC. CLS. I-VIII RINCACIOV DRAGOMIRESTI / DB,8,direct_whole_name_match,198,SC. CLS. I-VIII RINCACIOV DRAGOMIRESTI
DB,SC. CLS. I-VIII RIU ALB DE JOS / DB,6,direct_whole_name_match,152,SC. CLS. I-VIII RIU ALB DE JOS
DB,SC. CLS. I-VIII RUNCU / DB,19,direct_whole_name_match,255,SC. CLS. I-VIII RUNCU
DB,SC. CLS. I-VIII SACUIENI GURA OCN. / DB,6,direct_whole_name_match,206,SC. CLS. I-VIII SACUIENI GURA OCN.
DB,SC. CLS. I-VIII SALCIOARA / DB,9,direct_whole_name_match,259,SC. CLS. I-VIII SALCIOARA
DB,SC. CLS. I-VIII SALCUTA TITU / DB,4,direct_whole_name_match,146,SC. CLS. I-VIII SALCUTA TITU
DB,SC. CLS. I-VIII SATENI  ANINOASA / DB,8,direct_whole_name_match,108,SC. CLS. I-VIII SATENI  ANINOASA
DB,SC. CLS. I-VIII SCHEIU DE JOS LUDESTI / DB,6,direct_whole_name_match,218,SC. CLS. I-VIII SCHEIU DE JOS LUDESTI
DB,SC. CLS. I-VIII SCHEIU DE SUS LUDESTI / DB,3,direct_whole_name_match,219,SC. CLS. I-VIII SCHEIU DE SUS LUDESTI
DB,SC. CLS. I-VIII SERDANU LUNGULETU / DB,5,direct_whole_name_match,223,SC. CLS. I-VIII SERDANU LUNGULETU
DB,SC. CLS. I-VIII SLOBOZIA MOARA / DB,7,direct_whole_name_match,308,SC. CLS. I-VIII SLOBOZIA MOARA
DB,SC. CLS. I-VIII SPERIETENI GURA SUTII / DB,7,direct_whole_name_match,208,SC. CLS. I-VIII SPERIETENI GURA SUTII
DB,SC. CLS. I-VIII SUDULENI VOINESTI / DB,9,direct_whole_name_match,283,SC. CLS. I-VIII SUDULENI VOINESTI
DB,SC. CLS. I-VIII SUTA SEACA LUCIENI / DB,3,direct_whole_name_match,217,SC. CLS. I-VIII SUTA SEACA LUCIENI
DB,SC. CLS. I-VIII TARTASESTI / DB,5,direct_whole_name_match,303,SC. CLS. I-VIII TARTASESTI
DB,SC. CLS. I-VIII TATARANI / DB,10,direct_whole_name_match,263,SC. CLS. I-VIII TATARANI
DB,SC. CLS. I-VIII TEIS SOTINGA / DB,16,direct_whole_name_match,117,SC. CLS. I-VIII TEIS SOTINGA
DB,SC. CLS. I-VIII TELESTI LUDESTI / DB,20,direct_whole_name_match,220,SC. CLS. I-VIII TELESTI LUDESTI
DB,SC. CLS. I-VIII TOMSANI  COSTESTI VALE / DB,5,direct_whole_name_match,184,SC. CLS. I-VIII TOMSANI  COSTESTI VALE
DB,SC. CLS. I-VIII ULIESTI / DB,6,direct_whole_name_match,267,SC. CLS. I-VIII ULIESTI
DB,SC. CLS. I-VIII ULMI / DB,5,direct_whole_name_match,118,SC. CLS. I-VIII ULMI
DB,SC. CLS. I-VIII UNGURENI / DB,11,direct_whole_name_match,228,SC. CLS. I-VIII UNGURENI
DB,SC. CLS. I-VIII UNGURENI CORBII MARI / DB,13,direct_whole_name_match,176,SC. CLS. I-VIII UNGURENI CORBII MARI
DB,SC. CLS. I-VIII UNGURENI DRAGOMIRESTI / DB,3,direct_whole_name_match,199,SC. CLS. I-VIII UNGURENI DRAGOMIRESTI
DB,"SC. CLS. I-VIII VACARESTI ""IANCU VACARESCU"" / DB",19,direct_whole_name_match,273,"SC. CLS. I-VIII VACARESTI ""IANCU VACARESCU"""
DB,SC. CLS. I-VIII VALEA LEURZII BUCIUM. / DB,5,direct_whole_name_match,158,SC. CLS. I-VIII VALEA LEURZII BUCIUM.
DB,SC. CLS. I-VIII VALEA LUNGA CRICOV / DB,16,direct_whole_name_match,270,SC. CLS. I-VIII VALEA LUNGA CRICOV
DB,SC. CLS. I-VIII VALEA MARE / DB,9,direct_whole_name_match,272,SC. CLS. I-VIII VALEA MARE
DB,SC. CLS. I-VIII VALEA VOIEVOZILOR / DB,9,direct_whole_name_match,114,SC. CLS. I-VIII VALEA VOIEVOZILOR
DB,SC. CLS. I-VIII VIFORITA / DB,11,direct_whole_name_match,109,SC. CLS. I-VIII VIFORITA
DB,SC. CLS. I-VIII VIISOARA ULMI / DB,4,direct_whole_name_match,120,SC. CLS. I-VIII VIISOARA ULMI
DB,SC. CLS. I-VIII VIRFURI / DB,13,direct_whole_name_match,280,SC. CLS. I-VIII VIRFURI
DB,SC. CLS. I-VIII VISINESTI / DB,7,direct_whole_name_match,279,SC. CLS. I-VIII VISINESTI
DB,SC. CLS. I-VIII VIZURESTI CIOCANESTI / DB,1,direct_whole_name_match,311,SC. CLS. I-VIII VIZURESTI CIOCANESTI
DB,SC. CLS. I-VIII VLADENI DARMANESTI / DB,9,direct_whole_name_match,189,SC. CLS. I-VIII VLADENI DARMANESTI
DB,SC. CLS. I-VIII VOINESTI / DB,25,direct_whole_name_match,281,SC. CLS. I-VIII VOINESTI
DB,SC. CLS. I-VIII VULCANA BAI / DB,13,direct_whole_name_match,284,SC. CLS. I-VIII VULCANA BAI
DB,SC. CLS. I-VIII VULCANA DE SUS / DB,8,direct_whole_name_match,285,SC. CLS. I-VIII VULCANA DE SUS
DB,SC. CLS. I-VIII VULCANA PANDELE BRANESTI / DB,18,direct_whole_name_match,143,SC. CLS. I-VIII VULCANA PANDELE BRANESTI
DB,SC.CU CLS. I - VIII VINATORII MARI / GR,3,outside_county_origin,,
DB,SC.CU CLS.I-VIII OPRISOR / MH,1,outside_county_origin,,
DB,SCOALA CU CLASELE I-VIII COTENESTI / AG,1,outside_county_origin,,
DB,SCOALA CU CLASELE I-VIII DITESTI FILIPESTII DE P. / PH,6,outside_county_origin,,
DB,SCOALA CU CLASELE I-VIII IARA COM. IARA / CJ,1,outside_county_origin,,
DB,SCOALA CU CLASELE I-VIII NR.  84 / B,1,outside_county_origin,,
DB,SCOALA CU CLASELE I-VIII NR. 1 MIZIL / PH,1,outside_county_origin,,
DB,SCOALA CU CLASELE I-VIII NR. 184 / B,1,outside_county_origin,,
DB,SCOALA CU CLASELE I-VIII NR. 2 BUSTENI / PH,1,outside_county_origin,,
DB,SCOALA CU CLASELE I-VIII STEFAN CEL MARE / AG,1,outside_county_origin,,
DB,SCOALA GENERALA DE 8 ANI NR.1 PAUNESTI / VN,1,outside_county_origin,,
DB,SCOALA GENERALA GLIMBOCATA / AG,1,outside_county_origin,,
DB,SCOALA GENERALA LAICAI NR.2 / AG,4,outside_county_origin,,
DB,SCOALA GENERALA NR 2 CU CLASELE I-VIII  CARACAL / OT,1,outside_county_origin,,
DB,SCOALA ROSIILE / VL,1,outside_county_origin,,
DB,scoala cu clasele I-VIII nr. 1 Corbu de Jos / CT,1,outside_county_origin,,
GJ,"COLEGIUL ""MIHAI VITEAZUL"" BUMBESTI-JIU / GJ",12,direct_whole_name_match,262,"COLEGIUL ""MIHAI VITEAZUL"" BUMBESTI-JIU"
GJ,"COLEGIUL NATIONAL ""GEORGE COSBUC"",MOTRU / GJ",63,direct_whole_name_match,269,"COLEGIUL NATIONAL ""GEORGE COSBUC"",MOTRU"
GJ,"COLEGIUL NATIONAL ""SPIRU HARET"" TG-JIU (NR. 6) / GJ",23,direct_whole_name_match,255,"COLEGIUL NATIONAL ""SPIRU HARET"" TG-JIU (NR. 6)"
GJ,COLEGIUL TEHNIC MATASARI / GJ,56,direct_whole_name_match,197,COLEGIUL TEHNIC MATASARI
GJ,"GRUP SCOLAR INDUSTRIAL ""G-RAL.C.SANDRU"" BILTA, RUN / GJ",34,direct_whole_name_match,215,"GRUP SCOLAR INDUSTRIAL ""G-RAL.C.SANDRU"" BILTA, RUN"
GJ,GRUP SCOLAR INDUSTRIAL BAIA DE FIER / GJ,29,direct_whole_name_match,135,GRUP SCOLAR INDUSTRIAL BAIA DE FIER
GJ,GRUP SCOLAR INDUSTRIAL BUSTUCHIN / GJ,15,direct_whole_name_match,257,GRUP SCOLAR INDUSTRIAL BUSTUCHIN
GJ,GRUP SCOLAR INDUSTRIAL ENERGETIC TURCENI / GJ,75,direct_whole_name_match,263,GRUP SCOLAR INDUSTRIAL ENERGETIC TURCENI
GJ,GRUP SCOLAR INDUSTRIAL MINIER BILTENI / GJ,29,direct_whole_name_match,254,GRUP SCOLAR INDUSTRIAL MINIER BILTENI
GJ,GRUP SCOLAR INDUSTRIAL MINIER MOLDOVA NOUA / CS,1,outside_county_origin,,
GJ,GRUP SCOLAR INDUSTRIAL MINIER ROVINARI / GJ,34,direct_whole_name_match,261,GRUP SCOLAR INDUSTRIAL MINIER ROVINARI
GJ,GRUP SCOLAR INDUSTRIAL ROSIA DE AMARADIA / GJ,17,direct_whole_name_match,212,GRUP SCOLAR INDUSTRIAL ROSIA DE AMARADIA
GJ,GRUP SCOLAR INDUSTRIAL STOINA / GJ,9,direct_whole_name_match,232,GRUP SCOLAR INDUSTRIAL STOINA
GJ,GRUP SCOLAR INDUSTRIAL TISMANA / GJ,22,direct_whole_name_match,235,GRUP SCOLAR INDUSTRIAL TISMANA
GJ,"LICEUL CU PROGRAM SPORTIV ,TG-JIU / GJ",22,direct_whole_name_match,267,"LICEUL CU PROGRAM SPORTIV ,TG-JIU"
GJ,"LICEUL DE MUZICA SI ARTE PLASTICE ""C.BRAILOIU""TG-J / GJ",18,direct_whole_name_match,266,"LICEUL DE MUZICA SI ARTE PLASTICE ""C.BRAILOIU""TG-J"
GJ,"LICEUL ROSIA JIU, FARCASESTI / GJ",19,direct_whole_name_match,183,"LICEUL ROSIA JIU, FARCASESTI"
GJ,LICEUL TEOLOGIC TG-JIU / GJ,8,direct_whole_name_match,253,LICEUL TEOLOGIC TG-JIU
GJ,LICEUL TEORETIC TRAIAN LALESCU RESITA / CS,1,outside_county_origin,,
GJ,SC.CU CLS. I - VIII NR 5 GIURGIU / GR,1,outside_county_origin,,
GJ,SC.CU CLS.I-VIII BROSTENI / MH,5,outside_county_origin,,
GJ,SC.CU CLS.I-VIII CORCOVA / MH,4,outside_county_origin,,
GJ,SC.CU CLS.I-VIII DILMA / MH,1,outside_county_origin,,
GJ,SC.CU CLS.I-VIII JIROV / MH,1,outside_county_origin,,
GJ,SC.CU CLS.I-VIII LUPSA DE JOS / MH,1,outside_county_origin,,
GJ,SC.CU CLS.I-VIII NOAPTESA / MH,1,outside_county_origin,,
GJ,SC.CU CLS.I-VIII RUDINA / MH,3,outside_county_origin,,
GJ,SC.CU CLS.I-VIII SEVERINESTI / MH,1,outside_county_origin,,
GJ,SC.CU CLS.I-VIII STREHAIA / MH,1,outside_county_origin,,
GJ,SC.CU CLS.I-VIII VRATA / MH,1,outside_county_origin,,
GJ,SCOALA AMARASTI / VL,1,outside_county_origin,,
GJ,SCOALA CERNISOARA / VL,1,outside_county_origin,,
GJ,SCOALA CU CLASELE I - VIII ARGETOAIA / DJ,1,outside_county_origin,,
GJ,SCOALA CU CLASELE I - VIII FILIASI / DJ,1,outside_county_origin,,
GJ,SCOALA CU CLASELE I - VIII GRECESTI / DJ,2,outside_county_origin,,
GJ,"SCOALA CU CLASELE I-VIII ""POTAISA"" (NR.3) TURDA / CJ",1,outside_county_origin,,
GJ,SCOALA CU CLASELE I-VIII NR. 4 CLUJ-NAPOCA / CJ,1,outside_county_origin,,
GJ,"SCOALA GENERALA ""AL.STEFULESCU"" TIRGU-JIU / GJ",88,direct_whole_name_match,104,"SCOALA GENERALA ""AL.STEFULESCU"" TIRGU-JIU"
GJ,"SCOALA GENERALA ""C.BRANCUSI"" TIRGU-JIU / GJ",141,direct_whole_name_match,258,"SCOALA GENERALA ""C.BRANCUSI"" TIRGU-JIU"
GJ,"SCOALA GENERALA ""C.SAVOIU"" TIRGU-JIU / GJ",213,direct_whole_name_match,108,"SCOALA GENERALA ""C.SAVOIU"" TIRGU-JIU"
GJ,"SCOALA GENERALA ""CATALIN HAIDAU"" TIRGU-JIU / GJ",38,direct_whole_name_match,103,"SCOALA GENERALA ""CATALIN HAIDAU"" TIRGU-JIU"
GJ,"SCOALA GENERALA ""EC.TEODOROIU"" TIRGU-JIU / GJ",78,direct_whole_name_match,102,"SCOALA GENERALA ""EC.TEODOROIU"" TIRGU-JIU"
GJ,"SCOALA GENERALA ""GH.TATARASCU"" TIRGU-JIU / GJ",191,direct_whole_name_match,101,"SCOALA GENERALA ""GH.TATARASCU"" TIRGU-JIU"
GJ,"SCOALA GENERALA ""POMPILIU MARCEA"" TIRGU-JIU / GJ",165,direct_whole_name_match,110,"SCOALA GENERALA ""POMPILIU MARCEA"" TIRGU-JIU"
GJ,"SCOALA GENERALA ""SF.NICOLAE"" TIRGU-JIU / GJ",85,direct_whole_name_match,106,"SCOALA GENERALA ""SF.NICOLAE"" TIRGU-JIU"
GJ,SCOALA GENERALA ALIMPESTI / GJ,11,direct_whole_name_match,129,SCOALA GENERALA ALIMPESTI
GJ,SCOALA GENERALA ANINOASA / GJ,12,direct_whole_name_match,131,SCOALA GENERALA ANINOASA
GJ,SCOALA GENERALA ARCANI / GJ,8,direct_whole_name_match,134,SCOALA GENERALA ARCANI
GJ,SCOALA GENERALA BALANESTI / GJ,9,direct_whole_name_match,137,SCOALA GENERALA BALANESTI
GJ,"SCOALA GENERALA BALCESTI, BENGESTI-CIOCADIA / GJ",12,direct_whole_name_match,142,"SCOALA GENERALA BALCESTI, BENGESTI-CIOCADIA"
GJ,SCOALA GENERALA BALESTI / GJ,5,direct_whole_name_match,111,SCOALA GENERALA BALESTI
GJ,SCOALA GENERALA BARBATESTI / GJ,6,direct_whole_name_match,139,SCOALA GENERALA BARBATESTI
GJ,SCOALA GENERALA BENGESTI / GJ,9,direct_whole_name_match,141,SCOALA GENERALA BENGESTI
GJ,SCOALA GENERALA BOLBOSI / GJ,12,direct_whole_name_match,149,SCOALA GENERALA BOLBOSI
GJ,SCOALA GENERALA BORASCU / GJ,12,direct_whole_name_match,151,SCOALA GENERALA BORASCU
GJ,"SCOALA GENERALA BRADET, MATASARI / GJ",8,direct_whole_name_match,198,"SCOALA GENERALA BRADET, MATASARI"
GJ,"SCOALA GENERALA BRATUIA, DANESTI / GJ",2,direct_whole_name_match,179,"SCOALA GENERALA BRATUIA, DANESTI"
GJ,"SCOALA GENERALA BUDIENI, SCOARTA / GJ",3,direct_whole_name_match,221,"SCOALA GENERALA BUDIENI, SCOARTA"
GJ,SCOALA GENERALA BUMBESTI-PITIC / GJ,17,direct_whole_name_match,157,SCOALA GENERALA BUMBESTI-PITIC
GJ,"SCOALA GENERALA BUSUIOCI, HUREZANI / GJ",9,direct_whole_name_match,188,"SCOALA GENERALA BUSUIOCI, HUREZANI"
GJ,"SCOALA GENERALA CALUGARENI, PADES / GJ",7,direct_whole_name_match,202,"SCOALA GENERALA CALUGARENI, PADES"
GJ,SCOALA GENERALA CAPRENI / GJ,4,direct_whole_name_match,161,SCOALA GENERALA CAPRENI
GJ,"SCOALA GENERALA CAPU-DEALULUI, BRANESTI / GJ",16,direct_whole_name_match,153,"SCOALA GENERALA CAPU-DEALULUI, BRANESTI"
GJ,"SCOALA GENERALA CARPINIS, CRASNA / GJ",20,direct_whole_name_match,168,"SCOALA GENERALA CARPINIS, CRASNA"
GJ,"SCOALA GENERALA CEAURU, BALESTI / GJ",26,direct_whole_name_match,112,"SCOALA GENERALA CEAURU, BALESTI"
GJ,"SCOALA GENERALA CELEI, TISMANA / GJ",14,direct_whole_name_match,236,"SCOALA GENERALA CELEI, TISMANA"
GJ,"SCOALA GENERALA CEPLEA, PLOPSORU / GJ",14,direct_whole_name_match,208,"SCOALA GENERALA CEPLEA, PLOPSORU"
GJ,"SCOALA GENERALA CERNADIA, BAIA DE FIER / GJ",21,direct_whole_name_match,136,"SCOALA GENERALA CERNADIA, BAIA DE FIER"
GJ,"SCOALA GENERALA CILCESTI, GODINESTI / GJ",7,direct_whole_name_match,186,"SCOALA GENERALA CILCESTI, GODINESTI"
GJ,SCOALA GENERALA CILNIC / GJ,15,direct_whole_name_match,167,SCOALA GENERALA CILNIC
GJ,"SCOALA GENERALA CIOCADIA, BENGESTI-CIOCADIA / GJ",4,direct_whole_name_match,143,"SCOALA GENERALA CIOCADIA, BENGESTI-CIOCADIA"
GJ,"SCOALA GENERALA CIRBESTI, DRAGUTESTI / GJ",11,direct_whole_name_match,115,"SCOALA GENERALA CIRBESTI, DRAGUTESTI"
GJ,SCOALA GENERALA CIUPERCENI / GJ,6,direct_whole_name_match,165,SCOALA GENERALA CIUPERCENI
GJ,"SCOALA GENERALA COPACIOASA, SCOARTA / GJ",6,direct_whole_name_match,222,"SCOALA GENERALA COPACIOASA, SCOARTA"
GJ,"SCOALA GENERALA COROBAI, DRAGOTESTI / GJ",11,direct_whole_name_match,181,"SCOALA GENERALA COROBAI, DRAGOTESTI"
GJ,"SCOALA GENERALA COVRIGI, VAGIULESTI / GJ",9,direct_whole_name_match,250,"SCOALA GENERALA COVRIGI, VAGIULESTI"
GJ,"SCOALA GENERALA CRETESTI, TG-CARBUNESTI / GJ",7,direct_whole_name_match,125,"SCOALA GENERALA CRETESTI, TG-CARBUNESTI"
GJ,SCOALA GENERALA CRUSET / GJ,3,direct_whole_name_match,171,SCOALA GENERALA CRUSET
GJ,SCOALA GENERALA CU CLASELE I-VIII  BRASTAVATU / OT,1,outside_county_origin,,
GJ,SCOALA GENERALA CU CLASELE I-VIII  FLORU ICOANA / OT,1,outside_county_origin,,
GJ,SCOALA GENERALA CU CLASELE I-VIII  OBIRSIA / OT,1,outside_county_origin,,
GJ,SCOALA GENERALA CU CLASELE I-VIII  TRAIAN / OT,1,outside_county_origin,,
GJ,SCOALA GENERALA CU CLASELE I-VIII  VLADILA / OT,1,outside_county_origin,,
GJ,SCOALA GENERALA CU CLASELE I-VIII NR 5 BALS / OT,1,outside_county_origin,,
GJ,"SCOALA GENERALA CURPEN, STANESTI / GJ",8,direct_whole_name_match,226,"SCOALA GENERALA CURPEN, STANESTI"
GJ,"SCOALA GENERALA CURTISOARA, BUMBESTI-JIU / GJ",5,direct_whole_name_match,156,"SCOALA GENERALA CURTISOARA, BUMBESTI-JIU"
GJ,SCOALA GENERALA DANESTI / GJ,8,direct_whole_name_match,178,SCOALA GENERALA DANESTI
GJ,"SCOALA GENERALA DOBRITA, RUNCU / GJ",7,direct_whole_name_match,216,"SCOALA GENERALA DOBRITA, RUNCU"
GJ,SCOALA GENERALA DRAGOTESTI / GJ,14,direct_whole_name_match,180,SCOALA GENERALA DRAGOTESTI
GJ,SCOALA GENERALA DRAGUTESTI / GJ,12,direct_whole_name_match,114,SCOALA GENERALA DRAGUTESTI
GJ,"SCOALA GENERALA DUMBRAVENI, CRASNA / GJ",19,direct_whole_name_match,169,"SCOALA GENERALA DUMBRAVENI, CRASNA"
GJ,"SCOALA GENERALA FINTINELE, URDARI / GJ",14,direct_whole_name_match,248,"SCOALA GENERALA FINTINELE, URDARI"
GJ,"SCOALA GENERALA FLORESTI, TINTARENI / GJ",10,direct_whole_name_match,246,"SCOALA GENERALA FLORESTI, TINTARENI"
GJ,"SCOALA GENERALA GILORTU, BRANESTI / GJ",9,direct_whole_name_match,154,"SCOALA GENERALA GILORTU, BRANESTI"
GJ,"SCOALA GENERALA GIRBOVU, TURCENI / GJ",8,direct_whole_name_match,243,"SCOALA GENERALA GIRBOVU, TURCENI"
GJ,"SCOALA GENERALA GLODENI, BALANESTI / GJ",1,direct_whole_name_match,138,"SCOALA GENERALA GLODENI, BALANESTI"
GJ,SCOALA GENERALA GLOGOVA / GJ,8,direct_whole_name_match,184,SCOALA GENERALA GLOGOVA
GJ,SCOALA GENERALA GODINESTI / GJ,10,direct_whole_name_match,185,SCOALA GENERALA GODINESTI
GJ,"SCOALA GENERALA GROSEREA, ANINOASA / GJ",10,direct_whole_name_match,132,"SCOALA GENERALA GROSEREA, ANINOASA"
GJ,SCOALA GENERALA HUREZANI / GJ,7,direct_whole_name_match,187,SCOALA GENERALA HUREZANI
GJ,SCOALA GENERALA IONESTI / GJ,11,direct_whole_name_match,189,SCOALA GENERALA IONESTI
GJ,SCOALA GENERALA JUPINESTI / GJ,11,direct_whole_name_match,190,SCOALA GENERALA JUPINESTI
GJ,SCOALA GENERALA LELESTI / GJ,12,direct_whole_name_match,191,SCOALA GENERALA LELESTI
GJ,"SCOALA GENERALA LIHULESTI, BERLESTI / GJ",5,direct_whole_name_match,144,"SCOALA GENERALA LIHULESTI, BERLESTI"
GJ,"SCOALA GENERALA MAIAG, CRUSET / GJ",2,direct_whole_name_match,172,"SCOALA GENERALA MAIAG, CRUSET"
GJ,"SCOALA GENERALA MARU, LOGRESTI / GJ",7,direct_whole_name_match,196,"SCOALA GENERALA MARU, LOGRESTI"
GJ,"SCOALA GENERALA MICULESTI, SLIVILESTI / GJ",7,direct_whole_name_match,228,"SCOALA GENERALA MICULESTI, SLIVILESTI"
GJ,"SCOALA GENERALA MILUTA, BORASCU / GJ",7,direct_whole_name_match,152,"SCOALA GENERALA MILUTA, BORASCU"
GJ,"SCOALA GENERALA MOI, BILTENI / GJ",4,direct_whole_name_match,146,"SCOALA GENERALA MOI, BILTENI"
GJ,"SCOALA GENERALA MOTRU-SEC, PADES / GJ",12,direct_whole_name_match,203,"SCOALA GENERALA MOTRU-SEC, PADES"
GJ,SCOALA GENERALA MUSETESTI / GJ,20,direct_whole_name_match,199,SCOALA GENERALA MUSETESTI
GJ,"SCOALA GENERALA NEGOIESTI, PRIGORIA / GJ",5,direct_whole_name_match,211,"SCOALA GENERALA NEGOIESTI, PRIGORIA"
GJ,SCOALA GENERALA NEGOMIR / GJ,21,direct_whole_name_match,200,SCOALA GENERALA NEGOMIR
GJ,"SCOALA GENERALA NEGRENI, LICURICI / GJ",6,direct_whole_name_match,193,"SCOALA GENERALA NEGRENI, LICURICI"
GJ,SCOALA GENERALA NR 8 CARANSEBES / CS,1,outside_county_origin,,
GJ,SCOALA GENERALA NR.1 ALBENI / GJ,18,direct_whole_name_match,128,SCOALA GENERALA NR.1 ALBENI
GJ,"SCOALA GENERALA NR.1 ANDREESTI, VLADIMIR / GJ",15,direct_whole_name_match,252,"SCOALA GENERALA NR.1 ANDREESTI, VLADIMIR"
GJ,SCOALA GENERALA NR.1 MOTRU / GJ,146,direct_whole_name_match,119,SCOALA GENERALA NR.1 MOTRU
GJ,SCOALA GENERALA NR.1 NOVACI / GJ,48,direct_whole_name_match,122,SCOALA GENERALA NR.1 NOVACI
GJ,"SCOALA GENERALA NR.1 PESTEANA-JIU, BILTENI / GJ",49,direct_whole_name_match,147,"SCOALA GENERALA NR.1 PESTEANA-JIU, BILTENI"
GJ,SCOALA GENERALA NR.1 PESTISANI / GJ,51,direct_whole_name_match,260,SCOALA GENERALA NR.1 PESTISANI
GJ,"SCOALA GENERALA NR.1 POCIOVALISTEA, NOVACI / GJ",24,direct_whole_name_match,123,"SCOALA GENERALA NR.1 POCIOVALISTEA, NOVACI"
GJ,"SCOALA GENERALA NR.1 POIANA, TURBUREA / GJ",15,direct_whole_name_match,241,"SCOALA GENERALA NR.1 POIANA, TURBUREA"
GJ,SCOALA GENERALA NR.1 POLOVRAGI / GJ,17,direct_whole_name_match,206,SCOALA GENERALA NR.1 POLOVRAGI
GJ,SCOALA GENERALA NR.1 ROVINARI / GJ,137,direct_whole_name_match,148,SCOALA GENERALA NR.1 ROVINARI
GJ,SCOALA GENERALA NR.1 SCHELA / GJ,7,direct_whole_name_match,224,SCOALA GENERALA NR.1 SCHELA
GJ,SCOALA GENERALA NR.1 TIRGU CARBUNESTI / GJ,79,direct_whole_name_match,124,SCOALA GENERALA NR.1 TIRGU CARBUNESTI
GJ,"SCOALA GENERALA NR.1 TOTEA, LICURICI / GJ",3,direct_whole_name_match,194,"SCOALA GENERALA NR.1 TOTEA, LICURICI"
GJ,"SCOALA GENERALA NR.1 VALEA, BOLBOSI / GJ",7,direct_whole_name_match,150,"SCOALA GENERALA NR.1 VALEA, BOLBOSI"
GJ,SCOALA GENERALA NR.10 TG-JIU (PETRESTI) / GJ,12,direct_whole_name_match,109,SCOALA GENERALA NR.10 TG-JIU (PETRESTI)
GJ,SCOALA GENERALA NR.13 TIRGU-JIU / GJ,70,direct_whole_name_match,264,SCOALA GENERALA NR.13 TIRGU-JIU
GJ,SCOALA GENERALA NR.2 MATASARI / GJ,7,direct_whole_name_match,265,SCOALA GENERALA NR.2 MATASARI
GJ,SCOALA GENERALA NR.2 MOTRU / GJ,104,direct_whole_name_match,259,SCOALA GENERALA NR.2 MOTRU
GJ,SCOALA GENERALA NR.2 ROSIA DE AMARADIA / GJ,6,direct_whole_name_match,213,SCOALA GENERALA NR.2 ROSIA DE AMARADIA
GJ,SCOALA GENERALA NR.2 TURCENI / GJ,9,direct_whole_name_match,242,SCOALA GENERALA NR.2 TURCENI
GJ,SCOALA GENERALA NR.3 ROVINARI / GJ,40,direct_whole_name_match,268,SCOALA GENERALA NR.3 ROVINARI
GJ,SCOALA GENERALA NR.5 TIRGU-JIU / GJ,34,direct_whole_name_match,105,SCOALA GENERALA NR.5 TIRGU-JIU
GJ,SCOALA GENERALA NR.7 TIRGU-JIU / GJ,24,direct_whole_name_match,107,SCOALA GENERALA NR.7 TIRGU-JIU
GJ,SCOALA GENERALA PADES / GJ,6,direct_whole_name_match,204,SCOALA GENERALA PADES
GJ,"SCOALA GENERALA PAISANI, STOINA / GJ",1,direct_whole_name_match,233,"SCOALA GENERALA PAISANI, STOINA"
GJ,"SCOALA GENERALA PESTEANA-VULCAN, CIUPERCENI / GJ",2,direct_whole_name_match,166,"SCOALA GENERALA PESTEANA-VULCAN, CIUPERCENI"
GJ,"SCOALA GENERALA PETRESTI, BARBATESTI / GJ",14,direct_whole_name_match,140,"SCOALA GENERALA PETRESTI, BARBATESTI"
GJ,"SCOALA GENERALA PISCOIU, STEJARI / GJ",1,direct_whole_name_match,231,"SCOALA GENERALA PISCOIU, STEJARI"
GJ,"SCOALA GENERALA PISCURI, PLOPSORU / GJ",24,direct_whole_name_match,209,"SCOALA GENERALA PISCURI, PLOPSORU"
GJ,SCOALA GENERALA PLOPSORU / GJ,29,direct_whole_name_match,207,SCOALA GENERALA PLOPSORU
GJ,"SCOALA GENERALA PLOSTINA, MOTRU / GJ",8,direct_whole_name_match,120,"SCOALA GENERALA PLOSTINA, MOTRU"
GJ,"SCOALA GENERALA POCRUIA, TISMANA / GJ",15,direct_whole_name_match,237,"SCOALA GENERALA POCRUIA, TISMANA"
GJ,"SCOALA GENERALA POIANA-SECIURI, BUSTUCHIN / GJ",17,direct_whole_name_match,159,"SCOALA GENERALA POIANA-SECIURI, BUSTUCHIN"
GJ,"SCOALA GENERALA POIENARI, BUMBESTI-PITIC / GJ",12,direct_whole_name_match,158,"SCOALA GENERALA POIENARI, BUMBESTI-PITIC"
GJ,"SCOALA GENERALA POJOGENI, TG-CARBUNESTI / GJ",5,direct_whole_name_match,126,"SCOALA GENERALA POJOGENI, TG-CARBUNESTI"
GJ,SCOALA GENERALA PRIGORIA / GJ,6,direct_whole_name_match,210,SCOALA GENERALA PRIGORIA
GJ,"SCOALA GENERALA RACI, NEGOMIR / GJ",20,direct_whole_name_match,201,"SCOALA GENERALA RACI, NEGOMIR"
GJ,"SCOALA GENERALA RADINESTI, DANCIULESTI / GJ",1,direct_whole_name_match,177,"SCOALA GENERALA RADINESTI, DANCIULESTI"
GJ,"SCOALA GENERALA RADOSI, CRASNA / GJ",26,direct_whole_name_match,170,"SCOALA GENERALA RADOSI, CRASNA"
GJ,"SCOALA GENERALA ROSIUTA, MOTRU / GJ",5,direct_whole_name_match,121,"SCOALA GENERALA ROSIUTA, MOTRU"
GJ,"SCOALA GENERALA RUGI, TURCINESTI / GJ",4,direct_whole_name_match,118,"SCOALA GENERALA RUGI, TURCINESTI"
GJ,SCOALA GENERALA RUNCU / GJ,15,direct_whole_name_match,214,SCOALA GENERALA RUNCU
GJ,SCOALA GENERALA SACELU / GJ,14,direct_whole_name_match,218,SCOALA GENERALA SACELU
GJ,"SCOALA GENERALA SADU, BUMBESTI-JIU / GJ",127,direct_whole_name_match,155,"SCOALA GENERALA SADU, BUMBESTI-JIU"
GJ,SCOALA GENERALA SAMARINESTI / GJ,12,direct_whole_name_match,217,SCOALA GENERALA SAMARINESTI
GJ,SCOALA GENERALA SAULESTI / GJ,14,direct_whole_name_match,219,SCOALA GENERALA SAULESTI
GJ,SCOALA GENERALA SCOARTA / GJ,13,direct_whole_name_match,220,SCOALA GENERALA SCOARTA
GJ,"SCOALA GENERALA SCRADA, BERLESTI / GJ",2,direct_whole_name_match,145,"SCOALA GENERALA SCRADA, BERLESTI"
GJ,"SCOALA GENERALA SIMBOTIN, SCHELA / GJ",9,direct_whole_name_match,223,"SCOALA GENERALA SIMBOTIN, SCHELA"
GJ,"SCOALA GENERALA SIRBESTI, ALIMPESTI / GJ",7,direct_whole_name_match,130,"SCOALA GENERALA SIRBESTI, ALIMPESTI"
GJ,"SCOALA GENERALA SLAVUTA, CRUSET / GJ",2,direct_whole_name_match,173,"SCOALA GENERALA SLAVUTA, CRUSET"
GJ,SCOALA GENERALA SLIVILESTI / GJ,19,direct_whole_name_match,227,SCOALA GENERALA SLIVILESTI
GJ,"SCOALA GENERALA SOHODOL, TISMANA / GJ",9,direct_whole_name_match,238,"SCOALA GENERALA SOHODOL, TISMANA"
GJ,SCOALA GENERALA STANESTI / GJ,9,direct_whole_name_match,225,SCOALA GENERALA STANESTI
GJ,SCOALA GENERALA STEJARI / GJ,1,direct_whole_name_match,229,SCOALA GENERALA STEJARI
GJ,"SCOALA GENERALA STERPOAIA, ANINOASA / GJ",10,direct_whole_name_match,133,"SCOALA GENERALA STERPOAIA, ANINOASA"
GJ,"SCOALA GENERALA STRIMBA-JIU, TURCENI / GJ",17,direct_whole_name_match,244,"SCOALA GENERALA STRIMBA-JIU, TURCENI"
GJ,SCOALA GENERALA TELESTI / GJ,10,direct_whole_name_match,234,SCOALA GENERALA TELESTI
GJ,SCOALA GENERALA TINTARENI / GJ,1,direct_whole_name_match,245,SCOALA GENERALA TINTARENI
GJ,SCOALA GENERALA TIRGU-LOGRESTI / GJ,4,direct_whole_name_match,195,SCOALA GENERALA TIRGU-LOGRESTI
GJ,"SCOALA GENERALA TOPESTI, TISMANA / GJ",7,direct_whole_name_match,239,"SCOALA GENERALA TOPESTI, TISMANA"
GJ,SCOALA GENERALA TURBUREA / GJ,16,direct_whole_name_match,240,SCOALA GENERALA TURBUREA
GJ,SCOALA GENERALA TURCINESTI / GJ,10,direct_whole_name_match,117,SCOALA GENERALA TURCINESTI
GJ,"SCOALA GENERALA URDA DE JOS, CRUSET / GJ",1,direct_whole_name_match,174,"SCOALA GENERALA URDA DE JOS, CRUSET"
GJ,SCOALA GENERALA URDARI / GJ,23,direct_whole_name_match,247,SCOALA GENERALA URDARI
GJ,"SCOALA GENERALA URECHESTI, DRAGUTESTI / GJ",6,direct_whole_name_match,116,"SCOALA GENERALA URECHESTI, DRAGUTESTI"
GJ,SCOALA GENERALA VAGIULESTI / GJ,5,direct_whole_name_match,249,SCOALA GENERALA VAGIULESTI
GJ,"SCOALA GENERALA VALEA CU APA, FARCASESTI / GJ",28,direct_whole_name_match,182,"SCOALA GENERALA VALEA CU APA, FARCASESTI"
GJ,"SCOALA GENERALA VALEA MINASTIRII, CATUNE / GJ",9,direct_whole_name_match,164,"SCOALA GENERALA VALEA MINASTIRII, CATUNE"
GJ,"SCOALA GENERALA VALEA POJARULUI, BUSTUCHIN / GJ",6,direct_whole_name_match,160,"SCOALA GENERALA VALEA POJARULUI, BUSTUCHIN"
GJ,SCOALA GENERALA VLADIMIR / GJ,8,direct_whole_name_match,251,SCOALA GENERALA VLADIMIR
GJ,"SCOALA GIMNAZIALA BALOSANI, STEJARI / GJ",6,direct_whole_name_match,230,"SCOALA GIMNAZIALA BALOSANI, STEJARI"
GJ,"SCOALA GIMNAZIALA CORNESTI, BALESTI / GJ",11,direct_whole_name_match,113,"SCOALA GIMNAZIALA CORNESTI, BALESTI"
GJ,SCOALA GIMNAZIALA NR.1 TICLENI / GJ,42,direct_whole_name_match,127,SCOALA GIMNAZIALA NR.1 TICLENI
GJ,"SCOALA HANTESTI ""SMARANDA BRAIESCU"" / GL",1,outside_county_origin,,
GJ,SCOALA MILOSTEA / VL,1,outside_county_origin,,
GJ,SCOALA MIOVENI / AG,1,outside_county_origin,,
GJ,SCOALA OBISLAVU / VL,1,outside_county_origin,,
GJ,SCOALA PIRIIENI / VL,1,outside_county_origin,,
GJ,SCOALA SASCIOARA / VL,1,outside_county_origin,,
GJ,SCOALA STANESTI / VL,1,outside_county_origin,,
GJ,scoala cu clasele I-VIII nr. 5 Mangalia / CT,1,outside_county_origin,,
GL,"COLEGIUL NATIONAL ""A.I.CUZA""  GALATI / GL",39,direct_whole_name_match,267,"COLEGIUL NATIONAL ""A.I.CUZA""  GALATI"
GL,"COLEGIUL NATIONAL ""VASILE ALECSANDRI"" GALATI / GL",34,direct_whole_name_match,266,"COLEGIUL NATIONAL ""VASILE ALECSANDRI"" GALATI"
GL,"GRUP SCOLAR ""C.BRATESCU"" ISACCEA / TL",2,outside_county_origin,,
GL,"GRUP SCOLAR ""GH.ASACHI""   GALATI / GL",78,direct_whole_name_match,274,"GRUP SCOLAR ""GH.ASACHI""   GALATI"
GL,GRUPUL SCOLAR AGRICOL MURGENI / VS,2,outside_county_origin,,
GL,GRUPUL SCOLAR INDUSTRIAL IANCA / BR,2,outside_county_origin,,
GL,LICEUL CU PROGRAM SPORTIV  GALATI / GL,31,direct_whole_name_match,268,LICEUL CU PROGRAM SPORTIV  GALATI
GL,"LICEUL DE ARTA  ""DIMITRIE CUCLIN"" GALATI / GL",7,direct_whole_name_match,288,"LICEUL DE ARTA  ""DIMITRIE CUCLIN"" GALATI"
GL,"LICEUL PEDAGOGIC ""COSTACHE NEGRI"" GALATI / GL",30,direct_whole_name_match,265,"LICEUL PEDAGOGIC ""COSTACHE NEGRI"" GALATI"
GL,LICEUL TEORETIC  PECHEA / GL,52,direct_whole_name_match,286,LICEUL TEORETIC  PECHEA
GL,LICEUL TEORETIC  T.VLADIMIRESCU / GL,22,direct_whole_name_match,287,LICEUL TEORETIC  T.VLADIMIRESCU
GL,"LICEUL TEORETIC ""EMIL RACOVITA""     GALATI / GL",15,direct_whole_name_match,284,"LICEUL TEORETIC ""EMIL RACOVITA""     GALATI"
GL,"LICEUL TEORETIC ""PAUL BUJOR"" BERESTI / GL",30,direct_whole_name_match,285,"LICEUL TEORETIC ""PAUL BUJOR"" BERESTI"
GL,"LICEUL TEORETIC ""SPIRU HARET""     TECUCI / GL",22,direct_whole_name_match,283,"LICEUL TEORETIC ""SPIRU HARET""     TECUCI"
GL,SC. CU CLASELE I-VIII GHERGHEASA com. GHERGHEASA / BZ,1,outside_county_origin,,
GL,"SCOALA ""ION CREANGA"" IASI / IS",1,outside_county_origin,,
GL,"SCOALA ALDESTI ""ANDRONACHI GOGA"" / GL",2,direct_whole_name_match,162,"SCOALA ALDESTI ""ANDRONACHI GOGA"""
GL,SCOALA BALENI / GL,21,direct_whole_name_match,156,SCOALA BALENI
GL,SCOALA BANEASA / GL,10,direct_whole_name_match,157,SCOALA BANEASA
GL,SCOALA BERHECI / GL,7,direct_whole_name_match,207,SCOALA BERHECI
GL,SCOALA BLINZI / GL,5,direct_whole_name_match,180,SCOALA BLINZI
GL,SCOALA BRANESTI / GL,4,direct_whole_name_match,229,SCOALA BRANESTI
GL,"SCOALA BRANISTEA ""UNIREA"" / GL",14,direct_whole_name_match,164,"SCOALA BRANISTEA ""UNIREA"""
GL,SCOALA BUCIUMENI / GL,4,direct_whole_name_match,167,SCOALA BUCIUMENI
GL,SCOALA BURSUCANI / GL,5,direct_whole_name_match,151,SCOALA BURSUCANI
GL,SCOALA CARAPCESTI / GL,4,direct_whole_name_match,181,SCOALA CARAPCESTI
GL,SCOALA CAUIESTI / GL,2,direct_whole_name_match,194,SCOALA CAUIESTI
GL,SCOALA CERTESTI / GL,2,direct_whole_name_match,172,SCOALA CERTESTI
GL,SCOALA CIRLOMANESTI / GL,3,direct_whole_name_match,174,SCOALA CIRLOMANESTI
GL,SCOALA CIURESTII NOI / GL,2,direct_whole_name_match,155,SCOALA CIURESTII NOI
GL,SCOALA COASTA LUPEI / GL,1,direct_whole_name_match,234,SCOALA COASTA LUPEI
GL,SCOALA CONDREA / GL,16,direct_whole_name_match,264,SCOALA CONDREA
GL,SCOALA CORNI / GL,8,direct_whole_name_match,175,SCOALA CORNI
GL,SCOALA COSMESTI-DEAL / GL,9,direct_whole_name_match,269,SCOALA COSMESTI-DEAL
GL,SCOALA COSMESTI-VALE / GL,5,direct_whole_name_match,184,SCOALA COSMESTI-VALE
GL,SCOALA COSTACHE NEGRI / GL,19,direct_whole_name_match,185,SCOALA COSTACHE NEGRI
GL,SCOALA CRAIESTI / GL,1,direct_whole_name_match,190,SCOALA CRAIESTI
GL,SCOALA CU CL.I-VIII BACOVA BUZIAS / TM,1,outside_county_origin,,
GL,SCOALA CU CLASE I-VIII CERNA / TL,2,outside_county_origin,,
GL,SCOALA CU CLASE I-VIII FRECATEI / TL,1,outside_county_origin,,
GL,SCOALA CU CLASE I-VIII GARVAN / TL,3,outside_county_origin,,
GL,SCOALA CU CLASE I-VIII GRINDU / TL,6,outside_county_origin,,
GL,SCOALA CU CLASE I-VIII I.C.BRATIANU / TL,4,outside_county_origin,,
GL,SCOALA CU CLASE I-VIII JIJILA / TL,1,outside_county_origin,,
GL,SCOALA CU CLASE I-VIII JURILOVCA / TL,1,outside_county_origin,,
GL,SCOALA CU CLASE I-VIII LUNCAVITA / TL,8,outside_county_origin,,
GL,SCOALA CU CLASE I-VIII MIRCEA VODA / TL,1,outside_county_origin,,
GL,SCOALA CU CLASE I-VIII MURIGHIOL / TL,1,outside_county_origin,,
GL,SCOALA CU CLASE I-VIII SFINTU GHEORGHE / TL,1,outside_county_origin,,
GL,SCOALA CU CLASE I-VIII TRAIAN / TL,1,outside_county_origin,,
GL,SCOALA CU CLASE I-VIII VACARENI / TL,1,outside_county_origin,,
GL,"SCOALA CU CLASELE I-VIII ""ION CREANGA"" BRAILA / BR",1,outside_county_origin,,
GL,"SCOALA CU CLASELE I-VIII ""MIHAI EMINESCU"" BRAILA / BR",1,outside_county_origin,,
GL,SCOALA CU CLASELE I-VIII BACESTI / VS,1,outside_county_origin,,
GL,SCOALA CU CLASELE I-VIII BLAGESTI / VS,1,outside_county_origin,,
GL,SCOALA CU CLASELE I-VIII BUDA / VS,1,outside_county_origin,,
GL,SCOALA CU CLASELE I-VIII BURSUCI / VS,1,outside_county_origin,,
GL,SCOALA CU CLASELE I-VIII CIOCILE / BR,1,outside_county_origin,,
GL,SCOALA CU CLASELE I-VIII COROIESTI / VS,1,outside_county_origin,,
GL,SCOALA CU CLASELE I-VIII DEDULESTI / BR,1,outside_county_origin,,
GL,SCOALA CU CLASELE I-VIII FALCIU / VS,6,outside_county_origin,,
GL,SCOALA CU CLASELE I-VIII FLORESTI / VS,2,outside_county_origin,,
GL,SCOALA CU CLASELE I-VIII HURDUGI / VS,1,outside_county_origin,,
GL,SCOALA CU CLASELE I-VIII MIRCEA VODA / BR,1,outside_county_origin,,
GL,SCOALA CU CLASELE I-VIII NR 1 BRAILA / BR,1,outside_county_origin,,
GL,SCOALA CU CLASELE I-VIII NR 1 CRISTINESTI / BT,1,outside_county_origin,,
GL,SCOALA CU CLASELE I-VIII NR 1 INSURATEI / BR,1,outside_county_origin,,
GL,SCOALA CU CLASELE I-VIII NR.01 BEREZENI / VS,1,outside_county_origin,,
GL,SCOALA CU CLASELE I-VIII NR.01 BIRLAD / VS,1,outside_county_origin,,
GL,SCOALA CU CLASELE I-VIII NR.05 BIRLAD / VS,1,outside_county_origin,,
GL,SCOALA CU CLASELE I-VIII NR.08 BIRLAD / VS,2,outside_county_origin,,
GL,SCOALA CU CLASELE I-VIII NR.11 BIRLAD / VS,1,outside_county_origin,,
GL,SCOALA CU CLASELE I-VIII OBIRSENI / VS,1,outside_county_origin,,
GL,SCOALA CU CLASELE I-VIII RADENI / VS,1,outside_county_origin,,
GL,SCOALA CU CLASELE I-VIII RINZESTI / VS,4,outside_county_origin,,
GL,SCOALA CU CLASELE I-VIII ROSIORI / BR,1,outside_county_origin,,
GL,SCOALA CU CLASELE I-VIII SCARLATESTI / BR,1,outside_county_origin,,
GL,SCOALA CU CLASELE I-VIII STANCUTA / BR,1,outside_county_origin,,
GL,SCOALA CU CLASELE I-VIII SUTESTI / BR,1,outside_county_origin,,
GL,SCOALA CU CLASELE I-VIII TICHILESTI / BR,1,outside_county_origin,,
GL,SCOALA CU CLASELE I-VIII VADENI / BR,1,outside_county_origin,,
GL,SCOALA CU CLASELE I-VIII VINDEREI / VS,2,outside_county_origin,,
GL,SCOALA CUCA / GL,16,direct_whole_name_match,186,SCOALA CUCA
GL,"SCOALA CUZA VODA ""ELENA DOAMNA"" / GL",21,direct_whole_name_match,253,"SCOALA CUZA VODA ""ELENA DOAMNA"""
GL,SCOALA DRAGANESTI / GL,15,direct_whole_name_match,139,SCOALA DRAGANESTI
GL,SCOALA DRAGUSENI / GL,5,direct_whole_name_match,191,SCOALA DRAGUSENI
GL,SCOALA FINTINELE / GL,10,direct_whole_name_match,251,SCOALA FINTINELE
GL,SCOALA FOLTESTI / GL,15,direct_whole_name_match,198,SCOALA FOLTESTI
GL,"SCOALA FRUMUSITA ""PETRU RARES"" / GL",20,direct_whole_name_match,290,"SCOALA FRUMUSITA ""PETRU RARES"""
GL,SCOALA FRUMUSITA / GL,18,direct_whole_name_match,199,SCOALA FRUMUSITA
GL,SCOALA FUNDEANU / GL,5,direct_whole_name_match,193,SCOALA FUNDEANU
GL,SCOALA FUNDENI / GL,4,direct_whole_name_match,202,SCOALA FUNDENI
GL,SCOALA FURCENII NOI / GL,4,direct_whole_name_match,182,SCOALA FURCENII NOI
GL,SCOALA FURCENII VECHI / GL,9,direct_whole_name_match,183,SCOALA FURCENII VECHI
GL,SCOALA GENERALA CU CLASELE I-VIII CAIUTI / BC,1,outside_county_origin,,
GL,SCOALA GENERALA CU CLASELE I-VIII COCIU / BC,1,outside_county_origin,,
GL,SCOALA GENERALA CU CLASELE I-VIII NR  1 SLANIC MOL / BC,1,outside_county_origin,,
GL,SCOALA GENERALA CU CLASELE I-VIII NR  1 TURLUIANU / BC,1,outside_county_origin,,
GL,SCOALA GENERALA CU CLASELE I-VIII NR  7 ONESTI / BC,1,outside_county_origin,,
GL,SCOALA GENERALA CU CLASELE I-VIII VULTURENI / BC,1,outside_county_origin,,
GL,SCOALA GENERALA DE 8 ANI CIORASTI / VN,2,outside_county_origin,,
GL,SCOALA GENERALA DE 8 ANI GOLOGANU / VN,1,outside_county_origin,,
GL,SCOALA GENERALA DE 8 ANI MAICANESTI / VN,2,outside_county_origin,,
GL,SCOALA GENERALA DE 8 ANI MIHALCENI / VN,1,outside_county_origin,,
GL,SCOALA GENERALA DE 8 ANI TATARANU / VN,1,outside_county_origin,,
GL,SCOALA GENERALA DE 8 ANI TULNICI / VN,1,outside_county_origin,,
GL,SCOALA GENERALA DE 8 ANI VULTURU / VN,1,outside_county_origin,,
GL,SCOALA GENERALA I-VIII NR.2 URZICENI / IL,1,outside_county_origin,,
GL,SCOALA GENERALA NR 8 BRASOV / BV,1,outside_county_origin,,
GL,SCOALA GHIDIGENI / GL,13,direct_whole_name_match,203,SCOALA GHIDIGENI
GL,SCOALA GRIVITA / GL,20,direct_whole_name_match,208,SCOALA GRIVITA
GL,"SCOALA HANTESTI ""SMARANDA BRAIESCU"" / GL",6,direct_whole_name_match,168,"SCOALA HANTESTI ""SMARANDA BRAIESCU"""
GL,SCOALA HANU CONACHI / GL,13,direct_whole_name_match,201,SCOALA HANU CONACHI
GL,SCOALA IZVOARELE / GL,4,direct_whole_name_match,254,SCOALA IZVOARELE
GL,SCOALA JORASTI / GL,6,direct_whole_name_match,215,SCOALA JORASTI
GL,SCOALA LUNGESTI / GL,4,direct_whole_name_match,152,SCOALA LUNGESTI
GL,SCOALA M.KOGALNICEANU / GL,7,direct_whole_name_match,256,SCOALA M.KOGALNICEANU
GL,SCOALA MACISENI / GL,1,direct_whole_name_match,176,SCOALA MACISENI
GL,SCOALA MALU ALB / GL,19,direct_whole_name_match,140,SCOALA MALU ALB
GL,SCOALA MINDRESTI / GL,4,direct_whole_name_match,270,SCOALA MINDRESTI
GL,SCOALA MOSCU / GL,11,direct_whole_name_match,146,SCOALA MOSCU
GL,SCOALA MUNTENI / GL,42,direct_whole_name_match,141,SCOALA MUNTENI
GL,SCOALA NARTESTI / GL,3,direct_whole_name_match,206,SCOALA NARTESTI
GL,SCOALA NEGRILESTI / GL,19,direct_whole_name_match,144,SCOALA NEGRILESTI
GL,"SCOALA NICORESTI ""GABRIEL DRAGAN"" / GL",7,direct_whole_name_match,233,"SCOALA NICORESTI ""GABRIEL DRAGAN"""
GL,SCOALA NR.1                    TECUCI / GL,22,direct_whole_name_match,129,SCOALA NR.1                    TECUCI
GL,"SCOALA NR.1 ""LASCAR CATARGIU"" TG.BUJOR / GL",12,direct_whole_name_match,145,"SCOALA NR.1 ""LASCAR CATARGIU"" TG.BUJOR"
GL,"SCOALA NR.1 ""TUDOR PAMFILE"" TEPU / GL",13,direct_whole_name_match,261,"SCOALA NR.1 ""TUDOR PAMFILE"" TEPU"
GL,SCOALA NR.1 BALINTESTI / GL,5,direct_whole_name_match,160,SCOALA NR.1 BALINTESTI
GL,SCOALA NR.1 BARCEA / GL,19,direct_whole_name_match,148,SCOALA NR.1 BARCEA
GL,SCOALA NR.1 BRAHASESTI / GL,8,direct_whole_name_match,165,SCOALA NR.1 BRAHASESTI
GL,"SCOALA NR.1 BUCESTI""EREMIA GRIGORESCU"" / GL",13,direct_whole_name_match,213,"SCOALA NR.1 BUCESTI""EREMIA GRIGORESCU"""
GL,SCOALA NR.1 CAVADINESTI / GL,5,direct_whole_name_match,169,SCOALA NR.1 CAVADINESTI
GL,SCOALA NR.1 CHIRAFTEI / GL,10,direct_whole_name_match,224,SCOALA NR.1 CHIRAFTEI
GL,SCOALA NR.1 COROD / GL,19,direct_whole_name_match,178,SCOALA NR.1 COROD
GL,SCOALA NR.1 CUDALBI / GL,47,direct_whole_name_match,187,SCOALA NR.1 CUDALBI
GL,SCOALA NR.1 FIRTANESTI / GL,12,direct_whole_name_match,195,SCOALA NR.1 FIRTANESTI
GL,SCOALA NR.1 GANESTI / GL,7,direct_whole_name_match,170,SCOALA NR.1 GANESTI
GL,SCOALA NR.1 GOHOR / GL,9,direct_whole_name_match,205,SCOALA NR.1 GOHOR
GL,SCOALA NR.1 INDEPENDENTA / GL,6,direct_whole_name_match,209,SCOALA NR.1 INDEPENDENTA
GL,"SCOALA NR.1 IVESTI""HORTENSIA PAPADAT BENGESCU"" / GL",17,direct_whole_name_match,211,"SCOALA NR.1 IVESTI""HORTENSIA PAPADAT BENGESCU"""
GL,SCOALA NR.1 LIESTI / GL,26,direct_whole_name_match,216,SCOALA NR.1 LIESTI
GL,"SCOALA NR.1 MASTACANI ""GHEORGHE POALELUNGI"" / GL",6,direct_whole_name_match,222,"SCOALA NR.1 MASTACANI ""GHEORGHE POALELUNGI"""
GL,SCOALA NR.1 MATCA / GL,45,direct_whole_name_match,220,SCOALA NR.1 MATCA
GL,SCOALA NR.1 MOVILENI / GL,15,direct_whole_name_match,226,SCOALA NR.1 MOVILENI
GL,SCOALA NR.1 NAMOLOASA / GL,1,direct_whole_name_match,231,SCOALA NR.1 NAMOLOASA
GL,SCOALA NR.1 PECHEA / GL,26,direct_whole_name_match,239,SCOALA NR.1 PECHEA
GL,"SCOALA NR.1 PISCU ""DIMITRIE LUCHIAN"" / GL",15,direct_whole_name_match,242,"SCOALA NR.1 PISCU ""DIMITRIE LUCHIAN"""
GL,SCOALA NR.1 VALEA MARULUI / GL,3,direct_whole_name_match,230,SCOALA NR.1 VALEA MARULUI
GL,"SCOALA NR.10 ""DIMITRIE STURZA"" TECUCI / GL",115,direct_whole_name_match,138,"SCOALA NR.10 ""DIMITRIE STURZA"" TECUCI"
GL,"SCOALA NR.10 ""PETRE TUTEA""      GALATI / GL",202,direct_whole_name_match,109,"SCOALA NR.10 ""PETRE TUTEA""      GALATI"
GL,"SCOALA NR.11 ""IORGU IORDAN"" TECUCI / GL",122,direct_whole_name_match,289,"SCOALA NR.11 ""IORGU IORDAN"" TECUCI"
GL,"SCOALA NR.11 ""MIHAIL SADOVEANU"" GALATI / GL",116,direct_whole_name_match,110,"SCOALA NR.11 ""MIHAIL SADOVEANU"" GALATI"
GL,"SCOALA NR.12 ""MIRON COSTIN""     GALATI / GL",293,direct_whole_name_match,111,"SCOALA NR.12 ""MIRON COSTIN""     GALATI"
GL,"SCOALA NR.13 ""STEFAN CEL MARE""   GALATI / GL",214,direct_whole_name_match,272,"SCOALA NR.13 ""STEFAN CEL MARE""   GALATI"
GL,"SCOALA NR.15 ""ELENA CUZA""       GALATI / GL",15,direct_whole_name_match,112,"SCOALA NR.15 ""ELENA CUZA""       GALATI"
GL,"SCOALA NR.16 ""NICOLAE BALCESCU"" GALATI / GL",47,direct_whole_name_match,113,"SCOALA NR.16 ""NICOLAE BALCESCU"" GALATI"
GL,"SCOALA NR.17 ""NICHITA STANESCU"" GALATI / GL",110,direct_whole_name_match,114,"SCOALA NR.17 ""NICHITA STANESCU"" GALATI"
GL,SCOALA NR.18                    GALATI / GL,58,direct_whole_name_match,115,SCOALA NR.18                    GALATI
GL,"SCOALA NR.19 ""LUDOVIC COSMA""    GALATI / GL",30,direct_whole_name_match,116,"SCOALA NR.19 ""LUDOVIC COSMA""    GALATI"
GL,SCOALA NR.2                     GALATI / GL,65,direct_whole_name_match,103,SCOALA NR.2                     GALATI
GL,"SCOALA NR.2 ""GHEORGHE PETRASCU""TECUCI / GL",27,direct_whole_name_match,130,"SCOALA NR.2 ""GHEORGHE PETRASCU""TECUCI"
GL,"SCOALA NR.2 ""GRIGORE HAGIU"" TG.BUJOR / GL",57,direct_whole_name_match,280,"SCOALA NR.2 ""GRIGORE HAGIU"" TG.BUJOR"
GL,SCOALA NR.2 BARCEA / GL,14,direct_whole_name_match,149,SCOALA NR.2 BARCEA
GL,"SCOALA NR.2 BUCESTI""NEGOITA DANAILA"" / GL",18,direct_whole_name_match,214,"SCOALA NR.2 BUCESTI""NEGOITA DANAILA"""
GL,SCOALA NR.2 CHIRAFTEI / GL,8,direct_whole_name_match,225,SCOALA NR.2 CHIRAFTEI
GL,SCOALA NR.2 COROD / GL,7,direct_whole_name_match,179,SCOALA NR.2 COROD
GL,SCOALA NR.2 CUDALBI / GL,6,direct_whole_name_match,188,SCOALA NR.2 CUDALBI
GL,SCOALA NR.2 FIRTANESTI / GL,10,direct_whole_name_match,196,SCOALA NR.2 FIRTANESTI
GL,SCOALA NR.2 INDEPENDENTA / GL,6,direct_whole_name_match,210,SCOALA NR.2 INDEPENDENTA
GL,SCOALA NR.2 LIESTI / GL,33,direct_whole_name_match,217,SCOALA NR.2 LIESTI
GL,SCOALA NR.2 MATCA / GL,18,direct_whole_name_match,221,SCOALA NR.2 MATCA
GL,SCOALA NR.2 MOVILENI / GL,5,direct_whole_name_match,227,SCOALA NR.2 MOVILENI
GL,SCOALA NR.2 NAMOLOASA / GL,3,direct_whole_name_match,232,SCOALA NR.2 NAMOLOASA
GL,SCOALA NR.2 PECHEA / GL,17,direct_whole_name_match,240,SCOALA NR.2 PECHEA
GL,"SCOALA NR.2 PISCU ""STEFAN CEL MARE"" / GL",8,direct_whole_name_match,243,"SCOALA NR.2 PISCU ""STEFAN CEL MARE"""
GL,"SCOALA NR.20 ""TRAIAN""           GALATI / GL",23,direct_whole_name_match,117,"SCOALA NR.20 ""TRAIAN""           GALATI"
GL,"SCOALA NR.22 ""DIMITRIE CANTEMIR""GALATI / GL",105,direct_whole_name_match,118,"SCOALA NR.22 ""DIMITRIE CANTEMIR""GALATI"
GL,SCOALA NR.24                    GALATI / GL,62,direct_whole_name_match,119,SCOALA NR.24                    GALATI
GL,"SCOALA NR.25 ""PETRU RARES""      GALATI / GL",77,direct_whole_name_match,120,"SCOALA NR.25 ""PETRU RARES""      GALATI"
GL,"SCOALA NR.26 ""ION CREANGA""      GALATI / GL",64,direct_whole_name_match,121,"SCOALA NR.26 ""ION CREANGA""      GALATI"
GL,"SCOALA NR.27 ""NICOLAE IORGA""    GALATI / GL",1,direct_whole_name_match,122,"SCOALA NR.27 ""NICOLAE IORGA""    GALATI"
GL,"SCOALA NR.28 ""MIHAI EMINESCU""   GALATI / GL",137,direct_whole_name_match,123,"SCOALA NR.28 ""MIHAI EMINESCU""   GALATI"
GL,"SCOALA NR.29 ""SF.ANA""           GALATI / GL",140,direct_whole_name_match,124,"SCOALA NR.29 ""SF.ANA""           GALATI"
GL,SCOALA NR.3                     GALATI / GL,153,direct_whole_name_match,104,SCOALA NR.3                     GALATI
GL,SCOALA NR.3                    TECUCI / GL,11,direct_whole_name_match,131,SCOALA NR.3                    TECUCI
GL,SCOALA NR.3 COROD / GL,13,direct_whole_name_match,273,SCOALA NR.3 COROD
GL,SCOALA NR.3 IVESTI / GL,14,direct_whole_name_match,212,SCOALA NR.3 IVESTI
GL,SCOALA NR.3 LIESTI / GL,14,direct_whole_name_match,218,SCOALA NR.3 LIESTI
GL,SCOALA NR.3 MASTACANI / GL,3,direct_whole_name_match,223,SCOALA NR.3 MASTACANI
GL,SCOALA NR.3 PECHEA / GL,13,direct_whole_name_match,241,SCOALA NR.3 PECHEA
GL,"SCOALA NR.30 ""AUREL VLAICU""     GALATI / GL",19,direct_whole_name_match,125,"SCOALA NR.30 ""AUREL VLAICU""     GALATI"
GL,"SCOALA NR.31 ""GHEORGHE MUNTEANU"" GALATI / GL",60,direct_whole_name_match,102,"SCOALA NR.31 ""GHEORGHE MUNTEANU"" GALATI"
GL,"SCOALA NR.33 ""SF.DUMITRU""      GALATI / GL",94,direct_whole_name_match,275,"SCOALA NR.33 ""SF.DUMITRU""      GALATI"
GL,SCOALA NR.34                      GALATI / GL,29,direct_whole_name_match,281,SCOALA NR.34                      GALATI
GL,"SCOALA NR.38 ""GRIGORE MOISIL""  GALATI / GL",96,direct_whole_name_match,276,"SCOALA NR.38 ""GRIGORE MOISIL""  GALATI"
GL,"SCOALA NR.4 ""ION PETROVICI""    TECUCI / GL",25,direct_whole_name_match,132,"SCOALA NR.4 ""ION PETROVICI""    TECUCI"
GL,SCOALA NR.4 LIESTI / GL,17,direct_whole_name_match,219,SCOALA NR.4 LIESTI
GL,"SCOALA NR.40 ""IULIA HASDEU""    GALATI / GL",132,direct_whole_name_match,277,"SCOALA NR.40 ""IULIA HASDEU""    GALATI"
GL,"SCOALA NR.41 ""SF.GRIGORE TEOLOGUL"" GALATI / GL",105,direct_whole_name_match,282,"SCOALA NR.41 ""SF.GRIGORE TEOLOGUL"" GALATI"
GL,"SCOALA NR.42 ""SFINTII IMPARATI""GALATI / GL",112,direct_whole_name_match,278,"SCOALA NR.42 ""SFINTII IMPARATI""GALATI"
GL,"SCOALA NR.43 ""DAN BARBILIAN""   GALATI / GL",112,direct_whole_name_match,279,"SCOALA NR.43 ""DAN BARBILIAN""   GALATI"
GL,"SCOALA NR.5 ""CUZA VODA""         GALATI / GL",75,direct_whole_name_match,105,"SCOALA NR.5 ""CUZA VODA""         GALATI"
GL,"SCOALA NR.5 ""ELENA DOAMNA""     TECUCI / GL",85,direct_whole_name_match,133,"SCOALA NR.5 ""ELENA DOAMNA""     TECUCI"
GL,"SCOALA NR.6 ""SF.O.IOSIF""       TECUCI / GL",65,direct_whole_name_match,134,"SCOALA NR.6 ""SF.O.IOSIF""       TECUCI"
GL,"SCOALA NR.7 ""CONSTANTIN BRANCOVEANU""GALATI / GL",93,direct_whole_name_match,106,"SCOALA NR.7 ""CONSTANTIN BRANCOVEANU""GALATI"
GL,"SCOALA NR.7 ""NICOLAE BALCESCU"" TECUCI / GL",7,direct_whole_name_match,135,"SCOALA NR.7 ""NICOLAE BALCESCU"" TECUCI"
GL,"SCOALA NR.8 ""OVIDIU CALEDONIU"" TECUCI / GL",46,direct_whole_name_match,136,"SCOALA NR.8 ""OVIDIU CALEDONIU"" TECUCI"
GL,"SCOALA NR.8 ""SPIRU HARET""       GALATI / GL",42,direct_whole_name_match,107,"SCOALA NR.8 ""SPIRU HARET""       GALATI"
GL,SCOALA NR.9                    TECUCI / GL,8,direct_whole_name_match,137,SCOALA NR.9                    TECUCI
GL,"SCOALA NR.9 ""CALISTRAT HOGAS""   GALATI / GL",77,direct_whole_name_match,108,"SCOALA NR.9 ""CALISTRAT HOGAS""   GALATI"
GL,SCOALA OANCEA / GL,8,direct_whole_name_match,238,SCOALA OANCEA
GL,"SCOALA ODAIA MANOLACHE ""MARIA GRECU"" / GL",12,direct_whole_name_match,128,"SCOALA ODAIA MANOLACHE ""MARIA GRECU"""
GL,SCOALA PLESA / GL,10,direct_whole_name_match,159,SCOALA PLESA
GL,SCOALA POIANA / GL,6,direct_whole_name_match,237,SCOALA POIANA
GL,SCOALA PRIPONESTI / GL,8,direct_whole_name_match,244,SCOALA PRIPONESTI
GL,SCOALA PURICANI / GL,2,direct_whole_name_match,163,SCOALA PURICANI
GL,SCOALA RADESTI / GL,7,direct_whole_name_match,153,SCOALA RADESTI
GL,SCOALA REDIU / GL,13,direct_whole_name_match,246,SCOALA REDIU
GL,SCOALA ROGOJENI / GL,2,direct_whole_name_match,259,SCOALA ROGOJENI
GL,SCOALA ROSCANI / GL,1,direct_whole_name_match,158,SCOALA ROSCANI
GL,SCOALA SCHELA / GL,15,direct_whole_name_match,248,SCOALA SCHELA
GL,SCOALA SCINTEIESTI / GL,3,direct_whole_name_match,250,SCOALA SCINTEIESTI
GL,SCOALA SENDRENI / GL,11,direct_whole_name_match,126,SCOALA SENDRENI
GL,SCOALA SIVITA / GL,15,direct_whole_name_match,101,SCOALA SIVITA
GL,SCOALA SLIVNA / GL,4,direct_whole_name_match,161,SCOALA SLIVNA
GL,SCOALA SLOBOZIA CONACHI / GL,30,direct_whole_name_match,252,SCOALA SLOBOZIA CONACHI
GL,SCOALA SMIRDAN / GL,9,direct_whole_name_match,255,SCOALA SMIRDAN
GL,SCOALA SMULTI / GL,9,direct_whole_name_match,257,SCOALA SMULTI
GL,SCOALA STOICANI / GL,12,direct_whole_name_match,271,SCOALA STOICANI
GL,SCOALA SUCEVENI / GL,5,direct_whole_name_match,258,SCOALA SUCEVENI
GL,SCOALA SUHURLUI / GL,8,direct_whole_name_match,247,SCOALA SUHURLUI
GL,"SCOALA TALPIGI ""ION CREANGA"" / GL",13,direct_whole_name_match,204,"SCOALA TALPIGI ""ION CREANGA"""
GL,SCOALA TAMAOANI / GL,12,direct_whole_name_match,200,SCOALA TAMAOANI
GL,SCOALA TIGANESTI / GL,4,direct_whole_name_match,142,SCOALA TIGANESTI
GL,SCOALA TULUCESTI / GL,25,direct_whole_name_match,260,SCOALA TULUCESTI
GL,SCOALA UMBRARESTI ( NR.1) / GL,22,direct_whole_name_match,262,SCOALA UMBRARESTI ( NR.1)
GL,SCOALA UMBRARESTI / GL,4,direct_whole_name_match,147,SCOALA UMBRARESTI
GL,"SCOALA UMBRARESTI DEAL ""SF.STELIAN"" / GL",9,direct_whole_name_match,263,"SCOALA UMBRARESTI DEAL ""SF.STELIAN"""
GL,SCOALA UNGURENI / GL,11,direct_whole_name_match,143,SCOALA UNGURENI
GL,SCOALA URLESTI / GL,3,direct_whole_name_match,177,SCOALA URLESTI
GL,SCOALA VADENI / GL,1,direct_whole_name_match,171,SCOALA VADENI
GL,SCOALA VIILE / GL,11,direct_whole_name_match,197,SCOALA VIILE
GL,"SCOALA VINATORI ""SF.NICOLAE"" / GL",10,direct_whole_name_match,127,"SCOALA VINATORI ""SF.NICOLAE"""
GL,SCOALA VIRLEZI / GL,6,direct_whole_name_match,189,SCOALA VIRLEZI
GL,SCOALA VLADESTI / GL,3,direct_whole_name_match,228,SCOALA VLADESTI
GL,scoala cu clasele I-VIII nr. 1 Hirsova / CT,1,outside_county_origin,,
GR,"COLEGIUL NATIONAL ""I MAIORESCU"" GIURGIU / GR",27,direct_whole_name_match,113,"COLEGIUL NATIONAL ""I MAIORESCU"" GIURGIU"
GR,"GRUP SCOLAR INDUSTRIAL ""NICOLAE TECLU"" / B",1,outside_county_origin,,
GR,"SC.CU CLS. I - VIII ""ANGHEL MARES"" GOSTINU / GR",14,direct_whole_name_match,311,"SC.CU CLS. I - VIII ""ANGHEL MARES"" GOSTINU"
GR,"SC.CU CLS. I - VIII ""D.PATRASCU""CREVEDIA MICA / GR",11,direct_whole_name_match,610,"SC.CU CLS. I - VIII ""D.PATRASCU""CREVEDIA MICA"
GR,"SC.CU CLS. I - VIII ""DANIIL R. CORDESCU""CASCIOAREL / GR",3,direct_whole_name_match,614,"SC.CU CLS. I - VIII ""DANIIL R. CORDESCU""CASCIOAREL"
GR,"SC.CU CLS. I - VIII ""IOAN P. MANESCU"" DAIA / GR",5,direct_whole_name_match,309,"SC.CU CLS. I - VIII ""IOAN P. MANESCU"" DAIA"
GR,"SC.CU CLS. I - VIII ""MARIN GH.POPESCU""GOGOSARI / GR",2,direct_whole_name_match,203,"SC.CU CLS. I - VIII ""MARIN GH.POPESCU""GOGOSARI"
GR,"SC.CU CLS. I - VIII ""MARIN M. TITULESCU"" BANEASA / GR",8,direct_whole_name_match,312,"SC.CU CLS. I - VIII ""MARIN M. TITULESCU"" BANEASA"
GR,"SC.CU CLS. I - VIII ""MIHNEA AL III-LEA"" FRATESTI / GR",14,direct_whole_name_match,321,"SC.CU CLS. I - VIII ""MIHNEA AL III-LEA"" FRATESTI"
GR,"SC.CU CLS. I - VIII ""REMUS BEGNESCU""PIETRELE / GR",6,direct_whole_name_match,315,"SC.CU CLS. I - VIII ""REMUS BEGNESCU""PIETRELE"
GR,SC.CU CLS. I - VIII ADUNATII- COPACENI / GR,1,direct_whole_name_match,301,SC.CU CLS. I - VIII ADUNATII- COPACENI
GR,SC.CU CLS. I - VIII BOLINTIN DEAL / GR,16,direct_whole_name_match,605,SC.CU CLS. I - VIII BOLINTIN DEAL
GR,SC.CU CLS. I - VIII BOLINTIN-VALE / GR,42,direct_whole_name_match,607,SC.CU CLS. I - VIII BOLINTIN-VALE
GR,SC.CU CLS. I - VIII BRANISTARI / GR,3,direct_whole_name_match,324,SC.CU CLS. I - VIII BRANISTARI
GR,SC.CU CLS. I - VIII BRANISTEA / GR,5,direct_whole_name_match,318,SC.CU CLS. I - VIII BRANISTEA
GR,SC.CU CLS. I - VIII BUCSANI / GR,7,direct_whole_name_match,601,SC.CU CLS. I - VIII BUCSANI
GR,SC.CU CLS. I - VIII BUTURUGENI / GR,8,direct_whole_name_match,631,SC.CU CLS. I - VIII BUTURUGENI
GR,SC.CU CLS. I - VIII CALUGARENI / GR,20,direct_whole_name_match,322,SC.CU CLS. I - VIII CALUGARENI
GR,SC.CU CLS. I - VIII CARTOJANI / GR,10,direct_whole_name_match,619,SC.CU CLS. I - VIII CARTOJANI
GR,SC.CU CLS. I - VIII CHIRIACU / GR,5,direct_whole_name_match,206,SC.CU CLS. I - VIII CHIRIACU
GR,SC.CU CLS. I - VIII CLEJANI / GR,4,direct_whole_name_match,102,SC.CU CLS. I - VIII CLEJANI
GR,SC.CU CLS. I - VIII COMANA / GR,5,direct_whole_name_match,304,SC.CU CLS. I - VIII COMANA
GR,SC.CU CLS. I - VIII CREVEDIA MARE / GR,9,direct_whole_name_match,609,SC.CU CLS. I - VIII CREVEDIA MARE
GR,SC.CU CLS. I - VIII CRINGURI / GR,2,direct_whole_name_match,328,SC.CU CLS. I - VIII CRINGURI
GR,SC.CU CLS. I - VIII DAITA / GR,2,direct_whole_name_match,310,SC.CU CLS. I - VIII DAITA
GR,SC.CU CLS. I - VIII FALASTOACA / GR,2,direct_whole_name_match,306,SC.CU CLS. I - VIII FALASTOACA
GR,SC.CU CLS. I - VIII FLORESTI / GR,15,direct_whole_name_match,622,SC.CU CLS. I - VIII FLORESTI
GR,SC.CU CLS. I - VIII FRASINU / GR,1,direct_whole_name_match,314,SC.CU CLS. I - VIII FRASINU
GR,SC.CU CLS. I - VIII GAUJANI / GR,3,direct_whole_name_match,201,SC.CU CLS. I - VIII GAUJANI
GR,SC.CU CLS. I - VIII GHIMPATI / GR,4,direct_whole_name_match,114,SC.CU CLS. I - VIII GHIMPATI
GR,SC.CU CLS. I - VIII GHIZDARU / GR,2,direct_whole_name_match,213,SC.CU CLS. I - VIII GHIZDARU
GR,SC.CU CLS. I - VIII GOSTINARI / GR,2,direct_whole_name_match,707,SC.CU CLS. I - VIII GOSTINARI
GR,SC.CU CLS. I - VIII GRADINARI / GR,6,direct_whole_name_match,611,SC.CU CLS. I - VIII GRADINARI
GR,SC.CU CLS. I - VIII GRADISTEA / GR,1,direct_whole_name_match,307,SC.CU CLS. I - VIII GRADISTEA
GR,SC.CU CLS. I - VIII GREACA / GR,13,direct_whole_name_match,703,SC.CU CLS. I - VIII GREACA
GR,SC.CU CLS. I - VIII HERASTI / GR,19,direct_whole_name_match,712,SC.CU CLS. I - VIII HERASTI
GR,SC.CU CLS. I - VIII HOTARELE / GR,49,direct_whole_name_match,710,SC.CU CLS. I - VIII HOTARELE
GR,SC.CU CLS. I - VIII HULUBESTI / GR,4,direct_whole_name_match,323,SC.CU CLS. I - VIII HULUBESTI
GR,SC.CU CLS. I - VIII IEPURESTI / GR,1,direct_whole_name_match,104,SC.CU CLS. I - VIII IEPURESTI
GR,SC.CU CLS. I - VIII IZVOARELE / GR,10,ambiguous_same_directory_name,205 | 711,SC.CU CLS. I - VIII IZVOARELE | SC.CU CLS. I - VIII IZVOARELE
GR,SC.CU CLS. I - VIII IZVORU / GR,10,ambiguous_same_directory_name,204 | 630,SC.CU CLS. I - VIII IZVORU | SC.CU CLS. I - VIII IZVORU
GR,SC.CU CLS. I - VIII LETCA NOUA / GR,1,direct_whole_name_match,105,SC.CU CLS. I - VIII LETCA NOUA
GR,SC.CU CLS. I - VIII MALU / GR,14,direct_whole_name_match,216,SC.CU CLS. I - VIII MALU
GR,SC.CU CLS. I - VIII MALU SPART / GR,28,direct_whole_name_match,608,SC.CU CLS. I - VIII MALU SPART
GR,SC.CU CLS. I - VIII MELETIE BANEASA / GR,4,direct_whole_name_match,313,SC.CU CLS. I - VIII MELETIE BANEASA
GR,SC.CU CLS. I - VIII MIHAI BRAVU / GR,7,direct_whole_name_match,316,SC.CU CLS. I - VIII MIHAI BRAVU
GR,SC.CU CLS. I - VIII MIHAI VODA / GR,7,direct_whole_name_match,606,SC.CU CLS. I - VIII MIHAI VODA
GR,SC.CU CLS. I - VIII MILCOVAT / GR,1,direct_whole_name_match,106,SC.CU CLS. I - VIII MILCOVAT
GR,SC.CU CLS. I - VIII MIRSA / GR,15,direct_whole_name_match,617,SC.CU CLS. I - VIII MIRSA
GR,SC.CU CLS. I - VIII NR 1 GIURGIU / GR,102,direct_whole_name_match,402,SC.CU CLS. I - VIII NR 1 GIURGIU
GR,SC.CU CLS. I - VIII NR 10  GIURGIU / GR,111,direct_whole_name_match,116,SC.CU CLS. I - VIII NR 10  GIURGIU
GR,SC.CU CLS. I - VIII NR 2 GIURGIU / GR,33,direct_whole_name_match,217,SC.CU CLS. I - VIII NR 2 GIURGIU
GR,SC.CU CLS. I - VIII NR 3 GIURGIU / GR,60,direct_whole_name_match,403,SC.CU CLS. I - VIII NR 3 GIURGIU
GR,SC.CU CLS. I - VIII NR 4 GIURGIU / GR,168,direct_whole_name_match,212,SC.CU CLS. I - VIII NR 4 GIURGIU
GR,SC.CU CLS. I - VIII NR 5 GIURGIU / GR,143,direct_whole_name_match,502,SC.CU CLS. I - VIII NR 5 GIURGIU
GR,SC.CU CLS. I - VIII NR 6 GIURGIU / GR,136,direct_whole_name_match,501,SC.CU CLS. I - VIII NR 6 GIURGIU
GR,SC.CU CLS. I - VIII NR 7 GIURGIU / GR,83,direct_whole_name_match,326,SC.CU CLS. I - VIII NR 7 GIURGIU
GR,SC.CU CLS. I - VIII NR.1 OGREZENI / GR,23,direct_whole_name_match,625,SC.CU CLS. I - VIII NR.1 OGREZENI
GR,SC.CU CLS. I - VIII NR.2 OGREZENI / GR,20,direct_whole_name_match,626,SC.CU CLS. I - VIII NR.2 OGREZENI
GR,SC.CU CLS. I - VIII NR.8 GIURGIU / GR,138,direct_whole_name_match,401,SC.CU CLS. I - VIII NR.8 GIURGIU
GR,SC.CU CLS. I - VIII OINACU / GR,1,direct_whole_name_match,317,SC.CU CLS. I - VIII OINACU
GR,SC.CU CLS. I - VIII PADURENI / GR,3,direct_whole_name_match,632,SC.CU CLS. I - VIII PADURENI
GR,SC.CU CLS. I - VIII PALANCA / GR,15,direct_whole_name_match,624,SC.CU CLS. I - VIII PALANCA
GR,SC.CU CLS. I - VIII PIETRISU / GR,1,direct_whole_name_match,202,SC.CU CLS. I - VIII PIETRISU
GR,SC.CU CLS. I - VIII PODISOR / GR,4,direct_whole_name_match,602,SC.CU CLS. I - VIII PODISOR
GR,SC.CU CLS. I - VIII POENARI / GR,11,direct_whole_name_match,620,SC.CU CLS. I - VIII POENARI
GR,SC.CU CLS. I - VIII PRUNDU / GR,16,direct_whole_name_match,708,SC.CU CLS. I - VIII PRUNDU
GR,SC.CU CLS. I - VIII PUIENI / GR,7,direct_whole_name_match,709,SC.CU CLS. I - VIII PUIENI
GR,SC.CU CLS. I - VIII PUTINEIU / GR,12,direct_whole_name_match,208,SC.CU CLS. I - VIII PUTINEIU
GR,SC.CU CLS. I - VIII RASUCENI / GR,2,direct_whole_name_match,209,SC.CU CLS. I - VIII RASUCENI
GR,SC.CU CLS. I - VIII REMUS / GR,8,direct_whole_name_match,320,SC.CU CLS. I - VIII REMUS
GR,SC.CU CLS. I - VIII ROATA DE JOS / GR,13,direct_whole_name_match,618,SC.CU CLS. I - VIII ROATA DE JOS
GR,SC.CU CLS. I - VIII SINGURENI / GR,5,direct_whole_name_match,327,SC.CU CLS. I - VIII SINGURENI
GR,SC.CU CLS. I - VIII SLOBOZIA / GR,3,direct_whole_name_match,214,SC.CU CLS. I - VIII SLOBOZIA
GR,SC.CU CLS. I - VIII STANESTI / GR,7,direct_whole_name_match,211,SC.CU CLS. I - VIII STANESTI
GR,SC.CU CLS. I - VIII STEJARU / GR,3,direct_whole_name_match,329,SC.CU CLS. I - VIII STEJARU
GR,SC.CU CLS. I - VIII STOENESTI / GR,20,ambiguous_same_directory_name,319 | 623,SC.CU CLS. I - VIII STOENESTI | SC.CU CLS. I - VIII STOENESTI
GR,SC.CU CLS. I - VIII TOMULESTI / GR,1,direct_whole_name_match,219,SC.CU CLS. I - VIII TOMULESTI
GR,SC.CU CLS. I - VIII TOPORU / GR,5,direct_whole_name_match,218,SC.CU CLS. I - VIII TOPORU
GR,SC.CU CLS. I - VIII TRESTIENI / GR,21,direct_whole_name_match,621,SC.CU CLS. I - VIII TRESTIENI
GR,SC.CU CLS. I - VIII UZUNU / GR,13,direct_whole_name_match,325,SC.CU CLS. I - VIII UZUNU
GR,SC.CU CLS. I - VIII VADU LAT / GR,2,direct_whole_name_match,603,SC.CU CLS. I - VIII VADU LAT
GR,SC.CU CLS. I - VIII VALEA BUJORULUI / GR,2,direct_whole_name_match,207,SC.CU CLS. I - VIII VALEA BUJORULUI
GR,SC.CU CLS. I - VIII VALEA DRAGULUI / GR,1,direct_whole_name_match,704,SC.CU CLS. I - VIII VALEA DRAGULUI
GR,SC.CU CLS. I - VIII VANATORII MICI / GR,4,direct_whole_name_match,627,SC.CU CLS. I - VIII VANATORII MICI
GR,SC.CU CLS. I - VIII VEDEA / GR,7,direct_whole_name_match,215,SC.CU CLS. I - VIII VEDEA
GR,SC.CU CLS. I - VIII VINATORII MARI / GR,8,direct_whole_name_match,629,SC.CU CLS. I - VIII VINATORII MARI
GR,SC.CU CLS. I - VIII VLAD TEPES / GR,1,direct_whole_name_match,308,SC.CU CLS. I - VIII VLAD TEPES
GR,SC.CU CLS. I - VIII VLASIN / GR,6,direct_whole_name_match,109,SC.CU CLS. I - VIII VLASIN
GR,SC.CU CLS. I - VIII ZADARICIU / GR,5,direct_whole_name_match,628,SC.CU CLS. I - VIII ZADARICIU
GR,SCOALA CU CLASELE I-VIII BALCAUTI / SV,1,outside_county_origin,,
GR,SCOALA CU CLASELE I-VIII NR. 2 COPACENI 1 DECEMBRI / B,2,outside_county_origin,,
GR,SCOALA CU CLASELE I-VIII OSTRA / SV,1,outside_county_origin,,
GR,SCOALA CU CLASELE I-VIII TANACU / VS,1,outside_county_origin,,
GR,SCOALA GENERALA DE 8 ANI BOTOROAGA / TR,2,outside_county_origin,,
GR,SCOALA GENERALA DE 8 ANI BUJORU / TR,2,outside_county_origin,,
GR,SCOALA GENERALA DE 8 ANI NR 2 ZIMNICEA / TR,1,outside_county_origin,,
GR,SCOALA GENERALA DE 8 ANI NR.3 VIDELE / TR,1,outside_county_origin,,
GR,SCOALA GENERALA DE 8 ANI PIETROSANI / TR,7,outside_county_origin,,
GR,SCOALA GENERALA DE 8 ANI TIRNAVA / TR,1,outside_county_origin,,
GR,SCOALA GENERALA DE 8 ANI VALEA CIRESULUI / TR,1,outside_county_origin,,
GR,SCOALA GENERALA I-VIII ROVINE / IL,1,outside_county_origin,,
GR,SCOALA GENERALA NR 19 BRASOV / BV,1,outside_county_origin,,
HR,"GIMNAZIUL DE STAT ""A. MOSORA"" SIGHISOARA / MS",1,outside_county_origin,,
HR,"GRUP SCOLAR ""PETOFI SANDOR"" DANESTI / HR",27,direct_whole_name_match,132,"GRUP SCOLAR ""PETOFI SANDOR"" DANESTI"
HR,GRUP SCOLAR AGRICOL CORBU / HR,9,direct_whole_name_match,124,GRUP SCOLAR AGRICOL CORBU
HR,"GRUP SCOLAR INDUSTRIAL "" MIRON CRISTEA"" SUBCETATE / HR",31,direct_whole_name_match,222,"GRUP SCOLAR INDUSTRIAL "" MIRON CRISTEA"" SUBCETATE"
HR,"GRUP SCOLAR INDUSTRIAL ""SOVER ELEK"" JOSENI / HR",40,direct_whole_name_match,157,"GRUP SCOLAR INDUSTRIAL ""SOVER ELEK"" JOSENI"
HR,"GRUP SCOLAR INDUSTRIAL NR 2 ""KOS KAROLY"" ODORHEI / HR",44,direct_whole_name_match,186,"GRUP SCOLAR INDUSTRIAL NR 2 ""KOS KAROLY"" ODORHEI"
HR,LIC.TEOR.DUMBRAVENI / SB,1,outside_county_origin,,
HR,"LICEUL DE ARTA ""NAGY ISTVAN"" MIERCUREA CIUC / HR",16,direct_whole_name_match,168,"LICEUL DE ARTA ""NAGY ISTVAN"" MIERCUREA CIUC"
HR,"LICEUL DE ARTA ""PALLO IMRE"" ODORHEIU SECUIESC / HR",16,direct_whole_name_match,187,"LICEUL DE ARTA ""PALLO IMRE"" ODORHEIU SECUIESC"
HR,"LICEUL TEORETIC ""DR. BOROS FORTUNAT""  ZETEA / HR",42,direct_whole_name_match,246,"LICEUL TEORETIC ""DR. BOROS FORTUNAT""  ZETEA"
HR,"LICEUL TEORETIC ""MARIN PREDA"" ODORHEI / HR",9,direct_whole_name_match,188,"LICEUL TEORETIC ""MARIN PREDA"" ODORHEI"
HR,"LICEUL TEORETIC ""OCTAVIAN GOGA"" MIERCUREA CIUC / HR",82,direct_whole_name_match,169,"LICEUL TEORETIC ""OCTAVIAN GOGA"" MIERCUREA CIUC"
HR,"LICEUL TEORETIC ""ORBAN BALAZS"" CRISTURU SECUIESC / HR",47,direct_whole_name_match,128,"LICEUL TEORETIC ""ORBAN BALAZS"" CRISTURU SECUIESC"
HR,"LICEUL TEORETIC ""SALAMON ERNO"" GHEORGHENI / HR",55,direct_whole_name_match,144,"LICEUL TEORETIC ""SALAMON ERNO"" GHEORGHENI"
HR,"LICEUL TEORETIC ""SFANTU NICOLAE"" GHEORGHENI / HR",46,direct_whole_name_match,145,"LICEUL TEORETIC ""SFANTU NICOLAE"" GHEORGHENI"
HR,LICEUL TEORETIC CORUND / HR,22,direct_whole_name_match,125,LICEUL TEORETIC CORUND
HR,"SC.CU CLS I-VIII ""I.BATHORY"" MEDIAS / SB",1,outside_county_origin,,
HR,SCOALA CU CL I-VIII HUISUREZ/DAMUC / NT,1,outside_county_origin,,
HR,SCOALA CU CL I-VIII NR 1 CEAHLAU / NT,1,outside_county_origin,,
HR,SCOALA CU CL I-VIII NR 2 BICAZ-CHEI / NT,2,outside_county_origin,,
HR,SCOALA CU CL I-VIII NR.1 BICAZ-CHEI / NT,3,outside_county_origin,,
HR,SCOALA CU CL I-VIII SAVESTI/RAUCESTI / NT,1,outside_county_origin,,
HR,SCOALA CU CL I-VIII SI COMPLEMENTARA DAMUC / NT,1,outside_county_origin,,
HR,SCOALA CU CL I-VIII SI COMPLEMENTARA NR.1 GRINTIES / NT,3,outside_county_origin,,
HR,SCOALA CU CL I-VIII SI COMPLEMENTARA TARCAU / NT,1,outside_county_origin,,
HR,SCOALA CU CL I-VIII TASCA / NT,1,outside_county_origin,,
HR,SCOALA CU CL I-VIII TELEC/BICAZU ARDELEAN / NT,1,outside_county_origin,,
HR,SCOALA CU CLASELE I - VIII DAMIAN / DJ,1,outside_county_origin,,
HR,"SCOALA GENERALA ""BENEDEK ELEK"" AVRAMESTI / HR",2,direct_whole_name_match,104,"SCOALA GENERALA ""BENEDEK ELEK"" AVRAMESTI"
HR,"SCOALA GENERALA ""BENEDEK ELEK"" FILIASI / HR",1,direct_whole_name_match,139,"SCOALA GENERALA ""BENEDEK ELEK"" FILIASI"
HR,"SCOALA GENERALA ""BERZENCZEI LASZLO"" LUTITA / HR",8,direct_whole_name_match,164,"SCOALA GENERALA ""BERZENCZEI LASZLO"" LUTITA"
HR,"SCOALA GENERALA ""DAVID FERENC"" MERESTI / HR",11,direct_whole_name_match,167,"SCOALA GENERALA ""DAVID FERENC"" MERESTI"
HR,"SCOALA GENERALA ""Dr.BOGA ALAJOS"" COZMENI / HR",4,direct_whole_name_match,126,"SCOALA GENERALA ""Dr.BOGA ALAJOS"" COZMENI"
HR,"SCOALA GENERALA ""ENDES JOZSEF"" SINSIMION / HR",13,direct_whole_name_match,217,"SCOALA GENERALA ""ENDES JOZSEF"" SINSIMION"
HR,"SCOALA GENERALA ""FULOP ARON"" FELICENI / HR",7,direct_whole_name_match,138,"SCOALA GENERALA ""FULOP ARON"" FELICENI"
HR,"SCOALA GENERALA ""JANOS ZSIGMOND"" DIRJIU / HR",4,direct_whole_name_match,134,"SCOALA GENERALA ""JANOS ZSIGMOND"" DIRJIU"
HR,"SCOALA GENERALA ""JOKAI MOR"" BAILE TUSNAD / HR",15,direct_whole_name_match,105,"SCOALA GENERALA ""JOKAI MOR"" BAILE TUSNAD"
HR,"SCOALA GENERALA ""KISS FERENC"" MADARAS / HR",17,direct_whole_name_match,165,"SCOALA GENERALA ""KISS FERENC"" MADARAS"
HR,"SCOALA GENERALA ""KRIZA JANOS"" CAPILNITA / HR",10,direct_whole_name_match,115,"SCOALA GENERALA ""KRIZA JANOS"" CAPILNITA"
HR,"SCOALA GENERALA ""MORA FERENC"" SINMARTIN / HR",11,direct_whole_name_match,215,"SCOALA GENERALA ""MORA FERENC"" SINMARTIN"
HR,"SCOALA GENERALA ""NYIRO JOZSEF"" FRUMOSASA / HR",5,direct_whole_name_match,142,"SCOALA GENERALA ""NYIRO JOZSEF"" FRUMOSASA"
HR,"SCOALA GENERALA ""SZENT ISTVAN"" SINCRAI / HR",9,direct_whole_name_match,206,"SCOALA GENERALA ""SZENT ISTVAN"" SINCRAI"
HR,SCOALA GENERALA BORSEC / HR,20,direct_whole_name_match,112,SCOALA GENERALA BORSEC
HR,SCOALA GENERALA CLASELE I - VIII BEZID / MS,1,outside_county_origin,,
HR,SCOALA GENERALA CLASELE I - VIII CHIBED / MS,1,outside_county_origin,,
HR,SCOALA GENERALA CLASELE I - VIII FANTINELE / MS,3,outside_county_origin,,
HR,SCOALA GENERALA CLASELE I - VIII GHINDARI / MS,1,outside_county_origin,,
HR,SCOALA GENERALA CLASELE I - VIII LUNCA BRADULUI / MS,1,outside_county_origin,,
HR,SCOALA GENERALA CLASELE I - VIII MESTERA / MS,1,outside_county_origin,,
HR,SCOALA GENERALA CLASELE I - VIII NR 01 LUDUS / MS,1,outside_county_origin,,
HR,SCOALA GENERALA CLASELE I - VIII NR 01 SOVATA / MS,6,outside_county_origin,,
HR,SCOALA GENERALA CLASELE I - VIII NR 02 SOVATA / MS,1,outside_county_origin,,
HR,SCOALA GENERALA CLASELE I - VIII SAMBRIAS / MS,1,outside_county_origin,,
HR,SCOALA GENERALA CLASELE I - VIII SANGEORGIU DE PAD / MS,3,outside_county_origin,,
HR,SCOALA GENERALA CLASELE I - VIII SARATENI / MS,2,outside_county_origin,,
HR,SCOALA GENERALA CLASELE I - VIII STINCENI / MS,4,outside_county_origin,,
HR,SCOALA GENERALA CLASELE I - VIII SUPLAC / MS,1,outside_county_origin,,
HR,SCOALA GENERALA CLASELE I - VIII TREI SATE / MS,1,outside_county_origin,,
HR,SCOALA GENERALA CLS I - VIII  EMINESCU PETOFI  DEV / HD,1,outside_county_origin,,
HR,SCOALA GENERALA CU CL.I-VIII.         BATANII MICI / CV,1,outside_county_origin,,
HR,SCOALA GENERALA CU CLASELE I-VIII BOLOVANIS / BC,2,outside_county_origin,,
HR,SCOALA GENERALA CU CLASELE I-VIII CIUGHES / BC,6,outside_county_origin,,
HR,SCOALA GENERALA CU CLASELE I-VIII GHIMES / BC,1,outside_county_origin,,
HR,SCOALA GENERALA CU CLASELE I-VIII NR  1 COSNEA / BC,2,outside_county_origin,,
HR,SCOALA GENERALA CU CLASELE I-VIII NR  1 FRUMOASA / BC,1,outside_county_origin,,
HR,SCOALA GENERALA CU CLASELE I-VIII NR  1 TARHAUS / BC,1,outside_county_origin,,
HR,SCOALA GENERALA CU CLASELE I-VIII PIRJOL / BC,1,outside_county_origin,,
HR,SCOALA GENERALA CU CLASELE I-VIII RACHITIS / BC,1,outside_county_origin,,
HR,SCOALA GENERALA DEALU / HR,15,direct_whole_name_match,133,SCOALA GENERALA DEALU
HR,SCOALA GENERALA DRAUSENI / BV,1,outside_county_origin,,
HR,SCOALA GENERALA FORTENI / HR,3,direct_whole_name_match,141,SCOALA GENERALA FORTENI
HR,SCOALA GENERALA HOGHIZ / BV,2,outside_county_origin,,
HR,SCOALA GENERALA HOMOROD / BV,1,outside_county_origin,,
HR,SCOALA GENERALA NIMIGEA DE JOS / BN,1,outside_county_origin,,
HR,"SCOALA GENERALA NR 1 ""APRILY LAJOS"" PRAID / HR",12,direct_whole_name_match,200,"SCOALA GENERALA NR 1 ""APRILY LAJOS"" PRAID"
HR,"SCOALA GENERALA NR 1 ""ARANY JANOS"" MIHAILENI / HR",9,direct_whole_name_match,177,"SCOALA GENERALA NR 1 ""ARANY JANOS"" MIHAILENI"
HR,"SCOALA GENERALA NR 1 ""BALAZS JENO"" REMETEA CIUTAC / HR",7,direct_whole_name_match,202,"SCOALA GENERALA NR 1 ""BALAZS JENO"" REMETEA CIUTAC"
HR,"SCOALA GENERALA NR 1 ""BEM JOZSEF"" SECUIENI / HR",9,direct_whole_name_match,209,"SCOALA GENERALA NR 1 ""BEM JOZSEF"" SECUIENI"
HR,"SCOALA GENERALA NR 1 ""BETHLEN GABOR"" LAZAREA / HR",25,direct_whole_name_match,158,"SCOALA GENERALA NR 1 ""BETHLEN GABOR"" LAZAREA"
HR,"SCOALA GENERALA NR 1 ""CSIBY ANDOR"" DITRAU / HR",8,direct_whole_name_match,135,"SCOALA GENERALA NR 1 ""CSIBY ANDOR"" DITRAU"
HR,"SCOALA GENERALA NR 1 ""DOMOKOS PAL PETER"" L. DE SUS / HR",13,direct_whole_name_match,162,"SCOALA GENERALA NR 1 ""DOMOKOS PAL PETER"" L. DE SUS"
HR,"SCOALA GENERALA NR 1 ""DR. LUKACS MIHALY"" PLAIESII / HR",5,direct_whole_name_match,196,"SCOALA GENERALA NR 1 ""DR. LUKACS MIHALY"" PLAIESII"
HR,"SCOALA GENERALA NR 1 ""DUMITRU GAFTON"" GALAUTAS / HR",29,direct_whole_name_match,143,"SCOALA GENERALA NR 1 ""DUMITRU GAFTON"" GALAUTAS"
HR,"SCOALA GENERALA NR 1 ""ELEKES VENCEL"" SUSENI / HR",17,direct_whole_name_match,223,"SCOALA GENERALA NR 1 ""ELEKES VENCEL"" SUSENI"
HR,"SCOALA GENERALA NR 1 ""FOGARASSY MIHALY"" GHEORGHENI / HR",64,direct_whole_name_match,146,"SCOALA GENERALA NR 1 ""FOGARASSY MIHALY"" GHEORGHENI"
HR,"SCOALA GENERALA NR 1 ""GAL SANDOR"" CIUCSINGEORGIU / HR",5,direct_whole_name_match,120,"SCOALA GENERALA NR 1 ""GAL SANDOR"" CIUCSINGEORGIU"
HR,"SCOALA GENERALA NR 1 ""IMETS-F.JAKO"" TUSNAD SAT / HR",2,direct_whole_name_match,233,"SCOALA GENERALA NR 1 ""IMETS-F.JAKO"" TUSNAD SAT"
HR,"SCOALA GENERALA NR 1 ""JOSIKA MIKLOS"" ATID / HR",1,direct_whole_name_match,103,"SCOALA GENERALA NR 1 ""JOSIKA MIKLOS"" ATID"
HR,"SCOALA GENERALA NR 1 ""KOLLO MIKLOS"" CIUMANI / HR",43,direct_whole_name_match,122,"SCOALA GENERALA NR 1 ""KOLLO MIKLOS"" CIUMANI"
HR,"SCOALA GENERALA NR 1 ""KOROSI CSOMA SANDOR"" VARSAG / HR",11,direct_whole_name_match,240,"SCOALA GENERALA NR 1 ""KOROSI CSOMA SANDOR"" VARSAG"
HR,"SCOALA GENERALA NR 1 ""MAJLATH GUSZTAV"" L. DE JOS / HR",19,direct_whole_name_match,161,"SCOALA GENERALA NR 1 ""MAJLATH GUSZTAV"" L. DE JOS"
HR,"SCOALA GENERALA NR 1 ""MAROSI GERGELY"" SIMONESTI / HR",1,direct_whole_name_match,212,"SCOALA GENERALA NR 1 ""MAROSI GERGELY"" SIMONESTI"
HR,"SCOALA GENERALA NR 1 ""MARTON ARON"" SINDOMINIC / HR",62,direct_whole_name_match,214,"SCOALA GENERALA NR 1 ""MARTON ARON"" SINDOMINIC"
HR,"SCOALA GENERALA NR 1 ""MARTONFFI JANOS"" VLAHITA / HR",27,direct_whole_name_match,243,"SCOALA GENERALA NR 1 ""MARTONFFI JANOS"" VLAHITA"
HR,"SCOALA GENERALA NR 1 ""MARTONFFY GYORGY"" CIRTA / HR",8,direct_whole_name_match,119,"SCOALA GENERALA NR 1 ""MARTONFFY GYORGY"" CIRTA"
HR,"SCOALA GENERALA NR 1 ""O.C.TASLAUANU"" BILBOR / HR",19,direct_whole_name_match,109,"SCOALA GENERALA NR 1 ""O.C.TASLAUANU"" BILBOR"
HR,"SCOALA GENERALA NR 1 ""PETOFI SANDOR"" CRISTURU SEC. / HR",27,direct_whole_name_match,129,"SCOALA GENERALA NR 1 ""PETOFI SANDOR"" CRISTURU SEC."
HR,"SCOALA GENERALA NR 1 ""PETOFI SANDOR"" M-CIUC / HR",74,direct_whole_name_match,170,"SCOALA GENERALA NR 1 ""PETOFI SANDOR"" M-CIUC"
HR,"SCOALA GENERALA NR 1 ""ROMAN VIKTOR"" MARTINIS / HR",5,direct_whole_name_match,166,"SCOALA GENERALA NR 1 ""ROMAN VIKTOR"" MARTINIS"
HR,"SCOALA GENERALA NR 1 ""SZEKELY JANOS"" IZVOARE / HR",2,direct_whole_name_match,152,"SCOALA GENERALA NR 1 ""SZEKELY JANOS"" IZVOARE"
HR,"SCOALA GENERALA NR 1 ""SZEKELY MOZES"" LUETA / HR",37,direct_whole_name_match,160,"SCOALA GENERALA NR 1 ""SZEKELY MOZES"" LUETA"
HR,"SCOALA GENERALA NR 1 ""TAMASI ARON"" LUPENI / HR",11,direct_whole_name_match,163,"SCOALA GENERALA NR 1 ""TAMASI ARON"" LUPENI"
HR,"SCOALA GENERALA NR 1 ""TEODOR CHINDEA"" VOSLABENI / HR",13,direct_whole_name_match,245,"SCOALA GENERALA NR 1 ""TEODOR CHINDEA"" VOSLABENI"
HR,"SCOALA GENERALA NR 1 ""TOMPA LASZLO"" ODORHEI / HR",58,direct_whole_name_match,190,"SCOALA GENERALA NR 1 ""TOMPA LASZLO"" ODORHEI"
HR,"SCOALA GENERALA NR 1 ""VITOS MOZES""  SINCRAIENI / HR",13,direct_whole_name_match,213,"SCOALA GENERALA NR 1 ""VITOS MOZES""  SINCRAIENI"
HR,"SCOALA GENERALA NR 1 ""ZOLD PETER"" SICULENI SAT / HR",14,direct_whole_name_match,210,"SCOALA GENERALA NR 1 ""ZOLD PETER"" SICULENI SAT"
HR,SCOALA GENERALA NR 1 BALAN / HR,28,direct_whole_name_match,106,SCOALA GENERALA NR 1 BALAN
HR,SCOALA GENERALA NR 1 BRADESTI / HR,12,direct_whole_name_match,114,SCOALA GENERALA NR 1 BRADESTI
HR,SCOALA GENERALA NR 1 MUGENI / HR,11,direct_whole_name_match,179,SCOALA GENERALA NR 1 MUGENI
HR,SCOALA GENERALA NR 1 NASAUD / BN,1,outside_county_origin,,
HR,SCOALA GENERALA NR 1 PAULENI CIUC / HR,6,direct_whole_name_match,195,SCOALA GENERALA NR 1 PAULENI CIUC
HR,SCOALA GENERALA NR 1 SARMAS / HR,18,direct_whole_name_match,207,SCOALA GENERALA NR 1 SARMAS
HR,SCOALA GENERALA NR 1 TOPLITA / HR,10,direct_whole_name_match,227,SCOALA GENERALA NR 1 TOPLITA
HR,SCOALA GENERALA NR 1 TULGHES / HR,42,direct_whole_name_match,232,SCOALA GENERALA NR 1 TULGHES
HR,"SCOALA GENERALA NR 10 ""ADY ENDRE"" MIERCUREA-CIUC / HR",47,direct_whole_name_match,171,"SCOALA GENERALA NR 10 ""ADY ENDRE"" MIERCUREA-CIUC"
HR,"SCOALA GENERALA NR 12 ""NAGY IMRE"" MIERCUREA-CIUC / HR",124,direct_whole_name_match,172,"SCOALA GENERALA NR 12 ""NAGY IMRE"" MIERCUREA-CIUC"
HR,SCOALA GENERALA NR 2  MIERCUREA-CIUC / HR,4,direct_whole_name_match,173,SCOALA GENERALA NR 2  MIERCUREA-CIUC
HR,"SCOALA GENERALA NR 2 "" NYIRO JOZSEF"" SATU MARE / HR",26,direct_whole_name_match,208,"SCOALA GENERALA NR 2 "" NYIRO JOZSEF"" SATU MARE"
HR,"SCOALA GENERALA NR 2 ""ARANY JANOS"" SINTIMBRU / HR",14,direct_whole_name_match,218,"SCOALA GENERALA NR 2 ""ARANY JANOS"" SINTIMBRU"
HR,"SCOALA GENERALA NR 2 ""BENEDEK FIDEL"" BISERICANI / HR",11,direct_whole_name_match,111,"SCOALA GENERALA NR 2 ""BENEDEK FIDEL"" BISERICANI"
HR,"SCOALA GENERALA NR 2 ""GALFI SANDOR"" COBATESTI / HR",4,direct_whole_name_match,123,"SCOALA GENERALA NR 2 ""GALFI SANDOR"" COBATESTI"
HR,"SCOALA GENERALA NR 2 ""GEO BOGZA"" BALAN / HR",68,direct_whole_name_match,107,"SCOALA GENERALA NR 2 ""GEO BOGZA"" BALAN"
HR,"SCOALA GENERALA NR 2 ""JOZSEF ATTILA"" VARSAG FINTIN / HR",1,direct_whole_name_match,241,"SCOALA GENERALA NR 2 ""JOZSEF ATTILA"" VARSAG FINTIN"
HR,"SCOALA GENERALA NR 2 ""KAJONI JANOS"" CICEU / HR",19,direct_whole_name_match,118,"SCOALA GENERALA NR 2 ""KAJONI JANOS"" CICEU"
HR,"SCOALA GENERALA NR 2 ""KOS KAROLY"" GHEORGHENI / HR",31,direct_whole_name_match,147,"SCOALA GENERALA NR 2 ""KOS KAROLY"" GHEORGHENI"
HR,"SCOALA GENERALA NR 2 ""ORBAN BALAZS"" ODORHEIU SEC. / HR",71,direct_whole_name_match,191,"SCOALA GENERALA NR 2 ""ORBAN BALAZS"" ODORHEIU SEC."
HR,"SCOALA GENERALA NR 2 ""SUKOSD FERENC"" OCNA DE JOS / HR",7,direct_whole_name_match,184,"SCOALA GENERALA NR 2 ""SUKOSD FERENC"" OCNA DE JOS"
HR,"SCOALA GENERALA NR 2 ""TAMASI ARON"" VLAHITA / HR",60,direct_whole_name_match,244,"SCOALA GENERALA NR 2 ""TAMASI ARON"" VLAHITA"
HR,"SCOALA GENERALA NR 2 ""TARISZNYAS MARTON"" VALEA STR / HR",20,direct_whole_name_match,239,"SCOALA GENERALA NR 2 ""TARISZNYAS MARTON"" VALEA STR"
HR,"SCOALA GENERALA NR 2 ""TUZSON JANOS"" CASINU NOU / HR",1,direct_whole_name_match,117,"SCOALA GENERALA NR 2 ""TUZSON JANOS"" CASINU NOU"
HR,"SCOALA GENERALA NR 2 ""XANTUSZ KERESZTES"" ARMASENI / HR",4,direct_whole_name_match,102,"SCOALA GENERALA NR 2 ""XANTUSZ KERESZTES"" ARMASENI"
HR,"SCOALA GENERALA NR 2 ""ZEYK DOMOKOS"" CRISTURU SEC. / HR",3,direct_whole_name_match,130,"SCOALA GENERALA NR 2 ""ZEYK DOMOKOS"" CRISTURU SEC."
HR,SCOALA GENERALA NR 2 ALDEA / HR,1,direct_whole_name_match,101,SCOALA GENERALA NR 2 ALDEA
HR,SCOALA GENERALA NR 2 CAPU-CORBULUI / HR,7,direct_whole_name_match,116,SCOALA GENERALA NR 2 CAPU-CORBULUI
HR,SCOALA GENERALA NR 2 HODOSA / HR,13,direct_whole_name_match,151,SCOALA GENERALA NR 2 HODOSA
HR,SCOALA GENERALA NR 2 JOLOTCA / HR,4,direct_whole_name_match,156,SCOALA GENERALA NR 2 JOLOTCA
HR,SCOALA GENERALA NR 2 LIVEZI / HR,4,direct_whole_name_match,159,SCOALA GENERALA NR 2 LIVEZI
HR,SCOALA GENERALA NR 2 NICOLESTI / HR,6,direct_whole_name_match,181,SCOALA GENERALA NR 2 NICOLESTI
HR,SCOALA GENERALA NR 2 POIANA-FAGULUI / HR,2,direct_whole_name_match,198,SCOALA GENERALA NR 2 POIANA-FAGULUI
HR,SCOALA GENERALA NR 2 TOMESTI / HR,19,direct_whole_name_match,225,SCOALA GENERALA NR 2 TOMESTI
HR,SCOALA GENERALA NR 2 TUSNAD NOU / HR,2,direct_whole_name_match,234,SCOALA GENERALA NR 2 TUSNAD NOU
HR,"SCOALA GENERALA NR 3 ""CSEREI MIHALY"" RACU / HR",11,direct_whole_name_match,201,"SCOALA GENERALA NR 3 ""CSEREI MIHALY"" RACU"
HR,"SCOALA GENERALA NR 3 ""JOKAI MOR"" SUBCETATE / HR",7,direct_whole_name_match,221,"SCOALA GENERALA NR 3 ""JOKAI MOR"" SUBCETATE"
HR,"SCOALA GENERALA NR 3 ""LASZLO GYULA"" SINPAUL / HR",10,direct_whole_name_match,216,"SCOALA GENERALA NR 3 ""LASZLO GYULA"" SINPAUL"
HR,"SCOALA GENERALA NR 3 ""MAKKAI ANDRAS"" RUGANESTI / HR",6,direct_whole_name_match,204,"SCOALA GENERALA NR 3 ""MAKKAI ANDRAS"" RUGANESTI"
HR,"SCOALA GENERALA NR 3 ""MARTON FERENC"" BANCU / HR",7,direct_whole_name_match,108,"SCOALA GENERALA NR 3 ""MARTON FERENC"" BANCU"
HR,"SCOALA GENERALA NR 3 ""NAGY ISTVAN"" MISENTEA / HR",3,direct_whole_name_match,178,"SCOALA GENERALA NR 3 ""NAGY ISTVAN"" MISENTEA"
HR,"SCOALA GENERALA NR 3 ""SZEKELY MOZES"" OCNA DE SUS / HR",5,direct_whole_name_match,185,"SCOALA GENERALA NR 3 ""SZEKELY MOZES"" OCNA DE SUS"
HR,"SCOALA GENERALA NR 3 ""XANTUSZ JANOS"" M-CIUC / HR",6,direct_whole_name_match,174,"SCOALA GENERALA NR 3 ""XANTUSZ JANOS"" M-CIUC"
HR,SCOALA GENERALA NR 3 DEALU ULCANI / HR,5,direct_whole_name_match,235,SCOALA GENERALA NR 3 DEALU ULCANI
HR,SCOALA GENERALA NR 3 PAULENI / HR,2,direct_whole_name_match,194,SCOALA GENERALA NR 3 PAULENI
HR,SCOALA GENERALA NR 3 PORUMBENII MARI / HR,7,direct_whole_name_match,199,SCOALA GENERALA NR 3 PORUMBENII MARI
HR,SCOALA GENERALA NR 3 TOPLITA / HR,6,direct_whole_name_match,228,SCOALA GENERALA NR 3 TOPLITA
HR,"SCOALA GENERALA NR 4 ""MARTON ARON"" TAIETURA / HR",4,direct_whole_name_match,224,"SCOALA GENERALA NR 4 ""MARTON ARON"" TAIETURA"
HR,"SCOALA GENERALA NR 4 ""NYIRO JOZSEF"" HARGHITA-BAI / HR",2,direct_whole_name_match,150,"SCOALA GENERALA NR 4 ""NYIRO JOZSEF"" HARGHITA-BAI"
HR,SCOALA GENERALA NR 4 TOPLITA / HR,68,direct_whole_name_match,229,SCOALA GENERALA NR 4 TOPLITA
HR,"SCOALA GENERALA NR 5 ""SIKLODI LORINC"" DITRAU / HR",19,direct_whole_name_match,136,"SCOALA GENERALA NR 5 ""SIKLODI LORINC"" DITRAU"
HR,"SCOALA GENERALA NR 6 ""BETHLEN GABOR"" ODORHEI / HR",100,direct_whole_name_match,192,"SCOALA GENERALA NR 6 ""BETHLEN GABOR"" ODORHEI"
HR,"SCOALA GENERALA NR 6 ""KEMENY JANOS"" TOPLITA / HR",31,direct_whole_name_match,230,"SCOALA GENERALA NR 6 ""KEMENY JANOS"" TOPLITA"
HR,"SCOALA GENERALA NR 7 ""FRATER GYORGY"" REMETEA / HR",32,direct_whole_name_match,203,"SCOALA GENERALA NR 7 ""FRATER GYORGY"" REMETEA"
HR,"SCOALA GENERALA NR 7 ""MORA FERENC"" ODORHEI / HR",104,direct_whole_name_match,193,"SCOALA GENERALA NR 7 ""MORA FERENC"" ODORHEI"
HR,"SCOALA GENERALA NR 8 ""JOZSEF ATTILA"" M-CIUC / HR",64,direct_whole_name_match,175,"SCOALA GENERALA NR 8 ""JOZSEF ATTILA"" M-CIUC"
HR,"SCOALA GENERALA NR 8 ""MIRON CRISTEA"" TOPLITA / HR",80,direct_whole_name_match,231,"SCOALA GENERALA NR 8 ""MIRON CRISTEA"" TOPLITA"
HR,"SCOALA GENERALA NR 9 ""LIVIU REBREANU"" M-CIUC / HR",53,direct_whole_name_match,176,"SCOALA GENERALA NR 9 ""LIVIU REBREANU"" M-CIUC"
HR,SCOALA GENERALA OCLAND / HR,8,direct_whole_name_match,182,SCOALA GENERALA OCLAND
HR,SCOALA GENERALA RACOS / BV,2,outside_county_origin,,
HR,SCOALA GENERALA RODNA / BN,9,outside_county_origin,,
HR,SCOALA GENERALA RUPEA / BV,2,outside_county_origin,,
HR,SCOALA GENERALA SANT / BN,1,outside_county_origin,,
HR,SCOALA GENERALA SEBIS / BN,1,outside_county_origin,,
HR,SCOALA GENERALA ULIES / HR,4,direct_whole_name_match,236,SCOALA GENERALA ULIES
HR,SCOALA GENERALA VALEA LUI PAVEL / HR,3,direct_whole_name_match,237,SCOALA GENERALA VALEA LUI PAVEL
HR,SCOALA PROFESIONALA FAGET / BC,5,outside_county_origin,,
IL,GRUP SCOLAR  AL.IOAN CUZA  SLOBOZIA / IL,34,direct_whole_name_match,201,GRUP SCOLAR  AL.IOAN CUZA  SLOBOZIA
IL,GRUP SCOLAR AGRICOL CAZANESTI / IL,27,direct_whole_name_match,202,GRUP SCOLAR AGRICOL CAZANESTI
IL,GRUP SCOLAR INDUSTRIAL ALIMENTAR FETESTI / IL,44,direct_whole_name_match,200,GRUP SCOLAR INDUSTRIAL ALIMENTAR FETESTI
IL,"GRUPUL SCOLAR ""KOROSI CSOMA SANDOR""    COVASNA / CV",1,outside_county_origin,,
IL,LICEUL DE ARTA  SLOBOZIA / IL,99,direct_whole_name_match,199,LICEUL DE ARTA  SLOBOZIA
IL,"LICEUL TEORETIC ""DECEBAL"" / B",2,outside_county_origin,,
IL,LICEUL TEORETIC TANDAREI / IL,24,direct_whole_name_match,197,LICEUL TEORETIC TANDAREI
IL,SCOALA CLASELE I-VIII C. BRINCOVEANU / CL,1,outside_county_origin,,
IL,SCOALA CLASELE I-VIII DRAGOS VODA / CL,1,outside_county_origin,,
IL,SCOALA CLASELE I-VIII DRAJNA / CL,2,outside_county_origin,,
IL,SCOALA CLASELE I-VIII GILDAU / CL,2,outside_county_origin,,
IL,SCOALA CLASELE I-VIII IEZERU / CL,1,outside_county_origin,,
IL,SCOALA CLASELE I-VIII JEGALIA / CL,1,outside_county_origin,,
IL,SCOALA CLASELE I-VIII LEHLIU-GARA / CL,1,outside_county_origin,,
IL,SCOALA CLASELE I-VIII NR. 1 PERISORU / CL,19,outside_county_origin,,
IL,SCOALA CLASELE I-VIII NR. 3 BORCEA / CL,8,outside_county_origin,,
IL,SCOALA CLASELE I-VIII NR.1 BORCEA / CL,26,outside_county_origin,,
IL,SCOALA CLASELE I-VIII NR.2 BORCEA / CL,25,outside_county_origin,,
IL,SCOALA CLASELE I-VIII STEFAN CEL MARE / CL,13,outside_county_origin,,
IL,SCOALA CLASELE I-VIII TUDOR VLADIMIRESCU / CL,1,outside_county_origin,,
IL,SCOALA CU CL I-VIII NR 1 CEAHLAU / NT,1,outside_county_origin,,
IL,SCOALA CU CLASELE I-VIII BANCA / VS,1,outside_county_origin,,
IL,SCOALA CU CLASELE I-VIII CIOCILE / BR,3,outside_county_origin,,
IL,SCOALA CU CLASELE I-VIII MIHAI BRAVU / BR,2,outside_county_origin,,
IL,"SCOALA CU CLASELE I-VIII NR.  85 ""VASILE BUNESCU"" / B",1,outside_county_origin,,
IL,SCOALA CU CLASELE I-VIII NR. 1 GRADISTEA / B,1,outside_county_origin,,
IL,SCOALA CU CLASELE I-VIII NR. 1 MICSUNESTI MOARA NU / B,2,outside_county_origin,,
IL,SCOALA CU CLASELE I-VIII NR. 157 / B,1,outside_county_origin,,
IL,SCOALA CU CLASELE I-VIII ROSIORI / BR,3,outside_county_origin,,
IL,SCOALA GENERALA I-VIII ADINCATA / IL,9,direct_whole_name_match,167,SCOALA GENERALA I-VIII ADINCATA
IL,SCOALA GENERALA I-VIII ALBESTI / IL,1,direct_whole_name_match,101,SCOALA GENERALA I-VIII ALBESTI
IL,SCOALA GENERALA I-VIII ALEXENI / IL,18,direct_whole_name_match,166,SCOALA GENERALA I-VIII ALEXENI
IL,SCOALA GENERALA I-VIII AMARA / IL,67,direct_whole_name_match,103,SCOALA GENERALA I-VIII AMARA
IL,SCOALA GENERALA I-VIII ANDRASESTI / IL,18,direct_whole_name_match,104,SCOALA GENERALA I-VIII ANDRASESTI
IL,SCOALA GENERALA I-VIII AXINTELE / IL,5,direct_whole_name_match,171,SCOALA GENERALA I-VIII AXINTELE
IL,SCOALA GENERALA I-VIII BALACIU / IL,3,direct_whole_name_match,105,SCOALA GENERALA I-VIII BALACIU
IL,SCOALA GENERALA I-VIII BARBULESTI / IL,5,direct_whole_name_match,169,SCOALA GENERALA I-VIII BARBULESTI
IL,SCOALA GENERALA I-VIII BARCANESTI / IL,6,direct_whole_name_match,175,SCOALA GENERALA I-VIII BARCANESTI
IL,SCOALA GENERALA I-VIII BORANESTI / IL,11,direct_whole_name_match,178,SCOALA GENERALA I-VIII BORANESTI
IL,SCOALA GENERALA I-VIII BORDUSANI / IL,17,direct_whole_name_match,110,SCOALA GENERALA I-VIII BORDUSANI
IL,SCOALA GENERALA I-VIII BORDUSELU / IL,8,direct_whole_name_match,114,SCOALA GENERALA I-VIII BORDUSELU
IL,SCOALA GENERALA I-VIII BRAZII / IL,7,direct_whole_name_match,173,SCOALA GENERALA I-VIII BRAZII
IL,SCOALA GENERALA I-VIII BROSTENI / IL,4,direct_whole_name_match,184,SCOALA GENERALA I-VIII BROSTENI
IL,SCOALA GENERALA I-VIII BUCU / IL,27,direct_whole_name_match,108,SCOALA GENERALA I-VIII BUCU
IL,SCOALA GENERALA I-VIII BUESTI / IL,3,direct_whole_name_match,102,SCOALA GENERALA I-VIII BUESTI
IL,SCOALA GENERALA I-VIII BUTOIU / IL,9,direct_whole_name_match,148,SCOALA GENERALA I-VIII BUTOIU
IL,SCOALA GENERALA I-VIII CEGANI / IL,5,direct_whole_name_match,111,SCOALA GENERALA I-VIII CEGANI
IL,SCOALA GENERALA I-VIII CIOCHINA / IL,15,direct_whole_name_match,112,SCOALA GENERALA I-VIII CIOCHINA
IL,SCOALA GENERALA I-VIII CIULNITA / IL,10,direct_whole_name_match,115,SCOALA GENERALA I-VIII CIULNITA
IL,SCOALA GENERALA I-VIII COCORA / IL,16,direct_whole_name_match,117,SCOALA GENERALA I-VIII COCORA
IL,SCOALA GENERALA I-VIII COLELIA / IL,7,direct_whole_name_match,118,SCOALA GENERALA I-VIII COLELIA
IL,SCOALA GENERALA I-VIII COSIMBESTI / IL,7,direct_whole_name_match,119,SCOALA GENERALA I-VIII COSIMBESTI
IL,SCOALA GENERALA I-VIII CRASANI / IL,1,direct_whole_name_match,106,SCOALA GENERALA I-VIII CRASANI
IL,SCOALA GENERALA I-VIII DRAGOESTI / IL,3,direct_whole_name_match,194,SCOALA GENERALA I-VIII DRAGOESTI
IL,SCOALA GENERALA I-VIII FIERBINTI-TIRG / IL,35,direct_whole_name_match,181,SCOALA GENERALA I-VIII FIERBINTI-TIRG
IL,SCOALA GENERALA I-VIII GHEORGHE DOJA / IL,20,direct_whole_name_match,123,SCOALA GENERALA I-VIII GHEORGHE DOJA
IL,SCOALA GENERALA I-VIII GHEORGHE LAZAR / IL,15,direct_whole_name_match,124,SCOALA GENERALA I-VIII GHEORGHE LAZAR
IL,SCOALA GENERALA I-VIII GIMBASANI / IL,7,direct_whole_name_match,120,SCOALA GENERALA I-VIII GIMBASANI
IL,SCOALA GENERALA I-VIII GIURGENI / IL,11,direct_whole_name_match,125,SCOALA GENERALA I-VIII GIURGENI
IL,SCOALA GENERALA I-VIII GRINDU / IL,9,direct_whole_name_match,126,SCOALA GENERALA I-VIII GRINDU
IL,SCOALA GENERALA I-VIII GRIVITA / IL,17,direct_whole_name_match,127,SCOALA GENERALA I-VIII GRIVITA
IL,SCOALA GENERALA I-VIII GURA IALOMITEI / IL,11,direct_whole_name_match,131,SCOALA GENERALA I-VIII GURA IALOMITEI
IL,SCOALA GENERALA I-VIII IAZU / IL,3,direct_whole_name_match,147,SCOALA GENERALA I-VIII IAZU
IL,SCOALA GENERALA I-VIII JILAVELE / IL,26,direct_whole_name_match,185,SCOALA GENERALA I-VIII JILAVELE
IL,SCOALA GENERALA I-VIII LUCIU / IL,7,direct_whole_name_match,132,SCOALA GENERALA I-VIII LUCIU
IL,SCOALA GENERALA I-VIII M.KOGALNICEANU / IL,27,direct_whole_name_match,130,SCOALA GENERALA I-VIII M.KOGALNICEANU
IL,SCOALA GENERALA I-VIII MAIA / IL,9,direct_whole_name_match,174,SCOALA GENERALA I-VIII MAIA
IL,SCOALA GENERALA I-VIII MALTEZI / IL,6,direct_whole_name_match,149,SCOALA GENERALA I-VIII MALTEZI
IL,SCOALA GENERALA I-VIII MALU ROSU / IL,9,direct_whole_name_match,170,SCOALA GENERALA I-VIII MALU ROSU
IL,SCOALA GENERALA I-VIII MANASIA / IL,33,direct_whole_name_match,188,SCOALA GENERALA I-VIII MANASIA
IL,SCOALA GENERALA I-VIII MARCULESTI / IL,11,direct_whole_name_match,121,SCOALA GENERALA I-VIII MARCULESTI
IL,SCOALA GENERALA I-VIII MILOSESTI / IL,13,direct_whole_name_match,133,SCOALA GENERALA I-VIII MILOSESTI
IL,SCOALA GENERALA I-VIII MISLEANU / IL,4,direct_whole_name_match,139,SCOALA GENERALA I-VIII MISLEANU
IL,SCOALA GENERALA I-VIII MOLDOVENI / IL,8,direct_whole_name_match,179,SCOALA GENERALA I-VIII MOLDOVENI
IL,SCOALA GENERALA I-VIII MOVILA / IL,20,direct_whole_name_match,136,SCOALA GENERALA I-VIII MOVILA
IL,SCOALA GENERALA I-VIII MOVILITA / IL,5,direct_whole_name_match,186,SCOALA GENERALA I-VIII MOVILITA
IL,SCOALA GENERALA I-VIII NR.1 CONDEESTI / IL,1,direct_whole_name_match,176,SCOALA GENERALA I-VIII NR.1 CONDEESTI
IL,SCOALA GENERALA I-VIII NR.1 COSERENI / IL,20,direct_whole_name_match,177,SCOALA GENERALA I-VIII NR.1 COSERENI
IL,SCOALA GENERALA I-VIII NR.1 DRIDU / IL,20,direct_whole_name_match,180,SCOALA GENERALA I-VIII NR.1 DRIDU
IL,SCOALA GENERALA I-VIII NR.1 FACAENI / IL,31,direct_whole_name_match,122,SCOALA GENERALA I-VIII NR.1 FACAENI
IL,SCOALA GENERALA I-VIII NR.1 FETESTI / IL,19,direct_whole_name_match,153,SCOALA GENERALA I-VIII NR.1 FETESTI
IL,SCOALA GENERALA I-VIII NR.1 GIRBOVI / IL,6,direct_whole_name_match,182,SCOALA GENERALA I-VIII NR.1 GIRBOVI
IL,SCOALA GENERALA I-VIII NR.1 ION ROATA / IL,15,direct_whole_name_match,183,SCOALA GENERALA I-VIII NR.1 ION ROATA
IL,SCOALA GENERALA I-VIII NR.1 MUNTENI-BUZAU / IL,10,direct_whole_name_match,134,SCOALA GENERALA I-VIII NR.1 MUNTENI-BUZAU
IL,SCOALA GENERALA I-VIII NR.1 SINESTI / IL,2,direct_whole_name_match,189,SCOALA GENERALA I-VIII NR.1 SINESTI
IL,SCOALA GENERALA I-VIII NR.1 SLOBOZIA / IL,64,direct_whole_name_match,159,SCOALA GENERALA I-VIII NR.1 SLOBOZIA
IL,SCOALA GENERALA I-VIII NR.1 TANDAREI / IL,37,direct_whole_name_match,164,SCOALA GENERALA I-VIII NR.1 TANDAREI
IL,SCOALA GENERALA I-VIII NR.1 URZICENI / IL,131,direct_whole_name_match,191,SCOALA GENERALA I-VIII NR.1 URZICENI
IL,SCOALA GENERALA I-VIII NR.2 FETESTI / IL,14,direct_whole_name_match,154,SCOALA GENERALA I-VIII NR.2 FETESTI
IL,SCOALA GENERALA I-VIII NR.2 MUNTENI-BUZAU / IL,14,direct_whole_name_match,135,SCOALA GENERALA I-VIII NR.2 MUNTENI-BUZAU
IL,SCOALA GENERALA I-VIII NR.2 SLOBOZIA / IL,178,direct_whole_name_match,160,SCOALA GENERALA I-VIII NR.2 SLOBOZIA
IL,SCOALA GENERALA I-VIII NR.2 URZICENI / IL,110,direct_whole_name_match,192,SCOALA GENERALA I-VIII NR.2 URZICENI
IL,SCOALA GENERALA I-VIII NR.3 FETESTI / IL,46,direct_whole_name_match,196,SCOALA GENERALA I-VIII NR.3 FETESTI
IL,SCOALA GENERALA I-VIII NR.3 SLOBOZIA / IL,144,direct_whole_name_match,161,SCOALA GENERALA I-VIII NR.3 SLOBOZIA
IL,SCOALA GENERALA I-VIII NR.3 URZICENI / IL,9,direct_whole_name_match,193,SCOALA GENERALA I-VIII NR.3 URZICENI
IL,SCOALA GENERALA I-VIII NR.4 FETESTI / IL,14,direct_whole_name_match,155,SCOALA GENERALA I-VIII NR.4 FETESTI
IL,SCOALA GENERALA I-VIII NR.4 SLOBOZIA / IL,53,direct_whole_name_match,162,SCOALA GENERALA I-VIII NR.4 SLOBOZIA
IL,SCOALA GENERALA I-VIII NR.4 TANDAREI / IL,108,direct_whole_name_match,165,SCOALA GENERALA I-VIII NR.4 TANDAREI
IL,SCOALA GENERALA I-VIII NR.5 FETESTI / IL,20,direct_whole_name_match,156,SCOALA GENERALA I-VIII NR.5 FETESTI
IL,SCOALA GENERALA I-VIII NR.5 SLOBOZIA(SLOBOZIA NOUA / IL,14,direct_whole_name_match,163,SCOALA GENERALA I-VIII NR.5 SLOBOZIA(SLOBOZIA NOUA
IL,SCOALA GENERALA I-VIII NR.6 FETESTI / IL,37,direct_whole_name_match,157,SCOALA GENERALA I-VIII NR.6 FETESTI
IL,SCOALA GENERALA I-VIII NR.6 SLOBOZIA / IL,54,direct_whole_name_match,195,SCOALA GENERALA I-VIII NR.6 SLOBOZIA
IL,SCOALA GENERALA I-VIII NR.7 FETESTI / IL,188,direct_whole_name_match,158,SCOALA GENERALA I-VIII NR.7 FETESTI
IL,SCOALA GENERALA I-VIII OGRADA / IL,25,direct_whole_name_match,109,SCOALA GENERALA I-VIII OGRADA
IL,SCOALA GENERALA I-VIII OREZU / IL,3,direct_whole_name_match,113,SCOALA GENERALA I-VIII OREZU
IL,SCOALA GENERALA I-VIII PATRU FRATI / IL,2,direct_whole_name_match,168,SCOALA GENERALA I-VIII PATRU FRATI
IL,SCOALA GENERALA I-VIII PERIETI / IL,16,direct_whole_name_match,137,SCOALA GENERALA I-VIII PERIETI
IL,SCOALA GENERALA I-VIII PLATONESTI / IL,16,direct_whole_name_match,145,SCOALA GENERALA I-VIII PLATONESTI
IL,SCOALA GENERALA I-VIII POIANA / IL,5,direct_whole_name_match,116,SCOALA GENERALA I-VIII POIANA
IL,SCOALA GENERALA I-VIII RASI / IL,1,direct_whole_name_match,143,SCOALA GENERALA I-VIII RASI
IL,SCOALA GENERALA I-VIII REVIGA / IL,11,direct_whole_name_match,140,SCOALA GENERALA I-VIII REVIGA
IL,SCOALA GENERALA I-VIII ROSIORI / IL,4,direct_whole_name_match,187,SCOALA GENERALA I-VIII ROSIORI
IL,SCOALA GENERALA I-VIII ROVINE / IL,4,direct_whole_name_match,141,SCOALA GENERALA I-VIII ROVINE
IL,SCOALA GENERALA I-VIII SAVENI / IL,20,direct_whole_name_match,144,SCOALA GENERALA I-VIII SAVENI
IL,SCOALA GENERALA I-VIII SCINTEIA / IL,8,direct_whole_name_match,146,SCOALA GENERALA I-VIII SCINTEIA
IL,SCOALA GENERALA I-VIII SMIRNA / IL,3,direct_whole_name_match,128,SCOALA GENERALA I-VIII SMIRNA
IL,SCOALA GENERALA I-VIII STEJARU / IL,8,direct_whole_name_match,138,SCOALA GENERALA I-VIII STEJARU
IL,SCOALA GENERALA I-VIII SUDITI / IL,13,direct_whole_name_match,150,SCOALA GENERALA I-VIII SUDITI
IL,SCOALA GENERALA I-VIII TRAIAN / IL,17,direct_whole_name_match,129,SCOALA GENERALA I-VIII TRAIAN
IL,SCOALA GENERALA I-VIII VALEA CIORII / IL,7,direct_whole_name_match,151,SCOALA GENERALA I-VIII VALEA CIORII
IL,SCOALA GENERALA I-VIII VALEA MACRISULUI / IL,3,direct_whole_name_match,190,SCOALA GENERALA I-VIII VALEA MACRISULUI
IL,SCOALA GENERALA I-VIII VLADENI / IL,15,direct_whole_name_match,152,SCOALA GENERALA I-VIII VLADENI
IL,SCOALA NORMALA  SLOBOZIA / IL,96,direct_whole_name_match,203,SCOALA NORMALA  SLOBOZIA
IL,SCOALA RADESTI / GL,1,outside_county_origin,,
IL,scoala cu clasele I-VIII Rasova / CT,1,outside_county_origin,,
IL,scoala cu clasele I-VIII nr. 2 Navodari / CT,1,outside_county_origin,,
IL,scoala cu clasele I-VIII nr. 4 Cernavoda / CT,1,outside_county_origin,,
IL,scoala sanatoriala Mangalia / CT,1,outside_county_origin,,
MH,COLEGIUL  TRAIAN  / MH,54,direct_whole_name_match,232,COLEGIUL  TRAIAN
MH,"COLEGIUL NATIONAL ""GEORGE COSBUC"",MOTRU / GJ",3,outside_county_origin,,
MH,GR.SC. CONSTANTIN BRINCOVEANU  / MH,33,direct_whole_name_match,237,GR.SC. CONSTANTIN BRINCOVEANU
MH,GR.SC. DECEBAL  / MH,45,direct_whole_name_match,228,GR.SC. DECEBAL
MH,GR.SC. MATEI BASARAB  / MH,22,direct_whole_name_match,235,GR.SC. MATEI BASARAB
MH,GR.SC.CONSTR.MONTAJ / MH,4,direct_whole_name_match,229,GR.SC.CONSTR.MONTAJ
MH,GRUP SCOLAR  DL.TUDOR  / MH,26,direct_whole_name_match,227,GRUP SCOLAR  DL.TUDOR
MH,GRUP SCOLAR INDUSTRIAL ENERGETIC TURCENI / GJ,1,outside_county_origin,,
MH,LIC.DE ARTA  I.ST.PAULIAN  / MH,26,direct_whole_name_match,233,LIC.DE ARTA  I.ST.PAULIAN
MH,LIC.PEDAGOGIC  ST.ODOBLEJA  / MH,50,direct_whole_name_match,230,LIC.PEDAGOGIC  ST.ODOBLEJA
MH,LICEUL TEORETIC  GHE.IONESCU SISESTI  / MH,8,direct_whole_name_match,236,LICEUL TEORETIC  GHE.IONESCU SISESTI
MH,LICEUL TEORETIC  GHE.TITEICA  / MH,34,direct_whole_name_match,231,LICEUL TEORETIC  GHE.TITEICA
MH,LICEUL TEORETIC BAILE HERCULANE / CS,6,outside_county_origin,,
MH,LICEUL TEORETIC CUJMIR / MH,25,direct_whole_name_match,234,LICEUL TEORETIC CUJMIR
MH,SC.CU CLS.I-VIII ALBULESTI / MH,1,direct_whole_name_match,159,SC.CU CLS.I-VIII ALBULESTI
MH,SC.CU CLS.I-VIII AURORA / MH,11,direct_whole_name_match,154,SC.CU CLS.I-VIII AURORA
MH,SC.CU CLS.I-VIII BALA / MH,11,direct_whole_name_match,127,SC.CU CLS.I-VIII BALA
MH,SC.CU CLS.I-VIII BALACITA / MH,3,direct_whole_name_match,132,SC.CU CLS.I-VIII BALACITA
MH,SC.CU CLS.I-VIII BALATA VERDE / MH,2,direct_whole_name_match,166,SC.CU CLS.I-VIII BALATA VERDE
MH,SC.CU CLS.I-VIII BALTA / MH,1,direct_whole_name_match,131,SC.CU CLS.I-VIII BALTA
MH,SC.CU CLS.I-VIII BICLES / MH,6,direct_whole_name_match,134,SC.CU CLS.I-VIII BICLES
MH,SC.CU CLS.I-VIII BILVANESTI / MH,2,direct_whole_name_match,136,SC.CU CLS.I-VIII BILVANESTI
MH,SC.CU CLS.I-VIII BISTRITA / MH,2,direct_whole_name_match,175,SC.CU CLS.I-VIII BISTRITA
MH,SC.CU CLS.I-VIII BRANISTEA / MH,7,direct_whole_name_match,222,SC.CU CLS.I-VIII BRANISTEA
MH,SC.CU CLS.I-VIII BREZNITA MOTR / MH,4,direct_whole_name_match,138,SC.CU CLS.I-VIII BREZNITA MOTR
MH,SC.CU CLS.I-VIII BREZNITA OCOL / MH,4,direct_whole_name_match,140,SC.CU CLS.I-VIII BREZNITA OCOL
MH,SC.CU CLS.I-VIII BROSTENI / MH,2,direct_whole_name_match,142,SC.CU CLS.I-VIII BROSTENI
MH,SC.CU CLS.I-VIII BURILA MARE / MH,6,direct_whole_name_match,144,SC.CU CLS.I-VIII BURILA MARE
MH,SC.CU CLS.I-VIII BUTOIESTI / MH,1,direct_whole_name_match,146,SC.CU CLS.I-VIII BUTOIESTI
MH,SC.CU CLS.I-VIII CAZANESTI / MH,1,direct_whole_name_match,148,SC.CU CLS.I-VIII CAZANESTI
MH,SC.CU CLS.I-VIII CERNETI / MH,6,direct_whole_name_match,116,SC.CU CLS.I-VIII CERNETI
MH,SC.CU CLS.I-VIII CIOCHIUTA / MH,11,direct_whole_name_match,122,SC.CU CLS.I-VIII CIOCHIUTA
MH,SC.CU CLS.I-VIII CIOROBORENI / MH,4,direct_whole_name_match,186,SC.CU CLS.I-VIII CIOROBORENI
MH,SC.CU CLS.I-VIII CIRESU / MH,3,direct_whole_name_match,150,SC.CU CLS.I-VIII CIRESU
MH,SC.CU CLS.I-VIII COMANDA / MH,4,direct_whole_name_match,123,SC.CU CLS.I-VIII COMANDA
MH,SC.CU CLS.I-VIII CORCOVA / MH,9,direct_whole_name_match,151,SC.CU CLS.I-VIII CORCOVA
MH,SC.CU CLS.I-VIII CORLATEL / MH,7,direct_whole_name_match,153,SC.CU CLS.I-VIII CORLATEL
MH,SC.CU CLS.I-VIII CRAGUIESTI / MH,4,direct_whole_name_match,214,SC.CU CLS.I-VIII CRAGUIESTI
MH,SC.CU CLS.I-VIII CRAINICI / MH,9,direct_whole_name_match,128,SC.CU CLS.I-VIII CRAINICI
MH,SC.CU CLS.I-VIII CRIVINA / MH,2,direct_whole_name_match,145,SC.CU CLS.I-VIII CRIVINA
MH,SC.CU CLS.I-VIII DANCEU / MH,7,direct_whole_name_match,187,SC.CU CLS.I-VIII DANCEU
MH,SC.CU CLS.I-VIII DELENI / MH,4,direct_whole_name_match,139,SC.CU CLS.I-VIII DELENI
MH,SC.CU CLS.I-VIII DEVESEL / MH,15,direct_whole_name_match,155,SC.CU CLS.I-VIII DEVESEL
MH,SC.CU CLS.I-VIII DILMA / MH,2,direct_whole_name_match,129,SC.CU CLS.I-VIII DILMA
MH,SC.CU CLS.I-VIII DIRVARI / MH,3,direct_whole_name_match,156,SC.CU CLS.I-VIII DIRVARI
MH,SC.CU CLS.I-VIII EIBENTHAL / MH,1,direct_whole_name_match,198,SC.CU CLS.I-VIII EIBENTHAL
MH,SC.CU CLS.I-VIII ESELNITA / MH,13,direct_whole_name_match,178,SC.CU CLS.I-VIII ESELNITA
MH,SC.CU CLS.I-VIII FLORESTI / MH,11,direct_whole_name_match,160,SC.CU CLS.I-VIII FLORESTI
MH,SC.CU CLS.I-VIII GIRLA MARE / MH,16,direct_whole_name_match,162,SC.CU CLS.I-VIII GIRLA MARE
MH,SC.CU CLS.I-VIII GOGOSU / MH,8,direct_whole_name_match,165,SC.CU CLS.I-VIII GOGOSU
MH,SC.CU CLS.I-VIII GRECI / MH,2,direct_whole_name_match,169,SC.CU CLS.I-VIII GRECI
MH,SC.CU CLS.I-VIII GRUIA / MH,5,direct_whole_name_match,172,SC.CU CLS.I-VIII GRUIA
MH,SC.CU CLS.I-VIII GVARDINITA / MH,1,direct_whole_name_match,133,SC.CU CLS.I-VIII GVARDINITA
MH,SC.CU CLS.I-VIII HALINGA / MH,2,direct_whole_name_match,184,SC.CU CLS.I-VIII HALINGA
MH,SC.CU CLS.I-VIII HINOVA / MH,1,direct_whole_name_match,174,SC.CU CLS.I-VIII HINOVA
MH,SC.CU CLS.I-VIII ILOVAT / MH,3,direct_whole_name_match,179,SC.CU CLS.I-VIII ILOVAT
MH,SC.CU CLS.I-VIII ILOVITA / MH,8,direct_whole_name_match,180,SC.CU CLS.I-VIII ILOVITA
MH,SC.CU CLS.I-VIII ISVERNA / MH,5,direct_whole_name_match,181,SC.CU CLS.I-VIII ISVERNA
MH,SC.CU CLS.I-VIII IZVORALU / MH,1,direct_whole_name_match,218,SC.CU CLS.I-VIII IZVORALU
MH,SC.CU CLS.I-VIII IZVORU ANESTI / MH,1,direct_whole_name_match,190,SC.CU CLS.I-VIII IZVORU ANESTI
MH,SC.CU CLS.I-VIII IZVORU BIRZII / MH,4,direct_whole_name_match,183,SC.CU CLS.I-VIII IZVORU BIRZII
MH,SC.CU CLS.I-VIII JIANA / MH,14,direct_whole_name_match,185,SC.CU CLS.I-VIII JIANA
MH,SC.CU CLS.I-VIII JIANA VECHE / MH,5,direct_whole_name_match,188,SC.CU CLS.I-VIII JIANA VECHE
MH,SC.CU CLS.I-VIII JIDOSTITA / MH,2,direct_whole_name_match,141,SC.CU CLS.I-VIII JIDOSTITA
MH,SC.CU CLS.I-VIII JIROV / MH,3,direct_whole_name_match,152,SC.CU CLS.I-VIII JIROV
MH,SC.CU CLS.I-VIII LIVEZILE / MH,3,direct_whole_name_match,189,SC.CU CLS.I-VIII LIVEZILE
MH,SC.CU CLS.I-VIII LUPSA DE JOS / MH,9,direct_whole_name_match,143,SC.CU CLS.I-VIII LUPSA DE JOS
MH,SC.CU CLS.I-VIII MALOVAT / MH,1,direct_whole_name_match,191,SC.CU CLS.I-VIII MALOVAT
MH,SC.CU CLS.I-VIII MARASESTI / MH,13,direct_whole_name_match,117,SC.CU CLS.I-VIII MARASESTI
MH,SC.CU CLS.I-VIII NADANOVA / MH,2,direct_whole_name_match,182,SC.CU CLS.I-VIII NADANOVA
MH,SC.CU CLS.I-VIII NEGOIESTI / MH,9,direct_whole_name_match,118,SC.CU CLS.I-VIII NEGOIESTI
MH,SC.CU CLS.I-VIII NICOL.BALCESC / MH,6,direct_whole_name_match,125,SC.CU CLS.I-VIII NICOL.BALCESC
MH,SC.CU CLS.I-VIII NOAPTESA / MH,6,direct_whole_name_match,215,SC.CU CLS.I-VIII NOAPTESA
MH,SC.CU CLS.I-VIII NR 01 SEVERIN / MH,31,direct_whole_name_match,101,SC.CU CLS.I-VIII NR 01 SEVERIN
MH,SC.CU CLS.I-VIII NR 02 SEVERIN / MH,108,direct_whole_name_match,102,SC.CU CLS.I-VIII NR 02 SEVERIN
MH,SC.CU CLS.I-VIII NR 03 SEVERIN / MH,34,direct_whole_name_match,103,SC.CU CLS.I-VIII NR 03 SEVERIN
MH,SC.CU CLS.I-VIII NR 04 SEVERIN / MH,91,direct_whole_name_match,104,SC.CU CLS.I-VIII NR 04 SEVERIN
MH,SC.CU CLS.I-VIII NR 05 SEVERIN / MH,13,direct_whole_name_match,105,SC.CU CLS.I-VIII NR 05 SEVERIN
MH,SC.CU CLS.I-VIII NR 06 SEVERIN / MH,160,direct_whole_name_match,106,SC.CU CLS.I-VIII NR 06 SEVERIN
MH,SC.CU CLS.I-VIII NR 07 SEVERIN / MH,77,direct_whole_name_match,107,SC.CU CLS.I-VIII NR 07 SEVERIN
MH,SC.CU CLS.I-VIII NR 08 SEVERIN / MH,35,direct_whole_name_match,108,SC.CU CLS.I-VIII NR 08 SEVERIN
MH,SC.CU CLS.I-VIII NR 09 SEVERIN / MH,87,direct_whole_name_match,109,SC.CU CLS.I-VIII NR 09 SEVERIN
MH,SC.CU CLS.I-VIII NR 10 SEVERIN / MH,39,direct_whole_name_match,110,SC.CU CLS.I-VIII NR 10 SEVERIN
MH,SC.CU CLS.I-VIII NR 11 SEVERIN / MH,42,direct_whole_name_match,111,SC.CU CLS.I-VIII NR 11 SEVERIN
MH,SC.CU CLS.I-VIII NR 13 SEVERIN / MH,18,direct_whole_name_match,112,SC.CU CLS.I-VIII NR 13 SEVERIN
MH,SC.CU CLS.I-VIII NR 14 SEVERIN / MH,76,direct_whole_name_match,113,SC.CU CLS.I-VIII NR 14 SEVERIN
MH,SC.CU CLS.I-VIII NR 15 SEVERIN / MH,60,direct_whole_name_match,114,SC.CU CLS.I-VIII NR 15 SEVERIN
MH,SC.CU CLS.I-VIII OB.DE CIMP / MH,5,direct_whole_name_match,193,SC.CU CLS.I-VIII OB.DE CIMP
MH,SC.CU CLS.I-VIII OBIRSIA CLOSA / MH,3,direct_whole_name_match,119,SC.CU CLS.I-VIII OBIRSIA CLOSA
MH,SC.CU CLS.I-VIII OPRISOR / MH,13,direct_whole_name_match,194,SC.CU CLS.I-VIII OPRISOR
MH,SC.CU CLS.I-VIII OREVITA MARE / MH,11,direct_whole_name_match,126,SC.CU CLS.I-VIII OREVITA MARE
MH,SC.CU CLS.I-VIII ORSOVA / MH,148,direct_whole_name_match,120,SC.CU CLS.I-VIII ORSOVA
MH,SC.CU CLS.I-VIII P F II OST.MA / MH,16,direct_whole_name_match,168,SC.CU CLS.I-VIII P F II OST.MA
MH,SC.CU CLS.I-VIII PADINA MARE / MH,3,direct_whole_name_match,195,SC.CU CLS.I-VIII PADINA MARE
MH,SC.CU CLS.I-VIII PATULELE / MH,21,direct_whole_name_match,196,SC.CU CLS.I-VIII PATULELE
MH,SC.CU CLS.I-VIII PIRLAGELE / MH,1,direct_whole_name_match,137,SC.CU CLS.I-VIII PIRLAGELE
MH,SC.CU CLS.I-VIII PLOPI / MH,1,direct_whole_name_match,219,SC.CU CLS.I-VIII PLOPI
MH,SC.CU CLS.I-VIII PODENI / MH,5,direct_whole_name_match,199,SC.CU CLS.I-VIII PODENI
MH,SC.CU CLS.I-VIII PONOARELE / MH,8,direct_whole_name_match,200,SC.CU CLS.I-VIII PONOARELE
MH,SC.CU CLS.I-VIII POROINA MARE / MH,3,direct_whole_name_match,202,SC.CU CLS.I-VIII POROINA MARE
MH,SC.CU CLS.I-VIII PRISTOL / MH,6,direct_whole_name_match,203,SC.CU CLS.I-VIII PRISTOL
MH,SC.CU CLS.I-VIII PROITESTI / MH,5,direct_whole_name_match,201,SC.CU CLS.I-VIII PROITESTI
MH,SC.CU CLS.I-VIII PUNGHINA / MH,5,direct_whole_name_match,208,SC.CU CLS.I-VIII PUNGHINA
MH,SC.CU CLS.I-VIII RECEA / MH,4,direct_whole_name_match,209,SC.CU CLS.I-VIII RECEA
MH,SC.CU CLS.I-VIII ROGOVA / MH,11,direct_whole_name_match,210,SC.CU CLS.I-VIII ROGOVA
MH,SC.CU CLS.I-VIII RUDINA / MH,5,direct_whole_name_match,130,SC.CU CLS.I-VIII RUDINA
MH,SC.CU CLS.I-VIII SALCIA / MH,19,direct_whole_name_match,211,SC.CU CLS.I-VIII SALCIA
MH,SC.CU CLS.I-VIII SEVERINESTI / MH,1,direct_whole_name_match,149,SC.CU CLS.I-VIII SEVERINESTI
MH,SC.CU CLS.I-VIII SIMIAN / MH,17,direct_whole_name_match,115,SC.CU CLS.I-VIII SIMIAN
MH,SC.CU CLS.I-VIII SOVARNA / MH,5,direct_whole_name_match,216,SC.CU CLS.I-VIII SOVARNA
MH,SC.CU CLS.I-VIII STINGACEAUA / MH,4,direct_whole_name_match,212,SC.CU CLS.I-VIII STINGACEAUA
MH,SC.CU CLS.I-VIII STREHAIA / MH,77,direct_whole_name_match,121,SC.CU CLS.I-VIII STREHAIA
MH,SC.CU CLS.I-VIII SUSITA / MH,1,direct_whole_name_match,171,SC.CU CLS.I-VIII SUSITA
MH,SC.CU CLS.I-VIII SVINITA / MH,9,direct_whole_name_match,213,SC.CU CLS.I-VIII SVINITA
MH,SC.CU CLS.I-VIII TIMNA / MH,6,direct_whole_name_match,217,SC.CU CLS.I-VIII TIMNA
MH,SC.CU CLS.I-VIII VALEA URSULUI / MH,1,direct_whole_name_match,220,SC.CU CLS.I-VIII VALEA URSULUI
MH,SC.CU CLS.I-VIII VINATORI / MH,15,direct_whole_name_match,221,SC.CU CLS.I-VIII VINATORI
MH,SC.CU CLS.I-VIII VINJU MARE / MH,46,direct_whole_name_match,124,SC.CU CLS.I-VIII VINJU MARE
MH,SC.CU CLS.I-VIII VINJULET / MH,7,direct_whole_name_match,223,SC.CU CLS.I-VIII VINJULET
MH,SC.CU CLS.I-VIII VLADAIA / MH,1,direct_whole_name_match,224,SC.CU CLS.I-VIII VLADAIA
MH,SC.CU CLS.I-VIII VOLOIAC / MH,2,direct_whole_name_match,225,SC.CU CLS.I-VIII VOLOIAC
MH,SC.CU CLS.I-VIII VRATA / MH,12,direct_whole_name_match,163,SC.CU CLS.I-VIII VRATA
MH,SC.CU CLS.I-VIII ZEGUJANI / MH,6,direct_whole_name_match,161,SC.CU CLS.I-VIII ZEGUJANI
MH,"SCOALA CU CL.I-VIII NR.19 ""AVRAM IANCU"" TIMISOARA / TM",1,outside_county_origin,,
MH,SCOALA CU CLASELE I - VIII BUSU / DJ,1,outside_county_origin,,
MH,SCOALA CU CLASELE I - VIII CLEANOV / DJ,1,outside_county_origin,,
MH,SCOALA CU CLASELE I - VIII IZVOARE / DJ,1,outside_county_origin,,
MH,SCOALA CU CLASELE I - VIII MAGLAVIT / DJ,1,outside_county_origin,,
MH,SCOALA CU CLASELE I - VIII NR  1 GHE. BRAESCU CALA / DJ,1,outside_county_origin,,
MH,SCOALA CU CLASELE I-VIII CIORTESTI / IS,1,outside_county_origin,,
MH,SCOALA GENERALA BOLBOSI / GJ,1,outside_county_origin,,
MH,"SCOALA GENERALA CALUGARENI, PADES / GJ",6,outside_county_origin,,
MH,"SCOALA GENERALA CELEI, TISMANA / GJ",1,outside_county_origin,,
MH,SCOALA GENERALA CLASELE I - VIII NR 06 SIGHISOARA / MS,1,outside_county_origin,,
MH,SCOALA GENERALA CLS I - VIII NR 9 HUNEDOARA / HD,1,outside_county_origin,,
MH,SCOALA GENERALA CUPTOARE / CS,1,outside_county_origin,,
MH,SCOALA GENERALA DE 8 ANI VIISOARA / TR,1,outside_county_origin,,
MH,SCOALA GENERALA GLOGOVA / GJ,2,outside_county_origin,,
MH,SCOALA GENERALA IABLANITA / CS,1,outside_county_origin,,
MH,"SCOALA GENERALA MOTRU-SEC, PADES / GJ",5,outside_county_origin,,
MH,SCOALA GENERALA NR.1 MOTRU / GJ,6,outside_county_origin,,
MH,SCOALA GENERALA NR.2 MOTRU / GJ,1,outside_county_origin,,
MH,SCOALA GENERALA PADES / GJ,8,outside_county_origin,,
MH,"SCOALA GENERALA PLOSTINA, MOTRU / GJ",1,outside_county_origin,,
MH,SCOALA GENERALA SAT RADESTI / AG,1,outside_county_origin,,
MH,SCOALA GENERALA SLIVILESTI / GJ,2,outside_county_origin,,
MH,"SCOALA GENERALA SOHODOL, TISMANA / GJ",2,outside_county_origin,,
MH,SCOALA GENERALA TOPLET / CS,12,outside_county_origin,,
MH,"SCOALA GENERALA VALEA MINASTIRII, CATUNE / GJ",1,outside_county_origin,,
MH,"SCOALA NR.11 ""IORGU IORDAN"" TECUCI / GL",1,outside_county_origin,,
OT,"COLEGIUL NATIONAL ""A.I.CUZA"" CORABIA / OT",28,direct_whole_name_match,107,"COLEGIUL NATIONAL ""A.I.CUZA"" CORABIA"
OT,"COLEGIUL NATIONAL ""ION MINULESCU"" SLATINA / OT",61,direct_whole_name_match,104,"COLEGIUL NATIONAL ""ION MINULESCU"" SLATINA"
OT,"COLEGIUL NATIONAL ""RADU GRECEANU"" SLATINA / OT",51,direct_whole_name_match,103,"COLEGIUL NATIONAL ""RADU GRECEANU"" SLATINA"
OT,"COLEGIUL NATIONAL VOCATIONAL ""NICOLAE TITULESCU"" S / OT",168,direct_whole_name_match,307,"COLEGIUL NATIONAL VOCATIONAL ""NICOLAE TITULESCU"" S"
OT,GRUP SCOLAR AGRICOL LOVRIN / TM,1,outside_county_origin,,
OT,GRUP SCOLAR INDUSTRIAL CONSTRUCTII DE MASINI BALS / OT,106,direct_whole_name_match,299,GRUP SCOLAR INDUSTRIAL CONSTRUCTII DE MASINI BALS
OT,GRUP SCOLAR INDUSTRIAL METALURGIC SLATINA / OT,25,direct_whole_name_match,256,GRUP SCOLAR INDUSTRIAL METALURGIC SLATINA
OT,GRUPUL SCOLAR INDUSTRIAL CONSTRUCTII MONTAJ SLATIN / OT,23,direct_whole_name_match,105,GRUPUL SCOLAR INDUSTRIAL CONSTRUCTII MONTAJ SLATIN
OT,LICEUL CU PROGRAM SPORTIV  SLATINA / OT,147,direct_whole_name_match,261,LICEUL CU PROGRAM SPORTIV  SLATINA
OT,LICEUL INDUSTRIAL PIATRA-OLT / OT,28,direct_whole_name_match,101,LICEUL INDUSTRIAL PIATRA-OLT
OT,LICEUL TEORETIC  BALS / OT,145,direct_whole_name_match,257,LICEUL TEORETIC  BALS
OT,LICEUL TEORETIC  VALENI / OT,8,direct_whole_name_match,308,LICEUL TEORETIC  VALENI
OT,LICEUL TEORETIC  VITOMIRESTI / OT,31,direct_whole_name_match,304,LICEUL TEORETIC  VITOMIRESTI
OT,"LICEUL TEORETIC ""TUDOR VLADIMIRESCU"" DRAGANESTI-OL / OT",113,direct_whole_name_match,108,"LICEUL TEORETIC ""TUDOR VLADIMIRESCU"" DRAGANESTI-OL"
OT,LICEUL TEORETIC IANCU JIANU / OT,22,direct_whole_name_match,309,LICEUL TEORETIC IANCU JIANU
OT,LICEUL TEORETIC OSICA DE SUS / OT,18,direct_whole_name_match,310,LICEUL TEORETIC OSICA DE SUS
OT,LICEUL TEORETIC POTCOAVA / OT,52,direct_whole_name_match,311,LICEUL TEORETIC POTCOAVA
OT,S08 VULPESTI / AG,1,outside_county_origin,,
OT,SC. GEN. CLS. 1-8 LAUNELE / AG,1,outside_county_origin,,
OT,SCOALA  DRAGOESTI / VL,1,outside_county_origin,,
OT,SCOALA 1 DRAGASANI / VL,1,outside_county_origin,,
OT,SCOALA 2 DRAGASANI / VL,3,outside_county_origin,,
OT,SCOALA BARBATESTI / VL,1,outside_county_origin,,
OT,SCOALA CU CLASELE I - VIII AMARASTII DE SUS / DJ,2,outside_county_origin,,
OT,SCOALA CU CLASELE I - VIII CATANE / DJ,1,outside_county_origin,,
OT,SCOALA CU CLASELE I - VIII CIOCANESTI / DJ,2,outside_county_origin,,
OT,SCOALA CU CLASELE I - VIII COSOVENI / DJ,1,outside_county_origin,,
OT,SCOALA CU CLASELE I - VIII DIOSTI / DJ,1,outside_county_origin,,
OT,SCOALA CU CLASELE I - VIII DOBROTESTI / DJ,1,outside_county_origin,,
OT,SCOALA CU CLASELE I - VIII FARCAS / DJ,1,outside_county_origin,,
OT,SCOALA CU CLASELE I - VIII NR  1 DABULENI / DJ,1,outside_county_origin,,
OT,"SCOALA CU CLASELE I - VIII NR 30 ""MIHAI VITEAZUL"" / DJ",1,outside_county_origin,,
OT,SCOALA CU CLASELE I - VIII PRAPOR / DJ,2,outside_county_origin,,
OT,SCOALA CU CLASELE I - VIII PREAJBA DE PADURE / DJ,1,outside_county_origin,,
OT,SCOALA CU CLASELE I - VIII ROBANESTII DE JOS / DJ,1,outside_county_origin,,
OT,SCOALA CU CLASELE I-VIII NR. 139 / B,1,outside_county_origin,,
OT,SCOALA CU CLASELE I-VIII NR.03 HUSI / VS,1,outside_county_origin,,
OT,SCOALA CU CLASELE I-VIII NR.12 SLATINA / OT,7,direct_whole_name_match,313,SCOALA CU CLASELE I-VIII NR.12 SLATINA
OT,SCOALA CU CLASELE I-VIII SCARISOARA / OT,17,direct_whole_name_match,102,SCOALA CU CLASELE I-VIII SCARISOARA
OT,SCOALA DOBRUSA / VL,1,outside_county_origin,,
OT,SCOALA FAURESTI / VL,1,outside_county_origin,,
OT,"SCOALA GENERALA ""GHEORGHE MAGHERU"" NR 5 CU CLASELE / OT",47,direct_whole_name_match,269,"SCOALA GENERALA ""GHEORGHE MAGHERU"" NR 5 CU CLASELE"
OT,"SCOALA GENERALA CLASELE I VIII ""T.VLADIMIRESCU"" NR / OT",8,direct_whole_name_match,301,"SCOALA GENERALA CLASELE I VIII ""T.VLADIMIRESCU"" NR"
OT,SCOALA GENERALA CLASELE I VIII MARGINENI SLOBOZIA / OT,23,direct_whole_name_match,302,SCOALA GENERALA CLASELE I VIII MARGINENI SLOBOZIA
OT,SCOALA GENERALA CLASELE I VIII NR 7 CARACAL / OT,152,direct_whole_name_match,300,SCOALA GENERALA CLASELE I VIII NR 7 CARACAL
OT,SCOALA GENERALA CLASELE I-VIII CELEIU CORABIA / OT,4,direct_whole_name_match,286,SCOALA GENERALA CLASELE I-VIII CELEIU CORABIA
OT,SCOALA GENERALA CLASELE I-VIII DRAGANESTI-OLT / OT,11,direct_whole_name_match,314,SCOALA GENERALA CLASELE I-VIII DRAGANESTI-OLT
OT,SCOALA GENERALA CLASELE I-VIII SCORNICESTI / OT,148,direct_whole_name_match,303,SCOALA GENERALA CLASELE I-VIII SCORNICESTI
OT,SCOALA GENERALA CLASELE I-VIII URSA COM.GIRCOV / OT,8,direct_whole_name_match,289,SCOALA GENERALA CLASELE I-VIII URSA COM.GIRCOV
OT,SCOALA GENERALA CLS I-VIII  DRAGHICENI / OT,11,direct_whole_name_match,110,SCOALA GENERALA CLS I-VIII  DRAGHICENI
OT,SCOALA GENERALA CU  CLASELE I-VIII  MARGARITESTI / OT,17,direct_whole_name_match,251,SCOALA GENERALA CU  CLASELE I-VIII  MARGARITESTI
OT,SCOALA GENERALA CU CLASELA I-VIII  BUCINISU / OT,7,direct_whole_name_match,126,SCOALA GENERALA CU CLASELA I-VIII  BUCINISU
OT,SCOALA GENERALA CU CLASELE I-VIII   PROFA / OT,1,direct_whole_name_match,230,SCOALA GENERALA CU CLASELE I-VIII   PROFA
OT,"SCOALA GENERALA CU CLASELE I-VIII  ""MATEI BASARAB"" / OT",16,direct_whole_name_match,124,"SCOALA GENERALA CU CLASELE I-VIII  ""MATEI BASARAB"""
OT,SCOALA GENERALA CU CLASELE I-VIII  ALIMANESTI / OT,8,direct_whole_name_match,174,SCOALA GENERALA CU CLASELE I-VIII  ALIMANESTI
OT,SCOALA GENERALA CU CLASELE I-VIII  BACEA / OT,10,direct_whole_name_match,184,SCOALA GENERALA CU CLASELE I-VIII  BACEA
OT,SCOALA GENERALA CU CLASELE I-VIII  BALDOVINESTI / OT,13,direct_whole_name_match,113,SCOALA GENERALA CU CLASELE I-VIII  BALDOVINESTI
OT,SCOALA GENERALA CU CLASELE I-VIII  BARASTII DE VED / OT,2,direct_whole_name_match,115,SCOALA GENERALA CU CLASELE I-VIII  BARASTII DE VED
OT,SCOALA GENERALA CU CLASELE I-VIII  BIRCII / OT,28,direct_whole_name_match,284,SCOALA GENERALA CU CLASELE I-VIII  BIRCII
OT,SCOALA GENERALA CU CLASELE I-VIII  BIRZA / OT,4,direct_whole_name_match,117,SCOALA GENERALA CU CLASELE I-VIII  BIRZA
OT,SCOALA GENERALA CU CLASELE I-VIII  BRANET / OT,7,direct_whole_name_match,118,SCOALA GENERALA CU CLASELE I-VIII  BRANET
OT,SCOALA GENERALA CU CLASELE I-VIII  BRASTAVATU / OT,17,direct_whole_name_match,121,SCOALA GENERALA CU CLASELE I-VIII  BRASTAVATU
OT,SCOALA GENERALA CU CLASELE I-VIII  BREBENI / OT,7,direct_whole_name_match,123,SCOALA GENERALA CU CLASELE I-VIII  BREBENI
OT,SCOALA GENERALA CU CLASELE I-VIII  CALINESTI / OT,2,direct_whole_name_match,210,SCOALA GENERALA CU CLASELE I-VIII  CALINESTI
OT,SCOALA GENERALA CU CLASELE I-VIII  CALUI / OT,13,direct_whole_name_match,188,SCOALA GENERALA CU CLASELE I-VIII  CALUI
OT,SCOALA GENERALA CU CLASELE I-VIII  CAZANESTI / OT,3,direct_whole_name_match,245,SCOALA GENERALA CU CLASELE I-VIII  CAZANESTI
OT,SCOALA GENERALA CU CLASELE I-VIII  CEZIENI / OT,2,direct_whole_name_match,127,SCOALA GENERALA CU CLASELE I-VIII  CEZIENI
OT,SCOALA GENERALA CU CLASELE I-VIII  CILIENI / OT,16,direct_whole_name_match,128,SCOALA GENERALA CU CLASELE I-VIII  CILIENI
OT,SCOALA GENERALA CU CLASELE I-VIII  CIOROIU / OT,10,direct_whole_name_match,154,SCOALA GENERALA CU CLASELE I-VIII  CIOROIU
OT,SCOALA GENERALA CU CLASELE I-VIII  CIRLOGANI / OT,7,direct_whole_name_match,129,SCOALA GENERALA CU CLASELE I-VIII  CIRLOGANI
OT,SCOALA GENERALA CU CLASELE I-VIII  COLONESTI / OT,4,direct_whole_name_match,131,SCOALA GENERALA CU CLASELE I-VIII  COLONESTI
OT,SCOALA GENERALA CU CLASELE I-VIII  COMANCA / OT,10,direct_whole_name_match,145,SCOALA GENERALA CU CLASELE I-VIII  COMANCA
OT,SCOALA GENERALA CU CLASELE I-VIII  COMANITA / OT,1,direct_whole_name_match,252,SCOALA GENERALA CU CLASELE I-VIII  COMANITA
OT,SCOALA GENERALA CU CLASELE I-VIII  CORBU / OT,7,direct_whole_name_match,133,SCOALA GENERALA CU CLASELE I-VIII  CORBU
OT,SCOALA GENERALA CU CLASELE I-VIII  CORNATELU / OT,12,direct_whole_name_match,208,SCOALA GENERALA CU CLASELE I-VIII  CORNATELU
OT,SCOALA GENERALA CU CLASELE I-VIII  COTEANA / OT,12,direct_whole_name_match,135,SCOALA GENERALA CU CLASELE I-VIII  COTEANA
OT,SCOALA GENERALA CU CLASELE I-VIII  CRACIUNEI / OT,2,direct_whole_name_match,211,SCOALA GENERALA CU CLASELE I-VIII  CRACIUNEI
OT,SCOALA GENERALA CU CLASELE I-VIII  CRIMPOIA / OT,21,direct_whole_name_match,136,SCOALA GENERALA CU CLASELE I-VIII  CRIMPOIA
OT,SCOALA GENERALA CU CLASELE I-VIII  CRUSOVU / OT,6,direct_whole_name_match,122,SCOALA GENERALA CU CLASELE I-VIII  CRUSOVU
OT,SCOALA GENERALA CU CLASELE I-VIII  CUNGREA / OT,7,direct_whole_name_match,140,SCOALA GENERALA CU CLASELE I-VIII  CUNGREA
OT,SCOALA GENERALA CU CLASELE I-VIII  CURTISOARA / OT,9,direct_whole_name_match,137,SCOALA GENERALA CU CLASELE I-VIII  CURTISOARA
OT,SCOALA GENERALA CU CLASELE I-VIII  DANEASA / OT,21,direct_whole_name_match,142,SCOALA GENERALA CU CLASELE I-VIII  DANEASA
OT,SCOALA GENERALA CU CLASELE I-VIII  DEJESTI / OT,12,direct_whole_name_match,247,SCOALA GENERALA CU CLASELE I-VIII  DEJESTI
OT,SCOALA GENERALA CU CLASELE I-VIII  DEVESELU / OT,20,direct_whole_name_match,144,SCOALA GENERALA CU CLASELE I-VIII  DEVESELU
OT,SCOALA GENERALA CU CLASELE I-VIII  DOANCA / OT,4,direct_whole_name_match,254,SCOALA GENERALA CU CLASELE I-VIII  DOANCA
OT,SCOALA GENERALA CU CLASELE I-VIII  DOBA / OT,2,direct_whole_name_match,205,SCOALA GENERALA CU CLASELE I-VIII  DOBA
OT,SCOALA GENERALA CU CLASELE I-VIII  DOBRETU / OT,2,direct_whole_name_match,146,SCOALA GENERALA CU CLASELE I-VIII  DOBRETU
OT,SCOALA GENERALA CU CLASELE I-VIII  DOBRICENI / OT,5,direct_whole_name_match,168,SCOALA GENERALA CU CLASELE I-VIII  DOBRICENI
OT,SCOALA GENERALA CU CLASELE I-VIII  DOBROSLOVENI / OT,7,direct_whole_name_match,147,SCOALA GENERALA CU CLASELE I-VIII  DOBROSLOVENI
OT,SCOALA GENERALA CU CLASELE I-VIII  DOBRUN / OT,1,direct_whole_name_match,150,SCOALA GENERALA CU CLASELE I-VIII  DOBRUN
OT,SCOALA GENERALA CU CLASELE I-VIII  DRANOVATU / OT,8,direct_whole_name_match,159,SCOALA GENERALA CU CLASELE I-VIII  DRANOVATU
OT,SCOALA GENERALA CU CLASELE I-VIII  FAGETELU / OT,4,direct_whole_name_match,152,SCOALA GENERALA CU CLASELE I-VIII  FAGETELU
OT,SCOALA GENERALA CU CLASELE I-VIII  FALCOIU / OT,13,direct_whole_name_match,153,SCOALA GENERALA CU CLASELE I-VIII  FALCOIU
OT,SCOALA GENERALA CU CLASELE I-VIII  FARCASELE DE JO / OT,6,direct_whole_name_match,156,SCOALA GENERALA CU CLASELE I-VIII  FARCASELE DE JO
OT,SCOALA GENERALA CU CLASELE I-VIII  FARCASELE DE SU / OT,4,direct_whole_name_match,155,SCOALA GENERALA CU CLASELE I-VIII  FARCASELE DE SU
OT,SCOALA GENERALA CU CLASELE I-VIII  FLORU ICOANA / OT,5,direct_whole_name_match,171,SCOALA GENERALA CU CLASELE I-VIII  FLORU ICOANA
OT,SCOALA GENERALA CU CLASELE I-VIII  FRUNZARU / OT,2,direct_whole_name_match,232,SCOALA GENERALA CU CLASELE I-VIII  FRUNZARU
OT,SCOALA GENERALA CU CLASELE I-VIII  GANEASA / OT,9,direct_whole_name_match,158,SCOALA GENERALA CU CLASELE I-VIII  GANEASA
OT,SCOALA GENERALA CU CLASELE I-VIII  GHIMPETENI / OT,8,direct_whole_name_match,186,SCOALA GENERALA CU CLASELE I-VIII  GHIMPETENI
OT,SCOALA GENERALA CU CLASELE I-VIII  GIRCOV / OT,12,direct_whole_name_match,111,SCOALA GENERALA CU CLASELE I-VIII  GIRCOV
OT,SCOALA GENERALA CU CLASELE I-VIII  GIUVARASTI / OT,7,direct_whole_name_match,160,SCOALA GENERALA CU CLASELE I-VIII  GIUVARASTI
OT,SCOALA GENERALA CU CLASELE I-VIII  GOSTAVATU / OT,16,direct_whole_name_match,161,SCOALA GENERALA CU CLASELE I-VIII  GOSTAVATU
OT,SCOALA GENERALA CU CLASELE I-VIII  GRADINARI / OT,3,direct_whole_name_match,163,SCOALA GENERALA CU CLASELE I-VIII  GRADINARI
OT,SCOALA GENERALA CU CLASELE I-VIII  GRADINILE / OT,10,direct_whole_name_match,228,SCOALA GENERALA CU CLASELE I-VIII  GRADINILE
OT,SCOALA GENERALA CU CLASELE I-VIII  GRECI / OT,8,ambiguous_same_directory_name,197 | 219,SCOALA GENERALA CU CLASELE I-VIII  GRECI | SCOALA GENERALA CU CLASELE I-VIII  GRECI
OT,SCOALA GENERALA CU CLASELE I-VIII  GROJDIBODU / OT,15,direct_whole_name_match,164,SCOALA GENERALA CU CLASELE I-VIII  GROJDIBODU
OT,SCOALA GENERALA CU CLASELE I-VIII  GURA CALUIU / OT,10,direct_whole_name_match,189,SCOALA GENERALA CU CLASELE I-VIII  GURA CALUIU
OT,SCOALA GENERALA CU CLASELE I-VIII  GURA PADINII / OT,8,direct_whole_name_match,196,SCOALA GENERALA CU CLASELE I-VIII  GURA PADINII
OT,SCOALA GENERALA CU CLASELE I-VIII  HOTARANI / OT,12,direct_whole_name_match,157,SCOALA GENERALA CU CLASELE I-VIII  HOTARANI
OT,SCOALA GENERALA CU CLASELE I-VIII  IANCA / OT,12,direct_whole_name_match,165,SCOALA GENERALA CU CLASELE I-VIII  IANCA
OT,SCOALA GENERALA CU CLASELE I-VIII  ICOANA / OT,2,direct_whole_name_match,170,SCOALA GENERALA CU CLASELE I-VIII  ICOANA
OT,SCOALA GENERALA CU CLASELE I-VIII  IPOTESTI / OT,5,direct_whole_name_match,180,SCOALA GENERALA CU CLASELE I-VIII  IPOTESTI
OT,SCOALA GENERALA CU CLASELE I-VIII  IZBICENI / OT,26,direct_whole_name_match,172,SCOALA GENERALA CU CLASELE I-VIII  IZBICENI
OT,SCOALA GENERALA CU CLASELE I-VIII  IZVOARELE / OT,2,direct_whole_name_match,173,SCOALA GENERALA CU CLASELE I-VIII  IZVOARELE
OT,SCOALA GENERALA CU CLASELE I-VIII  JIENI / OT,5,direct_whole_name_match,217,SCOALA GENERALA CU CLASELE I-VIII  JIENI
OT,SCOALA GENERALA CU CLASELE I-VIII  JITARU / OT,18,direct_whole_name_match,263,SCOALA GENERALA CU CLASELE I-VIII  JITARU
OT,SCOALA GENERALA CU CLASELE I-VIII  LELEASCA / OT,3,direct_whole_name_match,175,SCOALA GENERALA CU CLASELE I-VIII  LELEASCA
OT,SCOALA GENERALA CU CLASELE I-VIII  LEOTESTI / OT,16,direct_whole_name_match,120,SCOALA GENERALA CU CLASELE I-VIII  LEOTESTI
OT,SCOALA GENERALA CU CLASELE I-VIII  MARGHENI / OT,11,direct_whole_name_match,125,SCOALA GENERALA CU CLASELE I-VIII  MARGHENI
OT,SCOALA GENERALA CU CLASELE I-VIII  MARUNTEI / OT,19,direct_whole_name_match,176,SCOALA GENERALA CU CLASELE I-VIII  MARUNTEI
OT,SCOALA GENERALA CU CLASELE I-VIII  MARUNTEI-COLONE / OT,1,direct_whole_name_match,132,SCOALA GENERALA CU CLASELE I-VIII  MARUNTEI-COLONE
OT,SCOALA GENERALA CU CLASELE I-VIII  MIERLESTII DE S / OT,5,direct_whole_name_match,199,SCOALA GENERALA CU CLASELE I-VIII  MIERLESTII DE S
OT,SCOALA GENERALA CU CLASELE I-VIII  MORUNGLAV / OT,5,direct_whole_name_match,181,SCOALA GENERALA CU CLASELE I-VIII  MORUNGLAV
OT,SCOALA GENERALA CU CLASELE I-VIII  MOVILENI / OT,17,direct_whole_name_match,183,SCOALA GENERALA CU CLASELE I-VIII  MOVILENI
OT,SCOALA GENERALA CU CLASELE I-VIII  N.TITULESCU / OT,11,direct_whole_name_match,185,SCOALA GENERALA CU CLASELE I-VIII  N.TITULESCU
OT,SCOALA GENERALA CU CLASELE I-VIII  NEGRENI / OT,22,direct_whole_name_match,283,SCOALA GENERALA CU CLASELE I-VIII  NEGRENI
OT,SCOALA GENERALA CU CLASELE I-VIII  OBIRSIA / OT,11,direct_whole_name_match,190,SCOALA GENERALA CU CLASELE I-VIII  OBIRSIA
OT,SCOALA GENERALA CU CLASELE I-VIII  OBIRSIA NOUA / OT,4,direct_whole_name_match,191,SCOALA GENERALA CU CLASELE I-VIII  OBIRSIA NOUA
OT,SCOALA GENERALA CU CLASELE I-VIII  OBOGA / OT,12,direct_whole_name_match,187,SCOALA GENERALA CU CLASELE I-VIII  OBOGA
OT,SCOALA GENERALA CU CLASELE I-VIII  OLARI / OT,13,direct_whole_name_match,203,SCOALA GENERALA CU CLASELE I-VIII  OLARI
OT,SCOALA GENERALA CU CLASELE I-VIII  OPORELU / OT,7,direct_whole_name_match,192,SCOALA GENERALA CU CLASELE I-VIII  OPORELU
OT,SCOALA GENERALA CU CLASELE I-VIII  OPTASI / OT,6,direct_whole_name_match,193,SCOALA GENERALA CU CLASELE I-VIII  OPTASI
OT,SCOALA GENERALA CU CLASELE I-VIII  ORLEA / OT,8,direct_whole_name_match,195,SCOALA GENERALA CU CLASELE I-VIII  ORLEA
OT,SCOALA GENERALA CU CLASELE I-VIII  OSICA DE JOS / OT,9,direct_whole_name_match,280,SCOALA GENERALA CU CLASELE I-VIII  OSICA DE JOS
OT,SCOALA GENERALA CU CLASELE I-VIII  PERIETI / OT,4,direct_whole_name_match,198,SCOALA GENERALA CU CLASELE I-VIII  PERIETI
OT,SCOALA GENERALA CU CLASELE I-VIII  PIATRA / OT,30,direct_whole_name_match,281,SCOALA GENERALA CU CLASELE I-VIII  PIATRA
OT,SCOALA GENERALA CU CLASELE I-VIII  PIRSCOVENI / OT,19,direct_whole_name_match,201,SCOALA GENERALA CU CLASELE I-VIII  PIRSCOVENI
OT,SCOALA GENERALA CU CLASELE I-VIII  PLESOIU / OT,5,direct_whole_name_match,204,SCOALA GENERALA CU CLASELE I-VIII  PLESOIU
OT,SCOALA GENERALA CU CLASELE I-VIII  POTELU IANCA / OT,4,direct_whole_name_match,166,SCOALA GENERALA CU CLASELE I-VIII  POTELU IANCA
OT,SCOALA GENERALA CU CLASELE I-VIII  POTLOGENI / OT,13,direct_whole_name_match,255,SCOALA GENERALA CU CLASELE I-VIII  POTLOGENI
OT,SCOALA GENERALA CU CLASELE I-VIII  PRISEACA / OT,13,direct_whole_name_match,206,SCOALA GENERALA CU CLASELE I-VIII  PRISEACA
OT,SCOALA GENERALA CU CLASELE I-VIII  PROASPETI / OT,6,direct_whole_name_match,139,SCOALA GENERALA CU CLASELE I-VIII  PROASPETI
OT,SCOALA GENERALA CU CLASELE I-VIII  RADOMIRESTI / OT,1,direct_whole_name_match,209,SCOALA GENERALA CU CLASELE I-VIII  RADOMIRESTI
OT,SCOALA GENERALA CU CLASELE I-VIII  REDEA / OT,15,direct_whole_name_match,212,SCOALA GENERALA CU CLASELE I-VIII  REDEA
OT,SCOALA GENERALA CU CLASELE I-VIII  RESCA / OT,5,direct_whole_name_match,148,SCOALA GENERALA CU CLASELE I-VIII  RESCA
OT,SCOALA GENERALA CU CLASELE I-VIII  ROSIENII MARI / OT,2,direct_whole_name_match,151,SCOALA GENERALA CU CLASELE I-VIII  ROSIENII MARI
OT,SCOALA GENERALA CU CLASELE I-VIII  SIMBURESTI / OT,9,direct_whole_name_match,221,SCOALA GENERALA CU CLASELE I-VIII  SIMBURESTI
OT,SCOALA GENERALA CU CLASELE I-VIII  SINESTI / OT,22,direct_whole_name_match,282,SCOALA GENERALA CU CLASELE I-VIII  SINESTI
OT,SCOALA GENERALA CU CLASELE I-VIII  SLATIOARA / OT,8,direct_whole_name_match,109,SCOALA GENERALA CU CLASELE I-VIII  SLATIOARA
OT,SCOALA GENERALA CU CLASELE I-VIII  SLAVENI / OT,8,direct_whole_name_match,162,SCOALA GENERALA CU CLASELE I-VIII  SLAVENI
OT,SCOALA GENERALA CU CLASELE I-VIII  SOPIRLITA / OT,12,direct_whole_name_match,202,SCOALA GENERALA CU CLASELE I-VIII  SOPIRLITA
OT,SCOALA GENERALA CU CLASELE I-VIII  STEFAN CEL MARE / OT,6,direct_whole_name_match,233,SCOALA GENERALA CU CLASELE I-VIII  STEFAN CEL MARE
OT,SCOALA GENERALA CU CLASELE I-VIII  STOBORASTI / OT,3,direct_whole_name_match,239,SCOALA GENERALA CU CLASELE I-VIII  STOBORASTI
OT,SCOALA GENERALA CU CLASELE I-VIII  STOENESTI / OT,14,direct_whole_name_match,222,SCOALA GENERALA CU CLASELE I-VIII  STOENESTI
OT,SCOALA GENERALA CU CLASELE I-VIII  STOICANESTI / OT,33,direct_whole_name_match,223,SCOALA GENERALA CU CLASELE I-VIII  STOICANESTI
OT,SCOALA GENERALA CU CLASELE I-VIII  STREJESTII DE S / OT,5,direct_whole_name_match,225,SCOALA GENERALA CU CLASELE I-VIII  STREJESTII DE S
OT,SCOALA GENERALA CU CLASELE I-VIII  STUDINA / OT,21,direct_whole_name_match,226,SCOALA GENERALA CU CLASELE I-VIII  STUDINA
OT,SCOALA GENERALA CU CLASELE I-VIII  STUDINITA / OT,4,direct_whole_name_match,227,SCOALA GENERALA CU CLASELE I-VIII  STUDINITA
OT,SCOALA GENERALA CU CLASELE I-VIII  TATULESTI / OT,5,direct_whole_name_match,234,SCOALA GENERALA CU CLASELE I-VIII  TATULESTI
OT,SCOALA GENERALA CU CLASELE I-VIII  TESLUI / OT,2,direct_whole_name_match,235,SCOALA GENERALA CU CLASELE I-VIII  TESLUI
OT,SCOALA GENERALA CU CLASELE I-VIII  TOPANA / OT,2,direct_whole_name_match,236,SCOALA GENERALA CU CLASELE I-VIII  TOPANA
OT,SCOALA GENERALA CU CLASELE I-VIII  TRAIAN / OT,28,direct_whole_name_match,237,SCOALA GENERALA CU CLASELE I-VIII  TRAIAN
OT,SCOALA GENERALA CU CLASELE I-VIII  TUFENI / OT,6,direct_whole_name_match,238,SCOALA GENERALA CU CLASELE I-VIII  TUFENI
OT,SCOALA GENERALA CU CLASELE I-VIII  URZICA / OT,14,direct_whole_name_match,240,SCOALA GENERALA CU CLASELE I-VIII  URZICA
OT,SCOALA GENERALA CU CLASELE I-VIII  VADASTRA / OT,9,direct_whole_name_match,242,SCOALA GENERALA CU CLASELE I-VIII  VADASTRA
OT,SCOALA GENERALA CU CLASELE I-VIII  VADASTRITA / OT,12,direct_whole_name_match,244,SCOALA GENERALA CU CLASELE I-VIII  VADASTRITA
OT,SCOALA GENERALA CU CLASELE I-VIII  VALEA MARE / OT,12,direct_whole_name_match,241,SCOALA GENERALA CU CLASELE I-VIII  VALEA MARE
OT,SCOALA GENERALA CU CLASELE I-VIII  VILCELE / OT,13,direct_whole_name_match,248,SCOALA GENERALA CU CLASELE I-VIII  VILCELE
OT,SCOALA GENERALA CU CLASELE I-VIII  VINETI / OT,2,direct_whole_name_match,231,SCOALA GENERALA CU CLASELE I-VIII  VINETI
OT,SCOALA GENERALA CU CLASELE I-VIII  VISINA / OT,15,direct_whole_name_match,246,SCOALA GENERALA CU CLASELE I-VIII  VISINA
OT,SCOALA GENERALA CU CLASELE I-VIII  VISINA NOUA / OT,13,direct_whole_name_match,243,SCOALA GENERALA CU CLASELE I-VIII  VISINA NOUA
OT,SCOALA GENERALA CU CLASELE I-VIII  VITANESTI / OT,12,direct_whole_name_match,194,SCOALA GENERALA CU CLASELE I-VIII  VITANESTI
OT,SCOALA GENERALA CU CLASELE I-VIII  VLADILA / OT,23,direct_whole_name_match,249,SCOALA GENERALA CU CLASELE I-VIII  VLADILA
OT,SCOALA GENERALA CU CLASELE I-VIII  VOINEASA / OT,7,direct_whole_name_match,250,SCOALA GENERALA CU CLASELE I-VIII  VOINEASA
OT,SCOALA GENERALA CU CLASELE I-VIII  VULPENI / OT,6,direct_whole_name_match,292,SCOALA GENERALA CU CLASELE I-VIII  VULPENI
OT,SCOALA GENERALA CU CLASELE I-VIII  ZORLEASCA / OT,2,direct_whole_name_match,285,SCOALA GENERALA CU CLASELE I-VIII  ZORLEASCA
OT,"SCOALA GENERALA CU CLASELE I-VIII ""DUMITRU POPOVIC / OT",17,direct_whole_name_match,298,"SCOALA GENERALA CU CLASELE I-VIII ""DUMITRU POPOVIC"
OT,"SCOALA GENERALA CU CLASELE I-VIII ""GEORGE POBORAN"" / OT",117,direct_whole_name_match,312,"SCOALA GENERALA CU CLASELE I-VIII ""GEORGE POBORAN"""
OT,"SCOALA GENERALA CU CLASELE I-VIII ""LEONIDA MARINEA / OT",11,direct_whole_name_match,253,"SCOALA GENERALA CU CLASELE I-VIII ""LEONIDA MARINEA"
OT,SCOALA GENERALA CU CLASELE I-VIII BABICIU / OT,9,direct_whole_name_match,112,SCOALA GENERALA CU CLASELE I-VIII BABICIU
OT,SCOALA GENERALA CU CLASELE I-VIII BALEASA / OT,4,direct_whole_name_match,279,SCOALA GENERALA CU CLASELE I-VIII BALEASA
OT,SCOALA GENERALA CU CLASELE I-VIII BALTENI / OT,6,direct_whole_name_match,200,SCOALA GENERALA CU CLASELE I-VIII BALTENI
OT,SCOALA GENERALA CU CLASELE I-VIII BOBICESTI / OT,9,direct_whole_name_match,119,SCOALA GENERALA CU CLASELE I-VIII BOBICESTI
OT,SCOALA GENERALA CU CLASELE I-VIII BUZESTI CORBU / OT,9,direct_whole_name_match,134,SCOALA GENERALA CU CLASELE I-VIII BUZESTI CORBU
OT,SCOALA GENERALA CU CLASELE I-VIII CEPARI / OT,3,direct_whole_name_match,130,SCOALA GENERALA CU CLASELE I-VIII CEPARI
OT,SCOALA GENERALA CU CLASELE I-VIII COMANI/DRAGANEST / OT,19,direct_whole_name_match,278,SCOALA GENERALA CU CLASELE I-VIII COMANI/DRAGANEST
OT,SCOALA GENERALA CU CLASELE I-VIII DANEASA - BERIND / OT,5,direct_whole_name_match,143,SCOALA GENERALA CU CLASELE I-VIII DANEASA - BERIND
OT,SCOALA GENERALA CU CLASELE I-VIII DIENCI / OT,2,direct_whole_name_match,295,SCOALA GENERALA CU CLASELE I-VIII DIENCI
OT,SCOALA GENERALA CU CLASELE I-VIII DOBROTINET / OT,5,direct_whole_name_match,138,SCOALA GENERALA CU CLASELE I-VIII DOBROTINET
OT,SCOALA GENERALA CU CLASELE I-VIII GAVANESTI / OT,12,direct_whole_name_match,114,SCOALA GENERALA CU CLASELE I-VIII GAVANESTI
OT,SCOALA GENERALA CU CLASELE I-VIII GROPSANI / OT,7,direct_whole_name_match,293,SCOALA GENERALA CU CLASELE I-VIII GROPSANI
OT,SCOALA GENERALA CU CLASELE I-VIII MARUNTEI - BALAN / OT,7,direct_whole_name_match,177,SCOALA GENERALA CU CLASELE I-VIII MARUNTEI - BALAN
OT,"SCOALA GENERALA CU CLASELE I-VIII NR 11 ""CONSTANTI / OT",216,direct_whole_name_match,305,"SCOALA GENERALA CU CLASELE I-VIII NR 11 ""CONSTANTI"
OT,SCOALA GENERALA CU CLASELE I-VIII NR 5 BALS / OT,69,direct_whole_name_match,306,SCOALA GENERALA CU CLASELE I-VIII NR 5 BALS
OT,SCOALA GENERALA CU CLASELE I-VIII NR.1 IANCU JIANU / OT,13,direct_whole_name_match,167,SCOALA GENERALA CU CLASELE I-VIII NR.1 IANCU JIANU
OT,SCOALA GENERALA CU CLASELE I-VIII OTESTII DE SUS / OT,9,direct_whole_name_match,141,SCOALA GENERALA CU CLASELE I-VIII OTESTII DE SUS
OT,SCOALA GENERALA CU CLASELE I-VIII POBORU / OT,10,direct_whole_name_match,207,SCOALA GENERALA CU CLASELE I-VIII POBORU
OT,SCOALA GENERALA CU CLASELE I-VIII PUSTIANA / BC,2,outside_county_origin,,
OT,SCOALA GENERALA CU CLASELE I-VIII SEACA / OT,1,direct_whole_name_match,220,SCOALA GENERALA CU CLASELE I-VIII SEACA
OT,SCOALA GENERALA CU CLASELE I-VIII STREJESTII DE JO / OT,2,direct_whole_name_match,224,SCOALA GENERALA CU CLASELE I-VIII STREJESTII DE JO
OT,SCOALA GENERALA CU CLASELE I-VIII URSOAIA ICOANA / OT,6,direct_whole_name_match,169,SCOALA GENERALA CU CLASELE I-VIII URSOAIA ICOANA
OT,SCOALA GENERALA CU CLASELE I-VIII VIESPESTI / OT,9,direct_whole_name_match,290,SCOALA GENERALA CU CLASELE I-VIII VIESPESTI
OT,SCOALA GENERALA CU CLASELE I-VIII VULTURESTI / OT,2,direct_whole_name_match,294,SCOALA GENERALA CU CLASELE I-VIII VULTURESTI
OT,SCOALA GENERALA CU CLASELE V-VIII  MORUNESTI / OT,5,direct_whole_name_match,182,SCOALA GENERALA CU CLASELE V-VIII  MORUNESTI
OT,SCOALA GENERALA DE 8 ANI BECIU / TR,1,outside_county_origin,,
OT,SCOALA GENERALA DE 8 ANI PLOPII SLAVITESTI / TR,2,outside_county_origin,,
OT,SCOALA GENERALA NR 1 CU CLASELE I-VIII  BALS / OT,35,direct_whole_name_match,271,SCOALA GENERALA NR 1 CU CLASELE I-VIII  BALS
OT,SCOALA GENERALA NR 1 CU CLASELE I-VIII  CARACAL / OT,32,direct_whole_name_match,265,SCOALA GENERALA NR 1 CU CLASELE I-VIII  CARACAL
OT,SCOALA GENERALA NR 1 CU CLASELE I-VIII  CORABIA / OT,14,direct_whole_name_match,274,SCOALA GENERALA NR 1 CU CLASELE I-VIII  CORABIA
OT,SCOALA GENERALA NR 1 CU CLASELE I-VIII  ROTUNDA / OT,15,direct_whole_name_match,214,SCOALA GENERALA NR 1 CU CLASELE I-VIII  ROTUNDA
OT,SCOALA GENERALA NR 1 CU CLASELE I-VIII  RUSANESTI / OT,16,direct_whole_name_match,215,SCOALA GENERALA NR 1 CU CLASELE I-VIII  RUSANESTI
OT,SCOALA GENERALA NR 1 CU CLASELE I-VIII  SLATINA / OT,41,direct_whole_name_match,258,SCOALA GENERALA NR 1 CU CLASELE I-VIII  SLATINA
OT,SCOALA GENERALA NR 2 CU CLASELE I-VIII  BALS / OT,8,direct_whole_name_match,272,SCOALA GENERALA NR 2 CU CLASELE I-VIII  BALS
OT,SCOALA GENERALA NR 2 CU CLASELE I-VIII  CARACAL / OT,124,direct_whole_name_match,266,SCOALA GENERALA NR 2 CU CLASELE I-VIII  CARACAL
OT,SCOALA GENERALA NR 2 CU CLASELE I-VIII  CORABIA / OT,18,direct_whole_name_match,275,SCOALA GENERALA NR 2 CU CLASELE I-VIII  CORABIA
OT,SCOALA GENERALA NR 2 CU CLASELE I-VIII  RUSANESTI / OT,10,direct_whole_name_match,216,SCOALA GENERALA NR 2 CU CLASELE I-VIII  RUSANESTI
OT,SCOALA GENERALA NR 2 CU CLASELE I-VIII  SLATINA / OT,123,direct_whole_name_match,259,SCOALA GENERALA NR 2 CU CLASELE I-VIII  SLATINA
OT,SCOALA GENERALA NR 3 CU  CLASELE I-VIII CORABIA / OT,103,direct_whole_name_match,276,SCOALA GENERALA NR 3 CU  CLASELE I-VIII CORABIA
OT,SCOALA GENERALA NR 3 CU CLASELE I-VIII  BALS / OT,12,direct_whole_name_match,273,SCOALA GENERALA NR 3 CU CLASELE I-VIII  BALS
OT,SCOALA GENERALA NR 3 CU CLASELE I-VIII  CARACAL / OT,28,direct_whole_name_match,267,SCOALA GENERALA NR 3 CU CLASELE I-VIII  CARACAL
OT,SCOALA GENERALA NR 3 CU CLASELE I-VIII  SLATINA / OT,92,direct_whole_name_match,260,SCOALA GENERALA NR 3 CU CLASELE I-VIII  SLATINA
OT,SCOALA GENERALA NR 4 CU CLASELE I-VIII  CARACAL / OT,12,direct_whole_name_match,268,SCOALA GENERALA NR 4 CU CLASELE I-VIII  CARACAL
OT,SCOALA GENERALA NR 4 CU CLASELE I-VIII  CORABIA / OT,51,direct_whole_name_match,277,SCOALA GENERALA NR 4 CU CLASELE I-VIII  CORABIA
OT,SCOALA GENERALA NR 5 CU CLASELE I-VIII SLATINA / OT,94,direct_whole_name_match,262,SCOALA GENERALA NR 5 CU CLASELE I-VIII SLATINA
OT,SCOALA GENERALA NR 6 CU CLASELE I-VIII  CARACAL / OT,43,direct_whole_name_match,270,SCOALA GENERALA NR 6 CU CLASELE I-VIII  CARACAL
OT,SCOALA GENERALA NR 7 CU CLASELE I-VIII  SLATINA / OT,116,direct_whole_name_match,264,SCOALA GENERALA NR 7 CU CLASELE I-VIII  SLATINA
OT,SCOALA GENERALA NR.1 MOTRU / GJ,1,outside_county_origin,,
OT,SCOALA GENERALA NR.2 CU CLASELE I-VIII  OSICA DE S / OT,5,direct_whole_name_match,297,SCOALA GENERALA NR.2 CU CLASELE I-VIII  OSICA DE S
OT,"SCOALA GENERALA NR.8 CU CLASELE I-VIII ""EUGEN IONE / OT",107,direct_whole_name_match,296,"SCOALA GENERALA NR.8 CU CLASELE I-VIII ""EUGEN IONE"
OT,SCOALA GENERALACU CLASELE I-VIII  DOBROTEASA / OT,7,direct_whole_name_match,149,SCOALA GENERALACU CLASELE I-VIII  DOBROTEASA
OT,SCOALA GIMNAZIALA NR.1 TICLENI / GJ,1,outside_county_origin,,
OT,SCOALA GIMNAZIALA STOLNICI / AG,1,outside_county_origin,,
OT,SCOALA LACUSTENI / VL,1,outside_county_origin,,
OT,SCOALA LAUNELE / VL,4,outside_county_origin,,
OT,SCOALA OLANU / VL,2,outside_county_origin,,
OT,SCOALA SUSANI / VL,1,outside_county_origin,,
OT,SCOALA UDRESTI / VL,1,outside_county_origin,,
OT,SCOALA USUREI / VL,1,outside_county_origin,,
SB,"COL.PED.""A.SAGUNA"" SIBIU / SB",48,direct_whole_name_match,237,"COL.PED.""A.SAGUNA"" SIBIU"
SB,"COLEGIUL NATIONAL ""D-NA STANCA"" FAGARAS / BV",7,outside_county_origin,,
SB,"GIMNAZIUL ""TRAIAN"" TIRNAVENI / MS",2,outside_county_origin,,
SB,"GIMNAZIUL DE STAT  ""AUGUSTIN MAIOR"" REGHIN / MS",2,outside_county_origin,,
SB,"GIMNAZIUL DE STAT ""A. MOSORA"" SIGHISOARA / MS",1,outside_county_origin,,
SB,GR.SC.CONSTR.MASINI MIRSA / SB,39,direct_whole_name_match,251,GR.SC.CONSTR.MASINI MIRSA
SB,GRUP SCOLAR BERBESTI / VL,1,outside_county_origin,,
SB,GRUP SCOLAR INDUSTRIAL JIDVEI / AB,1,outside_county_origin,,
SB,"GRUPUL SCOLAR ""ION NISTOR"" VICOVU DE SUS / SV",1,outside_county_origin,,
SB,GRUPUL SCOLAR INDUSTRIAL IANCA / BR,1,outside_county_origin,,
SB,LIC DE ARTA SIBIU / SB,9,direct_whole_name_match,112,LIC DE ARTA SIBIU
SB,"LIC.""O.GHIBU"" SIBIU / SB",41,direct_whole_name_match,257,"LIC.""O.GHIBU"" SIBIU"
SB,LIC.TEOR. A.T. LAURIAN  AGNITA / SB,30,direct_whole_name_match,236,LIC.TEOR. A.T. LAURIAN  AGNITA
SB,"LIC.TEOR.""GH.LAZAR"" AVRIG / SB",44,direct_whole_name_match,101,"LIC.TEOR.""GH.LAZAR"" AVRIG"
SB,"LIC.TEOR.""I.LUPAS"" SALISTE / SB",34,direct_whole_name_match,250,"LIC.TEOR.""I.LUPAS"" SALISTE"
SB,LIC.TEOR.BRUKENTHAL SIBIU / SB,61,direct_whole_name_match,235,LIC.TEOR.BRUKENTHAL SIBIU
SB,LIC.TEOR.DUMBRAVENI / SB,57,direct_whole_name_match,142,LIC.TEOR.DUMBRAVENI
SB,LIC.TEOR.TALMACIU / SB,20,direct_whole_name_match,226,LIC.TEOR.TALMACIU
SB,LIC.TEORETIC CISNADIE / SB,55,direct_whole_name_match,246,LIC.TEORETIC CISNADIE
SB,LIC.TEORETIC MIERCUREA SIBIULUI / SB,15,direct_whole_name_match,249,LIC.TEORETIC MIERCUREA SIBIULUI
SB,LIC.TEORETIC OCNA SIBIULUI / SB,25,direct_whole_name_match,248,LIC.TEORETIC OCNA SIBIULUI
SB,LICEUL BREZOI / VL,1,outside_county_origin,,
SB,"LICEUL TEORETIC ""JOSEPH HALTRICH"" SIGHISOARA / MS",1,outside_county_origin,,
SB,"LICEUL TEORETIC ""MIHAI VITEAZUL""       SF.GHEORGHE / CV",1,outside_county_origin,,
SB,"SC.CU CLS I-VIII ""A.POPA"" ARPASU DE SUS / SB",1,direct_whole_name_match,147,"SC.CU CLS I-VIII ""A.POPA"" ARPASU DE SUS"
SB,"SC.CU CLS I-VIII ""H.OBERTH"" MEDIAS / SB",65,direct_whole_name_match,256,"SC.CU CLS I-VIII ""H.OBERTH"" MEDIAS"
SB,"SC.CU CLS I-VIII ""I.BATHORY"" MEDIAS / SB",31,direct_whole_name_match,244,"SC.CU CLS I-VIII ""I.BATHORY"" MEDIAS"
SB,"SC.CU CLS I-VIII ""M.EMINESCU"" MEDIAS / SB",40,direct_whole_name_match,253,"SC.CU CLS I-VIII ""M.EMINESCU"" MEDIAS"
SB,"SC.CU CLS I-VIII ""M.EMINESCU"" SIBIU / SB",29,direct_whole_name_match,243,"SC.CU CLS I-VIII ""M.EMINESCU"" SIBIU"
SB,"SC.CU CLS I-VIII ""O. GOGA"" RASINARI / SB",24,direct_whole_name_match,123,"SC.CU CLS I-VIII ""O. GOGA"" RASINARI"
SB,"SC.CU CLS I-VIII ""S.P.BARCIANU"" RASINARI / SB",12,direct_whole_name_match,124,"SC.CU CLS I-VIII ""S.P.BARCIANU"" RASINARI"
SB,SC.CU CLS I-VIII AGIRBICIU / SB,11,direct_whole_name_match,154,SC.CU CLS I-VIII AGIRBICIU
SB,SC.CU CLS I-VIII ALAMOR / SB,2,direct_whole_name_match,182,SC.CU CLS I-VIII ALAMOR
SB,SC.CU CLS I-VIII ALMA / SB,2,direct_whole_name_match,149,SC.CU CLS I-VIII ALMA
SB,SC.CU CLS I-VIII ALTINA / SB,2,direct_whole_name_match,144,SC.CU CLS I-VIII ALTINA
SB,SC.CU CLS I-VIII APOLDU DE JOS / SB,10,direct_whole_name_match,145,SC.CU CLS I-VIII APOLDU DE JOS
SB,SC.CU CLS I-VIII APOLDU DE SUS / SB,10,direct_whole_name_match,187,SC.CU CLS I-VIII APOLDU DE SUS
SB,SC.CU CLS I-VIII ARMENI / SB,2,direct_whole_name_match,183,SC.CU CLS I-VIII ARMENI
SB,SC.CU CLS I-VIII ARPASU DE JOS / SB,4,direct_whole_name_match,146,SC.CU CLS I-VIII ARPASU DE JOS
SB,SC.CU CLS I-VIII ATEL / SB,5,direct_whole_name_match,148,SC.CU CLS I-VIII ATEL
SB,SC.CU CLS I-VIII AVRIG / SB,38,direct_whole_name_match,102,SC.CU CLS I-VIII AVRIG
SB,SC.CU CLS I-VIII AXENTE SEVER / SB,8,direct_whole_name_match,153,SC.CU CLS I-VIII AXENTE SEVER
SB,SC.CU CLS I-VIII BAZNA / SB,4,direct_whole_name_match,155,SC.CU CLS I-VIII BAZNA
SB,SC.CU CLS I-VIII BIERTAN / SB,10,direct_whole_name_match,158,SC.CU CLS I-VIII BIERTAN
SB,SC.CU CLS I-VIII BIRGHIS / SB,6,direct_whole_name_match,159,SC.CU CLS I-VIII BIRGHIS
SB,SC.CU CLS I-VIII BLAJEL / SB,5,direct_whole_name_match,160,SC.CU CLS I-VIII BLAJEL
SB,SC.CU CLS I-VIII BOGATU ROMAN / SB,1,direct_whole_name_match,199,SC.CU CLS I-VIII BOGATU ROMAN
SB,SC.CU CLS I-VIII BOIAN / SB,1,direct_whole_name_match,156,SC.CU CLS I-VIII BOIAN
SB,SC.CU CLS I-VIII BOITA / SB,12,direct_whole_name_match,227,SC.CU CLS I-VIII BOITA
SB,SC.CU CLS I-VIII BRADENI / SB,1,direct_whole_name_match,164,SC.CU CLS I-VIII BRADENI
SB,SC.CU CLS I-VIII BRADU / SB,5,direct_whole_name_match,151,SC.CU CLS I-VIII BRADU
SB,SC.CU CLS I-VIII BRATEIU / SB,5,direct_whole_name_match,162,SC.CU CLS I-VIII BRATEIU
SB,SC.CU CLS I-VIII BRUIU / SB,2,direct_whole_name_match,166,SC.CU CLS I-VIII BRUIU
SB,SC.CU CLS I-VIII BUIA / SB,2,direct_whole_name_match,220,SC.CU CLS I-VIII BUIA
SB,SC.CU CLS I-VIII CASOLT / SB,2,direct_whole_name_match,209,SC.CU CLS I-VIII CASOLT
SB,SC.CU CLS I-VIII CHIRPAR / SB,4,direct_whole_name_match,167,SC.CU CLS I-VIII CHIRPAR
SB,SC.CU CLS I-VIII CIRTA / SB,2,direct_whole_name_match,168,SC.CU CLS I-VIII CIRTA
SB,SC.CU CLS I-VIII COVES / SB,1,direct_whole_name_match,137,SC.CU CLS I-VIII COVES
SB,SC.CU CLS I-VIII CRISTIAN / SB,17,direct_whole_name_match,121,SC.CU CLS I-VIII CRISTIAN
SB,SC.CU CLS I-VIII CURCIU / SB,2,direct_whole_name_match,171,SC.CU CLS I-VIII CURCIU
SB,SC.CU CLS I-VIII DAIA / SB,2,direct_whole_name_match,213,SC.CU CLS I-VIII DAIA
SB,SC.CU CLS I-VIII DIRLOS / SB,10,direct_whole_name_match,170,SC.CU CLS I-VIII DIRLOS
SB,SC.CU CLS I-VIII DOBIRCA / SB,2,direct_whole_name_match,188,SC.CU CLS I-VIII DOBIRCA
SB,SC.CU CLS I-VIII GURA RIULUI / SB,16,direct_whole_name_match,172,SC.CU CLS I-VIII GURA RIULUI
SB,SC.CU CLS I-VIII HASAG / SB,2,direct_whole_name_match,184,SC.CU CLS I-VIII HASAG
SB,SC.CU CLS I-VIII HOGHILAG / SB,5,direct_whole_name_match,173,SC.CU CLS I-VIII HOGHILAG
SB,SC.CU CLS I-VIII IACOBENI / SB,1,direct_whole_name_match,175,SC.CU CLS I-VIII IACOBENI
SB,SC.CU CLS I-VIII IGHISU NOU / SB,2,direct_whole_name_match,133,SC.CU CLS I-VIII IGHISU NOU
SB,SC.CU CLS I-VIII JINA / SB,17,direct_whole_name_match,177,SC.CU CLS I-VIII JINA
SB,SC.CU CLS I-VIII LOAMNES / SB,6,direct_whole_name_match,181,SC.CU CLS I-VIII LOAMNES
SB,SC.CU CLS I-VIII LUDOS / SB,2,direct_whole_name_match,185,SC.CU CLS I-VIII LUDOS
SB,SC.CU CLS I-VIII MARPOD / SB,2,direct_whole_name_match,186,SC.CU CLS I-VIII MARPOD
SB,SC.CU CLS I-VIII MERGHINDEAL / SB,8,direct_whole_name_match,189,SC.CU CLS I-VIII MERGHINDEAL
SB,SC.CU CLS I-VIII MICASASA / SB,11,direct_whole_name_match,190,SC.CU CLS I-VIII MICASASA
SB,SC.CU CLS I-VIII MIHAILENI / SB,5,direct_whole_name_match,192,SC.CU CLS I-VIII MIHAILENI
SB,SC.CU CLS I-VIII MOSNA / SB,7,direct_whole_name_match,193,SC.CU CLS I-VIII MOSNA
SB,SC.CU CLS I-VIII NEMSA / SB,1,direct_whole_name_match,194,SC.CU CLS I-VIII NEMSA
SB,SC.CU CLS I-VIII NOCRICH / SB,4,direct_whole_name_match,195,SC.CU CLS I-VIII NOCRICH
SB,SC.CU CLS I-VIII NOISTAT / SB,2,direct_whole_name_match,176,SC.CU CLS I-VIII NOISTAT
SB,SC.CU CLS I-VIII NOU / SB,1,direct_whole_name_match,214,SC.CU CLS I-VIII NOU
SB,SC.CU CLS I-VIII NR 1 AGNITA / SB,65,direct_whole_name_match,135,SC.CU CLS I-VIII NR 1 AGNITA
SB,SC.CU CLS I-VIII NR 1 CISNADIE / SB,37,direct_whole_name_match,138,SC.CU CLS I-VIII NR 1 CISNADIE
SB,SC.CU CLS I-VIII NR 1 COPSA MICA / SB,5,direct_whole_name_match,141,SC.CU CLS I-VIII NR 1 COPSA MICA
SB,SC.CU CLS I-VIII NR 1 SEICA MARE / SB,27,direct_whole_name_match,218,SC.CU CLS I-VIII NR 1 SEICA MARE
SB,SC.CU CLS I-VIII NR 1 SIBIU / SB,59,direct_whole_name_match,258,SC.CU CLS I-VIII NR 1 SIBIU
SB,SC.CU CLS I-VIII NR 10 SIBIU / SB,37,direct_whole_name_match,108,SC.CU CLS I-VIII NR 10 SIBIU
SB,SC.CU CLS I-VIII NR 11 SIBIU / SB,4,direct_whole_name_match,109,SC.CU CLS I-VIII NR 11 SIBIU
SB,SC.CU CLS I-VIII NR 12 SIBIU / SB,31,direct_whole_name_match,110,SC.CU CLS I-VIII NR 12 SIBIU
SB,SC.CU CLS I-VIII NR 13 SIBIU / SB,86,direct_whole_name_match,111,SC.CU CLS I-VIII NR 13 SIBIU
SB,SC.CU CLS I-VIII NR 15 SIBIU / SB,128,direct_whole_name_match,113,SC.CU CLS I-VIII NR 15 SIBIU
SB,SC.CU CLS I-VIII NR 16 SIBIU / SB,49,direct_whole_name_match,114,SC.CU CLS I-VIII NR 16 SIBIU
SB,SC.CU CLS I-VIII NR 17 SIBIU / SB,60,direct_whole_name_match,115,SC.CU CLS I-VIII NR 17 SIBIU
SB,SC.CU CLS I-VIII NR 18 SIBIU / SB,55,direct_whole_name_match,116,SC.CU CLS I-VIII NR 18 SIBIU
SB,SC.CU CLS I-VIII NR 19 SIBIU / SB,43,direct_whole_name_match,117,SC.CU CLS I-VIII NR 19 SIBIU
SB,SC.CU CLS I-VIII NR 2 CISNADIE / SB,48,direct_whole_name_match,139,SC.CU CLS I-VIII NR 2 CISNADIE
SB,SC.CU CLS I-VIII NR 2 MEDIAS / SB,80,direct_whole_name_match,127,SC.CU CLS I-VIII NR 2 MEDIAS
SB,SC.CU CLS I-VIII NR 2 SIBIU / SB,23,direct_whole_name_match,103,SC.CU CLS I-VIII NR 2 SIBIU
SB,SC.CU CLS I-VIII NR 20 SIBIU / SB,81,direct_whole_name_match,118,SC.CU CLS I-VIII NR 20 SIBIU
SB,SC.CU CLS I-VIII NR 21 SIBIU / SB,70,direct_whole_name_match,119,SC.CU CLS I-VIII NR 21 SIBIU
SB,SC.CU CLS I-VIII NR 23 SIBIU / SB,12,direct_whole_name_match,120,SC.CU CLS I-VIII NR 23 SIBIU
SB,SC.CU CLS I-VIII NR 24 SIBIU / SB,87,direct_whole_name_match,255,SC.CU CLS I-VIII NR 24 SIBIU
SB,SC.CU CLS I-VIII NR 25 SIBIU / SB,64,direct_whole_name_match,259,SC.CU CLS I-VIII NR 25 SIBIU
SB,SC.CU CLS I-VIII NR 3 AGNITA / SB,9,direct_whole_name_match,136,SC.CU CLS I-VIII NR 3 AGNITA
SB,SC.CU CLS I-VIII NR 3 CISNADIE / SB,55,direct_whole_name_match,140,SC.CU CLS I-VIII NR 3 CISNADIE
SB,SC.CU CLS I-VIII NR 3 COPSA MICA / SB,37,direct_whole_name_match,247,SC.CU CLS I-VIII NR 3 COPSA MICA
SB,SC.CU CLS I-VIII NR 3 MEDIAS / SB,102,direct_whole_name_match,128,SC.CU CLS I-VIII NR 3 MEDIAS
SB,SC.CU CLS I-VIII NR 4 MEDIAS / SB,52,direct_whole_name_match,129,SC.CU CLS I-VIII NR 4 MEDIAS
SB,SC.CU CLS I-VIII NR 4 SIBIU / SB,84,direct_whole_name_match,104,SC.CU CLS I-VIII NR 4 SIBIU
SB,SC.CU CLS I-VIII NR 5 MEDIAS / SB,58,direct_whole_name_match,130,SC.CU CLS I-VIII NR 5 MEDIAS
SB,SC.CU CLS I-VIII NR 5 SIBIU / SB,64,direct_whole_name_match,105,SC.CU CLS I-VIII NR 5 SIBIU
SB,SC.CU CLS I-VIII NR 6 MEDIAS / SB,18,direct_whole_name_match,131,SC.CU CLS I-VIII NR 6 MEDIAS
SB,SC.CU CLS I-VIII NR 6 SIBIU / SB,136,direct_whole_name_match,245,SC.CU CLS I-VIII NR 6 SIBIU
SB,SC.CU CLS I-VIII NR 7 MEDIAS / SB,54,direct_whole_name_match,132,SC.CU CLS I-VIII NR 7 MEDIAS
SB,SC.CU CLS I-VIII NR 7 SIBIU / SB,23,direct_whole_name_match,106,SC.CU CLS I-VIII NR 7 SIBIU
SB,SC.CU CLS I-VIII NR 8 MEDIAS / SB,98,direct_whole_name_match,252,SC.CU CLS I-VIII NR 8 MEDIAS
SB,SC.CU CLS I-VIII NR 8 SIBIU / SB,50,direct_whole_name_match,107,SC.CU CLS I-VIII NR 8 SIBIU
SB,SC.CU CLS I-VIII ORLAT / SB,20,direct_whole_name_match,197,SC.CU CLS I-VIII ORLAT
SB,SC.CU CLS I-VIII PAUCA / SB,3,direct_whole_name_match,198,SC.CU CLS I-VIII PAUCA
SB,SC.CU CLS I-VIII POIANA SIBIULUI / SB,3,direct_whole_name_match,202,SC.CU CLS I-VIII POIANA SIBIULUI
SB,SC.CU CLS I-VIII POPLACA / SB,4,direct_whole_name_match,122,SC.CU CLS I-VIII POPLACA
SB,SC.CU CLS I-VIII PORUMBACU DE JOS / SB,6,direct_whole_name_match,203,SC.CU CLS I-VIII PORUMBACU DE JOS
SB,SC.CU CLS I-VIII PORUMBACU DE SUS / SB,1,direct_whole_name_match,204,SC.CU CLS I-VIII PORUMBACU DE SUS
SB,SC.CU CLS I-VIII PRESACA / SB,1,direct_whole_name_match,201,SC.CU CLS I-VIII PRESACA
SB,SC.CU CLS I-VIII RACOVITA / SB,17,direct_whole_name_match,206,SC.CU CLS I-VIII RACOVITA
SB,SC.CU CLS I-VIII RETIS / SB,1,direct_whole_name_match,165,SC.CU CLS I-VIII RETIS
SB,SC.CU CLS I-VIII ROSIA / SB,2,direct_whole_name_match,208,SC.CU CLS I-VIII ROSIA
SB,SC.CU CLS I-VIII RUSI / SB,7,direct_whole_name_match,217,SC.CU CLS I-VIII RUSI
SB,SC.CU CLS I-VIII SACADATE / SB,5,direct_whole_name_match,152,SC.CU CLS I-VIII SACADATE
SB,SC.CU CLS I-VIII SACEL / SB,1,direct_whole_name_match,210,SC.CU CLS I-VIII SACEL
SB,SC.CU CLS I-VIII SADU / SB,18,direct_whole_name_match,216,SC.CU CLS I-VIII SADU
SB,SC.CU CLS I-VIII SAROS PE TIRNAVE / SB,4,direct_whole_name_match,143,SC.CU CLS I-VIII SAROS PE TIRNAVE
SB,SC.CU CLS I-VIII SCOREIU / SB,5,direct_whole_name_match,205,SC.CU CLS I-VIII SCOREIU
SB,SC.CU CLS I-VIII SEBESU DE JOS / SB,5,direct_whole_name_match,232,SC.CU CLS I-VIII SEBESU DE JOS
SB,SC.CU CLS I-VIII SEBESU DE SUS / SB,4,direct_whole_name_match,207,SC.CU CLS I-VIII SEBESU DE SUS
SB,SC.CU CLS I-VIII SEICA MICA / SB,12,direct_whole_name_match,221,SC.CU CLS I-VIII SEICA MICA
SB,SC.CU CLS I-VIII SELIMBAR / SB,6,direct_whole_name_match,125,SC.CU CLS I-VIII SELIMBAR
SB,SC.CU CLS I-VIII SIBIEL / SB,5,direct_whole_name_match,211,SC.CU CLS I-VIII SIBIEL
SB,SC.CU CLS I-VIII SLIMNIC / SB,5,direct_whole_name_match,212,SC.CU CLS I-VIII SLIMNIC
SB,SC.CU CLS I-VIII SMIG / SB,2,direct_whole_name_match,150,SC.CU CLS I-VIII SMIG
SB,SC.CU CLS I-VIII SOROSTIN / SB,5,direct_whole_name_match,222,SC.CU CLS I-VIII SOROSTIN
SB,SC.CU CLS I-VIII SURA MARE / SB,12,direct_whole_name_match,223,SC.CU CLS I-VIII SURA MARE
SB,SC.CU CLS I-VIII SURA MICA / SB,9,direct_whole_name_match,224,SC.CU CLS I-VIII SURA MICA
SB,SC.CU CLS I-VIII TALMACEL / SB,4,direct_whole_name_match,228,SC.CU CLS I-VIII TALMACEL
SB,SC.CU CLS I-VIII TALMACIU / SB,18,direct_whole_name_match,225,SC.CU CLS I-VIII TALMACIU
SB,SC.CU CLS I-VIII TAPU / SB,5,direct_whole_name_match,191,SC.CU CLS I-VIII TAPU
SB,SC.CU CLS I-VIII TILISCA / SB,5,direct_whole_name_match,229,SC.CU CLS I-VIII TILISCA
SB,SC.CU CLS I-VIII TIRNAVA / SB,7,direct_whole_name_match,134,SC.CU CLS I-VIII TIRNAVA
SB,SC.CU CLS I-VIII TURNU ROSU / SB,6,direct_whole_name_match,231,SC.CU CLS I-VIII TURNU ROSU
SB,SC.CU CLS I-VIII VALCHID / SB,1,direct_whole_name_match,174,SC.CU CLS I-VIII VALCHID
SB,SC.CU CLS I-VIII VALEA VIILOR / SB,20,direct_whole_name_match,233,SC.CU CLS I-VIII VALEA VIILOR
SB,SC.CU CLS I-VIII VESTEM / SB,7,direct_whole_name_match,126,SC.CU CLS I-VIII VESTEM
SB,SC.CU CLS I-VIII VURPAR / SB,3,direct_whole_name_match,234,SC.CU CLS I-VIII VURPAR
SB,SCOALA 1 DRAGASANI / VL,1,outside_county_origin,,
SB,SCOALA 2 DRAGASANI / VL,1,outside_county_origin,,
SB,SCOALA BOISOARA / VL,4,outside_county_origin,,
SB,SCOALA BUMBUESTI / VL,2,outside_county_origin,,
SB,SCOALA COPACENI / VL,1,outside_county_origin,,
SB,SCOALA CU CALSELE I-VIII NR. 7 PLOIESTI / PH,1,outside_county_origin,,
SB,SCOALA CU CL I-VIII SI COMPLEMENTARA REDIU / NT,1,outside_county_origin,,
SB,SCOALA CU CL.I-VIII GELU COM.VARIAS / TM,1,outside_county_origin,,
SB,SCOALA CU CL.I-VIII NR.25 TIMISOARA / TM,1,outside_county_origin,,
SB,"SCOALA CU CLASELE I-VIII ""IOAN OPRIS"" (NR. 8) TURD / CJ",1,outside_county_origin,,
SB,"SCOALA CU CLASELE I-VIII ""SFANTA ANA"" SINTANA / AR",1,outside_county_origin,,
SB,"SCOALA CU CLASELE I-VIII ""TEODOR MURASANU"" (NR. 1) / CJ",1,outside_county_origin,,
SB,SCOALA CU CLASELE I-VIII GEACA COM. GEACA / CJ,2,outside_county_origin,,
SB,SCOALA CU CLASELE I-VIII NR 1 DOROHOI / BT,1,outside_county_origin,,
SB,SCOALA CU CLASELE I-VIII NR 1 MANOLEA / SV,1,outside_county_origin,,
SB,SCOALA CU CLASELE I-VIII NR.  24 / B,1,outside_county_origin,,
SB,SCOALA CU CLASELE I-VIII NR.03 BIRLAD / VS,1,outside_county_origin,,
SB,SCOALA CU CLASELE I-VIII NR.5 PASCANI / IS,1,outside_county_origin,,
SB,SCOALA CU CLS. I-VIII MIRESU MARE / MM,1,outside_county_origin,,
SB,SCOALA CU CLS.I-VIII NR 1 VISEU DE SUS / MM,1,outside_county_origin,,
SB,SCOALA GAUJANI / VL,3,outside_county_origin,,
SB,"SCOALA GENERALA ""CATALIN HAIDAU"" TIRGU-JIU / GJ",1,outside_county_origin,,
SB,SCOALA GENERALA CINCU / BV,1,outside_county_origin,,
SB,"SCOALA GENERALA CLASELE I - VIII ""LUCIAN BLAGA"" OC / AB",3,outside_county_origin,,
SB,SCOALA GENERALA CLASELE I - VIII BARBOSI / MS,1,outside_county_origin,,
SB,SCOALA GENERALA CLASELE I - VIII CUNTA / AB,1,outside_county_origin,,
SB,SCOALA GENERALA CLASELE I - VIII DANES / MS,1,outside_county_origin,,
SB,SCOALA GENERALA CLASELE I - VIII HADARENI / MS,1,outside_county_origin,,
SB,SCOALA GENERALA CLASELE I - VIII NR 06 SIGHISOARA / MS,2,outside_county_origin,,
SB,SCOALA GENERALA CLASELE I - VIII NR 1 BLAJ / AB,2,outside_county_origin,,
SB,SCOALA GENERALA CLASELE I - VIII NR.2 SEBES / AB,1,outside_county_origin,,
SB,SCOALA GENERALA CLASELE I - VIII SANPETRU DE CAMPI / MS,1,outside_county_origin,,
SB,SCOALA GENERALA CLASELE I - VIII SELEUS DANES / MS,1,outside_county_origin,,
SB,SCOALA GENERALA CLASELE I - VIII VALEA LARGA / MS,4,outside_county_origin,,
SB,SCOALA GENERALA CLASELE I - VIII VIISOARA / MS,5,outside_county_origin,,
SB,"SCOALA GENERALA CLASELE I-VIII ""DR.PETRU SPAN"" LUP / AB",1,outside_county_origin,,
SB,SCOALA GENERALA CLASELE I-VIII ARIESENI / AB,1,outside_county_origin,,
SB,SCOALA GENERALA CLASELE I-VIII CENADE / AB,1,outside_county_origin,,
SB,SCOALA GENERALA CLASELE I-VIII CERGAU MARE / AB,2,outside_county_origin,,
SB,SCOALA GENERALA CLASELE I-VIII NR.4 SEBES / AB,2,outside_county_origin,,
SB,SCOALA GENERALA CLASELE I-VIII ROSIA DE SECAS / AB,1,outside_county_origin,,
SB,SCOALA GENERALA CLASELE I-VIII VALEA LUNGA / AB,3,outside_county_origin,,
SB,SCOALA GENERALA CLS I - VIII  I. G. DUCA  PETROSAN / HD,1,outside_county_origin,,
SB,SCOALA GENERALA CLS I - VIII NR 2 SIMERIA / HD,1,outside_county_origin,,
SB,SCOALA GENERALA CLS I - VIII NR 2 URICANI / HD,1,outside_county_origin,,
SB,"SCOALA GENERALA CU CL.I-VIII.""TUROCZI MOZES"" TG.SE / CV",1,outside_county_origin,,
SB,SCOALA GENERALA CU CLASELE I-VIII  OBIRSIA / OT,1,outside_county_origin,,
SB,SCOALA GENERALA CU CLASELE I-VIII  OSICA DE JOS / OT,1,outside_county_origin,,
SB,SCOALA GENERALA CU CLASELE I-VIII  VADASTRA / OT,2,outside_county_origin,,
SB,SCOALA GENERALA CU CLASELE I-VIII FERESTRAU-OITUZ / BC,2,outside_county_origin,,
SB,SCOALA GENERALA CU CLASELE I-VIII NR  8 ONESTI / BC,1,outside_county_origin,,
SB,SCOALA GENERALA NR 2 FAGARAS / BV,1,outside_county_origin,,
SB,SCOALA GENERALA NR 7 FAGARAS / BV,1,outside_county_origin,,
SB,SCOALA GENERALA UCEA DE JOS / BV,2,outside_county_origin,,
SB,SCOALA GENERALA VICTORIA / BV,2,outside_county_origin,,
SB,SCOALA GENERALACU CLASELE I-VIII  DOBROTEASA / OT,1,outside_county_origin,,
SB,SCOALA GREBLESTI / VL,1,outside_county_origin,,
SB,SCOALA MLACENI / VL,7,outside_county_origin,,
SB,SCOALA PERISANI / VL,4,outside_county_origin,,
SB,SCOALA SERBANESTI / VL,1,outside_county_origin,,
SB,SCOALA STANESTI / VL,1,outside_county_origin,,
SB,SCOALA TITESTI / VL,2,outside_county_origin,,
SB,SCOALA ZATRENI / VL,1,outside_county_origin,,
SJ,GR.SC.MINIER POPESTI / BH,1,outside_county_origin,,
SJ,GRI SUPLACU DE BARCAU / BH,3,outside_county_origin,,
SJ,"GRUP SCOLAR ""MIHAI VITEAZUL"" ZALAU / SJ",12,direct_whole_name_match,103,"GRUP SCOLAR ""MIHAI VITEAZUL"" ZALAU"
SJ,GRUP SCOLAR AGRICOL ILEANDA / SJ,12,direct_whole_name_match,102,GRUP SCOLAR AGRICOL ILEANDA
SJ,GRUP SCOLAR INDUSTRIAL HIDA / SJ,9,direct_whole_name_match,153,GRUP SCOLAR INDUSTRIAL HIDA
SJ,GRUP SCOLAR INDUSTRIAL MINIER SARMASAG / SJ,35,direct_whole_name_match,221,GRUP SCOLAR INDUSTRIAL MINIER SARMASAG
SJ,GRUPUL SCOLAR INDUSTRIAL CRASNA / SJ,33,direct_whole_name_match,101,GRUPUL SCOLAR INDUSTRIAL CRASNA
SJ,SC.CU CLS.I-VIII ALESD / BH,1,outside_county_origin,,
SJ,SC.CU CLS.I-VIII BORUMLACA / BH,2,outside_county_origin,,
SJ,"SCOALA CU CLASELE I-VIII ""AVRAM IANCU"" ZALAU / SJ",135,direct_whole_name_match,225,"SCOALA CU CLASELE I-VIII ""AVRAM IANCU"" ZALAU"
SJ,"SCOALA CU CLASELE I-VIII ""CORNELIU COPOSU"" ZALAU / SJ",130,direct_whole_name_match,231,"SCOALA CU CLASELE I-VIII ""CORNELIU COPOSU"" ZALAU"
SJ,"SCOALA CU CLASELE I-VIII ""GH.LAZAR"" ZALAU / SJ",119,direct_whole_name_match,218,"SCOALA CU CLASELE I-VIII ""GH.LAZAR"" ZALAU"
SJ,"SCOALA CU CLASELE I-VIII ""HOREA"" SIMLEU SILVANIEI / SJ",45,direct_whole_name_match,213,"SCOALA CU CLASELE I-VIII ""HOREA"" SIMLEU SILVANIEI"
SJ,"SCOALA CU CLASELE I-VIII ""IULIU MANIU"" ZALAU / SJ",122,direct_whole_name_match,206,"SCOALA CU CLASELE I-VIII ""IULIU MANIU"" ZALAU"
SJ,"SCOALA CU CLASELE I-VIII ""LUCIAN BLAGA"" JIBOU / SJ",90,direct_whole_name_match,220,"SCOALA CU CLASELE I-VIII ""LUCIAN BLAGA"" JIBOU"
SJ,"SCOALA CU CLASELE I-VIII ""M.EMINESCU"" ZALAU / SJ",223,direct_whole_name_match,222,"SCOALA CU CLASELE I-VIII ""M.EMINESCU"" ZALAU"
SJ,"SCOALA CU CLASELE I-VIII ""OCTAVIAN GOGA"" JIBOU / SJ",64,direct_whole_name_match,211,"SCOALA CU CLASELE I-VIII ""OCTAVIAN GOGA"" JIBOU"
SJ,"SCOALA CU CLASELE I-VIII ""POROLISSUM"" ZALAU / SJ",63,direct_whole_name_match,219,"SCOALA CU CLASELE I-VIII ""POROLISSUM"" ZALAU"
SJ,"SCOALA CU CLASELE I-VIII ""SIMION BARNUTIU"" ZALAU / SJ",79,direct_whole_name_match,205,"SCOALA CU CLASELE I-VIII ""SIMION BARNUTIU"" ZALAU"
SJ,SCOALA CU CLASELE I-VIII AGHIRES / SJ,8,direct_whole_name_match,216,SCOALA CU CLASELE I-VIII AGHIRES
SJ,SCOALA CU CLASELE I-VIII AGRIJ / SJ,3,direct_whole_name_match,106,SCOALA CU CLASELE I-VIII AGRIJ
SJ,SCOALA CU CLASELE I-VIII ALMASU / SJ,4,direct_whole_name_match,108,SCOALA CU CLASELE I-VIII ALMASU
SJ,SCOALA CU CLASELE I-VIII ALUNIS / SJ,2,direct_whole_name_match,117,SCOALA CU CLASELE I-VIII ALUNIS
SJ,SCOALA CU CLASELE I-VIII ARCHID / SJ,2,direct_whole_name_match,131,SCOALA CU CLASELE I-VIII ARCHID
SJ,SCOALA CU CLASELE I-VIII BABENI / SJ,4,direct_whole_name_match,110,SCOALA CU CLASELE I-VIII BABENI
SJ,SCOALA CU CLASELE I-VIII BADACINI / SJ,4,direct_whole_name_match,176,SCOALA CU CLASELE I-VIII BADACINI
SJ,SCOALA CU CLASELE I-VIII BALAN / SJ,12,direct_whole_name_match,112,SCOALA CU CLASELE I-VIII BALAN
SJ,SCOALA CU CLASELE I-VIII BANISOR / SJ,12,direct_whole_name_match,115,SCOALA CU CLASELE I-VIII BANISOR
SJ,SCOALA CU CLASELE I-VIII BIUSA / SJ,5,direct_whole_name_match,118,SCOALA CU CLASELE I-VIII BIUSA
SJ,SCOALA CU CLASELE I-VIII BOBOTA / SJ,15,direct_whole_name_match,119,SCOALA CU CLASELE I-VIII BOBOTA
SJ,SCOALA CU CLASELE I-VIII BOCSA / SJ,4,direct_whole_name_match,122,SCOALA CU CLASELE I-VIII BOCSA
SJ,SCOALA CU CLASELE I-VIII BOGHIS / SJ,12,direct_whole_name_match,174,SCOALA CU CLASELE I-VIII BOGHIS
SJ,SCOALA CU CLASELE I-VIII BORLA / SJ,10,direct_whole_name_match,123,SCOALA CU CLASELE I-VIII BORLA
SJ,SCOALA CU CLASELE I-VIII BRIGLEZ / SJ,2,direct_whole_name_match,195,SCOALA CU CLASELE I-VIII BRIGLEZ
SJ,SCOALA CU CLASELE I-VIII BUCIUMI / SJ,7,direct_whole_name_match,125,SCOALA CU CLASELE I-VIII BUCIUMI
SJ,SCOALA CU CLASELE I-VIII CAMAR / SJ,5,direct_whole_name_match,126,SCOALA CU CLASELE I-VIII CAMAR
SJ,SCOALA CU CLASELE I-VIII CARASTELEC / SJ,1,direct_whole_name_match,127,SCOALA CU CLASELE I-VIII CARASTELEC
SJ,SCOALA CU CLASELE I-VIII CEHEI / SJ,5,direct_whole_name_match,214,SCOALA CU CLASELE I-VIII CEHEI
SJ,SCOALA CU CLASELE I-VIII CHENDREA / SJ,3,direct_whole_name_match,113,SCOALA CU CLASELE I-VIII CHENDREA
SJ,SCOALA CU CLASELE I-VIII CHIESD / SJ,16,direct_whole_name_match,128,SCOALA CU CLASELE I-VIII CHIESD
SJ,SCOALA CU CLASELE I-VIII CIOCMANI / SJ,1,direct_whole_name_match,111,SCOALA CU CLASELE I-VIII CIOCMANI
SJ,SCOALA CU CLASELE I-VIII CIZER / SJ,5,direct_whole_name_match,129,SCOALA CU CLASELE I-VIII CIZER
SJ,SCOALA CU CLASELE I-VIII COSEIU / SJ,1,direct_whole_name_match,130,SCOALA CU CLASELE I-VIII COSEIU
SJ,SCOALA CU CLASELE I-VIII COSNICIU DE JOS / SJ,11,direct_whole_name_match,157,SCOALA CU CLASELE I-VIII COSNICIU DE JOS
SJ,SCOALA CU CLASELE I-VIII CREACA / SJ,10,direct_whole_name_match,133,SCOALA CU CLASELE I-VIII CREACA
SJ,SCOALA CU CLASELE I-VIII CRISENI / SJ,10,direct_whole_name_match,137,SCOALA CU CLASELE I-VIII CRISENI
SJ,SCOALA CU CLASELE I-VIII CRISTELEC / SJ,7,direct_whole_name_match,167,SCOALA CU CLASELE I-VIII CRISTELEC
SJ,SCOALA CU CLASELE I-VIII CUZAPLAC / SJ,2,direct_whole_name_match,138,SCOALA CU CLASELE I-VIII CUZAPLAC
SJ,SCOALA CU CLASELE I-VIII DEJA / SJ,4,direct_whole_name_match,187,SCOALA CU CLASELE I-VIII DEJA
SJ,SCOALA CU CLASELE I-VIII DERSIDA / SJ,15,direct_whole_name_match,120,SCOALA CU CLASELE I-VIII DERSIDA
SJ,SCOALA CU CLASELE I-VIII DIOSOD / SJ,4,direct_whole_name_match,150,SCOALA CU CLASELE I-VIII DIOSOD
SJ,SCOALA CU CLASELE I-VIII DOBRIN / SJ,4,direct_whole_name_match,140,SCOALA CU CLASELE I-VIII DOBRIN
SJ,SCOALA CU CLASELE I-VIII DRAGU / SJ,1,direct_whole_name_match,142,SCOALA CU CLASELE I-VIII DRAGU
SJ,SCOALA CU CLASELE I-VIII DRIGHIU / SJ,10,direct_whole_name_match,148,SCOALA CU CLASELE I-VIII DRIGHIU
SJ,SCOALA CU CLASELE I-VIII FILDU DE MIJLOC / SJ,1,direct_whole_name_match,143,SCOALA CU CLASELE I-VIII FILDU DE MIJLOC
SJ,SCOALA CU CLASELE I-VIII FIZES / SJ,2,direct_whole_name_match,191,SCOALA CU CLASELE I-VIII FIZES
SJ,SCOALA CU CLASELE I-VIII FODORA / SJ,7,direct_whole_name_match,145,SCOALA CU CLASELE I-VIII FODORA
SJ,SCOALA CU CLASELE I-VIII GILGAU / SJ,7,direct_whole_name_match,144,SCOALA CU CLASELE I-VIII GILGAU
SJ,SCOALA CU CLASELE I-VIII GILGAU ALMASULUI / SJ,3,direct_whole_name_match,114,SCOALA CU CLASELE I-VIII GILGAU ALMASULUI
SJ,SCOALA CU CLASELE I-VIII GIRBOU / SJ,9,direct_whole_name_match,146,SCOALA CU CLASELE I-VIII GIRBOU
SJ,SCOALA CU CLASELE I-VIII GIURTELECU SIMLEULUI / SJ,4,direct_whole_name_match,166,SCOALA CU CLASELE I-VIII GIURTELECU SIMLEULUI
SJ,SCOALA CU CLASELE I-VIII GOSTILA / SJ,2,direct_whole_name_match,181,SCOALA CU CLASELE I-VIII GOSTILA
SJ,SCOALA CU CLASELE I-VIII GURUSLAU / SJ,5,direct_whole_name_match,151,SCOALA CU CLASELE I-VIII GURUSLAU
SJ,SCOALA CU CLASELE I-VIII HALMASD / SJ,10,direct_whole_name_match,147,SCOALA CU CLASELE I-VIII HALMASD
SJ,SCOALA CU CLASELE I-VIII HERECLEAN / SJ,5,direct_whole_name_match,149,SCOALA CU CLASELE I-VIII HERECLEAN
SJ,SCOALA CU CLASELE I-VIII HOROATU CRASNEI / SJ,4,direct_whole_name_match,156,SCOALA CU CLASELE I-VIII HOROATU CRASNEI
SJ,SCOALA CU CLASELE I-VIII IAZ / SJ,3,direct_whole_name_match,178,SCOALA CU CLASELE I-VIII IAZ
SJ,SCOALA CU CLASELE I-VIII ILISUA / SJ,2,direct_whole_name_match,197,SCOALA CU CLASELE I-VIII ILISUA
SJ,SCOALA CU CLASELE I-VIII IP / SJ,12,direct_whole_name_match,159,SCOALA CU CLASELE I-VIII IP
SJ,SCOALA CU CLASELE I-VIII JAC / SJ,2,direct_whole_name_match,134,SCOALA CU CLASELE I-VIII JAC
SJ,SCOALA CU CLASELE I-VIII LEMNIU / SJ,1,direct_whole_name_match,161,SCOALA CU CLASELE I-VIII LEMNIU
SJ,SCOALA CU CLASELE I-VIII LETCA / SJ,3,direct_whole_name_match,160,SCOALA CU CLASELE I-VIII LETCA
SJ,SCOALA CU CLASELE I-VIII LOMPIRT / SJ,1,direct_whole_name_match,198,SCOALA CU CLASELE I-VIII LOMPIRT
SJ,SCOALA CU CLASELE I-VIII LOZNA / SJ,10,direct_whole_name_match,163,SCOALA CU CLASELE I-VIII LOZNA
SJ,SCOALA CU CLASELE I-VIII MAERISTE / SJ,20,direct_whole_name_match,165,SCOALA CU CLASELE I-VIII MAERISTE
SJ,SCOALA CU CLASELE I-VIII MARCA / SJ,19,direct_whole_name_match,164,SCOALA CU CLASELE I-VIII MARCA
SJ,SCOALA CU CLASELE I-VIII MARIN / SJ,10,direct_whole_name_match,132,SCOALA CU CLASELE I-VIII MARIN
SJ,SCOALA CU CLASELE I-VIII MESESENII DE SUS / SJ,1,direct_whole_name_match,168,SCOALA CU CLASELE I-VIII MESESENII DE SUS
SJ,SCOALA CU CLASELE I-VIII MIRSID / SJ,7,direct_whole_name_match,169,SCOALA CU CLASELE I-VIII MIRSID
SJ,SCOALA CU CLASELE I-VIII MOTIS / SJ,4,direct_whole_name_match,209,SCOALA CU CLASELE I-VIII MOTIS
SJ,SCOALA CU CLASELE I-VIII NADIS / SJ,4,direct_whole_name_match,210,SCOALA CU CLASELE I-VIII NADIS
SJ,SCOALA CU CLASELE I-VIII NAPRADEA / SJ,3,direct_whole_name_match,170,SCOALA CU CLASELE I-VIII NAPRADEA
SJ,SCOALA CU CLASELE I-VIII NR 1 CEHU SILVANIEI / SJ,74,direct_whole_name_match,208,SCOALA CU CLASELE I-VIII NR 1 CEHU SILVANIEI
SJ,SCOALA CU CLASELE I-VIII NR 1 CHEUD / SJ,2,direct_whole_name_match,171,SCOALA CU CLASELE I-VIII NR 1 CHEUD
SJ,SCOALA CU CLASELE I-VIII NR 1 PLOPIS / SJ,5,direct_whole_name_match,177,SCOALA CU CLASELE I-VIII NR 1 PLOPIS
SJ,SCOALA CU CLASELE I-VIII NR 1 SIMLEU SILVANIEI / SJ,136,direct_whole_name_match,212,SCOALA CU CLASELE I-VIII NR 1 SIMLEU SILVANIEI
SJ,SCOALA CU CLASELE I-VIII NR 1 VALENI / SJ,3,direct_whole_name_match,136,SCOALA CU CLASELE I-VIII NR 1 VALENI
SJ,SCOALA CU CLASELE I-VIII NR 2 ZALAU / SJ,10,direct_whole_name_match,207,SCOALA CU CLASELE I-VIII NR 2 ZALAU
SJ,SCOALA CU CLASELE I-VIII NR. 2 DEJ / CJ,1,outside_county_origin,,
SJ,SCOALA CU CLASELE I-VIII NR.16 CLUJ-NAPOCA / CJ,1,outside_county_origin,,
SJ,SCOALA CU CLASELE I-VIII NR.2 SARMASAG / SJ,16,direct_whole_name_match,217,SCOALA CU CLASELE I-VIII NR.2 SARMASAG
SJ,SCOALA CU CLASELE I-VIII NR.7 ZALAU / SJ,179,direct_whole_name_match,223,SCOALA CU CLASELE I-VIII NR.7 ZALAU
SJ,SCOALA CU CLASELE I-VIII NUSFALAU / SJ,16,direct_whole_name_match,173,SCOALA CU CLASELE I-VIII NUSFALAU
SJ,SCOALA CU CLASELE I-VIII PANIC / SJ,4,direct_whole_name_match,152,SCOALA CU CLASELE I-VIII PANIC
SJ,SCOALA CU CLASELE I-VIII PECEIU / SJ,11,direct_whole_name_match,116,SCOALA CU CLASELE I-VIII PECEIU
SJ,SCOALA CU CLASELE I-VIII PERICEI / SJ,16,direct_whole_name_match,175,SCOALA CU CLASELE I-VIII PERICEI
SJ,SCOALA CU CLASELE I-VIII PETRINDU / SJ,1,direct_whole_name_match,139,SCOALA CU CLASELE I-VIII PETRINDU
SJ,SCOALA CU CLASELE I-VIII POIANA BLENCHII / SJ,8,direct_whole_name_match,180,SCOALA CU CLASELE I-VIII POIANA BLENCHII
SJ,SCOALA CU CLASELE I-VIII POIENI COM. POIENI / CJ,1,outside_county_origin,,
SJ,SCOALA CU CLASELE I-VIII PREOTEASA / SJ,6,direct_whole_name_match,201,SCOALA CU CLASELE I-VIII PREOTEASA
SJ,SCOALA CU CLASELE I-VIII RACIS / SJ,3,direct_whole_name_match,154,SCOALA CU CLASELE I-VIII RACIS
SJ,SCOALA CU CLASELE I-VIII ROMANASI / SJ,16,direct_whole_name_match,182,SCOALA CU CLASELE I-VIII ROMANASI
SJ,SCOALA CU CLASELE I-VIII RUS / SJ,5,direct_whole_name_match,183,SCOALA CU CLASELE I-VIII RUS
SJ,SCOALA CU CLASELE I-VIII SALAJENI / SJ,5,direct_whole_name_match,124,SCOALA CU CLASELE I-VIII SALAJENI
SJ,SCOALA CU CLASELE I-VIII SALATIG / SJ,4,direct_whole_name_match,185,SCOALA CU CLASELE I-VIII SALATIG
SJ,SCOALA CU CLASELE I-VIII SAMSUD / SJ,6,direct_whole_name_match,196,SCOALA CU CLASELE I-VIII SAMSUD
SJ,SCOALA CU CLASELE I-VIII SECUSIGIU / AR,1,outside_county_origin,,
SJ,SCOALA CU CLASELE I-VIII SIG / SJ,16,direct_whole_name_match,188,SCOALA CU CLASELE I-VIII SIG
SJ,SCOALA CU CLASELE I-VIII SIMISNA / SJ,4,direct_whole_name_match,184,SCOALA CU CLASELE I-VIII SIMISNA
SJ,SCOALA CU CLASELE I-VIII SINMIHAIU ALMASULUI / SJ,3,direct_whole_name_match,190,SCOALA CU CLASELE I-VIII SINMIHAIU ALMASULUI
SJ,SCOALA CU CLASELE I-VIII SOMES-ODORHEI / SJ,7,direct_whole_name_match,192,SCOALA CU CLASELE I-VIII SOMES-ODORHEI
SJ,SCOALA CU CLASELE I-VIII STIRCIU / SJ,11,direct_whole_name_match,155,SCOALA CU CLASELE I-VIII STIRCIU
SJ,SCOALA CU CLASELE I-VIII SURDUC / SJ,17,direct_whole_name_match,193,SCOALA CU CLASELE I-VIII SURDUC
SJ,SCOALA CU CLASELE I-VIII TIHAU / SJ,6,direct_whole_name_match,194,SCOALA CU CLASELE I-VIII TIHAU
SJ,SCOALA CU CLASELE I-VIII TRANIS / SJ,3,direct_whole_name_match,172,SCOALA CU CLASELE I-VIII TRANIS
SJ,SCOALA CU CLASELE I-VIII TREZNEA / SJ,3,direct_whole_name_match,107,SCOALA CU CLASELE I-VIII TREZNEA
SJ,SCOALA CU CLASELE I-VIII TUSA / SJ,5,direct_whole_name_match,189,SCOALA CU CLASELE I-VIII TUSA
SJ,SCOALA CU CLASELE I-VIII VALCAU DE JOS / SJ,9,direct_whole_name_match,199,SCOALA CU CLASELE I-VIII VALCAU DE JOS
SJ,SCOALA CU CLASELE I-VIII VALCAU DE SUS / SJ,9,direct_whole_name_match,200,SCOALA CU CLASELE I-VIII VALCAU DE SUS
SJ,SCOALA CU CLASELE I-VIII VIRSOLT / SJ,8,direct_whole_name_match,202,SCOALA CU CLASELE I-VIII VIRSOLT
SJ,SCOALA CU CLASELE I-VIII ZALHA / SJ,1,direct_whole_name_match,203,SCOALA CU CLASELE I-VIII ZALHA
SJ,SCOALA CU CLASELE I-VIII ZALNOC / SJ,6,direct_whole_name_match,121,SCOALA CU CLASELE I-VIII ZALNOC
SJ,SCOALA CU CLASELE I-VIII ZAUAN / SJ,6,direct_whole_name_match,158,SCOALA CU CLASELE I-VIII ZAUAN
SJ,SCOALA CU CLASELE I-VIII ZIMBOR / SJ,6,direct_whole_name_match,204,SCOALA CU CLASELE I-VIII ZIMBOR
SJ,SCOALA CU CLS. I - VIII BICAZ / MM,1,outside_county_origin,,
SJ,SCOALA CU CLS. I-VIII NR.2 CAVNIC / MM,1,outside_county_origin,,
SJ,SCOALA CU CLS. I-VIII OARTA DE JOS / MM,1,outside_county_origin,,
SJ,SCOALA CU CLS. I-VIII OARTA DE SUS / MM,1,outside_county_origin,,
SJ,SCOALA CU CLS.I-VIII NR 4 SIGHETU MARMATIEI / MM,1,outside_county_origin,,
SJ,SCOALA GENERALA GIOROCUTA / SM,1,outside_county_origin,,
SJ,SCOALA GENERALA GIURTELECUL HODODULUI / SM,6,outside_county_origin,,
SJ,SCOALA GENERALA HODOD / SM,4,outside_county_origin,,
SJ,SCOALA GENERALA LELEI / SM,1,outside_county_origin,,
SJ,SCOALA GENERALA TASNAD / SM,1,outside_county_origin,,
SJ,SCOALA PROFESIONALA SUPURUL DE JOS / SM,2,outside_county_origin,,
TL,"COLEGIUL DOBROGEAN ""SPIRU HARET"" TULCEA / TL",73,direct_whole_name_match,101,"COLEGIUL DOBROGEAN ""SPIRU HARET"" TULCEA"
TL,"COLEGIUL TEHNIC ""HENRY COANDA"" TULCEA / TL",23,direct_whole_name_match,198,"COLEGIUL TEHNIC ""HENRY COANDA"" TULCEA"
TL,"GRUP SCOLAR ""ANGHEL SALIGNY"" TULCEA / TL",17,direct_whole_name_match,197,"GRUP SCOLAR ""ANGHEL SALIGNY"" TULCEA"
TL,"GRUP SCOLAR ""C.BRATESCU"" ISACCEA / TL",54,direct_whole_name_match,103,"GRUP SCOLAR ""C.BRATESCU"" ISACCEA"
TL,LICEUL CU PROGRAM DE EDUCATIE FIZICA SI SPORT BACA / BC,1,outside_county_origin,,
TL,LICEUL DE ARTA TULCEA / TL,18,direct_whole_name_match,201,LICEUL DE ARTA TULCEA
TL,"LICEUL TEORETIC ""GRIGORE MOISIL"" TULCEA / TL",57,direct_whole_name_match,102,"LICEUL TEORETIC ""GRIGORE MOISIL"" TULCEA"
TL,"LICEUL TEORETIC ""JEAN BART"" SULINA / TL",57,direct_whole_name_match,104,"LICEUL TEORETIC ""JEAN BART"" SULINA"
TL,"SCOALA CU CLASE I-VIII ""AL.CIUCURENCU"" TULCEA / TL",131,direct_whole_name_match,193,"SCOALA CU CLASE I-VIII ""AL.CIUCURENCU"" TULCEA"
TL,"SCOALA CU CLASE I-VIII ""C-TIN GAVENEA"" / TL",120,direct_whole_name_match,202,"SCOALA CU CLASE I-VIII ""C-TIN GAVENEA"""
TL,"SCOALA CU CLASE I-VIII ""C.BRANCOVEANU"" BABADAG / TL",33,direct_whole_name_match,196,"SCOALA CU CLASE I-VIII ""C.BRANCOVEANU"" BABADAG"
TL,"SCOALA CU CLASE I-VIII ""GH.BANEA"" MACIN / TL",63,direct_whole_name_match,194,"SCOALA CU CLASE I-VIII ""GH.BANEA"" MACIN"
TL,"SCOALA CU CLASE I-VIII ""GRIGORE ANTIPA"" TULCEA / TL",65,direct_whole_name_match,110,"SCOALA CU CLASE I-VIII ""GRIGORE ANTIPA"" TULCEA"
TL,"SCOALA CU CLASE I-VIII ""I.L.CARAGIALE"" TULCEA / TL",103,direct_whole_name_match,108,"SCOALA CU CLASE I-VIII ""I.L.CARAGIALE"" TULCEA"
TL,"SCOALA CU CLASE I-VIII ""M.SADOVEANU"" TULCEA / TL",34,direct_whole_name_match,111,"SCOALA CU CLASE I-VIII ""M.SADOVEANU"" TULCEA"
TL,"SCOALA CU CLASE I-VIII ""MIRCEA CEL BATRAN"" / TL",42,direct_whole_name_match,112,"SCOALA CU CLASE I-VIII ""MIRCEA CEL BATRAN"""
TL,"SCOALA CU CLASE I-VIII ""NIFON BALASESCU"" TULCEA / TL",76,direct_whole_name_match,105,"SCOALA CU CLASE I-VIII ""NIFON BALASESCU"" TULCEA"
TL,SCOALA CU CLASE I-VIII AGIGHIOL / TL,11,direct_whole_name_match,191,SCOALA CU CLASE I-VIII AGIGHIOL
TL,SCOALA CU CLASE I-VIII BAIA / TL,13,direct_whole_name_match,115,SCOALA CU CLASE I-VIII BAIA
TL,SCOALA CU CLASE I-VIII BALABANCEA / TL,4,direct_whole_name_match,144,SCOALA CU CLASE I-VIII BALABANCEA
TL,SCOALA CU CLASE I-VIII BEIDAUD / TL,1,direct_whole_name_match,118,SCOALA CU CLASE I-VIII BEIDAUD
TL,SCOALA CU CLASE I-VIII BESTEPE / TL,7,direct_whole_name_match,156,SCOALA CU CLASE I-VIII BESTEPE
TL,SCOALA CU CLASE I-VIII CAMENA / TL,1,direct_whole_name_match,116,SCOALA CU CLASE I-VIII CAMENA
TL,SCOALA CU CLASE I-VIII CARAORMAN / TL,1,direct_whole_name_match,135,SCOALA CU CLASE I-VIII CARAORMAN
TL,SCOALA CU CLASE I-VIII CARCALIU / TL,9,direct_whole_name_match,122,SCOALA CU CLASE I-VIII CARCALIU
TL,SCOALA CU CLASE I-VIII CASIMCEA / TL,3,direct_whole_name_match,123,SCOALA CU CLASE I-VIII CASIMCEA
TL,SCOALA CU CLASE I-VIII CATALOI / TL,10,direct_whole_name_match,140,SCOALA CU CLASE I-VIII CATALOI
TL,SCOALA CU CLASE I-VIII CEAMURLIA DE SUS / TL,1,direct_whole_name_match,117,SCOALA CU CLASE I-VIII CEAMURLIA DE SUS
TL,SCOALA CU CLASE I-VIII CERNA / TL,21,direct_whole_name_match,128,SCOALA CU CLASE I-VIII CERNA
TL,SCOALA CU CLASE I-VIII CHILIA VECHE / TL,7,direct_whole_name_match,131,SCOALA CU CLASE I-VIII CHILIA VECHE
TL,SCOALA CU CLASE I-VIII CIUCUROVA / TL,7,direct_whole_name_match,132,SCOALA CU CLASE I-VIII CIUCUROVA
TL,SCOALA CU CLASE I-VIII CRISAN / TL,7,direct_whole_name_match,134,SCOALA CU CLASE I-VIII CRISAN
TL,SCOALA CU CLASE I-VIII DAENI / TL,3,direct_whole_name_match,137,SCOALA CU CLASE I-VIII DAENI
TL,SCOALA CU CLASE I-VIII DOROBANTU / TL,8,direct_whole_name_match,138,SCOALA CU CLASE I-VIII DOROBANTU
TL,SCOALA CU CLASE I-VIII ENISALA / TL,2,direct_whole_name_match,174,SCOALA CU CLASE I-VIII ENISALA
TL,SCOALA CU CLASE I-VIII FAGARASU NOU / TL,7,direct_whole_name_match,186,SCOALA CU CLASE I-VIII FAGARASU NOU
TL,SCOALA CU CLASE I-VIII FRECATEI / TL,5,direct_whole_name_match,139,SCOALA CU CLASE I-VIII FRECATEI
TL,SCOALA CU CLASE I-VIII GARVAN / TL,10,direct_whole_name_match,150,SCOALA CU CLASE I-VIII GARVAN
TL,SCOALA CU CLASE I-VIII GRECI / TL,17,direct_whole_name_match,142,SCOALA CU CLASE I-VIII GRECI
TL,SCOALA CU CLASE I-VIII HORIA / TL,12,direct_whole_name_match,146,SCOALA CU CLASE I-VIII HORIA
TL,SCOALA CU CLASE I-VIII IZVOARELE / TL,15,direct_whole_name_match,147,SCOALA CU CLASE I-VIII IZVOARELE
TL,SCOALA CU CLASE I-VIII JIJILA / TL,19,direct_whole_name_match,149,SCOALA CU CLASE I-VIII JIJILA
TL,SCOALA CU CLASE I-VIII JURILOVCA / TL,12,direct_whole_name_match,200,SCOALA CU CLASE I-VIII JURILOVCA
TL,SCOALA CU CLASE I-VIII LUNCA / TL,3,direct_whole_name_match,127,SCOALA CU CLASE I-VIII LUNCA
TL,SCOALA CU CLASE I-VIII LUNCAVITA / TL,4,direct_whole_name_match,152,SCOALA CU CLASE I-VIII LUNCAVITA
TL,SCOALA CU CLASE I-VIII MAGURELE / TL,3,direct_whole_name_match,187,SCOALA CU CLASE I-VIII MAGURELE
TL,SCOALA CU CLASE I-VIII MAHMUDIA / TL,21,direct_whole_name_match,155,SCOALA CU CLASE I-VIII MAHMUDIA
TL,SCOALA CU CLASE I-VIII MALCOCI / TL,4,direct_whole_name_match,169,SCOALA CU CLASE I-VIII MALCOCI
TL,SCOALA CU CLASE I-VIII MALIUC / TL,2,direct_whole_name_match,157,SCOALA CU CLASE I-VIII MALIUC
TL,SCOALA CU CLASE I-VIII MIHAI BRAVU / TL,1,direct_whole_name_match,159,SCOALA CU CLASE I-VIII MIHAI BRAVU
TL,SCOALA CU CLASE I-VIII MIHAIL KOGALNICEANU / TL,15,direct_whole_name_match,161,SCOALA CU CLASE I-VIII MIHAIL KOGALNICEANU
TL,SCOALA CU CLASE I-VIII MINA ALTIN TEPE / TL,4,direct_whole_name_match,184,SCOALA CU CLASE I-VIII MINA ALTIN TEPE
TL,SCOALA CU CLASE I-VIII MIRCEA VODA / TL,6,direct_whole_name_match,129,SCOALA CU CLASE I-VIII MIRCEA VODA
TL,SCOALA CU CLASE I-VIII MURIGHIOL / TL,7,direct_whole_name_match,163,SCOALA CU CLASE I-VIII MURIGHIOL
TL,SCOALA CU CLASE I-VIII NALBANT / TL,3,direct_whole_name_match,165,SCOALA CU CLASE I-VIII NALBANT
TL,SCOALA CU CLASE I-VIII NICOLAE BALCESCU / TL,1,direct_whole_name_match,166,SCOALA CU CLASE I-VIII NICOLAE BALCESCU
TL,SCOALA CU CLASE I-VIII NICULITEL / TL,22,direct_whole_name_match,167,SCOALA CU CLASE I-VIII NICULITEL
TL,SCOALA CU CLASE I-VIII NR.1 MACIN / TL,43,direct_whole_name_match,114,SCOALA CU CLASE I-VIII NR.1 MACIN
TL,SCOALA CU CLASE I-VIII NR.11 TULCEA / TL,50,direct_whole_name_match,195,SCOALA CU CLASE I-VIII NR.11 TULCEA
TL,SCOALA CU CLASE I-VIII NR.2 BABADAG / TL,2,direct_whole_name_match,113,SCOALA CU CLASE I-VIII NR.2 BABADAG
TL,SCOALA CU CLASE I-VIII NR.2 TULCEA / TL,64,direct_whole_name_match,106,SCOALA CU CLASE I-VIII NR.2 TULCEA
TL,SCOALA CU CLASE I-VIII NR.3 TULCEA / TL,16,direct_whole_name_match,107,SCOALA CU CLASE I-VIII NR.3 TULCEA
TL,SCOALA CU CLASE I-VIII NR.5 TULCEA / TL,62,direct_whole_name_match,109,SCOALA CU CLASE I-VIII NR.5 TULCEA
TL,SCOALA CU CLASE I-VIII NUFARU / TL,4,direct_whole_name_match,168,SCOALA CU CLASE I-VIII NUFARU
TL,SCOALA CU CLASE I-VIII OSTROV / TL,12,direct_whole_name_match,170,SCOALA CU CLASE I-VIII OSTROV
TL,SCOALA CU CLASE I-VIII PARTIZANI / TL,2,direct_whole_name_match,158,SCOALA CU CLASE I-VIII PARTIZANI
TL,SCOALA CU CLASE I-VIII PECENEAGA / TL,5,direct_whole_name_match,172,SCOALA CU CLASE I-VIII PECENEAGA
TL,SCOALA CU CLASE I-VIII RACHELU / TL,3,direct_whole_name_match,153,SCOALA CU CLASE I-VIII RACHELU
TL,SCOALA CU CLASE I-VIII RAHMANU / TL,4,direct_whole_name_match,124,SCOALA CU CLASE I-VIII RAHMANU
TL,SCOALA CU CLASE I-VIII RAZBOIENI / TL,3,direct_whole_name_match,125,SCOALA CU CLASE I-VIII RAZBOIENI
TL,SCOALA CU CLASE I-VIII RINDUNICA / TL,4,direct_whole_name_match,162,SCOALA CU CLASE I-VIII RINDUNICA
TL,SCOALA CU CLASE I-VIII SALCIOARA / TL,1,direct_whole_name_match,151,SCOALA CU CLASE I-VIII SALCIOARA
TL,SCOALA CU CLASE I-VIII SARICHIOI / TL,41,direct_whole_name_match,173,SCOALA CU CLASE I-VIII SARICHIOI
TL,SCOALA CU CLASE I-VIII SFINTU GHEORGHE / TL,9,direct_whole_name_match,176,SCOALA CU CLASE I-VIII SFINTU GHEORGHE
TL,SCOALA CU CLASE I-VIII SIMBATA NOUA / TL,2,direct_whole_name_match,188,SCOALA CU CLASE I-VIII SIMBATA NOUA
TL,SCOALA CU CLASE I-VIII SLAVA CERCHEZA / TL,3,direct_whole_name_match,177,SCOALA CU CLASE I-VIII SLAVA CERCHEZA
TL,SCOALA CU CLASE I-VIII SLAVA RUSA / TL,3,direct_whole_name_match,178,SCOALA CU CLASE I-VIII SLAVA RUSA
TL,SCOALA CU CLASE I-VIII SOMOVA / TL,14,direct_whole_name_match,180,SCOALA CU CLASE I-VIII SOMOVA
TL,SCOALA CU CLASE I-VIII TELITA / TL,1,direct_whole_name_match,141,SCOALA CU CLASE I-VIII TELITA
TL,SCOALA CU CLASE I-VIII TOPOLOG / TL,24,direct_whole_name_match,199,SCOALA CU CLASE I-VIII TOPOLOG
TL,SCOALA CU CLASE I-VIII TRAIAN / TL,8,direct_whole_name_match,130,SCOALA CU CLASE I-VIII TRAIAN
TL,SCOALA CU CLASE I-VIII TURCOAIA / TL,9,direct_whole_name_match,189,SCOALA CU CLASE I-VIII TURCOAIA
TL,SCOALA CU CLASE I-VIII TURDA / TL,1,direct_whole_name_match,160,SCOALA CU CLASE I-VIII TURDA
TL,SCOALA CU CLASE I-VIII VACARENI / TL,8,direct_whole_name_match,154,SCOALA CU CLASE I-VIII VACARENI
TL,SCOALA CU CLASE I-VIII VALEA NUCARILOR / TL,7,direct_whole_name_match,190,SCOALA CU CLASE I-VIII VALEA NUCARILOR
TL,SCOALA CU CLASE I-VIII VALEA TEILOR / TL,4,direct_whole_name_match,148,SCOALA CU CLASE I-VIII VALEA TEILOR
TL,SCOALA CU CLASE I-VIII ZEBIL / TL,15,direct_whole_name_match,175,SCOALA CU CLASE I-VIII ZEBIL
TL,"SCOALA CU CLASELE I-VIII ""ION CREANGA"" BRAILA / BR",1,outside_county_origin,,
TL,"SCOALA FRUMUSITA ""PETRU RARES"" / GL",1,outside_county_origin,,
TL,SCOALA GENERALA CU CLASELE I-VIII  STOENESTI / OT,1,outside_county_origin,,
TL,SCOALA GENERALA CU CLASELE I-VIII SPRIA / BC,1,outside_county_origin,,
TL,SCOALA GENERALA I-VIII M.KOGALNICEANU / IL,1,outside_county_origin,,
TL,SCOALA NR.12 TULCEA / TL,104,direct_whole_name_match,203,SCOALA NR.12 TULCEA
TL,scoala cu clasele I-VIII Mihai Viteazu / CT,1,outside_county_origin,,
VL,COL A.LAHOVARI / VL,100,direct_whole_name_match,240,COL A.LAHOVARI
VL,COL MIRCEA RM.VILCEA / VL,100,direct_whole_name_match,233,COL MIRCEA RM.VILCEA
VL,"COLEGIUL NATIONAL ""D-NA STANCA"" FAGARAS / BV",1,outside_county_origin,,
VL,"COLEGIUL NATIONAL VOCATIONAL ""NICOLAE TITULESCU"" S / OT",1,outside_county_origin,,
VL,GR.SC.CONSTR.MASINI MIRSA / SB,1,outside_county_origin,,
VL,GRUP ANTIM IVIREANU / VL,49,direct_whole_name_match,241,GRUP ANTIM IVIREANU
VL,GRUP BRINCOVEANU / VL,107,direct_whole_name_match,180,GRUP BRINCOVEANU
VL,GRUP ENERGETIC / VL,3,direct_whole_name_match,230,GRUP ENERGETIC
VL,GRUP SCOLAR BERBESTI / VL,58,direct_whole_name_match,119,GRUP SCOLAR BERBESTI
VL,GRUP SCOLAR INDUSTRIAL BAIA DE FIER / GJ,1,outside_county_origin,,
VL,GRUP SCOLAR INDUSTRIAL CONSTRUCTII DE MASINI BALS / OT,1,outside_county_origin,,
VL,GRUPUL FERDINAND / VL,59,direct_whole_name_match,227,GRUPUL FERDINAND
VL,"LICEUL ""P.POENARU"" / VL",38,direct_whole_name_match,112,"LICEUL ""P.POENARU"""
VL,LICEUL ARTA / VL,11,direct_whole_name_match,239,LICEUL ARTA
VL,LICEUL B.GOVORA / VL,29,direct_whole_name_match,108,LICEUL B.GOVORA
VL,LICEUL B.OLANESTI / VL,23,direct_whole_name_match,109,LICEUL B.OLANESTI
VL,LICEUL BABENI / VL,63,direct_whole_name_match,105,LICEUL BABENI
VL,LICEUL BASARAB / VL,167,direct_whole_name_match,237,LICEUL BASARAB
VL,LICEUL BREZOI / VL,71,direct_whole_name_match,128,LICEUL BREZOI
VL,LICEUL GRADISTEA / VL,5,direct_whole_name_match,175,LICEUL GRADISTEA
VL,LICEUL LADESTI / VL,17,direct_whole_name_match,183,LICEUL LADESTI
VL,LICEUL MACIUCA / VL,23,direct_whole_name_match,191,LICEUL MACIUCA
VL,LICEUL TEORETIC  VITOMIRESTI / OT,1,outside_county_origin,,
VL,LICEUL TEORETIC IANCU JIANU / OT,2,outside_county_origin,,
VL,SC. CU CLASELE I-VIII IZVORUL DULCE comuna MEREI / BZ,1,outside_county_origin,,
VL,SC. GEN. CLS. 1-8 LAUNELE / AG,1,outside_county_origin,,
VL,SC.CU CLS I-VIII TALMACIU / SB,1,outside_county_origin,,
VL,SC.CU CLS. I - VIII JOITA / GR,1,outside_county_origin,,
VL,SCOALA   GEN.CLS.1-VIII MUSATESTI / AG,3,outside_county_origin,,
VL,SCOALA  DRAGOESTI / VL,9,direct_whole_name_match,155,SCOALA  DRAGOESTI
VL,SCOALA  TETOIU / VL,1,direct_whole_name_match,279,SCOALA  TETOIU
VL,SCOALA 1 DRAGASANI / VL,124,direct_whole_name_match,151,SCOALA 1 DRAGASANI
VL,SCOALA 1 RM.VALCEA / VL,137,direct_whole_name_match,231,SCOALA 1 RM.VALCEA
VL,SCOALA 10 RM.VILCEA / VL,135,direct_whole_name_match,234,SCOALA 10 RM.VILCEA
VL,SCOALA 13 RM.VILCEA / VL,150,direct_whole_name_match,238,SCOALA 13 RM.VILCEA
VL,SCOALA 2 DRAGASANI / VL,169,direct_whole_name_match,150,SCOALA 2 DRAGASANI
VL,SCOALA 2 RM.VILCEA / VL,205,direct_whole_name_match,236,SCOALA 2 RM.VILCEA
VL,SCOALA 3 DRAGASANI / VL,7,direct_whole_name_match,154,SCOALA 3 DRAGASANI
VL,SCOALA 3 RM.VILCEA / VL,11,direct_whole_name_match,242,SCOALA 3 RM.VILCEA
VL,SCOALA 4 RM.VILCEA / VL,112,direct_whole_name_match,232,SCOALA 4 RM.VILCEA
VL,SCOALA 5 DRAGASANI / VL,15,direct_whole_name_match,153,SCOALA 5 DRAGASANI
VL,SCOALA 5 RM.VILCEA / VL,131,direct_whole_name_match,243,SCOALA 5 RM.VILCEA
VL,SCOALA 6 COPACELU / VL,14,direct_whole_name_match,244,SCOALA 6 COPACELU
VL,SCOALA 8 COLONIE / VL,9,direct_whole_name_match,228,SCOALA 8 COLONIE
VL,SCOALA 8 DRAGASANI / VL,5,direct_whole_name_match,152,SCOALA 8 DRAGASANI
VL,SCOALA 9 RM.VILCEA / VL,235,direct_whole_name_match,235,SCOALA 9 RM.VILCEA
VL,SCOALA ALUNU / VL,27,direct_whole_name_match,101,SCOALA ALUNU
VL,SCOALA AMARASTI / VL,9,direct_whole_name_match,103,SCOALA AMARASTI
VL,SCOALA ARMASESTI / VL,5,direct_whole_name_match,136,SCOALA ARMASESTI
VL,SCOALA AVRAMESTI / VL,6,direct_whole_name_match,253,SCOALA AVRAMESTI
VL,SCOALA BABENI OLTETU / VL,8,direct_whole_name_match,156,SCOALA BABENI OLTETU
VL,SCOALA BARBATESTI / VL,14,direct_whole_name_match,116,SCOALA BARBATESTI
VL,SCOALA BARBUCENI / VL,11,direct_whole_name_match,223,SCOALA BARBUCENI
VL,SCOALA BATASANI / VL,3,direct_whole_name_match,285,SCOALA BATASANI
VL,SCOALA BERBESTI / VL,43,ambiguous_same_directory_name,118 | 184,SCOALA BERBESTI | SCOALA BERBESTI
VL,SCOALA BIRSOIU / VL,5,direct_whole_name_match,267,SCOALA BIRSOIU
VL,SCOALA BLIDARI / VL,6,direct_whole_name_match,171,SCOALA BLIDARI
VL,SCOALA BODESTI / VL,15,direct_whole_name_match,117,SCOALA BODESTI
VL,SCOALA BRATIA DEAL / VL,14,direct_whole_name_match,165,SCOALA BRATIA DEAL
VL,SCOALA BUDESTI / VL,20,direct_whole_name_match,129,SCOALA BUDESTI
VL,SCOALA BULETA / VL,14,direct_whole_name_match,197,SCOALA BULETA
VL,SCOALA BUMBUESTI / VL,1,direct_whole_name_match,125,SCOALA BUMBUESTI
VL,SCOALA BUNESTI / VL,23,direct_whole_name_match,133,SCOALA BUNESTI
VL,SCOALA CALIMANESTI / VL,71,direct_whole_name_match,135,SCOALA CALIMANESTI
VL,SCOALA CALINA / VL,8,direct_whole_name_match,224,SCOALA CALINA
VL,SCOALA CALINESTI / VL,8,direct_whole_name_match,127,SCOALA CALINESTI
VL,SCOALA CATETU / VL,1,direct_whole_name_match,158,SCOALA CATETU
VL,SCOALA CERNISOARA / VL,8,direct_whole_name_match,137,SCOALA CERNISOARA
VL,SCOALA CHEIA / VL,3,direct_whole_name_match,110,SCOALA CHEIA
VL,SCOALA CIINENI / VL,5,direct_whole_name_match,140,SCOALA CIINENI
VL,SCOALA CIOCILTEI / VL,8,direct_whole_name_match,246,SCOALA CIOCILTEI
VL,SCOALA CIRESU / VL,7,direct_whole_name_match,271,SCOALA CIRESU
VL,SCOALA CIRSTANESTI / VL,10,direct_whole_name_match,209,SCOALA CIRSTANESTI
VL,SCOALA CLS.1-VII DEDULESTI / AG,1,outside_county_origin,,
VL,SCOALA COLTESTI / VL,10,direct_whole_name_match,102,SCOALA COLTESTI
VL,SCOALA COPACENI / VL,6,direct_whole_name_match,226,SCOALA COPACENI
VL,SCOALA COSTESTI / VL,38,direct_whole_name_match,144,SCOALA COSTESTI
VL,SCOALA CRETENI / VL,17,direct_whole_name_match,145,SCOALA CRETENI
VL,SCOALA CU CLASELE I - VIII DESA / DJ,1,outside_county_origin,,
VL,SCOALA CU CLASELE I - VIII NR  6 BAILESTI / DJ,1,outside_county_origin,,
VL,SCOALA CU CLASELE I - VIII NR 16 CRAIOVA / DJ,1,outside_county_origin,,
VL,SCOALA CU CLASELE I-VIII NR 8 DOROHOI / BT,1,outside_county_origin,,
VL,SCOALA CU CLASELE I-VIII NR.  12 / B,1,outside_county_origin,,
VL,"SCOALA CU CLASELE I-VIII NR. 111 ""GEORGE BACOVIA"" / B",1,outside_county_origin,,
VL,SCOALA CU CLASELE I-VIII SCARISOARA / OT,1,outside_county_origin,,
VL,SCOALA CUENI / VL,12,direct_whole_name_match,247,SCOALA CUENI
VL,SCOALA DAESTI / VL,22,ambiguous_same_directory_name,146 | 221,SCOALA DAESTI | SCOALA DAESTI
VL,SCOALA DEJOI / VL,5,direct_whole_name_match,159,SCOALA DEJOI
VL,SCOALA DEZROBITI / VL,8,direct_whole_name_match,162,SCOALA DEZROBITI
VL,SCOALA DIANU / VL,5,direct_whole_name_match,272,SCOALA DIANU
VL,SCOALA DOBRICEA / VL,8,direct_whole_name_match,174,SCOALA DOBRICEA
VL,SCOALA DOBRICENI / VL,13,direct_whole_name_match,264,SCOALA DOBRICENI
VL,SCOALA DOBRUSA / VL,11,direct_whole_name_match,262,SCOALA DOBRUSA
VL,SCOALA DOZESTI / VL,5,direct_whole_name_match,160,SCOALA DOZESTI
VL,SCOALA DRAGANU / VL,6,direct_whole_name_match,286,SCOALA DRAGANU
VL,SCOALA FAURESTI / VL,17,direct_whole_name_match,157,SCOALA FAURESTI
VL,SCOALA FEDELESOIU / VL,3,direct_whole_name_match,147,SCOALA FEDELESOIU
VL,SCOALA FOLESTII JOS / VL,2,direct_whole_name_match,280,SCOALA FOLESTII JOS
VL,SCOALA FOLESTII SUS / VL,9,direct_whole_name_match,281,SCOALA FOLESTII SUS
VL,SCOALA FRINCESTI / VL,5,direct_whole_name_match,163,SCOALA FRINCESTI
VL,SCOALA FUMURENI / VL,6,direct_whole_name_match,189,SCOALA FUMURENI
VL,SCOALA GALICEA / VL,23,direct_whole_name_match,166,SCOALA GALICEA
VL,SCOALA GEN.CLS.I-VIII SLATINA / AG,2,outside_county_origin,,
VL,SCOALA GENERALA ALIMPESTI / GJ,1,outside_county_origin,,
VL,SCOALA GENERALA CICANESTI / AG,1,outside_county_origin,,
VL,SCOALA GENERALA CLS I - VIII  ANDREI MURESANU  DEV / HD,1,outside_county_origin,,
VL,"SCOALA GENERALA CLS I - VIII ""I.D.SARBU"" PETRILA / HD",1,outside_county_origin,,
VL,SCOALA GENERALA CU CLASELE I-VIII  CAZANESTI / OT,2,outside_county_origin,,
VL,SCOALA GENERALA CU CLASELE I-VIII  CUNGREA / OT,1,outside_county_origin,,
VL,SCOALA GENERALA CU CLASELE I-VIII  DEJESTI / OT,2,outside_county_origin,,
VL,SCOALA GENERALA CU CLASELE I-VIII  GRADINARI / OT,5,outside_county_origin,,
VL,SCOALA GENERALA CU CLASELE I-VIII  GRECI / OT,1,outside_county_origin,,
VL,SCOALA GENERALA CU CLASELE I-VIII  LELEASCA / OT,1,outside_county_origin,,
VL,SCOALA GENERALA CU CLASELE I-VIII  PIRSCOVENI / OT,1,outside_county_origin,,
VL,SCOALA GENERALA CU CLASELE I-VIII  SIMBURESTI / OT,1,outside_county_origin,,
VL,SCOALA GENERALA CU CLASELE I-VIII  SLAVENI / OT,2,outside_county_origin,,
VL,SCOALA GENERALA CU CLASELE I-VIII  STREJESTII DE S / OT,1,outside_county_origin,,
VL,SCOALA GENERALA CU CLASELE I-VIII BABICIU / OT,1,outside_county_origin,,
VL,SCOALA GENERALA CU CLASELE I-VIII DIENCI / OT,8,outside_county_origin,,
VL,"SCOALA GENERALA CU CLASELE I-VIII NR 11 ""CONSTANTI / OT",1,outside_county_origin,,
VL,SCOALA GENERALA CU CLASELE I-VIII OTESTII DE SUS / OT,6,outside_county_origin,,
VL,SCOALA GENERALA CU CLASELE I-VIII POGANU / OT,13,outside_county_origin,,
VL,SCOALA GENERALA DE 8 ANI DIDESTI / TR,1,outside_county_origin,,
VL,SCOALA GENERALA NR 1 CU CLASELE I-VIII  RUSANESTI / OT,2,outside_county_origin,,
VL,SCOALA GENERALA NR 2 CU CLASELE I-VIII  RUSANESTI / OT,2,outside_county_origin,,
VL,SCOALA GENERALA NR 6 CU CLASELE I-VIII  CARACAL / OT,1,outside_county_origin,,
VL,SCOALA GENERALA NR.1 PESTISANI / GJ,3,outside_county_origin,,
VL,SCOALA GENERALA NR.1 POLOVRAGI / GJ,5,outside_county_origin,,
VL,"SCOALA GENERALA RADOSI, CRASNA / GJ",1,outside_county_origin,,
VL,SCOALA GENERALA SAPUNARI COM.MORARESTI / AG,2,outside_county_origin,,
VL,SCOALA GENERALA URLUIESTI / AG,2,outside_county_origin,,
VL,SCOALA GENERALACU CLASELE I-VIII  DOBROTEASA / OT,9,outside_county_origin,,
VL,SCOALA GENUNENI / VL,14,direct_whole_name_match,164,SCOALA GENUNENI
VL,SCOALA GHIOROIU / VL,6,direct_whole_name_match,167,SCOALA GHIOROIU
VL,SCOALA GLAVILE / VL,9,direct_whole_name_match,169,SCOALA GLAVILE
VL,SCOALA GORANU / VL,17,direct_whole_name_match,229,SCOALA GORANU
VL,SCOALA GORUNESTI / VL,7,direct_whole_name_match,113,SCOALA GORUNESTI
VL,SCOALA GOVORA SAT / VL,4,direct_whole_name_match,198,SCOALA GOVORA SAT
VL,SCOALA GREBLESTI / VL,3,direct_whole_name_match,141,SCOALA GREBLESTI
VL,SCOALA GURA VAII / VL,6,direct_whole_name_match,131,SCOALA GURA VAII
VL,SCOALA GUSOENI / VL,11,direct_whole_name_match,177,SCOALA GUSOENI
VL,SCOALA HOTARASA / VL,16,direct_whole_name_match,142,SCOALA HOTARASA
VL,SCOALA IONESTI / VL,23,direct_whole_name_match,181,SCOALA IONESTI
VL,SCOALA IRIMESTI / VL,5,direct_whole_name_match,114,SCOALA IRIMESTI
VL,SCOALA IZVORU RECE / VL,11,ambiguous_same_directory_name,268 | 283,SCOALA IZVORU RECE | SCOALA IZVORU RECE
VL,SCOALA JIBLEA VECHE / VL,18,direct_whole_name_match,134,SCOALA JIBLEA VECHE
VL,SCOALA LACUSTENI / VL,12,direct_whole_name_match,292,SCOALA LACUSTENI
VL,SCOALA LAPUSATA / VL,8,direct_whole_name_match,186,SCOALA LAPUSATA
VL,SCOALA LAUNELE / VL,1,direct_whole_name_match,148,SCOALA LAUNELE
VL,SCOALA LUNGESTI / VL,2,direct_whole_name_match,190,SCOALA LUNGESTI
VL,SCOALA MADULARI / VL,15,ambiguous_same_directory_name,138 | 192,SCOALA MADULARI | SCOALA MADULARI
VL,SCOALA MAGURA / VL,6,direct_whole_name_match,199,SCOALA MAGURA
VL,SCOALA MALAIA / VL,17,direct_whole_name_match,193,SCOALA MALAIA
VL,SCOALA MALDARESTI / VL,13,direct_whole_name_match,194,SCOALA MALDARESTI
VL,SCOALA MARCEA / VL,7,direct_whole_name_match,182,SCOALA MARCEA
VL,SCOALA MATEESTI / VL,26,direct_whole_name_match,195,SCOALA MATEESTI
VL,SCOALA MAZILI / VL,30,direct_whole_name_match,276,SCOALA MAZILI
VL,SCOALA MILCOIU / VL,8,direct_whole_name_match,200,SCOALA MILCOIU
VL,SCOALA MILOSTEA / VL,4,direct_whole_name_match,258,SCOALA MILOSTEA
VL,SCOALA MITROFANI / VL,11,direct_whole_name_match,277,SCOALA MITROFANI
VL,SCOALA MLACENI / VL,3,direct_whole_name_match,215,SCOALA MLACENI
VL,SCOALA MODOIA / VL,12,direct_whole_name_match,139,SCOALA MODOIA
VL,SCOALA MOLOGESTI / VL,10,direct_whole_name_match,185,SCOALA MOLOGESTI
VL,SCOALA MUEREASCA JOS / VL,9,direct_whole_name_match,201,SCOALA MUEREASCA JOS
VL,SCOALA MUEREASCA SUS / VL,8,direct_whole_name_match,202,SCOALA MUEREASCA SUS
VL,SCOALA NEMOIU / VL,9,direct_whole_name_match,104,SCOALA NEMOIU
VL,SCOALA NR.1 PITESTI / AG,1,outside_county_origin,,
VL,SCOALA OBISLAVU / VL,12,direct_whole_name_match,176,SCOALA OBISLAVU
VL,SCOALA OCNELE MARI / VL,6,direct_whole_name_match,205,SCOALA OCNELE MARI
VL,SCOALA OCNITA / VL,4,direct_whole_name_match,206,SCOALA OCNITA
VL,SCOALA OLANESTI SAT / VL,15,direct_whole_name_match,111,SCOALA OLANESTI SAT
VL,SCOALA OLANU / VL,34,direct_whole_name_match,207,SCOALA OLANU
VL,SCOALA OLTEANCA / VL,5,direct_whole_name_match,170,SCOALA OLTEANCA
VL,SCOALA OLTENI / VL,4,direct_whole_name_match,132,SCOALA OLTENI
VL,SCOALA ORLESTI / VL,11,direct_whole_name_match,208,SCOALA ORLESTI
VL,SCOALA OTESANI / VL,10,direct_whole_name_match,210,SCOALA OTESANI
VL,SCOALA OTETELISU / VL,12,direct_whole_name_match,115,SCOALA OTETELISU
VL,SCOALA P.MAGLASI / VL,11,direct_whole_name_match,213,SCOALA P.MAGLASI
VL,SCOALA PAUSESTI / VL,8,direct_whole_name_match,211,SCOALA PAUSESTI
VL,SCOALA PERISANI / VL,6,direct_whole_name_match,216,SCOALA PERISANI
VL,SCOALA PESCEANA / VL,18,direct_whole_name_match,219,SCOALA PESCEANA
VL,SCOALA PIETRARI / VL,17,direct_whole_name_match,220,SCOALA PIETRARI
VL,SCOALA PIRIIENI / VL,12,direct_whole_name_match,187,SCOALA PIRIIENI
VL,SCOALA PISCU MARE / VL,4,direct_whole_name_match,265,SCOALA PISCU MARE
VL,SCOALA POENITA / VL,1,direct_whole_name_match,172,SCOALA POENITA
VL,SCOALA POIANA / VL,1,direct_whole_name_match,217,SCOALA POIANA
VL,SCOALA POPESTI / VL,2,direct_whole_name_match,173,SCOALA POPESTI
VL,SCOALA PREDESTI / VL,6,direct_whole_name_match,203,SCOALA PREDESTI
VL,SCOALA PRUNDENI / VL,9,direct_whole_name_match,225,SCOALA PRUNDENI
VL,SCOALA RADACINESTI / VL,1,direct_whole_name_match,121,SCOALA RADACINESTI
VL,SCOALA RIMESTI / VL,2,direct_whole_name_match,178,SCOALA RIMESTI
VL,SCOALA ROBAIA / VL,1,direct_whole_name_match,122,SCOALA ROBAIA
VL,SCOALA ROMANESTI / VL,9,direct_whole_name_match,248,SCOALA ROMANESTI
VL,SCOALA ROMANI / VL,26,ambiguous_same_directory_name,106 | 179,SCOALA ROMANI | SCOALA ROMANI
VL,SCOALA ROSIILE / VL,7,direct_whole_name_match,249,SCOALA ROSIILE
VL,SCOALA ROTARASTI / VL,7,direct_whole_name_match,204,SCOALA ROTARASTI
VL,SCOALA RUDA / VL,5,direct_whole_name_match,130,SCOALA RUDA
VL,SCOALA RUNCU / VL,4,direct_whole_name_match,250,SCOALA RUNCU
VL,SCOALA RUSANESTI / VL,14,direct_whole_name_match,161,SCOALA RUSANESTI
VL,SCOALA SALATRUCEL / VL,16,direct_whole_name_match,251,SCOALA SALATRUCEL
VL,SCOALA SASCIOARA / VL,4,direct_whole_name_match,293,SCOALA SASCIOARA
VL,SCOALA SCUNDU / VL,10,direct_whole_name_match,254,SCOALA SCUNDU
VL,SCOALA SERBANESTI / VL,9,ambiguous_same_directory_name,212 | 252,SCOALA SERBANESTI | SCOALA SERBANESTI
VL,SCOALA SINESTI / VL,19,direct_whole_name_match,255,SCOALA SINESTI
VL,SCOALA SIRINEASA / VL,9,direct_whole_name_match,257,SCOALA SIRINEASA
VL,SCOALA SLATIOARA / VL,15,direct_whole_name_match,259,SCOALA SLATIOARA
VL,SCOALA STANESTI / VL,3,direct_whole_name_match,260,SCOALA STANESTI
VL,SCOALA STEFANESTI / VL,11,direct_whole_name_match,263,SCOALA STEFANESTI
VL,SCOALA STIRBESTI / VL,5,direct_whole_name_match,168,SCOALA STIRBESTI
VL,SCOALA STOENESTI / VL,15,ambiguous_same_directory_name,123 | 266,SCOALA STOENESTI | SCOALA STOENESTI
VL,SCOALA STOILESTI / VL,8,direct_whole_name_match,269,SCOALA STOILESTI
VL,SCOALA STROESTI / VL,16,direct_whole_name_match,273,SCOALA STROESTI
VL,SCOALA SUSANI / VL,14,direct_whole_name_match,274,SCOALA SUSANI
VL,SCOALA TEPESTI / VL,5,direct_whole_name_match,278,SCOALA TEPESTI
VL,SCOALA TINA / VL,8,direct_whole_name_match,188,SCOALA TINA
VL,SCOALA TITESTI / VL,2,direct_whole_name_match,218,SCOALA TITESTI
VL,SCOALA TOMSANI / VL,17,direct_whole_name_match,282,SCOALA TOMSANI
VL,SCOALA TURCESTI / VL,19,direct_whole_name_match,196,SCOALA TURCESTI
VL,SCOALA UDRESTI / VL,8,direct_whole_name_match,149,SCOALA UDRESTI
VL,SCOALA ULMETU / VL,10,direct_whole_name_match,143,SCOALA ULMETU
VL,SCOALA URSI / VL,17,ambiguous_same_directory_name,222 | 270,SCOALA URSI | SCOALA URSI
VL,SCOALA URZICA / VL,10,direct_whole_name_match,256,SCOALA URZICA
VL,SCOALA USUREI / VL,5,direct_whole_name_match,275,SCOALA USUREI
VL,SCOALA VAIDEENI / VL,35,direct_whole_name_match,284,SCOALA VAIDEENI
VL,SCOALA VALEA CHEII / VL,4,direct_whole_name_match,214,SCOALA VALEA CHEII
VL,SCOALA VALEA MARE / VL,9,ambiguous_same_directory_name,107 | 287,SCOALA VALEA MARE | SCOALA VALEA MARE
VL,SCOALA VIRLENI / VL,3,direct_whole_name_match,261,SCOALA VIRLENI
VL,SCOALA VLADESTI / VL,17,direct_whole_name_match,288,SCOALA VLADESTI
VL,SCOALA VOICESTI / VL,17,direct_whole_name_match,289,SCOALA VOICESTI
VL,SCOALA VOINEASA / VL,38,direct_whole_name_match,290,SCOALA VOINEASA
VL,SCOALA WALDORF / VL,5,direct_whole_name_match,245,SCOALA WALDORF
VL,SCOALA ZATRENI / VL,10,direct_whole_name_match,294,SCOALA ZATRENI
VN,"COLEGIUL NATIONAL ""AL.I.CUZA"" FOCSANI / VN",29,direct_whole_name_match,251,"COLEGIUL NATIONAL ""AL.I.CUZA"" FOCSANI"
VN,"COLEGIUL NATIONAL ""UNIREA"" FOCSANI / VN",56,direct_whole_name_match,101,"COLEGIUL NATIONAL ""UNIREA"" FOCSANI"
VN,GRUP SCOLAR DUMITRESTI / VN,32,direct_whole_name_match,129,GRUP SCOLAR DUMITRESTI
VN,GRUPUL SCOLAR FORESTIER FOCSANI / VN,27,direct_whole_name_match,254,GRUPUL SCOLAR FORESTIER FOCSANI
VN,GRUPUL SCOLAR MARASESTI / VN,26,direct_whole_name_match,255,GRUPUL SCOLAR MARASESTI
VN,LICEUL CU PROGRAM SPORTIV FOCSANI / VN,19,direct_whole_name_match,262,LICEUL CU PROGRAM SPORTIV FOCSANI
VN,"LICEUL DE MUZICA SI ARTE PLASTICE ""GH. TATTARASCU"" / VN",8,direct_whole_name_match,265,"LICEUL DE MUZICA SI ARTE PLASTICE ""GH. TATTARASCU"""
VN,"LICEUL TEORETIC ""D.ZAMFIRESCU"" ODOBESTI / VN",79,direct_whole_name_match,248,"LICEUL TEORETIC ""D.ZAMFIRESCU"" ODOBESTI"
VN,"LICEUL TEORETIC ""EMIL BOTTA"" ADJUD / VN",24,direct_whole_name_match,250,"LICEUL TEORETIC ""EMIL BOTTA"" ADJUD"
VN,SC. CU CLASELE I-VIII AL.ODOBESCU comuna BUDA / BZ,2,outside_county_origin,,
VN,SC. CU CLASELE I-VIII PLESI comuna BISOCA / BZ,2,outside_county_origin,,
VN,SC. CU CLASELE I-VIII VACAREASCA GL. SILISTEA / BZ,1,outside_county_origin,,
VN,"SCOALA ""GEORGE CALINESCU"" IASI / IS",1,outside_county_origin,,
VN,SCOALA COSMESTI-DEAL / GL,3,outside_county_origin,,
VN,SCOALA COSMESTI-VALE / GL,2,outside_county_origin,,
VN,SCOALA CU CLASE I-VIII JURILOVCA / TL,1,outside_county_origin,,
VN,"SCOALA CU CLASELE I-VIII ""VASILE ALECSANDRI"" / BR",1,outside_county_origin,,
VN,SCOALA CU CLASELE I-VIII BRATULESTI / IS,1,outside_county_origin,,
VN,SCOALA CU CLASELE I-VIII HOCENI / VS,1,outside_county_origin,,
VN,SCOALA CU CLASELE I-VIII JIRLAU / BR,2,outside_county_origin,,
VN,SCOALA CU CLASELE I-VIII MOVILA MIRESII / BR,1,outside_county_origin,,
VN,SCOALA CU CLASELE I-VIII Nr.11  BUZAU / BZ,1,outside_county_origin,,
VN,SCOALA FURCENII NOI / GL,1,outside_county_origin,,
VN,SCOALA FURCENII VECHI / GL,3,outside_county_origin,,
VN,SCOALA GENERALA CU CLASELE I-VIII CORNII DE SUS / BC,3,outside_county_origin,,
VN,SCOALA GENERALA CU CLASELE I-VIII GHERDANA / BC,4,outside_county_origin,,
VN,SCOALA GENERALA CU CLASELE I-VIII HURUIESTI / BC,8,outside_county_origin,,
VN,SCOALA GENERALA CU CLASELE I-VIII NR  1 DEALU MORI / BC,6,outside_county_origin,,
VN,SCOALA GENERALA CU CLASELE I-VIII NR  1 PODU TURCU / BC,1,outside_county_origin,,
VN,SCOALA GENERALA CU CLASELE I-VIII NR  1 VALEA SEAC / BC,1,outside_county_origin,,
VN,SCOALA GENERALA CU CLASELE I-VIII SASCUT / BC,4,outside_county_origin,,
VN,SCOALA GENERALA CU CLASELE I-VIII SASCUT-SAT / BC,1,outside_county_origin,,
VN,SCOALA GENERALA CU CLASELE I-VIII URECHESTI / BC,1,outside_county_origin,,
VN,SCOALA GENERALA DE 8 ANI ADJUDU VECHI / VN,6,direct_whole_name_match,205,SCOALA GENERALA DE 8 ANI ADJUDU VECHI
VN,SCOALA GENERALA DE 8 ANI ANDREIASU DE JOS / VN,5,direct_whole_name_match,216,SCOALA GENERALA DE 8 ANI ANDREIASU DE JOS
VN,SCOALA GENERALA DE 8 ANI ANDREIASU DE SUS / VN,5,direct_whole_name_match,108,SCOALA GENERALA DE 8 ANI ANDREIASU DE SUS
VN,SCOALA GENERALA DE 8 ANI ANGHELESTI / VN,4,direct_whole_name_match,160,SCOALA GENERALA DE 8 ANI ANGHELESTI
VN,SCOALA GENERALA DE 8 ANI BAHNELE / VN,2,direct_whole_name_match,242,SCOALA GENERALA DE 8 ANI BAHNELE
VN,SCOALA GENERALA DE 8 ANI BALESTI / VN,6,direct_whole_name_match,110,SCOALA GENERALA DE 8 ANI BALESTI
VN,SCOALA GENERALA DE 8 ANI BATINESTI / VN,4,direct_whole_name_match,185,SCOALA GENERALA DE 8 ANI BATINESTI
VN,SCOALA GENERALA DE 8 ANI BIRSESTI / VN,13,direct_whole_name_match,217,SCOALA GENERALA DE 8 ANI BIRSESTI
VN,SCOALA GENERALA DE 8 ANI BOGZA / VN,3,direct_whole_name_match,163,SCOALA GENERALA DE 8 ANI BOGZA
VN,SCOALA GENERALA DE 8 ANI BONTESTI / VN,7,direct_whole_name_match,123,SCOALA GENERALA DE 8 ANI BONTESTI
VN,SCOALA GENERALA DE 8 ANI BOTIRLAU / VN,9,direct_whole_name_match,201,SCOALA GENERALA DE 8 ANI BOTIRLAU
VN,SCOALA GENERALA DE 8 ANI BUDESTI / VN,10,direct_whole_name_match,127,SCOALA GENERALA DE 8 ANI BUDESTI
VN,SCOALA GENERALA DE 8 ANI CAIATA / VN,1,direct_whole_name_match,164,SCOALA GENERALA DE 8 ANI CAIATA
VN,SCOALA GENERALA DE 8 ANI CALIENII VECHI / VN,7,direct_whole_name_match,147,SCOALA GENERALA DE 8 ANI CALIENII VECHI
VN,SCOALA GENERALA DE 8 ANI CATAUTI / VN,5,direct_whole_name_match,116,SCOALA GENERALA DE 8 ANI CATAUTI
VN,SCOALA GENERALA DE 8 ANI CHIOJDENI / VN,6,direct_whole_name_match,115,SCOALA GENERALA DE 8 ANI CHIOJDENI
VN,SCOALA GENERALA DE 8 ANI CIMPINEANCA / VN,19,direct_whole_name_match,214,SCOALA GENERALA DE 8 ANI CIMPINEANCA
VN,SCOALA GENERALA DE 8 ANI CINDESTI / VN,5,direct_whole_name_match,128,SCOALA GENERALA DE 8 ANI CINDESTI
VN,SCOALA GENERALA DE 8 ANI CIRLIGELE / VN,10,direct_whole_name_match,122,SCOALA GENERALA DE 8 ANI CIRLIGELE
VN,SCOALA GENERALA DE 8 ANI CIUSLEA / VN,8,direct_whole_name_match,222,SCOALA GENERALA DE 8 ANI CIUSLEA
VN,SCOALA GENERALA DE 8 ANI COLACU / VN,13,direct_whole_name_match,188,SCOALA GENERALA DE 8 ANI COLACU
VN,SCOALA GENERALA DE 8 ANI COPACESTI / VN,2,direct_whole_name_match,161,SCOALA GENERALA DE 8 ANI COPACESTI
VN,SCOALA GENERALA DE 8 ANI COROTENI / VN,3,direct_whole_name_match,167,SCOALA GENERALA DE 8 ANI COROTENI
VN,SCOALA GENERALA DE 8 ANI COZA / VN,11,direct_whole_name_match,183,SCOALA GENERALA DE 8 ANI COZA
VN,SCOALA GENERALA DE 8 ANI CRUCEA DE SUS / VN,11,direct_whole_name_match,209,SCOALA GENERALA DE 8 ANI CRUCEA DE SUS
VN,SCOALA GENERALA DE 8 ANI DEALU LUNG / VN,1,direct_whole_name_match,223,SCOALA GENERALA DE 8 ANI DEALU LUNG
VN,SCOALA GENERALA DE 8 ANI DOMNESTI-TIRG / VN,9,direct_whole_name_match,107,SCOALA GENERALA DE 8 ANI DOMNESTI-TIRG
VN,SCOALA GENERALA DE 8 ANI DRAGOSLOVENI / VN,9,direct_whole_name_match,168,SCOALA GENERALA DE 8 ANI DRAGOSLOVENI
VN,SCOALA GENERALA DE 8 ANI FARAOANELE / VN,6,direct_whole_name_match,198,SCOALA GENERALA DE 8 ANI FARAOANELE
VN,SCOALA GENERALA DE 8 ANI FELDIOARA / VN,4,direct_whole_name_match,176,SCOALA GENERALA DE 8 ANI FELDIOARA
VN,SCOALA GENERALA DE 8 ANI GOLESTI / VN,23,direct_whole_name_match,215,SCOALA GENERALA DE 8 ANI GOLESTI
VN,SCOALA GENERALA DE 8 ANI GOLOGANU / VN,14,direct_whole_name_match,143,SCOALA GENERALA DE 8 ANI GOLOGANU
VN,SCOALA GENERALA DE 8 ANI GURA CALITEI / VN,3,direct_whole_name_match,133,SCOALA GENERALA DE 8 ANI GURA CALITEI
VN,SCOALA GENERALA DE 8 ANI HINGULESTI / VN,4,direct_whole_name_match,202,SCOALA GENERALA DE 8 ANI HINGULESTI
VN,SCOALA GENERALA DE 8 ANI HOMOCEA / VN,26,direct_whole_name_match,224,SCOALA GENERALA DE 8 ANI HOMOCEA
VN,SCOALA GENERALA DE 8 ANI IRESTI / VN,5,direct_whole_name_match,190,SCOALA GENERALA DE 8 ANI IRESTI
VN,SCOALA GENERALA DE 8 ANI JITIA / VN,5,direct_whole_name_match,226,SCOALA GENERALA DE 8 ANI JITIA
VN,SCOALA GENERALA DE 8 ANI LACU LUI BABAN / VN,2,direct_whole_name_match,134,SCOALA GENERALA DE 8 ANI LACU LUI BABAN
VN,SCOALA GENERALA DE 8 ANI LASTUNI / VN,7,direct_whole_name_match,131,SCOALA GENERALA DE 8 ANI LASTUNI
VN,SCOALA GENERALA DE 8 ANI LESPEZI / VN,14,direct_whole_name_match,137,SCOALA GENERALA DE 8 ANI LESPEZI
VN,SCOALA GENERALA DE 8 ANI LIVEZILE / VN,10,direct_whole_name_match,195,SCOALA GENERALA DE 8 ANI LIVEZILE
VN,SCOALA GENERALA DE 8 ANI MAICANESTI / VN,17,direct_whole_name_match,140,SCOALA GENERALA DE 8 ANI MAICANESTI
VN,SCOALA GENERALA DE 8 ANI MANASTIOARA / VN,3,direct_whole_name_match,132,SCOALA GENERALA DE 8 ANI MANASTIOARA
VN,SCOALA GENERALA DE 8 ANI MARASTI / VN,6,direct_whole_name_match,156,SCOALA GENERALA DE 8 ANI MARASTI
VN,SCOALA GENERALA DE 8 ANI MIHALCENI / VN,9,direct_whole_name_match,118,SCOALA GENERALA DE 8 ANI MIHALCENI
VN,SCOALA GENERALA DE 8 ANI MILCOVUL / VN,19,direct_whole_name_match,228,SCOALA GENERALA DE 8 ANI MILCOVUL
VN,SCOALA GENERALA DE 8 ANI MOTNAU / VN,1,direct_whole_name_match,130,SCOALA GENERALA DE 8 ANI MOTNAU
VN,SCOALA GENERALA DE 8 ANI NANESTI / VN,11,direct_whole_name_match,146,SCOALA GENERALA DE 8 ANI NANESTI
VN,SCOALA GENERALA DE 8 ANI NEGRILESTI / VN,8,direct_whole_name_match,218,SCOALA GENERALA DE 8 ANI NEGRILESTI
VN,SCOALA GENERALA DE 8 ANI NEREJU MIC / VN,20,direct_whole_name_match,149,SCOALA GENERALA DE 8 ANI NEREJU MIC
VN,SCOALA GENERALA DE 8 ANI NISTORESTI / VN,15,direct_whole_name_match,230,SCOALA GENERALA DE 8 ANI NISTORESTI
VN,SCOALA GENERALA DE 8 ANI NR 1 ADJUD / VN,21,direct_whole_name_match,247,SCOALA GENERALA DE 8 ANI NR 1 ADJUD
VN,SCOALA GENERALA DE 8 ANI NR 1 BORDEASCA VECHE / VN,5,direct_whole_name_match,178,SCOALA GENERALA DE 8 ANI NR 1 BORDEASCA VECHE
VN,SCOALA GENERALA DE 8 ANI NR 1 BUDA / VN,4,direct_whole_name_match,124,SCOALA GENERALA DE 8 ANI NR 1 BUDA
VN,SCOALA GENERALA DE 8 ANI NR 1 BURCA / VN,3,direct_whole_name_match,189,SCOALA GENERALA DE 8 ANI NR 1 BURCA
VN,SCOALA GENERALA DE 8 ANI NR 1 FOCSANI / VN,95,direct_whole_name_match,257,SCOALA GENERALA DE 8 ANI NR 1 FOCSANI
VN,SCOALA GENERALA DE 8 ANI NR 1 GUGESTI / VN,44,direct_whole_name_match,135,SCOALA GENERALA DE 8 ANI NR 1 GUGESTI
VN,SCOALA GENERALA DE 8 ANI NR 1 HAULISCA / VN,11,direct_whole_name_match,184,SCOALA GENERALA DE 8 ANI NR 1 HAULISCA
VN,SCOALA GENERALA DE 8 ANI NR 1 MARASESTI / VN,27,direct_whole_name_match,206,SCOALA GENERALA DE 8 ANI NR 1 MARASESTI
VN,SCOALA GENERALA DE 8 ANI NR 1 MERA / VN,13,direct_whole_name_match,142,SCOALA GENERALA DE 8 ANI NR 1 MERA
VN,SCOALA GENERALA DE 8 ANI NR 1 PANCIU / VN,127,direct_whole_name_match,261,SCOALA GENERALA DE 8 ANI NR 1 PANCIU
VN,SCOALA GENERALA DE 8 ANI NR 1 POPESTI / VN,12,direct_whole_name_match,239,SCOALA GENERALA DE 8 ANI NR 1 POPESTI
VN,SCOALA GENERALA DE 8 ANI NR 1 SIHLEA / VN,10,direct_whole_name_match,162,SCOALA GENERALA DE 8 ANI NR 1 SIHLEA
VN,SCOALA GENERALA DE 8 ANI NR 1 SINDRILARI / VN,8,direct_whole_name_match,233,SCOALA GENERALA DE 8 ANI NR 1 SINDRILARI
VN,SCOALA GENERALA DE 8 ANI NR 1 STRAOANE / VN,14,direct_whole_name_match,170,SCOALA GENERALA DE 8 ANI NR 1 STRAOANE
VN,SCOALA GENERALA DE 8 ANI NR 1 SURAIA / VN,32,direct_whole_name_match,235,SCOALA GENERALA DE 8 ANI NR 1 SURAIA
VN,SCOALA GENERALA DE 8 ANI NR 1 URECHESTI / VN,19,direct_whole_name_match,187,SCOALA GENERALA DE 8 ANI NR 1 URECHESTI
VN,SCOALA GENERALA DE 8 ANI NR 1 VIISOARA / VN,1,direct_whole_name_match,192,SCOALA GENERALA DE 8 ANI NR 1 VIISOARA
VN,SCOALA GENERALA DE 8 ANI NR 1 VULCANEASA / VN,24,direct_whole_name_match,227,SCOALA GENERALA DE 8 ANI NR 1 VULCANEASA
VN,SCOALA GENERALA DE 8 ANI NR 10 FOCSANI / VN,209,direct_whole_name_match,249,SCOALA GENERALA DE 8 ANI NR 10 FOCSANI
VN,SCOALA GENERALA DE 8 ANI NR 11 MINDRESTI-MOLDOVA / VN,5,direct_whole_name_match,213,SCOALA GENERALA DE 8 ANI NR 11 MINDRESTI-MOLDOVA
VN,SCOALA GENERALA DE 8 ANI NR 2 ADJUD / VN,41,direct_whole_name_match,204,SCOALA GENERALA DE 8 ANI NR 2 ADJUD
VN,SCOALA GENERALA DE 8 ANI NR 2 BORDEASCA VECHE / VN,5,direct_whole_name_match,179,SCOALA GENERALA DE 8 ANI NR 2 BORDEASCA VECHE
VN,SCOALA GENERALA DE 8 ANI NR 2 FOCSANI / VN,250,direct_whole_name_match,210,SCOALA GENERALA DE 8 ANI NR 2 FOCSANI
VN,SCOALA GENERALA DE 8 ANI NR 2 GUGESTI / VN,11,direct_whole_name_match,136,SCOALA GENERALA DE 8 ANI NR 2 GUGESTI
VN,SCOALA GENERALA DE 8 ANI NR 2 MARASESTI / VN,46,direct_whole_name_match,104,SCOALA GENERALA DE 8 ANI NR 2 MARASESTI
VN,SCOALA GENERALA DE 8 ANI NR 2 STRAOANE / VN,17,direct_whole_name_match,172,SCOALA GENERALA DE 8 ANI NR 2 STRAOANE
VN,SCOALA GENERALA DE 8 ANI NR 2 SURAIA / VN,11,direct_whole_name_match,173,SCOALA GENERALA DE 8 ANI NR 2 SURAIA
VN,SCOALA GENERALA DE 8 ANI NR 3 ADJUD / VN,59,direct_whole_name_match,102,SCOALA GENERALA DE 8 ANI NR 3 ADJUD
VN,SCOALA GENERALA DE 8 ANI NR 3 FOCSANI / VN,149,direct_whole_name_match,263,SCOALA GENERALA DE 8 ANI NR 3 FOCSANI
VN,SCOALA GENERALA DE 8 ANI NR 4 ADJUD / VN,101,direct_whole_name_match,103,SCOALA GENERALA DE 8 ANI NR 4 ADJUD
VN,SCOALA GENERALA DE 8 ANI NR 5 FOCSANI / VN,118,direct_whole_name_match,256,SCOALA GENERALA DE 8 ANI NR 5 FOCSANI
VN,SCOALA GENERALA DE 8 ANI NR 6 FOCSANI / VN,112,direct_whole_name_match,211,SCOALA GENERALA DE 8 ANI NR 6 FOCSANI
VN,SCOALA GENERALA DE 8 ANI NR 7 FOCSANI / VN,89,direct_whole_name_match,212,SCOALA GENERALA DE 8 ANI NR 7 FOCSANI
VN,SCOALA GENERALA DE 8 ANI NR 8 FOCSANI / VN,70,direct_whole_name_match,258,SCOALA GENERALA DE 8 ANI NR 8 FOCSANI
VN,SCOALA GENERALA DE 8 ANI NR 9 FOCSANI / VN,175,direct_whole_name_match,259,SCOALA GENERALA DE 8 ANI NR 9 FOCSANI
VN,SCOALA GENERALA DE 8 ANI NR. 1 COTESTI / VN,16,direct_whole_name_match,126,SCOALA GENERALA DE 8 ANI NR. 1 COTESTI
VN,SCOALA GENERALA DE 8 ANI NR. 1 DUMBRAVENI / VN,9,direct_whole_name_match,220,SCOALA GENERALA DE 8 ANI NR. 1 DUMBRAVENI
VN,SCOALA GENERALA DE 8 ANI NR. 1 RACHITASU / VN,2,direct_whole_name_match,109,SCOALA GENERALA DE 8 ANI NR. 1 RACHITASU
VN,SCOALA GENERALA DE 8 ANI NR.1 BILIESTI / VN,19,direct_whole_name_match,174,SCOALA GENERALA DE 8 ANI NR.1 BILIESTI
VN,SCOALA GENERALA DE 8 ANI NR.1 CIMPURI / VN,8,direct_whole_name_match,119,SCOALA GENERALA DE 8 ANI NR.1 CIMPURI
VN,SCOALA GENERALA DE 8 ANI NR.1 FITIONESTI / VN,4,direct_whole_name_match,221,SCOALA GENERALA DE 8 ANI NR.1 FITIONESTI
VN,SCOALA GENERALA DE 8 ANI NR.1 GAGESTI / VN,13,direct_whole_name_match,111,SCOALA GENERALA DE 8 ANI NR.1 GAGESTI
VN,SCOALA GENERALA DE 8 ANI NR.1 GAROAFA / VN,7,direct_whole_name_match,105,SCOALA GENERALA DE 8 ANI NR.1 GAROAFA
VN,SCOALA GENERALA DE 8 ANI NR.1 JARISTEA / VN,12,direct_whole_name_match,138,SCOALA GENERALA DE 8 ANI NR.1 JARISTEA
VN,SCOALA GENERALA DE 8 ANI NR.1 MOVILITA / VN,29,direct_whole_name_match,145,SCOALA GENERALA DE 8 ANI NR.1 MOVILITA
VN,SCOALA GENERALA DE 8 ANI NR.1 NARUJA / VN,13,direct_whole_name_match,229,SCOALA GENERALA DE 8 ANI NR.1 NARUJA
VN,SCOALA GENERALA DE 8 ANI NR.1 NEREJU / VN,14,direct_whole_name_match,148,SCOALA GENERALA DE 8 ANI NR.1 NEREJU
VN,SCOALA GENERALA DE 8 ANI NR.1 PALTIN / VN,16,direct_whole_name_match,232,SCOALA GENERALA DE 8 ANI NR.1 PALTIN
VN,SCOALA GENERALA DE 8 ANI NR.1 PAUNESTI / VN,26,direct_whole_name_match,264,SCOALA GENERALA DE 8 ANI NR.1 PAUNESTI
VN,SCOALA GENERALA DE 8 ANI NR.1 POIANA / VN,9,direct_whole_name_match,199,SCOALA GENERALA DE 8 ANI NR.1 POIANA
VN,SCOALA GENERALA DE 8 ANI NR.1 SLOBOZIA CIORASTI / VN,9,direct_whole_name_match,234,SCOALA GENERALA DE 8 ANI NR.1 SLOBOZIA CIORASTI
VN,SCOALA GENERALA DE 8 ANI NR.1 SPULBER / VN,8,direct_whole_name_match,151,SCOALA GENERALA DE 8 ANI NR.1 SPULBER
VN,SCOALA GENERALA DE 8 ANI NR.1 UNIREA / VN,6,direct_whole_name_match,208,SCOALA GENERALA DE 8 ANI NR.1 UNIREA
VN,SCOALA GENERALA DE 8 ANI NR.2 TEI CIMPURI / VN,3,direct_whole_name_match,120,SCOALA GENERALA DE 8 ANI NR.2 TEI CIMPURI
VN,SCOALA GENERALA DE 8 ANI OBREJITA / VN,3,direct_whole_name_match,181,SCOALA GENERALA DE 8 ANI OBREJITA
VN,SCOALA GENERALA DE 8 ANI PADURENI -JARISTEA / VN,4,direct_whole_name_match,139,SCOALA GENERALA DE 8 ANI PADURENI -JARISTEA
VN,SCOALA GENERALA DE 8 ANI PADURENI-MARASESTI / VN,7,direct_whole_name_match,207,SCOALA GENERALA DE 8 ANI PADURENI-MARASESTI
VN,SCOALA GENERALA DE 8 ANI PAULESTI / VN,7,direct_whole_name_match,237,SCOALA GENERALA DE 8 ANI PAULESTI
VN,SCOALA GENERALA DE 8 ANI PITULUSA / VN,8,direct_whole_name_match,114,SCOALA GENERALA DE 8 ANI PITULUSA
VN,SCOALA GENERALA DE 8 ANI PLOSCUTENI / VN,15,direct_whole_name_match,225,SCOALA GENERALA DE 8 ANI PLOSCUTENI
VN,SCOALA GENERALA DE 8 ANI POIANA CRISTEI / VN,2,direct_whole_name_match,152,SCOALA GENERALA DE 8 ANI POIANA CRISTEI
VN,SCOALA GENERALA DE 8 ANI PRAHUDA / VN,9,direct_whole_name_match,150,SCOALA GENERALA DE 8 ANI PRAHUDA
VN,SCOALA GENERALA DE 8 ANI PUFESTI / VN,19,direct_whole_name_match,153,SCOALA GENERALA DE 8 ANI PUFESTI
VN,SCOALA GENERALA DE 8 ANI PUTNA / VN,3,direct_whole_name_match,112,SCOALA GENERALA DE 8 ANI PUTNA
VN,SCOALA GENERALA DE 8 ANI RACOASA / VN,7,direct_whole_name_match,154,SCOALA GENERALA DE 8 ANI RACOASA
VN,SCOALA GENERALA DE 8 ANI RASTOACA / VN,8,direct_whole_name_match,144,SCOALA GENERALA DE 8 ANI RASTOACA
VN,SCOALA GENERALA DE 8 ANI RIMNICENI / VN,2,direct_whole_name_match,141,SCOALA GENERALA DE 8 ANI RIMNICENI
VN,SCOALA GENERALA DE 8 ANI ROTILESTII MARI / VN,6,direct_whole_name_match,121,SCOALA GENERALA DE 8 ANI ROTILESTII MARI
VN,SCOALA GENERALA DE 8 ANI RUCARENI / VN,5,direct_whole_name_match,169,SCOALA GENERALA DE 8 ANI RUCARENI
VN,SCOALA GENERALA DE 8 ANI RUGINESTI / VN,6,direct_whole_name_match,159,SCOALA GENERALA DE 8 ANI RUGINESTI
VN,SCOALA GENERALA DE 8 ANI SERBANESTI / VN,17,direct_whole_name_match,125,SCOALA GENERALA DE 8 ANI SERBANESTI
VN,SCOALA GENERALA DE 8 ANI SLIMNIC / VN,6,direct_whole_name_match,182,SCOALA GENERALA DE 8 ANI SLIMNIC
VN,SCOALA GENERALA DE 8 ANI SPINESTI / VN,10,direct_whole_name_match,200,SCOALA GENERALA DE 8 ANI SPINESTI
VN,SCOALA GENERALA DE 8 ANI TANASOAIA / VN,3,direct_whole_name_match,175,SCOALA GENERALA DE 8 ANI TANASOAIA
VN,SCOALA GENERALA DE 8 ANI TATARANU / VN,12,direct_whole_name_match,177,SCOALA GENERALA DE 8 ANI TATARANU
VN,SCOALA GENERALA DE 8 ANI TICHIRIS / VN,7,direct_whole_name_match,191,SCOALA GENERALA DE 8 ANI TICHIRIS
VN,SCOALA GENERALA DE 8 ANI TIFESTI / VN,12,direct_whole_name_match,238,SCOALA GENERALA DE 8 ANI TIFESTI
VN,SCOALA GENERALA DE 8 ANI TIMBOESTI / VN,3,direct_whole_name_match,180,SCOALA GENERALA DE 8 ANI TIMBOESTI
VN,SCOALA GENERALA DE 8 ANI TIRITU / VN,2,direct_whole_name_match,106,SCOALA GENERALA DE 8 ANI TIRITU
VN,SCOALA GENERALA DE 8 ANI TULNICI / VN,19,direct_whole_name_match,236,SCOALA GENERALA DE 8 ANI TULNICI
VN,SCOALA GENERALA DE 8 ANI VADU ROSCA / VN,11,direct_whole_name_match,203,SCOALA GENERALA DE 8 ANI VADU ROSCA
VN,SCOALA GENERALA DE 8 ANI VALEA SARII / VN,14,direct_whole_name_match,240,SCOALA GENERALA DE 8 ANI VALEA SARII
VN,SCOALA GENERALA DE 8 ANI VARNITA / VN,1,direct_whole_name_match,155,SCOALA GENERALA DE 8 ANI VARNITA
VN,SCOALA GENERALA DE 8 ANI VERDEA / VN,2,direct_whole_name_match,157,SCOALA GENERALA DE 8 ANI VERDEA
VN,SCOALA GENERALA DE 8 ANI VETRESTI HERASTRAU / VN,13,direct_whole_name_match,231,SCOALA GENERALA DE 8 ANI VETRESTI HERASTRAU
VN,SCOALA GENERALA DE 8 ANI VIDRA / VN,31,direct_whole_name_match,241,SCOALA GENERALA DE 8 ANI VIDRA
VN,SCOALA GENERALA DE 8 ANI VIISOARA / VN,1,direct_whole_name_match,266,SCOALA GENERALA DE 8 ANI VIISOARA
VN,SCOALA GENERALA DE 8 ANI VINATORI / VN,8,direct_whole_name_match,196,SCOALA GENERALA DE 8 ANI VINATORI
VN,SCOALA GENERALA DE 8 ANI VINTILEASCA / VN,11,direct_whole_name_match,193,SCOALA GENERALA DE 8 ANI VINTILEASCA
VN,SCOALA GENERALA DE 8 ANI VIRTESCOIU / VN,9,direct_whole_name_match,197,SCOALA GENERALA DE 8 ANI VIRTESCOIU
VN,SCOALA GENERALA DE 8 ANI VIZANTEA RAZASEASCA / VN,3,direct_whole_name_match,243,SCOALA GENERALA DE 8 ANI VIZANTEA RAZASEASCA
VN,SCOALA GENERALA DE 8 ANI VIZANTEA-MANASTIREASCA / VN,3,direct_whole_name_match,194,SCOALA GENERALA DE 8 ANI VIZANTEA-MANASTIREASCA
VN,SCOALA GENERALA DE 8 ANI VRINCIOAIA / VN,9,direct_whole_name_match,245,SCOALA GENERALA DE 8 ANI VRINCIOAIA
VN,SCOALA GENERALA DE 8 ANI VULTURU / VN,32,direct_whole_name_match,246,SCOALA GENERALA DE 8 ANI VULTURU
VN,SCOALA GENERALA NR 14 BRASOV / BV,1,outside_county_origin,,
VN,SCOALA NR.1 MOVILENI / GL,1,outside_county_origin,,
VN,"SCOALA NR.10 ""DIMITRIE STURZA"" TECUCI / GL",1,outside_county_origin,,
VN,"SCOALA NR.11 ""IORGU IORDAN"" TECUCI / GL",1,outside_county_origin,,
VN,SCOALA NR.2 MATCA / GL,1,outside_county_origin,,
VN,SCOALA NR.2 MOVILENI / GL,1,outside_county_origin,,
VN,SCOALA NR.3 IVESTI / GL,1,outside_county_origin,,
VN,"SCOALA NR.38 ""GRIGORE MOISIL""  GALATI / GL",1,outside_county_origin,,
VN,SCOALA NR.4 LIESTI / GL,1,outside_county_origin,,
VN,SCOALA UMBRARESTI ( NR.1) / GL,1,outside_county_origin,,
VN,scoala sanatoriala Mangalia / CT,1,outside_county_origin,,
