athlete_id,team_id,captured_game_records,played_appearances,minutes,minutes_per_played_appearance,captured_games,listed_game_share,played_game_share,listing_minus_playing_share
4665,2029,32,20,57.0,2.85,32,1.0,0.625,0.375
27670,2130,32,24,250.0,10.416666666666666,32,1.0,0.75,0.25
40988,252,35,34,624.0,18.352941176470587,35,1.0,0.9714285714285714,0.02857142857142858
41005,24,37,9,34.0,3.7777777777777777,37,1.0,0.24324324324324326,0.7567567567567568
41690,252,35,23,238.0,10.347826086956522,35,1.0,0.6571428571428571,0.34285714285714286
45582,292,31,3,62.0,20.666666666666668,31,1.0,0.0967741935483871,0.9032258064516129
45623,2026,29,29,780.0,26.896551724137932,29,1.0,1.0,0.0
45756,2711,34,34,1119.0,32.911764705882355,34,1.0,1.0,0.0
45802,252,35,35,1125.0,32.142857142857146,35,1.0,1.0,0.0
45809,254,35,24,153.0,6.375,35,1.0,0.6857142857142857,0.3142857142857143
46006,245,33,33,795.0,24.09090909090909,33,1.0,1.0,0.0
46078,264,31,27,709.0,26.25925925925926,31,1.0,0.8709677419354839,0.12903225806451613
46126,2241,35,35,842.0,24.057142857142857,35,1.0,1.0,0.0
46225,2011,29,29,655.0,22.58620689655172,29,1.0,1.0,0.0
46583,116,30,30,650.0,21.666666666666668,30,1.0,1.0,0.0
48699,254,35,34,426.0,12.529411764705882,35,1.0,0.9714285714285714,0.02857142857142858
51005,2803,31,30,1017.0,33.9,31,1.0,0.967741935483871,0.032258064516129004
51018,2057,33,33,1031.0,31.24242424242424,33,1.0,1.0,0.0
51019,288,31,31,373.0,12.03225806451613,31,1.0,1.0,0.0
51021,2057,33,33,332.0,10.06060606060606,33,1.0,1.0,0.0
51024,2547,34,33,873.0,26.454545454545453,34,1.0,0.9705882352941176,0.02941176470588236
51032,235,32,31,438.0,14.129032258064516,32,1.0,0.96875,0.03125
51033,299,33,32,463.0,14.46875,33,1.0,0.9696969696969697,0.030303030303030276
51035,265,31,31,508.0,16.387096774193548,31,1.0,1.0,0.0
51036,2413,34,5,26.0,5.2,34,1.0,0.14705882352941177,0.8529411764705882
51038,2,35,35,879.0,25.11428571428571,35,1.0,1.0,0.0
51040,152,36,36,1136.0,31.555555555555557,36,1.0,1.0,0.0
51053,2459,30,27,616.0,22.814814814814813,30,1.0,0.9,0.09999999999999998
51057,2199,35,35,588.0,16.8,35,1.0,1.0,0.0
51059,2608,31,31,680.0,21.93548387096774,31,1.0,1.0,0.0
51060,66,34,33,760.0,23.03030303030303,34,1.0,0.9705882352941176,0.02941176470588236
51062,2247,35,35,599.0,17.114285714285714,35,1.0,1.0,0.0
51063,2084,33,33,755.0,22.87878787878788,33,1.0,1.0,0.0
51066,2,35,35,1156.0,33.02857142857143,35,1.0,1.0,0.0
51070,2507,34,32,804.0,25.125,34,1.0,0.9411764705882353,0.05882352941176472
51076,2608,31,31,862.0,27.806451612903224,31,1.0,1.0,0.0
51079,2567,34,10,122.0,12.2,34,1.0,0.29411764705882354,0.7058823529411764
51085,302,32,28,934.0,33.357142857142854,32,1.0,0.875,0.125
51095,2197,33,15,97.0,6.466666666666667,33,1.0,0.45454545454545453,0.5454545454545454
51096,2450,34,32,852.0,26.625,34,1.0,0.9411764705882353,0.05882352941176472
51100,189,33,33,860.0,26.060606060606062,33,1.0,1.0,0.0
51108,2309,35,34,1181.0,34.73529411764706,35,1.0,0.9714285714285714,0.02857142857142858
51111,249,31,31,926.0,29.870967741935484,31,1.0,1.0,0.0
51112,2628,33,33,901.0,27.303030303030305,33,1.0,1.0,0.0
51123,113,32,32,929.0,29.03125,32,1.0,1.0,0.0
51124,61,33,31,905.0,29.193548387096776,33,1.0,0.9393939393939394,0.06060606060606055
51128,2934,33,33,968.0,29.333333333333332,33,1.0,1.0,0.0
51143,94,30,30,783.0,26.1,30,1.0,1.0,0.0
51148,2351,31,26,708.0,27.23076923076923,31,1.0,0.8387096774193549,0.16129032258064513
51150,2351,31,30,824.0,27.466666666666665,31,1.0,0.967741935483871,0.032258064516129004
51155,2275,34,34,961.0,28.264705882352946,34,1.0,1.0,0.0
51168,2,35,26,752.0,28.923076923076923,35,1.0,0.7428571428571429,0.2571428571428571
51169,2390,38,31,328.0,10.580645161290322,38,1.0,0.8157894736842105,0.1842105263157895
51171,2458,30,30,919.0,30.633333333333333,30,1.0,1.0,0.0
51174,221,34,14,81.0,5.785714285714286,34,1.0,0.4117647058823529,0.5882352941176471
51175,221,34,26,721.0,27.73076923076923,34,1.0,0.7647058823529411,0.23529411764705888
51178,2502,29,29,685.0,23.620689655172413,29,1.0,1.0,0.0
51179,2501,33,16,302.0,18.875,33,1.0,0.48484848484848486,0.5151515151515151
51183,2502,29,19,112.0,5.894736842105263,29,1.0,0.6551724137931034,0.3448275862068966
51194,2529,32,32,999.0,31.21875,32,1.0,1.0,0.0
51196,2529,32,32,807.0,25.21875,32,1.0,1.0,0.0
51198,301,31,31,270.0,8.709677419354838,31,1.0,1.0,0.0
51203,2226,28,18,539.0,29.944444444444443,28,1.0,0.6428571428571429,0.3571428571428571
51206,302,32,32,891.0,27.84375,32,1.0,1.0,0.0
51207,2439,33,33,1036.0,31.39393939393939,33,1.0,1.0,0.0
51208,2541,31,2,36.0,18.0,32,0.96875,0.0625,0.90625
51231,2628,33,29,538.0,18.551724137931036,33,1.0,0.8787878787878788,0.12121212121212122
51243,2239,31,31,786.0,25.35483870967742,31,1.0,1.0,0.0
51244,2547,34,34,1155.0,33.970588235294116,34,1.0,1.0,0.0
51248,2612,34,34,1096.0,32.23529411764706,34,1.0,1.0,0.0
51255,2640,35,35,576.0,16.457142857142856,35,1.0,1.0,0.0
51262,2439,33,32,842.0,26.3125,33,1.0,0.9696969696969697,0.030303030303030276
51263,36,34,33,1013.0,30.696969696969695,34,1.0,0.9705882352941176,0.02941176470588236
51269,41,29,9,20.0,2.2222222222222223,35,0.8285714285714286,0.2571428571428571,0.5714285714285715
51271,57,33,31,621.0,20.032258064516128,33,1.0,0.9393939393939394,0.06060606060606055
51272,120,35,27,533.0,19.74074074074074,35,1.0,0.7714285714285715,0.22857142857142854
51276,59,31,31,826.0,26.64516129032258,31,1.0,1.0,0.0
51278,2199,35,35,1026.0,29.314285714285713,35,1.0,1.0,0.0
51279,12,38,38,1158.0,30.473684210526315,38,1.0,1.0,0.0
51289,2545,32,30,771.0,25.7,32,1.0,0.9375,0.0625
51291,98,32,32,971.0,30.34375,32,1.0,1.0,0.0
51295,158,31,17,214.0,12.588235294117649,31,1.0,0.5483870967741935,0.4516129032258065
51296,2277,28,28,441.0,15.75,28,1.0,1.0,0.0
51298,2344,34,31,1115.0,35.96774193548387,34,1.0,0.9117647058823529,0.08823529411764708
51306,222,36,36,933.0,25.916666666666668,36,1.0,1.0,0.0
51307,299,33,31,716.0,23.096774193548388,33,1.0,0.9393939393939394,0.06060606060606055
51309,269,32,28,924.0,33.0,32,1.0,0.875,0.125
51311,46,33,33,677.0,20.515151515151516,33,1.0,1.0,0.0
51314,275,40,38,605.0,15.921052631578949,40,1.0,0.95,0.050000000000000044
51315,275,40,40,1320.0,33.0,40,1.0,1.0,0.0
51316,103,32,32,1086.0,33.9375,32,1.0,1.0,0.0
51317,194,35,21,230.0,10.952380952380953,35,1.0,0.6,0.4
51319,46,33,33,496.0,15.030303030303031,33,1.0,1.0,0.0
51326,238,34,34,827.0,24.323529411764707,35,0.9714285714285714,0.9714285714285714,0.0
51327,238,35,23,175.0,7.608695652173913,35,1.0,0.6571428571428571,0.34285714285714286
51333,2571,35,35,999.0,28.542857142857144,35,1.0,1.0,0.0
51336,77,32,21,469.0,22.333333333333332,32,1.0,0.65625,0.34375
51340,227,33,33,687.0,20.818181818181817,33,1.0,1.0,0.0
51346,156,33,32,783.0,24.46875,33,1.0,0.9696969696969697,0.030303030303030276
51352,21,36,33,868.0,26.303030303030305,36,1.0,0.9166666666666666,0.08333333333333337
51360,2608,31,30,951.0,31.7,31,1.0,0.967741935483871,0.032258064516129004
51361,24,37,37,1320.0,35.67567567567568,37,1.0,1.0,0.0
51364,24,37,37,1098.0,29.675675675675677,37,1.0,1.0,0.0
51371,152,36,27,217.0,8.037037037037036,36,1.0,0.75,0.25
51373,103,32,18,91.0,5.055555555555555,32,1.0,0.5625,0.4375
51374,87,38,38,1408.0,37.05263157894737,38,1.0,1.0,0.0
51376,302,32,32,771.0,24.09375,32,1.0,1.0,0.0
51377,302,32,31,745.0,24.032258064516128,32,1.0,0.96875,0.03125
51378,16,33,33,518.0,15.696969696969695,33,1.0,1.0,0.0
51380,2674,34,11,105.0,9.545454545454543,34,1.0,0.3235294117647059,0.6764705882352942
51386,59,31,31,664.0,21.419354838709676,31,1.0,1.0,0.0
51389,2239,31,31,794.0,25.612903225806452,31,1.0,1.0,0.0
51396,526,33,23,675.0,29.347826086956523,33,1.0,0.696969696969697,0.303030303030303
51397,2197,33,31,706.0,22.774193548387096,33,1.0,0.9393939393939394,0.06060606060606055
51398,2428,33,33,932.0,28.24242424242424,33,1.0,1.0,0.0
51401,2247,35,28,923.0,32.964285714285715,35,1.0,0.8,0.19999999999999996
51403,2168,36,36,1215.0,33.75,36,1.0,1.0,0.0
51407,2649,33,33,1038.0,31.454545454545453,33,1.0,1.0,0.0
51414,250,31,31,733.0,23.64516129032258,31,1.0,1.0,0.0
51415,195,30,29,963.0,33.206896551724135,30,1.0,0.9666666666666667,0.033333333333333326
51421,265,31,31,587.0,18.93548387096774,31,1.0,1.0,0.0
51425,2065,32,31,573.0,18.483870967741936,32,1.0,0.96875,0.03125
51426,140,33,32,832.0,26.0,33,1.0,0.9696969696969697,0.030303030303030276
51428,2031,31,31,796.0,25.677419354838708,31,1.0,1.0,0.0
51438,2636,30,30,1005.0,33.5,30,1.0,1.0,0.0
51448,13,29,29,819.0,28.24137931034483,29,1.0,1.0,0.0
51449,277,35,30,938.0,31.266666666666666,35,1.0,0.8571428571428571,0.1428571428571429
51452,2473,33,32,298.0,9.3125,33,1.0,0.9696969696969697,0.030303030303030276
51457,2535,32,32,628.0,19.625,32,1.0,1.0,0.0
51460,2306,32,29,781.0,26.93103448275862,32,1.0,0.90625,0.09375
51462,113,32,32,863.0,26.96875,32,1.0,1.0,0.0
51464,2253,32,32,810.0,25.3125,32,1.0,1.0,0.0
51469,2520,33,27,723.0,26.77777777777778,33,1.0,0.8181818181818182,0.18181818181818177
51473,2750,31,29,817.0,28.17241379310345,31,1.0,0.9354838709677419,0.06451612903225812
51483,249,31,27,781.0,28.925925925925927,31,1.0,0.8709677419354839,0.12903225806451613
51485,2934,33,33,426.0,12.909090909090908,33,1.0,1.0,0.0
51491,309,36,27,623.0,23.074074074074073,36,1.0,0.75,0.25
51492,197,32,29,792.0,27.310344827586206,32,1.0,0.90625,0.09375
51509,2363,33,33,908.0,27.515151515151516,33,1.0,1.0,0.0
51513,356,33,33,794.0,24.060606060606062,33,1.0,1.0,0.0
51517,8,36,35,748.0,21.37142857142857,36,1.0,0.9722222222222222,0.02777777777777779
51519,248,32,15,149.0,9.933333333333334,32,1.0,0.46875,0.53125
51527,2253,32,29,693.0,23.896551724137932,32,1.0,0.90625,0.09375
51528,2582,35,35,731.0,20.88571428571429,35,1.0,1.0,0.0
51529,2272,33,32,790.0,24.6875,33,1.0,0.9696969696969697,0.030303030303030276
51536,135,33,31,346.0,11.161290322580646,33,1.0,0.9393939393939394,0.06060606060606055
51539,135,33,33,799.0,24.21212121212121,33,1.0,1.0,0.0
51552,2097,32,28,776.0,27.714285714285715,32,1.0,0.875,0.125
51555,2483,36,36,1322.0,36.72222222222222,36,1.0,1.0,0.0
51556,2405,33,33,822.0,24.90909090909091,33,1.0,1.0,0.0
51557,2193,30,6,110.0,18.333333333333332,30,1.0,0.2,0.8
51559,119,32,30,520.0,17.333333333333332,32,1.0,0.9375,0.0625
51562,2378,30,20,646.0,32.3,30,1.0,0.6666666666666666,0.33333333333333337
51563,21,36,20,410.0,20.5,36,1.0,0.5555555555555556,0.4444444444444444
51564,2443,29,24,615.0,25.625,29,1.0,0.8275862068965517,0.1724137931034483
51567,2751,35,34,975.0,28.676470588235293,35,1.0,0.9714285714285714,0.02857142857142858
51575,2546,30,22,322.0,14.636363636363637,30,1.0,0.7333333333333333,0.2666666666666667
51580,526,33,31,479.0,15.451612903225806,33,1.0,0.9393939393939394,0.06060606060606055
51583,156,33,33,534.0,16.181818181818183,33,1.0,1.0,0.0
51590,2460,35,35,613.0,17.514285714285716,35,1.0,1.0,0.0
51591,2460,35,15,34.0,2.2666666666666666,35,1.0,0.42857142857142855,0.5714285714285714
51609,2692,30,30,529.0,17.633333333333333,30,1.0,1.0,0.0
51624,142,32,32,1092.0,34.125,32,1.0,1.0,0.0
51634,2174,33,33,1042.0,31.575757575757574,33,1.0,1.0,0.0
51635,2752,37,37,987.0,26.675675675675677,37,1.0,1.0,0.0
51649,43,32,32,418.0,13.0625,32,1.0,1.0,0.0
51650,77,32,23,155.0,6.739130434782608,32,1.0,0.71875,0.28125
51654,2754,32,32,919.0,28.71875,32,1.0,1.0,0.0
51660,2031,31,30,485.0,16.166666666666668,31,1.0,0.967741935483871,0.032258064516129004
51665,2065,32,31,943.0,30.419354838709676,32,1.0,0.96875,0.03125
51670,252,35,33,1019.0,30.87878787878788,35,1.0,0.9428571428571428,0.05714285714285716
51671,252,35,29,739.0,25.482758620689655,35,1.0,0.8285714285714286,0.17142857142857137
51690,2142,33,33,921.0,27.90909090909091,33,1.0,1.0,0.0
51691,236,32,20,159.0,7.95,32,1.0,0.625,0.375
51692,155,30,19,212.0,11.157894736842104,30,1.0,0.6333333333333333,0.3666666666666667
51693,2458,30,8,161.0,20.125,30,1.0,0.26666666666666666,0.7333333333333334
51694,2565,28,26,442.0,17.0,28,1.0,0.9285714285714286,0.0714285714285714
51696,171,28,26,573.0,22.03846153846154,28,1.0,0.9285714285714286,0.0714285714285714
51697,242,32,32,452.0,14.125,32,1.0,1.0,0.0
51699,2803,31,31,1183.0,38.16129032258065,31,1.0,1.0,0.0
51708,2198,33,32,354.0,11.0625,33,1.0,0.9696969696969697,0.030303030303030276
51719,120,35,35,919.0,26.257142857142856,35,1.0,1.0,0.0
51722,290,30,25,510.0,20.4,31,0.967741935483871,0.8064516129032258,0.16129032258064524
51723,290,31,31,1087.0,35.064516129032256,31,1.0,1.0,0.0
51729,161,29,29,933.0,32.172413793103445,29,1.0,1.0,0.0
51741,2459,30,30,741.0,24.7,30,1.0,1.0,0.0
51743,282,31,31,739.0,23.838709677419356,31,1.0,1.0,0.0
51744,270,30,30,1051.0,35.03333333333333,30,1.0,1.0,0.0
51758,154,32,32,557.0,17.40625,32,1.0,1.0,0.0
51761,2046,30,16,322.0,20.125,30,1.0,0.5333333333333333,0.4666666666666667
51762,2352,30,30,772.0,25.733333333333334,30,1.0,1.0,0.0
51765,2649,33,33,969.0,29.363636363636363,33,1.0,1.0,0.0
51771,2382,35,35,1040.0,29.714285714285715,35,1.0,1.0,0.0
51781,270,30,10,53.0,5.3,30,1.0,0.3333333333333333,0.6666666666666667
51786,36,34,31,995.0,32.096774193548384,34,1.0,0.9117647058823529,0.08823529411764708
51793,2463,33,33,882.0,26.727272727272727,33,1.0,1.0,0.0
51798,44,33,21,509.0,24.238095238095237,33,1.0,0.6363636363636364,0.36363636363636365
51805,166,34,22,584.0,26.545454545454547,34,1.0,0.6470588235294118,0.3529411764705882
51807,2239,31,28,898.0,32.07142857142857,31,1.0,0.9032258064516129,0.09677419354838712
51808,2193,30,23,286.0,12.434782608695652,30,1.0,0.7666666666666667,0.23333333333333328
51809,261,34,26,267.0,10.26923076923077,34,1.0,0.7647058823529411,0.23529411764705888
51810,2464,38,37,888.0,24.0,38,1.0,0.9736842105263158,0.02631578947368418
51813,2168,36,8,76.0,9.5,36,1.0,0.2222222222222222,0.7777777777777778
51814,56,31,28,507.0,18.107142857142858,31,1.0,0.9032258064516129,0.09677419354838712
51815,2473,33,33,1190.0,36.06060606060606,33,1.0,1.0,0.0
51816,103,32,32,819.0,25.59375,32,1.0,1.0,0.0
51817,295,35,35,883.0,25.228571428571428,35,1.0,1.0,0.0
51829,261,34,31,694.0,22.387096774193548,34,1.0,0.9117647058823529,0.08823529411764708
51844,27,31,23,261.0,11.347826086956522,31,1.0,0.7419354838709677,0.25806451612903225
51850,2547,34,34,1097.0,32.26470588235294,34,1.0,1.0,0.0
51853,2565,28,28,597.0,21.321428571428573,28,1.0,1.0,0.0
51857,2127,31,30,829.0,27.633333333333333,31,1.0,0.967741935483871,0.032258064516129004
51880,111,35,35,1054.0,30.11428571428571,35,1.0,1.0,0.0
51895,145,34,34,755.0,22.205882352941178,34,1.0,1.0,0.0
51901,145,34,34,540.0,15.882352941176473,34,1.0,1.0,0.0
51926,2458,30,30,774.0,25.8,30,1.0,1.0,0.0
51927,302,32,32,460.0,14.375,32,1.0,1.0,0.0
51928,21,36,36,1183.0,32.861111111111114,36,1.0,1.0,0.0
51930,82,34,30,974.0,32.46666666666667,34,1.0,0.8823529411764706,0.11764705882352944
51940,2754,32,26,307.0,11.807692307692308,32,1.0,0.8125,0.1875
51962,2050,30,22,466.0,21.181818181818183,30,1.0,0.7333333333333333,0.2666666666666667
51999,2934,33,27,222.0,8.222222222222221,33,1.0,0.8181818181818182,0.18181818181818177
52004,2463,33,32,1072.0,33.5,33,1.0,0.9696969696969697,0.030303030303030276
52005,301,31,31,668.0,21.548387096774192,31,1.0,1.0,0.0
52013,2097,32,32,1071.0,33.46875,32,1.0,1.0,0.0
52036,225,31,25,274.0,10.96,31,1.0,0.8064516129032258,0.19354838709677424
52044,2154,31,18,414.0,23.0,31,1.0,0.5806451612903226,0.4193548387096774
52046,47,32,31,980.0,31.612903225806452,32,1.0,0.96875,0.03125
52049,290,31,31,899.0,29.0,31,1.0,1.0,0.0
52060,2142,33,25,337.0,13.48,33,1.0,0.7575757575757576,0.24242424242424243
52064,25,33,33,620.0,18.78787878787879,33,1.0,1.0,0.0
52066,2166,32,17,66.0,3.8823529411764706,32,1.0,0.53125,0.46875
52069,2506,32,31,1007.0,32.483870967741936,32,1.0,0.96875,0.03125
52074,2169,36,32,1095.0,34.21875,36,1.0,0.8888888888888888,0.11111111111111116
52078,2612,34,25,827.0,33.08,34,1.0,0.7352941176470589,0.2647058823529411
52084,2181,31,28,595.0,21.25,31,1.0,0.9032258064516129,0.09677419354838712
52087,356,33,24,721.0,30.041666666666668,33,1.0,0.7272727272727273,0.2727272727272727
52092,2739,33,33,713.0,21.60606060606061,33,1.0,1.0,0.0
52094,2379,33,28,341.0,12.178571428571429,33,1.0,0.8484848484848485,0.1515151515151515
52103,2612,34,34,543.0,15.970588235294118,34,1.0,1.0,0.0
52106,2229,33,33,1174.0,35.57575757575758,33,1.0,1.0,0.0
52113,2261,27,26,294.0,11.307692307692308,35,0.7714285714285715,0.7428571428571429,0.02857142857142858
52114,108,30,10,44.0,4.4,30,1.0,0.3333333333333333,0.6666666666666667
52116,2065,32,16,114.0,7.125,32,1.0,0.5,0.5
52125,9,34,33,634.0,19.21212121212121,34,1.0,0.9705882352941176,0.02941176470588236
52132,2065,32,26,485.0,18.653846153846153,32,1.0,0.8125,0.1875
52137,2502,29,28,884.0,31.571428571428573,29,1.0,0.9655172413793104,0.03448275862068961
52152,2582,35,30,661.0,22.033333333333335,35,1.0,0.8571428571428571,0.1428571428571429
52154,55,31,30,800.0,26.666666666666668,31,1.0,0.967741935483871,0.032258064516129004
52166,2520,33,33,775.0,23.484848484848484,33,1.0,1.0,0.0
52181,309,36,6,42.0,7.0,36,1.0,0.16666666666666666,0.8333333333333334
52195,2413,34,31,718.0,23.161290322580644,34,1.0,0.9117647058823529,0.08823529411764708
52199,149,33,28,640.0,22.857142857142858,33,1.0,0.8484848484848485,0.1515151515151515
52205,6,33,33,927.0,28.09090909090909,33,1.0,1.0,0.0
52223,2377,31,31,892.0,28.774193548387096,31,1.0,1.0,0.0
52281,253,29,29,259.0,8.931034482758621,29,1.0,1.0,0.0
52287,2198,33,32,1108.0,34.625,33,1.0,0.9696969696969697,0.030303030303030276
52289,2870,31,28,678.0,24.214285714285715,31,1.0,0.9032258064516129,0.09677419354838712
52293,2635,30,29,579.0,19.96551724137931,30,1.0,0.9666666666666667,0.033333333333333326
52299,119,32,23,126.0,5.478260869565218,32,1.0,0.71875,0.28125
52310,295,35,35,704.0,20.11428571428571,35,1.0,1.0,0.0
52343,2535,32,32,874.0,27.3125,32,1.0,1.0,0.0
52355,44,33,32,1232.0,38.5,33,1.0,0.9696969696969697,0.030303030303030276
52363,2229,33,28,380.0,13.571428571428571,33,1.0,0.8484848484848485,0.1515151515151515
52370,2542,30,17,337.0,19.823529411764707,31,0.967741935483871,0.5483870967741935,0.4193548387096775
52426,2199,35,35,397.0,11.342857142857143,35,1.0,1.0,0.0
52441,2608,31,31,1068.0,34.45161290322581,31,1.0,1.0,0.0
52456,2226,28,13,63.0,4.846153846153846,28,1.0,0.4642857142857143,0.5357142857142857
52462,2582,35,24,149.0,6.208333333333333,35,1.0,0.6857142857142857,0.3142857142857143
52465,2545,32,32,736.0,23.0,32,1.0,1.0,0.0
52483,47,32,19,104.0,5.473684210526316,32,1.0,0.59375,0.40625
52532,2029,32,28,997.0,35.607142857142854,32,1.0,0.875,0.125
52541,3084,30,30,901.0,30.033333333333335,30,1.0,1.0,0.0
52545,3084,30,21,113.0,5.380952380952381,30,1.0,0.7,0.30000000000000004
52547,147,30,30,463.0,15.433333333333334,30,1.0,1.0,0.0
52582,300,34,25,450.0,18.0,34,1.0,0.7352941176470589,0.2647058823529411
52718,163,30,11,28.0,2.5454545454545454,30,1.0,0.36666666666666664,0.6333333333333333
52938,218,37,15,52.0,3.466666666666667,37,1.0,0.40540540540540543,0.5945945945945945
52942,161,29,29,548.0,18.896551724137932,29,1.0,1.0,0.0
52978,218,37,27,786.0,29.11111111111111,37,1.0,0.7297297297297297,0.2702702702702703
53012,2572,29,29,1022.0,35.241379310344826,29,1.0,1.0,0.0
53020,2413,34,34,747.0,21.970588235294116,34,1.0,1.0,0.0
53035,526,33,15,54.0,3.6,33,1.0,0.45454545454545453,0.5454545454545454
53106,314,35,33,234.0,7.090909090909091,35,1.0,0.9428571428571428,0.05714285714285716
53149,213,34,34,1261.0,37.088235294117645,34,1.0,1.0,0.0
53178,2440,31,30,803.0,26.766666666666666,31,1.0,0.967741935483871,0.032258064516129004
54467,50,29,25,581.0,23.24,29,1.0,0.8620689655172413,0.13793103448275867
54580,2065,32,27,369.0,13.666666666666666,32,1.0,0.84375,0.15625
54759,2507,34,19,90.0,4.7368421052631575,34,1.0,0.5588235294117647,0.4411764705882353
54868,2016,32,23,127.0,5.521739130434782,32,1.0,0.71875,0.28125
54909,2710,28,27,748.0,27.703703703703702,28,1.0,0.9642857142857143,0.0357142857142857
55925,314,19,9,22.0,2.4444444444444446,35,0.5428571428571428,0.2571428571428571,0.2857142857142857
55958,2430,33,3,32.0,10.666666666666666,33,1.0,0.09090909090909091,0.9090909090909091
55973,2427,31,19,195.0,10.263157894736842,31,1.0,0.6129032258064516,0.3870967741935484
56113,150,39,39,1396.0,35.794871794871796,39,1.0,1.0,0.0
56114,57,33,23,327.0,14.217391304347826,33,1.0,0.696969696969697,0.303030303030303
56115,183,31,30,1050.0,35.0,31,1.0,0.967741935483871,0.032258064516129004
56116,150,39,39,375.0,9.615384615384617,39,1.0,1.0,0.0
56117,164,32,28,694.0,24.785714285714285,32,1.0,0.875,0.125
56118,2460,35,35,637.0,18.2,35,1.0,1.0,0.0
56119,258,34,34,1105.0,32.5,34,1.0,1.0,0.0
56120,258,34,33,789.0,23.90909090909091,34,1.0,0.9705882352941176,0.02941176470588236
56121,71,33,17,119.0,7.0,33,1.0,0.5151515151515151,0.48484848484848486
56123,252,35,34,914.0,26.88235294117647,35,1.0,0.9714285714285714,0.02857142857142858
56124,2803,31,12,126.0,10.5,31,1.0,0.3870967741935484,0.6129032258064516
56126,42,30,26,455.0,17.5,30,1.0,0.8666666666666667,0.1333333333333333
56127,42,30,27,727.0,26.925925925925927,30,1.0,0.9,0.09999999999999998
56128,42,30,30,1036.0,34.53333333333333,30,1.0,1.0,0.0
56129,2026,29,29,571.0,19.689655172413794,29,1.0,1.0,0.0
56130,42,30,30,990.0,33.0,30,1.0,1.0,0.0
56131,42,30,30,553.0,18.433333333333337,30,1.0,1.0,0.0
56132,42,30,29,203.0,7.0,30,1.0,0.9666666666666667,0.033333333333333326
56133,2619,35,26,206.0,7.923076923076923,35,1.0,0.7428571428571429,0.2571428571428571
56135,235,32,31,741.0,23.903225806451612,32,1.0,0.96875,0.03125
56137,2184,31,30,713.0,23.766666666666666,31,1.0,0.967741935483871,0.032258064516129004
56138,315,30,24,426.0,17.75,30,1.0,0.8,0.19999999999999996
56139,227,33,33,744.0,22.545454545454547,33,1.0,1.0,0.0
56140,277,35,35,754.0,21.542857142857144,35,1.0,1.0,0.0
56141,139,32,27,401.0,14.851851851851851,32,1.0,0.84375,0.15625
56142,2752,37,37,1216.0,32.86486486486486,37,1.0,1.0,0.0
56143,2752,37,37,746.0,20.16216216216216,37,1.0,1.0,0.0
56144,120,35,28,830.0,29.642857142857142,35,1.0,0.8,0.19999999999999996
56145,2057,33,22,209.0,9.5,33,1.0,0.6666666666666666,0.33333333333333337
56146,526,33,33,1053.0,31.90909090909091,33,1.0,1.0,0.0
56148,526,33,32,1031.0,32.21875,33,1.0,0.9696969696969697,0.030303030303030276
56149,2046,30,23,373.0,16.217391304347824,30,1.0,0.7666666666666667,0.23333333333333328
56151,288,31,14,346.0,24.714285714285715,31,1.0,0.45161290322580644,0.5483870967741935
56152,2306,32,29,388.0,13.379310344827584,32,1.0,0.90625,0.09375
56153,288,31,25,641.0,25.64,31,1.0,0.8064516129032258,0.19354838709677424
56155,2382,35,32,894.0,27.9375,35,1.0,0.9142857142857143,0.08571428571428574
56160,324,34,6,33.0,5.5,34,1.0,0.17647058823529413,0.8235294117647058
56163,2229,33,33,1033.0,31.303030303030305,33,1.0,1.0,0.0
56164,2306,32,32,920.0,28.75,32,1.0,1.0,0.0
56166,2390,38,32,906.0,28.3125,38,1.0,0.8421052631578947,0.1578947368421053
56167,269,32,31,883.0,28.483870967741936,32,1.0,0.96875,0.03125
56169,269,32,32,1053.0,32.90625,32,1.0,1.0,0.0
56170,87,38,38,1351.0,35.55263157894737,38,1.0,1.0,0.0
56171,213,34,16,330.0,20.625,34,1.0,0.47058823529411764,0.5294117647058824
56174,2217,31,25,258.0,10.32,31,1.0,0.8064516129032258,0.19354838709677424
56175,356,27,19,480.0,25.26315789473684,33,0.8181818181818182,0.5757575757575758,0.24242424242424243
56178,2550,31,26,336.0,12.923076923076923,31,1.0,0.8387096774193549,0.16129032258064513
56179,2550,31,30,735.0,24.5,31,1.0,0.967741935483871,0.032258064516129004
56180,2182,30,30,635.0,21.166666666666668,30,1.0,1.0,0.0
56181,222,36,35,1007.0,28.771428571428572,36,1.0,0.9722222222222222,0.02777777777777779
56182,2579,33,33,981.0,29.727272727272727,33,1.0,1.0,0.0
56183,2567,34,24,551.0,22.958333333333332,34,1.0,0.7058823529411765,0.2941176470588235
56185,139,32,32,834.0,26.0625,32,1.0,1.0,0.0
56187,331,34,33,1032.0,31.272727272727273,34,1.0,0.9705882352941176,0.02941176470588236
56188,331,34,31,1142.0,36.83870967741935,34,1.0,0.9117647058823529,0.08823529411764708
56197,27,31,11,79.0,7.181818181818182,31,1.0,0.3548387096774194,0.6451612903225806
56206,193,32,32,1029.0,32.15625,32,1.0,1.0,0.0
56209,99,33,33,1172.0,35.515151515151516,33,1.0,1.0,0.0
56210,2427,31,29,517.0,17.82758620689655,31,1.0,0.9354838709677419,0.06451612903225812
56211,2427,31,30,578.0,19.266666666666666,31,1.0,0.967741935483871,0.032258064516129004
56212,2678,30,28,755.0,26.964285714285715,30,1.0,0.9333333333333333,0.06666666666666665
56213,2464,38,38,1130.0,29.73684210526316,38,1.0,1.0,0.0
56214,2678,30,30,372.0,12.4,30,1.0,1.0,0.0
56215,2678,30,30,549.0,18.3,30,1.0,1.0,0.0
56216,2737,32,32,515.0,16.09375,32,1.0,1.0,0.0
56219,2737,32,32,989.0,30.90625,32,1.0,1.0,0.0
56221,2086,34,32,392.0,12.25,34,1.0,0.9411764705882353,0.05882352941176472
56223,2752,37,37,1020.0,27.56756756756757,37,1.0,1.0,0.0
56226,77,32,31,337.0,10.870967741935484,32,1.0,0.96875,0.03125
56227,77,32,32,1043.0,32.59375,32,1.0,1.0,0.0
56228,2174,33,31,322.0,10.387096774193548,33,1.0,0.9393939393939394,0.06060606060606055
56230,2539,32,32,846.0,26.4375,32,1.0,1.0,0.0
56231,325,34,34,1204.0,35.411764705882355,34,1.0,1.0,0.0
56232,213,34,34,846.0,24.88235294117647,34,1.0,1.0,0.0
56235,2026,29,27,355.0,13.148148148148149,29,1.0,0.9310344827586207,0.06896551724137934
56236,13,29,27,583.0,21.59259259259259,29,1.0,0.9310344827586207,0.06896551724137934
56240,299,33,33,1073.0,32.515151515151516,33,1.0,1.0,0.0
56242,2229,33,33,657.0,19.90909090909091,33,1.0,1.0,0.0
56245,2428,33,28,226.0,8.071428571428571,33,1.0,0.8484848484848485,0.1515151515151515
56246,2016,32,30,433.0,14.433333333333334,32,1.0,0.9375,0.0625
56248,2261,35,19,159.0,8.368421052631579,35,1.0,0.5428571428571428,0.4571428571428572
56250,2344,8,8,157.0,19.625,34,0.23529411764705882,0.23529411764705882,0.0
56252,314,35,35,860.0,24.571428571428573,35,1.0,1.0,0.0
56254,2405,33,33,931.0,28.21212121212121,33,1.0,1.0,0.0
56255,2261,35,32,688.0,21.5,35,1.0,0.9142857142857143,0.08571428571428574
56257,2729,33,22,328.0,14.909090909090908,33,1.0,0.6666666666666666,0.33333333333333337
56258,2729,33,33,1210.0,36.666666666666664,33,1.0,1.0,0.0
56259,2546,30,28,600.0,21.428571428571427,30,1.0,0.9333333333333333,0.06666666666666665
56260,248,32,32,1083.0,33.84375,32,1.0,1.0,0.0
56262,248,32,31,1105.0,35.645161290322584,32,1.0,0.96875,0.03125
56263,201,35,35,1038.0,29.65714285714286,35,1.0,1.0,0.0
56264,526,33,30,932.0,31.066666666666663,33,1.0,0.9090909090909091,0.09090909090909094
56265,222,36,36,1013.0,28.13888888888889,36,1.0,1.0,0.0
56266,242,32,32,1085.0,33.90625,32,1.0,1.0,0.0
56268,242,32,32,516.0,16.125,32,1.0,1.0,0.0
56269,227,33,31,290.0,9.35483870967742,33,1.0,0.9393939393939394,0.06060606060606055
56270,2097,32,32,549.0,17.15625,32,1.0,1.0,0.0
56272,2116,30,29,680.0,23.448275862068964,30,1.0,0.9666666666666667,0.033333333333333326
56274,2638,33,33,1018.0,30.848484848484848,33,1.0,1.0,0.0
56275,2638,33,33,883.0,26.75757575757576,33,1.0,1.0,0.0
56280,2638,33,30,364.0,12.133333333333333,33,1.0,0.9090909090909091,0.09090909090909094
56281,2638,33,33,1117.0,33.84848484848485,33,1.0,1.0,0.0
56282,292,31,30,1035.0,34.5,31,1.0,0.967741935483871,0.032258064516129004
56285,270,30,30,624.0,20.8,30,1.0,1.0,0.0
56286,38,34,31,937.0,30.225806451612904,34,1.0,0.9117647058823529,0.08823529411764708
56289,21,36,35,478.0,13.657142857142857,36,1.0,0.9722222222222222,0.02777777777777779
56294,9,34,34,703.0,20.676470588235293,34,1.0,1.0,0.0
56296,338,32,31,499.0,16.096774193548388,32,1.0,0.96875,0.03125
56297,338,32,27,521.0,19.296296296296298,32,1.0,0.84375,0.15625
56298,116,30,14,318.0,22.714285714285715,30,1.0,0.4666666666666667,0.5333333333333333
56299,2086,34,34,1149.0,33.794117647058826,34,1.0,1.0,0.0
56300,2086,34,19,95.0,5.0,34,1.0,0.5588235294117647,0.4411764705882353
56301,2086,34,34,1207.0,35.5,34,1.0,1.0,0.0
56302,2086,34,34,1063.0,31.264705882352946,34,1.0,1.0,0.0
56303,156,33,33,1116.0,33.81818181818182,33,1.0,1.0,0.0
56304,156,33,28,552.0,19.714285714285715,33,1.0,0.8484848484848485,0.1515151515151515
56305,156,33,31,382.0,12.32258064516129,33,1.0,0.9393939393939394,0.06060606060606055
56306,2640,35,32,384.0,12.0,35,1.0,0.9142857142857143,0.08571428571428574
56311,2450,34,34,1155.0,33.970588235294116,34,1.0,1.0,0.0
56312,2230,31,31,734.0,23.677419354838708,31,1.0,1.0,0.0
56314,171,28,27,643.0,23.814814814814813,28,1.0,0.9642857142857143,0.0357142857142857
56318,171,28,22,176.0,8.0,28,1.0,0.7857142857142857,0.2142857142857143
56321,399,33,24,781.0,32.541666666666664,33,1.0,0.7272727272727273,0.2727272727272727
56323,399,33,33,1094.0,33.15151515151515,33,1.0,1.0,0.0
56326,172,30,30,896.0,29.866666666666667,30,1.0,1.0,0.0
56327,172,30,30,1001.0,33.36666666666667,30,1.0,1.0,0.0
56328,172,30,25,164.0,6.56,30,1.0,0.8333333333333334,0.16666666666666663
56329,172,30,16,229.0,14.3125,30,1.0,0.5333333333333333,0.4666666666666667
56330,172,30,30,940.0,31.333333333333332,30,1.0,1.0,0.0
56331,172,30,23,146.0,6.3478260869565215,30,1.0,0.7666666666666667,0.23333333333333328
56333,44,33,33,1239.0,37.54545454545455,33,1.0,1.0,0.0
56334,43,32,32,832.0,26.0,32,1.0,1.0,0.0
56335,2026,29,4,72.0,18.0,29,1.0,0.13793103448275862,0.8620689655172413
56336,43,32,32,1004.0,31.375,32,1.0,1.0,0.0
56338,43,32,30,827.0,27.566666666666663,32,1.0,0.9375,0.0625
56343,339,36,34,367.0,10.794117647058824,36,1.0,0.9444444444444444,0.05555555555555558
56349,61,33,33,991.0,30.03030303030303,33,1.0,1.0,0.0
56351,2244,31,18,223.0,12.38888888888889,31,1.0,0.5806451612903226,0.4193548387096774
56355,2250,38,38,1049.0,27.605263157894736,38,1.0,1.0,0.0
56356,197,32,32,954.0,29.8125,32,1.0,1.0,0.0
56362,309,36,34,951.0,27.970588235294116,36,1.0,0.9444444444444444,0.05555555555555558
56363,344,32,32,831.0,25.96875,32,1.0,1.0,0.0
56364,2630,34,34,1220.0,35.88235294117647,34,1.0,1.0,0.0
56365,2393,36,36,1088.0,30.22222222222222,36,1.0,1.0,0.0
56368,2507,34,34,908.0,26.705882352941178,34,1.0,1.0,0.0
56369,2460,35,35,911.0,26.02857142857143,35,1.0,1.0,0.0
56370,270,30,26,601.0,23.115384615384617,30,1.0,0.8666666666666667,0.1333333333333333
56371,2460,35,35,723.0,20.65714285714286,35,1.0,1.0,0.0
56372,2197,33,27,634.0,23.48148148148148,33,1.0,0.8181818181818182,0.18181818181818177
56373,2460,35,35,874.0,24.97142857142857,35,1.0,1.0,0.0
56374,2460,35,35,1063.0,30.37142857142857,35,1.0,1.0,0.0
56375,2520,33,30,297.0,9.9,33,1.0,0.9090909090909091,0.09090909090909094
56379,2309,35,34,995.0,29.264705882352946,35,1.0,0.9714285714285714,0.02857142857142858
56380,2546,30,26,768.0,29.53846153846154,30,1.0,0.8666666666666667,0.1333333333333333
56382,2006,35,34,660.0,19.41176470588235,35,1.0,0.9714285714285714,0.02857142857142858
56384,2006,35,1,28.0,28.0,35,1.0,0.02857142857142857,0.9714285714285714
56388,189,33,32,771.0,24.09375,33,1.0,0.9696969696969697,0.030303030303030276
56389,189,33,5,57.0,11.4,33,1.0,0.15151515151515152,0.8484848484848485
56390,2166,32,32,1066.0,33.3125,32,1.0,1.0,0.0
56392,2649,33,33,1098.0,33.27272727272727,33,1.0,1.0,0.0
56393,2253,32,32,772.0,24.125,32,1.0,1.0,0.0
56395,2084,33,33,991.0,30.03030303030303,33,1.0,1.0,0.0
56397,2711,34,28,907.0,32.392857142857146,34,1.0,0.8235294117647058,0.17647058823529416
56400,140,33,8,207.0,25.875,33,1.0,0.24242424242424243,0.7575757575757576
56401,2565,28,28,888.0,31.714285714285715,28,1.0,1.0,0.0
56402,71,33,25,301.0,12.04,33,1.0,0.7575757575757576,0.24242424242424243
56405,250,31,22,566.0,25.727272727272727,31,1.0,0.7096774193548387,0.29032258064516125
56406,2287,35,33,445.0,13.484848484848484,35,1.0,0.9428571428571428,0.05714285714285716
56407,2567,34,34,1179.0,34.6764705882353,34,1.0,1.0,0.0
56408,84,34,34,664.0,19.529411764705884,34,1.0,1.0,0.0
56409,282,31,31,1020.0,32.903225806451616,31,1.0,1.0,0.0
56411,282,31,30,847.0,28.233333333333334,31,1.0,0.967741935483871,0.032258064516129004
56413,36,34,32,659.0,20.59375,34,1.0,0.9411764705882353,0.05882352941176472
56416,195,30,29,512.0,17.655172413793103,30,1.0,0.9666666666666667,0.033333333333333326
56419,2724,35,34,1080.0,31.764705882352946,35,1.0,0.9714285714285714,0.02857142857142858
56422,2724,35,31,754.0,24.322580645161292,35,1.0,0.8857142857142857,0.11428571428571432
56423,2437,29,20,407.0,20.35,29,1.0,0.6896551724137931,0.31034482758620685
56424,167,31,31,1094.0,35.29032258064516,31,1.0,1.0,0.0
56425,300,34,27,422.0,15.62962962962963,34,1.0,0.7941176470588235,0.20588235294117652
56427,26,36,12,26.0,2.1666666666666665,36,1.0,0.3333333333333333,0.6666666666666667
56431,257,35,35,1276.0,36.457142857142856,35,1.0,1.0,0.0
56432,257,35,35,1071.0,30.6,35,1.0,1.0,0.0
56433,2197,33,31,397.0,12.806451612903226,33,1.0,0.9393939393939394,0.06060606060606055
56435,257,35,27,625.0,23.14814814814815,35,1.0,0.7714285714285715,0.22857142857142854
56436,2199,35,29,397.0,13.689655172413794,35,1.0,0.8285714285714286,0.17142857142857137
56438,2751,35,34,1154.0,33.94117647058823,35,1.0,0.9714285714285714,0.02857142857142858
56440,2751,35,31,1082.0,34.903225806451616,35,1.0,0.8857142857142857,0.11428571428571432
56441,2529,32,32,989.0,30.90625,32,1.0,1.0,0.0
56443,2598,32,23,250.0,10.869565217391305,32,1.0,0.71875,0.28125
56445,2598,32,31,559.0,18.032258064516128,32,1.0,0.96875,0.03125
56446,2598,32,32,1133.0,35.40625,32,1.0,1.0,0.0
56447,2598,32,32,780.0,24.375,32,1.0,1.0,0.0
56449,2681,30,29,979.0,33.758620689655174,30,1.0,0.9666666666666667,0.033333333333333326
56450,2681,30,25,250.0,10.0,30,1.0,0.8333333333333334,0.16666666666666663
56453,2198,33,33,975.0,29.545454545454547,33,1.0,1.0,0.0
56456,2198,33,32,1025.0,32.03125,33,1.0,0.9696969696969697,0.030303030303030276
56458,2545,32,25,915.0,36.6,32,1.0,0.78125,0.21875
56459,93,35,30,342.0,11.4,35,1.0,0.8571428571428571,0.1428571428571429
56460,27,31,31,1103.0,35.58064516129032,31,1.0,1.0,0.0
56462,25,33,30,513.0,17.1,33,1.0,0.9090909090909091,0.09090909090909094
56465,25,33,33,973.0,29.484848484848484,33,1.0,1.0,0.0
56466,24,37,37,1347.0,36.4054054054054,37,1.0,1.0,0.0
56471,2636,30,8,33.0,4.125,30,1.0,0.26666666666666666,0.7333333333333334
56472,2277,28,27,724.0,26.814814814814813,28,1.0,0.9642857142857143,0.0357142857142857
56474,2413,34,31,934.0,30.129032258064516,34,1.0,0.9117647058823529,0.08823529411764708
56476,107,30,30,819.0,27.3,30,1.0,1.0,0.0
56477,107,30,30,951.0,31.7,30,1.0,1.0,0.0
56478,107,30,30,460.0,15.333333333333334,30,1.0,1.0,0.0
56480,2426,32,15,71.0,4.733333333333333,32,1.0,0.46875,0.53125
56483,2426,32,21,665.0,31.666666666666668,32,1.0,0.65625,0.34375
56487,2261,35,35,891.0,25.457142857142856,35,1.0,1.0,0.0
56489,2633,32,32,1162.0,36.3125,32,1.0,1.0,0.0
56490,258,34,34,859.0,25.264705882352946,34,1.0,1.0,0.0
56496,94,30,10,69.0,6.9,30,1.0,0.3333333333333333,0.6666666666666667
56497,309,36,35,492.0,14.057142857142855,36,1.0,0.9722222222222222,0.02777777777777779
56498,236,32,29,350.0,12.06896551724138,32,1.0,0.90625,0.09375
56499,236,32,32,1006.0,31.4375,32,1.0,1.0,0.0
56507,2717,32,31,1180.0,38.064516129032256,32,1.0,0.96875,0.03125
56509,2747,35,35,1090.0,31.142857142857142,35,1.0,1.0,0.0
56510,2747,35,32,358.0,11.1875,35,1.0,0.9142857142857143,0.08571428571428574
56513,350,32,16,74.0,4.625,32,1.0,0.5,0.5
56514,2747,35,35,1035.0,29.571428571428573,35,1.0,1.0,0.0
56518,2447,29,29,727.0,25.06896551724138,29,1.0,1.0,0.0
56521,2504,33,32,839.0,26.21875,33,1.0,0.9696969696969697,0.030303030303030276
56523,2466,32,24,557.0,23.208333333333332,32,1.0,0.75,0.25
56527,2466,32,32,1104.0,34.5,32,1.0,1.0,0.0
56528,357,34,2,20.0,10.0,34,1.0,0.058823529411764705,0.9411764705882353
56530,357,34,34,1219.0,35.85294117647059,34,1.0,1.0,0.0
56535,2428,33,25,194.0,7.76,33,1.0,0.7575757575757576,0.24242424242424243
56539,2413,34,15,313.0,20.866666666666667,34,1.0,0.4411764705882353,0.5588235294117647
56542,85,31,31,991.0,31.967741935483872,31,1.0,1.0,0.0
56543,2473,33,33,1154.0,34.96969696969697,33,1.0,1.0,0.0
56549,2571,35,12,40.0,3.3333333333333335,35,1.0,0.34285714285714286,0.6571428571428571
56550,2571,35,33,506.0,15.333333333333334,35,1.0,0.9428571428571428,0.05714285714285716
56553,155,30,27,811.0,30.03703703703704,30,1.0,0.9,0.09999999999999998
56554,198,34,34,1168.0,34.35294117647059,34,1.0,1.0,0.0
56559,2710,28,16,177.0,11.0625,28,1.0,0.5714285714285714,0.4285714285714286
56560,2172,30,30,847.0,28.233333333333334,30,1.0,1.0,0.0
56561,2172,30,28,930.0,33.214285714285715,30,1.0,0.9333333333333333,0.06666666666666665
56563,239,34,33,1060.0,32.121212121212125,34,1.0,0.9705882352941176,0.02941176470588236
56564,2172,30,30,1061.0,35.36666666666667,30,1.0,1.0,0.0
56568,233,33,33,804.0,24.363636363636363,33,1.0,1.0,0.0
56569,305,32,32,635.0,19.84375,32,1.0,1.0,0.0
56572,249,31,31,1062.0,34.25806451612903,31,1.0,1.0,0.0
56573,98,32,4,40.0,10.0,32,1.0,0.125,0.875
56574,113,32,32,910.0,28.4375,32,1.0,1.0,0.0
56576,98,32,24,207.0,8.625,32,1.0,0.75,0.25
56577,325,34,34,440.0,12.941176470588236,34,1.0,1.0,0.0
56578,98,32,32,920.0,28.75,32,1.0,1.0,0.0
56579,98,32,32,1069.0,33.40625,32,1.0,1.0,0.0
56584,23,30,9,291.0,32.333333333333336,30,1.0,0.3,0.7
56589,2501,33,25,674.0,26.96,33,1.0,0.7575757575757576,0.24242424242424243
56590,2501,33,33,866.0,26.24242424242424,33,1.0,1.0,0.0
56591,2502,29,3,27.0,9.0,29,1.0,0.10344827586206896,0.896551724137931
56593,301,31,30,972.0,32.4,31,1.0,0.967741935483871,0.032258064516129004
56594,301,31,31,965.0,31.129032258064516,31,1.0,1.0,0.0
56595,301,31,6,22.0,3.6666666666666665,31,1.0,0.1935483870967742,0.8064516129032258
56598,2181,31,31,618.0,19.93548387096774,31,1.0,1.0,0.0
56599,2541,32,32,1044.0,32.625,32,1.0,1.0,0.0
56601,2541,32,32,1018.0,31.8125,32,1.0,1.0,0.0
56602,2504,33,32,799.0,24.96875,33,1.0,0.9696969696969697,0.030303030303030276
56604,3084,30,29,971.0,33.48275862068966,30,1.0,0.9666666666666667,0.033333333333333326
56605,328,31,31,792.0,25.548387096774192,31,1.0,1.0,0.0
56606,328,31,9,53.0,5.888888888888889,31,1.0,0.2903225806451613,0.7096774193548387
56611,233,33,23,143.0,6.217391304347826,33,1.0,0.696969696969697,0.303030303030303
56612,142,32,23,250.0,10.869565217391305,32,1.0,0.71875,0.28125
56618,2065,32,28,892.0,31.857142857142858,32,1.0,0.875,0.125
56620,103,32,29,435.0,15.0,32,1.0,0.90625,0.09375
56622,2181,31,31,588.0,18.967741935483872,31,1.0,1.0,0.0
56625,103,32,26,204.0,7.846153846153846,32,1.0,0.8125,0.1875
56626,103,32,3,26.0,8.666666666666666,32,1.0,0.09375,0.90625
56627,103,32,31,783.0,25.258064516129032,32,1.0,0.96875,0.03125
56628,103,32,32,938.0,29.3125,32,1.0,1.0,0.0
56629,218,37,27,309.0,11.444444444444445,37,1.0,0.7297297297297297,0.2702702702702703
56630,228,31,31,1061.0,34.225806451612904,31,1.0,1.0,0.0
56632,93,35,35,1070.0,30.571428571428573,35,1.0,1.0,0.0
56633,2429,32,13,175.0,13.461538461538462,32,1.0,0.40625,0.59375
56634,41,35,34,1216.0,35.76470588235294,35,1.0,0.9714285714285714,0.02857142857142858
56644,71,33,31,449.0,14.483870967741936,33,1.0,0.9393939393939394,0.06060606060606055
56645,305,32,32,898.0,28.0625,32,1.0,1.0,0.0
56647,79,33,24,287.0,11.958333333333334,33,1.0,0.7272727272727273,0.2727272727272727
56648,356,33,33,982.0,29.75757575757576,33,1.0,1.0,0.0
56650,278,32,17,181.0,10.647058823529411,32,1.0,0.53125,0.46875
56653,2305,36,35,714.0,20.4,36,1.0,0.9722222222222222,0.02777777777777779
56655,2350,37,37,626.0,16.91891891891892,37,1.0,1.0,0.0
56656,2350,37,36,998.0,27.72222222222222,37,1.0,0.972972972972973,0.027027027027026973
56661,2393,36,36,903.0,25.083333333333332,36,1.0,1.0,0.0
56663,2885,33,33,618.0,18.727272727272727,33,1.0,1.0,0.0
56665,2885,33,33,562.0,17.03030303030303,33,1.0,1.0,0.0
56666,2210,33,32,789.0,24.65625,33,1.0,0.9696969696969697,0.030303030303030276
56667,2210,33,20,487.0,24.35,33,1.0,0.6060606060606061,0.3939393939393939
56668,2210,33,33,790.0,23.939393939393938,33,1.0,1.0,0.0
56669,2174,33,33,353.0,10.696969696969695,33,1.0,1.0,0.0
56671,9,34,13,59.0,4.538461538461538,34,1.0,0.38235294117647056,0.6176470588235294
56672,130,32,30,435.0,14.5,32,1.0,0.9375,0.0625
56675,198,34,6,75.0,12.5,34,1.0,0.17647058823529413,0.8235294117647058
56676,2623,31,29,918.0,31.655172413793103,31,1.0,0.9354838709677419,0.06451612903225812
56678,2623,31,29,448.0,15.448275862068966,31,1.0,0.9354838709677419,0.06451612903225812
56679,2405,33,33,823.0,24.939393939393938,33,1.0,1.0,0.0
56681,2405,33,29,750.0,25.86206896551724,33,1.0,0.8787878787878788,0.12121212121212122
56682,2142,33,33,1100.0,33.333333333333336,33,1.0,1.0,0.0
56683,2275,34,34,1239.0,36.44117647058823,34,1.0,1.0,0.0
56686,2449,33,33,1271.0,38.51515151515152,33,1.0,1.0,0.0
56687,2449,33,31,806.0,26.0,33,1.0,0.9393939393939394,0.06060606060606055
56691,195,30,30,759.0,25.3,30,1.0,1.0,0.0
56692,194,35,35,411.0,11.742857142857142,35,1.0,1.0,0.0
56694,194,35,35,1068.0,30.514285714285716,35,1.0,1.0,0.0
56695,194,35,35,1139.0,32.542857142857144,35,1.0,1.0,0.0
56696,194,35,33,644.0,19.515151515151516,35,1.0,0.9428571428571428,0.05714285714285716
56703,2523,35,21,460.0,21.904761904761905,35,1.0,0.6,0.4
56704,151,33,12,37.0,3.0833333333333335,33,1.0,0.36363636363636365,0.6363636363636364
56707,57,33,28,686.0,24.5,33,1.0,0.8484848484848485,0.1515151515151515
56708,164,32,30,930.0,31.0,32,1.0,0.9375,0.0625
56709,164,32,24,278.0,11.583333333333334,32,1.0,0.75,0.25
56710,164,32,32,760.0,23.75,32,1.0,1.0,0.0
56711,164,32,32,1133.0,35.40625,32,1.0,1.0,0.0
56712,221,34,27,211.0,7.814814814814815,34,1.0,0.7941176470588235,0.20588235294117652
56716,16,33,33,1085.0,32.878787878787875,33,1.0,1.0,0.0
56718,326,31,30,911.0,30.366666666666667,31,1.0,0.967741935483871,0.032258064516129004
56721,2547,34,8,125.0,15.625,34,1.0,0.23529411764705882,0.7647058823529411
56724,2567,34,34,546.0,16.058823529411764,34,1.0,1.0,0.0
56726,245,33,31,892.0,28.774193548387096,33,1.0,0.9393939393939394,0.06060606060606055
56727,2567,34,34,983.0,28.91176470588235,34,1.0,1.0,0.0
56728,147,30,30,831.0,27.7,30,1.0,1.0,0.0
56731,179,31,30,957.0,31.9,31,1.0,0.967741935483871,0.032258064516129004
56732,2603,31,31,1023.0,33.0,31,1.0,1.0,0.0
56734,2599,33,30,673.0,22.433333333333337,33,1.0,0.9090909090909091,0.09090909090909094
56735,245,33,33,803.0,24.333333333333332,33,1.0,1.0,0.0
56741,2655,31,31,750.0,24.193548387096776,31,1.0,1.0,0.0
56742,2565,28,26,250.0,9.615384615384617,28,1.0,0.9285714285714286,0.0714285714285714
56743,2655,31,31,928.0,29.93548387096774,31,1.0,1.0,0.0
56744,333,34,19,491.0,25.842105263157897,34,1.0,0.5588235294117647,0.4411764705882353
56748,2250,38,38,1014.0,26.68421052631579,38,1.0,1.0,0.0
56749,119,32,32,900.0,28.125,32,1.0,1.0,0.0
56752,5,36,36,1165.0,32.361111111111114,36,1.0,1.0,0.0
56753,259,32,13,265.0,20.384615384615383,33,0.9696969696969697,0.3939393939393939,0.5757575757575758
56755,57,33,28,782.0,27.928571428571427,33,1.0,0.8484848484848485,0.1515151515151515
56756,259,33,25,348.0,13.92,33,1.0,0.7575757575757576,0.24242424242424243
56758,2603,31,31,758.0,24.451612903225808,31,1.0,1.0,0.0
56759,277,35,32,644.0,20.125,35,1.0,0.9142857142857143,0.08571428571428574
56760,2006,35,33,732.0,22.181818181818183,35,1.0,0.9428571428571428,0.05714285714285716
56761,113,32,32,691.0,21.59375,32,1.0,1.0,0.0
56762,2473,33,33,600.0,18.181818181818183,33,1.0,1.0,0.0
56763,8,36,15,48.0,3.2,36,1.0,0.4166666666666667,0.5833333333333333
56765,275,40,14,36.0,2.5714285714285716,40,1.0,0.35,0.65
56766,2571,35,26,896.0,34.46153846153846,35,1.0,0.7428571428571429,0.2571428571428571
56767,275,40,21,506.0,24.095238095238095,40,1.0,0.525,0.475
56768,2294,34,34,1031.0,30.323529411764707,34,1.0,1.0,0.0
56769,275,40,39,1311.0,33.61538461538461,40,1.0,0.975,0.025000000000000022
56771,2046,30,30,757.0,25.233333333333334,30,1.0,1.0,0.0
56774,2099,33,33,581.0,17.606060606060606,33,1.0,1.0,0.0
56777,2099,33,33,851.0,25.78787878787879,33,1.0,1.0,0.0
56778,2117,32,30,254.0,8.466666666666667,32,1.0,0.9375,0.0625
56780,139,32,32,646.0,20.1875,32,1.0,1.0,0.0
56782,2674,34,33,628.0,19.03030303030303,34,1.0,0.9705882352941176,0.02941176470588236
56783,2429,32,32,836.0,26.125,32,1.0,1.0,0.0
56784,2429,32,32,826.0,25.8125,32,1.0,1.0,0.0
56785,2429,32,32,1003.0,31.34375,32,1.0,1.0,0.0
56794,245,33,21,261.0,12.428571428571429,33,1.0,0.6363636363636364,0.36363636363636365
56795,52,33,33,411.0,12.454545454545457,33,1.0,1.0,0.0
56796,151,33,33,1042.0,31.575757575757574,33,1.0,1.0,0.0
56797,2250,38,38,654.0,17.210526315789473,38,1.0,1.0,0.0
56798,2250,38,38,1278.0,33.63157894736842,38,1.0,1.0,0.0
56799,2250,38,38,1058.0,27.842105263157897,38,1.0,1.0,0.0
56801,301,31,27,413.0,15.296296296296296,31,1.0,0.8709677419354839,0.12903225806451613
56802,201,35,35,1088.0,31.085714285714285,35,1.0,1.0,0.0
56804,62,34,6,30.0,5.0,35,0.9714285714285714,0.17142857142857143,0.8
56806,2325,33,30,709.0,23.633333333333333,33,1.0,0.9090909090909091,0.09090909090909094
56807,2325,33,33,1029.0,31.181818181818183,33,1.0,1.0,0.0
56808,2325,33,33,922.0,27.939393939393938,33,1.0,1.0,0.0
56810,82,34,34,849.0,24.970588235294116,34,1.0,1.0,0.0
56811,82,34,33,752.0,22.78787878787879,34,1.0,0.9705882352941176,0.02941176470588236
56817,2459,30,30,326.0,10.866666666666667,30,1.0,1.0,0.0
56818,265,31,31,1005.0,32.41935483870968,31,1.0,1.0,0.0
56819,305,32,5,22.0,4.4,32,1.0,0.15625,0.84375
56821,2540,33,33,814.0,24.666666666666668,33,1.0,1.0,0.0
56822,2540,33,32,293.0,9.15625,33,1.0,0.9696969696969697,0.030303030303030276
56824,2540,33,26,847.0,32.57692307692308,33,1.0,0.7878787878787878,0.21212121212121215
56825,2193,30,30,979.0,32.63333333333333,30,1.0,1.0,0.0
56827,2193,30,30,846.0,28.2,30,1.0,1.0,0.0
56829,2653,29,29,810.0,27.93103448275862,29,1.0,1.0,0.0
56830,2539,32,24,299.0,12.458333333333334,32,1.0,0.75,0.25
56831,2635,30,30,675.0,22.5,30,1.0,1.0,0.0
56832,158,31,30,709.0,23.633333333333333,31,1.0,0.967741935483871,0.032258064516129004
56833,264,31,31,1047.0,33.774193548387096,31,1.0,1.0,0.0
56834,149,33,32,963.0,30.09375,33,1.0,0.9696969696969697,0.030303030303030276
56835,264,31,21,510.0,24.285714285714285,31,1.0,0.6774193548387096,0.32258064516129037
56840,2084,33,31,718.0,23.161290322580644,33,1.0,0.9393939393939394,0.06060606060606055
56842,2130,32,31,876.0,28.258064516129032,32,1.0,0.96875,0.03125
56843,2643,30,30,442.0,14.733333333333333,30,1.0,1.0,0.0
56845,45,35,35,856.0,24.457142857142856,35,1.0,1.0,0.0
56849,56,31,31,880.0,28.387096774193548,31,1.0,1.0,0.0
56854,160,32,32,329.0,10.28125,32,1.0,1.0,0.0
56856,163,30,14,52.0,3.7142857142857144,30,1.0,0.4666666666666667,0.5333333333333333
56858,163,30,30,600.0,20.0,30,1.0,1.0,0.0
56860,2534,35,35,454.0,12.971428571428572,35,1.0,1.0,0.0
56863,2534,35,35,818.0,23.37142857142857,35,1.0,1.0,0.0
56867,2534,35,35,628.0,17.942857142857143,35,1.0,1.0,0.0
56868,2750,31,31,821.0,26.483870967741936,31,1.0,1.0,0.0
56871,2750,31,8,170.0,21.25,31,1.0,0.25806451612903225,0.7419354838709677
56875,2083,34,34,756.0,22.235294117647054,34,1.0,1.0,0.0
56877,2083,34,31,560.0,18.06451612903226,34,1.0,0.9117647058823529,0.08823529411764708
56878,295,35,35,1131.0,32.31428571428572,35,1.0,1.0,0.0
56883,2643,30,27,550.0,20.37037037037037,30,1.0,0.9,0.09999999999999998
56884,2643,30,30,937.0,31.233333333333334,30,1.0,1.0,0.0
56887,2643,30,30,1129.0,37.63333333333333,30,1.0,1.0,0.0
56890,2628,33,17,75.0,4.411764705882353,33,1.0,0.5151515151515151,0.48484848484848486
56891,225,31,30,903.0,30.1,31,1.0,0.967741935483871,0.032258064516129004
56894,225,31,7,34.0,4.857142857142857,31,1.0,0.22580645161290322,0.7741935483870968
56898,2182,30,29,951.0,32.793103448275865,30,1.0,0.9666666666666667,0.033333333333333326
56899,2182,30,27,1029.0,38.111111111111114,30,1.0,0.9,0.09999999999999998
56901,151,33,22,415.0,18.863636363636363,33,1.0,0.6666666666666666,0.33333333333333337
56903,325,34,34,1011.0,29.735294117647054,34,1.0,1.0,0.0
56904,325,34,31,808.0,26.06451612903226,34,1.0,0.9117647058823529,0.08823529411764708
56906,2382,35,35,1163.0,33.22857142857143,35,1.0,1.0,0.0
56908,46,33,33,733.0,22.21212121212121,33,1.0,1.0,0.0
56910,46,33,33,921.0,27.90909090909091,33,1.0,1.0,0.0
56912,2348,36,36,1022.0,28.38888888888889,36,1.0,1.0,0.0
56913,2348,36,36,1184.0,32.888888888888886,36,1.0,1.0,0.0
56914,2348,36,36,1190.0,33.05555555555556,36,1.0,1.0,0.0
56915,3084,30,30,386.0,12.866666666666667,30,1.0,1.0,0.0
56916,249,31,28,839.0,29.964285714285715,31,1.0,0.9032258064516129,0.09677419354838712
56917,145,34,24,309.0,12.875,34,1.0,0.7058823529411765,0.2941176470588235
56919,145,34,33,965.0,29.24242424242424,34,1.0,0.9705882352941176,0.02941176470588236
56920,145,34,34,808.0,23.764705882352946,34,1.0,1.0,0.0
56923,97,36,36,1129.0,31.36111111111111,36,1.0,1.0,0.0
56924,2250,38,27,176.0,6.518518518518518,38,1.0,0.7105263157894737,0.2894736842105263
56926,2247,35,35,999.0,28.542857142857144,35,1.0,1.0,0.0
56927,2377,31,31,1154.0,37.225806451612904,31,1.0,1.0,0.0
56929,2377,31,31,1092.0,35.225806451612904,31,1.0,1.0,0.0
56930,2377,31,31,395.0,12.741935483870968,31,1.0,1.0,0.0
56932,2174,33,33,685.0,20.75757575757576,33,1.0,1.0,0.0
56933,127,39,35,1055.0,30.142857142857142,39,1.0,0.8974358974358975,0.10256410256410253
56934,127,39,39,1309.0,33.56410256410256,39,1.0,1.0,0.0
56936,2529,32,31,666.0,21.483870967741936,32,1.0,0.96875,0.03125
56938,2275,34,26,525.0,20.192307692307693,34,1.0,0.7647058823529411,0.23529411764705888
56940,149,33,33,1189.0,36.03030303030303,33,1.0,1.0,0.0
56949,2050,30,20,575.0,28.75,30,1.0,0.6666666666666666,0.33333333333333337
56950,2132,34,34,975.0,28.676470588235293,34,1.0,1.0,0.0
56951,2132,34,34,766.0,22.529411764705884,34,1.0,1.0,0.0
56953,2132,33,2,43.0,21.5,34,0.9705882352941176,0.058823529411764705,0.9117647058823529
56954,2132,34,34,711.0,20.91176470588235,34,1.0,1.0,0.0
56955,2539,32,24,205.0,8.541666666666666,32,1.0,0.75,0.25
56956,305,32,32,993.0,31.03125,32,1.0,1.0,0.0
56959,2539,32,15,83.0,5.533333333333333,32,1.0,0.46875,0.53125
56963,153,38,9,22.0,2.4444444444444446,38,1.0,0.23684210526315788,0.7631578947368421
56964,153,38,20,81.0,4.05,38,1.0,0.5263157894736842,0.4736842105263158
56966,153,38,27,102.0,3.7777777777777777,38,1.0,0.7105263157894737,0.2894736842105263
56970,2458,30,29,619.0,21.344827586206897,30,1.0,0.9666666666666667,0.033333333333333326
56972,357,34,34,859.0,25.264705882352946,34,1.0,1.0,0.0
56976,2539,32,32,589.0,18.40625,32,1.0,1.0,0.0
56977,2539,32,32,1001.0,31.28125,32,1.0,1.0,0.0
56978,2539,32,16,77.0,4.8125,32,1.0,0.5,0.5
56979,2546,30,30,748.0,24.933333333333337,30,1.0,1.0,0.0
56983,2294,34,34,634.0,18.647058823529413,34,1.0,1.0,0.0
56984,2294,34,33,625.0,18.939393939393938,34,1.0,0.9705882352941176,0.02941176470588236
56985,2294,34,34,1070.0,31.470588235294116,34,1.0,1.0,0.0
56992,2617,34,34,922.0,27.11764705882353,34,1.0,1.0,0.0
56994,2617,34,34,943.0,27.735294117647054,34,1.0,1.0,0.0
56996,183,31,31,1064.0,34.32258064516129,31,1.0,1.0,0.0
56997,183,31,31,1156.0,37.29032258064516,31,1.0,1.0,0.0
56998,2670,36,20,529.0,26.45,36,1.0,0.5555555555555556,0.4444444444444444
56999,2520,33,33,1121.0,33.96969696969697,33,1.0,1.0,0.0
57000,2670,36,33,969.0,29.363636363636363,36,1.0,0.9166666666666666,0.08333333333333337
57001,2670,36,33,240.0,7.272727272727272,36,1.0,0.9166666666666666,0.08333333333333337
57003,2535,32,28,191.0,6.821428571428571,32,1.0,0.875,0.125
57008,233,33,33,1019.0,30.87878787878788,33,1.0,1.0,0.0
57022,2599,33,33,1150.0,34.84848484848485,33,1.0,1.0,0.0
57024,2599,33,33,1150.0,34.84848484848485,33,1.0,1.0,0.0
57027,2599,33,33,1143.0,34.63636363636363,33,1.0,1.0,0.0
57029,278,31,15,388.0,25.866666666666667,32,0.96875,0.46875,0.5
57030,197,32,31,982.0,31.677419354838708,32,1.0,0.96875,0.03125
57031,2546,30,30,874.0,29.133333333333333,30,1.0,1.0,0.0
57034,235,32,27,634.0,23.48148148148148,32,1.0,0.84375,0.15625
57036,238,35,6,38.0,6.333333333333333,35,1.0,0.17142857142857143,0.8285714285714285
57037,26,36,13,24.0,1.8461538461538465,36,1.0,0.3611111111111111,0.6388888888888888
57039,2329,30,7,38.0,5.428571428571429,30,1.0,0.23333333333333334,0.7666666666666666
57041,26,36,36,1243.0,34.52777777777778,36,1.0,1.0,0.0
57042,2754,32,32,1037.0,32.40625,32,1.0,1.0,0.0
57047,2349,29,27,747.0,27.666666666666668,29,1.0,0.9310344827586207,0.06896551724137934
57048,111,35,35,1104.0,31.542857142857144,35,1.0,1.0,0.0
57049,111,35,32,600.0,18.75,35,1.0,0.9142857142857143,0.08571428571428574
57052,2250,38,18,145.0,8.055555555555555,38,1.0,0.47368421052631576,0.5263157894736843
57053,202,34,34,962.0,28.294117647058822,34,1.0,1.0,0.0
57054,202,34,34,569.0,16.735294117647058,34,1.0,1.0,0.0
57055,232,33,10,83.0,8.3,33,1.0,0.30303030303030304,0.696969696969697
57056,2142,33,33,1085.0,32.878787878787875,33,1.0,1.0,0.0
57060,198,34,28,929.0,33.17857142857143,34,1.0,0.8235294117647058,0.17647058823529416
57061,228,31,31,753.0,24.29032258064516,31,1.0,1.0,0.0
57062,252,35,9,197.0,21.88888888888889,35,1.0,0.2571428571428571,0.7428571428571429
57067,47,31,18,195.0,10.833333333333334,32,0.96875,0.5625,0.40625
57068,47,32,30,565.0,18.833333333333332,32,1.0,0.9375,0.0625
57073,2430,33,19,200.0,10.526315789473683,33,1.0,0.5757575757575758,0.4242424242424242
57078,2066,32,10,47.0,4.7,32,1.0,0.3125,0.6875
57083,2005,31,19,222.0,11.68421052631579,31,1.0,0.6129032258064516,0.3870967741935484
57084,2545,32,30,763.0,25.433333333333337,32,1.0,0.9375,0.0625
57085,2005,31,25,525.0,21.0,31,1.0,0.8064516129032258,0.19354838709677424
57086,2005,31,31,929.0,29.967741935483872,31,1.0,1.0,0.0
57088,2005,31,11,310.0,28.181818181818183,31,1.0,0.3548387096774194,0.6451612903225806
57089,2005,31,25,706.0,28.24,31,1.0,0.8064516129032258,0.19354838709677424
57090,2628,33,28,211.0,7.535714285714286,33,1.0,0.8484848484848485,0.1515151515151515
57091,8,36,36,978.0,27.166666666666668,36,1.0,1.0,0.0
57092,2305,36,19,133.0,7.0,36,1.0,0.5277777777777778,0.4722222222222222
57097,2031,31,31,782.0,25.225806451612904,31,1.0,1.0,0.0
57102,2031,31,15,407.0,27.133333333333333,31,1.0,0.4838709677419355,0.5161290322580645
57107,189,33,25,173.0,6.92,33,1.0,0.7575757575757576,0.24242424242424243
57110,2454,35,35,903.0,25.8,35,1.0,1.0,0.0
57114,135,33,33,1007.0,30.515151515151516,33,1.0,1.0,0.0
57116,166,34,34,1095.0,32.205882352941174,34,1.0,1.0,0.0
57118,155,30,29,722.0,24.896551724137932,30,1.0,0.9666666666666667,0.033333333333333326
57120,166,34,22,637.0,28.954545454545453,34,1.0,0.6470588235294118,0.3529411764705882
57121,2239,31,21,174.0,8.285714285714286,31,1.0,0.6774193548387096,0.32258064516129037
57122,248,32,31,558.0,18.0,32,1.0,0.96875,0.03125
57125,350,32,32,1161.0,36.28125,32,1.0,1.0,0.0
57126,350,32,32,1032.0,32.25,32,1.0,1.0,0.0
57127,350,32,28,456.0,16.285714285714285,32,1.0,0.875,0.125
57129,259,33,33,986.0,29.87878787878788,33,1.0,1.0,0.0
57130,350,32,32,865.0,27.03125,32,1.0,1.0,0.0
57135,2459,30,27,205.0,7.592592592592593,30,1.0,0.9,0.09999999999999998
57136,66,34,32,524.0,16.375,34,1.0,0.9411764705882353,0.05882352941176472
57139,204,31,30,642.0,21.4,31,1.0,0.967741935483871,0.032258064516129004
57140,2599,33,18,85.0,4.722222222222222,33,1.0,0.5454545454545454,0.4545454545454546
57141,264,31,14,138.0,9.857142857142858,31,1.0,0.45161290322580644,0.5483870967741935
57143,338,32,20,134.0,6.7,32,1.0,0.625,0.375
57144,58,32,32,1084.0,33.875,32,1.0,1.0,0.0
57146,2415,31,10,30.0,3.0,31,1.0,0.3225806451612903,0.6774193548387097
57147,2597,35,35,1184.0,33.82857142857143,35,1.0,1.0,0.0
57148,2597,35,26,399.0,15.346153846153848,35,1.0,0.7428571428571429,0.2571428571428571
57149,2597,35,35,1188.0,33.94285714285714,35,1.0,1.0,0.0
57150,2597,35,35,542.0,15.485714285714286,35,1.0,1.0,0.0
57151,2379,33,33,830.0,25.151515151515152,33,1.0,1.0,0.0
57156,2459,30,29,607.0,20.93103448275862,30,1.0,0.9666666666666667,0.033333333333333326
57157,2739,33,14,41.0,2.9285714285714284,33,1.0,0.42424242424242425,0.5757575757575757
57158,2739,33,33,926.0,28.060606060606062,33,1.0,1.0,0.0
57159,2739,33,33,1156.0,35.03030303030303,33,1.0,1.0,0.0
57160,2628,33,33,1055.0,31.96969696969697,33,1.0,1.0,0.0
57161,2916,29,21,87.0,4.142857142857143,29,1.0,0.7241379310344828,0.27586206896551724
57165,2230,31,31,924.0,29.806451612903224,31,1.0,1.0,0.0
57168,2569,33,28,366.0,13.071428571428571,33,1.0,0.8484848484848485,0.1515151515151515
57171,333,34,33,1040.0,31.515151515151516,34,1.0,0.9705882352941176,0.02941176470588236
57174,152,36,35,1256.0,35.885714285714286,36,1.0,0.9722222222222222,0.02777777777777779
57175,333,34,31,604.0,19.483870967741936,34,1.0,0.9117647058823529,0.08823529411764708
57176,333,34,34,1200.0,35.294117647058826,34,1.0,1.0,0.0
57179,68,34,7,248.0,35.42857142857143,34,1.0,0.20588235294117646,0.7941176470588236
57180,68,34,33,785.0,23.78787878787879,34,1.0,0.9705882352941176,0.02941176470588236
57181,3084,30,24,174.0,7.25,30,1.0,0.8,0.19999999999999996
57182,68,34,19,207.0,10.894736842105264,34,1.0,0.5588235294117647,0.4411764705882353
57183,68,34,32,999.0,31.21875,34,1.0,0.9411764705882353,0.05882352941176472
57184,68,34,31,753.0,24.29032258064516,34,1.0,0.9117647058823529,0.08823529411764708
57185,2507,34,34,1257.0,36.97058823529411,34,1.0,1.0,0.0
57192,2630,34,13,43.0,3.3076923076923075,34,1.0,0.38235294117647056,0.6176470588235294
57193,2630,34,7,142.0,20.285714285714285,34,1.0,0.20588235294117646,0.7941176470588236
57196,68,34,18,88.0,4.888888888888889,34,1.0,0.5294117647058824,0.47058823529411764
57198,338,32,32,911.0,28.46875,32,1.0,1.0,0.0
57204,2239,31,31,679.0,21.903225806451612,31,1.0,1.0,0.0
57206,250,31,10,34.0,3.4,31,1.0,0.3225806451612903,0.6774193548387097
57216,326,31,29,834.0,28.75862068965517,31,1.0,0.9354838709677419,0.06451612903225812
57218,2329,30,29,715.0,24.655172413793103,30,1.0,0.9666666666666667,0.033333333333333326
57219,2329,30,25,217.0,8.68,30,1.0,0.8333333333333334,0.16666666666666663
57221,2329,30,7,32.0,4.571428571428571,30,1.0,0.23333333333333334,0.7666666666666666
57240,135,33,33,936.0,28.363636363636363,33,1.0,1.0,0.0
57243,2413,34,32,913.0,28.53125,34,1.0,0.9411764705882353,0.05882352941176472
57248,2306,32,32,675.0,21.09375,32,1.0,1.0,0.0
57250,311,30,8,116.0,14.5,30,1.0,0.26666666666666666,0.7333333333333334
57252,311,30,28,882.0,31.5,30,1.0,0.9333333333333333,0.06666666666666665
57254,2870,31,6,63.0,10.5,31,1.0,0.1935483870967742,0.8064516129032258
57255,2870,31,31,894.0,28.838709677419356,31,1.0,1.0,0.0
57259,2870,31,31,987.0,31.838709677419356,31,1.0,1.0,0.0
57260,2325,33,33,907.0,27.484848484848484,33,1.0,1.0,0.0
57262,48,30,23,788.0,34.26086956521739,30,1.0,0.7666666666666667,0.23333333333333328
57264,48,30,24,563.0,23.458333333333332,30,1.0,0.8,0.19999999999999996
57266,2565,28,28,880.0,31.428571428571427,28,1.0,1.0,0.0
57272,2473,33,33,617.0,18.696969696969695,33,1.0,1.0,0.0
57273,108,30,30,758.0,25.266666666666666,30,1.0,1.0,0.0
57274,108,30,30,902.0,30.066666666666663,30,1.0,1.0,0.0
57276,108,30,30,1030.0,34.333333333333336,30,1.0,1.0,0.0
57277,108,30,23,292.0,12.695652173913045,30,1.0,0.7666666666666667,0.23333333333333328
57278,108,30,24,434.0,18.083333333333332,30,1.0,0.8,0.19999999999999996
57281,2352,30,30,918.0,30.6,30,1.0,1.0,0.0
57283,2430,33,33,1178.0,35.696969696969695,33,1.0,1.0,0.0
57292,2641,32,13,40.0,3.076923076923077,32,1.0,0.40625,0.59375
57293,61,33,31,400.0,12.903225806451612,33,1.0,0.9393939393939394,0.06060606060606055
57294,2641,32,32,775.0,24.21875,32,1.0,1.0,0.0
57297,2641,32,29,212.0,7.310344827586207,32,1.0,0.90625,0.09375
57298,227,33,33,653.0,19.78787878787879,33,1.0,1.0,0.0
57299,155,30,29,796.0,27.448275862068964,30,1.0,0.9666666666666667,0.033333333333333326
57301,158,31,31,1086.0,35.03225806451613,31,1.0,1.0,0.0
57305,232,33,32,834.0,26.0625,33,1.0,0.9696969696969697,0.030303030303030276
57306,232,33,21,102.0,4.857142857142857,33,1.0,0.6363636363636364,0.36363636363636365
57308,232,33,26,824.0,31.692307692307693,33,1.0,0.7878787878787878,0.21212121212121215
57309,2169,36,36,1067.0,29.63888888888889,36,1.0,1.0,0.0
57312,2169,36,34,1149.0,33.794117647058826,36,1.0,0.9444444444444444,0.05555555555555558
57324,70,30,30,921.0,30.7,30,1.0,1.0,0.0
57329,2320,30,9,47.0,5.222222222222222,30,1.0,0.3,0.7
57330,276,32,30,463.0,15.433333333333334,32,1.0,0.9375,0.0625
57333,276,32,29,478.0,16.482758620689655,32,1.0,0.90625,0.09375
57334,116,30,24,539.0,22.458333333333332,30,1.0,0.8,0.19999999999999996
57338,2908,35,35,1191.0,34.02857142857143,36,0.9722222222222222,0.9722222222222222,0.0
57340,2908,35,34,1084.0,31.88235294117647,36,0.9722222222222222,0.9444444444444444,0.02777777777777779
57342,2582,35,35,1010.0,28.857142857142858,35,1.0,1.0,0.0
57343,2908,36,36,968.0,26.88888888888889,36,1.0,1.0,0.0
57344,304,30,24,309.0,12.875,30,1.0,0.8,0.19999999999999996
57345,300,34,34,879.0,25.852941176470587,34,1.0,1.0,0.0
57346,300,34,34,1012.0,29.764705882352946,34,1.0,1.0,0.0
57347,300,34,12,44.0,3.6666666666666665,34,1.0,0.35294117647058826,0.6470588235294117
57349,300,34,33,567.0,17.181818181818183,34,1.0,0.9705882352941176,0.02941176470588236
57350,300,34,34,399.0,11.735294117647058,34,1.0,1.0,0.0
57357,2344,34,17,508.0,29.88235294117647,34,1.0,0.5,0.5
57358,2368,32,17,500.0,29.41176470588235,32,1.0,0.53125,0.46875
57359,2368,32,30,1035.0,34.5,32,1.0,0.9375,0.0625
57361,2368,32,32,851.0,26.59375,32,1.0,1.0,0.0
57362,71,33,30,682.0,22.733333333333334,33,1.0,0.9090909090909091,0.09090909090909094
57363,2226,28,28,754.0,26.928571428571427,28,1.0,1.0,0.0
57364,218,37,36,1224.0,34.0,37,1.0,0.972972972972973,0.027027027027026973
57367,324,34,34,1064.0,31.294117647058822,34,1.0,1.0,0.0
57369,2277,28,28,616.0,22.0,28,1.0,1.0,0.0
57373,2277,28,28,546.0,19.5,28,1.0,1.0,0.0
57374,155,30,30,440.0,14.666666666666666,30,1.0,1.0,0.0
57383,2363,33,32,1019.0,31.84375,33,1.0,0.9696969696969697,0.030303030303030276
57384,2363,33,32,749.0,23.40625,33,1.0,0.9696969696969697,0.030303030303030276
57385,45,34,27,99.0,3.6666666666666665,35,0.9714285714285714,0.7714285714285715,0.19999999999999996
57386,2363,33,31,803.0,25.903225806451612,33,1.0,0.9393939393939394,0.06060606060606055
57389,112358,30,30,795.0,26.5,30,1.0,1.0,0.0
57390,2450,34,10,61.0,6.1,34,1.0,0.29411764705882354,0.7058823529411764
57391,2450,34,33,833.0,25.24242424242424,34,1.0,0.9705882352941176,0.02941176470588236
57398,2197,33,33,535.0,16.21212121212121,33,1.0,1.0,0.0
57400,155,30,29,621.0,21.41379310344828,30,1.0,0.9666666666666667,0.033333333333333326
57401,155,30,10,73.0,7.3,30,1.0,0.3333333333333333,0.6666666666666667
57402,2239,31,31,732.0,23.612903225806452,31,1.0,1.0,0.0
57403,278,32,32,944.0,29.5,32,1.0,1.0,0.0
57404,2390,38,38,1278.0,33.63157894736842,38,1.0,1.0,0.0
57405,218,37,35,939.0,26.82857142857143,37,1.0,0.9459459459459459,0.05405405405405406
57406,251,34,32,835.0,26.09375,34,1.0,0.9411764705882353,0.05882352941176472
57408,2550,31,29,976.0,33.6551724137931,31,1.0,0.9354838709677419,0.06451612903225812
57409,2428,33,33,1109.0,33.60606060606061,33,1.0,1.0,0.0
57410,85,31,31,721.0,23.258064516129032,31,1.0,1.0,0.0
57413,2674,34,34,841.0,24.735294117647054,34,1.0,1.0,0.0
57414,2241,35,35,958.0,27.37142857142857,35,1.0,1.0,0.0
57416,2115,31,2,60.0,30.0,31,1.0,0.06451612903225806,0.935483870967742
57425,231,33,14,85.0,6.071428571428571,33,1.0,0.42424242424242425,0.5757575757575757
57426,13,29,29,850.0,29.310344827586206,29,1.0,1.0,0.0
57428,2029,32,31,317.0,10.225806451612904,32,1.0,0.96875,0.03125
57436,2011,29,29,601.0,20.724137931034484,29,1.0,1.0,0.0
57440,302,32,31,562.0,18.129032258064516,32,1.0,0.96875,0.03125
57441,2934,33,33,731.0,22.151515151515152,33,1.0,1.0,0.0
57442,2127,31,31,1106.0,35.67741935483871,31,1.0,1.0,0.0
57444,2127,31,31,644.0,20.774193548387096,31,1.0,1.0,0.0
57445,2127,31,31,735.0,23.70967741935484,31,1.0,1.0,0.0
57447,2296,32,26,592.0,22.76923076923077,32,1.0,0.8125,0.1875
57454,2561,31,30,611.0,20.366666666666667,31,1.0,0.967741935483871,0.032258064516129004
57457,2561,31,28,930.0,33.214285714285715,31,1.0,0.9032258064516129,0.09677419354838712
57459,294,32,10,38.0,3.8,32,1.0,0.3125,0.6875
57460,94,30,28,366.0,13.071428571428571,30,1.0,0.9333333333333333,0.06666666666666665
57463,2320,30,30,710.0,23.666666666666668,30,1.0,1.0,0.0
57465,322,33,17,61.0,3.588235294117647,33,1.0,0.5151515151515151,0.48484848484848486
57466,322,33,32,967.0,30.21875,33,1.0,0.9696969696969697,0.030303030303030276
57467,322,33,33,892.0,27.03030303030303,33,1.0,1.0,0.0
57468,322,33,33,1027.0,31.12121212121212,33,1.0,1.0,0.0
57475,2724,35,35,1145.0,32.714285714285715,35,1.0,1.0,0.0
57483,27,31,30,552.0,18.4,31,1.0,0.967741935483871,0.032258064516129004
57486,167,31,29,605.0,20.86206896551724,31,1.0,0.9354838709677419,0.06451612903225812
57489,2154,31,31,980.0,31.612903225806452,31,1.0,1.0,0.0
57490,2154,31,13,101.0,7.769230769230769,31,1.0,0.41935483870967744,0.5806451612903225
57496,2447,29,27,349.0,12.925925925925926,29,1.0,0.9310344827586207,0.06896551724137934
57502,55,31,29,941.0,32.44827586206897,31,1.0,0.9354838709677419,0.06451612903225812
57509,85,31,29,663.0,22.86206896551724,31,1.0,0.9354838709677419,0.06451612903225812
57512,2309,35,35,1140.0,32.57142857142857,35,1.0,1.0,0.0
57518,116,30,10,26.0,2.6,30,1.0,0.3333333333333333,0.6666666666666667
57519,116,30,30,576.0,19.2,30,1.0,1.0,0.0
57523,349,30,7,81.0,11.571428571428571,30,1.0,0.23333333333333334,0.7666666666666666
57524,349,30,30,616.0,20.533333333333335,30,1.0,1.0,0.0
57525,349,30,17,199.0,11.705882352941176,30,1.0,0.5666666666666667,0.43333333333333335
57541,2437,29,22,309.0,14.045454545454543,29,1.0,0.7586206896551724,0.24137931034482762
57599,2430,33,29,343.0,11.827586206896552,33,1.0,0.8787878787878788,0.12121212121212122
57664,2253,32,32,848.0,26.5,32,1.0,1.0,0.0
57666,2110,29,29,877.0,30.24137931034483,29,1.0,1.0,0.0
57680,2582,35,32,335.0,10.46875,35,1.0,0.9142857142857143,0.08571428571428574
57685,2241,35,35,1200.0,34.285714285714285,35,1.0,1.0,0.0
57686,2870,31,30,911.0,30.366666666666667,31,1.0,0.967741935483871,0.032258064516129004
57697,2437,29,29,995.0,34.310344827586206,29,1.0,1.0,0.0
57789,2534,35,35,1017.0,29.057142857142857,35,1.0,1.0,0.0
57790,2640,35,32,1234.0,38.5625,35,1.0,0.9142857142857143,0.08571428571428574
57798,2463,33,33,1111.0,33.666666666666664,33,1.0,1.0,0.0
57806,2352,30,9,31.0,3.4444444444444446,30,1.0,0.3,0.7
57807,2325,33,25,210.0,8.4,33,1.0,0.7575757575757576,0.24242424242424243
57816,2603,31,22,121.0,5.5,31,1.0,0.7096774193548387,0.29032258064516125
57817,2885,33,33,409.0,12.393939393939394,33,1.0,1.0,0.0
57821,218,37,12,20.0,1.6666666666666667,37,1.0,0.32432432432432434,0.6756756756756757
57824,2306,32,13,65.0,5.0,32,1.0,0.40625,0.59375
57826,197,32,20,98.0,4.9,32,1.0,0.625,0.375
57837,2127,31,30,928.0,30.933333333333337,31,1.0,0.967741935483871,0.032258064516129004
57844,2142,33,33,1086.0,32.90909090909091,33,1.0,1.0,0.0
57926,2294,34,9,25.0,2.7777777777777777,34,1.0,0.2647058823529412,0.7352941176470589
57928,127,39,12,32.0,2.6666666666666665,39,1.0,0.3076923076923077,0.6923076923076923
57929,135,33,14,45.0,3.2142857142857144,33,1.0,0.42424242424242425,0.5757575757575757
58169,2515,34,34,892.0,26.235294117647054,34,1.0,1.0,0.0
58170,2515,34,34,985.0,28.970588235294116,34,1.0,1.0,0.0
58171,2261,35,35,833.0,23.8,35,1.0,1.0,0.0
58172,2515,34,34,531.0,15.617647058823527,34,1.0,1.0,0.0
58173,2515,34,34,744.0,21.88235294117647,34,1.0,1.0,0.0
58174,2515,34,34,722.0,21.235294117647054,34,1.0,1.0,0.0
58421,156,33,11,25.0,2.272727272727273,33,1.0,0.3333333333333333,0.6666666666666667
58422,159,29,22,544.0,24.727272727272727,29,1.0,0.7586206896551724,0.24137931034482762
58426,159,29,29,814.0,28.06896551724138,29,1.0,1.0,0.0
58429,85,31,30,741.0,24.7,31,1.0,0.967741935483871,0.032258064516129004
58430,2166,32,32,1112.0,34.75,32,1.0,1.0,0.0
58436,2241,35,19,121.0,6.368421052631579,35,1.0,0.5428571428571428,0.4571428571428572
58438,2244,31,4,66.0,16.5,31,1.0,0.12903225806451613,0.8709677419354839
58439,2244,31,30,733.0,24.433333333333337,31,1.0,0.967741935483871,0.032258064516129004
58440,2244,31,26,412.0,15.846153846153848,31,1.0,0.8387096774193549,0.16129032258064513
58443,2247,35,35,705.0,20.142857142857142,35,1.0,1.0,0.0
58447,2272,33,33,913.0,27.666666666666668,33,1.0,1.0,0.0
58448,2272,33,32,995.0,31.09375,33,1.0,0.9696969696969697,0.030303030303030276
58449,2272,33,5,20.0,4.0,33,1.0,0.15151515151515152,0.8484848484848485
58454,107,30,16,109.0,6.8125,30,1.0,0.5333333333333333,0.4666666666666667
58466,2545,32,23,449.0,19.52173913043478,32,1.0,0.71875,0.28125
58469,2504,33,29,993.0,34.241379310344826,33,1.0,0.8787878787878788,0.12121212121212122
58472,2751,35,22,182.0,8.272727272727273,35,1.0,0.6285714285714286,0.37142857142857144
58481,2335,32,7,216.0,30.857142857142858,32,1.0,0.21875,0.78125
58483,2335,32,32,358.0,11.1875,32,1.0,1.0,0.0
58484,2335,32,32,858.0,26.8125,32,1.0,1.0,0.0
58486,288,31,30,253.0,8.433333333333334,31,1.0,0.967741935483871,0.032258064516129004
58490,2350,37,12,32.0,2.6666666666666665,37,1.0,0.32432432432432434,0.6756756756756757
58491,2678,30,28,265.0,9.464285714285714,30,1.0,0.9333333333333333,0.06666666666666665
58493,2382,35,35,1158.0,33.08571428571429,35,1.0,1.0,0.0
58495,193,32,32,1034.0,32.3125,32,1.0,1.0,0.0
58496,2439,33,7,27.0,3.857142857142857,33,1.0,0.21212121212121213,0.7878787878787878
58504,2415,31,31,1065.0,34.354838709677416,31,1.0,1.0,0.0
58507,2426,32,26,214.0,8.23076923076923,32,1.0,0.8125,0.1875
58508,2426,32,27,836.0,30.96296296296296,32,1.0,0.84375,0.15625
58512,2275,34,34,1105.0,32.5,34,1.0,1.0,0.0
58703,219,28,26,281.0,10.807692307692308,28,1.0,0.9285714285714286,0.0714285714285714
58704,219,28,27,514.0,19.03703703703704,28,1.0,0.9642857142857143,0.0357142857142857
58710,2523,35,31,924.0,29.806451612903224,35,1.0,0.8857142857142857,0.11428571428571432
58714,23,30,27,870.0,32.22222222222222,30,1.0,0.9,0.09999999999999998
58718,2523,35,27,258.0,9.555555555555555,35,1.0,0.7714285714285715,0.22857142857142854
58728,2460,35,35,767.0,21.914285714285715,35,1.0,1.0,0.0
58730,2634,31,31,886.0,28.580645161290324,31,1.0,1.0,0.0
58750,302,32,5,23.0,4.6,32,1.0,0.15625,0.84375
58756,2016,32,30,1030.0,34.333333333333336,32,1.0,0.9375,0.0625
58813,2506,32,30,847.0,28.233333333333334,32,1.0,0.9375,0.0625
59126,2437,29,27,316.0,11.703703703703704,29,1.0,0.9310344827586207,0.06896551724137934
59162,2344,34,10,30.0,3.0,34,1.0,0.29411764705882354,0.7058823529411764
59220,2514,30,30,810.0,27.0,30,1.0,1.0,0.0
59221,2514,30,30,873.0,29.1,30,1.0,1.0,0.0
59223,2514,30,30,808.0,26.933333333333337,30,1.0,1.0,0.0
59224,2514,30,30,1106.0,36.86666666666667,30,1.0,1.0,0.0
59287,193,32,8,34.0,4.25,32,1.0,0.25,0.75
59340,2571,35,29,457.0,15.758620689655173,35,1.0,0.8285714285714286,0.17142857142857137
59920,2565,28,28,426.0,15.214285714285714,28,1.0,1.0,0.0
60059,294,32,32,623.0,19.46875,32,1.0,1.0,0.0
60095,2504,33,33,817.0,24.75757575757576,33,1.0,1.0,0.0
60157,147,30,30,870.0,29.0,30,1.0,1.0,0.0
60196,2504,33,33,1154.0,34.96969696969697,33,1.0,1.0,0.0
60204,2130,32,21,378.0,18.0,32,1.0,0.65625,0.34375
60379,258,34,11,21.0,1.9090909090909092,34,1.0,0.3235294117647059,0.6764705882352942
60679,2016,32,26,632.0,24.307692307692307,32,1.0,0.8125,0.1875
60715,158,31,30,812.0,27.066666666666663,31,1.0,0.967741935483871,0.032258064516129004
60784,2169,36,31,343.0,11.064516129032258,36,1.0,0.8611111111111112,0.13888888888888884
60801,2711,34,6,21.0,3.5,34,1.0,0.17647058823529413,0.8235294117647058
60839,127,39,29,219.0,7.551724137931035,39,1.0,0.7435897435897436,0.2564102564102564
60861,2368,32,13,32.0,2.4615384615384617,32,1.0,0.40625,0.59375
60891,189,33,14,54.0,3.857142857142857,33,1.0,0.42424242424242425,0.5757575757575757
60966,259,33,25,278.0,11.12,33,1.0,0.7575757575757576,0.24242424242424243
60976,57,33,33,610.0,18.484848484848484,33,1.0,1.0,0.0
61010,2065,21,18,573.0,31.833333333333332,32,0.65625,0.5625,0.09375
61017,12,38,12,23.0,1.9166666666666667,38,1.0,0.3157894736842105,0.6842105263157895
61143,333,34,14,92.0,6.571428571428571,34,1.0,0.4117647058823529,0.5882352941176471
61155,103,32,32,1204.0,37.625,32,1.0,1.0,0.0
61157,41,35,33,947.0,28.696969696969695,35,1.0,0.9428571428571428,0.05714285714285716
61160,154,32,32,1007.0,31.46875,32,1.0,1.0,0.0
61161,154,32,32,673.0,21.03125,32,1.0,1.0,0.0
61162,154,32,32,869.0,27.15625,32,1.0,1.0,0.0
61163,154,32,20,103.0,5.15,32,1.0,0.625,0.375
61164,154,32,25,359.0,14.36,32,1.0,0.78125,0.21875
61167,104,30,30,751.0,25.033333333333335,30,1.0,1.0,0.0
61168,104,30,29,881.0,30.379310344827587,30,1.0,0.9666666666666667,0.033333333333333326
61169,104,30,30,1111.0,37.03333333333333,30,1.0,1.0,0.0
61172,311,30,30,795.0,26.5,30,1.0,1.0,0.0
61173,311,30,29,917.0,31.620689655172413,30,1.0,0.9666666666666667,0.033333333333333326
61175,2184,31,31,986.0,31.806451612903224,31,1.0,1.0,0.0
61177,264,31,27,298.0,11.037037037037036,31,1.0,0.8709677419354839,0.12903225806451613
61178,45,35,35,1162.0,33.2,35,1.0,1.0,0.0
61179,45,35,35,1107.0,31.62857142857143,35,1.0,1.0,0.0
61180,45,35,35,1055.0,30.142857142857142,35,1.0,1.0,0.0
61181,45,35,35,1103.0,31.514285714285716,35,1.0,1.0,0.0
61183,257,35,35,1093.0,31.228571428571428,35,1.0,1.0,0.0
61184,2097,32,18,186.0,10.333333333333334,32,1.0,0.5625,0.4375
61185,257,35,35,822.0,23.485714285714284,35,1.0,1.0,0.0
61186,2674,34,24,663.0,27.625,34,1.0,0.7058823529411765,0.2941176470588235
61189,2752,37,36,963.0,26.75,37,1.0,0.972972972972973,0.027027027027026973
61190,2752,37,37,586.0,15.83783783783784,37,1.0,1.0,0.0
61192,193,32,31,449.0,14.483870967741936,32,1.0,0.96875,0.03125
61194,338,32,32,901.0,28.15625,32,1.0,1.0,0.0
61195,338,32,32,1184.0,37.0,32,1.0,1.0,0.0
61197,2382,35,29,148.0,5.103448275862069,35,1.0,0.8285714285714286,0.17142857142857137
61199,326,31,30,723.0,24.1,31,1.0,0.967741935483871,0.032258064516129004
61200,2454,35,35,1065.0,30.428571428571427,35,1.0,1.0,0.0
61201,2229,33,32,675.0,21.09375,33,1.0,0.9696969696969697,0.030303030303030276
61202,2454,35,21,181.0,8.619047619047619,35,1.0,0.6,0.4
61203,2454,35,31,764.0,24.64516129032258,35,1.0,0.8857142857142857,0.11428571428571432
61206,56,31,26,660.0,25.384615384615383,31,1.0,0.8387096774193549,0.16129032258064513
61208,66,13,3,39.0,13.0,34,0.38235294117647056,0.08823529411764706,0.2941176470588235
61210,315,30,24,241.0,10.041666666666666,30,1.0,0.8,0.19999999999999996
61211,66,34,34,934.0,27.470588235294116,34,1.0,1.0,0.0
61212,66,34,34,1045.0,30.735294117647054,34,1.0,1.0,0.0
61213,164,30,15,112.0,7.466666666666667,32,0.9375,0.46875,0.46875
61216,2428,33,33,283.0,8.575757575757576,33,1.0,1.0,0.0
61217,269,32,32,707.0,22.09375,32,1.0,1.0,0.0
61219,221,34,34,932.0,27.41176470588235,34,1.0,1.0,0.0
61220,221,34,34,1152.0,33.88235294117647,34,1.0,1.0,0.0
61222,147,30,30,905.0,30.166666666666668,30,1.0,1.0,0.0
61224,147,29,3,23.0,7.666666666666667,30,0.9666666666666667,0.1,0.8666666666666667
61225,147,30,30,794.0,26.466666666666665,30,1.0,1.0,0.0
61231,2692,30,30,997.0,33.233333333333334,30,1.0,1.0,0.0
61233,2692,30,30,802.0,26.733333333333334,30,1.0,1.0,0.0
61239,2415,31,30,398.0,13.266666666666667,31,1.0,0.967741935483871,0.032258064516129004
61240,2272,33,30,632.0,21.066666666666663,33,1.0,0.9090909090909091,0.09090909090909094
61241,2272,33,33,956.0,28.96969696969697,33,1.0,1.0,0.0
61242,2272,33,31,712.0,22.967741935483872,33,1.0,0.9393939393939394,0.06060606060606055
61249,2506,32,23,593.0,25.782608695652176,32,1.0,0.71875,0.28125
61250,2506,32,12,78.0,6.5,32,1.0,0.375,0.625
61252,294,32,18,210.0,11.666666666666666,32,1.0,0.5625,0.4375
61258,2427,31,29,564.0,19.448275862068964,31,1.0,0.9354838709677419,0.06451612903225812
61259,2427,31,22,214.0,9.727272727272728,31,1.0,0.7096774193548387,0.29032258064516125
61260,2427,31,11,167.0,15.181818181818182,31,1.0,0.3548387096774194,0.6451612903225806
61263,356,33,14,45.0,3.2142857142857144,33,1.0,0.42424242424242425,0.5757575757575757
61264,135,33,33,436.0,13.212121212121213,33,1.0,1.0,0.0
61267,77,32,32,941.0,29.40625,32,1.0,1.0,0.0
61268,77,32,32,720.0,22.5,32,1.0,1.0,0.0
61269,2550,31,9,38.0,4.222222222222222,31,1.0,0.2903225806451613,0.7096774193548387
61270,213,34,34,444.0,13.058823529411764,34,1.0,1.0,0.0
61272,213,34,32,860.0,26.875,34,1.0,0.9411764705882353,0.05882352941176472
61273,2509,34,34,1065.0,31.323529411764707,34,1.0,1.0,0.0
61274,2509,34,34,827.0,24.323529411764707,34,1.0,1.0,0.0
61278,275,40,40,1239.0,30.975,40,1.0,1.0,0.0
61279,275,40,35,266.0,7.6,40,1.0,0.875,0.125
61281,13,29,29,879.0,30.310344827586206,29,1.0,1.0,0.0
61284,13,29,24,226.0,9.416666666666666,29,1.0,0.8275862068965517,0.1724137931034483
61286,299,33,33,807.0,24.454545454545453,33,1.0,1.0,0.0
61287,239,34,23,203.0,8.826086956521738,34,1.0,0.6764705882352942,0.32352941176470584
61289,279,31,6,22.0,3.6666666666666665,31,1.0,0.1935483870967742,0.8064516129032258
61293,302,32,32,857.0,26.78125,32,1.0,1.0,0.0
61298,2247,35,4,20.0,5.0,35,1.0,0.11428571428571428,0.8857142857142857
61299,2247,35,35,1294.0,36.97142857142857,35,1.0,1.0,0.0
61300,2247,35,33,688.0,20.848484848484848,35,1.0,0.9428571428571428,0.05714285714285716
61301,2247,35,35,1104.0,31.542857142857144,35,1.0,1.0,0.0
61303,2309,35,30,859.0,28.633333333333333,35,1.0,0.8571428571428571,0.1428571428571429
61304,2572,7,6,99.0,16.5,29,0.2413793103448276,0.20689655172413793,0.03448275862068967
61307,256,33,33,1174.0,35.57575757575758,33,1.0,1.0,0.0
61309,256,33,12,330.0,27.5,33,1.0,0.36363636363636365,0.6363636363636364
61310,256,33,19,185.0,9.736842105263158,33,1.0,0.5757575757575758,0.4242424242424242
61315,119,32,32,900.0,28.125,32,1.0,1.0,0.0
61316,2729,33,31,702.0,22.64516129032258,33,1.0,0.9393939393939394,0.06060606060606055
61317,2729,33,32,1000.0,31.25,33,1.0,0.9696969696969697,0.030303030303030276
61319,248,32,32,877.0,27.40625,32,1.0,1.0,0.0
61321,245,33,26,845.0,32.5,33,1.0,0.7878787878787878,0.21212121212121215
61324,276,32,31,503.0,16.225806451612904,32,1.0,0.96875,0.03125
61327,276,32,32,920.0,28.75,32,1.0,1.0,0.0
61328,235,32,30,803.0,26.766666666666666,32,1.0,0.9375,0.0625
61330,338,32,22,632.0,28.727272727272727,32,1.0,0.6875,0.3125
61331,242,32,32,1055.0,32.96875,32,1.0,1.0,0.0
61338,2572,29,27,730.0,27.03703703703704,29,1.0,0.9310344827586207,0.06896551724137934
61339,2572,29,23,274.0,11.91304347826087,29,1.0,0.7931034482758621,0.2068965517241379
61342,2572,29,22,307.0,13.954545454545457,29,1.0,0.7586206896551724,0.24137931034482762
61343,2655,31,31,993.0,32.03225806451613,31,1.0,1.0,0.0
61344,2655,31,31,439.0,14.161290322580646,31,1.0,1.0,0.0
61345,526,33,33,724.0,21.939393939393938,33,1.0,1.0,0.0
61348,202,34,34,913.0,26.852941176470587,34,1.0,1.0,0.0
61349,202,34,34,1174.0,34.529411764705884,34,1.0,1.0,0.0
61350,202,34,34,730.0,21.470588235294116,34,1.0,1.0,0.0
61351,202,34,34,1069.0,31.441176470588236,34,1.0,1.0,0.0
61353,2116,30,30,746.0,24.866666666666667,30,1.0,1.0,0.0
61355,2116,30,29,283.0,9.758620689655173,30,1.0,0.9666666666666667,0.033333333333333326
61356,2116,30,30,702.0,23.4,30,1.0,1.0,0.0
61358,2630,34,34,1182.0,34.76470588235294,34,1.0,1.0,0.0
61360,2628,33,33,790.0,23.939393939393938,33,1.0,1.0,0.0
61362,2638,33,27,500.0,18.51851851851852,33,1.0,0.8181818181818182,0.18181818181818177
61365,2739,33,33,1060.0,32.121212121212125,33,1.0,1.0,0.0
61366,2739,33,33,1031.0,31.24242424242424,33,1.0,1.0,0.0
61371,2350,37,37,884.0,23.89189189189189,37,1.0,1.0,0.0
61372,2350,36,35,686.0,19.6,37,0.972972972972973,0.9459459459459459,0.027027027027027084
61380,2750,31,16,531.0,33.1875,31,1.0,0.5161290322580645,0.4838709677419355
61381,160,32,25,630.0,25.2,32,1.0,0.78125,0.21875
61394,225,31,30,842.0,28.066666666666663,31,1.0,0.967741935483871,0.032258064516129004
61398,172,30,11,45.0,4.090909090909091,30,1.0,0.36666666666666664,0.6333333333333333
61399,108,30,30,1039.0,34.63333333333333,30,1.0,1.0,0.0
61400,108,30,21,238.0,11.333333333333334,30,1.0,0.7,0.30000000000000004
61403,108,30,28,690.0,24.642857142857142,30,1.0,0.9333333333333333,0.06666666666666665
61405,43,32,32,949.0,29.65625,32,1.0,1.0,0.0
61406,43,32,31,1012.0,32.645161290322584,32,1.0,0.96875,0.03125
61407,43,32,6,42.0,7.0,32,1.0,0.1875,0.8125
61409,2099,33,24,602.0,25.083333333333332,33,1.0,0.7272727272727273,0.2727272727272727
61411,314,35,34,1272.0,37.411764705882355,35,1.0,0.9714285714285714,0.02857142857142858
61413,314,35,7,26.0,3.7142857142857144,35,1.0,0.2,0.8
61414,314,35,34,1201.0,35.3235294117647,35,1.0,0.9714285714285714,0.02857142857142858
61416,257,35,35,813.0,23.228571428571428,35,1.0,1.0,0.0
61418,2520,33,33,339.0,10.272727272727272,33,1.0,1.0,0.0
61421,2520,33,33,800.0,24.24242424242424,33,1.0,1.0,0.0
61423,2520,33,32,578.0,18.0625,33,1.0,0.9696969696969697,0.030303030303030276
61425,2561,31,31,748.0,24.129032258064516,31,1.0,1.0,0.0
61426,2561,31,6,141.0,23.5,31,1.0,0.1935483870967742,0.8064516129032258
61427,2415,31,31,783.0,25.258064516129032,31,1.0,1.0,0.0
61428,2415,31,31,1077.0,34.74193548387097,31,1.0,1.0,0.0
61430,2006,35,34,806.0,23.705882352941178,35,1.0,0.9714285714285714,0.02857142857142858
61431,2006,35,35,648.0,18.514285714285716,35,1.0,1.0,0.0
61433,2050,30,30,762.0,25.4,30,1.0,1.0,0.0
61434,179,31,31,1114.0,35.935483870967744,31,1.0,1.0,0.0
61436,2050,30,4,22.0,5.5,30,1.0,0.13333333333333333,0.8666666666666667
61437,189,33,33,822.0,24.90909090909091,33,1.0,1.0,0.0
61438,189,33,31,892.0,28.774193548387096,33,1.0,0.9393939393939394,0.06060606060606055
61440,2084,33,29,861.0,29.689655172413794,33,1.0,0.8787878787878788,0.12121212121212122
61444,2649,33,14,41.0,2.9285714285714284,33,1.0,0.42424242424242425,0.5757575757575757
61445,2649,33,33,897.0,27.181818181818183,33,1.0,1.0,0.0
61446,2711,34,34,1024.0,30.11764705882353,34,1.0,1.0,0.0
61447,2711,34,10,53.0,5.3,34,1.0,0.29411764705882354,0.7058823529411764
61448,2711,34,14,77.0,5.5,34,1.0,0.4117647058823529,0.5882352941176471
61450,2711,34,32,417.0,13.03125,34,1.0,0.9411764705882353,0.05882352941176472
61451,2711,34,28,290.0,10.357142857142858,34,1.0,0.8235294117647058,0.17647058823529416
61453,2711,34,32,399.0,12.46875,34,1.0,0.9411764705882353,0.05882352941176472
61454,71,33,31,807.0,26.032258064516128,33,1.0,0.9393939393939394,0.06060606060606055
61456,325,34,33,729.0,22.09090909090909,34,1.0,0.9705882352941176,0.02941176470588236
61457,156,33,20,558.0,27.9,33,1.0,0.6060606060606061,0.3939393939393939
61459,294,32,32,1080.0,33.75,32,1.0,1.0,0.0
61462,135,33,33,960.0,29.09090909090909,33,1.0,1.0,0.0
61463,2184,31,31,1011.0,32.61290322580645,31,1.0,1.0,0.0
61465,2181,31,28,838.0,29.928571428571427,31,1.0,0.9032258064516129,0.09677419354838712
61467,282,31,31,388.0,12.516129032258064,31,1.0,1.0,0.0
61469,2199,35,34,385.0,11.323529411764708,35,1.0,0.9714285714285714,0.02857142857142858
61470,282,31,31,941.0,30.35483870967742,31,1.0,1.0,0.0
61474,2623,19,14,456.0,32.57142857142857,31,0.6129032258064516,0.45161290322580644,0.16129032258064518
61475,2623,31,26,455.0,17.5,31,1.0,0.8387096774193549,0.16129032258064513
61477,79,33,33,1148.0,34.78787878787879,33,1.0,1.0,0.0
61479,79,33,31,507.0,16.35483870967742,33,1.0,0.9393939393939394,0.06060606060606055
61480,79,33,32,710.0,22.1875,33,1.0,0.9696969696969697,0.030303030303030276
61481,36,34,34,943.0,27.735294117647054,34,1.0,1.0,0.0
61482,2239,31,19,249.0,13.105263157894736,31,1.0,0.6129032258064516,0.3870967741935484
61484,2509,34,34,977.0,28.735294117647054,34,1.0,1.0,0.0
61488,278,32,32,1168.0,36.5,32,1.0,1.0,0.0
61489,140,33,29,350.0,12.06896551724138,33,1.0,0.8787878787878788,0.12121212121212122
61490,264,29,19,474.0,24.94736842105263,31,0.9354838709677419,0.6129032258064516,0.32258064516129026
61491,2440,31,30,778.0,25.933333333333337,31,1.0,0.967741935483871,0.032258064516129004
61495,167,31,31,701.0,22.612903225806452,31,1.0,1.0,0.0
61497,21,36,36,955.0,26.52777777777778,36,1.0,1.0,0.0
61498,21,36,30,632.0,21.066666666666663,36,1.0,0.8333333333333334,0.16666666666666663
61499,21,36,36,840.0,23.333333333333332,36,1.0,1.0,0.0
61500,2751,35,35,1176.0,33.6,35,1.0,1.0,0.0
61501,2751,35,35,921.0,26.314285714285713,35,1.0,1.0,0.0
61503,2751,35,35,589.0,16.82857142857143,35,1.0,1.0,0.0
61504,2751,34,15,141.0,9.4,35,0.9714285714285714,0.42857142857142855,0.5428571428571429
61506,233,33,22,318.0,14.454545454545457,33,1.0,0.6666666666666666,0.33333333333333337
61507,161,29,28,543.0,19.392857142857142,29,1.0,0.9655172413793104,0.03448275862068961
61508,161,29,23,127.0,5.521739130434782,29,1.0,0.7931034482758621,0.2068965517241379
61513,2405,33,33,469.0,14.212121212121213,33,1.0,1.0,0.0
61515,2634,31,17,163.0,9.588235294117649,31,1.0,0.5483870967741935,0.4516129032258065
61516,116,30,27,797.0,29.51851851851852,30,1.0,0.9,0.09999999999999998
61518,324,34,34,1059.0,31.147058823529413,34,1.0,1.0,0.0
61522,2529,32,5,55.0,11.0,32,1.0,0.15625,0.84375
61523,2547,34,9,70.0,7.777777777777778,34,1.0,0.2647058823529412,0.7352941176470589
61525,2529,32,32,722.0,22.5625,32,1.0,1.0,0.0
61527,2598,32,30,481.0,16.033333333333335,32,1.0,0.9375,0.0625
61528,2598,32,32,882.0,27.5625,32,1.0,1.0,0.0
61530,2598,32,29,856.0,29.517241379310345,32,1.0,0.90625,0.09375
61534,104,30,30,640.0,21.333333333333332,30,1.0,1.0,0.0
61537,2046,30,30,1035.0,34.5,30,1.0,1.0,0.0
61539,2057,33,30,950.0,31.666666666666668,33,1.0,0.9090909090909091,0.09090909090909094
61540,2057,33,26,236.0,9.076923076923077,33,1.0,0.7878787878787878,0.21212121212121215
61541,2057,33,31,228.0,7.354838709677419,33,1.0,0.9393939393939394,0.06060606060606055
61546,56,31,31,586.0,18.903225806451612,31,1.0,1.0,0.0
61548,12,38,38,1055.0,27.76315789473684,38,1.0,1.0,0.0
61549,12,38,17,27.0,1.588235294117647,38,1.0,0.4473684210526316,0.5526315789473684
61551,12,38,21,77.0,3.6666666666666665,38,1.0,0.5526315789473685,0.4473684210526315
61552,12,38,38,988.0,26.0,38,1.0,1.0,0.0
61553,12,38,37,856.0,23.135135135135137,38,1.0,0.9736842105263158,0.02631578947368418
61554,9,34,34,972.0,28.58823529411765,34,1.0,1.0,0.0
61558,8,36,36,660.0,18.333333333333332,36,1.0,1.0,0.0
61560,8,36,36,1086.0,30.166666666666668,36,1.0,1.0,0.0
61562,8,36,36,582.0,16.166666666666668,36,1.0,1.0,0.0
61563,2344,34,33,1062.0,32.18181818181818,34,1.0,0.9705882352941176,0.02941176470588236
61564,2325,33,33,1054.0,31.939393939393938,33,1.0,1.0,0.0
61565,526,33,27,283.0,10.48148148148148,33,1.0,0.8181818181818182,0.18181818181818177
61566,2,35,34,786.0,23.11764705882353,35,1.0,0.9714285714285714,0.02857142857142858
61569,239,34,34,1015.0,29.852941176470587,34,1.0,1.0,0.0
61570,248,32,19,657.0,34.578947368421055,32,1.0,0.59375,0.40625
61572,239,34,33,868.0,26.303030303030305,34,1.0,0.9705882352941176,0.02941176470588236
61573,30,32,32,705.0,22.03125,32,1.0,1.0,0.0
61576,2429,32,32,725.0,22.65625,32,1.0,1.0,0.0
61577,2429,32,27,277.0,10.25925925925926,32,1.0,0.84375,0.15625
61578,41,35,28,484.0,17.285714285714285,35,1.0,0.8,0.19999999999999996
61579,41,35,34,516.0,15.176470588235292,35,1.0,0.9714285714285714,0.02857142857142858
61581,2172,30,29,796.0,27.448275862068964,30,1.0,0.9666666666666667,0.033333333333333326
61582,2172,30,25,797.0,31.88,30,1.0,0.8333333333333334,0.16666666666666663
61583,2172,30,29,531.0,18.310344827586206,30,1.0,0.9666666666666667,0.033333333333333326
61585,150,21,20,386.0,19.3,39,0.5384615384615384,0.5128205128205128,0.02564102564102566
61586,150,39,39,831.0,21.307692307692307,39,1.0,1.0,0.0
61587,57,33,26,759.0,29.192307692307693,33,1.0,0.7878787878787878,0.21212121212121215
61589,2429,32,32,899.0,28.09375,32,1.0,1.0,0.0
61591,52,33,33,540.0,16.363636363636363,33,1.0,1.0,0.0
61592,52,33,28,983.0,35.107142857142854,33,1.0,0.8484848484848485,0.1515151515151515
61593,52,33,33,1142.0,34.60606060606061,33,1.0,1.0,0.0
61595,2582,35,31,586.0,18.903225806451612,35,1.0,0.8857142857142857,0.11428571428571432
61596,52,33,33,292.0,8.848484848484848,33,1.0,1.0,0.0
61597,52,33,6,170.0,28.333333333333332,33,1.0,0.18181818181818182,0.8181818181818181
61601,2230,31,31,1065.0,34.354838709677416,31,1.0,1.0,0.0
61602,61,33,31,930.0,30.0,33,1.0,0.9393939393939394,0.06060606060606055
61603,61,33,25,181.0,7.24,33,1.0,0.7575757575757576,0.24242424242424243
61604,61,33,33,1009.0,30.575757575757574,33,1.0,1.0,0.0
61606,59,31,30,926.0,30.866666666666667,31,1.0,0.967741935483871,0.032258064516129004
61608,59,31,25,532.0,21.28,31,1.0,0.8064516129032258,0.19354838709677424
61609,59,31,19,224.0,11.789473684210526,31,1.0,0.6129032258064516,0.3870967741935484
61612,36,34,4,33.0,8.25,34,1.0,0.11764705882352941,0.8823529411764706
61614,70,30,27,289.0,10.703703703703704,30,1.0,0.9,0.09999999999999998
61617,2305,36,8,27.0,3.375,36,1.0,0.2222222222222222,0.7777777777777778
61619,2350,37,25,677.0,27.08,37,1.0,0.6756756756756757,0.32432432432432434
61621,2305,36,32,485.0,15.15625,36,1.0,0.8888888888888888,0.11111111111111116
61622,2305,36,34,978.0,28.764705882352946,36,1.0,0.9444444444444444,0.05555555555555558
61626,2413,34,30,822.0,27.4,34,1.0,0.8823529411764706,0.11764705882352944
61630,145,34,34,693.0,20.38235294117647,34,1.0,1.0,0.0
61631,145,34,27,291.0,10.77777777777778,34,1.0,0.7941176470588235,0.20588235294117652
61634,344,32,32,588.0,18.375,32,1.0,1.0,0.0
61636,344,32,30,803.0,26.766666666666666,32,1.0,0.9375,0.0625
61637,344,32,28,696.0,24.857142857142858,32,1.0,0.875,0.125
61640,62,34,24,492.0,20.5,35,0.9714285714285714,0.6857142857142857,0.2857142857142857
61642,142,32,30,501.0,16.7,32,1.0,0.9375,0.0625
61643,62,35,32,832.0,26.0,35,1.0,0.9142857142857143,0.08571428571428574
61645,2348,36,36,878.0,24.38888888888889,36,1.0,1.0,0.0
61646,93,35,35,1161.0,33.17142857142857,35,1.0,1.0,0.0
61647,93,35,14,73.0,5.214285714285714,35,1.0,0.4,0.6
61651,153,38,38,382.0,10.052631578947368,38,1.0,1.0,0.0
61652,153,38,38,1251.0,32.921052631578945,38,1.0,1.0,0.0
61653,153,38,38,944.0,24.842105263157897,38,1.0,1.0,0.0
61654,153,38,38,1096.0,28.842105263157897,38,1.0,1.0,0.0
61656,87,38,37,904.0,24.43243243243243,38,1.0,0.9736842105263158,0.02631578947368418
61657,87,38,15,32.0,2.1333333333333333,38,1.0,0.39473684210526316,0.6052631578947368
61658,87,38,20,139.0,6.95,38,1.0,0.5263157894736842,0.4736842105263158
61660,201,35,29,226.0,7.793103448275862,35,1.0,0.8285714285714286,0.17142857142857137
61661,201,35,14,38.0,2.7142857142857144,35,1.0,0.4,0.6
61662,201,35,35,1079.0,30.82857142857143,35,1.0,1.0,0.0
61663,201,35,35,1135.0,32.42857142857143,35,1.0,1.0,0.0
61667,197,32,32,1078.0,33.6875,32,1.0,1.0,0.0
61675,193,32,32,665.0,20.78125,32,1.0,1.0,0.0
61676,36,34,22,256.0,11.636363636363637,34,1.0,0.6470588235294118,0.3529411764705882
61677,204,31,15,325.0,21.666666666666668,31,1.0,0.4838709677419355,0.5161290322580645
61678,204,31,31,946.0,30.516129032258064,31,1.0,1.0,0.0
61679,204,31,30,668.0,22.266666666666666,31,1.0,0.967741935483871,0.032258064516129004
61682,2681,30,17,394.0,23.176470588235293,30,1.0,0.5666666666666667,0.43333333333333335
61685,2335,32,32,822.0,25.6875,32,1.0,1.0,0.0
61691,2547,34,28,354.0,12.642857142857142,34,1.0,0.8235294117647058,0.17647058823529416
61692,2547,34,34,847.0,24.91176470588235,34,1.0,1.0,0.0
61695,2653,29,28,812.0,29.0,29,1.0,0.9655172413793104,0.03448275862068961
61700,2603,31,31,968.0,31.225806451612904,31,1.0,1.0,0.0
61701,2603,31,31,610.0,19.677419354838708,31,1.0,1.0,0.0
61702,24,37,33,872.0,26.424242424242426,37,1.0,0.8918918918918919,0.10810810810810811
61703,24,37,34,272.0,8.0,37,1.0,0.918918918918919,0.08108108108108103
61704,24,37,8,92.0,11.5,37,1.0,0.21621621621621623,0.7837837837837838
61706,2633,32,32,989.0,30.90625,32,1.0,1.0,0.0
61707,2633,32,32,810.0,25.3125,32,1.0,1.0,0.0
61708,251,34,31,723.0,23.322580645161292,34,1.0,0.9117647058823529,0.08823529411764708
61709,251,34,34,976.0,28.705882352941178,34,1.0,1.0,0.0
61710,251,34,34,359.0,10.558823529411764,34,1.0,1.0,0.0
61711,251,34,34,750.0,22.058823529411764,34,1.0,1.0,0.0
61714,251,34,34,727.0,21.38235294117647,34,1.0,1.0,0.0
61720,245,33,33,1038.0,31.454545454545453,33,1.0,1.0,0.0
61726,250,31,23,460.0,20.0,31,1.0,0.7419354838709677,0.25806451612903225
61728,250,31,24,492.0,20.5,31,1.0,0.7741935483870968,0.22580645161290325
61733,26,36,34,838.0,24.647058823529413,36,1.0,0.9444444444444444,0.05555555555555558
61734,30,32,26,356.0,13.692307692307692,32,1.0,0.8125,0.1875
61737,254,35,28,735.0,26.25,35,1.0,0.8,0.19999999999999996
61739,93,35,35,709.0,20.257142857142856,35,1.0,1.0,0.0
61740,254,35,35,1056.0,30.17142857142857,35,1.0,1.0,0.0
61741,254,35,31,627.0,20.225806451612904,35,1.0,0.8857142857142857,0.11428571428571432
61742,3084,30,30,916.0,30.533333333333335,30,1.0,1.0,0.0
61747,149,33,32,509.0,15.90625,33,1.0,0.9696969696969697,0.030303030303030276
61751,2636,30,15,65.0,4.333333333333333,30,1.0,0.5,0.5
61754,119,32,28,446.0,15.928571428571429,32,1.0,0.875,0.125
61756,221,34,32,458.0,14.3125,34,1.0,0.9411764705882353,0.05882352941176472
61757,222,36,36,1095.0,30.416666666666668,36,1.0,1.0,0.0
61758,222,36,15,27.0,1.8,36,1.0,0.4166666666666667,0.5833333333333333
61759,222,36,16,33.0,2.0625,36,1.0,0.4444444444444444,0.5555555555555556
61760,222,36,36,864.0,24.0,36,1.0,1.0,0.0
61761,2057,33,32,951.0,29.71875,33,1.0,0.9696969696969697,0.030303030303030276
61763,258,34,34,582.0,17.11764705882353,34,1.0,1.0,0.0
61764,258,34,33,590.0,17.87878787878788,34,1.0,0.9705882352941176,0.02941176470588236
61766,258,34,26,724.0,27.846153846153847,34,1.0,0.7647058823529411,0.23529411764705888
61770,265,31,30,494.0,16.466666666666665,31,1.0,0.967741935483871,0.032258064516129004
61772,233,33,32,434.0,13.5625,33,1.0,0.9696969696969697,0.030303030303030276
61773,265,31,31,559.0,18.032258064516128,31,1.0,1.0,0.0
61775,265,31,30,364.0,12.133333333333333,31,1.0,0.967741935483871,0.032258064516129004
61776,248,32,32,976.0,30.5,32,1.0,1.0,0.0
61778,2199,35,34,534.0,15.705882352941176,35,1.0,0.9714285714285714,0.02857142857142858
61780,305,32,32,764.0,23.875,32,1.0,1.0,0.0
61783,2168,35,9,138.0,15.333333333333334,36,0.9722222222222222,0.25,0.7222222222222222
61784,2168,36,36,1202.0,33.388888888888886,36,1.0,1.0,0.0
61785,2168,35,9,249.0,27.666666666666668,36,0.9722222222222222,0.25,0.7222222222222222
61786,98,32,32,1076.0,33.625,32,1.0,1.0,0.0
61788,2086,34,34,1153.0,33.911764705882355,34,1.0,1.0,0.0
61789,84,34,34,1186.0,34.88235294117647,34,1.0,1.0,0.0
61790,84,34,26,505.0,19.423076923076923,34,1.0,0.7647058823529411,0.23529411764705888
61793,97,36,35,1229.0,35.114285714285714,36,1.0,0.9722222222222222,0.02777777777777779
61794,59,31,31,684.0,22.06451612903226,31,1.0,1.0,0.0
61796,120,35,35,1049.0,29.97142857142857,35,1.0,1.0,0.0
61797,41,35,18,271.0,15.055555555555555,35,1.0,0.5142857142857142,0.48571428571428577
61800,2348,36,36,1098.0,30.5,36,1.0,1.0,0.0
61804,2507,34,33,1123.0,34.03030303030303,34,1.0,0.9705882352941176,0.02941176470588236
61807,130,32,31,991.0,31.967741935483872,32,1.0,0.96875,0.03125
61810,130,32,18,645.0,35.833333333333336,32,1.0,0.5625,0.4375
61811,2599,33,21,203.0,9.666666666666666,33,1.0,0.6363636363636364,0.36363636363636365
61813,2599,33,19,124.0,6.526315789473684,33,1.0,0.5757575757575758,0.4242424242424242
61814,2599,33,29,819.0,28.24137931034483,33,1.0,0.8787878787878788,0.12121212121212122
61816,119,32,24,271.0,11.291666666666666,32,1.0,0.75,0.25
61817,127,39,39,1022.0,26.205128205128204,39,1.0,1.0,0.0
61818,2507,34,31,344.0,11.096774193548388,34,1.0,0.9117647058823529,0.08823529411764708
61820,325,34,23,132.0,5.739130434782608,34,1.0,0.6764705882352942,0.32352941176470584
61824,151,33,22,451.0,20.5,33,1.0,0.6666666666666666,0.33333333333333337
61825,151,33,23,233.0,10.130434782608695,33,1.0,0.696969696969697,0.303030303030303
61826,151,33,30,486.0,16.2,33,1.0,0.9090909090909091,0.09090909090909094
61827,2294,34,34,677.0,19.91176470588235,34,1.0,1.0,0.0
61828,2294,34,34,866.0,25.470588235294116,34,1.0,1.0,0.0
61830,2294,34,34,697.0,20.5,34,1.0,1.0,0.0
61832,113,32,32,291.0,9.09375,32,1.0,1.0,0.0
61833,113,32,32,982.0,30.6875,32,1.0,1.0,0.0
61835,228,31,31,958.0,30.903225806451612,31,1.0,1.0,0.0
61837,228,31,31,753.0,24.29032258064516,31,1.0,1.0,0.0
61838,228,31,31,591.0,19.06451612903226,31,1.0,1.0,0.0
61839,228,31,31,296.0,9.548387096774194,31,1.0,1.0,0.0
61842,96,39,39,1012.0,25.94871794871795,39,1.0,1.0,0.0
61843,96,39,8,162.0,20.25,39,1.0,0.20512820512820512,0.7948717948717949
61844,179,31,31,1087.0,35.064516129032256,31,1.0,1.0,0.0
61846,2275,34,34,1162.0,34.1764705882353,34,1.0,1.0,0.0
61847,104,30,28,297.0,10.607142857142858,30,1.0,0.9333333333333333,0.06666666666666665
61848,2539,32,14,87.0,6.214285714285714,32,1.0,0.4375,0.5625
61851,2306,32,15,71.0,4.733333333333333,32,1.0,0.46875,0.53125
61852,46,33,17,69.0,4.0588235294117645,33,1.0,0.5151515151515151,0.48484848484848486
61853,46,33,32,1102.0,34.4375,33,1.0,0.9696969696969697,0.030303030303030276
61858,2066,32,23,185.0,8.043478260869565,32,1.0,0.71875,0.28125
61859,2066,32,5,53.0,10.6,32,1.0,0.15625,0.84375
61866,44,33,22,332.0,15.090909090909092,33,1.0,0.6666666666666666,0.33333333333333337
61868,44,33,33,1270.0,38.48484848484848,33,1.0,1.0,0.0
61869,44,33,33,672.0,20.363636363636363,33,1.0,1.0,0.0
61875,2463,33,31,819.0,26.419354838709676,33,1.0,0.9393939393939394,0.06060606060606055
61876,2463,33,33,1044.0,31.636363636363637,33,1.0,1.0,0.0
61879,301,31,29,381.0,13.137931034482758,31,1.0,0.9354838709677419,0.06451612903225812
61881,2097,32,4,24.0,6.0,32,1.0,0.125,0.875
61884,2097,32,32,845.0,26.40625,32,1.0,1.0,0.0
61886,2117,32,32,1093.0,34.15625,32,1.0,1.0,0.0
61887,2117,32,32,486.0,15.1875,32,1.0,1.0,0.0
61890,2117,32,32,982.0,30.6875,32,1.0,1.0,0.0
61891,2117,32,32,479.0,14.96875,32,1.0,1.0,0.0
61892,232,33,33,1147.0,34.75757575757576,33,1.0,1.0,0.0
61894,2335,32,32,814.0,25.4375,32,1.0,1.0,0.0
61895,38,34,34,893.0,26.264705882352946,34,1.0,1.0,0.0
61896,2174,33,23,493.0,21.434782608695652,33,1.0,0.696969696969697,0.303030303030303
61897,38,34,29,706.0,24.344827586206897,34,1.0,0.8529411764705882,0.1470588235294118
61898,38,34,26,802.0,30.846153846153847,34,1.0,0.7647058823529411,0.23529411764705888
61899,38,34,17,113.0,6.647058823529412,34,1.0,0.5,0.5
61900,38,34,34,764.0,22.470588235294116,34,1.0,1.0,0.0
61901,48,30,30,707.0,23.566666666666663,30,1.0,1.0,0.0
61904,9,34,25,654.0,26.16,34,1.0,0.7352941176470589,0.2647058823529411
61905,526,33,33,623.0,18.87878787878788,33,1.0,1.0,0.0
61906,30,32,31,887.0,28.612903225806452,32,1.0,0.96875,0.03125
61908,2309,35,8,138.0,17.25,35,1.0,0.22857142857142856,0.7714285714285715
61909,2309,35,35,798.0,22.8,35,1.0,1.0,0.0
61910,2309,35,35,792.0,22.62857142857143,35,1.0,1.0,0.0
61911,2638,33,33,767.0,23.24242424242424,33,1.0,1.0,0.0
61915,36,34,34,708.0,20.823529411764707,34,1.0,1.0,0.0
61916,2031,31,31,785.0,25.322580645161292,31,1.0,1.0,0.0
61918,2031,31,31,494.0,15.935483870967742,31,1.0,1.0,0.0
61922,322,33,33,954.0,28.90909090909091,33,1.0,1.0,0.0
61923,322,33,33,478.0,14.484848484848484,33,1.0,1.0,0.0
61924,322,33,20,66.0,3.3,33,1.0,0.6060606060606061,0.3939393939393939
61926,322,33,24,109.0,4.541666666666667,33,1.0,0.7272727272727273,0.2727272727272727
61930,2320,30,12,55.0,4.583333333333333,30,1.0,0.4,0.6
61935,2329,30,15,73.0,4.866666666666666,30,1.0,0.5,0.5
61936,2329,30,30,602.0,20.066666666666663,30,1.0,1.0,0.0
61937,2329,30,30,701.0,23.366666666666667,30,1.0,1.0,0.0
61940,248,32,11,26.0,2.363636363636364,32,1.0,0.34375,0.65625
61941,2351,31,30,651.0,21.7,31,1.0,0.967741935483871,0.032258064516129004
61942,2351,31,31,829.0,26.741935483870968,31,1.0,1.0,0.0
61943,2368,32,19,627.0,33.0,32,1.0,0.59375,0.40625
61944,2368,32,32,846.0,26.4375,32,1.0,1.0,0.0
61946,2368,32,31,772.0,24.903225806451612,32,1.0,0.96875,0.03125
61947,2378,30,6,24.0,4.0,30,1.0,0.2,0.8
61948,2378,30,10,219.0,21.9,30,1.0,0.3333333333333333,0.6666666666666667
61949,2377,31,18,102.0,5.666666666666667,31,1.0,0.5806451612903226,0.4193548387096774
61950,2377,31,29,548.0,18.896551724137932,31,1.0,0.9354838709677419,0.06451612903225812
61963,2413,34,6,27.0,4.5,34,1.0,0.17647058823529413,0.8235294117647058
61965,2277,28,26,375.0,14.423076923076923,28,1.0,0.9285714285714286,0.0714285714285714
61968,2426,32,31,633.0,20.419354838709676,32,1.0,0.96875,0.03125
61969,2426,32,20,424.0,21.2,32,1.0,0.625,0.375
61970,2426,32,32,956.0,29.875,32,1.0,1.0,0.0
61977,160,32,31,487.0,15.709677419354838,32,1.0,0.96875,0.03125
61978,160,32,29,662.0,22.82758620689655,32,1.0,0.90625,0.09375
61980,2430,33,33,973.0,29.484848484848484,33,1.0,1.0,0.0
61982,2430,33,33,784.0,23.75757575757576,33,1.0,1.0,0.0
61983,2579,33,30,635.0,21.166666666666668,33,1.0,0.9090909090909091,0.09090909090909094
61984,2579,33,33,753.0,22.818181818181817,33,1.0,1.0,0.0
61985,2579,33,33,710.0,21.515151515151516,33,1.0,1.0,0.0
61988,350,32,30,432.0,14.4,32,1.0,0.9375,0.0625
61990,2449,33,31,807.0,26.032258064516128,33,1.0,0.9393939393939394,0.06060606060606055
61992,2449,33,33,656.0,19.87878787878788,33,1.0,1.0,0.0
61994,2032,29,27,776.0,28.74074074074074,29,1.0,0.9310344827586207,0.06896551724137934
61996,111,35,35,1295.0,37.0,35,1.0,1.0,0.0
61998,111,35,35,969.0,27.685714285714287,35,1.0,1.0,0.0
61999,111,35,22,113.0,5.136363636363637,35,1.0,0.6285714285714286,0.37142857142857144
62001,2458,30,29,517.0,17.82758620689655,30,1.0,0.9666666666666667,0.033333333333333326
62007,198,34,34,622.0,18.294117647058822,34,1.0,1.0,0.0
62009,2492,32,32,1024.0,32.0,32,1.0,1.0,0.0
62010,2492,32,32,619.0,19.34375,32,1.0,1.0,0.0
62011,239,34,16,99.0,6.1875,34,1.0,0.47058823529411764,0.5294117647058824
62013,2492,32,32,913.0,28.53125,32,1.0,1.0,0.0
62014,2501,33,31,914.0,29.483870967741936,33,1.0,0.9393939393939394,0.06060606060606055
62017,2653,29,9,113.0,12.555555555555555,29,1.0,0.3103448275862069,0.6896551724137931
62018,2515,34,33,360.0,10.909090909090908,34,1.0,0.9705882352941176,0.02941176470588236
62019,2515,34,27,220.0,8.148148148148149,34,1.0,0.7941176470588235,0.20588235294117652
62020,2515,34,32,739.0,23.09375,34,1.0,0.9411764705882353,0.05882352941176472
62021,2515,34,31,872.0,28.129032258064516,34,1.0,0.9117647058823529,0.08823529411764708
62022,2515,34,26,203.0,7.8076923076923075,34,1.0,0.7647058823529411,0.23529411764705888
62027,16,33,32,1183.0,36.96875,33,1.0,0.9696969696969697,0.030303030303030276
62029,16,33,33,333.0,10.090909090909092,33,1.0,1.0,0.0
62031,2608,31,18,65.0,3.611111111111111,31,1.0,0.5806451612903226,0.4193548387096774
62032,254,35,35,549.0,15.685714285714283,35,1.0,1.0,0.0
62034,2617,34,33,524.0,15.87878787878788,34,1.0,0.9705882352941176,0.02941176470588236
62039,301,31,29,512.0,17.655172413793103,31,1.0,0.9354838709677419,0.06451612903225812
62040,301,31,30,696.0,23.2,31,1.0,0.967741935483871,0.032258064516129004
62042,2539,32,31,553.0,17.838709677419356,32,1.0,0.96875,0.03125
62046,23,30,9,217.0,24.11111111111111,30,1.0,0.3,0.7
62047,2539,32,32,935.0,29.21875,32,1.0,1.0,0.0
62048,2541,32,32,673.0,21.03125,32,1.0,1.0,0.0
62049,6,33,33,1109.0,33.60606060606061,33,1.0,1.0,0.0
62051,357,34,29,198.0,6.827586206896552,34,1.0,0.8529411764705882,0.1470588235294118
62052,233,33,33,1141.0,34.57575757575758,33,1.0,1.0,0.0
62053,233,33,33,985.0,29.848484848484848,33,1.0,1.0,0.0
62056,233,33,32,612.0,19.125,33,1.0,0.9696969696969697,0.030303030303030276
62061,2612,34,34,498.0,14.647058823529411,34,1.0,1.0,0.0
62062,2612,34,33,556.0,16.848484848484848,34,1.0,0.9705882352941176,0.02941176470588236
62069,2617,34,34,885.0,26.029411764705884,34,1.0,1.0,0.0
62073,2619,35,35,1158.0,33.08571428571429,35,1.0,1.0,0.0
62074,2619,35,35,1156.0,33.02857142857143,35,1.0,1.0,0.0
62075,2619,35,14,123.0,8.785714285714286,35,1.0,0.4,0.6
62076,2540,33,32,298.0,9.3125,33,1.0,0.9696969696969697,0.030303030303030276
62077,2540,33,31,489.0,15.774193548387096,33,1.0,0.9393939393939394,0.06060606060606055
62078,2540,33,33,1060.0,32.121212121212125,33,1.0,1.0,0.0
62089,140,33,7,55.0,7.857142857142857,33,1.0,0.21212121212121213,0.7878787878787878
62107,261,34,21,252.0,12.0,34,1.0,0.6176470588235294,0.38235294117647056
62110,261,34,34,880.0,25.88235294117647,34,1.0,1.0,0.0
62182,2000,31,31,803.0,25.903225806451612,31,1.0,1.0,0.0
62183,2502,29,29,604.0,20.82758620689655,29,1.0,1.0,0.0
62189,2724,35,35,1104.0,31.542857142857144,35,1.0,1.0,0.0
62191,2026,29,29,864.0,29.79310344827586,29,1.0,1.0,0.0
62192,2026,29,29,959.0,33.06896551724138,29,1.0,1.0,0.0
62193,2026,29,16,80.0,5.0,29,1.0,0.5517241379310345,0.4482758620689655
62194,2026,29,25,394.0,15.76,29,1.0,0.8620689655172413,0.13793103448275867
62196,2803,31,27,276.0,10.22222222222222,31,1.0,0.8709677419354839,0.12903225806451613
62197,2803,31,31,1138.0,36.70967741935484,31,1.0,1.0,0.0
62198,2803,31,30,359.0,11.966666666666669,31,1.0,0.967741935483871,0.032258064516129004
62201,2083,34,34,761.0,22.38235294117647,34,1.0,1.0,0.0
62202,2083,34,34,1008.0,29.647058823529413,34,1.0,1.0,0.0
62203,2083,34,28,436.0,15.571428571428571,34,1.0,0.8235294117647058,0.17647058823529416
62204,2464,38,9,33.0,3.6666666666666665,38,1.0,0.23684210526315788,0.7631578947368421
62207,2440,31,30,422.0,14.066666666666666,31,1.0,0.967741935483871,0.032258064516129004
62208,25,33,33,1148.0,34.78787878787879,33,1.0,1.0,0.0
62216,2115,31,28,899.0,32.107142857142854,31,1.0,0.9032258064516129,0.09677419354838712
62218,2115,31,30,553.0,18.433333333333337,31,1.0,0.967741935483871,0.032258064516129004
62219,2115,31,31,1025.0,33.064516129032256,31,1.0,1.0,0.0
62220,236,32,13,76.0,5.846153846153846,32,1.0,0.40625,0.59375
62221,2132,34,34,821.0,24.147058823529413,34,1.0,1.0,0.0
62223,236,32,32,945.0,29.53125,32,1.0,1.0,0.0
62225,236,32,32,671.0,20.96875,32,1.0,1.0,0.0
62227,2506,32,26,297.0,11.423076923076923,32,1.0,0.8125,0.1875
62230,2643,30,29,729.0,25.13793103448276,30,1.0,0.9666666666666667,0.033333333333333326
62232,324,34,34,532.0,15.647058823529411,34,1.0,1.0,0.0
62233,324,34,8,91.0,11.375,34,1.0,0.23529411764705882,0.7647058823529411
62235,324,34,34,936.0,27.529411764705884,34,1.0,1.0,0.0
62236,324,34,33,713.0,21.60606060606061,34,1.0,0.9705882352941176,0.02941176470588236
62237,324,34,8,31.0,3.875,34,1.0,0.23529411764705882,0.7647058823529411
62238,2142,33,31,388.0,12.516129032258064,33,1.0,0.9393939393939394,0.06060606060606055
62239,2142,33,33,1020.0,30.90909090909091,33,1.0,1.0,0.0
62240,171,28,28,800.0,28.571428571428573,28,1.0,1.0,0.0
62243,171,28,28,957.0,34.17857142857143,28,1.0,1.0,0.0
62249,2561,14,7,122.0,17.428571428571427,31,0.45161290322580644,0.22580645161290322,0.22580645161290322
62253,2154,31,31,933.0,30.096774193548388,31,1.0,1.0,0.0
62254,2193,30,30,629.0,20.966666666666665,30,1.0,1.0,0.0
62260,2198,33,21,264.0,12.571428571428571,33,1.0,0.6363636363636364,0.36363636363636365
62353,2199,35,35,980.0,28.0,35,1.0,1.0,0.0
62356,331,34,10,49.0,4.9,34,1.0,0.29411764705882354,0.7058823529411764
62358,331,34,14,65.0,4.642857142857143,34,1.0,0.4117647058823529,0.5882352941176471
62361,331,34,30,933.0,31.1,34,1.0,0.8823529411764706,0.11764705882352944
62362,2210,33,33,979.0,29.666666666666668,33,1.0,1.0,0.0
62363,2210,33,32,533.0,16.65625,33,1.0,0.9696969696969697,0.030303030303030276
62364,339,36,30,825.0,27.5,36,1.0,0.8333333333333334,0.16666666666666663
62365,339,36,36,1318.0,36.611111111111114,36,1.0,1.0,0.0
62366,339,36,25,164.0,6.56,36,1.0,0.6944444444444444,0.3055555555555556
62367,248,32,27,431.0,15.962962962962964,32,1.0,0.84375,0.15625
62369,2226,28,26,355.0,13.653846153846152,28,1.0,0.9285714285714286,0.0714285714285714
62370,2226,28,25,847.0,33.88,28,1.0,0.8928571428571429,0.1071428571428571
62371,193,32,29,494.0,17.03448275862069,32,1.0,0.90625,0.09375
62372,145,34,34,975.0,28.676470588235293,34,1.0,1.0,0.0
62380,42,30,30,676.0,22.533333333333335,30,1.0,1.0,0.0
62383,62,35,17,42.0,2.4705882352941178,35,1.0,0.4857142857142857,0.5142857142857142
62387,2547,34,15,143.0,9.533333333333331,34,1.0,0.4411764705882353,0.5588235294117647
62390,107,30,30,611.0,20.366666666666667,30,1.0,1.0,0.0
62391,107,30,27,283.0,10.48148148148148,30,1.0,0.9,0.09999999999999998
62392,107,30,30,699.0,23.3,30,1.0,1.0,0.0
62399,2277,28,20,222.0,11.1,28,1.0,0.7142857142857143,0.2857142857142857
62400,2378,30,30,1011.0,33.7,30,1.0,1.0,0.0
62401,304,30,30,955.0,31.833333333333332,30,1.0,1.0,0.0
62402,304,30,30,998.0,33.266666666666666,30,1.0,1.0,0.0
62407,99,33,31,770.0,24.838709677419356,33,1.0,0.9393939393939394,0.06060606060606055
62411,2641,32,23,227.0,9.869565217391305,32,1.0,0.71875,0.28125
62415,2870,31,7,50.0,7.142857142857143,31,1.0,0.22580645161290322,0.7741935483870968
62417,2870,31,30,771.0,25.7,31,1.0,0.967741935483871,0.032258064516129004
62418,2870,31,17,134.0,7.882352941176471,31,1.0,0.5483870967741935,0.4516129032258065
62421,85,31,27,302.0,11.185185185185183,31,1.0,0.8709677419354839,0.12903225806451613
62422,294,32,25,360.0,14.4,32,1.0,0.78125,0.21875
62428,2630,34,34,1187.0,34.911764705882355,34,1.0,1.0,0.0
62430,55,30,26,252.0,9.692307692307692,31,0.967741935483871,0.8387096774193549,0.12903225806451613
62436,288,31,30,692.0,23.066666666666663,31,1.0,0.967741935483871,0.032258064516129004
62437,2329,30,7,34.0,4.857142857142857,30,1.0,0.23333333333333334,0.7666666666666666
62438,288,31,8,21.0,2.625,31,1.0,0.25806451612903225,0.7419354838709677
62439,288,31,16,69.0,4.3125,31,1.0,0.5161290322580645,0.4838709677419355
62440,288,31,29,758.0,26.13793103448276,31,1.0,0.9354838709677419,0.06451612903225812
62447,309,36,11,43.0,3.909090909090909,36,1.0,0.3055555555555556,0.6944444444444444
62448,2377,31,31,425.0,13.709677419354838,31,1.0,1.0,0.0
62449,309,36,36,713.0,19.805555555555557,36,1.0,1.0,0.0
62451,309,36,36,418.0,11.61111111111111,36,1.0,1.0,0.0
62459,2363,33,33,1072.0,32.484848484848484,33,1.0,1.0,0.0
62466,2437,29,23,641.0,27.869565217391305,29,1.0,0.7931034482758621,0.2068965517241379
62467,2437,29,29,709.0,24.448275862068964,29,1.0,1.0,0.0
62472,36,34,34,1023.0,30.08823529411765,34,1.0,1.0,0.0
62479,2466,32,32,568.0,17.75,32,1.0,1.0,0.0
62485,2534,35,35,952.0,27.2,35,1.0,1.0,0.0
62489,2534,35,35,734.0,20.97142857142857,35,1.0,1.0,0.0
62491,2569,33,5,21.0,4.2,33,1.0,0.15151515151515152,0.8484848484848485
62497,2569,33,30,811.0,27.033333333333335,33,1.0,0.9090909090909091,0.09090909090909094
62502,2908,36,36,682.0,18.944444444444443,36,1.0,1.0,0.0
62503,2031,31,31,819.0,26.419354838709676,31,1.0,1.0,0.0
62504,235,32,32,872.0,27.25,32,1.0,1.0,0.0
62511,2635,30,27,289.0,10.703703703703704,30,1.0,0.9,0.09999999999999998
62512,2635,30,24,257.0,10.708333333333334,30,1.0,0.8,0.19999999999999996
62518,2630,34,7,117.0,16.714285714285715,34,1.0,0.20588235294117646,0.7941176470588236
62520,357,34,33,671.0,20.333333333333332,34,1.0,0.9705882352941176,0.02941176470588236
62521,357,34,30,362.0,12.066666666666666,34,1.0,0.8823529411764706,0.11764705882352944
62522,2916,29,21,159.0,7.571428571428571,29,1.0,0.7241379310344828,0.27586206896551724
62523,357,34,25,177.0,7.08,34,1.0,0.7352941176470589,0.2647058823529411
62525,357,34,31,951.0,30.677419354838708,34,1.0,0.9117647058823529,0.08823529411764708
62534,292,31,31,1040.0,33.54838709677419,31,1.0,1.0,0.0
62538,300,34,30,891.0,29.7,34,1.0,0.8823529411764706,0.11764705882352944
62543,82,34,5,44.0,8.8,34,1.0,0.14705882352941177,0.8529411764705882
62544,82,34,24,222.0,9.25,34,1.0,0.7058823529411765,0.2941176470588235
62546,82,34,34,688.0,20.235294117647054,34,1.0,1.0,0.0
62547,2717,32,32,1118.0,34.9375,32,1.0,1.0,0.0
62548,2717,32,31,1056.0,34.064516129032256,32,1.0,0.96875,0.03125
62549,2717,32,32,833.0,26.03125,32,1.0,1.0,0.0
62551,2717,32,31,776.0,25.032258064516128,32,1.0,0.96875,0.03125
62559,98,32,32,327.0,10.21875,32,1.0,1.0,0.0
62562,277,35,10,21.0,2.1,35,1.0,0.2857142857142857,0.7142857142857143
62564,2747,35,35,743.0,21.228571428571428,35,1.0,1.0,0.0
62565,2747,35,35,719.0,20.542857142857144,35,1.0,1.0,0.0
62566,2747,35,35,965.0,27.571428571428573,35,1.0,1.0,0.0
62568,2754,32,32,1018.0,31.8125,32,1.0,1.0,0.0
62573,2400,32,22,635.0,28.863636363636363,32,1.0,0.6875,0.3125
62581,2325,33,33,941.0,28.515151515151516,33,1.0,1.0,0.0
62585,2250,38,38,932.0,24.526315789473685,38,1.0,1.0,0.0
62587,2032,29,28,502.0,17.928571428571427,29,1.0,0.9655172413793104,0.03448275862068961
62588,2032,29,29,1017.0,35.06896551724138,29,1.0,1.0,0.0
62591,2296,32,19,619.0,32.578947368421055,32,1.0,0.59375,0.40625
62592,231,33,31,991.0,31.967741935483872,33,1.0,0.9393939393939394,0.06060606060606055
62593,231,33,32,562.0,17.5625,33,1.0,0.9696969696969697,0.030303030303030276
62594,231,33,33,814.0,24.666666666666668,33,1.0,1.0,0.0
62595,231,33,15,151.0,10.066666666666666,33,1.0,0.45454545454545453,0.5454545454545454
62596,2261,35,34,1111.0,32.6764705882353,35,1.0,0.9714285714285714,0.02857142857142858
62598,2261,35,30,659.0,21.966666666666665,35,1.0,0.8571428571428571,0.1428571428571429
62600,2261,35,29,806.0,27.79310344827586,35,1.0,0.8285714285714286,0.17142857142857137
62603,2261,35,21,183.0,8.714285714285714,35,1.0,0.6,0.4
62606,155,30,15,124.0,8.266666666666667,30,1.0,0.5,0.5
62608,2670,36,36,935.0,25.97222222222222,36,1.0,1.0,0.0
62609,2670,36,35,779.0,22.257142857142856,36,1.0,0.9722222222222222,0.02777777777777779
62610,236,32,32,923.0,28.84375,32,1.0,1.0,0.0
62611,2670,36,36,1003.0,27.86111111111111,36,1.0,1.0,0.0
62612,127,39,39,794.0,20.35897435897436,39,1.0,1.0,0.0
62615,127,39,39,1295.0,33.205128205128204,39,1.0,1.0,0.0
62618,2217,31,31,1075.0,34.67741935483871,31,1.0,1.0,0.0
62619,2217,31,24,547.0,22.791666666666668,31,1.0,0.7741935483870968,0.22580645161290325
62620,2217,31,28,541.0,19.321428571428573,31,1.0,0.9032258064516129,0.09677419354838712
62626,2443,29,29,704.0,24.275862068965516,29,1.0,1.0,0.0
62630,2443,29,11,40.0,3.636363636363636,29,1.0,0.3793103448275862,0.6206896551724138
62634,2450,34,25,120.0,4.8,34,1.0,0.7352941176470589,0.2647058823529411
62635,2450,34,32,995.0,31.09375,34,1.0,0.9411764705882353,0.05882352941176472
62636,163,30,30,931.0,31.033333333333335,30,1.0,1.0,0.0
62638,163,30,9,23.0,2.5555555555555554,30,1.0,0.3,0.7
62639,2501,33,33,802.0,24.303030303030305,33,1.0,1.0,0.0
62641,2029,32,32,994.0,31.0625,32,1.0,1.0,0.0
62642,2029,32,32,551.0,17.21875,32,1.0,1.0,0.0
62643,2448,32,32,1063.0,33.21875,32,1.0,1.0,0.0
62647,2754,32,32,552.0,17.25,32,1.0,1.0,0.0
62650,94,30,30,833.0,27.766666666666666,30,1.0,1.0,0.0
62653,94,30,30,645.0,21.5,30,1.0,1.0,0.0
62654,94,30,29,550.0,18.96551724137931,30,1.0,0.9666666666666667,0.033333333333333326
62657,94,30,22,425.0,19.318181818181817,30,1.0,0.7333333333333333,0.2666666666666667
62661,2504,23,20,121.0,6.05,33,0.696969696969697,0.6060606060606061,0.09090909090909094
62667,2458,30,29,822.0,28.344827586206897,30,1.0,0.9666666666666667,0.033333333333333326
62668,2005,31,30,259.0,8.633333333333333,31,1.0,0.967741935483871,0.032258064516129004
62671,2050,30,30,518.0,17.266666666666666,30,1.0,1.0,0.0
62679,159,29,28,769.0,27.464285714285715,29,1.0,0.9655172413793104,0.03448275862068961
62680,159,29,29,404.0,13.93103448275862,29,1.0,1.0,0.0
62681,159,29,29,495.0,17.06896551724138,29,1.0,1.0,0.0
62682,159,29,29,537.0,18.517241379310345,29,1.0,1.0,0.0
62683,159,29,7,48.0,6.857142857142857,29,1.0,0.2413793103448276,0.7586206896551724
62684,159,29,29,999.0,34.44827586206897,29,1.0,1.0,0.0
62686,2166,32,31,671.0,21.64516129032258,32,1.0,0.96875,0.03125
62687,2166,32,6,122.0,20.333333333333332,32,1.0,0.1875,0.8125
62692,2169,36,24,150.0,6.25,36,1.0,0.6666666666666666,0.33333333333333337
62700,2174,33,33,800.0,24.24242424242424,33,1.0,1.0,0.0
62703,2241,35,34,1126.0,33.11764705882353,35,1.0,0.9714285714285714,0.02857142857142858
62704,2241,35,33,508.0,15.393939393939394,35,1.0,0.9428571428571428,0.05714285714285716
62706,2241,35,6,21.0,3.5,35,1.0,0.17142857142857143,0.8285714285714285
62707,46,33,10,20.0,2.0,33,1.0,0.30303030303030304,0.696969696969697
62709,325,34,34,723.0,21.264705882352946,34,1.0,1.0,0.0
62711,2459,30,30,786.0,26.2,30,1.0,1.0,0.0
62715,2413,34,13,115.0,8.846153846153847,34,1.0,0.38235294117647056,0.6176470588235294
62720,2352,30,18,58.0,3.2222222222222223,30,1.0,0.6,0.4
62721,2352,30,2,40.0,20.0,30,1.0,0.06666666666666667,0.9333333333333333
62722,2352,30,30,892.0,29.733333333333334,30,1.0,1.0,0.0
62724,2352,30,30,737.0,24.566666666666663,30,1.0,1.0,0.0
62725,2352,30,10,33.0,3.3,30,1.0,0.3333333333333333,0.6666666666666667
62728,2241,35,35,473.0,13.514285714285714,35,1.0,1.0,0.0
62729,2390,38,37,1120.0,30.27027027027027,38,1.0,0.9736842105263158,0.02631578947368418
62731,2261,35,26,722.0,27.76923076923077,35,1.0,0.7428571428571429,0.2571428571428571
62732,193,32,32,963.0,30.09375,32,1.0,1.0,0.0
62734,2885,33,23,730.0,31.73913043478261,33,1.0,0.696969696969697,0.303030303030303
62737,2885,33,33,982.0,29.75757575757576,33,1.0,1.0,0.0
62738,2640,35,27,755.0,27.96296296296296,35,1.0,0.7714285714285715,0.22857142857142854
62739,158,31,31,874.0,28.193548387096776,31,1.0,1.0,0.0
62741,158,31,31,1095.0,35.32258064516129,31,1.0,1.0,0.0
62747,2464,38,36,1045.0,29.02777777777778,38,1.0,0.9473684210526315,0.052631578947368474
62748,2253,32,23,769.0,33.43478260869565,32,1.0,0.71875,0.28125
62749,2464,38,38,621.0,16.342105263157894,38,1.0,1.0,0.0
62752,219,28,26,715.0,27.5,28,1.0,0.9285714285714286,0.0714285714285714
62754,219,28,28,671.0,23.964285714285715,28,1.0,1.0,0.0
62755,252,35,12,41.0,3.4166666666666665,35,1.0,0.34285714285714286,0.6571428571428571
62760,2628,33,14,74.0,5.285714285714286,33,1.0,0.42424242424242425,0.5757575757575757
62770,2636,30,15,136.0,9.066666666666666,30,1.0,0.5,0.5
62772,2678,30,30,693.0,23.1,30,1.0,1.0,0.0
62773,2678,30,30,666.0,22.2,30,1.0,1.0,0.0
62778,2737,32,32,1058.0,33.0625,32,1.0,1.0,0.0
62779,218,37,36,593.0,16.47222222222222,37,1.0,0.972972972972973,0.027027027027026973
62781,295,35,35,955.0,27.285714285714285,35,1.0,1.0,0.0
62782,295,35,19,70.0,3.6842105263157894,35,1.0,0.5428571428571428,0.4571428571428572
62784,295,35,35,786.0,22.457142857142856,35,1.0,1.0,0.0
62785,295,35,35,385.0,11.0,35,1.0,1.0,0.0
62786,103,32,17,29.0,1.7058823529411764,32,1.0,0.53125,0.46875
62793,221,34,6,20.0,3.3333333333333335,34,1.0,0.17647058823529413,0.8235294117647058
62795,2571,35,35,1019.0,29.11428571428571,35,1.0,1.0,0.0
62798,2571,35,25,245.0,9.8,35,1.0,0.7142857142857143,0.2857142857142857
62799,2459,30,30,768.0,25.6,30,1.0,1.0,0.0
62801,2459,30,21,494.0,23.52380952380953,30,1.0,0.7,0.30000000000000004
62805,270,30,28,868.0,31.0,30,1.0,0.9333333333333333,0.06666666666666665
62807,253,29,29,743.0,25.620689655172413,29,1.0,1.0,0.0
62810,2244,31,24,282.0,11.75,31,1.0,0.7741935483870968,0.22580645161290325
62811,2244,31,27,711.0,26.333333333333332,31,1.0,0.8709677419354839,0.12903225806451613
62812,2244,31,31,692.0,22.322580645161292,31,1.0,1.0,0.0
62815,2655,31,13,45.0,3.4615384615384617,31,1.0,0.41935483870967744,0.5806451612903225
62818,276,32,32,1033.0,32.28125,32,1.0,1.0,0.0
62820,2400,32,32,888.0,27.75,32,1.0,1.0,0.0
62827,2011,29,28,639.0,22.821428571428573,29,1.0,0.9655172413793104,0.03448275862068961
62828,2011,29,29,939.0,32.37931034482759,29,1.0,1.0,0.0
62829,2011,29,10,69.0,6.9,29,1.0,0.3448275862068966,0.6551724137931034
62830,2011,29,6,25.0,4.166666666666667,29,1.0,0.20689655172413793,0.7931034482758621
62841,27,31,31,1067.0,34.41935483870968,31,1.0,1.0,0.0
62842,27,31,18,455.0,25.27777777777778,31,1.0,0.5806451612903226,0.4193548387096774
62844,302,32,32,754.0,23.5625,32,1.0,1.0,0.0
62848,2750,31,10,85.0,8.5,31,1.0,0.3225806451612903,0.6774193548387097
62849,2750,31,14,287.0,20.5,31,1.0,0.45161290322580644,0.5483870967741935
62851,43,32,20,146.0,7.3,32,1.0,0.625,0.375
62910,2415,31,26,375.0,14.423076923076923,31,1.0,0.8387096774193549,0.16129032258064513
62967,2681,30,8,93.0,11.625,30,1.0,0.26666666666666666,0.7333333333333334
62973,61,33,25,161.0,6.44,33,1.0,0.7575757575757576,0.24242424242424243
62979,344,32,31,757.0,24.419354838709676,32,1.0,0.96875,0.03125
63022,204,31,31,929.0,29.967741935483872,31,1.0,1.0,0.0
63024,2182,30,8,53.0,6.625,30,1.0,0.26666666666666666,0.7333333333333334
63029,30,32,18,104.0,5.777777777777778,32,1.0,0.5625,0.4375
63030,238,35,11,52.0,4.7272727272727275,35,1.0,0.3142857142857143,0.6857142857142857
63032,339,36,32,789.0,24.65625,36,1.0,0.8888888888888888,0.11111111111111116
63035,97,36,34,636.0,18.705882352941178,36,1.0,0.9444444444444444,0.05555555555555558
63036,120,35,16,57.0,3.5625,35,1.0,0.45714285714285713,0.5428571428571429
63040,213,34,34,582.0,17.11764705882353,34,1.0,1.0,0.0
63054,2415,31,28,663.0,23.678571428571427,31,1.0,0.9032258064516129,0.09677419354838712
63057,2447,29,27,748.0,27.703703703703702,29,1.0,0.9310344827586207,0.06896551724137934
63058,2447,29,29,797.0,27.482758620689655,29,1.0,1.0,0.0
63066,2016,32,30,628.0,20.933333333333337,32,1.0,0.9375,0.0625
63068,2016,32,20,345.0,17.25,32,1.0,0.625,0.375
63080,331,34,24,174.0,7.25,34,1.0,0.7058823529411765,0.2941176470588235
63084,339,36,34,948.0,27.88235294117647,36,1.0,0.9444444444444444,0.05555555555555558
63086,62,35,33,934.0,28.303030303030305,35,1.0,0.9428571428571428,0.05714285714285716
63089,2754,32,20,92.0,4.6,32,1.0,0.625,0.375
63090,2032,29,8,20.0,2.5,29,1.0,0.27586206896551724,0.7241379310344828
63091,349,30,30,834.0,27.8,30,1.0,1.0,0.0
63092,349,30,30,779.0,25.966666666666665,30,1.0,1.0,0.0
63095,349,30,30,846.0,28.2,30,1.0,1.0,0.0
63096,349,30,24,212.0,8.833333333333334,30,1.0,0.8,0.19999999999999996
63098,349,30,30,650.0,21.666666666666668,30,1.0,1.0,0.0
63099,13,29,11,207.0,18.818181818181817,29,1.0,0.3793103448275862,0.6206896551724138
63101,349,30,29,939.0,32.37931034482759,30,1.0,0.9666666666666667,0.033333333333333326
63103,218,37,37,1109.0,29.972972972972972,37,1.0,1.0,0.0
63104,218,37,37,520.0,14.054054054054054,37,1.0,1.0,0.0
63228,2010,29,28,503.0,17.964285714285715,29,1.0,0.9655172413793104,0.03448275862068961
63230,2010,29,29,758.0,26.13793103448276,29,1.0,1.0,0.0
63231,2010,29,28,296.0,10.571428571428571,29,1.0,0.9655172413793104,0.03448275862068961
63233,2010,29,27,854.0,31.62962962962963,29,1.0,0.9310344827586207,0.06896551724137934
63236,2514,30,29,517.0,17.82758620689655,30,1.0,0.9666666666666667,0.033333333333333326
63280,2244,31,12,72.0,6.0,31,1.0,0.3870967741935484,0.6129032258064516
63387,151,33,33,608.0,18.424242424242426,33,1.0,1.0,0.0
63733,299,33,11,21.0,1.9090909090909092,33,1.0,0.3333333333333333,0.6666666666666667
63899,154,32,8,26.0,3.25,32,1.0,0.25,0.75
63903,2579,33,21,179.0,8.523809523809524,33,1.0,0.6363636363636364,0.36363636363636365
64470,164,32,6,20.0,3.3333333333333335,32,1.0,0.1875,0.8125
64474,2582,35,35,1025.0,29.285714285714285,35,1.0,1.0,0.0
64477,333,34,32,676.0,21.125,34,1.0,0.9411764705882353,0.05882352941176472
64497,2198,33,32,171.0,5.34375,33,1.0,0.9696969696969697,0.030303030303030276
64527,2379,33,28,351.0,12.535714285714286,33,1.0,0.8484848484848485,0.1515151515151515
64666,2737,32,29,646.0,22.275862068965516,32,1.0,0.90625,0.09375
64890,8,36,36,359.0,9.97222222222222,36,1.0,1.0,0.0
65142,164,32,8,29.0,3.625,32,1.0,0.25,0.75
65274,2217,31,31,577.0,18.612903225806452,31,1.0,1.0,0.0
65302,2534,35,13,45.0,3.4615384615384617,35,1.0,0.37142857142857144,0.6285714285714286
65466,2447,29,29,315.0,10.862068965517242,29,1.0,1.0,0.0
65773,2447,29,25,460.0,18.4,29,1.0,0.8620689655172413,0.13793103448275867
65799,2296,32,8,29.0,3.625,32,1.0,0.25,0.75
65814,2226,28,22,635.0,28.863636363636363,28,1.0,0.7857142857142857,0.2142857142857143
65847,2934,33,32,888.0,27.75,33,1.0,0.9696969696969697,0.030303030303030276
65857,2046,30,22,387.0,17.59090909090909,30,1.0,0.7333333333333333,0.2666666666666667
65907,13,29,9,48.0,5.333333333333333,29,1.0,0.3103448275862069,0.6896551724137931
65963,108,30,9,21.0,2.3333333333333335,30,1.0,0.3,0.7
65976,2448,32,32,926.0,28.9375,32,1.0,1.0,0.0
65986,2619,35,35,738.0,21.085714285714285,35,1.0,1.0,0.0
65992,2459,30,23,348.0,15.130434782608695,30,1.0,0.7666666666666667,0.23333333333333328
65995,2908,36,15,248.0,16.533333333333335,36,1.0,0.4166666666666667,0.5833333333333333
65999,47,32,32,317.0,9.90625,32,1.0,1.0,0.0
66075,127,39,13,23.0,1.7692307692307692,39,1.0,0.3333333333333333,0.6666666666666667
66087,2413,34,34,956.0,28.11764705882353,34,1.0,1.0,0.0
66090,2184,31,31,923.0,29.774193548387096,31,1.0,1.0,0.0
66099,2670,36,10,35.0,3.5,36,1.0,0.2777777777777778,0.7222222222222222
66102,2540,33,12,67.0,5.583333333333333,33,1.0,0.36363636363636365,0.6363636363636364
66116,2567,34,34,814.0,23.941176470588236,34,1.0,1.0,0.0
66117,2567,34,17,473.0,27.823529411764707,34,1.0,0.5,0.5
66118,2567,34,34,763.0,22.441176470588236,34,1.0,1.0,0.0
66119,2567,34,34,828.0,24.352941176470587,34,1.0,1.0,0.0
66120,228,31,29,363.0,12.517241379310343,31,1.0,0.9354838709677419,0.06451612903225812
66122,228,31,30,331.0,11.033333333333331,31,1.0,0.967741935483871,0.032258064516129004
66123,228,31,12,52.0,4.333333333333333,31,1.0,0.3870967741935484,0.6129032258064516
66124,52,33,24,116.0,4.833333333333333,33,1.0,0.7272727272727273,0.2727272727272727
66125,52,33,32,1110.0,34.6875,33,1.0,0.9696969696969697,0.030303030303030276
66126,52,33,33,586.0,17.757575757575758,33,1.0,1.0,0.0
66127,59,31,30,651.0,21.7,31,1.0,0.967741935483871,0.032258064516129004
66128,59,31,30,566.0,18.866666666666667,31,1.0,0.967741935483871,0.032258064516129004
66129,2390,38,28,489.0,17.464285714285715,38,1.0,0.7368421052631579,0.26315789473684215
66130,2390,37,30,824.0,27.466666666666665,38,0.9736842105263158,0.7894736842105263,0.1842105263157895
66131,2390,38,38,853.0,22.44736842105263,38,1.0,1.0,0.0
66133,152,36,35,681.0,19.457142857142856,36,1.0,0.9722222222222222,0.02777777777777779
66134,152,36,36,698.0,19.38888888888889,36,1.0,1.0,0.0
66135,152,36,35,1108.0,31.65714285714286,36,1.0,0.9722222222222222,0.02777777777777779
66137,152,36,34,604.0,17.764705882352942,36,1.0,0.9444444444444444,0.05555555555555558
66138,258,34,23,244.0,10.608695652173912,34,1.0,0.6764705882352942,0.32352941176470584
66139,258,34,32,1065.0,33.28125,34,1.0,0.9411764705882353,0.05882352941176472
66140,154,32,31,454.0,14.64516129032258,32,1.0,0.96875,0.03125
66141,154,32,7,89.0,12.714285714285714,32,1.0,0.21875,0.78125
66142,399,33,33,633.0,19.181818181818183,33,1.0,1.0,0.0
66144,161,29,20,327.0,16.35,29,1.0,0.6896551724137931,0.31034482758620685
66145,399,33,33,787.0,23.848484848484848,33,1.0,1.0,0.0
66146,66,34,34,1153.0,33.911764705882355,34,1.0,1.0,0.0
66147,66,34,32,488.0,15.25,34,1.0,0.9411764705882353,0.05882352941176472
66148,66,34,34,892.0,26.235294117647054,34,1.0,1.0,0.0
66150,66,34,16,148.0,9.25,34,1.0,0.47058823529411764,0.5294117647058824
66151,2628,33,33,784.0,23.75757575757576,33,1.0,1.0,0.0
66152,2628,33,17,83.0,4.882352941176471,33,1.0,0.5151515151515151,0.48484848484848486
66153,2628,33,33,618.0,18.727272727272727,33,1.0,1.0,0.0
66154,2628,33,27,256.0,9.48148148148148,33,1.0,0.8181818181818182,0.18181818181818177
66155,277,35,35,539.0,15.4,35,1.0,1.0,0.0
66156,277,35,22,154.0,7.0,35,1.0,0.6285714285714286,0.37142857142857144
66157,277,35,34,847.0,24.91176470588235,35,1.0,0.9714285714285714,0.02857142857142858
66162,2086,34,9,25.0,2.7777777777777777,34,1.0,0.2647058823529412,0.7352941176470589
66163,2086,34,30,856.0,28.533333333333335,34,1.0,0.8823529411764706,0.11764705882352944
66164,305,32,20,123.0,6.15,32,1.0,0.625,0.375
66165,305,32,30,773.0,25.766666666666666,32,1.0,0.9375,0.0625
66166,305,32,32,961.0,30.03125,32,1.0,1.0,0.0
66167,269,16,8,129.0,16.125,32,0.5,0.25,0.25
66169,269,32,31,673.0,21.70967741935484,32,1.0,0.96875,0.03125
66170,66,34,25,679.0,27.16,34,1.0,0.7352941176470589,0.2647058823529411
66171,269,32,32,899.0,28.09375,32,1.0,1.0,0.0
66172,222,36,36,668.0,18.555555555555557,36,1.0,1.0,0.0
66173,222,36,36,917.0,25.47222222222222,36,1.0,1.0,0.0
66174,222,36,26,145.0,5.576923076923077,36,1.0,0.7222222222222222,0.2777777777777778
66175,2752,37,23,224.0,9.73913043478261,37,1.0,0.6216216216216216,0.3783783783783784
66178,356,33,32,652.0,20.375,33,1.0,0.9696969696969697,0.030303030303030276
66179,356,33,33,1010.0,30.60606060606061,33,1.0,1.0,0.0
66180,356,33,30,275.0,9.166666666666666,33,1.0,0.9090909090909091,0.09090909090909094
66181,356,33,33,996.0,30.181818181818183,33,1.0,1.0,0.0
66182,356,33,25,190.0,7.6,33,1.0,0.7575757575757576,0.24242424242424243
66183,130,32,13,69.0,5.3076923076923075,32,1.0,0.40625,0.59375
66184,130,32,19,633.0,33.31578947368421,32,1.0,0.59375,0.40625
66186,130,32,32,1160.0,36.25,32,1.0,1.0,0.0
66187,130,32,29,309.0,10.655172413793103,32,1.0,0.90625,0.09375
66188,135,28,4,75.0,18.75,33,0.8484848484848485,0.12121212121212122,0.7272727272727273
66189,77,32,24,264.0,11.0,32,1.0,0.75,0.25
66190,213,34,28,252.0,9.0,34,1.0,0.8235294117647058,0.17647058823529416
66192,213,34,34,826.0,24.294117647058822,34,1.0,1.0,0.0
66193,213,34,33,250.0,7.575757575757576,34,1.0,0.9705882352941176,0.02941176470588236
66194,2509,34,24,268.0,11.166666666666666,34,1.0,0.7058823529411765,0.2941176470588235
66195,2509,34,34,438.0,12.882352941176473,34,1.0,1.0,0.0
66196,2509,34,34,760.0,22.352941176470587,34,1.0,1.0,0.0
66197,275,40,13,28.0,2.1538461538461537,40,1.0,0.325,0.675
66198,275,40,40,1318.0,32.95,40,1.0,1.0,0.0
66200,275,40,40,1152.0,28.8,40,1.0,1.0,0.0
66201,275,40,33,214.0,6.484848484848484,40,1.0,0.825,0.17500000000000004
66202,275,40,15,39.0,2.6,40,1.0,0.375,0.625
66203,38,34,34,622.0,18.294117647058822,34,1.0,1.0,0.0
66204,38,34,32,670.0,20.9375,34,1.0,0.9411764705882353,0.05882352941176472
66206,38,32,32,535.0,16.71875,34,0.9411764705882353,0.9411764705882353,0.0
66207,2483,36,35,831.0,23.742857142857144,36,1.0,0.9722222222222222,0.02777777777777779
66208,2483,36,35,699.0,19.97142857142857,36,1.0,0.9722222222222222,0.02777777777777779
66209,2483,36,36,1059.0,29.416666666666668,36,1.0,1.0,0.0
66212,2492,32,18,205.0,11.38888888888889,32,1.0,0.5625,0.4375
66214,204,31,31,1080.0,34.83870967741935,31,1.0,1.0,0.0
66215,204,31,29,222.0,7.655172413793103,31,1.0,0.9354838709677419,0.06451612903225812
66217,24,37,36,820.0,22.77777777777778,37,1.0,0.972972972972973,0.027027027027026973
66220,26,36,11,99.0,9.0,36,1.0,0.3055555555555556,0.6944444444444444
66222,26,36,36,1307.0,36.30555555555556,36,1.0,1.0,0.0
66223,26,36,36,412.0,11.444444444444445,36,1.0,1.0,0.0
66225,30,32,18,144.0,8.0,32,1.0,0.5625,0.4375
66226,30,32,32,866.0,27.0625,32,1.0,1.0,0.0
66227,30,32,32,896.0,28.0,32,1.0,1.0,0.0
66232,254,35,22,288.0,13.090909090909092,35,1.0,0.6285714285714286,0.37142857142857144
66236,254,35,35,1165.0,33.285714285714285,35,1.0,1.0,0.0
66237,265,31,31,1015.0,32.74193548387097,31,1.0,1.0,0.0
66238,265,31,31,836.0,26.967741935483872,31,1.0,1.0,0.0
66241,2,35,23,534.0,23.217391304347824,35,1.0,0.6571428571428571,0.34285714285714286
66242,2,28,23,261.0,11.347826086956522,35,0.8,0.6571428571428571,0.1428571428571429
66243,2,35,35,777.0,22.2,35,1.0,1.0,0.0
66247,57,33,33,1000.0,30.303030303030305,33,1.0,1.0,0.0
66248,61,33,32,942.0,29.4375,33,1.0,0.9696969696969697,0.030303030303030276
66249,61,33,22,250.0,11.363636363636363,33,1.0,0.6666666666666666,0.33333333333333337
66251,61,33,18,364.0,20.22222222222222,33,1.0,0.5454545454545454,0.4545454545454546
66253,99,33,33,1159.0,35.121212121212125,33,1.0,1.0,0.0
66254,99,33,29,192.0,6.620689655172414,33,1.0,0.8787878787878788,0.12121212121212122
66255,99,33,25,216.0,8.64,33,1.0,0.7575757575757576,0.24242424242424243
66256,99,33,31,1081.0,34.87096774193548,33,1.0,0.9393939393939394,0.06060606060606055
66257,99,33,15,114.0,7.6,33,1.0,0.45454545454545453,0.5454545454545454
66258,99,33,33,1108.0,33.57575757575758,33,1.0,1.0,0.0
66259,142,32,23,713.0,31.0,32,1.0,0.71875,0.28125
66260,142,32,32,942.0,29.4375,32,1.0,1.0,0.0
66263,142,32,30,424.0,14.133333333333333,32,1.0,0.9375,0.0625
66264,2579,33,21,410.0,19.52380952380953,33,1.0,0.6363636363636364,0.36363636363636365
66265,2579,33,25,282.0,11.28,33,1.0,0.7575757575757576,0.24242424242424243
66266,2579,33,33,987.0,29.90909090909091,33,1.0,1.0,0.0
66269,2579,33,12,31.0,2.5833333333333335,33,1.0,0.36363636363636365,0.6363636363636364
66270,2579,33,33,1011.0,30.636363636363637,33,1.0,1.0,0.0
66272,2633,32,32,795.0,24.84375,32,1.0,1.0,0.0
66275,238,35,35,1020.0,29.142857142857142,35,1.0,1.0,0.0
66276,238,35,35,756.0,21.6,35,1.0,1.0,0.0
66277,103,32,32,530.0,16.5625,32,1.0,1.0,0.0
66280,120,35,35,555.0,15.857142857142858,35,1.0,1.0,0.0
66283,87,38,33,483.0,14.636363636363637,38,1.0,0.868421052631579,0.13157894736842102
66284,87,38,38,1318.0,34.68421052631579,38,1.0,1.0,0.0
66285,87,38,38,1235.0,32.5,38,1.0,1.0,0.0
66286,87,38,26,192.0,7.384615384615385,38,1.0,0.6842105263157895,0.3157894736842105
66287,221,34,34,1081.0,31.794117647058822,34,1.0,1.0,0.0
66288,221,34,34,706.0,20.764705882352946,34,1.0,1.0,0.0
66289,221,34,21,130.0,6.190476190476191,34,1.0,0.6176470588235294,0.38235294117647056
66290,221,34,34,1077.0,31.676470588235293,34,1.0,1.0,0.0
66292,259,33,33,990.0,30.0,33,1.0,1.0,0.0
66293,2567,34,34,516.0,15.176470588235292,34,1.0,1.0,0.0
66296,239,34,29,940.0,32.41379310344828,34,1.0,0.8529411764705882,0.1470588235294118
66297,239,34,34,581.0,17.08823529411765,34,1.0,1.0,0.0
66298,239,34,34,730.0,21.470588235294116,34,1.0,1.0,0.0
66299,239,34,30,298.0,9.933333333333334,34,1.0,0.8823529411764706,0.11764705882352944
66300,201,35,32,459.0,14.34375,35,1.0,0.9142857142857143,0.08571428571428574
66303,201,35,15,65.0,4.333333333333333,35,1.0,0.42857142857142855,0.5714285714285714
66305,201,35,35,1118.0,31.942857142857143,35,1.0,1.0,0.0
66307,197,32,28,276.0,9.857142857142858,32,1.0,0.875,0.125
66308,197,32,22,250.0,11.363636363636363,32,1.0,0.6875,0.3125
66311,156,33,33,758.0,22.96969696969697,33,1.0,1.0,0.0
66312,156,33,25,145.0,5.8,33,1.0,0.7575757575757576,0.24242424242424243
66313,198,34,32,436.0,13.625,34,1.0,0.9411764705882353,0.05882352941176472
66315,156,33,31,811.0,26.161290322580644,33,1.0,0.9393939393939394,0.06060606060606055
66317,156,33,33,632.0,19.151515151515152,33,1.0,1.0,0.0
66318,156,33,30,344.0,11.466666666666669,33,1.0,0.9090909090909091,0.09090909090909094
66321,12,38,38,1090.0,28.68421052631579,38,1.0,1.0,0.0
66323,12,38,38,565.0,14.86842105263158,38,1.0,1.0,0.0
66325,9,34,34,1060.0,31.176470588235293,34,1.0,1.0,0.0
66326,9,34,29,250.0,8.620689655172415,34,1.0,0.8529411764705882,0.1470588235294118
66327,25,33,23,648.0,28.17391304347826,33,1.0,0.696969696969697,0.303030303030303
66328,25,33,33,1027.0,31.12121212121212,33,1.0,1.0,0.0
66329,25,33,28,280.0,10.0,33,1.0,0.8484848484848485,0.1515151515151515
66331,25,33,33,793.0,24.03030303030303,33,1.0,1.0,0.0
66332,8,36,36,1076.0,29.88888888888889,36,1.0,1.0,0.0
66333,8,36,36,502.0,13.944444444444445,36,1.0,1.0,0.0
66334,8,36,36,391.0,10.86111111111111,36,1.0,1.0,0.0
66335,2309,35,33,361.0,10.93939393939394,35,1.0,0.9428571428571428,0.05714285714285716
66336,164,32,31,919.0,29.64516129032258,32,1.0,0.96875,0.03125
66337,218,37,37,809.0,21.864864864864863,37,1.0,1.0,0.0
66338,218,37,31,410.0,13.225806451612904,37,1.0,0.8378378378378378,0.16216216216216217
66340,2550,31,30,265.0,8.833333333333334,31,1.0,0.967741935483871,0.032258064516129004
66341,2550,29,24,772.0,32.166666666666664,31,0.9354838709677419,0.7741935483870968,0.16129032258064513
66342,2550,31,21,256.0,12.19047619047619,31,1.0,0.6774193548387096,0.32258064516129037
66343,194,35,32,759.0,23.71875,35,1.0,0.9142857142857143,0.08571428571428574
66344,194,35,35,500.0,14.285714285714286,35,1.0,1.0,0.0
66346,36,34,14,89.0,6.357142857142857,34,1.0,0.4117647058823529,0.5882352941176471
66347,36,34,31,283.0,9.129032258064516,34,1.0,0.9117647058823529,0.08823529411764708
66348,278,31,25,600.0,24.0,32,0.96875,0.78125,0.1875
66349,278,32,32,716.0,22.375,32,1.0,1.0,0.0
66350,278,32,31,706.0,22.774193548387096,32,1.0,0.96875,0.03125
66351,278,32,32,1066.0,33.3125,32,1.0,1.0,0.0
66352,2440,31,30,873.0,29.1,31,1.0,0.967741935483871,0.032258064516129004
66354,2440,31,30,756.0,25.2,31,1.0,0.967741935483871,0.032258064516129004
66355,2440,31,22,305.0,13.863636363636363,31,1.0,0.7096774193548387,0.29032258064516125
66356,2440,31,29,327.0,11.275862068965518,31,1.0,0.9354838709677419,0.06451612903225812
66357,21,36,32,396.0,12.375,36,1.0,0.8888888888888888,0.11111111111111116
66358,21,36,17,129.0,7.588235294117647,36,1.0,0.4722222222222222,0.5277777777777778
66360,23,30,8,201.0,25.125,30,1.0,0.26666666666666666,0.7333333333333334
66362,23,30,27,547.0,20.25925925925926,30,1.0,0.9,0.09999999999999998
66363,23,30,27,871.0,32.25925925925926,30,1.0,0.9,0.09999999999999998
66364,23,30,4,59.0,14.75,30,1.0,0.13333333333333333,0.8666666666666667
66365,23,30,29,805.0,27.75862068965517,30,1.0,0.9666666666666667,0.033333333333333326
66368,2439,33,9,63.0,7.0,33,1.0,0.2727272727272727,0.7272727272727273
66369,2439,33,33,1078.0,32.666666666666664,33,1.0,1.0,0.0
66370,328,31,14,72.0,5.142857142857143,31,1.0,0.45161290322580644,0.5483870967741935
66371,328,31,31,1066.0,34.38709677419355,31,1.0,1.0,0.0
66372,328,31,30,654.0,21.8,31,1.0,0.967741935483871,0.032258064516129004
66373,155,30,19,370.0,19.473684210526315,30,1.0,0.6333333333333333,0.3666666666666667
66379,2751,35,31,476.0,15.35483870967742,35,1.0,0.8857142857142857,0.11428571428571432
66380,2168,36,36,1049.0,29.13888888888889,36,1.0,1.0,0.0
66381,2168,36,36,1181.0,32.80555555555556,36,1.0,1.0,0.0
66382,2168,36,35,1020.0,29.142857142857142,36,1.0,0.9722222222222222,0.02777777777777779
66383,2168,36,29,407.0,14.03448275862069,36,1.0,0.8055555555555556,0.19444444444444442
66385,2184,31,21,166.0,7.904761904761905,31,1.0,0.6774193548387096,0.32258064516129037
66386,2184,31,31,620.0,20.0,31,1.0,1.0,0.0
66387,2184,31,31,455.0,14.67741935483871,31,1.0,1.0,0.0
66388,2184,31,22,217.0,9.863636363636363,31,1.0,0.7096774193548387,0.29032258064516125
66389,2230,31,29,530.0,18.275862068965516,31,1.0,0.9354838709677419,0.06451612903225812
66390,2230,31,22,416.0,18.90909090909091,31,1.0,0.7096774193548387,0.29032258064516125
66393,2230,31,18,143.0,7.944444444444445,31,1.0,0.5806451612903226,0.4193548387096774
66394,2244,31,29,879.0,30.310344827586206,31,1.0,0.9354838709677419,0.06451612903225812
66396,45,35,35,276.0,7.885714285714286,35,1.0,1.0,0.0
66398,113,32,8,109.0,13.625,32,1.0,0.25,0.75
66399,113,32,31,329.0,10.612903225806452,32,1.0,0.96875,0.03125
66400,113,32,29,310.0,10.689655172413794,32,1.0,0.90625,0.09375
66402,227,33,32,1052.0,32.875,33,1.0,0.9696969696969697,0.030303030303030276
66403,227,33,20,147.0,7.35,33,1.0,0.6060606060606061,0.3939393939393939
66404,227,33,33,949.0,28.75757575757576,33,1.0,1.0,0.0
66405,227,33,7,38.0,5.428571428571429,33,1.0,0.21212121212121213,0.7878787878787878
66406,257,35,34,338.0,9.941176470588236,35,1.0,0.9714285714285714,0.02857142857142858
66407,257,35,35,999.0,28.542857142857144,35,1.0,1.0,0.0
66410,139,32,22,216.0,9.818181818181818,32,1.0,0.6875,0.3125
66411,139,32,32,609.0,19.03125,32,1.0,1.0,0.0
66412,139,32,32,455.0,14.21875,32,1.0,1.0,0.0
66413,179,31,13,62.0,4.769230769230769,31,1.0,0.41935483870967744,0.5806451612903225
66414,179,31,10,59.0,5.9,31,1.0,0.3225806451612903,0.6774193548387097
66415,179,31,25,434.0,17.36,31,1.0,0.8064516129032258,0.19354838709677424
66416,179,31,31,294.0,9.483870967741936,31,1.0,1.0,0.0
66417,179,31,31,995.0,32.096774193548384,31,1.0,1.0,0.0
66419,71,33,29,287.0,9.89655172413793,33,1.0,0.8787878787878788,0.12121212121212122
66421,2181,31,31,624.0,20.129032258064516,31,1.0,1.0,0.0
66422,2181,31,7,23.0,3.2857142857142856,31,1.0,0.22580645161290322,0.7741935483870968
66423,2287,35,34,1013.0,29.794117647058822,35,1.0,0.9714285714285714,0.02857142857142858
66424,2287,35,35,1046.0,29.88571428571429,35,1.0,1.0,0.0
66425,2287,35,29,584.0,20.13793103448276,35,1.0,0.8285714285714286,0.17142857142857137
66426,2433,38,38,735.0,19.342105263157897,38,1.0,1.0,0.0
66427,2287,35,35,702.0,20.057142857142857,35,1.0,1.0,0.0
66428,2287,35,32,606.0,18.9375,35,1.0,0.9142857142857143,0.08571428571428574
66429,2287,35,33,731.0,22.151515151515152,35,1.0,0.9428571428571428,0.05714285714285716
66432,282,31,26,384.0,14.76923076923077,31,1.0,0.8387096774193549,0.16129032258064513
66434,282,31,31,889.0,28.677419354838708,31,1.0,1.0,0.0
66438,2623,31,31,967.0,31.193548387096776,31,1.0,1.0,0.0
66439,2623,31,2,20.0,10.0,31,1.0,0.06451612903225806,0.935483870967742
66441,2623,31,30,418.0,13.933333333333334,31,1.0,0.967741935483871,0.032258064516129004
66443,2460,35,17,60.0,3.5294117647058822,35,1.0,0.4857142857142857,0.5142857142857142
66446,2460,35,28,115.0,4.107142857142857,35,1.0,0.8,0.19999999999999996
66447,2460,35,35,821.0,23.457142857142856,35,1.0,1.0,0.0
66452,79,33,33,908.0,27.515151515151516,33,1.0,1.0,0.0
66453,79,33,32,638.0,19.9375,33,1.0,0.9696969696969697,0.030303030303030276
66455,79,33,30,223.0,7.433333333333334,33,1.0,0.9090909090909091,0.09090909090909094
66458,279,31,29,893.0,30.79310344827586,31,1.0,0.9354838709677419,0.06451612903225812
66459,279,31,24,595.0,24.791666666666668,31,1.0,0.7741935483870968,0.22580645161290325
66460,279,31,31,804.0,25.93548387096774,31,1.0,1.0,0.0
66461,279,31,31,768.0,24.774193548387096,31,1.0,1.0,0.0
66462,2492,32,22,571.0,25.954545454545453,32,1.0,0.6875,0.3125
66463,2492,32,21,102.0,4.857142857142857,32,1.0,0.65625,0.34375
66464,2492,32,32,929.0,29.03125,32,1.0,1.0,0.0
66466,2492,32,24,267.0,11.125,32,1.0,0.75,0.25
66468,2492,32,28,519.0,18.535714285714285,32,1.0,0.875,0.125
66469,2501,33,33,1064.0,32.24242424242424,33,1.0,1.0,0.0
66470,2501,33,31,484.0,15.612903225806452,33,1.0,0.9393939393939394,0.06060606060606055
66471,2501,33,22,148.0,6.7272727272727275,33,1.0,0.6666666666666666,0.33333333333333337
66472,2608,31,31,1041.0,33.58064516129032,31,1.0,1.0,0.0
66473,2608,31,24,216.0,9.0,31,1.0,0.7741935483870968,0.22580645161290325
66474,2608,31,31,445.0,14.35483870967742,31,1.0,1.0,0.0
66475,301,31,29,357.0,12.310344827586206,31,1.0,0.9354838709677419,0.06451612903225812
66476,2539,32,32,837.0,26.15625,32,1.0,1.0,0.0
66477,2541,32,32,1080.0,33.75,32,1.0,1.0,0.0
66478,2541,32,23,267.0,11.608695652173912,32,1.0,0.71875,0.28125
66479,2541,32,32,633.0,19.78125,32,1.0,1.0,0.0
66480,2541,32,29,286.0,9.862068965517242,32,1.0,0.90625,0.09375
66484,2066,32,32,968.0,30.25,32,1.0,1.0,0.0
66485,2066,32,26,258.0,9.923076923076923,32,1.0,0.8125,0.1875
66486,2066,32,32,730.0,22.8125,32,1.0,1.0,0.0
66487,2066,32,18,98.0,5.444444444444445,32,1.0,0.5625,0.4375
66488,2066,32,13,286.0,22.0,32,1.0,0.40625,0.59375
66489,2378,30,19,480.0,25.26315789473684,30,1.0,0.6333333333333333,0.3666666666666667
66490,2378,30,2,21.0,10.5,30,1.0,0.06666666666666667,0.9333333333333333
66491,2378,30,23,398.0,17.304347826086957,30,1.0,0.7666666666666667,0.23333333333333328
66492,2378,30,30,974.0,32.46666666666667,30,1.0,1.0,0.0
66494,2378,30,10,154.0,15.4,30,1.0,0.3333333333333333,0.6666666666666667
66495,2619,35,35,931.0,26.6,35,1.0,1.0,0.0
66496,2619,35,23,211.0,9.173913043478262,35,1.0,0.6571428571428571,0.34285714285714286
66497,2619,35,35,856.0,24.457142857142856,35,1.0,1.0,0.0
66499,261,34,34,927.0,27.264705882352946,34,1.0,1.0,0.0
66500,261,34,34,928.0,27.294117647058822,34,1.0,1.0,0.0
66501,2193,30,27,587.0,21.74074074074074,30,1.0,0.9,0.09999999999999998
66502,2193,30,29,798.0,27.517241379310345,30,1.0,0.9666666666666667,0.033333333333333326
66503,2193,30,28,527.0,18.821428571428573,30,1.0,0.9333333333333333,0.06666666666666665
66504,2193,30,30,816.0,27.2,30,1.0,1.0,0.0
66507,526,33,14,92.0,6.571428571428571,33,1.0,0.42424242424242425,0.5757575757575757
66508,294,32,31,582.0,18.774193548387096,32,1.0,0.96875,0.03125
66509,294,32,25,323.0,12.92,32,1.0,0.78125,0.21875
66510,294,32,32,900.0,28.125,32,1.0,1.0,0.0
66512,294,32,16,128.0,8.0,32,1.0,0.5,0.5
66513,338,32,24,248.0,10.333333333333334,32,1.0,0.75,0.25
66514,288,31,31,977.0,31.516129032258064,31,1.0,1.0,0.0
66515,2382,35,13,104.0,8.0,35,1.0,0.37142857142857144,0.6285714285714286
66517,2382,35,35,945.0,27.0,35,1.0,1.0,0.0
66519,2382,35,28,149.0,5.321428571428571,35,1.0,0.8,0.19999999999999996
66520,2454,35,35,1135.0,32.42857142857143,35,1.0,1.0,0.0
66522,2454,35,32,256.0,8.0,35,1.0,0.9142857142857143,0.08571428571428574
66523,2454,35,35,1139.0,32.542857142857144,35,1.0,1.0,0.0
66524,2454,35,35,590.0,16.857142857142858,35,1.0,1.0,0.0
66525,2454,35,34,954.0,28.058823529411764,35,1.0,0.9714285714285714,0.02857142857142858
66526,94,30,18,214.0,11.88888888888889,30,1.0,0.6,0.4
66527,94,30,27,384.0,14.22222222222222,30,1.0,0.9,0.09999999999999998
66528,94,30,19,114.0,6.0,30,1.0,0.6333333333333333,0.3666666666666667
66529,94,30,29,396.0,13.655172413793103,30,1.0,0.9666666666666667,0.033333333333333326
66530,94,30,26,261.0,10.038461538461538,30,1.0,0.8666666666666667,0.1333333333333333
66531,94,30,10,43.0,4.3,30,1.0,0.3333333333333333,0.6666666666666667
66533,56,31,30,492.0,16.4,31,1.0,0.967741935483871,0.032258064516129004
66536,149,33,30,322.0,10.733333333333333,33,1.0,0.9090909090909091,0.09090909090909094
66537,149,33,28,249.0,8.892857142857142,33,1.0,0.8484848484848485,0.1515151515151515
66538,149,33,33,834.0,25.272727272727273,33,1.0,1.0,0.0
66539,149,33,33,1046.0,31.696969696969695,33,1.0,1.0,0.0
66540,2458,30,30,621.0,20.7,30,1.0,1.0,0.0
66541,2458,30,30,784.0,26.133333333333333,30,1.0,1.0,0.0
66543,2458,30,23,193.0,8.391304347826088,30,1.0,0.7666666666666667,0.23333333333333328
66544,2458,30,17,145.0,8.529411764705882,30,1.0,0.5666666666666667,0.43333333333333335
66545,2458,30,30,422.0,14.066666666666666,30,1.0,1.0,0.0
66546,2502,29,27,822.0,30.444444444444443,29,1.0,0.9310344827586207,0.06896551724137934
66548,2502,29,22,415.0,18.863636363636363,29,1.0,0.7586206896551724,0.24137931034482762
66549,2502,29,14,142.0,10.142857142857142,29,1.0,0.4827586206896552,0.5172413793103448
66550,2502,29,29,823.0,28.379310344827587,29,1.0,1.0,0.0
66551,16,33,7,25.0,3.5714285714285716,33,1.0,0.21212121212121213,0.7878787878787878
66552,16,33,33,656.0,19.87878787878788,33,1.0,1.0,0.0
66553,16,33,33,806.0,24.424242424242426,33,1.0,1.0,0.0
66554,16,33,33,679.0,20.575757575757574,33,1.0,1.0,0.0
66555,2692,30,30,989.0,32.96666666666667,30,1.0,1.0,0.0
66556,2692,30,24,845.0,35.208333333333336,30,1.0,0.8,0.19999999999999996
66557,2097,32,28,841.0,30.035714285714285,32,1.0,0.875,0.125
66558,2097,32,32,529.0,16.53125,32,1.0,1.0,0.0
66563,150,39,39,847.0,21.71794871794872,39,1.0,1.0,0.0
66564,324,34,33,719.0,21.78787878787879,34,1.0,0.9705882352941176,0.02941176470588236
66565,324,34,34,915.0,26.91176470588235,34,1.0,1.0,0.0
66566,324,34,33,280.0,8.484848484848484,34,1.0,0.9705882352941176,0.02941176470588236
66567,324,34,11,51.0,4.636363636363637,34,1.0,0.3235294117647059,0.6764705882352942
66568,2241,35,35,966.0,27.6,35,1.0,1.0,0.0
66570,2272,33,33,556.0,16.848484848484848,33,1.0,1.0,0.0
66571,2272,33,22,312.0,14.181818181818182,33,1.0,0.6666666666666666,0.33333333333333337
66572,2272,33,30,366.0,12.2,33,1.0,0.9090909090909091,0.09090909090909094
66574,2335,32,32,487.0,15.21875,32,1.0,1.0,0.0
66576,2335,32,20,560.0,28.0,32,1.0,0.625,0.375
66578,2344,34,34,918.0,27.0,34,1.0,1.0,0.0
66579,2344,34,33,687.0,20.818181818181817,34,1.0,0.9705882352941176,0.02941176470588236
66582,2344,34,14,53.0,3.7857142857142856,34,1.0,0.4117647058823529,0.5882352941176471
66583,2344,34,34,862.0,25.352941176470587,34,1.0,1.0,0.0
66584,2506,32,17,88.0,5.176470588235294,32,1.0,0.53125,0.46875
66586,2506,32,31,822.0,26.516129032258064,32,1.0,0.96875,0.03125
66587,97,36,36,1260.0,35.0,36,1.0,1.0,0.0
66588,97,36,30,292.0,9.733333333333333,36,1.0,0.8333333333333334,0.16666666666666663
66589,97,28,26,807.0,31.03846153846154,36,0.7777777777777778,0.7222222222222222,0.05555555555555558
66590,97,36,7,27.0,3.857142857142857,36,1.0,0.19444444444444445,0.8055555555555556
66592,97,36,20,101.0,5.05,36,1.0,0.5555555555555556,0.4444444444444444
66593,235,32,30,682.0,22.733333333333334,32,1.0,0.9375,0.0625
66594,235,31,8,94.0,11.75,32,0.96875,0.25,0.71875
66595,235,32,28,528.0,18.857142857142858,32,1.0,0.875,0.125
66596,235,32,9,24.0,2.6666666666666665,32,1.0,0.28125,0.71875
66597,235,32,27,796.0,29.48148148148148,32,1.0,0.84375,0.15625
66599,2633,7,4,48.0,12.0,32,0.21875,0.125,0.09375
66600,183,31,25,366.0,14.64,31,1.0,0.8064516129032258,0.19354838709677424
66602,183,31,29,404.0,13.93103448275862,31,1.0,0.9354838709677419,0.06451612903225812
66603,183,31,13,89.0,6.846153846153846,31,1.0,0.41935483870967744,0.5806451612903225
66606,84,34,32,882.0,27.5625,34,1.0,0.9411764705882353,0.05882352941176472
66609,84,34,32,366.0,11.4375,34,1.0,0.9411764705882353,0.05882352941176472
66610,84,34,32,631.0,19.71875,34,1.0,0.9411764705882353,0.05882352941176472
66611,269,32,24,704.0,29.333333333333332,32,1.0,0.75,0.25
66612,96,39,39,425.0,10.897435897435898,39,1.0,1.0,0.0
66614,96,39,39,1005.0,25.76923076923077,39,1.0,1.0,0.0
66615,96,39,39,994.0,25.487179487179485,39,1.0,1.0,0.0
66616,96,39,12,20.0,1.6666666666666667,39,1.0,0.3076923076923077,0.6923076923076923
66617,96,39,22,163.0,7.409090909090909,39,1.0,0.5641025641025641,0.4358974358974359
66619,96,39,17,75.0,4.411764705882353,39,1.0,0.4358974358974359,0.5641025641025641
66620,96,39,39,635.0,16.28205128205128,39,1.0,1.0,0.0
66621,145,34,34,560.0,16.470588235294116,34,1.0,1.0,0.0
66622,292,31,31,1053.0,33.96774193548387,31,1.0,1.0,0.0
66624,145,34,34,790.0,23.235294117647054,34,1.0,1.0,0.0
66625,245,33,25,283.0,11.32,33,1.0,0.7575757575757576,0.24242424242424243
66627,245,33,25,240.0,9.6,33,1.0,0.7575757575757576,0.24242424242424243
66629,245,33,13,70.0,5.384615384615385,33,1.0,0.3939393939393939,0.6060606060606061
66631,2427,31,7,25.0,3.5714285714285716,31,1.0,0.22580645161290322,0.7741935483870968
66632,2427,31,31,962.0,31.032258064516128,31,1.0,1.0,0.0
66633,2427,31,31,1010.0,32.58064516129032,31,1.0,1.0,0.0
66634,2427,31,10,95.0,9.5,31,1.0,0.3225806451612903,0.6774193548387097
66635,2427,31,24,341.0,14.208333333333334,31,1.0,0.7741935483870968,0.22580645161290325
66637,2678,30,30,634.0,21.133333333333333,30,1.0,1.0,0.0
66639,2678,30,18,572.0,31.77777777777778,30,1.0,0.6,0.4
66640,2678,30,28,364.0,13.0,30,1.0,0.9333333333333333,0.06666666666666665
66641,2678,30,28,700.0,25.0,30,1.0,0.9333333333333333,0.06666666666666665
66642,2737,32,32,438.0,13.6875,32,1.0,1.0,0.0
66643,2737,32,31,879.0,28.35483870967742,32,1.0,0.96875,0.03125
66645,2737,32,32,437.0,13.65625,32,1.0,1.0,0.0
66646,2737,32,9,31.0,3.4444444444444446,32,1.0,0.28125,0.71875
66647,2737,32,27,353.0,13.074074074074074,32,1.0,0.84375,0.15625
66649,2670,36,35,761.0,21.742857142857144,36,1.0,0.9722222222222222,0.02777777777777779
66650,2670,36,33,499.0,15.12121212121212,36,1.0,0.9166666666666666,0.08333333333333337
66653,13,29,24,642.0,26.75,29,1.0,0.8275862068965517,0.1724137931034483
66656,13,29,27,703.0,26.03703703703704,29,1.0,0.9310344827586207,0.06896551724137934
66658,13,29,29,668.0,23.03448275862069,29,1.0,1.0,0.0
66659,2239,31,31,529.0,17.06451612903226,31,1.0,1.0,0.0
66660,2239,31,31,525.0,16.93548387096774,31,1.0,1.0,0.0
66665,2463,33,32,926.0,28.9375,33,1.0,0.9696969696969697,0.030303030303030276
66666,62,35,32,985.0,30.78125,35,1.0,0.9142857142857143,0.08571428571428574
66667,62,35,19,90.0,4.7368421052631575,35,1.0,0.5428571428571428,0.4571428571428572
66668,62,35,35,576.0,16.457142857142856,35,1.0,1.0,0.0
66669,62,35,34,589.0,17.323529411764707,35,1.0,0.9714285714285714,0.02857142857142858
66671,62,35,34,608.0,17.88235294117647,35,1.0,0.9714285714285714,0.02857142857142858
66672,299,33,11,26.0,2.363636363636364,33,1.0,0.3333333333333333,0.6666666666666667
66673,299,33,33,881.0,26.696969696969695,33,1.0,1.0,0.0
66677,299,33,33,760.0,23.03030303030303,33,1.0,1.0,0.0
66678,302,32,32,436.0,13.625,32,1.0,1.0,0.0
66679,41,35,35,920.0,26.285714285714285,35,1.0,1.0,0.0
66680,41,35,31,665.0,21.451612903225808,35,1.0,0.8857142857142857,0.11428571428571432
66681,41,35,35,715.0,20.428571428571427,35,1.0,1.0,0.0
66682,333,34,28,541.0,19.321428571428573,34,1.0,0.8235294117647058,0.17647058823529416
66684,333,34,34,800.0,23.529411764705884,34,1.0,1.0,0.0
66685,252,35,30,307.0,10.233333333333333,35,1.0,0.8571428571428571,0.1428571428571429
66687,252,35,33,407.0,12.333333333333334,35,1.0,0.9428571428571428,0.05714285714285716
66688,2934,33,33,679.0,20.575757575757574,33,1.0,1.0,0.0
66689,2597,35,32,327.0,10.21875,35,1.0,0.9142857142857143,0.08571428571428574
66690,2934,33,33,922.0,27.939393939393938,33,1.0,1.0,0.0
66691,2130,32,31,574.0,18.516129032258064,32,1.0,0.96875,0.03125
66692,2130,32,21,294.0,14.0,32,1.0,0.65625,0.34375
66693,2130,32,29,320.0,11.03448275862069,32,1.0,0.90625,0.09375
66694,2130,32,19,223.0,11.736842105263158,32,1.0,0.59375,0.40625
66695,2130,32,12,89.0,7.416666666666667,32,1.0,0.375,0.625
66697,2253,32,21,292.0,13.904761904761903,32,1.0,0.65625,0.34375
66700,2253,32,32,857.0,26.78125,32,1.0,1.0,0.0
66701,2253,32,13,74.0,5.6923076923076925,32,1.0,0.40625,0.59375
66702,70,30,30,790.0,26.333333333333332,30,1.0,1.0,0.0
66703,70,30,30,640.0,21.333333333333332,30,1.0,1.0,0.0
66705,70,30,30,901.0,30.033333333333335,30,1.0,1.0,0.0
66706,70,30,30,703.0,23.433333333333337,30,1.0,1.0,0.0
66707,70,30,6,49.0,8.166666666666666,30,1.0,0.2,0.8
66708,70,30,30,411.0,13.7,30,1.0,1.0,0.0
66709,70,30,21,203.0,9.666666666666666,30,1.0,0.7,0.30000000000000004
66711,166,34,27,322.0,11.925925925925926,34,1.0,0.7941176470588235,0.20588235294117652
66712,166,34,34,880.0,25.88235294117647,34,1.0,1.0,0.0
66713,166,34,10,43.0,4.3,34,1.0,0.29411764705882354,0.7058823529411764
66714,2547,34,18,150.0,8.333333333333334,34,1.0,0.5294117647058824,0.47058823529411764
66715,2547,34,26,412.0,15.846153846153848,34,1.0,0.7647058823529411,0.23529411764705888
66716,2547,34,34,974.0,28.647058823529413,34,1.0,1.0,0.0
66722,140,33,33,1070.0,32.42424242424242,33,1.0,1.0,0.0
66723,140,33,33,881.0,26.696969696969695,33,1.0,1.0,0.0
66726,140,33,8,57.0,7.125,33,1.0,0.24242424242424243,0.7575757575757576
66727,140,33,29,307.0,10.586206896551724,33,1.0,0.8787878787878788,0.12121212121212122
66730,3084,30,19,234.0,12.31578947368421,30,1.0,0.6333333333333333,0.3666666666666667
66731,2429,32,21,149.0,7.095238095238095,32,1.0,0.65625,0.34375
66733,151,33,33,1021.0,30.939393939393938,33,1.0,1.0,0.0
66734,151,33,33,800.0,24.24242424242424,33,1.0,1.0,0.0
66737,2348,36,20,100.0,5.0,36,1.0,0.5555555555555556,0.4444444444444444
66738,276,32,31,713.0,23.0,32,1.0,0.96875,0.03125
66739,276,32,32,574.0,17.9375,32,1.0,1.0,0.0
66740,276,32,5,124.0,24.8,32,1.0,0.15625,0.84375
66741,2640,35,34,1053.0,30.970588235294116,35,1.0,0.9714285714285714,0.02857142857142858
66743,2393,36,17,151.0,8.882352941176471,36,1.0,0.4722222222222222,0.5277777777777778
66746,2393,36,36,733.0,20.36111111111111,36,1.0,1.0,0.0
66747,2393,36,36,1048.0,29.11111111111111,36,1.0,1.0,0.0
66748,249,31,29,428.0,14.758620689655173,31,1.0,0.9354838709677419,0.06451612903225812
66750,295,35,34,722.0,21.235294117647054,35,1.0,0.9714285714285714,0.02857142857142858
66751,295,35,27,236.0,8.74074074074074,35,1.0,0.7714285714285715,0.22857142857142854
66752,295,35,14,58.0,4.142857142857143,35,1.0,0.4,0.6
66753,295,35,35,848.0,24.228571428571428,35,1.0,1.0,0.0
66754,2458,30,9,48.0,5.333333333333333,30,1.0,0.3,0.7
66757,242,32,32,726.0,22.6875,32,1.0,1.0,0.0
66759,242,32,32,1013.0,31.65625,32,1.0,1.0,0.0
66761,2572,29,28,914.0,32.642857142857146,29,1.0,0.9655172413793104,0.03448275862068961
66765,2655,31,22,186.0,8.454545454545455,31,1.0,0.7096774193548387,0.29032258064516125
66766,2655,31,31,576.0,18.580645161290324,31,1.0,1.0,0.0
66768,2655,31,9,119.0,13.22222222222222,31,1.0,0.2903225806451613,0.7096774193548387
66769,2655,31,31,320.0,10.32258064516129,31,1.0,1.0,0.0
66770,2655,31,31,984.0,31.741935483870968,31,1.0,1.0,0.0
66771,202,34,34,931.0,27.38235294117647,34,1.0,1.0,0.0
66772,202,34,32,238.0,7.4375,34,1.0,0.9411764705882353,0.05882352941176472
66774,202,34,13,37.0,2.8461538461538463,34,1.0,0.38235294117647056,0.6176470588235294
66776,202,34,22,98.0,4.454545454545454,34,1.0,0.6470588235294118,0.3529411764705882
66778,5,36,36,618.0,17.166666666666668,36,1.0,1.0,0.0
66779,5,36,34,763.0,22.441176470588236,36,1.0,0.9444444444444444,0.05555555555555558
66781,5,36,34,604.0,17.764705882352942,36,1.0,0.9444444444444444,0.05555555555555558
66782,5,36,36,658.0,18.27777777777778,36,1.0,1.0,0.0
66785,2638,33,33,940.0,28.484848484848484,33,1.0,1.0,0.0
66788,2636,30,24,350.0,14.583333333333334,30,1.0,0.8,0.19999999999999996
66789,2636,30,30,1005.0,33.5,30,1.0,1.0,0.0
66790,2636,30,29,870.0,30.0,30,1.0,0.9666666666666667,0.033333333333333326
66791,325,34,22,124.0,5.636363636363637,34,1.0,0.6470588235294118,0.3529411764705882
66793,325,34,29,217.0,7.482758620689655,34,1.0,0.8529411764705882,0.1470588235294118
66794,2174,33,33,679.0,20.575757575757574,33,1.0,1.0,0.0
66795,2174,33,33,673.0,20.39393939393939,33,1.0,1.0,0.0
66796,2174,33,33,831.0,25.181818181818183,33,1.0,1.0,0.0
66797,2739,33,28,235.0,8.392857142857142,33,1.0,0.8484848484848485,0.1515151515151515
66798,2739,33,17,73.0,4.294117647058823,33,1.0,0.5151515151515151,0.48484848484848486
66799,2739,33,33,638.0,19.333333333333332,33,1.0,1.0,0.0
66800,270,30,30,669.0,22.3,30,1.0,1.0,0.0
66802,270,30,19,254.0,13.36842105263158,30,1.0,0.6333333333333333,0.3666666666666667
66803,270,30,12,45.0,3.75,30,1.0,0.4,0.6
66804,270,30,30,884.0,29.466666666666665,30,1.0,1.0,0.0
66805,270,30,25,196.0,7.84,30,1.0,0.8333333333333334,0.16666666666666663
66806,270,30,20,87.0,4.35,30,1.0,0.6666666666666666,0.33333333333333337
66807,2473,33,33,785.0,23.78787878787879,33,1.0,1.0,0.0
66808,2473,33,28,463.0,16.535714285714285,33,1.0,0.8484848484848485,0.1515151515151515
66810,2473,33,33,1272.0,38.54545454545455,33,1.0,1.0,0.0
66812,82,34,12,54.0,4.5,34,1.0,0.35294117647058826,0.6470588235294117
66814,82,34,32,562.0,17.5625,34,1.0,0.9411764705882353,0.05882352941176472
66815,82,34,29,534.0,18.41379310344828,34,1.0,0.8529411764705882,0.1470588235294118
66816,82,34,14,69.0,4.928571428571429,34,1.0,0.4117647058823529,0.5882352941176471
66819,2674,34,13,94.0,7.230769230769231,34,1.0,0.38235294117647056,0.6176470588235294
66820,2674,34,32,633.0,19.78125,34,1.0,0.9411764705882353,0.05882352941176472
66821,2674,34,34,1039.0,30.558823529411764,34,1.0,1.0,0.0
66822,2750,31,26,231.0,8.884615384615385,31,1.0,0.8387096774193549,0.16129032258064513
66823,2437,29,21,97.0,4.619047619047619,29,1.0,0.7241379310344828,0.27586206896551724
66824,2754,32,32,1117.0,34.90625,32,1.0,1.0,0.0
66825,2754,32,17,336.0,19.764705882352946,32,1.0,0.53125,0.46875
66827,225,31,29,939.0,32.37931034482759,31,1.0,0.9354838709677419,0.06451612903225812
66828,225,31,31,826.0,26.64516129032258,31,1.0,1.0,0.0
66829,225,31,17,433.0,25.470588235294116,31,1.0,0.5483870967741935,0.4516129032258065
66832,225,31,31,1000.0,32.25806451612903,31,1.0,1.0,0.0
66833,171,28,27,459.0,17.0,28,1.0,0.9642857142857143,0.0357142857142857
66834,171,28,21,203.0,9.666666666666666,28,1.0,0.75,0.25
66835,171,28,19,322.0,16.94736842105263,28,1.0,0.6785714285714286,0.3214285714285714
66836,171,28,28,510.0,18.214285714285715,28,1.0,1.0,0.0
66837,171,28,18,60.0,3.3333333333333335,28,1.0,0.6428571428571429,0.3571428571428571
66838,172,30,30,568.0,18.933333333333337,30,1.0,1.0,0.0
66839,172,30,29,479.0,16.517241379310345,30,1.0,0.9666666666666667,0.033333333333333326
66840,172,30,28,743.0,26.535714285714285,30,1.0,0.9333333333333333,0.06666666666666665
66841,172,30,10,26.0,2.6,30,1.0,0.3333333333333333,0.6666666666666667
66842,172,30,29,358.0,12.344827586206897,30,1.0,0.9666666666666667,0.033333333333333326
66843,159,29,26,190.0,7.3076923076923075,29,1.0,0.896551724137931,0.10344827586206895
66845,159,29,27,149.0,5.518518518518518,29,1.0,0.9310344827586207,0.06896551724137934
66847,159,29,11,33.0,3.0,29,1.0,0.3793103448275862,0.6206896551724138
66848,108,30,29,346.0,11.93103448275862,30,1.0,0.9666666666666667,0.033333333333333326
66849,108,30,11,43.0,3.909090909090909,30,1.0,0.36666666666666664,0.6333333333333333
66853,219,28,22,154.0,7.0,28,1.0,0.7857142857142857,0.2142857142857143
66854,219,28,28,736.0,26.285714285714285,28,1.0,1.0,0.0
66857,43,32,27,292.0,10.814814814814817,32,1.0,0.84375,0.15625
66858,43,32,25,276.0,11.04,32,1.0,0.78125,0.21875
66859,43,32,4,26.0,6.5,32,1.0,0.125,0.875
66863,2046,30,20,107.0,5.35,30,1.0,0.6666666666666666,0.33333333333333337
66864,2046,30,30,886.0,29.533333333333335,30,1.0,1.0,0.0
66866,2057,33,33,928.0,28.12121212121212,33,1.0,1.0,0.0
66867,2057,33,26,150.0,5.769230769230769,33,1.0,0.7878787878787878,0.21212121212121215
66868,2057,33,12,42.0,3.5,33,1.0,0.36363636363636365,0.6363636363636364
66869,2057,33,30,124.0,4.133333333333334,33,1.0,0.9090909090909091,0.09090909090909094
66870,2057,33,19,73.0,3.8421052631578942,33,1.0,0.5757575757575758,0.4242424242424242
66871,2057,33,33,497.0,15.06060606060606,33,1.0,1.0,0.0
66872,153,38,38,582.0,15.31578947368421,38,1.0,1.0,0.0
66873,153,38,37,862.0,23.2972972972973,38,1.0,0.9736842105263158,0.02631578947368418
66874,153,38,38,562.0,14.789473684210526,38,1.0,1.0,0.0
66875,163,30,29,398.0,13.724137931034482,30,1.0,0.9666666666666667,0.033333333333333326
66876,163,30,29,828.0,28.551724137931036,30,1.0,0.9666666666666667,0.033333333333333326
66877,163,30,30,558.0,18.6,30,1.0,1.0,0.0
66879,163,30,17,60.0,3.5294117647058822,30,1.0,0.5666666666666667,0.43333333333333335
66880,163,30,30,968.0,32.266666666666666,30,1.0,1.0,0.0
66884,2197,33,19,144.0,7.578947368421052,33,1.0,0.5757575757575758,0.4242424242424242
66885,2197,33,18,81.0,4.5,33,1.0,0.5454545454545454,0.4545454545454546
66886,2197,33,33,927.0,28.09090909090909,33,1.0,1.0,0.0
66891,2198,33,33,953.0,28.87878787878788,33,1.0,1.0,0.0
66893,55,31,15,222.0,14.8,31,1.0,0.4838709677419355,0.5161290322580645
66894,55,30,15,86.0,5.733333333333333,31,0.967741935483871,0.4838709677419355,0.4838709677419355
66896,55,31,31,646.0,20.838709677419356,31,1.0,1.0,0.0
66897,55,31,31,715.0,23.06451612903226,31,1.0,1.0,0.0
66898,55,31,30,681.0,22.7,31,1.0,0.967741935483871,0.032258064516129004
66902,93,35,35,1126.0,32.17142857142857,35,1.0,1.0,0.0
66903,93,35,35,744.0,21.257142857142856,35,1.0,1.0,0.0
66904,93,35,35,1085.0,31.0,35,1.0,1.0,0.0
66905,93,35,10,24.0,2.4,35,1.0,0.2857142857142857,0.7142857142857143
66906,2565,28,28,566.0,20.214285714285715,28,1.0,1.0,0.0
66908,2565,28,23,608.0,26.434782608695652,28,1.0,0.8214285714285714,0.1785714285714286
66910,2546,30,30,871.0,29.033333333333335,30,1.0,1.0,0.0
66912,2546,30,27,447.0,16.555555555555557,30,1.0,0.9,0.09999999999999998
66913,2546,30,3,20.0,6.666666666666667,30,1.0,0.1,0.9
66915,150,9,6,63.0,10.5,39,0.23076923076923078,0.15384615384615385,0.07692307692307693
66919,2296,32,23,452.0,19.652173913043477,32,1.0,0.71875,0.28125
66923,2630,34,28,213.0,7.607142857142857,34,1.0,0.8235294117647058,0.17647058823529416
66924,2630,34,33,514.0,15.575757575757576,34,1.0,0.9705882352941176,0.02941176470588236
66925,2630,34,34,1199.0,35.26470588235294,34,1.0,1.0,0.0
66926,2630,34,33,357.0,10.818181818181818,34,1.0,0.9705882352941176,0.02941176470588236
66927,2803,31,23,461.0,20.043478260869566,31,1.0,0.7419354838709677,0.25806451612903225
66931,2803,31,31,961.0,31.0,31,1.0,1.0,0.0
66934,2115,31,31,1147.0,37.0,31,1.0,1.0,0.0
66935,2115,31,30,937.0,31.233333333333334,31,1.0,0.967741935483871,0.032258064516129004
66937,161,29,28,434.0,15.5,29,1.0,0.9655172413793104,0.03448275862068961
66938,161,29,29,856.0,29.517241379310345,29,1.0,1.0,0.0
66940,161,29,23,149.0,6.478260869565218,29,1.0,0.7931034482758621,0.2068965517241379
66942,112358,30,30,555.0,18.5,30,1.0,1.0,0.0
66943,112358,30,29,688.0,23.724137931034484,30,1.0,0.9666666666666667,0.033333333333333326
66944,112358,30,10,35.0,3.5,30,1.0,0.3333333333333333,0.6666666666666667
66945,112358,30,17,245.0,14.411764705882351,30,1.0,0.5666666666666667,0.43333333333333335
66946,112358,30,27,540.0,20.0,30,1.0,0.9,0.09999999999999998
66947,112358,30,30,699.0,23.3,30,1.0,1.0,0.0
66948,116,30,28,718.0,25.642857142857142,30,1.0,0.9333333333333333,0.06666666666666665
66949,116,30,27,397.0,14.703703703703704,30,1.0,0.9,0.09999999999999998
66950,116,30,30,542.0,18.066666666666663,30,1.0,1.0,0.0
66951,116,30,29,571.0,19.689655172413794,30,1.0,0.9666666666666667,0.033333333333333326
66953,2523,35,34,963.0,28.323529411764707,35,1.0,0.9714285714285714,0.02857142857142858
66956,2523,35,33,791.0,23.96969696969697,35,1.0,0.9428571428571428,0.05714285714285716
66958,2529,32,32,813.0,25.40625,32,1.0,1.0,0.0
66961,2597,35,26,286.0,11.0,35,1.0,0.7428571428571429,0.2571428571428571
66962,2597,35,29,676.0,23.310344827586206,35,1.0,0.8285714285714286,0.17142857142857137
66965,2598,32,32,1002.0,31.3125,32,1.0,1.0,0.0
66967,2598,32,22,148.0,6.7272727272727275,32,1.0,0.6875,0.3125
66968,2598,32,6,28.0,4.666666666666667,32,1.0,0.1875,0.8125
66969,2681,30,30,334.0,11.133333333333333,30,1.0,1.0,0.0
66970,2681,30,29,474.0,16.344827586206897,30,1.0,0.9666666666666667,0.033333333333333326
66971,2132,34,34,1065.0,31.323529411764707,34,1.0,1.0,0.0
66972,2132,34,34,742.0,21.823529411764707,34,1.0,1.0,0.0
66973,2363,33,21,276.0,13.142857142857142,33,1.0,0.6363636363636364,0.36363636363636365
66974,2132,34,24,241.0,10.041666666666666,34,1.0,0.7058823529411765,0.2941176470588235
66976,42,30,30,735.0,24.5,30,1.0,1.0,0.0
66977,42,30,14,57.0,4.071428571428571,30,1.0,0.4666666666666667,0.5333333333333333
66980,311,30,23,217.0,9.434782608695652,30,1.0,0.7666666666666667,0.23333333333333328
66981,311,30,9,196.0,21.77777777777778,30,1.0,0.3,0.7
66982,311,30,19,116.0,6.105263157894737,30,1.0,0.6333333333333333,0.3666666666666667
66984,311,30,27,517.0,19.14814814814815,30,1.0,0.9,0.09999999999999998
66985,311,30,15,373.0,24.866666666666667,30,1.0,0.5,0.5
66986,160,32,32,1015.0,31.71875,32,1.0,1.0,0.0
66987,160,32,32,787.0,24.59375,32,1.0,1.0,0.0
66991,160,32,7,78.0,11.142857142857142,32,1.0,0.21875,0.78125
66992,160,32,16,92.0,5.75,32,1.0,0.5,0.5
66993,160,32,31,795.0,25.64516129032258,32,1.0,0.96875,0.03125
67004,2349,29,22,706.0,32.09090909090909,29,1.0,0.7586206896551724,0.24137931034482762
67007,2349,29,25,227.0,9.08,29,1.0,0.8620689655172413,0.13793103448275867
67009,2349,29,29,569.0,19.620689655172413,29,1.0,1.0,0.0
67010,2349,29,25,313.0,12.52,29,1.0,0.8620689655172413,0.13793103448275867
67014,2349,29,29,425.0,14.655172413793103,29,1.0,1.0,0.0
67016,2908,36,9,80.0,8.88888888888889,36,1.0,0.25,0.75
67017,2908,35,3,40.0,13.333333333333334,36,0.9722222222222222,0.08333333333333333,0.8888888888888888
67018,2908,36,36,764.0,21.22222222222222,36,1.0,1.0,0.0
67019,2908,36,23,154.0,6.695652173913044,36,1.0,0.6388888888888888,0.36111111111111116
67020,2908,35,35,772.0,22.057142857142857,36,0.9722222222222222,0.9722222222222222,0.0
67024,2325,33,33,736.0,22.303030303030305,33,1.0,1.0,0.0
67025,46,33,22,105.0,4.7727272727272725,33,1.0,0.6666666666666666,0.33333333333333337
67026,127,39,32,277.0,8.65625,39,1.0,0.8205128205128205,0.17948717948717952
67027,127,39,39,659.0,16.897435897435898,39,1.0,1.0,0.0
67028,2006,35,35,822.0,23.485714285714284,35,1.0,1.0,0.0
67029,2006,35,35,673.0,19.228571428571428,35,1.0,1.0,0.0
67030,2006,35,28,272.0,9.714285714285714,35,1.0,0.8,0.19999999999999996
67031,2006,35,29,273.0,9.413793103448276,35,1.0,0.8285714285714286,0.17142857142857137
67032,2050,30,27,802.0,29.703703703703702,30,1.0,0.9,0.09999999999999998
67035,2050,30,12,108.0,9.0,30,1.0,0.4,0.6
67037,2050,30,30,861.0,28.7,30,1.0,1.0,0.0
67038,189,33,17,110.0,6.470588235294118,33,1.0,0.5151515151515151,0.48484848484848486
67039,189,33,33,896.0,27.151515151515152,33,1.0,1.0,0.0
67040,189,33,22,190.0,8.636363636363637,33,1.0,0.6666666666666666,0.33333333333333337
67041,2084,33,33,1139.0,34.515151515151516,33,1.0,1.0,0.0
67043,2117,32,23,96.0,4.173913043478261,32,1.0,0.71875,0.28125
67045,2117,32,32,563.0,17.59375,32,1.0,1.0,0.0
67046,2117,32,32,754.0,23.5625,32,1.0,1.0,0.0
67047,2117,32,32,887.0,27.71875,32,1.0,1.0,0.0
67048,2199,35,20,160.0,8.0,35,1.0,0.5714285714285714,0.4285714285714286
67049,2199,35,35,1095.0,31.285714285714285,35,1.0,1.0,0.0
67051,2199,35,13,74.0,5.6923076923076925,35,1.0,0.37142857142857144,0.6285714285714286
67056,2309,35,31,289.0,9.32258064516129,35,1.0,0.8857142857142857,0.11428571428571432
67058,193,32,28,322.0,11.5,32,1.0,0.875,0.125
67059,193,32,11,75.0,6.818181818181818,32,1.0,0.34375,0.65625
67061,2459,30,26,377.0,14.5,30,1.0,0.8666666666666667,0.1333333333333333
67063,195,30,17,141.0,8.294117647058824,30,1.0,0.5666666666666667,0.43333333333333335
67064,195,30,30,1047.0,34.9,30,1.0,1.0,0.0
67065,195,30,24,400.0,16.666666666666668,30,1.0,0.8,0.19999999999999996
67066,195,30,30,722.0,24.066666666666663,30,1.0,1.0,0.0
67067,2649,33,33,983.0,29.78787878787879,33,1.0,1.0,0.0
67069,2649,33,33,633.0,19.181818181818183,33,1.0,1.0,0.0
67071,2649,33,33,423.0,12.818181818181818,33,1.0,1.0,0.0
67072,2711,34,30,841.0,28.033333333333335,34,1.0,0.8823529411764706,0.11764705882352944
67074,2711,34,27,235.0,8.703703703703704,34,1.0,0.7941176470588235,0.20588235294117652
67075,85,31,31,435.0,14.03225806451613,31,1.0,1.0,0.0
67076,44,33,33,1088.0,32.96969696969697,33,1.0,1.0,0.0
67080,44,33,25,207.0,8.28,33,1.0,0.7575757575757576,0.24242424242424243
67082,349,30,16,93.0,5.8125,30,1.0,0.5333333333333333,0.4666666666666667
67084,349,30,4,55.0,13.75,30,1.0,0.13333333333333333,0.8666666666666667
67086,349,30,18,149.0,8.277777777777779,30,1.0,0.6,0.4
67087,349,30,11,68.0,6.181818181818182,30,1.0,0.36666666666666664,0.6333333333333333
67089,349,30,10,60.0,6.0,30,1.0,0.3333333333333333,0.6666666666666667
67091,349,30,5,75.0,15.0,30,1.0,0.16666666666666666,0.8333333333333334
67092,104,30,20,129.0,6.45,30,1.0,0.6666666666666666,0.33333333333333337
67093,104,30,14,79.0,5.642857142857143,30,1.0,0.4666666666666667,0.5333333333333333
67094,104,30,29,982.0,33.86206896551724,30,1.0,0.9666666666666667,0.033333333333333326
67096,2083,34,30,352.0,11.733333333333333,34,1.0,0.8823529411764706,0.11764705882352944
67097,2083,34,34,565.0,16.61764705882353,34,1.0,1.0,0.0
67098,2083,34,24,185.0,7.708333333333333,34,1.0,0.7058823529411765,0.2941176470588235
67099,2599,33,31,952.0,30.70967741935484,33,1.0,0.9393939393939394,0.06060606060606055
67100,2229,33,29,319.0,11.0,33,1.0,0.8787878787878788,0.12121212121212122
67103,2229,33,30,708.0,23.6,33,1.0,0.9090909090909091,0.09090909090909094
67105,2885,33,33,831.0,25.181818181818183,33,1.0,1.0,0.0
67106,2885,33,5,48.0,9.6,33,1.0,0.15151515151515152,0.8484848484848485
67107,2885,33,33,1203.0,36.45454545454545,33,1.0,1.0,0.0
67108,2885,33,28,531.0,18.964285714285715,33,1.0,0.8484848484848485,0.1515151515151515
67109,2885,33,28,256.0,9.142857142857142,33,1.0,0.8484848484848485,0.1515151515151515
67112,344,32,29,744.0,25.655172413793103,32,1.0,0.90625,0.09375
67113,344,32,30,371.0,12.366666666666667,32,1.0,0.9375,0.0625
67115,331,34,33,797.0,24.151515151515152,34,1.0,0.9705882352941176,0.02941176470588236
67116,331,34,21,205.0,9.761904761904765,34,1.0,0.6176470588235294,0.38235294117647056
67117,331,34,33,1101.0,33.36363636363637,34,1.0,0.9705882352941176,0.02941176470588236
67118,331,34,33,511.0,15.484848484848484,34,1.0,0.9705882352941176,0.02941176470588236
67119,304,30,30,1039.0,34.63333333333333,30,1.0,1.0,0.0
67120,304,30,30,957.0,31.9,30,1.0,1.0,0.0
67121,304,30,30,442.0,14.733333333333333,30,1.0,1.0,0.0
67122,304,30,30,514.0,17.133333333333333,30,1.0,1.0,0.0
67124,304,29,22,196.0,8.909090909090908,30,0.9666666666666667,0.7333333333333333,0.2333333333333334
67125,304,30,20,106.0,5.3,30,1.0,0.6666666666666666,0.33333333333333337
67128,147,30,25,598.0,23.92,30,1.0,0.8333333333333334,0.16666666666666663
67129,147,30,28,472.0,16.857142857142858,30,1.0,0.9333333333333333,0.06666666666666665
67131,155,30,30,1025.0,34.166666666666664,30,1.0,1.0,0.0
67133,2464,38,37,1293.0,34.945945945945944,38,1.0,0.9736842105263158,0.02631578947368418
67135,2464,38,38,760.0,20.0,38,1.0,1.0,0.0
67138,2464,38,26,233.0,8.961538461538462,38,1.0,0.6842105263157895,0.3157894736842105
67140,2464,38,37,1111.0,30.027027027027028,38,1.0,0.9736842105263158,0.02631578947368418
67141,302,32,6,25.0,4.166666666666667,32,1.0,0.1875,0.8125
67143,300,34,33,619.0,18.75757575757576,34,1.0,0.9705882352941176,0.02941176470588236
67144,300,34,28,820.0,29.285714285714285,34,1.0,0.8235294117647058,0.17647058823529416
67145,300,34,34,368.0,10.823529411764708,34,1.0,1.0,0.0
67147,300,34,15,298.0,19.866666666666667,34,1.0,0.4411764705882353,0.5588235294117647
67148,27,31,31,720.0,23.225806451612904,31,1.0,1.0,0.0
67150,2540,33,33,602.0,18.24242424242424,33,1.0,1.0,0.0
67152,2540,33,31,980.0,31.612903225806452,33,1.0,0.9393939393939394,0.06060606060606055
67153,2540,33,12,79.0,6.583333333333333,33,1.0,0.36363636363636365,0.6363636363636364
67154,232,33,33,1073.0,32.515151515151516,33,1.0,1.0,0.0
67156,232,33,30,381.0,12.7,33,1.0,0.9090909090909091,0.09090909090909094
67158,48,30,28,303.0,10.821428571428571,30,1.0,0.9333333333333333,0.06666666666666665
67159,48,30,30,838.0,27.933333333333337,30,1.0,1.0,0.0
67161,48,30,28,568.0,20.285714285714285,30,1.0,0.9333333333333333,0.06666666666666665
67162,2182,30,30,656.0,21.866666666666667,30,1.0,1.0,0.0
67164,2182,30,22,672.0,30.545454545454547,30,1.0,0.7333333333333333,0.2666666666666667
67167,2275,34,34,576.0,16.941176470588236,34,1.0,1.0,0.0
67168,2275,34,17,78.0,4.588235294117647,34,1.0,0.5,0.5
67169,256,33,33,1050.0,31.818181818181817,33,1.0,1.0,0.0
67170,256,33,33,523.0,15.848484848484848,33,1.0,1.0,0.0
67171,256,33,29,662.0,22.82758620689655,33,1.0,0.8787878787878788,0.12121212121212122
67173,256,33,33,831.0,25.181818181818183,33,1.0,1.0,0.0
67174,256,33,15,139.0,9.266666666666667,33,1.0,0.45454545454545453,0.5454545454545454
67175,350,32,30,361.0,12.033333333333331,32,1.0,0.9375,0.0625
67176,350,32,32,981.0,30.65625,32,1.0,1.0,0.0
67177,111,35,14,63.0,4.5,35,1.0,0.4,0.6
67178,111,35,35,1167.0,33.34285714285714,35,1.0,1.0,0.0
67180,2099,33,33,1062.0,32.18181818181818,33,1.0,1.0,0.0
67181,119,32,32,820.0,25.625,32,1.0,1.0,0.0
67182,119,32,30,749.0,24.966666666666665,32,1.0,0.9375,0.0625
67183,2065,32,11,204.0,18.545454545454547,32,1.0,0.34375,0.65625
67184,2729,33,28,812.0,29.0,33,1.0,0.8484848484848485,0.1515151515151515
67185,2065,32,13,114.0,8.76923076923077,32,1.0,0.40625,0.59375
67186,2729,33,33,1090.0,33.03030303030303,33,1.0,1.0,0.0
67187,2065,32,12,395.0,32.916666666666664,32,1.0,0.375,0.625
67188,2729,33,23,231.0,10.043478260869565,33,1.0,0.696969696969697,0.303030303030303
67189,2729,33,27,322.0,11.925925925925926,33,1.0,0.8181818181818182,0.18181818181818177
67191,2142,33,4,56.0,14.0,33,1.0,0.12121212121212122,0.8787878787878788
67192,2142,33,4,26.0,6.5,33,1.0,0.12121212121212122,0.8787878787878788
67196,2142,33,32,297.0,9.28125,33,1.0,0.9696969696969697,0.030303030303030276
67197,107,30,20,474.0,23.7,30,1.0,0.6666666666666666,0.33333333333333337
67198,107,30,30,760.0,25.333333333333332,30,1.0,1.0,0.0
67199,107,30,29,400.0,13.79310344827586,30,1.0,0.9666666666666667,0.033333333333333326
67201,107,30,22,196.0,8.909090909090908,30,1.0,0.7333333333333333,0.2666666666666667
67202,322,33,31,994.0,32.064516129032256,33,1.0,0.9393939393939394,0.06060606060606055
67203,322,33,32,278.0,8.6875,33,1.0,0.9696969696969697,0.030303030303030276
67204,322,33,31,391.0,12.612903225806452,33,1.0,0.9393939393939394,0.06060606060606055
67205,322,33,13,35.0,2.6923076923076925,33,1.0,0.3939393939393939,0.6060606060606061
67206,2329,30,30,847.0,28.233333333333334,30,1.0,1.0,0.0
67207,2329,30,30,467.0,15.566666666666666,30,1.0,1.0,0.0
67208,2329,30,7,23.0,3.2857142857142856,30,1.0,0.23333333333333334,0.7666666666666666
67210,2329,30,30,866.0,28.866666666666667,30,1.0,1.0,0.0
67213,2352,30,30,309.0,10.3,30,1.0,1.0,0.0
67215,2426,32,31,419.0,13.516129032258064,32,1.0,0.96875,0.03125
67216,2426,32,12,128.0,10.666666666666666,32,1.0,0.375,0.625
67217,2426,32,21,152.0,7.238095238095238,32,1.0,0.65625,0.34375
67219,2426,32,15,157.0,10.466666666666669,32,1.0,0.46875,0.53125
67222,2426,32,32,609.0,19.03125,32,1.0,1.0,0.0
67223,2026,29,21,127.0,6.0476190476190474,29,1.0,0.7241379310344828,0.27586206896551724
67227,236,32,32,702.0,21.9375,32,1.0,1.0,0.0
67228,236,32,30,823.0,27.433333333333337,32,1.0,0.9375,0.0625
67231,2643,30,28,594.0,21.214285714285715,30,1.0,0.9333333333333333,0.06666666666666665
67232,2643,30,21,155.0,7.380952380952381,30,1.0,0.7,0.30000000000000004
67233,2643,30,30,641.0,21.366666666666667,30,1.0,1.0,0.0
67236,2166,32,25,750.0,30.0,32,1.0,0.78125,0.21875
67238,2166,32,32,404.0,12.625,32,1.0,1.0,0.0
67242,2210,33,11,214.0,19.454545454545453,33,1.0,0.3333333333333333,0.6666666666666667
67243,2210,33,33,636.0,19.272727272727273,33,1.0,1.0,0.0
67245,231,33,32,888.0,27.75,33,1.0,0.9696969696969697,0.030303030303030276
67246,231,33,7,91.0,13.0,33,1.0,0.21212121212121213,0.7878787878787878
67248,2306,32,29,807.0,27.82758620689655,32,1.0,0.90625,0.09375
67249,2306,32,31,780.0,25.161290322580644,32,1.0,0.96875,0.03125
67250,2306,32,32,572.0,17.875,32,1.0,1.0,0.0
67253,2641,32,23,139.0,6.043478260869565,32,1.0,0.71875,0.28125
67254,2641,32,9,35.0,3.888888888888889,32,1.0,0.28125,0.71875
67255,2641,32,30,545.0,18.166666666666668,32,1.0,0.9375,0.0625
67256,2641,32,32,781.0,24.40625,32,1.0,1.0,0.0
67257,2226,28,20,253.0,12.65,28,1.0,0.7142857142857143,0.2857142857142857
67258,2226,28,28,924.0,33.0,28,1.0,1.0,0.0
67262,290,31,31,769.0,24.806451612903224,31,1.0,1.0,0.0
67263,290,31,27,702.0,26.0,31,1.0,0.8709677419354839,0.12903225806451613
67265,290,30,29,352.0,12.137931034482758,31,0.967741935483871,0.9354838709677419,0.032258064516129115
67268,290,31,6,32.0,5.333333333333333,31,1.0,0.1935483870967742,0.8064516129032258
67270,2430,33,31,947.0,30.548387096774192,33,1.0,0.9393939393939394,0.06060606060606055
67271,2430,33,25,800.0,32.0,33,1.0,0.7575757575757576,0.24242424242424243
67272,2430,33,28,639.0,22.821428571428573,33,1.0,0.8484848484848485,0.1515151515151515
67274,2430,33,24,339.0,14.125,33,1.0,0.7272727272727273,0.2727272727272727
67276,2535,32,32,460.0,14.375,32,1.0,1.0,0.0
67277,2535,32,32,415.0,12.96875,32,1.0,1.0,0.0
67281,2535,32,10,30.0,3.0,32,1.0,0.3125,0.6875
67282,2717,32,18,150.0,8.333333333333334,32,1.0,0.5625,0.4375
67283,2747,35,32,860.0,26.875,35,1.0,0.9142857142857143,0.08571428571428574
67284,2747,35,35,618.0,17.65714285714286,35,1.0,1.0,0.0
67286,2000,31,30,438.0,14.6,31,1.0,0.967741935483871,0.032258064516129004
67287,2000,31,31,748.0,24.129032258064516,31,1.0,1.0,0.0
67289,2000,31,31,894.0,28.838709677419356,31,1.0,1.0,0.0
67290,2000,31,25,216.0,8.64,31,1.0,0.8064516129032258,0.19354838709677424
67291,2000,31,31,741.0,23.903225806451612,31,1.0,1.0,0.0
67292,2000,31,31,902.0,29.096774193548388,31,1.0,1.0,0.0
67293,2000,31,20,88.0,4.4,31,1.0,0.6451612903225806,0.3548387096774194
67296,2000,31,20,269.0,13.45,31,1.0,0.6451612903225806,0.3548387096774194
67299,2110,29,26,249.0,9.576923076923077,29,1.0,0.896551724137931,0.10344827586206895
67305,2277,28,24,235.0,9.791666666666666,28,1.0,0.8571428571428571,0.1428571428571429
67307,2277,28,28,626.0,22.357142857142858,28,1.0,1.0,0.0
67308,2277,28,28,631.0,22.535714285714285,28,1.0,1.0,0.0
67309,2277,28,22,299.0,13.590909090909092,28,1.0,0.7857142857142857,0.2142857142857143
67313,2916,29,27,847.0,31.37037037037037,29,1.0,0.9310344827586207,0.06896551724137934
67314,2916,29,28,1020.0,36.42857142857143,29,1.0,0.9655172413793104,0.03448275862068961
67316,2916,29,23,237.0,10.304347826086955,29,1.0,0.7931034482758621,0.2068965517241379
67317,2916,29,29,1070.0,36.89655172413793,29,1.0,1.0,0.0
67319,2916,29,12,99.0,8.25,29,1.0,0.41379310344827586,0.5862068965517242
67322,2320,30,30,893.0,29.766666666666666,30,1.0,1.0,0.0
67324,2320,30,29,828.0,28.551724137931036,30,1.0,0.9666666666666667,0.033333333333333326
67325,2320,30,23,286.0,12.434782608695652,30,1.0,0.7666666666666667,0.23333333333333328
67326,2320,30,30,624.0,20.8,30,1.0,1.0,0.0
67327,2377,31,31,929.0,29.967741935483872,31,1.0,1.0,0.0
67328,2377,31,28,196.0,7.0,31,1.0,0.9032258064516129,0.09677419354838712
67330,2377,31,12,41.0,3.4166666666666665,31,1.0,0.3870967741935484,0.6129032258064516
67331,2443,29,29,687.0,23.689655172413794,29,1.0,1.0,0.0
67333,2443,29,29,780.0,26.896551724137932,29,1.0,1.0,0.0
67334,2443,29,29,915.0,31.551724137931036,29,1.0,1.0,0.0
67335,2443,29,28,656.0,23.428571428571427,29,1.0,0.9655172413793104,0.03448275862068961
67341,2099,33,24,422.0,17.583333333333332,33,1.0,0.7272727272727273,0.2727272727272727
67342,2099,33,33,718.0,21.75757575757576,33,1.0,1.0,0.0
67343,2099,33,33,631.0,19.12121212121212,33,1.0,1.0,0.0
67346,2099,33,33,359.0,10.87878787878788,33,1.0,1.0,0.0
67348,2447,29,29,601.0,20.724137931034484,29,1.0,1.0,0.0
67351,2466,32,30,565.0,18.833333333333332,32,1.0,0.9375,0.0625
67352,2217,31,28,648.0,23.142857142857142,31,1.0,0.9032258064516129,0.09677419354838712
67354,2217,31,18,171.0,9.5,31,1.0,0.5806451612903226,0.4193548387096774
67355,314,35,23,798.0,34.69565217391305,35,1.0,0.6571428571428571,0.34285714285714286
67357,314,35,34,528.0,15.529411764705882,35,1.0,0.9714285714285714,0.02857142857142858
67359,2363,33,33,681.0,20.636363636363637,33,1.0,1.0,0.0
67360,2466,32,31,624.0,20.129032258064516,32,1.0,0.96875,0.03125
67362,2363,33,19,146.0,7.684210526315789,33,1.0,0.5757575757575758,0.4242424242424242
67363,2466,32,32,1009.0,31.53125,32,1.0,1.0,0.0
67364,2466,32,22,237.0,10.772727272727272,32,1.0,0.6875,0.3125
67365,2368,32,22,180.0,8.181818181818182,32,1.0,0.6875,0.3125
67366,2368,32,16,185.0,11.5625,32,1.0,0.5,0.5
67367,198,34,33,408.0,12.363636363636363,34,1.0,0.9705882352941176,0.02941176470588236
67368,198,34,33,761.0,23.060606060606062,34,1.0,0.9705882352941176,0.02941176470588236
67370,2405,33,13,305.0,23.46153846153846,33,1.0,0.3939393939393939,0.6060606060606061
67373,2405,33,33,1062.0,32.18181818181818,33,1.0,1.0,0.0
67375,2405,33,33,486.0,14.727272727272728,33,1.0,1.0,0.0
67376,198,34,34,478.0,14.058823529411764,34,1.0,1.0,0.0
67377,2405,33,33,499.0,15.12121212121212,33,1.0,1.0,0.0
67380,198,34,20,158.0,7.9,34,1.0,0.5882352941176471,0.4117647058823529
67381,198,34,33,687.0,20.818181818181817,34,1.0,0.9705882352941176,0.02941176470588236
67382,2534,35,18,104.0,5.777777777777778,35,1.0,0.5142857142857142,0.48571428571428577
67383,2534,35,35,1004.0,28.685714285714287,35,1.0,1.0,0.0
67384,2534,35,33,466.0,14.12121212121212,35,1.0,0.9428571428571428,0.05714285714285716
67385,2534,35,14,40.0,2.857142857142857,35,1.0,0.4,0.6
67386,2545,32,32,1031.0,32.21875,32,1.0,1.0,0.0
67387,2545,32,20,722.0,36.1,32,1.0,0.625,0.375
67389,2545,32,18,486.0,27.0,32,1.0,0.5625,0.4375
67392,2617,34,28,267.0,9.535714285714286,34,1.0,0.8235294117647058,0.17647058823529416
67394,2617,34,34,649.0,19.08823529411765,34,1.0,1.0,0.0
67395,2617,34,32,508.0,15.875,34,1.0,0.9411764705882353,0.05882352941176472
67396,2617,34,16,102.0,6.375,34,1.0,0.47058823529411764,0.5294117647058824
67397,2617,34,11,26.0,2.363636363636364,34,1.0,0.3235294117647059,0.6764705882352942
67413,357,34,33,913.0,27.666666666666668,34,1.0,0.9705882352941176,0.02941176470588236
67414,357,34,34,656.0,19.294117647058822,34,1.0,1.0,0.0
67417,2172,30,23,240.0,10.434782608695652,30,1.0,0.7666666666666667,0.23333333333333328
67418,2870,31,31,970.0,31.29032258064516,31,1.0,1.0,0.0
67421,85,31,21,521.0,24.80952380952381,31,1.0,0.6774193548387096,0.32258064516129037
67422,85,31,31,396.0,12.774193548387096,31,1.0,1.0,0.0
67423,85,31,31,274.0,8.838709677419354,31,1.0,1.0,0.0
67424,85,31,11,61.0,5.545454545454546,31,1.0,0.3548387096774194,0.6451612903225806
67425,2437,29,27,823.0,30.48148148148148,29,1.0,0.9310344827586207,0.06896551724137934
67426,2437,29,24,251.0,10.458333333333334,29,1.0,0.8275862068965517,0.1724137931034483
67427,2449,33,33,1077.0,32.63636363636363,33,1.0,1.0,0.0
67428,2449,33,28,919.0,32.82142857142857,33,1.0,0.8484848484848485,0.1515151515151515
67430,2305,36,36,1207.0,33.52777777777778,36,1.0,1.0,0.0
67431,2305,36,36,1060.0,29.444444444444443,36,1.0,1.0,0.0
67432,2305,36,35,525.0,15.0,36,1.0,0.9722222222222222,0.02777777777777779
67439,233,33,19,188.0,9.894736842105264,33,1.0,0.5757575757575758,0.4242424242424242
67440,2571,35,31,304.0,9.806451612903226,35,1.0,0.8857142857142857,0.11428571428571432
67441,2571,35,19,114.0,6.0,35,1.0,0.5428571428571428,0.4571428571428572
67442,2571,35,25,199.0,7.96,35,1.0,0.7142857142857143,0.2857142857142857
67443,2571,35,8,27.0,3.375,35,1.0,0.22857142857142856,0.7714285714285715
67444,2710,28,28,822.0,29.357142857142858,28,1.0,1.0,0.0
67445,2710,28,15,316.0,21.066666666666663,28,1.0,0.5357142857142857,0.4642857142857143
67446,2710,28,28,925.0,33.035714285714285,28,1.0,1.0,0.0
67447,2710,28,20,423.0,21.15,28,1.0,0.7142857142857143,0.2857142857142857
67449,2031,31,25,421.0,16.84,31,1.0,0.8064516129032258,0.19354838709677424
67450,2031,31,21,458.0,21.80952380952381,31,1.0,0.6774193548387096,0.32258064516129037
67451,2032,29,29,897.0,30.93103448275862,29,1.0,1.0,0.0
67453,2247,35,27,255.0,9.444444444444445,35,1.0,0.7714285714285715,0.22857142857142854
67456,2447,29,29,540.0,18.620689655172413,29,1.0,1.0,0.0
67457,309,36,31,427.0,13.774193548387096,36,1.0,0.8611111111111112,0.13888888888888884
67458,309,36,20,63.0,3.15,36,1.0,0.5555555555555556,0.4444444444444444
67459,309,36,17,86.0,5.0588235294117645,36,1.0,0.4722222222222222,0.5277777777777778
67460,2433,38,21,474.0,22.571428571428573,38,1.0,0.5526315789473685,0.4473684210526315
67461,2433,38,38,547.0,14.394736842105264,38,1.0,1.0,0.0
67462,2433,38,38,1384.0,36.421052631578945,38,1.0,1.0,0.0
67463,2433,38,38,1347.0,35.44736842105263,38,1.0,1.0,0.0
67464,2433,38,22,133.0,6.045454545454546,38,1.0,0.5789473684210527,0.42105263157894735
67466,2433,38,17,59.0,3.4705882352941178,38,1.0,0.4473684210526316,0.5526315789473684
67467,6,33,33,1087.0,32.93939393939394,33,1.0,1.0,0.0
67469,6,33,33,582.0,17.636363636363637,33,1.0,1.0,0.0
67472,6,33,21,143.0,6.809523809523809,33,1.0,0.6363636363636364,0.36363636363636365
67473,326,31,31,714.0,23.032258064516128,31,1.0,1.0,0.0
67477,326,31,22,152.0,6.909090909090909,31,1.0,0.7096774193548387,0.29032258064516125
67479,326,31,31,288.0,9.290322580645162,31,1.0,1.0,0.0
67480,315,30,30,956.0,31.866666666666667,30,1.0,1.0,0.0
67481,250,31,30,470.0,15.666666666666666,31,1.0,0.967741935483871,0.032258064516129004
67482,315,30,30,882.0,29.4,30,1.0,1.0,0.0
67483,315,30,30,980.0,32.666666666666664,30,1.0,1.0,0.0
67484,250,31,31,762.0,24.580645161290324,31,1.0,1.0,0.0
67485,250,31,29,368.0,12.689655172413794,31,1.0,0.9354838709677419,0.06451612903225812
67486,250,31,31,383.0,12.35483870967742,31,1.0,1.0,0.0
67487,315,30,29,886.0,30.551724137931036,30,1.0,0.9666666666666667,0.033333333333333326
67489,326,31,30,917.0,30.566666666666663,31,1.0,0.967741935483871,0.032258064516129004
67490,315,30,30,656.0,21.866666666666667,30,1.0,1.0,0.0
67493,2653,29,29,745.0,25.689655172413794,29,1.0,1.0,0.0
67495,2653,29,3,26.0,8.666666666666666,29,1.0,0.10344827586206896,0.896551724137931
67497,2653,29,28,911.0,32.535714285714285,29,1.0,0.9655172413793104,0.03448275862068961
67499,2520,33,32,463.0,14.46875,33,1.0,0.9696969696969697,0.030303030303030276
67502,2520,33,33,980.0,29.696969696969695,33,1.0,1.0,0.0
67503,2520,33,20,368.0,18.4,33,1.0,0.6060606060606061,0.3939393939393939
67504,98,32,16,109.0,6.8125,32,1.0,0.5,0.5
67506,2612,34,34,937.0,27.558823529411764,34,1.0,1.0,0.0
67507,98,32,32,602.0,18.8125,32,1.0,1.0,0.0
67508,2612,34,18,76.0,4.222222222222222,34,1.0,0.5294117647058824,0.47058823529411764
67511,2612,34,34,807.0,23.735294117647054,34,1.0,1.0,0.0
67512,2612,34,34,927.0,27.264705882352946,34,1.0,1.0,0.0
67513,2561,31,31,1134.0,36.58064516129032,31,1.0,1.0,0.0
67514,2561,31,31,834.0,26.903225806451612,31,1.0,1.0,0.0
67517,2561,31,23,225.0,9.782608695652174,31,1.0,0.7419354838709677,0.25806451612903225
67518,2561,31,27,733.0,27.14814814814815,31,1.0,0.8709677419354839,0.12903225806451613
67520,2154,31,31,369.0,11.903225806451612,31,1.0,1.0,0.0
67521,2154,31,31,834.0,26.903225806451612,31,1.0,1.0,0.0
67522,2154,31,29,548.0,18.896551724137932,31,1.0,0.9354838709677419,0.06451612903225812
67523,2154,31,31,389.0,12.548387096774194,31,1.0,1.0,0.0
67524,2154,31,31,723.0,23.322580645161292,31,1.0,1.0,0.0
67526,2154,31,10,64.0,6.4,31,1.0,0.3225806451612903,0.6774193548387097
67528,2169,36,33,603.0,18.272727272727273,36,1.0,0.9166666666666666,0.08333333333333337
67529,2169,36,5,32.0,6.4,36,1.0,0.1388888888888889,0.8611111111111112
67531,2169,36,26,222.0,8.538461538461538,36,1.0,0.7222222222222222,0.2777777777777778
67532,2169,36,16,112.0,7.0,36,1.0,0.4444444444444444,0.5555555555555556
67533,2169,36,33,814.0,24.666666666666668,36,1.0,0.9166666666666666,0.08333333333333337
67534,2169,36,34,654.0,19.235294117647054,36,1.0,0.9444444444444444,0.05555555555555558
67535,2261,35,18,169.0,9.38888888888889,35,1.0,0.5142857142857142,0.48571428571428577
67536,2261,35,10,26.0,2.6,35,1.0,0.2857142857142857,0.7142857142857143
67537,103,32,22,345.0,15.681818181818182,32,1.0,0.6875,0.3125
67538,2261,35,21,209.0,9.952380952380953,35,1.0,0.6,0.4
67539,47,31,8,61.0,7.625,32,0.96875,0.25,0.71875
67540,47,32,4,37.0,9.25,32,1.0,0.125,0.875
67542,47,32,31,553.0,17.838709677419356,32,1.0,0.96875,0.03125
67544,47,32,30,971.0,32.36666666666667,32,1.0,0.9375,0.0625
67546,47,32,30,922.0,30.733333333333334,32,1.0,0.9375,0.0625
67547,47,32,21,166.0,7.904761904761905,32,1.0,0.65625,0.34375
67548,47,32,32,243.0,7.59375,32,1.0,1.0,0.0
67549,47,32,30,770.0,25.666666666666668,32,1.0,0.9375,0.0625
67550,5,36,36,940.0,26.11111111111111,36,1.0,1.0,0.0
67551,2379,33,31,549.0,17.70967741935484,33,1.0,0.9393939393939394,0.06060606060606055
67552,2379,33,33,279.0,8.454545454545455,33,1.0,1.0,0.0
67553,2379,33,33,916.0,27.75757575757576,33,1.0,1.0,0.0
67554,2379,33,21,127.0,6.0476190476190474,33,1.0,0.6363636363636364,0.36363636363636365
67555,2379,33,33,871.0,26.39393939393939,33,1.0,1.0,0.0
67556,2415,31,22,395.0,17.954545454545453,31,1.0,0.7096774193548387,0.29032258064516125
67557,2415,31,28,398.0,14.214285714285714,31,1.0,0.9032258064516129,0.09677419354838712
67558,2415,31,31,343.0,11.064516129032258,31,1.0,1.0,0.0
67565,2448,32,29,495.0,17.06896551724138,32,1.0,0.90625,0.09375
67569,2448,32,32,615.0,19.21875,32,1.0,1.0,0.0
67570,2448,32,32,717.0,22.40625,32,1.0,1.0,0.0
67571,2448,32,27,532.0,19.703703703703702,32,1.0,0.84375,0.15625
67572,2448,32,15,74.0,4.933333333333334,32,1.0,0.46875,0.53125
67573,2448,32,22,160.0,7.272727272727272,32,1.0,0.6875,0.3125
67575,2448,32,32,518.0,16.1875,32,1.0,1.0,0.0
67576,2428,33,33,1042.0,31.575757575757574,33,1.0,1.0,0.0
67577,2569,33,28,516.0,18.428571428571427,33,1.0,0.8484848484848485,0.1515151515151515
67580,2569,33,31,783.0,25.258064516129032,33,1.0,0.9393939393939394,0.06060606060606055
67582,2569,33,33,571.0,17.303030303030305,33,1.0,1.0,0.0
67583,2011,29,29,870.0,30.0,29,1.0,1.0,0.0
67584,2011,29,28,511.0,18.25,29,1.0,0.9655172413793104,0.03448275862068961
67588,2011,29,29,792.0,27.310344827586206,29,1.0,1.0,0.0
67590,2011,29,5,46.0,9.2,29,1.0,0.1724137931034483,0.8275862068965517
67591,2011,29,8,40.0,5.0,29,1.0,0.27586206896551724,0.7241379310344828
67592,2011,29,7,29.0,4.142857142857143,29,1.0,0.2413793103448276,0.7586206896551724
67594,2296,32,31,799.0,25.774193548387096,32,1.0,0.96875,0.03125
67596,2296,32,32,658.0,20.5625,32,1.0,1.0,0.0
67598,2296,32,32,523.0,16.34375,32,1.0,1.0,0.0
67600,2296,32,25,470.0,18.8,32,1.0,0.78125,0.21875
67601,2400,32,32,962.0,30.0625,32,1.0,1.0,0.0
67603,2400,32,32,561.0,17.53125,32,1.0,1.0,0.0
67605,2428,33,33,1065.0,32.27272727272727,33,1.0,1.0,0.0
67607,2582,35,35,1055.0,30.142857142857142,35,1.0,1.0,0.0
67608,2582,35,9,60.0,6.666666666666667,35,1.0,0.2571428571428571,0.7428571428571429
67611,2640,35,10,96.0,9.6,35,1.0,0.2857142857142857,0.7142857142857143
67614,2640,35,9,74.0,8.222222222222221,35,1.0,0.2571428571428571,0.7428571428571429
67616,158,31,16,129.0,8.0625,31,1.0,0.5161290322580645,0.4838709677419355
67619,158,31,30,551.0,18.366666666666667,31,1.0,0.967741935483871,0.032258064516129004
67620,58,32,28,937.0,33.464285714285715,32,1.0,0.875,0.125
67621,58,32,28,215.0,7.678571428571429,32,1.0,0.875,0.125
67623,59,31,31,605.0,19.516129032258064,31,1.0,1.0,0.0
67624,58,32,19,496.0,26.105263157894736,32,1.0,0.59375,0.40625
67625,58,32,31,753.0,24.29032258064516,32,1.0,0.96875,0.03125
67627,2567,34,7,22.0,3.142857142857143,34,1.0,0.20588235294117646,0.7941176470588236
67628,2116,30,30,1013.0,33.766666666666666,30,1.0,1.0,0.0
67630,2116,30,29,398.0,13.724137931034482,30,1.0,0.9666666666666667,0.033333333333333326
67633,183,31,28,803.0,28.678571428571427,31,1.0,0.9032258064516129,0.09677419354838712
67636,526,33,9,20.0,2.2222222222222223,33,1.0,0.2727272727272727,0.7272727272727273
67640,288,31,29,698.0,24.06896551724138,31,1.0,0.9354838709677419,0.06451612903225812
67645,2603,31,31,1197.0,38.61290322580645,31,1.0,1.0,0.0
67646,2603,31,21,108.0,5.142857142857143,31,1.0,0.6774193548387096,0.32258064516129037
67647,2603,31,14,98.0,7.0,31,1.0,0.45161290322580644,0.5483870967741935
67649,66,34,8,26.0,3.25,34,1.0,0.23529411764705882,0.7647058823529411
67651,251,30,5,47.0,9.4,34,0.8823529411764706,0.14705882352941177,0.7352941176470588
67652,251,34,24,757.0,31.541666666666668,34,1.0,0.7058823529411765,0.2941176470588235
67654,251,34,34,724.0,21.294117647058822,34,1.0,1.0,0.0
67656,277,35,33,433.0,13.12121212121212,35,1.0,0.9428571428571428,0.05714285714285716
67663,253,29,29,644.0,22.20689655172414,29,1.0,1.0,0.0
67664,253,29,29,620.0,21.379310344827587,29,1.0,1.0,0.0
67665,253,29,29,448.0,15.448275862068966,29,1.0,1.0,0.0
67666,253,29,29,618.0,21.310344827586206,29,1.0,1.0,0.0
67667,253,29,27,416.0,15.407407407407408,29,1.0,0.9310344827586207,0.06896551724137934
67673,2506,32,32,587.0,18.34375,32,1.0,1.0,0.0
67675,2294,34,34,676.0,19.88235294117647,34,1.0,1.0,0.0
67676,2294,34,9,24.0,2.6666666666666665,34,1.0,0.2647058823529412,0.7352941176470589
67677,130,32,17,57.0,3.3529411764705883,32,1.0,0.53125,0.46875
67682,2572,19,18,444.0,24.666666666666668,29,0.6551724137931034,0.6206896551724138,0.03448275862068961
67713,2006,35,34,625.0,18.38235294117647,35,1.0,0.9714285714285714,0.02857142857142858
67714,2363,33,33,536.0,16.242424242424242,33,1.0,1.0,0.0
67715,2005,31,9,31.0,3.4444444444444446,31,1.0,0.2903225806451613,0.7096774193548387
67717,2005,31,30,712.0,23.733333333333334,31,1.0,0.967741935483871,0.032258064516129004
67719,2005,31,30,688.0,22.933333333333337,31,1.0,0.967741935483871,0.032258064516129004
67724,68,34,32,1004.0,31.375,34,1.0,0.9411764705882353,0.05882352941176472
67725,68,34,34,704.0,20.705882352941178,34,1.0,1.0,0.0
67726,68,34,11,99.0,9.0,34,1.0,0.3235294117647059,0.6764705882352942
67727,68,34,32,886.0,27.6875,34,1.0,0.9411764705882353,0.05882352941176472
67732,2440,31,9,24.0,2.6666666666666665,31,1.0,0.2903225806451613,0.7096774193548387
67733,167,31,22,263.0,11.954545454545457,31,1.0,0.7096774193548387,0.29032258064516125
67734,167,31,31,765.0,24.677419354838708,31,1.0,1.0,0.0
67735,167,31,3,89.0,29.666666666666668,31,1.0,0.0967741935483871,0.9032258064516129
67737,167,31,29,871.0,30.03448275862069,31,1.0,0.9354838709677419,0.06451612903225812
67739,2181,31,31,852.0,27.483870967741936,31,1.0,1.0,0.0
67741,339,36,30,232.0,7.733333333333333,36,1.0,0.8333333333333334,0.16666666666666663
67742,339,36,36,694.0,19.27777777777778,36,1.0,1.0,0.0
67743,339,36,36,667.0,18.52777777777778,36,1.0,1.0,0.0
67745,339,36,36,1079.0,29.97222222222222,36,1.0,1.0,0.0
67746,2287,35,25,560.0,22.4,35,1.0,0.7142857142857143,0.2857142857142857
67749,2724,35,35,750.0,21.428571428571427,35,1.0,1.0,0.0
67750,2724,35,26,229.0,8.807692307692308,35,1.0,0.7428571428571429,0.2571428571428571
67751,2724,35,33,421.0,12.757575757575758,35,1.0,0.9428571428571428,0.05714285714285716
67752,2724,35,12,49.0,4.083333333333333,35,1.0,0.34285714285714286,0.6571428571428571
67755,116,30,10,24.0,2.4,30,1.0,0.3333333333333333,0.6666666666666667
67797,2546,30,5,21.0,4.2,30,1.0,0.16666666666666666,0.8333333333333334
67798,2635,30,30,792.0,26.4,30,1.0,1.0,0.0
67801,2635,30,28,443.0,15.821428571428571,30,1.0,0.9333333333333333,0.06666666666666665
67802,2635,30,25,243.0,9.72,30,1.0,0.8333333333333334,0.16666666666666663
67803,2635,30,27,528.0,19.555555555555557,30,1.0,0.9,0.09999999999999998
67807,2483,36,4,20.0,5.0,36,1.0,0.1111111111111111,0.8888888888888888
67809,26,36,36,1222.0,33.94444444444444,36,1.0,1.0,0.0
67810,264,31,31,993.0,32.03225806451613,31,1.0,1.0,0.0
67811,264,31,26,447.0,17.192307692307693,31,1.0,0.8387096774193549,0.16129032258064513
67814,264,31,30,1104.0,36.8,31,1.0,0.967741935483871,0.032258064516129004
68083,2250,38,13,52.0,4.0,38,1.0,0.34210526315789475,0.6578947368421053
68085,2250,38,11,31.0,2.8181818181818183,38,1.0,0.2894736842105263,0.7105263157894737
68089,2351,31,27,764.0,28.296296296296298,31,1.0,0.8709677419354839,0.12903225806451613
68090,2351,31,24,481.0,20.041666666666668,31,1.0,0.7741935483870968,0.22580645161290325
68095,2617,34,32,239.0,7.46875,34,1.0,0.9411764705882353,0.05882352941176472
68098,2296,32,21,123.0,5.857142857142857,32,1.0,0.65625,0.34375
68099,2428,33,16,94.0,5.875,33,1.0,0.48484848484848486,0.5151515151515151
68100,2542,31,24,131.0,5.458333333333333,31,1.0,0.7741935483870968,0.22580645161290325
68101,2542,30,8,119.0,14.875,31,0.967741935483871,0.25806451612903225,0.7096774193548387
68102,2542,31,31,743.0,23.967741935483872,31,1.0,1.0,0.0
68103,2542,31,30,850.0,28.333333333333332,31,1.0,0.967741935483871,0.032258064516129004
68105,2542,31,23,485.0,21.08695652173913,31,1.0,0.7419354838709677,0.25806451612903225
68106,2542,31,31,651.0,21.0,31,1.0,1.0,0.0
68107,2514,30,26,459.0,17.653846153846153,30,1.0,0.8666666666666667,0.1333333333333333
68108,2514,30,15,158.0,10.533333333333331,30,1.0,0.5,0.5
68115,2016,32,32,598.0,18.6875,32,1.0,1.0,0.0
68116,2016,32,32,1075.0,33.59375,32,1.0,1.0,0.0
68117,2016,14,9,61.0,6.777777777777778,32,0.4375,0.28125,0.15625
68118,2755,29,23,676.0,29.39130434782609,29,1.0,0.7931034482758621,0.2068965517241379
68119,2755,29,26,230.0,8.846153846153847,29,1.0,0.896551724137931,0.10344827586206895
68120,2755,29,26,175.0,6.730769230769231,29,1.0,0.896551724137931,0.10344827586206895
68124,2755,29,29,916.0,31.58620689655172,29,1.0,1.0,0.0
68125,2755,29,27,642.0,23.77777777777778,29,1.0,0.9310344827586207,0.06896551724137934
68127,2755,29,29,814.0,28.06896551724138,29,1.0,1.0,0.0
68128,2400,32,17,175.0,10.294117647058824,32,1.0,0.53125,0.46875
68129,2400,32,11,77.0,7.0,32,1.0,0.34375,0.65625
68130,2934,33,31,914.0,29.483870967741936,33,1.0,0.9393939393939394,0.06060606060606055
68133,166,34,34,989.0,29.08823529411765,34,1.0,1.0,0.0
68134,292,31,26,325.0,12.5,31,1.0,0.8387096774193549,0.16129032258064513
68136,292,31,29,581.0,20.03448275862069,31,1.0,0.9354838709677419,0.06451612903225812
68520,2504,33,17,63.0,3.7058823529411766,33,1.0,0.5151515151515151,0.48484848484848486
68522,2010,29,23,162.0,7.043478260869565,29,1.0,0.7931034482758621,0.2068965517241379
68523,2010,29,29,859.0,29.620689655172413,29,1.0,1.0,0.0
68532,277,35,21,122.0,5.809523809523809,35,1.0,0.6,0.4
68694,2,35,25,204.0,8.16,35,1.0,0.7142857142857143,0.2857142857142857
68697,2029,32,27,479.0,17.74074074074074,32,1.0,0.84375,0.15625
68698,2029,32,32,814.0,25.4375,32,1.0,1.0,0.0
68699,2029,31,23,97.0,4.217391304347826,32,0.96875,0.71875,0.25
68700,2029,31,21,156.0,7.428571428571429,32,0.96875,0.65625,0.3125
2229314,16,33,33,1104.0,33.45454545454545,33,1.0,1.0,0.0
2610607,2193,30,4,24.0,6.0,30,1.0,0.13333333333333333,0.8666666666666667
2617916,2335,32,32,569.0,17.78125,32,1.0,1.0,0.0
2951047,163,30,23,428.0,18.60869565217391,30,1.0,0.7666666666666667,0.23333333333333328
3043210,23,20,1,21.0,21.0,30,0.6666666666666666,0.03333333333333333,0.6333333333333333
3056613,23,20,3,56.0,18.666666666666668,30,0.6666666666666666,0.1,0.5666666666666667
3057223,2640,26,9,56.0,6.222222222222222,35,0.7428571428571429,0.2571428571428571,0.48571428571428577
3058272,232,33,32,281.0,8.78125,33,1.0,0.9696969696969697,0.030303030303030276
3058796,338,32,6,59.0,9.833333333333334,32,1.0,0.1875,0.8125
3058797,338,32,32,783.0,24.46875,32,1.0,1.0,0.0
3059414,71,33,31,993.0,32.03225806451613,33,1.0,0.9393939393939394,0.06060606060606055
3059512,79,33,22,418.0,19.0,33,1.0,0.6666666666666666,0.33333333333333337
3062804,325,34,27,959.0,35.51851851851852,34,1.0,0.7941176470588235,0.20588235294117652
3064324,2450,34,17,65.0,3.823529411764706,34,1.0,0.5,0.5
3064332,2569,33,33,601.0,18.21212121212121,33,1.0,1.0,0.0
3064703,2277,28,14,79.0,5.642857142857143,28,1.0,0.5,0.5
3074800,2306,32,31,799.0,25.774193548387096,32,1.0,0.96875,0.03125
3077412,2428,33,31,1097.0,35.38709677419355,33,1.0,0.9393939393939394,0.06060606060606055
3077451,2582,35,31,504.0,16.258064516129032,35,1.0,0.8857142857142857,0.11428571428571432
3077886,120,35,33,383.0,11.606060606060606,35,1.0,0.9428571428571428,0.05714285714285716
3078214,154,32,5,26.0,5.2,32,1.0,0.15625,0.84375
3078334,27,31,31,890.0,28.70967741935484,31,1.0,1.0,0.0
3078503,2459,30,28,807.0,28.821428571428573,30,1.0,0.9333333333333333,0.06666666666666665
3078654,111,35,31,249.0,8.03225806451613,35,1.0,0.8857142857142857,0.11428571428571432
3078927,2377,31,26,264.0,10.153846153846152,31,1.0,0.8387096774193549,0.16129032258064513
3079114,193,32,5,38.0,7.6,32,1.0,0.15625,0.84375
3079276,2349,29,29,962.0,33.172413793103445,29,1.0,1.0,0.0
3079782,3084,30,27,527.0,19.51851851851852,30,1.0,0.9,0.09999999999999998
3079808,254,35,19,40.0,2.1052631578947367,35,1.0,0.5428571428571428,0.4571428571428572
3079836,2448,32,8,20.0,2.5,32,1.0,0.25,0.75
3080366,47,32,32,559.0,17.46875,32,1.0,1.0,0.0
3080874,3084,30,14,73.0,5.214285714285714,30,1.0,0.4666666666666667,0.5333333333333333
3081478,57,33,7,24.0,3.4285714285714284,33,1.0,0.21212121212121213,0.7878787878787878
3081912,164,32,15,48.0,3.2,32,1.0,0.46875,0.53125
3083086,290,31,6,24.0,4.0,31,1.0,0.1935483870967742,0.8064516129032258
3085293,57,33,31,452.0,14.580645161290322,33,1.0,0.9393939393939394,0.06060606060606055
3085606,299,33,25,423.0,16.92,33,1.0,0.7575757575757576,0.24242424242424243
3089433,252,35,33,308.0,9.333333333333334,35,1.0,0.9428571428571428,0.05714285714285716
3090195,2363,33,10,26.0,2.6,33,1.0,0.30303030303030304,0.696969696969697
3090367,58,32,15,32.0,2.1333333333333333,32,1.0,0.46875,0.53125
3090679,2608,31,30,841.0,28.033333333333335,31,1.0,0.967741935483871,0.032258064516129004
3090921,227,33,31,307.0,9.903225806451612,33,1.0,0.9393939393939394,0.06060606060606055
3093022,219,28,16,99.0,6.1875,28,1.0,0.5714285714285714,0.4285714285714286
3123848,242,26,24,346.0,14.416666666666666,32,0.8125,0.75,0.0625
3129673,228,31,19,162.0,8.526315789473685,31,1.0,0.6129032258064516,0.3870967741935484
3129674,228,31,31,918.0,29.612903225806452,31,1.0,1.0,0.0
3129896,2097,32,26,445.0,17.115384615384617,32,1.0,0.8125,0.1875
3129897,2097,32,31,364.0,11.741935483870968,32,1.0,0.96875,0.03125
3129898,2097,32,32,751.0,23.46875,32,1.0,1.0,0.0
3129901,2127,31,4,20.0,5.0,31,1.0,0.12903225806451613,0.8709677419354839
3129902,2127,31,25,173.0,6.92,31,1.0,0.8064516129032258,0.19354838709677424
3129903,2127,31,23,159.0,6.913043478260869,31,1.0,0.7419354838709677,0.25806451612903225
3129904,2127,31,25,232.0,9.28,31,1.0,0.8064516129032258,0.19354838709677424
3129905,2127,31,30,344.0,11.466666666666669,31,1.0,0.967741935483871,0.032258064516129004
3129906,2127,31,21,141.0,6.714285714285714,31,1.0,0.6774193548387096,0.32258064516129037
3129907,2127,31,31,962.0,31.032258064516128,31,1.0,1.0,0.0
3129908,324,34,27,376.0,13.925925925925926,34,1.0,0.7941176470588235,0.20588235294117652
3129909,2241,35,35,830.0,23.714285714285715,35,1.0,1.0,0.0
3129912,2241,35,10,56.0,5.6,35,1.0,0.2857142857142857,0.7142857142857143
3129914,2272,33,27,210.0,7.777777777777778,33,1.0,0.8181818181818182,0.18181818181818177
3129915,2272,33,17,172.0,10.117647058823527,33,1.0,0.5151515151515151,0.48484848484848486
3129916,2272,33,23,202.0,8.782608695652174,33,1.0,0.696969696969697,0.303030303030303
3129918,2344,34,33,537.0,16.272727272727273,34,1.0,0.9705882352941176,0.02941176470588236
3129919,2344,34,24,221.0,9.208333333333334,34,1.0,0.7058823529411765,0.2941176470588235
3129921,2344,34,34,750.0,22.058823529411764,34,1.0,1.0,0.0
3129922,2427,31,7,34.0,4.857142857142857,31,1.0,0.22580645161290322,0.7741935483870968
3129923,2427,31,23,404.0,17.565217391304348,31,1.0,0.7419354838709677,0.25806451612903225
3129924,2427,31,13,242.0,18.615384615384617,31,1.0,0.41935483870967744,0.5806451612903225
3129925,2427,31,29,753.0,25.96551724137931,31,1.0,0.9354838709677419,0.06451612903225812
3129926,2427,31,15,122.0,8.133333333333333,31,1.0,0.4838709677419355,0.5161290322580645
3129927,2506,32,32,387.0,12.09375,32,1.0,1.0,0.0
3129928,2506,32,29,597.0,20.58620689655172,32,1.0,0.90625,0.09375
3129929,2506,32,20,661.0,33.05,32,1.0,0.625,0.375
3129931,2506,32,32,412.0,12.875,32,1.0,1.0,0.0
3129932,2737,32,32,825.0,25.78125,32,1.0,1.0,0.0
3129933,2737,32,27,278.0,10.296296296296296,32,1.0,0.84375,0.15625
3129934,232,33,31,514.0,16.580645161290324,33,1.0,0.9393939393939394,0.06060606060606055
3129935,232,33,32,509.0,15.90625,33,1.0,0.9696969696969697,0.030303030303030276
3129937,232,33,33,895.0,27.12121212121212,33,1.0,1.0,0.0
3129938,48,30,23,218.0,9.478260869565217,30,1.0,0.7666666666666667,0.23333333333333328
3129939,48,30,30,725.0,24.166666666666668,30,1.0,1.0,0.0
3129940,48,30,29,990.0,34.13793103448276,30,1.0,0.9666666666666667,0.033333333333333326
3129941,48,30,19,133.0,7.0,30,1.0,0.6333333333333333,0.3666666666666667
3129942,48,30,26,224.0,8.615384615384615,30,1.0,0.8666666666666667,0.1333333333333333
3129943,2182,30,24,593.0,24.708333333333332,30,1.0,0.8,0.19999999999999996
3129944,2182,30,20,211.0,10.55,30,1.0,0.6666666666666666,0.33333333333333337
3129945,2182,30,30,910.0,30.333333333333332,30,1.0,1.0,0.0
3129946,2182,30,27,314.0,11.62962962962963,30,1.0,0.9,0.09999999999999998
3129947,2210,33,33,619.0,18.75757575757576,33,1.0,1.0,0.0
3129948,2210,33,32,389.0,12.15625,33,1.0,0.9696969696969697,0.030303030303030276
3129949,2210,33,31,351.0,11.32258064516129,33,1.0,0.9393939393939394,0.06060606060606055
3129951,2210,33,33,840.0,25.454545454545453,33,1.0,1.0,0.0
3129952,2275,34,34,578.0,17.0,34,1.0,1.0,0.0
3129953,2275,34,27,446.0,16.51851851851852,34,1.0,0.7941176470588235,0.20588235294117652
3129954,2275,34,17,162.0,9.529411764705882,34,1.0,0.5,0.5
3129956,256,33,32,884.0,27.625,33,1.0,0.9696969696969697,0.030303030303030276
3129957,256,33,26,558.0,21.46153846153846,33,1.0,0.7878787878787878,0.21212121212121215
3129959,256,33,19,283.0,14.894736842105264,33,1.0,0.5757575757575758,0.4242424242424242
3129961,350,32,27,251.0,9.296296296296296,32,1.0,0.84375,0.15625
3129962,350,32,32,849.0,26.53125,32,1.0,1.0,0.0
3129964,2729,33,18,156.0,8.666666666666666,33,1.0,0.5454545454545454,0.4545454545454546
3129965,2729,33,33,544.0,16.484848484848484,33,1.0,1.0,0.0
3129967,2729,33,24,222.0,9.25,33,1.0,0.7272727272727273,0.2727272727272727
3130510,526,33,33,391.0,11.848484848484848,33,1.0,1.0,0.0
3130511,526,33,26,252.0,9.692307692307692,33,1.0,0.7878787878787878,0.21212121212121215
3130514,338,32,12,78.0,6.5,32,1.0,0.375,0.625
3130516,288,31,26,560.0,21.53846153846154,31,1.0,0.8387096774193549,0.16129032258064513
3130517,288,31,28,213.0,7.607142857142857,31,1.0,0.9032258064516129,0.09677419354838712
3130518,288,31,30,442.0,14.733333333333333,31,1.0,0.967741935483871,0.032258064516129004
3130519,288,31,30,231.0,7.7,31,1.0,0.967741935483871,0.032258064516129004
3130525,94,30,30,860.0,28.666666666666668,30,1.0,1.0,0.0
3130526,94,30,17,108.0,6.352941176470588,30,1.0,0.5666666666666667,0.43333333333333335
3130531,56,31,31,939.0,30.29032258064516,31,1.0,1.0,0.0
3130532,56,31,31,720.0,23.225806451612904,31,1.0,1.0,0.0
3130533,56,31,15,218.0,14.533333333333331,31,1.0,0.4838709677419355,0.5161290322580645
3130534,56,31,31,364.0,11.741935483870968,31,1.0,1.0,0.0
3130536,56,31,9,82.0,9.11111111111111,31,1.0,0.2903225806451613,0.7096774193548387
3130537,56,31,31,751.0,24.225806451612904,31,1.0,1.0,0.0
3130549,104,30,12,110.0,9.166666666666666,30,1.0,0.4,0.6
3130550,104,30,29,694.0,23.93103448275862,30,1.0,0.9666666666666667,0.033333333333333326
3130551,104,30,16,130.0,8.125,30,1.0,0.5333333333333333,0.4666666666666667
3130556,2142,33,31,256.0,8.258064516129032,33,1.0,0.9393939393939394,0.06060606060606055
3130557,2142,33,13,123.0,9.461538461538462,33,1.0,0.3939393939393939,0.6060606060606061
3130560,107,30,23,303.0,13.173913043478262,30,1.0,0.7666666666666667,0.23333333333333328
3130563,2329,30,30,948.0,31.6,30,1.0,1.0,0.0
3130564,2329,30,5,23.0,4.6,30,1.0,0.16666666666666666,0.8333333333333334
3130565,2329,30,30,474.0,15.8,30,1.0,1.0,0.0
3130568,2352,30,30,837.0,27.9,30,1.0,1.0,0.0
3130569,2352,30,28,196.0,7.0,30,1.0,0.9333333333333333,0.06666666666666665
3130571,2352,30,30,753.0,25.1,30,1.0,1.0,0.0
3130572,2352,30,30,557.0,18.566666666666663,30,1.0,1.0,0.0
3130577,2253,32,22,283.0,12.863636363636363,32,1.0,0.6875,0.3125
3130578,2253,32,30,534.0,17.8,32,1.0,0.9375,0.0625
3130579,2253,32,32,400.0,12.5,32,1.0,1.0,0.0
3130582,2253,32,5,41.0,8.2,32,1.0,0.15625,0.84375
3130607,140,33,25,211.0,8.44,33,1.0,0.7575757575757576,0.24242424242424243
3130608,140,33,33,762.0,23.09090909090909,33,1.0,1.0,0.0
3130609,140,33,30,442.0,14.733333333333333,33,1.0,0.9090909090909091,0.09090909090909094
3130610,140,33,30,521.0,17.366666666666667,33,1.0,0.9090909090909091,0.09090909090909094
3130611,140,33,33,636.0,19.272727272727273,33,1.0,1.0,0.0
3130612,140,33,25,394.0,15.76,33,1.0,0.7575757575757576,0.24242424242424243
3130693,2110,29,27,341.0,12.62962962962963,29,1.0,0.9310344827586207,0.06896551724137934
3130694,2110,29,28,304.0,10.857142857142858,29,1.0,0.9655172413793104,0.03448275862068961
3130695,2110,29,29,978.0,33.724137931034484,29,1.0,1.0,0.0
3130696,2110,29,22,149.0,6.7727272727272725,29,1.0,0.7586206896551724,0.24137931034482762
3130697,2110,29,28,927.0,33.107142857142854,29,1.0,0.9655172413793104,0.03448275862068961
3130698,2110,29,25,590.0,23.6,29,1.0,0.8620689655172413,0.13793103448275867
3130700,2110,29,29,596.0,20.551724137931036,29,1.0,1.0,0.0
3130703,2277,28,20,187.0,9.35,28,1.0,0.7142857142857143,0.2857142857142857
3130704,2277,28,9,26.0,2.888888888888889,28,1.0,0.32142857142857145,0.6785714285714286
3130705,2277,28,27,448.0,16.59259259259259,28,1.0,0.9642857142857143,0.0357142857142857
3130710,2443,29,23,159.0,6.913043478260869,29,1.0,0.7931034482758621,0.2068965517241379
3130711,2443,29,28,297.0,10.607142857142858,29,1.0,0.9655172413793104,0.03448275862068961
3130712,2443,29,23,428.0,18.60869565217391,29,1.0,0.7931034482758621,0.2068965517241379
3130713,2443,29,29,539.0,18.58620689655172,29,1.0,1.0,0.0
3130714,2466,32,32,504.0,15.75,32,1.0,1.0,0.0
3130715,2466,32,32,641.0,20.03125,32,1.0,1.0,0.0
3130716,2466,32,7,74.0,10.571428571428571,32,1.0,0.21875,0.78125
3130717,2466,32,27,365.0,13.51851851851852,32,1.0,0.84375,0.15625
3130719,2466,32,17,120.0,7.0588235294117645,32,1.0,0.53125,0.46875
3130723,2534,35,16,87.0,5.4375,35,1.0,0.45714285714285713,0.5428571428571429
3130724,2617,34,34,495.0,14.558823529411764,34,1.0,1.0,0.0
3130725,2617,34,31,419.0,13.516129032258064,34,1.0,0.9117647058823529,0.08823529411764708
3130726,2617,34,34,747.0,21.970588235294116,34,1.0,1.0,0.0
3130727,2617,34,16,67.0,4.1875,34,1.0,0.47058823529411764,0.5294117647058824
3130736,399,33,30,418.0,13.933333333333334,33,1.0,0.9090909090909091,0.09090909090909094
3130737,399,33,12,54.0,4.5,33,1.0,0.36363636363636365,0.6363636363636364
3130739,399,33,31,339.0,10.935483870967742,33,1.0,0.9393939393939394,0.06060606060606055
3130740,399,33,33,979.0,29.666666666666668,33,1.0,1.0,0.0
3130741,399,33,33,1152.0,34.90909090909091,33,1.0,1.0,0.0
3130742,399,33,33,349.0,10.575757575757576,33,1.0,1.0,0.0
3130745,42,30,10,28.0,2.8,30,1.0,0.3333333333333333,0.6666666666666667
3130746,42,30,30,450.0,15.0,30,1.0,1.0,0.0
3130747,42,30,14,158.0,11.285714285714286,30,1.0,0.4666666666666667,0.5333333333333333
3130749,2349,29,29,831.0,28.655172413793103,29,1.0,1.0,0.0
3130752,2349,29,26,534.0,20.53846153846154,29,1.0,0.896551724137931,0.10344827586206895
3130754,2349,29,2,21.0,10.5,29,1.0,0.06896551724137931,0.9310344827586207
3130755,2349,29,22,539.0,24.5,29,1.0,0.7586206896551724,0.24137931034482762
3130757,160,32,27,282.0,10.444444444444445,32,1.0,0.84375,0.15625
3130758,160,32,29,899.0,31.0,32,1.0,0.90625,0.09375
3130759,160,32,30,439.0,14.633333333333333,32,1.0,0.9375,0.0625
3130760,2619,35,35,668.0,19.085714285714285,35,1.0,1.0,0.0
3130761,2619,35,33,376.0,11.393939393939394,35,1.0,0.9428571428571428,0.05714285714285716
3130762,2619,35,32,405.0,12.65625,35,1.0,0.9142857142857143,0.08571428571428574
3130763,261,34,31,447.0,14.419354838709678,34,1.0,0.9117647058823529,0.08823529411764708
3130765,261,34,34,895.0,26.323529411764707,34,1.0,1.0,0.0
3130766,261,34,34,688.0,20.235294117647054,34,1.0,1.0,0.0
3130767,261,34,4,56.0,14.0,34,1.0,0.11764705882352941,0.8823529411764706
3130768,261,34,30,244.0,8.133333333333333,34,1.0,0.8823529411764706,0.11764705882352944
3131628,356,33,33,487.0,14.757575757575758,33,1.0,1.0,0.0
3131630,120,35,30,379.0,12.633333333333333,35,1.0,0.8571428571428571,0.1428571428571429
3131631,120,35,35,674.0,19.257142857142856,35,1.0,1.0,0.0
3131632,120,35,35,1180.0,33.714285714285715,35,1.0,1.0,0.0
3131633,120,35,35,474.0,13.542857142857144,35,1.0,1.0,0.0
3132041,2132,34,26,213.0,8.192307692307692,34,1.0,0.7647058823529411,0.23529411764705888
3132042,2132,34,34,945.0,27.794117647058822,34,1.0,1.0,0.0
3132043,2132,34,34,360.0,10.588235294117649,34,1.0,1.0,0.0
3132045,248,32,9,38.0,4.222222222222222,32,1.0,0.28125,0.71875
3132046,248,32,16,142.0,8.875,32,1.0,0.5,0.5
3132047,248,32,27,457.0,16.925925925925927,32,1.0,0.84375,0.15625
3132050,235,32,27,416.0,15.407407407407408,32,1.0,0.84375,0.15625
3132052,235,32,18,205.0,11.38888888888889,32,1.0,0.5625,0.4375
3132054,58,32,32,367.0,11.46875,32,1.0,1.0,0.0
3132055,58,32,28,678.0,24.214285714285715,32,1.0,0.875,0.125
3132056,58,32,29,671.0,23.13793103448276,32,1.0,0.90625,0.09375
3132057,58,32,29,404.0,13.93103448275862,32,1.0,0.90625,0.09375
3132058,58,32,30,838.0,27.933333333333337,32,1.0,0.9375,0.0625
3132059,2655,31,31,291.0,9.387096774193548,31,1.0,1.0,0.0
3132062,2116,30,26,855.0,32.88461538461539,30,1.0,0.8666666666666667,0.1333333333333333
3132064,2116,30,30,1050.0,35.0,30,1.0,1.0,0.0
3132065,2116,30,17,73.0,4.294117647058823,30,1.0,0.5666666666666667,0.43333333333333335
3132068,2116,30,24,333.0,13.875,30,1.0,0.8,0.19999999999999996
3132359,2429,32,32,880.0,27.5,32,1.0,1.0,0.0
3132360,2429,32,32,813.0,25.40625,32,1.0,1.0,0.0
3132365,2229,33,30,533.0,17.766666666666666,33,1.0,0.9090909090909091,0.09090909090909094
3132366,2229,33,9,73.0,8.11111111111111,33,1.0,0.2727272727272727,0.7272727272727273
3132367,2229,33,33,194.0,5.878787878787879,33,1.0,1.0,0.0
3132372,2348,36,36,382.0,10.61111111111111,36,1.0,1.0,0.0
3132373,2348,36,29,291.0,10.03448275862069,36,1.0,0.8055555555555556,0.19444444444444442
3132374,2348,36,28,183.0,6.535714285714286,36,1.0,0.7777777777777778,0.2222222222222222
3132375,2348,36,27,178.0,6.592592592592593,36,1.0,0.75,0.25
3132377,2348,36,36,558.0,15.5,36,1.0,1.0,0.0
3132378,2348,36,25,186.0,7.44,36,1.0,0.6944444444444444,0.3055555555555556
3132416,276,32,14,67.0,4.785714285714286,32,1.0,0.4375,0.5625
3132418,276,32,32,508.0,15.875,32,1.0,1.0,0.0
3132419,276,32,27,209.0,7.7407407407407405,32,1.0,0.84375,0.15625
3132420,276,32,32,833.0,26.03125,32,1.0,1.0,0.0
3132429,2393,36,36,641.0,17.805555555555557,36,1.0,1.0,0.0
3132430,2393,36,26,284.0,10.923076923076923,36,1.0,0.7222222222222222,0.2777777777777778
3132431,2393,36,35,623.0,17.8,36,1.0,0.9722222222222222,0.02777777777777779
3132433,2393,36,22,269.0,12.227272727272728,36,1.0,0.6111111111111112,0.38888888888888884
3132434,2393,36,35,524.0,14.971428571428572,36,1.0,0.9722222222222222,0.02777777777777779
3132436,2393,36,27,451.0,16.703703703703702,36,1.0,0.75,0.25
3132437,2393,36,36,648.0,18.0,36,1.0,1.0,0.0
3132446,249,31,28,289.0,10.321428571428571,31,1.0,0.9032258064516129,0.09677419354838712
3132447,249,31,31,794.0,25.612903225806452,31,1.0,1.0,0.0
3132448,249,31,28,383.0,13.678571428571429,31,1.0,0.9032258064516129,0.09677419354838712
3132449,249,31,27,515.0,19.074074074074073,31,1.0,0.8709677419354839,0.12903225806451613
3132451,249,31,4,30.0,7.5,31,1.0,0.12903225806451613,0.8709677419354839
3132452,249,31,17,154.0,9.058823529411764,31,1.0,0.5483870967741935,0.4516129032258065
3132467,242,32,32,934.0,29.1875,32,1.0,1.0,0.0
3132468,242,32,25,142.0,5.68,32,1.0,0.78125,0.21875
3132469,242,32,12,64.0,5.333333333333333,32,1.0,0.375,0.625
3132470,242,32,12,215.0,17.916666666666668,32,1.0,0.375,0.625
3132482,5,36,35,946.0,27.02857142857143,36,1.0,0.9722222222222222,0.02777777777777779
3132483,5,36,36,620.0,17.22222222222222,36,1.0,1.0,0.0
3132484,5,36,11,56.0,5.090909090909091,36,1.0,0.3055555555555556,0.6944444444444444
3132485,5,36,33,783.0,23.727272727272727,36,1.0,0.9166666666666666,0.08333333333333337
3132486,5,36,26,211.0,8.115384615384615,36,1.0,0.7222222222222222,0.2777777777777778
3132488,5,36,9,27.0,3.0,36,1.0,0.25,0.75
3132529,2636,30,5,22.0,4.4,30,1.0,0.16666666666666666,0.8333333333333334
3132530,2636,30,26,447.0,17.192307692307693,30,1.0,0.8666666666666667,0.1333333333333333
3132531,2636,30,21,147.0,7.0,30,1.0,0.7,0.30000000000000004
3132532,2636,30,30,1012.0,33.733333333333334,30,1.0,1.0,0.0
3132533,2636,30,27,284.0,10.51851851851852,30,1.0,0.9,0.09999999999999998
3132536,2638,33,33,883.0,26.75757575757576,33,1.0,1.0,0.0
3132538,2638,33,19,151.0,7.947368421052632,33,1.0,0.5757575757575758,0.4242424242424242
3132543,98,32,3,23.0,7.666666666666667,32,1.0,0.09375,0.90625
3132544,98,32,29,465.0,16.03448275862069,32,1.0,0.90625,0.09375
3132546,98,32,17,109.0,6.411764705882353,32,1.0,0.53125,0.46875
3132547,98,32,31,482.0,15.548387096774194,32,1.0,0.96875,0.03125
3133269,2065,32,32,899.0,28.09375,32,1.0,1.0,0.0
3133270,2065,32,22,256.0,11.636363636363637,32,1.0,0.6875,0.3125
3133271,2065,32,25,583.0,23.32,32,1.0,0.78125,0.21875
3133594,2086,34,34,371.0,10.911764705882351,34,1.0,1.0,0.0
3133595,2086,34,16,67.0,4.1875,34,1.0,0.47058823529411764,0.5294117647058824
3133596,2086,34,34,495.0,14.558823529411764,34,1.0,1.0,0.0
3133597,66,34,12,69.0,5.75,34,1.0,0.35294117647058826,0.6470588235294117
3133599,66,34,8,35.0,4.375,34,1.0,0.23529411764705882,0.7647058823529411
3133600,2305,36,28,493.0,17.607142857142858,36,1.0,0.7777777777777778,0.2222222222222222
3133601,2305,36,29,517.0,17.82758620689655,36,1.0,0.8055555555555556,0.19444444444444442
3133602,2305,36,25,291.0,11.64,36,1.0,0.6944444444444444,0.3055555555555556
3133603,2305,36,36,756.0,21.0,36,1.0,1.0,0.0
3133605,2306,32,27,336.0,12.444444444444445,32,1.0,0.84375,0.15625
3133606,2306,32,21,211.0,10.047619047619047,32,1.0,0.65625,0.34375
3133609,201,35,34,403.0,11.852941176470589,35,1.0,0.9714285714285714,0.02857142857142858
3133611,201,35,34,360.0,10.588235294117649,35,1.0,0.9714285714285714,0.02857142857142858
3133623,2628,33,26,242.0,9.307692307692308,33,1.0,0.7878787878787878,0.21212121212121215
3133624,2628,33,10,38.0,3.8,33,1.0,0.30303030303030304,0.696969696969697
3133625,2628,33,14,69.0,4.928571428571429,33,1.0,0.42424242424242425,0.5757575757575757
3133626,2628,33,33,917.0,27.78787878787879,33,1.0,1.0,0.0
3133627,251,34,20,179.0,8.95,34,1.0,0.5882352941176471,0.4117647058823529
3133628,251,34,34,755.0,22.205882352941178,34,1.0,1.0,0.0
3133629,2641,32,32,582.0,18.1875,32,1.0,1.0,0.0
3133630,2641,32,16,301.0,18.8125,32,1.0,0.5,0.5
3133631,2641,23,9,64.0,7.111111111111111,32,0.71875,0.28125,0.4375
3133632,2641,32,31,673.0,21.70967741935484,32,1.0,0.96875,0.03125
3133633,2641,32,31,858.0,27.677419354838708,32,1.0,0.96875,0.03125
3133634,2641,32,32,785.0,24.53125,32,1.0,1.0,0.0
3133635,277,35,35,832.0,23.771428571428572,35,1.0,1.0,0.0
3133636,277,35,35,718.0,20.514285714285716,35,1.0,1.0,0.0
3133637,277,35,34,452.0,13.294117647058824,35,1.0,0.9714285714285714,0.02857142857142858
3133638,277,35,34,439.0,12.911764705882351,35,1.0,0.9714285714285714,0.02857142857142858
3133639,277,35,18,131.0,7.277777777777778,35,1.0,0.5142857142857142,0.48571428571428577
3133794,2166,32,31,364.0,11.741935483870968,32,1.0,0.96875,0.03125
3133795,2166,32,22,241.0,10.954545454545457,32,1.0,0.6875,0.3125
3133796,2166,32,32,570.0,17.8125,32,1.0,1.0,0.0
3133797,2166,32,32,972.0,30.375,32,1.0,1.0,0.0
3133798,2166,32,12,26.0,2.1666666666666665,32,1.0,0.375,0.625
3133805,2168,36,36,673.0,18.694444444444443,36,1.0,1.0,0.0
3133808,2184,31,24,275.0,11.458333333333334,31,1.0,0.7741935483870968,0.22580645161290325
3133809,2184,31,29,413.0,14.241379310344827,31,1.0,0.9354838709677419,0.06451612903225812
3133810,2184,31,20,375.0,18.75,31,1.0,0.6451612903225806,0.3548387096774194
3133816,2230,31,27,367.0,13.592592592592592,31,1.0,0.8709677419354839,0.12903225806451613
3133817,2230,31,27,842.0,31.185185185185187,31,1.0,0.8709677419354839,0.12903225806451613
3133818,2230,31,8,23.0,2.875,31,1.0,0.25806451612903225,0.7419354838709677
3133819,2230,31,31,1049.0,33.83870967741935,31,1.0,1.0,0.0
3133820,2230,31,26,108.0,4.153846153846154,31,1.0,0.8387096774193549,0.16129032258064513
3133821,2244,31,31,812.0,26.193548387096776,31,1.0,1.0,0.0
3133822,2244,31,5,30.0,6.0,31,1.0,0.16129032258064516,0.8387096774193549
3133824,2244,31,30,423.0,14.1,31,1.0,0.967741935483871,0.032258064516129004
3133825,2244,31,31,936.0,30.193548387096776,31,1.0,1.0,0.0
3133836,45,35,35,356.0,10.17142857142857,35,1.0,1.0,0.0
3133837,45,35,21,46.0,2.1904761904761907,35,1.0,0.6,0.4
3133838,45,35,35,787.0,22.485714285714284,35,1.0,1.0,0.0
3133839,45,35,32,172.0,5.375,35,1.0,0.9142857142857143,0.08571428571428574
3133840,45,35,22,56.0,2.5454545454545454,35,1.0,0.6285714285714286,0.37142857142857144
3133842,227,33,33,852.0,25.818181818181817,33,1.0,1.0,0.0
3133843,227,33,33,893.0,27.060606060606062,33,1.0,1.0,0.0
3133848,257,35,23,82.0,3.5652173913043477,35,1.0,0.6571428571428571,0.34285714285714286
3133854,2603,31,31,622.0,20.06451612903226,31,1.0,1.0,0.0
3133855,2603,31,4,26.0,6.5,31,1.0,0.12903225806451613,0.8709677419354839
3133857,2603,31,31,752.0,24.258064516129032,31,1.0,1.0,0.0
3133865,139,32,32,612.0,19.125,32,1.0,1.0,0.0
3133866,139,32,32,759.0,23.71875,32,1.0,1.0,0.0
3133867,139,32,31,768.0,24.774193548387096,32,1.0,0.96875,0.03125
3133868,139,32,26,327.0,12.576923076923077,32,1.0,0.8125,0.1875
3133869,139,32,30,326.0,10.866666666666667,32,1.0,0.9375,0.0625
3133870,139,32,32,495.0,15.46875,32,1.0,1.0,0.0
3133871,179,31,28,307.0,10.964285714285714,31,1.0,0.9032258064516129,0.09677419354838712
3133872,179,31,27,225.0,8.333333333333334,31,1.0,0.8709677419354839,0.12903225806451613
3133874,179,31,22,714.0,32.45454545454545,31,1.0,0.7096774193548387,0.29032258064516125
3133891,2174,33,33,481.0,14.575757575757576,33,1.0,1.0,0.0
3133892,2739,33,33,447.0,13.545454545454543,33,1.0,1.0,0.0
3133893,2739,33,19,134.0,7.052631578947368,33,1.0,0.5757575757575758,0.4242424242424242
3133894,2739,33,17,89.0,5.235294117647059,33,1.0,0.5151515151515151,0.48484848484848486
3133907,82,34,20,514.0,25.7,34,1.0,0.5882352941176471,0.4117647058823529
3133908,82,34,28,622.0,22.214285714285715,34,1.0,0.8235294117647058,0.17647058823529416
3133911,82,34,25,419.0,16.76,34,1.0,0.7352941176470589,0.2647058823529411
3133912,82,34,28,523.0,18.678571428571427,34,1.0,0.8235294117647058,0.17647058823529416
3133913,2473,33,8,21.0,2.625,33,1.0,0.24242424242424243,0.7575757575757576
3133914,2473,33,8,23.0,2.875,33,1.0,0.24242424242424243,0.7575757575757576
3133915,2473,33,26,238.0,9.153846153846152,33,1.0,0.7878787878787878,0.21212121212121215
3133916,2473,33,16,86.0,5.375,33,1.0,0.48484848484848486,0.5151515151515151
3133919,2674,34,34,921.0,27.08823529411765,34,1.0,1.0,0.0
3133920,2674,34,28,305.0,10.892857142857142,34,1.0,0.8235294117647058,0.17647058823529416
3133921,2674,34,34,924.0,27.176470588235293,34,1.0,1.0,0.0
3133922,2674,34,34,672.0,19.764705882352946,34,1.0,1.0,0.0
3133933,2750,31,31,722.0,23.29032258064516,31,1.0,1.0,0.0
3133934,2750,31,27,287.0,10.62962962962963,31,1.0,0.8709677419354839,0.12903225806451613
3133936,2750,31,21,241.0,11.476190476190476,31,1.0,0.6774193548387096,0.32258064516129037
3133937,2750,31,31,699.0,22.548387096774192,31,1.0,1.0,0.0
3133938,2750,31,26,480.0,18.46153846153846,31,1.0,0.8387096774193549,0.16129032258064513
3133939,2750,31,28,872.0,31.142857142857142,31,1.0,0.9032258064516129,0.09677419354838712
3133941,2754,32,17,265.0,15.588235294117649,32,1.0,0.53125,0.46875
3133945,2754,32,22,227.0,10.318181818181818,32,1.0,0.6875,0.3125
3133946,2754,32,28,572.0,20.428571428571427,32,1.0,0.875,0.125
3133956,2803,31,31,524.0,16.903225806451612,31,1.0,1.0,0.0
3133957,2803,31,9,31.0,3.4444444444444446,31,1.0,0.2903225806451613,0.7096774193548387
3133958,2803,31,17,177.0,10.411764705882351,31,1.0,0.5483870967741935,0.4516129032258065
3133960,161,29,29,846.0,29.17241379310345,29,1.0,1.0,0.0
3133962,161,29,29,527.0,18.17241379310345,29,1.0,1.0,0.0
3133963,161,29,24,524.0,21.833333333333332,29,1.0,0.8275862068965517,0.1724137931034483
3133966,116,30,30,734.0,24.466666666666665,30,1.0,1.0,0.0
3133967,116,30,13,99.0,7.615384615384615,30,1.0,0.43333333333333335,0.5666666666666667
3133968,116,30,15,115.0,7.666666666666667,30,1.0,0.5,0.5
3133969,2523,35,35,973.0,27.8,35,1.0,1.0,0.0
3133971,2523,35,35,1028.0,29.37142857142857,35,1.0,1.0,0.0
3133972,2523,35,11,157.0,14.272727272727272,35,1.0,0.3142857142857143,0.6857142857142857
3133973,2523,35,32,700.0,21.875,35,1.0,0.9142857142857143,0.08571428571428574
3133974,2523,35,24,178.0,7.416666666666667,35,1.0,0.6857142857142857,0.3142857142857143
3133975,2523,35,32,589.0,18.40625,35,1.0,0.9142857142857143,0.08571428571428574
3133976,2597,35,35,500.0,14.285714285714286,35,1.0,1.0,0.0
3133977,2597,35,35,1023.0,29.228571428571428,35,1.0,1.0,0.0
3133978,2597,35,28,310.0,11.071428571428571,35,1.0,0.8,0.19999999999999996
3133979,2597,35,28,633.0,22.607142857142858,35,1.0,0.8,0.19999999999999996
3134084,269,32,31,465.0,15.0,32,1.0,0.96875,0.03125
3134246,331,34,28,185.0,6.607142857142857,34,1.0,0.8235294117647058,0.17647058823529416
3134247,331,34,34,649.0,19.08823529411765,34,1.0,1.0,0.0
3134275,70,30,30,633.0,21.1,30,1.0,1.0,0.0
3134276,70,30,6,43.0,7.166666666666667,30,1.0,0.2,0.8
3134277,70,30,14,139.0,9.928571428571429,30,1.0,0.4666666666666667,0.5333333333333333
3134495,147,30,30,510.0,17.0,30,1.0,1.0,0.0
3134496,147,30,24,284.0,11.833333333333334,30,1.0,0.8,0.19999999999999996
3134498,147,30,24,190.0,7.916666666666667,30,1.0,0.8,0.19999999999999996
3134499,147,30,11,59.0,5.363636363636363,30,1.0,0.36666666666666664,0.6333333333333333
3134500,2464,38,4,20.0,5.0,38,1.0,0.10526315789473684,0.8947368421052632
3134501,2464,38,24,138.0,5.75,38,1.0,0.631578947368421,0.368421052631579
3134502,2464,38,12,365.0,30.416666666666668,38,1.0,0.3157894736842105,0.6842105263157895
3134503,2458,30,9,73.0,8.11111111111111,30,1.0,0.3,0.7
3134504,2502,29,13,339.0,26.076923076923077,29,1.0,0.4482758620689655,0.5517241379310345
3134505,2502,29,23,634.0,27.565217391304348,29,1.0,0.7931034482758621,0.2068965517241379
3134507,2502,29,23,302.0,13.130434782608695,29,1.0,0.7931034482758621,0.2068965517241379
3134881,12,38,38,1081.0,28.44736842105263,38,1.0,1.0,0.0
3134882,12,38,35,308.0,8.8,38,1.0,0.9210526315789473,0.07894736842105265
3134883,12,38,8,57.0,7.125,38,1.0,0.21052631578947367,0.7894736842105263
3134884,12,38,34,328.0,9.647058823529411,38,1.0,0.8947368421052632,0.10526315789473684
3134885,9,34,31,359.0,11.580645161290322,34,1.0,0.9117647058823529,0.08823529411764708
3134886,9,34,34,866.0,25.470588235294116,34,1.0,1.0,0.0
3134887,9,34,32,865.0,27.03125,34,1.0,0.9411764705882353,0.05882352941176472
3134888,9,34,18,229.0,12.72222222222222,34,1.0,0.5294117647058824,0.47058823529411764
3134889,9,34,6,23.0,3.8333333333333335,34,1.0,0.17647058823529413,0.8235294117647058
3134890,9,34,20,243.0,12.15,34,1.0,0.5882352941176471,0.4117647058823529
3134891,25,33,22,210.0,9.545454545454543,33,1.0,0.6666666666666666,0.33333333333333337
3134892,25,33,30,394.0,13.133333333333333,33,1.0,0.9090909090909091,0.09090909090909094
3134894,38,34,30,579.0,19.3,34,1.0,0.8823529411764706,0.11764705882352944
3134895,38,34,30,258.0,8.6,34,1.0,0.8823529411764706,0.11764705882352944
3134897,2483,36,34,789.0,23.205882352941178,36,1.0,0.9444444444444444,0.05555555555555558
3134898,2483,36,36,707.0,19.63888888888889,36,1.0,1.0,0.0
3134900,2483,36,36,675.0,18.75,36,1.0,1.0,0.0
3134901,2483,36,18,101.0,5.611111111111111,36,1.0,0.5,0.5
3134903,204,31,31,1125.0,36.29032258064516,31,1.0,1.0,0.0
3134904,204,31,10,30.0,3.0,31,1.0,0.3225806451612903,0.6774193548387097
3134905,254,35,35,526.0,15.028571428571428,35,1.0,1.0,0.0
3134907,254,35,31,252.0,8.129032258064516,35,1.0,0.8857142857142857,0.11428571428571432
3134908,254,35,34,792.0,23.294117647058822,35,1.0,0.9714285714285714,0.02857142857142858
3134910,254,35,33,416.0,12.606060606060606,35,1.0,0.9428571428571428,0.05714285714285716
3134911,24,37,36,399.0,11.083333333333334,37,1.0,0.972972972972973,0.027027027027026973
3134912,24,37,30,338.0,11.266666666666667,37,1.0,0.8108108108108109,0.18918918918918914
3134913,24,37,31,267.0,8.612903225806452,37,1.0,0.8378378378378378,0.16216216216216217
3134914,24,37,28,646.0,23.071428571428573,37,1.0,0.7567567567567568,0.2432432432432432
3134915,30,32,32,600.0,18.75,32,1.0,1.0,0.0
3134916,30,32,22,696.0,31.636363636363637,32,1.0,0.6875,0.3125
3134917,30,32,29,519.0,17.896551724137932,32,1.0,0.90625,0.09375
3134918,30,32,32,705.0,22.03125,32,1.0,1.0,0.0
3134923,265,31,16,92.0,5.75,31,1.0,0.5161290322580645,0.4838709677419355
3134924,265,31,11,56.0,5.090909090909091,31,1.0,0.3548387096774194,0.6451612903225806
3134925,265,31,15,157.0,10.466666666666669,31,1.0,0.4838709677419355,0.5161290322580645
3134927,265,31,31,602.0,19.419354838709676,31,1.0,1.0,0.0
3134928,2172,30,15,234.0,15.6,30,1.0,0.5,0.5
3134929,2172,30,18,246.0,13.666666666666666,30,1.0,0.6,0.4
3134930,2172,30,24,264.0,11.0,30,1.0,0.8,0.19999999999999996
3134931,2172,30,17,126.0,7.411764705882353,30,1.0,0.5666666666666667,0.43333333333333335
3134933,2870,31,31,482.0,15.548387096774194,31,1.0,1.0,0.0
3134936,2870,31,30,243.0,8.1,31,1.0,0.967741935483871,0.032258064516129004
3134937,85,31,8,22.0,2.75,31,1.0,0.25806451612903225,0.7419354838709677
3134938,85,31,31,664.0,21.419354838709676,31,1.0,1.0,0.0
3134940,85,31,28,585.0,20.892857142857142,31,1.0,0.9032258064516129,0.09677419354838712
3135037,2437,29,25,380.0,15.2,29,1.0,0.8620689655172413,0.13793103448275867
3135038,2437,29,27,173.0,6.407407407407407,29,1.0,0.9310344827586207,0.06896551724137934
3135039,2449,33,13,95.0,7.3076923076923075,33,1.0,0.3939393939393939,0.6060606060606061
3135040,2449,33,32,912.0,28.5,33,1.0,0.9696969696969697,0.030303030303030276
3135041,2449,33,11,38.0,3.4545454545454546,33,1.0,0.3333333333333333,0.6666666666666667
3135044,2449,33,17,80.0,4.705882352941177,33,1.0,0.5151515151515151,0.48484848484848486
3135045,150,39,34,322.0,9.470588235294118,39,1.0,0.8717948717948718,0.1282051282051282
3135046,150,39,39,1322.0,33.8974358974359,39,1.0,1.0,0.0
3135047,150,39,39,1135.0,29.102564102564106,39,1.0,1.0,0.0
3135048,150,39,38,1143.0,30.07894736842105,39,1.0,0.9743589743589743,0.02564102564102566
3135050,198,34,31,724.0,23.35483870967742,34,1.0,0.9117647058823529,0.08823529411764708
3135053,198,34,34,404.0,11.882352941176473,34,1.0,1.0,0.0
3135054,52,33,33,737.0,22.333333333333332,33,1.0,1.0,0.0
3135055,52,33,19,198.0,10.421052631578949,33,1.0,0.5757575757575758,0.4242424242424242
3135056,52,33,33,361.0,10.93939393939394,33,1.0,1.0,0.0
3135057,59,31,30,451.0,15.033333333333331,31,1.0,0.967741935483871,0.032258064516129004
3135059,59,31,8,34.0,4.25,31,1.0,0.25806451612903225,0.7419354838709677
3135061,59,31,19,112.0,5.894736842105263,31,1.0,0.6129032258064516,0.3870967741935484
3135075,2415,31,25,249.0,9.96,31,1.0,0.8064516129032258,0.19354838709677424
3135078,2415,31,10,47.0,4.7,31,1.0,0.3225806451612903,0.6774193548387097
3135079,2415,31,19,123.0,6.473684210526316,31,1.0,0.6129032258064516,0.3870967741935484
3135094,252,35,21,157.0,7.476190476190476,35,1.0,0.6,0.4
3135096,252,35,34,560.0,16.470588235294116,35,1.0,0.9714285714285714,0.02857142857142858
3135097,252,35,26,262.0,10.076923076923077,35,1.0,0.7428571428571429,0.2571428571428571
3135098,252,35,26,202.0,7.769230769230769,35,1.0,0.7428571428571429,0.2571428571428571
3135118,2351,31,15,109.0,7.266666666666667,31,1.0,0.4838709677419355,0.5161290322580645
3135119,2351,31,17,256.0,15.058823529411764,31,1.0,0.5483870967741935,0.4516129032258065
3135120,2351,31,29,421.0,14.517241379310343,31,1.0,0.9354838709677419,0.06451612903225812
3135121,2351,31,15,76.0,5.066666666666666,31,1.0,0.4838709677419355,0.5161290322580645
3135122,2351,31,28,272.0,9.714285714285714,31,1.0,0.9032258064516129,0.09677419354838712
3135123,2351,31,31,796.0,25.677419354838708,31,1.0,1.0,0.0
3135128,279,31,23,401.0,17.434782608695652,31,1.0,0.7419354838709677,0.25806451612903225
3135129,279,31,31,525.0,16.93548387096774,31,1.0,1.0,0.0
3135130,279,31,31,573.0,18.483870967741936,31,1.0,1.0,0.0
3135131,279,31,31,777.0,25.06451612903226,31,1.0,1.0,0.0
3135132,279,31,11,65.0,5.909090909090909,31,1.0,0.3548387096774194,0.6451612903225806
3135133,279,31,31,738.0,23.806451612903224,31,1.0,1.0,0.0
3135134,279,31,11,75.0,6.818181818181818,31,1.0,0.3548387096774194,0.6451612903225806
3135135,279,30,6,25.0,4.166666666666667,31,0.967741935483871,0.1935483870967742,0.7741935483870968
3136083,2681,30,30,813.0,27.1,30,1.0,1.0,0.0
3136084,2681,30,30,461.0,15.366666666666667,30,1.0,1.0,0.0
3136085,2681,30,30,855.0,28.5,30,1.0,1.0,0.0
3136086,2681,30,27,622.0,23.03703703703704,30,1.0,0.9,0.09999999999999998
3136087,2681,30,24,255.0,10.625,30,1.0,0.8,0.19999999999999996
3136088,2681,30,29,562.0,19.379310344827587,30,1.0,0.9666666666666667,0.033333333333333326
3136168,333,34,34,613.0,18.029411764705884,34,1.0,1.0,0.0
3136171,333,34,14,76.0,5.428571428571429,34,1.0,0.4117647058823529,0.5882352941176471
3136172,333,34,34,712.0,20.941176470588236,34,1.0,1.0,0.0
3136173,8,36,26,125.0,4.8076923076923075,36,1.0,0.7222222222222222,0.2777777777777778
3136174,8,36,35,662.0,18.914285714285715,36,1.0,0.9722222222222222,0.02777777777777779
3136175,8,36,12,33.0,2.75,36,1.0,0.3333333333333333,0.6666666666666667
3136176,2,35,34,1023.0,30.08823529411765,35,1.0,0.9714285714285714,0.02857142857142858
3136177,2,35,27,372.0,13.77777777777778,35,1.0,0.7714285714285715,0.22857142857142854
3136178,2,35,7,91.0,13.0,35,1.0,0.2,0.8
3136182,61,33,11,27.0,2.4545454545454546,33,1.0,0.3333333333333333,0.6666666666666667
3136183,61,33,32,582.0,18.1875,33,1.0,0.9696969696969697,0.030303030303030276
3136193,96,39,38,817.0,21.5,39,1.0,0.9743589743589743,0.02564102564102566
3136194,96,39,37,882.0,23.83783783783784,39,1.0,0.9487179487179487,0.05128205128205132
3136195,96,39,39,824.0,21.128205128205128,39,1.0,1.0,0.0
3136196,96,39,36,828.0,23.0,39,1.0,0.9230769230769231,0.07692307692307687
3136215,99,33,11,68.0,6.181818181818182,33,1.0,0.3333333333333333,0.6666666666666667
3136216,99,33,31,760.0,24.516129032258064,33,1.0,0.9393939393939394,0.06060606060606055
3136217,99,33,14,87.0,6.214285714285714,33,1.0,0.42424242424242425,0.5757575757575757
3136220,145,34,6,51.0,8.5,34,1.0,0.17647058823529413,0.8235294117647058
3136221,145,34,13,106.0,8.153846153846153,34,1.0,0.38235294117647056,0.6176470588235294
3136458,2571,35,35,1114.0,31.82857142857143,35,1.0,1.0,0.0
3136459,2571,35,35,823.0,23.514285714285716,35,1.0,1.0,0.0
3136461,2571,35,35,300.0,8.571428571428571,35,1.0,1.0,0.0
3136463,2710,28,27,683.0,25.296296296296298,28,1.0,0.9642857142857143,0.0357142857142857
3136465,2710,28,28,763.0,27.25,28,1.0,1.0,0.0
3136466,2710,28,24,286.0,11.916666666666666,28,1.0,0.8571428571428571,0.1428571428571429
3136468,2710,28,26,452.0,17.384615384615383,28,1.0,0.9285714285714286,0.0714285714285714
3136469,2507,34,34,730.0,21.470588235294116,34,1.0,1.0,0.0
3136470,2507,34,34,639.0,18.794117647058822,34,1.0,1.0,0.0
3136471,2507,34,34,335.0,9.852941176470589,34,1.0,1.0,0.0
3136472,2507,34,33,590.0,17.87878787878788,34,1.0,0.9705882352941176,0.02941176470588236
3136474,2550,31,31,778.0,25.096774193548388,31,1.0,1.0,0.0
3136476,2550,31,16,96.0,6.0,31,1.0,0.5161290322580645,0.4838709677419355
3136477,2550,31,22,612.0,27.818181818181817,31,1.0,0.7096774193548387,0.29032258064516125
3136478,2550,31,31,513.0,16.548387096774192,31,1.0,1.0,0.0
3136479,2550,31,31,873.0,28.161290322580644,31,1.0,1.0,0.0
3136480,2752,37,22,111.0,5.045454545454546,37,1.0,0.5945945945945946,0.4054054054054054
3136481,2752,37,37,1051.0,28.405405405405407,37,1.0,1.0,0.0
3136483,2752,37,34,453.0,13.323529411764708,37,1.0,0.918918918918919,0.08108108108108103
3136484,2752,37,23,106.0,4.608695652173913,37,1.0,0.6216216216216216,0.3783783783783784
3136485,2752,37,6,40.0,6.666666666666667,37,1.0,0.16216216216216217,0.8378378378378378
3136487,2294,27,15,146.0,9.733333333333333,34,0.7941176470588235,0.4411764705882353,0.3529411764705882
3136488,2294,34,7,32.0,4.571428571428571,34,1.0,0.20588235294117646,0.7941176470588236
3136489,2294,34,33,331.0,10.030303030303031,34,1.0,0.9705882352941176,0.02941176470588236
3136490,130,32,32,488.0,15.25,32,1.0,1.0,0.0
3136491,130,32,5,24.0,4.8,32,1.0,0.15625,0.84375
3136492,130,32,29,550.0,18.96551724137931,32,1.0,0.90625,0.09375
3136493,130,32,28,620.0,22.142857142857142,32,1.0,0.875,0.125
3136495,130,32,31,564.0,18.193548387096776,32,1.0,0.96875,0.03125
3136496,135,33,13,68.0,5.230769230769231,33,1.0,0.3939393939393939,0.6060606060606061
3136497,135,33,25,222.0,8.88,33,1.0,0.7575757575757576,0.24242424242424243
3136498,135,28,7,39.0,5.571428571428571,33,0.8484848484848485,0.21212121212121213,0.6363636363636364
3136499,135,33,33,862.0,26.12121212121212,33,1.0,1.0,0.0
3136500,135,33,33,846.0,25.636363636363637,33,1.0,1.0,0.0
3136501,158,31,31,545.0,17.580645161290324,31,1.0,1.0,0.0
3136502,158,31,22,224.0,10.181818181818182,31,1.0,0.7096774193548387,0.29032258064516125
3136503,158,31,11,36.0,3.272727272727273,31,1.0,0.3548387096774194,0.6451612903225806
3136510,2492,32,30,855.0,28.5,32,1.0,0.9375,0.0625
3136511,2492,32,13,97.0,7.461538461538462,32,1.0,0.40625,0.59375
3136512,2492,32,24,251.0,10.458333333333334,32,1.0,0.75,0.25
3136514,344,32,7,72.0,10.285714285714286,32,1.0,0.21875,0.78125
3136515,344,32,29,378.0,13.03448275862069,32,1.0,0.90625,0.09375
3136517,344,32,32,632.0,19.75,32,1.0,1.0,0.0
3136518,344,32,31,490.0,15.806451612903226,32,1.0,0.96875,0.03125
3136519,301,31,6,32.0,5.333333333333333,31,1.0,0.1935483870967742,0.8064516129032258
3136520,301,31,31,336.0,10.838709677419354,31,1.0,1.0,0.0
3136521,301,31,17,152.0,8.941176470588236,31,1.0,0.5483870967741935,0.4516129032258065
3136522,301,31,31,470.0,15.161290322580646,31,1.0,1.0,0.0
3136523,2539,32,16,143.0,8.9375,32,1.0,0.5,0.5
3136524,2539,32,31,732.0,23.612903225806452,32,1.0,0.96875,0.03125
3136525,2539,32,8,38.0,4.75,32,1.0,0.25,0.75
3136531,2541,32,19,130.0,6.842105263157895,32,1.0,0.59375,0.40625
3136532,2541,31,22,230.0,10.454545454545457,32,0.96875,0.6875,0.28125
3136533,2541,32,32,729.0,22.78125,32,1.0,1.0,0.0
3136534,2541,32,30,272.0,9.066666666666666,32,1.0,0.9375,0.0625
3136535,142,32,27,405.0,15.0,32,1.0,0.84375,0.15625
3136536,142,32,32,544.0,17.0,32,1.0,1.0,0.0
3136537,142,32,30,607.0,20.233333333333334,32,1.0,0.9375,0.0625
3136538,142,32,27,647.0,23.96296296296296,32,1.0,0.84375,0.15625
3136539,142,32,23,324.0,14.08695652173913,32,1.0,0.71875,0.28125
3136543,2579,33,7,48.0,6.857142857142857,33,1.0,0.21212121212121213,0.7878787878787878
3136544,2579,33,28,573.0,20.464285714285715,33,1.0,0.8484848484848485,0.1515151515151515
3136622,245,33,12,56.0,4.666666666666667,33,1.0,0.36363636363636365,0.6363636363636364
3136624,245,33,32,601.0,18.78125,33,1.0,0.9696969696969697,0.030303030303030276
3136625,245,33,29,297.0,10.241379310344827,33,1.0,0.8787878787878788,0.12121212121212122
3136626,245,33,32,452.0,14.125,33,1.0,0.9696969696969697,0.030303030303030276
3136696,238,35,35,1009.0,28.82857142857143,35,1.0,1.0,0.0
3136697,238,35,34,777.0,22.852941176470587,35,1.0,0.9714285714285714,0.02857142857142858
3136698,238,35,35,1166.0,33.31428571428572,35,1.0,1.0,0.0
3136699,238,35,31,620.0,20.0,35,1.0,0.8857142857142857,0.11428571428571432
3136700,238,35,33,637.0,19.303030303030305,35,1.0,0.9428571428571428,0.05714285714285716
3136745,77,32,15,70.0,4.666666666666667,32,1.0,0.46875,0.53125
3136746,77,32,32,780.0,24.375,32,1.0,1.0,0.0
3136747,77,32,31,467.0,15.064516129032258,32,1.0,0.96875,0.03125
3136749,77,32,32,1066.0,33.3125,32,1.0,1.0,0.0
3136750,77,32,28,210.0,7.5,32,1.0,0.875,0.125
3136776,194,35,35,1188.0,33.94285714285714,35,1.0,1.0,0.0
3136777,194,35,35,771.0,22.02857142857143,35,1.0,1.0,0.0
3136779,194,35,33,327.0,9.909090909090908,35,1.0,0.9428571428571428,0.05714285714285716
3136780,213,34,19,243.0,12.789473684210526,34,1.0,0.5588235294117647,0.4411764705882353
3136782,213,34,34,979.0,28.794117647058822,34,1.0,1.0,0.0
3136801,16,33,10,69.0,6.9,33,1.0,0.30303030303030304,0.696969696969697
3136803,16,33,21,106.0,5.0476190476190474,33,1.0,0.6363636363636364,0.36363636363636365
3136846,253,29,29,497.0,17.137931034482758,29,1.0,1.0,0.0
3136847,253,29,21,197.0,9.38095238095238,29,1.0,0.7241379310344828,0.27586206896551724
3136848,253,29,16,131.0,8.1875,29,1.0,0.5517241379310345,0.4482758620689655
3136849,253,29,26,223.0,8.576923076923077,29,1.0,0.896551724137931,0.10344827586206895
3136851,2692,30,30,797.0,26.566666666666663,30,1.0,1.0,0.0
3136852,2692,30,28,387.0,13.821428571428571,30,1.0,0.9333333333333333,0.06666666666666665
3136854,2692,30,30,304.0,10.133333333333333,30,1.0,1.0,0.0
3136855,2692,30,24,372.0,15.5,30,1.0,0.8,0.19999999999999996
3136896,2006,35,35,601.0,17.17142857142857,35,1.0,1.0,0.0
3136897,2006,35,26,796.0,30.615384615384617,35,1.0,0.7428571428571429,0.2571428571428571
3136908,189,33,31,473.0,15.258064516129032,33,1.0,0.9393939393939394,0.06060606060606055
3136909,189,33,33,709.0,21.484848484848484,33,1.0,1.0,0.0
3136910,189,33,33,545.0,16.515151515151516,33,1.0,1.0,0.0
3136911,189,33,15,54.0,3.6,33,1.0,0.45454545454545453,0.5454545454545454
3136929,2084,33,33,974.0,29.515151515151516,33,1.0,1.0,0.0
3136931,2084,33,4,31.0,7.75,33,1.0,0.12121212121212122,0.8787878787878788
3136932,2084,33,32,715.0,22.34375,33,1.0,0.9696969696969697,0.030303030303030276
3136933,2084,33,33,388.0,11.757575757575758,33,1.0,1.0,0.0
3136937,2117,32,32,508.0,15.875,32,1.0,1.0,0.0
3136939,2117,32,32,276.0,8.625,32,1.0,1.0,0.0
3136941,2309,35,32,429.0,13.40625,35,1.0,0.9142857142857143,0.08571428571428574
3136942,2309,35,21,92.0,4.380952380952381,35,1.0,0.6,0.4
3136981,193,32,31,603.0,19.451612903225808,32,1.0,0.96875,0.03125
3136982,193,32,14,79.0,5.642857142857143,32,1.0,0.4375,0.5625
3136983,193,32,32,457.0,14.28125,32,1.0,1.0,0.0
3136985,193,32,27,256.0,9.48148148148148,32,1.0,0.84375,0.15625
3136989,2509,34,33,889.0,26.939393939393938,34,1.0,0.9705882352941176,0.02941176470588236
3136990,2509,34,34,496.0,14.588235294117649,34,1.0,1.0,0.0
3136991,2509,34,34,667.0,19.61764705882353,34,1.0,1.0,0.0
3136992,2509,34,6,42.0,7.0,34,1.0,0.17647058823529413,0.8235294117647058
3136993,2509,34,30,407.0,13.566666666666666,34,1.0,0.8823529411764706,0.11764705882352944
3137001,195,30,29,875.0,30.17241379310345,30,1.0,0.9666666666666667,0.033333333333333326
3137002,195,30,30,563.0,18.766666666666666,30,1.0,1.0,0.0
3137003,2649,33,32,208.0,6.5,33,1.0,0.9696969696969697,0.030303030303030276
3137005,2649,33,33,345.0,10.454545454545457,33,1.0,1.0,0.0
3137150,236,32,6,24.0,4.0,32,1.0,0.1875,0.8125
3137151,236,32,30,405.0,13.5,32,1.0,0.9375,0.0625
3137152,236,32,30,377.0,12.566666666666666,32,1.0,0.9375,0.0625
3137156,236,32,8,64.0,8.0,32,1.0,0.25,0.75
3137157,2643,30,10,36.0,3.6,30,1.0,0.3333333333333333,0.6666666666666667
3137158,2643,30,12,91.0,7.583333333333333,30,1.0,0.4,0.6
3137159,2643,30,29,746.0,25.724137931034484,30,1.0,0.9666666666666667,0.033333333333333326
3137162,2382,35,30,397.0,13.233333333333333,35,1.0,0.8571428571428571,0.1428571428571429
3137163,2382,35,34,473.0,13.911764705882351,35,1.0,0.9714285714285714,0.02857142857142858
3137165,2382,35,13,25.0,1.9230769230769231,35,1.0,0.37142857142857144,0.6285714285714286
3137166,2382,35,22,107.0,4.863636363636363,35,1.0,0.6285714285714286,0.37142857142857144
3137167,2382,35,18,43.0,2.388888888888889,35,1.0,0.5142857142857142,0.48571428571428577
3137168,2382,35,34,501.0,14.735294117647058,35,1.0,0.9714285714285714,0.02857142857142858
3137169,2430,33,21,379.0,18.047619047619047,33,1.0,0.6363636363636364,0.36363636363636365
3137171,2430,33,8,28.0,3.5,33,1.0,0.24242424242424243,0.7575757575757576
3137219,2535,32,32,610.0,19.0625,32,1.0,1.0,0.0
3137220,2535,32,26,393.0,15.115384615384617,32,1.0,0.8125,0.1875
3137221,2535,32,32,962.0,30.0625,32,1.0,1.0,0.0
3137222,2535,32,31,693.0,22.35483870967742,32,1.0,0.96875,0.03125
3137223,2535,32,32,856.0,26.75,32,1.0,1.0,0.0
3137225,2535,32,31,288.0,9.290322580645162,32,1.0,0.96875,0.03125
3137231,2747,35,32,304.0,9.5,35,1.0,0.9142857142857143,0.08571428571428574
3137234,2747,35,32,265.0,8.28125,35,1.0,0.9142857142857143,0.08571428571428574
3137242,13,29,26,197.0,7.576923076923077,29,1.0,0.896551724137931,0.10344827586206895
3137244,2463,33,30,457.0,15.233333333333333,33,1.0,0.9090909090909091,0.09090909090909094
3137247,2463,33,2,29.0,14.5,33,1.0,0.06060606060606061,0.9393939393939394
3137248,2463,33,26,291.0,11.192307692307692,33,1.0,0.7878787878787878,0.21212121212121215
3137252,299,33,33,435.0,13.181818181818182,33,1.0,1.0,0.0
3137253,299,33,29,370.0,12.758620689655173,33,1.0,0.8787878787878788,0.12121212121212122
3137254,299,33,33,259.0,7.848484848484849,33,1.0,1.0,0.0
3137256,299,33,32,416.0,13.0,33,1.0,0.9696969696969697,0.030303030303030276
3137259,2540,33,28,733.0,26.178571428571427,33,1.0,0.8484848484848485,0.1515151515151515
3137261,2540,33,29,420.0,14.482758620689657,33,1.0,0.8787878787878788,0.12121212121212122
3137262,2540,33,3,27.0,9.0,33,1.0,0.09090909090909091,0.9090909090909091
3137694,36,34,33,813.0,24.636363636363637,34,1.0,0.9705882352941176,0.02941176470588236
3137700,278,32,17,195.0,11.470588235294118,32,1.0,0.53125,0.46875
3137701,278,32,32,484.0,15.125,32,1.0,1.0,0.0
3137702,2440,31,31,734.0,23.677419354838708,31,1.0,1.0,0.0
3137703,2440,31,21,133.0,6.333333333333333,31,1.0,0.6774193548387096,0.32258064516129037
3137704,2440,31,24,318.0,13.25,31,1.0,0.7741935483870968,0.22580645161290325
3137705,2440,31,31,736.0,23.741935483870968,31,1.0,1.0,0.0
3137706,167,31,29,344.0,11.862068965517242,31,1.0,0.9354838709677419,0.06451612903225812
3137707,167,31,19,254.0,13.36842105263158,31,1.0,0.6129032258064516,0.3870967741935484
3137708,167,31,30,357.0,11.9,31,1.0,0.967741935483871,0.032258064516129004
3137709,167,31,29,360.0,12.413793103448276,31,1.0,0.9354838709677419,0.06451612903225812
3137711,21,36,16,175.0,10.9375,36,1.0,0.4444444444444444,0.5555555555555556
3137712,21,36,35,709.0,20.257142857142856,36,1.0,0.9722222222222222,0.02777777777777779
3137714,21,36,31,459.0,14.806451612903226,36,1.0,0.8611111111111112,0.13888888888888884
3137715,23,30,9,168.0,18.666666666666668,30,1.0,0.3,0.7
3137716,23,30,25,485.0,19.4,30,1.0,0.8333333333333334,0.16666666666666663
3137717,23,30,29,704.0,24.275862068965516,30,1.0,0.9666666666666667,0.033333333333333326
3137718,23,30,24,328.0,13.666666666666666,30,1.0,0.8,0.19999999999999996
3137719,23,30,28,401.0,14.321428571428571,30,1.0,0.9333333333333333,0.06666666666666665
3137720,328,31,11,73.0,6.636363636363637,31,1.0,0.3548387096774194,0.6451612903225806
3137721,328,31,31,911.0,29.387096774193548,31,1.0,1.0,0.0
3137722,328,31,31,727.0,23.451612903225808,31,1.0,1.0,0.0
3137724,328,31,29,268.0,9.241379310344827,31,1.0,0.9354838709677419,0.06451612903225812
3137727,328,31,31,996.0,32.12903225806452,31,1.0,1.0,0.0
3137728,328,31,28,269.0,9.607142857142858,31,1.0,0.9032258064516129,0.09677419354838712
3137729,2439,33,32,520.0,16.25,33,1.0,0.9696969696969697,0.030303030303030276
3137730,2439,33,32,947.0,29.59375,33,1.0,0.9696969696969697,0.030303030303030276
3137731,2439,33,33,562.0,17.03030303030303,33,1.0,1.0,0.0
3137732,2439,33,31,827.0,26.677419354838708,33,1.0,0.9393939393939394,0.06060606060606055
3137733,2439,33,23,742.0,32.26086956521739,33,1.0,0.696969696969697,0.303030303030303
3137768,2751,35,20,166.0,8.3,35,1.0,0.5714285714285714,0.4285714285714286
3137769,2751,35,14,63.0,4.5,35,1.0,0.4,0.6
3137771,2751,35,25,224.0,8.96,35,1.0,0.7142857142857143,0.2857142857142857
3137795,57,33,33,751.0,22.75757575757576,33,1.0,1.0,0.0
3137798,57,33,33,628.0,19.03030303030303,33,1.0,1.0,0.0
3138145,2390,38,34,459.0,13.5,38,1.0,0.8947368421052632,0.10526315789473684
3138146,2390,38,38,503.0,13.236842105263158,38,1.0,1.0,0.0
3138147,2390,38,36,593.0,16.47222222222222,38,1.0,0.9473684210526315,0.052631578947368474
3138148,2390,38,21,360.0,17.142857142857142,38,1.0,0.5526315789473685,0.4473684210526315
3138154,153,38,24,301.0,12.541666666666666,38,1.0,0.631578947368421,0.368421052631579
3138155,153,38,30,397.0,13.233333333333333,38,1.0,0.7894736842105263,0.21052631578947367
3138156,153,38,38,1031.0,27.13157894736842,38,1.0,1.0,0.0
3138158,152,36,36,686.0,19.055555555555557,36,1.0,1.0,0.0
3138160,152,36,36,597.0,16.583333333333332,36,1.0,1.0,0.0
3138161,152,36,19,216.0,11.36842105263158,36,1.0,0.5277777777777778,0.4722222222222222
3138190,87,38,15,62.0,4.133333333333334,38,1.0,0.39473684210526316,0.6052631578947368
3138191,87,38,22,194.0,8.818181818181818,38,1.0,0.5789473684210527,0.42105263157894735
3138192,87,38,32,386.0,12.0625,38,1.0,0.8421052631578947,0.1578947368421053
3138196,221,34,8,115.0,14.375,34,1.0,0.23529411764705882,0.7647058823529411
3138197,221,34,22,185.0,8.409090909090908,34,1.0,0.6470588235294118,0.3529411764705882
3138201,258,34,34,496.0,14.588235294117649,34,1.0,1.0,0.0
3138202,258,34,13,63.0,4.846153846153846,34,1.0,0.38235294117647056,0.6176470588235294
3138203,258,34,28,264.0,9.428571428571429,34,1.0,0.8235294117647058,0.17647058823529416
3138206,2670,36,35,430.0,12.285714285714286,36,1.0,0.9722222222222222,0.02777777777777779
3138207,2670,36,35,361.0,10.314285714285717,36,1.0,0.9722222222222222,0.02777777777777779
3138208,2670,36,24,157.0,6.541666666666667,36,1.0,0.6666666666666666,0.33333333333333337
3138209,2670,36,36,666.0,18.5,36,1.0,1.0,0.0
3138212,325,34,23,159.0,6.913043478260869,34,1.0,0.6764705882352942,0.32352941176470584
3138214,325,34,32,333.0,10.40625,34,1.0,0.9411764705882353,0.05882352941176472
3138215,325,34,5,22.0,4.4,34,1.0,0.14705882352941177,0.8529411764705882
3138222,154,32,29,815.0,28.103448275862068,32,1.0,0.90625,0.09375
3138223,154,32,12,77.0,6.416666666666667,32,1.0,0.375,0.625
3138224,154,32,32,713.0,22.28125,32,1.0,1.0,0.0
3138225,71,33,31,368.0,11.870967741935484,33,1.0,0.9393939393939394,0.06060606060606055
3138226,71,33,21,553.0,26.333333333333332,33,1.0,0.6363636363636364,0.36363636363636365
3138227,71,33,24,864.0,36.0,33,1.0,0.7272727272727273,0.2727272727272727
3138229,71,33,33,999.0,30.272727272727273,33,1.0,1.0,0.0
3138230,71,33,22,267.0,12.136363636363637,33,1.0,0.6666666666666666,0.33333333333333337
3138231,225,31,4,56.0,14.0,31,1.0,0.12903225806451613,0.8709677419354839
3138234,225,31,30,292.0,9.733333333333333,31,1.0,0.967741935483871,0.032258064516129004
3138235,225,31,23,178.0,7.739130434782608,31,1.0,0.7419354838709677,0.25806451612903225
3138236,225,31,30,414.0,13.8,31,1.0,0.967741935483871,0.032258064516129004
3138238,2181,31,29,371.0,12.79310344827586,31,1.0,0.9354838709677419,0.06451612903225812
3138239,2181,31,30,300.0,10.0,31,1.0,0.967741935483871,0.032258064516129004
3138240,2181,31,29,515.0,17.75862068965517,31,1.0,0.9354838709677419,0.06451612903225812
3138242,2181,31,31,926.0,29.870967741935484,31,1.0,1.0,0.0
3138245,172,30,27,172.0,6.37037037037037,30,1.0,0.9,0.09999999999999998
3138246,172,30,22,156.0,7.090909090909091,30,1.0,0.7333333333333333,0.2666666666666667
3138248,172,30,13,100.0,7.6923076923076925,30,1.0,0.43333333333333335,0.5666666666666667
3138249,159,29,23,195.0,8.478260869565217,29,1.0,0.7931034482758621,0.2068965517241379
3138250,159,29,14,53.0,3.7857142857142856,29,1.0,0.4827586206896552,0.5172413793103448
3138252,159,29,29,609.0,21.0,29,1.0,1.0,0.0
3138253,2287,35,7,57.0,8.142857142857142,35,1.0,0.2,0.8
3138254,2287,35,29,351.0,12.10344827586207,35,1.0,0.8285714285714286,0.17142857142857137
3138255,2287,35,25,232.0,9.28,35,1.0,0.7142857142857143,0.2857142857142857
3138256,2287,35,28,734.0,26.214285714285715,35,1.0,0.8,0.19999999999999996
3138257,163,30,30,868.0,28.933333333333337,30,1.0,1.0,0.0
3138258,163,30,22,151.0,6.863636363636363,30,1.0,0.7333333333333333,0.2666666666666667
3138261,163,30,12,68.0,5.666666666666667,30,1.0,0.4,0.6
3138262,43,32,7,43.0,6.142857142857143,32,1.0,0.21875,0.78125
3138265,43,32,31,595.0,19.193548387096776,32,1.0,0.96875,0.03125
3138266,43,32,6,35.0,5.833333333333333,32,1.0,0.1875,0.8125
3138267,282,31,30,688.0,22.933333333333337,31,1.0,0.967741935483871,0.032258064516129004
3138268,282,31,22,125.0,5.681818181818182,31,1.0,0.7096774193548387,0.29032258064516125
3138269,282,31,4,41.0,10.25,31,1.0,0.12903225806451613,0.8709677419354839
3138270,282,31,28,244.0,8.714285714285714,31,1.0,0.9032258064516129,0.09677419354838712
3138272,2099,33,16,95.0,5.9375,33,1.0,0.48484848484848486,0.5151515151515151
3138273,2099,33,33,829.0,25.12121212121212,33,1.0,1.0,0.0
3138274,2350,37,37,678.0,18.324324324324323,37,1.0,1.0,0.0
3138276,2350,37,37,935.0,25.27027027027027,37,1.0,1.0,0.0
3138277,2350,37,32,289.0,9.03125,37,1.0,0.8648648648648649,0.1351351351351351
3138278,2350,37,19,119.0,6.2631578947368425,37,1.0,0.5135135135135135,0.4864864864864865
3138279,2350,37,36,720.0,20.0,37,1.0,0.972972972972973,0.027027027027026973
3138281,2350,37,36,764.0,21.22222222222222,37,1.0,0.972972972972973,0.027027027027026973
3138282,2217,31,21,227.0,10.80952380952381,31,1.0,0.6774193548387096,0.32258064516129037
3138285,2217,31,31,784.0,25.29032258064516,31,1.0,1.0,0.0
3138286,2217,31,30,815.0,27.166666666666668,31,1.0,0.967741935483871,0.032258064516129004
3138287,2217,31,30,623.0,20.766666666666666,31,1.0,0.967741935483871,0.032258064516129004
3138288,2217,31,4,21.0,5.25,31,1.0,0.12903225806451613,0.8709677419354839
3138289,2623,31,8,61.0,7.625,31,1.0,0.25806451612903225,0.7419354838709677
3138290,2623,31,31,593.0,19.129032258064516,31,1.0,1.0,0.0
3138292,2623,31,30,536.0,17.866666666666667,31,1.0,0.967741935483871,0.032258064516129004
3138293,2623,31,31,710.0,22.903225806451612,31,1.0,1.0,0.0
3138294,2623,31,30,708.0,23.6,31,1.0,0.967741935483871,0.032258064516129004
3138469,2363,33,28,232.0,8.285714285714286,33,1.0,0.8484848484848485,0.1515151515151515
3138470,2363,33,30,234.0,7.8,33,1.0,0.9090909090909091,0.09090909090909094
3138473,2368,32,17,203.0,11.941176470588236,32,1.0,0.53125,0.46875
3138474,2368,32,30,782.0,26.066666666666663,32,1.0,0.9375,0.0625
3138475,2368,32,30,322.0,10.733333333333333,32,1.0,0.9375,0.0625
3138476,2368,32,10,66.0,6.6,32,1.0,0.3125,0.6875
3138477,315,30,18,139.0,7.722222222222222,30,1.0,0.6,0.4
3138478,315,30,30,510.0,17.0,30,1.0,1.0,0.0
3138479,315,30,21,207.0,9.857142857142858,30,1.0,0.7,0.30000000000000004
3138480,315,30,11,88.0,8.0,30,1.0,0.36666666666666664,0.6333333333333333
3138481,315,30,14,77.0,5.5,30,1.0,0.4666666666666667,0.5333333333333333
3138490,2520,33,23,125.0,5.434782608695652,33,1.0,0.696969696969697,0.303030303030303
3138491,2520,33,24,93.0,3.875,33,1.0,0.7272727272727273,0.2727272727272727
3138493,2561,31,31,396.0,12.774193548387096,31,1.0,1.0,0.0
3138495,2561,31,27,314.0,11.62962962962963,31,1.0,0.8709677419354839,0.12903225806451613
3138496,2046,30,27,288.0,10.666666666666666,30,1.0,0.9,0.09999999999999998
3138498,2046,30,30,644.0,21.466666666666665,30,1.0,1.0,0.0
3138499,2046,30,21,238.0,11.333333333333334,30,1.0,0.7,0.30000000000000004
3138500,2046,30,30,904.0,30.133333333333333,30,1.0,1.0,0.0
3138501,2046,30,14,59.0,4.214285714285714,30,1.0,0.4666666666666667,0.5333333333333333
3138504,2057,33,33,661.0,20.03030303030303,33,1.0,1.0,0.0
3138505,2057,33,28,188.0,6.714285714285714,33,1.0,0.8484848484848485,0.1515151515151515
3138509,2413,34,33,470.0,14.242424242424242,34,1.0,0.9705882352941176,0.02941176470588236
3138510,2413,34,29,331.0,11.413793103448276,34,1.0,0.8529411764705882,0.1470588235294118
3138511,2413,34,28,242.0,8.642857142857142,34,1.0,0.8235294117647058,0.17647058823529416
3138512,2413,34,22,235.0,10.681818181818182,34,1.0,0.6470588235294118,0.3529411764705882
3138513,93,35,33,404.0,12.242424242424242,35,1.0,0.9428571428571428,0.05714285714285716
3138515,93,35,29,312.0,10.758620689655173,35,1.0,0.8285714285714286,0.17142857142857137
3138547,2546,30,10,93.0,9.3,30,1.0,0.3333333333333333,0.6666666666666667
3138548,2546,30,11,77.0,7.0,30,1.0,0.36666666666666664,0.6333333333333333
3138550,2546,30,15,120.0,8.0,30,1.0,0.5,0.5
3138551,2546,30,29,460.0,15.862068965517242,30,1.0,0.9666666666666667,0.033333333333333326
3138552,2565,28,26,175.0,6.730769230769231,28,1.0,0.9285714285714286,0.0714285714285714
3138553,2565,28,28,498.0,17.785714285714285,28,1.0,1.0,0.0
3138555,2565,28,26,162.0,6.230769230769231,28,1.0,0.9285714285714286,0.0714285714285714
3138556,2565,28,14,134.0,9.571428571428571,28,1.0,0.5,0.5
3138566,2630,34,12,37.0,3.0833333333333335,34,1.0,0.35294117647058826,0.6470588235294117
3138569,2630,34,30,466.0,15.533333333333331,34,1.0,0.8823529411764706,0.11764705882352944
3138570,2630,34,25,184.0,7.36,34,1.0,0.7352941176470589,0.2647058823529411
3138572,2634,31,31,593.0,19.129032258064516,31,1.0,1.0,0.0
3138573,2634,31,31,804.0,25.93548387096774,31,1.0,1.0,0.0
3138574,2634,31,26,631.0,24.26923076923077,31,1.0,0.8387096774193549,0.16129032258064513
3138575,2634,31,31,842.0,27.161290322580644,31,1.0,1.0,0.0
3138576,2634,31,31,707.0,22.806451612903224,31,1.0,1.0,0.0
3138577,2634,31,29,674.0,23.24137931034483,31,1.0,0.9354838709677419,0.06451612903225812
3138578,2634,31,21,232.0,11.047619047619047,31,1.0,0.6774193548387096,0.32258064516129037
3138579,2634,31,31,668.0,21.548387096774192,31,1.0,1.0,0.0
3138582,2635,30,29,842.0,29.03448275862069,30,1.0,0.9666666666666667,0.033333333333333326
3138584,2635,30,30,539.0,17.966666666666665,30,1.0,1.0,0.0
3138585,2635,30,6,22.0,3.6666666666666665,30,1.0,0.2,0.8
3138587,2635,30,30,816.0,27.2,30,1.0,1.0,0.0
3141192,2026,29,29,654.0,22.551724137931036,29,1.0,1.0,0.0
3141193,2026,29,29,300.0,10.344827586206897,29,1.0,1.0,0.0
3141195,2026,29,10,53.0,5.3,29,1.0,0.3448275862068966,0.6551724137931034
3141196,2026,29,28,420.0,15.0,29,1.0,0.9655172413793104,0.03448275862068961
3141197,2026,29,21,146.0,6.9523809523809526,29,1.0,0.7241379310344828,0.27586206896551724
3141198,2026,29,7,25.0,3.5714285714285716,29,1.0,0.2413793103448276,0.7586206896551724
3141209,2032,29,28,434.0,15.5,29,1.0,0.9655172413793104,0.03448275862068961
3141212,2032,29,12,222.0,18.5,29,1.0,0.41379310344827586,0.5862068965517242
3141213,2032,29,22,312.0,14.181818181818182,29,1.0,0.7586206896551724,0.24137931034482762
3141215,2032,29,29,1039.0,35.827586206896555,29,1.0,1.0,0.0
3141217,2032,29,25,322.0,12.88,29,1.0,0.8620689655172413,0.13793103448275867
3141218,2032,29,3,26.0,8.666666666666666,29,1.0,0.10344827586206896,0.896551724137931
3141253,290,31,25,154.0,6.16,31,1.0,0.8064516129032258,0.19354838709677424
3141254,290,31,31,940.0,30.322580645161292,31,1.0,1.0,0.0
3141255,290,31,31,656.0,21.161290322580644,31,1.0,1.0,0.0
3141258,290,31,19,98.0,5.157894736842105,31,1.0,0.6129032258064516,0.3870967741935484
3141260,2247,35,30,251.0,8.366666666666667,35,1.0,0.8571428571428571,0.1428571428571429
3141262,2247,35,31,208.0,6.709677419354839,35,1.0,0.8857142857142857,0.11428571428571432
3141266,309,36,36,752.0,20.88888888888889,36,1.0,1.0,0.0
3141267,309,36,35,921.0,26.314285714285713,36,1.0,0.9722222222222222,0.02777777777777779
3141268,309,36,36,674.0,18.72222222222222,36,1.0,1.0,0.0
3141269,309,36,27,200.0,7.407407407407407,36,1.0,0.75,0.25
3141270,309,36,36,845.0,23.47222222222222,36,1.0,1.0,0.0
3143547,2433,38,18,119.0,6.611111111111111,38,1.0,0.47368421052631576,0.5263157894736843
3143548,2433,38,38,677.0,17.81578947368421,38,1.0,1.0,0.0
3143550,2433,38,38,1166.0,30.68421052631579,38,1.0,1.0,0.0
3143551,2433,38,38,1059.0,27.86842105263158,38,1.0,1.0,0.0
3143558,6,33,18,140.0,7.777777777777778,33,1.0,0.5454545454545454,0.4545454545454546
3143559,6,33,32,644.0,20.125,33,1.0,0.9696969696969697,0.030303030303030276
3143560,6,33,33,1032.0,31.272727272727273,33,1.0,1.0,0.0
3143561,6,33,33,910.0,27.575757575757574,33,1.0,1.0,0.0
3143562,6,32,5,61.0,12.2,33,0.9696969696969697,0.15151515151515152,0.8181818181818182
3143564,250,31,18,130.0,7.222222222222222,31,1.0,0.5806451612903226,0.4193548387096774
3143565,250,31,31,673.0,21.70967741935484,31,1.0,1.0,0.0
3143566,250,31,29,536.0,18.482758620689655,31,1.0,0.9354838709677419,0.06451612903225812
3143567,250,31,31,607.0,19.580645161290324,31,1.0,1.0,0.0
3143730,326,31,9,45.0,5.0,31,1.0,0.2903225806451613,0.7096774193548387
3143731,326,31,31,378.0,12.193548387096774,31,1.0,1.0,0.0
3143732,326,31,31,664.0,21.419354838709676,31,1.0,1.0,0.0
3143733,326,31,31,612.0,19.741935483870968,31,1.0,1.0,0.0
3143735,326,31,8,29.0,3.625,31,1.0,0.25806451612903225,0.7419354838709677
3143736,326,31,9,45.0,5.0,31,1.0,0.2903225806451613,0.7096774193548387
3143749,2653,29,29,289.0,9.96551724137931,29,1.0,1.0,0.0
3143750,2653,29,29,1006.0,34.689655172413794,29,1.0,1.0,0.0
3143752,2653,29,20,117.0,5.85,29,1.0,0.6896551724137931,0.31034482758620685
3143755,2653,29,29,1013.0,34.93103448275862,29,1.0,1.0,0.0
3143757,2031,31,12,78.0,6.5,31,1.0,0.3870967741935484,0.6129032258064516
3143759,2031,31,31,725.0,23.387096774193548,31,1.0,1.0,0.0
3143760,2031,31,22,125.0,5.681818181818182,31,1.0,0.7096774193548387,0.29032258064516125
3143992,2335,32,24,365.0,15.208333333333334,32,1.0,0.75,0.25
3143993,2335,32,15,28.0,1.8666666666666667,32,1.0,0.46875,0.53125
3143994,2335,32,29,176.0,6.068965517241379,32,1.0,0.90625,0.09375
3143995,2335,32,25,630.0,25.2,32,1.0,0.78125,0.21875
3143996,2335,32,29,525.0,18.103448275862068,32,1.0,0.90625,0.09375
3143998,2515,34,34,610.0,17.941176470588236,34,1.0,1.0,0.0
3146550,2501,33,25,248.0,9.92,33,1.0,0.7575757575757576,0.24242424242424243
3146551,2501,33,31,722.0,23.29032258064516,33,1.0,0.9393939393939394,0.06060606060606055
3146552,2501,33,23,112.0,4.869565217391305,33,1.0,0.696969696969697,0.303030303030303
3146553,2501,33,12,52.0,4.333333333333333,33,1.0,0.36363636363636365,0.6363636363636364
3146554,2501,33,29,312.0,10.758620689655173,33,1.0,0.8787878787878788,0.12121212121212122
3146557,2608,31,20,105.0,5.25,31,1.0,0.6451612903225806,0.3548387096774194
3147337,2066,32,32,986.0,30.8125,32,1.0,1.0,0.0
3147339,2066,32,31,613.0,19.774193548387096,32,1.0,0.96875,0.03125
3147340,2066,32,30,812.0,27.066666666666663,32,1.0,0.9375,0.0625
3147344,2066,32,15,378.0,25.2,32,1.0,0.46875,0.53125
3147345,2066,32,32,1011.0,31.59375,32,1.0,1.0,0.0
3147346,311,30,30,956.0,31.866666666666667,30,1.0,1.0,0.0
3147347,311,30,21,620.0,29.52380952380953,30,1.0,0.7,0.30000000000000004
3147351,41,35,35,1100.0,31.428571428571427,35,1.0,1.0,0.0
3147352,41,35,24,155.0,6.458333333333333,35,1.0,0.6857142857142857,0.3142857142857143
3147354,151,33,33,458.0,13.87878787878788,33,1.0,1.0,0.0
3147355,151,33,33,798.0,24.181818181818183,33,1.0,1.0,0.0
3147356,151,33,29,239.0,8.241379310344827,33,1.0,0.8787878787878788,0.12121212121212122
3147357,218,37,34,635.0,18.676470588235293,37,1.0,0.918918918918919,0.08108108108108103
3147360,97,36,36,589.0,16.36111111111111,36,1.0,1.0,0.0
3147361,97,36,4,22.0,5.5,36,1.0,0.1111111111111111,0.8888888888888888
3147362,97,36,23,106.0,4.608695652173913,36,1.0,0.6388888888888888,0.36111111111111116
3147363,97,36,29,236.0,8.137931034482758,36,1.0,0.8055555555555556,0.19444444444444442
3147365,97,36,22,166.0,7.545454545454546,36,1.0,0.6111111111111112,0.38888888888888884
3147366,97,36,35,623.0,17.8,36,1.0,0.9722222222222222,0.02777777777777779
3147460,111,35,34,448.0,13.176470588235292,35,1.0,0.9714285714285714,0.02857142857142858
3147463,119,32,32,613.0,19.15625,32,1.0,1.0,0.0
3147465,119,32,32,610.0,19.0625,32,1.0,1.0,0.0
3147466,119,32,30,545.0,18.166666666666668,32,1.0,0.9375,0.0625
3147475,295,35,25,255.0,10.2,35,1.0,0.7142857142857143,0.2857142857142857
3147485,270,30,30,643.0,21.433333333333337,30,1.0,1.0,0.0
3147487,270,30,10,25.0,2.5,30,1.0,0.3333333333333333,0.6666666666666667
3147498,259,33,31,318.0,10.258064516129032,33,1.0,0.9393939393939394,0.06060606060606055
3147499,259,33,33,661.0,20.03030303030303,33,1.0,1.0,0.0
3147500,259,33,29,863.0,29.75862068965517,33,1.0,0.8787878787878788,0.12121212121212122
3147501,259,33,33,978.0,29.636363636363637,33,1.0,1.0,0.0
3147502,259,33,31,428.0,13.806451612903226,33,1.0,0.9393939393939394,0.06060606060606055
3147503,259,33,32,535.0,16.71875,33,1.0,0.9696969696969697,0.030303030303030276
3147541,2378,30,30,846.0,28.2,30,1.0,1.0,0.0
3147542,2378,30,30,1048.0,34.93333333333333,30,1.0,1.0,0.0
3147543,2378,30,27,201.0,7.444444444444445,30,1.0,0.9,0.09999999999999998
3147590,294,32,27,342.0,12.666666666666666,32,1.0,0.84375,0.15625
3147592,294,32,32,906.0,28.3125,32,1.0,1.0,0.0
3147594,294,32,29,625.0,21.551724137931036,32,1.0,0.90625,0.09375
3147595,294,31,23,369.0,16.043478260869566,32,0.96875,0.71875,0.25
3147596,2325,33,13,37.0,2.8461538461538463,33,1.0,0.3939393939393939,0.6060606060606061
3147597,2325,33,23,142.0,6.173913043478261,33,1.0,0.696969696969697,0.303030303030303
3147613,197,32,25,179.0,7.16,32,1.0,0.78125,0.21875
3147614,197,32,8,32.0,4.0,32,1.0,0.25,0.75
3147615,197,32,32,331.0,10.34375,32,1.0,1.0,0.0
3147616,197,32,32,672.0,21.0,32,1.0,1.0,0.0
3147617,197,32,32,420.0,13.125,32,1.0,1.0,0.0
3147618,197,32,32,348.0,10.875,32,1.0,1.0,0.0
3147623,305,32,27,364.0,13.48148148148148,32,1.0,0.84375,0.15625
3147624,305,32,17,264.0,15.529411764705882,32,1.0,0.53125,0.46875
3147625,305,32,32,544.0,17.0,32,1.0,1.0,0.0
3147656,222,36,36,521.0,14.47222222222222,36,1.0,1.0,0.0
3147658,222,36,15,27.0,1.8,36,1.0,0.4166666666666667,0.5833333333333333
3147669,84,33,33,989.0,29.96969696969697,34,0.9705882352941176,0.9705882352941176,0.0
3147670,84,34,31,240.0,7.741935483870968,34,1.0,0.9117647058823529,0.08823529411764708
3147671,84,34,34,917.0,26.970588235294116,34,1.0,1.0,0.0
3147672,84,34,13,49.0,3.769230769230769,34,1.0,0.38235294117647056,0.6176470588235294
3147674,84,34,29,332.0,11.448275862068966,34,1.0,0.8529411764705882,0.1470588235294118
3147675,84,34,7,23.0,3.2857142857142856,34,1.0,0.20588235294117646,0.7941176470588236
3147687,127,39,12,148.0,12.333333333333334,39,1.0,0.3076923076923077,0.6923076923076923
3147688,127,39,39,435.0,11.153846153846152,39,1.0,1.0,0.0
3147690,127,39,39,758.0,19.43589743589743,39,1.0,1.0,0.0
3148862,112358,30,29,431.0,14.862068965517242,30,1.0,0.9666666666666667,0.033333333333333326
3148863,112358,30,22,158.0,7.181818181818182,30,1.0,0.7333333333333333,0.2666666666666667
3148864,112358,30,30,888.0,29.6,30,1.0,1.0,0.0
3148865,112358,30,24,174.0,7.25,30,1.0,0.8,0.19999999999999996
3148866,112358,30,30,937.0,31.233333333333334,30,1.0,1.0,0.0
3148919,2239,31,30,431.0,14.366666666666667,31,1.0,0.967741935483871,0.032258064516129004
3148922,2239,31,31,460.0,14.838709677419354,31,1.0,1.0,0.0
3148927,62,35,31,715.0,23.06451612903226,35,1.0,0.8857142857142857,0.11428571428571432
3148928,62,35,35,1155.0,33.0,35,1.0,1.0,0.0
3148952,300,34,15,62.0,4.133333333333334,34,1.0,0.4411764705882353,0.5588235294117647
3148954,2612,34,22,217.0,9.863636363636363,34,1.0,0.6470588235294118,0.3529411764705882
3148956,2612,33,22,223.0,10.136363636363637,34,0.9705882352941176,0.6470588235294118,0.32352941176470584
3148957,2612,34,20,165.0,8.25,34,1.0,0.5882352941176471,0.4117647058823529
3148966,2050,30,28,734.0,26.214285714285715,30,1.0,0.9333333333333333,0.06666666666666665
3148968,2050,30,15,118.0,7.866666666666666,30,1.0,0.5,0.5
3148969,2050,30,9,272.0,30.22222222222222,30,1.0,0.3,0.7
3148971,2050,30,30,889.0,29.633333333333333,30,1.0,1.0,0.0
3148982,2199,35,35,538.0,15.371428571428572,35,1.0,1.0,0.0
3148983,2199,35,22,494.0,22.454545454545453,35,1.0,0.6285714285714286,0.37142857142857144
3148985,2199,35,28,406.0,14.5,35,1.0,0.8,0.19999999999999996
3148986,339,36,29,192.0,6.620689655172414,36,1.0,0.8055555555555556,0.19444444444444442
3148990,2460,35,35,465.0,13.285714285714286,35,1.0,1.0,0.0
3148992,79,33,33,844.0,25.575757575757574,33,1.0,1.0,0.0
3148994,79,33,17,127.0,7.470588235294118,33,1.0,0.5151515151515151,0.48484848484848486
3148995,79,33,32,733.0,22.90625,33,1.0,0.9696969696969697,0.030303030303030276
3148996,79,33,10,57.0,5.7,33,1.0,0.30303030303030304,0.696969696969697
3148998,2724,35,27,285.0,10.555555555555555,35,1.0,0.7714285714285715,0.22857142857142854
3148999,2724,35,18,107.0,5.944444444444445,35,1.0,0.5142857142857142,0.48571428571428577
3149000,2724,35,28,191.0,6.821428571428571,35,1.0,0.8,0.19999999999999996
3149001,2724,35,35,482.0,13.771428571428572,35,1.0,1.0,0.0
3149002,2724,35,24,212.0,8.833333333333334,35,1.0,0.6857142857142857,0.3142857142857143
3149003,2724,35,11,37.0,3.363636363636364,35,1.0,0.3142857142857143,0.6857142857142857
3149004,2724,35,30,192.0,6.4,35,1.0,0.8571428571428571,0.1428571428571429
3149007,68,34,30,352.0,11.733333333333333,34,1.0,0.8823529411764706,0.11764705882352944
3149008,68,34,21,164.0,7.809523809523809,34,1.0,0.6176470588235294,0.38235294117647056
3149010,68,34,29,358.0,12.344827586206897,34,1.0,0.8529411764705882,0.1470588235294118
3149011,68,34,29,259.0,8.931034482758621,34,1.0,0.8529411764705882,0.1470588235294118
3149013,2197,33,33,1145.0,34.696969696969695,33,1.0,1.0,0.0
3149014,2197,33,32,730.0,22.8125,33,1.0,0.9696969696969697,0.030303030303030276
3149015,2197,33,21,246.0,11.714285714285714,33,1.0,0.6363636363636364,0.36363636363636365
3149016,2197,33,25,260.0,10.4,33,1.0,0.7575757575757576,0.24242424242424243
3149017,2197,33,30,749.0,24.966666666666665,33,1.0,0.9090909090909091,0.09090909090909094
3149018,2083,34,29,441.0,15.20689655172414,34,1.0,0.8529411764705882,0.1470588235294118
3149019,2083,34,34,622.0,18.294117647058822,34,1.0,1.0,0.0
3149020,2083,34,34,830.0,24.41176470588235,34,1.0,1.0,0.0
3149021,2083,34,22,359.0,16.318181818181817,34,1.0,0.6470588235294118,0.3529411764705882
3149022,322,33,15,60.0,4.0,33,1.0,0.45454545454545453,0.5454545454545454
3149023,322,33,33,296.0,8.969696969696969,33,1.0,1.0,0.0
3149030,46,33,33,834.0,25.272727272727273,33,1.0,1.0,0.0
3149031,46,33,33,453.0,13.727272727272728,33,1.0,1.0,0.0
3149032,46,33,33,661.0,20.03030303030303,33,1.0,1.0,0.0
3149033,46,33,33,607.0,18.39393939393939,33,1.0,1.0,0.0
3149035,2005,31,18,128.0,7.111111111111111,31,1.0,0.5806451612903226,0.4193548387096774
3149036,2005,31,29,558.0,19.24137931034483,31,1.0,0.9354838709677419,0.06451612903225812
3149038,2005,31,7,20.0,2.857142857142857,31,1.0,0.22580645161290322,0.7741935483870968
3149039,2005,31,31,864.0,27.870967741935484,31,1.0,1.0,0.0
3149040,2005,31,7,23.0,3.2857142857142856,31,1.0,0.22580645161290322,0.7741935483870968
3149042,2005,31,26,219.0,8.423076923076923,31,1.0,0.8387096774193549,0.16129032258064513
3149045,55,31,26,737.0,28.346153846153847,31,1.0,0.8387096774193549,0.16129032258064513
3149046,55,31,28,336.0,12.0,31,1.0,0.9032258064516129,0.09677419354838712
3149048,55,31,30,653.0,21.766666666666666,31,1.0,0.967741935483871,0.032258064516129004
3149049,55,31,20,196.0,9.8,31,1.0,0.6451612903225806,0.3548387096774194
3149052,44,33,7,48.0,6.857142857142857,33,1.0,0.21212121212121213,0.7878787878787878
3149053,44,33,11,45.0,4.090909090909091,33,1.0,0.3333333333333333,0.6666666666666667
3149054,2633,32,31,457.0,14.741935483870968,32,1.0,0.96875,0.03125
3149056,2633,32,32,475.0,14.84375,32,1.0,1.0,0.0
3149057,2633,32,8,103.0,12.875,32,1.0,0.25,0.75
3149058,2633,32,31,364.0,11.741935483870968,32,1.0,0.96875,0.03125
3149059,2633,32,27,214.0,7.925925925925926,32,1.0,0.84375,0.15625
3149060,2633,32,32,992.0,31.0,32,1.0,1.0,0.0
3149467,292,31,31,491.0,15.838709677419354,31,1.0,1.0,0.0
3149469,292,31,30,400.0,13.333333333333334,31,1.0,0.967741935483871,0.032258064516129004
3149470,292,31,29,329.0,11.344827586206897,31,1.0,0.9354838709677419,0.06451612903225812
3149471,292,31,31,859.0,27.70967741935484,31,1.0,1.0,0.0
3149662,166,34,27,216.0,8.0,34,1.0,0.7941176470588235,0.20588235294117652
3149665,166,34,26,220.0,8.461538461538462,34,1.0,0.7647058823529411,0.23529411764705888
3149667,166,34,34,589.0,17.323529411764707,34,1.0,1.0,0.0
3149672,166,34,24,227.0,9.458333333333334,34,1.0,0.7058823529411765,0.2941176470588235
3149673,166,34,34,1048.0,30.823529411764707,34,1.0,1.0,0.0
3149897,164,32,6,39.0,6.5,32,1.0,0.1875,0.8125
3149899,164,32,29,298.0,10.275862068965518,32,1.0,0.90625,0.09375
3149900,164,32,32,486.0,15.1875,32,1.0,1.0,0.0
3149902,164,32,29,643.0,22.17241379310345,32,1.0,0.90625,0.09375
3149934,113,32,32,742.0,23.1875,32,1.0,1.0,0.0
3149935,113,32,28,293.0,10.464285714285714,32,1.0,0.875,0.125
3149938,239,34,10,36.0,3.6,34,1.0,0.29411764705882354,0.7058823529411764
3149939,239,34,34,1005.0,29.558823529411764,34,1.0,1.0,0.0
3149943,2377,31,27,195.0,7.222222222222222,31,1.0,0.8709677419354839,0.12903225806451613
3149947,2885,33,32,430.0,13.4375,33,1.0,0.9696969696969697,0.030303030303030276
3151394,2226,28,28,508.0,18.142857142857142,28,1.0,1.0,0.0
3151395,2226,28,28,709.0,25.321428571428573,28,1.0,1.0,0.0
3151396,2226,28,5,31.0,6.2,28,1.0,0.17857142857142858,0.8214285714285714
3151414,2448,32,25,645.0,25.8,32,1.0,0.78125,0.21875
3151415,2448,32,11,110.0,10.0,32,1.0,0.34375,0.65625
3151417,2448,32,29,520.0,17.93103448275862,32,1.0,0.90625,0.09375
3151437,2447,29,21,210.0,10.0,29,1.0,0.7241379310344828,0.27586206896551724
3151440,2447,29,17,180.0,10.588235294117649,29,1.0,0.5862068965517241,0.4137931034482759
3151442,2447,29,26,665.0,25.576923076923077,29,1.0,0.896551724137931,0.10344827586206895
3151454,357,34,33,495.0,15.0,34,1.0,0.9705882352941176,0.02941176470588236
3151455,357,34,24,193.0,8.041666666666666,34,1.0,0.7058823529411765,0.2941176470588235
3151456,2193,30,29,355.0,12.241379310344827,30,1.0,0.9666666666666667,0.033333333333333326
3151457,2193,30,14,93.0,6.642857142857143,30,1.0,0.4666666666666667,0.5333333333333333
3151461,231,33,32,641.0,20.03125,33,1.0,0.9696969696969697,0.030303030303030276
3151462,231,33,27,577.0,21.37037037037037,33,1.0,0.8181818181818182,0.18181818181818177
3151463,231,33,8,29.0,3.625,33,1.0,0.24242424242424243,0.7575757575757576
3151464,231,33,33,826.0,25.03030303030303,33,1.0,1.0,0.0
3151465,231,33,33,980.0,29.696969696969695,33,1.0,1.0,0.0
3151468,2717,32,32,443.0,13.84375,32,1.0,1.0,0.0
3151469,2717,32,32,413.0,12.90625,32,1.0,1.0,0.0
3151470,2717,32,32,471.0,14.71875,32,1.0,1.0,0.0
3151471,2717,32,12,66.0,5.5,32,1.0,0.375,0.625
3151473,2011,29,15,110.0,7.333333333333333,29,1.0,0.5172413793103449,0.48275862068965514
3151474,2011,29,10,57.0,5.7,29,1.0,0.3448275862068966,0.6551724137931034
3151476,2011,29,29,424.0,14.620689655172416,29,1.0,1.0,0.0
3151565,2130,32,22,547.0,24.863636363636363,32,1.0,0.6875,0.3125
3151566,2130,32,31,642.0,20.70967741935484,32,1.0,0.96875,0.03125
3151567,2130,32,32,679.0,21.21875,32,1.0,1.0,0.0
3151568,2130,32,30,736.0,24.533333333333335,32,1.0,0.9375,0.0625
3151569,2130,32,7,26.0,3.7142857142857144,32,1.0,0.21875,0.78125
3151571,2130,32,28,328.0,11.714285714285714,32,1.0,0.875,0.125
3151572,2130,32,19,235.0,12.36842105263158,32,1.0,0.59375,0.40625
3151573,2130,32,19,161.0,8.473684210526315,32,1.0,0.59375,0.40625
3151575,2130,32,11,58.0,5.2727272727272725,32,1.0,0.34375,0.65625
3152096,27,31,30,342.0,11.4,31,1.0,0.967741935483871,0.032258064516129004
3152097,27,31,31,643.0,20.741935483870968,31,1.0,1.0,0.0
3152098,27,31,10,39.0,3.9,31,1.0,0.3225806451612903,0.6774193548387097
3152099,27,31,15,96.0,6.4,31,1.0,0.4838709677419355,0.5161290322580645
3152101,27,31,7,22.0,3.142857142857143,31,1.0,0.22580645161290322,0.7741935483870968
3152109,2154,31,29,284.0,9.79310344827586,31,1.0,0.9354838709677419,0.06451612903225812
3152110,2154,31,25,225.0,9.0,31,1.0,0.8064516129032258,0.19354838709677424
3152111,2154,31,26,323.0,12.423076923076923,31,1.0,0.8387096774193549,0.16129032258064513
3152335,2572,29,25,397.0,15.88,29,1.0,0.8620689655172413,0.13793103448275867
3152337,2572,29,28,563.0,20.107142857142858,29,1.0,0.9655172413793104,0.03448275862068961
3152338,2572,20,18,300.0,16.666666666666668,29,0.6896551724137931,0.6206896551724138,0.06896551724137934
3152339,2572,29,25,234.0,9.36,29,1.0,0.8620689655172413,0.13793103448275867
3152340,2572,19,18,547.0,30.38888888888889,29,0.6551724137931034,0.6206896551724138,0.03448275862068961
3152345,2000,31,17,195.0,11.470588235294118,31,1.0,0.5483870967741935,0.4516129032258065
3152347,2000,31,28,209.0,7.464285714285714,31,1.0,0.9032258064516129,0.09677419354838712
3152349,2000,31,28,243.0,8.678571428571429,31,1.0,0.9032258064516129,0.09677419354838712
3153165,183,31,16,450.0,28.125,31,1.0,0.5161290322580645,0.4838709677419355
3153166,183,31,31,847.0,27.322580645161292,31,1.0,1.0,0.0
3153167,149,33,9,225.0,25.0,33,1.0,0.2727272727272727,0.7272727272727273
3153168,149,33,33,829.0,25.12121212121212,33,1.0,1.0,0.0
3153169,149,33,14,44.0,3.142857142857143,33,1.0,0.42424242424242425,0.5757575757575757
3153174,2428,32,6,55.0,9.166666666666666,33,0.9696969696969697,0.18181818181818182,0.7878787878787878
3153175,2428,33,33,519.0,15.727272727272728,33,1.0,1.0,0.0
3153183,2529,32,32,1012.0,31.625,32,1.0,1.0,0.0
3153184,2529,32,21,142.0,6.761904761904762,32,1.0,0.65625,0.34375
3153186,2529,32,6,32.0,5.333333333333333,32,1.0,0.1875,0.8125
3153187,2529,32,29,322.0,11.10344827586207,32,1.0,0.90625,0.09375
3153374,155,30,17,139.0,8.176470588235293,30,1.0,0.5666666666666667,0.43333333333333335
3153375,155,30,23,312.0,13.565217391304348,30,1.0,0.7666666666666667,0.23333333333333328
3153376,155,30,29,389.0,13.413793103448276,30,1.0,0.9666666666666667,0.033333333333333326
3153381,2379,33,33,710.0,21.515151515151516,33,1.0,1.0,0.0
3153382,2379,33,16,83.0,5.1875,33,1.0,0.48484848484848486,0.5151515151515151
3153386,2379,33,32,673.0,21.03125,33,1.0,0.9696969696969697,0.030303030303030276
3153392,2504,33,33,497.0,15.06060606060606,33,1.0,1.0,0.0
3153393,2504,33,33,401.0,12.151515151515152,33,1.0,1.0,0.0
3153395,2504,33,31,408.0,13.161290322580646,33,1.0,0.9393939393939394,0.06060606060606055
3153397,2504,33,31,331.0,10.67741935483871,33,1.0,0.9393939393939394,0.06060606060606055
3153399,2934,33,32,498.0,15.5625,33,1.0,0.9696969696969697,0.030303030303030276
3153400,2934,33,29,463.0,15.96551724137931,33,1.0,0.8787878787878788,0.12121212121212122
3153490,2115,31,26,283.0,10.884615384615383,31,1.0,0.8387096774193549,0.16129032258064513
3153491,2115,31,28,240.0,8.571428571428571,31,1.0,0.9032258064516129,0.09677419354838712
3153492,2115,31,28,846.0,30.214285714285715,31,1.0,0.9032258064516129,0.09677419354838712
3153493,2115,31,23,225.0,9.782608695652174,31,1.0,0.7419354838709677,0.25806451612903225
3153947,3084,30,30,809.0,26.966666666666665,30,1.0,1.0,0.0
3153948,3084,30,30,537.0,17.9,30,1.0,1.0,0.0
3153949,3084,30,16,102.0,6.375,30,1.0,0.5333333333333333,0.4666666666666667
3153950,3084,30,27,252.0,9.333333333333334,30,1.0,0.9,0.09999999999999998
3153965,2405,33,33,495.0,15.0,33,1.0,1.0,0.0
3154149,2450,34,33,424.0,12.848484848484848,34,1.0,0.9705882352941176,0.02941176470588236
3154150,2450,34,34,1081.0,31.794117647058822,34,1.0,1.0,0.0
3154151,2450,34,24,221.0,9.208333333333334,34,1.0,0.7058823529411765,0.2941176470588235
3154152,2450,34,20,172.0,8.6,34,1.0,0.5882352941176471,0.4117647058823529
3154153,2450,34,30,480.0,16.0,34,1.0,0.8823529411764706,0.11764705882352944
3154154,2640,35,35,1023.0,29.228571428571428,35,1.0,1.0,0.0
3154155,2640,35,32,521.0,16.28125,35,1.0,0.9142857142857143,0.08571428571428574
3154156,2640,35,34,780.0,22.941176470588236,35,1.0,0.9714285714285714,0.02857142857142858
3154157,2640,35,23,223.0,9.695652173913045,35,1.0,0.6571428571428571,0.34285714285714286
3154158,2640,35,24,375.0,15.625,35,1.0,0.6857142857142857,0.3142857142857143
3154807,2739,33,18,82.0,4.555555555555555,33,1.0,0.5454545454545454,0.4545454545454546
3154918,2582,35,11,87.0,7.909090909090909,35,1.0,0.3142857142857143,0.6857142857142857
3154920,2582,35,33,686.0,20.78787878787879,35,1.0,0.9428571428571428,0.05714285714285716
3154923,2582,35,20,147.0,7.35,35,1.0,0.5714285714285714,0.4285714285714286
3154925,50,29,29,748.0,25.79310344827586,29,1.0,1.0,0.0
3154927,50,29,28,438.0,15.642857142857142,29,1.0,0.9655172413793104,0.03448275862068961
3154928,50,29,27,312.0,11.555555555555555,29,1.0,0.9310344827586207,0.06896551724137934
3154929,50,29,29,443.0,15.275862068965518,29,1.0,1.0,0.0
3154930,50,29,29,752.0,25.93103448275862,29,1.0,1.0,0.0
3154931,50,29,27,809.0,29.96296296296296,29,1.0,0.9310344827586207,0.06896551724137934
3154932,50,29,29,957.0,33.0,29,1.0,1.0,0.0
3154933,50,29,25,196.0,7.84,29,1.0,0.8620689655172413,0.13793103448275867
3154934,50,29,28,267.0,9.535714285714286,29,1.0,0.9655172413793104,0.03448275862068961
3154936,2542,31,31,557.0,17.967741935483872,31,1.0,1.0,0.0
3154937,2542,31,30,712.0,23.733333333333334,31,1.0,0.967741935483871,0.032258064516129004
3154938,2542,31,30,470.0,15.666666666666666,31,1.0,0.967741935483871,0.032258064516129004
3154939,2542,31,30,483.0,16.1,31,1.0,0.967741935483871,0.032258064516129004
3155382,311,30,28,330.0,11.785714285714286,30,1.0,0.9333333333333333,0.06666666666666665
3155385,2619,35,28,195.0,6.964285714285714,35,1.0,0.8,0.19999999999999996
3155386,261,34,8,31.0,3.875,34,1.0,0.23529411764705882,0.7647058823529411
3155387,235,32,20,217.0,10.85,32,1.0,0.625,0.375
3155390,2655,31,31,687.0,22.161290322580644,31,1.0,1.0,0.0
3155392,202,34,21,115.0,5.476190476190476,34,1.0,0.6176470588235294,0.38235294117647056
3155402,87,38,10,21.0,2.1,38,1.0,0.2631578947368421,0.736842105263158
3155404,154,32,31,680.0,21.93548387096774,32,1.0,0.96875,0.03125
3155406,338,32,15,66.0,4.4,32,1.0,0.46875,0.53125
3155407,338,32,27,362.0,13.407407407407408,32,1.0,0.84375,0.15625
3155409,2166,32,10,21.0,2.1,32,1.0,0.3125,0.6875
3155414,2184,31,11,28.0,2.5454545454545454,31,1.0,0.3548387096774194,0.6451612903225806
3155481,2641,32,31,433.0,13.96774193548387,32,1.0,0.96875,0.03125
3155482,156,33,10,22.0,2.2,33,1.0,0.30303030303030304,0.696969696969697
3155483,156,33,8,39.0,4.875,33,1.0,0.24242424242424243,0.7575757575757576
3155485,305,32,15,60.0,4.0,32,1.0,0.46875,0.53125
3155488,2599,33,24,201.0,8.375,33,1.0,0.7272727272727273,0.2727272727272727
3155492,2599,33,16,96.0,6.0,33,1.0,0.48484848484848486,0.5151515151515151
3155494,70,30,30,379.0,12.633333333333333,30,1.0,1.0,0.0
3155495,304,29,3,39.0,13.0,30,0.9666666666666667,0.1,0.8666666666666667
3155496,304,30,29,469.0,16.17241379310345,30,1.0,0.9666666666666667,0.033333333333333326
3155504,253,29,29,560.0,19.310344827586206,29,1.0,1.0,0.0
3155505,253,29,27,467.0,17.296296296296298,29,1.0,0.9310344827586207,0.06896551724137934
3155526,2483,36,36,1020.0,28.333333333333332,36,1.0,1.0,0.0
3155527,2127,31,7,27.0,3.857142857142857,31,1.0,0.22580645161290322,0.7741935483870968
3155534,26,36,35,377.0,10.771428571428572,36,1.0,0.9722222222222222,0.02777777777777779
3155535,26,36,36,1114.0,30.944444444444443,36,1.0,1.0,0.0
3155536,26,36,36,565.0,15.694444444444445,36,1.0,1.0,0.0
3155538,264,31,28,412.0,14.714285714285714,31,1.0,0.9032258064516129,0.09677419354838712
3155540,264,31,10,65.0,6.5,31,1.0,0.3225806451612903,0.6774193548387097
3155545,2400,32,19,191.0,10.052631578947368,32,1.0,0.59375,0.40625
3155546,2400,32,6,110.0,18.333333333333332,32,1.0,0.1875,0.8125
3155547,2400,32,32,441.0,13.78125,32,1.0,1.0,0.0
3155548,2400,32,32,577.0,18.03125,32,1.0,1.0,0.0
3155549,2400,32,30,499.0,16.633333333333333,32,1.0,0.9375,0.0625
3155553,2400,32,27,254.0,9.407407407407408,32,1.0,0.84375,0.15625
3155554,2400,32,32,730.0,22.8125,32,1.0,1.0,0.0
3155562,2016,32,27,480.0,17.77777777777778,32,1.0,0.84375,0.15625
3155564,2016,32,9,212.0,23.555555555555557,32,1.0,0.28125,0.71875
3155565,2016,32,7,40.0,5.714285714285714,32,1.0,0.21875,0.78125
3155566,2016,32,7,43.0,6.142857142857143,32,1.0,0.21875,0.78125
3155568,2016,32,24,497.0,20.708333333333332,32,1.0,0.75,0.25
3155570,2016,32,22,183.0,8.318181818181818,32,1.0,0.6875,0.3125
3155578,344,32,9,26.0,2.888888888888889,32,1.0,0.28125,0.71875
3155579,2569,33,33,887.0,26.87878787878788,33,1.0,1.0,0.0
3155580,2569,33,33,615.0,18.636363636363637,33,1.0,1.0,0.0
3155582,2569,33,32,517.0,16.15625,33,1.0,0.9696969696969697,0.030303030303030276
3155583,2569,33,31,313.0,10.096774193548388,33,1.0,0.9393939393939394,0.06060606060606055
3155584,2569,33,29,538.0,18.551724137931036,33,1.0,0.8787878787878788,0.12121212121212122
3155701,2908,36,35,435.0,12.428571428571429,36,1.0,0.9722222222222222,0.02777777777777779
3155702,2908,36,16,138.0,8.625,36,1.0,0.4444444444444444,0.5555555555555556
3155703,2908,36,36,644.0,17.88888888888889,36,1.0,1.0,0.0
3155706,2229,33,12,83.0,6.916666666666667,33,1.0,0.36363636363636365,0.6363636363636364
3155707,2229,33,31,836.0,26.967741935483872,33,1.0,0.9393939393939394,0.06060606060606055
3155710,2636,30,26,640.0,24.615384615384617,30,1.0,0.8666666666666667,0.1333333333333333
3155712,98,32,12,75.0,6.25,32,1.0,0.375,0.625
3155733,171,28,28,747.0,26.678571428571427,28,1.0,1.0,0.0
3155734,171,28,19,131.0,6.894736842105263,28,1.0,0.6785714285714286,0.3214285714285714
3155736,108,30,21,192.0,9.142857142857142,30,1.0,0.7,0.30000000000000004
3155737,108,30,11,45.0,4.090909090909091,30,1.0,0.36666666666666664,0.6333333333333333
3155740,219,28,28,889.0,31.75,28,1.0,1.0,0.0
3155741,219,28,28,595.0,21.25,28,1.0,1.0,0.0
3155743,219,28,22,420.0,19.09090909090909,28,1.0,0.7857142857142857,0.2142857142857143
3155744,219,28,28,455.0,16.25,28,1.0,1.0,0.0
3155745,219,28,14,65.0,4.642857142857143,28,1.0,0.5,0.5
3155747,2099,33,32,501.0,15.65625,33,1.0,0.9696969696969697,0.030303030303030276
3155749,314,35,27,233.0,8.62962962962963,35,1.0,0.7714285714285715,0.22857142857142854
3155750,314,35,35,1201.0,34.31428571428572,35,1.0,1.0,0.0
3155751,314,35,35,637.0,18.2,35,1.0,1.0,0.0
3155752,2174,33,24,311.0,12.958333333333334,33,1.0,0.7272727272727273,0.2727272727272727
3155759,2711,34,34,693.0,20.38235294117647,34,1.0,1.0,0.0
3155770,278,32,7,27.0,3.857142857142857,32,1.0,0.21875,0.78125
3155771,167,31,28,572.0,20.428571428571427,31,1.0,0.9032258064516129,0.09677419354838712
3155879,161,29,17,63.0,3.7058823529411766,29,1.0,0.5862068965517241,0.4137931034482759
3155882,2598,32,12,43.0,3.5833333333333335,32,1.0,0.375,0.625
3155884,2598,32,23,242.0,10.521739130434783,32,1.0,0.71875,0.28125
3155886,349,30,20,165.0,8.25,30,1.0,0.6666666666666666,0.33333333333333337
3155888,349,30,19,188.0,9.894736842105264,30,1.0,0.6333333333333333,0.3666666666666667
3155890,349,30,10,41.0,4.1,30,1.0,0.3333333333333333,0.6666666666666667
3155893,2198,33,13,100.0,7.6923076923076925,33,1.0,0.3939393939393939,0.6060606060606061
3155894,2198,33,24,250.0,10.416666666666666,33,1.0,0.7272727272727273,0.2727272727272727
3155895,2198,33,9,74.0,8.222222222222221,33,1.0,0.2727272727272727,0.7272727272727273
3155897,2198,33,33,730.0,22.12121212121212,33,1.0,1.0,0.0
3155898,2198,33,33,646.0,19.575757575757574,33,1.0,1.0,0.0
3155899,104,30,23,238.0,10.347826086956522,30,1.0,0.7666666666666667,0.23333333333333328
3155901,2000,31,11,35.0,3.1818181818181817,31,1.0,0.3548387096774194,0.6451612903225806
3155902,2000,31,31,420.0,13.548387096774194,31,1.0,1.0,0.0
3155904,2110,29,29,776.0,26.75862068965517,29,1.0,1.0,0.0
3155906,2277,28,20,163.0,8.15,28,1.0,0.7142857142857143,0.2857142857142857
3155908,2916,29,29,692.0,23.86206896551724,29,1.0,1.0,0.0
3155909,2916,29,27,217.0,8.037037037037036,29,1.0,0.9310344827586207,0.06896551724137934
3155910,2916,29,29,698.0,24.06896551724138,29,1.0,1.0,0.0
3155911,2916,29,27,806.0,29.85185185185185,29,1.0,0.9310344827586207,0.06896551724137934
3155912,2320,30,29,534.0,18.41379310344828,30,1.0,0.9666666666666667,0.033333333333333326
3155913,2320,30,26,467.0,17.96153846153846,30,1.0,0.8666666666666667,0.1333333333333333
3155914,2320,30,27,390.0,14.444444444444445,30,1.0,0.9,0.09999999999999998
3155915,2320,30,21,209.0,9.952380952380953,30,1.0,0.7,0.30000000000000004
3155916,2320,30,30,515.0,17.166666666666668,30,1.0,1.0,0.0
3155917,2320,30,5,57.0,11.4,30,1.0,0.16666666666666666,0.8333333333333334
3155918,2320,30,29,410.0,14.137931034482758,30,1.0,0.9666666666666667,0.033333333333333326
3155919,2447,29,19,220.0,11.578947368421051,29,1.0,0.6551724137931034,0.3448275862068966
3155922,2534,35,27,286.0,10.592592592592592,35,1.0,0.7714285714285715,0.22857142857142854
3155926,2534,35,33,438.0,13.272727272727272,35,1.0,0.9428571428571428,0.05714285714285716
3155928,2545,32,14,161.0,11.5,32,1.0,0.4375,0.5625
3155929,2545,32,11,45.0,4.090909090909091,32,1.0,0.34375,0.65625
3155930,2545,32,29,148.0,5.103448275862069,32,1.0,0.90625,0.09375
3155932,2545,32,26,249.0,9.576923076923077,32,1.0,0.8125,0.1875
3155933,2617,34,15,32.0,2.1333333333333333,34,1.0,0.4411764705882353,0.5588235294117647
3155935,357,34,12,99.0,8.25,34,1.0,0.35294117647058826,0.6470588235294117
3155936,2678,30,14,83.0,5.928571428571429,30,1.0,0.4666666666666667,0.5333333333333333
3155938,2678,30,28,343.0,12.25,30,1.0,0.9333333333333333,0.06666666666666665
3155940,2250,37,30,297.0,9.9,38,0.9736842105263158,0.7894736842105263,0.1842105263157895
3155941,2250,38,5,101.0,20.2,38,1.0,0.13157894736842105,0.868421052631579
3155942,2250,38,38,822.0,21.63157894736842,38,1.0,1.0,0.0
3155945,2351,31,8,48.0,6.0,31,1.0,0.25806451612903225,0.7419354838709677
3155987,2437,29,29,749.0,25.82758620689655,29,1.0,1.0,0.0
3155993,233,33,33,670.0,20.303030303030305,33,1.0,1.0,0.0
3155996,233,33,25,138.0,5.52,33,1.0,0.7575757575757576,0.24242424242424243
3155997,233,33,32,299.0,9.34375,33,1.0,0.9696969696969697,0.030303030303030276
3155998,2032,29,23,282.0,12.26086956521739,29,1.0,0.7931034482758621,0.2068965517241379
3155999,6,33,10,25.0,2.5,33,1.0,0.30303030303030304,0.696969696969697
3156001,2492,32,10,43.0,4.3,32,1.0,0.3125,0.6875
3156023,2169,36,25,380.0,15.2,36,1.0,0.6944444444444444,0.3055555555555556
3156024,2169,36,13,81.0,6.230769230769231,36,1.0,0.3611111111111111,0.6388888888888888
3156025,2169,36,7,32.0,4.571428571428571,36,1.0,0.19444444444444445,0.8055555555555556
3156026,2169,36,36,491.0,13.63888888888889,36,1.0,1.0,0.0
3156038,2415,31,14,66.0,4.714285714285714,31,1.0,0.45161290322580644,0.5483870967741935
3156043,2450,34,33,441.0,13.363636363636363,34,1.0,0.9705882352941176,0.02941176470588236
3156054,2542,31,31,676.0,21.806451612903224,31,1.0,1.0,0.0
3156061,2010,29,5,47.0,9.4,29,1.0,0.1724137931034483,0.8275862068965517
3156064,2010,29,24,213.0,8.875,29,1.0,0.8275862068965517,0.1724137931034483
3156065,2010,29,29,436.0,15.03448275862069,29,1.0,1.0,0.0
3156067,2010,29,26,253.0,9.73076923076923,29,1.0,0.896551724137931,0.10344827586206895
3156069,2010,29,28,926.0,33.07142857142857,29,1.0,0.9655172413793104,0.03448275862068961
3156070,2010,29,11,84.0,7.636363636363637,29,1.0,0.3793103448275862,0.6206896551724138
3156071,2010,29,29,435.0,15.0,29,1.0,1.0,0.0
3156083,2755,29,27,266.0,9.851851851851851,29,1.0,0.9310344827586207,0.06896551724137934
3156085,2755,29,29,783.0,27.0,29,1.0,1.0,0.0
3156086,2755,29,5,97.0,19.4,29,1.0,0.1724137931034483,0.8275862068965517
3156087,2755,29,18,186.0,10.333333333333334,29,1.0,0.6206896551724138,0.3793103448275862
3156088,2755,29,29,549.0,18.93103448275862,29,1.0,1.0,0.0
3156089,2296,32,32,681.0,21.28125,32,1.0,1.0,0.0
3156090,2296,32,19,264.0,13.894736842105264,32,1.0,0.59375,0.40625
3156091,2296,32,5,24.0,4.8,32,1.0,0.15625,0.84375
3156093,2296,32,31,707.0,22.806451612903224,32,1.0,0.96875,0.03125
3156094,2296,32,10,152.0,15.2,32,1.0,0.3125,0.6875
3156095,2296,32,27,252.0,9.333333333333334,32,1.0,0.84375,0.15625
3156099,2514,30,26,297.0,11.423076923076923,30,1.0,0.8666666666666667,0.1333333333333333
3156101,2514,30,26,529.0,20.346153846153847,30,1.0,0.8666666666666667,0.1333333333333333
3156102,2514,30,30,431.0,14.366666666666667,30,1.0,1.0,0.0
3156103,2514,30,18,144.0,8.0,30,1.0,0.6,0.4
3156146,2547,34,34,625.0,18.38235294117647,34,1.0,1.0,0.0
3156150,292,31,7,20.0,2.857142857142857,31,1.0,0.22580645161290322,0.7741935483870968
3158225,2483,36,5,23.0,4.6,36,1.0,0.1388888888888889,0.8611111111111112
3158247,204,31,12,58.0,4.833333333333333,31,1.0,0.3870967741935484,0.6129032258064516
3158249,204,31,17,68.0,4.0,31,1.0,0.5483870967741935,0.4516129032258065
3158250,204,31,21,123.0,5.857142857142857,31,1.0,0.6774193548387096,0.32258064516129037
3158267,2,35,11,21.0,1.9090909090909092,35,1.0,0.3142857142857143,0.6857142857142857
3158387,2737,32,9,23.0,2.5555555555555554,32,1.0,0.28125,0.71875
3158394,2711,34,12,53.0,4.416666666666667,34,1.0,0.35294117647058826,0.6470588235294117
3158395,2711,34,34,727.0,21.38235294117647,34,1.0,1.0,0.0
3158439,2426,32,10,78.0,7.8,32,1.0,0.3125,0.6875
3158440,2426,32,7,94.0,13.428571428571429,32,1.0,0.21875,0.78125
3158441,2426,32,22,243.0,11.045454545454543,32,1.0,0.6875,0.3125
3158442,2426,32,7,93.0,13.285714285714286,32,1.0,0.21875,0.78125
3158443,2426,32,15,117.0,7.8,32,1.0,0.46875,0.53125
3158444,2426,32,31,511.0,16.483870967741936,32,1.0,0.96875,0.03125
3158613,47,32,13,54.0,4.153846153846154,32,1.0,0.40625,0.59375
3158616,2217,31,5,32.0,6.4,31,1.0,0.16129032258064516,0.8387096774193549
3158665,2755,29,26,265.0,10.192307692307692,29,1.0,0.896551724137931,0.10344827586206895
3158666,2755,29,27,202.0,7.481481481481482,29,1.0,0.9310344827586207,0.06896551724137934
3158680,2379,33,30,896.0,29.866666666666667,33,1.0,0.9090909090909091,0.09090909090909094
3158754,2504,33,7,26.0,3.7142857142857144,33,1.0,0.21212121212121213,0.7878787878787878
3158755,2504,33,24,151.0,6.291666666666667,33,1.0,0.7272727272727273,0.2727272727272727
3158765,2006,33,13,59.0,4.538461538461538,35,0.9428571428571428,0.37142857142857144,0.5714285714285714
3158791,328,31,31,384.0,12.387096774193548,31,1.0,1.0,0.0
3158855,2261,35,11,58.0,5.2727272727272725,35,1.0,0.3142857142857143,0.6857142857142857
3158857,2261,35,18,199.0,11.055555555555555,35,1.0,0.5142857142857142,0.48571428571428577
3158900,2448,32,8,25.0,3.125,32,1.0,0.25,0.75
3158901,2029,32,31,557.0,17.967741935483872,32,1.0,0.96875,0.03125
3158902,2029,32,13,62.0,4.769230769230769,32,1.0,0.40625,0.59375
3158904,2029,32,26,703.0,27.03846153846154,32,1.0,0.8125,0.1875
3158905,2029,32,25,174.0,6.96,32,1.0,0.78125,0.21875
3158906,2029,32,31,452.0,14.580645161290322,32,1.0,0.96875,0.03125
3159319,2415,29,13,202.0,15.538461538461538,31,0.9354838709677419,0.41935483870967744,0.5161290322580645
3159363,2447,29,4,32.0,8.0,29,1.0,0.13793103448275862,0.8620689655172413
3159512,2443,29,8,30.0,3.75,29,1.0,0.27586206896551724,0.7241379310344828
3160885,2296,27,6,43.0,7.166666666666667,32,0.84375,0.1875,0.65625
3160886,2296,28,7,57.0,8.142857142857142,32,0.875,0.21875,0.65625
3161276,2569,30,14,83.0,5.928571428571429,33,0.9090909090909091,0.42424242424242425,0.4848484848484848
3161853,2678,24,12,57.0,4.75,30,0.8,0.4,0.4
3163178,2,28,23,205.0,8.91304347826087,35,0.8,0.6571428571428571,0.1428571428571429
3163762,50,21,19,287.0,15.105263157894736,29,0.7241379310344828,0.6551724137931034,0.06896551724137934
3164171,2400,21,18,328.0,18.22222222222222,32,0.65625,0.5625,0.09375
3165009,2483,22,8,35.0,4.375,36,0.6111111111111112,0.2222222222222222,0.38888888888888895
3165537,2400,15,2,47.0,23.5,32,0.46875,0.0625,0.40625
3166885,44,1,1,40.0,40.0,33,0.030303030303030304,0.030303030303030304,0.0
3910148,2546,30,30,604.0,20.133333333333333,30,1.0,1.0,0.0
3948561,261,34,27,541.0,20.03703703703704,34,1.0,0.7941176470588235,0.20588235294117652
