athlete_id,team_id,played_games,minutes,captured_games,chosen_team
4665,2029,24,98.0,32,2029
17852,2612,3,5.0,29,2612
35822,2504,17,85.0,30,2504
46888,299,34,856.0,34,299
51327,238,31,318.0,33,238
51398,2428,28,935.0,31,2428
51670,252,36,1224.0,36,252
51771,2382,6,65.0,24,2382
51927,302,29,841.0,30,302
51961,2428,11,232.0,31,2428
52084,2181,30,433.0,31,2181
52280,252,36,978.0,36,252
56114,57,3,23.0,36,57
56115,183,37,1403.0,37,183
56116,150,35,1078.0,35,150
56117,164,32,869.0,32,164
56118,2460,36,1091.0,36,2460
56119,258,36,1234.0,36,258
56121,2335,31,746.0,31,2335
56122,2031,21,143.0,35,2031
56122,2634,0,0.0,1,2031
56123,252,36,1232.0,36,252
56124,2803,7,49.0,30,2803
56129,2026,17,91.0,30,2026
56129,2046,0,0.0,1,2026
56133,2217,24,258.0,33,2217
56135,235,32,766.0,34,235
56140,277,30,708.0,34,277
56143,2752,33,643.0,33,2752
56147,526,31,465.0,35,526
56152,2306,32,607.0,32,2306
56159,2473,35,788.0,35,2473
56160,324,16,74.0,33,324
56163,2229,31,925.0,31,2229
56166,2390,34,1030.0,34,2390
56172,2599,32,886.0,32,2599
56175,98,34,1073.0,34,98
56176,2539,21,169.0,30,2539
56183,2567,28,647.0,30,2567
56185,139,32,962.0,32,139
56206,193,29,960.0,32,193
56209,99,20,608.0,33,99
56215,2678,29,411.0,30,2678
56216,2643,32,838.0,32,2643
56217,232,21,316.0,31,232
56221,2086,30,366.0,32,2086
56223,2752,33,799.0,33,2752
56227,77,31,1140.0,31,77
56231,97,31,859.0,31,97
56235,2026,30,467.0,30,2026
56235,2046,0,0.0,1,2026
56236,13,30,762.0,30,13
56245,2428,28,351.0,31,2428
56252,314,4,39.0,18,314
56254,2405,31,731.0,36,2405
56255,2261,27,547.0,31,2261
56259,292,27,875.0,29,292
56260,248,29,718.0,32,248
56264,526,33,914.0,35,526
56265,2483,2,21.0,37,2483
56269,227,0,0.0,1,2198
56269,2198,29,916.0,30,2198
56270,2097,30,599.0,30,2097
56280,2638,33,715.0,33,2638
56285,270,32,731.0,32,270
56289,21,37,497.0,37,21
56296,338,31,666.0,31,338
56297,8,30,241.0,31,8
56301,2086,32,1077.0,32,2086
56305,156,35,742.0,35,156
56307,2230,20,113.0,31,2230
56311,2450,32,931.0,33,2450
56316,171,29,829.0,34,171
56321,399,33,1085.0,33,399
56326,2309,32,778.0,32,2309
56330,41,36,926.0,36,41
56337,43,30,835.0,30,43
56345,2747,29,455.0,32,2747
56347,2427,17,109.0,34,2427
56351,2244,7,32.0,31,2244
56355,2250,36,1209.0,36,2250
56362,309,33,1007.0,33,309
56365,2393,35,829.0,35,2393
56368,2,29,832.0,30,2
56369,2460,36,1265.0,36,2460
56370,270,29,364.0,32,270
56372,197,31,489.0,31,197
56378,2450,33,795.0,33,2450
56390,2166,30,1113.0,33,2166
56393,2253,34,522.0,34,2253
56400,140,26,611.0,31,140
56401,2502,30,904.0,31,2502
56402,2050,28,216.0,34,2050
56405,2509,35,619.0,35,2509
56407,2567,29,997.0,30,2567
56408,84,35,703.0,35,84
56409,282,31,1018.0,31,282
56410,282,29,285.0,31,282
56413,36,34,952.0,34,36
56416,195,34,964.0,34,195
56422,2724,35,742.0,35,2724
56423,2437,32,829.0,32,2437
56425,300,35,574.0,38,300
56432,257,32,943.0,32,257
56433,2197,21,171.0,30,2197
56435,221,29,243.0,32,221
56436,2463,26,652.0,30,2463
56452,2065,32,889.0,32,2065
56458,2545,32,1062.0,33,2545
56460,27,33,1120.0,33,27
56471,2636,10,116.0,32,2636
56472,2277,33,952.0,34,2277
56487,2261,26,900.0,31,2261
56490,258,36,1014.0,36,258
56496,94,1,3.0,30,94
56513,350,10,34.0,33,350
56519,2447,34,912.0,34,2447
56527,2466,1,30.0,28,2466
56528,357,33,1004.0,33,357
56531,357,12,100.0,33,357
56539,2413,37,709.0,37,2413
56542,85,32,928.0,32,85
56549,2571,9,43.0,34,2571
56554,198,28,989.0,30,198
56560,2172,31,859.0,31,2172
56568,233,31,921.0,31,233
56574,2550,33,773.0,33,2550
56576,98,34,728.0,34,98
56577,325,29,642.0,32,325
56595,25,7,11.0,33,25
56602,2504,27,557.0,30,2504
56612,2193,35,763.0,35,2193
56618,2065,32,1030.0,32,2065
56621,2447,34,381.0,34,2447
56624,12,33,963.0,34,12
56626,68,32,683.0,32,68
56627,103,31,853.0,32,103
56629,218,32,818.0,32,218
56633,2429,10,250.0,33,2429
56645,305,30,876.0,30,305
56647,79,31,276.0,32,79
56650,2550,18,105.0,33,2550
56653,2305,37,503.0,38,2305
56669,2174,30,614.0,30,2174
56671,62,34,585.0,34,62
56672,84,35,612.0,35,84
56676,2623,19,573.0,31,2623
56682,2142,30,1042.0,30,2142
56683,2275,33,1245.0,33,2275
56687,2449,31,455.0,33,2449
56707,103,31,1034.0,32,103
56710,164,31,654.0,32,164
56713,2439,31,915.0,33,2439
56726,245,33,902.0,37,245
56729,2086,32,426.0,32,2086
56733,2603,30,596.0,36,2603
56742,2565,25,406.0,28,2565
56744,235,34,1006.0,34,235
56749,227,32,1074.0,32,227
56752,5,33,999.0,33,5
56753,77,24,280.0,31,77
56755,57,36,1143.0,36,57
56758,2603,36,951.0,36,2603
56760,2006,22,433.0,35,2006
56761,113,32,947.0,32,113
56761,156,0,0.0,1,113
56763,8,31,470.0,31,8
56765,275,6,9.0,34,275
56766,2571,28,956.0,34,2571
56768,2294,33,1040.0,33,2294
56774,2099,33,715.0,33,2099
56780,331,33,1235.0,34,331
56782,2674,32,482.0,37,2674
56783,356,8,171.0,34,356
56794,113,22,537.0,32,113
56797,2250,36,1123.0,36,2250
56801,70,34,860.0,34,70
56802,201,36,1193.0,36,201
56813,2514,21,217.0,29,2514
56817,2459,34,561.0,34,2459
56821,2540,25,580.0,33,2540
56822,2540,33,436.0,33,2540
56827,2193,34,591.0,35,2193
56829,2653,31,909.0,31,2653
56831,2635,4,63.0,31,2635
56833,264,34,1149.0,34,264
56834,149,33,1005.0,33,149
56835,2655,18,402.0,34,2655
56857,2275,33,1172.0,33,2275
56861,2344,25,832.0,32,2344
56876,2448,16,390.0,32,2448
56878,295,38,1333.0,38,295
56891,221,32,384.0,32,221
56896,2182,31,926.0,31,2182
56898,2182,31,925.0,31,2182
56899,97,30,1006.0,31,97
56903,2724,31,537.0,35,2724
56906,2439,33,827.0,33,2439
56915,3084,27,270.0,29,3084
56924,58,33,958.0,33,58
56925,2737,30,563.0,31,2737
56926,2247,30,1065.0,30,2247
56928,2377,28,740.0,28,2377
56930,2377,25,257.0,28,2377
56935,2681,33,936.0,34,2681
56936,2529,30,787.0,30,2529
56941,2634,30,984.0,31,2634
56949,2050,21,374.0,34,2050
56950,2132,33,835.0,33,2132
56951,2132,28,573.0,33,2132
56953,2193,34,1118.0,35,2193
56959,2539,23,233.0,30,2539
56963,153,16,29.0,40,153
56972,357,33,760.0,33,357
56977,12,34,744.0,34,12
56979,2546,29,865.0,29,2546
56994,2617,34,1002.0,34,2617
56997,183,37,1347.0,37,183
56999,2520,32,1130.0,32,2520
57029,278,35,889.0,35,278
57034,235,10,91.0,34,235
57046,2127,21,570.0,27,2127
57048,111,28,974.0,32,111
57052,2250,36,969.0,36,2250
57053,202,29,622.0,31,202
57054,202,31,602.0,31,202
57055,288,25,244.0,32,288
57060,2670,35,986.0,35,2670
57062,252,36,554.0,36,252
57068,47,10,115.0,31,47
57084,2545,13,186.0,33,2545
57090,2628,26,318.0,33,2628
57092,2305,26,201.0,38,2305
57096,344,30,346.0,30,344
57102,59,36,522.0,36,59
57107,189,8,41.0,34,189
57110,2454,34,1174.0,34,2454
57122,248,19,129.0,32,248
57126,350,33,891.0,33,350
57127,350,32,388.0,33,350
57129,59,36,1098.0,36,59
57136,66,35,1088.0,35,66
57139,204,11,78.0,32,204
57144,245,37,950.0,37,245
57165,2230,31,984.0,31,2230
57173,59,36,818.0,36,59
57175,333,32,1044.0,32,333
57179,68,31,905.0,32,68
57181,3084,24,269.0,29,3084
57184,68,32,1012.0,32,68
57193,2630,32,831.0,34,2630
57204,2239,10,202.0,30,2239
57206,250,16,75.0,34,250
57244,2640,32,801.0,32,2640
57248,2306,32,1010.0,32,2306
57251,2309,21,534.0,32,2309
57260,356,32,741.0,34,356
57264,48,28,899.0,29,48
57272,2473,35,862.0,35,2473
57273,108,30,739.0,30,108
57281,2352,30,885.0,30,2352
57293,2502,31,907.0,31,2502
57294,2641,31,885.0,31,2641
57298,227,0,0.0,1,2750
57298,2750,29,660.0,34,2750
57303,2567,30,798.0,30,2567
57310,2272,15,220.0,32,2272
57330,290,29,440.0,30,290
57334,2542,31,843.0,31,2542
57342,2582,35,1131.0,35,2582
57349,300,35,710.0,38,300
57350,300,38,852.0,38,300
57355,2569,32,271.0,32,2569
57357,2344,32,957.0,32,2344
57362,164,31,652.0,32,164
57374,155,23,175.0,33,155
57378,299,34,1055.0,34,299
57380,2755,31,421.0,31,2755
57386,2363,28,826.0,31,2363
57401,155,9,28.0,33,155
57403,278,34,789.0,35,278
57404,2390,34,1122.0,34,2390
57405,218,30,868.0,32,218
57408,41,36,1184.0,36,41
57413,2674,36,903.0,37,2674
57414,2241,30,764.0,33,2241
57416,2099,33,1132.0,33,2099
57426,13,28,611.0,30,13
57446,232,5,18.0,31,232
57460,94,29,213.0,30,94
57475,2724,35,1106.0,35,2724
57486,167,26,251.0,32,167
57498,2253,14,72.0,34,2253
57509,2643,31,786.0,32,2643
57519,116,33,615.0,33,116
57523,349,3,10.0,33,349
57541,2437,32,625.0,32,2437
57599,2430,34,762.0,34,2430
57663,2110,28,841.0,28,2110
57666,2110,28,710.0,28,2110
57675,2638,27,319.0,33,2638
57686,2870,33,1228.0,34,2870
57784,2016,29,727.0,30,2016
57807,2325,23,421.0,31,2325
57817,2885,34,547.0,35,2885
57819,2253,33,872.0,34,2253
57824,2306,16,59.0,32,2306
58171,2261,31,977.0,31,2261
58174,2515,30,639.0,30,2515
58429,85,32,807.0,32,85
58448,2272,28,830.0,32,2272
58481,145,31,860.0,31,145
58496,2439,6,48.0,30,2439
58497,2439,1,3.0,3,2439
58512,2275,33,1148.0,33,2275
58700,2681,33,580.0,34,2681
58719,2561,19,85.0,33,2561
58727,2565,28,491.0,28,2565
58728,2460,36,1241.0,36,2460
58756,2348,29,312.0,33,2348
59126,2437,31,513.0,32,2437
59340,2571,33,768.0,34,2571
59920,2565,25,356.0,28,2565
60059,294,30,634.0,31,294
60173,2803,15,50.0,30,2803
60204,2130,4,55.0,32,2130
60481,2483,11,24.0,37,2483
60714,2448,32,572.0,32,2448
60784,2169,26,352.0,31,2169
60839,127,28,178.0,34,127
61143,292,29,914.0,29,292
61156,2608,35,1293.0,35,2608
61157,41,36,1042.0,36,41
61158,2086,28,520.0,32,2086
61160,154,23,701.0,31,154
61162,154,29,891.0,31,154
61164,314,32,855.0,32,314
61165,45,38,1157.0,38,45
61166,119,31,881.0,32,119
61167,104,8,177.0,34,104
61168,104,28,805.0,34,104
61169,104,34,1231.0,34,104
61170,156,35,1100.0,35,156
61172,311,29,463.0,30,311
61173,311,24,594.0,30,311
61175,2184,33,1184.0,33,2184
61178,45,38,1287.0,38,45
61179,45,38,1217.0,38,45
61181,45,36,1072.0,38,45
61182,44,31,463.0,31,44
61183,257,32,1065.0,32,257
61185,257,30,650.0,32,257
61186,2674,36,1038.0,37,2674
61189,2752,33,965.0,33,2752
61190,2752,33,678.0,33,2752
61191,2428,28,824.0,31,2428
61192,193,30,456.0,32,193
61193,325,9,122.0,32,325
61194,338,23,480.0,31,338
61195,338,31,1203.0,31,338
61197,2382,33,414.0,34,2382
61199,326,30,746.0,31,326
61200,2454,34,1082.0,34,2454
61201,2229,19,282.0,31,2229
61202,2454,34,728.0,34,2454
61203,2454,34,867.0,34,2454
61206,56,33,949.0,33,56
61208,2473,35,852.0,35,2473
61210,315,30,692.0,32,315
61211,66,8,253.0,35,66
61212,66,35,1162.0,35,66
61214,127,34,710.0,34,127
61215,152,1,7.0,33,152
61216,2428,16,281.0,31,2428
61219,221,32,608.0,32,221
61220,221,32,1028.0,32,221
61222,147,30,1003.0,30,147
61225,147,30,651.0,30,147
61231,2692,33,1042.0,35,2692
61233,2692,35,812.0,35,2692
61236,50,27,885.0,28,50
61240,2272,32,710.0,32,2272
61241,2272,32,888.0,32,2272
61242,2272,30,835.0,32,2272
61244,2619,31,821.0,33,2619
61252,294,6,31.0,31,294
61258,2427,33,881.0,34,2427
61260,2427,32,805.0,34,2427
61264,135,27,647.0,30,135
61265,269,27,254.0,33,269
61266,2181,30,830.0,31,2181
61267,77,25,588.0,31,77
61268,77,31,733.0,31,77
61270,213,31,429.0,31,213
61272,213,31,1002.0,31,213
61273,2509,31,922.0,35,2509
61274,2509,33,813.0,35,2509
61275,248,31,691.0,32,248
61277,2509,10,26.0,35,2509
61279,275,34,1068.0,34,275
61281,13,30,579.0,30,13
61282,13,30,390.0,30,13
61286,299,33,551.0,34,299
61293,302,30,1000.0,30,302
61295,3084,11,49.0,29,3084
61297,2065,32,814.0,32,2065
61300,2247,30,773.0,30,2247
61301,2247,30,870.0,30,2247
61303,2309,32,960.0,32,2309
61304,2458,20,555.0,31,2458
61305,261,37,694.0,37,261
61307,256,30,1000.0,31,256
61308,2168,32,1028.0,33,2168
61310,256,25,420.0,31,256
61315,119,31,785.0,32,119
61316,2729,31,775.0,31,2729
61317,2729,30,905.0,31,2729
61319,248,32,566.0,32,248
61321,245,36,1114.0,37,245
61322,265,22,319.0,30,265
61323,2,20,689.0,22,2
61327,276,33,882.0,33,276
61328,235,33,976.0,34,235
61331,242,32,1074.0,32,242
61341,2309,32,537.0,32,2309
61343,2655,33,1088.0,34,2655
61344,2655,5,51.0,34,2655
61345,526,35,1148.0,35,526
61348,202,31,545.0,31,202
61349,202,30,1029.0,31,202
61350,202,31,552.0,31,202
61351,202,31,997.0,31,202
61353,2116,27,263.0,30,2116
61356,2116,30,846.0,30,2116
61357,2116,30,778.0,30,2116
61358,2630,33,1092.0,34,2630
61360,2628,22,535.0,33,2628
61362,2638,2,23.0,33,2638
61365,2739,36,1137.0,36,2739
61366,2739,36,1174.0,36,2739
61369,85,32,896.0,32,85
61370,85,30,612.0,32,85
61371,2350,31,784.0,32,2350
61372,2350,31,615.0,32,2350
61378,270,32,1000.0,32,270
61380,2750,33,1001.0,34,2750
61381,160,30,893.0,33,160
61394,225,28,832.0,28,225
61396,238,30,370.0,33,238
61398,172,22,144.0,28,172
61400,108,30,712.0,30,108
61403,108,30,930.0,30,108
61404,108,26,590.0,30,108
61405,43,20,567.0,24,43
61406,43,28,869.0,30,43
61407,43,30,851.0,30,43
61409,2099,33,1036.0,33,2099
61411,314,27,968.0,32,314
61416,257,32,961.0,32,257
61417,2634,31,932.0,31,2634
61418,2520,31,614.0,32,2520
61421,2520,28,693.0,32,2520
61423,2520,32,651.0,32,2520
61425,2561,33,806.0,33,2561
61426,2561,33,1101.0,33,2561
61427,2415,29,855.0,30,2415
61428,2415,25,820.0,30,2415
61430,2006,34,849.0,35,2006
61431,2006,35,926.0,35,2006
61433,2050,34,906.0,34,2050
61434,179,31,1154.0,31,179
61435,2572,29,488.0,29,2572
61437,189,34,986.0,34,189
61440,2084,35,974.0,35,2084
61444,338,31,689.0,31,338
61445,2649,32,1007.0,32,2649
61447,2711,29,356.0,32,2711
61450,2711,32,701.0,32,2711
61451,2711,32,786.0,32,2711
61453,2711,32,475.0,32,2711
61454,71,21,317.0,31,71
61456,325,30,850.0,32,325
61457,156,31,984.0,35,156
61459,294,31,1117.0,31,294
61462,135,28,833.0,30,135
61463,2184,32,1142.0,33,2184
61470,282,31,891.0,31,282
61477,79,32,1098.0,32,79
61479,79,29,693.0,32,79
61481,36,34,1112.0,34,36
61486,198,29,648.0,30,198
61488,278,35,1284.0,35,278
61489,140,17,289.0,31,140
61491,2440,34,1003.0,38,2440
61492,156,35,777.0,35,156
61494,42,30,1038.0,33,42
61495,167,2,28.0,32,167
61496,2287,31,621.0,31,2287
61497,21,36,1039.0,37,21
61498,21,18,212.0,37,21
61499,21,37,890.0,37,21
61500,2751,31,1125.0,32,2751
61503,2751,32,1107.0,32,2751
61508,161,2,8.0,33,161
61511,161,27,369.0,33,161
61513,2405,36,594.0,36,2405
61516,116,33,892.0,33,116
61518,324,30,976.0,33,324
61522,2529,14,112.0,30,2529
61525,2529,25,762.0,30,2529
61527,2598,30,816.0,30,2598
61528,2598,28,960.0,30,2598
61530,2598,30,977.0,30,2598
61534,104,28,737.0,34,104
61537,2046,36,1213.0,36,2046
61538,2428,7,102.0,19,2428
61539,2057,32,1034.0,32,2057
61541,2057,26,107.0,32,2057
61543,356,31,304.0,34,356
61546,56,33,671.0,33,56
61549,12,7,26.0,34,12
61552,12,26,712.0,34,12
61553,12,34,1133.0,34,12
61554,9,32,722.0,32,9
61555,2502,31,884.0,31,2502
61558,8,31,887.0,31,8
61563,2344,21,693.0,32,2344
61564,2325,31,1170.0,31,2325
61565,526,18,106.0,35,526
61566,2,30,653.0,30,2
61569,239,31,791.0,33,239
61570,248,2,27.0,32,248
61572,239,33,1010.0,33,239
61573,30,26,292.0,34,30
61575,350,32,1044.0,33,350
61578,41,36,511.0,36,41
61579,41,32,341.0,36,41
61580,44,20,220.0,31,44
61581,2172,31,656.0,31,2172
61583,2172,31,509.0,31,2172
61585,120,35,1152.0,35,120
61586,150,8,239.0,35,150
61589,2429,33,1131.0,33,2429
61590,57,25,265.0,36,57
61591,52,33,587.0,33,52
61592,52,32,850.0,33,52
61593,52,32,626.0,33,52
61601,2230,26,723.0,31,2230
61602,61,31,934.0,33,61
61603,61,32,506.0,33,61
61604,61,32,922.0,33,61
61606,59,36,1167.0,36,59
61607,120,35,927.0,35,120
61609,59,8,22.0,36,59
61612,36,33,1007.0,34,36
61614,70,27,482.0,34,70
61616,158,34,1010.0,34,158
61617,2305,15,37.0,38,2305
61618,2305,14,30.0,38,2305
61619,2350,32,906.0,32,2350
61621,2305,36,664.0,38,2305
61622,2305,38,1150.0,38,2305
61623,2640,4,29.0,32,2640
61624,2655,34,1075.0,34,2655
61626,2413,30,871.0,37,2413
61627,2674,35,772.0,37,2674
61628,145,7,50.0,31,145
61630,145,29,814.0,31,145
61631,145,30,691.0,31,145
61636,344,29,807.0,30,344
61637,344,30,877.0,30,344
61640,62,33,817.0,34,62
61642,142,31,615.0,31,142
61645,2348,30,955.0,33,2348
61646,93,30,1084.0,30,93
61647,93,6,20.0,30,93
61650,2529,27,655.0,30,2529
61651,153,37,289.0,40,153
61652,153,34,1075.0,40,153
61653,153,40,1121.0,40,153
61655,55,4,79.0,29,55
61656,87,36,1065.0,36,87
61657,249,31,525.0,32,249
61658,87,17,97.0,36,87
61661,201,9,23.0,36,201
61662,201,36,1209.0,36,201
61663,201,36,1286.0,36,201
61664,2405,34,730.0,36,2405
61666,197,4,9.0,31,197
61667,197,3,77.0,31,197
61668,2390,31,780.0,34,2390
61671,2638,33,1064.0,33,2638
61673,2439,22,529.0,33,2439
61674,248,32,991.0,32,248
61675,193,28,501.0,32,193
61676,36,26,370.0,34,36
61678,204,32,539.0,32,204
61679,204,21,311.0,32,204
61682,2681,34,654.0,34,2681
61691,2547,31,631.0,32,2547
61692,2547,32,945.0,32,2547
61697,2198,29,840.0,30,2198
61698,259,35,1078.0,35,259
61700,2603,36,1239.0,36,2603
61701,2603,21,99.0,36,2603
61702,24,30,1023.0,30,24
61703,24,27,585.0,30,24
61704,24,27,399.0,30,24
61706,2633,33,1080.0,34,2633
61707,2633,34,653.0,34,2633
61708,251,33,888.0,33,251
61709,251,32,459.0,33,251
61710,251,32,579.0,33,251
61711,251,33,939.0,33,251
61712,251,2,6.0,33,251
61714,251,13,293.0,33,251
61718,249,32,1073.0,32,249
61719,245,13,28.0,37,245
61720,245,37,1067.0,37,245
61726,250,34,835.0,34,250
61733,26,32,800.0,32,26
61734,30,18,47.0,34,30
61735,2541,24,350.0,31,2541
61737,254,35,1076.0,35,254
61739,93,29,690.0,30,93
61740,254,35,1149.0,35,254
61741,254,35,659.0,35,254
61742,3084,29,970.0,29,3084
61743,328,29,427.0,30,328
61747,149,25,156.0,33,149
61751,2636,31,700.0,32,2636
61756,221,31,586.0,32,221
61757,222,39,1261.0,39,222
61758,222,15,28.0,39,222
61759,222,14,23.0,39,222
61760,222,36,839.0,39,222
61761,2057,32,936.0,32,2057
61763,258,36,572.0,36,258
61764,258,33,292.0,36,258
61767,258,12,17.0,36,258
61769,257,30,701.0,32,257
61770,265,28,290.0,30,265
61773,265,30,775.0,30,265
61775,265,30,439.0,30,265
61776,248,32,951.0,32,248
61777,2413,37,898.0,37,2413
61778,2199,27,442.0,32,2199
61779,305,12,17.0,30,305
61781,305,23,213.0,30,305
61782,2572,29,859.0,29,2572
61784,2168,22,730.0,23,2168
61786,98,18,431.0,34,98
61787,256,20,169.0,31,256
61788,2086,32,1034.0,32,2086
61789,84,35,1215.0,35,84
61791,2247,30,958.0,30,2247
61792,2193,35,422.0,35,2193
61794,59,36,901.0,36,59
61795,259,35,985.0,35,259
61796,120,35,1098.0,35,120
61797,41,18,105.0,36,41
61799,251,33,402.0,33,251
61800,2348,33,1167.0,33,2348
61804,2507,33,1088.0,35,2507
61805,38,33,754.0,33,38
61807,130,8,65.0,35,130
61810,130,14,428.0,35,130
61811,2599,26,591.0,32,2599
61813,2599,32,807.0,32,2599
61816,119,29,228.0,32,119
61817,127,34,961.0,34,127
61818,2507,35,855.0,35,2507
61820,325,23,193.0,32,325
61821,183,37,649.0,37,183
61825,151,31,872.0,31,151
61826,151,30,631.0,31,151
61827,2294,33,976.0,33,2294
61828,2294,33,987.0,33,2294
61829,70,25,325.0,34,70
61830,2294,33,836.0,33,2294
61831,248,32,446.0,32,248
61832,113,29,541.0,32,113
61832,156,0,0.0,1,113
61833,113,32,1087.0,32,113
61833,156,0,0.0,1,113
61835,228,31,1060.0,31,228
61836,2226,31,882.0,32,2226
61837,228,31,691.0,31,228
61838,228,31,1029.0,31,228
61839,228,26,191.0,31,228
61843,96,30,710.0,35,96
61844,179,31,1150.0,31,179
61846,2275,33,1189.0,33,2275
61847,104,34,490.0,34,104
61848,2539,30,776.0,30,2539
61852,46,26,564.0,32,46
61853,46,32,1135.0,32,46
61860,252,1,4.0,36,252
61862,252,3,11.0,36,252
61868,44,31,1173.0,31,44
61869,44,31,787.0,31,44
61875,2463,15,307.0,30,2463
61876,2463,30,952.0,30,2463
61879,301,13,177.0,30,301
61884,2097,30,734.0,30,2097
61885,2097,9,44.0,30,2097
61886,2117,26,944.0,33,2117
61890,2117,33,1146.0,33,2117
61891,2117,33,448.0,33,2117
61892,232,13,415.0,31,232
61895,38,33,928.0,33,38
61896,2174,30,964.0,30,2174
61898,38,31,953.0,33,38
61899,38,8,18.0,33,38
61900,38,33,678.0,33,38
61901,48,29,660.0,29,48
61903,2439,2,4.0,24,2439
61904,9,28,588.0,31,9
61905,526,23,423.0,35,526
61906,30,34,913.0,34,30
61908,2309,32,1007.0,32,2309
61909,2309,32,805.0,32,2309
61910,2309,32,719.0,32,2309
61911,2638,32,822.0,33,2638
61913,2031,29,224.0,35,2031
61913,2634,0,0.0,1,2031
61915,36,34,1079.0,34,36
61916,2031,35,1073.0,35,2031
61916,2634,0,0.0,1,2031
61918,2031,34,646.0,35,2031
61918,2634,0,0.0,1,2031
61919,2031,35,579.0,35,2031
61919,2634,0,0.0,1,2031
61920,2870,12,40.0,34,2870
61922,322,27,887.0,30,322
61923,322,28,687.0,30,322
61924,322,28,386.0,30,322
61925,322,10,16.0,30,322
61926,322,30,337.0,30,322
61932,6,32,509.0,33,6
61935,2329,32,486.0,32,2329
61936,2329,32,1001.0,32,2329
61937,2329,32,477.0,32,2329
61939,6,33,945.0,33,6
61942,2351,30,674.0,31,2351
61943,2368,28,1021.0,30,2368
61944,2368,20,170.0,30,2368
61946,2368,29,561.0,30,2368
61950,2377,27,392.0,28,2377
61963,2413,6,35.0,37,2413
61965,2277,31,704.0,34,2277
61968,2426,33,877.0,33,2426
61969,2426,32,446.0,33,2426
61970,2426,33,1033.0,33,2426
61980,2430,34,1031.0,34,2430
61981,2065,32,1207.0,32,2065
61982,2430,33,898.0,34,2430
61983,2579,31,861.0,33,2579
61984,2579,33,729.0,33,2579
61985,2579,33,962.0,33,2579
61988,350,24,375.0,33,350
61990,2449,27,786.0,33,2449
61992,2449,33,730.0,33,2449
61994,2032,7,142.0,31,2032
61996,111,32,1225.0,32,111
61997,2379,32,489.0,32,2379
61998,111,31,913.0,32,111
61999,111,32,411.0,32,111
62002,55,28,743.0,29,55
62007,198,29,557.0,30,198
62008,2754,29,490.0,32,2754
62009,2492,32,1093.0,32,2492
62010,2492,6,55.0,32,2492
62011,239,9,34.0,33,239
62013,2492,32,877.0,32,2492
62014,2501,31,983.0,31,2501
62014,2502,0,0.0,1,2501
62018,2515,30,511.0,30,2515
62019,2515,30,367.0,30,2515
62020,2515,30,950.0,30,2515
62021,2515,25,695.0,30,2515
62029,16,29,767.0,30,16
62032,254,34,282.0,35,254
62034,2617,34,826.0,34,2617
62037,167,32,1078.0,32,167
62039,301,29,735.0,30,301
62040,301,30,704.0,30,301
62043,228,31,959.0,31,228
62046,23,30,862.0,30,23
62047,2539,30,978.0,30,2539
62048,2541,31,865.0,31,2541
62049,6,33,932.0,33,6
62051,357,27,193.0,33,357
62053,233,31,1037.0,31,233
62055,233,17,294.0,31,233
62056,233,31,638.0,31,233
62061,2612,29,477.0,29,2612
62062,2612,29,924.0,29,2612
62069,2617,34,889.0,34,2617
62072,2619,33,962.0,33,2619
62073,2619,33,1113.0,33,2619
62074,2619,33,1086.0,33,2619
62076,2540,33,634.0,33,2540
62077,2540,33,522.0,33,2540
62078,2540,32,1080.0,33,2540
62110,261,35,989.0,37,261
62182,2000,26,737.0,31,2000
62183,2502,27,506.0,31,2502
62185,2724,15,37.0,35,2724
62187,2916,29,794.0,29,2916
62189,2724,31,900.0,35,2724
62191,2026,30,632.0,30,2026
62191,2046,0,0.0,1,2026
62192,2026,30,940.0,30,2026
62192,2046,0,0.0,1,2026
62194,2026,29,485.0,30,2026
62194,2046,0,0.0,1,2026
62196,2803,27,448.0,30,2803
62197,2803,30,1094.0,30,2803
62198,2803,22,115.0,30,2803
62200,2083,9,41.0,31,2083
62201,2083,31,834.0,31,2083
62202,2083,30,945.0,31,2083
62203,2083,30,562.0,31,2083
62207,2440,31,164.0,38,2440
62208,25,27,866.0,33,25
62210,2031,33,509.0,35,2031
62210,2634,0,0.0,1,2031
62216,2115,26,787.0,29,2115
62219,2115,29,862.0,29,2115
62220,236,17,92.0,34,236
62221,2132,31,831.0,33,2132
62223,236,7,203.0,34,236
62224,93,30,891.0,30,93
62225,236,34,940.0,34,236
62226,2127,29,725.0,29,2127
62227,2506,22,374.0,31,2506
62229,282,31,679.0,31,282
62230,2643,32,813.0,32,2643
62232,324,9,158.0,33,324
62233,2253,22,158.0,34,2253
62235,324,30,823.0,33,324
62236,324,32,794.0,33,324
62237,324,31,378.0,33,324
62238,2142,30,688.0,30,2142
62240,171,22,489.0,34,171
62241,171,34,1052.0,34,171
62243,171,34,1118.0,34,171
62249,2428,23,703.0,31,2428
62253,221,32,554.0,32,221
62254,2193,35,695.0,35,2193
62260,2198,29,369.0,30,2198
62336,276,33,1076.0,33,276
62353,2199,27,641.0,32,2199
62354,42,33,830.0,33,42
62361,331,32,1060.0,34,331
62362,2210,31,878.0,32,2210
62363,2210,6,15.0,32,2210
62364,339,34,998.0,34,339
62365,339,34,1261.0,34,339
62366,339,27,150.0,34,339
62369,2226,17,127.0,32,2226
62370,2226,32,904.0,32,2226
62371,193,30,551.0,32,193
62372,145,30,1040.0,31,145
62374,112358,31,1023.0,31,112358
62379,21,9,15.0,37,21
62380,42,28,540.0,33,42
62381,42,33,520.0,33,42
62383,62,12,28.0,34,62
62387,2547,31,666.0,32,2547
62390,107,35,964.0,35,107
62392,107,19,327.0,35,107
62393,107,9,33.0,35,107
62399,2277,34,630.0,34,2277
62400,2378,29,606.0,32,2378
62407,99,32,496.0,33,99
62408,8,31,841.0,31,8
62411,2641,31,686.0,31,2641
62417,2870,34,994.0,34,2870
62418,2870,34,535.0,34,2870
62422,294,12,71.0,31,294
62428,2630,34,1098.0,34,2630
62430,2197,29,401.0,30,2197
62435,288,31,271.0,32,288
62437,2329,31,227.0,32,2329
62439,288,10,39.0,32,288
62440,288,32,1062.0,32,288
62442,2630,30,742.0,34,2630
62448,2377,27,183.0,28,2377
62449,309,33,756.0,33,309
62451,309,33,606.0,33,309
62459,2363,31,1125.0,31,2363
62464,198,30,757.0,30,198
62479,2466,28,468.0,28,2466
62489,2534,32,953.0,34,2534
62497,2569,32,785.0,32,2569
62502,2908,31,672.0,32,2908
62503,2031,35,795.0,35,2031
62503,2634,0,0.0,1,2031
62504,235,32,836.0,34,235
62512,2635,31,713.0,31,2635
62518,236,34,665.0,34,236
62520,357,33,766.0,33,357
62521,357,31,347.0,33,357
62522,2916,19,126.0,29,2916
62523,357,1,3.0,33,357
62525,357,33,1016.0,33,357
62534,292,29,939.0,29,292
62538,300,37,1114.0,38,300
62540,265,30,432.0,30,265
62544,82,18,281.0,30,82
62546,82,27,365.0,30,82
62547,2717,33,1149.0,33,2717
62548,2717,29,866.0,33,2717
62549,2717,33,939.0,33,2717
62551,2717,32,1016.0,33,2717
62559,98,32,345.0,34,98
62561,2747,11,38.0,32,2747
62564,2747,32,812.0,32,2747
62565,2747,32,940.0,32,2747
62566,2747,32,1006.0,32,2747
62568,2754,13,368.0,32,2754
62569,2413,37,413.0,37,2413
62570,2050,32,919.0,34,2050
62572,2934,26,377.0,32,2934
62581,2325,31,1137.0,31,2325
62584,2250,14,30.0,36,2250
62585,2250,5,124.0,36,2250
62587,2032,10,134.0,31,2032
62591,2296,34,1075.0,35,2296
62592,231,33,999.0,35,231
62593,231,34,450.0,35,231
62594,231,35,448.0,35,231
62603,2261,31,607.0,31,2261
62605,155,8,22.0,33,155
62608,2670,35,933.0,35,2670
62609,2670,27,582.0,35,2670
62610,236,32,802.0,34,236
62611,2670,35,1101.0,35,2670
62612,127,34,783.0,34,127
62614,195,32,971.0,34,195
62615,127,30,994.0,34,127
62618,2217,31,1020.0,33,2217
62620,2217,29,433.0,33,2217
62626,2443,29,618.0,30,2443
62630,2443,20,62.0,30,2443
62638,163,14,62.0,29,163
62642,2029,32,682.0,32,2029
62643,2448,29,879.0,32,2448
62644,2011,31,692.0,31,2011
62650,94,30,918.0,30,94
62653,94,30,592.0,30,94
62654,94,20,254.0,30,94
62663,2239,29,865.0,30,2239
62667,2458,4,135.0,31,2458
62668,2005,29,575.0,32,2005
62671,2050,2,6.0,34,2050
62679,159,28,786.0,28,159
62680,159,27,242.0,28,159
62681,159,24,450.0,28,159
62682,159,24,419.0,28,159
62683,159,27,224.0,28,159
62684,45,38,592.0,38,45
62685,159,14,56.0,28,159
62686,2166,30,425.0,33,2166
62687,2166,6,131.0,33,2166
62692,2169,14,239.0,31,2169
62694,2169,22,226.0,31,2169
62700,2174,30,963.0,30,2174
62704,2241,33,783.0,33,2241
62708,25,28,300.0,33,25
62710,2306,31,635.0,32,2306
62711,2459,33,716.0,34,2459
62713,189,34,906.0,34,189
62720,2352,6,16.0,30,2352
62721,2352,26,722.0,30,2352
62722,2352,30,838.0,30,2352
62724,2352,30,729.0,30,2352
62725,2352,9,25.0,30,2352
62728,2241,33,819.0,33,2241
62729,2390,34,961.0,34,2390
62731,2261,31,1116.0,31,2261
62732,193,31,996.0,32,193
62734,2885,34,1088.0,35,2885
62735,2885,28,585.0,35,2885
62737,2885,9,248.0,35,2885
62739,158,34,878.0,34,158
62741,158,30,921.0,34,158
62742,339,11,40.0,34,339
62746,2084,34,901.0,35,2084
62747,2464,3,82.0,29,2464
62748,2253,34,1054.0,34,2253
62751,331,21,470.0,34,331
62753,219,24,229.0,28,219
62754,219,27,756.0,28,219
62770,2636,21,324.0,32,2636
62772,2678,30,777.0,30,2678
62773,2678,28,600.0,30,2678
62779,218,32,681.0,32,218
62781,295,38,993.0,38,295
62784,295,5,92.0,38,295
62786,103,9,25.0,32,103
62788,2184,9,19.0,33,2184
62793,221,10,20.0,32,221
62794,2754,32,1109.0,32,2754
62795,2571,26,664.0,34,2571
62796,2565,10,133.0,28,2565
62798,2571,26,215.0,34,2571
62799,2459,34,976.0,34,2459
62805,270,31,998.0,32,270
62807,253,6,126.0,29,253
62810,2244,27,689.0,31,2244
62811,2244,4,55.0,31,2244
62812,2244,31,672.0,31,2244
62813,2244,10,18.0,31,2244
62817,314,23,265.0,32,314
62818,276,33,955.0,33,276
62823,202,5,8.0,31,202
62827,2011,31,789.0,31,2011
62828,2011,31,1066.0,31,2011
62829,2011,21,562.0,31,2011
62839,252,7,26.0,28,252
62841,27,22,673.0,33,27
62842,27,31,507.0,33,27
62844,302,28,886.0,30,302
62848,2750,15,82.0,34,2750
62851,43,25,284.0,30,43
62855,2737,30,1009.0,31,2737
62910,2415,24,768.0,30,2415
62971,2429,2,3.0,33,2429
62979,344,30,620.0,30,344
63011,193,7,71.0,32,193
63022,204,32,759.0,32,204
63030,238,21,98.0,33,238
63031,238,11,29.0,33,238
63032,339,34,818.0,34,339
63035,97,10,188.0,31,97
63036,120,24,118.0,35,120
63039,151,4,4.0,31,151
63040,213,31,565.0,31,213
63049,48,11,25.0,29,48
63057,2447,33,961.0,34,2447
63058,2447,34,885.0,34,2447
63066,2016,29,425.0,30,2016
63067,304,13,192.0,30,304
63068,2016,27,799.0,30,2016
63081,2210,6,10.0,32,2210
63082,2210,8,15.0,32,2210
63084,339,34,1082.0,34,339
63086,62,30,921.0,34,62
63090,2032,23,286.0,31,2032
63091,349,31,862.0,33,349
63092,349,29,798.0,33,349
63095,349,28,879.0,33,349
63096,349,16,67.0,33,349
63098,349,33,820.0,33,349
63101,349,33,1074.0,33,349
63103,218,32,1107.0,32,218
63104,218,8,48.0,32,218
63111,2546,25,596.0,29,2546
63230,2010,20,268.0,28,2010
63231,2010,11,78.0,28,2010
63233,2010,28,840.0,28,2010
63236,2514,29,824.0,29,2514
63237,338,31,1059.0,31,338
63280,2244,14,67.0,31,2244
63387,151,28,507.0,31,151
63787,315,1,2.0,32,315
63899,154,10,44.0,31,154
64334,154,4,5.0,31,154
64340,294,23,190.0,31,294
64470,164,16,41.0,32,164
64474,2582,35,1255.0,35,2582
64477,333,32,534.0,32,333
64485,2752,5,7.0,33,2752
64493,152,2,2.0,33,152
64497,2198,14,36.0,30,2198
64890,8,31,862.0,31,8
65090,2572,29,661.0,29,2572
65151,277,9,18.0,34,277
65294,257,10,49.0,32,257
65302,2534,9,20.0,34,2534
65454,259,6,8.0,35,259
65477,227,7,10.0,32,227
65778,2325,12,24.0,31,2325
65799,2296,9,24.0,35,2296
65814,2226,28,537.0,32,2226
65847,2934,32,791.0,32,2934
65942,2429,4,6.0,33,2429
65962,2115,1,1.0,29,2115
65976,2448,32,1122.0,32,2448
65986,2619,23,229.0,33,2619
65995,2908,3,59.0,32,2908
65999,47,31,404.0,31,47
66028,295,9,53.0,38,295
66087,2413,37,1076.0,37,2413
66090,2184,11,278.0,33,2184
66099,2670,18,65.0,35,2670
66114,195,34,1237.0,34,195
66115,2670,35,411.0,35,2670
66116,2567,30,826.0,30,2567
66117,2567,10,279.0,25,2567
66118,2567,29,863.0,30,2567
66122,228,31,467.0,31,228
66125,52,32,937.0,33,52
66126,52,33,474.0,33,52
66127,59,27,330.0,36,59
66128,59,36,725.0,36,59
66130,2390,34,984.0,34,2390
66132,276,33,1009.0,33,276
66133,152,33,639.0,33,152
66134,152,33,771.0,33,152
66135,152,33,1278.0,33,152
66136,2127,29,732.0,29,2127
66138,258,36,794.0,36,258
66139,258,34,1137.0,36,258
66140,154,27,301.0,31,154
66142,399,32,466.0,33,399
66144,161,32,1002.0,33,161
66145,399,33,953.0,33,399
66146,66,35,1331.0,35,66
66147,66,35,1176.0,35,66
66149,2198,12,175.0,30,2198
66151,2628,29,594.0,33,2628
66152,2628,28,743.0,33,2628
66153,2628,33,1022.0,33,2628
66155,277,34,616.0,34,277
66156,277,22,125.0,34,277
66157,277,34,862.0,34,277
66158,167,32,1078.0,32,167
66160,2184,16,128.0,33,2184
66161,302,10,175.0,30,302
66162,2086,13,50.0,32,2086
66163,2086,32,961.0,32,2086
66164,305,20,188.0,30,305
66165,305,29,697.0,30,305
66166,305,29,810.0,30,305
66167,66,26,488.0,35,66
66168,2335,21,671.0,31,2335
66169,269,32,757.0,33,269
66170,66,32,975.0,35,66
66171,269,33,939.0,33,269
66172,222,39,1109.0,39,222
66173,222,39,1231.0,39,222
66174,222,39,669.0,39,222
66178,356,29,524.0,34,356
66179,356,34,1195.0,34,356
66180,356,34,716.0,34,356
66181,356,28,982.0,34,356
66183,130,23,110.0,35,130
66184,130,32,1077.0,35,130
66186,130,34,1125.0,35,130
66187,130,33,653.0,35,130
66189,77,22,268.0,31,77
66190,213,31,892.0,31,213
66191,2181,31,927.0,31,2181
66193,213,30,466.0,31,213
66196,2509,24,340.0,35,2509
66197,275,13,48.0,34,275
66198,275,34,1229.0,34,275
66199,275,28,462.0,34,275
66200,275,34,1182.0,34,275
66201,275,34,859.0,34,275
66202,275,3,6.0,11,275
66203,38,33,646.0,33,38
66205,38,33,839.0,33,38
66207,2483,30,636.0,37,2483
66209,2483,37,1184.0,37,2483
66212,2492,14,171.0,32,2492
66213,66,30,349.0,35,66
66214,204,32,809.0,32,204
66215,204,25,131.0,32,204
66216,24,28,336.0,30,24
66217,24,28,877.0,30,24
66218,57,25,162.0,36,57
66222,26,32,1159.0,32,26
66223,26,24,151.0,32,26
66224,30,6,8.0,34,30
66226,30,31,960.0,34,30
66227,30,34,876.0,34,30
66229,299,34,614.0,34,299
66230,2182,3,47.0,31,2182
66232,254,4,59.0,35,254
66233,23,30,762.0,30,23
66237,265,28,932.0,30,265
66238,265,30,919.0,30,265
66240,193,32,575.0,32,193
66241,2,4,42.0,30,2
66244,2429,27,254.0,33,2429
66245,2226,25,644.0,32,2226
66247,57,36,858.0,36,57
66248,61,32,1030.0,33,61
66249,61,32,614.0,33,61
66250,2400,13,84.0,35,2400
66252,61,3,7.0,33,61
66254,99,19,152.0,33,99
66255,99,19,138.0,33,99
66258,99,33,952.0,33,99
66259,142,25,662.0,31,142
66261,328,30,713.0,30,328
66262,278,21,553.0,35,278
66265,2579,26,209.0,33,2579
66266,2579,33,912.0,33,2579
66267,2382,23,574.0,34,2382
66268,324,33,970.0,33,324
66270,2579,33,1094.0,33,2579
66271,2116,30,943.0,30,2116
66272,2633,30,801.0,34,2633
66274,258,36,629.0,36,258
66275,238,32,830.0,33,238
66276,238,27,732.0,33,238
66277,103,32,700.0,32,103
66278,103,24,349.0,32,103
66280,120,35,544.0,35,120
66282,58,10,266.0,33,58
66283,87,36,1126.0,36,87
66284,87,35,1259.0,36,87
66285,87,36,1300.0,36,87
66286,87,25,119.0,36,87
66287,221,32,970.0,32,221
66289,2429,33,922.0,33,2429
66290,221,32,945.0,32,221
66292,259,32,687.0,35,259
66294,2350,24,165.0,32,2350
66295,194,34,612.0,34,194
66297,239,33,985.0,33,239
66298,239,33,691.0,33,239
66299,239,33,827.0,33,239
66302,201,5,12.0,36,201
66303,201,7,14.0,36,201
66305,201,36,1077.0,36,201
66307,197,28,793.0,31,197
66308,197,29,714.0,31,197
66312,156,27,140.0,35,156
66313,198,22,175.0,30,198
66315,156,35,921.0,35,156
66317,156,33,581.0,35,156
66318,156,35,520.0,35,156
66323,12,7,149.0,34,12
66324,242,32,1101.0,32,242
66327,25,32,855.0,32,25
66328,25,33,976.0,33,25
66329,25,21,187.0,33,25
66330,25,32,559.0,33,25
66331,25,33,667.0,33,25
66333,8,31,608.0,31,8
66334,8,31,921.0,31,8
66337,218,32,1159.0,32,218
66338,218,30,280.0,32,218
66340,2550,26,131.0,33,2550
66343,194,34,1149.0,34,194
66344,194,34,752.0,34,194
66345,2729,31,923.0,31,2729
66349,278,32,785.0,35,278
66351,278,31,748.0,35,278
66352,2440,10,237.0,10,2440
66354,2440,38,1283.0,38,2440
66356,2440,9,63.0,38,2440
66357,21,37,813.0,37,21
66358,21,18,119.0,37,21
66360,23,22,359.0,30,23
66365,23,30,598.0,30,23
66367,2463,21,721.0,30,2463
66371,328,30,1063.0,30,328
66373,155,31,488.0,33,155
66377,2253,34,634.0,34,2253
66378,2751,27,515.0,28,2751
66379,2751,32,898.0,32,2751
66380,2168,33,857.0,33,2168
66381,2168,33,1029.0,33,2168
66382,2168,27,704.0,33,2168
66383,2168,22,119.0,33,2168
66386,2184,33,993.0,33,2184
66387,2184,33,671.0,33,2184
66388,2184,22,179.0,33,2184
66389,2230,28,689.0,31,2230
66390,2230,29,521.0,31,2230
66391,42,10,22.0,33,42
66394,2244,27,870.0,31,2244
66397,70,8,46.0,34,70
66398,113,31,604.0,32,113
66399,113,27,480.0,32,113
66399,156,0,0.0,1,113
66402,227,1,10.0,32,227
66404,227,26,727.0,32,227
66407,257,32,1111.0,32,257
66411,139,32,860.0,32,139
66412,139,32,778.0,32,139
66415,179,31,729.0,31,179
66418,2142,30,760.0,30,2142
66423,2287,31,940.0,31,2287
66426,2433,34,865.0,34,2433
66427,2287,30,736.0,31,2287
66428,2287,31,800.0,31,2287
66434,282,31,943.0,31,282
66436,2350,11,36.0,32,2350
66437,85,26,672.0,32,85
66438,2623,4,64.0,31,2623
66439,2599,32,855.0,32,2599
66440,2641,31,377.0,31,2641
66441,2623,28,207.0,31,2623
66443,2460,33,729.0,36,2460
66444,2460,36,298.0,36,2460
66445,2460,11,31.0,36,2460
66446,2460,36,675.0,36,2460
66447,2460,36,1164.0,36,2460
66452,79,32,993.0,32,79
66453,79,32,766.0,32,79
66456,13,30,592.0,30,13
66457,2250,31,270.0,36,2250
66458,279,27,793.0,28,279
66460,279,28,769.0,28,279
66461,279,27,427.0,28,279
66462,2492,32,769.0,32,2492
66464,2492,32,920.0,32,2492
66467,2239,25,585.0,30,2239
66468,2492,32,1014.0,32,2492
66469,2501,31,982.0,31,2501
66469,2502,0,0.0,1,2501
66473,2608,35,982.0,35,2608
66474,2608,35,938.0,35,2608
66475,301,30,723.0,30,301
66477,2541,31,1110.0,31,2541
66478,2541,31,407.0,31,2541
66479,2541,10,215.0,31,2541
66482,2507,35,1149.0,35,2507
66483,2507,6,11.0,35,2507
66484,2066,30,984.0,30,2066
66487,2066,25,177.0,30,2066
66489,2378,30,886.0,32,2378
66490,2378,28,834.0,32,2378
66491,2378,20,165.0,32,2378
66493,2084,30,354.0,35,2084
66495,2619,32,885.0,33,2619
66497,2619,29,305.0,33,2619
66499,261,23,555.0,37,261
66500,261,36,1071.0,37,261
66503,2193,35,824.0,35,2193
66504,2193,19,344.0,35,2193
66508,294,31,993.0,31,294
66509,294,30,360.0,31,294
66510,294,31,732.0,31,294
66511,2448,29,967.0,32,2448
66513,338,31,590.0,31,338
66514,288,13,293.0,32,288
66515,2382,27,164.0,34,2382
66517,2382,34,933.0,34,2382
66523,2454,34,1211.0,34,2454
66525,2454,34,918.0,34,2454
66527,94,27,387.0,30,94
66528,94,29,377.0,30,94
66530,94,30,827.0,30,94
66531,94,24,239.0,30,94
66535,2459,27,196.0,34,2459
66536,149,33,776.0,33,149
66538,149,33,783.0,33,149
66539,149,21,361.0,33,149
66541,2458,31,987.0,31,2458
66543,2458,31,893.0,31,2458
66544,2458,17,291.0,31,2458
66545,2458,31,627.0,31,2458
66547,2428,30,698.0,31,2428
66548,2502,31,684.0,31,2502
66551,16,26,155.0,30,16
66553,16,29,815.0,30,16
66554,16,30,613.0,30,16
66555,2692,35,617.0,35,2692
66556,2692,35,1225.0,35,2692
66557,2097,27,789.0,30,2097
66558,2097,30,509.0,30,2097
66559,2413,19,107.0,37,2413
66560,2379,32,814.0,32,2379
66563,150,34,1082.0,35,150
66565,324,33,1028.0,33,324
66566,324,25,608.0,33,324
66568,2241,33,898.0,33,2241
66570,2272,28,338.0,32,2272
66571,2272,24,375.0,32,2272
66572,2272,32,829.0,32,2272
66574,2335,31,889.0,31,2335
66578,2344,11,318.0,32,2344
66579,2344,32,1026.0,32,2344
66582,2344,22,185.0,32,2344
66584,2506,27,391.0,31,2506
66585,2506,31,931.0,31,2506
66586,2506,31,730.0,31,2506
66590,97,7,19.0,31,97
66592,97,18,127.0,31,97
66593,235,33,661.0,34,235
66594,227,28,759.0,32,227
66596,235,23,129.0,34,235
66603,183,11,67.0,37,183
66606,84,35,916.0,35,84
66610,84,35,765.0,35,84
66611,269,33,932.0,33,269
66612,96,35,762.0,35,96
66616,96,11,16.0,35,96
66617,96,26,249.0,35,96
66619,96,31,587.0,35,96
66623,2640,19,204.0,32,2640
66624,145,25,708.0,31,145
66625,245,36,387.0,37,245
66626,245,12,22.0,37,245
66630,150,8,10.0,35,150
66632,2427,15,322.0,34,2427
66635,2427,13,63.0,34,2427
66636,292,20,293.0,29,292
66637,2678,26,671.0,30,2678
66639,2678,30,1012.0,30,2678
66641,2678,30,1002.0,30,2678
66642,2737,27,460.0,31,2737
66643,2737,30,1028.0,31,2737
66645,2737,30,575.0,31,2737
66646,2737,11,31.0,31,2737
66647,2737,19,128.0,31,2737
66648,2378,21,761.0,32,2378
66649,2670,35,1003.0,35,2670
66650,2670,35,565.0,35,2670
66651,526,34,562.0,35,526
66653,13,30,837.0,30,13
66656,13,29,661.0,30,13
66657,13,29,626.0,30,13
66659,2239,8,117.0,30,2239
66665,2463,15,467.0,30,2463
66667,62,21,115.0,34,62
66668,62,34,906.0,34,62
66669,62,34,529.0,34,62
66671,62,34,741.0,34,62
66672,299,14,71.0,34,299
66676,2634,30,457.0,31,2634
66678,302,30,929.0,30,302
66679,41,25,529.0,36,41
66680,41,35,445.0,36,41
66682,333,27,654.0,32,333
66684,333,32,675.0,32,333
66688,2934,32,909.0,32,2934
66689,2597,32,781.0,32,2597
66690,2934,28,806.0,32,2934
66693,2130,31,551.0,32,2130
66694,2130,31,506.0,32,2130
66696,2110,27,671.0,28,2110
66698,2253,11,43.0,34,2253
66700,2253,34,1045.0,34,2253
66703,70,25,788.0,34,70
66707,70,34,763.0,34,70
66708,70,16,88.0,34,70
66709,70,34,545.0,34,70
66713,166,34,617.0,34,166
66716,2547,32,942.0,32,2547
66722,140,30,997.0,31,140
66724,2674,10,41.0,37,2674
66728,3084,3,50.0,29,3084
66729,2681,7,19.0,34,2681
66731,2429,10,36.0,33,2429
66732,350,32,517.0,33,350
66733,151,29,922.0,31,151
66735,295,32,869.0,38,295
66738,276,27,236.0,33,276
66741,2640,32,1108.0,32,2640
66743,2393,26,144.0,35,2393
66747,2393,35,1091.0,35,2393
66750,295,38,977.0,38,295
66751,295,36,705.0,38,295
66753,295,38,1004.0,38,295
66757,242,32,623.0,32,242
66760,150,10,27.0,35,150
66763,2501,30,431.0,31,2501
66763,2502,0,0.0,1,2501
66768,2655,30,617.0,34,2655
66769,2655,33,359.0,34,2655
66771,202,30,748.0,31,202
66773,328,29,624.0,30,328
66774,202,6,14.0,31,202
66778,5,33,228.0,33,5
66779,5,32,649.0,33,5
66782,5,33,494.0,33,5
66784,2638,31,427.0,33,2638
66791,325,28,207.0,32,325
66792,2454,15,54.0,34,2454
66793,325,30,697.0,32,325
66794,2174,25,317.0,30,2174
66795,2174,30,356.0,30,2174
66796,2174,24,714.0,30,2174
66797,2739,36,691.0,36,2739
66798,2739,35,463.0,36,2739
66799,2739,36,766.0,36,2739
66800,270,32,494.0,32,270
66803,270,7,29.0,32,270
66804,270,32,966.0,32,270
66805,270,24,112.0,32,270
66806,270,7,20.0,32,270
66807,2473,34,1041.0,35,2473
66808,2473,35,711.0,35,2473
66810,2473,35,1286.0,35,2473
66811,202,31,842.0,31,202
66812,82,1,2.0,12,82
66814,82,27,234.0,30,82
66815,82,30,879.0,30,82
66818,2674,12,92.0,37,2674
66819,2674,12,77.0,37,2674
66820,2674,37,684.0,37,2674
66821,2674,37,1186.0,37,2674
66823,2437,32,263.0,32,2437
66826,140,31,649.0,31,140
66827,225,26,894.0,28,225
66828,225,28,704.0,28,225
66831,225,16,86.0,28,225
66832,225,28,866.0,28,225
66833,171,33,518.0,34,171
66834,171,10,52.0,34,171
66835,171,34,792.0,34,171
66836,171,22,216.0,34,171
66837,171,12,51.0,34,171
66838,172,28,715.0,28,172
66839,172,28,708.0,28,172
66840,172,24,676.0,28,172
66841,172,16,110.0,28,172
66842,172,27,455.0,28,172
66843,159,18,96.0,28,159
66844,159,22,269.0,28,159
66845,159,16,56.0,28,159
66846,159,2,40.0,28,159
66847,159,7,26.0,28,159
66848,108,28,729.0,30,108
66849,108,2,17.0,30,108
66850,108,2,2.0,30,108
66853,219,4,6.0,28,219
66854,219,28,859.0,28,219
66857,43,30,598.0,30,43
66858,43,30,436.0,30,43
66859,43,12,37.0,30,43
66866,2057,32,980.0,32,2057
66867,2057,23,94.0,32,2057
66868,2057,10,33.0,32,2057
66869,2057,32,888.0,32,2057
66870,2057,14,102.0,32,2057
66871,2057,28,352.0,32,2057
66872,153,39,600.0,40,153
66873,153,33,679.0,40,153
66874,153,40,723.0,40,153
66875,163,29,825.0,29,163
66876,163,29,803.0,29,163
66877,163,29,608.0,29,163
66879,163,19,116.0,29,163
66880,163,29,921.0,29,163
66882,233,15,72.0,31,233
66883,79,1,2.0,31,79
66884,2197,18,133.0,30,2197
66887,2197,2,6.0,30,2197
66891,2198,30,860.0,30,2198
66895,55,7,18.0,29,55
66896,55,27,705.0,29,55
66910,2546,26,817.0,29,2546
66912,2546,21,559.0,29,2546
66916,250,33,536.0,34,250
66918,2127,17,188.0,29,2127
66923,2630,30,482.0,34,2630
66924,2630,24,202.0,34,2630
66926,2630,31,384.0,34,2630
66927,2803,19,275.0,30,2803
66928,2803,13,25.0,30,2803
66929,2803,19,176.0,30,2803
66931,2803,25,667.0,30,2803
66936,526,30,323.0,35,526
66941,2448,11,62.0,32,2448
66942,112358,27,539.0,31,112358
66943,112358,31,941.0,31,112358
66945,112358,29,266.0,31,112358
66947,112358,31,655.0,31,112358
66948,116,33,1030.0,33,116
66949,116,33,722.0,33,116
66950,116,33,650.0,33,116
66951,116,28,426.0,33,116
66953,2523,31,960.0,32,2523
66955,2428,10,92.0,31,2428
66956,2523,3,46.0,32,2523
66959,79,32,683.0,32,79
66960,2529,27,334.0,30,2529
66961,2597,32,922.0,32,2597
66962,2597,32,786.0,32,2597
66964,2634,30,763.0,31,2634
66965,2598,27,803.0,30,2598
66967,2598,24,178.0,30,2598
66968,2598,27,394.0,30,2598
66970,2681,32,272.0,34,2681
66971,2132,33,1104.0,33,2132
66972,2132,33,700.0,33,2132
66976,42,30,766.0,33,42
66977,42,22,155.0,33,42
66981,311,17,179.0,30,311
66984,311,29,531.0,30,311
66985,311,11,220.0,30,311
66986,160,30,1037.0,33,160
66987,160,28,674.0,33,160
66993,160,29,752.0,33,160
67004,2349,29,863.0,29,2349
67007,2349,15,109.0,29,2349
67010,2349,29,546.0,29,2349
67014,2349,25,467.0,29,2349
67018,2908,31,840.0,32,2908
67019,2908,20,205.0,32,2908
67022,2870,32,324.0,34,2870
67024,2325,31,954.0,31,2325
67025,46,31,527.0,32,46
67026,127,32,241.0,34,127
67027,127,24,301.0,34,127
67028,2006,35,787.0,35,2006
67031,2006,30,281.0,35,2006
67033,159,13,59.0,28,159
67035,2050,4,10.0,34,2050
67036,2750,34,907.0,34,2750
67037,2050,34,917.0,34,2050
67038,189,33,340.0,34,189
67039,189,34,919.0,34,189
67040,189,16,96.0,34,189
67042,314,29,834.0,32,314
67043,2117,7,15.0,33,2117
67045,2117,33,738.0,33,2117
67046,2117,32,1024.0,33,2117
67047,2117,33,1093.0,33,2117
67048,2199,17,106.0,32,2199
67051,2199,15,86.0,32,2199
67052,85,31,948.0,32,85
67053,2032,31,1109.0,31,2032
67055,2309,4,9.0,32,2309
67060,2459,1,1.0,34,2459
67061,2459,32,841.0,34,2459
67063,195,29,258.0,34,195
67065,195,19,259.0,34,195
67066,195,34,996.0,34,195
67067,2649,32,988.0,32,2649
67069,2649,32,774.0,32,2649
67071,2649,32,586.0,32,2649
67072,2711,32,1019.0,32,2711
67075,85,6,40.0,32,85
67076,44,31,673.0,31,44
67080,44,22,366.0,31,44
67082,349,12,70.0,33,349
67084,349,30,432.0,33,349
67086,349,25,295.0,33,349
67087,349,3,7.0,33,349
67093,104,28,310.0,34,104
67094,104,1,12.0,34,104
67096,2083,31,381.0,31,2083
67097,2083,29,310.0,31,2083
67098,2083,12,50.0,31,2083
67100,2229,31,794.0,31,2229
67105,2885,35,966.0,35,2885
67107,2885,35,1323.0,35,2885
67108,2885,33,703.0,35,2885
67109,2885,25,292.0,35,2885
67112,344,29,853.0,30,344
67113,344,6,45.0,18,344
67116,331,32,585.0,34,331
67118,331,33,1074.0,34,331
67119,304,28,896.0,30,304
67121,304,17,165.0,30,304
67123,270,11,45.0,32,270
67125,304,27,359.0,30,304
67126,304,20,149.0,30,304
67128,147,25,450.0,30,147
67131,155,32,1136.0,33,155
67135,2464,29,924.0,29,2464
67139,2464,1,2.0,29,2464
67140,2464,28,884.0,29,2464
67141,302,9,94.0,30,302
67143,300,38,755.0,38,300
67144,300,38,1178.0,38,300
67145,300,38,561.0,38,300
67146,300,16,41.0,38,300
67147,300,37,857.0,38,300
67149,145,17,214.0,31,145
67150,2540,33,886.0,33,2540
67153,2540,23,178.0,33,2540
67155,236,34,506.0,34,236
67156,232,19,312.0,31,232
67158,48,25,208.0,29,48
67159,48,29,1020.0,29,48
67161,48,20,520.0,29,48
67162,2182,26,341.0,31,2182
67163,2344,32,795.0,32,2344
67164,2182,30,785.0,31,2182
67166,2885,28,482.0,35,2885
67169,256,31,856.0,31,256
67170,256,31,507.0,31,256
67171,256,30,732.0,31,256
67172,2142,30,731.0,30,2142
67173,256,29,618.0,31,256
67174,256,17,103.0,31,256
67175,350,19,213.0,33,350
67177,111,21,195.0,32,111
67178,111,27,637.0,32,111
67181,119,31,789.0,32,119
67182,119,27,585.0,32,119
67184,2729,30,889.0,31,2729
67186,2729,31,998.0,31,2729
67187,2130,21,530.0,32,2130
67188,2729,16,130.0,31,2729
67189,2729,23,299.0,31,2729
67191,2142,1,2.0,30,2142
67194,2142,3,19.0,30,2142
67197,107,35,1135.0,35,107
67198,107,35,1147.0,35,107
67199,107,35,964.0,35,107
67201,107,35,616.0,35,107
67202,322,29,941.0,30,322
67204,322,30,703.0,30,322
67206,2329,32,1056.0,32,2329
67209,2097,30,806.0,30,2097
67210,2329,29,864.0,32,2329
67213,2352,24,138.0,30,2352
67215,2426,27,273.0,33,2426
67216,2426,4,9.0,33,2426
67219,2426,15,76.0,33,2426
67221,2426,30,588.0,33,2426
67222,2426,33,405.0,33,2426
67223,2026,5,24.0,30,2026
67223,2046,0,0.0,1,2026
67225,2199,30,910.0,32,2199
67227,236,34,1055.0,34,236
67228,236,34,996.0,34,236
67231,2643,31,879.0,32,2643
67232,2643,30,249.0,32,2643
67233,2643,32,535.0,32,2643
67236,2166,31,1099.0,33,2166
67238,2166,32,389.0,33,2166
67240,2166,4,8.0,33,2166
67241,2210,24,358.0,32,2210
67242,2210,31,823.0,32,2210
67243,2210,31,675.0,32,2210
67244,231,8,17.0,35,231
67245,231,35,804.0,35,231
67246,2277,3,38.0,34,2277
67247,292,28,273.0,29,292
67249,2306,32,1044.0,32,2306
67258,2226,30,621.0,32,2226
67261,2011,31,839.0,31,2011
67271,2430,34,1128.0,34,2430
67272,2430,6,147.0,34,2430
67274,2430,8,99.0,34,2430
67278,2247,30,747.0,30,2247
67279,2545,32,663.0,33,2545
67280,2535,26,187.0,33,2535
67282,2717,11,75.0,33,2717
67283,2747,32,981.0,32,2747
67284,2747,30,445.0,32,2747
67285,2747,6,13.0,32,2747
67289,2000,31,918.0,31,2000
67292,2000,30,575.0,31,2000
67305,2277,24,341.0,33,2277
67306,142,12,47.0,31,142
67307,2277,34,792.0,34,2277
67308,2277,32,835.0,34,2277
67309,2277,33,527.0,34,2277
67313,2916,29,916.0,29,2916
67314,2916,29,970.0,29,2916
67316,2916,21,108.0,29,2916
67318,2916,22,519.0,29,2916
67325,2320,30,715.0,30,2320
67326,2320,30,632.0,30,2320
67327,2377,28,1017.0,28,2377
67330,2377,1,7.0,28,2377
67331,2443,22,496.0,30,2443
67332,2630,11,60.0,34,2630
67333,2443,30,844.0,30,2443
67334,2443,30,908.0,30,2443
67341,2099,30,652.0,33,2099
67343,2099,33,1121.0,33,2099
67346,2099,19,114.0,33,2099
67348,2447,34,839.0,34,2447
67349,56,33,807.0,33,56
67350,2320,30,587.0,30,2320
67351,2466,23,484.0,28,2466
67354,2217,13,93.0,33,2217
67355,314,32,1050.0,32,314
67357,314,20,93.0,32,314
67359,2363,31,885.0,31,2363
67360,2466,28,766.0,28,2466
67362,2363,7,109.0,19,2363
67363,2466,28,925.0,28,2466
67365,2368,28,446.0,30,2368
67370,2405,36,901.0,36,2405
67373,2405,36,1184.0,36,2405
67374,198,4,22.0,30,198
67375,2405,33,328.0,36,2405
67377,2405,36,655.0,36,2405
67382,2534,20,99.0,34,2534
67384,2534,34,811.0,34,2534
67387,2545,33,992.0,33,2545
67394,2617,34,603.0,34,2617
67413,357,33,870.0,33,357
67414,357,27,263.0,33,357
67415,155,33,993.0,33,155
67417,2172,28,286.0,31,2172
67418,2870,18,558.0,34,2870
67419,2870,5,7.0,34,2870
67425,2437,32,1046.0,32,2437
67427,2449,27,747.0,28,2449
67428,2449,33,1133.0,33,2449
67430,2305,38,1272.0,38,2305
67431,2305,38,1136.0,38,2305
67432,2305,30,371.0,38,2305
67434,2724,28,479.0,35,2724
67439,233,20,165.0,31,233
67442,2571,27,273.0,34,2571
67443,2571,6,15.0,34,2571
67444,2710,27,880.0,27,2710
67445,2710,23,398.0,27,2710
67446,2710,27,911.0,27,2710
67447,2710,25,596.0,27,2710
67449,2031,34,474.0,35,2031
67449,2634,0,0.0,1,2031
67451,2032,30,972.0,31,2032
67453,2247,29,511.0,30,2247
67456,2447,34,590.0,34,2447
67457,309,33,425.0,33,309
67461,2433,34,833.0,34,2433
67462,2433,34,1252.0,34,2433
67466,2433,10,33.0,34,2433
67467,6,31,963.0,33,6
67469,6,33,837.0,33,6
67470,112358,31,906.0,31,112358
67473,326,31,890.0,31,326
67478,2050,34,638.0,34,2050
67479,326,24,212.0,31,326
67480,315,32,1067.0,32,315
67481,250,34,837.0,34,250
67487,315,28,573.0,32,315
67489,326,29,790.0,31,326
67493,2653,22,235.0,31,2653
67495,2653,30,332.0,31,2653
67499,2520,32,770.0,32,2520
67501,232,31,891.0,31,232
67502,2520,32,946.0,32,2520
67503,2520,32,884.0,32,2520
67507,98,34,547.0,34,98
67511,2612,29,913.0,29,2612
67512,2612,29,930.0,29,2612
67513,2561,18,632.0,33,2561
67514,2561,33,1031.0,33,2561
67516,2561,7,12.0,33,2561
67518,2561,32,954.0,33,2561
67520,2154,14,90.0,31,2154
67524,2154,31,1007.0,31,2154
67531,2169,27,272.0,31,2169
67532,2169,21,242.0,31,2169
67534,2169,29,749.0,31,2169
67535,2261,30,829.0,31,2261
67536,2261,6,16.0,31,2261
67539,47,31,535.0,31,47
67540,47,7,35.0,31,47
67542,47,27,858.0,31,47
67543,59,6,13.0,36,59
67544,47,29,1090.0,31,47
67546,47,29,969.0,31,47
67547,47,13,319.0,31,47
67548,47,29,760.0,31,47
67549,47,4,112.0,31,47
67550,5,33,803.0,33,5
67551,2535,33,688.0,33,2535
67552,2379,32,301.0,32,2379
67554,2379,26,294.0,32,2379
67558,2415,29,595.0,30,2415
67562,152,2,2.0,33,152
67567,258,10,16.0,36,258
67569,2448,28,529.0,32,2448
67570,2448,27,282.0,32,2448
67571,2448,17,552.0,32,2448
67572,2448,25,240.0,32,2448
67574,315,32,378.0,32,315
67575,2448,27,267.0,32,2448
67580,2569,32,769.0,32,2569
67585,6,25,327.0,33,6
67587,2870,34,714.0,34,2870
67590,2011,31,598.0,31,2011
67591,2011,13,81.0,31,2011
67594,2296,35,509.0,35,2296
67596,2296,33,541.0,35,2296
67598,2296,33,261.0,35,2296
67600,2296,35,749.0,35,2296
67603,2400,34,686.0,35,2400
67604,2545,18,380.0,33,2545
67607,2582,33,1132.0,35,2582
67611,2640,25,338.0,32,2640
67614,2640,5,15.0,20,2640
67615,2640,30,598.0,32,2640
67616,158,22,189.0,34,158
67617,250,32,501.0,34,250
67619,158,34,941.0,34,158
67622,57,34,857.0,36,57
67623,59,34,599.0,36,59
67624,58,27,651.0,33,58
67625,58,32,711.0,33,58
67627,2567,14,59.0,30,2567
67629,2351,31,860.0,31,2351
67630,2116,28,344.0,30,2116
67633,183,37,1140.0,37,183
67639,288,32,734.0,32,288
67640,288,32,545.0,32,288
67643,2230,2,4.0,31,2230
67644,2325,3,6.0,31,2325
67645,2603,36,1341.0,36,2603
67646,2603,10,19.0,36,2603
67647,2603,4,12.0,36,2603
67648,239,8,21.0,33,239
67649,2572,28,780.0,29,2572
67651,93,28,792.0,30,93
67652,251,33,1019.0,33,251
67653,2473,26,602.0,35,2473
67654,251,30,323.0,33,251
67656,277,34,444.0,34,277
67657,2752,9,17.0,33,2752
67663,253,25,686.0,29,253
67664,253,29,594.0,29,253
67665,253,29,603.0,29,253
67666,253,29,745.0,29,253
67667,253,24,675.0,29,253
67670,2097,5,17.0,30,2097
67673,2506,31,605.0,31,2506
67674,2506,2,5.0,31,2506
67675,2294,32,887.0,33,2294
67676,2294,7,21.0,33,2294
67679,2429,26,182.0,33,2429
67685,2638,4,16.0,33,2638
67713,2006,35,889.0,35,2006
67714,2363,31,879.0,31,2363
67715,2005,31,501.0,32,2005
67717,2005,31,1112.0,32,2005
67719,2005,32,967.0,32,2005
67723,2005,30,348.0,32,2005
67724,68,32,998.0,32,68
67727,68,31,949.0,32,68
67733,333,32,924.0,32,333
67734,167,32,724.0,32,167
67735,167,31,937.0,32,167
67736,2239,29,370.0,30,2239
67738,252,21,168.0,36,252
67739,2181,29,494.0,31,2181
67740,2181,1,3.0,31,2181
67741,339,25,168.0,34,339
67742,339,34,1027.0,34,339
67743,339,4,57.0,34,339
67745,339,34,943.0,34,339
67746,2287,31,769.0,31,2287
67751,2724,34,530.0,35,2724
67752,2724,21,116.0,35,2724
67755,116,12,28.0,33,116
67802,2635,31,507.0,31,2635
67803,2635,30,652.0,31,2635
67805,38,8,17.0,33,38
67809,26,32,1129.0,32,26
67813,278,19,261.0,35,278
67847,99,4,5.0,33,99
67848,99,6,7.0,33,99
67887,2210,3,6.0,32,2210
68078,2132,5,17.0,33,2132
68080,2653,6,6.0,31,2653
68085,2250,17,55.0,36,2250
68087,299,31,817.0,34,299
68091,2492,16,121.0,32,2492
68094,2084,35,1014.0,35,2084
68099,2428,4,15.0,31,2428
68105,2542,20,389.0,31,2542
68108,2514,10,56.0,29,2514
68110,2016,21,640.0,30,2016
68116,2016,30,882.0,30,2016
68118,2755,27,510.0,31,2755
68119,2755,25,167.0,31,2755
68127,2755,14,433.0,31,2755
68130,2934,32,901.0,32,2934
68133,166,34,1114.0,34,166
68519,2400,34,644.0,35,2400
68520,2504,29,708.0,30,2504
68522,2010,24,168.0,28,2010
68523,2010,28,745.0,28,2010
68578,2529,2,4.0,30,2529
68694,2,25,160.0,30,2
68698,2029,32,1009.0,32,2029
68699,2029,23,137.0,32,2029
68948,328,17,236.0,30,328
68977,276,32,360.0,33,276
2229314,16,21,650.0,30,16
3042494,309,16,59.0,19,309
3050473,235,18,215.0,22,235
3057223,2640,3,31.0,13,2640
3064977,2545,33,787.0,33,2545
3077465,2640,2,3.0,32,2640
3078213,154,7,13.0,31,154
3078214,154,18,234.0,31,154
3078305,139,1,1.0,32,139
3078324,2210,3,6.0,32,2210
3078503,2459,34,983.0,34,2459
3078654,111,32,653.0,32,111
3078810,2127,2,6.0,29,2127
3078851,2692,4,9.0,35,2692
3078875,2515,30,501.0,30,2515
3078876,2515,11,50.0,30,2515
3078927,2377,27,573.0,28,2377
3079114,193,10,87.0,32,193
3079116,195,8,9.0,34,195
3079608,2296,33,991.0,35,2296
3079808,254,11,33.0,35,254
3079836,2448,5,26.0,32,2448
3079841,46,13,44.0,32,46
3080180,2612,2,2.0,29,2612
3080874,3084,26,290.0,29,3084
3080887,2084,8,17.0,35,2084
3081478,57,10,15.0,36,57
3081869,167,5,8.0,32,167
3081912,164,13,65.0,32,164
3083086,290,2,5.0,29,290
3083419,2717,2,5.0,33,2717
3083447,2130,31,461.0,32,2130
3084581,2579,4,9.0,33,2579
3085086,2006,4,14.0,34,2006
3085345,21,7,12.0,37,21
3085606,299,31,732.0,34,299
3085631,189,7,19.0,34,189
3089725,251,2,8.0,33,251
3090367,58,26,236.0,33,58
3090679,2608,35,1301.0,35,2608
3090921,227,32,615.0,32,227
3091075,2217,6,11.0,33,2217
3091586,41,9,15.0,36,41
3115471,344,2,8.0,23,344
3128429,2567,2,4.0,11,2567
3129673,228,31,606.0,31,228
3129674,228,31,1010.0,31,228
3129896,2097,30,833.0,30,2097
3129898,2097,8,208.0,30,2097
3129902,2127,29,717.0,29,2127
3129903,2127,27,278.0,29,2127
3129904,2127,29,449.0,29,2127
3129905,2127,29,355.0,29,2127
3129906,2127,7,33.0,29,2127
3129907,2127,29,765.0,29,2127
3129908,324,28,468.0,33,324
3129909,2241,33,954.0,33,2241
3129910,2241,20,347.0,33,2241
3129911,2241,33,452.0,33,2241
3129912,2241,24,199.0,33,2241
3129913,2241,33,557.0,33,2241
3129914,2272,32,487.0,32,2272
3129915,2272,20,121.0,32,2272
3129916,2272,9,26.0,32,2272
3129917,2344,32,469.0,32,2344
3129918,2344,27,857.0,32,2344
3129922,2427,18,215.0,34,2427
3129923,2427,33,913.0,34,2427
3129925,2427,33,1119.0,34,2427
3129926,2427,18,106.0,34,2427
3129927,2506,31,284.0,31,2506
3129928,2506,25,403.0,31,2506
3129929,2506,31,902.0,31,2506
3129930,2506,5,18.0,31,2506
3129931,2506,31,471.0,31,2506
3129932,2737,30,833.0,31,2737
3129934,232,31,676.0,31,232
3129935,232,25,183.0,31,232
3129936,232,30,588.0,31,232
3129937,232,31,1026.0,31,232
3129939,48,3,84.0,29,48
3129940,48,29,1053.0,29,48
3129941,48,16,239.0,29,48
3129942,48,29,929.0,29,48
3129943,2182,31,880.0,31,2182
3129944,2182,17,132.0,31,2182
3129945,2182,31,934.0,31,2182
3129946,2182,23,215.0,31,2182
3129947,2210,31,771.0,32,2210
3129948,2210,21,119.0,32,2210
3129949,2210,30,254.0,32,2210
3129950,2210,4,6.0,32,2210
3129952,2275,19,351.0,33,2275
3129953,2275,33,1010.0,33,2275
3129954,2275,24,108.0,33,2275
3129956,256,31,507.0,31,256
3129957,256,30,604.0,31,256
3129960,256,8,19.0,31,256
3129962,350,32,788.0,33,350
3129963,350,33,1052.0,33,350
3129964,2729,31,371.0,31,2729
3129965,2729,31,582.0,31,2729
3129966,2729,8,22.0,31,2729
3129967,2729,26,171.0,31,2729
3130509,526,35,941.0,35,526
3130510,526,35,1021.0,35,526
3130513,338,2,3.0,31,338
3130516,288,32,872.0,32,288
3130517,288,25,141.0,32,288
3130518,288,26,329.0,32,288
3130519,288,32,564.0,32,288
3130522,2454,20,109.0,34,2454
3130523,2454,16,65.0,34,2454
3130524,2454,34,581.0,34,2454
3130526,94,30,593.0,30,94
3130531,56,33,1077.0,33,56
3130532,56,30,638.0,33,56
3130535,56,7,51.0,33,56
3130537,56,33,778.0,33,56
3130549,104,23,395.0,34,104
3130550,104,30,894.0,34,104
3130551,104,34,705.0,34,104
3130556,2142,30,837.0,30,2142
3130557,2142,27,443.0,30,2142
3130563,2329,32,1087.0,32,2329
3130564,2329,31,275.0,32,2329
3130568,2352,30,972.0,30,2352
3130570,2352,19,129.0,30,2352
3130571,2352,30,544.0,30,2352
3130572,2352,28,617.0,30,2352
3130577,2253,33,638.0,34,2253
3130578,2253,33,543.0,34,2253
3130580,2253,8,115.0,34,2253
3130581,2253,34,786.0,34,2253
3130610,140,28,324.0,31,140
3130611,140,30,760.0,31,140
3130612,140,3,61.0,31,140
3130692,2110,28,869.0,28,2110
3130693,2110,27,210.0,28,2110
3130695,2110,28,976.0,28,2110
3130697,2110,10,152.0,28,2110
3130698,2110,27,258.0,28,2110
3130703,2277,32,381.0,34,2277
3130704,2277,15,131.0,34,2277
3130705,2277,22,491.0,34,2277
3130711,2443,29,543.0,30,2443
3130713,2443,30,603.0,30,2443
3130714,2466,28,436.0,28,2466
3130715,2466,27,786.0,28,2466
3130716,2466,21,176.0,28,2466
3130721,2534,34,740.0,34,2534
3130722,2534,32,497.0,34,2534
3130724,2617,34,832.0,34,2617
3130725,2617,34,391.0,34,2617
3130726,2617,33,832.0,34,2617
3130739,399,31,378.0,33,399
3130740,399,33,907.0,33,399
3130741,399,33,1098.0,33,399
3130742,399,32,742.0,33,399
3130746,42,5,123.0,33,42
3130747,42,32,467.0,33,42
3130748,42,10,32.0,33,42
3130750,2349,24,273.0,29,2349
3130751,2349,8,36.0,29,2349
3130752,2349,28,612.0,29,2349
3130753,2349,29,672.0,29,2349
3130756,160,29,365.0,33,160
3130757,160,33,732.0,33,160
3130758,160,30,984.0,33,160
3130759,160,33,855.0,33,160
3130760,2619,27,232.0,33,2619
3130761,2619,33,390.0,33,2619
3130762,2619,25,500.0,33,2619
3130765,261,36,995.0,37,261
3130766,261,37,885.0,37,261
3130767,261,33,926.0,37,261
3130768,261,35,547.0,37,261
3131628,356,7,100.0,34,356
3131629,356,33,671.0,34,356
3131630,120,28,243.0,35,120
3131631,120,35,677.0,35,120
3131632,120,35,1143.0,35,120
3132041,2132,26,190.0,33,2132
3132042,2132,33,1002.0,33,2132
3132043,2132,33,485.0,33,2132
3132046,248,19,158.0,32,248
3132048,248,24,217.0,32,248
3132051,2253,22,343.0,34,2253
3132054,58,33,825.0,33,58
3132055,58,32,761.0,33,58
3132058,58,33,906.0,33,58
3132064,2116,26,824.0,30,2116
3132066,2116,6,15.0,30,2116
3132068,2116,30,581.0,30,2116
3132372,2348,31,889.0,33,2348
3132373,2348,7,164.0,33,2348
3132374,2348,33,959.0,33,2348
3132375,2348,23,539.0,33,2348
3132376,2348,30,411.0,33,2348
3132378,2348,4,89.0,33,2348
3132416,276,10,23.0,33,276
3132417,276,33,742.0,33,276
3132419,276,11,52.0,33,276
3132420,276,2,22.0,33,276
3132429,2393,35,931.0,35,2393
3132431,2393,35,1017.0,35,2393
3132432,2393,34,381.0,35,2393
3132433,2393,16,257.0,35,2393
3132434,2393,30,651.0,35,2393
3132437,2393,28,812.0,35,2393
3132447,249,31,981.0,32,249
3132448,249,20,70.0,32,249
3132449,249,4,55.0,32,249
3132451,249,30,406.0,32,249
3132452,249,29,139.0,32,249
3132467,242,32,743.0,32,242
3132468,242,3,13.0,32,242
3132472,242,10,29.0,32,242
3132482,5,32,878.0,33,5
3132483,5,33,728.0,33,5
3132485,5,33,818.0,33,5
3132486,5,33,409.0,33,5
3132487,5,10,22.0,33,5
3132530,2636,23,732.0,31,2636
3132531,2636,32,547.0,32,2636
3132532,2636,32,1107.0,32,2636
3132533,2636,25,284.0,32,2636
3132536,2638,24,746.0,33,2638
3132539,2638,30,298.0,33,2638
3132540,2638,32,742.0,33,2638
3132547,98,34,984.0,34,98
3133269,2287,29,466.0,31,2287
3133594,2086,32,773.0,32,2086
3133595,2086,24,142.0,32,2086
3133596,2086,32,910.0,32,2086
3133601,2305,38,1237.0,38,2305
3133602,2305,35,449.0,38,2305
3133607,201,6,13.0,36,201
3133608,201,35,430.0,36,201
3133609,201,36,804.0,36,201
3133610,201,26,194.0,36,201
3133611,201,35,421.0,36,201
3133623,2628,32,991.0,33,2628
3133624,2628,16,67.0,33,2628
3133627,142,0,0.0,14,251
3133627,251,3,24.0,16,251
3133629,2641,31,797.0,31,2641
3133630,2641,31,720.0,31,2641
3133632,2641,19,343.0,31,2641
3133633,2641,31,1029.0,31,2641
3133634,2641,31,816.0,31,2641
3133635,277,34,953.0,34,277
3133636,277,31,773.0,34,277
3133637,277,34,768.0,34,277
3133638,277,34,753.0,34,277
3133794,2166,32,639.0,33,2166
3133795,2166,27,595.0,33,2166
3133796,2166,32,569.0,33,2166
3133797,2166,33,1143.0,33,2166
3133798,2166,29,495.0,33,2166
3133805,2168,32,631.0,33,2168
3133806,2168,32,587.0,33,2168
3133808,2184,33,859.0,33,2184
3133809,2184,26,436.0,33,2184
3133811,2184,25,263.0,33,2184
3133816,2230,31,566.0,31,2230
3133819,2230,30,915.0,31,2230
3133825,2244,30,665.0,31,2244
3133836,45,38,595.0,38,45
3133837,45,35,130.0,38,45
3133838,45,38,1051.0,38,45
3133840,45,3,12.0,38,45
3133841,45,38,333.0,38,45
3133842,227,31,1063.0,32,227
3133843,227,32,1137.0,32,227
3133847,257,32,651.0,32,257
3133850,257,3,6.0,32,257
3133851,257,8,26.0,32,257
3133854,2603,36,848.0,36,2603
3133856,2603,13,58.0,36,2603
3133857,2603,36,779.0,36,2603
3133865,139,32,467.0,32,139
3133866,139,27,522.0,32,139
3133867,139,31,633.0,32,139
3133868,139,29,593.0,32,139
3133869,139,18,157.0,32,139
3133870,139,16,280.0,32,139
3133872,179,31,801.0,31,179
3133874,179,30,1125.0,31,179
3133875,179,23,364.0,31,179
3133889,233,22,639.0,31,233
3133890,2174,29,307.0,30,2174
3133891,2174,30,663.0,30,2174
3133893,2739,36,859.0,36,2739
3133894,2739,10,29.0,36,2739
3133908,82,16,394.0,18,82
3133912,82,30,835.0,30,82
3133915,2473,26,187.0,35,2473
3133919,2674,31,701.0,37,2674
3133920,2674,22,178.0,37,2674
3133921,2674,36,725.0,37,2674
3133922,2674,29,571.0,37,2674
3133933,2750,33,861.0,34,2750
3133934,2750,10,50.0,34,2750
3133935,2750,31,266.0,34,2750
3133937,2750,33,645.0,34,2750
3133938,2750,22,293.0,34,2750
3133939,2750,34,1016.0,34,2750
3133941,2754,30,1006.0,32,2754
3133942,2754,23,319.0,32,2754
3133943,2754,32,1006.0,32,2754
3133944,2754,11,37.0,32,2754
3133945,2754,26,469.0,32,2754
3133947,2754,4,9.0,32,2754
3133956,2803,29,945.0,30,2803
3133958,2803,26,272.0,30,2803
3133960,161,33,1090.0,33,161
3133962,161,33,1054.0,33,161
3133963,161,33,1011.0,33,161
3133964,116,18,121.0,33,116
3133965,116,12,25.0,33,116
3133966,116,33,952.0,33,116
3133968,116,30,527.0,33,116
3133971,2523,29,931.0,32,2523
3133973,2523,22,648.0,32,2523
3133974,2523,27,361.0,32,2523
3133976,2597,32,682.0,32,2597
3133977,2597,32,1051.0,32,2597
3133978,2597,27,581.0,32,2597
3133979,2597,6,145.0,32,2597
3134084,269,32,745.0,33,269
3134242,331,24,150.0,34,331
3134243,331,27,174.0,34,331
3134244,331,32,194.0,34,331
3134246,331,25,149.0,34,331
3134247,331,34,1121.0,34,331
3134274,70,14,100.0,34,70
3134275,70,31,576.0,34,70
3134276,70,34,755.0,34,70
3134277,70,33,450.0,34,70
3134495,147,30,743.0,30,147
3134498,147,1,7.0,30,147
3134500,2464,16,140.0,29,2464
3134502,2464,8,249.0,29,2464
3134503,2458,22,273.0,31,2458
3134504,2502,13,342.0,31,2502
3134506,2502,9,54.0,31,2502
3134508,2502,3,9.0,31,2502
3134880,12,34,848.0,34,12
3134882,12,34,561.0,34,12
3134883,99,25,673.0,33,99
3134884,12,34,722.0,34,12
3134885,9,32,866.0,32,9
3134886,9,32,962.0,32,9
3134887,9,32,1017.0,32,9
3134888,9,32,792.0,32,9
3134891,25,8,38.0,33,25
3134892,25,31,335.0,33,25
3134893,25,5,13.0,33,25
3134894,38,33,748.0,33,38
3134895,38,32,505.0,33,38
3134896,38,5,6.0,33,38
3134897,2483,37,803.0,37,2483
3134898,2483,37,1072.0,37,2483
3134899,194,34,1006.0,34,194
3134903,204,32,1096.0,32,204
3134904,204,4,4.0,32,204
3134905,254,35,464.0,35,254
3134906,254,6,28.0,35,254
3134907,254,35,851.0,35,254
3134908,254,35,1068.0,35,254
3134910,254,27,359.0,35,254
3134912,24,30,726.0,30,24
3134913,24,30,880.0,30,24
3134914,24,8,262.0,30,24
3134915,30,27,199.0,34,30
3134916,30,34,1100.0,34,30
3134917,30,27,179.0,34,30
3134918,30,34,897.0,34,30
3134927,265,28,340.0,30,265
3134928,2172,13,71.0,31,2172
3134930,2172,31,379.0,31,2172
3134931,2172,31,845.0,31,2172
3134932,2870,34,1211.0,34,2870
3134933,2870,34,882.0,34,2870
3134937,85,13,65.0,32,85
3134940,85,32,569.0,32,85
3135037,2437,32,521.0,32,2437
3135038,2437,11,61.0,32,2437
3135039,2449,19,94.0,33,2449
3135040,2449,26,880.0,33,2449
3135042,2449,3,5.0,33,2449
3135043,2449,11,45.0,33,2449
3135045,150,35,1280.0,35,150
3135050,198,30,554.0,30,198
3135053,198,29,711.0,30,198
3135054,52,10,120.0,33,52
3135057,59,36,496.0,36,59
3135061,59,36,534.0,36,59
3135075,2415,15,107.0,30,2415
3135079,2415,30,317.0,30,2415
3135095,252,34,348.0,36,252
3135096,252,35,566.0,36,252
3135098,252,9,123.0,36,252
3135118,2351,28,372.0,31,2351
3135120,2351,14,86.0,31,2351
3135122,2351,29,341.0,31,2351
3135123,2351,29,527.0,31,2351
3135128,279,16,166.0,28,279
3135129,279,22,601.0,28,279
3135130,279,28,597.0,28,279
3135132,279,28,361.0,28,279
3135133,279,12,241.0,28,279
3135134,279,28,423.0,28,279
3136083,2681,34,1025.0,34,2681
3136084,2681,32,524.0,34,2681
3136085,2681,34,711.0,34,2681
3136086,2681,27,631.0,34,2681
3136087,2681,26,398.0,34,2681
3136168,333,32,839.0,32,333
3136172,333,32,911.0,32,333
3136174,8,23,481.0,31,8
3136175,8,28,482.0,31,8
3136176,2,29,821.0,30,2
3136177,2,30,750.0,30,2
3136182,61,16,49.0,33,61
3136183,61,32,964.0,33,61
3136194,96,34,1252.0,35,96
3136215,99,23,213.0,33,99
3136216,99,28,617.0,33,99
3136217,99,29,265.0,33,99
3136220,145,31,537.0,31,145
3136458,2571,33,1069.0,34,2571
3136459,2571,34,1018.0,34,2571
3136460,2571,34,706.0,34,2571
3136461,2571,34,588.0,34,2571
3136463,2710,21,247.0,27,2710
3136465,2710,27,783.0,27,2710
3136466,2710,12,122.0,27,2710
3136467,2710,25,241.0,27,2710
3136468,2710,27,472.0,27,2710
3136469,2507,35,1198.0,35,2507
3136470,2507,35,847.0,35,2507
3136472,2507,33,861.0,35,2507
3136473,2507,13,32.0,35,2507
3136474,2550,33,1016.0,33,2550
3136475,2550,33,450.0,33,2550
3136476,2550,32,889.0,33,2550
3136477,2550,33,1081.0,33,2550
3136478,2550,33,854.0,33,2550
3136479,2550,33,1000.0,33,2550
3136480,2752,32,321.0,33,2752
3136481,2752,33,1006.0,33,2752
3136482,2752,16,92.0,33,2752
3136483,2752,33,746.0,33,2752
3136484,2752,32,225.0,33,2752
3136485,2752,30,781.0,33,2752
3136488,2294,27,247.0,33,2294
3136489,2294,33,568.0,33,2294
3136490,130,27,193.0,35,130
3136491,130,23,151.0,35,130
3136492,130,35,991.0,35,130
3136493,130,35,542.0,35,130
3136495,130,35,416.0,35,130
3136496,135,22,121.0,30,135
3136497,135,30,650.0,30,135
3136498,13,21,342.0,30,13
3136499,135,26,844.0,30,135
3136500,135,23,584.0,30,135
3136503,158,29,311.0,34,158
3136510,2492,9,184.0,32,2492
3136512,2492,31,361.0,32,2492
3136513,2492,10,41.0,32,2492
3136515,344,1,6.0,6,344
3136517,344,28,643.0,30,344
3136519,301,13,59.0,30,301
3136520,301,26,662.0,30,301
3136521,301,21,316.0,30,301
3136522,301,30,789.0,30,301
3136524,2539,30,1042.0,30,2539
3136525,2539,30,526.0,30,2539
3136532,2541,31,643.0,31,2541
3136533,2541,28,587.0,31,2541
3136534,2541,7,139.0,31,2541
3136535,142,28,457.0,31,142
3136536,142,21,177.0,29,142
3136537,142,31,821.0,31,142
3136539,142,30,467.0,31,142
3136542,2579,8,32.0,33,2579
3136544,2579,28,411.0,33,2579
3136625,245,37,644.0,37,245
3136696,238,32,963.0,33,238
3136697,238,31,842.0,33,238
3136698,238,32,815.0,33,238
3136700,238,31,834.0,33,238
3136747,77,30,578.0,31,77
3136749,77,31,1099.0,31,77
3136750,77,29,360.0,31,77
3136777,194,27,790.0,34,194
3136778,194,22,125.0,34,194
3136779,194,32,1002.0,34,194
3136780,213,30,578.0,31,213
3136781,213,26,320.0,31,213
3136782,213,31,1090.0,31,213
3136801,16,30,1045.0,30,16
3136802,16,12,59.0,30,16
3136803,16,30,958.0,30,16
3136804,16,15,69.0,30,16
3136805,16,28,278.0,30,16
3136847,253,28,352.0,29,253
3136850,2692,34,701.0,35,2692
3136853,2692,7,54.0,35,2692
3136855,2692,29,575.0,35,2692
3136895,2006,32,274.0,35,2006
3136896,2006,35,995.0,35,2006
3136897,2006,29,922.0,35,2006
3136909,189,34,699.0,34,189
3136911,189,17,134.0,34,189
3136912,189,34,681.0,34,189
3136929,2084,30,897.0,35,2084
3136931,2084,3,15.0,34,2084
3136932,2084,33,588.0,35,2084
3136933,2084,1,16.0,35,2084
3136934,2084,35,546.0,35,2084
3136937,2117,33,707.0,33,2117
3136939,2117,33,381.0,33,2117
3136940,2309,26,238.0,32,2309
3136942,2309,25,204.0,32,2309
3136981,193,15,250.0,32,193
3136982,193,32,619.0,32,193
3136983,193,23,269.0,32,193
3136985,193,25,239.0,32,193
3136989,2509,35,961.0,35,2509
3136990,2509,35,500.0,35,2509
3136991,2509,35,665.0,35,2509
3136992,2509,12,60.0,35,2509
3136993,2509,35,791.0,35,2509
3136995,275,4,4.0,34,275
3136996,275,34,955.0,34,275
3137002,195,32,302.0,34,195
3137005,2649,32,975.0,32,2649
3137150,236,7,22.0,34,236
3137151,236,34,845.0,34,236
3137152,236,31,504.0,34,236
3137155,2630,33,833.0,34,2630
3137158,2643,32,348.0,32,2643
3137161,2382,29,239.0,34,2382
3137162,2382,34,987.0,34,2382
3137163,2382,23,624.0,34,2382
3137165,2382,10,29.0,34,2382
3137166,2382,10,38.0,34,2382
3137167,2382,34,823.0,34,2382
3137168,2382,34,863.0,34,2382
3137169,2430,34,908.0,34,2430
3137171,2430,15,89.0,34,2430
3137172,2430,31,267.0,34,2430
3137219,2535,33,787.0,33,2535
3137220,2535,33,758.0,33,2535
3137221,2535,33,1114.0,33,2535
3137223,2535,33,1078.0,33,2535
3137224,2535,2,31.0,33,2535
3137225,2535,28,329.0,33,2535
3137231,2747,32,379.0,32,2747
3137233,2747,8,21.0,32,2747
3137234,2747,7,100.0,32,2747
3137242,13,4,28.0,30,13
3137243,13,17,82.0,30,13
3137245,2463,30,887.0,30,2463
3137246,2463,30,773.0,30,2463
3137247,2463,24,417.0,30,2463
3137249,2463,19,329.0,30,2463
3137252,299,1,3.0,34,299
3137254,299,32,1007.0,34,299
3137255,299,9,15.0,34,299
3137259,2540,33,1055.0,33,2540
3137260,2540,3,8.0,33,2540
3137261,2540,32,367.0,33,2540
3137262,2540,15,70.0,33,2540
3137263,2540,7,16.0,33,2540
3137264,2540,4,23.0,33,2540
3137694,36,10,369.0,34,36
3137696,36,34,573.0,34,36
3137697,36,7,20.0,34,36
3137700,278,29,300.0,35,278
3137702,2440,38,1150.0,38,2440
3137703,2440,36,584.0,38,2440
3137705,2440,38,924.0,38,2440
3137708,167,32,446.0,32,167
3137709,167,29,337.0,32,167
3137710,167,2,2.0,32,167
3137712,21,37,1075.0,37,21
3137713,21,37,773.0,37,21
3137714,21,37,789.0,37,21
3137715,23,25,196.0,30,23
3137716,23,15,60.0,30,23
3137718,23,3,18.0,30,23
3137720,328,8,37.0,30,328
3137721,328,30,738.0,30,328
3137722,328,30,691.0,30,328
3137723,3084,29,807.0,29,3084
3137724,328,8,52.0,30,328
3137727,328,30,936.0,30,328
3137728,328,30,434.0,30,328
3137729,2439,33,714.0,33,2439
3137730,2439,33,1113.0,33,2439
3137731,2439,27,522.0,33,2439
3137732,2439,6,91.0,8,2439
3137768,2751,32,600.0,32,2751
3137769,2751,29,300.0,32,2751
3137771,2751,32,677.0,32,2751
3137795,57,36,856.0,36,57
3137796,57,29,313.0,36,57
3137797,57,7,8.0,36,57
3137798,57,36,832.0,36,57
3138145,2390,30,681.0,34,2390
3138146,2390,32,379.0,34,2390
3138148,2390,29,404.0,34,2390
3138149,2390,8,12.0,34,2390
3138154,153,40,747.0,40,153
3138155,153,40,1228.0,40,153
3138156,153,40,1135.0,40,153
3138158,152,33,934.0,33,152
3138159,152,2,2.0,33,152
3138160,152,33,1006.0,33,152
3138161,152,33,850.0,33,152
3138190,87,28,374.0,36,87
3138191,87,16,48.0,36,87
3138192,87,36,910.0,36,87
3138196,221,31,368.0,32,221
3138197,221,30,398.0,32,221
3138200,258,20,125.0,36,258
3138201,258,34,498.0,36,258
3138203,258,36,775.0,36,258
3138206,2670,35,577.0,35,2670
3138207,2670,31,445.0,35,2670
3138208,2670,29,341.0,35,2670
3138212,325,32,655.0,32,325
3138213,325,11,37.0,32,325
3138214,325,32,681.0,32,325
3138215,325,22,205.0,32,325
3138222,154,31,875.0,31,154
3138223,154,23,343.0,31,154
3138224,154,31,738.0,31,154
3138225,71,30,749.0,31,71
3138231,225,22,286.0,28,225
3138233,225,7,14.0,28,225
3138234,225,27,534.0,28,225
3138235,225,15,138.0,28,225
3138236,225,7,25.0,28,225
3138238,2181,31,736.0,31,2181
3138240,2181,17,338.0,31,2181
3138241,2181,31,404.0,31,2181
3138242,2181,31,1025.0,31,2181
3138245,172,28,534.0,28,172
3138246,172,25,360.0,28,172
3138247,172,9,25.0,28,172
3138248,172,1,13.0,28,172
3138249,159,25,479.0,28,159
3138250,159,27,376.0,28,159
3138252,159,28,774.0,28,159
3138254,2287,31,529.0,31,2287
3138256,2287,31,875.0,31,2287
3138257,163,29,792.0,29,163
3138258,163,29,277.0,29,163
3138259,163,20,115.0,29,163
3138260,163,13,80.0,29,163
3138261,163,18,86.0,29,163
3138262,43,21,156.0,30,43
3138265,43,30,981.0,30,43
3138268,282,31,503.0,31,282
3138269,282,29,206.0,31,282
3138270,282,25,120.0,31,282
3138271,2099,3,5.0,33,2099
3138272,2099,28,196.0,33,2099
3138273,2099,32,600.0,33,2099
3138274,2350,32,828.0,32,2350
3138276,2350,31,848.0,32,2350
3138278,2350,30,301.0,32,2350
3138279,2350,31,739.0,32,2350
3138281,2350,29,765.0,32,2350
3138282,2217,24,174.0,33,2217
3138283,2217,1,1.0,33,2217
3138284,2217,4,6.0,33,2217
3138285,2217,11,62.0,33,2217
3138286,2217,33,1169.0,33,2217
3138287,2217,32,954.0,33,2217
3138289,2623,19,126.0,31,2623
3138290,2623,25,266.0,31,2623
3138292,2623,3,35.0,31,2623
3138293,2623,30,756.0,31,2623
3138294,2623,29,814.0,31,2623
3138469,2363,31,729.0,31,2363
3138470,2363,22,541.0,31,2363
3138471,2363,28,221.0,31,2363
3138474,2368,28,332.0,30,2368
3138475,2368,18,148.0,30,2368
3138476,2368,9,45.0,30,2368
3138478,315,30,992.0,32,315
3138490,2520,5,22.0,32,2520
3138491,2520,9,109.0,32,2520
3138492,2520,9,41.0,32,2520
3138494,2561,20,63.0,33,2561
3138495,2561,8,22.0,33,2561
3138496,2046,20,100.0,36,2046
3138497,2046,36,448.0,36,2046
3138498,2046,36,1228.0,36,2046
3138499,2046,28,203.0,36,2046
3138500,2046,36,1129.0,36,2046
3138501,2046,8,24.0,36,2046
3138504,2057,31,705.0,32,2057
3138505,2057,23,256.0,32,2057
3138509,2413,31,592.0,37,2413
3138510,2413,37,701.0,37,2413
3138513,93,30,901.0,30,93
3138514,270,18,247.0,32,270
3138547,2546,6,141.0,29,2546
3138548,2546,5,68.0,29,2546
3138551,2546,8,201.0,29,2546
3138552,2565,20,283.0,28,2565
3138553,2565,28,733.0,28,2565
3138555,2565,28,447.0,28,2565
3138556,2565,28,602.0,28,2565
3138567,2630,3,8.0,34,2630
3138570,2630,34,572.0,34,2630
3138573,2634,31,726.0,31,2634
3138575,2634,31,721.0,31,2634
3138576,2634,30,463.0,31,2634
3138577,2634,31,570.0,31,2634
3138582,2635,31,1100.0,31,2635
3138583,2635,31,895.0,31,2635
3138584,2635,31,982.0,31,2635
3138586,2635,14,128.0,31,2635
3141192,2026,30,351.0,30,2026
3141192,2046,0,0.0,1,2026
3141193,2026,2,9.0,30,2026
3141193,2046,0,0.0,1,2026
3141194,2026,4,7.0,30,2026
3141194,2046,0,0.0,1,2026
3141196,2026,30,565.0,30,2026
3141196,2046,0,0.0,1,2026
3141198,2026,1,1.0,30,2026
3141198,2046,0,0.0,1,2026
3141209,2032,29,431.0,31,2032
3141212,2032,30,693.0,31,2032
3141214,2032,8,86.0,31,2032
3141215,2032,31,961.0,31,2032
3141217,2032,31,424.0,31,2032
3141253,290,30,699.0,30,290
3141254,290,29,881.0,30,290
3141255,290,30,804.0,30,290
3141256,290,30,427.0,30,290
3141257,290,9,37.0,30,290
3141258,290,30,459.0,30,290
3141259,290,16,128.0,30,290
3141260,2247,11,36.0,30,2247
3141262,2247,28,273.0,30,2247
3141263,2247,30,492.0,30,2247
3141264,2247,3,3.0,30,2247
3141266,309,33,443.0,33,309
3141267,309,32,920.0,33,309
3141268,309,33,854.0,33,309
3141269,309,28,188.0,33,309
3141270,309,32,835.0,33,309
3141271,309,17,56.0,33,309
3143547,2433,17,145.0,34,2433
3143548,2433,30,385.0,34,2433
3143549,2433,11,61.0,34,2433
3143550,2433,31,1126.0,34,2433
3143551,2433,34,1128.0,34,2433
3143559,6,32,519.0,33,6
3143560,6,5,93.0,33,6
3143562,6,30,552.0,33,6
3143564,250,18,98.0,34,250
3143565,250,15,450.0,34,250
3143566,250,33,1040.0,34,250
3143567,250,32,696.0,34,250
3143731,326,31,969.0,31,326
3143732,326,29,849.0,31,326
3143735,326,12,32.0,31,326
3143749,2653,26,202.0,31,2653
3143752,2653,1,8.0,31,2653
3143753,2653,31,836.0,31,2653
3143754,2653,13,61.0,31,2653
3143755,2653,31,1089.0,31,2653
3143758,2031,9,16.0,35,2031
3143758,2634,0,0.0,1,2031
3143993,2335,7,39.0,31,2335
3143994,2335,31,665.0,31,2335
3143996,2335,31,723.0,31,2335
3143997,2335,31,475.0,31,2335
3143998,2515,30,867.0,30,2515
3143999,2515,8,116.0,30,2515
3146550,2501,31,621.0,31,2501
3146550,2502,0,0.0,1,2501
3146551,2501,28,573.0,31,2501
3146551,2502,0,0.0,1,2501
3146552,2501,30,344.0,31,2501
3146552,2502,0,0.0,1,2501
3146553,2501,22,184.0,31,2501
3146553,2502,0,0.0,1,2501
3146554,2501,31,649.0,31,2501
3146554,2502,0,0.0,1,2501
3146555,2608,22,79.0,35,2608
3146557,2608,35,509.0,35,2608
3146558,2608,35,821.0,35,2608
3147337,2066,7,127.0,30,2066
3147338,2066,5,10.0,30,2066
3147339,2066,29,472.0,30,2066
3147340,2066,29,662.0,30,2066
3147341,2066,24,175.0,30,2066
3147344,2066,30,482.0,30,2066
3147345,2066,30,945.0,30,2066
3147346,311,30,813.0,30,311
3147347,311,23,635.0,30,311
3147351,41,36,1153.0,36,41
3147353,151,13,91.0,31,151
3147354,151,30,454.0,31,151
3147355,151,31,1042.0,31,151
3147356,151,29,391.0,31,151
3147357,218,31,790.0,32,218
3147360,97,31,861.0,31,97
3147361,97,23,142.0,31,97
3147362,97,31,541.0,31,97
3147363,97,21,288.0,31,97
3147366,97,31,762.0,31,97
3147460,111,29,354.0,32,111
3147463,119,29,864.0,32,119
3147464,119,31,311.0,32,119
3147465,119,31,939.0,32,119
3147466,119,30,683.0,32,119
3147476,295,35,806.0,38,295
3147485,270,4,63.0,6,270
3147486,270,10,51.0,32,270
3147488,270,29,257.0,32,270
3147498,259,32,287.0,35,259
3147500,259,35,1137.0,35,259
3147502,259,20,124.0,35,259
3147503,259,35,700.0,35,259
3147541,2378,20,210.0,32,2378
3147542,2378,32,779.0,32,2378
3147543,2378,14,83.0,32,2378
3147591,294,18,527.0,31,294
3147594,294,28,589.0,31,294
3147596,2325,29,774.0,31,2325
3147597,2325,31,1104.0,31,2325
3147598,2325,19,257.0,31,2325
3147613,197,30,335.0,31,197
3147614,197,29,352.0,31,197
3147615,197,29,777.0,31,197
3147616,197,31,930.0,31,197
3147617,197,25,566.0,31,197
3147618,197,30,547.0,31,197
3147623,305,28,504.0,30,305
3147624,305,28,499.0,30,305
3147625,305,29,694.0,30,305
3147656,222,39,848.0,39,222
3147657,222,39,800.0,39,222
3147658,222,14,25.0,39,222
3147669,84,13,319.0,35,84
3147671,84,30,747.0,35,84
3147672,84,22,77.0,35,84
3147675,84,10,16.0,35,84
3147687,127,30,332.0,34,127
3147688,127,29,287.0,34,127
3147689,127,25,262.0,34,127
3147690,127,27,506.0,34,127
3148862,112358,29,485.0,31,112358
3148863,112358,15,181.0,31,112358
3148866,112358,31,1124.0,31,112358
3148919,2239,29,762.0,30,2239
3148920,2239,30,453.0,30,2239
3148922,2239,30,529.0,30,2239
3148927,62,23,542.0,34,62
3148928,62,33,1125.0,34,62
3148930,62,13,42.0,34,62
3148931,62,11,39.0,34,62
3148950,300,38,546.0,38,300
3148951,300,10,18.0,38,300
3148952,300,29,117.0,38,300
3148954,2612,29,391.0,29,2612
3148956,2612,29,554.0,29,2612
3148966,2050,34,916.0,34,2050
3148968,2050,5,26.0,34,2050
3148969,2050,34,778.0,34,2050
3148971,2050,32,584.0,34,2050
3148982,2199,32,871.0,32,2199
3148983,2199,32,995.0,32,2199
3148984,2199,28,323.0,32,2199
3148985,2199,20,171.0,32,2199
3148987,339,18,127.0,34,339
3148990,2460,36,660.0,36,2460
3148993,79,32,462.0,32,79
3148996,79,16,57.0,32,79
3148997,79,31,333.0,32,79
3148998,2724,35,671.0,35,2724
3149001,2724,35,564.0,35,2724
3149002,2724,28,214.0,35,2724
3149004,2724,27,183.0,35,2724
3149007,68,29,417.0,32,68
3149009,68,30,268.0,32,68
3149010,68,31,615.0,32,68
3149011,68,7,80.0,32,68
3149013,2197,30,1131.0,30,2197
3149015,2197,24,213.0,30,2197
3149017,2197,30,711.0,30,2197
3149018,2083,31,891.0,31,2083
3149020,2083,31,818.0,31,2083
3149021,2083,29,606.0,31,2083
3149022,322,29,280.0,30,322
3149023,322,30,779.0,30,322
3149030,46,32,803.0,32,46
3149031,46,30,627.0,32,46
3149032,46,32,1026.0,32,46
3149033,46,7,67.0,32,46
3149034,46,18,114.0,32,46
3149035,2005,32,708.0,32,2005
3149038,2005,28,394.0,32,2005
3149039,2005,22,707.0,32,2005
3149040,2005,32,396.0,32,2005
3149042,2005,5,104.0,32,2005
3149043,2005,25,366.0,32,2005
3149044,2005,3,9.0,32,2005
3149045,55,28,824.0,29,55
3149047,55,13,142.0,29,55
3149048,55,22,704.0,29,55
3149052,44,13,107.0,31,44
3149053,44,3,17.0,31,44
3149054,2633,34,933.0,34,2633
3149057,2633,6,65.0,12,2633
3149058,2633,34,667.0,34,2633
3149060,2633,26,886.0,34,2633
3149467,292,28,470.0,29,292
3149471,292,29,755.0,29,292
3149472,292,26,202.0,29,292
3149662,166,31,450.0,34,166
3149665,166,34,874.0,34,166
3149666,166,34,410.0,34,166
3149667,166,30,699.0,34,166
3149672,166,34,917.0,34,166
3149673,166,34,1173.0,34,166
3149897,164,17,81.0,32,164
3149898,164,14,219.0,32,164
3149900,164,32,839.0,32,164
3149902,164,32,867.0,32,164
3149934,113,32,995.0,32,113
3149934,156,0,0.0,1,113
3149935,113,32,774.0,32,113
3149935,156,0,0.0,1,113
3149936,113,30,350.0,32,113
3149938,239,33,394.0,33,239
3149939,239,33,1073.0,33,239
3149942,2377,3,12.0,28,2377
3149943,2377,26,377.0,28,2377
3149947,2885,34,348.0,35,2885
3150844,130,29,253.0,35,130
3151391,103,31,302.0,32,103
3151394,2226,10,297.0,32,2226
3151395,225,9,198.0,9,225
3151397,158,6,19.0,34,158
3151414,2448,22,118.0,32,2448
3151416,2448,18,169.0,32,2448
3151417,2448,24,188.0,32,2448
3151422,2459,7,25.0,34,2459
3151423,2459,6,24.0,34,2459
3151437,2447,17,84.0,34,2447
3151440,2447,14,37.0,34,2447
3151441,2447,31,489.0,34,2447
3151454,357,33,596.0,33,357
3151455,357,33,634.0,33,357
3151456,2193,35,701.0,35,2193
3151461,231,33,695.0,35,231
3151462,231,34,562.0,35,231
3151463,231,8,16.0,35,231
3151464,231,35,960.0,35,231
3151465,231,32,805.0,35,231
3151469,2717,33,674.0,33,2717
3151471,2717,15,112.0,33,2717
3151472,2717,3,6.0,33,2717
3151473,2011,25,302.0,31,2011
3151476,2011,31,747.0,31,2011
3151568,2130,30,905.0,32,2130
3151571,2130,28,310.0,32,2130
3151572,2130,22,405.0,32,2130
3151576,2130,22,475.0,32,2130
3152096,27,28,338.0,33,27
3152097,27,33,676.0,33,27
3152109,2154,28,268.0,31,2154
3152110,2154,29,567.0,31,2154
3152335,2572,29,648.0,29,2572
3152336,2572,9,192.0,29,2572
3152339,2572,19,392.0,29,2572
3152347,2000,29,312.0,31,2000
3152349,2000,29,293.0,31,2000
3153164,183,3,4.0,37,183
3153166,183,17,114.0,37,183
3153168,149,33,657.0,33,149
3153170,149,21,101.0,33,149
3153171,149,22,135.0,33,149
3153174,2428,30,690.0,31,2428
3153175,2428,31,859.0,31,2428
3153183,2529,30,1126.0,30,2529
3153184,2529,23,475.0,30,2529
3153187,2529,11,108.0,30,2529
3153373,155,31,935.0,33,155
3153375,155,10,86.0,33,155
3153377,155,3,10.0,33,155
3153381,2379,31,677.0,32,2379
3153382,2379,13,70.0,32,2379
3153386,2379,32,987.0,32,2379
3153393,2504,30,769.0,30,2504
3153394,2504,29,408.0,30,2504
3153395,2504,30,777.0,30,2504
3153397,2504,29,266.0,30,2504
3153401,2934,19,75.0,32,2934
3153491,2115,28,580.0,29,2115
3153492,2115,29,526.0,29,2115
3153493,2115,12,69.0,29,2115
3153948,3084,29,979.0,29,3084
3153949,3084,29,495.0,29,3084
3153963,2405,36,996.0,36,2405
3153964,2405,20,35.0,36,2405
3153965,2405,36,620.0,36,2405
3154149,2450,33,858.0,33,2450
3154150,2450,32,918.0,33,2450
3154151,2450,28,217.0,33,2450
3154154,2640,32,1022.0,32,2640
3154156,2640,32,1049.0,32,2640
3154807,2739,27,266.0,36,2739
3154918,2582,8,46.0,35,2582
3154919,2582,26,345.0,35,2582
3154920,2582,35,932.0,35,2582
3154922,2582,19,145.0,35,2582
3154923,2582,35,591.0,35,2582
3154924,2582,35,687.0,35,2582
3154925,50,28,734.0,28,50
3154927,50,27,410.0,28,50
3154928,50,13,157.0,28,50
3154929,50,25,339.0,28,50
3154932,2031,35,642.0,35,2031
3154932,2634,0,0.0,1,2031
3154934,50,18,130.0,28,50
3154937,2542,31,622.0,31,2542
3155382,311,13,46.0,30,311
3155383,311,6,11.0,30,311
3155385,2619,21,91.0,33,2619
3155386,261,6,25.0,37,261
3155388,58,3,3.0,33,58
3155389,2655,8,16.0,34,2655
3155390,2655,34,1100.0,34,2655
3155393,228,6,12.0,31,228
3155394,52,10,30.0,33,52
3155401,153,13,16.0,40,153
3155402,87,5,6.0,36,87
3155403,183,6,7.0,37,183
3155404,154,21,485.0,31,154
3155405,154,5,7.0,31,154
3155407,338,31,696.0,31,338
3155408,2454,8,11.0,34,2454
3155409,2166,7,13.0,33,2166
3155412,2168,4,4.0,33,2168
3155414,2184,9,13.0,33,2184
3155415,2184,1,1.0,33,2184
3155417,139,22,394.0,32,139
3155481,2641,3,24.0,11,2641
3155484,156,29,296.0,35,156
3155485,305,17,144.0,30,305
3155486,305,14,29.0,30,305
3155487,2507,10,24.0,35,2507
3155488,2599,32,510.0,32,2599
3155491,97,9,23.0,31,97
3155494,70,27,772.0,34,70
3155496,304,30,921.0,30,304
3155498,304,2,13.0,30,304
3155499,304,30,409.0,30,304
3155501,2464,29,843.0,29,2464
3155502,2464,2,3.0,29,2464
3155504,253,27,671.0,29,253
3155505,253,28,769.0,29,253
3155509,2294,33,477.0,33,2294
3155510,135,5,19.0,30,135
3155517,302,9,34.0,30,302
3155518,232,2,5.0,31,232
3155519,232,3,8.0,31,232
3155524,9,11,18.0,32,9
3155525,25,1,2.0,33,25
3155526,2483,37,1223.0,37,2483
3155527,2127,3,8.0,29,2127
3155529,2737,8,21.0,31,2737
3155530,2737,14,252.0,31,2737
3155531,2737,11,34.0,31,2737
3155533,26,31,672.0,32,26
3155534,26,15,181.0,32,26
3155536,26,31,832.0,32,26
3155537,26,5,7.0,32,26
3155538,264,27,248.0,34,264
3155539,264,7,13.0,34,264
3155540,264,10,30.0,34,264
3155544,2,23,151.0,30,2
3155549,2400,35,554.0,35,2400
3155553,2400,33,256.0,35,2400
3155554,2400,35,882.0,35,2400
3155562,2016,28,902.0,30,2016
3155564,2016,4,48.0,30,2016
3155568,2016,30,515.0,30,2016
3155579,2569,32,967.0,32,2569
3155580,2569,32,693.0,32,2569
3155581,2569,32,279.0,32,2569
3155582,2569,32,804.0,32,2569
3155584,2569,31,645.0,32,2569
3155700,2908,32,927.0,32,2908
3155701,2908,32,658.0,32,2908
3155702,2908,13,118.0,32,2908
3155703,2908,32,574.0,32,2908
3155706,2229,2,26.0,31,2229
3155707,2229,30,1058.0,31,2229
3155708,249,5,14.0,32,249
3155709,295,30,206.0,38,295
3155710,2636,16,503.0,32,2636
3155733,171,29,496.0,34,171
3155734,171,30,359.0,34,171
3155736,108,21,175.0,30,108
3155737,108,25,287.0,30,108
3155738,108,7,19.0,30,108
3155739,219,5,5.0,28,219
3155740,219,13,402.0,28,219
3155741,219,28,522.0,28,219
3155743,219,14,106.0,28,219
3155744,219,28,694.0,28,219
3155745,219,24,255.0,28,219
3155750,314,3,69.0,32,314
3155751,314,32,856.0,32,314
3155754,2750,12,32.0,34,2750
3155756,195,7,8.0,34,195
3155759,2711,32,1018.0,32,2711
3155771,167,32,836.0,32,167
3155840,282,3,6.0,31,282
3155879,161,18,68.0,33,161
3155880,2597,24,344.0,32,2597
3155881,2597,28,485.0,32,2597
3155884,2598,28,490.0,30,2598
3155885,2598,3,5.0,30,2598
3155886,349,7,57.0,33,349
3155888,349,21,218.0,33,349
3155893,2198,6,33.0,30,2198
3155894,2198,29,798.0,30,2198
3155896,2198,4,9.0,30,2198
3155897,2198,26,411.0,30,2198
3155899,104,7,98.0,34,104
3155902,2000,31,615.0,31,2000
3155904,2110,28,717.0,28,2110
3155906,2277,9,112.0,34,2277
3155910,2916,29,776.0,29,2916
3155911,2916,28,657.0,29,2916
3155912,2320,27,606.0,30,2320
3155913,2320,24,191.0,30,2320
3155914,2320,29,324.0,30,2320
3155916,2320,29,408.0,30,2320
3155918,2320,29,418.0,30,2320
3155919,2447,29,344.0,34,2447
3155926,2534,34,1020.0,34,2534
3155927,2545,28,537.0,33,2545
3155928,2545,1,1.0,17,2545
3155934,357,4,6.0,33,357
3155935,357,1,6.0,33,357
3155936,2678,16,128.0,30,2678
3155937,276,25,866.0,33,276
3155938,2678,29,331.0,30,2678
3155939,2250,33,390.0,36,2250
3155940,2250,36,780.0,36,2250
3155941,2250,36,1109.0,36,2250
3155942,2250,36,1146.0,36,2250
3155986,2437,7,28.0,32,2437
3155987,2437,32,878.0,32,2437
3155991,2710,3,8.0,27,2710
3155993,233,31,731.0,31,233
3155995,233,13,85.0,31,233
3155996,233,15,94.0,31,233
3155997,233,31,914.0,31,233
3155999,6,10,25.0,33,6
3156001,2492,12,58.0,32,2492
3156002,2492,1,7.0,32,2492
3156023,2169,27,456.0,31,2169
3156024,2169,28,321.0,31,2169
3156026,2169,27,525.0,31,2169
3156043,2450,33,870.0,33,2450
3156054,2542,31,725.0,31,2542
3156061,2010,21,154.0,28,2010
3156066,2010,17,299.0,28,2010
3156068,2010,26,414.0,28,2010
3156069,2010,28,976.0,28,2010
3156070,2010,28,599.0,28,2010
3156071,2010,28,348.0,28,2010
3156083,2755,1,1.0,31,2755
3156085,2755,31,827.0,31,2755
3156088,2755,29,299.0,31,2755
3156089,2296,35,518.0,35,2296
3156092,2296,5,23.0,35,2296
3156093,2296,35,1054.0,35,2296
3156095,2296,8,20.0,23,2296
3156099,2514,28,395.0,29,2514
3156100,2514,28,858.0,29,2514
3156101,2514,28,505.0,29,2514
3156102,2514,22,571.0,29,2514
3156103,2514,26,261.0,29,2514
3156104,2514,1,1.0,29,2514
3156146,2547,31,644.0,32,2547
3156147,2547,25,314.0,32,2547
3156148,2547,32,521.0,32,2547
3156150,292,6,16.0,29,292
3156386,2306,6,10.0,32,2306
3157412,356,5,10.0,34,356
3157465,130,35,1021.0,35,130
3157466,127,18,45.0,34,127
3158210,25,8,17.0,33,25
3158224,2483,8,16.0,37,2483
3158247,204,8,10.0,32,204
3158260,264,8,17.0,34,264
3158267,2,8,15.0,30,2
3158290,238,10,18.0,33,238
3158316,113,6,13.0,32,113
3158316,156,0,0.0,1,113
3158318,2603,7,9.0,36,2603
3158350,13,3,7.0,30,13
3158377,350,10,17.0,33,350
3158385,2729,9,19.0,31,2729
3158387,2737,9,25.0,31,2737
3158391,2429,12,64.0,33,2429
3158395,2711,32,751.0,32,2711
3158396,2099,30,284.0,33,2099
3158398,2535,1,4.0,33,2535
3158439,2426,32,270.0,33,2426
3158440,2426,31,714.0,33,2426
3158441,2426,30,328.0,33,2426
3158443,2426,33,583.0,33,2426
3158444,2426,33,1001.0,33,2426
3158613,47,28,567.0,31,47
3158666,2755,25,218.0,31,2755
3158680,2379,30,987.0,32,2379
3158706,249,10,13.0,32,249
3158727,2603,7,10.0,36,2603
3158747,218,4,7.0,32,218
3158752,120,10,24.0,35,120
3158755,2504,29,209.0,30,2504
3158840,119,4,7.0,28,119
3158857,2261,31,316.0,31,2261
3158901,2029,20,317.0,32,2029
3158902,2029,27,269.0,32,2029
3158904,2029,32,873.0,32,2029
3158905,2029,30,264.0,32,2029
3158906,2029,28,365.0,32,2029
3159015,2166,3,6.0,33,2166
3159057,2086,10,41.0,32,2086
3159319,2415,4,52.0,30,2415
3159320,2379,10,93.0,32,2379
3159322,48,24,165.0,29,48
3159512,2443,15,73.0,30,2443
3160020,309,4,6.0,33,309
3162135,41,9,13.0,36,41
3162329,227,7,8.0,32,227
3162359,2523,14,152.0,32,2523
3163613,2717,31,500.0,33,2717
3163614,251,1,3.0,33,251
3163650,2428,11,50.0,31,2428
3163674,135,4,26.0,30,135
3164161,2430,10,18.0,34,2430
3164171,2400,34,371.0,35,2400
3164612,2117,3,5.0,33,2117
3164622,269,4,10.0,33,269
3165006,47,28,352.0,31,47
3165009,2483,20,108.0,37,2483
3165262,120,10,43.0,35,120
3165390,314,9,15.0,32,314
3165908,47,8,14.0,31,47
3166106,26,7,10.0,32,26
3166483,164,30,431.0,32,164
3167330,2169,3,9.0,31,2169
3167479,2569,7,15.0,32,2569
3371731,153,17,20.0,40,153
3376554,333,9,13.0,32,333
3527431,2230,2,4.0,31,2230
3527659,2117,3,5.0,33,2117
3904609,2066,30,414.0,30,2066
3904610,2066,30,862.0,30,2066
3904611,2066,26,715.0,30,2066
3904616,2349,23,321.0,29,2349
3904617,2349,29,583.0,29,2349
3904618,2349,29,912.0,29,2349
3904619,2349,28,456.0,29,2349
3904622,2116,28,381.0,30,2116
3904623,2116,15,62.0,30,2116
3904624,2116,30,484.0,30,2116
3904625,2116,30,529.0,30,2116
3904628,2390,32,383.0,34,2390
3904629,2390,13,76.0,34,2390
3904631,56,8,128.0,33,56
3904633,56,33,1041.0,33,56
3904635,56,33,525.0,33,56
3904745,2378,14,218.0,32,2378
3904746,2378,19,220.0,32,2378
3904747,2378,17,143.0,32,2378
3904748,2378,27,248.0,32,2378
3904749,2378,32,1026.0,32,2378
3904750,2378,26,271.0,32,2378
3906463,2230,17,200.0,31,2230
3906465,2230,26,848.0,31,2230
3906466,2230,21,157.0,31,2230
3906467,2230,30,539.0,31,2230
3906479,66,24,190.0,35,66
3906490,2198,22,204.0,30,2198
3906491,2198,30,911.0,30,2198
3906492,2198,28,286.0,30,2198
3906508,2641,22,112.0,31,2641
3906509,2641,19,130.0,31,2641
3906519,269,16,83.0,33,269
3906520,269,33,790.0,33,269
3906521,269,33,974.0,33,269
3906522,269,33,1107.0,33,269
3906524,269,20,101.0,33,269
3906525,269,3,8.0,33,269
3906542,301,30,537.0,30,301
3906543,301,30,764.0,30,301
3906544,301,28,310.0,30,301
3906545,301,14,72.0,30,301
3906546,301,17,152.0,30,301
3906548,2550,9,25.0,33,2550
3906549,2550,9,32.0,33,2550
3906550,2550,29,255.0,33,2550
3906560,279,28,491.0,28,279
3906561,279,28,603.0,28,279
3906562,279,17,197.0,28,279
3906563,2440,23,121.0,38,2440
3906564,2440,37,1067.0,38,2440
3906565,2502,13,148.0,31,2502
3906567,2502,18,119.0,31,2502
3906568,2502,25,331.0,31,2502
3906569,2502,15,92.0,31,2502
3906570,2502,30,514.0,31,2502
3906571,2502,31,706.0,31,2502
3906576,167,28,250.0,32,167
3906577,167,25,207.0,32,167
3906578,167,25,164.0,32,167
3906581,2351,31,983.0,31,2351
3906582,2351,25,683.0,31,2351
3906583,2351,31,648.0,31,2351
3906584,2351,24,262.0,31,2351
3906585,2351,26,324.0,31,2351
3906586,2351,31,565.0,31,2351
3906595,2031,35,1072.0,35,2031
3906595,2634,0,0.0,1,2031
3906596,2031,35,794.0,35,2031
3906596,2634,0,0.0,1,2031
3906603,2097,30,965.0,30,2097
3906604,2097,7,31.0,30,2097
3906605,2097,26,217.0,30,2097
3906606,2097,18,263.0,30,2097
3906607,2653,31,762.0,31,2653
3906608,2653,31,529.0,31,2653
3906609,2653,31,878.0,31,2653
3906616,2506,23,297.0,31,2506
3906617,2506,29,437.0,31,2506
3906618,2506,30,372.0,31,2506
3906619,309,23,159.0,33,309
3906621,309,23,301.0,33,309
3906640,2737,30,836.0,31,2737
3906641,2737,28,205.0,31,2737
3906644,2247,28,232.0,30,2247
3906645,2247,15,137.0,30,2247
3906649,2638,16,138.0,33,2638
3906650,21,36,986.0,37,21
3906660,290,24,312.0,30,290
3906661,290,29,735.0,30,290
3906662,290,30,933.0,30,290
3906663,290,22,177.0,30,290
3906665,23,30,708.0,30,23
3906666,23,29,514.0,30,23
3906667,23,30,726.0,30,23
3906668,23,30,790.0,30,23
3906669,23,29,432.0,30,23
3906670,2509,10,28.0,35,2509
3906671,2509,34,875.0,35,2509
3906675,2509,35,475.0,35,2509
3906681,2429,28,404.0,33,2429
3906682,2429,33,863.0,33,2429
3906683,2429,33,1064.0,33,2429
3906684,2429,33,815.0,33,2429
3906685,2429,29,707.0,33,2429
3906692,2348,33,710.0,33,2348
3906693,2348,15,137.0,33,2348
3906694,2348,32,373.0,33,2348
3906718,5,33,625.0,33,5
3906719,5,10,47.0,33,5
3906729,2710,26,296.0,27,2710
3906730,2710,6,21.0,27,2710
3906731,2710,4,14.0,27,2710
3906732,2710,27,393.0,27,2710
3906735,2636,14,82.0,32,2636
3906737,2636,31,501.0,32,2636
3906738,2636,32,421.0,32,2636
3906761,2571,34,485.0,34,2571
3906774,233,30,355.0,31,233
3906775,233,30,380.0,31,233
3906785,2057,32,348.0,32,2057
3906786,2057,32,590.0,32,2057
3906787,2449,30,490.0,33,2449
3906788,2449,32,972.0,33,2449
3906790,2449,31,288.0,33,2449
3906791,85,32,522.0,32,85
3906792,85,7,8.0,32,85
3906793,85,23,383.0,32,85
3906795,2870,30,284.0,34,2870
3906796,2870,15,73.0,34,2870
3906809,2535,33,831.0,33,2535
3906810,2535,5,9.0,33,2535
3906811,2535,32,705.0,33,2535
3906812,2535,26,204.0,33,2535
3906813,2540,24,215.0,33,2540
3906814,2540,11,46.0,33,2540
3906815,2540,33,509.0,33,2540
3906821,225,16,279.0,28,225
3906822,225,28,301.0,28,225
3906824,225,19,471.0,28,225
3906825,225,17,72.0,28,225
3906954,172,28,529.0,28,172
3906955,172,27,829.0,28,172
3906956,172,28,267.0,28,172
3906957,172,24,241.0,28,172
3906958,172,7,13.0,28,172
3906959,172,8,22.0,28,172
3906960,172,6,9.0,28,172
3906963,159,5,15.0,28,159
3906964,159,27,868.0,28,159
3906965,159,28,415.0,28,159
3906966,219,24,364.0,28,219
3906967,219,27,628.0,28,219
3906968,219,26,659.0,28,219
3906969,219,17,140.0,28,219
3906971,219,9,23.0,28,219
3906975,163,6,11.0,29,163
3906976,163,16,118.0,29,163
3906977,163,29,638.0,29,163
3906978,163,29,423.0,29,163
3906992,43,13,59.0,30,43
3906993,43,7,29.0,30,43
3906994,43,3,10.0,30,43
3906995,43,19,117.0,30,43
3906996,43,23,174.0,30,43
3907000,2099,28,346.0,33,2099
3907001,2099,13,38.0,33,2099
3907020,2006,2,4.0,35,2006
3907021,2006,34,638.0,35,2006
3907023,2050,34,659.0,34,2050
3907024,189,32,499.0,34,189
3907025,189,8,45.0,34,189
3907026,189,34,717.0,34,189
3907027,189,34,718.0,34,189
3907028,2117,20,105.0,33,2117
3907030,2084,35,885.0,35,2084
3907031,2084,35,670.0,35,2084
3907081,195,19,107.0,34,195
3907082,195,33,607.0,34,195
3907084,195,31,985.0,34,195
3907085,195,27,140.0,34,195
3907086,2649,15,130.0,32,2649
3907087,2649,7,28.0,32,2649
3907088,2649,31,282.0,32,2649
3907089,2649,32,879.0,32,2649
3907091,2649,32,731.0,32,2649
3907098,2711,31,660.0,32,2711
3907099,2711,23,270.0,32,2711
3907102,2711,32,514.0,32,2711
3907103,71,29,793.0,31,71
3907104,71,24,273.0,31,71
3907105,71,25,193.0,31,71
3907106,71,29,779.0,31,71
3907107,71,23,186.0,31,71
3907108,71,31,936.0,31,71
3907109,71,31,1007.0,31,71
3907110,71,28,296.0,31,71
3907111,71,31,688.0,31,71
3907182,315,32,557.0,32,315
3907183,315,6,36.0,31,315
3907184,315,32,876.0,32,315
3907185,315,25,163.0,32,315
3907186,315,32,550.0,32,315
3907296,236,10,36.0,34,236
3907297,236,18,129.0,34,236
3907298,236,9,41.0,34,236
3907336,2617,31,299.0,34,2617
3907337,2617,17,79.0,34,2617
3907339,2617,34,675.0,34,2617
3907340,2617,24,179.0,34,2617
3907343,2617,23,148.0,34,2617
3907344,2617,14,45.0,34,2617
3907358,344,30,818.0,30,344
3907359,344,28,772.0,30,344
3907360,344,21,193.0,30,344
3907385,99,27,357.0,33,99
3907386,99,33,1016.0,33,99
3907387,99,33,1151.0,33,99
3907405,333,15,32.0,32,333
3907406,333,6,148.0,32,333
3907407,333,30,268.0,32,333
3907408,333,32,408.0,32,333
3907429,322,20,142.0,30,322
3907431,322,27,306.0,30,322
3907432,322,10,18.0,30,322
3907433,322,30,693.0,30,322
3907453,107,27,155.0,35,107
3907454,107,35,993.0,35,107
3907455,107,28,272.0,35,107
3907456,107,17,47.0,35,107
3907457,107,32,435.0,35,107
3907473,44,30,997.0,31,44
3907474,44,21,227.0,31,44
3907475,44,31,784.0,31,44
3907487,264,34,848.0,34,264
3907488,264,34,728.0,34,264
3907489,264,33,736.0,34,264
3907490,264,34,719.0,34,264
3907491,264,16,134.0,34,264
3907493,264,30,338.0,34,264
3907496,264,4,6.0,34,264
3907497,264,34,1139.0,34,264
3907498,264,34,820.0,34,264
3907504,254,3,6.0,9,254
3907505,254,35,930.0,35,254
3907506,254,14,102.0,35,254
3907508,254,7,34.0,35,254
3907517,38,32,504.0,33,38
3907518,38,12,47.0,33,38
3907524,12,24,180.0,34,12
3907525,12,27,757.0,34,12
3907526,12,23,139.0,34,12
3907544,2565,28,883.0,28,2565
3907545,2565,28,910.0,28,2565
3907546,2565,21,155.0,28,2565
3907547,2565,22,251.0,28,2565
3907557,2546,29,427.0,29,2546
3907558,2546,29,816.0,29,2546
3907560,2546,14,99.0,29,2546
3907561,2546,27,741.0,29,2546
3907562,2546,26,210.0,29,2546
3907563,93,16,127.0,30,93
3907564,93,22,244.0,30,93
3907565,93,30,955.0,30,93
3907566,93,17,93.0,30,93
3907567,93,16,228.0,30,93
3907574,79,32,916.0,32,79
3907575,79,22,112.0,32,79
3907581,2623,31,1073.0,31,2623
3907582,2623,31,825.0,31,2623
3907583,2623,29,713.0,31,2623
3907584,2623,28,596.0,31,2623
3907585,2623,25,202.0,31,2623
3907586,2350,8,46.0,32,2350
3907587,2350,25,424.0,32,2350
3907598,282,31,808.0,31,282
3907600,282,31,450.0,31,282
3907601,282,31,366.0,31,282
3907606,2287,8,57.0,31,2287
3907607,2287,11,102.0,31,2287
3907610,2287,6,10.0,31,2287
3907611,2287,15,320.0,28,2287
3907617,2754,13,104.0,32,2754
3907618,2754,32,417.0,32,2754
3907619,2754,32,525.0,32,2754
3907620,2754,32,666.0,32,2754
3907637,94,28,810.0,30,94
3907638,94,29,253.0,30,94
3907639,94,30,581.0,30,94
3907654,82,9,204.0,30,82
3907655,82,20,167.0,30,82
3907656,82,30,563.0,30,82
3907657,82,30,1102.0,30,82
3907658,82,28,268.0,30,82
3907659,82,21,184.0,30,82
3907660,82,27,622.0,30,82
3907667,98,33,954.0,34,98
3907669,98,32,390.0,34,98
3907670,98,34,952.0,34,98
3907671,98,3,15.0,34,98
3907672,98,33,480.0,34,98
3907777,248,21,164.0,32,248
3907778,248,26,690.0,32,248
3907780,248,32,777.0,32,248
3907785,235,33,1062.0,34,235
3907786,235,10,197.0,34,235
3907787,235,31,274.0,34,235
3907788,235,29,399.0,34,235
3907804,58,33,1161.0,33,58
3907805,58,15,105.0,33,58
3907811,202,28,275.0,31,202
3907812,202,5,16.0,31,202
3907820,52,32,336.0,33,52
3907821,52,33,954.0,33,52
3907822,52,33,980.0,33,52
3907823,52,33,572.0,33,52
3907824,52,25,159.0,33,52
3908320,275,1,4.0,34,275
3908321,275,29,276.0,34,275
3908322,275,33,422.0,34,275
3908323,275,32,321.0,34,275
3908335,87,30,399.0,36,87
3908336,87,36,521.0,36,87
3908374,258,24,110.0,36,258
3908514,2329,32,908.0,32,2329
3908517,2352,26,219.0,30,2352
3908518,2352,28,309.0,30,2352
3908520,2,30,548.0,30,2
3908521,2,29,736.0,30,2
3908522,2,9,18.0,30,2
3908523,2,9,25.0,30,2
3908524,2,21,134.0,30,2
3908525,2,15,440.0,30,2
3908806,97,30,525.0,31,97
3908807,97,22,267.0,31,97
3908809,97,31,591.0,31,97
3908812,2681,34,991.0,34,2681
3908813,2681,14,73.0,34,2681
3908818,526,34,572.0,35,526
3908819,526,35,649.0,35,526
3908843,154,30,213.0,31,154
3908844,154,30,952.0,31,154
3908845,154,31,446.0,31,154
3908846,154,1,1.0,31,154
3908847,154,1,1.0,31,154
3908854,2168,27,267.0,33,2168
3908855,2168,32,291.0,33,2168
3908856,2168,26,250.0,33,2168
3908857,2168,22,176.0,33,2168
3908862,2184,29,259.0,33,2184
3908863,2184,28,224.0,33,2184
3908865,2244,31,647.0,31,2244
3908866,2244,24,180.0,31,2244
3908867,2244,31,1057.0,31,2244
3908868,2244,30,366.0,31,2244
3908870,257,14,104.0,32,257
3908871,257,26,207.0,32,257
3908872,257,1,1.0,32,257
3908904,2086,20,125.0,32,2086
3911566,2275,27,110.0,33,2275
3911567,2275,33,417.0,33,2275
3911619,153,28,122.0,40,153
3911620,153,31,177.0,40,153
3911621,2277,34,486.0,34,2277
3911623,2277,26,351.0,34,2277
3911625,238,25,251.0,33,238
3911626,238,21,104.0,33,238
3911627,238,29,246.0,33,238
3911628,2603,36,651.0,36,2603
3911629,2603,19,65.0,36,2603
3911632,2603,33,546.0,36,2603
3911841,356,29,319.0,34,356
3911842,356,34,892.0,34,356
3911843,356,30,350.0,34,356
3911885,135,25,452.0,30,135
3911886,135,20,287.0,30,135
3911888,135,26,608.0,30,135
3911889,135,30,817.0,30,135
3911890,135,15,187.0,30,135
3911891,158,9,28.0,34,158
3911892,158,34,826.0,34,158
3911893,158,34,577.0,34,158
3911894,158,17,88.0,34,158
3911895,158,34,623.0,34,158
3911896,158,30,411.0,34,158
3912272,194,23,294.0,34,194
3912273,194,9,109.0,19,194
3912273,201,0,0.0,5,194
3912274,194,32,576.0,34,194
3912275,194,34,473.0,34,194
3912277,213,25,311.0,31,213
3912278,213,25,596.0,31,213
3912281,2182,31,1021.0,31,2182
3912282,2729,19,166.0,31,2729
3912285,119,27,178.0,32,119
3912286,256,30,734.0,31,256
3912287,256,11,56.0,31,256
3912292,232,31,880.0,31,232
3912294,232,31,932.0,31,232
3912333,156,12,40.0,35,156
3912334,156,34,633.0,35,156
3912336,156,26,220.0,35,156
3912337,156,7,46.0,35,156
3912339,2752,30,311.0,33,2752
3912605,107,4,7.0,25,107
3912655,331,25,186.0,34,331
3912656,331,30,283.0,34,331
3912657,331,15,103.0,34,331
3912658,331,1,11.0,34,331
3912821,70,27,275.0,34,70
3912824,2464,28,350.0,29,2464
3912825,2464,29,859.0,29,2464
3912826,2464,28,690.0,29,2464
3912827,2464,26,392.0,29,2464
3912828,2464,5,40.0,29,2464
3912830,2464,29,253.0,29,2464
3912831,2464,20,204.0,29,2464
3912832,2458,31,825.0,31,2458
3912833,2458,28,336.0,31,2458
3912834,2458,16,125.0,31,2458
3912835,2458,28,420.0,31,2458
3912837,2458,17,134.0,31,2458
3912838,2458,31,599.0,31,2458
3912841,2306,32,830.0,32,2306
3912842,2306,32,418.0,32,2306
3912843,2306,32,488.0,32,2306
3912844,2306,7,17.0,32,2306
3912847,2306,20,550.0,32,2306
3912848,2306,32,841.0,32,2306
3912850,2306,10,16.0,32,2306
3912853,197,6,24.0,31,197
3912854,197,21,608.0,31,197
3912855,197,7,23.0,31,197
3913160,2127,17,154.0,29,2127
3913163,2127,29,870.0,29,2127
3913166,324,22,244.0,33,324
3913167,324,13,74.0,33,324
3913168,324,10,30.0,33,324
3913171,2272,31,488.0,32,2272
3913172,2272,27,276.0,32,2272
3913173,150,31,254.0,35,150
3913174,150,35,941.0,35,150
3913175,150,35,904.0,35,150
3913176,150,35,1220.0,35,150
3913177,150,5,14.0,35,150
3913179,150,1,1.0,35,150
3913180,288,32,677.0,32,288
3913182,288,32,729.0,32,288
3913183,2344,12,32.0,32,2344
3913184,139,27,561.0,32,139
3913185,139,25,242.0,32,139
3913189,2670,7,12.0,35,2670
3913190,2670,10,29.0,35,2670
3913193,16,16,102.0,30,16
3913194,16,30,514.0,30,16
3913201,2393,35,524.0,35,2393
3913202,2393,32,135.0,35,2393
3913203,2643,31,585.0,32,2643
3913204,2643,30,307.0,32,2643
3913206,2643,2,10.0,32,2643
3913207,2643,20,116.0,32,2643
3913208,2643,29,305.0,32,2643
3913209,2643,15,50.0,32,2643
3913211,2643,32,593.0,32,2643
3913213,231,22,255.0,35,231
3913214,231,21,150.0,35,231
3913215,231,35,839.0,35,231
3913216,2507,14,46.0,35,2507
3913217,2507,32,342.0,35,2507
3913218,2507,28,526.0,35,2507
3913219,2507,19,96.0,35,2507
3913220,198,28,582.0,30,198
3913221,198,30,644.0,30,198
3913222,198,4,35.0,30,198
3913223,198,9,41.0,30,198
3913224,198,23,300.0,30,198
3913228,2309,28,239.0,32,2309
3913230,2309,22,420.0,32,2309
3913232,2561,33,679.0,33,2561
3913233,2561,33,899.0,33,2561
3913234,2561,28,151.0,33,2561
3913235,2561,33,275.0,33,2561
3913236,2427,21,222.0,34,2427
3913238,2427,33,895.0,34,2427
3913239,2427,33,1000.0,34,2427
3913241,2515,29,278.0,30,2515
3913242,2515,11,46.0,30,2515
3913243,2515,26,251.0,30,2515
3913244,2515,30,762.0,30,2515
3913245,2515,18,117.0,30,2515
3913246,77,20,332.0,31,77
3913247,77,23,156.0,31,77
3913248,77,31,754.0,31,77
3913546,2655,34,662.0,34,2655
3913547,2655,33,523.0,34,2655
3913548,2655,31,588.0,34,2655
3913550,2655,17,101.0,34,2655
3913551,2655,33,368.0,34,2655
3913552,45,13,41.0,38,45
3913553,45,34,163.0,38,45
3913582,9,21,148.0,32,9
3913583,9,32,792.0,32,9
3913584,9,27,526.0,28,9
3913677,295,3,27.0,38,295
3913690,270,32,1136.0,32,270
3913699,2473,34,244.0,35,2473
3913700,2473,32,290.0,35,2473
3913701,2473,29,162.0,35,2473
3913716,2520,31,582.0,32,2520
3913717,2520,11,58.0,25,2520
3913736,2415,30,903.0,30,2415
3913738,2415,24,189.0,30,2415
3913762,2199,32,1031.0,32,2199
3913763,2199,4,18.0,32,2199
3913764,2199,32,784.0,32,2199
3913785,2460,9,121.0,31,2460
3914016,339,23,179.0,34,339
3914043,2724,19,154.0,35,2724
3914044,2724,3,59.0,35,2724
3914046,2724,21,128.0,35,2724
3914047,2724,34,630.0,35,2724
3914057,2751,29,428.0,32,2751
3914058,2751,31,516.0,32,2751
3914060,2751,9,39.0,32,2751
3914062,2751,24,270.0,32,2751
3914072,2413,25,448.0,37,2413
3914073,2413,34,329.0,37,2413
3914074,2413,6,29.0,37,2413
3914075,2413,37,916.0,37,2413
3914076,2413,36,351.0,37,2413
3914269,61,27,217.0,33,61
3914270,61,31,277.0,33,61
3914271,61,32,520.0,33,61
3914272,61,3,4.0,33,61
3914273,61,28,406.0,33,61
3914278,2083,31,483.0,31,2083
3914279,2083,4,32.0,31,2083
3914280,2083,28,325.0,31,2083
3914281,2083,12,46.0,31,2083
3914282,30,33,805.0,34,30
3914283,30,34,624.0,34,30
3914284,204,28,342.0,32,204
3914285,204,32,685.0,32,204
3914287,204,27,190.0,32,204
3914288,204,32,695.0,32,204
3914289,204,27,748.0,32,204
3914290,155,33,699.0,33,155
3914291,155,21,141.0,33,155
3914292,155,32,725.0,33,155
3914293,155,30,616.0,33,155
3914294,155,33,644.0,33,155
3914637,325,25,228.0,32,325
3914638,325,29,484.0,32,325
3914639,325,32,994.0,32,325
3915080,261,18,76.0,37,261
3915081,261,27,185.0,37,261
3915193,2567,5,16.0,29,2567
3915194,2567,30,522.0,30,2567
3915195,2567,30,980.0,30,2567
3915207,2172,1,2.0,31,2172
3915208,2172,24,537.0,31,2172
3915210,2172,24,219.0,31,2172
3915211,2172,31,873.0,31,2172
3915212,2172,29,964.0,31,2172
3915560,2483,35,1060.0,37,2483
3915561,2483,8,49.0,19,2483
3915562,2483,35,258.0,37,2483
3915643,2443,26,200.0,30,2443
3915644,2443,29,378.0,30,2443
3915646,2443,29,662.0,30,2443
3915647,2443,29,571.0,30,2443
3915649,2443,1,3.0,30,2443
3915650,2443,16,64.0,30,2443
3915662,2193,35,1122.0,35,2193
3915664,2193,18,109.0,35,2193
3915665,2193,28,308.0,35,2193
3915672,2433,34,879.0,34,2433
3915673,2433,19,199.0,34,2433
3915674,2433,12,44.0,34,2433
3917308,2692,34,622.0,35,2692
3917309,2692,35,750.0,35,2692
3917311,2692,30,508.0,35,2692
3917312,2692,20,163.0,35,2692
3917342,149,33,585.0,33,149
3917343,149,33,1011.0,33,149
3917346,149,33,1080.0,33,149
3917348,278,16,165.0,35,278
3917349,278,31,433.0,35,278
3917351,278,34,868.0,35,278
3917352,278,5,13.0,35,278
3917364,161,22,127.0,33,161
3917365,161,23,113.0,33,161
3917366,161,32,762.0,33,161
3917367,161,33,361.0,33,161
3917368,161,30,275.0,33,161
3917376,25,33,907.0,33,25
3917378,25,33,942.0,33,25
3917382,142,31,812.0,31,142
3917384,142,31,427.0,31,142
3917385,142,31,767.0,31,142
3917386,142,29,389.0,31,142
3917387,142,7,25.0,31,142
3917388,142,31,534.0,31,142
3917977,42,25,294.0,33,42
3917978,42,33,504.0,33,42
3917979,42,32,620.0,33,42
3917980,42,31,814.0,33,42
3917984,228,5,7.0,31,228
3917985,228,10,44.0,31,228
3917986,228,23,174.0,31,228
3918422,2633,22,121.0,34,2633
3918423,2633,32,598.0,34,2633
3918424,2633,32,390.0,34,2633
3918425,2633,33,535.0,34,2633
3918426,2633,10,63.0,34,2633
3918428,2130,28,527.0,32,2130
3918429,2130,24,299.0,32,2130
3918432,166,12,51.0,34,166
3918433,166,21,158.0,34,166
3918434,166,17,115.0,34,166
3918435,166,4,15.0,34,166
3918437,166,28,307.0,34,166
3918718,399,23,160.0,33,399
3918720,399,9,127.0,33,399
3918721,399,33,683.0,33,399
3918723,399,14,76.0,33,399
3918759,2747,6,12.0,32,2747
3918760,2747,32,921.0,32,2747
3918761,2747,17,108.0,32,2747
3918762,2747,30,244.0,32,2747
3918773,2582,1,7.0,35,2582
3918774,2582,1,1.0,35,2582
3918776,2582,28,315.0,35,2582
3918777,2582,35,413.0,35,2582
3918785,2539,28,582.0,30,2539
3918787,2539,30,407.0,30,2539
3918788,2539,9,70.0,30,2539
3918789,2539,30,705.0,30,2539
3918790,2539,29,427.0,30,2539
3918791,2539,21,157.0,30,2539
3919334,2305,19,91.0,38,2305
3919335,2305,27,202.0,38,2305
3919336,2305,38,338.0,38,2305
3919345,302,28,635.0,30,302
3919346,302,30,892.0,30,302
3919348,302,22,198.0,30,302
3919350,302,29,441.0,30,302
3919421,179,30,502.0,31,179
3919423,179,10,30.0,31,179
3919424,179,30,394.0,31,179
3919436,36,25,222.0,34,36
3919437,36,31,488.0,34,36
3919438,36,33,808.0,34,36
3919442,2630,18,153.0,34,2630
3919443,2630,12,72.0,34,2630
3919444,2630,27,371.0,34,2630
3919445,2635,20,124.0,31,2635
3919446,2635,30,548.0,31,2635
3919447,2635,21,184.0,31,2635
3919449,2635,6,29.0,31,2635
3919450,2635,29,304.0,31,2635
3919453,145,31,851.0,31,145
3919454,145,19,132.0,31,145
3919455,145,13,72.0,31,145
3919458,145,21,255.0,22,145
3919459,2934,32,933.0,32,2934
3919460,2934,4,19.0,32,2934
3919461,2934,31,677.0,32,2934
3919462,2934,30,373.0,32,2934
3919463,2934,32,573.0,32,2934
3919467,2636,31,873.0,32,2636
3919469,2636,1,22.0,32,2636
3919470,2636,23,244.0,32,2636
3920138,239,33,419.0,33,239
3920139,239,33,430.0,33,239
3920176,249,32,868.0,32,249
3920177,249,31,575.0,32,249
3920178,249,31,1007.0,32,249
3920181,249,31,304.0,32,249
3920182,249,29,395.0,32,249
3920202,242,32,956.0,32,242
3920203,242,32,1073.0,32,242
3920204,242,32,690.0,32,242
3920206,242,5,5.0,32,242
3920207,242,24,118.0,32,242
3920221,108,2,5.0,30,108
3920222,108,28,694.0,30,108
3920223,108,9,44.0,30,108
3920224,108,29,246.0,30,108
3920225,108,29,831.0,30,108
3920287,2492,32,775.0,32,2492
3920302,2115,19,258.0,29,2115
3920303,2115,28,409.0,29,2115
3920304,2115,23,227.0,29,2115
3920305,2115,27,535.0,29,2115
3921418,113,16,158.0,32,113
3921418,156,0,0.0,1,113
3921424,2046,24,557.0,36,2046
3921425,2046,36,709.0,36,2046
3921426,2046,3,7.0,36,2046
3921427,2046,8,36.0,36,2046
3921428,2046,25,293.0,36,2046
3921429,2046,36,864.0,36,2046
3921430,2046,33,489.0,36,2046
3921435,2142,12,99.0,30,2142
3921436,2142,3,10.0,30,2142
3921437,2142,21,427.0,30,2142
3921438,2142,27,372.0,30,2142
3921439,2142,28,377.0,30,2142
3921440,2142,30,292.0,30,2142
3921447,2916,11,67.0,29,2916
3921448,2916,26,456.0,29,2916
3921450,2916,1,4.0,29,2916
3921511,2065,26,326.0,32,2065
3921512,2065,30,628.0,32,2065
3921513,2065,27,347.0,32,2065
3921514,2065,30,495.0,32,2065
3921515,2065,32,714.0,32,2065
3922028,160,5,29.0,33,160
3922029,160,17,82.0,33,160
3922030,160,23,247.0,33,160
3922031,305,30,860.0,30,305
3922032,305,8,28.0,30,305
3922033,305,4,8.0,30,305
3922034,305,28,430.0,30,305
3922035,305,11,28.0,30,305
3922036,2241,25,274.0,33,2241
3922039,2241,33,523.0,33,2241
3922040,2241,15,105.0,33,2241
3922042,2612,23,118.0,29,2612
3922043,2612,29,497.0,29,2612
3922044,2612,9,64.0,29,2612
3922045,2612,29,973.0,29,2612
3922051,24,28,467.0,30,24
3922052,24,26,205.0,30,24
3922053,24,25,267.0,30,24
3922055,2000,30,883.0,31,2000
3922056,2000,31,673.0,31,2000
3922058,2000,31,640.0,31,2000
3922059,2000,30,250.0,31,2000
3922060,2000,31,354.0,31,2000
3922229,26,22,164.0,32,26
3922230,26,32,1013.0,32,26
3922231,26,29,344.0,32,26
3922232,26,7,13.0,32,26
3922233,265,26,661.0,30,265
3922234,265,19,189.0,30,265
3922235,265,22,190.0,30,265
3922236,265,26,325.0,30,265
3922237,265,24,289.0,30,265
3922238,2534,34,642.0,34,2534
3922239,2534,34,679.0,34,2534
3922241,2534,28,185.0,34,2534
3922242,2534,4,99.0,34,2534
3922243,2534,32,268.0,34,2534
3922244,2534,34,837.0,34,2534
3923213,151,7,43.0,31,151
3923214,151,20,116.0,31,151
3923215,151,30,392.0,31,151
3923216,151,30,843.0,31,151
3923220,276,13,55.0,33,276
3923221,276,17,109.0,33,276
3923222,276,23,199.0,33,276
3923223,276,6,64.0,33,276
3923227,2459,34,543.0,34,2459
3923228,2459,34,626.0,34,2459
3923229,2459,20,179.0,34,2459
3923230,2459,34,591.0,34,2459
3923232,2459,31,588.0,34,2459
3923237,2634,24,298.0,31,2634
3923239,2634,21,163.0,31,2634
3923240,2634,7,117.0,31,2634
3923241,2634,18,106.0,31,2634
3923248,2579,23,136.0,33,2579
3923249,2579,15,107.0,33,2579
3923250,2579,33,633.0,33,2579
3923251,2579,19,132.0,33,2579
3923252,2579,4,8.0,33,2579
3923253,2579,31,415.0,33,2579
3923257,2110,25,196.0,28,2110
3923556,338,8,17.0,31,338
3923557,338,26,411.0,31,338
3923558,338,16,302.0,31,338
3923559,338,15,109.0,31,338
3923560,2908,32,715.0,32,2908
3923562,2908,32,802.0,32,2908
3923564,2908,28,368.0,32,2908
3923565,2908,4,6.0,32,2908
3923566,2908,32,509.0,32,2908
3924447,294,31,716.0,31,294
3924449,294,24,286.0,31,294
3924873,227,29,525.0,32,227
3924874,227,15,110.0,32,227
3924875,227,32,434.0,32,227
3924876,201,33,320.0,36,201
3924877,201,24,189.0,36,201
3924878,201,16,91.0,36,201
3924879,120,30,254.0,35,120
3924880,120,34,771.0,35,120
3924885,2638,33,1053.0,33,2638
3924886,2638,14,50.0,33,2638
3924887,2638,22,241.0,33,2638
3924888,2638,7,21.0,33,2638
3924889,2598,11,85.0,30,2598
3924890,2598,13,53.0,30,2598
3924892,2598,7,13.0,30,2598
3924893,2598,7,11.0,30,2598
3924894,2598,19,429.0,30,2598
3924895,2598,30,684.0,30,2598
3924896,57,36,978.0,36,57
3924898,57,35,403.0,36,57
3924899,57,34,507.0,36,57
3924901,2545,33,714.0,33,2545
3924902,2545,30,456.0,33,2545
3924903,2545,10,239.0,33,2545
3924904,2545,33,591.0,33,2545
3924905,2382,34,277.0,34,2382
3924906,2382,34,823.0,34,2382
3924907,2382,18,97.0,34,2382
3924908,2437,8,114.0,32,2437
3924909,2437,32,482.0,32,2437
3924910,2437,32,1035.0,32,2437
3924911,2437,15,80.0,32,2437
3924913,2501,9,23.0,31,2501
3924913,2502,0,0.0,1,2501
3924914,2501,20,134.0,31,2501
3924914,2502,0,0.0,1,2501
3924915,2501,29,225.0,31,2501
3924915,2502,0,0.0,1,2501
3924916,2501,31,515.0,31,2501
3924916,2502,0,0.0,1,2501
3924918,2501,30,561.0,31,2501
3924918,2502,0,0.0,1,2501
3924919,140,31,607.0,31,140
3924920,140,8,45.0,31,140
3924922,140,23,241.0,31,140
3926491,96,23,210.0,35,96
3928275,2440,38,1118.0,38,2440
3929802,2393,29,253.0,35,2393
3930298,204,2,3.0,23,204
3934619,2132,27,232.0,33,2132
3934621,2132,33,806.0,33,2132
3934622,41,36,836.0,36,41
3934623,41,27,187.0,36,41
3934628,218,29,302.0,32,218
3934629,218,27,330.0,32,218
3934630,218,17,135.0,32,218
3934652,221,29,309.0,32,221
3934655,221,3,27.0,32,221
3934659,183,32,335.0,37,183
3934660,183,3,4.0,37,183
3934661,183,4,5.0,37,183
3934662,183,37,1122.0,37,183
3934663,183,37,1272.0,37,183
3934664,183,3,3.0,37,183
3934665,183,2,2.0,37,183
3934666,183,1,1.0,37,183
3934669,46,32,555.0,32,46
3934670,46,31,680.0,32,46
3934671,46,31,333.0,32,46
3934672,222,39,937.0,39,222
3934673,222,7,55.0,39,222
3934695,147,30,968.0,30,147
3934696,147,27,263.0,30,147
3934697,147,29,306.0,30,147
3934698,147,25,191.0,30,147
3934699,147,30,604.0,30,147
3934701,147,28,626.0,30,147
3934702,147,23,214.0,30,147
3934719,84,34,466.0,35,84
3934721,84,30,273.0,35,84
3934722,84,22,108.0,35,84
3934723,84,35,791.0,35,84
3935012,2294,11,80.0,33,2294
3935014,2294,6,78.0,33,2294
3935016,2294,6,15.0,33,2294
3935017,2294,6,14.0,33,2294
3935018,2294,32,323.0,33,2294
3935019,2294,18,101.0,33,2294
3936018,2174,3,30.0,30,2174
3936019,2174,29,630.0,30,2174
3936020,2174,30,453.0,30,2174
3936026,2368,25,448.0,30,2368
3936027,2368,27,369.0,30,2368
3936028,2368,29,656.0,30,2368
3936029,2368,29,950.0,30,2368
3936030,2368,29,914.0,30,2368
3936065,193,14,195.0,32,193
3936066,193,5,17.0,32,193
3936067,193,32,614.0,32,193
3936068,2005,4,11.0,32,2005
3936069,2005,14,45.0,32,2005
3936070,2005,1,1.0,32,2005
3936071,2005,10,38.0,32,2005
3936074,2005,3,7.0,32,2005
3936075,2005,17,210.0,32,2005
3936076,2005,1,1.0,32,2005
3936079,68,30,369.0,32,68
3936086,328,8,49.0,30,328
3936098,2439,7,39.0,33,2439
3936099,2439,30,646.0,33,2439
3936100,2439,33,534.0,33,2439
3936101,2439,13,85.0,33,2439
3936102,2439,26,680.0,33,2439
3936112,112358,17,86.0,31,112358
3936113,112358,6,12.0,31,112358
3936114,112358,5,55.0,31,112358
3936170,292,2,44.0,29,292
3936171,292,19,208.0,29,292
3936173,292,24,804.0,29,292
3936174,2541,31,958.0,31,2541
3936175,2541,31,600.0,31,2541
3936176,2541,31,377.0,31,2541
3936179,2541,15,74.0,31,2541
3936190,2608,24,71.0,35,2608
3936191,2608,35,349.0,35,2608
3936193,2608,34,592.0,35,2608
3936194,2608,19,65.0,35,2608
3936273,6,33,631.0,33,6
3936274,6,32,392.0,33,6
3936282,2717,25,511.0,33,2717
3936283,2717,32,608.0,33,2717
3936284,2717,8,89.0,33,2717
3936285,2717,29,172.0,33,2717
3936292,8,1,7.0,31,8
3936293,8,31,524.0,31,8
3936294,96,33,1059.0,35,96
3936295,96,9,11.0,35,96
3936296,96,35,543.0,35,96
3936297,96,35,357.0,35,96
3936298,96,22,86.0,35,96
3936299,96,35,1233.0,35,96
3936304,104,24,141.0,34,104
3936305,104,29,848.0,34,104
3936306,104,13,32.0,34,104
3936308,55,17,83.0,29,55
3936310,55,28,368.0,29,55
3936311,55,23,429.0,29,55
3936312,55,19,543.0,29,55
3936313,55,28,830.0,29,55
3936314,55,29,357.0,29,55
3937100,127,23,79.0,34,127
3937101,127,34,631.0,34,127
3937103,127,34,536.0,34,127
3938908,2523,29,880.0,32,2523
3938909,2523,31,519.0,32,2523
3938910,2523,3,7.0,32,2523
3938911,2523,22,240.0,32,2523
3938912,2523,4,9.0,32,2523
3938914,2523,32,803.0,32,2523
3938915,2523,29,862.0,32,2523
3938916,2599,24,511.0,32,2599
3938918,2599,32,938.0,32,2599
3938919,2599,9,39.0,32,2599
3938920,2599,26,609.0,32,2599
3938921,2599,25,585.0,32,2599
3938922,2599,3,49.0,32,2599
3941311,311,24,430.0,30,311
3941312,311,30,721.0,30,311
3941314,311,28,405.0,30,311
3941315,311,6,39.0,30,311
3941316,311,28,507.0,30,311
3941317,311,17,481.0,30,311
3941544,2344,13,286.0,32,2344
3943606,103,23,768.0,32,103
3943607,103,32,608.0,32,103
3943608,103,27,743.0,32,103
3943609,103,7,59.0,32,103
3943610,103,30,499.0,32,103
3943611,103,7,14.0,32,103
3943612,103,27,457.0,32,103
3945563,259,17,124.0,35,259
3945564,259,35,671.0,35,259
3945565,259,7,35.0,35,259
3945566,259,35,811.0,35,259
3945567,259,22,478.0,35,259
3945805,2325,25,268.0,31,2325
3945806,2325,15,85.0,31,2325
3946029,304,30,1075.0,30,304
3946030,304,28,530.0,30,304
3946031,304,4,26.0,30,304
3946032,304,16,381.0,30,304
3946033,304,26,266.0,30,304
3946034,304,30,618.0,30,304
3946035,164,7,197.0,32,164
3946036,164,27,655.0,32,164
3946037,164,27,905.0,32,164
3946039,2239,30,818.0,30,2239
3946040,2239,30,563.0,30,2239
3946041,2239,29,718.0,30,2239
3946042,2239,5,43.0,30,2239
3946044,2463,30,586.0,30,2463
3946045,2463,6,17.0,30,2463
3946046,2463,5,17.0,30,2463
3946947,299,32,647.0,34,299
3946948,299,34,494.0,34,299
3946949,299,6,13.0,34,299
3946959,300,36,352.0,38,300
3946962,27,29,646.0,33,27
3946963,27,22,229.0,33,27
3946964,27,10,71.0,33,27
3946966,27,33,941.0,33,27
3946967,27,31,815.0,33,27
3946968,27,4,14.0,33,27
3946969,27,12,101.0,33,27
3946970,27,33,469.0,33,27
3946971,350,23,204.0,33,350
3946972,350,17,123.0,33,350
3946973,350,33,765.0,33,350
3946974,350,28,264.0,33,350
3946975,2226,32,848.0,32,2226
3946977,2226,32,831.0,32,2226
3946978,2226,29,517.0,32,2226
3946979,2226,10,67.0,32,2226
3946980,2226,12,149.0,32,2226
3946982,2229,30,973.0,31,2229
3946983,2229,31,616.0,31,2229
3946984,2229,23,448.0,31,2229
3946985,2229,31,642.0,31,2229
3946986,2229,27,349.0,31,2229
3946987,2229,25,181.0,31,2229
3946988,2229,3,6.0,31,2229
3946991,2572,28,620.0,29,2572
3946992,2572,29,417.0,29,2572
3946993,2572,29,390.0,29,2572
3946995,2572,29,453.0,29,2572
3946998,2750,32,624.0,34,2750
3946999,2750,20,197.0,34,2750
3947000,2750,4,52.0,34,2750
3947001,2750,22,139.0,34,2750
3947014,2217,28,536.0,33,2217
3947016,2217,33,633.0,33,2217
3947017,2217,29,757.0,33,2217
3947018,2217,31,618.0,33,2217
3947024,2514,4,8.0,29,2514
3947025,2514,29,546.0,29,2514
3947026,2514,24,188.0,29,2514
3947027,2514,29,769.0,29,2514
3947028,2514,29,675.0,29,2514
3947031,2154,24,748.0,31,2154
3947032,2154,31,699.0,31,2154
3947033,2154,28,610.0,31,2154
3947034,2154,30,912.0,31,2154
3947035,2154,9,33.0,31,2154
3947036,2154,31,363.0,31,2154
3947037,2154,27,805.0,31,2154
3947038,2154,18,151.0,31,2154
3947039,2154,16,147.0,31,2154
3947040,50,28,632.0,28,50
3947041,50,28,793.0,28,50
3947042,50,18,313.0,28,50
3947043,50,27,427.0,28,50
3947045,47,8,28.0,31,47
3947046,47,4,8.0,31,47
3947047,47,17,134.0,31,47
3947048,2379,14,141.0,32,2379
3947049,2379,29,636.0,32,2379
3947050,2379,9,33.0,32,2379
3947051,2379,20,353.0,32,2379
3947053,2379,32,424.0,32,2379
3947054,2379,31,176.0,32,2379
3947055,2450,28,318.0,33,2450
3947056,2450,33,544.0,33,2450
3947057,2450,32,515.0,33,2450
3947058,2450,33,554.0,33,2450
3947059,2450,13,25.0,33,2450
3947060,2450,23,105.0,33,2450
3947061,2569,32,907.0,32,2569
3947062,2569,30,242.0,32,2569
3947064,2569,5,23.0,32,2569
3947066,151,3,3.0,31,151
3947067,235,10,27.0,34,235
3947068,235,22,189.0,34,235
3947070,235,9,22.0,34,235
3947071,58,7,17.0,33,58
3947073,245,37,673.0,37,245
3947074,245,37,755.0,37,245
3947075,245,8,79.0,10,245
3947076,245,8,9.0,37,245
3947077,245,10,14.0,37,245
3947078,245,36,820.0,37,245
3947080,2320,29,576.0,30,2320
3947081,2320,29,734.0,30,2320
3947084,2320,30,540.0,30,2320
3947085,2320,16,85.0,30,2320
3947086,2320,8,45.0,30,2320
3947087,2320,22,139.0,30,2320
3947120,2803,30,921.0,30,2803
3947121,2803,16,49.0,30,2803
3947122,2803,29,964.0,30,2803
3947125,252,35,1108.0,36,252
3947127,252,20,138.0,36,252
3947128,252,34,694.0,36,252
3947129,252,16,51.0,36,252
3947136,2250,11,20.0,36,2250
3947140,2390,8,13.0,34,2390
3947144,153,12,15.0,40,153
3947149,153,16,19.0,40,153
3947150,152,13,57.0,33,152
3947151,152,33,1102.0,33,152
3947152,87,1,1.0,36,87
3947153,221,7,11.0,32,221
3947155,258,8,12.0,36,258
3947175,2197,27,674.0,30,2197
3947176,2197,30,848.0,30,2197
3947177,2197,30,629.0,30,2197
3947178,2197,30,357.0,30,2197
3947179,2197,8,26.0,30,2197
3947180,2197,30,497.0,30,2197
3947181,2197,19,238.0,30,2197
3947182,2197,13,65.0,30,2197
3947184,2377,28,690.0,28,2377
3947187,2377,27,834.0,28,2377
3947188,2377,28,490.0,28,2377
3947189,2377,21,153.0,28,2377
3947190,326,31,442.0,31,326
3947191,326,10,37.0,31,326
3947192,326,28,254.0,31,326
3947193,326,13,60.0,31,326
3947194,326,18,99.0,31,326
3947195,326,31,250.0,31,326
3947196,326,29,620.0,31,326
3947198,2885,4,16.0,35,2885
3947199,2885,7,17.0,35,2885
3947201,2885,3,5.0,35,2885
3947202,2885,7,23.0,35,2885
3947203,2885,34,408.0,35,2885
3947204,56,14,68.0,33,56
3947205,56,6,17.0,33,56
3947209,2168,1,1.0,33,2168
3947210,2168,1,1.0,33,2168
3947213,2184,1,1.0,33,2184
3947214,2244,31,907.0,31,2244
3947231,179,1,1.0,31,179
3947237,66,6,14.0,35,66
3947238,66,13,40.0,35,66
3947239,66,6,9.0,35,66
3947243,2305,9,20.0,38,2305
3947244,2628,21,118.0,33,2628
3947245,2628,30,852.0,33,2628
3947246,2628,33,720.0,33,2628
3947247,2628,33,640.0,33,2628
3947248,251,33,439.0,33,251
3947249,251,33,673.0,33,251
3947250,251,33,595.0,33,251
3947251,2641,5,8.0,31,2641
3947252,2641,9,23.0,31,2641
3947253,2641,5,11.0,30,2641
3947254,2641,25,314.0,31,2641
3947255,277,28,232.0,34,277
3947256,277,1,3.0,34,277
3947257,277,33,595.0,34,277
3947450,253,3,5.0,29,253
3947451,253,24,151.0,29,253
3947452,253,28,259.0,29,253
3947453,253,23,193.0,29,253
3947454,253,8,21.0,29,253
3947456,2752,4,6.0,33,2752
3947457,2752,3,3.0,33,2752
3947462,2464,1,1.0,29,2464
3947464,120,8,14.0,35,120
3947465,120,9,17.0,35,120
3947519,2,5,9.0,30,2
3947520,57,5,5.0,36,57
3947521,145,10,26.0,31,145
3947671,116,30,687.0,33,116
3947674,2529,27,867.0,30,2529
3947675,2529,1,2.0,30,2529
3947676,2529,19,140.0,30,2529
3947677,2529,30,677.0,30,2529
3947678,2466,24,235.0,28,2466
3947679,2466,28,240.0,28,2466
3947680,2466,28,703.0,28,2466
3947681,2466,10,22.0,28,2466
3947683,2466,27,308.0,28,2466
3947686,2466,5,6.0,28,2466
3947687,2010,27,469.0,28,2010
3947689,2010,17,245.0,28,2010
3947690,2010,13,72.0,28,2010
3947692,2011,24,296.0,31,2011
3947693,2011,3,7.0,31,2011
3947694,2011,8,57.0,31,2011
3947696,2011,24,256.0,31,2011
3947698,2016,25,234.0,30,2016
3947699,2016,14,104.0,30,2016
3947700,2016,30,552.0,30,2016
3947701,2016,27,258.0,30,2016
3947702,2016,12,40.0,30,2016
3947703,2755,25,617.0,31,2755
3947704,2755,31,590.0,31,2755
3947705,2755,31,915.0,31,2755
3947707,2755,27,426.0,31,2755
3947708,2755,22,655.0,31,2755
3947710,2755,16,133.0,31,2755
3947713,2547,32,1032.0,32,2547
3947714,2547,13,263.0,32,2547
3947716,2547,23,339.0,32,2547
3947717,2547,15,128.0,32,2547
3947718,2692,4,22.0,35,2692
3947731,2272,8,18.0,32,2272
3947732,2272,7,9.0,32,2272
3947733,2335,17,143.0,31,2335
3947734,2335,31,953.0,31,2335
3947735,2335,21,249.0,31,2335
3947736,2335,31,624.0,31,2335
3947741,2506,2,5.0,31,2506
3947743,77,7,12.0,31,77
3947763,194,6,12.0,34,194
3947773,213,1,1.0,31,213
3947774,275,3,3.0,34,275
3948024,13,29,582.0,30,13
3948040,62,4,7.0,34,62
3948041,62,31,428.0,34,62
3948122,48,11,23.0,29,48
3948123,2182,5,7.0,31,2182
3948124,2182,6,12.0,31,2182
3948125,2210,28,153.0,32,2210
3948126,2210,31,699.0,32,2210
3948127,2210,15,92.0,32,2210
3948128,2210,26,473.0,32,2210
3948129,2210,31,872.0,32,2210
3948131,111,14,93.0,32,111
3948132,111,32,673.0,32,111
3948133,111,9,60.0,32,111
3948134,111,19,333.0,32,111
3948135,111,19,104.0,32,111
3948136,2934,9,16.0,32,2934
3948137,2130,29,416.0,32,2130
3948138,2130,31,643.0,32,2130
3948139,2130,20,304.0,32,2130
3948140,2130,6,13.0,32,2130
3948143,2348,10,20.0,33,2348
3948144,295,38,585.0,38,295
3948147,98,4,13.0,34,98
3948148,98,4,13.0,34,98
3948150,9,7,13.0,32,9
3948151,9,4,6.0,32,9
3948152,38,5,7.0,33,38
3948153,2483,37,958.0,37,2483
3948154,2483,2,5.0,37,2483
3948158,325,14,193.0,32,325
3948159,325,16,237.0,32,325
3948162,2174,5,14.0,30,2174
3948163,2739,14,81.0,36,2739
3948164,2739,28,324.0,36,2739
3948165,2739,35,523.0,36,2739
3948166,2739,36,962.0,36,2739
3948168,94,3,3.0,30,94
3948605,171,30,323.0,34,171
3948606,171,3,14.0,34,171
3948607,171,33,477.0,34,171
3948608,171,4,5.0,34,171
3948609,171,11,59.0,34,171
3948613,108,2,5.0,30,108
3948616,43,7,22.0,30,43
3948617,2542,31,805.0,31,2542
3948618,2542,31,917.0,31,2542
3948619,2542,16,143.0,31,2542
3948620,2542,20,244.0,31,2542
3948621,2542,30,336.0,31,2542
3948622,2542,31,477.0,31,2542
3948624,2542,27,312.0,31,2542
3948625,2542,6,14.0,31,2542
3948627,2542,27,305.0,31,2542
3948628,2504,7,56.0,30,2504
3948629,2504,30,807.0,30,2504
3948630,2504,6,38.0,30,2504
3948631,2504,1,1.0,30,2504
3948632,2504,12,135.0,30,2504
3948633,2504,30,776.0,30,2504
3948635,2504,27,408.0,30,2504
3948639,344,6,9.0,30,344
3948640,344,8,14.0,30,344
3948641,344,7,14.0,30,344
3948643,2633,4,8.0,34,2633
3948644,140,31,1018.0,31,140
3948645,140,29,242.0,31,140
3948646,140,31,381.0,31,140
3948647,3084,3,63.0,29,3084
3948648,3084,26,558.0,29,3084
3948650,3084,26,696.0,29,3084
3948651,3084,26,349.0,29,3084
3948698,314,29,313.0,32,314
3948700,314,31,482.0,32,314
3948701,314,30,563.0,32,314
3948702,314,10,23.0,32,314
3948704,2363,5,48.0,31,2363
3948705,2363,18,81.0,31,2363
3948706,2363,31,824.0,31,2363
3948707,2363,1,1.0,18,2363
3948708,2368,8,16.0,30,2368
3948709,2368,8,24.0,30,2368
3948710,2405,24,130.0,36,2405
3948711,2405,1,1.0,36,2405
3948714,2405,36,346.0,36,2405
3948715,315,32,613.0,32,315
3948726,2612,2,2.0,29,2612
3948727,2169,9,106.0,31,2169
3948728,2169,30,926.0,31,2169
3948729,2169,28,385.0,31,2169
3948730,2169,9,77.0,31,2169
3948731,2169,29,389.0,31,2169
3948732,2169,27,407.0,31,2169
3948734,50,1,1.0,28,50
3948735,50,18,269.0,28,50
3948736,2415,30,556.0,30,2415
3948737,2415,24,565.0,30,2415
3948738,2415,1,4.0,30,2415
3948740,2448,21,115.0,32,2448
3948758,2428,22,312.0,31,2428
3948759,2428,16,81.0,31,2428
3948761,2084,3,6.0,35,2084
3948763,2084,20,167.0,35,2084
3948765,2199,16,71.0,32,2199
3948770,71,6,34.0,31,71
3948774,2181,30,305.0,31,2181
3948775,2181,30,491.0,31,2181
3948776,2181,29,289.0,31,2181
3948778,79,4,9.0,32,79
3948779,79,11,38.0,32,79
3948780,79,6,12.0,31,79
3948781,68,22,154.0,32,68
3948786,278,6,12.0,35,278
3948787,2440,4,11.0,38,2440
3948788,2440,8,25.0,38,2440
3948789,167,3,4.0,32,167
3948790,167,10,75.0,30,167
3948791,21,24,230.0,37,21
3948793,2115,18,346.0,29,2115
3948794,2115,29,1023.0,29,2115
3948795,2115,22,240.0,29,2115
3948796,2115,2,12.0,29,2115
3948797,161,33,435.0,33,161
3948799,112358,1,2.0,31,112358
3948800,2597,32,542.0,32,2597
3948801,2597,15,71.0,32,2597
3948802,2597,7,26.0,32,2597
3948803,2597,7,30.0,32,2597
3948816,44,29,438.0,31,44
3948820,2142,1,1.0,30,2142
3948821,349,9,47.0,33,349
3948822,349,2,5.0,33,349
3948826,349,33,403.0,33,349
3948827,349,6,24.0,33,349
3948828,349,33,294.0,33,349
3948830,349,33,388.0,33,349
3948832,107,11,14.0,35,107
3948833,107,11,16.0,35,107
3948834,2426,9,40.0,33,2426
3948835,2426,12,49.0,33,2426
3948837,2426,2,5.0,33,2426
3948839,2426,2,3.0,33,2426
3948845,2329,9,19.0,32,2329
3948846,2352,5,7.0,30,2352
3948847,2643,1,11.0,32,2643
3948848,2193,9,34.0,35,2193
3948849,2193,10,44.0,35,2193
3948851,2430,5,8.0,34,2430
3948852,2430,2,5.0,34,2430
3948853,2430,34,965.0,34,2430
3948854,2430,27,525.0,34,2430
3948857,2678,28,445.0,30,2678
3948858,2678,30,584.0,30,2678
3948859,2678,6,13.0,30,2678
3948860,2678,10,45.0,30,2678
3948862,2198,1,2.0,30,2198
3948863,2198,15,150.0,30,2198
3948865,2277,7,21.0,34,2277
3948866,2277,2,8.0,34,2277
3948868,2447,34,526.0,34,2447
3948870,2447,34,824.0,34,2447
3948872,2447,3,3.0,34,2447
3949188,2400,30,869.0,35,2400
3949189,2400,24,186.0,35,2400
3949190,2400,34,680.0,35,2400
3949191,2400,34,699.0,35,2400
3949192,2400,34,809.0,35,2400
3949194,2400,13,225.0,35,2400
3949195,2400,7,34.0,35,2400
3949196,2400,10,43.0,35,2400
3949197,2400,16,132.0,35,2400
3949201,2026,1,1.0,30,2026
3949201,2046,0,0.0,1,2026
3949202,2026,24,222.0,30,2026
3949202,2046,0,0.0,1,2026
3949203,2026,30,515.0,30,2026
3949203,2046,0,0.0,1,2026
3949204,2026,2,4.0,30,2026
3949204,2046,0,0.0,1,2026
3949205,2026,30,567.0,30,2026
3949205,2046,0,0.0,1,2026
3949206,2026,30,362.0,30,2026
3949206,2046,0,0.0,1,2026
3949207,2026,30,757.0,30,2026
3949207,2046,0,0.0,1,2026
3949210,2032,28,234.0,31,2032
3949211,2032,26,828.0,31,2032
3949212,2247,3,3.0,30,2247
3949213,309,9,35.0,33,309
3949214,250,18,128.0,34,250
3949215,250,34,860.0,34,250
3949217,250,34,446.0,34,250
3949218,250,33,373.0,34,250
3949220,2653,29,403.0,31,2653
3949222,2031,1,1.0,35,2031
3949222,2634,0,0.0,1,2031
3949223,2031,3,12.0,35,2031
3949223,2634,0,0.0,1,2031
3949224,2031,18,94.0,35,2031
3949224,2634,0,0.0,1,2031
3949228,279,5,20.0,28,279
3949229,279,3,11.0,28,279
3949230,2492,1,16.0,32,2492
3949231,2492,8,38.0,32,2492
3949233,2539,4,11.0,30,2539
3949234,2539,6,12.0,30,2539
3949235,2029,32,565.0,32,2029
3949236,2029,16,259.0,32,2029
3949237,2029,32,497.0,32,2029
3949238,2029,30,646.0,32,2029
3949239,2029,14,253.0,32,2029
3949240,2029,18,191.0,32,2029
3949244,2296,34,1038.0,35,2296
3949245,2296,1,2.0,35,2296
3949246,2296,1,3.0,35,2296
3949249,2296,31,317.0,35,2296
3949375,2640,21,317.0,32,2640
3950374,151,6,14.0,31,151
3950377,158,8,28.0,34,158
3950378,275,2,2.0,34,275
3950379,2011,6,9.0,31,2011
3950381,198,3,10.0,30,198
3951204,84,6,9.0,35,84
3951208,261,33,452.0,37,261
3951217,2415,23,319.0,30,2415
3951237,2561,8,15.0,33,2561
3951246,2335,8,23.0,31,2335
3951247,2550,8,14.0,33,2550
3951250,2523,3,7.0,18,2523
3951282,2599,6,20.0,32,2599
3951293,236,3,14.0,34,236
3951322,2448,9,48.0,15,2448
3951367,2546,22,285.0,29,2546
3951368,2172,1,1.0,30,2172
3951371,270,3,12.0,29,270
3951372,41,9,13.0,36,41
3951376,2710,3,9.0,27,2710
3951377,2710,3,9.0,27,2710
3951396,24,4,7.0,30,24
3951397,24,1,4.0,30,24
3951398,24,2,6.0,30,24
3951411,2545,6,10.0,33,2545
3951427,2099,33,536.0,33,2099
3951432,8,1,1.0,31,8
3951434,2603,2,2.0,36,2603
3951440,2640,3,4.0,32,2640
3951441,197,4,5.0,31,197
3951442,197,1,1.0,31,197
3951475,2636,9,61.0,32,2636
3951476,2350,5,18.0,30,2350
3951490,2097,4,9.0,30,2097
3951492,2097,1,1.0,30,2097
3951501,2464,2,9.0,29,2464
3951548,2542,9,92.0,31,2542
3951554,2539,3,5.0,30,2539
3951577,2065,2,12.0,32,2065
3951578,2065,1,13.0,1,2065
3951584,357,5,36.0,33,357
3951592,2483,3,8.0,20,2483
3951609,2916,29,436.0,29,2916
3951624,2169,29,569.0,31,2169
3951625,290,4,8.0,30,290
3951674,2678,3,6.0,30,2678
3951675,2597,4,4.0,32,2597
3951724,294,2,4.0,31,294
3951740,103,2,7.0,23,103
3951741,103,2,7.0,32,103
3951746,526,11,23.0,35,526
3951747,526,4,8.0,33,526
3951748,526,10,20.0,35,526
3951750,195,6,7.0,34,195
3951763,2649,7,20.0,32,2649
3951874,2261,12,78.0,31,2261
3951875,2261,20,111.0,31,2261
3951876,2261,9,30.0,31,2261
3951877,2261,12,79.0,31,2261
3951878,2261,28,321.0,31,2261
3951879,2261,31,398.0,31,2261
3951921,2619,3,11.0,33,2619
3951966,2230,2,4.0,31,2230
3951973,50,8,15.0,28,50
3951974,50,23,645.0,28,50
3951993,2006,4,13.0,35,2006
3952314,12,6,16.0,33,12
3952932,13,1,1.0,28,13
3954042,2117,8,13.0,31,2117
3954512,2,1,2.0,9,2
3955137,2640,26,881.0,26,2640
3956319,292,4,7.0,22,292
3956443,24,3,6.0,23,24
3956756,2230,1,1.0,22,2230
3957059,290,2,5.0,24,290
3957062,2598,17,152.0,22,2598
3957631,2681,8,12.0,25,2681
3957703,2466,7,15.0,20,2466
3957722,227,3,3.0,20,227
3957775,2363,1,6.0,22,2363
3957795,2717,2,3.0,24,2717
3958177,2117,1,1.0,23,2117
3959803,245,8,36.0,26,245
3959965,3084,1,5.0,16,3084
3960222,2567,2,3.0,17,2567
3960223,2567,3,6.0,17,2567
3960228,127,2,3.0,20,127
3960336,2514,1,1.0,16,2514
3960429,113,2,3.0,17,113
3960715,84,3,4.0,18,84
3960729,2545,5,7.0,16,2545
3961485,113,6,11.0,15,113
3968835,219,1,1.0,4,219
3968836,219,1,1.0,4,219
3974421,2755,1,38.0,2,2755
