athlete_id,team_id,games_with_positive_minutes,captured_game_records,captured_team_games,percentage_of_captured_team_games
4665,2029,20,32,32,62.5
27670,2130,24,32,32,75.0
40988,252,34,35,35,97.14285714285714
41005,24,9,37,37,24.324324324324323
41690,252,23,35,35,65.71428571428571
45582,292,3,31,31,9.67741935483871
45623,2026,29,29,29,100.0
45756,2711,34,34,34,100.0
45802,252,35,35,35,100.0
45809,254,24,35,35,68.57142857142857
46006,245,33,33,33,100.0
46078,264,27,31,31,87.09677419354838
46126,2241,35,35,35,100.0
46225,2011,29,29,29,100.0
46583,116,30,30,30,100.0
48699,254,34,35,35,97.14285714285714
51005,2803,30,31,31,96.7741935483871
51018,2057,33,33,33,100.0
51019,288,31,31,31,100.0
51021,2057,33,33,33,100.0
51024,2547,33,34,34,97.05882352941177
51032,235,31,32,32,96.875
51033,299,32,33,33,96.96969696969697
51035,265,31,31,31,100.0
51036,2413,5,34,34,14.705882352941176
51038,2,35,35,35,100.0
51040,152,36,36,36,100.0
51053,2459,27,30,30,90.0
51057,2199,35,35,35,100.0
51059,2608,31,31,31,100.0
51060,66,33,34,34,97.05882352941177
51062,2247,35,35,35,100.0
51063,2084,33,33,33,100.0
51066,2,35,35,35,100.0
51070,2507,32,34,34,94.11764705882354
51076,2608,31,31,31,100.0
51079,2567,10,34,34,29.41176470588235
51085,302,28,32,32,87.5
51095,2197,15,33,33,45.45454545454545
51096,2450,32,34,34,94.11764705882354
51100,189,33,33,33,100.0
51108,2309,34,35,35,97.14285714285714
51111,249,31,31,31,100.0
51112,2628,33,33,33,100.0
51123,113,32,32,32,100.0
51124,61,31,33,33,93.93939393939394
51128,2934,33,33,33,100.0
51143,94,30,30,30,100.0
51148,2351,26,31,31,83.87096774193549
51150,2351,30,31,31,96.7741935483871
51155,2275,34,34,34,100.0
51168,2,26,35,35,74.28571428571429
51169,2390,31,38,38,81.57894736842105
51171,2458,30,30,30,100.0
51174,221,14,34,34,41.1764705882353
51175,221,26,34,34,76.47058823529412
51178,2502,29,29,29,100.0
51179,2501,16,33,33,48.484848484848484
51183,2502,19,29,29,65.51724137931035
51194,2529,32,32,32,100.0
51196,2529,32,32,32,100.0
51198,301,31,31,31,100.0
51203,2226,18,28,28,64.28571428571429
51206,302,32,32,32,100.0
51207,2439,33,33,33,100.0
51208,2541,2,31,32,6.25
51231,2628,29,33,33,87.87878787878788
51243,2239,31,31,31,100.0
51244,2547,34,34,34,100.0
51248,2612,34,34,34,100.0
51255,2640,35,35,35,100.0
51262,2439,32,33,33,96.96969696969697
51263,36,33,34,34,97.05882352941177
51269,41,9,29,35,25.714285714285715
51271,57,31,33,33,93.93939393939394
51272,120,27,35,35,77.14285714285714
51276,59,31,31,31,100.0
51278,2199,35,35,35,100.0
51279,12,38,38,38,100.0
51289,2545,30,32,32,93.75
51291,98,32,32,32,100.0
51295,158,17,31,31,54.83870967741935
51296,2277,28,28,28,100.0
51298,2344,31,34,34,91.17647058823529
51306,222,36,36,36,100.0
51307,299,31,33,33,93.93939393939394
51309,269,28,32,32,87.5
51311,46,33,33,33,100.0
51314,275,38,40,40,95.0
51315,275,40,40,40,100.0
51316,103,32,32,32,100.0
51317,194,21,35,35,60.0
51319,46,33,33,33,100.0
51326,238,34,34,35,97.14285714285714
51327,238,23,35,35,65.71428571428571
51333,2571,35,35,35,100.0
51336,77,21,32,32,65.625
51340,227,33,33,33,100.0
51346,156,32,33,33,96.96969696969697
51352,21,33,36,36,91.66666666666667
51360,2608,30,31,31,96.7741935483871
51361,24,37,37,37,100.0
51364,24,37,37,37,100.0
51371,152,27,36,36,75.0
51373,103,18,32,32,56.25
51374,87,38,38,38,100.0
51376,302,32,32,32,100.0
51377,302,31,32,32,96.875
51378,16,33,33,33,100.0
51380,2674,11,34,34,32.35294117647059
51386,59,31,31,31,100.0
51389,2239,31,31,31,100.0
51396,526,23,33,33,69.6969696969697
51397,2197,31,33,33,93.93939393939394
51398,2428,33,33,33,100.0
51401,2247,28,35,35,80.0
51403,2168,36,36,36,100.0
51407,2649,33,33,33,100.0
51414,250,31,31,31,100.0
51415,195,29,30,30,96.66666666666667
51421,265,31,31,31,100.0
51425,2065,31,32,32,96.875
51426,140,32,33,33,96.96969696969697
51428,2031,31,31,31,100.0
51438,2636,30,30,30,100.0
51448,13,29,29,29,100.0
51449,277,30,35,35,85.71428571428571
51452,2473,32,33,33,96.96969696969697
51457,2535,32,32,32,100.0
51460,2306,29,32,32,90.625
51462,113,32,32,32,100.0
51464,2253,32,32,32,100.0
51469,2520,27,33,33,81.81818181818181
51473,2750,29,31,31,93.54838709677419
51483,249,27,31,31,87.09677419354838
51485,2934,33,33,33,100.0
51491,309,27,36,36,75.0
51492,197,29,32,32,90.625
51509,2363,33,33,33,100.0
51513,356,33,33,33,100.0
51517,8,35,36,36,97.22222222222223
51519,248,15,32,32,46.875
51527,2253,29,32,32,90.625
51528,2582,35,35,35,100.0
51529,2272,32,33,33,96.96969696969697
51536,135,31,33,33,93.93939393939394
51539,135,33,33,33,100.0
51552,2097,28,32,32,87.5
51555,2483,36,36,36,100.0
51556,2405,33,33,33,100.0
51557,2193,6,30,30,20.0
51559,119,30,32,32,93.75
51562,2378,20,30,30,66.66666666666667
51563,21,20,36,36,55.55555555555556
51564,2443,24,29,29,82.75862068965517
51567,2751,34,35,35,97.14285714285714
51575,2546,22,30,30,73.33333333333333
51580,526,31,33,33,93.93939393939394
51583,156,33,33,33,100.0
51590,2460,35,35,35,100.0
51591,2460,15,35,35,42.857142857142854
51609,2692,30,30,30,100.0
51624,142,32,32,32,100.0
51634,2174,33,33,33,100.0
51635,2752,37,37,37,100.0
51649,43,32,32,32,100.0
51650,77,23,32,32,71.875
51654,2754,32,32,32,100.0
51660,2031,30,31,31,96.7741935483871
51665,2065,31,32,32,96.875
51670,252,33,35,35,94.28571428571429
51671,252,29,35,35,82.85714285714286
51690,2142,33,33,33,100.0
51691,236,20,32,32,62.5
51692,155,19,30,30,63.333333333333336
51693,2458,8,30,30,26.666666666666668
51694,2565,26,28,28,92.85714285714286
51696,171,26,28,28,92.85714285714286
51697,242,32,32,32,100.0
51699,2803,31,31,31,100.0
51708,2198,32,33,33,96.96969696969697
51719,120,35,35,35,100.0
51722,290,25,30,31,80.64516129032258
51723,290,31,31,31,100.0
51729,161,29,29,29,100.0
51741,2459,30,30,30,100.0
51743,282,31,31,31,100.0
51744,270,30,30,30,100.0
51758,154,32,32,32,100.0
51761,2046,16,30,30,53.333333333333336
51762,2352,30,30,30,100.0
51765,2649,33,33,33,100.0
51771,2382,35,35,35,100.0
51781,270,10,30,30,33.333333333333336
51786,36,31,34,34,91.17647058823529
51793,2463,33,33,33,100.0
51798,44,21,33,33,63.63636363636363
51805,166,22,34,34,64.70588235294117
51807,2239,28,31,31,90.3225806451613
51808,2193,23,30,30,76.66666666666667
51809,261,26,34,34,76.47058823529412
51810,2464,37,38,38,97.36842105263158
51813,2168,8,36,36,22.22222222222222
51814,56,28,31,31,90.3225806451613
51815,2473,33,33,33,100.0
51816,103,32,32,32,100.0
51817,295,35,35,35,100.0
51829,261,31,34,34,91.17647058823529
51844,27,23,31,31,74.19354838709677
51850,2547,34,34,34,100.0
51853,2565,28,28,28,100.0
51857,2127,30,31,31,96.7741935483871
51880,111,35,35,35,100.0
51895,145,34,34,34,100.0
51901,145,34,34,34,100.0
51926,2458,30,30,30,100.0
51927,302,32,32,32,100.0
51928,21,36,36,36,100.0
51930,82,30,34,34,88.23529411764706
51940,2754,26,32,32,81.25
51962,2050,22,30,30,73.33333333333333
51999,2934,27,33,33,81.81818181818181
52004,2463,32,33,33,96.96969696969697
52005,301,31,31,31,100.0
52013,2097,32,32,32,100.0
52036,225,25,31,31,80.64516129032258
52044,2154,18,31,31,58.064516129032256
52046,47,31,32,32,96.875
52049,290,31,31,31,100.0
52060,2142,25,33,33,75.75757575757575
52064,25,33,33,33,100.0
52066,2166,17,32,32,53.125
52069,2506,31,32,32,96.875
52074,2169,32,36,36,88.88888888888889
52078,2612,25,34,34,73.52941176470588
52084,2181,28,31,31,90.3225806451613
52087,356,24,33,33,72.72727272727273
52092,2739,33,33,33,100.0
52094,2379,28,33,33,84.84848484848484
52103,2612,34,34,34,100.0
52106,2229,33,33,33,100.0
52113,2261,26,27,35,74.28571428571429
52114,108,10,30,30,33.333333333333336
52116,2065,16,32,32,50.0
52125,9,33,34,34,97.05882352941177
52132,2065,26,32,32,81.25
52137,2502,28,29,29,96.55172413793103
52152,2582,30,35,35,85.71428571428571
52154,55,30,31,31,96.7741935483871
52166,2520,33,33,33,100.0
52181,309,6,36,36,16.666666666666668
52195,2413,31,34,34,91.17647058823529
52199,149,28,33,33,84.84848484848484
52205,6,33,33,33,100.0
52223,2377,31,31,31,100.0
52281,253,29,29,29,100.0
52287,2198,32,33,33,96.96969696969697
52289,2870,28,31,31,90.3225806451613
52293,2635,29,30,30,96.66666666666667
52299,119,23,32,32,71.875
52310,295,35,35,35,100.0
52343,2535,32,32,32,100.0
52355,44,32,33,33,96.96969696969697
52363,2229,28,33,33,84.84848484848484
52370,2542,17,30,31,54.83870967741935
52426,2199,35,35,35,100.0
52441,2608,31,31,31,100.0
52456,2226,13,28,28,46.42857142857143
52462,2582,24,35,35,68.57142857142857
52465,2545,32,32,32,100.0
52483,47,19,32,32,59.375
52532,2029,28,32,32,87.5
52541,3084,30,30,30,100.0
52545,3084,21,30,30,70.0
52547,147,30,30,30,100.0
52582,300,25,34,34,73.52941176470588
52718,163,11,30,30,36.666666666666664
52938,218,15,37,37,40.54054054054054
52942,161,29,29,29,100.0
52978,218,27,37,37,72.97297297297297
53012,2572,29,29,29,100.0
53020,2413,34,34,34,100.0
53035,526,15,33,33,45.45454545454545
53106,314,33,35,35,94.28571428571429
53149,213,34,34,34,100.0
53178,2440,30,31,31,96.7741935483871
54467,50,25,29,29,86.20689655172414
54580,2065,27,32,32,84.375
54759,2507,19,34,34,55.88235294117647
54868,2016,23,32,32,71.875
54909,2710,27,28,28,96.42857142857143
55925,314,9,19,35,25.714285714285715
55958,2430,3,33,33,9.090909090909092
55973,2427,19,31,31,61.29032258064516
56113,150,39,39,39,100.0
56114,57,23,33,33,69.6969696969697
56115,183,30,31,31,96.7741935483871
56116,150,39,39,39,100.0
56117,164,28,32,32,87.5
56118,2460,35,35,35,100.0
56119,258,34,34,34,100.0
56120,258,33,34,34,97.05882352941177
56121,71,17,33,33,51.515151515151516
56123,252,34,35,35,97.14285714285714
56124,2803,12,31,31,38.70967741935484
56126,42,26,30,30,86.66666666666667
56127,42,27,30,30,90.0
56128,42,30,30,30,100.0
56129,2026,29,29,29,100.0
56130,42,30,30,30,100.0
56131,42,30,30,30,100.0
56132,42,29,30,30,96.66666666666667
56133,2619,26,35,35,74.28571428571429
56135,235,31,32,32,96.875
56137,2184,30,31,31,96.7741935483871
56138,315,24,30,30,80.0
56139,227,33,33,33,100.0
56140,277,35,35,35,100.0
56141,139,27,32,32,84.375
56142,2752,37,37,37,100.0
56143,2752,37,37,37,100.0
56144,120,28,35,35,80.0
56145,2057,22,33,33,66.66666666666667
56146,526,33,33,33,100.0
56148,526,32,33,33,96.96969696969697
56149,2046,23,30,30,76.66666666666667
56151,288,14,31,31,45.16129032258065
56152,2306,29,32,32,90.625
56153,288,25,31,31,80.64516129032258
56155,2382,32,35,35,91.42857142857143
56160,324,6,34,34,17.647058823529413
56163,2229,33,33,33,100.0
56164,2306,32,32,32,100.0
56166,2390,32,38,38,84.21052631578948
56167,269,31,32,32,96.875
56169,269,32,32,32,100.0
56170,87,38,38,38,100.0
56171,213,16,34,34,47.05882352941177
56174,2217,25,31,31,80.64516129032258
56175,356,19,27,33,57.57575757575758
56178,2550,26,31,31,83.87096774193549
56179,2550,30,31,31,96.7741935483871
56180,2182,30,30,30,100.0
56181,222,35,36,36,97.22222222222223
56182,2579,33,33,33,100.0
56183,2567,24,34,34,70.58823529411765
56185,139,32,32,32,100.0
56187,331,33,34,34,97.05882352941177
56188,331,31,34,34,91.17647058823529
56197,27,11,31,31,35.483870967741936
56206,193,32,32,32,100.0
56209,99,33,33,33,100.0
56210,2427,29,31,31,93.54838709677419
56211,2427,30,31,31,96.7741935483871
56212,2678,28,30,30,93.33333333333333
56213,2464,38,38,38,100.0
56214,2678,30,30,30,100.0
56215,2678,30,30,30,100.0
56216,2737,32,32,32,100.0
56219,2737,32,32,32,100.0
56221,2086,32,34,34,94.11764705882354
56223,2752,37,37,37,100.0
56226,77,31,32,32,96.875
56227,77,32,32,32,100.0
56228,2174,31,33,33,93.93939393939394
56230,2539,32,32,32,100.0
56231,325,34,34,34,100.0
56232,213,34,34,34,100.0
56235,2026,27,29,29,93.10344827586206
56236,13,27,29,29,93.10344827586206
56240,299,33,33,33,100.0
56242,2229,33,33,33,100.0
56245,2428,28,33,33,84.84848484848484
56246,2016,30,32,32,93.75
56248,2261,19,35,35,54.285714285714285
56250,2344,8,8,34,23.529411764705884
56252,314,35,35,35,100.0
56254,2405,33,33,33,100.0
56255,2261,32,35,35,91.42857142857143
56257,2729,22,33,33,66.66666666666667
56258,2729,33,33,33,100.0
56259,2546,28,30,30,93.33333333333333
56260,248,32,32,32,100.0
56262,248,31,32,32,96.875
56263,201,35,35,35,100.0
56264,526,30,33,33,90.9090909090909
56265,222,36,36,36,100.0
56266,242,32,32,32,100.0
56268,242,32,32,32,100.0
56269,227,31,33,33,93.93939393939394
56270,2097,32,32,32,100.0
56272,2116,29,30,30,96.66666666666667
56274,2638,33,33,33,100.0
56275,2638,33,33,33,100.0
56280,2638,30,33,33,90.9090909090909
56281,2638,33,33,33,100.0
56282,292,30,31,31,96.7741935483871
56285,270,30,30,30,100.0
56286,38,31,34,34,91.17647058823529
56289,21,35,36,36,97.22222222222223
56294,9,34,34,34,100.0
56296,338,31,32,32,96.875
56297,338,27,32,32,84.375
56298,116,14,30,30,46.666666666666664
56299,2086,34,34,34,100.0
56300,2086,19,34,34,55.88235294117647
56301,2086,34,34,34,100.0
56302,2086,34,34,34,100.0
56303,156,33,33,33,100.0
56304,156,28,33,33,84.84848484848484
56305,156,31,33,33,93.93939393939394
56306,2640,32,35,35,91.42857142857143
56311,2450,34,34,34,100.0
56312,2230,31,31,31,100.0
56314,171,27,28,28,96.42857142857143
56318,171,22,28,28,78.57142857142857
56321,399,24,33,33,72.72727272727273
56323,399,33,33,33,100.0
56326,172,30,30,30,100.0
56327,172,30,30,30,100.0
56328,172,25,30,30,83.33333333333333
56329,172,16,30,30,53.333333333333336
56330,172,30,30,30,100.0
56331,172,23,30,30,76.66666666666667
56333,44,33,33,33,100.0
56334,43,32,32,32,100.0
56335,2026,4,29,29,13.793103448275861
56336,43,32,32,32,100.0
56338,43,30,32,32,93.75
56343,339,34,36,36,94.44444444444444
56349,61,33,33,33,100.0
56351,2244,18,31,31,58.064516129032256
56355,2250,38,38,38,100.0
56356,197,32,32,32,100.0
56362,309,34,36,36,94.44444444444444
56363,344,32,32,32,100.0
56364,2630,34,34,34,100.0
56365,2393,36,36,36,100.0
56368,2507,34,34,34,100.0
56369,2460,35,35,35,100.0
56370,270,26,30,30,86.66666666666667
56371,2460,35,35,35,100.0
56372,2197,27,33,33,81.81818181818181
56373,2460,35,35,35,100.0
56374,2460,35,35,35,100.0
56375,2520,30,33,33,90.9090909090909
56379,2309,34,35,35,97.14285714285714
56380,2546,26,30,30,86.66666666666667
56382,2006,34,35,35,97.14285714285714
56384,2006,1,35,35,2.857142857142857
56388,189,32,33,33,96.96969696969697
56389,189,5,33,33,15.151515151515152
56390,2166,32,32,32,100.0
56392,2649,33,33,33,100.0
56393,2253,32,32,32,100.0
56395,2084,33,33,33,100.0
56397,2711,28,34,34,82.3529411764706
56400,140,8,33,33,24.242424242424242
56401,2565,28,28,28,100.0
56402,71,25,33,33,75.75757575757575
56405,250,22,31,31,70.96774193548387
56406,2287,33,35,35,94.28571428571429
56407,2567,34,34,34,100.0
56408,84,34,34,34,100.0
56409,282,31,31,31,100.0
56411,282,30,31,31,96.7741935483871
56413,36,32,34,34,94.11764705882354
56416,195,29,30,30,96.66666666666667
56419,2724,34,35,35,97.14285714285714
56422,2724,31,35,35,88.57142857142857
56423,2437,20,29,29,68.96551724137932
56424,167,31,31,31,100.0
56425,300,27,34,34,79.41176470588235
56427,26,12,36,36,33.333333333333336
56431,257,35,35,35,100.0
56432,257,35,35,35,100.0
56433,2197,31,33,33,93.93939393939394
56435,257,27,35,35,77.14285714285714
56436,2199,29,35,35,82.85714285714286
56438,2751,34,35,35,97.14285714285714
56440,2751,31,35,35,88.57142857142857
56441,2529,32,32,32,100.0
56443,2598,23,32,32,71.875
56445,2598,31,32,32,96.875
56446,2598,32,32,32,100.0
56447,2598,32,32,32,100.0
56449,2681,29,30,30,96.66666666666667
56450,2681,25,30,30,83.33333333333333
56453,2198,33,33,33,100.0
56456,2198,32,33,33,96.96969696969697
56458,2545,25,32,32,78.125
56459,93,30,35,35,85.71428571428571
56460,27,31,31,31,100.0
56462,25,30,33,33,90.9090909090909
56465,25,33,33,33,100.0
56466,24,37,37,37,100.0
56471,2636,8,30,30,26.666666666666668
56472,2277,27,28,28,96.42857142857143
56474,2413,31,34,34,91.17647058823529
56476,107,30,30,30,100.0
56477,107,30,30,30,100.0
56478,107,30,30,30,100.0
56480,2426,15,32,32,46.875
56483,2426,21,32,32,65.625
56487,2261,35,35,35,100.0
56489,2633,32,32,32,100.0
56490,258,34,34,34,100.0
56496,94,10,30,30,33.333333333333336
56497,309,35,36,36,97.22222222222223
56498,236,29,32,32,90.625
56499,236,32,32,32,100.0
56507,2717,31,32,32,96.875
56509,2747,35,35,35,100.0
56510,2747,32,35,35,91.42857142857143
56513,350,16,32,32,50.0
56514,2747,35,35,35,100.0
56518,2447,29,29,29,100.0
56521,2504,32,33,33,96.96969696969697
56523,2466,24,32,32,75.0
56527,2466,32,32,32,100.0
56528,357,2,34,34,5.882352941176471
56530,357,34,34,34,100.0
56535,2428,25,33,33,75.75757575757575
56539,2413,15,34,34,44.11764705882353
56542,85,31,31,31,100.0
56543,2473,33,33,33,100.0
56549,2571,12,35,35,34.285714285714285
56550,2571,33,35,35,94.28571428571429
56553,155,27,30,30,90.0
56554,198,34,34,34,100.0
56559,2710,16,28,28,57.142857142857146
56560,2172,30,30,30,100.0
56561,2172,28,30,30,93.33333333333333
56563,239,33,34,34,97.05882352941177
56564,2172,30,30,30,100.0
56568,233,33,33,33,100.0
56569,305,32,32,32,100.0
56572,249,31,31,31,100.0
56573,98,4,32,32,12.5
56574,113,32,32,32,100.0
56576,98,24,32,32,75.0
56577,325,34,34,34,100.0
56578,98,32,32,32,100.0
56579,98,32,32,32,100.0
56584,23,9,30,30,30.0
56589,2501,25,33,33,75.75757575757575
56590,2501,33,33,33,100.0
56591,2502,3,29,29,10.344827586206897
56593,301,30,31,31,96.7741935483871
56594,301,31,31,31,100.0
56595,301,6,31,31,19.35483870967742
56598,2181,31,31,31,100.0
56599,2541,32,32,32,100.0
56601,2541,32,32,32,100.0
56602,2504,32,33,33,96.96969696969697
56604,3084,29,30,30,96.66666666666667
56605,328,31,31,31,100.0
56606,328,9,31,31,29.032258064516128
56611,233,23,33,33,69.6969696969697
56612,142,23,32,32,71.875
56618,2065,28,32,32,87.5
56620,103,29,32,32,90.625
56622,2181,31,31,31,100.0
56625,103,26,32,32,81.25
56626,103,3,32,32,9.375
56627,103,31,32,32,96.875
56628,103,32,32,32,100.0
56629,218,27,37,37,72.97297297297297
56630,228,31,31,31,100.0
56632,93,35,35,35,100.0
56633,2429,13,32,32,40.625
56634,41,34,35,35,97.14285714285714
56644,71,31,33,33,93.93939393939394
56645,305,32,32,32,100.0
56647,79,24,33,33,72.72727272727273
56648,356,33,33,33,100.0
56650,278,17,32,32,53.125
56653,2305,35,36,36,97.22222222222223
56655,2350,37,37,37,100.0
56656,2350,36,37,37,97.29729729729729
56661,2393,36,36,36,100.0
56663,2885,33,33,33,100.0
56665,2885,33,33,33,100.0
56666,2210,32,33,33,96.96969696969697
56667,2210,20,33,33,60.60606060606061
56668,2210,33,33,33,100.0
56669,2174,33,33,33,100.0
56671,9,13,34,34,38.23529411764706
56672,130,30,32,32,93.75
56675,198,6,34,34,17.647058823529413
56676,2623,29,31,31,93.54838709677419
56678,2623,29,31,31,93.54838709677419
56679,2405,33,33,33,100.0
56681,2405,29,33,33,87.87878787878788
56682,2142,33,33,33,100.0
56683,2275,34,34,34,100.0
56686,2449,33,33,33,100.0
56687,2449,31,33,33,93.93939393939394
56691,195,30,30,30,100.0
56692,194,35,35,35,100.0
56694,194,35,35,35,100.0
56695,194,35,35,35,100.0
56696,194,33,35,35,94.28571428571429
56703,2523,21,35,35,60.0
56704,151,12,33,33,36.36363636363637
56707,57,28,33,33,84.84848484848484
56708,164,30,32,32,93.75
56709,164,24,32,32,75.0
56710,164,32,32,32,100.0
56711,164,32,32,32,100.0
56712,221,27,34,34,79.41176470588235
56716,16,33,33,33,100.0
56718,326,30,31,31,96.7741935483871
56721,2547,8,34,34,23.529411764705884
56724,2567,34,34,34,100.0
56726,245,31,33,33,93.93939393939394
56727,2567,34,34,34,100.0
56728,147,30,30,30,100.0
56731,179,30,31,31,96.7741935483871
56732,2603,31,31,31,100.0
56734,2599,30,33,33,90.9090909090909
56735,245,33,33,33,100.0
56741,2655,31,31,31,100.0
56742,2565,26,28,28,92.85714285714286
56743,2655,31,31,31,100.0
56744,333,19,34,34,55.88235294117647
56748,2250,38,38,38,100.0
56749,119,32,32,32,100.0
56752,5,36,36,36,100.0
56753,259,13,32,33,39.39393939393939
56755,57,28,33,33,84.84848484848484
56756,259,25,33,33,75.75757575757575
56758,2603,31,31,31,100.0
56759,277,32,35,35,91.42857142857143
56760,2006,33,35,35,94.28571428571429
56761,113,32,32,32,100.0
56762,2473,33,33,33,100.0
56763,8,15,36,36,41.666666666666664
56765,275,14,40,40,35.0
56766,2571,26,35,35,74.28571428571429
56767,275,21,40,40,52.5
56768,2294,34,34,34,100.0
56769,275,39,40,40,97.5
56771,2046,30,30,30,100.0
56774,2099,33,33,33,100.0
56777,2099,33,33,33,100.0
56778,2117,30,32,32,93.75
56780,139,32,32,32,100.0
56782,2674,33,34,34,97.05882352941177
56783,2429,32,32,32,100.0
56784,2429,32,32,32,100.0
56785,2429,32,32,32,100.0
56794,245,21,33,33,63.63636363636363
56795,52,33,33,33,100.0
56796,151,33,33,33,100.0
56797,2250,38,38,38,100.0
56798,2250,38,38,38,100.0
56799,2250,38,38,38,100.0
56801,301,27,31,31,87.09677419354838
56802,201,35,35,35,100.0
56804,62,6,34,35,17.142857142857142
56806,2325,30,33,33,90.9090909090909
56807,2325,33,33,33,100.0
56808,2325,33,33,33,100.0
56810,82,34,34,34,100.0
56811,82,33,34,34,97.05882352941177
56817,2459,30,30,30,100.0
56818,265,31,31,31,100.0
56819,305,5,32,32,15.625
56821,2540,33,33,33,100.0
56822,2540,32,33,33,96.96969696969697
56824,2540,26,33,33,78.78787878787878
56825,2193,30,30,30,100.0
56827,2193,30,30,30,100.0
56829,2653,29,29,29,100.0
56830,2539,24,32,32,75.0
56831,2635,30,30,30,100.0
56832,158,30,31,31,96.7741935483871
56833,264,31,31,31,100.0
56834,149,32,33,33,96.96969696969697
56835,264,21,31,31,67.74193548387096
56840,2084,31,33,33,93.93939393939394
56842,2130,31,32,32,96.875
56843,2643,30,30,30,100.0
56845,45,35,35,35,100.0
56849,56,31,31,31,100.0
56854,160,32,32,32,100.0
56856,163,14,30,30,46.666666666666664
56858,163,30,30,30,100.0
56860,2534,35,35,35,100.0
56863,2534,35,35,35,100.0
56867,2534,35,35,35,100.0
56868,2750,31,31,31,100.0
56871,2750,8,31,31,25.806451612903224
56875,2083,34,34,34,100.0
56877,2083,31,34,34,91.17647058823529
56878,295,35,35,35,100.0
56883,2643,27,30,30,90.0
56884,2643,30,30,30,100.0
56887,2643,30,30,30,100.0
56890,2628,17,33,33,51.515151515151516
56891,225,30,31,31,96.7741935483871
56894,225,7,31,31,22.580645161290324
56898,2182,29,30,30,96.66666666666667
56899,2182,27,30,30,90.0
56901,151,22,33,33,66.66666666666667
56903,325,34,34,34,100.0
56904,325,31,34,34,91.17647058823529
56906,2382,35,35,35,100.0
56908,46,33,33,33,100.0
56910,46,33,33,33,100.0
56912,2348,36,36,36,100.0
56913,2348,36,36,36,100.0
56914,2348,36,36,36,100.0
56915,3084,30,30,30,100.0
56916,249,28,31,31,90.3225806451613
56917,145,24,34,34,70.58823529411765
56919,145,33,34,34,97.05882352941177
56920,145,34,34,34,100.0
56923,97,36,36,36,100.0
56924,2250,27,38,38,71.05263157894737
56926,2247,35,35,35,100.0
56927,2377,31,31,31,100.0
56929,2377,31,31,31,100.0
56930,2377,31,31,31,100.0
56932,2174,33,33,33,100.0
56933,127,35,39,39,89.74358974358974
56934,127,39,39,39,100.0
56936,2529,31,32,32,96.875
56938,2275,26,34,34,76.47058823529412
56940,149,33,33,33,100.0
56949,2050,20,30,30,66.66666666666667
56950,2132,34,34,34,100.0
56951,2132,34,34,34,100.0
56953,2132,2,33,34,5.882352941176471
56954,2132,34,34,34,100.0
56955,2539,24,32,32,75.0
56956,305,32,32,32,100.0
56959,2539,15,32,32,46.875
56963,153,9,38,38,23.68421052631579
56964,153,20,38,38,52.63157894736842
56966,153,27,38,38,71.05263157894737
56970,2458,29,30,30,96.66666666666667
56972,357,34,34,34,100.0
56976,2539,32,32,32,100.0
56977,2539,32,32,32,100.0
56978,2539,16,32,32,50.0
56979,2546,30,30,30,100.0
56983,2294,34,34,34,100.0
56984,2294,33,34,34,97.05882352941177
56985,2294,34,34,34,100.0
56992,2617,34,34,34,100.0
56994,2617,34,34,34,100.0
56996,183,31,31,31,100.0
56997,183,31,31,31,100.0
56998,2670,20,36,36,55.55555555555556
56999,2520,33,33,33,100.0
57000,2670,33,36,36,91.66666666666667
57001,2670,33,36,36,91.66666666666667
57003,2535,28,32,32,87.5
57008,233,33,33,33,100.0
57022,2599,33,33,33,100.0
57024,2599,33,33,33,100.0
57027,2599,33,33,33,100.0
57029,278,15,31,32,46.875
57030,197,31,32,32,96.875
57031,2546,30,30,30,100.0
57034,235,27,32,32,84.375
57036,238,6,35,35,17.142857142857142
57037,26,13,36,36,36.111111111111114
57039,2329,7,30,30,23.333333333333332
57041,26,36,36,36,100.0
57042,2754,32,32,32,100.0
57047,2349,27,29,29,93.10344827586206
57048,111,35,35,35,100.0
57049,111,32,35,35,91.42857142857143
57052,2250,18,38,38,47.36842105263158
57053,202,34,34,34,100.0
57054,202,34,34,34,100.0
57055,232,10,33,33,30.303030303030305
57056,2142,33,33,33,100.0
57060,198,28,34,34,82.3529411764706
57061,228,31,31,31,100.0
57062,252,9,35,35,25.714285714285715
57067,47,18,31,32,56.25
57068,47,30,32,32,93.75
57073,2430,19,33,33,57.57575757575758
57078,2066,10,32,32,31.25
57083,2005,19,31,31,61.29032258064516
57084,2545,30,32,32,93.75
57085,2005,25,31,31,80.64516129032258
57086,2005,31,31,31,100.0
57088,2005,11,31,31,35.483870967741936
57089,2005,25,31,31,80.64516129032258
57090,2628,28,33,33,84.84848484848484
57091,8,36,36,36,100.0
57092,2305,19,36,36,52.77777777777778
57097,2031,31,31,31,100.0
57102,2031,15,31,31,48.38709677419355
57107,189,25,33,33,75.75757575757575
57110,2454,35,35,35,100.0
57114,135,33,33,33,100.0
57116,166,34,34,34,100.0
57118,155,29,30,30,96.66666666666667
57120,166,22,34,34,64.70588235294117
57121,2239,21,31,31,67.74193548387096
57122,248,31,32,32,96.875
57125,350,32,32,32,100.0
57126,350,32,32,32,100.0
57127,350,28,32,32,87.5
57129,259,33,33,33,100.0
57130,350,32,32,32,100.0
57135,2459,27,30,30,90.0
57136,66,32,34,34,94.11764705882354
57139,204,30,31,31,96.7741935483871
57140,2599,18,33,33,54.54545454545455
57141,264,14,31,31,45.16129032258065
57143,338,20,32,32,62.5
57144,58,32,32,32,100.0
57146,2415,10,31,31,32.25806451612903
57147,2597,35,35,35,100.0
57148,2597,26,35,35,74.28571428571429
57149,2597,35,35,35,100.0
57150,2597,35,35,35,100.0
57151,2379,33,33,33,100.0
57156,2459,29,30,30,96.66666666666667
57157,2739,14,33,33,42.42424242424242
57158,2739,33,33,33,100.0
57159,2739,33,33,33,100.0
57160,2628,33,33,33,100.0
57161,2916,21,29,29,72.41379310344827
57165,2230,31,31,31,100.0
57168,2569,28,33,33,84.84848484848484
57171,333,33,34,34,97.05882352941177
57174,152,35,36,36,97.22222222222223
57175,333,31,34,34,91.17647058823529
57176,333,34,34,34,100.0
57179,68,7,34,34,20.58823529411765
57180,68,33,34,34,97.05882352941177
57181,3084,24,30,30,80.0
57182,68,19,34,34,55.88235294117647
57183,68,32,34,34,94.11764705882354
57184,68,31,34,34,91.17647058823529
57185,2507,34,34,34,100.0
57192,2630,13,34,34,38.23529411764706
57193,2630,7,34,34,20.58823529411765
57196,68,18,34,34,52.94117647058823
57198,338,32,32,32,100.0
57204,2239,31,31,31,100.0
57206,250,10,31,31,32.25806451612903
57216,326,29,31,31,93.54838709677419
57218,2329,29,30,30,96.66666666666667
57219,2329,25,30,30,83.33333333333333
57221,2329,7,30,30,23.333333333333332
57240,135,33,33,33,100.0
57243,2413,32,34,34,94.11764705882354
57248,2306,32,32,32,100.0
57250,311,8,30,30,26.666666666666668
57252,311,28,30,30,93.33333333333333
57254,2870,6,31,31,19.35483870967742
57255,2870,31,31,31,100.0
57259,2870,31,31,31,100.0
57260,2325,33,33,33,100.0
57262,48,23,30,30,76.66666666666667
57264,48,24,30,30,80.0
57266,2565,28,28,28,100.0
57272,2473,33,33,33,100.0
57273,108,30,30,30,100.0
57274,108,30,30,30,100.0
57276,108,30,30,30,100.0
57277,108,23,30,30,76.66666666666667
57278,108,24,30,30,80.0
57281,2352,30,30,30,100.0
57283,2430,33,33,33,100.0
57292,2641,13,32,32,40.625
57293,61,31,33,33,93.93939393939394
57294,2641,32,32,32,100.0
57297,2641,29,32,32,90.625
57298,227,33,33,33,100.0
57299,155,29,30,30,96.66666666666667
57301,158,31,31,31,100.0
57305,232,32,33,33,96.96969696969697
57306,232,21,33,33,63.63636363636363
57308,232,26,33,33,78.78787878787878
57309,2169,36,36,36,100.0
57312,2169,34,36,36,94.44444444444444
57324,70,30,30,30,100.0
57329,2320,9,30,30,30.0
57330,276,30,32,32,93.75
57333,276,29,32,32,90.625
57334,116,24,30,30,80.0
57338,2908,35,35,36,97.22222222222223
57340,2908,34,35,36,94.44444444444444
57342,2582,35,35,35,100.0
57343,2908,36,36,36,100.0
57344,304,24,30,30,80.0
57345,300,34,34,34,100.0
57346,300,34,34,34,100.0
57347,300,12,34,34,35.294117647058826
57349,300,33,34,34,97.05882352941177
57350,300,34,34,34,100.0
57357,2344,17,34,34,50.0
57358,2368,17,32,32,53.125
57359,2368,30,32,32,93.75
57361,2368,32,32,32,100.0
57362,71,30,33,33,90.9090909090909
57363,2226,28,28,28,100.0
57364,218,36,37,37,97.29729729729729
57367,324,34,34,34,100.0
57369,2277,28,28,28,100.0
57373,2277,28,28,28,100.0
57374,155,30,30,30,100.0
57383,2363,32,33,33,96.96969696969697
57384,2363,32,33,33,96.96969696969697
57385,45,27,34,35,77.14285714285714
57386,2363,31,33,33,93.93939393939394
57389,112358,30,30,30,100.0
57390,2450,10,34,34,29.41176470588235
57391,2450,33,34,34,97.05882352941177
57398,2197,33,33,33,100.0
57400,155,29,30,30,96.66666666666667
57401,155,10,30,30,33.333333333333336
57402,2239,31,31,31,100.0
57403,278,32,32,32,100.0
57404,2390,38,38,38,100.0
57405,218,35,37,37,94.5945945945946
57406,251,32,34,34,94.11764705882354
57408,2550,29,31,31,93.54838709677419
57409,2428,33,33,33,100.0
57410,85,31,31,31,100.0
57413,2674,34,34,34,100.0
57414,2241,35,35,35,100.0
57416,2115,2,31,31,6.451612903225806
57425,231,14,33,33,42.42424242424242
57426,13,29,29,29,100.0
57428,2029,31,32,32,96.875
57436,2011,29,29,29,100.0
57440,302,31,32,32,96.875
57441,2934,33,33,33,100.0
57442,2127,31,31,31,100.0
57444,2127,31,31,31,100.0
57445,2127,31,31,31,100.0
57447,2296,26,32,32,81.25
57454,2561,30,31,31,96.7741935483871
57457,2561,28,31,31,90.3225806451613
57459,294,10,32,32,31.25
57460,94,28,30,30,93.33333333333333
57463,2320,30,30,30,100.0
57465,322,17,33,33,51.515151515151516
57466,322,32,33,33,96.96969696969697
57467,322,33,33,33,100.0
57468,322,33,33,33,100.0
57475,2724,35,35,35,100.0
57483,27,30,31,31,96.7741935483871
57486,167,29,31,31,93.54838709677419
57489,2154,31,31,31,100.0
57490,2154,13,31,31,41.935483870967744
57496,2447,27,29,29,93.10344827586206
57502,55,29,31,31,93.54838709677419
57509,85,29,31,31,93.54838709677419
57512,2309,35,35,35,100.0
57518,116,10,30,30,33.333333333333336
57519,116,30,30,30,100.0
57523,349,7,30,30,23.333333333333332
57524,349,30,30,30,100.0
57525,349,17,30,30,56.666666666666664
57541,2437,22,29,29,75.86206896551724
57599,2430,29,33,33,87.87878787878788
57664,2253,32,32,32,100.0
57666,2110,29,29,29,100.0
57680,2582,32,35,35,91.42857142857143
57685,2241,35,35,35,100.0
57686,2870,30,31,31,96.7741935483871
57697,2437,29,29,29,100.0
57789,2534,35,35,35,100.0
57790,2640,32,35,35,91.42857142857143
57798,2463,33,33,33,100.0
57806,2352,9,30,30,30.0
57807,2325,25,33,33,75.75757575757575
57816,2603,22,31,31,70.96774193548387
57817,2885,33,33,33,100.0
57821,218,12,37,37,32.432432432432435
57824,2306,13,32,32,40.625
57826,197,20,32,32,62.5
57837,2127,30,31,31,96.7741935483871
57844,2142,33,33,33,100.0
57926,2294,9,34,34,26.470588235294116
57928,127,12,39,39,30.76923076923077
57929,135,14,33,33,42.42424242424242
58169,2515,34,34,34,100.0
58170,2515,34,34,34,100.0
58171,2261,35,35,35,100.0
58172,2515,34,34,34,100.0
58173,2515,34,34,34,100.0
58174,2515,34,34,34,100.0
58421,156,11,33,33,33.333333333333336
58422,159,22,29,29,75.86206896551724
58426,159,29,29,29,100.0
58429,85,30,31,31,96.7741935483871
58430,2166,32,32,32,100.0
58436,2241,19,35,35,54.285714285714285
58438,2244,4,31,31,12.903225806451612
58439,2244,30,31,31,96.7741935483871
58440,2244,26,31,31,83.87096774193549
58443,2247,35,35,35,100.0
58447,2272,33,33,33,100.0
58448,2272,32,33,33,96.96969696969697
58449,2272,5,33,33,15.151515151515152
58454,107,16,30,30,53.333333333333336
58466,2545,23,32,32,71.875
58469,2504,29,33,33,87.87878787878788
58472,2751,22,35,35,62.857142857142854
58481,2335,7,32,32,21.875
58483,2335,32,32,32,100.0
58484,2335,32,32,32,100.0
58486,288,30,31,31,96.7741935483871
58490,2350,12,37,37,32.432432432432435
58491,2678,28,30,30,93.33333333333333
58493,2382,35,35,35,100.0
58495,193,32,32,32,100.0
58496,2439,7,33,33,21.21212121212121
58504,2415,31,31,31,100.0
58507,2426,26,32,32,81.25
58508,2426,27,32,32,84.375
58512,2275,34,34,34,100.0
58703,219,26,28,28,92.85714285714286
58704,219,27,28,28,96.42857142857143
58710,2523,31,35,35,88.57142857142857
58714,23,27,30,30,90.0
58718,2523,27,35,35,77.14285714285714
58728,2460,35,35,35,100.0
58730,2634,31,31,31,100.0
58750,302,5,32,32,15.625
58756,2016,30,32,32,93.75
58813,2506,30,32,32,93.75
59126,2437,27,29,29,93.10344827586206
59162,2344,10,34,34,29.41176470588235
59220,2514,30,30,30,100.0
59221,2514,30,30,30,100.0
59223,2514,30,30,30,100.0
59224,2514,30,30,30,100.0
59287,193,8,32,32,25.0
59340,2571,29,35,35,82.85714285714286
59920,2565,28,28,28,100.0
60059,294,32,32,32,100.0
60095,2504,33,33,33,100.0
60157,147,30,30,30,100.0
60196,2504,33,33,33,100.0
60204,2130,21,32,32,65.625
60379,258,11,34,34,32.35294117647059
60679,2016,26,32,32,81.25
60715,158,30,31,31,96.7741935483871
60784,2169,31,36,36,86.11111111111111
60801,2711,6,34,34,17.647058823529413
60839,127,29,39,39,74.35897435897436
60861,2368,13,32,32,40.625
60891,189,14,33,33,42.42424242424242
60966,259,25,33,33,75.75757575757575
60976,57,33,33,33,100.0
61010,2065,18,21,32,56.25
61017,12,12,38,38,31.57894736842105
61143,333,14,34,34,41.1764705882353
61155,103,32,32,32,100.0
61157,41,33,35,35,94.28571428571429
61160,154,32,32,32,100.0
61161,154,32,32,32,100.0
61162,154,32,32,32,100.0
61163,154,20,32,32,62.5
61164,154,25,32,32,78.125
61167,104,30,30,30,100.0
61168,104,29,30,30,96.66666666666667
61169,104,30,30,30,100.0
61172,311,30,30,30,100.0
61173,311,29,30,30,96.66666666666667
61175,2184,31,31,31,100.0
61177,264,27,31,31,87.09677419354838
61178,45,35,35,35,100.0
61179,45,35,35,35,100.0
61180,45,35,35,35,100.0
61181,45,35,35,35,100.0
61183,257,35,35,35,100.0
61184,2097,18,32,32,56.25
61185,257,35,35,35,100.0
61186,2674,24,34,34,70.58823529411765
61189,2752,36,37,37,97.29729729729729
61190,2752,37,37,37,100.0
61192,193,31,32,32,96.875
61194,338,32,32,32,100.0
61195,338,32,32,32,100.0
61197,2382,29,35,35,82.85714285714286
61199,326,30,31,31,96.7741935483871
61200,2454,35,35,35,100.0
61201,2229,32,33,33,96.96969696969697
61202,2454,21,35,35,60.0
61203,2454,31,35,35,88.57142857142857
61206,56,26,31,31,83.87096774193549
61208,66,3,13,34,8.823529411764707
61210,315,24,30,30,80.0
61211,66,34,34,34,100.0
61212,66,34,34,34,100.0
61213,164,15,30,32,46.875
61216,2428,33,33,33,100.0
61217,269,32,32,32,100.0
61219,221,34,34,34,100.0
61220,221,34,34,34,100.0
61222,147,30,30,30,100.0
61224,147,3,29,30,10.0
61225,147,30,30,30,100.0
61231,2692,30,30,30,100.0
61233,2692,30,30,30,100.0
61239,2415,30,31,31,96.7741935483871
61240,2272,30,33,33,90.9090909090909
61241,2272,33,33,33,100.0
61242,2272,31,33,33,93.93939393939394
61249,2506,23,32,32,71.875
61250,2506,12,32,32,37.5
61252,294,18,32,32,56.25
61258,2427,29,31,31,93.54838709677419
61259,2427,22,31,31,70.96774193548387
61260,2427,11,31,31,35.483870967741936
61263,356,14,33,33,42.42424242424242
61264,135,33,33,33,100.0
61267,77,32,32,32,100.0
61268,77,32,32,32,100.0
61269,2550,9,31,31,29.032258064516128
61270,213,34,34,34,100.0
61272,213,32,34,34,94.11764705882354
61273,2509,34,34,34,100.0
61274,2509,34,34,34,100.0
61278,275,40,40,40,100.0
61279,275,35,40,40,87.5
61281,13,29,29,29,100.0
61284,13,24,29,29,82.75862068965517
61286,299,33,33,33,100.0
61287,239,23,34,34,67.6470588235294
61289,279,6,31,31,19.35483870967742
61293,302,32,32,32,100.0
61298,2247,4,35,35,11.428571428571429
61299,2247,35,35,35,100.0
61300,2247,33,35,35,94.28571428571429
61301,2247,35,35,35,100.0
61303,2309,30,35,35,85.71428571428571
61304,2572,6,7,29,20.689655172413794
61307,256,33,33,33,100.0
61309,256,12,33,33,36.36363636363637
61310,256,19,33,33,57.57575757575758
61315,119,32,32,32,100.0
61316,2729,31,33,33,93.93939393939394
61317,2729,32,33,33,96.96969696969697
61319,248,32,32,32,100.0
61321,245,26,33,33,78.78787878787878
61324,276,31,32,32,96.875
61327,276,32,32,32,100.0
61328,235,30,32,32,93.75
61330,338,22,32,32,68.75
61331,242,32,32,32,100.0
61338,2572,27,29,29,93.10344827586206
61339,2572,23,29,29,79.3103448275862
61342,2572,22,29,29,75.86206896551724
61343,2655,31,31,31,100.0
61344,2655,31,31,31,100.0
61345,526,33,33,33,100.0
61348,202,34,34,34,100.0
61349,202,34,34,34,100.0
61350,202,34,34,34,100.0
61351,202,34,34,34,100.0
61353,2116,30,30,30,100.0
61355,2116,29,30,30,96.66666666666667
61356,2116,30,30,30,100.0
61358,2630,34,34,34,100.0
61360,2628,33,33,33,100.0
61362,2638,27,33,33,81.81818181818181
61365,2739,33,33,33,100.0
61366,2739,33,33,33,100.0
61371,2350,37,37,37,100.0
61372,2350,35,36,37,94.5945945945946
61380,2750,16,31,31,51.61290322580645
61381,160,25,32,32,78.125
61394,225,30,31,31,96.7741935483871
61398,172,11,30,30,36.666666666666664
61399,108,30,30,30,100.0
61400,108,21,30,30,70.0
61403,108,28,30,30,93.33333333333333
61405,43,32,32,32,100.0
61406,43,31,32,32,96.875
61407,43,6,32,32,18.75
61409,2099,24,33,33,72.72727272727273
61411,314,34,35,35,97.14285714285714
61413,314,7,35,35,20.0
61414,314,34,35,35,97.14285714285714
61416,257,35,35,35,100.0
61418,2520,33,33,33,100.0
61421,2520,33,33,33,100.0
61423,2520,32,33,33,96.96969696969697
61425,2561,31,31,31,100.0
61426,2561,6,31,31,19.35483870967742
61427,2415,31,31,31,100.0
61428,2415,31,31,31,100.0
61430,2006,34,35,35,97.14285714285714
61431,2006,35,35,35,100.0
61433,2050,30,30,30,100.0
61434,179,31,31,31,100.0
61436,2050,4,30,30,13.333333333333334
61437,189,33,33,33,100.0
61438,189,31,33,33,93.93939393939394
61440,2084,29,33,33,87.87878787878788
61444,2649,14,33,33,42.42424242424242
61445,2649,33,33,33,100.0
61446,2711,34,34,34,100.0
61447,2711,10,34,34,29.41176470588235
61448,2711,14,34,34,41.1764705882353
61450,2711,32,34,34,94.11764705882354
61451,2711,28,34,34,82.3529411764706
61453,2711,32,34,34,94.11764705882354
61454,71,31,33,33,93.93939393939394
61456,325,33,34,34,97.05882352941177
61457,156,20,33,33,60.60606060606061
61459,294,32,32,32,100.0
61462,135,33,33,33,100.0
61463,2184,31,31,31,100.0
61465,2181,28,31,31,90.3225806451613
61467,282,31,31,31,100.0
61469,2199,34,35,35,97.14285714285714
61470,282,31,31,31,100.0
61474,2623,14,19,31,45.16129032258065
61475,2623,26,31,31,83.87096774193549
61477,79,33,33,33,100.0
61479,79,31,33,33,93.93939393939394
61480,79,32,33,33,96.96969696969697
61481,36,34,34,34,100.0
61482,2239,19,31,31,61.29032258064516
61484,2509,34,34,34,100.0
61488,278,32,32,32,100.0
61489,140,29,33,33,87.87878787878788
61490,264,19,29,31,61.29032258064516
61491,2440,30,31,31,96.7741935483871
61495,167,31,31,31,100.0
61497,21,36,36,36,100.0
61498,21,30,36,36,83.33333333333333
61499,21,36,36,36,100.0
61500,2751,35,35,35,100.0
61501,2751,35,35,35,100.0
61503,2751,35,35,35,100.0
61504,2751,15,34,35,42.857142857142854
61506,233,22,33,33,66.66666666666667
61507,161,28,29,29,96.55172413793103
61508,161,23,29,29,79.3103448275862
61513,2405,33,33,33,100.0
61515,2634,17,31,31,54.83870967741935
61516,116,27,30,30,90.0
61518,324,34,34,34,100.0
61522,2529,5,32,32,15.625
61523,2547,9,34,34,26.470588235294116
61525,2529,32,32,32,100.0
61527,2598,30,32,32,93.75
61528,2598,32,32,32,100.0
61530,2598,29,32,32,90.625
61534,104,30,30,30,100.0
61537,2046,30,30,30,100.0
61539,2057,30,33,33,90.9090909090909
61540,2057,26,33,33,78.78787878787878
61541,2057,31,33,33,93.93939393939394
61546,56,31,31,31,100.0
61548,12,38,38,38,100.0
61549,12,17,38,38,44.73684210526316
61551,12,21,38,38,55.26315789473684
61552,12,38,38,38,100.0
61553,12,37,38,38,97.36842105263158
61554,9,34,34,34,100.0
61558,8,36,36,36,100.0
61560,8,36,36,36,100.0
61562,8,36,36,36,100.0
61563,2344,33,34,34,97.05882352941177
61564,2325,33,33,33,100.0
61565,526,27,33,33,81.81818181818181
61566,2,34,35,35,97.14285714285714
61569,239,34,34,34,100.0
61570,248,19,32,32,59.375
61572,239,33,34,34,97.05882352941177
61573,30,32,32,32,100.0
61576,2429,32,32,32,100.0
61577,2429,27,32,32,84.375
61578,41,28,35,35,80.0
61579,41,34,35,35,97.14285714285714
61581,2172,29,30,30,96.66666666666667
61582,2172,25,30,30,83.33333333333333
61583,2172,29,30,30,96.66666666666667
61585,150,20,21,39,51.282051282051285
61586,150,39,39,39,100.0
61587,57,26,33,33,78.78787878787878
61589,2429,32,32,32,100.0
61591,52,33,33,33,100.0
61592,52,28,33,33,84.84848484848484
61593,52,33,33,33,100.0
61595,2582,31,35,35,88.57142857142857
61596,52,33,33,33,100.0
61597,52,6,33,33,18.181818181818183
61601,2230,31,31,31,100.0
61602,61,31,33,33,93.93939393939394
61603,61,25,33,33,75.75757575757575
61604,61,33,33,33,100.0
61606,59,30,31,31,96.7741935483871
61608,59,25,31,31,80.64516129032258
61609,59,19,31,31,61.29032258064516
61612,36,4,34,34,11.764705882352942
61614,70,27,30,30,90.0
61617,2305,8,36,36,22.22222222222222
61619,2350,25,37,37,67.56756756756756
61621,2305,32,36,36,88.88888888888889
61622,2305,34,36,36,94.44444444444444
61626,2413,30,34,34,88.23529411764706
61630,145,34,34,34,100.0
61631,145,27,34,34,79.41176470588235
61634,344,32,32,32,100.0
61636,344,30,32,32,93.75
61637,344,28,32,32,87.5
61640,62,24,34,35,68.57142857142857
61642,142,30,32,32,93.75
61643,62,32,35,35,91.42857142857143
61645,2348,36,36,36,100.0
61646,93,35,35,35,100.0
61647,93,14,35,35,40.0
61651,153,38,38,38,100.0
61652,153,38,38,38,100.0
61653,153,38,38,38,100.0
61654,153,38,38,38,100.0
61656,87,37,38,38,97.36842105263158
61657,87,15,38,38,39.473684210526315
61658,87,20,38,38,52.63157894736842
61660,201,29,35,35,82.85714285714286
61661,201,14,35,35,40.0
61662,201,35,35,35,100.0
61663,201,35,35,35,100.0
61667,197,32,32,32,100.0
61675,193,32,32,32,100.0
61676,36,22,34,34,64.70588235294117
61677,204,15,31,31,48.38709677419355
61678,204,31,31,31,100.0
61679,204,30,31,31,96.7741935483871
61682,2681,17,30,30,56.666666666666664
61685,2335,32,32,32,100.0
61691,2547,28,34,34,82.3529411764706
61692,2547,34,34,34,100.0
61695,2653,28,29,29,96.55172413793103
61700,2603,31,31,31,100.0
61701,2603,31,31,31,100.0
61702,24,33,37,37,89.1891891891892
61703,24,34,37,37,91.89189189189189
61704,24,8,37,37,21.62162162162162
61706,2633,32,32,32,100.0
61707,2633,32,32,32,100.0
61708,251,31,34,34,91.17647058823529
61709,251,34,34,34,100.0
61710,251,34,34,34,100.0
61711,251,34,34,34,100.0
61714,251,34,34,34,100.0
61720,245,33,33,33,100.0
61726,250,23,31,31,74.19354838709677
61728,250,24,31,31,77.41935483870968
61733,26,34,36,36,94.44444444444444
61734,30,26,32,32,81.25
61737,254,28,35,35,80.0
61739,93,35,35,35,100.0
61740,254,35,35,35,100.0
61741,254,31,35,35,88.57142857142857
61742,3084,30,30,30,100.0
61747,149,32,33,33,96.96969696969697
61751,2636,15,30,30,50.0
61754,119,28,32,32,87.5
61756,221,32,34,34,94.11764705882354
61757,222,36,36,36,100.0
61758,222,15,36,36,41.666666666666664
61759,222,16,36,36,44.44444444444444
61760,222,36,36,36,100.0
61761,2057,32,33,33,96.96969696969697
61763,258,34,34,34,100.0
61764,258,33,34,34,97.05882352941177
61766,258,26,34,34,76.47058823529412
61770,265,30,31,31,96.7741935483871
61772,233,32,33,33,96.96969696969697
61773,265,31,31,31,100.0
61775,265,30,31,31,96.7741935483871
61776,248,32,32,32,100.0
61778,2199,34,35,35,97.14285714285714
61780,305,32,32,32,100.0
61783,2168,9,35,36,25.0
61784,2168,36,36,36,100.0
61785,2168,9,35,36,25.0
61786,98,32,32,32,100.0
61788,2086,34,34,34,100.0
61789,84,34,34,34,100.0
61790,84,26,34,34,76.47058823529412
61793,97,35,36,36,97.22222222222223
61794,59,31,31,31,100.0
61796,120,35,35,35,100.0
61797,41,18,35,35,51.42857142857143
61800,2348,36,36,36,100.0
61804,2507,33,34,34,97.05882352941177
61807,130,31,32,32,96.875
61810,130,18,32,32,56.25
61811,2599,21,33,33,63.63636363636363
61813,2599,19,33,33,57.57575757575758
61814,2599,29,33,33,87.87878787878788
61816,119,24,32,32,75.0
61817,127,39,39,39,100.0
61818,2507,31,34,34,91.17647058823529
61820,325,23,34,34,67.6470588235294
61824,151,22,33,33,66.66666666666667
61825,151,23,33,33,69.6969696969697
61826,151,30,33,33,90.9090909090909
61827,2294,34,34,34,100.0
61828,2294,34,34,34,100.0
61830,2294,34,34,34,100.0
61832,113,32,32,32,100.0
61833,113,32,32,32,100.0
61835,228,31,31,31,100.0
61837,228,31,31,31,100.0
61838,228,31,31,31,100.0
61839,228,31,31,31,100.0
61842,96,39,39,39,100.0
61843,96,8,39,39,20.512820512820515
61844,179,31,31,31,100.0
61846,2275,34,34,34,100.0
61847,104,28,30,30,93.33333333333333
61848,2539,14,32,32,43.75
61851,2306,15,32,32,46.875
61852,46,17,33,33,51.515151515151516
61853,46,32,33,33,96.96969696969697
61858,2066,23,32,32,71.875
61859,2066,5,32,32,15.625
61866,44,22,33,33,66.66666666666667
61868,44,33,33,33,100.0
61869,44,33,33,33,100.0
61875,2463,31,33,33,93.93939393939394
61876,2463,33,33,33,100.0
61879,301,29,31,31,93.54838709677419
61881,2097,4,32,32,12.5
61884,2097,32,32,32,100.0
61886,2117,32,32,32,100.0
61887,2117,32,32,32,100.0
61890,2117,32,32,32,100.0
61891,2117,32,32,32,100.0
61892,232,33,33,33,100.0
61894,2335,32,32,32,100.0
61895,38,34,34,34,100.0
61896,2174,23,33,33,69.6969696969697
61897,38,29,34,34,85.29411764705883
61898,38,26,34,34,76.47058823529412
61899,38,17,34,34,50.0
61900,38,34,34,34,100.0
61901,48,30,30,30,100.0
61904,9,25,34,34,73.52941176470588
61905,526,33,33,33,100.0
61906,30,31,32,32,96.875
61908,2309,8,35,35,22.857142857142858
61909,2309,35,35,35,100.0
61910,2309,35,35,35,100.0
61911,2638,33,33,33,100.0
61915,36,34,34,34,100.0
61916,2031,31,31,31,100.0
61918,2031,31,31,31,100.0
61922,322,33,33,33,100.0
61923,322,33,33,33,100.0
61924,322,20,33,33,60.60606060606061
61926,322,24,33,33,72.72727272727273
61930,2320,12,30,30,40.0
61935,2329,15,30,30,50.0
61936,2329,30,30,30,100.0
61937,2329,30,30,30,100.0
61940,248,11,32,32,34.375
61941,2351,30,31,31,96.7741935483871
61942,2351,31,31,31,100.0
61943,2368,19,32,32,59.375
61944,2368,32,32,32,100.0
61946,2368,31,32,32,96.875
61947,2378,6,30,30,20.0
61948,2378,10,30,30,33.333333333333336
61949,2377,18,31,31,58.064516129032256
61950,2377,29,31,31,93.54838709677419
61963,2413,6,34,34,17.647058823529413
61965,2277,26,28,28,92.85714285714286
61968,2426,31,32,32,96.875
61969,2426,20,32,32,62.5
61970,2426,32,32,32,100.0
61977,160,31,32,32,96.875
61978,160,29,32,32,90.625
61980,2430,33,33,33,100.0
61982,2430,33,33,33,100.0
61983,2579,30,33,33,90.9090909090909
61984,2579,33,33,33,100.0
61985,2579,33,33,33,100.0
61988,350,30,32,32,93.75
61990,2449,31,33,33,93.93939393939394
61992,2449,33,33,33,100.0
61994,2032,27,29,29,93.10344827586206
61996,111,35,35,35,100.0
61998,111,35,35,35,100.0
61999,111,22,35,35,62.857142857142854
62001,2458,29,30,30,96.66666666666667
62007,198,34,34,34,100.0
62009,2492,32,32,32,100.0
62010,2492,32,32,32,100.0
62011,239,16,34,34,47.05882352941177
62013,2492,32,32,32,100.0
62014,2501,31,33,33,93.93939393939394
62017,2653,9,29,29,31.03448275862069
62018,2515,33,34,34,97.05882352941177
62019,2515,27,34,34,79.41176470588235
62020,2515,32,34,34,94.11764705882354
62021,2515,31,34,34,91.17647058823529
62022,2515,26,34,34,76.47058823529412
62027,16,32,33,33,96.96969696969697
62029,16,33,33,33,100.0
62031,2608,18,31,31,58.064516129032256
62032,254,35,35,35,100.0
62034,2617,33,34,34,97.05882352941177
62039,301,29,31,31,93.54838709677419
62040,301,30,31,31,96.7741935483871
62042,2539,31,32,32,96.875
62046,23,9,30,30,30.0
62047,2539,32,32,32,100.0
62048,2541,32,32,32,100.0
62049,6,33,33,33,100.0
62051,357,29,34,34,85.29411764705883
62052,233,33,33,33,100.0
62053,233,33,33,33,100.0
62056,233,32,33,33,96.96969696969697
62061,2612,34,34,34,100.0
62062,2612,33,34,34,97.05882352941177
62069,2617,34,34,34,100.0
62073,2619,35,35,35,100.0
62074,2619,35,35,35,100.0
62075,2619,14,35,35,40.0
62076,2540,32,33,33,96.96969696969697
62077,2540,31,33,33,93.93939393939394
62078,2540,33,33,33,100.0
62089,140,7,33,33,21.21212121212121
62107,261,21,34,34,61.76470588235294
62110,261,34,34,34,100.0
62182,2000,31,31,31,100.0
62183,2502,29,29,29,100.0
62189,2724,35,35,35,100.0
62191,2026,29,29,29,100.0
62192,2026,29,29,29,100.0
62193,2026,16,29,29,55.172413793103445
62194,2026,25,29,29,86.20689655172414
62196,2803,27,31,31,87.09677419354838
62197,2803,31,31,31,100.0
62198,2803,30,31,31,96.7741935483871
62201,2083,34,34,34,100.0
62202,2083,34,34,34,100.0
62203,2083,28,34,34,82.3529411764706
62204,2464,9,38,38,23.68421052631579
62207,2440,30,31,31,96.7741935483871
62208,25,33,33,33,100.0
62216,2115,28,31,31,90.3225806451613
62218,2115,30,31,31,96.7741935483871
62219,2115,31,31,31,100.0
62220,236,13,32,32,40.625
62221,2132,34,34,34,100.0
62223,236,32,32,32,100.0
62225,236,32,32,32,100.0
62227,2506,26,32,32,81.25
62230,2643,29,30,30,96.66666666666667
62232,324,34,34,34,100.0
62233,324,8,34,34,23.529411764705884
62235,324,34,34,34,100.0
62236,324,33,34,34,97.05882352941177
62237,324,8,34,34,23.529411764705884
62238,2142,31,33,33,93.93939393939394
62239,2142,33,33,33,100.0
62240,171,28,28,28,100.0
62243,171,28,28,28,100.0
62249,2561,7,14,31,22.580645161290324
62253,2154,31,31,31,100.0
62254,2193,30,30,30,100.0
62260,2198,21,33,33,63.63636363636363
62353,2199,35,35,35,100.0
62356,331,10,34,34,29.41176470588235
62358,331,14,34,34,41.1764705882353
62361,331,30,34,34,88.23529411764706
62362,2210,33,33,33,100.0
62363,2210,32,33,33,96.96969696969697
62364,339,30,36,36,83.33333333333333
62365,339,36,36,36,100.0
62366,339,25,36,36,69.44444444444444
62367,248,27,32,32,84.375
62369,2226,26,28,28,92.85714285714286
62370,2226,25,28,28,89.28571428571429
62371,193,29,32,32,90.625
62372,145,34,34,34,100.0
62380,42,30,30,30,100.0
62383,62,17,35,35,48.57142857142857
62387,2547,15,34,34,44.11764705882353
62390,107,30,30,30,100.0
62391,107,27,30,30,90.0
62392,107,30,30,30,100.0
62399,2277,20,28,28,71.42857142857143
62400,2378,30,30,30,100.0
62401,304,30,30,30,100.0
62402,304,30,30,30,100.0
62407,99,31,33,33,93.93939393939394
62411,2641,23,32,32,71.875
62415,2870,7,31,31,22.580645161290324
62417,2870,30,31,31,96.7741935483871
62418,2870,17,31,31,54.83870967741935
62421,85,27,31,31,87.09677419354838
62422,294,25,32,32,78.125
62428,2630,34,34,34,100.0
62430,55,26,30,31,83.87096774193549
62436,288,30,31,31,96.7741935483871
62437,2329,7,30,30,23.333333333333332
62438,288,8,31,31,25.806451612903224
62439,288,16,31,31,51.61290322580645
62440,288,29,31,31,93.54838709677419
62447,309,11,36,36,30.555555555555557
62448,2377,31,31,31,100.0
62449,309,36,36,36,100.0
62451,309,36,36,36,100.0
62459,2363,33,33,33,100.0
62466,2437,23,29,29,79.3103448275862
62467,2437,29,29,29,100.0
62472,36,34,34,34,100.0
62479,2466,32,32,32,100.0
62485,2534,35,35,35,100.0
62489,2534,35,35,35,100.0
62491,2569,5,33,33,15.151515151515152
62497,2569,30,33,33,90.9090909090909
62502,2908,36,36,36,100.0
62503,2031,31,31,31,100.0
62504,235,32,32,32,100.0
62511,2635,27,30,30,90.0
62512,2635,24,30,30,80.0
62518,2630,7,34,34,20.58823529411765
62520,357,33,34,34,97.05882352941177
62521,357,30,34,34,88.23529411764706
62522,2916,21,29,29,72.41379310344827
62523,357,25,34,34,73.52941176470588
62525,357,31,34,34,91.17647058823529
62534,292,31,31,31,100.0
62538,300,30,34,34,88.23529411764706
62543,82,5,34,34,14.705882352941176
62544,82,24,34,34,70.58823529411765
62546,82,34,34,34,100.0
62547,2717,32,32,32,100.0
62548,2717,31,32,32,96.875
62549,2717,32,32,32,100.0
62551,2717,31,32,32,96.875
62559,98,32,32,32,100.0
62562,277,10,35,35,28.571428571428573
62564,2747,35,35,35,100.0
62565,2747,35,35,35,100.0
62566,2747,35,35,35,100.0
62568,2754,32,32,32,100.0
62573,2400,22,32,32,68.75
62581,2325,33,33,33,100.0
62585,2250,38,38,38,100.0
62587,2032,28,29,29,96.55172413793103
62588,2032,29,29,29,100.0
62591,2296,19,32,32,59.375
62592,231,31,33,33,93.93939393939394
62593,231,32,33,33,96.96969696969697
62594,231,33,33,33,100.0
62595,231,15,33,33,45.45454545454545
62596,2261,34,35,35,97.14285714285714
62598,2261,30,35,35,85.71428571428571
62600,2261,29,35,35,82.85714285714286
62603,2261,21,35,35,60.0
62606,155,15,30,30,50.0
62608,2670,36,36,36,100.0
62609,2670,35,36,36,97.22222222222223
62610,236,32,32,32,100.0
62611,2670,36,36,36,100.0
62612,127,39,39,39,100.0
62615,127,39,39,39,100.0
62618,2217,31,31,31,100.0
62619,2217,24,31,31,77.41935483870968
62620,2217,28,31,31,90.3225806451613
62626,2443,29,29,29,100.0
62630,2443,11,29,29,37.93103448275862
62634,2450,25,34,34,73.52941176470588
62635,2450,32,34,34,94.11764705882354
62636,163,30,30,30,100.0
62638,163,9,30,30,30.0
62639,2501,33,33,33,100.0
62641,2029,32,32,32,100.0
62642,2029,32,32,32,100.0
62643,2448,32,32,32,100.0
62647,2754,32,32,32,100.0
62650,94,30,30,30,100.0
62653,94,30,30,30,100.0
62654,94,29,30,30,96.66666666666667
62657,94,22,30,30,73.33333333333333
62661,2504,20,23,33,60.60606060606061
62667,2458,29,30,30,96.66666666666667
62668,2005,30,31,31,96.7741935483871
62671,2050,30,30,30,100.0
62679,159,28,29,29,96.55172413793103
62680,159,29,29,29,100.0
62681,159,29,29,29,100.0
62682,159,29,29,29,100.0
62683,159,7,29,29,24.137931034482758
62684,159,29,29,29,100.0
62686,2166,31,32,32,96.875
62687,2166,6,32,32,18.75
62692,2169,24,36,36,66.66666666666667
62700,2174,33,33,33,100.0
62703,2241,34,35,35,97.14285714285714
62704,2241,33,35,35,94.28571428571429
62706,2241,6,35,35,17.142857142857142
62707,46,10,33,33,30.303030303030305
62709,325,34,34,34,100.0
62711,2459,30,30,30,100.0
62715,2413,13,34,34,38.23529411764706
62720,2352,18,30,30,60.0
62721,2352,2,30,30,6.666666666666667
62722,2352,30,30,30,100.0
62724,2352,30,30,30,100.0
62725,2352,10,30,30,33.333333333333336
62728,2241,35,35,35,100.0
62729,2390,37,38,38,97.36842105263158
62731,2261,26,35,35,74.28571428571429
62732,193,32,32,32,100.0
62734,2885,23,33,33,69.6969696969697
62737,2885,33,33,33,100.0
62738,2640,27,35,35,77.14285714285714
62739,158,31,31,31,100.0
62741,158,31,31,31,100.0
62747,2464,36,38,38,94.73684210526316
62748,2253,23,32,32,71.875
62749,2464,38,38,38,100.0
62752,219,26,28,28,92.85714285714286
62754,219,28,28,28,100.0
62755,252,12,35,35,34.285714285714285
62760,2628,14,33,33,42.42424242424242
62770,2636,15,30,30,50.0
62772,2678,30,30,30,100.0
62773,2678,30,30,30,100.0
62778,2737,32,32,32,100.0
62779,218,36,37,37,97.29729729729729
62781,295,35,35,35,100.0
62782,295,19,35,35,54.285714285714285
62784,295,35,35,35,100.0
62785,295,35,35,35,100.0
62786,103,17,32,32,53.125
62793,221,6,34,34,17.647058823529413
62795,2571,35,35,35,100.0
62798,2571,25,35,35,71.42857142857143
62799,2459,30,30,30,100.0
62801,2459,21,30,30,70.0
62805,270,28,30,30,93.33333333333333
62807,253,29,29,29,100.0
62810,2244,24,31,31,77.41935483870968
62811,2244,27,31,31,87.09677419354838
62812,2244,31,31,31,100.0
62815,2655,13,31,31,41.935483870967744
62818,276,32,32,32,100.0
62820,2400,32,32,32,100.0
62827,2011,28,29,29,96.55172413793103
62828,2011,29,29,29,100.0
62829,2011,10,29,29,34.48275862068966
62830,2011,6,29,29,20.689655172413794
62841,27,31,31,31,100.0
62842,27,18,31,31,58.064516129032256
62844,302,32,32,32,100.0
62848,2750,10,31,31,32.25806451612903
62849,2750,14,31,31,45.16129032258065
62851,43,20,32,32,62.5
62910,2415,26,31,31,83.87096774193549
62967,2681,8,30,30,26.666666666666668
62973,61,25,33,33,75.75757575757575
62979,344,31,32,32,96.875
63022,204,31,31,31,100.0
63024,2182,8,30,30,26.666666666666668
63029,30,18,32,32,56.25
63030,238,11,35,35,31.428571428571427
63032,339,32,36,36,88.88888888888889
63035,97,34,36,36,94.44444444444444
63036,120,16,35,35,45.714285714285715
63040,213,34,34,34,100.0
63054,2415,28,31,31,90.3225806451613
63057,2447,27,29,29,93.10344827586206
63058,2447,29,29,29,100.0
63066,2016,30,32,32,93.75
63068,2016,20,32,32,62.5
63080,331,24,34,34,70.58823529411765
63084,339,34,36,36,94.44444444444444
63086,62,33,35,35,94.28571428571429
63089,2754,20,32,32,62.5
63090,2032,8,29,29,27.586206896551722
63091,349,30,30,30,100.0
63092,349,30,30,30,100.0
63095,349,30,30,30,100.0
63096,349,24,30,30,80.0
63098,349,30,30,30,100.0
63099,13,11,29,29,37.93103448275862
63101,349,29,30,30,96.66666666666667
63103,218,37,37,37,100.0
63104,218,37,37,37,100.0
63228,2010,28,29,29,96.55172413793103
63230,2010,29,29,29,100.0
63231,2010,28,29,29,96.55172413793103
63233,2010,27,29,29,93.10344827586206
63236,2514,29,30,30,96.66666666666667
63280,2244,12,31,31,38.70967741935484
63387,151,33,33,33,100.0
63733,299,11,33,33,33.333333333333336
63899,154,8,32,32,25.0
63903,2579,21,33,33,63.63636363636363
64470,164,6,32,32,18.75
64474,2582,35,35,35,100.0
64477,333,32,34,34,94.11764705882354
64497,2198,32,33,33,96.96969696969697
64527,2379,28,33,33,84.84848484848484
64666,2737,29,32,32,90.625
64890,8,36,36,36,100.0
65142,164,8,32,32,25.0
65274,2217,31,31,31,100.0
65302,2534,13,35,35,37.142857142857146
65466,2447,29,29,29,100.0
65773,2447,25,29,29,86.20689655172414
65799,2296,8,32,32,25.0
65814,2226,22,28,28,78.57142857142857
65847,2934,32,33,33,96.96969696969697
65857,2046,22,30,30,73.33333333333333
65907,13,9,29,29,31.03448275862069
65963,108,9,30,30,30.0
65976,2448,32,32,32,100.0
65986,2619,35,35,35,100.0
65992,2459,23,30,30,76.66666666666667
65995,2908,15,36,36,41.666666666666664
65999,47,32,32,32,100.0
66075,127,13,39,39,33.333333333333336
66087,2413,34,34,34,100.0
66090,2184,31,31,31,100.0
66099,2670,10,36,36,27.77777777777778
66102,2540,12,33,33,36.36363636363637
66116,2567,34,34,34,100.0
66117,2567,17,34,34,50.0
66118,2567,34,34,34,100.0
66119,2567,34,34,34,100.0
66120,228,29,31,31,93.54838709677419
66122,228,30,31,31,96.7741935483871
66123,228,12,31,31,38.70967741935484
66124,52,24,33,33,72.72727272727273
66125,52,32,33,33,96.96969696969697
66126,52,33,33,33,100.0
66127,59,30,31,31,96.7741935483871
66128,59,30,31,31,96.7741935483871
66129,2390,28,38,38,73.6842105263158
66130,2390,30,37,38,78.94736842105263
66131,2390,38,38,38,100.0
66133,152,35,36,36,97.22222222222223
66134,152,36,36,36,100.0
66135,152,35,36,36,97.22222222222223
66137,152,34,36,36,94.44444444444444
66138,258,23,34,34,67.6470588235294
66139,258,32,34,34,94.11764705882354
66140,154,31,32,32,96.875
66141,154,7,32,32,21.875
66142,399,33,33,33,100.0
66144,161,20,29,29,68.96551724137932
66145,399,33,33,33,100.0
66146,66,34,34,34,100.0
66147,66,32,34,34,94.11764705882354
66148,66,34,34,34,100.0
66150,66,16,34,34,47.05882352941177
66151,2628,33,33,33,100.0
66152,2628,17,33,33,51.515151515151516
66153,2628,33,33,33,100.0
66154,2628,27,33,33,81.81818181818181
66155,277,35,35,35,100.0
66156,277,22,35,35,62.857142857142854
66157,277,34,35,35,97.14285714285714
66162,2086,9,34,34,26.470588235294116
66163,2086,30,34,34,88.23529411764706
66164,305,20,32,32,62.5
66165,305,30,32,32,93.75
66166,305,32,32,32,100.0
66167,269,8,16,32,25.0
66169,269,31,32,32,96.875
66170,66,25,34,34,73.52941176470588
66171,269,32,32,32,100.0
66172,222,36,36,36,100.0
66173,222,36,36,36,100.0
66174,222,26,36,36,72.22222222222223
66175,2752,23,37,37,62.16216216216216
66178,356,32,33,33,96.96969696969697
66179,356,33,33,33,100.0
66180,356,30,33,33,90.9090909090909
66181,356,33,33,33,100.0
66182,356,25,33,33,75.75757575757575
66183,130,13,32,32,40.625
66184,130,19,32,32,59.375
66186,130,32,32,32,100.0
66187,130,29,32,32,90.625
66188,135,4,28,33,12.121212121212121
66189,77,24,32,32,75.0
66190,213,28,34,34,82.3529411764706
66192,213,34,34,34,100.0
66193,213,33,34,34,97.05882352941177
66194,2509,24,34,34,70.58823529411765
66195,2509,34,34,34,100.0
66196,2509,34,34,34,100.0
66197,275,13,40,40,32.5
66198,275,40,40,40,100.0
66200,275,40,40,40,100.0
66201,275,33,40,40,82.5
66202,275,15,40,40,37.5
66203,38,34,34,34,100.0
66204,38,32,34,34,94.11764705882354
66206,38,32,32,34,94.11764705882354
66207,2483,35,36,36,97.22222222222223
66208,2483,35,36,36,97.22222222222223
66209,2483,36,36,36,100.0
66212,2492,18,32,32,56.25
66214,204,31,31,31,100.0
66215,204,29,31,31,93.54838709677419
66217,24,36,37,37,97.29729729729729
66220,26,11,36,36,30.555555555555557
66222,26,36,36,36,100.0
66223,26,36,36,36,100.0
66225,30,18,32,32,56.25
66226,30,32,32,32,100.0
66227,30,32,32,32,100.0
66232,254,22,35,35,62.857142857142854
66236,254,35,35,35,100.0
66237,265,31,31,31,100.0
66238,265,31,31,31,100.0
66241,2,23,35,35,65.71428571428571
66242,2,23,28,35,65.71428571428571
66243,2,35,35,35,100.0
66247,57,33,33,33,100.0
66248,61,32,33,33,96.96969696969697
66249,61,22,33,33,66.66666666666667
66251,61,18,33,33,54.54545454545455
66253,99,33,33,33,100.0
66254,99,29,33,33,87.87878787878788
66255,99,25,33,33,75.75757575757575
66256,99,31,33,33,93.93939393939394
66257,99,15,33,33,45.45454545454545
66258,99,33,33,33,100.0
66259,142,23,32,32,71.875
66260,142,32,32,32,100.0
66263,142,30,32,32,93.75
66264,2579,21,33,33,63.63636363636363
66265,2579,25,33,33,75.75757575757575
66266,2579,33,33,33,100.0
66269,2579,12,33,33,36.36363636363637
66270,2579,33,33,33,100.0
66272,2633,32,32,32,100.0
66275,238,35,35,35,100.0
66276,238,35,35,35,100.0
66277,103,32,32,32,100.0
66280,120,35,35,35,100.0
66283,87,33,38,38,86.84210526315789
66284,87,38,38,38,100.0
66285,87,38,38,38,100.0
66286,87,26,38,38,68.42105263157895
66287,221,34,34,34,100.0
66288,221,34,34,34,100.0
66289,221,21,34,34,61.76470588235294
66290,221,34,34,34,100.0
66292,259,33,33,33,100.0
66293,2567,34,34,34,100.0
66296,239,29,34,34,85.29411764705883
66297,239,34,34,34,100.0
66298,239,34,34,34,100.0
66299,239,30,34,34,88.23529411764706
66300,201,32,35,35,91.42857142857143
66303,201,15,35,35,42.857142857142854
66305,201,35,35,35,100.0
66307,197,28,32,32,87.5
66308,197,22,32,32,68.75
66311,156,33,33,33,100.0
66312,156,25,33,33,75.75757575757575
66313,198,32,34,34,94.11764705882354
66315,156,31,33,33,93.93939393939394
66317,156,33,33,33,100.0
66318,156,30,33,33,90.9090909090909
66321,12,38,38,38,100.0
66323,12,38,38,38,100.0
66325,9,34,34,34,100.0
66326,9,29,34,34,85.29411764705883
66327,25,23,33,33,69.6969696969697
66328,25,33,33,33,100.0
66329,25,28,33,33,84.84848484848484
66331,25,33,33,33,100.0
66332,8,36,36,36,100.0
66333,8,36,36,36,100.0
66334,8,36,36,36,100.0
66335,2309,33,35,35,94.28571428571429
66336,164,31,32,32,96.875
66337,218,37,37,37,100.0
66338,218,31,37,37,83.78378378378379
66340,2550,30,31,31,96.7741935483871
66341,2550,24,29,31,77.41935483870968
66342,2550,21,31,31,67.74193548387096
66343,194,32,35,35,91.42857142857143
66344,194,35,35,35,100.0
66346,36,14,34,34,41.1764705882353
66347,36,31,34,34,91.17647058823529
66348,278,25,31,32,78.125
66349,278,32,32,32,100.0
66350,278,31,32,32,96.875
66351,278,32,32,32,100.0
66352,2440,30,31,31,96.7741935483871
66354,2440,30,31,31,96.7741935483871
66355,2440,22,31,31,70.96774193548387
66356,2440,29,31,31,93.54838709677419
66357,21,32,36,36,88.88888888888889
66358,21,17,36,36,47.22222222222222
66360,23,8,30,30,26.666666666666668
66362,23,27,30,30,90.0
66363,23,27,30,30,90.0
66364,23,4,30,30,13.333333333333334
66365,23,29,30,30,96.66666666666667
66368,2439,9,33,33,27.272727272727273
66369,2439,33,33,33,100.0
66370,328,14,31,31,45.16129032258065
66371,328,31,31,31,100.0
66372,328,30,31,31,96.7741935483871
66373,155,19,30,30,63.333333333333336
66379,2751,31,35,35,88.57142857142857
66380,2168,36,36,36,100.0
66381,2168,36,36,36,100.0
66382,2168,35,36,36,97.22222222222223
66383,2168,29,36,36,80.55555555555556
66385,2184,21,31,31,67.74193548387096
66386,2184,31,31,31,100.0
66387,2184,31,31,31,100.0
66388,2184,22,31,31,70.96774193548387
66389,2230,29,31,31,93.54838709677419
66390,2230,22,31,31,70.96774193548387
66393,2230,18,31,31,58.064516129032256
66394,2244,29,31,31,93.54838709677419
66396,45,35,35,35,100.0
66398,113,8,32,32,25.0
66399,113,31,32,32,96.875
66400,113,29,32,32,90.625
66402,227,32,33,33,96.96969696969697
66403,227,20,33,33,60.60606060606061
66404,227,33,33,33,100.0
66405,227,7,33,33,21.21212121212121
66406,257,34,35,35,97.14285714285714
66407,257,35,35,35,100.0
66410,139,22,32,32,68.75
66411,139,32,32,32,100.0
66412,139,32,32,32,100.0
66413,179,13,31,31,41.935483870967744
66414,179,10,31,31,32.25806451612903
66415,179,25,31,31,80.64516129032258
66416,179,31,31,31,100.0
66417,179,31,31,31,100.0
66419,71,29,33,33,87.87878787878788
66421,2181,31,31,31,100.0
66422,2181,7,31,31,22.580645161290324
66423,2287,34,35,35,97.14285714285714
66424,2287,35,35,35,100.0
66425,2287,29,35,35,82.85714285714286
66426,2433,38,38,38,100.0
66427,2287,35,35,35,100.0
66428,2287,32,35,35,91.42857142857143
66429,2287,33,35,35,94.28571428571429
66432,282,26,31,31,83.87096774193549
66434,282,31,31,31,100.0
66438,2623,31,31,31,100.0
66439,2623,2,31,31,6.451612903225806
66441,2623,30,31,31,96.7741935483871
66443,2460,17,35,35,48.57142857142857
66446,2460,28,35,35,80.0
66447,2460,35,35,35,100.0
66452,79,33,33,33,100.0
66453,79,32,33,33,96.96969696969697
66455,79,30,33,33,90.9090909090909
66458,279,29,31,31,93.54838709677419
66459,279,24,31,31,77.41935483870968
66460,279,31,31,31,100.0
66461,279,31,31,31,100.0
66462,2492,22,32,32,68.75
66463,2492,21,32,32,65.625
66464,2492,32,32,32,100.0
66466,2492,24,32,32,75.0
66468,2492,28,32,32,87.5
66469,2501,33,33,33,100.0
66470,2501,31,33,33,93.93939393939394
66471,2501,22,33,33,66.66666666666667
66472,2608,31,31,31,100.0
66473,2608,24,31,31,77.41935483870968
66474,2608,31,31,31,100.0
66475,301,29,31,31,93.54838709677419
66476,2539,32,32,32,100.0
66477,2541,32,32,32,100.0
66478,2541,23,32,32,71.875
66479,2541,32,32,32,100.0
66480,2541,29,32,32,90.625
66484,2066,32,32,32,100.0
66485,2066,26,32,32,81.25
66486,2066,32,32,32,100.0
66487,2066,18,32,32,56.25
66488,2066,13,32,32,40.625
66489,2378,19,30,30,63.333333333333336
66490,2378,2,30,30,6.666666666666667
66491,2378,23,30,30,76.66666666666667
66492,2378,30,30,30,100.0
66494,2378,10,30,30,33.333333333333336
66495,2619,35,35,35,100.0
66496,2619,23,35,35,65.71428571428571
66497,2619,35,35,35,100.0
66499,261,34,34,34,100.0
66500,261,34,34,34,100.0
66501,2193,27,30,30,90.0
66502,2193,29,30,30,96.66666666666667
66503,2193,28,30,30,93.33333333333333
66504,2193,30,30,30,100.0
66507,526,14,33,33,42.42424242424242
66508,294,31,32,32,96.875
66509,294,25,32,32,78.125
66510,294,32,32,32,100.0
66512,294,16,32,32,50.0
66513,338,24,32,32,75.0
66514,288,31,31,31,100.0
66515,2382,13,35,35,37.142857142857146
66517,2382,35,35,35,100.0
66519,2382,28,35,35,80.0
66520,2454,35,35,35,100.0
66522,2454,32,35,35,91.42857142857143
66523,2454,35,35,35,100.0
66524,2454,35,35,35,100.0
66525,2454,34,35,35,97.14285714285714
66526,94,18,30,30,60.0
66527,94,27,30,30,90.0
66528,94,19,30,30,63.333333333333336
66529,94,29,30,30,96.66666666666667
66530,94,26,30,30,86.66666666666667
66531,94,10,30,30,33.333333333333336
66533,56,30,31,31,96.7741935483871
66536,149,30,33,33,90.9090909090909
66537,149,28,33,33,84.84848484848484
66538,149,33,33,33,100.0
66539,149,33,33,33,100.0
66540,2458,30,30,30,100.0
66541,2458,30,30,30,100.0
66543,2458,23,30,30,76.66666666666667
66544,2458,17,30,30,56.666666666666664
66545,2458,30,30,30,100.0
66546,2502,27,29,29,93.10344827586206
66548,2502,22,29,29,75.86206896551724
66549,2502,14,29,29,48.275862068965516
66550,2502,29,29,29,100.0
66551,16,7,33,33,21.21212121212121
66552,16,33,33,33,100.0
66553,16,33,33,33,100.0
66554,16,33,33,33,100.0
66555,2692,30,30,30,100.0
66556,2692,24,30,30,80.0
66557,2097,28,32,32,87.5
66558,2097,32,32,32,100.0
66563,150,39,39,39,100.0
66564,324,33,34,34,97.05882352941177
66565,324,34,34,34,100.0
66566,324,33,34,34,97.05882352941177
66567,324,11,34,34,32.35294117647059
66568,2241,35,35,35,100.0
66570,2272,33,33,33,100.0
66571,2272,22,33,33,66.66666666666667
66572,2272,30,33,33,90.9090909090909
66574,2335,32,32,32,100.0
66576,2335,20,32,32,62.5
66578,2344,34,34,34,100.0
66579,2344,33,34,34,97.05882352941177
66582,2344,14,34,34,41.1764705882353
66583,2344,34,34,34,100.0
66584,2506,17,32,32,53.125
66586,2506,31,32,32,96.875
66587,97,36,36,36,100.0
66588,97,30,36,36,83.33333333333333
66589,97,26,28,36,72.22222222222223
66590,97,7,36,36,19.444444444444443
66592,97,20,36,36,55.55555555555556
66593,235,30,32,32,93.75
66594,235,8,31,32,25.0
66595,235,28,32,32,87.5
66596,235,9,32,32,28.125
66597,235,27,32,32,84.375
66599,2633,4,7,32,12.5
66600,183,25,31,31,80.64516129032258
66602,183,29,31,31,93.54838709677419
66603,183,13,31,31,41.935483870967744
66606,84,32,34,34,94.11764705882354
66609,84,32,34,34,94.11764705882354
66610,84,32,34,34,94.11764705882354
66611,269,24,32,32,75.0
66612,96,39,39,39,100.0
66614,96,39,39,39,100.0
66615,96,39,39,39,100.0
66616,96,12,39,39,30.76923076923077
66617,96,22,39,39,56.41025641025641
66619,96,17,39,39,43.58974358974359
66620,96,39,39,39,100.0
66621,145,34,34,34,100.0
66622,292,31,31,31,100.0
66624,145,34,34,34,100.0
66625,245,25,33,33,75.75757575757575
66627,245,25,33,33,75.75757575757575
66629,245,13,33,33,39.39393939393939
66631,2427,7,31,31,22.580645161290324
66632,2427,31,31,31,100.0
66633,2427,31,31,31,100.0
66634,2427,10,31,31,32.25806451612903
66635,2427,24,31,31,77.41935483870968
66637,2678,30,30,30,100.0
66639,2678,18,30,30,60.0
66640,2678,28,30,30,93.33333333333333
66641,2678,28,30,30,93.33333333333333
66642,2737,32,32,32,100.0
66643,2737,31,32,32,96.875
66645,2737,32,32,32,100.0
66646,2737,9,32,32,28.125
66647,2737,27,32,32,84.375
66649,2670,35,36,36,97.22222222222223
66650,2670,33,36,36,91.66666666666667
66653,13,24,29,29,82.75862068965517
66656,13,27,29,29,93.10344827586206
66658,13,29,29,29,100.0
66659,2239,31,31,31,100.0
66660,2239,31,31,31,100.0
66665,2463,32,33,33,96.96969696969697
66666,62,32,35,35,91.42857142857143
66667,62,19,35,35,54.285714285714285
66668,62,35,35,35,100.0
66669,62,34,35,35,97.14285714285714
66671,62,34,35,35,97.14285714285714
66672,299,11,33,33,33.333333333333336
66673,299,33,33,33,100.0
66677,299,33,33,33,100.0
66678,302,32,32,32,100.0
66679,41,35,35,35,100.0
66680,41,31,35,35,88.57142857142857
66681,41,35,35,35,100.0
66682,333,28,34,34,82.3529411764706
66684,333,34,34,34,100.0
66685,252,30,35,35,85.71428571428571
66687,252,33,35,35,94.28571428571429
66688,2934,33,33,33,100.0
66689,2597,32,35,35,91.42857142857143
66690,2934,33,33,33,100.0
66691,2130,31,32,32,96.875
66692,2130,21,32,32,65.625
66693,2130,29,32,32,90.625
66694,2130,19,32,32,59.375
66695,2130,12,32,32,37.5
66697,2253,21,32,32,65.625
66700,2253,32,32,32,100.0
66701,2253,13,32,32,40.625
66702,70,30,30,30,100.0
66703,70,30,30,30,100.0
66705,70,30,30,30,100.0
66706,70,30,30,30,100.0
66707,70,6,30,30,20.0
66708,70,30,30,30,100.0
66709,70,21,30,30,70.0
66711,166,27,34,34,79.41176470588235
66712,166,34,34,34,100.0
66713,166,10,34,34,29.41176470588235
66714,2547,18,34,34,52.94117647058823
66715,2547,26,34,34,76.47058823529412
66716,2547,34,34,34,100.0
66722,140,33,33,33,100.0
66723,140,33,33,33,100.0
66726,140,8,33,33,24.242424242424242
66727,140,29,33,33,87.87878787878788
66730,3084,19,30,30,63.333333333333336
66731,2429,21,32,32,65.625
66733,151,33,33,33,100.0
66734,151,33,33,33,100.0
66737,2348,20,36,36,55.55555555555556
66738,276,31,32,32,96.875
66739,276,32,32,32,100.0
66740,276,5,32,32,15.625
66741,2640,34,35,35,97.14285714285714
66743,2393,17,36,36,47.22222222222222
66746,2393,36,36,36,100.0
66747,2393,36,36,36,100.0
66748,249,29,31,31,93.54838709677419
66750,295,34,35,35,97.14285714285714
66751,295,27,35,35,77.14285714285714
66752,295,14,35,35,40.0
66753,295,35,35,35,100.0
66754,2458,9,30,30,30.0
66757,242,32,32,32,100.0
66759,242,32,32,32,100.0
66761,2572,28,29,29,96.55172413793103
66765,2655,22,31,31,70.96774193548387
66766,2655,31,31,31,100.0
66768,2655,9,31,31,29.032258064516128
66769,2655,31,31,31,100.0
66770,2655,31,31,31,100.0
66771,202,34,34,34,100.0
66772,202,32,34,34,94.11764705882354
66774,202,13,34,34,38.23529411764706
66776,202,22,34,34,64.70588235294117
66778,5,36,36,36,100.0
66779,5,34,36,36,94.44444444444444
66781,5,34,36,36,94.44444444444444
66782,5,36,36,36,100.0
66785,2638,33,33,33,100.0
66788,2636,24,30,30,80.0
66789,2636,30,30,30,100.0
66790,2636,29,30,30,96.66666666666667
66791,325,22,34,34,64.70588235294117
66793,325,29,34,34,85.29411764705883
66794,2174,33,33,33,100.0
66795,2174,33,33,33,100.0
66796,2174,33,33,33,100.0
66797,2739,28,33,33,84.84848484848484
66798,2739,17,33,33,51.515151515151516
66799,2739,33,33,33,100.0
66800,270,30,30,30,100.0
66802,270,19,30,30,63.333333333333336
66803,270,12,30,30,40.0
66804,270,30,30,30,100.0
66805,270,25,30,30,83.33333333333333
66806,270,20,30,30,66.66666666666667
66807,2473,33,33,33,100.0
66808,2473,28,33,33,84.84848484848484
66810,2473,33,33,33,100.0
66812,82,12,34,34,35.294117647058826
66814,82,32,34,34,94.11764705882354
66815,82,29,34,34,85.29411764705883
66816,82,14,34,34,41.1764705882353
66819,2674,13,34,34,38.23529411764706
66820,2674,32,34,34,94.11764705882354
66821,2674,34,34,34,100.0
66822,2750,26,31,31,83.87096774193549
66823,2437,21,29,29,72.41379310344827
66824,2754,32,32,32,100.0
66825,2754,17,32,32,53.125
66827,225,29,31,31,93.54838709677419
66828,225,31,31,31,100.0
66829,225,17,31,31,54.83870967741935
66832,225,31,31,31,100.0
66833,171,27,28,28,96.42857142857143
66834,171,21,28,28,75.0
66835,171,19,28,28,67.85714285714286
66836,171,28,28,28,100.0
66837,171,18,28,28,64.28571428571429
66838,172,30,30,30,100.0
66839,172,29,30,30,96.66666666666667
66840,172,28,30,30,93.33333333333333
66841,172,10,30,30,33.333333333333336
66842,172,29,30,30,96.66666666666667
66843,159,26,29,29,89.65517241379311
66845,159,27,29,29,93.10344827586206
66847,159,11,29,29,37.93103448275862
66848,108,29,30,30,96.66666666666667
66849,108,11,30,30,36.666666666666664
66853,219,22,28,28,78.57142857142857
66854,219,28,28,28,100.0
66857,43,27,32,32,84.375
66858,43,25,32,32,78.125
66859,43,4,32,32,12.5
66863,2046,20,30,30,66.66666666666667
66864,2046,30,30,30,100.0
66866,2057,33,33,33,100.0
66867,2057,26,33,33,78.78787878787878
66868,2057,12,33,33,36.36363636363637
66869,2057,30,33,33,90.9090909090909
66870,2057,19,33,33,57.57575757575758
66871,2057,33,33,33,100.0
66872,153,38,38,38,100.0
66873,153,37,38,38,97.36842105263158
66874,153,38,38,38,100.0
66875,163,29,30,30,96.66666666666667
66876,163,29,30,30,96.66666666666667
66877,163,30,30,30,100.0
66879,163,17,30,30,56.666666666666664
66880,163,30,30,30,100.0
66884,2197,19,33,33,57.57575757575758
66885,2197,18,33,33,54.54545454545455
66886,2197,33,33,33,100.0
66891,2198,33,33,33,100.0
66893,55,15,31,31,48.38709677419355
66894,55,15,30,31,48.38709677419355
66896,55,31,31,31,100.0
66897,55,31,31,31,100.0
66898,55,30,31,31,96.7741935483871
66902,93,35,35,35,100.0
66903,93,35,35,35,100.0
66904,93,35,35,35,100.0
66905,93,10,35,35,28.571428571428573
66906,2565,28,28,28,100.0
66908,2565,23,28,28,82.14285714285714
66910,2546,30,30,30,100.0
66912,2546,27,30,30,90.0
66913,2546,3,30,30,10.0
66915,150,6,9,39,15.384615384615385
66919,2296,23,32,32,71.875
66923,2630,28,34,34,82.3529411764706
66924,2630,33,34,34,97.05882352941177
66925,2630,34,34,34,100.0
66926,2630,33,34,34,97.05882352941177
66927,2803,23,31,31,74.19354838709677
66931,2803,31,31,31,100.0
66934,2115,31,31,31,100.0
66935,2115,30,31,31,96.7741935483871
66937,161,28,29,29,96.55172413793103
66938,161,29,29,29,100.0
66940,161,23,29,29,79.3103448275862
66942,112358,30,30,30,100.0
66943,112358,29,30,30,96.66666666666667
66944,112358,10,30,30,33.333333333333336
66945,112358,17,30,30,56.666666666666664
66946,112358,27,30,30,90.0
66947,112358,30,30,30,100.0
66948,116,28,30,30,93.33333333333333
66949,116,27,30,30,90.0
66950,116,30,30,30,100.0
66951,116,29,30,30,96.66666666666667
66953,2523,34,35,35,97.14285714285714
66956,2523,33,35,35,94.28571428571429
66958,2529,32,32,32,100.0
66961,2597,26,35,35,74.28571428571429
66962,2597,29,35,35,82.85714285714286
66965,2598,32,32,32,100.0
66967,2598,22,32,32,68.75
66968,2598,6,32,32,18.75
66969,2681,30,30,30,100.0
66970,2681,29,30,30,96.66666666666667
66971,2132,34,34,34,100.0
66972,2132,34,34,34,100.0
66973,2363,21,33,33,63.63636363636363
66974,2132,24,34,34,70.58823529411765
66976,42,30,30,30,100.0
66977,42,14,30,30,46.666666666666664
66980,311,23,30,30,76.66666666666667
66981,311,9,30,30,30.0
66982,311,19,30,30,63.333333333333336
66984,311,27,30,30,90.0
66985,311,15,30,30,50.0
66986,160,32,32,32,100.0
66987,160,32,32,32,100.0
66991,160,7,32,32,21.875
66992,160,16,32,32,50.0
66993,160,31,32,32,96.875
67004,2349,22,29,29,75.86206896551724
67007,2349,25,29,29,86.20689655172414
67009,2349,29,29,29,100.0
67010,2349,25,29,29,86.20689655172414
67014,2349,29,29,29,100.0
67016,2908,9,36,36,25.0
67017,2908,3,35,36,8.333333333333334
67018,2908,36,36,36,100.0
67019,2908,23,36,36,63.888888888888886
67020,2908,35,35,36,97.22222222222223
67024,2325,33,33,33,100.0
67025,46,22,33,33,66.66666666666667
67026,127,32,39,39,82.05128205128206
67027,127,39,39,39,100.0
67028,2006,35,35,35,100.0
67029,2006,35,35,35,100.0
67030,2006,28,35,35,80.0
67031,2006,29,35,35,82.85714285714286
67032,2050,27,30,30,90.0
67035,2050,12,30,30,40.0
67037,2050,30,30,30,100.0
67038,189,17,33,33,51.515151515151516
67039,189,33,33,33,100.0
67040,189,22,33,33,66.66666666666667
67041,2084,33,33,33,100.0
67043,2117,23,32,32,71.875
67045,2117,32,32,32,100.0
67046,2117,32,32,32,100.0
67047,2117,32,32,32,100.0
67048,2199,20,35,35,57.142857142857146
67049,2199,35,35,35,100.0
67051,2199,13,35,35,37.142857142857146
67056,2309,31,35,35,88.57142857142857
67058,193,28,32,32,87.5
67059,193,11,32,32,34.375
67061,2459,26,30,30,86.66666666666667
67063,195,17,30,30,56.666666666666664
67064,195,30,30,30,100.0
67065,195,24,30,30,80.0
67066,195,30,30,30,100.0
67067,2649,33,33,33,100.0
67069,2649,33,33,33,100.0
67071,2649,33,33,33,100.0
67072,2711,30,34,34,88.23529411764706
67074,2711,27,34,34,79.41176470588235
67075,85,31,31,31,100.0
67076,44,33,33,33,100.0
67080,44,25,33,33,75.75757575757575
67082,349,16,30,30,53.333333333333336
67084,349,4,30,30,13.333333333333334
67086,349,18,30,30,60.0
67087,349,11,30,30,36.666666666666664
67089,349,10,30,30,33.333333333333336
67091,349,5,30,30,16.666666666666668
67092,104,20,30,30,66.66666666666667
67093,104,14,30,30,46.666666666666664
67094,104,29,30,30,96.66666666666667
67096,2083,30,34,34,88.23529411764706
67097,2083,34,34,34,100.0
67098,2083,24,34,34,70.58823529411765
67099,2599,31,33,33,93.93939393939394
67100,2229,29,33,33,87.87878787878788
67103,2229,30,33,33,90.9090909090909
67105,2885,33,33,33,100.0
67106,2885,5,33,33,15.151515151515152
67107,2885,33,33,33,100.0
67108,2885,28,33,33,84.84848484848484
67109,2885,28,33,33,84.84848484848484
67112,344,29,32,32,90.625
67113,344,30,32,32,93.75
67115,331,33,34,34,97.05882352941177
67116,331,21,34,34,61.76470588235294
67117,331,33,34,34,97.05882352941177
67118,331,33,34,34,97.05882352941177
67119,304,30,30,30,100.0
67120,304,30,30,30,100.0
67121,304,30,30,30,100.0
67122,304,30,30,30,100.0
67124,304,22,29,30,73.33333333333333
67125,304,20,30,30,66.66666666666667
67128,147,25,30,30,83.33333333333333
67129,147,28,30,30,93.33333333333333
67131,155,30,30,30,100.0
67133,2464,37,38,38,97.36842105263158
67135,2464,38,38,38,100.0
67138,2464,26,38,38,68.42105263157895
67140,2464,37,38,38,97.36842105263158
67141,302,6,32,32,18.75
67143,300,33,34,34,97.05882352941177
67144,300,28,34,34,82.3529411764706
67145,300,34,34,34,100.0
67147,300,15,34,34,44.11764705882353
67148,27,31,31,31,100.0
67150,2540,33,33,33,100.0
67152,2540,31,33,33,93.93939393939394
67153,2540,12,33,33,36.36363636363637
67154,232,33,33,33,100.0
67156,232,30,33,33,90.9090909090909
67158,48,28,30,30,93.33333333333333
67159,48,30,30,30,100.0
67161,48,28,30,30,93.33333333333333
67162,2182,30,30,30,100.0
67164,2182,22,30,30,73.33333333333333
67167,2275,34,34,34,100.0
67168,2275,17,34,34,50.0
67169,256,33,33,33,100.0
67170,256,33,33,33,100.0
67171,256,29,33,33,87.87878787878788
67173,256,33,33,33,100.0
67174,256,15,33,33,45.45454545454545
67175,350,30,32,32,93.75
67176,350,32,32,32,100.0
67177,111,14,35,35,40.0
67178,111,35,35,35,100.0
67180,2099,33,33,33,100.0
67181,119,32,32,32,100.0
67182,119,30,32,32,93.75
67183,2065,11,32,32,34.375
67184,2729,28,33,33,84.84848484848484
67185,2065,13,32,32,40.625
67186,2729,33,33,33,100.0
67187,2065,12,32,32,37.5
67188,2729,23,33,33,69.6969696969697
67189,2729,27,33,33,81.81818181818181
67191,2142,4,33,33,12.121212121212121
67192,2142,4,33,33,12.121212121212121
67196,2142,32,33,33,96.96969696969697
67197,107,20,30,30,66.66666666666667
67198,107,30,30,30,100.0
67199,107,29,30,30,96.66666666666667
67201,107,22,30,30,73.33333333333333
67202,322,31,33,33,93.93939393939394
67203,322,32,33,33,96.96969696969697
67204,322,31,33,33,93.93939393939394
67205,322,13,33,33,39.39393939393939
67206,2329,30,30,30,100.0
67207,2329,30,30,30,100.0
67208,2329,7,30,30,23.333333333333332
67210,2329,30,30,30,100.0
67213,2352,30,30,30,100.0
67215,2426,31,32,32,96.875
67216,2426,12,32,32,37.5
67217,2426,21,32,32,65.625
67219,2426,15,32,32,46.875
67222,2426,32,32,32,100.0
67223,2026,21,29,29,72.41379310344827
67227,236,32,32,32,100.0
67228,236,30,32,32,93.75
67231,2643,28,30,30,93.33333333333333
67232,2643,21,30,30,70.0
67233,2643,30,30,30,100.0
67236,2166,25,32,32,78.125
67238,2166,32,32,32,100.0
67242,2210,11,33,33,33.333333333333336
67243,2210,33,33,33,100.0
67245,231,32,33,33,96.96969696969697
67246,231,7,33,33,21.21212121212121
67248,2306,29,32,32,90.625
67249,2306,31,32,32,96.875
67250,2306,32,32,32,100.0
67253,2641,23,32,32,71.875
67254,2641,9,32,32,28.125
67255,2641,30,32,32,93.75
67256,2641,32,32,32,100.0
67257,2226,20,28,28,71.42857142857143
67258,2226,28,28,28,100.0
67262,290,31,31,31,100.0
67263,290,27,31,31,87.09677419354838
67265,290,29,30,31,93.54838709677419
67268,290,6,31,31,19.35483870967742
67270,2430,31,33,33,93.93939393939394
67271,2430,25,33,33,75.75757575757575
67272,2430,28,33,33,84.84848484848484
67274,2430,24,33,33,72.72727272727273
67276,2535,32,32,32,100.0
67277,2535,32,32,32,100.0
67281,2535,10,32,32,31.25
67282,2717,18,32,32,56.25
67283,2747,32,35,35,91.42857142857143
67284,2747,35,35,35,100.0
67286,2000,30,31,31,96.7741935483871
67287,2000,31,31,31,100.0
67289,2000,31,31,31,100.0
67290,2000,25,31,31,80.64516129032258
67291,2000,31,31,31,100.0
67292,2000,31,31,31,100.0
67293,2000,20,31,31,64.51612903225806
67296,2000,20,31,31,64.51612903225806
67299,2110,26,29,29,89.65517241379311
67305,2277,24,28,28,85.71428571428571
67307,2277,28,28,28,100.0
67308,2277,28,28,28,100.0
67309,2277,22,28,28,78.57142857142857
67313,2916,27,29,29,93.10344827586206
67314,2916,28,29,29,96.55172413793103
67316,2916,23,29,29,79.3103448275862
67317,2916,29,29,29,100.0
67319,2916,12,29,29,41.37931034482759
67322,2320,30,30,30,100.0
67324,2320,29,30,30,96.66666666666667
67325,2320,23,30,30,76.66666666666667
67326,2320,30,30,30,100.0
67327,2377,31,31,31,100.0
67328,2377,28,31,31,90.3225806451613
67330,2377,12,31,31,38.70967741935484
67331,2443,29,29,29,100.0
67333,2443,29,29,29,100.0
67334,2443,29,29,29,100.0
67335,2443,28,29,29,96.55172413793103
67341,2099,24,33,33,72.72727272727273
67342,2099,33,33,33,100.0
67343,2099,33,33,33,100.0
67346,2099,33,33,33,100.0
67348,2447,29,29,29,100.0
67351,2466,30,32,32,93.75
67352,2217,28,31,31,90.3225806451613
67354,2217,18,31,31,58.064516129032256
67355,314,23,35,35,65.71428571428571
67357,314,34,35,35,97.14285714285714
67359,2363,33,33,33,100.0
67360,2466,31,32,32,96.875
67362,2363,19,33,33,57.57575757575758
67363,2466,32,32,32,100.0
67364,2466,22,32,32,68.75
67365,2368,22,32,32,68.75
67366,2368,16,32,32,50.0
67367,198,33,34,34,97.05882352941177
67368,198,33,34,34,97.05882352941177
67370,2405,13,33,33,39.39393939393939
67373,2405,33,33,33,100.0
67375,2405,33,33,33,100.0
67376,198,34,34,34,100.0
67377,2405,33,33,33,100.0
67380,198,20,34,34,58.8235294117647
67381,198,33,34,34,97.05882352941177
67382,2534,18,35,35,51.42857142857143
67383,2534,35,35,35,100.0
67384,2534,33,35,35,94.28571428571429
67385,2534,14,35,35,40.0
67386,2545,32,32,32,100.0
67387,2545,20,32,32,62.5
67389,2545,18,32,32,56.25
67392,2617,28,34,34,82.3529411764706
67394,2617,34,34,34,100.0
67395,2617,32,34,34,94.11764705882354
67396,2617,16,34,34,47.05882352941177
67397,2617,11,34,34,32.35294117647059
67413,357,33,34,34,97.05882352941177
67414,357,34,34,34,100.0
67417,2172,23,30,30,76.66666666666667
67418,2870,31,31,31,100.0
67421,85,21,31,31,67.74193548387096
67422,85,31,31,31,100.0
67423,85,31,31,31,100.0
67424,85,11,31,31,35.483870967741936
67425,2437,27,29,29,93.10344827586206
67426,2437,24,29,29,82.75862068965517
67427,2449,33,33,33,100.0
67428,2449,28,33,33,84.84848484848484
67430,2305,36,36,36,100.0
67431,2305,36,36,36,100.0
67432,2305,35,36,36,97.22222222222223
67439,233,19,33,33,57.57575757575758
67440,2571,31,35,35,88.57142857142857
67441,2571,19,35,35,54.285714285714285
67442,2571,25,35,35,71.42857142857143
67443,2571,8,35,35,22.857142857142858
67444,2710,28,28,28,100.0
67445,2710,15,28,28,53.57142857142857
67446,2710,28,28,28,100.0
67447,2710,20,28,28,71.42857142857143
67449,2031,25,31,31,80.64516129032258
67450,2031,21,31,31,67.74193548387096
67451,2032,29,29,29,100.0
67453,2247,27,35,35,77.14285714285714
67456,2447,29,29,29,100.0
67457,309,31,36,36,86.11111111111111
67458,309,20,36,36,55.55555555555556
67459,309,17,36,36,47.22222222222222
67460,2433,21,38,38,55.26315789473684
67461,2433,38,38,38,100.0
67462,2433,38,38,38,100.0
67463,2433,38,38,38,100.0
67464,2433,22,38,38,57.89473684210526
67466,2433,17,38,38,44.73684210526316
67467,6,33,33,33,100.0
67469,6,33,33,33,100.0
67472,6,21,33,33,63.63636363636363
67473,326,31,31,31,100.0
67477,326,22,31,31,70.96774193548387
67479,326,31,31,31,100.0
67480,315,30,30,30,100.0
67481,250,30,31,31,96.7741935483871
67482,315,30,30,30,100.0
67483,315,30,30,30,100.0
67484,250,31,31,31,100.0
67485,250,29,31,31,93.54838709677419
67486,250,31,31,31,100.0
67487,315,29,30,30,96.66666666666667
67489,326,30,31,31,96.7741935483871
67490,315,30,30,30,100.0
67493,2653,29,29,29,100.0
67495,2653,3,29,29,10.344827586206897
67497,2653,28,29,29,96.55172413793103
67499,2520,32,33,33,96.96969696969697
67502,2520,33,33,33,100.0
67503,2520,20,33,33,60.60606060606061
67504,98,16,32,32,50.0
67506,2612,34,34,34,100.0
67507,98,32,32,32,100.0
67508,2612,18,34,34,52.94117647058823
67511,2612,34,34,34,100.0
67512,2612,34,34,34,100.0
67513,2561,31,31,31,100.0
67514,2561,31,31,31,100.0
67517,2561,23,31,31,74.19354838709677
67518,2561,27,31,31,87.09677419354838
67520,2154,31,31,31,100.0
67521,2154,31,31,31,100.0
67522,2154,29,31,31,93.54838709677419
67523,2154,31,31,31,100.0
67524,2154,31,31,31,100.0
67526,2154,10,31,31,32.25806451612903
67528,2169,33,36,36,91.66666666666667
67529,2169,5,36,36,13.88888888888889
67531,2169,26,36,36,72.22222222222223
67532,2169,16,36,36,44.44444444444444
67533,2169,33,36,36,91.66666666666667
67534,2169,34,36,36,94.44444444444444
67535,2261,18,35,35,51.42857142857143
67536,2261,10,35,35,28.571428571428573
67537,103,22,32,32,68.75
67538,2261,21,35,35,60.0
67539,47,8,31,32,25.0
67540,47,4,32,32,12.5
67542,47,31,32,32,96.875
67544,47,30,32,32,93.75
67546,47,30,32,32,93.75
67547,47,21,32,32,65.625
67548,47,32,32,32,100.0
67549,47,30,32,32,93.75
67550,5,36,36,36,100.0
67551,2379,31,33,33,93.93939393939394
67552,2379,33,33,33,100.0
67553,2379,33,33,33,100.0
67554,2379,21,33,33,63.63636363636363
67555,2379,33,33,33,100.0
67556,2415,22,31,31,70.96774193548387
67557,2415,28,31,31,90.3225806451613
67558,2415,31,31,31,100.0
67565,2448,29,32,32,90.625
67569,2448,32,32,32,100.0
67570,2448,32,32,32,100.0
67571,2448,27,32,32,84.375
67572,2448,15,32,32,46.875
67573,2448,22,32,32,68.75
67575,2448,32,32,32,100.0
67576,2428,33,33,33,100.0
67577,2569,28,33,33,84.84848484848484
67580,2569,31,33,33,93.93939393939394
67582,2569,33,33,33,100.0
67583,2011,29,29,29,100.0
67584,2011,28,29,29,96.55172413793103
67588,2011,29,29,29,100.0
67590,2011,5,29,29,17.24137931034483
67591,2011,8,29,29,27.586206896551722
67592,2011,7,29,29,24.137931034482758
67594,2296,31,32,32,96.875
67596,2296,32,32,32,100.0
67598,2296,32,32,32,100.0
67600,2296,25,32,32,78.125
67601,2400,32,32,32,100.0
67603,2400,32,32,32,100.0
67605,2428,33,33,33,100.0
67607,2582,35,35,35,100.0
67608,2582,9,35,35,25.714285714285715
67611,2640,10,35,35,28.571428571428573
67614,2640,9,35,35,25.714285714285715
67616,158,16,31,31,51.61290322580645
67619,158,30,31,31,96.7741935483871
67620,58,28,32,32,87.5
67621,58,28,32,32,87.5
67623,59,31,31,31,100.0
67624,58,19,32,32,59.375
67625,58,31,32,32,96.875
67627,2567,7,34,34,20.58823529411765
67628,2116,30,30,30,100.0
67630,2116,29,30,30,96.66666666666667
67633,183,28,31,31,90.3225806451613
67636,526,9,33,33,27.272727272727273
67640,288,29,31,31,93.54838709677419
67645,2603,31,31,31,100.0
67646,2603,21,31,31,67.74193548387096
67647,2603,14,31,31,45.16129032258065
67649,66,8,34,34,23.529411764705884
67651,251,5,30,34,14.705882352941176
67652,251,24,34,34,70.58823529411765
67654,251,34,34,34,100.0
67656,277,33,35,35,94.28571428571429
67663,253,29,29,29,100.0
67664,253,29,29,29,100.0
67665,253,29,29,29,100.0
67666,253,29,29,29,100.0
67667,253,27,29,29,93.10344827586206
67673,2506,32,32,32,100.0
67675,2294,34,34,34,100.0
67676,2294,9,34,34,26.470588235294116
67677,130,17,32,32,53.125
67682,2572,18,19,29,62.06896551724138
67713,2006,34,35,35,97.14285714285714
67714,2363,33,33,33,100.0
67715,2005,9,31,31,29.032258064516128
67717,2005,30,31,31,96.7741935483871
67719,2005,30,31,31,96.7741935483871
67724,68,32,34,34,94.11764705882354
67725,68,34,34,34,100.0
67726,68,11,34,34,32.35294117647059
67727,68,32,34,34,94.11764705882354
67732,2440,9,31,31,29.032258064516128
67733,167,22,31,31,70.96774193548387
67734,167,31,31,31,100.0
67735,167,3,31,31,9.67741935483871
67737,167,29,31,31,93.54838709677419
67739,2181,31,31,31,100.0
67741,339,30,36,36,83.33333333333333
67742,339,36,36,36,100.0
67743,339,36,36,36,100.0
67745,339,36,36,36,100.0
67746,2287,25,35,35,71.42857142857143
67749,2724,35,35,35,100.0
67750,2724,26,35,35,74.28571428571429
67751,2724,33,35,35,94.28571428571429
67752,2724,12,35,35,34.285714285714285
67755,116,10,30,30,33.333333333333336
67797,2546,5,30,30,16.666666666666668
67798,2635,30,30,30,100.0
67801,2635,28,30,30,93.33333333333333
67802,2635,25,30,30,83.33333333333333
67803,2635,27,30,30,90.0
67807,2483,4,36,36,11.11111111111111
67809,26,36,36,36,100.0
67810,264,31,31,31,100.0
67811,264,26,31,31,83.87096774193549
67814,264,30,31,31,96.7741935483871
68083,2250,13,38,38,34.21052631578947
68085,2250,11,38,38,28.94736842105263
68089,2351,27,31,31,87.09677419354838
68090,2351,24,31,31,77.41935483870968
68095,2617,32,34,34,94.11764705882354
68098,2296,21,32,32,65.625
68099,2428,16,33,33,48.484848484848484
68100,2542,24,31,31,77.41935483870968
68101,2542,8,30,31,25.806451612903224
68102,2542,31,31,31,100.0
68103,2542,30,31,31,96.7741935483871
68105,2542,23,31,31,74.19354838709677
68106,2542,31,31,31,100.0
68107,2514,26,30,30,86.66666666666667
68108,2514,15,30,30,50.0
68115,2016,32,32,32,100.0
68116,2016,32,32,32,100.0
68117,2016,9,14,32,28.125
68118,2755,23,29,29,79.3103448275862
68119,2755,26,29,29,89.65517241379311
68120,2755,26,29,29,89.65517241379311
68124,2755,29,29,29,100.0
68125,2755,27,29,29,93.10344827586206
68127,2755,29,29,29,100.0
68128,2400,17,32,32,53.125
68129,2400,11,32,32,34.375
68130,2934,31,33,33,93.93939393939394
68133,166,34,34,34,100.0
68134,292,26,31,31,83.87096774193549
68136,292,29,31,31,93.54838709677419
68520,2504,17,33,33,51.515151515151516
68522,2010,23,29,29,79.3103448275862
68523,2010,29,29,29,100.0
68532,277,21,35,35,60.0
68694,2,25,35,35,71.42857142857143
68697,2029,27,32,32,84.375
68698,2029,32,32,32,100.0
68699,2029,23,31,32,71.875
68700,2029,21,31,32,65.625
2229314,16,33,33,33,100.0
2610607,2193,4,30,30,13.333333333333334
2617916,2335,32,32,32,100.0
2951047,163,23,30,30,76.66666666666667
3043210,23,1,20,30,3.3333333333333335
3056613,23,3,20,30,10.0
3057223,2640,9,26,35,25.714285714285715
3058272,232,32,33,33,96.96969696969697
3058796,338,6,32,32,18.75
3058797,338,32,32,32,100.0
3059414,71,31,33,33,93.93939393939394
3059512,79,22,33,33,66.66666666666667
3062804,325,27,34,34,79.41176470588235
3064324,2450,17,34,34,50.0
3064332,2569,33,33,33,100.0
3064703,2277,14,28,28,50.0
3074800,2306,31,32,32,96.875
3077412,2428,31,33,33,93.93939393939394
3077451,2582,31,35,35,88.57142857142857
3077886,120,33,35,35,94.28571428571429
3078214,154,5,32,32,15.625
3078334,27,31,31,31,100.0
3078503,2459,28,30,30,93.33333333333333
3078654,111,31,35,35,88.57142857142857
3078927,2377,26,31,31,83.87096774193549
3079114,193,5,32,32,15.625
3079276,2349,29,29,29,100.0
3079782,3084,27,30,30,90.0
3079808,254,19,35,35,54.285714285714285
3079836,2448,8,32,32,25.0
3080366,47,32,32,32,100.0
3080874,3084,14,30,30,46.666666666666664
3081478,57,7,33,33,21.21212121212121
3081912,164,15,32,32,46.875
3083086,290,6,31,31,19.35483870967742
3085293,57,31,33,33,93.93939393939394
3085606,299,25,33,33,75.75757575757575
3089433,252,33,35,35,94.28571428571429
3090195,2363,10,33,33,30.303030303030305
3090367,58,15,32,32,46.875
3090679,2608,30,31,31,96.7741935483871
3090921,227,31,33,33,93.93939393939394
3093022,219,16,28,28,57.142857142857146
3123848,242,24,26,32,75.0
3129673,228,19,31,31,61.29032258064516
3129674,228,31,31,31,100.0
3129896,2097,26,32,32,81.25
3129897,2097,31,32,32,96.875
3129898,2097,32,32,32,100.0
3129901,2127,4,31,31,12.903225806451612
3129902,2127,25,31,31,80.64516129032258
3129903,2127,23,31,31,74.19354838709677
3129904,2127,25,31,31,80.64516129032258
3129905,2127,30,31,31,96.7741935483871
3129906,2127,21,31,31,67.74193548387096
3129907,2127,31,31,31,100.0
3129908,324,27,34,34,79.41176470588235
3129909,2241,35,35,35,100.0
3129912,2241,10,35,35,28.571428571428573
3129914,2272,27,33,33,81.81818181818181
3129915,2272,17,33,33,51.515151515151516
3129916,2272,23,33,33,69.6969696969697
3129918,2344,33,34,34,97.05882352941177
3129919,2344,24,34,34,70.58823529411765
3129921,2344,34,34,34,100.0
3129922,2427,7,31,31,22.580645161290324
3129923,2427,23,31,31,74.19354838709677
3129924,2427,13,31,31,41.935483870967744
3129925,2427,29,31,31,93.54838709677419
3129926,2427,15,31,31,48.38709677419355
3129927,2506,32,32,32,100.0
3129928,2506,29,32,32,90.625
3129929,2506,20,32,32,62.5
3129931,2506,32,32,32,100.0
3129932,2737,32,32,32,100.0
3129933,2737,27,32,32,84.375
3129934,232,31,33,33,93.93939393939394
3129935,232,32,33,33,96.96969696969697
3129937,232,33,33,33,100.0
3129938,48,23,30,30,76.66666666666667
3129939,48,30,30,30,100.0
3129940,48,29,30,30,96.66666666666667
3129941,48,19,30,30,63.333333333333336
3129942,48,26,30,30,86.66666666666667
3129943,2182,24,30,30,80.0
3129944,2182,20,30,30,66.66666666666667
3129945,2182,30,30,30,100.0
3129946,2182,27,30,30,90.0
3129947,2210,33,33,33,100.0
3129948,2210,32,33,33,96.96969696969697
3129949,2210,31,33,33,93.93939393939394
3129951,2210,33,33,33,100.0
3129952,2275,34,34,34,100.0
3129953,2275,27,34,34,79.41176470588235
3129954,2275,17,34,34,50.0
3129956,256,32,33,33,96.96969696969697
3129957,256,26,33,33,78.78787878787878
3129959,256,19,33,33,57.57575757575758
3129961,350,27,32,32,84.375
3129962,350,32,32,32,100.0
3129964,2729,18,33,33,54.54545454545455
3129965,2729,33,33,33,100.0
3129967,2729,24,33,33,72.72727272727273
3130510,526,33,33,33,100.0
3130511,526,26,33,33,78.78787878787878
3130514,338,12,32,32,37.5
3130516,288,26,31,31,83.87096774193549
3130517,288,28,31,31,90.3225806451613
3130518,288,30,31,31,96.7741935483871
3130519,288,30,31,31,96.7741935483871
3130525,94,30,30,30,100.0
3130526,94,17,30,30,56.666666666666664
3130531,56,31,31,31,100.0
3130532,56,31,31,31,100.0
3130533,56,15,31,31,48.38709677419355
3130534,56,31,31,31,100.0
3130536,56,9,31,31,29.032258064516128
3130537,56,31,31,31,100.0
3130549,104,12,30,30,40.0
3130550,104,29,30,30,96.66666666666667
3130551,104,16,30,30,53.333333333333336
3130556,2142,31,33,33,93.93939393939394
3130557,2142,13,33,33,39.39393939393939
3130560,107,23,30,30,76.66666666666667
3130563,2329,30,30,30,100.0
3130564,2329,5,30,30,16.666666666666668
3130565,2329,30,30,30,100.0
3130568,2352,30,30,30,100.0
3130569,2352,28,30,30,93.33333333333333
3130571,2352,30,30,30,100.0
3130572,2352,30,30,30,100.0
3130577,2253,22,32,32,68.75
3130578,2253,30,32,32,93.75
3130579,2253,32,32,32,100.0
3130582,2253,5,32,32,15.625
3130607,140,25,33,33,75.75757575757575
3130608,140,33,33,33,100.0
3130609,140,30,33,33,90.9090909090909
3130610,140,30,33,33,90.9090909090909
3130611,140,33,33,33,100.0
3130612,140,25,33,33,75.75757575757575
3130693,2110,27,29,29,93.10344827586206
3130694,2110,28,29,29,96.55172413793103
3130695,2110,29,29,29,100.0
3130696,2110,22,29,29,75.86206896551724
3130697,2110,28,29,29,96.55172413793103
3130698,2110,25,29,29,86.20689655172414
3130700,2110,29,29,29,100.0
3130703,2277,20,28,28,71.42857142857143
3130704,2277,9,28,28,32.142857142857146
3130705,2277,27,28,28,96.42857142857143
3130710,2443,23,29,29,79.3103448275862
3130711,2443,28,29,29,96.55172413793103
3130712,2443,23,29,29,79.3103448275862
3130713,2443,29,29,29,100.0
3130714,2466,32,32,32,100.0
3130715,2466,32,32,32,100.0
3130716,2466,7,32,32,21.875
3130717,2466,27,32,32,84.375
3130719,2466,17,32,32,53.125
3130723,2534,16,35,35,45.714285714285715
3130724,2617,34,34,34,100.0
3130725,2617,31,34,34,91.17647058823529
3130726,2617,34,34,34,100.0
3130727,2617,16,34,34,47.05882352941177
3130736,399,30,33,33,90.9090909090909
3130737,399,12,33,33,36.36363636363637
3130739,399,31,33,33,93.93939393939394
3130740,399,33,33,33,100.0
3130741,399,33,33,33,100.0
3130742,399,33,33,33,100.0
3130745,42,10,30,30,33.333333333333336
3130746,42,30,30,30,100.0
3130747,42,14,30,30,46.666666666666664
3130749,2349,29,29,29,100.0
3130752,2349,26,29,29,89.65517241379311
3130754,2349,2,29,29,6.896551724137931
3130755,2349,22,29,29,75.86206896551724
3130757,160,27,32,32,84.375
3130758,160,29,32,32,90.625
3130759,160,30,32,32,93.75
3130760,2619,35,35,35,100.0
3130761,2619,33,35,35,94.28571428571429
3130762,2619,32,35,35,91.42857142857143
3130763,261,31,34,34,91.17647058823529
3130765,261,34,34,34,100.0
3130766,261,34,34,34,100.0
3130767,261,4,34,34,11.764705882352942
3130768,261,30,34,34,88.23529411764706
3131628,356,33,33,33,100.0
3131630,120,30,35,35,85.71428571428571
3131631,120,35,35,35,100.0
3131632,120,35,35,35,100.0
3131633,120,35,35,35,100.0
3132041,2132,26,34,34,76.47058823529412
3132042,2132,34,34,34,100.0
3132043,2132,34,34,34,100.0
3132045,248,9,32,32,28.125
3132046,248,16,32,32,50.0
3132047,248,27,32,32,84.375
3132050,235,27,32,32,84.375
3132052,235,18,32,32,56.25
3132054,58,32,32,32,100.0
3132055,58,28,32,32,87.5
3132056,58,29,32,32,90.625
3132057,58,29,32,32,90.625
3132058,58,30,32,32,93.75
3132059,2655,31,31,31,100.0
3132062,2116,26,30,30,86.66666666666667
3132064,2116,30,30,30,100.0
3132065,2116,17,30,30,56.666666666666664
3132068,2116,24,30,30,80.0
3132359,2429,32,32,32,100.0
3132360,2429,32,32,32,100.0
3132365,2229,30,33,33,90.9090909090909
3132366,2229,9,33,33,27.272727272727273
3132367,2229,33,33,33,100.0
3132372,2348,36,36,36,100.0
3132373,2348,29,36,36,80.55555555555556
3132374,2348,28,36,36,77.77777777777777
3132375,2348,27,36,36,75.0
3132377,2348,36,36,36,100.0
3132378,2348,25,36,36,69.44444444444444
3132416,276,14,32,32,43.75
3132418,276,32,32,32,100.0
3132419,276,27,32,32,84.375
3132420,276,32,32,32,100.0
3132429,2393,36,36,36,100.0
3132430,2393,26,36,36,72.22222222222223
3132431,2393,35,36,36,97.22222222222223
3132433,2393,22,36,36,61.111111111111114
3132434,2393,35,36,36,97.22222222222223
3132436,2393,27,36,36,75.0
3132437,2393,36,36,36,100.0
3132446,249,28,31,31,90.3225806451613
3132447,249,31,31,31,100.0
3132448,249,28,31,31,90.3225806451613
3132449,249,27,31,31,87.09677419354838
3132451,249,4,31,31,12.903225806451612
3132452,249,17,31,31,54.83870967741935
3132467,242,32,32,32,100.0
3132468,242,25,32,32,78.125
3132469,242,12,32,32,37.5
3132470,242,12,32,32,37.5
3132482,5,35,36,36,97.22222222222223
3132483,5,36,36,36,100.0
3132484,5,11,36,36,30.555555555555557
3132485,5,33,36,36,91.66666666666667
3132486,5,26,36,36,72.22222222222223
3132488,5,9,36,36,25.0
3132529,2636,5,30,30,16.666666666666668
3132530,2636,26,30,30,86.66666666666667
3132531,2636,21,30,30,70.0
3132532,2636,30,30,30,100.0
3132533,2636,27,30,30,90.0
3132536,2638,33,33,33,100.0
3132538,2638,19,33,33,57.57575757575758
3132543,98,3,32,32,9.375
3132544,98,29,32,32,90.625
3132546,98,17,32,32,53.125
3132547,98,31,32,32,96.875
3133269,2065,32,32,32,100.0
3133270,2065,22,32,32,68.75
3133271,2065,25,32,32,78.125
3133594,2086,34,34,34,100.0
3133595,2086,16,34,34,47.05882352941177
3133596,2086,34,34,34,100.0
3133597,66,12,34,34,35.294117647058826
3133599,66,8,34,34,23.529411764705884
3133600,2305,28,36,36,77.77777777777777
3133601,2305,29,36,36,80.55555555555556
3133602,2305,25,36,36,69.44444444444444
3133603,2305,36,36,36,100.0
3133605,2306,27,32,32,84.375
3133606,2306,21,32,32,65.625
3133609,201,34,35,35,97.14285714285714
3133611,201,34,35,35,97.14285714285714
3133623,2628,26,33,33,78.78787878787878
3133624,2628,10,33,33,30.303030303030305
3133625,2628,14,33,33,42.42424242424242
3133626,2628,33,33,33,100.0
3133627,251,20,34,34,58.8235294117647
3133628,251,34,34,34,100.0
3133629,2641,32,32,32,100.0
3133630,2641,16,32,32,50.0
3133631,2641,9,23,32,28.125
3133632,2641,31,32,32,96.875
3133633,2641,31,32,32,96.875
3133634,2641,32,32,32,100.0
3133635,277,35,35,35,100.0
3133636,277,35,35,35,100.0
3133637,277,34,35,35,97.14285714285714
3133638,277,34,35,35,97.14285714285714
3133639,277,18,35,35,51.42857142857143
3133794,2166,31,32,32,96.875
3133795,2166,22,32,32,68.75
3133796,2166,32,32,32,100.0
3133797,2166,32,32,32,100.0
3133798,2166,12,32,32,37.5
3133805,2168,36,36,36,100.0
3133808,2184,24,31,31,77.41935483870968
3133809,2184,29,31,31,93.54838709677419
3133810,2184,20,31,31,64.51612903225806
3133816,2230,27,31,31,87.09677419354838
3133817,2230,27,31,31,87.09677419354838
3133818,2230,8,31,31,25.806451612903224
3133819,2230,31,31,31,100.0
3133820,2230,26,31,31,83.87096774193549
3133821,2244,31,31,31,100.0
3133822,2244,5,31,31,16.129032258064516
3133824,2244,30,31,31,96.7741935483871
3133825,2244,31,31,31,100.0
3133836,45,35,35,35,100.0
3133837,45,21,35,35,60.0
3133838,45,35,35,35,100.0
3133839,45,32,35,35,91.42857142857143
3133840,45,22,35,35,62.857142857142854
3133842,227,33,33,33,100.0
3133843,227,33,33,33,100.0
3133848,257,23,35,35,65.71428571428571
3133854,2603,31,31,31,100.0
3133855,2603,4,31,31,12.903225806451612
3133857,2603,31,31,31,100.0
3133865,139,32,32,32,100.0
3133866,139,32,32,32,100.0
3133867,139,31,32,32,96.875
3133868,139,26,32,32,81.25
3133869,139,30,32,32,93.75
3133870,139,32,32,32,100.0
3133871,179,28,31,31,90.3225806451613
3133872,179,27,31,31,87.09677419354838
3133874,179,22,31,31,70.96774193548387
3133891,2174,33,33,33,100.0
3133892,2739,33,33,33,100.0
3133893,2739,19,33,33,57.57575757575758
3133894,2739,17,33,33,51.515151515151516
3133907,82,20,34,34,58.8235294117647
3133908,82,28,34,34,82.3529411764706
3133911,82,25,34,34,73.52941176470588
3133912,82,28,34,34,82.3529411764706
3133913,2473,8,33,33,24.242424242424242
3133914,2473,8,33,33,24.242424242424242
3133915,2473,26,33,33,78.78787878787878
3133916,2473,16,33,33,48.484848484848484
3133919,2674,34,34,34,100.0
3133920,2674,28,34,34,82.3529411764706
3133921,2674,34,34,34,100.0
3133922,2674,34,34,34,100.0
3133933,2750,31,31,31,100.0
3133934,2750,27,31,31,87.09677419354838
3133936,2750,21,31,31,67.74193548387096
3133937,2750,31,31,31,100.0
3133938,2750,26,31,31,83.87096774193549
3133939,2750,28,31,31,90.3225806451613
3133941,2754,17,32,32,53.125
3133945,2754,22,32,32,68.75
3133946,2754,28,32,32,87.5
3133956,2803,31,31,31,100.0
3133957,2803,9,31,31,29.032258064516128
3133958,2803,17,31,31,54.83870967741935
3133960,161,29,29,29,100.0
3133962,161,29,29,29,100.0
3133963,161,24,29,29,82.75862068965517
3133966,116,30,30,30,100.0
3133967,116,13,30,30,43.333333333333336
3133968,116,15,30,30,50.0
3133969,2523,35,35,35,100.0
3133971,2523,35,35,35,100.0
3133972,2523,11,35,35,31.428571428571427
3133973,2523,32,35,35,91.42857142857143
3133974,2523,24,35,35,68.57142857142857
3133975,2523,32,35,35,91.42857142857143
3133976,2597,35,35,35,100.0
3133977,2597,35,35,35,100.0
3133978,2597,28,35,35,80.0
3133979,2597,28,35,35,80.0
3134084,269,31,32,32,96.875
3134246,331,28,34,34,82.3529411764706
3134247,331,34,34,34,100.0
3134275,70,30,30,30,100.0
3134276,70,6,30,30,20.0
3134277,70,14,30,30,46.666666666666664
3134495,147,30,30,30,100.0
3134496,147,24,30,30,80.0
3134498,147,24,30,30,80.0
3134499,147,11,30,30,36.666666666666664
3134500,2464,4,38,38,10.526315789473685
3134501,2464,24,38,38,63.1578947368421
3134502,2464,12,38,38,31.57894736842105
3134503,2458,9,30,30,30.0
3134504,2502,13,29,29,44.827586206896555
3134505,2502,23,29,29,79.3103448275862
3134507,2502,23,29,29,79.3103448275862
3134881,12,38,38,38,100.0
3134882,12,35,38,38,92.10526315789474
3134883,12,8,38,38,21.05263157894737
3134884,12,34,38,38,89.47368421052632
3134885,9,31,34,34,91.17647058823529
3134886,9,34,34,34,100.0
3134887,9,32,34,34,94.11764705882354
3134888,9,18,34,34,52.94117647058823
3134889,9,6,34,34,17.647058823529413
3134890,9,20,34,34,58.8235294117647
3134891,25,22,33,33,66.66666666666667
3134892,25,30,33,33,90.9090909090909
3134894,38,30,34,34,88.23529411764706
3134895,38,30,34,34,88.23529411764706
3134897,2483,34,36,36,94.44444444444444
3134898,2483,36,36,36,100.0
3134900,2483,36,36,36,100.0
3134901,2483,18,36,36,50.0
3134903,204,31,31,31,100.0
3134904,204,10,31,31,32.25806451612903
3134905,254,35,35,35,100.0
3134907,254,31,35,35,88.57142857142857
3134908,254,34,35,35,97.14285714285714
3134910,254,33,35,35,94.28571428571429
3134911,24,36,37,37,97.29729729729729
3134912,24,30,37,37,81.08108108108108
3134913,24,31,37,37,83.78378378378379
3134914,24,28,37,37,75.67567567567568
3134915,30,32,32,32,100.0
3134916,30,22,32,32,68.75
3134917,30,29,32,32,90.625
3134918,30,32,32,32,100.0
3134923,265,16,31,31,51.61290322580645
3134924,265,11,31,31,35.483870967741936
3134925,265,15,31,31,48.38709677419355
3134927,265,31,31,31,100.0
3134928,2172,15,30,30,50.0
3134929,2172,18,30,30,60.0
3134930,2172,24,30,30,80.0
3134931,2172,17,30,30,56.666666666666664
3134933,2870,31,31,31,100.0
3134936,2870,30,31,31,96.7741935483871
3134937,85,8,31,31,25.806451612903224
3134938,85,31,31,31,100.0
3134940,85,28,31,31,90.3225806451613
3135037,2437,25,29,29,86.20689655172414
3135038,2437,27,29,29,93.10344827586206
3135039,2449,13,33,33,39.39393939393939
3135040,2449,32,33,33,96.96969696969697
3135041,2449,11,33,33,33.333333333333336
3135044,2449,17,33,33,51.515151515151516
3135045,150,34,39,39,87.17948717948718
3135046,150,39,39,39,100.0
3135047,150,39,39,39,100.0
3135048,150,38,39,39,97.43589743589743
3135050,198,31,34,34,91.17647058823529
3135053,198,34,34,34,100.0
3135054,52,33,33,33,100.0
3135055,52,19,33,33,57.57575757575758
3135056,52,33,33,33,100.0
3135057,59,30,31,31,96.7741935483871
3135059,59,8,31,31,25.806451612903224
3135061,59,19,31,31,61.29032258064516
3135075,2415,25,31,31,80.64516129032258
3135078,2415,10,31,31,32.25806451612903
3135079,2415,19,31,31,61.29032258064516
3135094,252,21,35,35,60.0
3135096,252,34,35,35,97.14285714285714
3135097,252,26,35,35,74.28571428571429
3135098,252,26,35,35,74.28571428571429
3135118,2351,15,31,31,48.38709677419355
3135119,2351,17,31,31,54.83870967741935
3135120,2351,29,31,31,93.54838709677419
3135121,2351,15,31,31,48.38709677419355
3135122,2351,28,31,31,90.3225806451613
3135123,2351,31,31,31,100.0
3135128,279,23,31,31,74.19354838709677
3135129,279,31,31,31,100.0
3135130,279,31,31,31,100.0
3135131,279,31,31,31,100.0
3135132,279,11,31,31,35.483870967741936
3135133,279,31,31,31,100.0
3135134,279,11,31,31,35.483870967741936
3135135,279,6,30,31,19.35483870967742
3136083,2681,30,30,30,100.0
3136084,2681,30,30,30,100.0
3136085,2681,30,30,30,100.0
3136086,2681,27,30,30,90.0
3136087,2681,24,30,30,80.0
3136088,2681,29,30,30,96.66666666666667
3136168,333,34,34,34,100.0
3136171,333,14,34,34,41.1764705882353
3136172,333,34,34,34,100.0
3136173,8,26,36,36,72.22222222222223
3136174,8,35,36,36,97.22222222222223
3136175,8,12,36,36,33.333333333333336
3136176,2,34,35,35,97.14285714285714
3136177,2,27,35,35,77.14285714285714
3136178,2,7,35,35,20.0
3136182,61,11,33,33,33.333333333333336
3136183,61,32,33,33,96.96969696969697
3136193,96,38,39,39,97.43589743589743
3136194,96,37,39,39,94.87179487179488
3136195,96,39,39,39,100.0
3136196,96,36,39,39,92.3076923076923
3136215,99,11,33,33,33.333333333333336
3136216,99,31,33,33,93.93939393939394
3136217,99,14,33,33,42.42424242424242
3136220,145,6,34,34,17.647058823529413
3136221,145,13,34,34,38.23529411764706
3136458,2571,35,35,35,100.0
3136459,2571,35,35,35,100.0
3136461,2571,35,35,35,100.0
3136463,2710,27,28,28,96.42857142857143
3136465,2710,28,28,28,100.0
3136466,2710,24,28,28,85.71428571428571
3136468,2710,26,28,28,92.85714285714286
3136469,2507,34,34,34,100.0
3136470,2507,34,34,34,100.0
3136471,2507,34,34,34,100.0
3136472,2507,33,34,34,97.05882352941177
3136474,2550,31,31,31,100.0
3136476,2550,16,31,31,51.61290322580645
3136477,2550,22,31,31,70.96774193548387
3136478,2550,31,31,31,100.0
3136479,2550,31,31,31,100.0
3136480,2752,22,37,37,59.45945945945946
3136481,2752,37,37,37,100.0
3136483,2752,34,37,37,91.89189189189189
3136484,2752,23,37,37,62.16216216216216
3136485,2752,6,37,37,16.216216216216218
3136487,2294,15,27,34,44.11764705882353
3136488,2294,7,34,34,20.58823529411765
3136489,2294,33,34,34,97.05882352941177
3136490,130,32,32,32,100.0
3136491,130,5,32,32,15.625
3136492,130,29,32,32,90.625
3136493,130,28,32,32,87.5
3136495,130,31,32,32,96.875
3136496,135,13,33,33,39.39393939393939
3136497,135,25,33,33,75.75757575757575
3136498,135,7,28,33,21.21212121212121
3136499,135,33,33,33,100.0
3136500,135,33,33,33,100.0
3136501,158,31,31,31,100.0
3136502,158,22,31,31,70.96774193548387
3136503,158,11,31,31,35.483870967741936
3136510,2492,30,32,32,93.75
3136511,2492,13,32,32,40.625
3136512,2492,24,32,32,75.0
3136514,344,7,32,32,21.875
3136515,344,29,32,32,90.625
3136517,344,32,32,32,100.0
3136518,344,31,32,32,96.875
3136519,301,6,31,31,19.35483870967742
3136520,301,31,31,31,100.0
3136521,301,17,31,31,54.83870967741935
3136522,301,31,31,31,100.0
3136523,2539,16,32,32,50.0
3136524,2539,31,32,32,96.875
3136525,2539,8,32,32,25.0
3136531,2541,19,32,32,59.375
3136532,2541,22,31,32,68.75
3136533,2541,32,32,32,100.0
3136534,2541,30,32,32,93.75
3136535,142,27,32,32,84.375
3136536,142,32,32,32,100.0
3136537,142,30,32,32,93.75
3136538,142,27,32,32,84.375
3136539,142,23,32,32,71.875
3136543,2579,7,33,33,21.21212121212121
3136544,2579,28,33,33,84.84848484848484
3136622,245,12,33,33,36.36363636363637
3136624,245,32,33,33,96.96969696969697
3136625,245,29,33,33,87.87878787878788
3136626,245,32,33,33,96.96969696969697
3136696,238,35,35,35,100.0
3136697,238,34,35,35,97.14285714285714
3136698,238,35,35,35,100.0
3136699,238,31,35,35,88.57142857142857
3136700,238,33,35,35,94.28571428571429
3136745,77,15,32,32,46.875
3136746,77,32,32,32,100.0
3136747,77,31,32,32,96.875
3136749,77,32,32,32,100.0
3136750,77,28,32,32,87.5
3136776,194,35,35,35,100.0
3136777,194,35,35,35,100.0
3136779,194,33,35,35,94.28571428571429
3136780,213,19,34,34,55.88235294117647
3136782,213,34,34,34,100.0
3136801,16,10,33,33,30.303030303030305
3136803,16,21,33,33,63.63636363636363
3136846,253,29,29,29,100.0
3136847,253,21,29,29,72.41379310344827
3136848,253,16,29,29,55.172413793103445
3136849,253,26,29,29,89.65517241379311
3136851,2692,30,30,30,100.0
3136852,2692,28,30,30,93.33333333333333
3136854,2692,30,30,30,100.0
3136855,2692,24,30,30,80.0
3136896,2006,35,35,35,100.0
3136897,2006,26,35,35,74.28571428571429
3136908,189,31,33,33,93.93939393939394
3136909,189,33,33,33,100.0
3136910,189,33,33,33,100.0
3136911,189,15,33,33,45.45454545454545
3136929,2084,33,33,33,100.0
3136931,2084,4,33,33,12.121212121212121
3136932,2084,32,33,33,96.96969696969697
3136933,2084,33,33,33,100.0
3136937,2117,32,32,32,100.0
3136939,2117,32,32,32,100.0
3136941,2309,32,35,35,91.42857142857143
3136942,2309,21,35,35,60.0
3136981,193,31,32,32,96.875
3136982,193,14,32,32,43.75
3136983,193,32,32,32,100.0
3136985,193,27,32,32,84.375
3136989,2509,33,34,34,97.05882352941177
3136990,2509,34,34,34,100.0
3136991,2509,34,34,34,100.0
3136992,2509,6,34,34,17.647058823529413
3136993,2509,30,34,34,88.23529411764706
3137001,195,29,30,30,96.66666666666667
3137002,195,30,30,30,100.0
3137003,2649,32,33,33,96.96969696969697
3137005,2649,33,33,33,100.0
3137150,236,6,32,32,18.75
3137151,236,30,32,32,93.75
3137152,236,30,32,32,93.75
3137156,236,8,32,32,25.0
3137157,2643,10,30,30,33.333333333333336
3137158,2643,12,30,30,40.0
3137159,2643,29,30,30,96.66666666666667
3137162,2382,30,35,35,85.71428571428571
3137163,2382,34,35,35,97.14285714285714
3137165,2382,13,35,35,37.142857142857146
3137166,2382,22,35,35,62.857142857142854
3137167,2382,18,35,35,51.42857142857143
3137168,2382,34,35,35,97.14285714285714
3137169,2430,21,33,33,63.63636363636363
3137171,2430,8,33,33,24.242424242424242
3137219,2535,32,32,32,100.0
3137220,2535,26,32,32,81.25
3137221,2535,32,32,32,100.0
3137222,2535,31,32,32,96.875
3137223,2535,32,32,32,100.0
3137225,2535,31,32,32,96.875
3137231,2747,32,35,35,91.42857142857143
3137234,2747,32,35,35,91.42857142857143
3137242,13,26,29,29,89.65517241379311
3137244,2463,30,33,33,90.9090909090909
3137247,2463,2,33,33,6.0606060606060606
3137248,2463,26,33,33,78.78787878787878
3137252,299,33,33,33,100.0
3137253,299,29,33,33,87.87878787878788
3137254,299,33,33,33,100.0
3137256,299,32,33,33,96.96969696969697
3137259,2540,28,33,33,84.84848484848484
3137261,2540,29,33,33,87.87878787878788
3137262,2540,3,33,33,9.090909090909092
3137694,36,33,34,34,97.05882352941177
3137700,278,17,32,32,53.125
3137701,278,32,32,32,100.0
3137702,2440,31,31,31,100.0
3137703,2440,21,31,31,67.74193548387096
3137704,2440,24,31,31,77.41935483870968
3137705,2440,31,31,31,100.0
3137706,167,29,31,31,93.54838709677419
3137707,167,19,31,31,61.29032258064516
3137708,167,30,31,31,96.7741935483871
3137709,167,29,31,31,93.54838709677419
3137711,21,16,36,36,44.44444444444444
3137712,21,35,36,36,97.22222222222223
3137714,21,31,36,36,86.11111111111111
3137715,23,9,30,30,30.0
3137716,23,25,30,30,83.33333333333333
3137717,23,29,30,30,96.66666666666667
3137718,23,24,30,30,80.0
3137719,23,28,30,30,93.33333333333333
3137720,328,11,31,31,35.483870967741936
3137721,328,31,31,31,100.0
3137722,328,31,31,31,100.0
3137724,328,29,31,31,93.54838709677419
3137727,328,31,31,31,100.0
3137728,328,28,31,31,90.3225806451613
3137729,2439,32,33,33,96.96969696969697
3137730,2439,32,33,33,96.96969696969697
3137731,2439,33,33,33,100.0
3137732,2439,31,33,33,93.93939393939394
3137733,2439,23,33,33,69.6969696969697
3137768,2751,20,35,35,57.142857142857146
3137769,2751,14,35,35,40.0
3137771,2751,25,35,35,71.42857142857143
3137795,57,33,33,33,100.0
3137798,57,33,33,33,100.0
3138145,2390,34,38,38,89.47368421052632
3138146,2390,38,38,38,100.0
3138147,2390,36,38,38,94.73684210526316
3138148,2390,21,38,38,55.26315789473684
3138154,153,24,38,38,63.1578947368421
3138155,153,30,38,38,78.94736842105263
3138156,153,38,38,38,100.0
3138158,152,36,36,36,100.0
3138160,152,36,36,36,100.0
3138161,152,19,36,36,52.77777777777778
3138190,87,15,38,38,39.473684210526315
3138191,87,22,38,38,57.89473684210526
3138192,87,32,38,38,84.21052631578948
3138196,221,8,34,34,23.529411764705884
3138197,221,22,34,34,64.70588235294117
3138201,258,34,34,34,100.0
3138202,258,13,34,34,38.23529411764706
3138203,258,28,34,34,82.3529411764706
3138206,2670,35,36,36,97.22222222222223
3138207,2670,35,36,36,97.22222222222223
3138208,2670,24,36,36,66.66666666666667
3138209,2670,36,36,36,100.0
3138212,325,23,34,34,67.6470588235294
3138214,325,32,34,34,94.11764705882354
3138215,325,5,34,34,14.705882352941176
3138222,154,29,32,32,90.625
3138223,154,12,32,32,37.5
3138224,154,32,32,32,100.0
3138225,71,31,33,33,93.93939393939394
3138226,71,21,33,33,63.63636363636363
3138227,71,24,33,33,72.72727272727273
3138229,71,33,33,33,100.0
3138230,71,22,33,33,66.66666666666667
3138231,225,4,31,31,12.903225806451612
3138234,225,30,31,31,96.7741935483871
3138235,225,23,31,31,74.19354838709677
3138236,225,30,31,31,96.7741935483871
3138238,2181,29,31,31,93.54838709677419
3138239,2181,30,31,31,96.7741935483871
3138240,2181,29,31,31,93.54838709677419
3138242,2181,31,31,31,100.0
3138245,172,27,30,30,90.0
3138246,172,22,30,30,73.33333333333333
3138248,172,13,30,30,43.333333333333336
3138249,159,23,29,29,79.3103448275862
3138250,159,14,29,29,48.275862068965516
3138252,159,29,29,29,100.0
3138253,2287,7,35,35,20.0
3138254,2287,29,35,35,82.85714285714286
3138255,2287,25,35,35,71.42857142857143
3138256,2287,28,35,35,80.0
3138257,163,30,30,30,100.0
3138258,163,22,30,30,73.33333333333333
3138261,163,12,30,30,40.0
3138262,43,7,32,32,21.875
3138265,43,31,32,32,96.875
3138266,43,6,32,32,18.75
3138267,282,30,31,31,96.7741935483871
3138268,282,22,31,31,70.96774193548387
3138269,282,4,31,31,12.903225806451612
3138270,282,28,31,31,90.3225806451613
3138272,2099,16,33,33,48.484848484848484
3138273,2099,33,33,33,100.0
3138274,2350,37,37,37,100.0
3138276,2350,37,37,37,100.0
3138277,2350,32,37,37,86.48648648648648
3138278,2350,19,37,37,51.351351351351354
3138279,2350,36,37,37,97.29729729729729
3138281,2350,36,37,37,97.29729729729729
3138282,2217,21,31,31,67.74193548387096
3138285,2217,31,31,31,100.0
3138286,2217,30,31,31,96.7741935483871
3138287,2217,30,31,31,96.7741935483871
3138288,2217,4,31,31,12.903225806451612
3138289,2623,8,31,31,25.806451612903224
3138290,2623,31,31,31,100.0
3138292,2623,30,31,31,96.7741935483871
3138293,2623,31,31,31,100.0
3138294,2623,30,31,31,96.7741935483871
3138469,2363,28,33,33,84.84848484848484
3138470,2363,30,33,33,90.9090909090909
3138473,2368,17,32,32,53.125
3138474,2368,30,32,32,93.75
3138475,2368,30,32,32,93.75
3138476,2368,10,32,32,31.25
3138477,315,18,30,30,60.0
3138478,315,30,30,30,100.0
3138479,315,21,30,30,70.0
3138480,315,11,30,30,36.666666666666664
3138481,315,14,30,30,46.666666666666664
3138490,2520,23,33,33,69.6969696969697
3138491,2520,24,33,33,72.72727272727273
3138493,2561,31,31,31,100.0
3138495,2561,27,31,31,87.09677419354838
3138496,2046,27,30,30,90.0
3138498,2046,30,30,30,100.0
3138499,2046,21,30,30,70.0
3138500,2046,30,30,30,100.0
3138501,2046,14,30,30,46.666666666666664
3138504,2057,33,33,33,100.0
3138505,2057,28,33,33,84.84848484848484
3138509,2413,33,34,34,97.05882352941177
3138510,2413,29,34,34,85.29411764705883
3138511,2413,28,34,34,82.3529411764706
3138512,2413,22,34,34,64.70588235294117
3138513,93,33,35,35,94.28571428571429
3138515,93,29,35,35,82.85714285714286
3138547,2546,10,30,30,33.333333333333336
3138548,2546,11,30,30,36.666666666666664
3138550,2546,15,30,30,50.0
3138551,2546,29,30,30,96.66666666666667
3138552,2565,26,28,28,92.85714285714286
3138553,2565,28,28,28,100.0
3138555,2565,26,28,28,92.85714285714286
3138556,2565,14,28,28,50.0
3138566,2630,12,34,34,35.294117647058826
3138569,2630,30,34,34,88.23529411764706
3138570,2630,25,34,34,73.52941176470588
3138572,2634,31,31,31,100.0
3138573,2634,31,31,31,100.0
3138574,2634,26,31,31,83.87096774193549
3138575,2634,31,31,31,100.0
3138576,2634,31,31,31,100.0
3138577,2634,29,31,31,93.54838709677419
3138578,2634,21,31,31,67.74193548387096
3138579,2634,31,31,31,100.0
3138582,2635,29,30,30,96.66666666666667
3138584,2635,30,30,30,100.0
3138585,2635,6,30,30,20.0
3138587,2635,30,30,30,100.0
3141192,2026,29,29,29,100.0
3141193,2026,29,29,29,100.0
3141195,2026,10,29,29,34.48275862068966
3141196,2026,28,29,29,96.55172413793103
3141197,2026,21,29,29,72.41379310344827
3141198,2026,7,29,29,24.137931034482758
3141209,2032,28,29,29,96.55172413793103
3141212,2032,12,29,29,41.37931034482759
3141213,2032,22,29,29,75.86206896551724
3141215,2032,29,29,29,100.0
3141217,2032,25,29,29,86.20689655172414
3141218,2032,3,29,29,10.344827586206897
3141253,290,25,31,31,80.64516129032258
3141254,290,31,31,31,100.0
3141255,290,31,31,31,100.0
3141258,290,19,31,31,61.29032258064516
3141260,2247,30,35,35,85.71428571428571
3141262,2247,31,35,35,88.57142857142857
3141266,309,36,36,36,100.0
3141267,309,35,36,36,97.22222222222223
3141268,309,36,36,36,100.0
3141269,309,27,36,36,75.0
3141270,309,36,36,36,100.0
3143547,2433,18,38,38,47.36842105263158
3143548,2433,38,38,38,100.0
3143550,2433,38,38,38,100.0
3143551,2433,38,38,38,100.0
3143558,6,18,33,33,54.54545454545455
3143559,6,32,33,33,96.96969696969697
3143560,6,33,33,33,100.0
3143561,6,33,33,33,100.0
3143562,6,5,32,33,15.151515151515152
3143564,250,18,31,31,58.064516129032256
3143565,250,31,31,31,100.0
3143566,250,29,31,31,93.54838709677419
3143567,250,31,31,31,100.0
3143730,326,9,31,31,29.032258064516128
3143731,326,31,31,31,100.0
3143732,326,31,31,31,100.0
3143733,326,31,31,31,100.0
3143735,326,8,31,31,25.806451612903224
3143736,326,9,31,31,29.032258064516128
3143749,2653,29,29,29,100.0
3143750,2653,29,29,29,100.0
3143752,2653,20,29,29,68.96551724137932
3143755,2653,29,29,29,100.0
3143757,2031,12,31,31,38.70967741935484
3143759,2031,31,31,31,100.0
3143760,2031,22,31,31,70.96774193548387
3143992,2335,24,32,32,75.0
3143993,2335,15,32,32,46.875
3143994,2335,29,32,32,90.625
3143995,2335,25,32,32,78.125
3143996,2335,29,32,32,90.625
3143998,2515,34,34,34,100.0
3146550,2501,25,33,33,75.75757575757575
3146551,2501,31,33,33,93.93939393939394
3146552,2501,23,33,33,69.6969696969697
3146553,2501,12,33,33,36.36363636363637
3146554,2501,29,33,33,87.87878787878788
3146557,2608,20,31,31,64.51612903225806
3147337,2066,32,32,32,100.0
3147339,2066,31,32,32,96.875
3147340,2066,30,32,32,93.75
3147344,2066,15,32,32,46.875
3147345,2066,32,32,32,100.0
3147346,311,30,30,30,100.0
3147347,311,21,30,30,70.0
3147351,41,35,35,35,100.0
3147352,41,24,35,35,68.57142857142857
3147354,151,33,33,33,100.0
3147355,151,33,33,33,100.0
3147356,151,29,33,33,87.87878787878788
3147357,218,34,37,37,91.89189189189189
3147360,97,36,36,36,100.0
3147361,97,4,36,36,11.11111111111111
3147362,97,23,36,36,63.888888888888886
3147363,97,29,36,36,80.55555555555556
3147365,97,22,36,36,61.111111111111114
3147366,97,35,36,36,97.22222222222223
3147460,111,34,35,35,97.14285714285714
3147463,119,32,32,32,100.0
3147465,119,32,32,32,100.0
3147466,119,30,32,32,93.75
3147475,295,25,35,35,71.42857142857143
3147485,270,30,30,30,100.0
3147487,270,10,30,30,33.333333333333336
3147498,259,31,33,33,93.93939393939394
3147499,259,33,33,33,100.0
3147500,259,29,33,33,87.87878787878788
3147501,259,33,33,33,100.0
3147502,259,31,33,33,93.93939393939394
3147503,259,32,33,33,96.96969696969697
3147541,2378,30,30,30,100.0
3147542,2378,30,30,30,100.0
3147543,2378,27,30,30,90.0
3147590,294,27,32,32,84.375
3147592,294,32,32,32,100.0
3147594,294,29,32,32,90.625
3147595,294,23,31,32,71.875
3147596,2325,13,33,33,39.39393939393939
3147597,2325,23,33,33,69.6969696969697
3147613,197,25,32,32,78.125
3147614,197,8,32,32,25.0
3147615,197,32,32,32,100.0
3147616,197,32,32,32,100.0
3147617,197,32,32,32,100.0
3147618,197,32,32,32,100.0
3147623,305,27,32,32,84.375
3147624,305,17,32,32,53.125
3147625,305,32,32,32,100.0
3147656,222,36,36,36,100.0
3147658,222,15,36,36,41.666666666666664
3147669,84,33,33,34,97.05882352941177
3147670,84,31,34,34,91.17647058823529
3147671,84,34,34,34,100.0
3147672,84,13,34,34,38.23529411764706
3147674,84,29,34,34,85.29411764705883
3147675,84,7,34,34,20.58823529411765
3147687,127,12,39,39,30.76923076923077
3147688,127,39,39,39,100.0
3147690,127,39,39,39,100.0
3148862,112358,29,30,30,96.66666666666667
3148863,112358,22,30,30,73.33333333333333
3148864,112358,30,30,30,100.0
3148865,112358,24,30,30,80.0
3148866,112358,30,30,30,100.0
3148919,2239,30,31,31,96.7741935483871
3148922,2239,31,31,31,100.0
3148927,62,31,35,35,88.57142857142857
3148928,62,35,35,35,100.0
3148952,300,15,34,34,44.11764705882353
3148954,2612,22,34,34,64.70588235294117
3148956,2612,22,33,34,64.70588235294117
3148957,2612,20,34,34,58.8235294117647
3148966,2050,28,30,30,93.33333333333333
3148968,2050,15,30,30,50.0
3148969,2050,9,30,30,30.0
3148971,2050,30,30,30,100.0
3148982,2199,35,35,35,100.0
3148983,2199,22,35,35,62.857142857142854
3148985,2199,28,35,35,80.0
3148986,339,29,36,36,80.55555555555556
3148990,2460,35,35,35,100.0
3148992,79,33,33,33,100.0
3148994,79,17,33,33,51.515151515151516
3148995,79,32,33,33,96.96969696969697
3148996,79,10,33,33,30.303030303030305
3148998,2724,27,35,35,77.14285714285714
3148999,2724,18,35,35,51.42857142857143
3149000,2724,28,35,35,80.0
3149001,2724,35,35,35,100.0
3149002,2724,24,35,35,68.57142857142857
3149003,2724,11,35,35,31.428571428571427
3149004,2724,30,35,35,85.71428571428571
3149007,68,30,34,34,88.23529411764706
3149008,68,21,34,34,61.76470588235294
3149010,68,29,34,34,85.29411764705883
3149011,68,29,34,34,85.29411764705883
3149013,2197,33,33,33,100.0
3149014,2197,32,33,33,96.96969696969697
3149015,2197,21,33,33,63.63636363636363
3149016,2197,25,33,33,75.75757575757575
3149017,2197,30,33,33,90.9090909090909
3149018,2083,29,34,34,85.29411764705883
3149019,2083,34,34,34,100.0
3149020,2083,34,34,34,100.0
3149021,2083,22,34,34,64.70588235294117
3149022,322,15,33,33,45.45454545454545
3149023,322,33,33,33,100.0
3149030,46,33,33,33,100.0
3149031,46,33,33,33,100.0
3149032,46,33,33,33,100.0
3149033,46,33,33,33,100.0
3149035,2005,18,31,31,58.064516129032256
3149036,2005,29,31,31,93.54838709677419
3149038,2005,7,31,31,22.580645161290324
3149039,2005,31,31,31,100.0
3149040,2005,7,31,31,22.580645161290324
3149042,2005,26,31,31,83.87096774193549
3149045,55,26,31,31,83.87096774193549
3149046,55,28,31,31,90.3225806451613
3149048,55,30,31,31,96.7741935483871
3149049,55,20,31,31,64.51612903225806
3149052,44,7,33,33,21.21212121212121
3149053,44,11,33,33,33.333333333333336
3149054,2633,31,32,32,96.875
3149056,2633,32,32,32,100.0
3149057,2633,8,32,32,25.0
3149058,2633,31,32,32,96.875
3149059,2633,27,32,32,84.375
3149060,2633,32,32,32,100.0
3149467,292,31,31,31,100.0
3149469,292,30,31,31,96.7741935483871
3149470,292,29,31,31,93.54838709677419
3149471,292,31,31,31,100.0
3149662,166,27,34,34,79.41176470588235
3149665,166,26,34,34,76.47058823529412
3149667,166,34,34,34,100.0
3149672,166,24,34,34,70.58823529411765
3149673,166,34,34,34,100.0
3149897,164,6,32,32,18.75
3149899,164,29,32,32,90.625
3149900,164,32,32,32,100.0
3149902,164,29,32,32,90.625
3149934,113,32,32,32,100.0
3149935,113,28,32,32,87.5
3149938,239,10,34,34,29.41176470588235
3149939,239,34,34,34,100.0
3149943,2377,27,31,31,87.09677419354838
3149947,2885,32,33,33,96.96969696969697
3151394,2226,28,28,28,100.0
3151395,2226,28,28,28,100.0
3151396,2226,5,28,28,17.857142857142858
3151414,2448,25,32,32,78.125
3151415,2448,11,32,32,34.375
3151417,2448,29,32,32,90.625
3151437,2447,21,29,29,72.41379310344827
3151440,2447,17,29,29,58.62068965517241
3151442,2447,26,29,29,89.65517241379311
3151454,357,33,34,34,97.05882352941177
3151455,357,24,34,34,70.58823529411765
3151456,2193,29,30,30,96.66666666666667
3151457,2193,14,30,30,46.666666666666664
3151461,231,32,33,33,96.96969696969697
3151462,231,27,33,33,81.81818181818181
3151463,231,8,33,33,24.242424242424242
3151464,231,33,33,33,100.0
3151465,231,33,33,33,100.0
3151468,2717,32,32,32,100.0
3151469,2717,32,32,32,100.0
3151470,2717,32,32,32,100.0
3151471,2717,12,32,32,37.5
3151473,2011,15,29,29,51.724137931034484
3151474,2011,10,29,29,34.48275862068966
3151476,2011,29,29,29,100.0
3151565,2130,22,32,32,68.75
3151566,2130,31,32,32,96.875
3151567,2130,32,32,32,100.0
3151568,2130,30,32,32,93.75
3151569,2130,7,32,32,21.875
3151571,2130,28,32,32,87.5
3151572,2130,19,32,32,59.375
3151573,2130,19,32,32,59.375
3151575,2130,11,32,32,34.375
3152096,27,30,31,31,96.7741935483871
3152097,27,31,31,31,100.0
3152098,27,10,31,31,32.25806451612903
3152099,27,15,31,31,48.38709677419355
3152101,27,7,31,31,22.580645161290324
3152109,2154,29,31,31,93.54838709677419
3152110,2154,25,31,31,80.64516129032258
3152111,2154,26,31,31,83.87096774193549
3152335,2572,25,29,29,86.20689655172414
3152337,2572,28,29,29,96.55172413793103
3152338,2572,18,20,29,62.06896551724138
3152339,2572,25,29,29,86.20689655172414
3152340,2572,18,19,29,62.06896551724138
3152345,2000,17,31,31,54.83870967741935
3152347,2000,28,31,31,90.3225806451613
3152349,2000,28,31,31,90.3225806451613
3153165,183,16,31,31,51.61290322580645
3153166,183,31,31,31,100.0
3153167,149,9,33,33,27.272727272727273
3153168,149,33,33,33,100.0
3153169,149,14,33,33,42.42424242424242
3153174,2428,6,32,33,18.181818181818183
3153175,2428,33,33,33,100.0
3153183,2529,32,32,32,100.0
3153184,2529,21,32,32,65.625
3153186,2529,6,32,32,18.75
3153187,2529,29,32,32,90.625
3153374,155,17,30,30,56.666666666666664
3153375,155,23,30,30,76.66666666666667
3153376,155,29,30,30,96.66666666666667
3153381,2379,33,33,33,100.0
3153382,2379,16,33,33,48.484848484848484
3153386,2379,32,33,33,96.96969696969697
3153392,2504,33,33,33,100.0
3153393,2504,33,33,33,100.0
3153395,2504,31,33,33,93.93939393939394
3153397,2504,31,33,33,93.93939393939394
3153399,2934,32,33,33,96.96969696969697
3153400,2934,29,33,33,87.87878787878788
3153490,2115,26,31,31,83.87096774193549
3153491,2115,28,31,31,90.3225806451613
3153492,2115,28,31,31,90.3225806451613
3153493,2115,23,31,31,74.19354838709677
3153947,3084,30,30,30,100.0
3153948,3084,30,30,30,100.0
3153949,3084,16,30,30,53.333333333333336
3153950,3084,27,30,30,90.0
3153965,2405,33,33,33,100.0
3154149,2450,33,34,34,97.05882352941177
3154150,2450,34,34,34,100.0
3154151,2450,24,34,34,70.58823529411765
3154152,2450,20,34,34,58.8235294117647
3154153,2450,30,34,34,88.23529411764706
3154154,2640,35,35,35,100.0
3154155,2640,32,35,35,91.42857142857143
3154156,2640,34,35,35,97.14285714285714
3154157,2640,23,35,35,65.71428571428571
3154158,2640,24,35,35,68.57142857142857
3154807,2739,18,33,33,54.54545454545455
3154918,2582,11,35,35,31.428571428571427
3154920,2582,33,35,35,94.28571428571429
3154923,2582,20,35,35,57.142857142857146
3154925,50,29,29,29,100.0
3154927,50,28,29,29,96.55172413793103
3154928,50,27,29,29,93.10344827586206
3154929,50,29,29,29,100.0
3154930,50,29,29,29,100.0
3154931,50,27,29,29,93.10344827586206
3154932,50,29,29,29,100.0
3154933,50,25,29,29,86.20689655172414
3154934,50,28,29,29,96.55172413793103
3154936,2542,31,31,31,100.0
3154937,2542,30,31,31,96.7741935483871
3154938,2542,30,31,31,96.7741935483871
3154939,2542,30,31,31,96.7741935483871
3155382,311,28,30,30,93.33333333333333
3155385,2619,28,35,35,80.0
3155386,261,8,34,34,23.529411764705884
3155387,235,20,32,32,62.5
3155390,2655,31,31,31,100.0
3155392,202,21,34,34,61.76470588235294
3155402,87,10,38,38,26.31578947368421
3155404,154,31,32,32,96.875
3155406,338,15,32,32,46.875
3155407,338,27,32,32,84.375
3155409,2166,10,32,32,31.25
3155414,2184,11,31,31,35.483870967741936
3155481,2641,31,32,32,96.875
3155482,156,10,33,33,30.303030303030305
3155483,156,8,33,33,24.242424242424242
3155485,305,15,32,32,46.875
3155488,2599,24,33,33,72.72727272727273
3155492,2599,16,33,33,48.484848484848484
3155494,70,30,30,30,100.0
3155495,304,3,29,30,10.0
3155496,304,29,30,30,96.66666666666667
3155504,253,29,29,29,100.0
3155505,253,27,29,29,93.10344827586206
3155526,2483,36,36,36,100.0
3155527,2127,7,31,31,22.580645161290324
3155534,26,35,36,36,97.22222222222223
3155535,26,36,36,36,100.0
3155536,26,36,36,36,100.0
3155538,264,28,31,31,90.3225806451613
3155540,264,10,31,31,32.25806451612903
3155545,2400,19,32,32,59.375
3155546,2400,6,32,32,18.75
3155547,2400,32,32,32,100.0
3155548,2400,32,32,32,100.0
3155549,2400,30,32,32,93.75
3155553,2400,27,32,32,84.375
3155554,2400,32,32,32,100.0
3155562,2016,27,32,32,84.375
3155564,2016,9,32,32,28.125
3155565,2016,7,32,32,21.875
3155566,2016,7,32,32,21.875
3155568,2016,24,32,32,75.0
3155570,2016,22,32,32,68.75
3155578,344,9,32,32,28.125
3155579,2569,33,33,33,100.0
3155580,2569,33,33,33,100.0
3155582,2569,32,33,33,96.96969696969697
3155583,2569,31,33,33,93.93939393939394
3155584,2569,29,33,33,87.87878787878788
3155701,2908,35,36,36,97.22222222222223
3155702,2908,16,36,36,44.44444444444444
3155703,2908,36,36,36,100.0
3155706,2229,12,33,33,36.36363636363637
3155707,2229,31,33,33,93.93939393939394
3155710,2636,26,30,30,86.66666666666667
3155712,98,12,32,32,37.5
3155733,171,28,28,28,100.0
3155734,171,19,28,28,67.85714285714286
3155736,108,21,30,30,70.0
3155737,108,11,30,30,36.666666666666664
3155740,219,28,28,28,100.0
3155741,219,28,28,28,100.0
3155743,219,22,28,28,78.57142857142857
3155744,219,28,28,28,100.0
3155745,219,14,28,28,50.0
3155747,2099,32,33,33,96.96969696969697
3155749,314,27,35,35,77.14285714285714
3155750,314,35,35,35,100.0
3155751,314,35,35,35,100.0
3155752,2174,24,33,33,72.72727272727273
3155759,2711,34,34,34,100.0
3155770,278,7,32,32,21.875
3155771,167,28,31,31,90.3225806451613
3155879,161,17,29,29,58.62068965517241
3155882,2598,12,32,32,37.5
3155884,2598,23,32,32,71.875
3155886,349,20,30,30,66.66666666666667
3155888,349,19,30,30,63.333333333333336
3155890,349,10,30,30,33.333333333333336
3155893,2198,13,33,33,39.39393939393939
3155894,2198,24,33,33,72.72727272727273
3155895,2198,9,33,33,27.272727272727273
3155897,2198,33,33,33,100.0
3155898,2198,33,33,33,100.0
3155899,104,23,30,30,76.66666666666667
3155901,2000,11,31,31,35.483870967741936
3155902,2000,31,31,31,100.0
3155904,2110,29,29,29,100.0
3155906,2277,20,28,28,71.42857142857143
3155908,2916,29,29,29,100.0
3155909,2916,27,29,29,93.10344827586206
3155910,2916,29,29,29,100.0
3155911,2916,27,29,29,93.10344827586206
3155912,2320,29,30,30,96.66666666666667
3155913,2320,26,30,30,86.66666666666667
3155914,2320,27,30,30,90.0
3155915,2320,21,30,30,70.0
3155916,2320,30,30,30,100.0
3155917,2320,5,30,30,16.666666666666668
3155918,2320,29,30,30,96.66666666666667
3155919,2447,19,29,29,65.51724137931035
3155922,2534,27,35,35,77.14285714285714
3155926,2534,33,35,35,94.28571428571429
3155928,2545,14,32,32,43.75
3155929,2545,11,32,32,34.375
3155930,2545,29,32,32,90.625
3155932,2545,26,32,32,81.25
3155933,2617,15,34,34,44.11764705882353
3155935,357,12,34,34,35.294117647058826
3155936,2678,14,30,30,46.666666666666664
3155938,2678,28,30,30,93.33333333333333
3155940,2250,30,37,38,78.94736842105263
3155941,2250,5,38,38,13.157894736842104
3155942,2250,38,38,38,100.0
3155945,2351,8,31,31,25.806451612903224
3155987,2437,29,29,29,100.0
3155993,233,33,33,33,100.0
3155996,233,25,33,33,75.75757575757575
3155997,233,32,33,33,96.96969696969697
3155998,2032,23,29,29,79.3103448275862
3155999,6,10,33,33,30.303030303030305
3156001,2492,10,32,32,31.25
3156023,2169,25,36,36,69.44444444444444
3156024,2169,13,36,36,36.111111111111114
3156025,2169,7,36,36,19.444444444444443
3156026,2169,36,36,36,100.0
3156038,2415,14,31,31,45.16129032258065
3156043,2450,33,34,34,97.05882352941177
3156054,2542,31,31,31,100.0
3156061,2010,5,29,29,17.24137931034483
3156064,2010,24,29,29,82.75862068965517
3156065,2010,29,29,29,100.0
3156067,2010,26,29,29,89.65517241379311
3156069,2010,28,29,29,96.55172413793103
3156070,2010,11,29,29,37.93103448275862
3156071,2010,29,29,29,100.0
3156083,2755,27,29,29,93.10344827586206
3156085,2755,29,29,29,100.0
3156086,2755,5,29,29,17.24137931034483
3156087,2755,18,29,29,62.06896551724138
3156088,2755,29,29,29,100.0
3156089,2296,32,32,32,100.0
3156090,2296,19,32,32,59.375
3156091,2296,5,32,32,15.625
3156093,2296,31,32,32,96.875
3156094,2296,10,32,32,31.25
3156095,2296,27,32,32,84.375
3156099,2514,26,30,30,86.66666666666667
3156101,2514,26,30,30,86.66666666666667
3156102,2514,30,30,30,100.0
3156103,2514,18,30,30,60.0
3156146,2547,34,34,34,100.0
3156150,292,7,31,31,22.580645161290324
3158225,2483,5,36,36,13.88888888888889
3158247,204,12,31,31,38.70967741935484
3158249,204,17,31,31,54.83870967741935
3158250,204,21,31,31,67.74193548387096
3158267,2,11,35,35,31.428571428571427
3158387,2737,9,32,32,28.125
3158394,2711,12,34,34,35.294117647058826
3158395,2711,34,34,34,100.0
3158439,2426,10,32,32,31.25
3158440,2426,7,32,32,21.875
3158441,2426,22,32,32,68.75
3158442,2426,7,32,32,21.875
3158443,2426,15,32,32,46.875
3158444,2426,31,32,32,96.875
3158613,47,13,32,32,40.625
3158616,2217,5,31,31,16.129032258064516
3158665,2755,26,29,29,89.65517241379311
3158666,2755,27,29,29,93.10344827586206
3158680,2379,30,33,33,90.9090909090909
3158754,2504,7,33,33,21.21212121212121
3158755,2504,24,33,33,72.72727272727273
3158765,2006,13,33,35,37.142857142857146
3158791,328,31,31,31,100.0
3158855,2261,11,35,35,31.428571428571427
3158857,2261,18,35,35,51.42857142857143
3158900,2448,8,32,32,25.0
3158901,2029,31,32,32,96.875
3158902,2029,13,32,32,40.625
3158904,2029,26,32,32,81.25
3158905,2029,25,32,32,78.125
3158906,2029,31,32,32,96.875
3159319,2415,13,29,31,41.935483870967744
3159363,2447,4,29,29,13.793103448275861
3159512,2443,8,29,29,27.586206896551722
3160885,2296,6,27,32,18.75
3160886,2296,7,28,32,21.875
3161276,2569,14,30,33,42.42424242424242
3161853,2678,12,24,30,40.0
3163178,2,23,28,35,65.71428571428571
3163762,50,19,21,29,65.51724137931035
3164171,2400,18,21,32,56.25
3165009,2483,8,22,36,22.22222222222222
3165537,2400,2,15,32,6.25
3166885,44,1,1,33,3.0303030303030303
3910148,2546,30,30,30,100.0
3948561,261,27,34,34,79.41176470588235
